time_s,step,cellId,cio_l2_change,max_cio_change,txp_raw_curr,txp_raw_prev,txp_raw_change,txp_dBm_curr,txp_dBm_prev,ue_count_prev,ue_count_curr,ue_count_change,reward_prev,reward_curr,reward_change,consecutive_stagnant_steps,cio_stagnant,txp_stagnant,is_stagnant
0.5,1187,1,-1,-1,0.723837,0.723837,-1,34.8953,34.8953,11,11,0,0.455061,0.455061,0,0,0,0,0
0.5,1187,2,-1,-1,0.655472,0.655472,-1,34.6219,34.6219,7,7,0,0.566059,0.566059,0,0,0,0,0
0.5,1187,3,-1,-1,0.685691,0.685691,-1,34.7428,34.7428,12,12,0,0.438472,0.438472,0,0,0,0,0
0.6,1188,1,0.0525317,0.0525317,0.669016,0.723837,0.0548213,34.6761,34.8953,11,11,0,0.455061,0.463397,0.008336,0,0,0,0
0.6,1188,2,0.00923449,0.00923449,0.655348,0.655472,0.000124753,34.6214,34.6219,7,7,0,0.566059,0.619307,0.053248,0,1,1,0
0.6,1188,3,0.00718835,0.00718835,0.676577,0.685691,0.00911373,34.7063,34.7428,12,12,0,0.438472,0.465672,0.0272,0,1,1,0
0.7,1189,1,0.0285284,0.0285284,0.644457,0.669016,0.0245587,34.5778,34.6761,11,11,0,0.463397,0.452525,0.010872,0,0,0,0
0.7,1189,2,0.0180224,0.0180224,0.637074,0.655348,0.0182735,34.5483,34.6214,7,7,0,0.619307,0.656827,0.03752,0,1,1,0
0.7,1189,3,0.0545802,0.0545802,0.654523,0.676577,0.0220534,34.6181,34.7063,12,12,0,0.465672,0.504464,0.038792,0,0,0,0
0.8,1190,1,0.0592022,0.0592022,0.6943,0.644457,0.0498425,34.7772,34.5778,11,12,1,0.452525,0.313344,0.139181,0,0,0,0
0.8,1190,2,0.0303416,0.0303416,0.662123,0.637074,0.0250492,34.6485,34.5483,7,11,4,0.656827,0.308021,0.348805,0,0,0,0
0.8,1190,3,0.0058111,0.0058111,0.682351,0.654523,0.0278271,34.7294,34.6181,12,7,-5,0.504464,0.953563,0.449099,0,1,0,0
0.9,1191,1,0.0132263,0.0132263,0.705497,0.6943,0.0111974,34.822,34.7772,12,12,0,0.313344,0.380096,0.066752,0,1,1,0
0.9,1191,2,0.000972837,0.000972837,0.656261,0.662123,0.00586253,34.625,34.6485,11,11,0,0.308021,0.416565,0.108544,0,1,1,0
0.9,1191,3,0.00830665,0.00830665,0.681855,0.682351,0.000495493,34.7274,34.7294,7,7,0,0.953563,0.996579,0.043016,0,1,1,0
1,1192,1,0.0752892,0.0752892,0.662829,0.705497,0.042668,34.6513,34.822,12,10,-2,0.380096,0.477715,0.0976187,0,0,0,0
1,1192,2,0.0138407,0.0138407,0.6728,0.656261,0.0165389,34.6912,34.625,11,9,-2,0.416565,0.460256,0.0436907,0,1,1,0
1,1192,3,0.011187,0.011187,0.656189,0.681855,0.0256656,34.6248,34.7274,7,11,4,0.996579,0.535365,0.461213,0,1,0,0
1.1,1193,1,0.00054273,0.00054273,0.655267,0.662829,0.00756234,34.6211,34.6513,10,10,0,0.477715,0.530283,0.052568,0,1,1,0
1.1,1193,2,0.0126476,0.0126476,0.686873,0.6728,0.0140733,34.7475,34.6912,9,9,0,0.460256,0.532864,0.072608,0,1,1,0
1.1,1193,3,0.000223041,0.000223041,0.64721,0.656189,0.00897956,34.5888,34.6248,11,11,0,0.535365,0.570061,0.034696,0,1,1,0
1.2,1194,1,0.0563945,0.0563945,0.685316,0.655267,0.0300491,34.7413,34.6211,10,11,1,0.530283,0.476805,0.0534773,0,0,0,0
1.2,1194,2,0.0246605,0.0246605,0.648537,0.686873,0.0383355,34.5941,34.7475,9,10,1,0.532864,0.483819,0.0490453,0,0,0,0
1.2,1194,3,0.0238342,0.0238342,0.63204,0.64721,0.0151698,34.5282,34.5888,11,9,-2,0.570061,0.645432,0.0753707,0,0,1,0
1.3,1195,1,0.00461689,0.00461689,0.679968,0.685316,0.00534797,34.7199,34.7413,11,11,0,0.476805,0.429525,0.04728,0,1,1,0
1.3,1195,2,0.000501454,0.000501454,0.666079,0.648537,0.0175421,34.6643,34.5941,10,10,0,0.483819,0.449403,0.034416,0,1,1,0
1.3,1195,3,0.00857684,0.00857684,0.673724,0.63204,0.0416842,34.6949,34.5282,9,9,0,0.645432,0.780736,0.135304,0,1,0,0
1.4,1196,1,0.00258005,0.00258005,0.682755,0.679968,0.00278699,34.731,34.7199,11,11,0,0.429525,0.453285,0.02376,0,1,1,0
1.4,1196,2,0.00685175,0.00685175,0.656832,0.666079,0.009247,34.6273,34.6643,10,10,0,0.449403,0.490171,0.040768,0,1,1,0
1.4,1196,3,0.000166565,0.000166565,0.673727,0.673724,3.27826e-06,34.6949,34.6949,9,9,0,0.780736,0.779736,0.001,0,1,1,1
1.5,1197,1,0.0430723,0.0430723,0.710892,0.682755,0.0281372,34.8436,34.731,11,11,0,0.453285,0.447973,0.005312,0,0,0,0
1.5,1197,2,0.00753325,0.00753325,0.657178,0.656832,0.000345826,34.6287,34.6273,10,10,0,0.490171,0.490187,1.6e-05,0,1,1,1
1.5,1197,3,0.0211823,0.0211823,0.673452,0.673727,0.000275433,34.6938,34.6949,9,9,0,0.779736,0.76208,0.017656,0,0,1,0
1.6,1198,1,0.00127947,0.00127947,0.711236,0.710892,0.000344098,34.8449,34.8436,11,11,0,0.447973,0.452533,0.00456,0,1,1,1
1.6,1198,2,0.00128445,0.00128445,0.658913,0.657178,0.00173438,34.6357,34.6287,10,10,0,0.490187,0.484683,0.005504,0,1,1,1
1.6,1198,3,0.00371635,0.00371635,0.673232,0.673452,0.000220418,34.6929,34.6938,9,9,0,0.76208,0.75264,0.00944,0,1,1,1
1.7,1199,1,0.0536335,0.0536335,0.690089,0.711236,0.0211478,34.7604,34.8449,11,10,-1,0.452533,0.443131,0.00940267,1,0,0,0
1.7,1199,2,0.0556128,0.0556128,0.668099,0.658913,0.00918597,34.6724,34.6357,10,12,2,0.484683,0.31936,0.165323,1,0,1,0
1.7,1199,3,0.0354155,0.0354155,0.679176,0.673232,0.00594455,34.7167,34.6929,9,8,-1,0.75264,0.710021,0.0426187,1,0,1,0
1.8,1200,1,0.0292049,0.0292049,0.66834,0.690089,0.021749,34.6734,34.7604,10,10,0,0.443131,0.491979,0.048848,0,0,0,0
1.8,1200,2,0.000649095,0.000649095,0.673807,0.668099,0.00570852,34.6952,34.6724,12,12,0,0.31936,0.341064,0.021704,0,1,1,0
1.8,1200,3,0.0328309,0.0328309,0.698278,0.679176,0.0191023,34.7931,34.7167,8,8,0,0.710021,0.816829,0.106808,0,0,1,0
1.9,1201,1,0.0147195,0.0147195,0.69091,0.66834,0.0225699,34.7636,34.6734,10,10,0,0.491979,0.487371,0.004608,0,1,0,0
1.9,1201,2,0.00131875,0.00131875,0.673943,0.673807,0.000136197,34.6958,34.6952,12,12,0,0.341064,0.331424,0.00964,0,1,1,1
1.9,1201,3,0.00447115,0.00447115,0.692976,0.698278,0.00530201,34.7719,34.7931,8,8,0,0.816829,0.797053,0.019776,0,1,1,0
2,1202,1,0.0513811,0.0513811,0.689817,0.69091,0.00109285,34.7593,34.7636,10,11,1,0.487371,0.389909,0.0974613,0,0,1,0
2,1202,2,0.022759,0.022759,0.69625,0.673943,0.0223066,34.785,34.6958,12,9,-3,0.331424,0.510976,0.179552,0,0,0,0
2,1202,3,0.0482713,0.0482713,0.695539,0.692976,0.00256246,34.7822,34.7719,8,10,2,0.797053,0.481267,0.315787,0,0,1,0
2.1,1203,1,0.012052,0.012052,0.695294,0.689817,0.00547695,34.7812,34.7593,11,11,0,0.389909,0.445613,0.055704,0,1,1,0
2.1,1203,2,0.00306344,0.00306344,0.686459,0.69625,0.00979054,34.7458,34.785,9,9,0,0.510976,0.550336,0.03936,0,1,1,0
2.1,1203,3,0.0119033,0.0119033,0.677044,0.695539,0.0184951,34.7082,34.7822,10,10,0,0.481267,0.616107,0.13484,0,1,1,0
2.2,1204,1,0.0158414,0.0158414,0.678014,0.695294,0.0172796,34.7121,34.7812,11,11,0,0.445613,0.407749,0.037864,0,1,1,0
2.2,1204,2,0.00534797,0.00534797,0.65194,0.686459,0.0345196,34.6078,34.7458,9,9,0,0.550336,0.473824,0.076512,0,1,0,0
2.2,1204,3,0.0113174,0.0113174,0.65514,0.677044,0.0219036,34.6206,34.7082,10,10,0,0.616107,0.577019,0.039088,0,1,0,0
2.3,1205,1,0.0223174,0.0223174,0.675618,0.678014,0.00239587,34.7025,34.7121,11,11,0,0.407749,0.441061,0.033312,0,0,1,0
2.3,1205,2,0.02255,0.02255,0.661184,0.65194,0.00924426,34.6447,34.6078,9,9,0,0.473824,0.531392,0.057568,0,0,1,0
2.3,1205,3,0.0163722,0.0163722,0.659179,0.65514,0.00403845,34.6367,34.6206,10,10,0,0.577019,0.618923,0.041904,0,1,1,0
2.4,1206,1,0.0215812,0.0215812,0.679496,0.675618,0.00387728,34.718,34.7025,11,11,0,0.441061,0.425781,0.01528,0,0,1,0
2.4,1206,2,0.0114515,0.0114515,0.645555,0.661184,0.0156285,34.5822,34.6447,9,9,0,0.531392,0.51312,0.018272,0,1,1,0
2.4,1206,3,0.0148846,0.0148846,0.651724,0.659179,0.00745457,34.6069,34.6367,10,10,0,0.618923,0.590995,0.027928,0,1,1,0
2.5,1207,1,0.0161997,0.0161997,0.674051,0.679496,0.00544453,34.6962,34.718,11,11,0,0.425781,0.420437,0.005344,0,1,1,1
2.5,1207,2,0.0159086,0.0159086,0.658025,0.645555,0.0124691,34.6321,34.5822,9,9,0,0.51312,0.510096,0.003024,0,1,1,1
2.5,1207,3,0.00172412,0.00172412,0.650927,0.651724,0.00079751,34.6037,34.6069,10,10,0,0.590995,0.587259,0.003736,0,1,1,1
2.6,1208,1,0.00588059,0.00588059,0.675983,0.674051,0.00193232,34.7039,34.6962,11,11,0,0.420437,0.445621,0.025184,1,1,1,0
2.6,1208,2,0.0154444,0.0154444,0.668944,0.658025,0.0109196,34.6758,34.6321,9,9,0,0.510096,0.559056,0.04896,1,1,1,0
2.6,1208,3,0.0155018,0.0155018,0.660406,0.650927,0.00947976,34.6416,34.6037,10,10,0,0.587259,0.623483,0.036224,1,1,1,0
2.7,1209,1,0.0693929,0.0693929,0.710713,0.675983,0.0347297,34.8429,34.7039,11,11,0,0.445621,0.445597,2.4e-05,0,0,0,0
2.7,1209,2,0.0334974,0.0334974,0.647218,0.668944,0.0217261,34.5889,34.6758,9,9,0,0.559056,0.553552,0.005504,0,0,0,0
2.7,1209,3,0.00308153,0.00308153,0.649963,0.660406,0.0104438,34.5999,34.6416,10,10,0,0.623483,0.608859,0.014624,0,1,1,0
2.8,1210,1,0.00124344,0.00124344,0.710354,0.710713,0.00035882,34.8414,34.8429,11,11,0,0.445597,0.441061,0.004536,0,1,1,1
2.8,1210,2,0.0010221,0.0010221,0.646783,0.647218,0.000434697,34.5871,34.5889,9,9,0,0.553552,0.550304,0.003248,0,1,1,1
2.8,1210,3,0.00703698,0.00703698,0.654755,0.649963,0.00479203,34.619,34.5999,10,10,0,0.608859,0.623467,0.014608,0,1,1,0
2.9,1211,1,0.0965983,0.0965983,0.666937,0.710354,0.0434173,34.6677,34.8414,11,10,-1,0.441061,0.488075,0.0470133,0,0,0,0
2.9,1211,2,0.0236103,0.0236103,0.657206,0.646783,0.0104228,34.6288,34.5871,9,10,1,0.550304,0.438331,0.111973,0,0,1,0
2.9,1211,3,0.0220537,0.0220537,0.66361,0.654755,0.00885504,34.6544,34.619,10,10,0,0.623467,0.555019,0.068448,0,0,1,0
3,1212,1,0.0103649,0.0103649,0.665484,0.666937,0.00145262,34.6619,34.6677,10,10,0,0.488075,0.522603,0.034528,0,1,1,0
3,1212,2,0.000346005,0.000346005,0.660966,0.657206,0.0037595,34.6439,34.6288,10,10,0,0.438331,0.475387,0.037056,0,1,1,0
3,1212,3,0.0219833,0.0219833,0.670416,0.66361,0.00680673,34.6817,34.6544,10,10,0,0.555019,0.624955,0.069936,0,0,1,0
3.1,1213,1,0.00560406,0.00560406,0.67581,0.665484,0.0103256,34.7032,34.6619,10,10,0,0.522603,0.523371,0.000768,0,1,1,1
3.1,1213,2,0.00194116,0.00194116,0.649982,0.660966,0.0109835,34.5999,34.6439,10,10,0,0.475387,0.470827,0.00456,0,1,1,1
3.1,1213,3,0.0294705,0.0294705,0.667665,0.670416,0.00275093,34.6707,34.6817,10,10,0,0.624955,0.618923,0.006032,0,0,1,0
3.2,1214,1,0.0906891,0.0906891,0.69812,0.67581,0.0223101,34.7925,34.7032,10,12,2,0.523371,0.309712,0.213659,0,0,0,0
3.2,1214,2,0.00372158,0.00372158,0.683449,0.649982,0.0334669,34.7338,34.5999,10,9,-1,0.470827,0.484256,0.0134293,0,1,0,0
3.2,1214,3,0.0289653,0.0289653,0.680991,0.667665,0.0133257,34.724,34.6707,10,9,-1,0.618923,0.62644,0.00751733,0,0,1,0
3.3,1215,1,0.0140051,0.0140051,0.700606,0.69812,0.00248575,34.8024,34.7925,12,12,0,0.309712,0.37144,0.061728,0,1,1,0
3.3,1215,2,0.00104648,0.00104648,0.669993,0.683449,0.0134559,34.68,34.7338,9,9,0,0.484256,0.532848,0.048592,0,1,1,0
3.3,1215,3,0.0271069,0.0271069,0.687689,0.680991,0.00669807,34.7508,34.724,9,9,0,0.62644,0.69664,0.0702,0,0,1,0
3.4,1216,1,0.0715967,0.0715967,0.665533,0.700606,0.0350726,34.6621,34.8024,12,10,-2,0.37144,0.482435,0.110995,0,0,0,0
3.4,1216,2,0.0259378,0.0259378,0.669943,0.669993,5.05447e-05,34.6798,34.68,9,11,2,0.532848,0.338573,0.194275,0,0,1,0
3.4,1216,3,0.0814422,0.0814422,0.6766,0.687689,0.0110891,34.7064,34.7508,9,9,0,0.69664,0.58528,0.11136,0,0,1,0
3.5,1217,1,0.000537723,0.000537723,0.654819,0.665533,0.0107143,34.6193,34.6621,10,10,0,0.482435,0.522603,0.040168,0,1,1,0
3.5,1217,2,0.0041427,0.0041427,0.657777,0.669943,0.0121658,34.6311,34.6798,11,11,0,0.338573,0.403117,0.064544,0,1,1,0
3.5,1217,3,0.0698013,0.0698013,0.694242,0.6766,0.0176417,34.777,34.7064,9,9,0,0.58528,0.698128,0.112848,0,0,1,0
3.6,1218,1,0.109037,0.109037,0.733395,0.654819,0.078576,34.9336,34.6193,10,13,3,0.522603,0.399931,0.122672,0,0,0,0
3.6,1218,2,0.0158587,0.0158587,0.650148,0.657777,0.00762904,34.6006,34.6311,11,8,-3,0.403117,0.482181,0.079064,0,1,1,0
3.6,1218,3,0.0412728,0.0412728,0.678978,0.694242,0.0152638,34.7159,34.777,9,9,0,0.698128,0.669536,0.028592,0,0,1,0
3.7,1219,1,0.0196173,0.0196173,0.735177,0.733395,0.00178236,34.9407,34.9336,13,13,0,0.399931,0.255411,0.14452,0,1,1,0
3.7,1219,2,0.00834036,0.00834036,0.672624,0.650148,0.0224758,34.6905,34.6006,8,8,0,0.482181,0.586565,0.104384,0,1,0,0
3.7,1219,3,0.0186357,0.0186357,0.683868,0.678978,0.00489032,34.7355,34.7159,9,9,0,0.669536,0.615104,0.054432,0,1,1,0
3.8,1220,1,0.0120606,0.0120606,0.734512,0.735177,0.000665307,34.938,34.9407,13,13,0,0.255411,0.300267,0.044856,0,1,1,0
3.8,1220,2,0.00273433,0.00273433,0.668577,0.672624,0.00404638,34.6743,34.6905,8,8,0,0.586565,0.599037,0.012472,0,1,1,0
3.8,1220,3,0.0561777,0.0561777,0.693522,0.683868,0.00965387,34.7741,34.7355,9,9,0,0.615104,0.688064,0.07296,0,0,1,0
3.9,1221,1,0.00922841,0.00922841,0.759444,0.734512,0.0249319,35.0378,34.938,13,13,0,0.300267,0.301035,0.000768,0,1,0,0
3.9,1221,2,0.0319954,0.0319954,0.650813,0.668577,0.0177646,34.6033,34.6743,8,8,0,0.599037,0.598101,0.000936,0,0,1,0
3.9,1221,3,0.0142884,0.0142884,0.674325,0.693522,0.0191975,34.6973,34.7741,9,9,0,0.688064,0.684688,0.003376,0,1,1,1
4,1222,1,0.004897,0.004897,0.75171,0.759444,0.00773358,35.0068,35.0378,13,13,0,0.301035,0.357691,0.056656,0,1,1,0
4,1222,2,0.00291768,0.00291768,0.652395,0.650813,0.00158268,34.6096,34.6033,8,8,0,0.598101,0.612317,0.014216,0,1,1,0
4,1222,3,0.0262352,0.0262352,0.681336,0.674325,0.00701082,34.7253,34.6973,9,9,0,0.684688,0.644912,0.039776,0,0,1,0
4.1,1223,1,0.0798633,0.0798633,0.717265,0.75171,0.0344455,34.8691,35.0068,13,10,-3,0.357691,0.512171,0.15448,0,0,0,0
4.1,1223,2,0.0520129,0.0520129,0.675598,0.652395,0.023203,34.7024,34.6096,8,11,3,0.612317,0.386189,0.226128,0,0,0,0
4.1,1223,3,0.0304706,0.0304706,0.695644,0.681336,0.0143082,34.7826,34.7253,9,9,0,0.644912,0.549328,0.095584,0,0,1,0
4.2,1224,1,0.0197637,0.0197637,0.698958,0.717265,0.0183064,34.7958,34.8691,10,10,0,0.512171,0.533115,0.020944,0,1,1,0
4.2,1224,2,0.0256104,0.0256104,0.657378,0.675598,0.0182198,34.6295,34.7024,11,11,0,0.386189,0.319485,0.066704,0,0,1,0
4.2,1224,3,0.0593064,0.0593064,0.690204,0.695644,0.00543964,34.7608,34.7826,9,9,0,0.549328,0.666976,0.117648,0,0,1,0
4.3,1225,1,0.00250262,0.00250262,0.726293,0.698958,0.0273343,34.9052,34.7958,10,10,0,0.533115,0.514155,0.01896,0,1,0,0
4.3,1225,2,0.0242883,0.0242883,0.674417,0.657378,0.0170382,34.6977,34.6295,11,11,0,0.319485,0.403141,0.083656,0,0,1,0
4.3,1225,3,0.0283052,0.0283052,0.678239,0.690204,0.0119652,34.713,34.7608,9,9,0,0.666976,0.665728,0.001248,0,0,1,0
4.4,1226,1,0.127359,0.127359,0.752532,0.726293,0.0262392,35.0101,34.9052,10,13,3,0.514155,0.239299,0.274856,0,0,0,0
4.4,1226,2,0.0254994,0.0254994,0.68231,0.674417,0.00789356,34.7292,34.6977,11,8,-3,0.403141,0.556613,0.153472,0,0,1,0
4.4,1226,3,0.0240849,0.0240849,0.676252,0.678239,0.00198722,34.705,34.713,9,9,0,0.665728,0.556544,0.109184,0,0,1,0
4.5,1227,1,0.0245779,0.0245779,0.753644,0.752532,0.00111246,35.0146,35.0101,13,13,0,0.239299,0.357627,0.118328,0,0,1,0
4.5,1227,2,0.018386,0.018386,0.672997,0.68231,0.00931293,34.692,34.7292,8,8,0,0.556613,0.596349,0.039736,0,1,1,0
4.5,1227,3,0.0634251,0.0634251,0.697021,0.676252,0.020769,34.7881,34.705,9,9,0,0.556544,0.65024,0.093696,0,0,0,0
4.6,1228,1,0.132852,0.132852,0.730634,0.753644,0.0230103,34.9225,35.0146,13,9,-4,0.357627,0.565168,0.207541,0,0,0,0
4.6,1228,2,0.0326808,0.0326808,0.691865,0.672997,0.0188679,34.7675,34.692,8,12,4,0.596349,0.292008,0.304341,0,0,1,0
4.6,1228,3,0.0694019,0.0694019,0.697787,0.697021,0.000766098,34.7911,34.7881,9,9,0,0.65024,0.542672,0.107568,0,0,1,0
4.7,1229,1,0.0217701,0.0217701,0.70534,0.730634,0.0252939,34.8214,34.9225,9,9,0,0.565168,0.588864,0.023696,0,0,0,0
4.7,1229,2,0.0207826,0.0207826,0.671627,0.691865,0.0202377,34.6865,34.7675,12,12,0,0.292008,0.29964,0.007632,0,0,0,0
4.7,1229,3,0.063775,0.063775,0.692762,0.697787,0.00502503,34.771,34.7911,9,9,0,0.542672,0.66224,0.119568,0,0,1,0
4.8,1230,1,0.160315,0.160315,0.78243,0.70534,0.0770897,35.1297,34.8214,9,13,4,0.588864,0.425499,0.163365,0,0,0,0
4.8,1230,2,0.00714561,0.00714561,0.659808,0.671627,0.0118191,34.6392,34.6865,12,8,-4,0.29964,0.458413,0.158773,0,1,1,0
4.8,1230,3,0.0460739,0.0460739,0.681937,0.692762,0.0108248,34.7277,34.771,9,9,0,0.66224,0.645984,0.016256,0,0,1,0
4.9,1231,1,0.0113241,0.0113241,0.75553,0.78243,0.0268995,35.0221,35.1297,13,13,0,0.425499,0.274259,0.15124,0,1,0,0
4.9,1231,2,0.0158378,0.0158378,0.676135,0.659808,0.0163264,34.7045,34.6392,8,8,0,0.458413,0.577565,0.119152,0,1,1,0
4.9,1231,3,0.0155851,0.0155851,0.684548,0.681937,0.00261056,34.7382,34.7277,9,9,0,0.645984,0.562696,0.083288,0,1,1,0
5,1232,1,0.00256145,0.00256145,0.771959,0.75553,0.0164282,35.0878,35.0221,13,13,0,0.274259,0.391875,0.117616,0,1,1,0
5,1232,2,0.0119978,0.0119978,0.672508,0.676135,0.00362653,34.69,34.7045,8,8,0,0.577565,0.603605,0.02604,0,1,1,0
5,1232,3,0.0367323,0.0367323,0.697206,0.684548,0.0126589,34.7888,34.7382,9,9,0,0.562696,0.651232,0.088536,0,0,1,0
5.1,1233,1,0.0814315,0.0814315,0.753641,0.771959,0.0183179,35.0146,35.0878,13,13,0,0.391875,0.394395,0.00252,0,0,1,0
5.1,1233,2,0.0422092,0.0422092,0.650783,0.672508,0.0217247,34.6031,34.69,8,8,0,0.603605,0.603597,8e-06,0,0,0,0
5.1,1233,3,0.041469,0.041469,0.681061,0.697206,0.0161455,34.7242,34.7888,9,9,0,0.651232,0.643336,0.007896,0,0,1,0
5.2,1234,1,0.000396609,0.000396609,0.753671,0.753641,3.02792e-05,35.0147,35.0146,13,13,0,0.394395,0.392651,0.001744,0,1,1,1
5.2,1234,2,0,0,0.650783,0.650783,0,34.6031,34.6031,8,8,0,0.603597,0.603597,0,0,1,1,1
5.2,1234,3,0.00176704,0.00176704,0.68311,0.681061,0.00204873,34.7324,34.7242,9,9,0,0.643336,0.641144,0.002192,0,1,1,1
5.3,1235,1,0.0467502,0.0467502,0.744869,0.753671,0.008802,34.9795,35.0147,13,10,-3,0.392651,0.509259,0.116608,1,0,1,0
5.3,1235,2,0.048415,0.048415,0.674243,0.650783,0.0234592,34.697,34.6031,8,11,3,0.603597,0.403893,0.199704,1,0,0,0
5.3,1235,3,0.0269674,0.0269674,0.69735,0.68311,0.0142398,34.7894,34.7324,9,9,0,0.641144,0.544008,0.097136,1,0,1,0
5.4,1236,1,0.0179119,0.0179119,0.722215,0.744869,0.0226539,34.8889,34.9795,10,10,0,0.509259,0.534187,0.024928,0,1,0,0
5.4,1236,2,0.0242326,0.0242326,0.656104,0.674243,0.0181389,34.6244,34.697,11,11,0,0.403893,0.330005,0.073888,0,0,1,0
5.4,1236,3,0.0642055,0.0642055,0.694161,0.69735,0.00318849,34.7766,34.7894,9,9,0,0.544008,0.650896,0.106888,0,0,1,0
5.5,1237,1,0.00760669,0.00760669,0.750663,0.722215,0.0284482,35.0027,34.8889,10,10,0,0.534187,0.512411,0.021776,0,1,0,0
5.5,1237,2,0.024637,0.024637,0.680272,0.656104,0.0241684,34.7211,34.6244,11,11,0,0.330005,0.378157,0.048152,0,0,0,0
5.5,1237,3,0.0447156,0.0447156,0.68815,0.694161,0.00601095,34.7526,34.7766,9,9,0,0.650896,0.654576,0.00368,0,0,1,0
5.6,1238,1,0.104375,0.104375,0.773191,0.750663,0.0225282,35.0928,35.0027,10,13,3,0.512411,0.398379,0.114032,0,0,0,0
5.6,1238,2,0.0258811,0.0258811,0.682261,0.680272,0.00198877,34.729,34.7211,11,8,-3,0.378157,0.556741,0.178584,0,0,1,0
5.6,1238,3,0.01287,0.01287,0.682848,0.68815,0.00530243,34.7314,34.7526,9,9,0,0.654576,0.555496,0.09908,0,1,1,0
5.7,1239,1,2.01464e-05,2.01464e-05,0.772508,0.773191,0.000683129,35.09,35.0928,13,13,0,0.398379,0.386587,0.011792,0,1,1,0
5.7,1239,2,0.0103386,0.0103386,0.667342,0.682261,0.0149187,34.6694,34.729,8,8,0,0.556741,0.603605,0.046864,0,1,1,0
5.7,1239,3,0.0346075,0.0346075,0.696232,0.682848,0.0133842,34.7849,34.7314,9,9,0,0.555496,0.646032,0.090536,0,0,1,0
5.8,1240,1,0.136835,0.136835,0.745227,0.772508,0.0272816,34.9809,35.09,13,10,-3,0.386587,0.525251,0.138664,0,0,0,0
5.8,1240,2,0.010866,0.010866,0.689335,0.667342,0.0219925,34.7573,34.6694,8,11,3,0.603605,0.319109,0.284496,0,1,0,0
5.8,1240,3,0.0667824,0.0667824,0.697787,0.696232,0.00155497,34.7911,34.7849,9,9,0,0.646032,0.542672,0.10336,0,0,1,0
5.9,1241,1,0.029745,0.029745,0.724789,0.745227,0.0204372,34.8992,34.9809,10,10,0,0.525251,0.533411,0.00816,0,0,0,0
5.9,1241,2,0.017877,0.017877,0.655288,0.689335,0.0340465,34.6212,34.7573,11,11,0,0.319109,0.386493,0.067384,0,1,0,0
5.9,1241,3,0.0604471,0.0604471,0.693697,0.697787,0.00409007,34.7748,34.7911,9,9,0,0.542672,0.64616,0.103488,0,0,1,0
6,1242,1,0.132324,0.132324,0.786501,0.724789,0.061712,35.146,34.8992,10,13,3,0.533411,0.390523,0.142888,0,0,0,0
6,1242,2,0.0191418,0.0191418,0.658539,0.655288,0.00325125,34.6342,34.6212,11,8,-3,0.386493,0.461373,0.07488,0,1,1,0
6,1242,3,0.0457639,0.0457639,0.687657,0.693697,0.00603938,34.7506,34.7748,9,9,0,0.64616,0.643728,0.002432,0,0,1,0
6.1,1243,1,0.0217825,0.0217825,0.758001,0.786501,0.0285001,35.032,35.146,13,13,0,0.390523,0.281763,0.10876,0,0,0,0
6.1,1243,2,0.023229,0.023229,0.6836,0.658539,0.0250607,34.7344,34.6342,8,8,0,0.461373,0.553245,0.091872,0,0,0,0
6.1,1243,3,0.0204631,0.0204631,0.686616,0.687657,0.00104111,34.7465,34.7506,9,9,0,0.643728,0.574536,0.069192,0,0,1,0
6.2,1244,1,0.00325334,0.00325334,0.772993,0.758001,0.0149913,35.092,35.032,13,13,0,0.281763,0.392651,0.110888,0,1,1,0
6.2,1244,2,0.00236201,0.00236201,0.680017,0.6836,0.00358367,34.7201,34.7344,8,8,0,0.553245,0.564101,0.010856,0,1,1,0
6.2,1244,3,0.0200491,0.0200491,0.693153,0.686616,0.0065366,34.7726,34.7465,9,9,0,0.574536,0.623968,0.049432,0,0,1,0
6.3,1245,1,0.0833211,0.0833211,0.753671,0.772993,0.0193218,35.0147,35.092,13,13,0,0.392651,0.392651,0,0,0,1,0
6.3,1245,2,0.0207998,0.0207998,0.65045,0.680017,0.0295661,34.6018,34.7201,8,8,0,0.564101,0.568653,0.004552,0,0,0,0
6.3,1245,3,0.0440049,0.0440049,0.674887,0.693153,0.0182663,34.6995,34.7726,9,9,0,0.623968,0.611968,0.012,0,0,1,0
6.4,1246,1,0.00052464,0.00052464,0.753643,0.753671,2.79546e-05,35.0146,35.0147,13,13,0,0.392651,0.399083,0.006432,0,1,1,1
6.4,1246,2,0.000367761,0.000367761,0.650508,0.65045,5.79953e-05,34.602,34.6018,8,8,0,0.568653,0.571877,0.003224,0,1,1,1
6.4,1246,3,0.0050002,0.0050002,0.676843,0.674887,0.00195599,34.7074,34.6995,9,9,0,0.611968,0.621416,0.009448,0,1,1,1
6.5,1247,1,0.0449732,0.0449732,0.744784,0.753643,0.0088585,34.9791,35.0146,13,10,-3,0.399083,0.506467,0.107384,1,0,1,0
6.5,1247,2,0.0448687,0.0448687,0.682046,0.650508,0.0315381,34.7282,34.602,8,11,3,0.571877,0.368285,0.203592,1,0,0,0
6.5,1247,3,0.0133273,0.0133273,0.703588,0.676843,0.0267454,34.8144,34.7074,9,9,0,0.621416,0.524232,0.097184,1,1,0,0
6.6,1248,1,0.0263733,0.0263733,0.727358,0.744784,0.0174264,34.9094,34.9791,10,10,0,0.506467,0.532619,0.026152,0,0,1,0
6.6,1248,2,0.0250587,0.0250587,0.65868,0.682046,0.0233664,34.6347,34.7282,11,11,0,0.368285,0.341541,0.026744,0,0,0,0
6.6,1248,3,0.0629521,0.0629521,0.694395,0.703588,0.00919342,34.7776,34.8144,9,9,0,0.524232,0.65328,0.129048,0,0,1,0
6.7,1249,1,0.0164188,0.0164188,0.755398,0.727358,0.0280399,35.0216,34.9094,10,10,0,0.532619,0.514923,0.017696,0,1,0,0
6.7,1249,2,0.0285206,0.0285206,0.678853,0.65868,0.0201727,34.7154,34.6347,11,11,0,0.341541,0.388229,0.046688,0,0,0,0
6.7,1249,3,0.0246364,0.0246364,0.670403,0.694395,0.0239915,34.6816,34.7776,9,9,0,0.65328,0.658736,0.005456,0,0,0,0
6.8,1250,1,0.0898467,0.0898467,0.760968,0.755398,0.0055697,35.0439,35.0216,10,13,3,0.514923,0.295675,0.219248,0,0,1,0
6.8,1250,2,0.0264799,0.0264799,0.697486,0.678853,0.0186331,34.7899,34.7154,11,8,-3,0.388229,0.501573,0.113344,0,0,1,0
6.8,1250,3,0.0113679,0.0113679,0.669816,0.670403,0.000586987,34.6793,34.6816,9,9,0,0.658736,0.542328,0.116408,0,1,1,0
6.9,1251,1,0.00359011,0.00359011,0.771804,0.760968,0.0108365,35.0872,35.0439,13,13,0,0.295675,0.377915,0.08224,0,1,1,0
6.9,1251,2,0.000310302,0.000310302,0.678809,0.697486,0.0186771,34.7152,34.7899,8,8,0,0.501573,0.568661,0.067088,0,1,1,0
6.9,1251,3,0.017711,0.017711,0.686821,0.669816,0.0170047,34.7473,34.6793,9,9,0,0.542328,0.611392,0.069064,0,1,1,0
7,1252,1,0.147262,0.147262,0.746088,0.771804,0.0257164,34.9844,35.0872,13,10,-3,0.377915,0.566475,0.18856,0,0,0,0
7,1252,2,0.0171867,0.0171867,0.692119,0.678809,0.0133106,34.7685,34.7152,8,11,3,0.568661,0.286869,0.281792,0,1,1,0
7,1252,3,0.0679146,0.0679146,0.678837,0.686821,0.00798357,34.7153,34.7473,9,9,0,0.611392,0.52424,0.087152,0,0,1,0
7.1,1253,1,0.044532,0.044532,0.727197,0.746088,0.0188904,34.9088,34.9844,10,10,0,0.566475,0.531883,0.034592,0,0,1,0
7.1,1253,2,0.0198539,0.0198539,0.656525,0.692119,0.0355946,34.6261,34.7685,11,11,0,0.286869,0.375621,0.088752,0,1,0,0
7.1,1253,3,0.080325,0.080325,0.690741,0.678837,0.0119037,34.763,34.7153,9,9,0,0.52424,0.656112,0.131872,0,0,1,0
7.2,1254,1,0.127445,0.127445,0.786716,0.727197,0.0595189,35.1469,34.9088,10,13,3,0.531883,0.392267,0.139616,0,0,0,0
7.2,1254,2,0.0217837,0.0217837,0.656213,0.656525,0.00031203,34.6249,34.6261,11,8,-3,0.375621,0.471453,0.095832,0,0,1,0
7.2,1254,3,0.0569117,0.0569117,0.672972,0.690741,0.0177693,34.6919,34.763,9,9,0,0.656112,0.627632,0.02848,0,0,1,0
7.3,1255,1,0.0217751,0.0217751,0.757564,0.786716,0.0291524,35.0303,35.1469,13,13,0,0.392267,0.279723,0.112544,0,0,0,0
7.3,1255,2,0.023171,0.023171,0.684828,0.656213,0.0286154,34.7393,34.6249,8,8,0,0.471453,0.550029,0.078576,0,0,0,0
7.3,1255,3,0.0337361,0.0337361,0.678198,0.672972,0.00522667,34.7128,34.6919,9,9,0,0.627632,0.569624,0.058008,0,0,1,0
7.4,1256,1,0.00250942,0.00250942,0.771525,0.757564,0.0139608,35.0861,35.0303,13,13,0,0.279723,0.374523,0.0948,0,1,1,0
7.4,1256,2,0.00376174,0.00376174,0.679165,0.684828,0.00566304,34.7167,34.7393,8,8,0,0.550029,0.567317,0.017288,0,1,1,0
7.4,1256,3,0.012505,0.012505,0.687351,0.678198,0.00915229,34.7494,34.7128,9,9,0,0.569624,0.61672,0.047096,0,1,1,0
7.5,1257,1,0.0815493,0.0815493,0.753893,0.771525,0.0176319,35.0156,35.0861,13,13,0,0.374523,0.381867,0.007344,0,0,1,0
7.5,1257,2,0.0215476,0.0215476,0.651948,0.679165,0.0272173,34.6078,34.7167,8,8,0,0.567317,0.568645,0.001328,0,0,0,0
7.5,1257,3,0.0586036,0.0586036,0.675749,0.687351,0.0116016,34.703,34.7494,9,9,0,0.61672,0.616128,0.000592,0,0,1,0
7.6,1258,1,0.00108796,0.00108796,0.754147,0.753893,0.000254333,35.0166,35.0156,13,13,0,0.381867,0.373347,0.00852,0,1,1,1
7.6,1258,2,8.9407e-07,8.9407e-07,0.651948,0.651948,1.19209e-07,34.6078,34.6078,8,8,0,0.568645,0.568653,8e-06,0,1,1,1
7.6,1258,3,0.00310934,0.00310934,0.676965,0.675749,0.00121588,34.7079,34.703,9,9,0,0.616128,0.622008,0.00588,0,1,1,1
7.7,1259,1,0.0480114,0.0480114,0.744716,0.754147,0.00943059,34.9789,35.0166,13,10,-3,0.373347,0.504219,0.130872,1,0,1,0
7.7,1259,2,0.0431145,0.0431145,0.679675,0.651948,0.0277271,34.7187,34.6078,8,11,3,0.568653,0.360997,0.207656,1,0,0,0
7.7,1259,3,0.0137905,0.0137905,0.677493,0.676965,0.000528097,34.71,34.7079,9,9,0,0.622008,0.529944,0.092064,1,1,1,0
7.8,1260,1,0.0203666,0.0203666,0.724292,0.744716,0.0204245,34.8972,34.9789,10,10,0,0.504219,0.531371,0.027152,0,0,0,0
7.8,1260,2,0.023829,0.023829,0.660181,0.679675,0.0194938,34.6407,34.7187,11,11,0,0.360997,0.328933,0.032064,0,0,1,0
7.8,1260,3,0.0767355,0.0767355,0.689669,0.677493,0.0121761,34.7587,34.71,9,9,0,0.529944,0.642832,0.112888,0,0,1,0
7.9,1261,1,0.0116334,0.0116334,0.752854,0.724292,0.0285624,35.0114,34.8972,10,10,0,0.531371,0.514899,0.016472,0,1,0,0
7.9,1261,2,0.0285982,0.0285982,0.677484,0.660181,0.0173023,34.7099,34.6407,11,11,0,0.328933,0.394261,0.065328,0,0,1,0
7.9,1261,3,0.0395721,0.0395721,0.676907,0.689669,0.0127626,34.7076,34.7587,9,9,0,0.642832,0.660656,0.017824,0,0,1,0
8,1262,1,0.104008,0.104008,0.763767,0.752854,0.0109127,35.0551,35.0114,10,13,3,0.514899,0.300491,0.214408,0,0,1,0
8,1262,2,0.0214776,0.0214776,0.697574,0.677484,0.0200902,34.7903,34.7099,11,8,-3,0.394261,0.519429,0.125168,0,0,0,0
8,1262,3,0.0131296,0.0131296,0.670151,0.676907,0.00675583,34.6806,34.7076,9,9,0,0.660656,0.544376,0.11628,0,1,1,0
8.1,1263,1,0.00382453,0.00382453,0.773965,0.763767,0.0101981,35.0959,35.0551,13,13,0,0.300491,0.381899,0.081408,0,1,1,0
8.1,1263,2,0.00651288,0.00651288,0.679965,0.697574,0.017609,34.7199,34.7903,8,8,0,0.519429,0.574709,0.05528,0,1,1,0
8.1,1263,3,0.0281724,0.0281724,0.690654,0.670151,0.0205032,34.7626,34.6806,9,9,0,0.544376,0.616128,0.071752,0,0,0,0
8.2,1264,1,0.133701,0.133701,0.747145,0.773965,0.0268204,34.9886,35.0959,13,10,-3,0.381899,0.519051,0.137152,0,0,0,0
8.2,1264,2,0.00603297,0.00603297,0.686469,0.679965,0.00650471,34.7459,34.7199,8,11,3,0.574709,0.278125,0.296584,0,1,1,0
8.2,1264,3,0.0792967,0.0792967,0.68381,0.690654,0.00684422,34.7352,34.7626,9,9,0,0.616128,0.515568,0.10056,0,0,1,0
8.3,1265,1,0.021801,0.021801,0.723099,0.747145,0.0240461,34.8924,34.9886,10,10,0,0.519051,0.524659,0.005608,0,0,0,0
8.3,1265,2,0.0194097,0.0194097,0.656501,0.686469,0.0299681,34.626,34.7459,11,11,0,0.278125,0.385941,0.107816,0,1,0,0
8.3,1265,3,0.0780838,0.0780838,0.689844,0.68381,0.00603449,34.7594,34.7352,9,9,0,0.515568,0.644464,0.128896,0,0,1,0
8.4,1266,1,0.0901153,0.0901153,0.769818,0.723099,0.0467195,35.0793,34.8924,10,13,3,0.524659,0.393611,0.131048,0,0,0,0
8.4,1266,2,0.0200254,0.0200254,0.653117,0.656501,0.00338393,34.6125,34.626,11,8,-3,0.385941,0.478677,0.092736,0,0,1,0
8.4,1266,3,0.0509133,0.0509133,0.673507,0.689844,0.016337,34.694,34.7594,9,9,0,0.644464,0.634992,0.009472,0,0,1,0
8.5,1267,1,0.00998729,0.00998729,0.745888,0.769818,0.0239297,34.9836,35.0793,13,13,0,0.393611,0.292491,0.10112,0,1,0,0
8.5,1267,2,0.00982895,0.00982895,0.684044,0.653117,0.030926,34.7362,34.6125,8,8,0,0.478677,0.560885,0.082208,0,1,0,0
8.5,1267,3,0.036838,0.036838,0.674601,0.673507,0.00109357,34.6984,34.694,9,9,0,0.634992,0.550384,0.084608,0,0,1,0
8.6,1268,1,0.0167179,0.0167179,0.764454,0.745888,0.0185651,35.0578,34.9836,13,13,0,0.292491,0.341515,0.049024,0,1,1,0
8.6,1268,2,0.0102288,0.0102288,0.664324,0.684044,0.0197191,34.6573,34.7362,8,8,0,0.560885,0.599525,0.03864,0,1,1,0
8.6,1268,3,0.0176969,0.0176969,0.69101,0.674601,0.0164098,34.764,34.6984,9,9,0,0.550384,0.661568,0.111184,0,1,1,0
8.7,1269,1,0.0690498,0.0690498,0.75422,0.764454,0.0102332,35.0169,35.0578,13,13,0,0.341515,0.363731,0.022216,0,0,1,0
8.7,1269,2,0.0200885,0.0200885,0.652366,0.664324,0.011959,34.6095,34.6573,8,8,0,0.599525,0.576437,0.023088,0,0,1,0
8.7,1269,3,0.052671,0.052671,0.684199,0.69101,0.00681126,34.7368,34.764,9,9,0,0.661568,0.647408,0.01416,0,0,1,0
8.8,1270,1,0.000227153,0.000227153,0.754165,0.75422,5.53131e-05,35.0167,35.0169,13,13,0,0.363731,0.367963,0.004232,0,1,1,1
8.8,1270,2,0.00057593,0.00057593,0.651948,0.652366,0.000417173,34.6078,34.6095,8,8,0,0.576437,0.568677,0.00776,0,1,1,1
8.8,1270,3,0.020605,0.020605,0.678769,0.684199,0.0054298,34.7151,34.7368,9,9,0,0.647408,0.61636,0.031048,0,0,1,0
8.9,1271,1,0.040109,0.040109,0.746883,0.754165,0.0072816,34.9875,35.0167,13,10,-3,0.367963,0.495283,0.12732,0,0,1,0
8.9,1271,2,0.0442696,0.0442696,0.678428,0.651948,0.0264801,34.7137,34.6078,8,11,3,0.568677,0.368709,0.199968,0,0,0,0
8.9,1271,3,0.00881913,0.00881913,0.682127,0.678769,0.00335747,34.7285,34.7151,9,9,0,0.61636,0.52432,0.09204,0,1,1,0
9,1272,1,0.0171247,0.0171247,0.726987,0.746883,0.0198962,34.9079,34.9875,10,10,0,0.495283,0.530339,0.035056,0,1,1,0
9,1272,2,0.0230609,0.0230609,0.664732,0.678428,0.013696,34.6589,34.7137,11,11,0,0.368709,0.296837,0.071872,0,0,1,0
9,1272,3,0.0737278,0.0737278,0.688332,0.682127,0.0062052,34.7533,34.7285,9,9,0,0.52432,0.626608,0.102288,0,0,1,0
9.1,1273,1,0.0200121,0.0200121,0.733028,0.726987,0.00604045,34.9321,34.9079,10,10,0,0.530339,0.514923,0.015416,0,0,1,0
9.1,1273,2,0.0273482,0.0273482,0.683216,0.664732,0.0184839,34.7329,34.6589,11,11,0,0.296837,0.371813,0.074976,0,0,1,0
9.1,1273,3,0.0460244,0.0460244,0.67353,0.688332,0.0148016,34.6941,34.7533,9,9,0,0.626608,0.635312,0.008704,0,0,1,0
9.2,1274,1,0.111152,0.111152,0.771214,0.733028,0.038186,35.0849,34.9321,10,13,3,0.514923,0.381283,0.13364,0,0,0,0
9.2,1274,2,0.0398983,0.0398983,0.682298,0.683216,0.000917792,34.7292,34.7329,11,8,-3,0.371813,0.545125,0.173312,0,0,1,0
9.2,1274,3,0.0294288,0.0294288,0.676864,0.67353,0.00333387,34.7075,34.6941,9,9,0,0.635312,0.565896,0.069416,0,0,1,0
9.3,1275,1,0.0230876,0.0230876,0.755206,0.771214,0.0160072,35.0208,35.0849,13,13,0,0.381283,0.363035,0.018248,0,0,1,0
9.3,1275,2,0.0259554,0.0259554,0.677323,0.682298,0.00497508,34.7093,34.7292,8,8,0,0.545125,0.581941,0.036816,0,0,1,0
9.3,1275,3,0.0270673,0.0270673,0.692854,0.676864,0.0159899,34.7714,34.7075,9,9,0,0.565896,0.647072,0.081176,0,0,1,0
9.4,1276,1,0.121287,0.121287,0.720296,0.755206,0.0349104,34.8812,35.0208,13,10,-3,0.363035,0.514547,0.151512,0,0,0,0
9.4,1276,2,0.00358468,0.00358468,0.686047,0.677323,0.00872409,34.7442,34.7093,8,11,3,0.581941,0.287013,0.294928,0,1,1,0
9.4,1276,3,0.0838846,0.0838846,0.683487,0.692854,0.00936705,34.7339,34.7714,9,9,0,0.647072,0.517248,0.129824,0,0,1,0
9.5,1277,1,0.0297857,0.0297857,0.707269,0.720296,0.0130274,34.8291,34.8812,10,10,0,0.514547,0.529059,0.014512,0,0,1,0
9.5,1277,2,0.0184441,0.0184441,0.657133,0.686047,0.0289141,34.6285,34.7442,11,11,0,0.287013,0.355581,0.068568,0,1,0,0
9.5,1277,3,0.0749706,0.0749706,0.688804,0.683487,0.00531667,34.7552,34.7339,9,9,0,0.517248,0.633856,0.116608,0,0,1,0
9.6,1278,1,0.0726158,0.0726158,0.759879,0.707269,0.0526103,35.0395,34.8291,10,13,3,0.529059,0.393611,0.135448,0,0,0,0
9.6,1278,2,0.0234551,0.0234551,0.661486,0.657133,0.00435275,34.6459,34.6285,11,8,-3,0.355581,0.454485,0.098904,0,0,1,0
9.6,1278,3,0.0575722,0.0575722,0.670627,0.688804,0.0181764,34.6825,34.7552,9,9,0,0.633856,0.613824,0.020032,0,0,1,0
9.7,1279,1,0.00637412,0.00637412,0.741786,0.759879,0.0180926,34.9671,35.0395,13,13,0,0.393611,0.423259,0.029648,0,1,1,0
9.7,1279,2,0.0109022,0.0109022,0.680849,0.661486,0.0193632,34.7234,34.6459,8,8,0,0.454485,0.572405,0.11792,0,1,1,0
9.7,1279,3,0.0506824,0.0506824,0.682287,0.670627,0.0116595,34.7291,34.6825,9,9,0,0.613824,0.570072,0.043752,0,0,1,0
9.8,1280,1,0.0104633,0.0104633,0.755201,0.741786,0.0134145,35.0208,34.9671,13,13,0,0.423259,0.341563,0.081696,0,1,1,0
9.8,1280,2,0.00675866,0.00675866,0.673606,0.680849,0.00724292,34.6944,34.7234,8,8,0,0.572405,0.583397,0.010992,0,1,1,0
9.8,1280,3,0.00530079,0.00530079,0.688323,0.682287,0.00603563,34.7533,34.7291,9,9,0,0.570072,0.626512,0.05644,0,1,1,0
9.9,1281,1,0.0323115,0.0323115,0.746698,0.755201,0.0085029,34.9868,35.0208,13,13,0,0.341563,0.359547,0.017984,0,0,1,0
9.9,1281,2,0.0261247,0.0261247,0.652366,0.673606,0.0212409,34.6095,34.6944,8,8,0,0.583397,0.576437,0.00696,0,0,0,0
9.9,1281,3,0.0305484,0.0305484,0.665451,0.688323,0.0228714,34.6618,34.7533,9,9,0,0.626512,0.638816,0.012304,0,0,0,0
10,1282,1,0.016057,0.016057,0.779665,0.746698,0.0329672,35.1187,34.9868,13,13,0,0.359547,0.348235,0.011312,0,1,0,0
10,1282,2,0.000495389,0.000495389,0.650815,0.652366,0.00155026,34.6033,34.6095,8,8,0,0.576437,0.580165,0.003728,0,1,1,1
10,1282,3,0.0133266,0.0133266,0.656453,0.665451,0.00899839,34.6258,34.6618,9,9,0,0.638816,0.624552,0.014264,0,1,1,0
10.1,1283,1,0.0796793,0.0796793,0.715822,0.779665,0.0638435,34.8633,35.1187,13,10,-3,0.348235,0.479171,0.130936,0,0,0,0
10.1,1283,2,0.0471789,0.0471789,0.67643,0.650815,0.0256148,34.7057,34.6033,8,11,3,0.580165,0.381021,0.199144,0,0,0,0
10.1,1283,3,0.0313028,0.0313028,0.679761,0.656453,0.023308,34.719,34.6258,9,9,0,0.624552,0.5486,0.075952,0,0,0,0
10.2,1284,1,0.0204023,0.0204023,0.708495,0.715822,0.00732601,34.834,34.8633,10,10,0,0.479171,0.534651,0.05548,0,0,1,0
10.2,1284,2,0.0209583,0.0209583,0.656547,0.67643,0.0198829,34.6262,34.7057,11,11,0,0.381021,0.300053,0.080968,0,0,1,0
10.2,1284,3,0.0746883,0.0746883,0.688173,0.679761,0.00841266,34.7527,34.719,9,9,0,0.5486,0.625008,0.076408,0,0,1,0
10.3,1285,1,0.0387167,0.0387167,0.708696,0.708495,0.000200093,34.8348,34.834,10,10,0,0.534651,0.522603,0.012048,0,0,1,0
10.3,1285,2,0.0184223,0.0184223,0.679184,0.656547,0.022637,34.7167,34.6262,11,11,0,0.300053,0.364037,0.063984,0,1,0,0
10.3,1285,3,0.0455036,0.0455036,0.67353,0.688173,0.014643,34.6941,34.7527,9,9,0,0.625008,0.635312,0.010304,0,0,1,0
10.4,1286,1,0.129426,0.129426,0.75808,0.708696,0.0493843,35.0323,34.8348,10,13,3,0.522603,0.255363,0.26724,0,0,0,0
10.4,1286,2,0.0162509,0.0162509,0.68825,0.679184,0.00906622,34.753,34.7167,11,8,-3,0.364037,0.549685,0.185648,0,1,1,0
10.4,1286,3,0.0183288,0.0183288,0.672925,0.67353,0.000605226,34.6917,34.6941,9,9,0,0.635312,0.572376,0.062936,0,1,1,0
10.5,1287,1,0.0382366,0.0382366,0.735641,0.75808,0.0224384,34.9426,35.0323,13,13,0,0.255363,0.356667,0.101304,0,0,0,0
10.5,1287,2,0.00559676,0.00559676,0.679971,0.68825,0.00827944,34.7199,34.753,8,8,0,0.549685,0.574693,0.025008,0,1,1,0
10.5,1287,3,0.0428944,0.0428944,0.695061,0.672925,0.022136,34.7802,34.6917,9,9,0,0.572376,0.642264,0.069888,0,0,0,0
10.6,1288,1,0.0750368,0.0750368,0.703133,0.735641,0.0325081,34.8125,34.9426,13,10,-3,0.356667,0.482563,0.125896,0,0,0,0
10.6,1288,2,0.039783,0.039783,0.690597,0.679971,0.0106261,34.7624,34.7199,8,11,3,0.574693,0.309013,0.26568,0,0,1,0
10.6,1288,3,0.0868328,0.0868328,0.677125,0.695061,0.0179359,34.7085,34.7802,9,9,0,0.642264,0.516576,0.125688,0,0,1,0
10.7,1289,1,0.0149187,0.0149187,0.684765,0.703133,0.0183679,34.7391,34.8125,10,10,0,0.482563,0.522603,0.04004,0,1,1,0
10.7,1289,2,0.0194254,0.0194254,0.659442,0.690597,0.0311553,34.6378,34.7624,11,11,0,0.309013,0.374621,0.065608,0,1,0,0
10.7,1289,3,0.0676442,0.0676442,0.687117,0.677125,0.00999159,34.7485,34.7085,9,9,0,0.516576,0.614368,0.097792,0,0,1,0
10.8,1290,1,0.109222,0.109222,0.761037,0.684765,0.0762716,35.0441,34.7391,10,13,3,0.522603,0.401291,0.121312,0,0,0,0
10.8,1290,2,0.00155482,0.00155482,0.65022,0.659442,0.00922191,34.6009,34.6378,11,8,-3,0.374621,0.451653,0.077032,0,1,1,0
10.8,1290,3,0.0618235,0.0618235,0.666152,0.687117,0.0209646,34.6646,34.7485,9,9,0,0.614368,0.591296,0.023072,0,0,0,0
10.9,1291,1,0.0196769,0.0196769,0.727612,0.761037,0.0334247,34.9104,35.0441,13,13,0,0.401291,0.290779,0.110512,0,1,0,0
10.9,1291,2,0.00375178,0.00375178,0.691721,0.65022,0.0415008,34.7669,34.6009,8,8,0,0.451653,0.573877,0.122224,0,1,0,0
10.9,1291,3,0.072163,0.072163,0.68773,0.666152,0.0215774,34.7509,34.6646,9,9,0,0.591296,0.573144,0.018152,0,0,0,0
11,1292,1,0.0230991,0.0230991,0.75525,0.727612,0.0276377,35.021,34.9104,13,13,0,0.290779,0.344587,0.053808,0,0,0,0
11,1292,2,0.00132662,0.00132662,0.691328,0.691721,0.000392616,34.7653,34.7669,8,8,0,0.573877,0.583397,0.00952,0,1,1,1
11,1292,3,0.00775892,0.00775892,0.687903,0.68773,0.000173032,34.7516,34.7509,9,9,0,0.573144,0.62228,0.049136,0,1,1,0
11.1,1293,1,0.0310465,0.0310465,0.747117,0.75525,0.00813299,34.9885,35.021,13,13,0,0.344587,0.352891,0.008304,0,0,1,0
11.1,1293,2,0.0608196,0.0608196,0.652507,0.691328,0.0388205,34.61,34.7653,8,8,0,0.583397,0.579253,0.004144,0,0,0,0
11.1,1293,3,0.0300911,0.0300911,0.668095,0.687903,0.0198081,34.6724,34.7516,9,9,0,0.62228,0.63112,0.00884,0,0,1,0
11.2,1294,1,0.0155268,0.0155268,0.778874,0.747117,0.0317574,35.1155,34.9885,13,13,0,0.352891,0.342083,0.010808,0,1,0,0
11.2,1294,2,0.000224873,0.000224873,0.652412,0.652507,9.51886e-05,34.6096,34.61,8,8,0,0.579253,0.577365,0.001888,0,1,1,1
11.2,1294,3,0.00472635,0.00472635,0.662463,0.668095,0.00563163,34.6499,34.6724,9,9,0,0.63112,0.649064,0.017944,0,1,1,0
11.3,1295,1,0.110164,0.110164,0.689137,0.778874,0.0897377,34.7565,35.1155,13,10,-3,0.342083,0.480211,0.138128,0,0,0,0
11.3,1295,2,0.0798674,0.0798674,0.682638,0.652412,0.0302256,34.7306,34.6096,8,11,3,0.577365,0.381029,0.196336,0,0,0,0
11.3,1295,3,0.0468429,0.0468429,0.683402,0.662463,0.0209391,34.7336,34.6499,9,9,0,0.649064,0.531848,0.117216,0,0,0,0
11.4,1296,1,0.0130444,0.0130444,0.686672,0.689137,0.00246501,34.7467,34.7565,10,10,0,0.480211,0.534931,0.05472,0,1,1,0
11.4,1296,2,0.0256613,0.0256613,0.654987,0.682638,0.027651,34.6199,34.7306,11,11,0,0.381029,0.296837,0.084192,0,0,0,0
11.4,1296,3,0.0765418,0.0765418,0.689228,0.683402,0.00582564,34.7569,34.7336,9,9,0,0.531848,0.63872,0.106872,0,0,1,0
11.5,1297,1,0.00139293,0.00139293,0.708751,0.686672,0.0220791,34.835,34.7467,10,10,0,0.534931,0.523371,0.01156,0,1,0,0
11.5,1297,2,0.0256615,0.0256615,0.682635,0.654987,0.0276482,34.7305,34.6199,11,11,0,0.296837,0.381173,0.084336,0,0,0,0
11.5,1297,3,0.0462629,0.0462629,0.674246,0.689228,0.0149816,34.697,34.7569,9,9,0,0.63872,0.641448,0.002728,0,0,1,0
11.6,1298,1,0.130462,0.130462,0.758135,0.708751,0.0493845,35.0325,34.835,10,13,3,0.523371,0.249203,0.274168,0,0,0,0
11.6,1298,2,0.0369247,0.0369247,0.700735,0.682635,0.0180995,34.8029,34.7305,11,8,-3,0.381173,0.518709,0.137536,0,0,1,0
11.6,1298,3,0.0266998,0.0266998,0.676796,0.674246,0.00255007,34.7072,34.697,9,9,0,0.641448,0.565728,0.07572,0,0,1,0
11.7,1299,1,0.0392973,0.0392973,0.735306,0.758135,0.0228295,34.9412,35.0325,13,13,0,0.249203,0.353883,0.10468,0,0,0,0
11.7,1299,2,0.0170745,0.0170745,0.691499,0.700735,0.00923568,34.766,34.8029,8,8,0,0.518709,0.579253,0.060544,0,1,1,0
11.7,1299,3,0.0313882,0.0313882,0.693917,0.676796,0.017121,34.7757,34.7072,9,9,0,0.565728,0.615712,0.049984,0,0,1,0
11.8,1300,1,0.0768712,0.0768712,0.704063,0.735306,0.0312428,34.8163,34.9412,13,10,-3,0.353883,0.487035,0.133152,0,0,0,0
11.8,1300,2,0.0113542,0.0113542,0.691081,0.691499,0.000417829,34.7643,34.766,8,11,3,0.579253,0.285525,0.293728,0,1,1,0
11.8,1300,3,0.0857795,0.0857795,0.67207,0.693917,0.0218468,34.6883,34.7757,9,9,0,0.615712,0.55276,0.062952,0,0,0,0
11.9,1301,1,0.0129064,0.0129064,0.684765,0.704063,0.0192974,34.7391,34.8163,10,10,0,0.487035,0.522603,0.035568,0,1,1,0
11.9,1301,2,0.0179574,0.0179574,0.657811,0.691081,0.0332698,34.6312,34.7643,11,11,0,0.285525,0.362389,0.076864,0,1,0,0
11.9,1301,3,0.0725483,0.0725483,0.688802,0.67207,0.0167314,34.7552,34.6883,9,9,0,0.55276,0.632728,0.079968,0,0,1,0
12,1302,1,0.109305,0.109305,0.761308,0.684765,0.0765425,35.0452,34.7391,10,13,3,0.522603,0.403035,0.119568,0,0,0,0
12,1302,2,0.00652656,0.00652656,0.652103,0.657811,0.00570869,34.6084,34.6312,11,8,-3,0.362389,0.432325,0.069936,0,1,1,0
12,1302,3,0.0505697,0.0505697,0.673039,0.688802,0.0157632,34.6922,34.7552,9,9,0,0.632728,0.628552,0.004176,0,0,1,0
12.1,1303,1,0.0134339,0.0134339,0.728752,0.761308,0.0325557,34.915,35.0452,13,13,0,0.403035,0.280051,0.122984,0,1,0,0
12.1,1303,2,0.00180799,0.00180799,0.69192,0.652103,0.0398168,34.7677,34.6084,8,8,0,0.432325,0.566245,0.13392,0,1,0,0
12.1,1303,3,0.053307,0.053307,0.682836,0.673039,0.00979769,34.7313,34.6922,9,9,0,0.628552,0.556744,0.071808,0,0,1,0
12.2,1304,1,0.0162157,0.0162157,0.755324,0.728752,0.026572,35.0213,34.915,13,13,0,0.280051,0.349155,0.069104,0,1,0,0
12.2,1304,2,0.00162151,0.00162151,0.691577,0.69192,0.000342727,34.7663,34.7677,8,8,0,0.566245,0.577365,0.01112,0,1,1,0
12.2,1304,3,0.00204715,0.00204715,0.690304,0.682836,0.00746751,34.7612,34.7313,9,9,0,0.556744,0.64948,0.092736,0,1,1,0
12.3,1305,1,0.0303861,0.0303861,0.747165,0.755324,0.00815952,34.9887,35.0213,13,13,0,0.349155,0.352131,0.002976,0,0,1,0
12.3,1305,2,0.0599792,0.0599792,0.652507,0.691577,0.0390693,34.61,34.7663,8,8,0,0.577365,0.579253,0.001888,0,0,0,0
12.3,1305,3,0.04256,0.04256,0.666723,0.690304,0.0235804,34.6669,34.7612,9,9,0,0.64948,0.624416,0.025064,0,0,0,0
12.4,1306,1,0.0153334,0.0153334,0.779072,0.747165,0.0319072,35.1163,34.9887,13,13,0,0.352131,0.343619,0.008512,0,1,0,0
12.4,1306,2,0.000493661,0.000493661,0.652716,0.652507,0.000208795,34.6109,34.61,8,8,0,0.579253,0.583397,0.004144,0,1,1,1
12.4,1306,3,0.0147615,0.0147615,0.663816,0.666723,0.00290787,34.6553,34.6669,9,9,0,0.624416,0.656664,0.032248,0,1,1,0
12.5,1307,1,0.1067,0.1067,0.688717,0.779072,0.0903549,34.7549,35.1163,13,10,-3,0.343619,0.467771,0.124152,0,0,0,0
12.5,1307,2,0.0805804,0.0805804,0.68271,0.652716,0.0299937,34.7308,34.6109,8,11,3,0.583397,0.377365,0.206032,0,0,0,0
12.5,1307,3,0.0516325,0.0516325,0.689608,0.663816,0.0257922,34.7584,34.6553,9,9,0,0.656664,0.496048,0.160616,0,0,0,0
12.6,1308,1,0.0096643,0.0096643,0.684875,0.688717,0.00384235,34.7395,34.7549,10,10,0,0.467771,0.523403,0.055632,0,1,1,0
12.6,1308,2,0.0256007,0.0256007,0.654909,0.68271,0.0278009,34.6196,34.7308,11,11,0,0.377365,0.299365,0.078,0,0,0,0
12.6,1308,3,0.0817571,0.0817571,0.691585,0.689608,0.00197709,34.7663,34.7584,9,9,0,0.496048,0.63004,0.133992,0,0,1,0
12.7,1309,1,0.00123224,0.00123224,0.708696,0.684875,0.0238209,34.8348,34.7395,10,10,0,0.523403,0.522603,0.0008,0,1,0,0
12.7,1309,2,0.0260694,0.0260694,0.683774,0.654909,0.0288653,34.7351,34.6196,11,11,0,0.299365,0.355157,0.055792,0,0,0,0
12.7,1309,3,0.053198,0.053198,0.680161,0.691585,0.0114236,34.7206,34.7663,9,9,0,0.63004,0.645264,0.015224,0,0,1,0
12.8,1310,1,0.131309,0.131309,0.758198,0.708696,0.0495022,35.0328,34.8348,10,13,3,0.522603,0.242219,0.280384,0,0,0,0
12.8,1310,2,0.0371853,0.0371853,0.70027,0.683774,0.0164951,34.8011,34.7351,11,8,-3,0.355157,0.521525,0.166368,0,0,1,0
12.8,1310,3,0.0404763,0.0404763,0.684083,0.680161,0.00392139,34.7363,34.7206,9,9,0,0.645264,0.576192,0.069072,0,0,1,0
12.9,1311,1,0.0395182,0.0395182,0.736774,0.758198,0.0214242,34.9471,35.0328,13,13,0,0.242219,0.366075,0.123856,0,0,0,0
12.9,1311,2,0.0178525,0.0178525,0.69122,0.70027,0.00904959,34.7649,34.8011,8,8,0,0.521525,0.586501,0.064976,0,1,1,0
12.9,1311,3,0.0014849,0.0014849,0.686234,0.684083,0.00215155,34.7449,34.7363,9,9,0,0.576192,0.58364,0.007448,0,1,1,1
13,1312,1,0.0928578,0.0928578,0.709009,0.736774,0.0277646,34.836,34.9471,13,10,-3,0.366075,0.527483,0.161408,0,0,0,0
13,1312,2,0.0103026,0.0103026,0.69108,0.69122,0.000139892,34.7643,34.7649,8,11,3,0.586501,0.284677,0.301824,0,1,1,0
13,1312,3,0.0698339,0.0698339,0.675295,0.686234,0.0109394,34.7012,34.7449,9,9,0,0.58364,0.554552,0.029088,0,0,1,0
13.1,1313,1,0.000695646,0.000695646,0.682053,0.709009,0.0269557,34.7282,34.836,10,10,0,0.527483,0.506907,0.020576,0,1,0,0
13.1,1313,2,0.0182098,0.0182098,0.656844,0.69108,0.0342356,34.6274,34.7643,11,11,0,0.284677,0.355157,0.07048,0,1,0,0
13.1,1313,3,0.0823257,0.0823257,0.692017,0.675295,0.0167224,34.7681,34.7012,9,9,0,0.554552,0.638056,0.083504,0,0,1,0
13.2,1314,1,0.112225,0.112225,0.759143,0.682053,0.0770901,35.0366,34.7282,10,13,3,0.506907,0.388107,0.1188,0,0,0,0
13.2,1314,2,0.0043661,0.0043661,0.650599,0.656844,0.00624543,34.6024,34.6274,11,8,-3,0.355157,0.444133,0.088976,0,1,1,0
13.2,1314,3,0.0646405,0.0646405,0.676043,0.692017,0.0159743,34.7042,34.7681,9,9,0,0.638056,0.623208,0.014848,0,0,1,0
13.3,1315,1,0.0175925,0.0175925,0.729884,0.759143,0.0292593,34.9195,35.0366,13,13,0,0.388107,0.297603,0.090504,0,1,0,0
13.3,1315,2,0.00123283,0.00123283,0.692622,0.650599,0.0420228,34.7705,34.6024,8,8,0,0.444133,0.556165,0.112032,0,1,0,0
13.3,1315,3,0.0422893,0.0422893,0.671302,0.676043,0.00474119,34.6852,34.7042,9,9,0,0.623208,0.531712,0.091496,0,0,1,0
13.4,1316,1,0.0217317,0.0217317,0.755154,0.729884,0.0252695,35.0206,34.9195,13,13,0,0.297603,0.338667,0.041064,0,0,0,0
13.4,1316,2,0.00392178,0.00392178,0.691461,0.692622,0.00116092,34.7658,34.7705,8,8,0,0.556165,0.580173,0.024008,0,1,1,0
13.4,1316,3,0.0228869,0.0228869,0.693021,0.671302,0.021719,34.7721,34.6852,9,9,0,0.531712,0.648728,0.117016,0,0,0,0
13.5,1317,1,0.0340591,0.0340591,0.746104,0.755154,0.00905001,34.9844,35.0206,13,13,0,0.338667,0.370923,0.032256,0,0,1,0
13.5,1317,2,0.0631996,0.0631996,0.654245,0.691461,0.0372155,34.617,34.7658,8,8,0,0.580173,0.586605,0.006432,0,0,0,0
13.5,1317,3,0.0665685,0.0665685,0.655583,0.693021,0.037438,34.6223,34.7721,9,9,0,0.648728,0.591328,0.0574,0,0,0,0
13.6,1318,1,0.0186776,0.0186776,0.777001,0.746104,0.0308979,35.108,34.9844,13,13,0,0.370923,0.327587,0.043336,0,1,0,0
13.6,1318,2,5.50002e-05,5.50002e-05,0.652443,0.654245,0.00180227,34.6098,34.617,8,8,0,0.586605,0.595061,0.008456,0,1,1,1
13.6,1318,3,0.013331,0.013331,0.661567,0.655583,0.00598413,34.6463,34.6223,9,9,0,0.591328,0.61964,0.028312,0,1,1,0
13.7,1319,1,0.113546,0.113546,0.689509,0.777001,0.0874927,34.758,35.108,13,10,-3,0.327587,0.491187,0.1636,0,0,0,0
13.7,1319,2,0.0828671,0.0828671,0.682628,0.652443,0.0301853,34.7305,34.6098,8,11,3,0.595061,0.381509,0.213552,0,0,0,0
13.7,1319,3,0.0295247,0.0295247,0.688624,0.661567,0.0270566,34.7545,34.6463,9,9,0,0.61964,0.494584,0.125056,0,0,0,0
13.8,1320,1,0.0155534,0.0155534,0.685119,0.689509,0.00438935,34.7405,34.758,10,10,0,0.491187,0.525195,0.034008,0,1,1,0
13.8,1320,2,0.0256949,0.0256949,0.655033,0.682628,0.0275953,34.6201,34.7305,11,11,0,0.381509,0.295333,0.086176,0,0,0,0
13.8,1320,3,0.0803647,0.0803647,0.691314,0.688624,0.00269008,34.7653,34.7545,9,9,0,0.494584,0.624048,0.129464,0,0,1,0
13.9,1321,1,0.00368094,0.00368094,0.707741,0.685119,0.022622,34.831,34.7405,10,10,0,0.525195,0.507651,0.017544,0,1,0,0
13.9,1321,2,0.0100837,0.0100837,0.669824,0.655033,0.0147907,34.6793,34.6201,11,11,0,0.295333,0.352341,0.057008,0,1,1,0
13.9,1321,3,0.0678366,0.0678366,0.67446,0.691314,0.0168534,34.6978,34.7653,9,9,0,0.624048,0.610904,0.013144,0,0,1,0
14,1322,1,0.126837,0.126837,0.758225,0.707741,0.0504838,35.0329,34.831,10,13,3,0.507651,0.239163,0.268488,0,0,0,0
14,1322,2,0.0115964,0.0115964,0.683952,0.669824,0.0141286,34.7358,34.6793,11,8,-3,0.352341,0.531589,0.179248,0,1,1,0
14,1322,3,0.049884,0.049884,0.673236,0.67446,0.0012244,34.6929,34.6978,9,9,0,0.610904,0.547032,0.063872,0,0,1,0
14.1,1323,1,0.0392367,0.0392367,0.737462,0.758225,0.0207636,34.9498,35.0329,13,13,0,0.239163,0.372731,0.133568,0,0,0,0
14.1,1323,2,0.0283245,0.0283245,0.691262,0.683952,0.0073095,34.765,34.7358,8,8,0,0.531589,0.584997,0.053408,0,0,1,0
14.1,1323,3,0.0219768,0.0219768,0.693099,0.673236,0.0198628,34.7724,34.6929,9,9,0,0.547032,0.601808,0.054776,0,0,1,0
14.2,1324,1,0.0932202,0.0932202,0.718592,0.737462,0.0188693,34.8744,34.9498,13,9,-4,0.372731,0.515696,0.142965,0,0,1,0
14.2,1324,2,0.0297405,0.0297405,0.708993,0.691262,0.017731,34.836,34.765,8,12,4,0.584997,0.261776,0.323221,0,0,1,0
14.2,1324,3,0.0853797,0.0853797,0.683831,0.693099,0.00926757,34.7353,34.7724,9,9,0,0.601808,0.515456,0.086352,0,0,1,0
14.3,1325,1,0.022222,0.022222,0.68784,0.718592,0.0307524,34.7514,34.8744,9,9,0,0.515696,0.554752,0.039056,0,0,0,0
14.3,1325,2,0.0206451,0.0206451,0.682278,0.708993,0.0267149,34.7291,34.836,12,12,0,0.261776,0.27488,0.013104,0,0,0,0
14.3,1325,3,0.0804231,0.0804231,0.690998,0.683831,0.00716704,34.764,34.7353,9,9,0,0.515456,0.619624,0.104168,0,0,1,0
14.4,1326,1,0.168731,0.168731,0.770813,0.68784,0.0829728,35.0833,34.7514,9,13,4,0.554752,0.402155,0.152597,0,0,0,0
14.4,1326,2,0.011686,0.011686,0.656141,0.682278,0.0261372,34.6246,34.7291,12,8,-4,0.27488,0.411941,0.137061,0,1,0,0
14.4,1326,3,0.0752676,0.0752676,0.672066,0.690998,0.0189319,34.6883,34.764,9,9,0,0.619624,0.589592,0.030032,0,0,1,0
14.5,1327,1,0.0114564,0.0114564,0.747654,0.770813,0.0231587,34.9906,35.0833,13,13,0,0.402155,0.304027,0.098128,0,1,0,0
14.5,1327,2,0.00481382,0.00481382,0.688525,0.656141,0.0323842,34.7541,34.6246,8,8,0,0.411941,0.577877,0.165936,0,1,0,0
14.5,1327,3,0.0791098,0.0791098,0.684982,0.672066,0.012916,34.7399,34.6883,9,9,0,0.589592,0.547024,0.042568,0,0,1,0
14.6,1328,1,0.0191165,0.0191165,0.762733,0.747654,0.015079,35.0509,34.9906,13,13,0,0.304027,0.330043,0.026016,0,1,1,0
14.6,1328,2,0.00105855,0.00105855,0.685554,0.688525,0.00297081,34.7422,34.7541,8,8,0,0.577877,0.586733,0.008856,0,1,1,1
14.6,1328,3,0.00308877,0.00308877,0.691234,0.684982,0.00625134,34.7649,34.7399,9,9,0,0.547024,0.62228,0.075256,0,1,1,0
14.7,1329,1,0.0712,0.0712,0.75163,0.762733,0.0111032,35.0065,35.0509,13,13,0,0.330043,0.376315,0.046272,0,0,1,0
14.7,1329,2,0.0341181,0.0341181,0.65984,0.685554,0.0257145,34.6394,34.7422,8,8,0,0.586733,0.577613,0.00912,0,0,0,0
14.7,1329,3,0.0499351,0.0499351,0.667622,0.691234,0.0236115,34.6705,34.7649,9,9,0,0.62228,0.597632,0.024648,0,0,0,0
14.8,1330,1,0.00212634,0.00212634,0.751601,0.75163,2.90871e-05,35.0064,35.0065,13,13,0,0.376315,0.387419,0.011104,0,1,1,0
14.8,1330,2,0.00180286,0.00180286,0.659577,0.65984,0.000262916,34.6383,34.6394,8,8,0,0.577613,0.568437,0.009176,0,1,1,1
14.8,1330,3,0.00799063,0.00799063,0.66066,0.667622,0.00696248,34.6426,34.6705,9,9,0,0.597632,0.575688,0.021944,0,1,1,0
14.9,1331,1,0.071234,0.071234,0.720082,0.751601,0.0315189,34.8803,35.0064,13,10,-3,0.387419,0.511115,0.123696,0,0,0,0
14.9,1331,2,0.0484449,0.0484449,0.683572,0.659577,0.0239952,34.7343,34.6383,8,11,3,0.568437,0.358661,0.209776,0,0,0,0
14.9,1331,3,0.0237724,0.0237724,0.693609,0.66066,0.0329499,34.7744,34.6426,9,9,0,0.575688,0.470984,0.104704,0,0,0,0
15,1332,1,0.0270659,0.0270659,0.706102,0.720082,0.0139795,34.8244,34.8803,10,10,0,0.511115,0.523451,0.012336,0,0,1,0
15,1332,2,0.0259566,0.0259566,0.654893,0.683572,0.0286788,34.6196,34.7343,11,11,0,0.358661,0.299877,0.058784,0,0,0,0
15,1332,3,0.073162,0.073162,0.688145,0.693609,0.00546426,34.7526,34.7744,9,9,0,0.470984,0.59632,0.125336,0,0,1,0
15.1,1333,1,0.00350788,0.00350788,0.72637,0.706102,0.0202673,34.9055,34.8244,10,10,0,0.523451,0.493723,0.029728,0,1,0,0
15.1,1333,2,0.0255895,0.0255895,0.682711,0.654893,0.0278176,34.7308,34.6196,11,11,0,0.299877,0.377317,0.07744,0,0,0,0
15.1,1333,3,0.0588209,0.0588209,0.674546,0.688145,0.0135988,34.6982,34.7526,9,9,0,0.59632,0.611672,0.015352,0,0,1,0
15.2,1334,1,0.0864124,0.0864124,0.746086,0.72637,0.0197166,34.9843,34.9055,10,12,2,0.493723,0.26492,0.228803,0,0,1,0
15.2,1334,2,0.0231022,0.0231022,0.700306,0.682711,0.0175946,34.8012,34.7308,11,9,-2,0.377317,0.423,0.0456827,0,0,1,0
15.2,1334,3,0.0507938,0.0507938,0.676018,0.674546,0.0014714,34.7041,34.6982,9,9,0,0.611672,0.55352,0.058152,0,0,1,0
15.3,1335,1,0.00605357,0.00605357,0.744929,0.746086,0.00115728,34.9797,34.9843,12,12,0,0.26492,0.33632,0.0714,0,1,1,0
15.3,1335,2,0.0016171,0.0016171,0.70485,0.700306,0.00454438,34.8194,34.8012,9,9,0,0.423,0.501904,0.078904,0,1,1,0
15.3,1335,3,0.0186521,0.0186521,0.692034,0.676018,0.0160158,34.7681,34.7041,9,9,0,0.55352,0.638208,0.084688,0,1,1,0
15.4,1336,1,0.104689,0.104689,0.688541,0.744929,0.0563875,34.7542,34.9797,12,10,-2,0.33632,0.424843,0.0885227,0,0,0,0
15.4,1336,2,0.0173755,0.0173755,0.691099,0.70485,0.0137514,34.7644,34.8194,9,11,2,0.501904,0.299165,0.202739,0,1,1,0
15.4,1336,3,0.0838853,0.0838853,0.680816,0.692034,0.0112178,34.7233,34.7681,9,9,0,0.638208,0.530976,0.107232,0,0,1,0
15.5,1337,1,0.0261346,0.0261346,0.673916,0.688541,0.0146258,34.6957,34.7542,10,10,0,0.424843,0.490235,0.065392,0,0,1,0
15.5,1337,2,0.0293583,0.0293583,0.664757,0.691099,0.0263418,34.659,34.7644,11,11,0,0.299165,0.390741,0.091576,0,0,0,0
15.5,1337,3,0.0699174,0.0699174,0.684165,0.680816,0.00334895,34.7367,34.7233,9,9,0,0.530976,0.576472,0.045496,0,0,1,0
15.6,1338,1,0.0932086,0.0932086,0.725403,0.673916,0.0514877,34.9016,34.6957,10,12,2,0.490235,0.404,0.0862347,0,0,0,0
15.6,1338,2,0.00434971,0.00434971,0.652632,0.664757,0.0121246,34.6105,34.659,11,9,-2,0.390741,0.436448,0.0457067,0,1,1,0
15.6,1338,3,0.0674171,0.0674171,0.672295,0.684165,0.0118695,34.6892,34.7367,9,9,0,0.576472,0.568744,0.007728,0,0,1,0
15.7,1339,1,0.00621462,0.00621462,0.728407,0.725403,0.00300395,34.9136,34.9016,12,12,0,0.404,0.271288,0.132712,0,1,1,0
15.7,1339,2,0.00853488,0.00853488,0.702951,0.652632,0.050319,34.8118,34.6105,9,9,0,0.436448,0.451864,0.015416,0,1,0,0
15.7,1339,3,0.0613701,0.0613701,0.672996,0.672295,0.00070101,34.692,34.6892,9,9,0,0.568744,0.545376,0.023368,0,0,1,0
15.8,1340,1,0.00926226,0.00926226,0.72818,0.728407,0.000227153,34.9127,34.9136,12,12,0,0.271288,0.331064,0.059776,0,1,1,0
15.8,1340,2,0.00122476,0.00122476,0.705082,0.702951,0.00213093,34.8203,34.8118,9,9,0,0.451864,0.499216,0.047352,0,1,1,0
15.8,1340,3,0.00513902,0.00513902,0.686826,0.672996,0.0138302,34.7473,34.692,9,9,0,0.545376,0.611448,0.066072,0,1,1,0
15.9,1341,1,0.0460295,0.0460295,0.712589,0.72818,0.0155908,34.8504,34.9127,12,12,0,0.331064,0.337088,0.006024,0,0,1,0
15.9,1341,2,0.0430927,0.0430927,0.650938,0.705082,0.0541443,34.6038,34.8203,9,9,0,0.499216,0.506464,0.007248,0,0,0,0
15.9,1341,3,0.0533494,0.0533494,0.647207,0.686826,0.0396191,34.5888,34.7473,9,9,0,0.611448,0.601432,0.010016,0,0,0,0
16,1342,1,0.00333026,0.00333026,0.71093,0.712589,0.00165927,34.8437,34.8504,12,12,0,0.337088,0.32952,0.007568,0,1,1,1
16,1342,2,0.00679545,0.00679545,0.651424,0.650938,0.000486255,34.6057,34.6038,9,9,0,0.506464,0.49184,0.014624,0,1,1,0
16,1342,3,0.00168985,0.00168985,0.643508,0.647207,0.00369924,34.574,34.5888,9,9,0,0.601432,0.601432,0,0,1,1,1
16.1,1343,1,0.0699811,0.0699811,0.647125,0.71093,0.0638047,34.5885,34.8437,12,10,-2,0.32952,0.392859,0.0633387,0,0,0,0
16.1,1343,2,0.0447877,0.0447877,0.673661,0.651424,0.0222369,34.6946,34.6057,9,10,1,0.49184,0.393059,0.0987813,0,0,0,0
16.1,1343,3,0.0324137,0.0324137,0.687089,0.643508,0.0435808,34.7484,34.574,9,10,1,0.601432,0.478035,0.123397,0,0,0,0
16.2,1344,1,0.000548542,0.000548542,0.6537,0.647125,0.00657481,34.6148,34.5885,10,10,0,0.392859,0.488603,0.095744,0,1,1,0
16.2,1344,2,0.0325911,0.0325911,0.653935,0.673661,0.0197261,34.6157,34.6946,10,10,0,0.393059,0.448763,0.055704,0,0,1,0
16.2,1344,3,0.0117719,0.0117719,0.669395,0.687089,0.0176938,34.6776,34.7484,10,10,0,0.478035,0.514475,0.03644,0,1,1,0
16.3,1345,1,0.0136753,0.0136753,0.64307,0.6537,0.0106302,34.5723,34.6148,10,10,0,0.488603,0.472987,0.015616,0,1,1,0
16.3,1345,2,0.0156432,0.0156432,0.675978,0.653935,0.0220429,34.7039,34.6157,10,10,0,0.448763,0.460427,0.011664,0,1,0,0
16.3,1345,3,0.0175014,0.0175014,0.676048,0.669395,0.00665295,34.7042,34.6776,10,10,0,0.514475,0.517707,0.003232,0,1,1,1
16.4,1346,1,0.0741164,0.0741164,0.699107,0.64307,0.0560373,34.7964,34.5723,10,12,2,0.472987,0.266536,0.206451,0,0,0,0
16.4,1346,2,0.0163927,0.0163927,0.663753,0.675978,0.0122252,34.655,34.7039,10,9,-1,0.460427,0.42112,0.0393067,0,1,1,0
16.4,1346,3,0.0544948,0.0544948,0.686024,0.676048,0.00997597,34.7441,34.7042,10,9,-1,0.517707,0.602296,0.0845893,0,0,1,0
16.5,1347,1,0.00958931,0.00958931,0.710656,0.699107,0.0115488,34.8426,34.7964,12,12,0,0.266536,0.33176,0.065224,0,1,1,0
16.5,1347,2,4.23789e-05,4.23789e-05,0.681361,0.663753,0.017608,34.7254,34.655,9,9,0,0.42112,0.4964,0.07528,0,1,1,0
16.5,1347,3,0.000785202,0.000785202,0.681185,0.686024,0.00483876,34.7247,34.7441,9,9,0,0.602296,0.585448,0.016848,0,1,1,0
16.6,1348,1,0.0828144,0.0828144,0.641164,0.710656,0.0694925,34.5647,34.8426,12,10,-2,0.33176,0.463315,0.131555,0,0,0,0
16.6,1348,2,0.0433276,0.0433276,0.690644,0.681361,0.00928319,34.7626,34.7254,9,11,2,0.4964,0.308493,0.187907,0,0,1,0
16.6,1348,3,0.0926743,0.0926743,0.687343,0.681185,0.00615782,34.7494,34.7247,9,9,0,0.585448,0.488768,0.09668,0,0,1,0
16.7,1349,1,0.012729,0.012729,0.65043,0.641164,0.00926667,34.6017,34.5647,10,10,0,0.463315,0.477259,0.013944,0,1,1,0
16.7,1349,2,0.0332027,0.0332027,0.661007,0.690644,0.0296368,34.644,34.7626,11,11,0,0.308493,0.380669,0.072176,0,0,0,0
16.7,1349,3,0.0571451,0.0571451,0.679032,0.687343,0.00831068,34.7161,34.7494,9,9,0,0.488768,0.572872,0.084104,0,0,1,0
16.8,1350,1,0.057581,0.057581,0.693474,0.65043,0.0430436,34.7739,34.6017,10,12,2,0.477259,0.390624,0.0866347,0,0,0,0
16.8,1350,2,0.00605801,0.00605801,0.653882,0.661007,0.00712544,34.6155,34.644,11,9,-2,0.380669,0.446512,0.0658427,0,1,1,0
16.8,1350,3,0.0554149,0.0554149,0.670758,0.679032,0.0082742,34.683,34.7161,9,9,0,0.572872,0.55836,0.014512,0,0,1,0
16.9,1351,1,0.00201294,0.00201294,0.701996,0.693474,0.00852185,34.808,34.7739,12,12,0,0.390624,0.288336,0.102288,0,1,1,0
16.9,1351,2,0.00991485,0.00991485,0.702825,0.653882,0.0489433,34.8113,34.6155,9,9,0,0.446512,0.450112,0.0036,0,1,0,0
16.9,1351,3,0.0393809,0.0393809,0.666548,0.670758,0.00421017,34.6662,34.683,9,9,0,0.55836,0.510272,0.048088,0,0,1,0
17,1352,1,0.0153067,0.0153067,0.714735,0.701996,0.0127394,34.8589,34.808,12,12,0,0.288336,0.345616,0.05728,0,1,1,0
17,1352,2,0.00162846,0.00162846,0.705325,0.702825,0.00250036,34.8213,34.8113,9,9,0,0.450112,0.4964,0.046288,0,1,1,0
17,1352,3,0.0280224,0.0280224,0.685524,0.666548,0.0189764,34.7421,34.6662,9,9,0,0.510272,0.580824,0.070552,0,0,1,0
17.1,1353,1,0.000946015,0.000946015,0.716476,0.714735,0.00174081,34.8659,34.8589,12,12,0,0.345616,0.349192,0.003576,0,1,1,1
17.1,1353,2,0.0445825,0.0445825,0.650648,0.705325,0.054677,34.6026,34.8213,9,9,0,0.4964,0.506464,0.010064,0,0,0,0
17.1,1353,3,0.0670239,0.0670239,0.651644,0.685524,0.0338801,34.6066,34.7421,9,9,0,0.580824,0.568296,0.012528,0,0,0,0
17.2,1354,1,0.000303715,0.000303715,0.715655,0.716476,0.000821352,34.8626,34.8659,12,12,0,0.349192,0.345616,0.003576,0,1,1,1
17.2,1354,2,0.00634985,0.00634985,0.650872,0.650648,0.000223815,34.6035,34.6026,9,9,0,0.506464,0.490432,0.016032,0,1,1,0
17.2,1354,3,0.00488898,0.00488898,0.651627,0.651644,1.72257e-05,34.6065,34.6066,9,9,0,0.568296,0.57888,0.010584,0,1,1,0
17.3,1355,1,0.0791398,0.0791398,0.649525,0.715655,0.06613,34.5981,34.8626,12,10,-2,0.345616,0.402171,0.0565547,0,0,0,0
17.3,1355,2,0.0463826,0.0463826,0.673783,0.650872,0.0229108,34.6951,34.6035,9,10,1,0.490432,0.365891,0.124541,0,0,0,0
17.3,1355,3,0.0268802,0.0268802,0.664141,0.651627,0.0125143,34.6566,34.6065,9,10,1,0.57888,0.559611,0.0192693,0,0,1,0
17.4,1356,1,0.000142872,0.000142872,0.648035,0.649525,0.00148976,34.5921,34.5981,10,10,0,0.402171,0.496691,0.09452,0,1,1,0
17.4,1356,2,0.0271594,0.0271594,0.651036,0.673783,0.0227469,34.6041,34.6951,10,10,0,0.365891,0.423739,0.057848,0,0,0,0
17.4,1356,3,0.0298606,0.0298606,0.667495,0.664141,0.00335395,34.67,34.6566,10,10,0,0.559611,0.555851,0.00376,0,0,1,0
17.5,1357,1,0.0127661,0.0127661,0.649264,0.648035,0.00122875,34.5971,34.5921,10,10,0,0.496691,0.496283,0.000408,0,1,1,1
17.5,1357,2,0.0169981,0.0169981,0.674379,0.651036,0.0233436,34.6975,34.6041,10,10,0,0.423739,0.439939,0.0162,0,1,0,0
17.5,1357,3,0.03472,0.03472,0.687051,0.667495,0.0195553,34.7482,34.67,10,10,0,0.555851,0.518307,0.037544,0,0,1,0
17.6,1358,1,0.0778596,0.0778596,0.704055,0.649264,0.0547912,34.8162,34.5971,10,12,2,0.496283,0.303464,0.192819,0,0,0,0
17.6,1358,2,0.00357875,0.00357875,0.670984,0.674379,0.00339502,34.6839,34.6975,10,10,0,0.439939,0.315483,0.124456,0,1,1,0
17.6,1358,3,0.0636588,0.0636588,0.702681,0.687051,0.0156302,34.8107,34.7482,10,8,-2,0.518307,0.603437,0.0851307,0,0,1,0
17.7,1359,1,0.0153653,0.0153653,0.719361,0.704055,0.0153067,34.8774,34.8162,12,12,0,0.303464,0.364416,0.060952,0,1,1,0
17.7,1359,2,0.00411916,0.00411916,0.682594,0.670984,0.0116093,34.7304,34.6839,10,10,0,0.315483,0.400203,0.08472,0,1,1,0
17.7,1359,3,0.00997218,0.00997218,0.708709,0.702681,0.00602806,34.8348,34.8107,8,8,0,0.603437,0.655397,0.05196,0,1,1,0
17.8,1360,1,0.0821612,0.0821612,0.641142,0.719361,0.0782188,34.5646,34.8774,12,10,-2,0.364416,0.426323,0.0619067,0,0,0,0
17.8,1360,2,0.00992283,0.00992283,0.674373,0.682594,0.00822115,34.6975,34.7304,10,10,0,0.400203,0.348371,0.051832,0,1,1,0
17.8,1360,3,0.058343,0.058343,0.677924,0.708709,0.0307845,34.7117,34.8348,8,10,2,0.655397,0.562995,0.0924027,0,0,0,0
17.9,1361,1,0.00549823,0.00549823,0.656188,0.641142,0.0150456,34.6248,34.5646,10,10,0,0.426323,0.497267,0.070944,0,1,1,0
17.9,1361,2,0.00800833,0.00800833,0.684863,0.674373,0.0104906,34.7395,34.6975,10,10,0,0.348371,0.436571,0.0882,0,1,1,0
17.9,1361,3,0.0291983,0.0291983,0.672169,0.677924,0.00575513,34.6887,34.7117,10,10,0,0.562995,0.525691,0.037304,0,0,1,0
18,1362,1,0.025327,0.025327,0.66286,0.656188,0.00667155,34.6514,34.6248,10,11,1,0.497267,0.442869,0.0543973,0,0,1,0
18,1362,2,0.0242878,0.0242878,0.659175,0.684863,0.0256884,34.6367,34.7395,10,10,0,0.436571,0.417531,0.01904,0,0,0,0
18,1362,3,0.0646217,0.0646217,0.660483,0.672169,0.0116858,34.6419,34.6887,10,9,-1,0.525691,0.536192,0.0105013,0,0,1,0
18.1,1363,1,0.00195777,0.00195777,0.666883,0.66286,0.0040229,34.6675,34.6514,11,11,0,0.442869,0.394965,0.047904,0,1,1,0
18.1,1363,2,0.00511971,0.00511971,0.671367,0.659175,0.0121921,34.6855,34.6367,10,10,0,0.417531,0.369451,0.04808,0,1,1,0
18.1,1363,3,0.102199,0.102199,0.684777,0.660483,0.0242935,34.7391,34.6419,9,9,0,0.536192,0.558096,0.021904,0,0,0,0
18.2,1364,1,0.00454339,0.00454339,0.673847,0.666883,0.00696468,34.6954,34.6675,11,11,0,0.394965,0.440629,0.045664,0,1,1,0
18.2,1364,2,0.000877351,0.000877351,0.679532,0.671367,0.00816518,34.7181,34.6855,10,10,0,0.369451,0.418971,0.04952,0,1,1,0
18.2,1364,3,0.00924221,0.00924221,0.688559,0.684777,0.00378197,34.7542,34.7391,9,9,0,0.558096,0.594656,0.03656,0,1,1,0
18.3,1365,1,0.00378653,0.00378653,0.65544,0.673847,0.0184075,34.6218,34.6954,11,11,0,0.440629,0.444501,0.003872,0,1,1,1
18.3,1365,2,0.0184357,0.0184357,0.643031,0.679532,0.0365014,34.5721,34.7181,10,10,0,0.418971,0.421963,0.002992,0,1,0,0
18.3,1365,3,0.092914,0.092914,0.651626,0.688559,0.0369334,34.6065,34.7542,9,9,0,0.594656,0.579896,0.01476,0,0,0,0
18.4,1366,1,0.000440657,0.000440657,0.656147,0.65544,0.000707686,34.6246,34.6218,11,11,0,0.444501,0.449461,0.00496,0,1,1,1
18.4,1366,2,2.36034e-05,2.36034e-05,0.643034,0.643031,3.03984e-06,34.5721,34.5721,10,10,0,0.421963,0.421787,0.000176,0,1,1,1
18.4,1366,3,0.00341189,0.00341189,0.651637,0.651626,1.19805e-05,34.6065,34.6065,9,9,0,0.579896,0.572504,0.007392,0,1,1,1
18.5,1367,1,0.0431711,0.0431711,0.626762,0.656147,0.0293854,34.507,34.6246,11,10,-1,0.449461,0.439931,0.00953067,1,0,0,0
18.5,1367,2,0.0136257,0.0136257,0.657291,0.643034,0.0142577,34.6292,34.5721,10,10,0,0.421787,0.363675,0.058112,1,1,1,0
18.5,1367,3,0.0459808,0.0459808,0.6892,0.651637,0.0375628,34.7568,34.6065,9,10,1,0.572504,0.461923,0.110581,1,0,0,0
18.6,1368,1,0.0131314,0.0131314,0.619928,0.626762,0.00683373,34.4797,34.507,10,10,0,0.439931,0.480811,0.04088,0,1,1,0
18.6,1368,2,0.00704613,0.00704613,0.678531,0.657291,0.0212392,34.7141,34.6292,10,10,0,0.363675,0.441307,0.077632,0,1,0,0
18.6,1368,3,0.0113551,0.0113551,0.669823,0.6892,0.0193774,34.6793,34.7568,10,10,0,0.461923,0.510635,0.048712,0,1,1,0
18.7,1369,1,0.0117101,0.0117101,0.62721,0.619928,0.00728214,34.5088,34.4797,10,10,0,0.480811,0.474075,0.006736,0,1,1,1
18.7,1369,2,0.00698212,0.00698212,0.657913,0.678531,0.0206177,34.6317,34.7141,10,10,0,0.441307,0.433755,0.007552,0,1,0,0
18.7,1369,3,0.0324667,0.0324667,0.685934,0.669823,0.0161112,34.7437,34.6793,10,10,0,0.510635,0.522979,0.012344,0,0,1,0
18.8,1370,1,0.0407379,0.0407379,0.660021,0.62721,0.0328103,34.6401,34.5088,10,11,1,0.474075,0.407829,0.0662453,0,0,0,0
18.8,1370,2,0.025746,0.025746,0.66984,0.657913,0.0119275,34.6794,34.6317,10,11,1,0.433755,0.276165,0.157589,0,0,1,0
18.8,1370,3,0.062518,0.062518,0.699528,0.685934,0.0135942,34.7981,34.7437,10,8,-2,0.522979,0.584477,0.0614987,0,0,1,0
18.9,1371,1,0.00528064,0.00528064,0.666794,0.660021,0.00677383,34.6672,34.6401,11,11,0,0.407829,0.432085,0.024256,0,1,1,0
18.9,1371,2,0.00592342,0.00592342,0.675598,0.66984,0.00575769,34.7024,34.6794,11,11,0,0.276165,0.358877,0.082712,0,1,1,0
18.9,1371,3,0.0114542,0.0114542,0.709396,0.699528,0.00986803,34.8376,34.7981,8,8,0,0.584477,0.669077,0.0846,0,1,1,0
19,1372,1,0.0464418,0.0464418,0.626366,0.666794,0.040428,34.5055,34.6672,11,10,-1,0.432085,0.444763,0.0126773,0,0,0,0
19,1372,2,0.0191082,0.0191082,0.657563,0.675598,0.0180351,34.6303,34.7024,11,10,-1,0.358877,0.355899,0.00297867,0,1,1,1
19,1372,3,0.0413596,0.0413596,0.709459,0.709396,6.30617e-05,34.8378,34.8376,8,10,2,0.669077,0.444723,0.224355,0,0,1,0
19.1,1373,1,0.0120648,0.0120648,0.620213,0.626366,0.00615299,34.4809,34.5055,10,10,0,0.444763,0.481579,0.036816,0,1,1,0
19.1,1373,2,0.0236527,0.0236527,0.694783,0.657563,0.0372198,34.7791,34.6303,10,10,0,0.355899,0.432979,0.07708,0,0,0,0
19.1,1373,3,0.0221092,0.0221092,0.67254,0.709459,0.0369191,34.6902,34.8378,10,10,0,0.444723,0.522875,0.078152,0,0,0,0
19.2,1374,1,0.0162063,0.0162063,0.64037,0.620213,0.0201567,34.5615,34.4809,10,11,1,0.481579,0.431093,0.0504853,0,1,0,0
19.2,1374,2,0.00401762,0.00401762,0.669519,0.694783,0.0252643,34.6781,34.7791,10,11,1,0.432979,0.387013,0.0459653,0,1,0,0
19.2,1374,3,0.0957854,0.0957854,0.67113,0.67254,0.00141048,34.6845,34.6902,10,8,-2,0.522875,0.564197,0.0413227,0,0,1,0
19.3,1375,1,0.0120192,0.0120192,0.658434,0.64037,0.0180637,34.6337,34.5615,11,11,0,0.431093,0.402877,0.028216,0,1,1,0
19.3,1375,2,0.00405142,0.00405142,0.66948,0.669519,3.86238e-05,34.6779,34.6781,11,11,0,0.387013,0.280213,0.1068,0,1,1,0
19.3,1375,3,0.126727,0.126727,0.708155,0.67113,0.0370252,34.8326,34.6845,8,8,0,0.564197,0.638429,0.074232,0,0,0,0
19.4,1376,1,0.00745231,0.00745231,0.668336,0.658434,0.00990224,34.6733,34.6337,11,11,0,0.402877,0.438877,0.036,0,1,1,0
19.4,1376,2,0.00442424,0.00442424,0.675905,0.66948,0.00642473,34.7036,34.6779,11,11,0,0.280213,0.354149,0.073936,0,1,1,0
19.4,1376,3,0.00304836,0.00304836,0.710772,0.708155,0.00261736,34.8431,34.8326,8,8,0,0.638429,0.658213,0.019784,0,1,1,0
19.5,1377,1,0.00649673,0.00649673,0.653717,0.668336,0.0146193,34.6149,34.6733,11,11,0,0.438877,0.434581,0.004296,0,1,1,1
19.5,1377,2,0.00739014,0.00739014,0.670797,0.675905,0.00510812,34.6832,34.7036,11,11,0,0.354149,0.354325,0.000176,0,1,1,1
19.5,1377,3,0.0681135,0.0681135,0.676792,0.710772,0.0339801,34.7072,34.8431,8,8,0,0.658213,0.665093,0.00688,0,0,0,0
19.6,1378,1,9.11951e-06,9.11951e-06,0.653771,0.653717,5.40018e-05,34.6151,34.6149,11,11,0,0.434581,0.434869,0.000288,0,1,1,1
19.6,1378,2,0.000288665,0.000288665,0.671017,0.670797,0.000220418,34.6841,34.6832,11,11,0,0.354325,0.348821,0.005504,0,1,1,1
19.6,1378,3,0.00424013,0.00424013,0.676008,0.676792,0.000784218,34.704,34.7072,8,8,0,0.665093,0.658213,0.00688,0,1,1,1
19.7,1379,1,0.0413245,0.0413245,0.626383,0.653771,0.0273876,34.5055,34.6151,11,10,-1,0.434869,0.444475,0.00960533,1,0,0,0
19.7,1379,2,0.022656,0.022656,0.668271,0.671017,0.00274569,34.6731,34.6841,11,10,-1,0.348821,0.350395,0.00157333,1,0,1,0
19.7,1379,3,0.0144022,0.0144022,0.692783,0.676008,0.0167754,34.7711,34.704,8,10,2,0.658213,0.492931,0.165283,1,1,1,0
19.8,1380,1,0.0123871,0.0123871,0.619161,0.626383,0.00722229,34.4766,34.5055,10,10,0,0.444475,0.478747,0.034272,0,1,1,0
19.8,1380,2,0.00328219,0.00328219,0.688307,0.668271,0.0200354,34.7532,34.6731,10,10,0,0.350395,0.436563,0.086168,0,1,0,0
19.8,1380,3,0.0330161,0.0330161,0.67247,0.692783,0.0203134,34.6899,34.7711,10,10,0,0.492931,0.492859,7.2e-05,0,0,0,0
19.9,1381,1,0.0122173,0.0122173,0.627122,0.619161,0.00796133,34.5085,34.4766,10,10,0,0.478747,0.477579,0.001168,0,1,1,1
19.9,1381,2,0.00565353,0.00565353,0.669391,0.688307,0.0189158,34.6776,34.7532,10,10,0,0.436563,0.439963,0.0034,0,1,1,1
19.9,1381,3,0.0328592,0.0328592,0.687006,0.67247,0.0145357,34.748,34.6899,10,10,0,0.492859,0.518315,0.025456,0,0,1,0
20,1382,1,0.0391156,0.0391156,0.653669,0.627122,0.026547,34.6147,34.5085,10,11,1,0.477579,0.389293,0.0882853,0,0,0,0
20,1382,2,0.00105596,0.00105596,0.649322,0.669391,0.020069,34.5973,34.6776,10,11,1,0.439963,0.267845,0.172117,0,1,0,0
20,1382,3,0.06408,0.06408,0.706481,0.687006,0.019475,34.8259,34.748,10,8,-2,0.518315,0.613901,0.0955867,0,0,1,0
20.1,1383,1,0.00852177,0.00852177,0.668331,0.653669,0.0146621,34.6733,34.6147,11,11,0,0.389293,0.438861,0.049568,0,1,1,0
20.1,1383,2,0.00852683,0.00852683,0.661242,0.649322,0.0119202,34.645,34.5973,11,11,0,0.267845,0.358885,0.09104,0,1,1,0
20.1,1383,3,0.0122104,0.0122104,0.708709,0.706481,0.0022282,34.8348,34.8259,8,8,0,0.613901,0.655397,0.041496,0,1,1,0
20.2,1384,1,0.0470474,0.0470474,0.62623,0.668331,0.042101,34.5049,34.6733,11,10,-1,0.438861,0.447955,0.00909333,0,0,0,0
20.2,1384,2,0.0171967,0.0171967,0.668258,0.661242,0.00701648,34.673,34.645,11,10,-1,0.358885,0.354427,0.00445867,0,1,1,1
20.2,1384,3,0.0452572,0.0452572,0.707961,0.708709,0.0007478,34.8318,34.8348,8,10,2,0.655397,0.449275,0.206123,0,0,1,0
20.3,1385,1,0.0119143,0.0119143,0.617963,0.62623,0.00826728,34.4719,34.5049,10,10,0,0.447955,0.475531,0.027576,0,1,1,0
20.3,1385,2,0.00401872,0.00401872,0.688257,0.668258,0.0199981,34.753,34.673,10,10,0,0.354427,0.435227,0.0808,0,1,1,0
20.3,1385,3,0.0178715,0.0178715,0.673133,0.707961,0.0348278,34.6925,34.8318,10,10,0,0.449275,0.518315,0.06904,0,1,0,0
20.4,1386,1,0.0156628,0.0156628,0.640368,0.617963,0.0224047,34.5615,34.4719,10,11,1,0.475531,0.431077,0.0444533,0,1,0,0
20.4,1386,2,0.000554502,0.000554502,0.667667,0.688257,0.0205899,34.6707,34.753,10,10,0,0.435227,0.424907,0.01032,0,1,0,0
20.4,1386,3,0.0709894,0.0709894,0.662333,0.673133,0.0108002,34.6493,34.6925,10,9,-1,0.518315,0.536192,0.0178773,0,0,1,0
20.5,1387,1,0.0139546,0.0139546,0.661636,0.640368,0.021268,34.6465,34.5615,11,11,0,0.431077,0.413205,0.017872,0,1,0,0
20.5,1387,2,0.00823733,0.00823733,0.649257,0.667667,0.0184097,34.597,34.6707,10,10,0,0.424907,0.371963,0.052944,0,1,1,0
20.5,1387,3,0.116003,0.116003,0.688891,0.662333,0.0265578,34.7556,34.6493,9,9,0,0.536192,0.572544,0.036352,0,0,0,0
20.6,1388,1,0.0071553,0.0071553,0.669759,0.661636,0.00812376,34.679,34.6465,11,11,0,0.413205,0.446781,0.033576,0,1,1,0
20.6,1388,2,0.00852528,0.00852528,0.655361,0.649257,0.00610411,34.6214,34.597,10,10,0,0.371963,0.416459,0.044496,0,1,1,0
20.6,1388,3,0.00632748,0.00632748,0.693713,0.688891,0.0048216,34.7749,34.7556,9,9,0,0.572544,0.604248,0.031704,0,1,1,0
20.7,1389,1,0.00437933,0.00437933,0.658125,0.669759,0.0116341,34.6325,34.679,11,11,0,0.446781,0.413365,0.033416,0,1,1,0
20.7,1389,2,0.0153081,0.0153081,0.642254,0.655361,0.0131069,34.569,34.6214,10,10,0,0.416459,0.395595,0.020864,0,1,1,0
20.7,1389,3,0.0813077,0.0813077,0.662227,0.693713,0.0314851,34.6489,34.7749,9,9,0,0.604248,0.601736,0.002512,0,0,0,0
20.8,1390,1,0.00150049,0.00150049,0.657032,0.658125,0.00109279,34.6281,34.6325,11,11,0,0.413365,0.423181,0.009816,0,1,1,1
20.8,1390,2,0.000907779,0.000907779,0.642268,0.642254,1.41263e-05,34.5691,34.569,10,10,0,0.395595,0.389579,0.006016,0,1,1,1
20.8,1390,3,0.00510299,0.00510299,0.664877,0.662227,0.0026499,34.6595,34.6489,9,9,0,0.601736,0.612608,0.010872,0,1,1,0
20.9,1391,1,0.0257814,0.0257814,0.645177,0.657032,0.0118553,34.5807,34.6281,11,11,0,0.423181,0.394357,0.028824,0,0,1,0
20.9,1391,2,0.0152929,0.0152929,0.655816,0.642268,0.0135477,34.6233,34.5691,10,9,-1,0.389579,0.411904,0.0223253,0,1,1,0
20.9,1391,3,0.0227097,0.0227097,0.682641,0.664877,0.0177637,34.7306,34.6595,9,10,1,0.612608,0.482355,0.130253,0,0,1,0
21,1392,1,0.0354743,0.0354743,0.661392,0.645177,0.0162153,34.6456,34.5807,11,11,0,0.394357,0.436357,0.042,0,0,1,0
21,1392,2,0.0243842,0.0243842,0.655124,0.655816,0.000692129,34.6205,34.6233,9,9,0,0.411904,0.485408,0.073504,0,0,1,0
21,1392,3,0.031632,0.031632,0.671133,0.682641,0.0115076,34.6845,34.7306,10,10,0,0.482355,0.530235,0.04788,0,0,1,0
21.1,1393,1,0.0283023,0.0283023,0.644827,0.661392,0.0165655,34.5793,34.6456,11,11,0,0.436357,0.437397,0.00104,0,0,1,0
21.1,1393,2,0.0121155,0.0121155,0.659582,0.655124,0.00445837,34.6383,34.6205,9,9,0,0.485408,0.487896,0.002488,0,1,1,1
21.1,1393,3,0.0561731,0.0561731,0.681909,0.671133,0.0107757,34.7276,34.6845,10,10,0,0.530235,0.540123,0.009888,0,0,1,0
21.2,1394,1,0.0136673,0.0136673,0.649325,0.644827,0.00449854,34.5973,34.5793,11,11,0,0.437397,0.380525,0.056872,0,1,1,0
21.2,1394,2,0.0262797,0.0262797,0.645692,0.659582,0.0138897,34.5828,34.6383,9,11,2,0.487896,0.254533,0.233363,0,0,1,0
21.2,1394,3,0.0655038,0.0655038,0.706803,0.681909,0.0248935,34.8272,34.7276,10,8,-2,0.540123,0.619341,0.0792187,0,0,0,0
21.3,1395,1,0.0107158,0.0107158,0.657565,0.649325,0.00823963,34.6303,34.5973,11,11,0,0.380525,0.418629,0.038104,0,1,1,0
21.3,1395,2,0.00272098,0.00272098,0.646133,0.645692,0.000440717,34.5845,34.5828,11,11,0,0.254533,0.324605,0.070072,0,1,1,0
21.3,1395,3,0.0100252,0.0100252,0.709429,0.706803,0.00262606,34.8377,34.8272,8,8,0,0.619341,0.683949,0.064608,0,1,1,0
21.4,1396,1,0.0311481,0.0311481,0.64515,0.657565,0.0124151,34.5806,34.6303,11,11,0,0.418629,0.396133,0.022496,0,0,1,0
21.4,1396,2,0.0162497,0.0162497,0.654904,0.646133,0.00877059,34.6196,34.5845,11,9,-2,0.324605,0.416464,0.0918587,0,1,1,0
21.4,1396,3,0.0428884,0.0428884,0.704557,0.709429,0.00487125,34.8182,34.8377,8,10,2,0.683949,0.455435,0.228515,0,0,1,0
21.5,1397,1,0.0359647,0.0359647,0.662684,0.64515,0.0175344,34.6507,34.5806,11,11,0,0.396133,0.442549,0.046416,0,0,1,0
21.5,1397,2,0.00493142,0.00493142,0.68357,0.654904,0.0286661,34.7343,34.6196,9,9,0,0.416464,0.479376,0.062912,0,1,0,0
21.5,1397,3,0.0170901,0.0170901,0.675034,0.704557,0.0295237,34.7001,34.8182,10,10,0,0.455435,0.534811,0.079376,0,1,0,0
21.6,1398,1,0.0318434,0.0318434,0.64396,0.662684,0.0187249,34.5758,34.6507,11,11,0,0.442549,0.418653,0.023896,0,0,1,0
21.6,1398,2,0.0429378,0.0429378,0.67657,0.68357,0.00699991,34.7063,34.7343,9,11,2,0.479376,0.404309,0.0750667,0,0,1,0
21.6,1398,3,0.0822067,0.0822067,0.672092,0.675034,0.00294209,34.6884,34.7001,10,8,-2,0.534811,0.587365,0.0525547,0,0,1,0
21.7,1399,1,0.0198447,0.0198447,0.650872,0.64396,0.00691277,34.6035,34.5758,11,11,0,0.418653,0.394333,0.02432,0,1,1,0
21.7,1399,2,0.0244029,0.0244029,0.645589,0.67657,0.0309805,34.5824,34.7063,11,11,0,0.404309,0.257773,0.146536,0,0,0,0
21.7,1399,3,0.113437,0.113437,0.710037,0.672092,0.0379458,34.8401,34.6884,8,8,0,0.587365,0.652997,0.065632,0,0,0,0
21.8,1400,1,0.00641179,0.00641179,0.65683,0.650872,0.0059576,34.6273,34.6035,11,11,0,0.394333,0.415941,0.021608,0,1,1,0
21.8,1400,2,0.00255874,0.00255874,0.64644,0.645589,0.000850618,34.5858,34.5824,11,11,0,0.257773,0.327429,0.069656,0,1,1,0
21.8,1400,3,0.00548595,0.00548595,0.709044,0.710037,0.000993133,34.8362,34.8401,8,8,0,0.652997,0.686765,0.033768,0,1,1,0
21.9,1401,1,0.00797138,0.00797138,0.65847,0.65683,0.00164026,34.6339,34.6273,11,11,0,0.415941,0.406325,0.009616,0,1,1,1
21.9,1401,2,0.0183236,0.0183236,0.669739,0.64644,0.0232993,34.679,34.5858,11,11,0,0.327429,0.324685,0.002744,0,1,0,0
21.9,1401,3,0.051975,0.051975,0.678934,0.709044,0.0301107,34.7157,34.8362,8,8,0,0.686765,0.683949,0.002816,0,0,0,0
22,1402,1,0.00147727,0.00147727,0.658118,0.65847,0.000352085,34.6325,34.6339,11,11,0,0.406325,0.413429,0.007104,0,1,1,1
22,1402,2,0.000641942,0.000641942,0.667731,0.669739,0.00200808,34.6709,34.679,11,11,0,0.324685,0.306093,0.018592,0,1,1,0
22,1402,3,0.00124472,0.00124472,0.679165,0.678934,0.000230908,34.7167,34.7157,8,8,0,0.683949,0.685989,0.00204,0,1,1,1
22.1,1403,1,0.0262362,0.0262362,0.645326,0.658118,0.0127918,34.5813,34.6325,11,11,0,0.413429,0.387317,0.026112,0,0,1,0
22.1,1403,2,0.00172538,0.00172538,0.660785,0.667731,0.00694615,34.6431,34.6709,11,9,-2,0.306093,0.382544,0.0764507,0,1,1,0
22.1,1403,3,0.00284907,0.00284907,0.690564,0.679165,0.0113991,34.7623,34.7167,8,10,2,0.685989,0.501627,0.184363,0,1,1,0
22.2,1404,1,0.0363112,0.0363112,0.659947,0.645326,0.0146202,34.6398,34.5813,11,11,0,0.387317,0.430069,0.042752,0,0,1,0
22.2,1404,2,0.0120437,0.0120437,0.678352,0.660785,0.0175671,34.7134,34.6431,9,9,0,0.382544,0.465472,0.082928,0,1,1,0
22.2,1404,3,0.0326916,0.0326916,0.672272,0.690564,0.0182918,34.6891,34.7623,10,10,0,0.501627,0.510963,0.009336,0,0,1,0
22.3,1405,1,0.036868,0.036868,0.639858,0.659947,0.0200885,34.5594,34.6398,11,11,0,0.430069,0.425381,0.004688,0,0,0,0
22.3,1405,2,0.00627536,0.00627536,0.656857,0.678352,0.0214954,34.6274,34.7134,9,9,0,0.465472,0.468712,0.00324,0,1,0,0
22.3,1405,3,0.0343811,0.0343811,0.68188,0.672272,0.00960827,34.7275,34.6891,10,10,0,0.510963,0.538787,0.027824,0,0,1,0
22.4,1406,1,0.0193321,0.0193321,0.607342,0.639858,0.0325162,34.4294,34.5594,11,10,-1,0.425381,0.419123,0.00625867,0,1,0,0
22.4,1406,2,0.0164692,0.0164692,0.648931,0.656857,0.00792557,34.5957,34.6274,9,11,2,0.468712,0.239485,0.229227,0,1,1,0
22.4,1406,3,0.0600762,0.0600762,0.692064,0.68188,0.0101839,34.7683,34.7275,10,9,-1,0.538787,0.485648,0.0531387,0,0,1,0
22.5,1407,1,0.00560713,0.00560713,0.611365,0.607342,0.0040229,34.4455,34.4294,10,10,0,0.419123,0.455547,0.036424,0,1,1,0
22.5,1407,2,0.00110024,0.00110024,0.652075,0.648931,0.00314361,34.6083,34.5957,11,11,0,0.239485,0.312773,0.073288,0,1,1,0
22.5,1407,3,0.0361659,0.0361659,0.703189,0.692064,0.0111246,34.8128,34.7683,9,9,0,0.485648,0.58492,0.099272,0,0,1,0
22.6,1408,1,0.0126246,0.0126246,0.641277,0.611365,0.0299124,34.5651,34.4455,10,11,1,0.455547,0.391453,0.0640933,0,1,0,0
22.6,1408,2,0.0131813,0.0131813,0.65774,0.652075,0.00566536,34.631,34.6083,11,9,-2,0.312773,0.39824,0.0854667,0,1,1,0
22.6,1408,3,0.0797614,0.0797614,0.709746,0.703189,0.00655711,34.839,34.8128,9,10,1,0.58492,0.439643,0.145277,0,0,1,0
22.7,1409,1,0.0162764,0.0162764,0.661525,0.641277,0.0202482,34.6461,34.5651,11,11,0,0.391453,0.412837,0.021384,0,1,0,0
22.7,1409,2,0.0167852,0.0167852,0.675674,0.65774,0.0179339,34.7027,34.631,9,9,0,0.39824,0.467232,0.068992,0,1,1,0
22.7,1409,3,0.0566731,0.0566731,0.683814,0.709746,0.0259319,34.7353,34.839,10,10,0,0.439643,0.540123,0.10048,0,0,0,0
22.8,1410,1,0.045653,0.045653,0.62785,0.661525,0.0336749,34.5114,34.6461,11,10,-1,0.412837,0.427195,0.0143573,0,0,0,0
22.8,1410,2,0.0551058,0.0551058,0.678376,0.675674,0.00270224,34.7135,34.7027,9,11,2,0.467232,0.379797,0.0874347,0,0,1,0
22.8,1410,3,0.104452,0.104452,0.680668,0.683814,0.0031454,34.7227,34.7353,10,9,-1,0.540123,0.544128,0.00400533,0,0,1,0
22.9,1411,1,0.0166413,0.0166413,0.606026,0.62785,0.0218245,34.4241,34.5114,10,10,0,0.427195,0.438683,0.011488,0,1,0,0
22.9,1411,2,0.0275713,0.0275713,0.652565,0.678376,0.0258113,34.6103,34.7135,11,11,0,0.379797,0.265933,0.113864,0,0,0,0
22.9,1411,3,0.110034,0.110034,0.696658,0.680668,0.0159899,34.7866,34.7227,9,9,0,0.544128,0.51564,0.028488,0,0,1,0
23,1412,1,0.000400215,0.000400215,0.609395,0.606026,0.00336927,34.4376,34.4241,10,10,0,0.438683,0.449515,0.010832,0,1,1,0
23,1412,2,0.00256366,0.00256366,0.651888,0.652565,0.000677407,34.6076,34.6103,11,11,0,0.265933,0.318813,0.05288,0,1,1,0
23,1412,3,0.0170603,0.0170603,0.703366,0.696658,0.00670725,34.8135,34.7866,9,9,0,0.51564,0.590464,0.074824,0,1,1,0
23.1,1413,1,0.0188921,0.0188921,0.617945,0.609395,0.00855023,34.4718,34.4376,10,10,0,0.449515,0.450219,0.000704,0,1,1,1
23.1,1413,2,0.017623,0.017623,0.666946,0.651888,0.0150583,34.6678,34.6076,11,11,0,0.318813,0.306085,0.012728,0,1,1,0
23.1,1413,3,0.101425,0.101425,0.660842,0.703366,0.0425238,34.6434,34.8135,9,9,0,0.590464,0.579592,0.010872,0,0,0,0
23.2,1414,1,0.00113896,0.00113896,0.61725,0.617945,0.000695109,34.469,34.4718,10,10,0,0.450219,0.455243,0.005024,0,1,1,1
23.2,1414,2,0.00132388,0.00132388,0.666541,0.666946,0.000404954,34.6662,34.6678,11,11,0,0.306085,0.311413,0.005328,0,1,1,1
23.2,1414,3,0.00368193,0.00368193,0.66446,0.660842,0.00361782,34.6578,34.6434,9,9,0,0.579592,0.58948,0.009888,0,1,1,1
23.3,1415,1,0.0272023,0.0272023,0.645801,0.61725,0.0285504,34.5832,34.469,10,11,1,0.455243,0.370509,0.0847333,1,0,0,0
23.3,1415,2,0.0067212,0.0067212,0.660149,0.666541,0.00639224,34.6406,34.6662,11,9,-2,0.311413,0.384304,0.0728907,1,1,1,0
23.3,1415,3,0.0161079,0.0161079,0.706734,0.66446,0.0422747,34.8269,34.6578,9,10,1,0.58948,0.448851,0.140629,1,1,0,0
23.4,1416,1,0.0151203,0.0151203,0.652396,0.645801,0.00659531,34.6096,34.5832,11,11,0,0.370509,0.404205,0.033696,0,1,1,0
23.4,1416,2,0.0178882,0.0178882,0.674909,0.660149,0.0147605,34.6996,34.6406,9,9,0,0.384304,0.462664,0.07836,0,1,1,0
23.4,1416,3,0.0568753,0.0568753,0.678999,0.706734,0.0277357,34.716,34.8269,10,10,0,0.448851,0.525547,0.076696,0,0,0,0
23.5,1417,1,0.0137905,0.0137905,0.640148,0.652396,0.012248,34.5606,34.6096,11,11,0,0.404205,0.403573,0.000632,0,1,1,1
23.5,1417,2,0.0128942,0.0128942,0.657025,0.674909,0.0178838,34.6281,34.6996,9,9,0,0.462664,0.468696,0.006032,0,1,1,1
23.5,1417,3,0.0716827,0.0716827,0.681986,0.678999,0.0029875,34.7279,34.716,10,10,0,0.525547,0.543923,0.018376,0,0,1,0
23.6,1418,1,0.029626,0.029626,0.611369,0.640148,0.0287789,34.4455,34.5606,11,10,-1,0.403573,0.394099,0.00947467,0,0,0,0
23.6,1418,2,0.0132276,0.0132276,0.65332,0.657025,0.0037055,34.6133,34.6281,9,11,2,0.468696,0.240845,0.227851,0,1,1,0
23.6,1418,3,0.0572951,0.0572951,0.691491,0.681986,0.00950485,34.766,34.7279,10,9,-1,0.543923,0.480504,0.0634187,0,0,1,0
23.7,1419,1,0.0170332,0.0170332,0.606895,0.611369,0.00447422,34.4276,34.4455,10,10,0,0.394099,0.434787,0.040688,0,1,1,0
23.7,1419,2,0.0038754,0.0038754,0.652053,0.65332,0.00126648,34.6082,34.6133,11,11,0,0.240845,0.313461,0.072616,0,1,1,0
23.7,1419,3,0.0387118,0.0387118,0.703317,0.691491,0.0118263,34.8133,34.766,9,9,0,0.480504,0.59328,0.112776,0,0,1,0
23.8,1420,1,0.0108972,0.0108972,0.64699,0.606895,0.0400945,34.588,34.4276,10,11,1,0.434787,0.360237,0.0745493,0,1,0,0
23.8,1420,2,0.0125321,0.0125321,0.659304,0.652053,0.00725049,34.6372,34.6082,11,9,-2,0.313461,0.388808,0.0753467,0,1,1,0
23.8,1420,3,0.0771737,0.0771737,0.712591,0.703317,0.00927335,34.8504,34.8133,9,10,1,0.59328,0.428467,0.164813,0,0,1,0
23.9,1421,1,0.0132777,0.0132777,0.649618,0.64699,0.00262809,34.5985,34.588,11,11,0,0.360237,0.394333,0.034096,0,1,1,0
23.9,1421,2,0.0174494,0.0174494,0.675674,0.659304,0.0163701,34.7027,34.6372,9,9,0,0.388808,0.467232,0.078424,0,1,1,0
23.9,1421,3,0.0560811,0.0560811,0.685325,0.712591,0.0272657,34.7413,34.8504,10,10,0,0.428467,0.543923,0.115456,0,0,0,0
24,1422,1,0.0344892,0.0344892,0.670028,0.649618,0.0204102,34.6801,34.5985,11,9,-2,0.394333,0.446248,0.0519147,0,0,0,0
24,1422,2,0.0549519,0.0549519,0.678065,0.675674,0.00239116,34.7123,34.7027,9,11,2,0.467232,0.385109,0.0821227,0,0,1,0
24,1422,3,0.0725625,0.0725625,0.689284,0.685325,0.00395882,34.7571,34.7413,10,10,0,0.543923,0.506995,0.036928,0,0,1,0
24.1,1423,1,0.000617832,0.000617832,0.618145,0.670028,0.0518831,34.4726,34.6801,9,9,0,0.446248,0.483656,0.037408,0,1,0,0
24.1,1423,2,0.0262173,0.0262173,0.652563,0.678065,0.0255024,34.6103,34.7123,11,11,0,0.385109,0.283805,0.101304,0,0,0,0
24.1,1423,3,0.0557318,0.0557318,0.683373,0.689284,0.00591129,34.7335,34.7571,10,10,0,0.506995,0.405651,0.101344,0,0,1,0
24.2,1424,1,0.00691363,0.00691363,0.624768,0.618145,0.00662327,34.4991,34.4726,9,9,0,0.483656,0.515832,0.032176,0,1,1,0
24.2,1424,2,0.00121343,0.00121343,0.652005,0.652563,0.000557601,34.608,34.6103,11,11,0,0.283805,0.324853,0.041048,0,1,1,0
24.2,1424,3,0.0441601,0.0441601,0.682409,0.683373,0.000963748,34.7296,34.7335,10,10,0,0.405651,0.512795,0.107144,0,0,1,0
24.3,1425,1,0.00692368,0.00692368,0.642227,0.624768,0.0174594,34.5689,34.4991,9,9,0,0.515832,0.525184,0.009352,0,1,1,1
24.3,1425,2,0.0238073,0.0238073,0.646345,0.652005,0.00566012,34.5854,34.608,11,11,0,0.324853,0.328389,0.003536,0,0,1,0
24.3,1425,3,0.0428408,0.0428408,0.672582,0.682409,0.00982666,34.6903,34.7296,10,10,0,0.512795,0.506491,0.006304,0,0,1,0
24.4,1426,1,0.00144398,0.00144398,0.645724,0.642227,0.00349659,34.5829,34.5689,9,9,0,0.525184,0.524592,0.000592,0,1,1,1
24.4,1426,2,2.29478e-05,2.29478e-05,0.646263,0.646345,8.23736e-05,34.5851,34.5854,11,11,0,0.328389,0.326901,0.001488,0,1,1,1
24.4,1426,3,0.000365198,0.000365198,0.672533,0.672582,4.8995e-05,34.6901,34.6903,10,10,0,0.506491,0.505419,0.001072,0,1,1,1
24.5,1427,1,0.0506125,0.0506125,0.656177,0.645724,0.0104532,34.6247,34.5829,9,11,2,0.524592,0.460597,0.0639947,1,0,1,0
24.5,1427,2,0.0115037,0.0115037,0.659739,0.646263,0.0134766,34.639,34.5851,11,9,-2,0.326901,0.386488,0.0595867,1,1,1,0
24.5,1427,3,0.0400607,0.0400607,0.716648,0.672533,0.0441145,34.8666,34.6901,10,10,0,0.505419,0.406523,0.098896,1,0,0,0
24.6,1428,1,0.018165,0.018165,0.651106,0.656177,0.00507081,34.6044,34.6247,11,11,0,0.460597,0.430469,0.030128,0,1,1,0
24.6,1428,2,0.0176964,0.0176964,0.675296,0.659739,0.0155563,34.7012,34.639,9,9,0,0.386488,0.464728,0.07824,0,1,1,0
24.6,1428,3,0.0851704,0.0851704,0.68529,0.716648,0.0313573,34.7412,34.8666,10,10,0,0.406523,0.520539,0.114016,0,0,0,0
24.7,1429,1,0.00707629,0.00707629,0.654787,0.651106,0.00368017,34.6191,34.6044,11,11,0,0.430469,0.422517,0.007952,0,1,1,1
24.7,1429,2,0.0110612,0.0110612,0.650297,0.675296,0.0249991,34.6012,34.7012,9,9,0,0.464728,0.469456,0.004728,0,1,0,0
24.7,1429,3,0.101359,0.101359,0.686193,0.68529,0.000902653,34.7448,34.7412,10,10,0,0.520539,0.522779,0.00224,0,0,1,0
24.8,1430,1,0.0437734,0.0437734,0.615464,0.654787,0.0393222,34.4619,34.6191,11,9,-2,0.422517,0.482648,0.0601307,0,0,0,0
24.8,1430,2,0.0168684,0.0168684,0.663806,0.650297,0.0135093,34.6552,34.6012,9,11,2,0.469456,0.260213,0.209243,0,1,1,0
24.8,1430,3,0.0477029,0.0477029,0.684848,0.686193,0.00134516,34.7394,34.7448,10,10,0,0.522779,0.378835,0.143944,0,0,1,0
24.9,1431,1,0.00935251,0.00935251,0.622973,0.615464,0.00750893,34.4919,34.4619,9,9,0,0.482648,0.525936,0.043288,0,1,1,0
24.9,1431,2,0.00554001,0.00554001,0.649987,0.663806,0.0138184,34.5999,34.6552,11,11,0,0.260213,0.330877,0.070664,0,1,1,0
24.9,1431,3,0.0393484,0.0393484,0.679846,0.684848,0.00500226,34.7194,34.7394,10,10,0,0.378835,0.485243,0.106408,0,0,1,0
25,1432,1,0.0469094,0.0469094,0.65651,0.622973,0.0335363,34.626,34.4919,9,11,2,0.525936,0.398885,0.127051,0,0,0,0
25,1432,2,0.00439727,0.00439727,0.668232,0.649987,0.0182447,34.6729,34.5999,11,9,-2,0.330877,0.400752,0.0698747,0,1,1,0
25,1432,3,0.0708658,0.0708658,0.716561,0.679846,0.0367153,34.8662,34.7194,10,10,0,0.485243,0.406995,0.078248,0,0,0,0
25.1,1433,1,0.00183141,0.00183141,0.650135,0.65651,0.00637454,34.6005,34.626,11,11,0,0.398885,0.422749,0.023864,0,1,1,0
25.1,1433,2,0.0083167,0.0083167,0.694632,0.668232,0.0263999,34.7785,34.6729,9,9,0,0.400752,0.467248,0.066496,0,1,0,0
25.1,1433,3,0.0890357,0.0890357,0.690359,0.716561,0.0262023,34.7614,34.8662,10,10,0,0.406995,0.534339,0.127344,0,0,0,0
25.2,1434,1,0.0389888,0.0389888,0.666105,0.650135,0.0159703,34.6644,34.6005,11,9,-2,0.422749,0.46896,0.0462107,0,0,1,0
25.2,1434,2,0.0184164,0.0184164,0.669269,0.694632,0.0253633,34.6771,34.7785,9,11,2,0.467248,0.383637,0.0836107,0,1,0,0
25.2,1434,3,0.105511,0.105511,0.692449,0.690359,0.00209075,34.7698,34.7614,10,10,0,0.534339,0.494203,0.040136,0,0,1,0
25.3,1435,1,0.00283533,0.00283533,0.617168,0.666105,0.0489374,34.4687,34.6644,9,9,0,0.46896,0.505808,0.036848,0,1,0,0
25.3,1435,2,0.0133606,0.0133606,0.65822,0.669269,0.0110484,34.6329,34.6771,11,11,0,0.383637,0.266477,0.11716,0,1,1,0
25.3,1435,3,0.053766,0.053766,0.683727,0.692449,0.00872195,34.7349,34.7698,10,10,0,0.494203,0.399211,0.094992,0,0,1,0
25.4,1436,1,0.00298423,0.00298423,0.622105,0.617168,0.0049367,34.4884,34.4687,9,9,0,0.505808,0.523112,0.017304,0,1,1,0
25.4,1436,2,0.0055539,0.0055539,0.647823,0.65822,0.0103973,34.5913,34.6329,11,11,0,0.266477,0.326909,0.060432,0,1,1,0
25.4,1436,3,0.0335748,0.0335748,0.679846,0.683727,0.00388181,34.7194,34.7349,10,10,0,0.399211,0.485243,0.086032,0,0,1,0
25.5,1437,1,0.0133849,0.0133849,0.645829,0.622105,0.0237243,34.5833,34.4884,9,9,0,0.523112,0.525184,0.002072,0,1,0,0
25.5,1437,2,0.00253624,0.00253624,0.646148,0.647823,0.00167495,34.5846,34.5913,11,11,0,0.326909,0.324829,0.00208,0,1,1,1
25.5,1437,3,0.0434023,0.0434023,0.670751,0.679846,0.00909477,34.683,34.7194,10,10,0,0.485243,0.492315,0.007072,0,0,1,0
25.6,1438,1,5.25117e-05,5.25117e-05,0.645724,0.645829,0.000104845,34.5829,34.5833,9,9,0,0.525184,0.524592,0.000592,0,1,1,1
25.6,1438,2,5.48959e-05,5.48959e-05,0.646345,0.646148,0.000196636,34.5854,34.5846,11,11,0,0.324829,0.328381,0.003552,0,1,1,1
25.6,1438,3,0.00211179,0.00211179,0.670605,0.670751,0.000145972,34.6824,34.683,10,10,0,0.492315,0.486011,0.006304,0,1,1,1
25.7,1439,1,0.0309122,0.0309122,0.658369,0.645724,0.0126451,34.6335,34.5829,9,11,2,0.524592,0.385381,0.139211,1,0,1,0
25.7,1439,2,0.00382644,0.00382644,0.666532,0.646345,0.0201868,34.6661,34.5854,11,9,-2,0.328381,0.391936,0.0635547,1,1,0,0
25.7,1439,3,0.0253376,0.0253376,0.716956,0.670605,0.0463514,34.8678,34.6824,10,10,0,0.486011,0.404843,0.081168,1,0,0,0
25.8,1440,1,0.000587821,0.000587821,0.649161,0.658369,0.00920761,34.5966,34.6335,11,11,0,0.385381,0.414517,0.029136,0,1,1,0
25.8,1440,2,0.00741062,0.00741062,0.696034,0.666532,0.0295029,34.7841,34.6661,9,9,0,0.391936,0.465488,0.073552,0,1,0,0
25.8,1440,3,0.0847937,0.0847937,0.684647,0.716956,0.0323097,34.7386,34.8678,10,10,0,0.404843,0.518779,0.113936,0,0,0,0
25.9,1441,1,0.0301282,0.0301282,0.67149,0.649161,0.0223288,34.686,34.5966,11,9,-2,0.414517,0.489912,0.0753947,0,0,0,0
25.9,1441,2,0.0180776,0.0180776,0.650996,0.696034,0.045038,34.604,34.7841,9,9,0,0.465488,0.468712,0.003224,0,1,0,0
25.9,1441,3,0.10381,0.10381,0.683159,0.684647,0.00148731,34.7326,34.7386,10,10,0,0.518779,0.532867,0.014088,0,0,1,0
26,1442,1,0.0333764,0.0333764,0.611503,0.67149,0.0599869,34.446,34.686,9,9,0,0.489912,0.482256,0.007656,0,0,0,0
26,1442,2,0.0172272,0.0172272,0.65737,0.650996,0.00637323,34.6295,34.604,9,11,2,0.468712,0.270069,0.198643,0,1,1,0
26,1442,3,0.0471779,0.0471779,0.685799,0.683159,0.00263983,34.7432,34.7326,10,10,0,0.532867,0.377083,0.155784,0,0,1,0
26.1,1443,1,0.00625286,0.00625286,0.623674,0.611503,0.0121709,34.4947,34.446,9,9,0,0.482256,0.521512,0.039256,0,1,1,0
26.1,1443,2,0.00527677,0.00527677,0.648043,0.65737,0.00932699,34.5922,34.6295,11,11,0,0.270069,0.330893,0.060824,0,1,1,0
26.1,1443,3,0.0379562,0.0379562,0.680917,0.685799,0.00488204,34.7237,34.7432,10,10,0,0.377083,0.486987,0.109904,0,0,1,0
26.2,1444,1,0.0945721,0.0945721,0.673294,0.623674,0.0496194,34.6932,34.4947,9,11,2,0.521512,0.355821,0.165691,0,0,0,0
26.2,1444,2,0.0127934,0.0127934,0.654211,0.648043,0.00616807,34.6168,34.5922,11,9,-2,0.330893,0.449368,0.118475,0,1,1,0
26.2,1444,3,0.0681413,0.0681413,0.721347,0.680917,0.0404295,34.8854,34.7237,10,10,0,0.486987,0.407395,0.079592,0,0,0,0
26.3,1445,1,0.0133264,0.0133264,0.670811,0.673294,0.00248259,34.6832,34.6932,11,11,0,0.355821,0.420341,0.06452,0,1,1,0
26.3,1445,2,0.0196353,0.0196353,0.696174,0.654211,0.0419635,34.7847,34.6168,9,9,0,0.449368,0.46012,0.010752,0,1,0,0
26.3,1445,3,0.0832323,0.0832323,0.683335,0.721347,0.0380114,34.7333,34.8854,10,10,0,0.407395,0.522011,0.114616,0,0,0,0
26.4,1446,1,0.047249,0.047249,0.679996,0.670811,0.00918531,34.72,34.6832,11,9,-2,0.420341,0.463536,0.0431947,0,0,1,0
26.4,1446,2,0.0108908,0.0108908,0.668839,0.696174,0.0273357,34.6754,34.7847,9,11,2,0.46012,0.377237,0.0828827,0,1,0,0
26.4,1446,3,0.0988541,0.0988541,0.690893,0.683335,0.00755751,34.7636,34.7333,10,10,0,0.522011,0.502563,0.019448,0,0,1,0
26.5,1447,1,0.038756,0.038756,0.616935,0.679996,0.0630614,34.4677,34.72,9,9,0,0.463536,0.500344,0.036808,0,0,0,0
26.5,1447,2,0.0144598,0.0144598,0.652864,0.668839,0.0159742,34.6115,34.6754,11,11,0,0.377237,0.288621,0.088616,0,1,1,0
26.5,1447,3,0.0513524,0.0513524,0.684908,0.690893,0.00598431,34.7396,34.7636,10,10,0,0.502563,0.397467,0.105096,0,0,1,0
26.6,1448,1,0.00411382,0.00411382,0.622032,0.616935,0.00509745,34.4881,34.4677,9,9,0,0.500344,0.516144,0.0158,0,1,1,0
26.6,1448,2,0.00346097,0.00346097,0.648397,0.652864,0.00446749,34.5936,34.6115,11,11,0,0.288621,0.334853,0.046232,0,1,1,0
26.6,1448,3,0.0346693,0.0346693,0.68066,0.684908,0.00424784,34.7226,34.7396,10,10,0,0.397467,0.492315,0.094848,0,0,1,0
26.7,1449,1,0.0262794,0.0262794,0.662878,0.622032,0.0408455,34.6515,34.4881,9,9,0,0.516144,0.50588,0.010264,0,0,0,0
26.7,1449,2,0.00265625,0.00265625,0.646505,0.648397,0.00189209,34.586,34.5936,11,11,0,0.334853,0.330437,0.004416,0,1,1,1
26.7,1449,3,0.0521732,0.0521732,0.670633,0.68066,0.0100271,34.6825,34.7226,10,10,0,0.492315,0.476883,0.015432,0,0,1,0
26.8,1450,1,0.00099054,0.00099054,0.66087,0.662878,0.00200796,34.6435,34.6515,9,9,0,0.50588,0.512248,0.006368,0,1,1,1
26.8,1450,2,0.000388086,0.000388086,0.647088,0.646505,0.000582814,34.5884,34.586,11,11,0,0.330437,0.334701,0.004264,0,1,1,1
26.8,1450,3,0.0027476,0.0027476,0.669896,0.670633,0.000737786,34.6796,34.6825,10,10,0,0.476883,0.487755,0.010872,0,1,1,0
26.9,1451,1,0.0683036,0.0683036,0.673125,0.66087,0.0122549,34.6925,34.6435,9,11,2,0.512248,0.373981,0.138267,0,0,1,0
26.9,1451,2,0.00374314,0.00374314,0.666324,0.647088,0.0192364,34.6653,34.5884,11,9,-2,0.334701,0.39304,0.0583387,0,1,1,0
26.9,1451,3,0.0260845,0.0260845,0.718305,0.669896,0.0484098,34.8732,34.6796,10,10,0,0.487755,0.411459,0.076296,0,0,0,0
27,1452,1,0.00588182,0.00588182,0.667282,0.673125,0.00584275,34.6691,34.6925,11,11,0,0.373981,0.399221,0.02524,0,1,1,0
27,1452,2,0.00735429,0.00735429,0.69673,0.666324,0.0304057,34.7869,34.6653,9,9,0,0.39304,0.475688,0.082648,0,1,0,0
27,1452,3,0.0760357,0.0760357,0.691811,0.718305,0.0264944,34.7672,34.8732,10,10,0,0.411459,0.520523,0.109064,0,0,0,0
27.1,1453,1,0.0574833,0.0574833,0.674547,0.667282,0.00726545,34.6982,34.6691,11,9,-2,0.399221,0.480496,0.0812747,0,0,1,0
27.1,1453,2,0.0154543,0.0154543,0.669486,0.69673,0.027244,34.6779,34.7869,9,11,2,0.475688,0.411845,0.0638427,0,1,0,0
27.1,1453,3,0.0941592,0.0941592,0.703526,0.691811,0.0117149,34.8141,34.7672,10,10,0,0.520523,0.522763,0.00224,0,0,1,0
27.2,1454,1,0.0358447,0.0358447,0.610383,0.674547,0.0641648,34.4415,34.6982,9,9,0,0.480496,0.476416,0.00408,0,0,0,0
27.2,1454,2,0.0154766,0.0154766,0.658355,0.669486,0.0111311,34.6334,34.6779,11,11,0,0.411845,0.265909,0.145936,0,1,1,0
27.2,1454,3,0.0636527,0.0636527,0.677308,0.703526,0.0262183,34.7092,34.8141,10,10,0,0.522763,0.378827,0.143936,0,0,0,0
27.3,1455,1,0.00625834,0.00625834,0.62363,0.610383,0.013247,34.4945,34.4415,9,9,0,0.476416,0.521376,0.04496,0,1,1,0
27.3,1455,2,0.00584462,0.00584462,0.648378,0.658355,0.00997633,34.5935,34.6334,11,11,0,0.265909,0.334717,0.068808,0,1,1,0
27.3,1455,3,0.0224082,0.0224082,0.676444,0.677308,0.000863552,34.7058,34.7092,10,10,0,0.378827,0.485243,0.106416,0,0,1,0
27.4,1456,1,0.093188,0.093188,0.672943,0.62363,0.049313,34.6918,34.4945,9,11,2,0.521376,0.370357,0.151019,0,0,0,0
27.4,1456,2,0.00624567,0.00624567,0.663936,0.648378,0.0155578,34.6557,34.5935,11,9,-2,0.334717,0.40804,0.0733227,0,1,1,0
27.4,1456,3,0.0690297,0.0690297,0.717177,0.676444,0.0407333,34.8687,34.7058,10,10,0,0.485243,0.415739,0.069504,0,0,0,0
27.5,1457,1,0.0133323,0.0133323,0.671141,0.672943,0.00180143,34.6846,34.6918,11,11,0,0.370357,0.426581,0.056224,0,1,1,0
27.5,1457,2,0.0151211,0.0151211,0.69653,0.663936,0.0325943,34.7861,34.6557,9,9,0,0.40804,0.446112,0.038072,0,1,0,0
27.5,1457,3,0.0784512,0.0784512,0.696352,0.717177,0.0208251,34.7854,34.8687,10,10,0,0.415739,0.529163,0.113424,0,0,0,0
27.6,1458,1,0.0476809,0.0476809,0.677749,0.671141,0.00660747,34.711,34.6846,11,9,-2,0.426581,0.47056,0.0439787,0,0,1,0
27.6,1458,2,0.00725254,0.00725254,0.669318,0.69653,0.0272128,34.6773,34.7861,9,11,2,0.446112,0.367405,0.0787067,0,1,0,0
27.6,1458,3,0.0957672,0.0957672,0.704612,0.696352,0.00825959,34.8184,34.7854,10,10,0,0.529163,0.485147,0.044016,0,0,1,0
27.7,1459,1,0.0334505,0.0334505,0.621017,0.677749,0.0567318,34.4841,34.711,9,9,0,0.47056,0.51296,0.0424,0,0,0,0
27.7,1459,2,0.00966781,0.00966781,0.659896,0.669318,0.00942177,34.6396,34.6773,11,11,0,0.367405,0.259381,0.108024,0,1,1,0
27.7,1459,3,0.0640041,0.0640041,0.677716,0.704612,0.0268955,34.7109,34.8184,10,10,0,0.485147,0.389107,0.09604,0,0,0,0
27.8,1460,1,0.000682563,0.000682563,0.622113,0.621017,0.00109601,34.4885,34.4841,9,9,0,0.51296,0.516408,0.003448,0,1,1,1
27.8,1460,2,0.00558984,0.00558984,0.648105,0.659896,0.0117913,34.5924,34.6396,11,11,0,0.259381,0.314245,0.054864,0,1,1,0
27.8,1460,3,0.0206347,0.0206347,0.676505,0.677716,0.00121123,34.706,34.7109,10,10,0,0.389107,0.492315,0.103208,0,0,1,0
27.9,1461,1,0.0252015,0.0252015,0.659134,0.622113,0.0370213,34.6365,34.4885,9,9,0,0.516408,0.519632,0.003224,0,0,0,0
27.9,1461,2,0.00671154,0.00671154,0.666496,0.648105,0.0183915,34.666,34.5924,11,11,0,0.314245,0.312005,0.00224,0,1,1,1
27.9,1461,3,0.0407802,0.0407802,0.670066,0.676505,0.00643885,34.6803,34.706,10,10,0,0.492315,0.485243,0.007072,0,0,1,0
28,1462,1,0.00158978,0.00158978,0.657612,0.659134,0.00152194,34.6304,34.6365,9,9,0,0.519632,0.529696,0.010064,0,1,1,0
28,1462,2,0.000984699,0.000984699,0.666195,0.666496,0.000301301,34.6648,34.666,11,11,0,0.312005,0.315965,0.00396,0,1,1,1
28,1462,3,0.000634283,0.000634283,0.669896,0.670066,0.000170529,34.6796,34.6803,10,10,0,0.485243,0.487755,0.002512,0,1,1,1
28.1,1463,1,0.0767966,0.0767966,0.67584,0.657612,0.018228,34.7034,34.6304,9,11,2,0.529696,0.448597,0.0810987,0,0,1,0
28.1,1463,2,0.0174523,0.0174523,0.660083,0.666195,0.00611198,34.6403,34.6648,11,9,-2,0.315965,0.423912,0.107947,0,1,1,0
28.1,1463,3,0.0468037,0.0468037,0.701746,0.669896,0.0318503,34.807,34.6796,10,10,0,0.487755,0.503907,0.016152,0,0,0,0
28.2,1464,1,0.0228384,0.0228384,0.671083,0.67584,0.00475711,34.6843,34.7034,11,11,0,0.448597,0.424973,0.023624,0,0,1,0
28.2,1464,2,0.0175808,0.0175808,0.696117,0.660083,0.0360344,34.7845,34.6403,9,9,0,0.423912,0.462312,0.0384,0,1,0,0
28.2,1464,3,0.0974746,0.0974746,0.701907,0.701746,0.00016135,34.8076,34.807,10,10,0,0.503907,0.546963,0.043056,0,0,1,0
28.3,1465,1,0.0343961,0.0343961,0.698491,0.671083,0.0274076,34.794,34.6843,11,9,-2,0.424973,0.46976,0.0447867,0,0,0,0
28.3,1465,2,0.0110134,0.0110134,0.669274,0.696117,0.0268435,34.6771,34.7845,9,12,3,0.462312,0.34936,0.112952,0,1,0,0
28.3,1465,3,0.119868,0.119868,0.699733,0.701907,0.00217396,34.7989,34.8076,10,9,-1,0.546963,0.539088,0.00787467,0,0,1,0
28.4,1466,1,0.024377,0.024377,0.63405,0.698491,0.0644405,34.5362,34.794,9,9,0,0.46976,0.48768,0.01792,0,0,0,0
28.4,1466,2,2.52128e-05,2.52128e-05,0.689689,0.669274,0.0204154,34.7588,34.6771,12,12,0,0.34936,0.218384,0.130976,0,1,0,0
28.4,1466,3,0.0837969,0.0837969,0.684092,0.699733,0.0156415,34.7364,34.7989,9,9,0,0.539088,0.502296,0.036792,0,0,1,0
28.5,1467,1,0.00777304,0.00777304,0.643926,0.63405,0.00987613,34.5757,34.5362,9,9,0,0.48768,0.523664,0.035984,0,1,1,0
28.5,1467,2,0.0017001,0.0017001,0.679292,0.689689,0.0103973,34.7172,34.7588,12,12,0,0.218384,0.261952,0.043568,0,1,1,0
28.5,1467,3,0.0311227,0.0311227,0.703287,0.684092,0.0191947,34.8131,34.7364,9,9,0,0.502296,0.575624,0.073328,0,0,1,0
28.6,1468,1,0.103243,0.103243,0.686643,0.643926,0.0427163,34.7466,34.5757,9,11,2,0.523664,0.356301,0.167363,0,0,0,0
28.6,1468,2,0.0219836,0.0219836,0.661508,0.679292,0.0177835,34.646,34.7172,12,9,-3,0.261952,0.409048,0.147096,0,0,1,0
28.6,1468,3,0.0818856,0.0818856,0.716805,0.703287,0.0135188,34.8672,34.8131,9,10,1,0.575624,0.425075,0.150549,0,0,1,0
28.7,1469,1,0.00075835,0.00075835,0.690356,0.686643,0.00371331,34.7614,34.7466,11,11,0,0.356301,0.404437,0.048136,0,1,1,0
28.7,1469,2,0.00896093,0.00896093,0.695957,0.661508,0.0344489,34.7838,34.646,9,9,0,0.409048,0.45112,0.042072,0,1,0,0
28.7,1469,3,0.0531929,0.0531929,0.67142,0.716805,0.0453855,34.6857,34.8672,10,10,0,0.425075,0.511603,0.086528,0,0,0,0
28.8,1470,1,0.0834276,0.0834276,0.701834,0.690356,0.011478,34.8073,34.7614,11,9,-2,0.404437,0.458472,0.0540347,0,0,1,0
28.8,1470,2,0.0382387,0.0382387,0.682444,0.695957,0.0135131,34.7298,34.7838,9,12,3,0.45112,0.331544,0.119576,0,0,1,0
28.8,1470,3,0.083739,0.083739,0.704469,0.67142,0.0330489,34.8179,34.6857,10,9,-1,0.511603,0.52296,0.0113573,0,0,0,0
28.9,1471,1,0.0221201,0.0221201,0.638895,0.701834,0.0629393,34.5556,34.8073,9,9,0,0.458472,0.507696,0.049224,0,0,0,0
28.9,1471,2,0.012462,0.012462,0.693631,0.682444,0.0111868,34.7745,34.7298,12,12,0,0.331544,0.241216,0.090328,0,1,1,0
28.9,1471,3,0.0813091,0.0813091,0.684092,0.704469,0.0203769,34.7364,34.8179,9,9,0,0.52296,0.502296,0.020664,0,0,0,0
29,1472,1,0.00321627,0.00321627,0.644089,0.638895,0.00519413,34.5764,34.5556,9,9,0,0.507696,0.524192,0.016496,0,1,1,0
29,1472,2,0.00357413,0.00357413,0.689175,0.693631,0.00445592,34.7567,34.7745,12,12,0,0.241216,0.266208,0.024992,0,1,1,0
29,1472,3,0.0352878,0.0352878,0.704783,0.684092,0.0206912,34.8191,34.7364,9,9,0,0.502296,0.5868,0.084504,0,0,0,0
29.1,1473,1,0.00329712,0.00329712,0.660282,0.644089,0.0161929,34.6411,34.5764,9,9,0,0.524192,0.519624,0.004568,0,1,1,1
29.1,1473,2,0.00304577,0.00304577,0.686119,0.689175,0.00305605,34.7445,34.7567,12,12,0,0.266208,0.271984,0.005776,0,1,1,1
29.1,1473,3,0.128855,0.128855,0.670911,0.704783,0.0338721,34.6836,34.8191,9,9,0,0.5868,0.573112,0.013688,0,0,0,0
29.2,1474,1,0.000944614,0.000944614,0.659243,0.660282,0.00103885,34.637,34.6411,9,9,0,0.519624,0.529696,0.010072,0,1,1,0
29.2,1474,2,0.00108027,0.00108027,0.686257,0.686119,0.000138283,34.745,34.7445,12,12,0,0.271984,0.266512,0.005472,0,1,1,1
29.2,1474,3,0.000858754,0.000858754,0.67129,0.670911,0.000379205,34.6852,34.6836,9,9,0,0.573112,0.57516,0.002048,0,1,1,1
29.3,1475,1,0.100633,0.100633,0.687925,0.659243,0.028682,34.7517,34.637,9,11,2,0.529696,0.367117,0.162579,0,0,0,0
29.3,1475,2,0.0277974,0.0277974,0.66184,0.686257,0.0244168,34.6474,34.745,12,9,-3,0.266512,0.387496,0.120984,0,0,0,0
29.3,1475,3,0.0359488,0.0359488,0.712861,0.67129,0.041571,34.8514,34.6852,9,10,1,0.57516,0.449427,0.125733,0,0,0,0
29.4,1476,1,0.00232157,0.00232157,0.690366,0.687925,0.00244117,34.7615,34.7517,11,11,0,0.367117,0.396669,0.029552,0,1,1,0
29.4,1476,2,0.0106249,0.0106249,0.698932,0.66184,0.0370914,34.7957,34.6474,9,9,0,0.387496,0.451112,0.063616,0,1,0,0
29.4,1476,3,0.0600341,0.0600341,0.673125,0.712861,0.039736,34.6925,34.8514,10,10,0,0.449427,0.516139,0.066712,0,0,0,0
29.5,1477,1,0.0879731,0.0879731,0.695926,0.690366,0.0055595,34.7837,34.7615,11,9,-2,0.396669,0.478352,0.0816827,0,0,1,0
29.5,1477,2,0.030681,0.030681,0.682141,0.698932,0.0167906,34.7286,34.7957,9,12,3,0.451112,0.351112,0.1,0,0,1,0
29.5,1477,3,0.0881757,0.0881757,0.699573,0.673125,0.026448,34.7983,34.6925,10,9,-1,0.516139,0.556544,0.0404053,0,0,0,0
29.6,1478,1,0.0272557,0.0272557,0.632638,0.695926,0.0632873,34.5306,34.7837,9,9,0,0.478352,0.47856,0.000208,0,0,0,0
29.6,1478,2,0.0123915,0.0123915,0.68988,0.682141,0.00773841,34.7595,34.7286,12,12,0,0.351112,0.212088,0.139024,0,1,1,0
29.6,1478,3,0.0781593,0.0781593,0.681636,0.699573,0.0179369,34.7265,34.7983,9,9,0,0.556544,0.4842,0.072344,0,0,1,0
29.7,1479,1,0.0105119,0.0105119,0.641473,0.632638,0.0088349,34.5659,34.5306,9,9,0,0.47856,0.516416,0.037856,0,1,1,0
29.7,1479,2,0.00418848,0.00418848,0.683378,0.68988,0.00650114,34.7335,34.7595,12,12,0,0.212088,0.270496,0.058408,0,1,1,0
29.7,1479,3,0.0340218,0.0340218,0.701954,0.681636,0.0203177,34.8078,34.7265,9,9,0,0.4842,0.566544,0.082344,0,0,0,0
29.8,1480,1,0.104748,0.104748,0.686611,0.641473,0.0451378,34.7464,34.5659,9,11,2,0.516416,0.354549,0.161867,0,0,0,0
29.8,1480,2,0.0350833,0.0350833,0.658285,0.683378,0.0250932,34.6331,34.7335,12,9,-3,0.270496,0.403696,0.1332,0,0,0,0
29.8,1480,3,0.0756829,0.0756829,0.718964,0.701954,0.0170097,34.8759,34.8078,9,10,1,0.566544,0.416459,0.150085,0,0,1,0
29.9,1481,1,0.00199756,0.00199756,0.695424,0.686611,0.00881267,34.7817,34.7464,11,11,0,0.354549,0.427125,0.072576,0,1,1,0
29.9,1481,2,0.0126045,0.0126045,0.698934,0.658285,0.0406483,34.7957,34.6331,9,9,0,0.403696,0.451136,0.04744,0,1,0,0
29.9,1481,3,0.0497448,0.0497448,0.669214,0.718964,0.04975,34.6769,34.8759,10,10,0,0.416459,0.505763,0.089304,0,0,0,0
30,1482,1,0.0367471,0.0367471,0.691056,0.695424,0.00436717,34.7642,34.7817,11,10,-1,0.427125,0.433603,0.00647733,0,0,1,0
30,1482,2,0.00662887,0.00662887,0.659578,0.698934,0.0393553,34.6383,34.7957,9,11,2,0.451136,0.370213,0.0809227,0,1,0,0
30,1482,3,0.0834265,0.0834265,0.703194,0.669214,0.0339801,34.8128,34.6769,10,9,-1,0.505763,0.527312,0.0215493,0,0,0,0
30.1,1483,1,0.0476146,0.0476146,0.658549,0.691056,0.0325071,34.6342,34.7642,10,10,0,0.433603,0.414891,0.018712,0,0,0,0
30.1,1483,2,0.000974864,0.000974864,0.662466,0.659578,0.00288725,34.6499,34.6383,11,11,0,0.370213,0.391997,0.021784,0,1,1,0
30.1,1483,3,0.0815499,0.0815499,0.683909,0.703194,0.0192848,34.7356,34.8128,9,9,0,0.527312,0.500904,0.026408,0,0,1,0
30.2,1484,1,0.0193711,0.0193711,0.666783,0.658549,0.00823396,34.6671,34.6342,10,10,0,0.414891,0.460411,0.04552,0,1,1,0
30.2,1484,2,0.00147679,0.00147679,0.656998,0.662466,0.00546747,34.628,34.6499,11,11,0,0.391997,0.342677,0.04932,0,1,1,0
30.2,1484,3,0.025892,0.025892,0.701052,0.683909,0.0171434,34.8042,34.7356,9,9,0,0.500904,0.561304,0.0604,0,0,1,0
30.3,1485,1,0.0113306,0.0113306,0.652459,0.666783,0.0143243,34.6098,34.6671,10,10,0,0.460411,0.463627,0.003216,0,1,1,1
30.3,1485,2,0.0214791,0.0214791,0.648896,0.656998,0.00810218,34.5956,34.628,11,11,0,0.342677,0.345493,0.002816,0,0,1,0
30.3,1485,3,0.1217,0.1217,0.669473,0.701052,0.0315791,34.6779,34.8042,9,9,0,0.561304,0.5648,0.003496,0,0,0,0
30.4,1486,1,0.00141671,0.00141671,0.651578,0.652459,0.000881255,34.6063,34.6098,10,10,0,0.463627,0.460411,0.003216,0,1,1,1
30.4,1486,2,0.000458479,0.000458479,0.647852,0.648896,0.00104421,34.5914,34.5956,11,11,0,0.345493,0.340165,0.005328,0,1,1,1
30.4,1486,3,0.00174823,0.00174823,0.66813,0.669473,0.00134343,34.6725,34.6779,9,9,0,0.5648,0.558488,0.006312,0,1,1,1
30.5,1487,1,0.0812548,0.0812548,0.688434,0.651578,0.0368561,34.7537,34.6063,10,11,1,0.460411,0.355189,0.105221,1,0,0,0
30.5,1487,2,0.00403446,0.00403446,0.657216,0.647852,0.00936466,34.6289,34.5914,11,9,-2,0.340165,0.426456,0.0862907,1,1,1,0
30.5,1487,3,0.0454269,0.0454269,0.715446,0.66813,0.0473165,34.8618,34.6725,9,10,1,0.558488,0.432659,0.125829,1,0,0,0
30.6,1488,1,0.0290282,0.0290282,0.697035,0.688434,0.00860161,34.7881,34.7537,11,11,0,0.355189,0.418389,0.0632,0,0,1,0
30.6,1488,2,0.00746679,0.00746679,0.673093,0.657216,0.0158766,34.6924,34.6289,9,9,0,0.426456,0.471312,0.044856,0,1,1,0
30.6,1488,3,0.0530134,0.0530134,0.667194,0.715446,0.0482528,34.6688,34.8618,10,10,0,0.432659,0.500443,0.067784,0,0,0,0
30.7,1489,1,0.0178317,0.0178317,0.69088,0.697035,0.00615591,34.7635,34.7881,11,10,-1,0.418389,0.454939,0.0365493,0,1,1,0
30.7,1489,2,0.0337256,0.0337256,0.663687,0.673093,0.00940627,34.6547,34.6924,9,11,2,0.471312,0.402133,0.0691787,0,0,1,0
30.7,1489,3,0.0845375,0.0845375,0.699126,0.667194,0.0319321,34.7965,34.6688,10,9,-1,0.500443,0.543664,0.0432213,0,0,0,0
30.8,1490,1,0.0488502,0.0488502,0.658657,0.69088,0.0322225,34.6346,34.7635,10,10,0,0.454939,0.392995,0.061944,0,0,0,0
30.8,1490,2,0.000247598,0.000247598,0.656223,0.663687,0.00746322,34.6249,34.6547,11,11,0,0.402133,0.309197,0.092936,0,1,1,0
30.8,1490,3,0.0731792,0.0731792,0.680942,0.699126,0.0181835,34.7238,34.7965,9,9,0,0.543664,0.47024,0.073424,0,0,1,0
30.9,1491,1,0.0243693,0.0243693,0.666783,0.658657,0.00812626,34.6671,34.6346,10,10,0,0.392995,0.460411,0.067416,0,0,1,0
30.9,1491,2,0.000997901,0.000997901,0.657032,0.656223,0.000808477,34.6281,34.6249,11,11,0,0.309197,0.344141,0.034944,0,1,1,0
30.9,1491,3,0.0374823,0.0374823,0.701661,0.680942,0.0207184,34.8066,34.7238,9,9,0,0.47024,0.5648,0.09456,0,0,0,0
31,1492,1,0.0711718,0.0711718,0.688397,0.666783,0.021614,34.7536,34.6671,10,11,1,0.460411,0.354653,0.105757,0,0,0,0
31,1492,2,0.0263373,0.0263373,0.656839,0.657032,0.000193119,34.6274,34.6281,11,9,-2,0.344141,0.435312,0.0911707,0,0,1,0
31,1492,3,0.0742976,0.0742976,0.719632,0.701661,0.0179715,34.8785,34.8066,9,10,1,0.5648,0.413947,0.150853,0,0,1,0
31.1,1493,1,0.0288615,0.0288615,0.697036,0.688397,0.00863826,34.7881,34.7536,11,11,0,0.354653,0.418397,0.063744,0,0,1,0
31.1,1493,2,0.00617206,0.00617206,0.672711,0.656839,0.015872,34.6908,34.6274,9,9,0,0.435312,0.4688,0.033488,0,1,1,0
31.1,1493,3,0.0528217,0.0528217,0.676531,0.719632,0.0431011,34.7061,34.8785,10,10,0,0.413947,0.525259,0.111312,0,0,0,0
31.2,1494,1,0.0139381,0.0139381,0.690947,0.697036,0.00608814,34.7638,34.7881,11,10,-1,0.418397,0.437747,0.0193493,0,1,1,0
31.2,1494,2,0.0340333,0.0340333,0.663113,0.672711,0.00959742,34.6525,34.6908,9,11,2,0.4688,0.396885,0.0719147,0,0,1,0
31.2,1494,3,0.0894697,0.0894697,0.703079,0.676531,0.0265485,34.8123,34.7061,10,9,-1,0.525259,0.543008,0.0177493,0,0,0,0
31.3,1495,1,0.048774,0.048774,0.658543,0.690947,0.0324048,34.6342,34.7638,10,10,0,0.437747,0.412523,0.025224,0,0,0,0
31.3,1495,2,0.000722528,0.000722528,0.656383,0.663113,0.00673068,34.6255,34.6525,11,11,0,0.396885,0.316077,0.080808,0,1,1,0
31.3,1495,3,0.0937126,0.0937126,0.687323,0.703079,0.0157567,34.7493,34.8123,9,9,0,0.543008,0.504808,0.0382,0,0,1,0
31.4,1496,1,0.0204018,0.0204018,0.666783,0.658543,0.0082407,34.6671,34.6342,10,10,0,0.412523,0.460411,0.047888,0,0,1,0
31.4,1496,2,0.000689715,0.000689715,0.658559,0.656383,0.00217593,34.6342,34.6255,11,11,0,0.316077,0.361173,0.045096,0,1,1,0
31.4,1496,3,0.0304302,0.0304302,0.70829,0.687323,0.0209677,34.8332,34.7493,9,9,0,0.504808,0.581456,0.076648,0,0,0,0
31.5,1497,1,0.0113306,0.0113306,0.652459,0.666783,0.0143243,34.6098,34.6671,10,10,0,0.460411,0.463627,0.003216,0,1,1,1
31.5,1497,2,0.0239737,0.0239737,0.651203,0.658559,0.00735551,34.6048,34.6342,11,11,0,0.361173,0.359077,0.002096,0,0,1,0
31.5,1497,3,0.133875,0.133875,0.674797,0.70829,0.033493,34.6992,34.8332,9,9,0,0.581456,0.575928,0.005528,0,0,0,0
31.6,1498,1,0.00141671,0.00141671,0.651578,0.652459,0.000881255,34.6063,34.6098,10,10,0,0.463627,0.460411,0.003216,0,1,1,1
31.6,1498,2,0.000832379,0.000832379,0.652264,0.651203,0.00106096,34.6091,34.6048,11,11,0,0.359077,0.368997,0.00992,0,1,1,1
31.6,1498,3,0.000826329,0.000826329,0.674192,0.674797,0.000605941,34.6968,34.6992,9,9,0,0.575928,0.573112,0.002816,0,1,1,1
31.7,1499,1,0.0768129,0.0768129,0.699843,0.651578,0.0482649,34.7994,34.6063,10,11,1,0.460411,0.428045,0.0323653,1,0,0,0
31.7,1499,2,0.00332746,0.00332746,0.656137,0.652264,0.00387293,34.6245,34.6091,11,9,-2,0.368997,0.451312,0.0823147,1,1,1,0
31.7,1499,3,0.0424637,0.0424637,0.709221,0.674192,0.0350296,34.8369,34.6968,9,10,1,0.573112,0.455227,0.117885,1,0,0,0
31.8,1500,1,0.0291106,0.0291106,0.699945,0.699843,0.000102401,34.7998,34.7994,11,11,0,0.428045,0.445357,0.017312,0,0,1,0
31.8,1500,2,0.00506929,0.00506929,0.676212,0.656137,0.0200752,34.7048,34.6245,9,9,0,0.451312,0.490496,0.039184,0,1,0,0
31.8,1500,3,0.0625536,0.0625536,0.678373,0.709221,0.0308483,34.7135,34.8369,10,10,0,0.455227,0.517883,0.062656,0,0,0,0
31.9,1501,1,0.0625529,0.0625529,0.691749,0.699945,0.00819623,34.767,34.7998,11,9,-2,0.445357,0.48828,0.0429227,0,0,1,0
31.9,1501,2,0.0646175,0.0646175,0.680139,0.676212,0.00392699,34.7206,34.7048,9,11,2,0.490496,0.421317,0.0691787,0,0,1,0
31.9,1501,3,0.0591657,0.0591657,0.687141,0.678373,0.00876796,34.7486,34.7135,10,10,0,0.517883,0.521459,0.003576,0,0,1,0
32,1502,1,0.020066,0.020066,0.64089,0.691749,0.0508584,34.5636,34.767,9,9,0,0.48828,0.488608,0.000328,0,0,0,0
32,1502,2,0.00323126,0.00323126,0.669588,0.680139,0.0105512,34.6784,34.7206,11,11,0,0.421317,0.336197,0.08512,0,1,1,0
32,1502,3,0.0597412,0.0597412,0.675344,0.687141,0.0117969,34.7014,34.7486,10,10,0,0.521459,0.445163,0.076296,0,0,1,0
32.1,1503,1,0.0179825,0.0179825,0.662815,0.64089,0.0219244,34.6513,34.5636,9,9,0,0.488608,0.541624,0.053016,0,1,0,0
32.1,1503,2,0.00341201,0.00341201,0.673113,0.669588,0.00352478,34.6925,34.6784,11,11,0,0.336197,0.374645,0.038448,0,1,1,0
32.1,1503,3,0.00941965,0.00941965,0.679654,0.675344,0.00430995,34.7186,34.7014,10,10,0,0.445163,0.520699,0.075536,0,1,1,0
32.2,1504,1,0.106849,0.106849,0.692399,0.662815,0.0295842,34.7696,34.6513,9,11,2,0.541624,0.366461,0.175163,0,0,0,0
32.2,1504,2,0.0447026,0.0447026,0.653673,0.673113,0.0194399,34.6147,34.6925,11,9,-2,0.374645,0.460608,0.0859627,0,0,1,0
32.2,1504,3,0.0513009,0.0513009,0.700102,0.679654,0.020448,34.8004,34.7186,10,10,0,0.520699,0.444099,0.0766,0,0,0,0
32.3,1505,1,0.00798455,0.00798455,0.700288,0.692399,0.00788939,34.8012,34.7696,11,11,0,0.366461,0.418373,0.051912,0,1,1,0
32.3,1505,2,0.0191538,0.0191538,0.655954,0.653673,0.00228137,34.6238,34.6147,9,9,0,0.460608,0.489728,0.02912,0,1,1,0
32.3,1505,3,0.0576328,0.0576328,0.685258,0.700102,0.0148443,34.741,34.8004,10,10,0,0.444099,0.528539,0.08444,0,0,1,0
32.4,1506,1,0.0905619,0.0905619,0.695551,0.700288,0.00473708,34.7822,34.8012,11,9,-2,0.418373,0.47108,0.0527067,0,0,1,0
32.4,1506,2,0.0642307,0.0642307,0.675643,0.655954,0.019689,34.7026,34.6238,9,11,2,0.489728,0.392085,0.0976427,0,0,1,0
32.4,1506,3,0.0686485,0.0686485,0.687173,0.685258,0.00191575,34.7487,34.741,10,10,0,0.528539,0.508891,0.019648,0,0,1,0
32.5,1507,1,0.0141629,0.0141629,0.656885,0.695551,0.0386667,34.6275,34.7822,9,9,0,0.47108,0.523392,0.052312,0,1,0,0
32.5,1507,2,0.00325748,0.00325748,0.66899,0.675643,0.00665313,34.676,34.7026,11,11,0,0.392085,0.328053,0.064032,0,1,1,0
32.5,1507,3,0.0579645,0.0579645,0.674672,0.687173,0.0125011,34.6987,34.7487,10,10,0,0.508891,0.465315,0.043576,0,0,1,0
32.6,1508,1,0.00434965,0.00434965,0.661351,0.656885,0.00446641,34.6454,34.6275,9,9,0,0.523392,0.537072,0.01368,0,1,1,0
32.6,1508,2,0.00343454,0.00343454,0.674198,0.66899,0.00520772,34.6968,34.676,11,11,0,0.328053,0.382757,0.054704,0,1,1,0
32.6,1508,3,0.00803515,0.00803515,0.68212,0.674672,0.00744736,34.7285,34.6987,10,10,0,0.465315,0.520443,0.055128,0,1,1,0
32.7,1509,1,0.00478271,0.00478271,0.662362,0.661351,0.00101137,34.6494,34.6454,9,9,0,0.537072,0.541632,0.00456,0,1,1,1
32.7,1509,2,0.0582396,0.0582396,0.654212,0.674198,0.019986,34.6168,34.6968,11,11,0,0.382757,0.377093,0.005664,0,0,1,0
32.7,1509,3,0.0244671,0.0244671,0.670997,0.68212,0.0111229,34.684,34.7285,10,10,0,0.520443,0.544795,0.024352,0,0,1,0
32.8,1510,1,0.00075829,0.00075829,0.662553,0.662362,0.000190377,34.6502,34.6494,9,9,0,0.541632,0.537072,0.00456,0,1,1,1
32.8,1510,2,8.63969e-05,8.63969e-05,0.65428,0.654212,6.85453e-05,34.6171,34.6168,11,11,0,0.377093,0.377797,0.000704,0,1,1,1
32.8,1510,3,0.000243187,0.000243187,0.671937,0.670997,0.00094074,34.6877,34.684,10,10,0,0.544795,0.552387,0.007592,0,1,1,1
32.9,1511,1,0.101754,0.101754,0.697599,0.662553,0.0350464,34.7904,34.6502,9,11,2,0.537072,0.392605,0.144467,1,0,0,0
32.9,1511,2,0.00564146,0.00564146,0.654586,0.65428,0.000305414,34.6183,34.6171,11,9,-2,0.377797,0.45712,0.0793227,1,1,1,0
32.9,1511,3,0.0247598,0.0247598,0.687976,0.671937,0.0160387,34.7519,34.6877,10,10,0,0.552387,0.449227,0.10316,1,0,1,0
33,1512,1,0.00545341,0.00545341,0.700382,0.697599,0.00278306,34.8015,34.7904,11,11,0,0.392605,0.410613,0.018008,0,1,1,0
33,1512,2,0.00836007,0.00836007,0.672078,0.654586,0.0174919,34.6883,34.6183,9,9,0,0.45712,0.490976,0.033856,0,1,1,0
33,1512,3,0.0601664,0.0601664,0.682841,0.687976,0.0051347,34.7314,34.7519,10,10,0,0.449227,0.521467,0.07224,0,0,1,0
33.1,1513,1,0.0920313,0.0920313,0.692435,0.700382,0.00794744,34.7697,34.8015,11,9,-2,0.410613,0.488272,0.0776587,0,0,1,0
33.1,1513,2,0.0406684,0.0406684,0.666037,0.672078,0.00604093,34.6641,34.6883,9,11,2,0.490976,0.421093,0.0698827,0,0,1,0
33.1,1513,3,0.073449,0.073449,0.672905,0.682841,0.00993657,34.6916,34.7314,10,10,0,0.521467,0.530587,0.00912,0,0,1,0
33.2,1514,1,0.0219768,0.0219768,0.648362,0.692435,0.0440724,34.5934,34.7697,9,9,0,0.488272,0.491048,0.002776,0,0,0,0
33.2,1514,2,0.00559002,0.00559002,0.661487,0.666037,0.00454926,34.6459,34.6641,11,11,0,0.421093,0.340973,0.08012,0,1,1,0
33.2,1514,3,0.064965,0.064965,0.682302,0.672905,0.00939727,34.7292,34.6916,10,10,0,0.530587,0.498443,0.032144,0,0,1,0
33.3,1515,1,0.0136777,0.0136777,0.662815,0.648362,0.0144524,34.6513,34.5934,9,9,0,0.491048,0.541624,0.050576,0,1,1,0
33.3,1515,2,0.00163814,0.00163814,0.663401,0.661487,0.00191379,34.6536,34.6459,11,11,0,0.340973,0.378549,0.037576,0,1,1,0
33.3,1515,3,0.0258251,0.0258251,0.690788,0.682302,0.00848597,34.7632,34.7292,10,10,0,0.498443,0.561611,0.063168,0,0,1,0
33.4,1516,1,0.10239,0.10239,0.689851,0.662815,0.0270358,34.7594,34.6513,9,11,2,0.541624,0.343917,0.197707,0,0,0,0
33.4,1516,2,0.0284009,0.0284009,0.653205,0.663401,0.0101966,34.6128,34.6536,11,9,-2,0.378549,0.465016,0.0864667,0,0,1,0
33.4,1516,3,0.0785873,0.0785873,0.685064,0.690788,0.00572354,34.7403,34.7632,10,10,0,0.561611,0.464203,0.097408,0,0,1,0
33.5,1517,1,0.00632733,0.00632733,0.695667,0.689851,0.00581604,34.7827,34.7594,11,11,0,0.343917,0.404965,0.061048,0,1,1,0
33.5,1517,2,0.00831561,0.00831561,0.672078,0.653205,0.018873,34.6883,34.6128,9,9,0,0.465016,0.490976,0.02596,0,1,1,0
33.5,1517,3,0.0624195,0.0624195,0.682729,0.685064,0.00233579,34.7309,34.7403,10,10,0,0.464203,0.526019,0.061816,0,0,1,0
33.6,1518,1,0.10233,0.10233,0.681119,0.695667,0.0145474,34.7245,34.7827,11,9,-2,0.404965,0.454832,0.0498667,0,0,1,0
33.6,1518,2,0.0389504,0.0389504,0.665578,0.672078,0.00649911,34.6623,34.6883,9,11,2,0.490976,0.408773,0.0822027,0,0,1,0
33.6,1518,3,0.0693011,0.0693011,0.667082,0.682729,0.0156462,34.6683,34.7309,10,10,0,0.526019,0.509723,0.016296,0,0,1,0
33.7,1519,1,0.0310159,0.0310159,0.630489,0.681119,0.0506306,34.522,34.7245,9,9,0,0.454832,0.520976,0.066144,0,0,0,0
33.7,1519,2,0.00385216,0.00385216,0.661472,0.665578,0.00410694,34.6459,34.6623,11,11,0,0.408773,0.340277,0.068496,0,1,1,0
33.7,1519,3,0.0544767,0.0544767,0.692469,0.667082,0.0253868,34.7699,34.6683,10,10,0,0.509723,0.510147,0.000424,0,0,0,0
33.8,1520,1,0.0017283,0.0017283,0.636474,0.630489,0.0059849,34.5459,34.522,9,9,0,0.520976,0.537072,0.016096,0,1,1,0
33.8,1520,2,0.00170383,0.00170383,0.663588,0.661472,0.00211692,34.6544,34.6459,11,11,0,0.340277,0.380309,0.040032,0,1,1,0
33.8,1520,3,0.0207202,0.0207202,0.687405,0.692469,0.00506395,34.7496,34.7699,10,10,0,0.510147,0.561627,0.05148,0,0,1,0
33.9,1521,1,0.0308803,0.0308803,0.662459,0.636474,0.0259855,34.6498,34.5459,9,9,0,0.537072,0.547136,0.010064,0,0,0,0
33.9,1521,2,0.023117,0.023117,0.653944,0.663588,0.00964403,34.6158,34.6544,11,11,0,0.380309,0.374573,0.005736,0,0,1,0
33.9,1521,3,0.0572724,0.0572724,0.669239,0.687405,0.0181668,34.677,34.7496,10,10,0,0.561627,0.569987,0.00836,0,0,1,0
34,1522,1,0.000248909,0.000248909,0.661256,0.662459,0.00120306,34.645,34.6498,9,9,0,0.547136,0.541632,0.005504,0,1,1,1
34,1522,2,0.00041908,0.00041908,0.654329,0.653944,0.000384331,34.6173,34.6158,11,11,0,0.374573,0.378565,0.003992,0,1,1,1
34,1522,3,0.00153956,0.00153956,0.668851,0.669239,0.000388026,34.6754,34.677,10,10,0,0.569987,0.559475,0.010512,0,1,1,0
34.1,1523,1,0.0636671,0.0636671,0.671751,0.661256,0.0104952,34.687,34.645,9,11,2,0.541632,0.362389,0.179243,0,0,1,0
34.1,1523,2,0.00574821,0.00574821,0.654456,0.654329,0.000126958,34.6178,34.6173,11,9,-2,0.378565,0.457864,0.0792987,0,1,1,0
34.1,1523,3,0.0160765,0.0160765,0.683163,0.668851,0.0143124,34.7327,34.6754,10,10,0,0.559475,0.452555,0.10692,0,1,1,0
34.2,1524,1,0.00702098,0.00702098,0.682118,0.671751,0.0103663,34.7285,34.687,11,11,0,0.362389,0.373285,0.010896,0,1,1,0
34.2,1524,2,0.0083559,0.0083559,0.672078,0.654456,0.0176219,34.6883,34.6178,9,9,0,0.457864,0.490976,0.033112,0,1,1,0
34.2,1524,3,0.0565966,0.0565966,0.689898,0.683163,0.0067355,34.7596,34.7327,10,10,0,0.452555,0.531267,0.078712,0,0,1,0
34.3,1525,1,0.0701808,0.0701808,0.679013,0.682118,0.00310504,34.7161,34.7285,11,9,-2,0.373285,0.454984,0.0816987,0,0,1,0
34.3,1525,2,0.0406684,0.0406684,0.666037,0.672078,0.00604093,34.6641,34.6883,9,11,2,0.490976,0.421093,0.0698827,0,0,1,0
34.3,1525,3,0.0615116,0.0615116,0.665583,0.689898,0.0243153,34.6623,34.7596,10,10,0,0.531267,0.513019,0.018248,0,0,0,0
34.4,1526,1,0.034814,0.034814,0.625619,0.679013,0.0533939,34.5025,34.7161,9,9,0,0.454984,0.488352,0.033368,0,0,0,0
34.4,1526,2,0.00561205,0.00561205,0.661505,0.666037,0.00453168,34.646,34.6641,11,11,0,0.421093,0.341741,0.079352,0,1,1,0
34.4,1526,3,0.0495917,0.0495917,0.695343,0.665583,0.0297601,34.7814,34.6623,10,10,0,0.513019,0.485979,0.02704,0,0,0,0
34.5,1527,1,0.0112011,0.0112011,0.645293,0.625619,0.0196748,34.5812,34.5025,9,9,0,0.488352,0.541624,0.053272,0,1,1,0
34.5,1527,2,0.0016228,0.0016228,0.663319,0.661505,0.00181442,34.6533,34.646,11,11,0,0.341741,0.377781,0.03604,0,1,1,0
34.5,1527,3,0.0265481,0.0265481,0.687791,0.695343,0.0075525,34.7512,34.7814,10,10,0,0.485979,0.560243,0.074264,0,0,1,0
34.6,1528,1,0.0887665,0.0887665,0.672211,0.645293,0.0269181,34.6888,34.5812,9,11,2,0.541624,0.323629,0.217995,0,0,0,0
34.6,1528,2,0.0283536,0.0283536,0.653513,0.663319,0.00980657,34.6141,34.6533,11,9,-2,0.377781,0.463256,0.0854747,0,0,1,0
34.6,1528,3,0.0720561,0.0720561,0.680857,0.687791,0.00693345,34.7234,34.7512,10,10,0,0.560243,0.460099,0.100144,0,0,1,0
34.7,1529,1,0.00208771,0.00208771,0.677418,0.672211,0.00520694,34.7097,34.6888,11,11,0,0.323629,0.402933,0.079304,0,1,1,0
34.7,1529,2,0.0081163,0.0081163,0.672347,0.653513,0.0188344,34.6894,34.6141,9,9,0,0.463256,0.49272,0.029464,0,1,1,0
34.7,1529,3,0.0500326,0.0500326,0.691597,0.680857,0.0107397,34.7664,34.7234,10,10,0,0.460099,0.513019,0.05292,0,0,1,0
34.8,1530,1,0.0592265,0.0592265,0.685412,0.677418,0.00799364,34.7416,34.7097,11,9,-2,0.402933,0.4304,0.0274667,0,0,1,0
34.8,1530,2,0.0382655,0.0382655,0.665556,0.672347,0.00679106,34.6622,34.6894,9,11,2,0.49272,0.405557,0.0871627,0,0,1,0
34.8,1530,3,0.0537543,0.0537543,0.667162,0.691597,0.0244346,34.6686,34.7664,10,10,0,0.513019,0.507371,0.005648,0,0,0,0
34.9,1531,1,0.0295312,0.0295312,0.640233,0.685412,0.0451792,34.5609,34.7416,9,9,0,0.4304,0.526608,0.096208,0,0,0,0
34.9,1531,2,0.00342563,0.00342563,0.661568,0.665556,0.00398785,34.6463,34.6622,11,11,0,0.405557,0.348605,0.056952,0,1,1,0
34.9,1531,3,0.0531961,0.0531961,0.691978,0.667162,0.0248157,34.7679,34.6686,10,10,0,0.507371,0.510699,0.003328,0,0,0,0
35,1532,1,0.00145477,0.00145477,0.643787,0.640233,0.00355417,34.5751,34.5609,9,9,0,0.526608,0.537072,0.010464,0,1,1,0
35,1532,2,0.00132433,0.00132433,0.66265,0.661568,0.00108123,34.6506,34.6463,11,11,0,0.348605,0.371493,0.022888,0,1,1,0
35,1532,3,0.0193031,0.0193031,0.68897,0.691978,0.00300848,34.7559,34.7679,10,10,0,0.510699,0.553931,0.043232,0,1,1,0
35.1,1533,1,0.0234809,0.0234809,0.662459,0.643787,0.0186721,34.6498,34.5751,9,9,0,0.537072,0.547136,0.010064,0,0,1,0
35.1,1533,2,0.0232925,0.0232925,0.653277,0.66265,0.00937283,34.6131,34.6506,11,11,0,0.371493,0.367653,0.00384,0,0,1,0
35.1,1533,3,0.0230122,0.0230122,0.671436,0.68897,0.0175337,34.6857,34.7559,10,10,0,0.553931,0.560243,0.006312,0,0,1,0
35.2,1534,1,0.00106493,0.00106493,0.6613,0.662459,0.00115895,34.6452,34.6498,9,9,0,0.547136,0.537072,0.010064,0,1,1,0
35.2,1534,2,0.000280797,0.000280797,0.653587,0.653277,0.000310481,34.6143,34.6131,11,11,0,0.367653,0.370869,0.003216,0,1,1,1
35.2,1534,3,0.00174814,0.00174814,0.671447,0.671436,1.10865e-05,34.6858,34.6857,10,10,0,0.560243,0.565507,0.005264,0,1,1,1
35.3,1535,1,0.0327374,0.0327374,0.665537,0.6613,0.00423723,34.6621,34.6452,9,10,1,0.537072,0.411683,0.125389,0,0,1,0
35.3,1535,2,0.00462729,0.00462729,0.657064,0.653587,0.00347656,34.6283,34.6143,11,9,-2,0.370869,0.442304,0.0714347,0,1,1,0
35.3,1535,3,0.0145674,0.0145674,0.690926,0.671447,0.0194789,34.7637,34.6858,10,11,1,0.565507,0.405045,0.160461,0,1,1,0
35.4,1536,1,0.0117393,0.0117393,0.65383,0.665537,0.0117073,34.6153,34.6621,10,10,0,0.411683,0.464971,0.053288,0,1,1,0
35.4,1536,2,0.00875549,0.00875549,0.672029,0.657064,0.0149654,34.6881,34.6283,9,9,0,0.442304,0.490464,0.04816,0,1,1,0
35.4,1536,3,0.00402451,0.00402451,0.681244,0.690926,0.00968194,34.725,34.7637,11,11,0,0.405045,0.428349,0.023304,0,1,1,0
35.5,1537,1,0.0308458,0.0308458,0.667115,0.65383,0.0132845,34.6685,34.6153,10,9,-1,0.464971,0.493744,0.0287733,0,0,1,0
35.5,1537,2,0.0404883,0.0404883,0.667008,0.672029,0.00502098,34.668,34.6881,9,11,2,0.490464,0.431037,0.0594267,0,0,1,0
35.5,1537,3,0.0379587,0.0379587,0.678101,0.681244,0.00314265,34.7124,34.725,11,10,-1,0.428349,0.469059,0.0407093,0,0,1,0
35.6,1538,1,0.00971049,0.00971049,0.623584,0.667115,0.0435308,34.4943,34.6685,9,9,0,0.493744,0.492888,0.000856,0,1,0,0
35.6,1538,2,0.00544083,0.00544083,0.661529,0.667008,0.00547928,34.6461,34.668,11,11,0,0.431037,0.342789,0.088248,0,1,1,0
35.6,1538,3,0.0495989,0.0495989,0.711287,0.678101,0.0331861,34.8451,34.7124,10,10,0,0.469059,0.480083,0.011024,0,0,0,0
35.7,1539,1,0.00966695,0.00966695,0.636672,0.623584,0.0130877,34.5467,34.4943,9,9,0,0.492888,0.537072,0.044184,0,1,1,0
35.7,1539,2,0.00207993,0.00207993,0.664254,0.661529,0.00272465,34.657,34.6461,11,11,0,0.342789,0.386565,0.043776,0,1,1,0
35.7,1539,3,0.0209967,0.0209967,0.687416,0.711287,0.0238713,34.7497,34.8451,10,10,0,0.480083,0.563451,0.083368,0,0,0,0
35.8,1540,1,0.0440637,0.0440637,0.66729,0.636672,0.0306188,34.6692,34.5467,9,10,1,0.537072,0.397067,0.140005,0,0,0,0
35.8,1540,2,0.0290999,0.0290999,0.652959,0.664254,0.0112945,34.6118,34.657,11,9,-2,0.386565,0.467128,0.0805627,0,0,1,0
35.8,1540,3,0.0354969,0.0354969,0.697339,0.687416,0.0099225,34.7894,34.7497,10,11,1,0.563451,0.373157,0.190293,0,0,1,0
35.9,1541,1,0.012585,0.012585,0.653469,0.66729,0.0138211,34.6139,34.6692,10,10,0,0.397067,0.463627,0.06656,0,1,1,0
35.9,1541,2,0.00322223,0.00322223,0.675845,0.652959,0.0228865,34.7034,34.6118,9,9,0,0.467128,0.515664,0.048536,0,1,0,0
35.9,1541,3,0.00465578,0.00465578,0.679072,0.697339,0.0182666,34.7163,34.7894,11,11,0,0.373157,0.449413,0.076256,0,1,1,0
36,1542,1,0.0264888,0.0264888,0.672994,0.653469,0.0195248,34.692,34.6139,10,9,-1,0.463627,0.474672,0.0110453,0,0,1,0
36,1542,2,0.0355331,0.0355331,0.667076,0.675845,0.00876993,34.6683,34.7034,9,11,2,0.515664,0.433957,0.0817067,0,0,1,0
36,1542,3,0.0394422,0.0394422,0.678974,0.679072,9.75132e-05,34.7159,34.7163,11,10,-1,0.449413,0.466227,0.0168133,0,0,1,0
36.1,1543,1,0.0107471,0.0107471,0.630833,0.672994,0.0421607,34.5233,34.692,9,9,0,0.474672,0.519632,0.04496,0,1,0,0
36.1,1543,2,0.00396025,0.00396025,0.662614,0.667076,0.00446188,34.6505,34.6683,11,11,0,0.433957,0.371157,0.0628,0,1,1,0
36.1,1543,3,0.0536924,0.0536924,0.70375,0.678974,0.0247754,34.815,34.7159,10,10,0,0.466227,0.504707,0.03848,0,0,0,0
36.2,1544,1,0.00754437,0.00754437,0.638319,0.630833,0.00748515,34.5533,34.5233,9,9,0,0.519632,0.541632,0.022,0,1,1,0
36.2,1544,2,0.00181529,0.00181529,0.665292,0.662614,0.00267857,34.6612,34.6505,11,11,0,0.371157,0.399829,0.028672,0,1,1,0
36.2,1544,3,0.0143093,0.0143093,0.690165,0.70375,0.0135845,34.7607,34.815,10,10,0,0.504707,0.553947,0.04924,0,1,1,0
36.3,1545,1,0.00810406,0.00810406,0.6613,0.638319,0.0229816,34.6452,34.5533,9,9,0,0.541632,0.537072,0.00456,0,1,0,0
36.3,1545,2,0.0221607,0.0221607,0.655401,0.665292,0.00989127,34.6216,34.6612,11,11,0,0.399829,0.399829,0,0,0,1,0
36.3,1545,3,0.000936419,0.000936419,0.684178,0.690165,0.00598747,34.7367,34.7607,10,10,0,0.553947,0.560259,0.006312,0,1,1,1
36.4,1546,1,0.00081265,0.00081265,0.661255,0.6613,4.55976e-05,34.645,34.6452,9,9,0,0.537072,0.541616,0.004544,0,1,1,1
36.4,1546,2,0,0,0.655401,0.655401,0,34.6216,34.6216,11,11,0,0.399829,0.399829,0,0,1,1,1
36.4,1546,3,0.000369132,0.000369132,0.68376,0.684178,0.000418127,34.735,34.7367,10,10,0,0.560259,0.562283,0.002024,0,1,1,1
36.5,1547,1,0.0328369,0.0328369,0.664664,0.661255,0.0034098,34.6587,34.645,9,10,1,0.541616,0.418939,0.122677,1,0,1,0
36.5,1547,2,0.0102071,0.0102071,0.652019,0.655401,0.00338167,34.6081,34.6216,11,9,-2,0.399829,0.4776,0.0777707,1,1,1,0
36.5,1547,3,0.0343136,0.0343136,0.698097,0.68376,0.0143377,34.7924,34.735,10,11,1,0.562283,0.413085,0.149197,1,0,1,0
36.6,1548,1,0.0172611,0.0172611,0.649303,0.664664,0.0153615,34.5972,34.6587,10,10,0,0.418939,0.460395,0.041456,0,1,1,0
36.6,1548,2,0.00056842,0.00056842,0.676155,0.652019,0.0241362,34.7046,34.6081,9,9,0,0.4776,0.517136,0.039536,0,1,0,0
36.6,1548,3,0.0104012,0.0104012,0.686641,0.698097,0.0114567,34.7466,34.7924,11,11,0,0.413085,0.428349,0.015264,0,1,1,0
36.7,1549,1,0.0269318,0.0269318,0.668678,0.649303,0.0193753,34.6747,34.5972,10,9,-1,0.460395,0.493744,0.0333493,0,0,1,0
36.7,1549,2,0.0341732,0.0341732,0.667936,0.676155,0.00821912,34.6717,34.7046,9,11,2,0.517136,0.452205,0.0649307,0,0,1,0
36.7,1549,3,0.0413253,0.0413253,0.683139,0.686641,0.00350177,34.7326,34.7466,11,10,-1,0.428349,0.474387,0.0460373,0,0,1,0
36.8,1550,1,0.00882268,0.00882268,0.619591,0.668678,0.0490875,34.4784,34.6747,9,9,0,0.493744,0.491568,0.002176,0,1,0,0
36.8,1550,2,0.00361547,0.00361547,0.661377,0.667936,0.00655884,34.6455,34.6717,11,11,0,0.452205,0.359581,0.092624,0,1,1,0
36.8,1550,3,0.0515513,0.0515513,0.71216,0.683139,0.0290211,34.8486,34.7326,10,10,0,0.474387,0.493003,0.018616,0,0,0,0
36.9,1551,1,0.0111561,0.0111561,0.637831,0.619591,0.0182402,34.5513,34.4784,9,9,0,0.491568,0.547136,0.055568,0,1,1,0
36.9,1551,2,0.00237876,0.00237876,0.665291,0.661377,0.00391346,34.6612,34.6455,11,11,0,0.359581,0.399813,0.040232,0,1,1,0
36.9,1551,3,0.0127792,0.0127792,0.692764,0.71216,0.0193957,34.7711,34.8486,10,10,0,0.493003,0.553923,0.06092,0,1,1,0
37,1552,1,0.0391498,0.0391498,0.671745,0.637831,0.033914,34.687,34.5513,9,10,1,0.547136,0.397067,0.150069,0,0,0,0
37,1552,2,0.0346409,0.0346409,0.651179,0.665291,0.0141117,34.6047,34.6612,11,9,-2,0.399813,0.486984,0.0871707,0,0,1,0
37,1552,3,0.0261596,0.0261596,0.700851,0.692764,0.0080865,34.8034,34.7711,10,11,1,0.553923,0.378253,0.175669,0,0,1,0
37.1,1553,1,0.0159884,0.0159884,0.650211,0.671745,0.0215335,34.6008,34.687,10,10,0,0.397067,0.463627,0.06656,0,1,0,0
37.1,1553,2,0.00219598,0.00219598,0.676493,0.651179,0.0253134,34.706,34.6047,9,9,0,0.486984,0.51888,0.031896,0,1,0,0
37.1,1553,3,8.56817e-05,8.56817e-05,0.682285,0.700851,0.0185663,34.7291,34.8034,11,11,0,0.378253,0.441053,0.0628,0,1,1,0
37.2,1554,1,0.0203555,0.0203555,0.674898,0.650211,0.0246863,34.6996,34.6008,10,9,-1,0.463627,0.474672,0.0110453,0,0,0,0
37.2,1554,2,0.0344958,0.0344958,0.6671,0.676493,0.0093928,34.6684,34.706,9,11,2,0.51888,0.435701,0.0831787,0,0,1,0
37.2,1554,3,0.0381872,0.0381872,0.68394,0.682285,0.00165558,34.7358,34.7291,11,10,-1,0.441053,0.460899,0.0198453,0,0,1,0
37.3,1555,1,0.0113278,0.0113278,0.625008,0.674898,0.0498891,34.5,34.6996,9,9,0,0.474672,0.522048,0.047376,0,1,0,0
37.3,1555,2,0.00386652,0.00386652,0.662614,0.6671,0.00448626,34.6505,34.6684,11,11,0,0.435701,0.371157,0.064544,0,1,1,0
37.3,1555,3,0.0525561,0.0525561,0.70705,0.68394,0.0231097,34.8282,34.7358,10,10,0,0.460899,0.503235,0.042336,0,0,0,0
37.4,1556,1,0.00562182,0.00562182,0.631754,0.625008,0.00674504,34.527,34.5,9,9,0,0.522048,0.537072,0.015024,0,1,1,0
37.4,1556,2,0.00317106,0.00317106,0.66345,0.662614,0.00083667,34.6538,34.6505,11,11,0,0.371157,0.399829,0.028672,0,1,1,0
37.4,1556,3,0.0167475,0.0167475,0.683647,0.70705,0.0234031,34.7346,34.8282,10,10,0,0.503235,0.581227,0.077992,0,1,0,0
37.5,1557,1,0.0326958,0.0326958,0.686894,0.631754,0.0551407,34.7476,34.527,9,9,0,0.537072,0.541632,0.00456,0,0,0,0
37.5,1557,2,0.0194046,0.0194046,0.656814,0.66345,0.00663668,34.6273,34.6538,11,11,0,0.399829,0.399829,0,0,1,1,1
37.5,1557,3,0.0281918,0.0281918,0.665527,0.683647,0.0181194,34.6621,34.7346,10,10,0,0.581227,0.583203,0.001976,0,0,1,0
37.6,1558,1,0,0,0.686894,0.686894,0,34.7476,34.7476,9,9,0,0.541632,0.541632,0,0,1,1,1
37.6,1558,2,2.23517e-06,2.23517e-06,0.656811,0.656814,2.38419e-06,34.6272,34.6273,11,11,0,0.399829,0.399821,8e-06,0,1,1,1
37.6,1558,3,0.00579825,0.00579825,0.66741,0.665527,0.00188309,34.6696,34.6621,10,10,0,0.583203,0.563491,0.019712,0,1,1,0
37.7,1559,1,0.00924784,0.00924784,0.666476,0.686894,0.0204182,34.6659,34.7476,9,10,1,0.541632,0.421067,0.120565,0,1,0,0
37.7,1559,2,0.0113743,0.0113743,0.653111,0.656811,0.00369996,34.6124,34.6272,11,9,-2,0.399821,0.476528,0.0767067,0,1,1,0
37.7,1559,3,0.000841707,0.000841707,0.696383,0.66741,0.0289727,34.7855,34.6696,10,11,1,0.563491,0.400261,0.163229,0,1,0,0
37.8,1560,1,0.0178633,0.0178633,0.651554,0.666476,0.0149223,34.6062,34.6659,10,10,0,0.421067,0.470475,0.049408,0,1,1,0
37.8,1560,2,0.00345543,0.00345543,0.680287,0.653111,0.0271762,34.7211,34.6124,9,9,0,0.476528,0.51888,0.042352,0,1,0,0
37.8,1560,3,0.00393012,0.00393012,0.683239,0.696383,0.0131442,34.733,34.7855,11,11,0,0.400261,0.433533,0.033272,0,1,1,0
37.9,1561,1,0.0235136,0.0235136,0.668678,0.651554,0.0171243,34.6747,34.6062,10,9,-1,0.470475,0.493744,0.0232693,0,0,1,0
37.9,1561,2,0.0292757,0.0292757,0.668761,0.680287,0.0115264,34.675,34.7211,9,11,2,0.51888,0.452213,0.0666667,0,0,1,0
37.9,1561,3,0.0409457,0.0409457,0.674063,0.683239,0.00917554,34.6963,34.733,11,10,-1,0.433533,0.492499,0.0589653,0,0,1,0
38,1562,1,0.0112583,0.0112583,0.618654,0.668678,0.0500243,34.4746,34.6747,9,9,0,0.493744,0.479088,0.014656,0,1,0,0
38,1562,2,0.0020662,0.0020662,0.663988,0.668761,0.00477356,34.656,34.675,11,11,0,0.452213,0.405069,0.047144,0,1,1,0
38,1562,3,0.0581661,0.0581661,0.702369,0.674063,0.0283054,34.8095,34.6963,10,10,0,0.492499,0.518707,0.026208,0,0,0,0
38.1,1563,1,0.0135917,0.0135917,0.637831,0.618654,0.019177,34.5513,34.4746,9,9,0,0.479088,0.547136,0.068048,0,1,1,0
38.1,1563,2,7.79629e-05,7.79629e-05,0.663628,0.663988,0.000360012,34.6545,34.656,11,11,0,0.405069,0.401557,0.003512,0,1,1,1
38.1,1563,3,0.0137993,0.0137993,0.679568,0.702369,0.022801,34.7183,34.8095,10,10,0,0.518707,0.588635,0.069928,0,1,0,0
38.2,1564,1,0.0391498,0.0391498,0.671745,0.637831,0.033914,34.687,34.5513,9,10,1,0.547136,0.397067,0.150069,0,0,0,0
38.2,1564,2,0.0345519,0.0345519,0.651548,0.663628,0.0120791,34.6062,34.6545,11,9,-2,0.401557,0.4902,0.0886427,0,0,1,0
38.2,1564,3,0.0321549,0.0321549,0.699217,0.679568,0.0196494,34.7969,34.7183,10,11,1,0.588635,0.389053,0.199581,0,0,1,0
38.3,1565,1,0.0171038,0.0171038,0.651036,0.671745,0.0207089,34.6041,34.687,10,10,0,0.397067,0.467467,0.0704,0,1,0,0
38.3,1565,2,0.00685614,0.00685614,0.679942,0.651548,0.0283932,34.7198,34.6062,9,9,0,0.4902,0.517136,0.026936,0,1,0,0
38.3,1565,3,0.00165454,0.00165454,0.67991,0.699217,0.0193071,34.7196,34.7969,11,11,0,0.389053,0.457485,0.068432,0,1,1,0
38.4,1566,1,0.0223238,0.0223238,0.671169,0.651036,0.0201328,34.6847,34.6041,10,9,-1,0.467467,0.486144,0.0186773,0,0,0,0
38.4,1566,2,0.0303017,0.0303017,0.667367,0.679942,0.0125749,34.6695,34.7198,9,11,2,0.517136,0.435701,0.0814347,0,0,1,0
38.4,1566,3,0.0396323,0.0396323,0.681202,0.67991,0.00129193,34.7248,34.7196,11,10,-1,0.457485,0.469739,0.0122533,0,0,1,0
38.5,1567,1,0.00714955,0.00714955,0.626113,0.671169,0.0450559,34.5045,34.6847,9,9,0,0.486144,0.524992,0.038848,0,1,0,0
38.5,1567,2,0.00356832,0.00356832,0.658967,0.667367,0.00840002,34.6359,34.6695,11,11,0,0.435701,0.364965,0.070736,0,1,1,0
38.5,1567,3,0.0588631,0.0588631,0.699127,0.681202,0.0179251,34.7965,34.7248,10,10,0,0.469739,0.529771,0.060032,0,0,1,0
38.6,1568,1,0.0084427,0.0084427,0.640155,0.626113,0.0140428,34.5606,34.5045,9,9,0,0.524992,0.551024,0.026032,0,1,1,0
38.6,1568,2,0.00100124,0.00100124,0.663448,0.658967,0.0044812,34.6538,34.6359,11,11,0,0.364965,0.399805,0.03484,0,1,1,0
38.6,1568,3,0.0107536,0.0107536,0.68578,0.699127,0.0133471,34.7431,34.7965,10,10,0,0.529771,0.577123,0.047352,0,1,1,0
38.7,1569,1,0.00269923,0.00269923,0.662269,0.640155,0.0221136,34.6491,34.5606,9,9,0,0.551024,0.550848,0.000176,0,1,0,0
38.7,1569,2,0.0210781,0.0210781,0.655789,0.663448,0.00765926,34.6232,34.6538,11,11,0,0.399805,0.399813,8e-06,0,0,1,0
38.7,1569,3,0.0389253,0.0389253,0.662944,0.68578,0.022836,34.6518,34.7431,10,10,0,0.577123,0.570811,0.006312,0,0,0,0
38.8,1570,1,8.76188e-06,8.76188e-06,0.662087,0.662269,0.00018245,34.6483,34.6491,9,9,0,0.550848,0.55008,0.000768,0,1,1,1
38.8,1570,2,0,0,0.655789,0.655789,0,34.6232,34.6232,11,11,0,0.399813,0.399813,0,0,1,1,1
38.8,1570,3,0.000221819,0.000221819,0.662969,0.662944,2.5332e-05,34.6519,34.6518,10,10,0,0.570811,0.570283,0.000528,0,1,1,1
38.9,1571,1,0.0355523,0.0355523,0.667301,0.662087,0.00521398,34.6692,34.6483,9,10,1,0.55008,0.417835,0.132245,1,0,1,0
38.9,1571,2,0.0195475,0.0195475,0.642788,0.655789,0.0130007,34.5712,34.6232,11,10,-1,0.399813,0.439579,0.0397653,1,1,1,0
38.9,1571,3,0.0311399,0.0311399,0.678605,0.662969,0.0156355,34.7144,34.6519,10,10,0,0.570283,0.478067,0.092216,1,0,1,0
39,1572,1,0.0197437,0.0197437,0.652707,0.667301,0.0145934,34.6108,34.6692,10,10,0,0.417835,0.476635,0.0588,0,1,1,0
39,1572,2,0.0124551,0.0124551,0.671737,0.642788,0.028949,34.6869,34.5712,10,10,0,0.439579,0.456867,0.017288,0,1,0,0
39,1572,3,0.0568957,0.0568957,0.689518,0.678605,0.0109134,34.7581,34.7144,10,10,0,0.478067,0.536571,0.058504,0,0,1,0
39.1,1573,1,0.0250392,0.0250392,0.709562,0.652707,0.0568546,34.8382,34.6108,10,8,-2,0.476635,0.530197,0.0535627,0,0,0,0
39.1,1573,2,0.000691265,0.000691265,0.654674,0.671737,0.0170628,34.6187,34.6869,10,11,1,0.456867,0.422069,0.0347973,0,1,1,0
39.1,1573,3,0.0519505,0.0519505,0.666583,0.689518,0.0229349,34.6663,34.7581,10,11,1,0.536571,0.501885,0.0346853,0,0,0,0
39.2,1574,1,0.00300843,0.00300843,0.663731,0.709562,0.0458308,34.6549,34.8382,8,8,0,0.530197,0.565013,0.034816,0,1,0,0
39.2,1574,2,0.000268608,0.000268608,0.653975,0.654674,0.000699341,34.6159,34.6187,11,11,0,0.422069,0.363229,0.05884,0,1,1,0
39.2,1574,3,0.0354749,0.0354749,0.686056,0.666583,0.0194727,34.7442,34.6663,11,11,0,0.501885,0.411229,0.090656,0,0,1,0
39.3,1575,1,0.0219693,0.0219693,0.673979,0.663731,0.0102483,34.6959,34.6549,8,8,0,0.565013,0.625941,0.060928,0,0,1,0
39.3,1575,2,0.00209269,0.00209269,0.654981,0.653975,0.00100589,34.6199,34.6159,11,11,0,0.363229,0.385877,0.022648,0,1,1,0
39.3,1575,3,0.00641954,0.00641954,0.673611,0.686056,0.0124448,34.6944,34.7442,11,11,0,0.411229,0.499573,0.088344,0,1,1,0
39.4,1576,1,0.0671373,0.0671373,0.71718,0.673979,0.0432007,34.8687,34.6959,8,10,2,0.625941,0.412995,0.212947,0,0,0,0
39.4,1576,2,0.0128493,0.0128493,0.643003,0.654981,0.0119775,34.572,34.6199,11,10,-1,0.385877,0.423571,0.0376933,0,1,1,0
39.4,1576,3,0.0447251,0.0447251,0.686745,0.673611,0.0131341,34.747,34.6944,11,10,-1,0.499573,0.451779,0.0477947,0,0,1,0
39.5,1577,1,0.0052256,0.0052256,0.700179,0.71718,0.0170011,34.8007,34.8687,10,10,0,0.412995,0.470275,0.05728,0,1,1,0
39.5,1577,2,0.00845399,0.00845399,0.674328,0.643003,0.0313249,34.6973,34.572,10,10,0,0.423571,0.437963,0.014392,0,1,0,0
39.5,1577,3,0.0580803,0.0580803,0.698537,0.686745,0.0117914,34.7941,34.747,10,10,0,0.451779,0.531995,0.080216,0,0,1,0
39.6,1578,1,0.0544796,0.0544796,0.714822,0.700179,0.0146434,34.8593,34.8007,10,9,-1,0.470275,0.492496,0.0222213,0,0,1,0
39.6,1578,2,0.00449687,0.00449687,0.65498,0.674328,0.0193484,34.6199,34.6973,10,11,1,0.437963,0.391317,0.0466453,0,1,1,0
39.6,1578,3,0.0735378,0.0735378,0.672703,0.698537,0.0258332,34.6908,34.7941,10,10,0,0.531995,0.523675,0.00832,0,0,0,0
39.7,1579,1,0.0254607,0.0254607,0.675503,0.714822,0.0393191,34.702,34.8593,9,9,0,0.492496,0.481232,0.011264,0,0,0,0
39.7,1579,2,0.00130337,0.00130337,0.654904,0.65498,7.54595e-05,34.6196,34.6199,11,11,0,0.391317,0.373285,0.018032,0,1,1,0
39.7,1579,3,0.0646378,0.0646378,0.695129,0.672703,0.0224257,34.7805,34.6908,10,10,0,0.523675,0.488779,0.034896,0,0,0,0
39.8,1580,1,0.0017989,0.0017989,0.677415,0.675503,0.00191188,34.7097,34.702,9,9,0,0.481232,0.539192,0.05796,0,1,1,0
39.8,1580,2,0.00118279,0.00118279,0.655028,0.654904,0.000123322,34.6201,34.6196,11,11,0,0.373285,0.384133,0.010848,0,1,1,0
39.8,1580,3,0.0317118,0.0317118,0.68427,0.695129,0.0108586,34.7371,34.7805,10,10,0,0.488779,0.567203,0.078424,0,0,1,0
39.9,1581,1,0.0437575,0.0437575,0.661308,0.677415,0.0161067,34.6452,34.7097,9,9,0,0.539192,0.53464,0.004552,0,0,1,0
39.9,1581,2,0.00274634,0.00274634,0.654298,0.655028,0.00072968,34.6172,34.6201,11,11,0,0.384133,0.384133,0,0,1,1,1
39.9,1581,3,0.0338764,0.0338764,0.670801,0.68427,0.0134696,34.6832,34.7371,10,10,0,0.567203,0.574875,0.007672,0,0,1,0
40,1582,1,0.00100634,0.00100634,0.661256,0.661308,5.19156e-05,34.645,34.6452,9,9,0,0.53464,0.5392,0.00456,0,1,1,1
40,1582,2,0.000199974,0.000199974,0.654531,0.654298,0.000233054,34.6181,34.6172,11,11,0,0.384133,0.385877,0.001744,0,1,1,1
40,1582,3,0.00606942,0.00606942,0.66493,0.670801,0.00587118,34.6597,34.6832,10,10,0,0.574875,0.587331,0.012456,0,1,1,0
40.1,1583,1,0.0575779,0.0575779,0.71469,0.661256,0.0534335,34.8588,34.645,9,10,1,0.5392,0.502955,0.0362453,0,0,0,0
40.1,1583,2,0.0148835,0.0148835,0.643117,0.654531,0.0114141,34.5725,34.6181,11,10,-1,0.385877,0.416915,0.0310373,0,1,1,0
40.1,1583,3,0.0591659,0.0591659,0.703477,0.66493,0.0385472,34.8139,34.6597,10,10,0,0.587331,0.462107,0.125224,0,0,0,0
40.2,1584,1,0.00250149,0.00250149,0.702659,0.71469,0.0120314,34.8106,34.8588,10,10,0,0.502955,0.516091,0.013136,0,1,1,0
40.2,1584,2,0.00754949,0.00754949,0.673885,0.643117,0.0307679,34.6955,34.5725,10,10,0,0.416915,0.441171,0.024256,0,1,0,0
40.2,1584,3,0.0980038,0.0980038,0.688516,0.703477,0.0149608,34.7541,34.8139,10,10,0,0.462107,0.536283,0.074176,0,0,1,0
40.3,1585,1,0.0441411,0.0441411,0.710729,0.702659,0.00807035,34.8429,34.8106,10,9,-1,0.516091,0.512336,0.00375467,0,0,1,0
40.3,1585,2,0.00480562,0.00480562,0.655145,0.673885,0.0187396,34.6206,34.6955,10,11,1,0.441171,0.404629,0.0365413,0,1,1,0
40.3,1585,3,0.106576,0.106576,0.677913,0.688516,0.0106034,34.7117,34.7541,10,10,0,0.536283,0.547691,0.011408,0,0,1,0
40.4,1586,1,0.00280777,0.00280777,0.672209,0.710729,0.03852,34.6888,34.8429,9,9,0,0.512336,0.438624,0.073712,0,1,0,0
40.4,1586,2,0.00249362,0.00249362,0.653973,0.655145,0.0011726,34.6159,34.6206,11,11,0,0.404629,0.363205,0.041424,0,1,1,0
40.4,1586,3,0.0864694,0.0864694,0.681083,0.677913,0.00317001,34.7243,34.7117,10,10,0,0.547691,0.483547,0.064144,0,0,1,0
40.5,1587,1,0.0264677,0.0264677,0.678481,0.672209,0.00627249,34.7139,34.6888,9,9,0,0.438624,0.544704,0.10608,0,0,1,0
40.5,1587,2,0.00211078,0.00211078,0.654941,0.653973,0.000968575,34.6198,34.6159,11,11,0,0.363205,0.387349,0.024144,0,1,1,0
40.5,1587,3,0.01875,0.01875,0.690942,0.681083,0.00985926,34.7638,34.7243,10,10,0,0.483547,0.592723,0.109176,0,1,1,0
40.6,1588,1,0.00520998,0.00520998,0.714743,0.678481,0.0362616,34.859,34.7139,9,10,1,0.544704,0.524139,0.0205653,0,1,0,0
40.6,1588,2,0.0128836,0.0128836,0.643001,0.654941,0.0119402,34.572,34.6198,11,10,-1,0.387349,0.423707,0.0363573,0,1,1,0
40.6,1588,3,0.0909558,0.0909558,0.710655,0.690942,0.0197135,34.8426,34.7638,10,10,0,0.592723,0.441075,0.151648,0,0,1,0
40.7,1589,1,0.0156502,0.0156502,0.699202,0.714743,0.0155414,34.7968,34.859,10,10,0,0.524139,0.494971,0.029168,0,1,1,0
40.7,1589,2,0.00846606,0.00846606,0.674089,0.643001,0.0310884,34.6964,34.572,10,10,0,0.423707,0.439691,0.015984,0,1,0,0
40.7,1589,3,0.0980566,0.0980566,0.692893,0.710655,0.0177622,34.7716,34.8426,10,10,0,0.441075,0.550907,0.109832,0,0,1,0
40.8,1590,1,0.0474491,0.0474491,0.716887,0.699202,0.0176852,34.8675,34.7968,10,9,-1,0.494971,0.483776,0.0111947,0,0,1,0
40.8,1590,2,0.00450343,0.00450343,0.65498,0.674089,0.0191093,34.6199,34.6964,10,11,1,0.439691,0.391333,0.0483573,0,1,1,0
40.8,1590,3,0.110673,0.110673,0.68101,0.692893,0.011883,34.724,34.7716,10,10,0,0.550907,0.538963,0.011944,0,0,1,0
40.9,1591,1,0.0223935,0.0223935,0.675244,0.716887,0.0416431,34.701,34.8675,9,9,0,0.483776,0.475728,0.008048,0,0,0,0
40.9,1591,2,0.00113699,0.00113699,0.654925,0.65498,5.48363e-05,34.6197,34.6199,11,11,0,0.391333,0.374757,0.016576,0,1,1,0
40.9,1591,3,0.093595,0.093595,0.681369,0.68101,0.000358939,34.7255,34.724,10,10,0,0.538963,0.504203,0.03476,0,0,1,0
41,1592,1,0.00410813,0.00410813,0.677155,0.675244,0.00191152,34.7086,34.701,9,9,0,0.475728,0.53464,0.058912,0,1,1,0
41,1592,2,0.00103503,0.00103503,0.654981,0.654925,5.55515e-05,34.6199,34.6197,11,11,0,0.374757,0.385877,0.01112,0,1,1,0
41,1592,3,0.0123295,0.0123295,0.692345,0.681369,0.0109758,34.7694,34.7255,10,10,0,0.504203,0.584643,0.08044,0,1,1,0
41.1,1593,1,0.0451264,0.0451264,0.661256,0.677155,0.0158988,34.645,34.7086,9,9,0,0.53464,0.5392,0.00456,0,0,1,0
41.1,1593,2,0.0025773,0.0025773,0.654041,0.654981,0.000939548,34.6162,34.6199,11,11,0,0.385877,0.382661,0.003216,0,1,1,1
41.1,1593,3,0.040933,0.040933,0.665936,0.692345,0.0264085,34.6637,34.7694,10,10,0,0.584643,0.580379,0.004264,0,0,0,0
41.2,1594,1,0.000717819,0.000717819,0.661771,0.661256,0.000514686,34.6471,34.645,9,9,0,0.5392,0.544704,0.005504,0,1,1,1
41.2,1594,2,0.00160325,0.00160325,0.65468,0.654041,0.0006392,34.6187,34.6162,11,11,0,0.382661,0.384133,0.001472,0,1,1,1
41.2,1594,3,0.000332654,0.000332654,0.666192,0.665936,0.000255823,34.6648,34.6637,10,10,0,0.580379,0.578611,0.001768,0,1,1,1
41.3,1595,1,0.0776465,0.0776465,0.717835,0.661771,0.0560637,34.8713,34.6471,9,10,1,0.544704,0.407451,0.137253,1,0,0,0
41.3,1595,2,0.0185799,0.0185799,0.643948,0.65468,0.0107324,34.5758,34.6187,11,10,-1,0.384133,0.425371,0.0412373,1,1,1,0
41.3,1595,3,0.0605871,0.0605871,0.699578,0.666192,0.0333861,34.7983,34.6648,10,10,0,0.578611,0.472403,0.106208,1,0,0,0
41.4,1596,1,0.00404376,0.00404376,0.692899,0.717835,0.0249363,34.7716,34.8713,10,10,0,0.407451,0.457179,0.049728,0,1,0,0
41.4,1596,2,0.00838755,0.00838755,0.671999,0.643948,0.0280508,34.688,34.5758,10,10,0,0.425371,0.437963,0.012592,0,1,0,0
41.4,1596,3,0.0991594,0.0991594,0.687071,0.699578,0.0125071,34.7483,34.7983,10,10,0,0.472403,0.532659,0.060256,0,0,1,0
41.5,1597,1,0.0649589,0.0649589,0.711171,0.692899,0.0182725,34.8447,34.7716,10,9,-1,0.457179,0.50912,0.0519413,0,0,1,0
41.5,1597,2,0.00626388,0.00626388,0.654692,0.671999,0.0173063,34.6188,34.688,10,11,1,0.437963,0.404629,0.0333333,0,1,1,0
41.5,1597,3,0.104878,0.104878,0.677913,0.687071,0.00915855,34.7117,34.7483,10,10,0,0.532659,0.547691,0.015032,0,0,1,0
41.6,1598,1,0.0154855,0.0154855,0.674358,0.711171,0.0368129,34.6974,34.8447,9,9,0,0.50912,0.457216,0.051904,0,1,0,0
41.6,1598,2,0.00119299,0.00119299,0.6556,0.654692,0.0009076,34.6224,34.6188,11,11,0,0.404629,0.364677,0.039952,0,1,1,0
41.6,1598,3,0.0801265,0.0801265,0.681798,0.677913,0.00388557,34.7272,34.7117,10,10,0,0.547691,0.468667,0.079024,0,0,1,0
41.7,1599,1,0.0136274,0.0136274,0.677155,0.674358,0.00279713,34.7086,34.6974,9,9,0,0.457216,0.53464,0.077424,0,1,1,0
41.7,1599,2,0.000988364,0.000988364,0.655197,0.6556,0.000403225,34.6208,34.6224,11,11,0,0.364677,0.385877,0.0212,0,1,1,0
41.7,1599,3,0.0329267,0.0329267,0.694902,0.681798,0.0131035,34.7796,34.7272,10,10,0,0.468667,0.565675,0.097008,0,0,1,0
41.8,1600,1,0.031022,0.031022,0.720074,0.677155,0.0429189,34.8803,34.7086,9,10,1,0.53464,0.391707,0.142933,0,0,0,0
41.8,1600,2,0.0145764,0.0145764,0.643958,0.655197,0.0112392,34.5758,34.6208,11,10,-1,0.385877,0.426435,0.0405573,0,1,1,0
41.8,1600,3,0.099952,0.099952,0.709183,0.694902,0.0142817,34.8367,34.7796,10,10,0,0.565675,0.445563,0.120112,0,0,1,0
41.9,1601,1,0.00193617,0.00193617,0.695405,0.720074,0.024669,34.7816,34.8803,10,10,0,0.391707,0.475787,0.08408,0,1,0,0
41.9,1601,2,0.00851712,0.00851712,0.671999,0.643958,0.0280411,34.688,34.5758,10,10,0,0.426435,0.437963,0.011528,0,1,0,0
41.9,1601,3,0.100651,0.100651,0.694649,0.709183,0.014534,34.7786,34.8367,10,10,0,0.445563,0.561379,0.115816,0,0,1,0
42,1602,1,0.0558555,0.0558555,0.71612,0.695405,0.0207146,34.8645,34.7816,10,9,-1,0.475787,0.486992,0.0112053,0,0,0,0
42,1602,2,0.00613782,0.00613782,0.655003,0.671999,0.0169955,34.62,34.688,10,11,1,0.437963,0.393077,0.0448853,0,1,1,0
42,1602,3,0.110157,0.110157,0.685588,0.694649,0.00906152,34.7424,34.7786,10,10,0,0.561379,0.524459,0.03692,0,0,1,0
42.1,1603,1,0.0232509,0.0232509,0.67529,0.71612,0.0408303,34.7012,34.8645,9,9,0,0.486992,0.47744,0.009552,0,0,0,0
42.1,1603,2,0.00224298,0.00224298,0.65495,0.655003,5.33462e-05,34.6198,34.62,11,11,0,0.393077,0.376501,0.016576,0,1,1,0
42.1,1603,3,0.0836765,0.0836765,0.680992,0.685588,0.00459599,34.724,34.7424,10,10,0,0.524459,0.485435,0.039024,0,0,1,0
42.2,1604,1,0.00521177,0.00521177,0.675946,0.67529,0.000656247,34.7038,34.7012,9,9,0,0.47744,0.51344,0.036,0,1,1,0
42.2,1604,2,0.000831574,0.000831574,0.654995,0.65495,4.55379e-05,34.62,34.6198,11,11,0,0.376501,0.385333,0.008832,0,1,1,1
42.2,1604,3,0.02681,0.02681,0.697053,0.680992,0.0160611,34.7882,34.724,10,10,0,0.485435,0.565659,0.080224,0,0,1,0
42.3,1605,1,0.0492028,0.0492028,0.664958,0.675946,0.0109879,34.6598,34.7038,9,9,0,0.51344,0.485584,0.027856,0,0,1,0
42.3,1605,2,0.0306022,0.0306022,0.660205,0.654995,0.00520921,34.6408,34.62,11,11,0,0.385333,0.399117,0.013784,0,0,1,0
42.3,1605,3,0.0418777,0.0418777,0.671449,0.697053,0.0256041,34.6858,34.7882,10,10,0,0.565659,0.565659,0,0,0,0,0
42.4,1606,1,0.00083974,0.00083974,0.663613,0.664958,0.00134474,34.6545,34.6598,9,9,0,0.485584,0.49752,0.011936,0,1,1,0
42.4,1606,2,6.53863e-05,6.53863e-05,0.660493,0.660205,0.000288427,34.642,34.6408,11,11,0,0.399117,0.400589,0.001472,0,1,1,1
42.4,1606,3,0.000705421,0.000705421,0.671381,0.671449,6.74725e-05,34.6855,34.6858,10,10,0,0.565659,0.568875,0.003216,0,1,1,1
42.5,1607,1,0.0518249,0.0518249,0.705054,0.663613,0.0414405,34.8202,34.6545,9,10,1,0.49752,0.366667,0.130853,0,0,0,0
42.5,1607,2,0.0445526,0.0445526,0.642871,0.660493,0.0176222,34.5715,34.642,11,10,-1,0.400589,0.431331,0.0307413,0,0,1,0
42.5,1607,3,0.0720344,0.0720344,0.682157,0.671381,0.0107755,34.7286,34.6855,10,10,0,0.568875,0.555203,0.013672,0,0,1,0
42.6,1608,1,0.00212547,0.00212547,0.659493,0.705054,0.0455606,34.638,34.8202,10,10,0,0.366667,0.419803,0.053136,0,1,0,0
42.6,1608,2,0.00532599,0.00532599,0.669485,0.642871,0.0266144,34.6779,34.5715,10,10,0,0.431331,0.455899,0.024568,0,1,0,0
42.6,1608,3,0.0950542,0.0950542,0.686515,0.682157,0.00435799,34.7461,34.7286,10,10,0,0.555203,0.622251,0.067048,0,0,1,0
42.7,1609,1,0.0208734,0.0208734,0.662095,0.659493,0.0026018,34.6484,34.638,10,10,0,0.419803,0.437771,0.017968,0,0,1,0
42.7,1609,2,0.00312212,0.00312212,0.654708,0.669485,0.0147772,34.6188,34.6779,10,11,1,0.455899,0.424309,0.0315893,0,1,1,0
42.7,1609,3,0.0968758,0.0968758,0.682783,0.686515,0.00373161,34.7311,34.7461,10,10,0,0.622251,0.572867,0.049384,0,0,1,0
42.8,1610,1,0.026863,0.026863,0.647249,0.662095,0.0148461,34.589,34.6484,10,9,-1,0.437771,0.440592,0.00282133,0,0,1,0
42.8,1610,2,0.00218093,0.00218093,0.65545,0.654708,0.000742316,34.6218,34.6188,11,11,0,0.424309,0.376445,0.047864,0,1,1,0
42.8,1610,3,0.082118,0.082118,0.68115,0.682783,0.00163364,34.7246,34.7311,10,10,0,0.572867,0.458187,0.11468,0,0,1,0
42.9,1611,1,0.012257,0.012257,0.63908,0.647249,0.008169,34.5563,34.589,9,9,0,0.440592,0.50832,0.067728,0,1,1,0
42.9,1611,2,0.000263542,0.000263542,0.654801,0.65545,0.000649333,34.6192,34.6218,11,11,0,0.376445,0.400597,0.024152,0,1,1,0
42.9,1611,3,0.0311527,0.0311527,0.695304,0.68115,0.0141543,34.7812,34.7246,10,10,0,0.458187,0.575715,0.117528,0,0,1,0
43,1612,1,0.0623669,0.0623669,0.702936,0.63908,0.0638568,34.8117,34.5563,9,10,1,0.50832,0.376203,0.132117,0,0,0,0
43,1612,2,0.0161844,0.0161844,0.643895,0.654801,0.0109057,34.5756,34.6192,11,10,-1,0.400597,0.437123,0.0365253,0,1,1,0
43,1612,3,0.0990374,0.0990374,0.701659,0.695304,0.00635481,34.8066,34.7812,10,10,0,0.575715,0.464011,0.111704,0,0,1,0
43.1,1613,1,0.00437135,0.00437135,0.659963,0.702936,0.0429736,34.6399,34.8117,10,10,0,0.376203,0.431739,0.055536,0,1,0,0
43.1,1613,2,0.0106178,0.0106178,0.669485,0.643895,0.0255899,34.6779,34.5756,10,10,0,0.437123,0.455899,0.018776,0,1,0,0
43.1,1613,3,0.0977196,0.0977196,0.694563,0.701659,0.00709587,34.7783,34.8066,10,10,0,0.464011,0.574723,0.110712,0,0,1,0
43.2,1614,1,0.0378056,0.0378056,0.704849,0.659963,0.0448866,34.8194,34.6399,10,9,-1,0.431739,0.45512,0.0233813,0,0,0,0
43.2,1614,2,0.000974655,0.000974655,0.657775,0.669485,0.01171,34.6311,34.6779,10,11,1,0.455899,0.407797,0.0481013,0,1,1,0
43.2,1614,3,0.10881,0.10881,0.682038,0.694563,0.0125247,34.7282,34.7783,10,10,0,0.574723,0.536051,0.038672,0,0,1,0
43.3,1615,1,0.0379257,0.0379257,0.630196,0.704849,0.0746538,34.5208,34.8194,9,9,0,0.45512,0.461904,0.006784,0,0,0,0
43.3,1615,2,0.00197971,0.00197971,0.657512,0.657775,0.000263274,34.63,34.6311,11,11,0,0.407797,0.386533,0.021264,0,1,1,0
43.3,1615,3,0.0939156,0.0939156,0.681494,0.682038,0.00054419,34.726,34.7282,10,10,0,0.536051,0.506475,0.029576,0,0,1,0
43.4,1616,1,0.0182167,0.0182167,0.640259,0.630196,0.0100633,34.561,34.5208,9,9,0,0.461904,0.512304,0.0504,0,1,1,0
43.4,1616,2,0.00116971,0.00116971,0.657318,0.657512,0.000193298,34.6293,34.63,11,11,0,0.386533,0.400573,0.01404,0,1,1,0
43.4,1616,3,0.00950584,0.00950584,0.691105,0.681494,0.00961101,34.7644,34.726,10,10,0,0.506475,0.591267,0.084792,0,1,1,0
43.5,1617,1,0.00404581,0.00404581,0.66117,0.640259,0.0209113,34.6447,34.561,9,9,0,0.512304,0.512304,0,0,1,0,0
43.5,1617,2,0.0389763,0.0389763,0.661318,0.657318,0.00399989,34.6453,34.6293,11,11,0,0.400573,0.399125,0.001448,0,0,1,0
43.5,1617,3,0.0381183,0.0381183,0.665273,0.691105,0.0258317,34.6611,34.7644,10,10,0,0.591267,0.584955,0.006312,0,0,0,0
43.6,1618,1,0,0,0.66117,0.66117,0,34.6447,34.6447,9,9,0,0.512304,0.512304,0,0,1,1,1
43.6,1618,2,4.11272e-06,4.11272e-06,0.661315,0.661318,3.27826e-06,34.6453,34.6453,11,11,0,0.399125,0.399101,2.4e-05,0,1,1,1
43.6,1618,3,0.000529498,0.000529498,0.665681,0.665273,0.000408053,34.6627,34.6611,10,10,0,0.584955,0.582139,0.002816,0,1,1,1
43.7,1619,1,0.0178728,0.0178728,0.706789,0.66117,0.0456191,34.8272,34.6447,9,9,0,0.512304,0.445808,0.066496,1,1,0,0
43.7,1619,2,0.0612732,0.0612732,0.669394,0.661315,0.00807911,34.6776,34.6453,11,10,-1,0.399101,0.434587,0.0354853,1,0,1,0
43.7,1619,3,0.0354827,0.0354827,0.685834,0.665681,0.0201529,34.7433,34.6627,10,11,1,0.582139,0.437445,0.144693,1,0,0,0
43.8,1620,1,0.0235088,0.0235088,0.654408,0.706789,0.0523818,34.6176,34.8272,9,9,0,0.445808,0.511536,0.065728,0,0,0,0
43.8,1620,2,0.0238311,0.0238311,0.684711,0.669394,0.0153163,34.7388,34.6776,10,10,0,0.434587,0.455899,0.021312,0,0,1,0
43.8,1620,3,0.0494982,0.0494982,0.670282,0.685834,0.0155523,34.6811,34.7433,11,11,0,0.437445,0.508637,0.071192,0,0,1,0
43.9,1621,1,0.0389069,0.0389069,0.685954,0.654408,0.0315467,34.7438,34.6176,9,9,0,0.511536,0.512304,0.000768,0,0,0,0
43.9,1621,2,0.00189289,0.00189289,0.65859,0.684711,0.0261207,34.6344,34.7388,10,11,1,0.455899,0.422565,0.0333333,0,1,0,0
43.9,1621,3,0.071087,0.071087,0.666857,0.670282,0.00342464,34.6674,34.6811,11,10,-1,0.508637,0.551635,0.0429973,0,0,1,0
44,1622,1,0.00614291,0.00614291,0.650779,0.685954,0.0351751,34.6031,34.7438,9,9,0,0.512304,0.43912,0.073184,0,1,0,0
44,1622,2,0.00148574,0.00148574,0.657331,0.65859,0.00125903,34.6293,34.6344,11,11,0,0.422565,0.378197,0.044368,0,1,1,0
44,1622,3,0.0703995,0.0703995,0.694696,0.666857,0.0278383,34.7788,34.6674,10,10,0,0.551635,0.497443,0.054192,0,0,0,0
44.1,1623,1,0.0328026,0.0328026,0.654608,0.650779,0.0038287,34.6184,34.6031,9,9,0,0.43912,0.512304,0.073184,0,0,1,0
44.1,1623,2,0.00184202,0.00184202,0.657318,0.657331,1.25766e-05,34.6293,34.6293,11,11,0,0.378197,0.400597,0.0224,0,1,1,0
44.1,1623,3,0.0301371,0.0301371,0.681423,0.694696,0.0132725,34.7257,34.7788,10,10,0,0.497443,0.582139,0.084696,0,0,1,0
44.2,1624,1,0.019864,0.019864,0.707224,0.654608,0.0526159,34.8289,34.6184,9,9,0,0.512304,0.437376,0.074928,0,1,0,0
44.2,1624,2,0.0241186,0.0241186,0.668181,0.657318,0.010863,34.6727,34.6293,11,10,-1,0.400597,0.441827,0.0412293,0,0,1,0
44.2,1624,3,0.0806203,0.0806203,0.682456,0.681423,0.00103319,34.7298,34.7257,10,11,1,0.582139,0.449733,0.132405,0,0,1,0
44.3,1625,1,0.0199275,0.0199275,0.655744,0.707224,0.0514798,34.623,34.8289,9,9,0,0.437376,0.516864,0.079488,0,1,0,0
44.3,1625,2,0.0256553,0.0256553,0.684711,0.668181,0.0165293,34.7388,34.6727,10,10,0,0.441827,0.455899,0.014072,0,0,1,0
44.3,1625,3,0.0545364,0.0545364,0.673573,0.682456,0.008883,34.6943,34.7298,11,11,0,0.449733,0.539397,0.089664,0,0,1,0
44.4,1626,1,0.0371694,0.0371694,0.693238,0.655744,0.0374941,34.773,34.623,9,9,0,0.516864,0.494784,0.02208,0,0,0,0
44.4,1626,2,0.00583294,0.00583294,0.654752,0.684711,0.0299587,34.619,34.7388,10,11,1,0.455899,0.402421,0.0534773,0,1,0,0
44.4,1626,3,0.0722638,0.0722638,0.671284,0.673573,0.00228977,34.6851,34.6943,11,10,-1,0.539397,0.538611,0.000786666,0,0,1,0
44.5,1627,1,0.010899,0.010899,0.6469,0.693238,0.0463378,34.5876,34.773,9,9,0,0.494784,0.454128,0.040656,0,1,0,0
44.5,1627,2,0.0040617,0.0040617,0.656042,0.654752,0.00128996,34.6242,34.619,11,11,0,0.402421,0.358997,0.043424,0,1,1,0
44.5,1627,3,0.0844978,0.0844978,0.689594,0.671284,0.0183102,34.7584,34.6851,10,10,0,0.538611,0.532507,0.006104,0,0,1,0
44.6,1628,1,0.0172987,0.0172987,0.647833,0.6469,0.000933051,34.5913,34.5876,9,9,0,0.454128,0.516864,0.062736,0,1,1,0
44.6,1628,2,0.000967145,0.000967145,0.65567,0.656042,0.000372171,34.6227,34.6242,11,11,0,0.358997,0.385677,0.02668,0,1,1,0
44.6,1628,3,0.013327,0.013327,0.682581,0.689594,0.00701237,34.7303,34.7584,10,10,0,0.532507,0.577579,0.045072,0,1,1,0
44.7,1629,1,0.0330715,0.0330715,0.661614,0.647833,0.0137804,34.6465,34.5913,9,9,0,0.516864,0.506976,0.009888,0,0,1,0
44.7,1629,2,0.0320932,0.0320932,0.660503,0.65567,0.00483322,34.642,34.6227,11,11,0,0.385677,0.381125,0.004552,0,0,1,0
44.7,1629,3,0.0421517,0.0421517,0.664884,0.682581,0.0176971,34.6595,34.7303,10,10,0,0.577579,0.587643,0.010064,0,0,1,0
44.8,1630,1,0.000692606,0.000692606,0.661127,0.661614,0.000486791,34.6445,34.6465,9,9,0,0.506976,0.513072,0.006096,0,1,1,1
44.8,1630,2,3.27826e-07,3.27826e-07,0.660502,0.660503,1.07288e-06,34.642,34.642,11,11,0,0.381125,0.381117,8e-06,0,1,1,1
44.8,1630,3,0.000790417,0.000790417,0.665681,0.664884,0.000797033,34.6627,34.6595,10,10,0,0.587643,0.582139,0.005504,0,1,1,1
44.9,1631,1,0.058439,0.058439,0.701682,0.661127,0.0405549,34.8067,34.6445,9,10,1,0.513072,0.382891,0.130181,1,0,0,0
44.9,1631,2,0.0528888,0.0528888,0.644059,0.660502,0.0164425,34.5762,34.642,11,10,-1,0.381117,0.471603,0.0904853,1,0,1,0
44.9,1631,3,0.0643753,0.0643753,0.696012,0.665681,0.0303305,34.784,34.6627,10,10,0,0.582139,0.481099,0.10104,1,0,0,0
45,1632,1,0.00562114,0.00562114,0.660038,0.701682,0.0416433,34.6402,34.8067,10,10,0,0.382891,0.433227,0.050336,0,1,0,0
45,1632,2,0.0143829,0.0143829,0.667488,0.644059,0.023429,34.67,34.5762,10,10,0,0.471603,0.457643,0.01396,0,1,0,0
45,1632,3,0.094769,0.094769,0.687002,0.696012,0.00901031,34.748,34.784,10,10,0,0.481099,0.612003,0.130904,0,0,1,0
45.1,1633,1,0.0430516,0.0430516,0.6986,0.660038,0.038562,34.7944,34.6402,10,9,-1,0.433227,0.477152,0.0439253,0,0,0,0
45.1,1633,2,0.00431925,0.00431925,0.655628,0.667488,0.0118607,34.6225,34.67,10,11,1,0.457643,0.422565,0.0350773,0,1,1,0
45.1,1633,3,0.101407,0.101407,0.671047,0.687002,0.0159544,34.6842,34.748,10,10,0,0.612003,0.588219,0.023784,0,0,1,0
45.2,1634,1,0.0341696,0.0341696,0.627808,0.6986,0.0707924,34.5112,34.7944,9,9,0,0.477152,0.438288,0.038864,0,0,0,0
45.2,1634,2,0.0007011,0.0007011,0.655935,0.655628,0.000307798,34.6237,34.6225,11,11,0,0.422565,0.350789,0.071776,0,1,1,0
45.2,1634,3,0.0832684,0.0832684,0.682429,0.671047,0.0113822,34.7297,34.6842,10,10,0,0.588219,0.479483,0.108736,0,0,1,0
45.3,1635,1,0.0175871,0.0175871,0.634997,0.627808,0.00718874,34.54,34.5112,9,9,0,0.438288,0.512304,0.074016,0,1,1,0
45.3,1635,2,0.00123036,0.00123036,0.65568,0.655935,0.000255406,34.6227,34.6237,11,11,0,0.350789,0.381125,0.030336,0,1,1,0
45.3,1635,3,0.0294788,0.0294788,0.69204,0.682429,0.00961035,34.7682,34.7297,10,10,0,0.479483,0.578915,0.099432,0,0,1,0
45.4,1636,1,0.0228363,0.0228363,0.70528,0.634997,0.0702837,34.8211,34.54,9,9,0,0.512304,0.453056,0.059248,0,0,0,0
45.4,1636,2,0.0161407,0.0161407,0.645007,0.65568,0.010673,34.58,34.6227,11,10,-1,0.381125,0.427115,0.0459893,0,1,1,0
45.4,1636,3,0.0853713,0.0853713,0.683919,0.69204,0.00812089,34.7357,34.7682,10,11,1,0.578915,0.453749,0.125165,0,0,1,0
45.5,1637,1,0.0159228,0.0159228,0.64832,0.70528,0.0569606,34.5933,34.8211,9,9,0,0.453056,0.519264,0.066208,0,1,0,0
45.5,1637,2,0.00983749,0.00983749,0.667843,0.645007,0.0228359,34.6714,34.58,10,10,0,0.427115,0.455899,0.028784,0,1,0,0
45.5,1637,3,0.0604038,0.0604038,0.671873,0.683919,0.0120454,34.6875,34.7357,11,11,0,0.453749,0.534405,0.080656,0,0,1,0
45.6,1638,1,0.0307131,0.0307131,0.689934,0.64832,0.0416139,34.7597,34.5933,9,9,0,0.519264,0.504992,0.014272,0,0,0,0
45.6,1638,2,0.00688934,0.00688934,0.655618,0.667843,0.0122252,34.6225,34.6714,10,11,1,0.455899,0.411141,0.0447573,0,1,1,0
45.6,1638,3,0.0721947,0.0721947,0.667249,0.671873,0.00462401,34.669,34.6875,11,10,-1,0.534405,0.547891,0.0134853,0,0,1,0
45.7,1639,1,0.0144929,0.0144929,0.647019,0.689934,0.0429149,34.5881,34.7597,9,9,0,0.504992,0.455872,0.04912,0,1,0,0
45.7,1639,2,0.000715673,0.000715673,0.655688,0.655618,7.05123e-05,34.6228,34.6225,11,11,0,0.411141,0.377493,0.033648,0,1,1,0
45.7,1639,3,0.0871205,0.0871205,0.687383,0.667249,0.0201334,34.7495,34.669,10,10,0,0.547891,0.545771,0.00212,0,0,0,0
45.8,1640,1,0.0174844,0.0174844,0.646907,0.647019,0.000111401,34.5876,34.5881,9,9,0,0.455872,0.512304,0.056432,0,1,1,0
45.8,1640,2,0.00068891,0.00068891,0.655644,0.655688,4.3869e-05,34.6226,34.6228,11,11,0,0.377493,0.396821,0.019328,0,1,1,0
45.8,1640,3,0.0105007,0.0105007,0.678815,0.687383,0.00856817,34.7153,34.7495,10,10,0,0.545771,0.598619,0.052848,0,1,1,0
45.9,1641,1,0.0385449,0.0385449,0.641298,0.646907,0.00560886,34.5652,34.5876,9,9,0,0.512304,0.512304,0,0,0,1,0
45.9,1641,2,0.0316689,0.0316689,0.663175,0.655644,0.00753045,34.6527,34.6226,11,11,0,0.396821,0.401381,0.00456,0,0,1,0
45.9,1641,3,0.0389318,0.0389318,0.667813,0.678815,0.0110016,34.6713,34.7153,10,10,0,0.598619,0.604123,0.005504,0,0,1,0
46,1642,1,0.000733078,0.000733078,0.641341,0.641298,4.27365e-05,34.5654,34.5652,9,9,0,0.512304,0.506976,0.005328,0,1,1,1
46,1642,2,0.000650883,0.000650883,0.662349,0.663175,0.000825524,34.6494,34.6527,11,11,0,0.401381,0.395069,0.006312,0,1,1,1
46,1642,3,0.000217557,0.000217557,0.668158,0.667813,0.000344694,34.6726,34.6713,10,10,0,0.604123,0.612307,0.008184,0,1,1,1
46.1,1643,1,0.0222145,0.0222145,0.705389,0.641341,0.0640477,34.8216,34.5654,9,9,0,0.506976,0.452536,0.05444,1,0,0,0
46.1,1643,2,0.0237227,0.0237227,0.655725,0.662349,0.0066241,34.6229,34.6494,11,10,-1,0.395069,0.442091,0.0470213,1,0,1,0
46.1,1643,3,0.0455605,0.0455605,0.687335,0.668158,0.0191776,34.7493,34.6726,10,11,1,0.612307,0.445317,0.166989,1,0,1,0
46.2,1644,1,0.0150594,0.0150594,0.649505,0.705389,0.0558835,34.598,34.8216,9,9,0,0.452536,0.524256,0.07172,0,1,0,0
46.2,1644,2,0.0144729,0.0144729,0.647977,0.655725,0.00774825,34.5919,34.6229,10,10,0,0.442091,0.473339,0.031248,0,1,1,0
46.2,1644,3,0.055608,0.055608,0.670433,0.687335,0.0169023,34.6817,34.7493,11,11,0,0.445317,0.555445,0.110128,0,0,1,0
46.3,1645,1,0.0324866,0.0324866,0.68643,0.649505,0.0369247,34.7457,34.598,9,9,0,0.524256,0.516048,0.008208,0,0,0,0
46.3,1645,2,0.0377718,0.0377718,0.667043,0.647977,0.019066,34.6682,34.5919,10,11,1,0.473339,0.431285,0.0420533,0,0,1,0
46.3,1645,3,0.0748605,0.0748605,0.658049,0.670433,0.0123836,34.6322,34.6817,11,10,-1,0.555445,0.580491,0.0250453,0,0,1,0
46.4,1646,1,0.0126989,0.0126989,0.646476,0.68643,0.0399538,34.5859,34.7457,9,9,0,0.516048,0.447792,0.068256,0,1,0,0
46.4,1646,2,0.0047785,0.0047785,0.662116,0.667043,0.00492722,34.6485,34.6682,11,11,0,0.431285,0.360165,0.07112,0,1,1,0
46.4,1646,3,0.0776047,0.0776047,0.69384,0.658049,0.0357901,34.7754,34.6322,10,10,0,0.580491,0.512963,0.067528,0,0,0,0
46.5,1647,1,0.0219955,0.0219955,0.646555,0.646476,7.83801e-05,34.5862,34.5859,9,9,0,0.447792,0.509792,0.062,0,0,1,0
46.5,1647,2,0.00116915,0.00116915,0.664567,0.662116,0.00245088,34.6583,34.6485,11,11,0,0.360165,0.383941,0.023776,0,1,1,0
46.5,1647,3,0.0251175,0.0251175,0.676548,0.69384,0.017292,34.7062,34.7754,10,10,0,0.512963,0.604931,0.091968,0,0,1,0
46.6,1648,1,0.0179873,0.0179873,0.704756,0.646555,0.0582013,34.819,34.5862,9,9,0,0.509792,0.455568,0.054224,0,1,0,0
46.6,1648,2,0.0186985,0.0186985,0.65531,0.664567,0.00925618,34.6212,34.6583,11,10,-1,0.383941,0.428859,0.0449173,0,1,1,0
46.6,1648,3,0.0861817,0.0861817,0.681101,0.676548,0.00455332,34.7244,34.7062,10,11,1,0.604931,0.461093,0.143837,0,0,1,0
46.7,1649,1,0.016147,0.016147,0.648735,0.704756,0.0560214,34.5949,34.819,9,9,0,0.455568,0.521312,0.065744,0,1,0,0
46.7,1649,2,0.0102222,0.0102222,0.645086,0.65531,0.0102248,34.5803,34.6212,10,10,0,0.428859,0.454147,0.025288,0,1,1,0
46.7,1649,3,0.0586867,0.0586867,0.67094,0.681101,0.0101613,34.6838,34.7244,11,11,0,0.461093,0.552661,0.091568,0,0,1,0
46.8,1650,1,0.0309962,0.0309962,0.689105,0.648735,0.0403703,34.7564,34.5949,9,9,0,0.521312,0.507504,0.013808,0,0,0,0
46.8,1650,2,0.0305696,0.0305696,0.666015,0.645086,0.0209296,34.6641,34.5803,10,11,1,0.454147,0.404149,0.0499973,0,0,0,0
46.8,1650,3,0.0745933,0.0745933,0.65849,0.67094,0.0124495,34.634,34.6838,11,10,-1,0.552661,0.570723,0.0180613,0,0,1,0
46.9,1651,1,0.0145058,0.0145058,0.6469,0.689105,0.0422047,34.5876,34.7564,9,9,0,0.507504,0.454128,0.053376,0,1,0,0
46.9,1651,2,0.00241676,0.00241676,0.662888,0.666015,0.0031274,34.6516,34.6641,11,11,0,0.404149,0.368157,0.035992,0,1,1,0
46.9,1651,3,0.0955317,0.0955317,0.6862,0.65849,0.0277103,34.7448,34.634,10,10,0,0.570723,0.551915,0.018808,0,0,0,0
47,1652,1,0.0183359,0.0183359,0.646527,0.6469,0.000373244,34.5861,34.5876,9,9,0,0.454128,0.509488,0.05536,0,1,1,0
47,1652,2,0.00151005,0.00151005,0.664973,0.662888,0.00208467,34.6599,34.6516,11,11,0,0.368157,0.388789,0.020632,0,1,1,0
47,1652,3,0.00463104,0.00463104,0.673912,0.6862,0.0122885,34.6956,34.7448,10,10,0,0.551915,0.613379,0.061464,0,1,1,0
47.1,1653,1,0.0387446,0.0387446,0.641483,0.646527,0.00504392,34.5659,34.5861,9,9,0,0.509488,0.514352,0.004864,0,0,1,0
47.1,1653,2,0.00308877,0.00308877,0.661752,0.664973,0.00322092,34.647,34.6599,11,11,0,0.388789,0.390549,0.00176,0,1,1,1
47.1,1653,3,0.0736204,0.0736204,0.673322,0.673912,0.000590444,34.6933,34.6956,10,10,0,0.613379,0.609115,0.004264,0,0,1,0
47.2,1654,1,0.00068447,0.00068447,0.641266,0.641483,0.000216842,34.5651,34.5659,9,9,0,0.514352,0.507744,0.006608,0,1,1,1
47.2,1654,2,0.000125885,0.000125885,0.662124,0.661752,0.00037241,34.6485,34.647,11,11,0,0.390549,0.393365,0.002816,0,1,1,1
47.2,1654,3,0.00071609,0.00071609,0.674064,0.673322,0.000742674,34.6963,34.6933,10,10,0,0.609115,0.611803,0.002688,0,1,1,1
47.3,1655,1,0.00415015,0.00415015,0.671936,0.641266,0.0306701,34.6877,34.5651,9,9,0,0.507744,0.483792,0.023952,1,1,0,0
47.3,1655,2,0.022676,0.022676,0.655312,0.662124,0.00681162,34.6212,34.6485,11,10,-1,0.393365,0.429467,0.0361013,1,0,1,0
47.3,1655,3,0.0118458,0.0118458,0.668119,0.674064,0.00594509,34.6725,34.6963,10,11,1,0.611803,0.493317,0.118485,1,1,1,0
47.4,1656,1,0.0089401,0.0089401,0.642042,0.671936,0.0298943,34.5682,34.6877,9,9,0,0.483792,0.540608,0.056816,0,1,0,0
47.4,1656,2,0.0128131,0.0128131,0.646515,0.655312,0.00879729,34.5861,34.6212,10,10,0,0.429467,0.464347,0.03488,0,1,1,0
47.4,1656,3,0.0301058,0.0301058,0.667535,0.668119,0.000584304,34.6701,34.6725,11,11,0,0.493317,0.562445,0.069128,0,0,1,0
47.5,1657,1,0.0102141,0.0102141,0.675964,0.642042,0.0339218,34.7039,34.5682,9,10,1,0.540608,0.525707,0.0149013,0,1,0,0
47.5,1657,2,0.0350624,0.0350624,0.667063,0.646515,0.0205483,34.6683,34.5861,10,11,1,0.464347,0.432757,0.0315893,0,0,0,0
47.5,1657,3,0.0777549,0.0777549,0.661214,0.667535,0.00632113,34.6449,34.6701,11,9,-2,0.562445,0.62344,0.0609947,0,0,1,0
47.6,1658,1,0.0168018,0.0168018,0.643444,0.675964,0.0325199,34.5738,34.7039,10,10,0,0.525707,0.415195,0.110512,0,1,0,0
47.6,1658,2,0.00421357,0.00421357,0.663073,0.667063,0.00399071,34.6523,34.6683,11,11,0,0.432757,0.369893,0.062864,0,1,1,0
47.6,1658,3,0.0989816,0.0989816,0.70012,0.661214,0.0389063,34.8005,34.6449,9,9,0,0.62344,0.62336,8e-05,0,0,0,0
47.7,1659,1,0.00221691,0.00221691,0.644489,0.643444,0.00104541,34.578,34.5738,10,10,0,0.415195,0.437147,0.021952,0,1,1,0
47.7,1659,2,0.00127918,0.00127918,0.664916,0.663073,0.00184351,34.6597,34.6523,11,11,0,0.369893,0.388037,0.018144,0,1,1,0
47.7,1659,3,0.0138122,0.0138122,0.68374,0.70012,0.0163796,34.735,34.8005,9,9,0,0.62336,0.693864,0.070504,0,1,1,0
47.8,1660,1,0.0273986,0.0273986,0.680457,0.644489,0.0359675,34.7218,34.578,10,9,-1,0.437147,0.456976,0.0198293,0,0,0,0
47.8,1660,2,0.00459114,0.00459114,0.66924,0.664916,0.0043236,34.677,34.6597,11,10,-1,0.388037,0.442219,0.0541813,0,1,1,0
47.8,1660,3,0.0623985,0.0623985,0.676936,0.68374,0.00680405,34.7077,34.735,9,11,2,0.693864,0.471909,0.221955,0,0,1,0
47.9,1661,1,0.00906029,0.00906029,0.633125,0.680457,0.0473319,34.5325,34.7218,9,9,0,0.456976,0.539376,0.0824,0,1,0,0
47.9,1661,2,0.0269373,0.0269373,0.657586,0.66924,0.0116535,34.6303,34.677,10,10,0,0.442219,0.464339,0.02212,0,0,1,0
47.9,1661,3,0.0470941,0.0470941,0.659038,0.676936,0.0178985,34.6362,34.7077,11,11,0,0.471909,0.549957,0.078048,0,0,1,0
48,1662,1,0.0267011,0.0267011,0.664265,0.633125,0.0311403,34.6571,34.5325,9,10,1,0.539376,0.482059,0.0573173,0,0,0,0
48,1662,2,0.0553498,0.0553498,0.677808,0.657586,0.0202213,34.7112,34.6303,10,11,1,0.464339,0.410101,0.0542373,0,0,0,0
48,1662,3,0.0875608,0.0875608,0.654138,0.659038,0.0048998,34.6166,34.6362,11,9,-2,0.549957,0.590056,0.0400987,0,0,1,0
48.1,1663,1,0.00856265,0.00856265,0.644919,0.664265,0.0193466,34.5797,34.6571,10,10,0,0.482059,0.391107,0.090952,0,1,1,0
48.1,1663,2,0.000530481,0.000530481,0.6724,0.677808,0.00540769,34.6896,34.7112,11,11,0,0.410101,0.370469,0.039632,0,1,1,0
48.1,1663,3,0.118226,0.118226,0.700157,0.654138,0.0460187,34.8006,34.6166,9,9,0,0.590056,0.645224,0.055168,0,0,0,0
48.2,1664,1,0.00676858,0.00676858,0.648299,0.644919,0.00338006,34.5932,34.5797,10,10,0,0.391107,0.456891,0.065784,0,1,1,0
48.2,1664,2,0.00129056,0.00129056,0.674054,0.6724,0.00165427,34.6962,34.6896,11,11,0,0.370469,0.388805,0.018336,0,1,1,0
48.2,1664,3,0.00456071,0.00456071,0.693725,0.700157,0.00643164,34.7749,34.8006,9,9,0,0.645224,0.669872,0.024648,0,1,1,0
48.3,1665,1,0.0331545,0.0331545,0.616219,0.648299,0.0320798,34.4649,34.5932,10,10,0,0.456891,0.453691,0.0032,0,0,0,0
48.3,1665,2,0.0309007,0.0309007,0.66333,0.674054,0.0107238,34.6533,34.6962,11,11,0,0.388805,0.390549,0.001744,0,0,1,0
48.3,1665,3,0.0751565,0.0751565,0.685763,0.693725,0.00796252,34.7431,34.7749,9,9,0,0.669872,0.673616,0.003744,0,0,1,0
48.4,1666,1,0.000283301,0.000283301,0.616061,0.616219,0.000157475,34.4642,34.4649,10,10,0,0.453691,0.452699,0.000992,0,1,1,1
48.4,1666,2,8.46982e-05,8.46982e-05,0.663145,0.66333,0.000185728,34.6526,34.6533,11,11,0,0.390549,0.388805,0.001744,0,1,1,1
48.4,1666,3,0.00093466,0.00093466,0.685586,0.685763,0.000177145,34.7423,34.7431,9,9,0,0.673616,0.67192,0.001696,0,1,1,1
48.5,1667,1,0.0155419,0.0155419,0.683219,0.616061,0.0671574,34.7329,34.4642,10,9,-1,0.452699,0.447856,0.00484267,1,1,0,0
48.5,1667,2,0.00765949,0.00765949,0.667922,0.663145,0.00477737,34.6717,34.6526,11,10,-1,0.388805,0.426659,0.0378533,1,1,1,0
48.5,1667,3,0.00248268,0.00248268,0.672034,0.685586,0.0135517,34.6881,34.7423,9,11,2,0.67192,0.488757,0.183163,1,1,1,0
48.6,1668,1,0.0179562,0.0179562,0.624361,0.683219,0.0588583,34.4974,34.7329,9,9,0,0.447856,0.520192,0.072336,0,1,0,0
48.6,1668,2,0.0258778,0.0258778,0.655373,0.667922,0.0125495,34.6215,34.6717,10,10,0,0.426659,0.446411,0.019752,0,0,1,0
48.6,1668,3,0.0420529,0.0420529,0.654095,0.672034,0.0179385,34.6164,34.6881,11,11,0,0.488757,0.508909,0.020152,0,0,1,0
48.7,1669,1,0.0333764,0.0333764,0.664761,0.624361,0.0404006,34.659,34.4974,9,10,1,0.520192,0.484043,0.0361493,0,0,0,0
48.7,1669,2,0.0487286,0.0487286,0.677914,0.655373,0.0225414,34.7117,34.6215,10,11,1,0.446411,0.413781,0.0326293,0,0,0,0
48.7,1669,3,0.0796006,0.0796006,0.673026,0.654095,0.0189304,34.6921,34.6164,11,9,-2,0.508909,0.58804,0.0791307,0,0,1,0
48.8,1670,1,0.00338575,0.00338575,0.646026,0.664761,0.0187349,34.5841,34.659,10,10,0,0.484043,0.370675,0.113368,0,1,1,0
48.8,1670,2,0.000325233,0.000325233,0.676089,0.677914,0.00182527,34.7044,34.7117,11,11,0,0.413781,0.344045,0.069736,0,1,1,0
48.8,1670,3,0.108926,0.108926,0.69778,0.673026,0.024754,34.7911,34.6921,9,9,0,0.58804,0.611784,0.023744,0,0,0,0
48.9,1671,1,0.00346088,0.00346088,0.646104,0.646026,7.75456e-05,34.5844,34.5841,10,10,0,0.370675,0.445659,0.074984,0,1,1,0
48.9,1671,2,0.00216267,0.00216267,0.672322,0.676089,0.00376713,34.6893,34.7044,11,11,0,0.344045,0.373805,0.02976,0,1,1,0
48.9,1671,3,0.0103499,0.0103499,0.689855,0.69778,0.00792491,34.7594,34.7911,9,9,0,0.611784,0.67192,0.060136,0,1,1,0
49,1672,1,0.0253179,0.0253179,0.679112,0.646104,0.0330082,34.7164,34.5844,10,9,-1,0.445659,0.46128,0.0156213,0,0,0,0
49,1672,2,0.0247216,0.0247216,0.667411,0.672322,0.00491101,34.6696,34.6893,11,10,-1,0.373805,0.429547,0.0557413,0,0,1,0
49,1672,3,0.0652427,0.0652427,0.68154,0.689855,0.00831509,34.7262,34.7594,9,11,2,0.67192,0.459133,0.212787,0,0,1,0
49.1,1673,1,0.0140796,0.0140796,0.625211,0.679112,0.0539011,34.5008,34.7164,9,9,0,0.46128,0.522624,0.061344,0,1,0,0
49.1,1673,2,0.0250324,0.0250324,0.654449,0.667411,0.0129616,34.6178,34.6696,10,10,0,0.429547,0.446403,0.016856,0,0,1,0
49.1,1673,3,0.0464846,0.0464846,0.654019,0.68154,0.0275204,34.6161,34.7262,11,11,0,0.459133,0.507405,0.048272,0,0,0,0
49.2,1674,1,0.0330429,0.0330429,0.662636,0.625211,0.0374249,34.6505,34.5008,9,10,1,0.522624,0.475555,0.0470693,0,0,0,0
49.2,1674,2,0.0494314,0.0494314,0.675537,0.654449,0.0210878,34.7021,34.6178,10,11,1,0.446403,0.395381,0.0510213,0,0,0,0
49.2,1674,3,0.0833538,0.0833538,0.675488,0.654019,0.0214685,34.702,34.6161,11,9,-2,0.507405,0.557552,0.0501467,0,0,0,0
49.3,1675,1,0.00714687,0.00714687,0.645118,0.662636,0.0175173,34.5805,34.6505,10,10,0,0.475555,0.386523,0.089032,0,1,1,0
49.3,1675,2,0.00051859,0.00051859,0.673138,0.675537,0.00239873,34.6926,34.7021,11,11,0,0.395381,0.355477,0.039904,0,1,1,0
49.3,1675,3,0.106802,0.106802,0.696411,0.675488,0.0209233,34.7856,34.702,9,9,0,0.557552,0.645224,0.087672,0,0,0,0
49.4,1676,1,0.0104734,0.0104734,0.641817,0.645118,0.00330132,34.5673,34.5805,10,10,0,0.386523,0.445675,0.059152,0,1,1,0
49.4,1676,2,0.000880659,0.000880659,0.672478,0.673138,0.000659466,34.6899,34.6926,11,11,0,0.355477,0.375549,0.020072,0,1,1,0
49.4,1676,3,0.00561184,0.00561184,0.688011,0.696411,0.00840068,34.752,34.7856,9,9,0,0.645224,0.677248,0.032024,0,1,1,0
49.5,1677,1,0.0306515,0.0306515,0.615802,0.641817,0.0260156,34.4632,34.5673,10,10,0,0.445675,0.448147,0.002472,0,0,0,0
49.5,1677,2,0.0310211,0.0310211,0.659941,0.672478,0.0125377,34.6398,34.6899,11,11,0,0.375549,0.376893,0.001344,0,0,1,0
49.5,1677,3,0.0595354,0.0595354,0.680996,0.688011,0.00701487,34.724,34.752,9,9,0,0.677248,0.666248,0.011,0,0,1,0
49.6,1678,1,0.00032571,0.00032571,0.616269,0.615802,0.000467718,34.4651,34.4632,10,10,0,0.448147,0.453067,0.00492,0,1,1,1
49.6,1678,2,0.000499249,0.000499249,0.661421,0.659941,0.0014804,34.6457,34.6398,11,11,0,0.376893,0.388053,0.01116,0,1,1,0
49.6,1678,3,0.00621688,0.00621688,0.681373,0.680996,0.000377357,34.7255,34.724,9,9,0,0.666248,0.679168,0.01292,0,1,1,0
49.7,1679,1,0.0156887,0.0156887,0.682579,0.616269,0.06631,34.7303,34.4651,10,9,-1,0.453067,0.463312,0.0102453,0,1,0,0
49.7,1679,2,0.0226271,0.0226271,0.655332,0.661421,0.00608969,34.6213,34.6457,11,10,-1,0.388053,0.435051,0.0469973,0,0,1,0
49.7,1679,3,0.0122424,0.0122424,0.678216,0.681373,0.00315756,34.7129,34.7255,9,11,2,0.679168,0.477733,0.201435,0,1,1,0
49.8,1680,1,0.0139571,0.0139571,0.625651,0.682579,0.056928,34.5026,34.7303,9,9,0,0.463312,0.527856,0.064544,0,1,0,0
49.8,1680,2,0.0128946,0.0128946,0.646674,0.655332,0.00865781,34.5867,34.6213,10,10,0,0.435051,0.465323,0.030272,0,1,1,0
49.8,1680,3,0.0462084,0.0462084,0.668701,0.678216,0.00951427,34.6748,34.7129,11,11,0,0.477733,0.485669,0.007936,0,0,1,0
49.9,1681,1,0.0257525,0.0257525,0.664291,0.625651,0.0386399,34.6572,34.5026,9,10,1,0.527856,0.491779,0.0360773,0,0,0,0
49.9,1681,2,0.0354151,0.0354151,0.667042,0.646674,0.0203683,34.6682,34.5867,10,11,1,0.465323,0.431221,0.0341013,0,0,0,0
49.9,1681,3,0.0783342,0.0783342,0.646905,0.668701,0.0217959,34.5876,34.6748,11,9,-2,0.485669,0.5742,0.0885307,0,0,0,0
50,1682,1,0.00469473,0.00469473,0.642249,0.664291,0.0220421,34.569,34.6572,10,10,0,0.491779,0.398043,0.093736,0,1,0,0
50,1682,2,0.00471145,0.00471145,0.662163,0.667042,0.00487942,34.6487,34.6682,11,11,0,0.431221,0.361357,0.069864,0,1,1,0
50,1682,3,0.111491,0.111491,0.6956,0.646905,0.0486944,34.7824,34.5876,9,9,0,0.5742,0.615312,0.041112,0,0,0,0
50.1,1683,1,0.00568688,0.00568688,0.639272,0.642249,0.00297695,34.5571,34.569,10,10,0,0.398043,0.440347,0.042304,0,1,1,0
50.1,1683,2,0.00183162,0.00183162,0.664969,0.662163,0.00280631,34.6599,34.6487,11,11,0,0.361357,0.388741,0.027384,0,1,1,0
50.1,1683,3,0.0011546,0.0011546,0.693854,0.6956,0.00174534,34.7754,34.7824,9,9,0,0.615312,0.66356,0.048248,0,1,1,0
50.2,1684,1,0.00459319,0.00459319,0.691107,0.639272,0.0518346,34.7644,34.5571,10,9,-1,0.440347,0.446352,0.00600533,0,1,0,0
50.2,1684,2,0.0212208,0.0212208,0.656096,0.664969,0.00887328,34.6244,34.6599,11,10,-1,0.388741,0.446011,0.0572693,0,0,1,0
50.2,1684,3,0.0743636,0.0743636,0.694777,0.693854,0.000922322,34.7791,34.7754,9,11,2,0.66356,0.433141,0.230419,0,0,1,0
50.3,1685,1,0.0239598,0.0239598,0.616684,0.691107,0.0744228,34.4667,34.7644,9,9,0,0.446352,0.502584,0.056232,0,0,0,0
50.3,1685,2,0.0106946,0.0106946,0.646309,0.656096,0.00978625,34.5852,34.6244,10,10,0,0.446011,0.463083,0.017072,0,1,1,0
50.3,1685,3,0.0365448,0.0365448,0.663692,0.694777,0.0310844,34.6548,34.7791,11,11,0,0.433141,0.506757,0.073616,0,0,0,0
50.4,1686,1,0.0369932,0.0369932,0.662679,0.616684,0.0459951,34.6507,34.4667,9,10,1,0.502584,0.453211,0.0493733,0,0,0,0
50.4,1686,2,0.0338565,0.0338565,0.666063,0.646309,0.0197541,34.6643,34.5852,10,11,1,0.463083,0.411077,0.0520053,0,0,1,0
50.4,1686,3,0.0779223,0.0779223,0.655801,0.663692,0.00789148,34.6232,34.6548,11,9,-2,0.506757,0.537456,0.0306987,0,0,1,0
50.5,1687,1,0.00274453,0.00274453,0.642416,0.662679,0.0202631,34.5697,34.6507,10,10,0,0.453211,0.395483,0.057728,0,1,0,0
50.5,1687,2,0.00375435,0.00375435,0.662203,0.666063,0.00386071,34.6488,34.6643,11,11,0,0.411077,0.361733,0.049344,0,1,1,0
50.5,1687,3,0.116194,0.116194,0.694765,0.655801,0.0389646,34.7791,34.6232,9,9,0,0.537456,0.640528,0.103072,0,0,0,0
50.6,1688,1,0.00676292,0.00676292,0.639253,0.642416,0.00316316,34.557,34.5697,10,10,0,0.395483,0.444699,0.049216,0,1,1,0
50.6,1688,2,0.00256386,0.00256386,0.665257,0.662203,0.00305438,34.661,34.6488,11,11,0,0.361733,0.392597,0.030864,0,1,1,0
50.6,1688,3,0.000195324,0.000195324,0.69426,0.694765,0.000505567,34.777,34.7791,9,9,0,0.640528,0.655448,0.01492,0,1,1,0
50.7,1689,1,0.0223943,0.0223943,0.62124,0.639253,0.018013,34.485,34.557,10,10,0,0.444699,0.443931,0.000768,0,0,1,0
50.7,1689,2,0.00234464,0.00234464,0.661743,0.665257,0.00351405,34.647,34.661,11,11,0,0.392597,0.390485,0.002112,0,1,1,1
50.7,1689,3,0.0881473,0.0881473,0.692104,0.69426,0.00215608,34.7684,34.777,9,9,0,0.655448,0.660784,0.005336,0,0,1,0
50.8,1690,1,0.000128776,0.000128776,0.621252,0.62124,1.26958e-05,34.485,34.485,10,10,0,0.443931,0.443163,0.000768,0,1,1,1
50.8,1690,2,0.000160247,0.000160247,0.662217,0.661743,0.000473976,34.6489,34.647,11,11,0,0.390485,0.394069,0.003584,0,1,1,1
50.8,1690,3,0.00407651,0.00407651,0.694383,0.692104,0.0022791,34.7775,34.7684,9,9,0,0.660784,0.658136,0.002648,0,1,1,1
50.9,1691,1,0.0209326,0.0209326,0.694657,0.621252,0.073405,34.7786,34.485,10,9,-1,0.443163,0.438848,0.00431467,1,0,0,0
50.9,1691,2,0.024574,0.024574,0.656141,0.662217,0.00607604,34.6246,34.6489,11,10,-1,0.394069,0.446491,0.0524213,1,0,1,0
50.9,1691,3,0.0181516,0.0181516,0.680867,0.694383,0.0135157,34.7235,34.7775,9,11,2,0.658136,0.467365,0.190771,1,1,1,0
51,1692,1,0.0258621,0.0258621,0.617102,0.694657,0.077555,34.4684,34.7786,9,9,0,0.438848,0.504064,0.065216,0,0,0,0
51,1692,2,0.017682,0.017682,0.649749,0.656141,0.0063917,34.599,34.6246,10,10,0,0.446491,0.482763,0.036272,0,1,1,0
51,1692,3,0.0458592,0.0458592,0.669592,0.680867,0.0112749,34.6784,34.7235,11,11,0,0.467365,0.475309,0.007944,0,0,1,0
51.1,1693,1,0.0328621,0.0328621,0.661932,0.617102,0.0448296,34.6477,34.4684,9,10,1,0.504064,0.469955,0.0341093,0,0,0,0
51.1,1693,2,0.0408757,0.0408757,0.667702,0.649749,0.0179524,34.6708,34.599,10,11,1,0.482763,0.449429,0.0333333,0,0,1,0
51.1,1693,3,0.0862118,0.0862118,0.651252,0.669592,0.0183398,34.605,34.6784,11,9,-2,0.475309,0.573544,0.0982347,0,0,1,0
51.2,1694,1,0.00204831,0.00204831,0.643753,0.661932,0.0181791,34.575,34.6477,10,10,0,0.469955,0.387275,0.08268,0,1,1,0
51.2,1694,2,0.00342643,0.00342643,0.662777,0.667702,0.00492471,34.6511,34.6708,11,11,0,0.449429,0.367117,0.082312,0,1,1,0
51.2,1694,3,0.110505,0.110505,0.700519,0.651252,0.0492666,34.8021,34.605,9,9,0,0.573544,0.58268,0.009136,0,0,0,0
51.3,1695,1,0.00755638,0.00755638,0.639329,0.643753,0.0044238,34.5573,34.575,10,10,0,0.387275,0.445395,0.05812,0,1,1,0
51.3,1695,2,0.00270534,0.00270534,0.666026,0.662777,0.00324941,34.6641,34.6511,11,11,0,0.367117,0.405757,0.03864,0,1,1,0
51.3,1695,3,8.64863e-05,8.64863e-05,0.687641,0.700519,0.012878,34.7506,34.8021,9,9,0,0.58268,0.682784,0.100104,0,1,1,0
51.4,1696,1,0.00649673,0.00649673,0.715582,0.639329,0.0762534,34.8623,34.5573,10,8,-2,0.445395,0.484989,0.0395947,0,1,0,0
51.4,1696,2,0.0250059,0.0250059,0.66195,0.666026,0.00407672,34.6478,34.6641,11,9,-2,0.405757,0.503992,0.0982347,0,0,1,0
51.4,1696,3,0.0507957,0.0507957,0.691615,0.687641,0.0039742,34.7665,34.7506,9,13,4,0.682784,0.294627,0.388157,0,0,1,0
51.5,1697,1,0.0253356,0.0253356,0.640919,0.715582,0.0746638,34.5637,34.8623,8,8,0,0.484989,0.542637,0.057648,0,0,0,0
51.5,1697,2,0.0154027,0.0154027,0.669842,0.66195,0.00789195,34.6794,34.6478,9,9,0,0.503992,0.543792,0.0398,0,1,1,0
51.5,1697,3,0.00834188,0.00834188,0.663016,0.691615,0.0285991,34.6521,34.7665,13,13,0,0.294627,0.361835,0.067208,0,1,0,0
51.6,1698,1,0.0688157,0.0688157,0.690181,0.640919,0.0492621,34.7607,34.5637,8,10,2,0.542637,0.442091,0.100547,0,0,0,0
51.6,1698,2,0.0586283,0.0586283,0.68712,0.669842,0.0172783,34.7485,34.6794,9,11,2,0.543792,0.460645,0.0831467,0,0,1,0
51.6,1698,3,0.07382,0.07382,0.669855,0.663016,0.00683904,34.6794,34.6521,13,9,-4,0.361835,0.486736,0.124901,0,0,1,0
51.7,1699,1,0.00247419,0.00247419,0.667853,0.690181,0.0223276,34.6714,34.7607,10,10,0,0.442091,0.366451,0.07564,0,1,0,0
51.7,1699,2,0.0128727,0.0128727,0.675369,0.68712,0.0117512,34.7015,34.7485,11,11,0,0.460645,0.350325,0.11032,0,1,1,0
51.7,1699,3,0.125116,0.125116,0.689252,0.669855,0.0193965,34.757,34.6794,9,9,0,0.486736,0.660184,0.173448,0,0,1,0
51.8,1700,1,0.00262117,0.00262117,0.661585,0.667853,0.00626826,34.6463,34.6714,10,10,0,0.366451,0.425963,0.059512,0,1,1,0
51.8,1700,2,4.80711e-05,4.80711e-05,0.674412,0.675369,0.000956237,34.6976,34.7015,11,11,0,0.350325,0.390781,0.040456,0,1,1,0
51.8,1700,3,0.00112399,0.00112399,0.686327,0.689252,0.00292468,34.7453,34.757,9,9,0,0.660184,0.672704,0.01252,0,1,1,0
51.9,1701,1,0.0541538,0.0541538,0.62458,0.661585,0.0370046,34.4983,34.6463,10,10,0,0.425963,0.420635,0.005328,0,0,0,0
51.9,1701,2,0.053582,0.053582,0.655268,0.674412,0.0191445,34.6211,34.6976,11,11,0,0.390781,0.394757,0.003976,0,0,1,0
51.9,1701,3,0.0741903,0.0741903,0.681398,0.686327,0.00492889,34.7256,34.7453,9,9,0,0.672704,0.680136,0.007432,0,0,1,0
52,1702,1,0.000105441,0.000105441,0.62407,0.62458,0.000510693,34.4963,34.4983,10,10,0,0.420635,0.423451,0.002816,0,1,1,1
52,1702,2,0.000294775,0.000294775,0.655012,0.655268,0.000255942,34.62,34.6211,11,11,0,0.394757,0.389445,0.005312,0,1,1,1
52,1702,3,0.00367171,0.00367171,0.681205,0.681398,0.00019294,34.7248,34.7256,9,9,0,0.680136,0.67272,0.007416,0,1,1,1
52.1,1703,1,0.028352,0.028352,0.722028,0.62407,0.0979589,34.8881,34.4963,10,8,-2,0.423451,0.456261,0.0328107,1,0,0,0
52.1,1703,2,0.0062907,0.0062907,0.658,0.655012,0.00298828,34.632,34.62,11,9,-2,0.389445,0.478336,0.0888907,1,1,1,0
52.1,1703,3,0.0332782,0.0332782,0.650614,0.681205,0.0305913,34.6025,34.7248,9,13,4,0.67272,0.409891,0.262829,1,0,0,0
52.2,1704,1,0.0412683,0.0412683,0.637603,0.722028,0.0844251,34.5504,34.8881,8,8,0,0.456261,0.523813,0.067552,0,0,0,0
52.2,1704,2,0.0271494,0.0271494,0.6608,0.658,0.00279921,34.6432,34.632,9,9,0,0.478336,0.523616,0.04528,0,0,1,0
52.2,1704,3,0.00643623,0.00643623,0.691255,0.650614,0.0406412,34.765,34.6025,13,13,0,0.409891,0.288659,0.121232,0,1,0,0
52.3,1705,1,0.0433938,0.0433938,0.667188,0.637603,0.0295842,34.6688,34.5504,8,10,2,0.523813,0.451411,0.0724027,0,0,0,0
52.3,1705,2,0.0617977,0.0617977,0.687194,0.6608,0.0263945,34.7488,34.6432,9,11,2,0.523616,0.460933,0.0626827,0,0,0,0
52.3,1705,3,0.086866,0.086866,0.665457,0.691255,0.0257981,34.6618,34.765,13,9,-4,0.288659,0.504256,0.215597,0,0,0,0
52.4,1706,1,0.00864178,0.00864178,0.662899,0.667188,0.00428861,34.6516,34.6688,10,10,0,0.451411,0.339363,0.112048,0,1,1,0
52.4,1706,2,0.0121611,0.0121611,0.675718,0.687194,0.0114759,34.7029,34.7488,11,11,0,0.460933,0.344805,0.116128,0,1,1,0
52.4,1706,3,0.120377,0.120377,0.704099,0.665457,0.0386424,34.8164,34.6618,9,9,0,0.504256,0.603264,0.099008,0,0,0,0
52.5,1707,1,0.00249198,0.00249198,0.645131,0.662899,0.0177676,34.5805,34.6516,10,10,0,0.339363,0.406203,0.06684,0,1,1,0
52.5,1707,2,0.000434488,0.000434488,0.674689,0.675718,0.00102943,34.6988,34.7029,11,11,0,0.344805,0.389445,0.04464,0,1,1,0
52.5,1707,3,0.00568759,0.00568759,0.685017,0.704099,0.0190822,34.7401,34.8164,9,9,0,0.603264,0.68184,0.078576,0,1,1,0
52.6,1708,1,0.00154251,0.00154251,0.714042,0.645131,0.0689105,34.8562,34.5805,10,8,-2,0.406203,0.455397,0.0491947,0,1,0,0
52.6,1708,2,0.0483297,0.0483297,0.659254,0.674689,0.0154349,34.637,34.6988,11,9,-2,0.389445,0.484056,0.0946107,0,0,1,0
52.6,1708,3,0.0646266,0.0646266,0.681493,0.685017,0.00352418,34.726,34.7401,9,13,4,0.68184,0.304131,0.377709,0,0,1,0
52.7,1709,1,0.0483911,0.0483911,0.64124,0.714042,0.0728021,34.565,34.8562,8,8,0,0.455397,0.520597,0.0652,0,0,0,0
52.7,1709,2,0.0286174,0.0286174,0.659947,0.659254,0.00069356,34.6398,34.637,9,9,0,0.484056,0.5276,0.043544,0,0,1,0
52.7,1709,3,0.0151528,0.0151528,0.662285,0.681493,0.0192076,34.6491,34.726,13,13,0,0.304131,0.364075,0.059944,0,1,1,0
52.8,1710,1,0.0590984,0.0590984,0.663968,0.64124,0.0227287,34.6559,34.565,8,10,2,0.520597,0.441267,0.0793307,0,0,0,0
52.8,1710,2,0.0721231,0.0721231,0.68147,0.659947,0.021523,34.7259,34.6398,9,11,2,0.5276,0.439221,0.0883787,0,0,0,0
52.8,1710,3,0.0744468,0.0744468,0.691408,0.662285,0.0291223,34.7656,34.6491,13,9,-4,0.364075,0.481408,0.117333,0,0,0,0
52.9,1711,1,0.0109345,0.0109345,0.654773,0.663968,0.00919515,34.6191,34.6559,10,10,0,0.441267,0.334979,0.106288,0,1,1,0
52.9,1711,2,0.00527912,0.00527912,0.67819,0.68147,0.0032807,34.7128,34.7259,11,11,0,0.439221,0.348125,0.091096,0,1,1,0
52.9,1711,3,0.128279,0.128279,0.687323,0.691408,0.00408512,34.7493,34.7656,9,9,0,0.481408,0.669992,0.188584,0,0,1,0
53,1712,1,0.00969931,0.00969931,0.641157,0.654773,0.013616,34.5646,34.6191,10,10,0,0.334979,0.406235,0.071256,0,1,1,0
53,1712,2,0.000493944,0.000493944,0.67462,0.67819,0.00356978,34.6985,34.7128,11,11,0,0.348125,0.390789,0.042664,0,1,1,0
53,1712,3,0.000551075,0.000551075,0.685178,0.687323,0.00214475,34.7407,34.7493,9,9,0,0.669992,0.700584,0.030592,0,1,1,0
53.1,1713,1,0.030688,0.030688,0.621787,0.641157,0.0193706,34.4871,34.5646,10,10,0,0.406235,0.408747,0.002512,0,0,1,0
53.1,1713,2,0.0523321,0.0523321,0.655268,0.67462,0.019352,34.6211,34.6985,11,11,0,0.390789,0.394757,0.003968,0,0,1,0
53.1,1713,3,0.0669768,0.0669768,0.682905,0.685178,0.00227237,34.7316,34.7407,9,9,0,0.700584,0.714096,0.013512,0,0,1,0
53.2,1714,1,0.000663936,0.000663936,0.622387,0.621787,0.000599921,34.4895,34.4871,10,10,0,0.408747,0.407003,0.001744,0,1,1,1
53.2,1714,2,0.000220209,0.000220209,0.655077,0.655268,0.000191212,34.6203,34.6211,11,11,0,0.394757,0.390789,0.003968,0,1,1,1
53.2,1714,3,0.00412798,0.00412798,0.683078,0.682905,0.000172257,34.7323,34.7316,9,9,0,0.714096,0.700584,0.013512,0,1,1,0
53.3,1715,1,0.0221546,0.0221546,0.709935,0.622387,0.0875481,34.8397,34.4895,10,8,-2,0.407003,0.445965,0.0389627,0,0,0,0
53.3,1715,2,0.00675043,0.00675043,0.657925,0.655077,0.00284863,34.6317,34.6203,11,9,-2,0.390789,0.475232,0.0844427,0,1,1,0
53.3,1715,3,0.024419,0.024419,0.639971,0.683078,0.0431068,34.5599,34.7323,9,13,4,0.700584,0.441291,0.259293,0,0,0,0
53.4,1716,1,0.0497895,0.0497895,0.641332,0.709935,0.0686029,34.5653,34.8397,8,8,0,0.445965,0.521301,0.075336,0,0,0,0
53.4,1716,2,0.0311064,0.0311064,0.659947,0.657925,0.00202203,34.6398,34.6317,9,9,0,0.475232,0.5276,0.052368,0,0,1,0
53.4,1716,3,0.00500989,0.00500989,0.677785,0.639971,0.0378143,34.7111,34.5599,13,13,0,0.441291,0.304779,0.136512,0,1,0,0
53.5,1717,1,0.0541328,0.0541328,0.661838,0.641332,0.020506,34.6474,34.5653,8,10,2,0.521301,0.455395,0.0659067,0,0,0,0
53.5,1717,2,0.0638207,0.0638207,0.686645,0.659947,0.0266976,34.7466,34.6398,9,11,2,0.5276,0.460165,0.0674347,0,0,0,0
53.5,1717,3,0.0774273,0.0774273,0.683061,0.677785,0.00527567,34.7322,34.7111,13,9,-4,0.304779,0.523072,0.218293,0,0,1,0
53.6,1718,1,0.00650528,0.00650528,0.655636,0.661838,0.00620186,34.6225,34.6474,10,10,0,0.455395,0.332803,0.122592,0,1,1,0
53.6,1718,2,0.00530317,0.00530317,0.683329,0.686645,0.00331569,34.7333,34.7466,11,11,0,0.460165,0.446757,0.013408,0,1,1,0
53.6,1718,3,0.126893,0.126893,0.693419,0.683061,0.0103583,34.7737,34.7322,9,9,0,0.523072,0.63952,0.116448,0,0,1,0
53.7,1719,1,0.00990674,0.00990674,0.641609,0.655636,0.0140268,34.5664,34.6225,10,10,0,0.332803,0.403419,0.070616,0,1,1,0
53.7,1719,2,0.0079166,0.0079166,0.674879,0.683329,0.00845021,34.6995,34.7333,11,11,0,0.446757,0.386221,0.060536,0,1,1,0
53.7,1719,3,0.00160798,0.00160798,0.684314,0.693419,0.00910515,34.7373,34.7737,9,9,0,0.63952,0.702312,0.062792,0,1,1,0
53.8,1720,1,0.015344,0.015344,0.704188,0.641609,0.0625792,34.8168,34.5664,10,8,-2,0.403419,0.459397,0.0559787,0,1,0,0
53.8,1720,2,0.0488251,0.0488251,0.659468,0.674879,0.0154113,34.6379,34.6995,11,9,-2,0.386221,0.48548,0.0992587,0,0,1,0
53.8,1720,3,0.0659566,0.0659566,0.676347,0.684314,0.00796658,34.7054,34.7373,9,13,4,0.702312,0.317963,0.384349,0,0,1,0
53.9,1721,1,0.0340575,0.0340575,0.641861,0.704188,0.0623273,34.5674,34.8168,8,8,0,0.459397,0.551197,0.0918,0,0,0,0
53.9,1721,2,0.0282154,0.0282154,0.659947,0.659468,0.000479519,34.6398,34.6379,9,9,0,0.48548,0.5276,0.04212,0,0,1,0
53.9,1721,3,0.0138331,0.0138331,0.658973,0.676347,0.0173741,34.6359,34.7054,13,13,0,0.317963,0.384451,0.066488,0,1,1,0
54,1722,1,0.0447103,0.0447103,0.66136,0.641861,0.0194992,34.6454,34.5674,8,10,2,0.551197,0.459819,0.0913787,0,0,1,0
54,1722,2,0.0714296,0.0714296,0.681901,0.659947,0.021954,34.7276,34.6398,9,11,2,0.5276,0.440965,0.0866347,0,0,0,0
54,1722,3,0.0757211,0.0757211,0.684602,0.658973,0.0256286,34.7384,34.6359,13,9,-4,0.384451,0.502696,0.118245,0,0,0,0
54.1,1723,1,0.00171873,0.00171873,0.648511,0.66136,0.0128498,34.594,34.6454,10,10,0,0.459819,0.354307,0.105512,0,1,1,0
54.1,1723,2,0.00595021,0.00595021,0.678397,0.681901,0.00350469,34.7136,34.7276,11,11,0,0.440965,0.346381,0.094584,0,1,1,0
54.1,1723,3,0.127421,0.127421,0.685164,0.684602,0.000561953,34.7407,34.7384,9,9,0,0.502696,0.686936,0.18424,0,0,1,0
54.2,1724,1,0.011409,0.011409,0.646851,0.648511,0.00165963,34.5874,34.594,10,10,0,0.354307,0.443963,0.089656,0,1,1,0
54.2,1724,2,0.000471532,0.000471532,0.67462,0.678397,0.00377679,34.6985,34.7136,11,11,0,0.346381,0.390789,0.044408,0,1,1,0
54.2,1724,3,0.000629216,0.000629216,0.683407,0.685164,0.00175673,34.7336,34.7407,9,9,0,0.686936,0.707064,0.020128,0,1,1,0
54.3,1725,1,0.0353943,0.0353943,0.616727,0.646851,0.0301244,34.4669,34.5874,10,10,0,0.443963,0.442491,0.001472,0,0,0,0
54.3,1725,2,0.0523312,0.0523312,0.655269,0.67462,0.0193512,34.6211,34.6985,11,11,0,0.390789,0.394773,0.003984,0,0,1,0
54.3,1725,3,0.0659782,0.0659782,0.680522,0.683407,0.00288558,34.7221,34.7336,9,9,0,0.707064,0.707616,0.000552,0,0,1,0
54.4,1726,1,0.000625283,0.000625283,0.617347,0.616727,0.000620842,34.4694,34.4669,10,10,0,0.442491,0.446779,0.004288,0,1,1,1
54.4,1726,2,0.00021863,0.00021863,0.655424,0.655269,0.00015521,34.6217,34.6211,11,11,0,0.394773,0.401685,0.006912,0,1,1,1
54.4,1726,3,0.000239909,0.000239909,0.680458,0.680522,6.36578e-05,34.7218,34.7221,9,9,0,0.707616,0.707064,0.000552,0,1,1,1
54.5,1727,1,0.00628784,0.00628784,0.691042,0.617347,0.0736949,34.7642,34.4694,10,8,-2,0.446779,0.474085,0.0273067,1,1,0,0
54.5,1727,2,0.000775039,0.000775039,0.660813,0.655424,0.00538939,34.6433,34.6217,11,9,-2,0.401685,0.495032,0.0933467,1,1,1,0
54.5,1727,3,0.0156648,0.0156648,0.638855,0.680458,0.041603,34.5554,34.7218,9,13,4,0.707064,0.434547,0.272517,1,1,0,0
54.6,1728,1,0.0212875,0.0212875,0.648644,0.691042,0.0423982,34.5946,34.7642,8,8,0,0.474085,0.568885,0.0948,0,0,0,0
54.6,1728,2,0.0251745,0.0251745,0.665919,0.660813,0.00510556,34.6637,34.6433,9,9,0,0.495032,0.543344,0.048312,0,0,1,0
54.6,1728,3,0.0038161,0.0038161,0.676812,0.638855,0.0379567,34.7072,34.5554,13,13,0,0.434547,0.310731,0.123816,0,1,0,0
54.7,1729,1,0.0376212,0.0376212,0.668446,0.648644,0.0198018,34.6738,34.5946,8,10,2,0.568885,0.502219,0.0666667,0,0,1,0
54.7,1729,2,0.0619647,0.0619647,0.687318,0.665919,0.0213994,34.7493,34.6637,9,11,2,0.543344,0.464757,0.0785867,0,0,0,0
54.7,1729,3,0.0305297,0.0305297,0.681935,0.676812,0.00512314,34.7277,34.7072,13,10,-3,0.310731,0.496619,0.185888,0,0,1,0
54.8,1730,1,0.00426126,0.00426126,0.647805,0.668446,0.020641,34.5912,34.6738,10,10,0,0.502219,0.360027,0.142192,0,1,0,0
54.8,1730,2,0.0150354,0.0150354,0.678244,0.687318,0.00907451,34.713,34.7493,11,11,0,0.464757,0.347669,0.117088,0,1,1,0
54.8,1730,3,0.086704,0.086704,0.701136,0.681935,0.0192016,34.8045,34.7277,10,9,-1,0.496619,0.639536,0.142917,0,0,1,0
54.9,1731,1,0.00621697,0.00621697,0.647719,0.647805,8.59499e-05,34.5909,34.5912,10,10,0,0.360027,0.448491,0.088464,0,1,1,0
54.9,1731,2,0.00058341,0.00058341,0.674822,0.678244,0.0034222,34.6993,34.713,11,11,0,0.347669,0.394229,0.04656,0,1,1,0
54.9,1731,3,0.00702479,0.00702479,0.680755,0.701136,0.0203811,34.723,34.8045,9,9,0,0.639536,0.720784,0.081248,0,1,0,0
55,1732,1,0.0324773,0.0324773,0.685185,0.647719,0.0374666,34.7407,34.5909,10,8,-2,0.448491,0.489541,0.0410507,0,0,0,0
55,1732,2,0.0493041,0.0493041,0.659888,0.674822,0.014934,34.6396,34.6993,11,9,-2,0.394229,0.4916,0.0973707,0,0,1,0
55,1732,3,0.0599562,0.0599562,0.6774,0.680755,0.00335479,34.7096,34.723,9,13,4,0.720784,0.315363,0.405421,0,0,1,0
55.1,1733,1,0.0156305,0.0156305,0.648639,0.685185,0.0365469,34.5946,34.7407,8,8,0,0.489541,0.568853,0.079312,0,1,0,0
55.1,1733,2,0.032279,0.032279,0.659785,0.659888,0.000102639,34.6391,34.6396,9,9,0,0.4916,0.534224,0.042624,0,0,1,0
55.1,1733,3,0.0158648,0.0158648,0.657941,0.6774,0.0194598,34.6318,34.7096,13,13,0,0.315363,0.392299,0.076936,0,1,1,0
55.2,1734,1,0.0386549,0.0386549,0.664054,0.648639,0.015415,34.6562,34.5946,8,10,2,0.568853,0.484571,0.0842827,0,0,1,0
55.2,1734,2,0.0722841,0.0722841,0.683165,0.659785,0.0233805,34.7327,34.6391,9,11,2,0.534224,0.447013,0.0872107,0,0,0,0
55.2,1734,3,0.0778599,0.0778599,0.683529,0.657941,0.0255888,34.7341,34.6318,13,9,-4,0.392299,0.508112,0.115813,0,0,0,0
55.3,1735,1,0.00312459,0.00312459,0.647863,0.664054,0.0161904,34.5915,34.6562,10,10,0,0.484571,0.359619,0.124952,0,1,1,0
55.3,1735,2,0.00903273,0.00903273,0.67994,0.683165,0.00322586,34.7198,34.7327,11,11,0,0.447013,0.353789,0.093224,0,1,1,0
55.3,1735,3,0.127613,0.127613,0.684203,0.683529,0.000673413,34.7368,34.7341,9,9,0,0.508112,0.695384,0.187272,0,0,1,0
55.4,1736,1,0.00631425,0.00631425,0.647722,0.647863,0.000140727,34.5909,34.5915,10,10,0,0.359619,0.448523,0.088904,0,1,1,0
55.4,1736,2,0.0008609,0.0008609,0.677265,0.67994,0.00267512,34.7091,34.7198,11,11,0,0.353789,0.392869,0.03908,0,1,1,0
55.4,1736,3,0.00377616,0.00377616,0.681083,0.684203,0.00312018,34.7243,34.7368,9,9,0,0.695384,0.710776,0.015392,0,1,1,0
55.5,1737,1,0.0432107,0.0432107,0.604529,0.647722,0.0431937,34.4181,34.5909,10,10,0,0.448523,0.439979,0.008544,0,0,0,0
55.5,1737,2,0.0540634,0.0540634,0.654845,0.677265,0.0224192,34.6194,34.7091,11,11,0,0.392869,0.397437,0.004568,0,0,0,0
55.5,1737,3,0.056791,0.056791,0.676907,0.681083,0.00417531,34.7076,34.7243,9,9,0,0.710776,0.7208,0.010024,0,0,1,0
55.6,1738,1,0.00231063,0.00231063,0.607514,0.604529,0.00298518,34.4301,34.4181,10,10,0,0.439979,0.441147,0.001168,0,1,1,1
55.6,1738,2,6.33001e-05,6.33001e-05,0.654835,0.654845,1.03116e-05,34.6193,34.6194,11,11,0,0.397437,0.394213,0.003224,0,1,1,1
55.6,1738,3,0.00363177,0.00363177,0.677008,0.676907,0.000100911,34.708,34.7076,9,9,0,0.7208,0.710776,0.010024,0,1,1,0
55.7,1739,1,0.0152984,0.0152984,0.687931,0.607514,0.0804169,34.7517,34.4301,10,8,-2,0.441147,0.482229,0.0410827,0,1,0,0
55.7,1739,2,0.0103198,0.0103198,0.657943,0.654835,0.00310802,34.6318,34.6193,11,9,-2,0.394213,0.47484,0.0806267,0,1,1,0
55.7,1739,3,0.00664195,0.00664195,0.637702,0.677008,0.0393068,34.5508,34.708,9,13,4,0.710776,0.440947,0.269829,0,1,0,0
55.8,1740,1,0.0178623,0.0178623,0.648644,0.687931,0.0392867,34.5946,34.7517,8,8,0,0.482229,0.568885,0.086656,0,1,0,0
55.8,1740,2,0.0371034,0.0371034,0.660812,0.657943,0.00286919,34.6432,34.6318,9,9,0,0.47484,0.53744,0.0626,0,0,1,0
55.8,1740,3,0.00251055,0.00251055,0.677027,0.637702,0.0393258,34.7081,34.5508,13,13,0,0.440947,0.309395,0.131552,0,1,0,0
55.9,1741,1,0.0377848,0.0377848,0.667748,0.648644,0.0191041,34.671,34.5946,8,10,2,0.568885,0.499403,0.0694827,0,0,1,0
55.9,1741,2,0.0672538,0.0672538,0.685784,0.660812,0.0249717,34.7431,34.6432,9,11,2,0.53744,0.461517,0.0759227,0,0,0,0
55.9,1741,3,0.0659681,0.0659681,0.675458,0.677027,0.00156951,34.7018,34.7081,13,9,-4,0.309395,0.53096,0.221565,0,0,1,0
56,1742,1,0.00465685,0.00465685,0.647512,0.667748,0.0202364,34.59,34.671,10,10,0,0.499403,0.362075,0.137328,0,1,0,0
56,1742,2,0.0135508,0.0135508,0.68269,0.685784,0.00309443,34.7308,34.7431,11,11,0,0.461517,0.350877,0.11064,0,1,1,0
56,1742,3,0.125687,0.125687,0.69914,0.675458,0.0236819,34.7966,34.7018,9,9,0,0.53096,0.629832,0.098872,0,0,0,0
56.1,1743,1,0.00733846,0.00733846,0.646844,0.647512,0.000667334,34.5874,34.59,10,10,0,0.362075,0.443931,0.081856,0,1,1,0
56.1,1743,2,0.000815928,0.000815928,0.68023,0.68269,0.00245976,34.7209,34.7308,11,11,0,0.350877,0.397429,0.046552,0,1,1,0
56.1,1743,3,0.00783637,0.00783637,0.678105,0.69914,0.0210343,34.7124,34.7966,9,9,0,0.629832,0.7208,0.090968,0,1,0,0
56.2,1744,1,0.0351118,0.0351118,0.68336,0.646844,0.0365161,34.7334,34.5874,10,8,-2,0.443931,0.494869,0.0509387,0,0,0,0
56.2,1744,2,0.0461245,0.0461245,0.659217,0.68023,0.0210125,34.6369,34.7209,11,9,-2,0.397429,0.491584,0.0941547,0,0,0,0
56.2,1744,3,0.0588381,0.0588381,0.676793,0.678105,0.00131202,34.7072,34.7124,9,13,4,0.7208,0.322611,0.398189,0,0,1,0
56.3,1745,1,0.0160773,0.0160773,0.647726,0.68336,0.0356346,34.5909,34.7334,8,8,0,0.494869,0.563557,0.068688,0,1,0,0
56.3,1745,2,0.0372527,0.0372527,0.657496,0.659217,0.0017215,34.63,34.6369,9,9,0,0.491584,0.534216,0.042632,0,0,1,0
56.3,1745,3,0.015764,0.015764,0.656933,0.676793,0.0198608,34.6277,34.7072,13,13,0,0.322611,0.392299,0.069688,0,1,1,0
56.4,1746,1,0.0400554,0.0400554,0.664054,0.647726,0.0163277,34.6562,34.5909,8,10,2,0.563557,0.484571,0.0789867,0,0,1,0
56.4,1746,2,0.0759138,0.0759138,0.683095,0.657496,0.0255994,34.7324,34.63,9,11,2,0.534216,0.443797,0.0904187,0,0,0,0
56.4,1746,3,0.0758364,0.0758364,0.680242,0.656933,0.0233096,34.721,34.6277,13,9,-4,0.392299,0.510928,0.118629,0,0,0,0
56.5,1747,1,0.00576824,0.00576824,0.646443,0.664054,0.0176102,34.5858,34.6562,10,10,0,0.484571,0.369579,0.114992,0,1,1,0
56.5,1747,2,0.00830722,0.00830722,0.682435,0.683095,0.000660062,34.7297,34.7324,11,11,0,0.443797,0.353045,0.090752,0,1,1,0
56.5,1747,3,0.126883,0.126883,0.68465,0.680242,0.00440782,34.7386,34.721,9,9,0,0.510928,0.691912,0.180984,0,0,1,0
56.6,1748,1,0.00446326,0.00446326,0.647352,0.646443,0.000908673,34.5894,34.5858,10,10,0,0.369579,0.446443,0.076864,0,1,1,0
56.6,1748,2,0.000843823,0.000843823,0.68023,0.682435,0.00220531,34.7209,34.7297,11,11,0,0.353045,0.397429,0.044384,0,1,1,0
56.6,1748,3,0.0211155,0.0211155,0.679337,0.68465,0.00531292,34.7173,34.7386,9,9,0,0.691912,0.740912,0.049,0,0,1,0
56.7,1749,1,0.0465374,0.0465374,0.607762,0.647352,0.0395904,34.431,34.5894,10,10,0,0.446443,0.439947,0.006496,0,0,0,0
56.7,1749,2,0.0560932,0.0560932,0.655067,0.68023,0.0251623,34.6203,34.7209,11,11,0,0.397429,0.392877,0.004552,0,0,0,0
56.7,1749,3,0.0375269,0.0375269,0.676314,0.679337,0.00302279,34.7053,34.7173,9,9,0,0.740912,0.72724,0.013672,0,0,1,0
56.8,1750,1,0.00169313,0.00169313,0.606444,0.607762,0.00131768,34.4258,34.431,10,10,0,0.439947,0.447147,0.0072,0,1,1,1
56.8,1750,2,8.04365e-05,8.04365e-05,0.654869,0.655067,0.000198126,34.6195,34.6203,11,11,0,0.392877,0.400245,0.007368,0,1,1,1
56.8,1750,3,0.00639012,0.00639012,0.676695,0.676314,0.000380754,34.7068,34.7053,9,9,0,0.72724,0.706496,0.020744,0,1,1,0
56.9,1751,1,0.0288822,0.0288822,0.699216,0.606444,0.0927723,34.7969,34.4258,10,9,-1,0.447147,0.402608,0.0445387,0,0,0,0
56.9,1751,2,0.0173698,0.0173698,0.656097,0.654869,0.00122762,34.6244,34.6195,11,9,-2,0.400245,0.462112,0.0618667,0,1,1,0
56.9,1751,3,0.0302831,0.0302831,0.668295,0.676695,0.0083999,34.6732,34.7068,9,12,3,0.706496,0.458632,0.247864,0,0,1,0
57,1752,1,0.0416594,0.0416594,0.625891,0.699216,0.0733253,34.5036,34.7969,9,9,0,0.402608,0.483968,0.08136,0,0,0,0
57,1752,2,0.0451929,0.0451929,0.658536,0.656097,0.00243926,34.6341,34.6244,9,9,0,0.462112,0.537456,0.075344,0,0,1,0
57,1752,3,0.0572512,0.0572512,0.676068,0.668295,0.00777328,34.7043,34.6732,12,12,0,0.458632,0.338096,0.120536,0,0,1,0
57.1,1753,1,0.0546057,0.0546057,0.660911,0.625891,0.0350196,34.6436,34.5036,9,10,1,0.483968,0.450627,0.0333413,0,0,0,0
57.1,1753,2,0.0687037,0.0687037,0.685695,0.658536,0.0271587,34.7428,34.6341,9,11,2,0.537456,0.464757,0.0726987,0,0,0,0
57.1,1753,3,0.0906748,0.0906748,0.700529,0.676068,0.0244604,34.8021,34.7043,12,9,-3,0.338096,0.514248,0.176152,0,0,0,0
57.2,1754,1,0.031829,0.031829,0.63733,0.660911,0.0235804,34.5493,34.6436,10,10,0,0.450627,0.358683,0.091944,0,0,0,0
57.2,1754,2,0.0159068,0.0159068,0.683066,0.685695,0.0026291,34.7323,34.7428,11,11,0,0.464757,0.347669,0.117088,0,1,1,0
57.2,1754,3,0.132697,0.132697,0.702307,0.700529,0.00177807,34.8092,34.8021,9,9,0,0.514248,0.610904,0.096656,0,0,1,0
57.3,1755,1,0.0227447,0.0227447,0.640585,0.63733,0.00325519,34.5623,34.5493,10,10,0,0.358683,0.443931,0.085248,0,0,1,0
57.3,1755,2,0.000774711,0.000774711,0.680229,0.683066,0.00283629,34.7209,34.7323,11,11,0,0.347669,0.397445,0.049776,0,1,1,0
57.3,1755,3,0.0137003,0.0137003,0.687747,0.702307,0.0145597,34.751,34.8092,9,9,0,0.610904,0.701984,0.09108,0,1,1,0
57.4,1756,1,0.0215617,0.0215617,0.687642,0.640585,0.0470566,34.7506,34.5623,10,10,0,0.443931,0.337731,0.1062,0,0,0,0
57.4,1756,2,0.0106753,0.0106753,0.669038,0.680229,0.0111914,34.6762,34.7209,11,7,-4,0.397445,0.593627,0.196181,0,1,1,0
57.4,1756,3,0.0712906,0.0712906,0.67766,0.687747,0.0100869,34.7106,34.751,9,13,4,0.701984,0.335947,0.366037,0,0,1,0
57.5,1757,1,0.0460436,0.0460436,0.649234,0.687642,0.0384083,34.5969,34.7506,10,10,0,0.337731,0.408939,0.071208,0,0,0,0
57.5,1757,2,0.048241,0.048241,0.683387,0.669038,0.0143486,34.7335,34.6762,7,7,0,0.593627,0.680107,0.08648,0,0,1,0
57.5,1757,3,0.0405551,0.0405551,0.669111,0.67766,0.00854933,34.6764,34.7106,13,13,0,0.335947,0.337819,0.001872,0,0,1,0
57.6,1758,1,0.0425362,0.0425362,0.672882,0.649234,0.0236481,34.6915,34.5969,10,10,0,0.408939,0.397387,0.011552,0,0,0,0
57.6,1758,2,0.0444821,0.0444821,0.708758,0.683387,0.0253709,34.835,34.7335,7,10,3,0.680107,0.559035,0.121072,0,0,0,0
57.6,1758,3,0.0522275,0.0522275,0.708612,0.669111,0.039501,34.8344,34.6764,13,10,-3,0.337819,0.448531,0.110712,0,0,0,0
57.7,1759,1,0.0595261,0.0595261,0.638085,0.672882,0.0347965,34.5523,34.6915,10,10,0,0.397387,0.374971,0.022416,0,0,0,0
57.7,1759,2,0.0307673,0.0307673,0.696637,0.708758,0.0121206,34.7865,34.835,10,10,0,0.559035,0.384331,0.174704,0,0,1,0
57.7,1759,3,0.104174,0.104174,0.674307,0.708612,0.0343047,34.6972,34.8344,10,10,0,0.448531,0.611659,0.163128,0,0,0,0
57.8,1760,1,0.0331621,0.0331621,0.657725,0.638085,0.0196403,34.6309,34.5523,10,10,0,0.374971,0.448523,0.073552,0,0,1,0
57.8,1760,2,0.0192574,0.0192574,0.701554,0.696637,0.00491679,34.8062,34.7865,10,10,0,0.384331,0.469547,0.085216,0,1,1,0
57.8,1760,3,0.00970376,0.00970376,0.686073,0.674307,0.0117657,34.7443,34.6972,10,10,0,0.611659,0.652107,0.040448,0,1,1,0
57.9,1761,1,0.0145588,0.0145588,0.616426,0.657725,0.0412993,34.4657,34.6309,10,10,0,0.448523,0.438635,0.009888,0,1,0,0
57.9,1761,2,0.0748742,0.0748742,0.658355,0.701554,0.0431989,34.6334,34.8062,10,10,0,0.469547,0.466331,0.003216,0,0,0,0
57.9,1761,3,0.0964789,0.0964789,0.659961,0.686073,0.0261114,34.6398,34.7443,10,10,0,0.652107,0.621851,0.030256,0,0,0,0
58,1762,1,0.00109923,0.00109923,0.61727,0.616426,0.000843942,34.4691,34.4657,10,10,0,0.438635,0.446475,0.00784,0,1,1,1
58,1762,2,0.00103611,0.00103611,0.659399,0.658355,0.00104433,34.6376,34.6334,10,10,0,0.466331,0.472363,0.006032,0,1,1,1
58,1762,3,0.000418007,0.000418007,0.660171,0.659961,0.000209451,34.6407,34.6398,10,10,0,0.621851,0.622619,0.000768,0,1,1,1
58.1,1763,1,0.0177477,0.0177477,0.698726,0.61727,0.0814558,34.7949,34.4691,10,9,-1,0.446475,0.403984,0.0424907,1,1,0,0
58.1,1763,2,0.0681266,0.0681266,0.668762,0.659399,0.00936311,34.675,34.6376,10,7,-3,0.472363,0.592459,0.120096,1,0,1,0
58.1,1763,3,0.0274253,0.0274253,0.671055,0.660171,0.0108841,34.6842,34.6407,10,14,4,0.622619,0.367197,0.255421,1,0,1,0
58.2,1764,1,0.0416476,0.0416476,0.625203,0.698726,0.0735232,34.5008,34.7949,9,9,0,0.403984,0.481456,0.077472,0,0,0,0
58.2,1764,2,0.0707459,0.0707459,0.680887,0.668762,0.0121249,34.7235,34.675,7,7,0,0.592459,0.680107,0.087648,0,0,1,0
58.2,1764,3,0.00727034,0.00727034,0.677309,0.671055,0.00625437,34.7092,34.6842,14,14,0,0.367197,0.260581,0.106616,0,1,1,0
58.3,1765,1,0.091315,0.091315,0.674387,0.625203,0.0491842,34.6975,34.5008,9,11,2,0.481456,0.414485,0.0669707,0,0,0,0
58.3,1765,2,0.0683712,0.0683712,0.711359,0.680887,0.0304714,34.8454,34.7235,7,10,3,0.680107,0.580107,0.1,0,0,0,0
58.3,1765,3,0.0717404,0.0717404,0.687581,0.677309,0.0102718,34.7503,34.7092,14,9,-5,0.260581,0.491824,0.231243,0,0,1,0
58.4,1766,1,0.0290048,0.0290048,0.671414,0.674387,0.00297236,34.6857,34.6975,11,11,0,0.414485,0.277661,0.136824,0,0,1,0
58.4,1766,2,0.0291798,0.0291798,0.696697,0.711359,0.014662,34.7868,34.8454,10,10,0,0.580107,0.385355,0.194752,0,0,1,0
58.4,1766,3,0.121424,0.121424,0.691539,0.687581,0.00395745,34.7662,34.7503,9,9,0,0.491824,0.637216,0.145392,0,0,1,0
58.5,1767,1,0.0151972,0.0151972,0.687412,0.671414,0.0159975,34.7496,34.6857,11,11,0,0.277661,0.374373,0.096712,0,1,1,0
58.5,1767,2,0.0184081,0.0184081,0.701372,0.696697,0.00467551,34.8055,34.7868,10,10,0,0.385355,0.466331,0.080976,0,1,1,0
58.5,1767,3,0.010042,0.010042,0.686349,0.691539,0.00518972,34.7454,34.7662,9,9,0,0.637216,0.699728,0.062512,0,1,1,0
58.6,1768,1,0.0363799,0.0363799,0.696354,0.687412,0.00894207,34.7854,34.7496,11,9,-2,0.374373,0.41092,0.0365467,0,0,1,0
58.6,1768,2,0.00762847,0.00762847,0.67517,0.701372,0.0262025,34.7007,34.8055,10,7,-3,0.466331,0.619803,0.153472,0,1,0,0
58.6,1768,3,0.0644305,0.0644305,0.67264,0.686349,0.0137094,34.6906,34.7454,9,14,5,0.699728,0.290525,0.409203,0,0,1,0
58.7,1769,1,0.0144328,0.0144328,0.647344,0.696354,0.0490099,34.5894,34.7854,9,9,0,0.41092,0.481152,0.070232,0,1,0,0
58.7,1769,2,0.0698791,0.0698791,0.680819,0.67517,0.00564951,34.7233,34.7007,7,7,0,0.619803,0.677291,0.057488,0,0,1,0
58.7,1769,3,0.00672022,0.00672022,0.67097,0.67264,0.00167,34.6839,34.6906,14,14,0,0.290525,0.318989,0.028464,0,1,1,0
58.8,1770,1,0.0547999,0.0547999,0.672478,0.647344,0.0251336,34.6899,34.5894,9,11,2,0.481152,0.398309,0.0828427,0,0,0,0
58.8,1770,2,0.0655575,0.0655575,0.709332,0.680819,0.0285125,34.8373,34.7233,7,10,3,0.677291,0.561851,0.11544,0,0,0,0
58.8,1770,3,0.0737042,0.0737042,0.687874,0.67097,0.0169044,34.7515,34.6839,14,9,-5,0.318989,0.490768,0.171779,0,0,1,0
58.9,1771,1,0.0189106,0.0189106,0.667436,0.672478,0.00504142,34.6697,34.6899,11,11,0,0.398309,0.289941,0.108368,0,1,1,0
58.9,1771,2,0.0277603,0.0277603,0.697351,0.709332,0.0119802,34.7894,34.8373,10,10,0,0.561851,0.396611,0.16524,0,0,1,0
58.9,1771,3,0.133943,0.133943,0.688397,0.687874,0.000522733,34.7536,34.7515,9,9,0,0.490768,0.716784,0.226016,0,0,1,0
59,1772,1,0.0116329,0.0116329,0.679818,0.667436,0.0123814,34.7193,34.6697,11,11,0,0.289941,0.371557,0.081616,0,1,1,0
59,1772,2,0.0180325,0.0180325,0.70203,0.697351,0.00467825,34.8081,34.7894,10,10,0,0.396611,0.477979,0.081368,0,1,1,0
59,1772,3,0.00173283,0.00173283,0.688503,0.688397,0.000106514,34.754,34.7536,9,9,0,0.716784,0.726992,0.010208,0,1,1,0
59.1,1773,1,0.0198743,0.0198743,0.646434,0.679818,0.0333838,34.5857,34.7193,11,11,0,0.371557,0.374357,0.0028,0,1,0,0
59.1,1773,2,0.0753726,0.0753726,0.660366,0.70203,0.0416637,34.6415,34.8081,10,10,0,0.477979,0.477211,0.000768,0,0,0,0
59.1,1773,3,0.0684212,0.0684212,0.679811,0.688503,0.00869191,34.7192,34.754,9,9,0,0.726992,0.71904,0.007952,0,0,1,0
59.2,1774,1,0.000971317,0.000971317,0.647064,0.646434,0.000630081,34.5883,34.5857,11,11,0,0.374357,0.376405,0.002048,0,1,1,1
59.2,1774,2,0.000430614,0.000430614,0.660924,0.660366,0.000558197,34.6437,34.6415,10,10,0,0.477211,0.480011,0.0028,0,1,1,1
59.2,1774,3,0.00271437,0.00271437,0.678474,0.679811,0.00133711,34.7139,34.7192,9,9,0,0.71904,0.731136,0.012096,0,1,1,0
59.3,1775,1,0.0207903,0.0207903,0.671905,0.647064,0.0248415,34.6876,34.5883,11,10,-1,0.376405,0.347859,0.0285467,0,0,0,0
59.3,1775,2,0.0700454,0.0700454,0.67225,0.660924,0.0113261,34.689,34.6437,10,7,-3,0.480011,0.607291,0.12728,0,0,1,0
59.3,1775,3,0.00345391,0.00345391,0.637798,0.678474,0.040676,34.5512,34.7139,9,13,4,0.731136,0.471779,0.259357,0,1,0,0
59.4,1776,1,9.30429e-05,9.30429e-05,0.623956,0.671905,0.0479492,34.4958,34.6876,10,10,0,0.347859,0.429731,0.081872,0,1,0,0
59.4,1776,2,0.0779375,0.0779375,0.680823,0.67225,0.00857306,34.7233,34.689,7,7,0,0.607291,0.690859,0.083568,0,0,1,0
59.4,1776,3,0.00234035,0.00234035,0.668983,0.637798,0.0311846,34.6759,34.5512,13,13,0,0.471779,0.334907,0.136872,0,1,0,0
59.5,1777,1,0.0216605,0.0216605,0.655937,0.623956,0.0319806,34.6237,34.4958,10,11,1,0.429731,0.391845,0.0378853,0,0,0,0
59.5,1777,2,0.0759371,0.0759371,0.71254,0.680823,0.0317167,34.8502,34.7233,7,10,3,0.690859,0.591627,0.099232,0,0,0,0
59.5,1777,3,0.0716588,0.0716588,0.673608,0.668983,0.0046255,34.6944,34.6759,13,9,-4,0.334907,0.552008,0.217101,0,0,1,0
59.6,1778,1,0.0195698,0.0195698,0.64728,0.655937,0.0086568,34.5891,34.6237,11,11,0,0.391845,0.299229,0.092616,0,1,1,0
59.6,1778,2,0.0313381,0.0313381,0.69595,0.71254,0.0165899,34.7838,34.8502,10,10,0,0.591627,0.372547,0.21908,0,0,1,0
59.6,1778,3,0.12612,0.12612,0.686228,0.673608,0.0126202,34.7449,34.6944,9,9,0,0.552008,0.679904,0.127896,0,0,1,0
59.7,1779,1,0.0244245,0.0244245,0.665292,0.64728,0.018012,34.6612,34.5891,11,11,0,0.299229,0.369021,0.069792,0,0,1,0
59.7,1779,2,0.0200011,0.0200011,0.70097,0.69595,0.00501943,34.8039,34.7838,10,10,0,0.372547,0.459211,0.086664,0,0,1,0
59.7,1779,3,0.0208128,0.0208128,0.683471,0.686228,0.00275707,34.7339,34.7449,9,9,0,0.679904,0.745712,0.065808,0,0,1,0
59.8,1780,1,0.00710267,0.00710267,0.676917,0.665292,0.0116246,34.7077,34.6612,11,10,-1,0.369021,0.368603,0.000418666,0,1,1,1
59.8,1780,2,0.00901031,0.00901031,0.674959,0.70097,0.0260101,34.6998,34.8039,10,7,-3,0.459211,0.618899,0.159688,0,1,0,0
59.8,1780,3,0.0406536,0.0406536,0.662731,0.683471,0.0207401,34.6509,34.7339,9,13,4,0.745712,0.347547,0.398165,0,0,0,0
59.9,1781,1,0.0439464,0.0439464,0.644876,0.676917,0.0320411,34.5795,34.7077,10,10,0,0.368603,0.422363,0.05376,0,0,0,0
59.9,1781,2,0.0782638,0.0782638,0.680823,0.674959,0.00586385,34.7233,34.6998,7,7,0,0.618899,0.690859,0.07196,0,0,1,0
59.9,1781,3,0.0165833,0.0165833,0.655387,0.662731,0.00734413,34.6215,34.6509,13,13,0,0.347547,0.413355,0.065808,0,1,1,0
60,1782,1,0.0723526,0.0723526,0.67517,0.644876,0.0302945,34.7007,34.5795,10,11,1,0.422363,0.389965,0.0323973,0,0,0,0
60,1782,2,0.0721959,0.0721959,0.708547,0.680823,0.0277239,34.8342,34.7233,7,10,3,0.690859,0.567099,0.12376,0,0,0,0
60,1782,3,0.0829071,0.0829071,0.679708,0.655387,0.0243205,34.7188,34.6215,13,9,-4,0.413355,0.526224,0.112869,0,0,0,0
60.1,1783,1,0.022841,0.022841,0.671806,0.67517,0.00336367,34.6872,34.7007,11,11,0,0.389965,0.319509,0.070456,0,0,1,0
60.1,1783,2,0.0424281,0.0424281,0.694923,0.708547,0.013624,34.7797,34.8342,10,10,0,0.567099,0.366331,0.200768,0,0,1,0
60.1,1783,3,0.110056,0.110056,0.682006,0.679708,0.00229794,34.728,34.7188,9,9,0,0.526224,0.740256,0.214032,0,0,1,0
60.2,1784,1,0.000803977,0.000803977,0.685796,0.671806,0.0139901,34.7432,34.6872,11,11,0,0.319509,0.384821,0.065312,0,1,1,0
60.2,1784,2,0.0224517,0.0224517,0.700538,0.694923,0.00561422,34.8022,34.7797,10,10,0,0.366331,0.459227,0.092896,0,0,1,0
60.2,1784,3,0.00428808,0.00428808,0.679461,0.682006,0.00254488,34.7178,34.728,9,9,0,0.740256,0.741728,0.001472,0,1,1,1
60.3,1785,1,0.0175162,0.0175162,0.652458,0.685796,0.0333382,34.6098,34.7432,11,11,0,0.384821,0.392197,0.007376,0,1,0,0
60.3,1785,2,0.0804451,0.0804451,0.658923,0.700538,0.0416149,34.6357,34.8022,10,10,0,0.459227,0.459227,0,0,0,0,0
60.3,1785,3,0.0349892,0.0349892,0.674764,0.679461,0.00469702,34.6991,34.7178,9,9,0,0.741728,0.74776,0.006032,0,0,1,0
60.4,1786,1,0.00540632,0.00540632,0.644276,0.652458,0.00818241,34.5771,34.6098,11,11,0,0.392197,0.380773,0.011424,0,1,1,0
60.4,1786,2,0.000140876,0.000140876,0.658907,0.658923,1.57952e-05,34.6356,34.6357,10,10,0,0.459227,0.459995,0.000768,0,1,1,1
60.4,1786,3,0.000433236,0.000433236,0.674951,0.674764,0.000187218,34.6998,34.6991,9,9,0,0.74776,0.745712,0.002048,0,1,1,1
60.5,1787,1,0.0113012,0.0113012,0.725329,0.644276,0.0810528,34.9013,34.5771,11,9,-2,0.380773,0.384608,0.00383467,0,1,0,0
60.5,1787,2,0.0704284,0.0704284,0.669631,0.658907,0.0107247,34.6785,34.6356,10,8,-2,0.459995,0.506181,0.0461867,0,0,1,0
60.5,1787,3,0.00536302,0.00536302,0.636232,0.674951,0.038719,34.5449,34.6998,9,13,4,0.745712,0.472619,0.273093,0,1,0,0
60.6,1788,1,0.0559156,0.0559156,0.636343,0.725329,0.0889859,34.5454,34.9013,9,9,0,0.384608,0.472704,0.088096,0,0,0,0
60.6,1788,2,0.0796109,0.0796109,0.682534,0.669631,0.0129027,34.7301,34.6785,8,8,0,0.506181,0.599013,0.092832,0,0,1,0
60.6,1788,3,0.00344416,0.00344416,0.668265,0.636232,0.032033,34.6731,34.5449,13,13,0,0.472619,0.334907,0.137712,0,1,0,0
60.7,1789,1,0.105013,0.105013,0.688496,0.636343,0.0521537,34.754,34.5454,9,11,2,0.472704,0.408853,0.0638507,0,0,0,0
60.7,1789,2,0.0721945,0.0721945,0.705759,0.682534,0.0232253,34.823,34.7301,8,10,2,0.599013,0.529827,0.0691867,0,0,0,0
60.7,1789,3,0.0666462,0.0666462,0.671713,0.668265,0.00344765,34.6869,34.6731,13,9,-4,0.334907,0.546672,0.211765,0,0,1,0
60.8,1790,1,0.0115679,0.0115679,0.680133,0.688496,0.00836307,34.7205,34.754,11,11,0,0.408853,0.289397,0.119456,0,1,1,0
60.8,1790,2,0.0243201,0.0243201,0.689871,0.705759,0.0158888,34.7595,34.823,10,10,0,0.529827,0.496227,0.0336,0,0,1,0
60.8,1790,3,0.124555,0.124555,0.686924,0.671713,0.0152116,34.7477,34.6869,9,9,0,0.546672,0.678416,0.131744,0,0,1,0
60.9,1791,1,0.0147433,0.0147433,0.692774,0.680133,0.0126405,34.7711,34.7205,11,11,0,0.289397,0.377909,0.088512,0,1,1,0
60.9,1791,2,0.00400275,0.00400275,0.688772,0.689871,0.00109893,34.7551,34.7595,10,10,0,0.496227,0.466891,0.029336,0,1,1,0
60.9,1791,3,0.0242157,0.0242157,0.680064,0.686924,0.00686044,34.7203,34.7477,9,9,0,0.678416,0.745712,0.067296,0,0,1,0
61,1792,1,0.0468708,0.0468708,0.753337,0.692774,0.060563,35.0133,34.7711,11,8,-3,0.377909,0.426581,0.048672,0,0,0,0
61,1792,2,0.0277815,0.0277815,0.670395,0.688772,0.0183766,34.6816,34.7551,10,8,-2,0.466891,0.510749,0.0438587,0,0,1,0
61,1792,3,0.0329238,0.0329238,0.667479,0.680064,0.0125852,34.6699,34.7203,9,14,5,0.745712,0.307157,0.438555,0,0,1,0
61.1,1793,1,0.0309287,0.0309287,0.682831,0.753337,0.0705056,34.7313,35.0133,8,8,0,0.426581,0.602149,0.175568,0,0,0,0
61.1,1793,2,0.0667441,0.0667441,0.702528,0.670395,0.0321332,34.8101,34.6816,8,8,0,0.510749,0.638469,0.12772,0,0,0,0
61.1,1793,3,0.00316191,0.00316191,0.670752,0.667479,0.00327373,34.683,34.6699,14,14,0,0.307157,0.313525,0.006368,0,1,1,1
61.2,1794,1,0.0981235,0.0981235,0.702757,0.682831,0.0199261,34.811,34.7313,8,11,3,0.602149,0.438565,0.163584,0,0,1,0
61.2,1794,2,0.0656796,0.0656796,0.70447,0.702528,0.00194222,34.8179,34.8101,8,10,2,0.638469,0.506187,0.132283,0,0,1,0
61.2,1794,3,0.0727114,0.0727114,0.683422,0.670752,0.0126698,34.7337,34.683,14,9,-5,0.313525,0.497608,0.184083,0,0,1,0
61.3,1795,1,0.00556454,0.00556454,0.703677,0.702757,0.000919402,34.8147,34.811,11,11,0,0.438565,0.290077,0.148488,0,1,1,0
61.3,1795,2,0.00962597,0.00962597,0.684106,0.70447,0.0203643,34.7364,34.8179,10,10,0,0.506187,0.411875,0.094312,0,1,0,0
61.3,1795,3,0.124913,0.124913,0.684598,0.683422,0.0011763,34.7384,34.7337,9,9,0,0.497608,0.738752,0.241144,0,0,1,0
61.4,1796,1,0.0116965,0.0116965,0.706963,0.703677,0.00328594,34.8279,34.8147,11,11,0,0.290077,0.377901,0.087824,0,1,1,0
61.4,1796,2,0.020754,0.020754,0.689517,0.684106,0.00541073,34.7581,34.7364,10,10,0,0.411875,0.493771,0.081896,0,0,1,0
61.4,1796,3,0.00434414,0.00434414,0.68541,0.684598,0.000811815,34.7416,34.7384,9,9,0,0.738752,0.747744,0.008992,0,1,1,1
61.5,1797,1,0.0941416,0.0941416,0.717844,0.706963,0.0108813,34.8714,34.8279,11,9,-2,0.377901,0.40356,0.0256587,0,0,1,0
61.5,1797,2,0.0286413,0.0286413,0.67816,0.689517,0.0113568,34.7126,34.7581,10,8,-2,0.493771,0.558061,0.0642907,0,0,1,0
61.5,1797,3,0.0616964,0.0616964,0.680527,0.68541,0.00488341,34.7221,34.7416,9,13,4,0.747744,0.313643,0.434101,0,0,1,0
61.6,1798,1,0.0516319,0.0516319,0.636343,0.717844,0.0815013,34.5454,34.8714,9,9,0,0.40356,0.472704,0.069144,0,0,0,0
61.6,1798,2,0.0873709,0.0873709,0.692454,0.67816,0.0142934,34.7698,34.7126,8,8,0,0.558061,0.636005,0.077944,0,0,1,0
61.6,1798,3,0.0237618,0.0237618,0.653602,0.680527,0.0269248,34.6144,34.7221,13,13,0,0.313643,0.428643,0.115,0,0,0,0
61.7,1799,1,0.105803,0.105803,0.691653,0.636343,0.0553098,34.7666,34.5454,9,11,2,0.472704,0.336669,0.136035,0,0,0,0
61.7,1799,2,0.100841,0.100841,0.7004,0.692454,0.00794613,34.8016,34.7698,8,10,2,0.636005,0.456835,0.179171,0,0,1,0
61.7,1799,3,0.0764752,0.0764752,0.666589,0.653602,0.0129867,34.6664,34.6144,13,9,-4,0.428643,0.574936,0.146293,0,0,1,0
61.8,1800,1,0.00204206,0.00204206,0.690192,0.691653,0.00146013,34.7608,34.7666,11,11,0,0.336669,0.345013,0.008344,0,1,1,1
61.8,1800,2,0.0393425,0.0393425,0.688898,0.7004,0.0115014,34.7556,34.8016,10,10,0,0.456835,0.473467,0.016632,0,0,1,0
61.8,1800,3,0.0963253,0.0963253,0.680061,0.666589,0.0134727,34.7202,34.6664,9,9,0,0.574936,0.745696,0.17076,0,0,1,0
61.9,1801,1,0.0697149,0.0697149,0.707115,0.690192,0.0169225,34.8285,34.7608,11,9,-2,0.345013,0.44424,0.0992267,0,0,1,0
61.9,1801,2,0.025787,0.025787,0.678653,0.688898,0.0102454,34.7146,34.7556,10,8,-2,0.473467,0.560437,0.0869707,0,0,1,0
61.9,1801,3,0.0200724,0.0200724,0.696682,0.680061,0.0166203,34.7867,34.7202,9,13,4,0.745696,0.614411,0.131285,0,0,1,0
62,1802,1,0.0452747,0.0452747,0.624773,0.707115,0.0823417,34.4991,34.8285,9,9,0,0.44424,0.393968,0.050272,0,0,0,0
62,1802,2,0.0731821,0.0731821,0.675239,0.678653,0.00341374,34.701,34.7146,8,8,0,0.560437,0.573213,0.012776,0,0,1,0
62,1802,3,0.0057151,0.0057151,0.652846,0.696682,0.043836,34.6114,34.7867,13,13,0,0.614411,0.404851,0.20956,0,1,0,0
62.1,1803,1,0.00636265,0.00636265,0.635577,0.624773,0.0108036,34.5423,34.4991,9,9,0,0.393968,0.468816,0.074848,0,1,1,0
62.1,1803,2,0.0120975,0.0120975,0.689707,0.675239,0.0144676,34.7588,34.701,8,8,0,0.573213,0.626709,0.053496,0,1,1,0
62.1,1803,3,0.0045931,0.0045931,0.650704,0.652846,0.00214165,34.6028,34.6114,13,13,0,0.404851,0.438395,0.033544,0,1,1,0
62.2,1804,1,0.103418,0.103418,0.698746,0.635577,0.0631692,34.795,34.5423,9,11,2,0.468816,0.296317,0.172499,0,0,0,0
62.2,1804,2,0.106853,0.106853,0.698402,0.689707,0.00869524,34.7936,34.7588,8,10,2,0.626709,0.422267,0.204443,0,0,1,0
62.2,1804,3,0.0712455,0.0712455,0.661286,0.650704,0.0105821,34.6451,34.6028,13,9,-4,0.438395,0.589496,0.151101,0,0,1,0
62.3,1805,1,0.00632817,0.00632817,0.692902,0.698746,0.00584441,34.7716,34.795,11,11,0,0.296317,0.373653,0.077336,0,1,1,0
62.3,1805,2,0.0508905,0.0508905,0.690309,0.698402,0.0080927,34.7612,34.7936,10,10,0,0.422267,0.499275,0.077008,0,0,1,0
62.3,1805,3,0.0858186,0.0858186,0.678108,0.661286,0.0168224,34.7124,34.6451,9,9,0,0.589496,0.7512,0.161704,0,0,1,0
62.4,1806,1,0.0661991,0.0661991,0.710678,0.692902,0.0177763,34.8427,34.7716,11,9,-2,0.373653,0.430368,0.0567147,0,0,1,0
62.4,1806,2,0.0305918,0.0305918,0.67466,0.690309,0.0156488,34.6986,34.7612,10,8,-2,0.499275,0.539077,0.0398027,0,0,1,0
62.4,1806,3,0.0263755,0.0263755,0.675807,0.678108,0.00230134,34.7032,34.7124,9,13,4,0.7512,0.581403,0.169797,0,0,1,0
62.5,1807,1,0.0448213,0.0448213,0.632568,0.710678,0.0781102,34.5303,34.8427,9,9,0,0.430368,0.442064,0.011696,0,0,0,0
62.5,1807,2,0.0831717,0.0831717,0.686342,0.67466,0.0116816,34.7454,34.6986,8,8,0,0.539077,0.615381,0.076304,0,0,1,0
62.5,1807,3,0.00616056,0.00616056,0.685985,0.675807,0.0101777,34.7439,34.7032,13,13,0,0.581403,0.277755,0.303648,0,1,1,0
62.6,1808,1,0.00597259,0.00597259,0.63925,0.632568,0.00668204,34.557,34.5303,9,9,0,0.442064,0.484272,0.042208,0,1,1,0
62.6,1808,2,0.00537556,0.00537556,0.692439,0.686342,0.00609696,34.7698,34.7454,8,8,0,0.615381,0.635925,0.020544,0,1,1,0
62.6,1808,3,0.0154131,0.0154131,0.651445,0.685985,0.0345402,34.6058,34.7439,13,13,0,0.277755,0.427387,0.149632,0,1,0,0
62.7,1809,1,0.0988413,0.0988413,0.69844,0.63925,0.0591903,34.7938,34.557,9,11,2,0.484272,0.298133,0.186139,0,0,0,0
62.7,1809,2,0.109523,0.109523,0.698232,0.692439,0.00579327,34.7929,34.7698,8,10,2,0.635925,0.419339,0.216587,0,0,1,0
62.7,1809,3,0.0367418,0.0367418,0.668809,0.651445,0.0173642,34.6752,34.6058,13,9,-4,0.427387,0.664848,0.237461,0,0,1,0
62.8,1810,1,0.00620648,0.00620648,0.692902,0.69844,0.00553846,34.7716,34.7938,11,11,0,0.298133,0.373653,0.07552,0,1,1,0
62.8,1810,2,0.0518664,0.0518664,0.69062,0.698232,0.00761253,34.7625,34.7929,10,10,0,0.419339,0.501435,0.082096,0,0,1,0
62.8,1810,3,0.0523341,0.0523341,0.678449,0.668809,0.00964016,34.7138,34.6752,9,9,0,0.664848,0.754144,0.089296,0,0,1,0
62.9,1811,1,0.0561583,0.0561583,0.719449,0.692902,0.0265468,34.8778,34.7716,11,9,-2,0.373653,0.399248,0.0255947,0,0,0,0
62.9,1811,2,0.0282524,0.0282524,0.686533,0.69062,0.00408703,34.7461,34.7625,10,8,-2,0.501435,0.598101,0.0966667,0,0,1,0
62.9,1811,3,0.0319504,0.0319504,0.637007,0.678449,0.0414419,34.548,34.7138,9,13,4,0.754144,0.475419,0.278725,0,0,0,0
63,1812,1,0.0488965,0.0488965,0.639247,0.719449,0.0802015,34.557,34.8778,9,9,0,0.399248,0.484256,0.085008,0,0,0,0
63,1812,2,0.106452,0.106452,0.692548,0.686533,0.00601524,34.7702,34.7461,8,8,0,0.598101,0.675829,0.077728,0,0,1,0
63,1812,3,0.00835899,0.00835899,0.662931,0.637007,0.0259241,34.6517,34.548,13,13,0,0.475419,0.355771,0.119648,0,1,0,0
63.1,1813,1,0.102555,0.102555,0.687623,0.639247,0.0483764,34.7505,34.557,9,11,2,0.484256,0.424981,0.0592747,0,0,0,0
63.1,1813,2,0.101095,0.101095,0.70635,0.692548,0.0138019,34.8254,34.7702,8,10,2,0.675829,0.569259,0.106571,0,0,1,0
63.1,1813,3,0.0626467,0.0626467,0.664818,0.662931,0.00188673,34.6593,34.6517,13,9,-4,0.355771,0.570624,0.214853,0,0,1,0
63.2,1814,1,0.0154701,0.0154701,0.678989,0.687623,0.00863439,34.716,34.7505,11,11,0,0.424981,0.281429,0.143552,0,1,1,0
63.2,1814,2,0.00197467,0.00197467,0.682955,0.70635,0.0233948,34.7318,34.8254,10,10,0,0.569259,0.404315,0.164944,0,1,0,0
63.2,1814,3,0.117694,0.117694,0.686403,0.664818,0.0215848,34.7456,34.6593,9,9,0,0.570624,0.681664,0.11104,0,0,0,0
63.3,1815,1,0.0105335,0.0105335,0.690819,0.678989,0.0118301,34.7633,34.716,11,11,0,0.281429,0.398213,0.116784,0,1,1,0
63.3,1815,2,0.0248743,0.0248743,0.690624,0.682955,0.00766927,34.7625,34.7318,10,10,0,0.404315,0.501467,0.097152,0,0,1,0
63.3,1815,3,0.0363114,0.0363114,0.679524,0.686403,0.00687879,34.7181,34.7456,9,9,0,0.681664,0.763456,0.081792,0,0,1,0
63.4,1816,1,0.0514957,0.0514957,0.716025,0.690819,0.0252057,34.8641,34.7633,11,9,-2,0.398213,0.408944,0.0107307,0,0,0,0
63.4,1816,2,0.0301087,0.0301087,0.675903,0.690624,0.014721,34.7036,34.7625,10,8,-2,0.501467,0.547189,0.0457227,0,0,1,0
63.4,1816,3,0.0271603,0.0271603,0.637125,0.679524,0.042399,34.5485,34.7181,9,13,4,0.763456,0.476923,0.286533,0,0,0,0
63.5,1817,1,0.0386563,0.0386563,0.645525,0.716025,0.0705003,34.5821,34.8641,9,9,0,0.408944,0.506264,0.09732,0,0,0,0
63.5,1817,2,0.0906623,0.0906623,0.69316,0.675903,0.0172565,34.7726,34.7036,8,8,0,0.547189,0.645989,0.0988,0,0,1,0
63.5,1817,3,0.0204474,0.0204474,0.650446,0.637125,0.0133212,34.6018,34.5485,13,13,0,0.476923,0.448723,0.0282,0,0,1,0
63.6,1818,1,0.0943392,0.0943392,0.687798,0.645525,0.0422733,34.7512,34.5821,9,11,2,0.506264,0.420405,0.0858587,0,0,0,0
63.6,1818,2,0.0836364,0.0836364,0.705433,0.69316,0.0122737,34.8217,34.7726,8,10,2,0.645989,0.545995,0.0999947,0,0,1,0
63.6,1818,3,0.0783028,0.0783028,0.669136,0.650446,0.0186895,34.6765,34.6018,13,9,-4,0.448723,0.547792,0.0990693,0,0,1,0
63.7,1819,1,0.0102466,0.0102466,0.681254,0.687798,0.00654393,34.725,34.7512,11,11,0,0.420405,0.297213,0.123192,0,1,1,0
63.7,1819,2,0.000355959,0.000355959,0.68345,0.705433,0.0219831,34.7338,34.8217,10,10,0,0.545995,0.407955,0.13804,0,1,0,0
63.7,1819,3,0.0733003,0.0733003,0.696283,0.669136,0.0271474,34.7851,34.6765,9,9,0,0.547792,0.824312,0.27652,0,0,0,0
63.8,1820,1,0.011153,0.011153,0.697499,0.681254,0.0162446,34.79,34.725,11,11,0,0.297213,0.396181,0.098968,0,1,1,0
63.8,1820,2,0.0234366,0.0234366,0.690622,0.68345,0.00717163,34.7625,34.7338,10,10,0,0.407955,0.501451,0.093496,0,0,1,0
63.8,1820,3,0.011732,0.011732,0.67952,0.696283,0.0167629,34.7181,34.7851,9,9,0,0.824312,0.763424,0.060888,0,1,1,0
63.9,1821,1,0.0635965,0.0635965,0.708718,0.697499,0.0112199,34.8349,34.79,11,9,-2,0.396181,0.428128,0.0319467,0,0,1,0
63.9,1821,2,0.0379043,0.0379043,0.683338,0.690622,0.0072844,34.7334,34.7625,10,9,-1,0.501451,0.466872,0.0345787,0,0,1,0
63.9,1821,3,0.0578518,0.0578518,0.684636,0.67952,0.00511611,34.7385,34.7181,9,12,3,0.763424,0.40708,0.356344,0,0,1,0
64,1822,1,0.0180524,0.0180524,0.661487,0.708718,0.0472311,34.6459,34.8349,9,9,0,0.428128,0.528432,0.100304,0,1,0,0
64,1822,2,0.0868219,0.0868219,0.671556,0.683338,0.0117813,34.6862,34.7334,9,9,0,0.466872,0.543088,0.076216,0,0,1,0
64,1822,3,0.0527957,0.0527957,0.639766,0.684636,0.0448698,34.5591,34.7385,12,12,0,0.40708,0.511488,0.104408,0,0,0,0
64.1,1823,1,0.0927847,0.0927847,0.687215,0.661487,0.0257275,34.7489,34.6459,9,11,2,0.528432,0.360757,0.167675,0,0,0,0
64.1,1823,2,0.0996302,0.0996302,0.698522,0.671556,0.0269657,34.7941,34.6862,9,10,1,0.543088,0.424339,0.118749,0,0,0,0
64.1,1823,3,0.0692818,0.0692818,0.660558,0.639766,0.0207914,34.6422,34.5591,12,9,-3,0.511488,0.604024,0.092536,0,0,0,0
64.2,1824,1,0.00576374,0.00576374,0.69188,0.687215,0.00466514,34.7675,34.7489,11,11,0,0.360757,0.342405,0.018352,0,1,1,0
64.2,1824,2,0.0659505,0.0659505,0.680566,0.698522,0.0179558,34.7223,34.7941,10,10,0,0.424339,0.492907,0.068568,0,0,1,0
64.2,1824,3,0.0590799,0.0590799,0.680236,0.660558,0.0196778,34.7209,34.6422,9,9,0,0.604024,0.756208,0.152184,0,0,1,0
64.3,1825,1,0.0705959,0.0705959,0.707182,0.69188,0.0153024,34.8287,34.7675,11,9,-2,0.342405,0.437632,0.0952267,0,0,1,0
64.3,1825,2,0.0466901,0.0466901,0.690869,0.680566,0.0103027,34.7635,34.7223,10,9,-1,0.492907,0.534784,0.0418773,0,0,1,0
64.3,1825,3,0.0267273,0.0267273,0.679702,0.680236,0.000533998,34.7188,34.7209,9,12,3,0.756208,0.647936,0.108272,0,0,1,0
64.4,1826,1,0.0383419,0.0383419,0.640543,0.707182,0.0666389,34.5622,34.8287,9,9,0,0.437632,0.450744,0.013112,0,0,0,0
64.4,1826,2,0.0571894,0.0571894,0.655007,0.690869,0.0358621,34.62,34.7635,9,9,0,0.534784,0.468424,0.06636,0,0,0,0
64.4,1826,3,0.0181419,0.0181419,0.675782,0.679702,0.0039193,34.7031,34.7188,12,12,0,0.647936,0.379008,0.268928,0,1,1,0
64.5,1827,1,0.0213602,0.0213602,0.66089,0.640543,0.0203468,34.6436,34.5622,9,9,0,0.450744,0.526944,0.0762,0,0,0,0
64.5,1827,2,0.0250236,0.0250236,0.672633,0.655007,0.0176262,34.6905,34.62,9,9,0,0.468424,0.547648,0.079224,0,0,1,0
64.5,1827,3,0.0175525,0.0175525,0.638859,0.675782,0.0369229,34.5554,34.7031,12,12,0,0.379008,0.505968,0.12696,0,1,0,0
64.6,1828,1,0.0840142,0.0840142,0.6921,0.66089,0.0312096,34.7684,34.6436,9,11,2,0.526944,0.308621,0.218323,0,0,0,0
64.6,1828,2,0.0762175,0.0762175,0.705874,0.672633,0.0332412,34.8235,34.6905,9,10,1,0.547648,0.528115,0.0195333,0,0,0,0
64.6,1828,3,0.0562386,0.0562386,0.665156,0.638859,0.0262964,34.6606,34.5554,12,9,-3,0.505968,0.628344,0.122376,0,0,0,0
64.7,1829,1,0.00314879,0.00314879,0.697756,0.6921,0.0056563,34.791,34.7684,11,11,0,0.308621,0.375525,0.066904,0,1,1,0
64.7,1829,2,0.0449754,0.0449754,0.682676,0.705874,0.0231976,34.7307,34.8235,10,10,0,0.528115,0.507963,0.020152,0,0,0,0
64.7,1829,3,0.044321,0.044321,0.681644,0.665156,0.0164887,34.7266,34.6606,9,9,0,0.628344,0.778704,0.15036,0,0,1,0
64.8,1830,1,0.0697866,0.0697866,0.707555,0.697756,0.00979918,34.8302,34.791,11,9,-2,0.375525,0.435328,0.0598027,0,0,1,0
64.8,1830,2,0.0517354,0.0517354,0.685522,0.682676,0.00284582,34.7421,34.7307,10,9,-1,0.507963,0.494656,0.0133067,0,0,1,0
64.8,1830,3,0.0236187,0.0236187,0.67954,0.681644,0.00210404,34.7182,34.7266,9,12,3,0.778704,0.647024,0.13168,0,0,1,0
64.9,1831,1,0.0327712,0.0327712,0.646834,0.707555,0.0607211,34.5873,34.8302,9,9,0,0.435328,0.482824,0.047496,0,0,0,0
64.9,1831,2,0.0640545,0.0640545,0.658773,0.685522,0.0267494,34.6351,34.7421,9,9,0,0.494656,0.488144,0.006512,0,0,0,0
64.9,1831,3,0.01606,0.01606,0.666904,0.67954,0.0126365,34.6676,34.7182,12,12,0,0.647024,0.40328,0.243744,0,1,1,0
65,1832,1,0.0133046,0.0133046,0.658457,0.646834,0.0116225,34.6338,34.5873,9,9,0,0.482824,0.52104,0.038216,0,1,1,0
65,1832,2,0.0148573,0.0148573,0.670253,0.658773,0.0114803,34.681,34.6351,9,9,0,0.488144,0.537584,0.04944,0,1,1,0
65,1832,3,0.0244797,0.0244797,0.642119,0.666904,0.0247849,34.5685,34.6676,12,12,0,0.40328,0.525888,0.122608,0,0,0,0
65.1,1833,1,0.0891529,0.0891529,0.691251,0.658457,0.0327947,34.765,34.6338,9,11,2,0.52104,0.288333,0.232707,0,0,0,0
65.1,1833,2,0.104576,0.104576,0.696799,0.670253,0.0265462,34.7872,34.681,9,10,1,0.537584,0.395963,0.141621,0,0,0,0
65.1,1833,3,0.0372741,0.0372741,0.671276,0.642119,0.0291574,34.6851,34.5685,12,9,-3,0.525888,0.685392,0.159504,0,0,0,0
65.2,1834,1,0.0036619,0.0036619,0.701706,0.691251,0.0104548,34.8068,34.765,11,11,0,0.288333,0.364389,0.076056,0,1,1,0
65.2,1834,2,0.0706739,0.0706739,0.67853,0.696799,0.0182696,34.7141,34.7872,10,10,0,0.395963,0.482683,0.08672,0,0,1,0
65.2,1834,3,0.0204887,0.0204887,0.681369,0.671276,0.0100928,34.7255,34.6851,9,9,0,0.685392,0.776008,0.090616,0,0,1,0
65.3,1835,1,0.0608414,0.0608414,0.712212,0.701706,0.0105062,34.8488,34.8068,11,9,-2,0.364389,0.395368,0.0309787,0,0,1,0
65.3,1835,2,0.0556953,0.0556953,0.6814,0.67853,0.00287008,34.7256,34.7141,10,9,-1,0.482683,0.44236,0.0403227,0,0,1,0
65.3,1835,3,0.0322957,0.0322957,0.648851,0.681369,0.0325187,34.5954,34.7255,9,12,3,0.776008,0.54184,0.234168,0,0,0,0
65.4,1836,1,0.0286834,0.0286834,0.660109,0.712212,0.0521031,34.6404,34.8488,9,9,0,0.395368,0.506408,0.11104,0,0,0,0
65.4,1836,2,0.0936628,0.0936628,0.672633,0.6814,0.00876707,34.6905,34.7256,9,9,0,0.44236,0.547648,0.105288,0,0,1,0
65.4,1836,3,0.0373531,0.0373531,0.646329,0.648851,0.00252181,34.5853,34.5954,12,12,0,0.54184,0.475088,0.066752,0,0,1,0
65.5,1837,1,0.128192,0.128192,0.722806,0.660109,0.0626965,34.8912,34.6404,9,11,2,0.506408,0.444309,0.0620987,0,0,0,0
65.5,1837,2,0.0798322,0.0798322,0.705304,0.672633,0.032671,34.8212,34.6905,9,10,1,0.547648,0.514315,0.0333333,0,0,0,0
65.5,1837,3,0.0439859,0.0439859,0.6659,0.646329,0.0195709,34.6636,34.5853,12,9,-3,0.475088,0.641328,0.16624,0,0,1,0
65.6,1838,1,0.0144788,0.0144788,0.70462,0.722806,0.0181858,34.8185,34.8912,11,11,0,0.444309,0.262437,0.181872,0,1,1,0
65.6,1838,2,0.0231194,0.0231194,0.665552,0.705304,0.0397521,34.6622,34.8212,10,10,0,0.514315,0.383259,0.131056,0,0,0,0
65.6,1838,3,0.0663255,0.0663255,0.681411,0.6659,0.0155116,34.7256,34.6636,9,9,0,0.641328,0.712536,0.071208,0,0,1,0
65.7,1839,1,0.0172444,0.0172444,0.718465,0.70462,0.013845,34.8739,34.8185,11,11,0,0.262437,0.366133,0.103696,0,1,1,0
65.7,1839,2,0.0213296,0.0213296,0.678047,0.665552,0.0124956,34.7122,34.6622,10,10,0,0.383259,0.482683,0.099424,0,0,1,0
65.7,1839,3,0.0273974,0.0273974,0.68137,0.681411,4.11868e-05,34.7255,34.7256,9,9,0,0.712536,0.776016,0.06348,0,0,1,0
65.8,1840,1,0.0902609,0.0902609,0.725231,0.718465,0.0067662,34.9009,34.8739,11,9,-2,0.366133,0.400984,0.0348507,0,0,1,0
65.8,1840,2,0.0572501,0.0572501,0.681886,0.678047,0.00383836,34.7275,34.7122,10,9,-1,0.482683,0.456664,0.0260187,0,0,1,0
65.8,1840,3,0.0370594,0.0370594,0.666607,0.68137,0.0147626,34.6664,34.7255,9,12,3,0.776016,0.445512,0.330504,0,0,1,0
65.9,1841,1,0.0181716,0.0181716,0.680394,0.725231,0.0448368,34.7216,34.9009,9,9,0,0.400984,0.515536,0.114552,0,1,0,0
65.9,1841,2,0.0954898,0.0954898,0.669558,0.681886,0.0123275,34.6782,34.7275,9,9,0,0.456664,0.547648,0.090984,0,0,1,0
65.9,1841,3,0.0518584,0.0518584,0.64084,0.666607,0.0257672,34.5634,34.6664,12,12,0,0.445512,0.519056,0.073544,0,0,0,0
66,1842,1,0.104475,0.104475,0.714578,0.680394,0.0341836,34.8583,34.7216,9,11,2,0.515536,0.422293,0.0932427,0,0,0,0
66,1842,2,0.0900132,0.0900132,0.703697,0.669558,0.0341386,34.8148,34.6782,9,10,1,0.547648,0.490315,0.0573333,0,0,0,0
66,1842,3,0.065225,0.065225,0.66303,0.64084,0.02219,34.6521,34.5634,12,9,-3,0.519056,0.615856,0.0968,0,0,0,0
66.1,1843,1,0.0118942,0.0118942,0.70639,0.714578,0.00818783,34.8256,34.8583,11,11,0,0.422293,0.284277,0.138016,0,1,1,0
66.1,1843,2,0.0315557,0.0315557,0.66662,0.703697,0.0370771,34.6665,34.8148,10,10,0,0.490315,0.400819,0.089496,0,0,0,0
66.1,1843,3,0.0520928,0.0520928,0.680469,0.66303,0.0174385,34.7219,34.6521,9,9,0,0.615856,0.76248,0.146624,0,0,1,0
66.2,1844,1,0.00984654,0.00984654,0.714083,0.70639,0.00769269,34.8563,34.8256,11,11,0,0.284277,0.381045,0.096768,0,1,1,0
66.2,1844,2,0.0204109,0.0204109,0.678203,0.66662,0.0115838,34.7128,34.6665,10,10,0,0.400819,0.483467,0.082648,0,0,1,0
66.2,1844,3,0.00169885,0.00169885,0.681435,0.680469,0.000966668,34.7257,34.7219,9,9,0,0.76248,0.776656,0.014176,0,1,1,0
66.3,1845,1,0.140137,0.140137,0.710437,0.714083,0.00364614,34.8417,34.8563,11,8,-3,0.381045,0.522869,0.141824,0,0,1,0
66.3,1845,2,0.0570572,0.0570572,0.682025,0.678203,0.00382191,34.7281,34.7128,10,9,-1,0.483467,0.458368,0.0250987,0,0,1,0
66.3,1845,3,0.00152466,0.00152466,0.658818,0.681435,0.0226177,34.6353,34.7257,9,13,4,0.776656,0.371835,0.404821,0,1,0,0
66.4,1846,1,0.0152716,0.0152716,0.683462,0.710437,0.0269752,34.7338,34.8417,8,8,0,0.522869,0.595829,0.07296,0,1,0,0
66.4,1846,2,0.0953676,0.0953676,0.669772,0.682025,0.012253,34.6791,34.7281,9,9,0,0.458368,0.548416,0.090048,0,0,1,0
66.4,1846,3,0.00343832,0.00343832,0.640152,0.658818,0.0186656,34.5606,34.6353,13,13,0,0.371835,0.464435,0.0926,0,1,1,0
66.5,1847,1,0.128811,0.128811,0.711797,0.683462,0.0283355,34.8472,34.7338,8,11,3,0.595829,0.398989,0.19684,0,0,0,0
66.5,1847,2,0.108807,0.108807,0.697988,0.669772,0.0282159,34.792,34.6791,9,10,1,0.548416,0.420827,0.127589,0,0,0,0
66.5,1847,3,0.0369895,0.0369895,0.651768,0.640152,0.0116155,34.6071,34.5606,13,9,-4,0.464435,0.6316,0.167165,0,0,1,0
66.6,1848,1,0.00429356,0.00429356,0.706647,0.711797,0.00515002,34.8266,34.8472,11,11,0,0.398989,0.334373,0.064616,0,1,1,0
66.6,1848,2,0.067269,0.067269,0.675411,0.697988,0.0225768,34.7016,34.792,10,10,0,0.420827,0.469419,0.048592,0,0,0,0
66.6,1848,3,0.0373393,0.0373393,0.671377,0.651768,0.0196096,34.6855,34.6071,9,9,0,0.6316,0.787248,0.155648,0,0,1,0
66.7,1849,1,0.133989,0.133989,0.723256,0.706647,0.016609,34.893,34.8266,11,8,-3,0.334373,0.474997,0.140624,0,0,1,0
66.7,1849,2,0.0439667,0.0439667,0.687798,0.675411,0.0123867,34.7512,34.7016,10,9,-1,0.469419,0.52136,0.0519413,0,0,1,0
66.7,1849,3,0.0277362,0.0277362,0.688588,0.671377,0.017211,34.7544,34.6855,9,13,4,0.787248,0.648091,0.139157,0,0,1,0
66.8,1850,1,0.00897405,0.00897405,0.676471,0.723256,0.0467846,34.7059,34.893,8,8,0,0.474997,0.555589,0.080592,0,1,0,0
66.8,1850,2,0.0568314,0.0568314,0.65299,0.687798,0.0348083,34.612,34.7512,9,9,0,0.52136,0.458816,0.062544,0,0,0,0
66.8,1850,3,0.0304143,0.0304143,0.663974,0.688588,0.0246147,34.6559,34.7544,13,13,0,0.648091,0.353691,0.2944,0,0,0,0
66.9,1851,1,0.00985843,0.00985843,0.683462,0.676471,0.00699019,34.7338,34.7059,8,8,0,0.555589,0.595829,0.04024,0,1,1,0
66.9,1851,2,0.0284094,0.0284094,0.669558,0.65299,0.0165684,34.6782,34.612,9,9,0,0.458816,0.547648,0.088832,0,0,1,0
66.9,1851,3,0.00337768,0.00337768,0.640044,0.663974,0.0239295,34.5602,34.6559,13,13,0,0.353691,0.461211,0.10752,0,1,0,0
67,1852,1,0.120779,0.120779,0.706173,0.683462,0.0227116,34.8247,34.7338,8,11,3,0.595829,0.330581,0.265248,0,0,0,0
67,1852,2,0.115478,0.115478,0.696168,0.669558,0.02661,34.7847,34.6782,9,10,1,0.547648,0.393275,0.154373,0,0,0,0
67,1852,3,0.00901565,0.00901565,0.667651,0.640044,0.0276066,34.6706,34.5602,13,9,-4,0.461211,0.67944,0.218229,0,1,0,0
67.1,1853,1,0.0184493,0.0184493,0.70945,0.706173,0.003277,34.8378,34.8247,11,11,0,0.330581,0.376477,0.045896,0,1,1,0
67.1,1853,2,0.078551,0.078551,0.679088,0.696168,0.0170801,34.7164,34.7847,10,10,0,0.393275,0.488011,0.094736,0,0,1,0
67.1,1853,3,0.0107146,0.0107146,0.671319,0.667651,0.00366819,34.6853,34.6706,9,9,0,0.67944,0.781392,0.101952,0,1,1,0
67.2,1854,1,0.133688,0.133688,0.72661,0.70945,0.0171599,34.9064,34.8378,11,8,-3,0.376477,0.463445,0.086968,0,0,1,0
67.2,1854,2,0.0509194,0.0509194,0.684826,0.679088,0.0057382,34.7393,34.7164,10,9,-1,0.488011,0.493896,0.00588533,0,0,1,0
67.2,1854,3,0.0128389,0.0128389,0.678619,0.671319,0.00730056,34.7145,34.6853,9,13,4,0.781392,0.613723,0.167669,0,1,1,0
67.3,1855,1,0.00868326,0.00868326,0.681325,0.72661,0.0452852,34.7253,34.9064,8,8,0,0.463445,0.585109,0.121664,0,1,0,0
67.3,1855,2,0.0661909,0.0661909,0.655756,0.684826,0.0290697,34.623,34.7393,9,9,0,0.493896,0.483408,0.010488,0,0,0,0
67.3,1855,3,0.0214736,0.0214736,0.669451,0.678619,0.00916845,34.6778,34.7145,13,13,0,0.613723,0.339243,0.27448,0,0,1,0
67.4,1856,1,0.00423062,0.00423062,0.684172,0.681325,0.00284684,34.7367,34.7253,8,8,0,0.585109,0.600381,0.015272,0,1,1,0
67.4,1856,2,0.0216553,0.0216553,0.669558,0.655756,0.0138016,34.6782,34.623,9,9,0,0.483408,0.547648,0.06424,0,0,1,0
67.4,1856,3,0.00443238,0.00443238,0.640205,0.669451,0.0292458,34.5608,34.6778,13,13,0,0.339243,0.468987,0.129744,0,1,0,0
67.5,1857,1,0.114071,0.114071,0.70689,0.684172,0.0227179,34.8276,34.7367,8,11,3,0.600381,0.302981,0.2974,0,0,0,0
67.5,1857,2,0.115032,0.115032,0.696322,0.669558,0.0267637,34.7853,34.6782,9,10,1,0.547648,0.395195,0.152453,0,0,0,0
67.5,1857,3,0.0084064,0.0084064,0.66954,0.640205,0.0293348,34.6782,34.5608,13,9,-4,0.468987,0.721744,0.252757,0,1,0,0
67.6,1858,1,0.0237808,0.0237808,0.710014,0.70689,0.00312424,34.8401,34.8276,11,11,0,0.302981,0.381029,0.078048,0,0,1,0
67.6,1858,2,0.0769818,0.0769818,0.6782,0.696322,0.0181216,34.7128,34.7853,10,10,0,0.395195,0.483451,0.088256,0,0,1,0
67.6,1858,3,0.00186628,0.00186628,0.671442,0.66954,0.00190192,34.6858,34.6782,9,9,0,0.721744,0.776048,0.054304,0,1,1,0
67.7,1859,1,0.142106,0.142106,0.722219,0.710014,0.0122052,34.8889,34.8401,11,8,-3,0.381029,0.479549,0.09852,0,0,1,0
67.7,1859,2,0.0608064,0.0608064,0.680695,0.6782,0.00249475,34.7228,34.7128,10,9,-1,0.483451,0.44236,0.0410907,0,0,1,0
67.7,1859,3,0.0100838,0.0100838,0.639089,0.671442,0.0323529,34.5564,34.6858,9,13,4,0.776048,0.508475,0.267573,0,1,0,0
67.8,1860,1,0.00316676,0.00316676,0.683462,0.722219,0.0387574,34.7338,34.8889,8,8,0,0.479549,0.595829,0.11628,0,1,0,0
67.8,1860,2,0.0988569,0.0988569,0.669558,0.680695,0.0111368,34.6782,34.7228,9,9,0,0.44236,0.547648,0.105288,0,0,1,0
67.8,1860,3,0.0182126,0.0182126,0.647128,0.639089,0.00803876,34.5885,34.5564,13,13,0,0.508475,0.420875,0.0876,0,1,1,0
67.9,1861,1,0.111789,0.111789,0.728134,0.683462,0.0446722,34.9125,34.7338,8,11,3,0.595829,0.500381,0.095448,0,0,0,0
67.9,1861,2,0.0830904,0.0830904,0.705815,0.669558,0.036257,34.8233,34.6782,9,10,1,0.547648,0.514315,0.0333333,0,0,0,0
67.9,1861,3,0.070398,0.070398,0.671716,0.647128,0.0245883,34.6869,34.5885,13,9,-4,0.420875,0.599216,0.178341,0,0,0,0
68,1862,1,0.00322714,0.00322714,0.705544,0.728134,0.0225901,34.8222,34.9125,11,11,0,0.500381,0.278421,0.22196,0,1,0,0
68,1862,2,0.0245669,0.0245669,0.666639,0.705815,0.0391764,34.6666,34.8233,10,10,0,0.514315,0.400411,0.113904,0,0,0,0
68,1862,3,0.0642461,0.0642461,0.681458,0.671716,0.00974178,34.7258,34.6869,9,9,0,0.599216,0.761896,0.16268,0,0,1,0
68.1,1863,1,0.0242124,0.0242124,0.709449,0.705544,0.00390548,34.8378,34.8222,11,11,0,0.278421,0.376469,0.098048,0,0,1,0
68.1,1863,2,0.0243846,0.0243846,0.681483,0.666639,0.0148441,34.7259,34.6666,10,10,0,0.400411,0.501115,0.100704,0,0,1,0
68.1,1863,3,0.00149897,0.00149897,0.683195,0.681458,0.001737,34.7328,34.7258,9,9,0,0.761896,0.781424,0.019528,0,1,1,0
68.2,1864,1,0.147632,0.147632,0.718538,0.709449,0.0090887,34.8742,34.8378,11,8,-3,0.376469,0.493701,0.117232,0,0,1,0
68.2,1864,2,0.0590029,0.0590029,0.682786,0.681483,0.00130326,34.7311,34.7259,10,9,-1,0.501115,0.467992,0.0331227,0,0,1,0
68.2,1864,3,0.00656235,0.00656235,0.639451,0.683195,0.0437433,34.5578,34.7328,9,13,4,0.781424,0.430251,0.351173,0,1,0,0
68.3,1865,1,0.00949314,0.00949314,0.684173,0.718538,0.034365,34.7367,34.8742,8,8,0,0.493701,0.600389,0.106688,0,1,0,0
68.3,1865,2,0.0976399,0.0976399,0.672526,0.682786,0.01026,34.6901,34.7311,9,9,0,0.467992,0.570176,0.102184,0,0,1,0
68.3,1865,3,0.0100909,0.0100909,0.64244,0.639451,0.00298828,34.5698,34.5578,13,13,0,0.430251,0.489747,0.059496,0,1,1,0
68.4,1866,1,0.112597,0.112597,0.723606,0.684173,0.0394335,34.8944,34.7367,8,11,3,0.600389,0.475557,0.124832,0,0,0,0
68.4,1866,2,0.0881878,0.0881878,0.704725,0.672526,0.0321994,34.8189,34.6901,9,10,1,0.570176,0.515531,0.0546453,0,0,0,0
68.4,1866,3,0.0398985,0.0398985,0.673213,0.64244,0.0307735,34.6929,34.5698,13,9,-4,0.489747,0.638608,0.148861,0,0,0,0
68.5,1867,1,0.00239271,0.00239271,0.705604,0.723606,0.0180022,34.8224,34.8944,11,11,0,0.475557,0.281677,0.19388,0,1,1,0
68.5,1867,2,0.0310254,0.0310254,0.666853,0.704725,0.0378723,34.6674,34.8189,10,10,0,0.515531,0.425667,0.089864,0,0,0,0
68.5,1867,3,0.039088,0.039088,0.68288,0.673213,0.00966656,34.7315,34.6929,9,9,0,0.638608,0.7968,0.158192,0,0,1,0
68.6,1868,1,0.023328,0.023328,0.7091,0.705604,0.00349587,34.8364,34.8224,11,11,0,0.281677,0.373653,0.091976,0,0,1,0
68.6,1868,2,0.0197589,0.0197589,0.680784,0.666853,0.0139309,34.7231,34.6674,10,10,0,0.425667,0.498443,0.072776,0,1,1,0
68.6,1868,3,0.000472963,0.000472963,0.682157,0.68288,0.000723124,34.7286,34.7315,9,9,0,0.7968,0.791904,0.004896,0,1,1,1
68.7,1869,1,0.155209,0.155209,0.707386,0.7091,0.00171435,34.8295,34.8364,11,8,-3,0.373653,0.536149,0.162496,0,0,1,0
68.7,1869,2,0.0600367,0.0600367,0.683041,0.680784,0.00225651,34.7322,34.7231,10,9,-1,0.498443,0.479936,0.0185067,0,0,1,0
68.7,1869,3,0.00241408,0.00241408,0.648961,0.682157,0.0331953,34.5958,34.7286,9,13,4,0.791904,0.392731,0.399173,0,1,0,0
68.8,1870,1,0.020441,0.020441,0.686689,0.707386,0.0206962,34.7468,34.8295,8,8,0,0.536149,0.616757,0.080608,0,0,0,0
68.8,1870,2,0.0963572,0.0963572,0.671001,0.683041,0.01204,34.684,34.7322,9,9,0,0.479936,0.565616,0.08568,0,0,1,0
68.8,1870,3,0.00394332,0.00394332,0.635996,0.648961,0.0129654,34.544,34.5958,13,13,0,0.392731,0.472275,0.079544,0,1,1,0
68.9,1871,1,0.108872,0.108872,0.723827,0.686689,0.0371372,34.8953,34.7468,8,11,3,0.616757,0.476933,0.139824,0,0,0,0
68.9,1871,2,0.112524,0.112524,0.698338,0.671001,0.0273377,34.7934,34.684,9,10,1,0.565616,0.432067,0.133549,0,0,0,0
68.9,1871,3,0.0387787,0.0387787,0.673073,0.635996,0.0370772,34.6923,34.544,13,9,-4,0.472275,0.636928,0.164653,0,0,0,0
69,1872,1,0.0239161,0.0239161,0.711699,0.723827,0.0121281,34.8468,34.8953,11,11,0,0.476933,0.390309,0.086624,0,0,1,0
69,1872,2,0.0752715,0.0752715,0.68003,0.698338,0.0183085,34.7201,34.7934,10,10,0,0.432067,0.494059,0.061992,0,0,1,0
69,1872,3,0.0434953,0.0434953,0.679327,0.673073,0.00625342,34.7173,34.6923,9,9,0,0.636928,0.76992,0.132992,0,0,1,0
69.1,1873,1,0.146434,0.146434,0.718154,0.711699,0.00645524,34.8726,34.8468,11,8,-3,0.390309,0.494997,0.104688,0,0,1,0
69.1,1873,2,0.0536472,0.0536472,0.689252,0.68003,0.00922239,34.757,34.7201,10,9,-1,0.494059,0.534464,0.0404053,0,0,1,0
69.1,1873,3,0.0184422,0.0184422,0.707443,0.679327,0.028116,34.8298,34.7173,9,13,4,0.76992,0.634483,0.135437,0,1,0,0
69.2,1874,1,0.000998586,0.000998586,0.677567,0.718154,0.040587,34.7103,34.8726,8,8,0,0.494997,0.565653,0.070656,0,1,0,0
69.2,1874,2,0.0669985,0.0669985,0.653457,0.689252,0.035795,34.6138,34.757,9,9,0,0.534464,0.481808,0.052656,0,0,0,0
69.2,1874,3,0.0226604,0.0226604,0.657895,0.707443,0.0495473,34.6316,34.8298,13,13,0,0.634483,0.366667,0.267816,0,0,0,0
69.3,1875,1,0.013677,0.013677,0.68794,0.677567,0.0103731,34.7518,34.7103,8,8,0,0.565653,0.622789,0.057136,0,1,1,0
69.3,1875,2,0.0259774,0.0259774,0.669574,0.653457,0.0161165,34.6783,34.6138,9,9,0,0.481808,0.570176,0.088368,0,0,1,0
69.3,1875,3,0.000203073,0.000203073,0.636927,0.657895,0.0209684,34.5477,34.6316,13,13,0,0.366667,0.475435,0.108768,0,1,0,0
69.4,1876,1,0.117715,0.117715,0.706157,0.68794,0.0182172,34.8246,34.7518,8,11,3,0.622789,0.342789,0.28,0,0,1,0
69.4,1876,2,0.0996442,0.0996442,0.682874,0.669574,0.0133003,34.7315,34.6783,9,9,0,0.570176,0.48728,0.082896,0,0,1,0
69.4,1876,3,0.0296053,0.0296053,0.658011,0.636927,0.0210845,34.632,34.5477,13,10,-3,0.475435,0.605459,0.130024,0,0,0,0
69.5,1877,1,0.0131494,0.0131494,0.712711,0.706157,0.00655431,34.8508,34.8246,11,11,0,0.342789,0.394989,0.0522,0,1,1,0
69.5,1877,2,0.0707157,0.0707157,0.682108,0.682874,0.000766039,34.7284,34.7315,9,9,0,0.48728,0.595008,0.107728,0,0,1,0
69.5,1877,3,0.0478972,0.0478972,0.671164,0.658011,0.0131527,34.6847,34.632,10,10,0,0.605459,0.706795,0.101336,0,0,1,0
69.6,1878,1,0.134476,0.134476,0.724748,0.712711,0.0120369,34.899,34.8508,11,8,-3,0.394989,0.470021,0.075032,0,0,1,0
69.6,1878,2,0.0618295,0.0618295,0.695593,0.682108,0.013485,34.7824,34.7284,9,9,0,0.595008,0.562816,0.032192,0,0,1,0
69.6,1878,3,0.0104369,0.0104369,0.667748,0.671164,0.00341666,34.671,34.6847,10,13,3,0.706795,0.573763,0.133032,0,1,1,0
69.7,1879,1,0.00154319,0.00154319,0.685463,0.724748,0.0392855,34.7419,34.899,8,8,0,0.470021,0.609797,0.139776,0,1,0,0
69.7,1879,2,0.0652792,0.0652792,0.661202,0.695593,0.0343909,34.6448,34.7824,9,9,0,0.562816,0.4982,0.064616,0,0,0,0
69.7,1879,3,0.00495964,0.00495964,0.658578,0.667748,0.00917006,34.6343,34.671,13,13,0,0.573763,0.369931,0.203832,0,1,1,0
69.8,1880,1,0.001039,0.001039,0.686689,0.685463,0.00122666,34.7468,34.7419,8,8,0,0.609797,0.616757,0.00696,0,1,1,1
69.8,1880,2,0.00306407,0.00306407,0.676726,0.661202,0.0155236,34.7069,34.6448,9,9,0,0.4982,0.57568,0.07748,0,1,1,0
69.8,1880,3,0.00507614,0.00507614,0.640514,0.658578,0.0180638,34.5621,34.6343,13,13,0,0.369931,0.475451,0.10552,0,1,1,0
69.9,1881,1,0.105352,0.105352,0.710006,0.686689,0.0233166,34.84,34.7468,8,11,3,0.616757,0.311877,0.30488,0,0,0,0
69.9,1881,2,0.0651696,0.0651696,0.687849,0.676726,0.0111237,34.7514,34.7069,9,9,0,0.57568,0.529184,0.046496,0,0,1,0
69.9,1881,3,0.0118211,0.0118211,0.662154,0.640514,0.0216404,34.6486,34.5621,13,10,-3,0.475451,0.649707,0.174256,0,1,0,0
70,1882,1,0.0182684,0.0182684,0.707384,0.710006,0.00262195,34.8295,34.84,11,11,0,0.311877,0.394997,0.08312,0,1,1,0
70,1882,2,0.0667107,0.0667107,0.688511,0.687849,0.000661969,34.754,34.7514,9,9,0,0.529184,0.61748,0.088296,0,0,1,0
70,1882,3,0.0364775,0.0364775,0.67418,0.662154,0.0120258,34.6967,34.6486,10,10,0,0.649707,0.706795,0.057088,0,0,1,0
70.1,1883,1,0.131727,0.131727,0.721756,0.707384,0.0143717,34.887,34.8295,11,8,-3,0.394997,0.487477,0.09248,0,0,1,0
70.1,1883,2,0.0662594,0.0662594,0.685167,0.688511,0.003344,34.7407,34.754,9,9,0,0.61748,0.515152,0.102328,0,0,1,0
70.1,1883,3,0.0184515,0.0184515,0.643074,0.67418,0.0311064,34.5723,34.6967,10,13,3,0.706795,0.465435,0.24136,0,1,0,0
70.2,1884,1,0.00306344,0.00306344,0.679467,0.721756,0.0422885,34.7179,34.887,8,8,0,0.487477,0.616757,0.12928,0,1,0,0
70.2,1884,2,0.0645639,0.0645639,0.682842,0.685167,0.00232488,34.7314,34.7407,9,9,0,0.515152,0.597368,0.082216,0,0,1,0
70.2,1884,3,0.00153407,0.00153407,0.643344,0.643074,0.000270307,34.5734,34.5723,13,13,0,0.465435,0.470011,0.004576,0,1,1,1
70.3,1885,1,0.106318,0.106318,0.729431,0.679467,0.0499639,34.9177,34.7179,8,11,3,0.616757,0.519973,0.096784,0,0,0,0
70.3,1885,2,0.0551801,0.0551801,0.699254,0.682842,0.0164117,34.797,34.7314,9,9,0,0.597368,0.615288,0.01792,0,0,1,0
70.3,1885,3,0.0367336,0.0367336,0.658275,0.643344,0.0149313,34.6331,34.5734,13,10,-3,0.470011,0.570667,0.100656,0,0,1,0
70.4,1886,1,0.00528842,0.00528842,0.69892,0.729431,0.0305117,34.7957,34.9177,11,11,0,0.519973,0.294133,0.22584,0,1,0,0
70.4,1886,2,0.0595386,0.0595386,0.669227,0.699254,0.0300269,34.6769,34.797,9,9,0,0.615288,0.545136,0.070152,0,0,0,0
70.4,1886,3,0.0599092,0.0599092,0.672594,0.658275,0.0143186,34.6904,34.6331,10,10,0,0.570667,0.698299,0.127632,0,0,1,0
70.5,1887,1,0.0170618,0.0170618,0.707379,0.69892,0.00845915,34.8295,34.7957,11,11,0,0.294133,0.394973,0.10084,0,1,1,0
70.5,1887,2,0.00224608,0.00224608,0.695719,0.669227,0.0264914,34.7829,34.6769,9,9,0,0.545136,0.644856,0.09972,0,1,0,0
70.5,1887,3,0.0158029,0.0158029,0.676185,0.672594,0.00359118,34.7047,34.6904,10,10,0,0.698299,0.731835,0.033536,0,1,1,0
70.6,1888,1,0.13776,0.13776,0.716616,0.707379,0.00923705,34.8665,34.8295,11,8,-3,0.394973,0.504837,0.109864,0,0,1,0
70.6,1888,2,0.071637,0.071637,0.687758,0.695719,0.00796062,34.751,34.7829,9,9,0,0.644856,0.52884,0.116016,0,0,1,0
70.6,1888,3,0.0014064,0.0014064,0.67152,0.676185,0.00466532,34.6861,34.7047,10,13,3,0.731835,0.567755,0.16408,0,1,1,0
70.7,1889,1,0.00909215,0.00909215,0.679467,0.716616,0.0371484,34.7179,34.8665,8,8,0,0.504837,0.616757,0.11192,0,1,0,0
70.7,1889,2,0.0666305,0.0666305,0.688072,0.687758,0.000314176,34.7523,34.751,9,9,0,0.52884,0.615336,0.086496,0,0,1,0
70.7,1889,3,0.0114429,0.0114429,0.645378,0.67152,0.0261419,34.5815,34.6861,13,13,0,0.567755,0.504011,0.063744,0,1,0,0
70.8,1890,1,0.0863566,0.0863566,0.701683,0.679467,0.0222158,34.8067,34.7179,8,11,3,0.616757,0.497957,0.1188,0,0,0,0
70.8,1890,2,0.0593286,0.0593286,0.698876,0.688072,0.0108036,34.7955,34.7523,9,9,0,0.615336,0.599928,0.015408,0,0,1,0
70.8,1890,3,0.0330026,0.0330026,0.654981,0.645378,0.00960362,34.6199,34.5815,13,10,-3,0.504011,0.581123,0.077112,0,0,1,0
70.9,1891,1,0.00169834,0.00169834,0.685338,0.701683,0.0163447,34.7414,34.8067,11,11,0,0.497957,0.394549,0.103408,0,1,1,0
70.9,1891,2,0.0607201,0.0607201,0.671827,0.698876,0.0270489,34.6873,34.7955,9,9,0,0.599928,0.555368,0.04456,0,0,0,0
70.9,1891,3,0.0471739,0.0471739,0.67317,0.654981,0.0181882,34.6927,34.6199,10,10,0,0.581123,0.719211,0.138088,0,0,1,0
71,1892,1,0.000242084,0.000242084,0.684766,0.685338,0.000572622,34.7391,34.7414,11,11,0,0.394549,0.389365,0.005184,0,1,1,1
71,1892,2,0.0018025,0.0018025,0.693381,0.671827,0.0215545,34.7735,34.6873,9,9,0,0.555368,0.637096,0.081728,0,1,0,0
71,1892,3,0.000980258,0.000980258,0.673755,0.67317,0.000585496,34.695,34.6927,10,10,0,0.719211,0.724635,0.005424,0,1,1,1
71.1,1893,1,0.101143,0.101143,0.691182,0.684766,0.00641656,34.7647,34.7391,11,8,-3,0.389365,0.539909,0.150544,0,0,1,0
71.1,1893,2,0.0696173,0.0696173,0.68505,0.693381,0.00833094,34.7402,34.7735,9,9,0,0.637096,0.51368,0.123416,0,0,1,0
71.1,1893,3,0.00320014,0.00320014,0.653435,0.673755,0.0203201,34.6137,34.695,10,13,3,0.724635,0.397531,0.327104,0,1,0,0
71.2,1894,1,0.00489354,0.00489354,0.670865,0.691182,0.0203175,34.6835,34.7647,8,8,0,0.539909,0.616757,0.076848,0,1,0,0
71.2,1894,2,0.0658286,0.0658286,0.686011,0.68505,0.000960529,34.744,34.7402,9,9,0,0.51368,0.6076,0.09392,0,0,1,0
71.2,1894,3,0.0140033,0.0140033,0.639395,0.653435,0.0140405,34.5576,34.6137,13,13,0,0.397531,0.482475,0.084944,0,1,1,0
71.3,1895,1,0.0876534,0.0876534,0.68804,0.670865,0.017175,34.7522,34.6835,8,11,3,0.616757,0.416157,0.2006,0,0,1,0
71.3,1895,2,0.0658769,0.0658769,0.685029,0.686011,0.000982165,34.7401,34.744,9,9,0,0.6076,0.513408,0.094192,0,0,1,0
71.3,1895,3,0.0250304,0.0250304,0.654758,0.639395,0.0153633,34.619,34.5576,13,10,-3,0.482475,0.602811,0.120336,0,0,1,0
71.4,1896,1,0.0124928,0.0124928,0.68056,0.68804,0.00747979,34.7222,34.7522,11,11,0,0.416157,0.351141,0.065016,0,1,1,0
71.4,1896,2,0.0677297,0.0677297,0.69085,0.685029,0.00582105,34.7634,34.7401,9,9,0,0.513408,0.627712,0.114304,0,0,1,0
71.4,1896,3,0.0422469,0.0422469,0.673752,0.654758,0.0189944,34.695,34.619,10,10,0,0.602811,0.724587,0.121776,0,0,1,0
71.5,1897,1,0.0964663,0.0964663,0.708338,0.68056,0.0277777,34.8334,34.7222,11,8,-3,0.351141,0.487605,0.136464,0,0,0,0
71.5,1897,2,0.0575071,0.0575071,0.700324,0.69085,0.00947428,34.8013,34.7634,9,9,0,0.627712,0.6246,0.003112,0,0,1,0
71.5,1897,3,0.00728679,0.00728679,0.683642,0.673752,0.00988984,34.7346,34.695,10,13,3,0.724587,0.624627,0.09996,0,1,1,0
71.6,1898,1,0.0154099,0.0154099,0.656856,0.708338,0.0514819,34.6274,34.8334,8,8,0,0.487605,0.565125,0.07752,0,1,0,0
71.6,1898,2,0.0606841,0.0606841,0.662602,0.700324,0.0377225,34.6504,34.8013,9,9,0,0.6246,0.511672,0.112928,0,0,0,0
71.6,1898,3,0.0188012,0.0188012,0.659616,0.683642,0.0240259,34.6385,34.7346,13,13,0,0.624627,0.365211,0.259416,0,1,0,0
71.7,1899,1,0.0118728,0.0118728,0.671759,0.656856,0.0149031,34.687,34.6274,8,8,0,0.565125,0.619973,0.054848,0,1,1,0
71.7,1899,2,0.00525817,0.00525817,0.685292,0.662602,0.0226907,34.7412,34.6504,9,9,0,0.511672,0.605272,0.0936,0,1,0,0
71.7,1899,3,0.00439969,0.00439969,0.640121,0.659616,0.0194948,34.5605,34.6385,13,13,0,0.365211,0.477915,0.112704,0,1,1,0
71.8,1900,1,0.0894796,0.0894796,0.689698,0.671759,0.0179389,34.7588,34.687,8,11,3,0.619973,0.346565,0.273408,0,0,1,0
71.8,1900,2,0.0658409,0.0658409,0.686643,0.685292,0.00135064,34.7466,34.7412,9,9,0,0.605272,0.524072,0.0812,0,0,1,0
71.8,1900,3,0.0138325,0.0138325,0.659496,0.640121,0.0193749,34.638,34.5605,13,10,-3,0.477915,0.639691,0.161776,0,1,1,0
71.9,1901,1,0.0064885,0.0064885,0.685073,0.689698,0.00462484,34.7403,34.7588,11,11,0,0.346565,0.392165,0.0456,0,1,1,0
71.9,1901,2,0.0677746,0.0677746,0.690655,0.686643,0.00401253,34.7626,34.7466,9,9,0,0.524072,0.626944,0.102872,0,0,1,0
71.9,1901,3,0.027442,0.027442,0.670053,0.659496,0.0105569,34.6802,34.638,10,10,0,0.639691,0.724635,0.084944,0,0,1,0
72,1902,1,0.085772,0.085772,0.713857,0.685073,0.0287837,34.8554,34.7403,11,8,-3,0.392165,0.474309,0.082144,0,0,0,0
72,1902,2,0.0609759,0.0609759,0.698816,0.690655,0.00816053,34.7953,34.7626,9,9,0,0.626944,0.59648,0.030464,0,0,1,0
72,1902,3,0.00554389,0.00554389,0.668419,0.670053,0.00163394,34.6737,34.6802,10,13,3,0.724635,0.592907,0.131728,0,1,1,0
72.1,1903,1,0.011787,0.011787,0.667861,0.713857,0.0459952,34.6714,34.8554,8,8,0,0.474309,0.606037,0.131728,0,1,0,0
72.1,1903,2,0.0633883,0.0633883,0.665146,0.698816,0.0336697,34.6606,34.7953,9,9,0,0.59648,0.527576,0.068904,0,0,0,0
72.1,1903,3,0.00235879,0.00235879,0.659131,0.668419,0.00928855,34.6365,34.6737,13,13,0,0.592907,0.376955,0.215952,0,1,1,0
72.2,1904,1,0.00144807,0.00144807,0.670865,0.667861,0.00300348,34.6835,34.6714,8,8,0,0.606037,0.616757,0.01072,0,1,1,0
72.2,1904,2,0.004547,0.004547,0.684659,0.665146,0.0195127,34.7386,34.6606,9,9,0,0.527576,0.603224,0.075648,0,1,1,0
72.2,1904,3,0.00913423,0.00913423,0.637583,0.659131,0.021548,34.5503,34.6365,13,13,0,0.376955,0.473707,0.096752,0,1,0,0
72.3,1905,1,0.0865141,0.0865141,0.694983,0.670865,0.0241185,34.7799,34.6835,8,11,3,0.616757,0.319477,0.29728,0,0,0,0
72.3,1905,2,0.0656232,0.0656232,0.687669,0.684659,0.00300962,34.7507,34.7386,9,9,0,0.603224,0.528504,0.07472,0,0,1,0
72.3,1905,3,0.0037201,0.0037201,0.663039,0.637583,0.0254559,34.6522,34.5503,13,10,-3,0.473707,0.668843,0.195136,0,1,0,0
72.4,1906,1,0.00959682,0.00959682,0.685073,0.694983,0.00991052,34.7403,34.7799,11,11,0,0.319477,0.392165,0.072688,0,1,1,0
72.4,1906,2,0.0678469,0.0678469,0.690773,0.687669,0.00310427,34.7631,34.7507,9,9,0,0.528504,0.627408,0.098904,0,0,1,0
72.4,1906,3,0.020761,0.020761,0.670047,0.663039,0.00700802,34.6802,34.6522,10,10,0,0.668843,0.724587,0.055744,0,0,1,0
72.5,1907,1,0.100943,0.100943,0.700442,0.685073,0.0153691,34.8018,34.7403,11,8,-3,0.392165,0.494845,0.10268,0,0,1,0
72.5,1907,2,0.067802,0.067802,0.68497,0.690773,0.00580263,34.7399,34.7631,9,9,0,0.627408,0.512672,0.114736,0,0,1,0
72.5,1907,3,0.0177845,0.0177845,0.637101,0.670047,0.032946,34.5484,34.6802,10,13,3,0.724587,0.477027,0.24756,0,1,0,0
72.6,1908,1,0.00483137,0.00483137,0.670862,0.700442,0.0295798,34.6834,34.8018,8,8,0,0.494845,0.616749,0.121904,0,1,0,0
72.6,1908,2,0.0663615,0.0663615,0.687122,0.68497,0.00215191,34.7485,34.7399,9,9,0,0.512672,0.611208,0.098536,0,0,1,0
72.6,1908,3,0.00385749,0.00385749,0.639015,0.637101,0.00191402,34.5561,34.5484,13,13,0,0.477027,0.462203,0.014824,0,1,1,0
72.7,1909,1,0.0939888,0.0939888,0.70632,0.670862,0.0354573,34.8253,34.6834,8,11,3,0.616749,0.516741,0.100008,0,0,0,0
72.7,1909,2,0.0558833,0.0558833,0.701669,0.687122,0.014547,34.8067,34.7485,9,9,0,0.611208,0.634336,0.023128,0,0,1,0
72.7,1909,3,0.0302245,0.0302245,0.655599,0.639015,0.0165843,34.6224,34.5561,13,10,-3,0.462203,0.573315,0.111112,0,0,1,0
72.8,1910,1,0.0040628,0.0040628,0.683125,0.70632,0.0231948,34.7325,34.8253,11,11,0,0.516741,0.297349,0.219392,0,1,0,0
72.8,1910,2,0.0600697,0.0600697,0.664084,0.701669,0.0375847,34.6563,34.8067,9,9,0,0.634336,0.520936,0.1134,0,0,0,0
72.8,1910,3,0.0475015,0.0475015,0.664431,0.655599,0.0088315,34.6577,34.6224,10,10,0,0.573315,0.698323,0.125008,0,0,1,0
72.9,1911,1,0.00247112,0.00247112,0.681036,0.683125,0.00208914,34.7241,34.7325,11,11,0,0.297349,0.394965,0.097616,0,1,1,0
72.9,1911,2,0.00240925,0.00240925,0.690564,0.664084,0.0264791,34.7623,34.6563,9,9,0,0.520936,0.62976,0.108824,0,1,0,0
72.9,1911,3,0.00820422,0.00820422,0.667495,0.664431,0.00306487,34.67,34.6577,10,10,0,0.698323,0.729147,0.030824,0,1,1,0
73,1912,1,0.0859582,0.0859582,0.704278,0.681036,0.0232422,34.8171,34.7241,11,8,-3,0.394965,0.509981,0.115016,0,0,0,0
73,1912,2,0.0683828,0.0683828,0.688242,0.690564,0.00232196,34.753,34.7623,9,9,0,0.62976,0.528328,0.101432,0,0,1,0
73,1912,3,0.00205806,0.00205806,0.6464,0.667495,0.0210953,34.5856,34.67,10,13,3,0.729147,0.423867,0.30528,0,1,0,0
73.1,1913,1,0.00296152,0.00296152,0.666738,0.704278,0.03754,34.667,34.8171,8,8,0,0.509981,0.622773,0.112792,0,1,0,0
73.1,1913,2,0.0669712,0.0669712,0.687985,0.688242,0.00025636,34.7519,34.753,9,9,0,0.528328,0.618008,0.08968,0,0,1,0
73.1,1913,3,0.0147098,0.0147098,0.635724,0.6464,0.010676,34.5429,34.5856,13,13,0,0.423867,0.471963,0.048096,0,1,1,0
73.2,1914,1,0.0346234,0.0346234,0.691728,0.666738,0.0249906,34.7669,34.667,8,10,2,0.622773,0.529547,0.0932267,0,0,0,0
73.2,1914,2,0.0566076,0.0566076,0.69869,0.687985,0.0107043,34.7948,34.7519,9,9,0,0.618008,0.609608,0.0084,0,0,1,0
73.2,1914,3,0.0115945,0.0115945,0.651894,0.635724,0.0161695,34.6076,34.5429,13,11,-2,0.471963,0.549141,0.0771787,0,1,1,0
73.3,1915,1,0.0169999,0.0169999,0.665844,0.691728,0.0258841,34.6634,34.7669,10,10,0,0.529547,0.378579,0.150968,0,1,0,0
73.3,1915,2,0.0579488,0.0579488,0.670756,0.69869,0.0279333,34.683,34.7948,9,9,0,0.609608,0.556248,0.05336,0,0,0,0
73.3,1915,3,0.024647,0.024647,0.635838,0.651894,0.0160559,34.5434,34.6076,11,11,0,0.549141,0.640693,0.091552,0,0,1,0
73.4,1916,1,0.013612,0.013612,0.666609,0.665844,0.000764608,34.6664,34.6634,10,10,0,0.378579,0.466811,0.088232,0,1,1,0
73.4,1916,2,0.000752658,0.000752658,0.689508,0.670756,0.0187518,34.758,34.683,9,9,0,0.556248,0.625192,0.068944,0,1,1,0
73.4,1916,3,0.00693879,0.00693879,0.638179,0.635838,0.00234109,34.5527,34.5434,11,11,0,0.640693,0.664069,0.023376,0,1,1,0
73.5,1917,1,0.0191866,0.0191866,0.705105,0.666609,0.0384962,34.8204,34.6664,10,9,-1,0.466811,0.45772,0.00909067,0,1,0,0
73.5,1917,2,0.0509762,0.0509762,0.708786,0.689508,0.0192778,34.8351,34.758,9,9,0,0.625192,0.680632,0.05544,0,0,1,0
73.5,1917,3,0.0201659,0.0201659,0.656095,0.638179,0.0179161,34.6244,34.5527,11,12,1,0.664069,0.47448,0.189589,0,0,1,0
73.6,1918,1,0.0168093,0.0168093,0.640072,0.705105,0.0650333,34.5603,34.8204,9,9,0,0.45772,0.53016,0.07244,0,1,0,0
73.6,1918,2,0.0504807,0.0504807,0.688405,0.708786,0.020381,34.7536,34.8351,9,9,0,0.680632,0.620056,0.060576,0,0,0,0
73.6,1918,3,0.0411333,0.0411333,0.636809,0.656095,0.0192859,34.5472,34.6244,12,12,0,0.47448,0.545568,0.071088,0,0,1,0
73.7,1919,1,0.0567981,0.0567981,0.696227,0.640072,0.0561547,34.7849,34.5603,9,10,1,0.53016,0.415955,0.114205,0,0,0,0
73.7,1919,2,0.0652761,0.0652761,0.692255,0.688405,0.0038504,34.769,34.7536,9,9,0,0.620056,0.549408,0.070648,0,0,1,0
73.7,1919,3,0.0569935,0.0569935,0.644088,0.636809,0.00727862,34.5764,34.5472,12,11,-1,0.545568,0.565669,0.0201013,0,0,1,0
73.8,1920,1,0.0144166,0.0144166,0.656218,0.696227,0.0400089,34.6249,34.7849,10,10,0,0.415955,0.454731,0.038776,0,1,0,0
73.8,1920,2,0.0681002,0.0681002,0.692817,0.692255,0.000561476,34.7713,34.769,9,9,0,0.549408,0.640088,0.09068,0,0,1,0
73.8,1920,3,0.0292114,0.0292114,0.638406,0.644088,0.00568169,34.5536,34.5764,11,11,0,0.565669,0.658533,0.092864,0,0,1,0
73.9,1921,1,0.0466976,0.0466976,0.696818,0.656218,0.0406008,34.7873,34.6249,10,8,-2,0.454731,0.530661,0.0759307,0,0,0,0
73.9,1921,2,0.0595763,0.0595763,0.703545,0.692817,0.0107287,34.8142,34.7713,9,9,0,0.640088,0.643584,0.003496,0,0,1,0
73.9,1921,3,0.0239561,0.0239561,0.675961,0.638406,0.0375553,34.7038,34.5536,11,13,2,0.658533,0.594699,0.0638347,0,0,0,0
74,1922,1,0.00249496,0.00249496,0.649283,0.696818,0.0475351,34.5971,34.7873,8,8,0,0.530661,0.601405,0.070744,0,1,0,0
74,1922,2,0.0586243,0.0586243,0.666585,0.703545,0.0369607,34.6663,34.8142,9,9,0,0.643584,0.539704,0.10388,0,0,0,0
74,1922,3,0.000890076,0.000890076,0.649595,0.675961,0.0263656,34.5984,34.7038,13,13,0,0.594699,0.413155,0.181544,0,1,0,0
74.1,1923,1,0.00467542,0.00467542,0.658036,0.649283,0.00875276,34.6321,34.5971,8,8,0,0.601405,0.637621,0.036216,0,1,1,0
74.1,1923,2,0.000395358,0.000395358,0.691811,0.666585,0.0252264,34.7672,34.6663,9,9,0,0.539704,0.63524,0.095536,0,1,0,0
74.1,1923,3,0.0187533,0.0187533,0.637095,0.649595,0.0125006,34.5484,34.5984,13,13,0,0.413155,0.484059,0.070904,0,1,1,0
74.2,1924,1,0.055213,0.055213,0.672014,0.658036,0.0139782,34.6881,34.6321,8,11,3,0.637621,0.389317,0.248304,0,0,1,0
74.2,1924,2,0.0633996,0.0633996,0.697826,0.691811,0.00601494,34.7913,34.7672,9,8,-1,0.63524,0.657245,0.0220053,0,0,1,0
74.2,1924,3,0.0341097,0.0341097,0.645958,0.637095,0.00886339,34.5838,34.5484,13,11,-2,0.484059,0.626773,0.142715,0,0,1,0
74.3,1925,1,0.0114104,0.0114104,0.671717,0.672014,0.000297725,34.6869,34.6881,11,11,0,0.389317,0.429445,0.040128,0,1,1,0
74.3,1925,2,0.0822278,0.0822278,0.689032,0.697826,0.00879371,34.7561,34.7913,8,8,0,0.657245,0.736277,0.079032,0,0,1,0
74.3,1925,3,0.0376889,0.0376889,0.641361,0.645958,0.00459719,34.5654,34.5838,11,11,0,0.626773,0.682757,0.055984,0,0,1,0
74.4,1926,1,0.0662444,0.0662444,0.681772,0.671717,0.0100554,34.7271,34.6869,11,8,-3,0.429445,0.529837,0.100392,0,0,1,0
74.4,1926,2,0.0250703,0.0250703,0.703321,0.689032,0.0142886,34.8133,34.7561,8,10,2,0.736277,0.656355,0.0799227,0,0,1,0
74.4,1926,3,0.0089511,0.0089511,0.663875,0.641361,0.0225144,34.6555,34.5654,11,12,1,0.682757,0.647952,0.0348053,0,1,0,0
74.5,1927,1,0.000971735,0.000971735,0.658225,0.681772,0.0235465,34.6329,34.7271,8,8,0,0.529837,0.637621,0.107784,0,1,0,0
74.5,1927,2,0.0404114,0.0404114,0.68975,0.703321,0.013571,34.759,34.8133,10,10,0,0.656355,0.489643,0.166712,0,0,1,0
74.5,1927,3,0.00125796,0.00125796,0.649885,0.663875,0.0139909,34.5995,34.6555,12,12,0,0.647952,0.588008,0.059944,0,1,1,0
74.6,1928,1,0.000281453,0.000281453,0.659197,0.658225,0.000971317,34.6368,34.6329,8,8,0,0.637621,0.640453,0.002832,0,1,1,1
74.6,1928,2,0.0161457,0.0161457,0.686296,0.68975,0.00345415,34.7452,34.759,10,10,0,0.489643,0.565787,0.076144,0,1,1,0
74.6,1928,3,0.000129759,0.000129759,0.657637,0.649885,0.0077523,34.6305,34.5995,12,12,0,0.588008,0.613768,0.02576,0,1,1,0
74.7,1929,1,0.0210582,0.0210582,0.663913,0.659197,0.00471669,34.6557,34.6368,8,11,3,0.640453,0.366661,0.273792,0,0,1,0
74.7,1929,2,0.0205263,0.0205263,0.688506,0.686296,0.00221044,34.754,34.7452,10,7,-3,0.565787,0.779795,0.214008,0,0,1,0
74.7,1929,3,0.00991252,0.00991252,0.641585,0.657637,0.016052,34.5663,34.6305,12,12,0,0.613768,0.564128,0.04964,0,1,1,0
74.8,1930,1,0.0155844,0.0155844,0.654239,0.663913,0.00967431,34.617,34.6557,11,11,0,0.366661,0.423413,0.056752,0,1,1,0
74.8,1930,2,0.149375,0.149375,0.64689,0.688506,0.0416166,34.5876,34.754,7,7,0,0.779795,0.845299,0.065504,0,0,0,0
74.8,1930,3,0.0179987,0.0179987,0.650574,0.641585,0.00898951,34.6023,34.5663,12,12,0,0.564128,0.616592,0.052464,0,1,1,0
74.9,1931,1,0.0307558,0.0307558,0.679785,0.654239,0.0255463,34.7191,34.617,11,8,-3,0.423413,0.553965,0.130552,0,0,0,0
74.9,1931,2,0.152281,0.152281,0.700945,0.64689,0.054056,34.8038,34.5876,7,10,3,0.845299,0.601115,0.244184,0,0,0,0
74.9,1931,3,0.0195277,0.0195277,0.639013,0.650574,0.0115615,34.5561,34.6023,12,12,0,0.616592,0.55688,0.059712,0,1,1,0
75,1932,1,0.00302178,0.00302178,0.655318,0.679785,0.0244671,34.6213,34.7191,8,8,0,0.553965,0.642181,0.088216,0,1,0,0
75,1932,2,0.0123879,0.0123879,0.700566,0.700945,0.000379086,34.8023,34.8038,10,10,0,0.601115,0.519403,0.081712,0,1,1,0
75,1932,3,0.0230747,0.0230747,0.653894,0.639013,0.0148816,34.6156,34.5561,12,12,0,0.55688,0.628528,0.071648,0,0,1,0
75.1,1933,1,0.0598031,0.0598031,0.67608,0.655318,0.020762,34.7043,34.6213,8,11,3,0.642181,0.539157,0.103024,0,0,0,0
75.1,1933,2,0.00200129,0.00200129,0.67736,0.700566,0.0232062,34.7094,34.8023,10,7,-3,0.519403,0.662955,0.143552,0,1,0,0
75.1,1933,3,0.0116203,0.0116203,0.679634,0.653894,0.0257394,34.7185,34.6156,12,12,0,0.628528,0.632304,0.003776,0,1,0,0
75.2,1934,1,0.0407001,0.0407001,0.661933,0.67608,0.0141478,34.6477,34.7043,11,11,0,0.539157,0.375581,0.163576,0,0,1,0
75.2,1934,2,0.167046,0.167046,0.639838,0.67736,0.0375223,34.5594,34.7094,7,7,0,0.662955,0.829243,0.166288,0,0,0,0
75.2,1934,3,0.031472,0.031472,0.658234,0.679634,0.0214003,34.6329,34.7185,12,12,0,0.632304,0.567312,0.064992,0,0,0,0
75.3,1935,1,0.026189,0.026189,0.655556,0.661933,0.00637621,34.6222,34.6477,11,11,0,0.375581,0.461757,0.086176,0,0,1,0
75.3,1935,2,0.0048693,0.0048693,0.642743,0.639838,0.00290501,34.571,34.5594,7,7,0,0.829243,0.849859,0.020616,0,1,1,0
75.3,1935,3,0.00602835,0.00602835,0.676391,0.658234,0.0181579,34.7056,34.6329,12,12,0,0.567312,0.629488,0.062176,0,1,1,0
75.4,1936,1,0.0502436,0.0502436,0.68022,0.655556,0.0246633,34.7209,34.6222,11,8,-3,0.461757,0.610093,0.148336,0,0,0,0
75.4,1936,2,0.168384,0.168384,0.701682,0.642743,0.0589391,34.8067,34.571,7,10,3,0.849859,0.507107,0.342752,0,0,0,0
75.4,1936,3,0.0268625,0.0268625,0.656663,0.676391,0.0197287,34.6267,34.7056,12,12,0,0.629488,0.57112,0.058368,0,0,1,0
75.5,1937,1,0.0168849,0.0168849,0.672749,0.68022,0.00747025,34.691,34.7209,8,8,0,0.610093,0.684309,0.074216,0,1,1,0
75.5,1937,2,0.0147253,0.0147253,0.698422,0.701682,0.00325966,34.7937,34.8067,10,10,0,0.507107,0.569267,0.06216,0,1,1,0
75.5,1937,3,0.0248412,0.0248412,0.675053,0.656663,0.0183903,34.7002,34.6267,12,12,0,0.57112,0.62504,0.05392,0,0,1,0
75.6,1938,1,0.0492209,0.0492209,0.683927,0.672749,0.0111776,34.7357,34.691,8,11,3,0.684309,0.562293,0.122016,0,0,1,0
75.6,1938,2,0.0076912,0.0076912,0.680202,0.698422,0.0182201,34.7208,34.7937,10,7,-3,0.569267,0.674315,0.105048,0,1,1,0
75.6,1938,3,0.0222322,0.0222322,0.670532,0.675053,0.00452131,34.6821,34.7002,12,12,0,0.62504,0.602096,0.022944,0,0,1,0
75.7,1939,1,0.0422303,0.0422303,0.665516,0.683927,0.0184106,34.6621,34.7357,11,11,0,0.562293,0.361261,0.201032,0,0,1,0
75.7,1939,2,0.162736,0.162736,0.642087,0.680202,0.0381154,34.5683,34.7208,7,7,0,0.674315,0.844531,0.170216,0,0,0,0
75.7,1939,3,0.017545,0.017545,0.667711,0.670532,0.00282067,34.6708,34.6821,12,12,0,0.602096,0.604784,0.002688,0,1,1,1
75.8,1940,1,0.026803,0.026803,0.655794,0.665516,0.00972253,34.6232,34.6621,11,11,0,0.361261,0.463237,0.101976,0,0,1,0
75.8,1940,2,0.136299,0.136299,0.685783,0.642087,0.0436965,34.7431,34.5683,7,7,0,0.844531,0.849859,0.005328,0,0,0,0
75.8,1940,3,0.00357422,0.00357422,0.674194,0.667711,0.0064829,34.6968,34.6708,12,12,0,0.604784,0.62224,0.017456,0,1,1,0
75.9,1941,1,0.0523602,0.0523602,0.682863,0.655794,0.0270694,34.7315,34.6232,11,8,-3,0.463237,0.638349,0.175112,0,0,0,0
75.9,1941,2,0.0420646,0.0420646,0.702448,0.685783,0.0166642,34.8098,34.7431,7,10,3,0.849859,0.481467,0.368392,0,0,1,0
75.9,1941,3,0.0271229,0.0271229,0.658052,0.674194,0.0161418,34.6322,34.6968,12,12,0,0.62224,0.579136,0.043104,0,0,1,0
76,1942,1,0.0187746,0.0187746,0.673161,0.682863,0.00970203,34.6926,34.7315,8,8,0,0.638349,0.685373,0.047024,0,1,1,0
76,1942,2,0.0229995,0.0229995,0.698109,0.702448,0.0043385,34.7924,34.8098,10,10,0,0.481467,0.563723,0.082256,0,0,1,0
76,1942,3,0.0224465,0.0224465,0.67048,0.658052,0.0124283,34.6819,34.6322,12,12,0,0.579136,0.62224,0.043104,0,0,1,0
76.1,1943,1,0.0363922,0.0363922,0.657317,0.673161,0.0158443,34.6293,34.6926,8,11,3,0.685373,0.472829,0.212544,0,0,1,0
76.1,1943,2,0.00534636,0.00534636,0.683927,0.698109,0.014182,34.7357,34.7924,10,7,-3,0.563723,0.712131,0.148408,0,1,1,0
76.1,1943,3,0.024738,0.024738,0.65465,0.67048,0.0158305,34.6186,34.6819,12,12,0,0.62224,0.569072,0.053168,0,0,1,0
76.2,1944,1,0.0148202,0.0148202,0.654283,0.657317,0.0030337,34.6171,34.6293,11,11,0,0.472829,0.423141,0.049688,0,1,1,0
76.2,1944,2,0.160058,0.160058,0.642396,0.683927,0.0415308,34.5696,34.7357,7,7,0,0.712131,0.847043,0.134912,0,0,0,0
76.2,1944,3,0.0264892,0.0264892,0.671978,0.65465,0.0173285,34.6879,34.6186,12,12,0,0.569072,0.63056,0.061488,0,0,1,0
76.3,1945,1,0.0321684,0.0321684,0.679398,0.654283,0.0251148,34.7176,34.6171,11,8,-3,0.423141,0.563237,0.140096,0,0,0,0
76.3,1945,2,0.117227,0.117227,0.719481,0.642396,0.077085,34.8779,34.5696,7,10,3,0.847043,0.744531,0.102512,0,0,0,0
76.3,1945,3,0.02194,0.02194,0.677765,0.671978,0.0057863,34.7111,34.6879,12,12,0,0.63056,0.6296,0.00096,0,0,1,0
76.4,1946,1,0.013161,0.013161,0.679476,0.679398,7.82013e-05,34.7179,34.7176,8,8,0,0.563237,0.702757,0.13952,0,1,1,0
76.4,1946,2,0.0698629,0.0698629,0.701434,0.719481,0.0180472,34.8057,34.8779,10,10,0,0.744531,0.456699,0.287832,0,0,1,0
76.4,1946,3,0.0248458,0.0248458,0.655276,0.677765,0.0224888,34.6211,34.7111,12,12,0,0.6296,0.571752,0.057848,0,0,0,0
76.5,1947,1,0.00180474,0.00180474,0.684433,0.679476,0.00495678,34.7377,34.7179,8,8,0,0.702757,0.717509,0.014752,0,1,1,0
76.5,1947,2,0.0359983,0.0359983,0.698983,0.701434,0.00245118,34.7959,34.8057,10,10,0,0.456699,0.590603,0.133904,0,0,1,0
76.5,1947,3,0.00465834,0.00465834,0.670475,0.655276,0.0151992,34.6819,34.6211,12,12,0,0.571752,0.622216,0.050464,0,1,1,0
76.6,1948,1,0.0223948,0.0223948,0.654303,0.684433,0.0301303,34.6172,34.7377,8,11,3,0.717509,0.441173,0.276336,0,0,0,0
76.6,1948,2,0.0052779,0.0052779,0.684813,0.698983,0.0141696,34.7393,34.7959,10,7,-3,0.590603,0.787811,0.197208,0,1,1,0
76.6,1948,3,0.0229653,0.0229653,0.657131,0.670475,0.0133444,34.6285,34.6819,12,12,0,0.622216,0.57672,0.045496,0,0,1,0
76.7,1949,1,0.0134238,0.0134238,0.659622,0.654303,0.00531882,34.6385,34.6172,11,11,0,0.441173,0.485381,0.044208,0,1,1,0
76.7,1949,2,0.13815,0.13815,0.646637,0.684813,0.0381767,34.5865,34.7393,7,7,0,0.787811,0.885619,0.097808,0,0,0,0
76.7,1949,3,0.0230812,0.0230812,0.670931,0.657131,0.0138006,34.6837,34.6285,12,12,0,0.57672,0.624288,0.047568,0,0,1,0
76.8,1950,1,0.0544302,0.0544302,0.678442,0.659622,0.0188207,34.7138,34.6385,11,8,-3,0.485381,0.586077,0.100696,0,0,1,0
76.8,1950,2,0.109411,0.109411,0.72022,0.646637,0.0735835,34.8809,34.5865,7,10,3,0.885619,0.751011,0.134608,0,0,0,0
76.8,1950,3,0.0216452,0.0216452,0.659918,0.670931,0.0110134,34.6397,34.6837,12,12,0,0.624288,0.584064,0.040224,0,0,1,0
76.9,1951,1,0.0197521,0.0197521,0.686626,0.678442,0.00818378,34.7465,34.7138,8,8,0,0.586077,0.724525,0.138448,0,1,1,0
76.9,1951,2,0.0687518,0.0687518,0.701391,0.72022,0.0188287,34.8056,34.8809,10,10,0,0.751011,0.460659,0.290352,0,0,1,0
76.9,1951,3,0.02013,0.02013,0.663928,0.659918,0.00401002,34.6557,34.6397,12,12,0,0.584064,0.603936,0.019872,0,0,1,0
77,1952,1,0.00255075,0.00255075,0.680709,0.686626,0.00591725,34.7228,34.7465,8,8,0,0.724525,0.706341,0.018184,0,1,1,0
77,1952,2,0.0352015,0.0352015,0.699208,0.701391,0.00218379,34.7968,34.8056,10,10,0,0.460659,0.594403,0.133744,0,0,1,0
77,1952,3,0.00595835,0.00595835,0.673774,0.663928,0.00984627,34.6951,34.6557,12,12,0,0.603936,0.637592,0.033656,0,1,1,0
77.1,1953,1,0.0140701,0.0140701,0.657071,0.680709,0.0236374,34.6283,34.7228,8,11,3,0.706341,0.404941,0.3014,0,1,0,0
77.1,1953,2,0.0123631,0.0123631,0.683435,0.699208,0.0157729,34.7337,34.7968,10,7,-3,0.594403,0.814739,0.220336,0,1,1,0
77.1,1953,3,0.0248361,0.0248361,0.6669,0.673774,0.00687468,34.6676,34.6951,12,12,0,0.637592,0.599168,0.038424,0,0,1,0
77.2,1954,1,0.0176228,0.0176228,0.656376,0.657071,0.00069499,34.6255,34.6283,11,11,0,0.404941,0.466869,0.061928,0,1,1,0
77.2,1954,2,0.130598,0.130598,0.646637,0.683435,0.0367981,34.5865,34.7337,7,7,0,0.814739,0.885619,0.07088,0,0,0,0
77.2,1954,3,0.030185,0.030185,0.676823,0.6669,0.00992364,34.7073,34.6676,12,12,0,0.599168,0.65296,0.053792,0,0,1,0
77.3,1955,1,0.0504162,0.0504162,0.679388,0.656376,0.0230114,34.7176,34.6255,11,8,-3,0.466869,0.602005,0.135136,0,0,0,0
77.3,1955,2,0.135588,0.135588,0.703131,0.646637,0.0564945,34.8125,34.5865,7,10,3,0.885619,0.630683,0.254936,0,0,0,0
77.3,1955,3,0.030701,0.030701,0.663767,0.676823,0.0130564,34.6551,34.7073,12,12,0,0.65296,0.59256,0.0604,0,0,1,0
77.4,1956,1,0.0183376,0.0183376,0.679504,0.679388,0.000115991,34.718,34.7176,8,8,0,0.602005,0.702837,0.100832,0,1,1,0
77.4,1956,2,0.0123152,0.0123152,0.696578,0.703131,0.00655329,34.7863,34.8125,10,10,0,0.630683,0.543595,0.087088,0,1,1,0
77.4,1956,3,0.0309954,0.0309954,0.676936,0.663767,0.0131692,34.7077,34.6551,12,12,0,0.59256,0.653728,0.061168,0,0,1,0
77.5,1957,1,0.0449133,0.0449133,0.69235,0.679504,0.0128458,34.7694,34.718,8,11,3,0.702837,0.590917,0.11192,0,0,1,0
77.5,1957,2,0.0278227,0.0278227,0.679986,0.696578,0.0165919,34.7199,34.7863,10,8,-2,0.543595,0.693445,0.149851,0,0,1,0
77.5,1957,3,0.0429367,0.0429367,0.675857,0.676936,0.00107849,34.7034,34.7077,12,11,-1,0.653728,0.688805,0.0350773,0,0,1,0
77.6,1958,1,0.0412883,0.0412883,0.664478,0.69235,0.0278714,34.6579,34.7694,11,11,0,0.590917,0.364221,0.226696,0,0,0,0
77.6,1958,2,0.106715,0.106715,0.652868,0.679986,0.0271183,34.6115,34.7199,8,8,0,0.693445,0.799693,0.106248,0,0,0,0
77.6,1958,3,0.0289927,0.0289927,0.66139,0.675857,0.014468,34.6456,34.7034,11,11,0,0.688805,0.728741,0.039936,0,0,1,0
77.7,1959,1,0.0223858,0.0223858,0.654538,0.664478,0.00994015,34.6182,34.6579,11,11,0,0.364221,0.447173,0.082952,0,0,1,0
77.7,1959,2,0.00347175,0.00347175,0.656768,0.652868,0.00390011,34.6271,34.6115,8,8,0,0.799693,0.815269,0.015576,0,1,1,0
77.7,1959,3,0.00183785,0.00183785,0.663335,0.66139,0.00194556,34.6533,34.6456,11,11,0,0.728741,0.763093,0.034352,0,1,1,0
77.8,1960,1,0.045217,0.045217,0.679932,0.654538,0.0253938,34.7197,34.6182,11,8,-3,0.447173,0.607293,0.16012,0,0,0,0
77.8,1960,2,0.100945,0.100945,0.683203,0.656768,0.0264354,34.7328,34.6271,8,10,2,0.815269,0.566499,0.248771,0,0,0,0
77.8,1960,3,0.0194549,0.0194549,0.678592,0.663335,0.0152574,34.7144,34.6533,11,12,1,0.763093,0.635888,0.127205,0,1,1,0
77.9,1961,1,0.0172237,0.0172237,0.67433,0.679932,0.0056023,34.6973,34.7197,8,8,0,0.607293,0.688397,0.081104,0,1,1,0
77.9,1961,2,0.0118648,0.0118648,0.691716,0.683203,0.00851279,34.7669,34.7328,10,10,0,0.566499,0.625435,0.058936,0,1,1,0
77.9,1961,3,0.000997871,0.000997871,0.682914,0.678592,0.00432169,34.7317,34.7144,12,12,0,0.635888,0.660432,0.024544,0,1,1,0
78,1962,1,0.0481161,0.0481161,0.68225,0.67433,0.00792086,34.729,34.6973,8,11,3,0.688397,0.559941,0.128456,0,0,1,0
78,1962,2,0.0147875,0.0147875,0.679878,0.691716,0.0118377,34.7195,34.7669,10,8,-2,0.625435,0.690629,0.0651947,0,1,1,0
78,1962,3,0.00796625,0.00796625,0.678778,0.682914,0.00413585,34.7151,34.7317,12,11,-1,0.660432,0.700997,0.0405653,0,1,1,0
78.1,1963,1,0.0484822,0.0484822,0.667444,0.68225,0.0148065,34.6698,34.729,11,11,0,0.559941,0.359149,0.200792,0,0,1,0
78.1,1963,2,0.100993,0.100993,0.660967,0.679878,0.0189114,34.6439,34.7195,8,8,0,0.690629,0.834429,0.1438,0,0,1,0
78.1,1963,3,0.0294791,0.0294791,0.663745,0.678778,0.0150329,34.655,34.7151,11,11,0,0.700997,0.758357,0.05736,0,0,1,0
78.2,1964,1,0.0267053,0.0267053,0.654125,0.667444,0.0133187,34.6165,34.6698,11,11,0,0.359149,0.449701,0.090552,0,0,1,0
78.2,1964,2,0.000261471,0.000261471,0.661347,0.660967,0.000380158,34.6454,34.6439,8,8,0,0.834429,0.836173,0.001744,0,1,1,1
78.2,1964,3,0.00106001,0.00106001,0.663335,0.663745,0.000410259,34.6533,34.655,11,11,0,0.758357,0.763093,0.004736,0,1,1,1
78.3,1965,1,0.0416237,0.0416237,0.687915,0.654125,0.0337898,34.7517,34.6165,11,8,-3,0.449701,0.636397,0.186696,0,0,0,0
78.3,1965,2,0.0975769,0.0975769,0.683435,0.661347,0.0220876,34.7337,34.6454,8,10,2,0.836173,0.570435,0.265739,0,0,0,0
78.3,1965,3,0.0178602,0.0178602,0.674238,0.663335,0.0109026,34.697,34.6533,11,12,1,0.763093,0.616704,0.146389,0,1,1,0
78.4,1966,1,0.0151292,0.0151292,0.673262,0.687915,0.0146533,34.693,34.7517,8,8,0,0.636397,0.688405,0.052008,0,1,1,0
78.4,1966,2,0.0168706,0.0168706,0.694631,0.683435,0.011196,34.7785,34.7337,10,10,0,0.570435,0.642323,0.071888,0,1,1,0
78.4,1966,3,0.00237605,0.00237605,0.684156,0.674238,0.00991839,34.7366,34.697,12,12,0,0.616704,0.666912,0.050208,0,1,1,0
78.5,1967,1,0.0368565,0.0368565,0.659214,0.673262,0.0140479,34.6369,34.693,8,11,3,0.688405,0.479397,0.209008,0,0,1,0
78.5,1967,2,0.00732243,0.00732243,0.682692,0.694631,0.0119386,34.7308,34.7785,10,8,-2,0.642323,0.737781,0.0954587,0,1,1,0
78.5,1967,3,0.00433901,0.00433901,0.681324,0.684156,0.00283211,34.7253,34.7366,12,11,-1,0.666912,0.710901,0.0439893,0,1,1,0
78.6,1968,1,0.00924543,0.00924543,0.65427,0.659214,0.00494415,34.6171,34.6369,11,11,0,0.479397,0.453381,0.026016,0,1,1,0
78.6,1968,2,0.0877673,0.0877673,0.661727,0.682692,0.0209652,34.6469,34.7308,8,8,0,0.737781,0.837917,0.100136,0,0,0,0
78.6,1968,3,0.0245753,0.0245753,0.663335,0.681324,0.0179889,34.6533,34.7253,11,11,0,0.710901,0.763093,0.052192,0,0,1,0
78.7,1969,1,0.0373153,0.0373153,0.687339,0.65427,0.0330691,34.7494,34.6171,11,8,-3,0.453381,0.580125,0.126744,0,0,0,0
78.7,1969,2,0.0639477,0.0639477,0.708474,0.661727,0.046747,34.8339,34.6469,8,10,2,0.837917,0.772019,0.0658987,0,0,0,0
78.7,1969,3,0.00379416,0.00379416,0.694048,0.663335,0.0307128,34.7762,34.6533,11,12,1,0.763093,0.725792,0.0373013,0,1,0,0
78.8,1970,1,0.00841856,0.00841856,0.67071,0.687339,0.0166285,34.6828,34.7494,8,8,0,0.580125,0.681829,0.101704,0,1,1,0
78.8,1970,2,0.0383242,0.0383242,0.683543,0.708474,0.0249311,34.7342,34.8339,10,10,0,0.772019,0.539483,0.232536,0,0,0,0
78.8,1970,3,0.010543,0.010543,0.672359,0.694048,0.0216886,34.6894,34.7762,12,12,0,0.725792,0.606048,0.119744,0,1,0,0
78.9,1971,1,0.00467935,0.00467935,0.678643,0.67071,0.00793231,34.7146,34.6828,8,8,0,0.681829,0.703829,0.022,0,1,1,0
78.9,1971,2,0.0206651,0.0206651,0.694015,0.683543,0.0104725,34.7761,34.7342,10,10,0,0.539483,0.638691,0.099208,0,0,1,0
78.9,1971,3,0.00141928,0.00141928,0.685748,0.672359,0.0133883,34.743,34.6894,12,12,0,0.606048,0.662936,0.056888,0,1,1,0
79,1972,1,0.0219588,0.0219588,0.653978,0.678643,0.0246649,34.6159,34.7146,8,11,3,0.703829,0.445941,0.257888,0,0,0,0
79,1972,2,0.00249797,0.00249797,0.678842,0.694015,0.0151731,34.7154,34.7761,10,8,-2,0.638691,0.761493,0.122803,0,1,1,0
79,1972,3,0.0018155,0.0018155,0.684837,0.685748,0.000910997,34.7393,34.743,12,11,-1,0.662936,0.723781,0.0608453,0,1,1,0
79.1,1973,1,0.0131013,0.0131013,0.660378,0.653978,0.00640041,34.6415,34.6159,11,11,0,0.445941,0.484869,0.038928,0,1,1,0
79.1,1973,2,0.0816159,0.0816159,0.659663,0.678842,0.0191791,34.6387,34.7154,8,8,0,0.761493,0.843421,0.081928,0,0,1,0
79.1,1973,3,0.0196064,0.0196064,0.666988,0.684837,0.017849,34.668,34.7393,11,11,0,0.723781,0.763093,0.039312,0,1,1,0
79.2,1974,1,0.0489558,0.0489558,0.687134,0.660378,0.0267557,34.7485,34.6415,11,8,-3,0.484869,0.584693,0.099824,0,0,0,0
79.2,1974,2,0.0675272,0.0675272,0.702639,0.659663,0.042976,34.8106,34.6387,8,10,2,0.843421,0.745779,0.0976427,0,0,0,0
79.2,1974,3,0.00935277,0.00935277,0.691391,0.666988,0.0244033,34.7656,34.668,11,12,1,0.763093,0.69136,0.0717333,0,1,0,0
79.3,1975,1,0.0138957,0.0138957,0.678643,0.687134,0.00849122,34.7146,34.7485,8,8,0,0.584693,0.703829,0.119136,0,1,1,0
79.3,1975,2,0.0358675,0.0358675,0.681913,0.702639,0.020726,34.7277,34.8106,10,10,0,0.745779,0.539139,0.20664,0,0,0,0
79.3,1975,3,0.0091438,0.0091438,0.681309,0.691391,0.0100823,34.7252,34.7656,12,12,0,0.69136,0.639712,0.051648,0,1,1,0
79.4,1976,1,0.0167601,0.0167601,0.696402,0.678643,0.017759,34.7856,34.7146,8,8,0,0.703829,0.699093,0.004736,0,1,1,1
79.4,1976,2,0.0187197,0.0187197,0.690651,0.681913,0.00873822,34.7626,34.7277,10,10,0,0.539139,0.635883,0.096744,0,1,1,0
79.4,1976,3,0.000414938,0.000414938,0.684525,0.681309,0.00321615,34.7381,34.7252,12,12,0,0.639712,0.656848,0.017136,0,1,1,0
79.5,1977,1,0.0548517,0.0548517,0.667721,0.696402,0.0286803,34.6709,34.7856,8,11,3,0.699093,0.427333,0.27176,0,0,0,0
79.5,1977,2,0.00984621,0.00984621,0.679426,0.690651,0.0112256,34.7177,34.7626,10,8,-2,0.635883,0.796373,0.160491,0,1,1,0
79.5,1977,3,0.00497431,0.00497431,0.685379,0.684525,0.000854552,34.7415,34.7381,12,11,-1,0.656848,0.738397,0.0815493,0,1,1,0
79.6,1978,1,0.0137488,0.0137488,0.67131,0.667721,0.00358832,34.6852,34.6709,11,11,0,0.427333,0.476149,0.048816,0,1,1,0
79.6,1978,2,0.0742636,0.0742636,0.660458,0.679426,0.0189674,34.6418,34.7177,8,8,0,0.796373,0.847045,0.050672,0,0,1,0
79.6,1978,3,0.0133424,0.0133424,0.666855,0.685379,0.0185248,34.6674,34.7415,11,11,0,0.738397,0.759125,0.020728,0,1,1,0
79.7,1979,1,0.0749975,0.0749975,0.690736,0.67131,0.0194268,34.7629,34.6852,11,8,-3,0.476149,0.612013,0.135864,0,0,1,0
79.7,1979,2,0.0922074,0.0922074,0.686015,0.660458,0.0255566,34.7441,34.6418,8,10,2,0.847045,0.608827,0.238219,0,0,0,0
79.7,1979,3,0.0181036,0.0181036,0.679877,0.666855,0.0130221,34.7195,34.6674,11,12,1,0.759125,0.633376,0.125749,0,1,1,0
79.8,1980,1,0.0145199,0.0145199,0.677496,0.690736,0.0132403,34.71,34.7629,8,8,0,0.612013,0.703821,0.091808,0,1,1,0
79.8,1980,2,0.0100619,0.0100619,0.691246,0.686015,0.00523072,34.765,34.7441,10,10,0,0.608827,0.642323,0.033496,0,1,1,0
79.8,1980,3,0.00524506,0.00524506,0.689381,0.679877,0.00950456,34.7575,34.7195,12,12,0,0.633376,0.682304,0.048928,0,1,1,0
79.9,1981,1,0.0707128,0.0707128,0.707677,0.677496,0.0301814,34.8307,34.71,8,11,3,0.703821,0.603821,0.1,0,0,0,0
79.9,1981,2,0.016065,0.016065,0.681118,0.691246,0.0101278,34.7245,34.765,10,8,-2,0.642323,0.707877,0.0655547,0,1,1,0
79.9,1981,3,0.0190223,0.0190223,0.678065,0.689381,0.0113163,34.7123,34.7575,12,11,-1,0.682304,0.693765,0.0114613,0,1,1,0
80,1982,1,0.0329179,0.0329179,0.670084,0.707677,0.037594,34.6803,34.8307,11,11,0,0.603821,0.400005,0.203816,0,0,0,0
80,1982,2,0.0990594,0.0990594,0.657657,0.681118,0.0234612,34.6306,34.7245,8,8,0,0.707877,0.819309,0.111432,0,0,0,0
80,1982,3,0.0328056,0.0328056,0.667081,0.678065,0.0109838,34.6683,34.7123,11,11,0,0.693765,0.750213,0.056448,0,0,1,0
80.1,1983,1,0.022747,0.022747,0.671683,0.670084,0.00159901,34.6867,34.6803,11,11,0,0.400005,0.478661,0.078656,0,0,1,0
80.1,1983,2,0.00290604,0.00290604,0.661894,0.657657,0.00423753,34.6476,34.6306,8,8,0,0.819309,0.838685,0.019376,0,1,1,0
80.1,1983,3,0.00122589,0.00122589,0.667014,0.667081,6.73532e-05,34.6681,34.6683,11,11,0,0.750213,0.763861,0.013648,0,1,1,0
80.2,1984,1,0.0741228,0.0741228,0.693652,0.671683,0.0219699,34.7746,34.6867,11,8,-3,0.478661,0.638581,0.15992,0,0,0,0
80.2,1984,2,0.0950752,0.0950752,0.684554,0.661894,0.0226604,34.7382,34.6476,8,10,2,0.838685,0.588747,0.249939,0,0,0,0
80.2,1984,3,0.0178024,0.0178024,0.679877,0.667014,0.0128629,34.7195,34.6681,11,12,1,0.763861,0.633376,0.130485,0,1,1,0
80.3,1985,1,0.0123119,0.0123119,0.675734,0.693652,0.0179186,34.7029,34.7746,8,8,0,0.638581,0.697349,0.058768,0,1,1,0
80.3,1985,2,0.0135862,0.0135862,0.694017,0.684554,0.0094623,34.7761,34.7382,10,10,0,0.588747,0.638699,0.049952,0,1,1,0
80.3,1985,3,4.19021e-05,4.19021e-05,0.685245,0.679877,0.00536847,34.741,34.7195,12,12,0,0.633376,0.660432,0.027056,0,1,1,0
80.4,1986,1,0.0712538,0.0712538,0.701716,0.675734,0.0259823,34.8069,34.7029,8,11,3,0.697349,0.581573,0.115776,0,0,0,0
80.4,1986,2,0.0133647,0.0133647,0.681572,0.694017,0.0124449,34.7263,34.7761,10,8,-2,0.638699,0.712965,0.0742667,0,1,1,0
80.4,1986,3,0.0118277,0.0118277,0.679737,0.685245,0.00550848,34.7189,34.741,12,11,-1,0.660432,0.700245,0.0398133,0,1,1,0
80.5,1987,1,0.0329328,0.0329328,0.670358,0.701716,0.0313585,34.6814,34.8069,11,11,0,0.581573,0.397613,0.18396,0,0,0,0
80.5,1987,2,0.0940887,0.0940887,0.662943,0.681572,0.0186285,34.6518,34.7263,8,8,0,0.712965,0.843421,0.130456,0,0,1,0
80.5,1987,3,0.0285919,0.0285919,0.663679,0.679737,0.0160578,34.6547,34.7189,11,11,0,0.700245,0.759125,0.05888,0,0,1,0
80.6,1988,1,0.0234149,0.0234149,0.674254,0.670358,0.00389594,34.697,34.6814,11,11,0,0.397613,0.491813,0.0942,0,0,1,0
80.6,1988,2,0.0645559,0.0645559,0.685772,0.662943,0.0228291,34.7431,34.6518,8,8,0,0.843421,0.836173,0.007248,0,0,0,0
80.6,1988,3,0.000888169,0.000888169,0.663335,0.663679,0.0003438,34.6533,34.6547,11,11,0,0.759125,0.763093,0.003968,0,1,1,1
80.7,1989,1,0.0729483,0.0729483,0.69695,0.674254,0.0226964,34.7878,34.697,11,8,-3,0.491813,0.669221,0.177408,0,0,0,0
80.7,1989,2,0.0323063,0.0323063,0.683008,0.685772,0.00276387,34.732,34.7431,8,10,2,0.836173,0.563187,0.272987,0,0,1,0
80.7,1989,3,0.00479981,0.00479981,0.694387,0.663335,0.0310516,34.7775,34.6533,11,12,1,0.763093,0.616704,0.146389,0,1,0,0
80.8,1990,1,0.0140619,0.0140619,0.680338,0.69695,0.0166123,34.7214,34.7878,8,8,0,0.669221,0.713813,0.044592,0,1,1,0
80.8,1990,2,0.0184274,0.0184274,0.695076,0.683008,0.0120678,34.7803,34.732,10,10,0,0.563187,0.645939,0.082752,0,1,1,0
80.8,1990,3,0.00167283,0.00167283,0.706523,0.694387,0.0121365,34.8261,34.7775,12,12,0,0.616704,0.666896,0.050192,0,1,1,0
80.9,1991,1,0.0588665,0.0588665,0.674831,0.680338,0.00550616,34.6993,34.7214,8,11,3,0.713813,0.494757,0.219056,0,0,1,0
80.9,1991,2,0.00844973,0.00844973,0.682692,0.695076,0.0123842,34.7308,34.7803,10,8,-2,0.645939,0.737789,0.0918507,0,1,1,0
80.9,1991,3,0.0150124,0.0150124,0.70189,0.706523,0.00463307,34.8076,34.8261,12,11,-1,0.666896,0.710901,0.0440053,0,1,1,0
81,1992,1,0.00564426,0.00564426,0.669206,0.674831,0.00562567,34.6768,34.6993,11,11,0,0.494757,0.466965,0.027792,0,1,1,0
81,1992,2,0.0862831,0.0862831,0.66375,0.682692,0.0189419,34.655,34.7308,8,8,0,0.737789,0.847045,0.109256,0,0,1,0
81,1992,3,0.0251355,0.0251355,0.688055,0.70189,0.0138348,34.7522,34.8076,11,11,0,0.710901,0.763093,0.052192,0,0,1,0
81.1,1993,1,0.061049,0.061049,0.673885,0.669206,0.0046795,34.6955,34.6768,11,9,-2,0.466965,0.558272,0.0913067,0,0,1,0
81.1,1993,2,0.0338272,0.0338272,0.685232,0.66375,0.0214818,34.7409,34.655,8,10,2,0.847045,0.769507,0.0775387,0,0,0,0
81.1,1993,3,0.0143932,0.0143932,0.708953,0.688055,0.0208979,34.8358,34.7522,11,11,0,0.763093,0.759109,0.003984,0,1,0,0
81.2,1994,1,0.00955909,0.00955909,0.64504,0.673885,0.0288454,34.5802,34.6955,9,9,0,0.558272,0.634704,0.076432,0,1,0,0
81.2,1994,2,0.0399942,0.0399942,0.668786,0.685232,0.0164459,34.6751,34.7409,10,10,0,0.769507,0.535491,0.234016,0,0,1,0
81.2,1994,3,0.00144878,0.00144878,0.70896,0.708953,6.49691e-06,34.8358,34.8358,11,11,0,0.759109,0.755029,0.00408,0,1,1,1
81.3,1995,1,0.00889948,0.00889948,0.652919,0.64504,0.0078786,34.6117,34.5802,9,9,0,0.634704,0.657472,0.022768,0,1,1,0
81.3,1995,2,0.0224704,0.0224704,0.673081,0.668786,0.00429499,34.6923,34.6751,10,10,0,0.535491,0.635883,0.100392,0,0,1,0
81.3,1995,3,0.00283951,0.00283951,0.708863,0.70896,9.62615e-05,34.8355,34.8358,11,11,0,0.755029,0.763093,0.008064,0,1,1,1
81.4,1996,1,0.0386904,0.0386904,0.654264,0.652919,0.0013454,34.6171,34.6117,9,11,2,0.657472,0.444533,0.212939,0,0,1,0
81.4,1996,2,0.0118927,0.0118927,0.649458,0.673081,0.0236229,34.5978,34.6923,10,8,-2,0.635883,0.771557,0.135675,0,1,0,0
81.4,1996,3,0.00679091,0.00679091,0.707968,0.708863,0.000895262,34.8319,34.8355,11,11,0,0.763093,0.742869,0.020224,0,1,1,0
81.5,1997,1,0.0157847,0.0157847,0.663287,0.654264,0.00902301,34.6531,34.6171,11,11,0,0.444533,0.498853,0.05432,0,1,1,0
81.5,1997,2,0.0548406,0.0548406,0.640709,0.649458,0.00874907,34.5628,34.5978,8,8,0,0.771557,0.837917,0.06636,0,0,1,0
81.5,1997,3,0.00131547,0.00131547,0.706922,0.707968,0.0010457,34.8277,34.8319,11,11,0,0.742869,0.736213,0.006656,0,1,1,1
81.6,1998,1,0.0551443,0.0551443,0.669932,0.663287,0.00664532,34.6797,34.6531,11,9,-2,0.498853,0.563776,0.0649227,0,0,1,0
81.6,1998,2,0.052914,0.052914,0.680453,0.640709,0.0397434,34.7218,34.5628,8,10,2,0.837917,0.734907,0.103011,0,0,0,0
81.6,1998,3,0.000528216,0.000528216,0.707343,0.706922,0.000420153,34.8294,34.8277,11,11,0,0.736213,0.738885,0.002672,0,1,1,1
81.7,1999,1,0.00455078,0.00455078,0.648485,0.669932,0.0214469,34.5939,34.6797,9,9,0,0.563776,0.644712,0.080936,0,1,0,0
81.7,1999,2,0.0300161,0.0300161,0.667324,0.680453,0.0131282,34.6693,34.7218,10,10,0,0.734907,0.554003,0.180904,0,0,1,0
81.7,1999,3,0.00093329,0.00093329,0.7066,0.707343,0.000742614,34.8264,34.8294,11,11,0,0.738885,0.734165,0.00472,0,1,1,1
81.8,2000,1,0.0020858,0.0020858,0.650435,0.648485,0.00194967,34.6017,34.5939,9,9,0,0.644712,0.650216,0.005504,0,1,1,1
81.8,2000,2,0.0158605,0.0158605,0.672789,0.667324,0.00546473,34.6912,34.6693,10,10,0,0.554003,0.633963,0.07996,0,1,1,0
81.8,2000,3,3.15905e-06,3.15905e-06,0.706598,0.7066,2.5034e-06,34.8264,34.8264,11,11,0,0.734165,0.734149,1.6e-05,0,1,1,1
81.9,2001,1,0.040116,0.040116,0.654043,0.650435,0.00360823,34.6162,34.6017,9,11,2,0.650216,0.438909,0.211307,0,0,1,0
81.9,2001,2,0.0186342,0.0186342,0.649783,0.672789,0.0230064,34.5991,34.6912,10,8,-2,0.633963,0.793557,0.159595,0,1,0,0
81.9,2001,3,0.00022158,0.00022158,0.706421,0.706598,0.00017643,34.8257,34.8264,11,11,0,0.734149,0.733029,0.00112,0,1,1,1
82,2002,1,0.0164195,0.0164195,0.661415,0.654043,0.00737178,34.6457,34.6162,11,11,0,0.438909,0.492373,0.053464,0,1,1,0
82,2002,2,0.0487271,0.0487271,0.640306,0.649783,0.00947678,34.5612,34.5991,8,8,0,0.793557,0.836173,0.042616,0,0,1,0
82,2002,3,0.00115803,0.00115803,0.707343,0.706421,0.000921547,34.8294,34.8257,11,11,0,0.733029,0.738885,0.005856,0,1,1,1
82.1,2003,1,0.0523309,0.0523309,0.670304,0.661415,0.00888884,34.6812,34.6457,11,9,-2,0.492373,0.584288,0.0919147,0,0,1,0
82.1,2003,2,0.0694779,0.0694779,0.670989,0.640306,0.0306829,34.684,34.5612,8,10,2,0.836173,0.621771,0.214403,0,0,0,0
82.1,2003,3,0.000938058,0.000938058,0.706596,0.707343,0.000746369,34.8264,34.8294,11,11,0,0.738885,0.734141,0.004744,0,1,1,1
82.2,2004,1,0.00318116,0.00318116,0.656413,0.670304,0.0138904,34.6257,34.6812,9,9,0,0.584288,0.669408,0.08512,0,1,1,0
82.2,2004,2,0.00245288,0.00245288,0.673081,0.670989,0.00209236,34.6923,34.684,10,10,0,0.621771,0.635883,0.014112,0,1,1,0
82.2,2004,3,0.000527054,0.000527054,0.706176,0.706596,0.000419855,34.8247,34.8264,11,11,0,0.734141,0.731477,0.002664,0,1,1,1
82.3,2005,1,0.0546974,0.0546974,0.694999,0.656413,0.0385857,34.78,34.6257,9,11,2,0.669408,0.601973,0.0674347,0,0,0,0
82.3,2005,2,0.00396924,0.00396924,0.653839,0.673081,0.019242,34.6154,34.6923,10,8,-2,0.635883,0.708981,0.0730987,0,1,1,0
82.3,2005,3,0.00146511,0.00146511,0.707343,0.706176,0.00116622,34.8294,34.8247,11,11,0,0.731477,0.738885,0.007408,0,1,1,1
82.4,2006,1,0.0313313,0.0313313,0.657458,0.694999,0.0375407,34.6298,34.78,11,11,0,0.601973,0.404069,0.197904,0,0,0,0
82.4,2006,2,0.0727619,0.0727619,0.638479,0.653839,0.0153604,34.5539,34.6154,8,8,0,0.708981,0.827325,0.118344,0,0,1,0
82.4,2006,3,0.000499636,0.000499636,0.70774,0.707343,0.000397027,34.831,34.8294,11,11,0,0.738885,0.741413,0.002528,0,1,1,1
82.5,2007,1,0.0238923,0.0238923,0.659889,0.657458,0.00243014,34.6396,34.6298,11,11,0,0.404069,0.485309,0.08124,0,0,1,0
82.5,2007,2,0.00176759,0.00176759,0.640306,0.638479,0.00182712,34.5612,34.5539,8,8,0,0.827325,0.836173,0.008848,0,1,1,1
82.5,2007,3,0.00196788,0.00196788,0.706174,0.70774,0.00156575,34.8247,34.831,11,11,0,0.741413,0.731461,0.009952,0,1,1,1
82.6,2008,1,0.0486281,0.0486281,0.671457,0.659889,0.011568,34.6858,34.6396,11,9,-2,0.485309,0.600928,0.115619,0,0,1,0
82.6,2008,2,0.0786217,0.0786217,0.666466,0.640306,0.0261601,34.6659,34.5612,8,10,2,0.836173,0.583267,0.252907,0,0,0,0
82.6,2008,3,0.00146824,0.00146824,0.707343,0.706174,0.00116873,34.8294,34.8247,11,11,0,0.731461,0.738885,0.007424,0,1,1,1
82.7,2009,1,0.00112742,0.00112742,0.656206,0.671457,0.0152502,34.6248,34.6858,9,9,0,0.600928,0.66864,0.067712,0,1,1,0
82.7,2009,2,0.013359,0.013359,0.674607,0.666466,0.0081414,34.6984,34.6659,10,10,0,0.583267,0.645939,0.062672,0,1,1,0
82.7,2009,3,0.00093329,0.00093329,0.7066,0.707343,0.000742614,34.8264,34.8294,11,11,0,0.738885,0.734165,0.00472,0,1,1,1
82.8,2010,1,0.0566661,0.0566661,0.68587,0.656206,0.0296637,34.7435,34.6248,9,11,2,0.66864,0.570821,0.0978187,0,0,0,0
82.8,2010,2,0.0045239,0.0045239,0.653177,0.674607,0.0214303,34.6127,34.6984,10,8,-2,0.645939,0.712973,0.0670347,0,1,0,0
82.8,2010,3,0.000553668,0.000553668,0.707041,0.7066,0.000440717,34.8282,34.8264,11,11,0,0.734165,0.736965,0.0028,0,1,1,1
82.9,2011,1,0.0313149,0.0313149,0.656655,0.68587,0.029215,34.6266,34.7435,11,11,0,0.570821,0.409629,0.161192,0,0,0,0
82.9,2011,2,0.0694949,0.0694949,0.640709,0.653177,0.012468,34.5628,34.6127,8,8,0,0.712973,0.837917,0.124944,0,0,1,0
82.9,2011,3,0.000379622,0.000379622,0.707343,0.707041,0.000301898,34.8294,34.8282,11,11,0,0.736965,0.738885,0.00192,0,1,1,1
83,2012,1,0.0220966,0.0220966,0.659858,0.656655,0.00320268,34.6394,34.6266,11,11,0,0.409629,0.485141,0.075512,0,0,1,0
83,2012,2,0.0793369,0.0793369,0.685772,0.640709,0.0450633,34.7431,34.5628,8,8,0,0.837917,0.836173,0.001744,0,0,0,0
83,2012,3,0.000936449,0.000936449,0.706598,0.707343,0.000745118,34.8264,34.8294,11,11,0,0.738885,0.734149,0.004736,0,1,1,1
83.1,2013,1,0.0456181,0.0456181,0.679855,0.659858,0.0199969,34.7194,34.6394,11,9,-2,0.485141,0.653776,0.168635,0,0,1,0
83.1,2013,2,0.00127548,0.00127548,0.667491,0.685772,0.0182812,34.67,34.7431,8,10,2,0.836173,0.567923,0.268251,0,1,1,0
83.1,2013,3,0.000408232,0.000408232,0.706922,0.706598,0.000324965,34.8277,34.8264,11,11,0,0.734149,0.736213,0.002064,0,1,1,1
83.2,2014,1,0.00606239,0.00606239,0.663834,0.679855,0.0160204,34.6553,34.7194,9,9,0,0.653776,0.693208,0.039432,0,1,1,0
83.2,2014,2,0.0148125,0.0148125,0.67389,0.667491,0.00639927,34.6956,34.67,10,10,0,0.567923,0.641211,0.073288,0,1,1,0
83.2,2014,3,0.000408232,0.000408232,0.706598,0.706922,0.000324965,34.8264,34.8277,11,11,0,0.736213,0.734149,0.002064,0,1,1,1
83.3,2015,1,0.0059683,0.0059683,0.669797,0.663834,0.00596315,34.6792,34.6553,9,10,1,0.693208,0.524139,0.169069,0,1,1,0
83.3,2015,2,0.0221513,0.0221513,0.667915,0.67389,0.00597566,34.6717,34.6956,10,9,-1,0.641211,0.613272,0.0279387,0,0,1,0
83.3,2015,3,0.000936449,0.000936449,0.707343,0.706598,0.000745118,34.8294,34.8264,11,11,0,0.734149,0.738885,0.004736,0,1,1,1
83.4,2016,1,0.00475249,0.00475249,0.666045,0.669797,0.00375217,34.6642,34.6792,10,10,0,0.524139,0.556635,0.032496,0,1,1,0
83.4,2016,2,0.0621029,0.0621029,0.652691,0.667915,0.0152233,34.6108,34.6717,9,9,0,0.613272,0.72144,0.108168,0,0,1,0
83.4,2016,3,0.000376403,0.000376403,0.707043,0.707343,0.000299335,34.8282,34.8294,11,11,0,0.738885,0.736981,0.001904,0,1,1,1
83.5,2017,1,0.0196372,0.0196372,0.671801,0.666045,0.0057559,34.6872,34.6642,10,9,-1,0.556635,0.580848,0.0242133,0,1,1,0
83.5,2017,2,0.0334112,0.0334112,0.676623,0.652691,0.0239316,34.7065,34.6108,9,10,1,0.72144,0.679155,0.0422853,0,0,0,0
83.5,2017,3,0.000560045,0.000560045,0.706598,0.707043,0.000445783,34.8264,34.8282,11,11,0,0.736981,0.734149,0.002832,0,1,1,1
83.6,2018,1,0.0113516,0.0113516,0.665656,0.671801,0.00614488,34.6626,34.6872,9,9,0,0.580848,0.651504,0.070656,0,1,1,0
83.6,2018,2,0.00267494,0.00267494,0.658526,0.676623,0.018097,34.6341,34.7065,10,10,0,0.679155,0.547267,0.131888,0,1,1,0
83.6,2018,3,0.00354052,0.00354052,0.702316,0.706598,0.00428134,34.8093,34.8264,11,11,0,0.734149,0.712533,0.021616,0,1,1,0
83.7,2019,1,0.00721568,0.00721568,0.67928,0.665656,0.0136241,34.7171,34.6626,9,9,0,0.651504,0.693976,0.042472,0,1,1,0
83.7,2019,2,0.0159109,0.0159109,0.665904,0.658526,0.00737756,34.6636,34.6341,10,10,0,0.547267,0.633435,0.086168,0,1,1,0
83.7,2019,3,3.13222e-05,3.13222e-05,0.702179,0.702316,0.000136673,34.8087,34.8093,11,11,0,0.712533,0.712005,0.000528,0,1,1,1
83.8,2020,1,0.000531703,0.000531703,0.667327,0.67928,0.0119534,34.6693,34.7171,9,10,1,0.693976,0.500299,0.193677,0,1,1,0
83.8,2020,2,0.0418779,0.0418779,0.668481,0.665904,0.00257736,34.6739,34.6636,10,9,-1,0.633435,0.616992,0.0164427,0,0,1,0
83.8,2020,3,0.000140846,0.000140846,0.701107,0.702179,0.00107229,34.8044,34.8087,11,11,0,0.712005,0.707941,0.004064,0,1,1,1
83.9,2021,1,0.00118041,0.00118041,0.664629,0.667327,0.00269824,34.6585,34.6693,10,10,0,0.500299,0.552075,0.051776,0,1,1,0
83.9,2021,2,0.0669907,0.0669907,0.65012,0.668481,0.0183611,34.6005,34.6739,9,9,0,0.616992,0.704176,0.087184,0,0,1,0
83.9,2021,3,0.00126028,0.00126028,0.704871,0.701107,0.00376385,34.8195,34.8044,11,11,0,0.707941,0.723157,0.015216,0,1,1,0
84,2022,1,0.0184347,0.0184347,0.670385,0.664629,0.0057565,34.6815,34.6585,10,9,-1,0.552075,0.575584,0.0235093,0,1,1,0
84,2022,2,0.0445204,0.0445204,0.67421,0.65012,0.0240898,34.6968,34.6005,9,10,1,0.704176,0.643315,0.0608613,0,0,0,0
84,2022,3,0.000808328,0.000808328,0.705381,0.704871,0.000510097,34.8215,34.8195,11,11,0,0.723157,0.725957,0.0028,0,1,1,1
84.1,2023,1,0.0172869,0.0172869,0.675923,0.670385,0.00553751,34.7037,34.6815,9,9,0,0.575584,0.683376,0.107792,0,1,1,0
84.1,2023,2,0.00486025,0.00486025,0.659089,0.67421,0.0151207,34.6364,34.6968,10,10,0,0.643315,0.554099,0.089216,0,1,1,0
84.1,2023,3,0.00154763,0.00154763,0.703837,0.705381,0.00154442,34.8153,34.8215,11,11,0,0.725957,0.718421,0.007536,0,1,1,1
84.2,2024,1,0.0008654,0.0008654,0.677543,0.675923,0.00162023,34.7102,34.7037,9,9,0,0.683376,0.68848,0.005104,0,1,1,1
84.2,2024,2,0.0134131,0.0134131,0.666354,0.659089,0.00726527,34.6654,34.6364,10,10,0,0.554099,0.613699,0.0596,0,1,1,0
84.2,2024,3,0.00154763,0.00154763,0.705381,0.703837,0.00154442,34.8215,34.8153,11,11,0,0.718421,0.725957,0.007536,0,1,1,1
84.3,2025,1,0.00559524,0.00559524,0.666352,0.677543,0.0111911,34.6654,34.7102,9,10,1,0.68848,0.482731,0.205749,0,1,1,0
84.3,2025,2,0.0406784,0.0406784,0.66922,0.666354,0.00286603,34.6769,34.6654,10,9,-1,0.613699,0.621856,0.00815733,0,0,1,0
84.3,2025,3,0.00154763,0.00154763,0.703837,0.705381,0.00154442,34.8153,34.8215,11,11,0,0.725957,0.718421,0.007536,0,1,1,1
84.4,2026,1,0.00531286,0.00531286,0.664629,0.666352,0.00172311,34.6585,34.6654,10,10,0,0.482731,0.552075,0.069344,0,1,1,0
84.4,2026,2,0.0652492,0.0652492,0.647547,0.66922,0.021673,34.5902,34.6769,9,9,0,0.621856,0.70588,0.084024,0,0,0,0
84.4,2026,3,0.00210249,0.00210249,0.70573,0.703837,0.00189292,34.8229,34.8153,11,11,0,0.718421,0.728645,0.010224,0,1,1,0
84.5,2027,1,0.0173957,0.0173957,0.67387,0.664629,0.00924081,34.6955,34.6585,10,9,-1,0.552075,0.588664,0.0365893,0,1,1,0
84.5,2027,2,0.0621164,0.0621164,0.6675,0.647547,0.0199531,34.67,34.5902,9,10,1,0.70588,0.552579,0.153301,0,0,1,0
84.5,2027,3,0.00190744,0.00190744,0.704516,0.70573,0.00121325,34.8181,34.8229,11,11,0,0.728645,0.721221,0.007424,0,1,1,1
84.6,2028,1,0.0171133,0.0171133,0.677543,0.67387,0.00367343,34.7102,34.6955,9,9,0,0.588664,0.68848,0.099816,0,1,1,0
84.6,2028,2,0.0418546,0.0418546,0.663353,0.6675,0.00414741,34.6534,34.67,10,10,0,0.552579,0.622835,0.070256,0,0,1,0
84.6,2028,3,0.00054425,0.00054425,0.704871,0.704516,0.000354648,34.8195,34.8181,11,11,0,0.721221,0.723157,0.001936,0,1,1,1
84.7,2029,1,0.012577,0.012577,0.703019,0.677543,0.0254757,34.8121,34.7102,9,10,1,0.68848,0.653403,0.0350773,0,1,0,0
84.7,2029,2,0.0351994,0.0351994,0.667584,0.663353,0.00423127,34.6703,34.6534,10,9,-1,0.622835,0.656328,0.0334933,0,0,1,0
84.7,2029,3,0.00198776,0.00198776,0.705761,0.704871,0.000889838,34.823,34.8195,11,11,0,0.723157,0.721221,0.001936,0,1,1,1
84.8,2030,1,0.0185272,0.0185272,0.64147,0.703019,0.0615491,34.5659,34.8121,10,10,0,0.653403,0.468955,0.184448,0,1,0,0
84.8,2030,2,0.0538691,0.0538691,0.642219,0.667584,0.025365,34.5689,34.6703,9,9,0,0.656328,0.632816,0.023512,0,0,0,0
84.8,2030,3,0.000115186,0.000115186,0.706036,0.705761,0.000274897,34.8241,34.823,11,11,0,0.721221,0.723157,0.001936,0,1,1,1
84.9,2031,1,0.0057562,0.0057562,0.664034,0.64147,0.0225642,34.6561,34.5659,10,10,0,0.468955,0.549259,0.080304,0,1,0,0
84.9,2031,2,0.000716373,0.000716373,0.646097,0.642219,0.00387812,34.5844,34.5689,9,9,0,0.632816,0.706688,0.073872,0,1,1,0
84.9,2031,3,0.000166565,0.000166565,0.706433,0.706036,0.000397146,34.8257,34.8241,11,11,0,0.723157,0.725957,0.0028,0,1,1,1
85,2032,1,0.0159677,0.0159677,0.677906,0.664034,0.0138717,34.7116,34.6561,10,9,-1,0.549259,0.608168,0.0589093,0,1,1,0
85,2032,2,0.0662422,0.0662422,0.669257,0.646097,0.0231597,34.677,34.5844,9,10,1,0.706688,0.542387,0.164301,0,0,0,0
85,2032,3,0.000335306,0.000335306,0.705357,0.706433,0.00107586,34.8214,34.8257,11,11,0,0.725957,0.718421,0.007536,0,1,1,1
85.1,2033,1,0.015866,0.015866,0.67699,0.677906,0.000915408,34.708,34.7116,9,9,0,0.608168,0.686736,0.078568,0,1,1,0
85.1,2033,2,0.0484652,0.0484652,0.66041,0.669257,0.00884682,34.6416,34.677,10,10,0,0.542387,0.628507,0.08612,0,0,1,0
85.1,2033,3,1.54972e-05,1.54972e-05,0.70567,0.705357,0.000312924,34.8227,34.8214,11,11,0,0.718421,0.720581,0.00216,0,1,1,1
85.2,2034,1,0.00591189,0.00591189,0.697129,0.67699,0.020139,34.7885,34.708,9,10,1,0.686736,0.631419,0.0553173,0,1,0,0
85.2,2034,2,0.0433518,0.0433518,0.668738,0.66041,0.00832838,34.675,34.6416,10,9,-1,0.628507,0.625184,0.00332267,0,0,1,0
85.2,2034,3,0.00236404,0.00236404,0.704609,0.70567,0.00106132,34.8184,34.8227,11,11,0,0.720581,0.721733,0.001152,0,1,1,1
85.3,2035,1,0.0115934,0.0115934,0.641619,0.697129,0.0555099,34.5665,34.7885,10,10,0,0.631419,0.469787,0.161632,0,1,0,0
85.3,2035,2,0.0637699,0.0637699,0.639868,0.668738,0.0288708,34.5595,34.675,9,9,0,0.625184,0.670232,0.045048,0,0,0,0
85.3,2035,3,0.000567645,0.000567645,0.70278,0.704609,0.00182909,34.8111,34.8184,11,11,0,0.721733,0.714325,0.007408,0,1,1,1
85.4,2036,1,0.00723064,0.00723064,0.665388,0.641619,0.0237683,34.6616,34.5665,10,10,0,0.469787,0.554587,0.0848,0,1,0,0
85.4,2036,2,0.00204429,0.00204429,0.645377,0.639868,0.00550956,34.5815,34.5595,9,9,0,0.670232,0.704176,0.033944,0,1,1,0
85.4,2036,3,0.000112832,0.000112832,0.703271,0.70278,0.000491798,34.8131,34.8111,11,11,0,0.714325,0.716229,0.001904,0,1,1,1
85.5,2037,1,0.0172221,0.0172221,0.682924,0.665388,0.0175368,34.7317,34.6616,10,9,-1,0.554587,0.624,0.0694133,0,1,1,0
85.5,2037,2,0.0708363,0.0708363,0.66963,0.645377,0.0242531,34.6785,34.5815,9,10,1,0.704176,0.531387,0.172789,0,0,0,0
85.5,2037,3,0.000167817,0.000167817,0.704002,0.703271,0.000730217,34.816,34.8131,11,11,0,0.716229,0.719061,0.002832,0,1,1,1
85.6,2038,1,0.0161991,0.0161991,0.677974,0.682924,0.00495064,34.7119,34.7317,9,9,0,0.624,0.68984,0.06584,0,1,1,0
85.6,2038,2,0.0529935,0.0529935,0.660485,0.66963,0.0091458,34.6419,34.6785,10,10,0,0.531387,0.632131,0.100744,0,0,1,0
85.6,2038,3,0.0025568,0.0025568,0.705461,0.704002,0.00145978,34.8218,34.816,11,11,0,0.719061,0.719045,1.6e-05,0,1,1,1
85.7,2039,1,0.0251734,0.0251734,0.688881,0.677974,0.0109071,34.7555,34.7119,9,10,1,0.68984,0.508379,0.181461,0,0,1,0
85.7,2039,2,0.0475141,0.0475141,0.664564,0.660485,0.00407934,34.6583,34.6419,10,9,-1,0.632131,0.591368,0.0407627,0,0,1,0
85.7,2039,3,0.00101656,0.00101656,0.7076,0.705461,0.00213879,34.8304,34.8218,11,11,0,0.719045,0.734109,0.015064,0,1,1,0
85.8,2040,1,0.0126712,0.0126712,0.681671,0.688881,0.00721025,34.7267,34.7555,10,10,0,0.508379,0.533939,0.02556,0,1,1,0
85.8,2040,2,0.0636236,0.0636236,0.647256,0.664564,0.0173081,34.589,34.6583,9,9,0,0.591368,0.71424,0.122872,0,0,1,0
85.8,2040,3,7.28071e-05,7.28071e-05,0.707542,0.7076,5.78165e-05,34.8302,34.8304,11,11,0,0.734109,0.733741,0.000368,0,1,1,1
85.9,2041,1,0.0323851,0.0323851,0.677034,0.681671,0.00463635,34.7081,34.7267,10,9,-1,0.533939,0.563088,0.0291493,0,0,1,0
85.9,2041,2,0.0378918,0.0378918,0.671034,0.647256,0.0237781,34.6841,34.589,9,10,1,0.71424,0.669731,0.0445093,0,0,0,0
85.9,2041,3,0.00184995,0.00184995,0.708743,0.707542,0.00120068,34.835,34.8302,11,11,0,0.733741,0.741293,0.007552,0,1,1,1
86,2042,1,0.0227746,0.0227746,0.660463,0.677034,0.0165708,34.6419,34.7081,9,9,0,0.563088,0.585872,0.022784,0,0,1,0
86,2042,2,0.00605831,0.00605831,0.654769,0.671034,0.016265,34.6191,34.6841,10,10,0,0.669731,0.527811,0.14192,0,1,1,0
86,2042,3,0.000876695,0.000876695,0.708306,0.708743,0.000437438,34.8332,34.835,11,11,0,0.741293,0.738493,0.0028,0,1,1,1
86.1,2043,1,0.00171158,0.00171158,0.681383,0.660463,0.0209191,34.7255,34.6419,9,9,0,0.585872,0.636992,0.05112,0,1,0,0
86.1,2043,2,0.0262035,0.0262035,0.660255,0.654769,0.00548595,34.641,34.6191,10,10,0,0.527811,0.620955,0.093144,0,0,1,0
86.1,2043,3,0.00182223,0.00182223,0.708996,0.708306,0.000690043,34.836,34.8332,11,11,0,0.738493,0.743765,0.005272,0,1,1,1
86.2,2044,1,0.0277662,0.0277662,0.686195,0.681383,0.004812,34.7448,34.7255,9,10,1,0.636992,0.473523,0.163469,0,0,1,0
86.2,2044,2,0.0439672,0.0439672,0.6681,0.660255,0.00784534,34.6724,34.641,10,9,-1,0.620955,0.61448,0.00647467,0,0,1,0
86.2,2044,3,0.00300503,0.00300503,0.707195,0.708996,0.0018003,34.8288,34.836,11,11,0,0.743765,0.731341,0.012424,0,1,1,0
86.3,2045,1,0.024568,0.024568,0.679746,0.686195,0.00644821,34.719,34.7448,10,10,0,0.473523,0.535259,0.061736,0,0,1,0
86.3,2045,2,0.0654361,0.0654361,0.642971,0.6681,0.0251296,34.5719,34.6724,9,9,0,0.61448,0.695808,0.081328,0,0,0,0
86.3,2045,3,0.00127506,0.00127506,0.707721,0.707195,0.000525475,34.8309,34.8288,11,11,0,0.731341,0.741293,0.009952,0,1,1,1
86.4,2046,1,0.0218545,0.0218545,0.684543,0.679746,0.00479662,34.7382,34.719,10,9,-1,0.535259,0.538256,0.00299733,0,0,1,0
86.4,2046,2,0.0464084,0.0464084,0.669352,0.642971,0.0263812,34.6774,34.5719,9,10,1,0.695808,0.648819,0.0469893,0,0,0,0
86.4,2046,3,0.000987053,0.000987053,0.706266,0.707721,0.00145471,34.8251,34.8309,11,11,0,0.741293,0.738461,0.002832,0,1,1,1
86.5,2047,1,0.0119868,0.0119868,0.669201,0.684543,0.015342,34.6768,34.7382,9,9,0,0.538256,0.617552,0.079296,0,1,1,0
86.5,2047,2,0.00496818,0.00496818,0.65096,0.669352,0.0183923,34.6038,34.6774,10,10,0,0.648819,0.544779,0.10404,0,1,1,0
86.5,2047,3,0.000422299,0.000422299,0.706603,0.706266,0.000336587,34.8264,34.8251,11,11,0,0.738461,0.740597,0.002136,0,1,1,1
86.6,2048,1,0.0131342,0.0131342,0.689019,0.669201,0.0198177,34.7561,34.6768,9,9,0,0.617552,0.645536,0.027984,0,1,1,0
86.6,2048,2,0.0208547,0.0208547,0.65827,0.65096,0.00731039,34.6331,34.6038,10,10,0,0.544779,0.623003,0.078224,0,0,1,0
86.6,2048,3,0.00041914,0.00041914,0.706269,0.706603,0.000334084,34.8251,34.8264,11,11,0,0.740597,0.738477,0.00212,0,1,1,1
86.7,2049,1,0.0486652,0.0486652,0.691529,0.689019,0.00251067,34.7661,34.7561,9,10,1,0.645536,0.447323,0.198213,0,0,1,0
86.7,2049,2,0.076551,0.076551,0.683336,0.65827,0.0250657,34.7333,34.6331,10,9,-1,0.623003,0.622624,0.000378666,0,0,0,0
86.7,2049,3,0.000531852,0.000531852,0.705859,0.706269,0.000409901,34.8234,34.8251,11,11,0,0.738477,0.735805,0.002672,0,1,1,1
86.8,2050,1,0.0280483,0.0280483,0.678764,0.691529,0.0127654,34.7151,34.7661,10,10,0,0.447323,0.535259,0.087936,0,0,1,0
86.8,2050,2,0.0719379,0.0719379,0.669209,0.683336,0.0141262,34.6768,34.7333,9,9,0,0.622624,0.709488,0.086864,0,0,1,0
86.8,2050,3,0.000683695,0.000683695,0.70639,0.705859,0.000531018,34.8256,34.8234,11,11,0,0.735805,0.739245,0.00344,0,1,1,1
86.9,2051,1,0.0196105,0.0196105,0.686475,0.678764,0.0077107,34.7459,34.7151,10,9,-1,0.535259,0.538944,0.00368533,0,1,1,1
86.9,2051,2,0.0635689,0.0635689,0.680858,0.669209,0.0116483,34.7234,34.6768,9,10,1,0.709488,0.553323,0.156165,0,0,1,0
86.9,2051,3,0.000115454,0.000115454,0.706482,0.70639,9.197e-05,34.8259,34.8256,11,11,0,0.739245,0.739829,0.000584,0,1,1,1
87,2052,1,0.00757658,0.00757658,0.673854,0.686475,0.0126204,34.6954,34.7459,9,9,0,0.538944,0.636992,0.098048,0,1,1,0
87,2052,2,0.0395245,0.0395245,0.68098,0.680858,0.000122488,34.7239,34.7234,10,10,0,0.553323,0.618443,0.06512,0,0,1,0
87,2052,3,0.000267297,0.000267297,0.706269,0.706482,0.000213087,34.8251,34.8259,11,11,0,0.739829,0.738477,0.001352,0,1,1,1
87.1,2053,1,0.00336006,0.00336006,0.700347,0.673854,0.0264931,34.8014,34.6954,9,10,1,0.636992,0.602131,0.0348613,0,1,0,0
87.1,2053,2,0.0391934,0.0391934,0.688395,0.68098,0.00741506,34.7536,34.7239,10,9,-1,0.618443,0.660728,0.0422853,0,0,1,0
87.1,2053,3,0.000379711,0.000379711,0.705966,0.706269,0.000302792,34.8239,34.8251,11,11,0,0.738477,0.736557,0.00192,0,1,1,1
87.2,2054,1,0.0209097,0.0209097,0.66105,0.700347,0.0392974,34.6442,34.8014,10,10,0,0.602131,0.450755,0.151376,0,0,0,0
87.2,2054,2,0.0516451,0.0516451,0.670767,0.688395,0.0176281,34.6831,34.7536,9,9,0,0.660728,0.66896,0.008232,0,0,1,0
87.2,2054,3,0.00195673,0.00195673,0.707461,0.705966,0.00149524,34.8298,34.8239,11,11,0,0.736557,0.746525,0.009968,0,1,1,1
87.3,2055,1,0.011795,0.011795,0.677089,0.66105,0.0160388,34.7084,34.6442,10,10,0,0.450755,0.530523,0.079768,0,1,1,0
87.3,2055,2,0.0174922,0.0174922,0.668804,0.670767,0.00196272,34.6752,34.6831,9,9,0,0.66896,0.723008,0.054048,0,1,1,0
87.3,2055,3,0.00604945,0.00604945,0.708283,0.707461,0.000822365,34.8331,34.8298,11,11,0,0.746525,0.766013,0.019488,0,1,1,0
87.4,2056,1,0.0223873,0.0223873,0.684451,0.677089,0.00736213,34.7378,34.7084,10,9,-1,0.530523,0.552272,0.0217493,0,0,1,0
87.4,2056,2,0.0679788,0.0679788,0.68234,0.668804,0.0135351,34.7294,34.6752,9,10,1,0.723008,0.570139,0.152869,0,0,1,0
87.4,2056,3,0.000901014,0.000901014,0.708391,0.708283,0.000107765,34.8336,34.8331,11,11,0,0.766013,0.763213,0.0028,0,1,1,1
87.5,2057,1,0.0100393,0.0100393,0.674318,0.684451,0.0101326,34.6973,34.7378,9,9,0,0.552272,0.638288,0.086016,0,1,1,0
87.5,2057,2,0.0457096,0.0457096,0.684937,0.68234,0.00259697,34.7397,34.7294,10,10,0,0.570139,0.659323,0.089184,0,0,1,0
87.5,2057,3,0.000553787,0.000553787,0.708457,0.708391,6.62804e-05,34.8338,34.8336,11,11,0,0.763213,0.761493,0.00172,0,1,1,1
87.6,2058,1,0.00618398,0.00618398,0.698125,0.674318,0.0238064,34.7925,34.6973,9,10,1,0.638288,0.576667,0.0616213,0,1,0,0
87.6,2058,2,0.0484429,0.0484429,0.68674,0.684937,0.00180376,34.747,34.7397,10,9,-1,0.659323,0.647432,0.0118907,0,0,1,0
87.6,2058,3,0.0011659,0.0011659,0.708395,0.708457,6.26445e-05,34.8336,34.8338,11,11,0,0.761493,0.758037,0.003456,0,1,1,1
87.7,2059,1,0.0137539,0.0137539,0.660843,0.698125,0.0372817,34.6434,34.7925,10,10,0,0.576667,0.463651,0.113016,0,1,0,0
87.7,2059,2,0.059926,0.059926,0.666947,0.68674,0.0197936,34.6678,34.747,9,9,0,0.647432,0.692584,0.045152,0,0,1,0
87.7,2059,3,0.00184327,0.00184327,0.708376,0.708395,1.84178e-05,34.8335,34.8336,11,11,0,0.758037,0.763597,0.00556,0,1,1,1
87.8,2060,1,0.00677687,0.00677687,0.674183,0.660843,0.0133398,34.6967,34.6434,10,10,0,0.463651,0.523147,0.059496,0,1,1,0
87.8,2060,2,0.0408926,0.0408926,0.702,0.666947,0.0350537,34.808,34.6678,9,9,0,0.692584,0.750552,0.057968,0,0,0,0
87.8,2060,3,0.000128746,0.000128746,0.708392,0.708376,1.5378e-05,34.8336,34.8335,11,11,0,0.763597,0.763197,0.0004,0,1,1,1
87.9,2061,1,0.0270371,0.0270371,0.680984,0.674183,0.00680131,34.7239,34.6967,10,9,-1,0.523147,0.570472,0.0473253,0,0,1,0
87.9,2061,2,0.0167258,0.0167258,0.682248,0.702,0.0197524,34.729,34.808,9,10,1,0.750552,0.566587,0.183965,0,1,1,0
87.9,2061,3,0.00188345,0.00188345,0.70836,0.708392,3.14713e-05,34.8334,34.8336,11,11,0,0.763197,0.757557,0.00564,0,1,1,1
88,2062,1,0.0140872,0.0140872,0.674993,0.680984,0.00599122,34.7,34.7239,9,9,0,0.570472,0.640208,0.069736,0,1,1,0
88,2062,2,0.0473887,0.0473887,0.6826,0.682248,0.000351846,34.7304,34.729,10,10,0,0.566587,0.674291,0.107704,0,0,1,0
88,2062,3,0.00016892,0.00016892,0.708395,0.70836,3.45111e-05,34.8336,34.8334,11,11,0,0.757557,0.758037,0.00048,0,1,1,1
88.1,2063,1,0.0308718,0.0308718,0.686932,0.674993,0.0119389,34.7477,34.7,9,10,1,0.640208,0.484187,0.156021,0,0,1,0
88.1,2063,2,0.0527369,0.0527369,0.685844,0.6826,0.00324452,34.7434,34.7304,10,9,-1,0.674291,0.637992,0.0362987,0,0,1,0
88.1,2063,3,0.00262582,0.00262582,0.708283,0.708395,0.000112057,34.8331,34.8336,11,11,0,0.758037,0.766029,0.007992,0,1,1,1
88.2,2064,1,0.0185012,0.0185012,0.676197,0.686932,0.0107345,34.7048,34.7477,10,10,0,0.484187,0.528011,0.043824,0,1,1,0
88.2,2064,2,0.0815199,0.0815199,0.667536,0.685844,0.018308,34.6701,34.7434,9,9,0,0.637992,0.745008,0.107016,0,0,1,0
88.2,2064,3,0.000664055,0.000664055,0.708362,0.708283,7.95126e-05,34.8334,34.8331,11,11,0,0.766029,0.763965,0.002064,0,1,1,1
88.3,2065,1,0.0244679,0.0244679,0.682785,0.676197,0.00658739,34.7311,34.7048,10,9,-1,0.528011,0.56104,0.0330293,0,0,1,0
88.3,2065,2,0.0470265,0.0470265,0.692803,0.667536,0.0252662,34.7712,34.6701,9,10,1,0.745008,0.719691,0.0253173,0,0,0,0
88.3,2065,3,0.00103804,0.00103804,0.708486,0.708362,0.000124097,34.8339,34.8334,11,11,0,0.763965,0.760741,0.003224,0,1,1,1
88.4,2066,1,0.0123652,0.0123652,0.655661,0.682785,0.0271233,34.6226,34.7311,9,9,0,0.56104,0.585104,0.024064,0,1,0,0
88.4,2066,2,0.00387013,0.00387013,0.667444,0.692803,0.025359,34.6698,34.7712,10,10,0,0.719691,0.556739,0.162952,0,1,0,0
88.4,2066,3,0.00177431,0.00177431,0.708221,0.708486,0.000265419,34.8329,34.8339,11,11,0,0.760741,0.755621,0.00512,0,1,1,1
88.5,2067,1,0.000605762,0.000605762,0.673854,0.655661,0.0181929,34.6954,34.6226,9,9,0,0.585104,0.636992,0.051888,0,1,1,0
88.5,2067,2,0.0237075,0.0237075,0.68376,0.667444,0.0163162,34.735,34.6698,10,10,0,0.556739,0.697859,0.14112,0,0,1,0
88.5,2067,3,0.00347129,0.00347129,0.708283,0.708221,6.24657e-05,34.8331,34.8329,11,11,0,0.755621,0.766013,0.010392,0,1,1,0
88.6,2068,1,0.0321437,0.0321437,0.687243,0.673854,0.0133884,34.749,34.6954,9,10,1,0.636992,0.481099,0.155893,0,0,1,0
88.6,2068,2,0.0409106,0.0409106,0.689376,0.68376,0.00561601,34.7575,34.735,10,9,-1,0.697859,0.68864,0.00921867,0,0,1,0
88.6,2068,3,0.00167897,0.00167897,0.708484,0.708283,0.000200868,34.8339,34.8331,11,11,0,0.766013,0.760797,0.005216,0,1,1,1
88.7,2069,1,0.0203157,0.0203157,0.683311,0.687243,0.0039314,34.7332,34.749,10,10,0,0.481099,0.552923,0.071824,0,0,1,0
88.7,2069,2,0.0693678,0.0693678,0.673591,0.689376,0.0157848,34.6944,34.7575,9,9,0,0.68864,0.785544,0.096904,0,0,1,0
88.7,2069,3,0.00101098,0.00101098,0.70787,0.708484,0.000614583,34.8315,34.8339,11,11,0,0.760797,0.761477,0.00068,0,1,1,1
88.8,2070,1,0.0240631,0.0240631,0.682355,0.683311,0.000956595,34.7294,34.7332,10,9,-1,0.552923,0.563296,0.0103733,0,0,1,0
88.8,2070,2,0.0491809,0.0491809,0.692641,0.673591,0.01905,34.7706,34.6944,9,10,1,0.785544,0.715139,0.0704053,0,0,1,0
88.8,2070,3,0.000219613,0.000219613,0.707825,0.70787,4.49419e-05,34.8313,34.8315,11,11,0,0.761477,0.760853,0.000624,0,1,1,1
88.9,2071,1,0.0125589,0.0125589,0.674948,0.682355,0.00740671,34.6998,34.7294,9,9,0,0.563296,0.64008,0.076784,0,1,1,0
88.9,2071,2,0.00285023,0.00285023,0.673976,0.692641,0.0186645,34.6959,34.7706,10,10,0,0.715139,0.593683,0.121456,0,1,1,0
88.9,2071,3,0.00341088,0.00341088,0.707756,0.707825,6.83069e-05,34.831,34.8313,11,11,0,0.760853,0.771173,0.01032,0,1,1,0
89,2072,1,0.00479746,0.00479746,0.694591,0.674948,0.0196434,34.7784,34.6998,9,9,0,0.64008,0.665552,0.025472,0,1,1,0
89,2072,2,0.0180007,0.0180007,0.683852,0.673976,0.00987566,34.7354,34.6959,10,10,0,0.593683,0.699739,0.106056,0,1,1,0
89,2072,3,0.00350103,0.00350103,0.707806,0.707756,4.98891e-05,34.8312,34.831,11,11,0,0.771173,0.760597,0.010576,0,1,1,0
89.1,2073,1,0.0399065,0.0399065,0.689664,0.694591,0.00492775,34.7587,34.7784,9,10,1,0.665552,0.466515,0.199037,0,0,1,0
89.1,2073,2,0.0425959,0.0425959,0.689502,0.683852,0.00565034,34.758,34.7354,10,9,-1,0.699739,0.683,0.0167387,0,0,1,0
89.1,2073,3,0.00108102,0.00108102,0.708028,0.707806,0.000221312,34.8321,34.8312,11,11,0,0.760597,0.763669,0.003072,0,1,1,1
89.2,2074,1,0.0251622,0.0251622,0.682899,0.689664,0.00676489,34.7316,34.7587,10,10,0,0.466515,0.557483,0.090968,0,0,1,0
89.2,2074,2,0.0713825,0.0713825,0.672973,0.689502,0.0165296,34.6919,34.758,9,9,0,0.683,0.78188,0.09888,0,0,1,0
89.2,2074,3,0.00128254,0.00128254,0.707893,0.708028,0.000134766,34.8316,34.8321,11,11,0,0.763669,0.767637,0.003968,0,1,1,1
89.3,2075,1,0.0201495,0.0201495,0.686838,0.682899,0.00393969,34.7474,34.7316,10,9,-1,0.557483,0.554864,0.00261867,0,0,1,0
89.3,2075,2,0.068612,0.068612,0.683229,0.672973,0.0102558,34.7329,34.6919,9,10,1,0.78188,0.614587,0.167293,0,0,1,0
89.3,2075,3,0.00374094,0.00374094,0.706952,0.707893,0.000941336,34.8278,34.8316,11,11,0,0.767637,0.759861,0.007776,0,1,1,1
89.4,2076,1,0.0139039,0.0139039,0.679959,0.686838,0.00687951,34.7198,34.7474,9,9,0,0.554864,0.66408,0.109216,0,1,1,0
89.4,2076,2,0.0385299,0.0385299,0.68291,0.683229,0.000318527,34.7316,34.7329,10,10,0,0.614587,0.680587,0.066,0,0,1,0
89.4,2076,3,0.00684687,0.00684687,0.707052,0.706952,0.000100732,34.8282,34.8278,11,11,0,0.759861,0.780901,0.02104,0,1,1,0
89.5,2077,1,0.000738144,0.000738144,0.702475,0.679959,0.0225162,34.8099,34.7198,9,10,1,0.66408,0.626715,0.0373653,0,1,0,0
89.5,2077,2,0.0270026,0.0270026,0.689068,0.68291,0.00615835,34.7563,34.7316,10,9,-1,0.680587,0.733056,0.0524693,0,0,1,0
89.5,2077,3,0.000131041,0.000131041,0.707068,0.707052,1.58548e-05,34.8283,34.8282,11,11,0,0.780901,0.780493,0.000408,0,1,1,1
89.6,2078,1,0.0134117,0.0134117,0.660811,0.702475,0.041664,34.6432,34.8099,10,10,0,0.626715,0.469955,0.15676,0,1,0,0
89.6,2078,2,0.0404848,0.0404848,0.666722,0.689068,0.0223467,34.6669,34.7563,9,9,0,0.733056,0.705384,0.027672,0,0,0,0
89.6,2078,3,0.00335121,0.00335121,0.707471,0.707068,0.000402629,34.8299,34.8283,11,11,0,0.780493,0.770069,0.010424,0,1,1,0
89.7,2079,1,0.00630459,0.00630459,0.680257,0.660811,0.0194461,34.721,34.6432,10,10,0,0.469955,0.545675,0.07572,0,1,1,0
89.7,2079,2,0.0189334,0.0189334,0.669501,0.666722,0.00277913,34.678,34.6669,9,9,0,0.705384,0.762136,0.056752,0,1,1,0
89.7,2079,3,0.00255218,0.00255218,0.707164,0.707471,0.000306547,34.8287,34.8299,11,11,0,0.770069,0.778005,0.007936,0,1,1,1
89.8,2080,1,0.0230878,0.0230878,0.684113,0.680257,0.00385571,34.7365,34.721,10,9,-1,0.545675,0.568016,0.0223413,0,0,1,0
89.8,2080,2,0.0730966,0.0730966,0.6832,0.669501,0.0136995,34.7328,34.678,9,10,1,0.762136,0.608387,0.153749,0,0,1,0
89.8,2080,3,4.6283e-05,4.6283e-05,0.707159,0.707164,5.54323e-06,34.8286,34.8287,11,11,0,0.778005,0.778149,0.000144,0,1,1,1
89.9,2081,1,0.0170355,0.0170355,0.68045,0.684113,0.00366277,34.7218,34.7365,9,9,0,0.568016,0.665552,0.097536,0,1,1,0
89.9,2081,2,0.0414888,0.0414888,0.683498,0.6832,0.000297427,34.734,34.7328,10,10,0,0.608387,0.692531,0.084144,0,0,1,0
89.9,2081,3,0.00157392,0.00157392,0.707348,0.707159,0.000189066,34.8294,34.8286,11,11,0,0.778149,0.773253,0.004896,0,1,1,1
90,2082,1,0.00170451,0.00170451,0.699328,0.68045,0.0188782,34.7973,34.7218,9,10,1,0.665552,0.603747,0.0618053,0,1,1,0
90,2082,2,0.0394199,0.0394199,0.689284,0.683498,0.005786,34.7571,34.734,10,9,-1,0.692531,0.692728,0.000197334,0,0,1,0
90,2082,3,0.00468171,0.00468171,0.706571,0.707348,0.00077647,34.8263,34.8294,11,11,0,0.773253,0.789605,0.016352,0,1,1,0
90.1,2083,1,0.0145773,0.0145773,0.660714,0.699328,0.0386142,34.6429,34.7973,10,10,0,0.603747,0.467211,0.136536,0,1,0,0
90.1,2083,2,0.0663972,0.0663972,0.667065,0.689284,0.022219,34.6683,34.7571,9,9,0,0.692728,0.742056,0.049328,0,0,0,0
90.1,2083,3,0.00467655,0.00467655,0.707347,0.706571,0.000775874,34.8294,34.8263,11,11,0,0.789605,0.773269,0.016336,0,1,1,0
90.2,2084,1,0.0072166,0.0072166,0.683666,0.660714,0.0229523,34.7347,34.6429,10,10,0,0.467211,0.561371,0.09416,0,1,0,0
90.2,2084,2,0.011646,0.011646,0.670377,0.667065,0.00331193,34.6815,34.6683,9,9,0,0.742056,0.783032,0.040976,0,1,1,0
90.2,2084,3,0.00243196,0.00243196,0.707055,0.707347,0.000292361,34.8282,34.8294,11,11,0,0.773269,0.780837,0.007568,0,1,1,1
90.3,2085,1,0.0269471,0.0269471,0.690157,0.683666,0.00649112,34.7606,34.7347,10,9,-1,0.561371,0.640912,0.0795413,0,0,1,0
90.3,2085,2,0.061778,0.061778,0.683107,0.670377,0.0127301,34.7324,34.6815,9,10,1,0.783032,0.587363,0.195669,0,0,1,0
90.3,2085,3,0.00153163,0.00153163,0.707239,0.707055,0.000184238,34.829,34.8282,11,11,0,0.780837,0.776069,0.004768,0,1,1,1
90.4,2086,1,0.0313612,0.0313612,0.695672,0.690157,0.00551498,34.7827,34.7606,9,9,0,0.640912,0.712432,0.07152,0,0,1,0
90.4,2086,2,0.0454444,0.0454444,0.686514,0.683107,0.003407,34.7461,34.7324,10,10,0,0.587363,0.699739,0.112376,0,0,1,0
90.4,2086,3,0.00141606,0.00141606,0.707069,0.707239,0.00017035,34.8283,34.829,11,11,0,0.776069,0.780477,0.004408,0,1,1,1
90.5,2087,1,0.000776649,0.000776649,0.69214,0.695672,0.00353277,34.7686,34.7827,9,10,1,0.712432,0.543979,0.168453,0,1,1,0
90.5,2087,2,0.0470698,0.0470698,0.688717,0.686514,0.00220329,34.7549,34.7461,10,9,-1,0.699739,0.6648,0.0349387,0,0,1,0
90.5,2087,3,0.00136054,0.00136054,0.706905,0.707069,0.000163913,34.8276,34.8283,11,11,0,0.780477,0.784717,0.00424,0,1,1,1
90.6,2088,1,0.00339472,0.00339472,0.688152,0.69214,0.00398803,34.7526,34.7686,10,10,0,0.543979,0.595627,0.051648,0,1,1,0
90.6,2088,2,0.0734821,0.0734821,0.676636,0.688717,0.0120814,34.7065,34.7549,9,9,0,0.6648,0.785528,0.120728,0,0,1,0
90.6,2088,3,0.000310361,0.000310361,0.706867,0.706905,3.74913e-05,34.8275,34.8276,11,11,0,0.784717,0.785685,0.000968,0,1,1,1
90.7,2089,1,0.0325188,0.0325188,0.683366,0.688152,0.0047853,34.7335,34.7526,10,9,-1,0.595627,0.618768,0.0231413,0,0,1,0
90.7,2089,2,0.041705,0.041705,0.693381,0.676636,0.0167454,34.7735,34.7065,9,10,1,0.785528,0.736011,0.0495173,0,0,1,0
90.7,2089,3,0.00110337,0.00110337,0.707,0.706867,0.000133097,34.828,34.8275,11,11,0,0.785685,0.782245,0.00344,0,1,1,1
90.8,2090,1,0.0223859,0.0223859,0.676475,0.683366,0.00689083,34.7059,34.7335,9,9,0,0.618768,0.650976,0.032208,0,0,1,0
90.8,2090,2,0.0029023,0.0029023,0.672583,0.693381,0.0207987,34.6903,34.7735,10,10,0,0.736011,0.586643,0.149368,0,1,0,0
90.8,2090,3,0.00160238,0.00160238,0.704612,0.707,0.00238872,34.8184,34.828,11,11,0,0.782245,0.805445,0.0232,0,1,1,0
90.9,2091,1,0.0115723,0.0115723,0.69392,0.676475,0.0174447,34.7757,34.7059,9,9,0,0.650976,0.706928,0.055952,0,1,1,0
90.9,2091,2,0.0196065,0.0196065,0.683795,0.672583,0.0112126,34.7352,34.6903,10,10,0,0.586643,0.698579,0.111936,0,1,1,0
90.9,2091,3,0.000566036,0.000566036,0.704263,0.704612,0.000349045,34.8171,34.8184,11,11,0,0.805445,0.812469,0.007024,0,1,1,1
91,2092,1,0.00735003,0.00735003,0.690754,0.69392,0.00316632,34.763,34.7757,9,10,1,0.706928,0.526667,0.180261,0,1,1,0
91,2092,2,0.0429204,0.0429204,0.689435,0.683795,0.00563949,34.7577,34.7352,10,9,-1,0.698579,0.68112,0.0174587,0,0,1,0
91,2092,3,0.000295281,0.000295281,0.704264,0.704263,9.53674e-07,34.8171,34.8171,11,11,0,0.812469,0.810405,0.002064,0,1,1,1
91.1,2093,1,0.0125108,0.0125108,0.68717,0.690754,0.00358403,34.7487,34.763,10,10,0,0.526667,0.588235,0.061568,0,1,1,0
91.1,2093,2,0.0733482,0.0733482,0.670851,0.689435,0.0185839,34.6834,34.7577,9,9,0,0.68112,0.769344,0.088224,0,0,1,0
91.1,2093,3,5.49257e-05,5.49257e-05,0.704263,0.704264,1.78814e-07,34.8171,34.8171,11,11,0,0.810405,0.810789,0.000384,0,1,1,1
91.2,2094,1,0.0257419,0.0257419,0.685197,0.68717,0.00197303,34.7408,34.7487,10,9,-1,0.588235,0.606816,0.0185813,0,0,1,0
91.2,2094,2,0.0512003,0.0512003,0.692641,0.670851,0.0217903,34.7706,34.6834,9,10,1,0.769344,0.715139,0.0542053,0,0,0,0
91.2,2094,3,3.99649e-05,3.99649e-05,0.704692,0.704263,0.000428259,34.8188,34.8171,11,11,0,0.810789,0.805261,0.005528,0,1,1,1
91.3,2095,1,0.0252365,0.0252365,0.681559,0.685197,0.00363755,34.7262,34.7408,9,9,0,0.606816,0.67272,0.065904,0,0,1,0
91.3,2095,2,0.0057061,0.0057061,0.675682,0.692641,0.016959,34.7027,34.7706,10,10,0,0.715139,0.602827,0.112312,0,1,1,0
91.3,2095,3,0.000972688,0.000972688,0.706412,0.704692,0.00172013,34.8256,34.8188,11,11,0,0.805261,0.788949,0.016312,0,1,1,0
91.4,2096,1,0.00818732,0.00818732,0.705007,0.681559,0.0234476,34.82,34.7262,9,9,0,0.67272,0.707032,0.034312,0,1,0,0
91.4,2096,2,0.0143368,0.0143368,0.683265,0.675682,0.00758296,34.7331,34.7027,10,10,0,0.602827,0.687795,0.084968,0,1,1,0
91.4,2096,3,0.00101075,0.00101075,0.705083,0.706412,0.00132835,34.8203,34.8256,11,11,0,0.788949,0.802101,0.013152,0,1,1,0
91.5,2097,1,0.0163974,0.0163974,0.694504,0.705007,0.0105023,34.778,34.82,9,10,1,0.707032,0.504667,0.202365,0,1,1,0
91.5,2097,2,0.0388052,0.0388052,0.68926,0.683265,0.00599504,34.757,34.7331,10,9,-1,0.687795,0.693792,0.00599733,0,0,1,0
91.5,2097,3,3.41237e-05,3.41237e-05,0.705434,0.705083,0.000350773,34.8217,34.8203,11,11,0,0.802101,0.799269,0.002832,0,1,1,1
91.6,2098,1,0.00292355,0.00292355,0.676777,0.694504,0.0177277,34.7071,34.778,10,10,0,0.504667,0.588251,0.083584,0,1,1,0
91.6,2098,2,0.0691566,0.0691566,0.671946,0.68926,0.0173137,34.6878,34.757,9,9,0,0.693792,0.775808,0.082016,0,0,1,0
91.6,2098,3,9.47714e-06,9.47714e-06,0.705337,0.705434,9.70364e-05,34.8213,34.8217,11,11,0,0.799269,0.800053,0.000784,0,1,1,1
91.7,2099,1,0.0182873,0.0182873,0.698394,0.676777,0.0216176,34.7936,34.7071,10,9,-1,0.588251,0.609376,0.0211253,0,1,0,0
91.7,2099,2,0.0652176,0.0652176,0.683057,0.671946,0.0111108,34.7322,34.6878,9,10,1,0.775808,0.632779,0.143029,0,0,1,0
91.7,2099,3,7.15554e-05,7.15554e-05,0.706072,0.705337,0.000735283,34.8243,34.8213,11,11,0,0.800053,0.794109,0.005944,0,1,1,1
91.8,2100,1,0.0242805,0.0242805,0.675388,0.698394,0.0230067,34.7016,34.7936,9,9,0,0.609376,0.703712,0.094336,0,0,0,0
91.8,2100,2,0.0358362,0.0358362,0.68397,0.683057,0.000912488,34.7359,34.7322,10,10,0,0.632779,0.702131,0.069352,0,0,1,0
91.8,2100,3,1.57952e-05,1.57952e-05,0.706235,0.706072,0.000162125,34.8249,34.8243,11,11,0,0.794109,0.792797,0.001312,0,1,1,1
91.9,2101,1,0.00164181,0.00164181,0.706619,0.675388,0.0312313,34.8265,34.7016,9,10,1,0.703712,0.676411,0.0273013,0,1,0,0
91.9,2101,2,0.0282325,0.0282325,0.689091,0.68397,0.00512159,34.7564,34.7359,10,9,-1,0.702131,0.7338,0.0316693,0,0,1,0
91.9,2101,3,0.0002518,0.0002518,0.705141,0.706235,0.00109357,34.8206,34.8249,11,11,0,0.792797,0.802101,0.009304,0,1,1,1
92,2102,1,0.0190518,0.0190518,0.656207,0.706619,0.0504122,34.6248,34.8265,10,10,0,0.676411,0.487355,0.189056,0,1,0,0
92,2102,2,0.044764,0.044764,0.666702,0.689091,0.0223888,34.6668,34.7564,9,9,0,0.7338,0.717376,0.016424,0,0,0,0
92,2102,3,0.000985056,0.000985056,0.705895,0.705141,0.000754416,34.8236,34.8206,11,11,0,0.802101,0.793765,0.008336,0,1,1,1
92.1,2103,1,0.0149754,0.0149754,0.676515,0.656207,0.0203083,34.7061,34.6248,10,10,0,0.487355,0.588243,0.100888,0,1,0,0
92.1,2103,2,0.0107213,0.0107213,0.674827,0.666702,0.00812459,34.6993,34.6668,9,9,0,0.717376,0.792888,0.075512,0,1,1,0
92.1,2103,3,0.000645906,0.000645906,0.705337,0.705895,0.000558257,34.8213,34.8236,11,11,0,0.793765,0.800053,0.006288,0,1,1,1
92.2,2104,1,0.018085,0.018085,0.69295,0.676515,0.0164346,34.7718,34.7061,10,9,-1,0.588243,0.613408,0.0251653,0,1,1,0
92.2,2104,2,0.0655363,0.0655363,0.683249,0.674827,0.00842232,34.733,34.6993,9,10,1,0.792888,0.619523,0.173365,0,0,1,0
92.2,2104,3,8.6993e-05,8.6993e-05,0.706231,0.705337,0.000893414,34.8249,34.8213,11,11,0,0.800053,0.792829,0.007224,0,1,1,1
92.3,2105,1,0.0242764,0.0242764,0.677611,0.69295,0.015339,34.7104,34.7718,9,9,0,0.613408,0.714304,0.100896,0,0,1,0
92.3,2105,2,0.0374354,0.0374354,0.683353,0.683249,0.000104189,34.7334,34.733,10,10,0,0.619523,0.689595,0.070072,0,0,1,0
92.3,2105,3,1.54376e-05,1.54376e-05,0.706072,0.706231,0.000158131,34.8243,34.8249,11,11,0,0.792829,0.794109,0.00128,0,1,1,1
92.4,2106,1,0.00637418,0.00637418,0.699517,0.677611,0.0219064,34.7981,34.7104,9,10,1,0.714304,0.644859,0.0694453,0,1,0,0
92.4,2106,2,0.0342821,0.0342821,0.688883,0.683353,0.00552946,34.7555,34.7334,10,9,-1,0.689595,0.71056,0.0209653,0,0,1,0
92.4,2106,3,9.62019e-05,9.62019e-05,0.705083,0.706072,0.00098902,34.8203,34.8243,11,11,0,0.794109,0.802101,0.007992,0,1,1,1
92.5,2107,1,0.0134766,0.0134766,0.657301,0.699517,0.0422159,34.6292,34.7981,10,10,0,0.644859,0.520995,0.123864,0,1,0,0
92.5,2107,2,0.0654442,0.0654442,0.669258,0.688883,0.0196248,34.677,34.7555,9,9,0,0.71056,0.759288,0.048728,0,0,1,0
92.5,2107,3,9.12547e-05,9.12547e-05,0.706022,0.705083,0.000938535,34.8241,34.8203,11,11,0,0.802101,0.794517,0.007584,0,1,1,1
92.6,2108,1,0.012813,0.012813,0.67509,0.657301,0.017789,34.7004,34.6292,10,10,0,0.520995,0.582747,0.061752,0,1,1,0
92.6,2108,2,0.0156137,0.0156137,0.670386,0.669258,0.00112808,34.6815,34.677,9,9,0,0.759288,0.783152,0.023864,0,1,1,0
92.6,2108,3,9.94205e-05,9.94205e-05,0.706291,0.706022,0.000268638,34.8252,34.8241,11,11,0,0.794517,0.792077,0.00244,0,1,1,1
92.7,2109,1,0.016423,0.016423,0.694572,0.67509,0.0194823,34.7783,34.7004,10,9,-1,0.582747,0.633536,0.0507893,0,1,1,0
92.7,2109,2,0.0605096,0.0605096,0.683153,0.670386,0.0127666,34.7326,34.6815,9,10,1,0.783152,0.595987,0.187165,0,0,1,0
92.7,2109,3,3.3021e-05,3.3021e-05,0.705339,0.706291,0.000951529,34.8214,34.8252,11,11,0,0.792077,0.800037,0.00796,0,1,1,1
92.8,2110,1,0.0224773,0.0224773,0.676563,0.694572,0.0180089,34.7063,34.7783,9,9,0,0.633536,0.709744,0.076208,0,0,1,0
92.8,2110,2,0.046545,0.046545,0.684503,0.683153,0.00135028,34.738,34.7326,10,10,0,0.595987,0.713003,0.117016,0,0,1,0
92.8,2110,3,7.11381e-05,7.11381e-05,0.70607,0.705339,0.000731349,34.8243,34.8214,11,11,0,0.800037,0.794125,0.005912,0,1,1,1
92.9,2111,1,0.013166,0.013166,0.683974,0.676563,0.00741029,34.7359,34.7063,9,10,1,0.709744,0.540763,0.168981,0,1,1,0
92.9,2111,2,0.0442294,0.0442294,0.689275,0.684503,0.00477201,34.7571,34.738,10,9,-1,0.713003,0.679136,0.0338667,0,0,1,0
92.9,2111,3,0.000965625,0.000965625,0.706395,0.70607,0.000324309,34.8256,34.8243,11,11,0,0.794125,0.789389,0.004736,0,1,1,1
93,2112,1,0.00922263,0.00922263,0.678012,0.683974,0.00596219,34.712,34.7359,10,10,0,0.540763,0.592811,0.052048,0,1,1,0
93,2112,2,0.0703214,0.0703214,0.675275,0.689275,0.0140004,34.7011,34.7571,9,9,0,0.679136,0.795696,0.11656,0,0,1,0
93,2112,3,0.000807703,0.000807703,0.704445,0.706395,0.00194931,34.8178,34.8256,11,11,0,0.789389,0.807245,0.017856,0,1,1,0
93.1,2113,1,0.018562,0.018562,0.693788,0.678012,0.0157763,34.7752,34.712,10,9,-1,0.592811,0.6244,0.0315893,0,1,1,0
93.1,2113,2,0.0409641,0.0409641,0.694149,0.675275,0.0188742,34.7766,34.7011,9,10,1,0.795696,0.755147,0.0405493,0,0,1,0
93.1,2113,3,4.49419e-05,4.49419e-05,0.704909,0.704445,0.000463486,34.8196,34.8178,11,11,0,0.807245,0.803509,0.003736,0,1,1,1
93.2,2114,1,0.0132394,0.0132394,0.660877,0.693788,0.0329112,34.6435,34.7752,9,9,0,0.6244,0.645344,0.020944,0,1,0,0
93.2,2114,2,0.00528371,0.00528371,0.673129,0.694149,0.0210196,34.6925,34.7766,10,10,0,0.755147,0.589379,0.165768,0,1,0,0
93.2,2114,3,1.30534e-05,1.30534e-05,0.705043,0.704909,0.000133872,34.8202,34.8196,11,11,0,0.803509,0.802429,0.00108,0,1,1,1
93.3,2115,1,0.00984579,0.00984579,0.677181,0.660877,0.0163044,34.7087,34.6435,9,9,0,0.645344,0.712432,0.067088,0,1,1,0
93.3,2115,2,0.0180077,0.0180077,0.686687,0.673129,0.0135574,34.7467,34.6925,10,10,0,0.589379,0.703283,0.113904,0,1,1,0
93.3,2115,3,3.41237e-05,3.41237e-05,0.704692,0.705043,0.000351131,34.8188,34.8202,11,11,0,0.802429,0.805261,0.002832,0,1,1,1
93.4,2116,1,0.011199,0.011199,0.683558,0.677181,0.0063768,34.7342,34.7087,9,10,1,0.712432,0.531443,0.180989,0,1,1,0
93.4,2116,2,0.00884955,0.00884955,0.658244,0.686687,0.0284423,34.633,34.7467,10,9,-1,0.703283,0.693544,0.00973867,0,1,0,0
93.4,2116,3,0.011475,0.011475,0.706394,0.704692,0.00170243,34.8256,34.8188,11,11,0,0.805261,0.873029,0.067768,0,1,1,0
93.5,2117,1,0.0068529,0.0068529,0.678221,0.683558,0.00533712,34.7129,34.7342,10,10,0,0.531443,0.593451,0.062008,0,1,1,0
93.5,2117,2,0.0393547,0.0393547,0.65801,0.658244,0.000234187,34.632,34.633,9,9,0,0.693544,0.78568,0.092136,0,0,1,0
93.5,2117,3,0.0114503,0.0114503,0.704946,0.706394,0.00144845,34.8198,34.8256,11,11,0,0.873029,0.803213,0.069816,0,1,1,0
93.6,2118,1,0.0206169,0.0206169,0.692625,0.678221,0.0144047,34.7705,34.7129,10,9,-1,0.593451,0.606352,0.0129013,0,0,1,0
93.6,2118,2,0.0223961,0.0223961,0.669393,0.65801,0.0113828,34.6776,34.632,9,10,1,0.78568,0.725283,0.0603973,0,0,1,0
93.6,2118,3,2.44975e-05,2.44975e-05,0.704694,0.704946,0.000252008,34.8188,34.8198,11,11,0,0.803213,0.805245,0.002032,0,1,1,1
93.7,2119,1,0.0227261,0.0227261,0.673925,0.692625,0.0187009,34.6957,34.7705,9,9,0,0.606352,0.698752,0.0924,0,0,1,0
93.7,2119,2,0.00712368,0.00712368,0.656118,0.669393,0.013275,34.6245,34.6776,10,10,0,0.725283,0.612787,0.112496,0,1,1,0
93.7,2119,3,2.98023e-07,2.98023e-07,0.704691,0.704694,2.98023e-06,34.8188,34.8188,11,11,0,0.805245,0.805269,2.4e-05,0,1,1,1
93.8,2120,1,0.00452515,0.00452515,0.694791,0.673925,0.0208661,34.7792,34.6957,9,9,0,0.698752,0.715504,0.016752,0,1,0,0
93.8,2120,2,0.0131944,0.0131944,0.662464,0.656118,0.00634634,34.6499,34.6245,10,10,0,0.612787,0.700467,0.08768,0,1,1,0
93.8,2120,3,1.19209e-07,1.19209e-07,0.704692,0.704691,1.01328e-06,34.8188,34.8188,11,11,0,0.805269,0.805261,8e-06,0,1,1,1
93.9,2121,1,0.000891656,0.000891656,0.683676,0.694791,0.0111141,34.7347,34.7792,9,10,1,0.715504,0.519571,0.195933,0,1,1,0
93.9,2121,2,0.0377494,0.0377494,0.65846,0.662464,0.00400442,34.6338,34.6499,10,9,-1,0.700467,0.691624,0.00884267,0,0,1,0
93.9,2121,3,2.3663e-05,2.3663e-05,0.704936,0.704692,0.000244021,34.8197,34.8188,11,11,0,0.805261,0.803293,0.001968,0,1,1,1
94,2122,1,0.00399351,0.00399351,0.67903,0.683676,0.00464606,34.7161,34.7347,10,10,0,0.519571,0.595931,0.07636,0,1,1,0
94,2122,2,0.0382346,0.0382346,0.660268,0.65846,0.00180781,34.6411,34.6338,9,9,0,0.691624,0.799368,0.107744,0,0,1,0
94,2122,3,0.000110447,0.000110447,0.703796,0.704936,0.00113934,34.8152,34.8197,11,11,0,0.803293,0.812469,0.009176,0,1,1,1
94.1,2123,1,0.0204543,0.0204543,0.69286,0.67903,0.0138299,34.7714,34.7161,10,9,-1,0.595931,0.61172,0.0157893,0,0,1,0
94.1,2123,2,0.047375,0.047375,0.66272,0.660268,0.00245249,34.6509,34.6411,9,10,1,0.799368,0.624211,0.175157,0,0,1,0
94.1,2123,3,0.000120908,0.000120908,0.705043,0.703796,0.00124645,34.8202,34.8152,11,11,0,0.812469,0.802429,0.01004,0,1,1,0
94.2,2124,1,0.0234744,0.0234744,0.676499,0.69286,0.0163612,34.706,34.7714,9,9,0,0.61172,0.709464,0.097744,0,0,1,0
94.2,2124,2,0.0470832,0.0470832,0.662144,0.66272,0.000576615,34.6486,34.6509,10,10,0,0.624211,0.699315,0.075104,0,0,1,0
94.2,2124,3,0.000134766,0.000134766,0.703653,0.705043,0.0013898,34.8146,34.8202,11,11,0,0.802429,0.813621,0.011192,0,1,1,0
94.3,2125,1,0.0029901,0.0029901,0.710874,0.676499,0.0343748,34.8435,34.706,9,10,1,0.709464,0.690059,0.0194053,0,1,0,0
94.3,2125,2,0.0238625,0.0238625,0.656714,0.662144,0.0054298,34.6269,34.6486,10,9,-1,0.699315,0.736616,0.0373013,0,0,1,0
94.3,2125,3,0.000134766,0.000134766,0.705043,0.703653,0.0013898,34.8202,34.8146,11,11,0,0.813621,0.802429,0.011192,0,1,1,0
94.4,2126,1,0.0248392,0.0248392,0.653035,0.710874,0.0578389,34.6121,34.8435,10,10,0,0.690059,0.499531,0.190528,0,0,0,0
94.4,2126,2,0.0386163,0.0386163,0.640416,0.656714,0.0162979,34.5617,34.6269,9,9,0,0.736616,0.712512,0.024104,0,0,1,0
94.4,2126,3,9.60529e-05,9.60529e-05,0.704053,0.705043,0.000989854,34.8162,34.8202,11,11,0,0.802429,0.810405,0.007976,0,1,1,1
94.5,2127,1,0.018829,0.018829,0.67903,0.653035,0.0259954,34.7161,34.6121,10,10,0,0.499531,0.595931,0.0964,0,1,0,0
94.5,2127,2,0.0135051,0.0135051,0.658913,0.640416,0.0184969,34.6357,34.5617,9,9,0,0.712512,0.791144,0.078632,0,1,1,0
94.5,2127,3,2.46465e-05,2.46465e-05,0.703798,0.704053,0.000254631,34.8152,34.8162,11,11,0,0.810405,0.812453,0.002048,0,1,1,1
94.6,2128,1,0.0199643,0.0199643,0.693085,0.67903,0.014055,34.7723,34.7161,10,9,-1,0.595931,0.615584,0.0196533,0,1,1,0
94.6,2128,2,0.0483527,0.0483527,0.662724,0.658913,0.00381094,34.6509,34.6357,9,10,1,0.791144,0.624083,0.167061,0,0,1,0
94.6,2128,3,0.000120699,0.000120699,0.705043,0.703798,0.00124449,34.8202,34.8152,11,11,0,0.812453,0.802429,0.010024,0,1,1,0
94.7,2129,1,0.0268346,0.0268346,0.679444,0.693085,0.013641,34.7178,34.7723,9,9,0,0.615584,0.72088,0.105296,0,0,1,0
94.7,2129,2,0.0472002,0.0472002,0.662251,0.662724,0.000472605,34.649,34.6509,10,10,0,0.624083,0.700451,0.076368,0,0,1,0
94.7,2129,3,0.000134766,0.000134766,0.703653,0.705043,0.0013898,34.8146,34.8202,11,11,0,0.802429,0.813621,0.011192,0,1,1,0
94.8,2130,1,0.00777388,0.00777388,0.702713,0.679444,0.0232686,34.8109,34.7178,9,10,1,0.72088,0.657867,0.0630133,0,1,0,0
94.8,2130,2,0.0352011,0.0352011,0.657165,0.662251,0.00508571,34.6287,34.649,10,9,-1,0.700451,0.703144,0.00269333,0,0,1,0
94.8,2130,3,0.000134915,0.000134915,0.705045,0.703653,0.00139177,34.8202,34.8146,11,11,0,0.813621,0.802413,0.011208,0,1,1,0
94.9,2131,1,0.014375,0.014375,0.660604,0.702713,0.0421094,34.6424,34.8109,10,10,0,0.657867,0.519715,0.138152,0,1,0,0
94.9,2131,2,0.039216,0.039216,0.655284,0.657165,0.00188154,34.6211,34.6287,9,9,0,0.703144,0.77196,0.068816,0,0,1,0
94.9,2131,3,5.17368e-05,5.17368e-05,0.705577,0.705045,0.000532031,34.8223,34.8202,11,11,0,0.802413,0.798117,0.004296,0,1,1,1
95,2132,1,0.0179189,0.0179189,0.671138,0.660604,0.010534,34.6846,34.6424,10,10,0,0.519715,0.595931,0.076216,0,1,1,0
95,2132,2,0.0146533,0.0146533,0.671393,0.655284,0.0161091,34.6856,34.6211,9,9,0,0.77196,0.79584,0.02388,0,1,1,0
95,2132,3,0.000147939,0.000147939,0.704053,0.705577,0.00152385,34.8162,34.8223,11,11,0,0.798117,0.810405,0.012288,0,1,1,0
95.1,2133,1,0.0209427,0.0209427,0.700384,0.671138,0.0292464,34.8015,34.6846,10,9,-1,0.595931,0.640448,0.0445173,0,0,0,0
95.1,2133,2,0.0396277,0.0396277,0.66324,0.671393,0.00815284,34.653,34.6856,9,10,1,0.79584,0.605195,0.190645,0,0,1,0
95.1,2133,3,0.000318319,0.000318319,0.70634,0.704053,0.00228727,34.8254,34.8162,11,11,0,0.810405,0.790797,0.019608,0,1,1,0
95.2,2134,1,0.0242689,0.0242689,0.678329,0.700384,0.0220546,34.7133,34.8015,9,9,0,0.640448,0.716144,0.075696,0,0,0,0
95.2,2134,2,0.0515296,0.0515296,0.663659,0.66324,0.000419319,34.6546,34.653,10,10,0,0.605195,0.715363,0.110168,0,0,1,0
95.2,2134,3,0.00274399,0.00274399,0.706671,0.70634,0.000331104,34.8267,34.8254,11,11,0,0.790797,0.782245,0.008552,0,1,1,1
95.3,2135,1,0.0145935,0.0145935,0.690745,0.678329,0.0124151,34.763,34.7133,9,10,1,0.716144,0.543643,0.172501,0,1,1,0
95.3,2135,2,0.0435845,0.0435845,0.66041,0.663659,0.00324988,34.6416,34.6546,10,9,-1,0.715363,0.674208,0.0411547,0,0,1,0
95.3,2135,3,0.000336558,0.000336558,0.706631,0.706671,4.05908e-05,34.8265,34.8267,11,11,0,0.782245,0.783293,0.001048,0,1,1,1
95.4,2136,1,0.0101083,0.0101083,0.682372,0.690745,0.00837272,34.7295,34.763,10,10,0,0.543643,0.607739,0.064096,0,1,1,0
95.4,2136,2,0.0445428,0.0445428,0.657436,0.66041,0.00297362,34.6297,34.6416,9,9,0,0.674208,0.782464,0.108256,0,0,1,0
95.4,2136,3,0.00592461,0.00592461,0.705967,0.706631,0.000663757,34.8239,34.8265,11,11,0,0.783293,0.767269,0.016024,0,1,1,0
95.5,2137,1,0.0196341,0.0196341,0.699478,0.682372,0.0171066,34.7979,34.7295,10,9,-1,0.607739,0.629968,0.0222293,0,1,1,0
95.5,2137,2,0.0168077,0.0168077,0.67127,0.657436,0.0138341,34.6851,34.6297,9,10,1,0.782464,0.749115,0.0333493,0,1,1,0
95.5,2137,3,0.000691384,0.000691384,0.705791,0.705967,0.000175536,34.8232,34.8239,11,11,0,0.767269,0.763797,0.003472,0,1,1,1
95.6,2138,1,0.0174518,0.0174518,0.667422,0.699478,0.0320562,34.6697,34.7979,9,9,0,0.629968,0.671536,0.041568,0,1,0,0
95.6,2138,2,0.00672874,0.00672874,0.653798,0.67127,0.0174724,34.6152,34.6851,10,10,0,0.749115,0.586219,0.162896,0,1,1,0
95.6,2138,3,0.00259268,0.00259268,0.706999,0.705791,0.00120777,34.828,34.8232,11,11,0,0.763797,0.770877,0.00708,0,1,1,1
95.7,2139,1,0.00999177,0.00999177,0.68242,0.667422,0.0149975,34.7297,34.6697,9,9,0,0.671536,0.733584,0.062048,0,1,1,0
95.7,2139,2,0.0205077,0.0205077,0.661557,0.653798,0.00775945,34.6462,34.6152,10,10,0,0.586219,0.691699,0.10548,0,0,1,0
95.7,2139,3,0.00299743,0.00299743,0.705689,0.706999,0.00131047,34.8228,34.828,11,11,0,0.770877,0.761765,0.009112,0,1,1,1
95.8,2140,1,0.0214111,0.0214111,0.690322,0.68242,0.00790226,34.7613,34.7297,9,10,1,0.733584,0.557771,0.175813,0,0,1,0
95.8,2140,2,0.0391019,0.0391019,0.659312,0.661557,0.00224525,34.6372,34.6462,10,9,-1,0.691699,0.684024,0.00767467,0,0,1,0
95.8,2140,3,0.00158417,0.00158417,0.706094,0.705689,0.000405431,34.8244,34.8228,11,11,0,0.761765,0.769725,0.00796,0,1,1,1
95.9,2141,1,0.0208866,0.0208866,0.691196,0.690322,0.000873566,34.7648,34.7613,10,10,0,0.557771,0.635691,0.07792,0,0,1,0
95.9,2141,2,0.0421346,0.0421346,0.657431,0.659312,0.00188082,34.6297,34.6372,9,9,0,0.684024,0.78244,0.098416,0,0,1,0
95.9,2141,3,0.000640869,0.000640869,0.705928,0.706094,0.000165999,34.8237,34.8244,11,11,0,0.769725,0.766501,0.003224,0,1,1,1
96,2142,1,0.0271531,0.0271531,0.700894,0.691196,0.00969887,34.8036,34.7648,10,9,-1,0.635691,0.646368,0.0106773,0,0,1,0
96,2142,2,0.0268243,0.0268243,0.669416,0.657431,0.0119854,34.6777,34.6297,9,10,1,0.78244,0.714875,0.0675653,0,0,1,0
96,2142,3,0.000388741,0.000388741,0.705829,0.705928,9.87053e-05,34.8233,34.8237,11,11,0,0.766501,0.764549,0.001952,0,1,1,1
96.1,2143,1,0.0286151,0.0286151,0.683568,0.700894,0.0173265,34.7343,34.8036,9,9,0,0.646368,0.738512,0.092144,0,0,1,0
96.1,2143,2,0.00730093,0.00730093,0.655412,0.669416,0.0140044,34.6216,34.6777,10,10,0,0.714875,0.600499,0.114376,0,1,1,0
96.1,2143,3,0.00155437,0.00155437,0.705277,0.705829,0.000552773,34.8211,34.8233,11,11,0,0.764549,0.757813,0.006736,0,1,1,1
96.2,2144,1,0.0105749,0.0105749,0.715593,0.683568,0.0320251,34.8624,34.7343,9,9,0,0.738512,0.762384,0.023872,0,1,0,0
96.2,2144,2,0.0169741,0.0169741,0.662426,0.655412,0.00701445,34.6497,34.6216,10,10,0,0.600499,0.700067,0.099568,0,1,1,0
96.2,2144,3,0.00279605,0.00279605,0.706208,0.705277,0.000931084,34.8248,34.8211,11,11,0,0.757813,0.770861,0.013048,0,1,1,0
96.3,2145,1,0.00974101,0.00974101,0.690766,0.715593,0.0248275,34.7631,34.8624,9,10,1,0.762384,0.549851,0.212533,0,1,0,0
96.3,2145,2,0.0382432,0.0382432,0.6587,0.662426,0.00372601,34.6348,34.6497,10,9,-1,0.700067,0.68948,0.0105867,0,0,1,0
96.3,2145,3,0.000212073,0.000212073,0.706094,0.706208,0.000113606,34.8244,34.8248,11,11,0,0.770861,0.769725,0.001136,0,1,1,1
96.4,2146,1,0.0181555,0.0181555,0.690356,0.690766,0.000409663,34.7614,34.7631,10,10,0,0.549851,0.633003,0.083152,0,1,1,0
96.4,2146,2,0.0412718,0.0412718,0.656857,0.6587,0.00184369,34.6274,34.6348,9,9,0,0.68948,0.779632,0.090152,0,0,1,0
96.4,2146,3,0.000640869,0.000640869,0.705928,0.706094,0.000165999,34.8237,34.8244,11,11,0,0.769725,0.766501,0.003224,0,1,1,1
96.5,2147,1,0.0264643,0.0264643,0.700952,0.690356,0.0105965,34.8038,34.7614,10,9,-1,0.633003,0.64704,0.0140373,0,0,1,0
96.5,2147,2,0.0521198,0.0521198,0.663097,0.656857,0.00624001,34.6524,34.6274,9,10,1,0.779632,0.610443,0.169189,0,0,1,0
96.5,2147,3,0.000793487,0.000793487,0.705727,0.705928,0.000201464,34.8229,34.8237,11,11,0,0.766501,0.762517,0.003984,0,1,1,1
96.6,2148,1,0.0332897,0.0332897,0.689724,0.700952,0.011228,34.7589,34.8038,9,9,0,0.64704,0.7652,0.11816,0,0,1,0
96.6,2148,2,0.050428,0.050428,0.663381,0.663097,0.000284314,34.6535,34.6524,10,10,0,0.610443,0.712411,0.101968,0,0,1,0
96.6,2148,3,0.000258178,0.000258178,0.705792,0.705727,6.55651e-05,34.8232,34.8229,11,11,0,0.762517,0.763813,0.001296,0,1,1,1
96.7,2149,1,0.00122875,0.00122875,0.721446,0.689724,0.0317219,34.8858,34.7589,9,10,1,0.7652,0.729051,0.0361493,0,1,0,0
96.7,2149,2,0.029712,0.029712,0.657149,0.663381,0.0062322,34.6286,34.6535,10,9,-1,0.712411,0.722528,0.0101173,0,0,1,0
96.7,2149,3,0.00124791,0.00124791,0.706133,0.705792,0.000340283,34.8245,34.8232,11,11,0,0.763813,0.770109,0.006296,0,1,1,1
96.8,2150,1,0.0304199,0.0304199,0.66142,0.721446,0.0600266,34.6457,34.8858,10,10,0,0.729051,0.527211,0.20184,0,0,0,0
96.8,2150,2,0.0465682,0.0465682,0.636894,0.657149,0.0202549,34.5476,34.6286,9,9,0,0.722528,0.70048,0.022048,0,0,0,0
96.8,2150,3,0.00150609,0.00150609,0.705727,0.706133,0.000405848,34.8229,34.8245,11,11,0,0.770109,0.762517,0.007592,0,1,1,1
96.9,2151,1,0.0249782,0.0249782,0.69349,0.66142,0.0320708,34.774,34.6457,10,10,0,0.527211,0.643067,0.115856,0,0,0,0
96.9,2151,2,0.0159972,0.0159972,0.657891,0.636894,0.0209972,34.6316,34.5476,9,9,0,0.70048,0.78496,0.08448,0,1,0,0
96.9,2151,3,0.00282907,0.00282907,0.706482,0.705727,0.000755727,34.8259,34.8229,11,11,0,0.762517,0.774461,0.011944,0,1,1,0
97,2152,1,0.0291853,0.0291853,0.702029,0.69349,0.00853819,34.8081,34.774,10,9,-1,0.643067,0.659632,0.0165653,0,0,1,0
97,2152,2,0.0460941,0.0460941,0.663756,0.657891,0.00586498,34.655,34.6316,9,10,1,0.78496,0.623915,0.161045,0,0,1,0
97,2152,3,0.00298208,0.00298208,0.705688,0.706482,0.00079453,34.8228,34.8259,11,11,0,0.774461,0.761749,0.012712,0,1,1,0
97.1,2153,1,0.0328381,0.0328381,0.688988,0.702029,0.0130409,34.756,34.8081,9,9,0,0.659632,0.761984,0.102352,0,0,1,0
97.1,2153,2,0.0431613,0.0431613,0.666572,0.663756,0.00281578,34.6663,34.655,10,10,0,0.623915,0.718819,0.094904,0,0,1,0
97.1,2153,3,0.00271752,0.00271752,0.706428,0.705688,0.000740111,34.8257,34.8228,11,11,0,0.761749,0.773709,0.01196,0,1,1,0
97.2,2154,1,0.00955221,0.00955221,0.710619,0.688988,0.0216311,34.8425,34.756,9,10,1,0.761984,0.693211,0.0687733,0,1,0,0
97.2,2154,2,0.0267476,0.0267476,0.661239,0.666572,0.00533265,34.645,34.6663,10,9,-1,0.718819,0.722544,0.00372533,0,0,1,0
97.2,2154,3,0.00196701,0.00196701,0.705878,0.706428,0.000549614,34.8235,34.8257,11,11,0,0.773709,0.765517,0.008192,0,1,1,1
97.3,2155,1,0.0179414,0.0179414,0.662302,0.710619,0.0483168,34.6492,34.8425,10,10,0,0.693211,0.533099,0.160112,0,1,0,0
97.3,2155,2,0.03314,0.03314,0.65096,0.661239,0.0102793,34.6038,34.645,9,9,0,0.722544,0.743128,0.020584,0,0,1,0
97.3,2155,3,0.00557226,0.00557226,0.702085,0.705878,0.00379378,34.8083,34.8235,11,11,0,0.765517,0.748581,0.016936,0,1,1,0
97.4,2156,1,0.0181937,0.0181937,0.68705,0.662302,0.024748,34.7482,34.6492,10,10,0,0.533099,0.622811,0.089712,0,1,0,0
97.4,2156,2,0.0116682,0.0116682,0.647741,0.65096,0.00321913,34.591,34.6038,9,9,0,0.743128,0.779632,0.036504,0,1,1,0
97.4,2156,3,0.0036051,0.0036051,0.704192,0.702085,0.00210714,34.8168,34.8083,11,11,0,0.748581,0.758973,0.010392,0,1,1,0
97.5,2157,1,0.023547,0.023547,0.702279,0.68705,0.0152295,34.8091,34.7482,10,9,-1,0.622811,0.662592,0.0397813,0,0,1,0
97.5,2157,2,0.063495,0.063495,0.662814,0.647741,0.0150731,34.6513,34.591,9,10,1,0.779632,0.613099,0.166533,0,0,1,0
97.5,2157,3,0.00166231,0.00166231,0.703251,0.704192,0.000940502,34.813,34.8168,11,11,0,0.758973,0.752605,0.006368,0,1,1,1
97.6,2158,1,0.0308354,0.0308354,0.686334,0.702279,0.0159459,34.7453,34.8091,9,9,0,0.662592,0.750448,0.087856,0,0,1,0
97.6,2158,2,0.046968,0.046968,0.667566,0.662814,0.00475198,34.6703,34.6513,10,10,0,0.613099,0.727195,0.114096,0,0,1,0
97.6,2158,3,0.00057593,0.00057593,0.703593,0.703251,0.000341535,34.8144,34.813,11,11,0,0.752605,0.754709,0.002104,0,1,1,1
97.7,2159,1,0.02542,0.02542,0.689623,0.686334,0.00328946,34.7585,34.7453,9,10,1,0.750448,0.567835,0.182613,0,0,1,0
97.7,2159,2,0.0424953,0.0424953,0.663036,0.667566,0.00452983,34.6521,34.6703,10,9,-1,0.727195,0.674072,0.0531227,0,0,1,0
97.7,2159,3,0.00397649,0.00397649,0.705622,0.703593,0.00202966,34.8225,34.8144,11,11,0,0.754709,0.771733,0.017024,0,1,1,0
97.8,2160,1,0.0215861,0.0215861,0.690861,0.689623,0.00123793,34.7634,34.7585,10,10,0,0.567835,0.634619,0.066784,0,0,1,0
97.8,2160,2,0.0442467,0.0442467,0.657433,0.663036,0.00560331,34.6297,34.6521,9,9,0,0.674072,0.782448,0.108376,0,0,1,0
97.8,2160,3,0.000108093,0.000108093,0.705586,0.705622,3.67165e-05,34.8223,34.8225,11,11,0,0.771733,0.771109,0.000624,0,1,1,1
97.9,2161,1,0.0269825,0.0269825,0.701733,0.690861,0.0108718,34.8069,34.7634,10,9,-1,0.634619,0.656144,0.0215253,0,0,1,0
97.9,2161,2,0.0168104,0.0168104,0.67127,0.657433,0.0138374,34.6851,34.6297,9,10,1,0.782448,0.749115,0.0333333,0,1,1,0
97.9,2161,3,0.000735521,0.000735521,0.705835,0.705586,0.000249684,34.8233,34.8223,11,11,0,0.771109,0.775357,0.004248,0,1,1,1
98,2162,1,0.0192602,0.0192602,0.670239,0.701733,0.0314938,34.681,34.8069,9,9,0,0.656144,0.68272,0.026576,0,1,0,0
98,2162,2,0.0035146,0.0035146,0.655416,0.67127,0.0158545,34.6217,34.6851,10,10,0,0.749115,0.610331,0.138784,0,1,1,0
98,2162,3,0.000445962,0.000445962,0.705684,0.705835,0.000151336,34.8227,34.8233,11,11,0,0.775357,0.772781,0.002576,0,1,1,1
98.1,2163,1,0.0107292,0.0107292,0.685239,0.670239,0.0149996,34.741,34.681,9,9,0,0.68272,0.745712,0.062992,0,1,1,0
98.1,2163,2,0.0224241,0.0224241,0.661707,0.655416,0.00629175,34.6468,34.6217,10,10,0,0.610331,0.717091,0.10676,0,0,1,0
98.1,2163,3,0.000171751,0.000171751,0.705742,0.705684,5.82933e-05,34.823,34.8227,11,11,0,0.772781,0.773773,0.000992,0,1,1,1
98.2,2164,1,0.0235217,0.0235217,0.690371,0.685239,0.0051322,34.7615,34.741,9,10,1,0.745712,0.557003,0.188709,0,0,1,0
98.2,2164,2,0.0446615,0.0446615,0.656741,0.661707,0.00496638,34.627,34.6468,10,9,-1,0.717091,0.68296,0.0341307,0,0,1,0
98.2,2164,3,0.000818849,0.000818849,0.705464,0.705742,0.000277996,34.8219,34.823,11,11,0,0.773773,0.769045,0.004728,0,1,1,1
98.3,2165,1,0.0174426,0.0174426,0.687155,0.690371,0.00321591,34.7486,34.7615,10,10,0,0.557003,0.622811,0.065808,0,1,1,0
98.3,2165,2,0.0457399,0.0457399,0.656334,0.656741,0.000407398,34.6253,34.627,9,9,0,0.68296,0.78496,0.102,0,0,1,0
98.3,2165,3,0.00122604,0.00122604,0.705881,0.705464,0.00041616,34.8235,34.8219,11,11,0,0.769045,0.776125,0.00708,0,1,1,1
98.4,2166,1,0.023574,0.023574,0.699513,0.687155,0.0123582,34.7981,34.7486,10,9,-1,0.622811,0.630368,0.00755733,0,0,1,0
98.4,2166,2,0.0284984,0.0284984,0.666451,0.656334,0.0101171,34.6658,34.6253,9,10,1,0.78496,0.724179,0.0607813,0,0,1,0
98.4,2166,3,0.00203347,0.00203347,0.70647,0.705881,0.000589311,34.8259,34.8235,11,11,0,0.776125,0.778941,0.002816,0,1,1,1
98.5,2167,1,0.026447,0.026447,0.68119,0.699513,0.0183235,34.7248,34.7981,9,9,0,0.630368,0.72832,0.097952,0,0,1,0
98.5,2167,2,0.0130697,0.0130697,0.655094,0.666451,0.0113567,34.6204,34.6658,10,10,0,0.724179,0.638003,0.086176,0,1,1,0
98.5,2167,3,0.00262159,0.00262159,0.706233,0.70647,0.000237226,34.8249,34.8259,11,11,0,0.778941,0.771109,0.007832,0,1,1,1
98.6,2168,1,0.0146108,0.0146108,0.712507,0.68119,0.0313177,34.85,34.7248,9,9,0,0.72832,0.741728,0.013408,0,1,0,0
98.6,2168,2,0.0237163,0.0237163,0.641097,0.655094,0.0139974,34.5644,34.6204,10,10,0,0.638003,0.716307,0.078304,0,0,1,0
98.6,2168,3,0.00145146,0.00145146,0.706547,0.706233,0.000314653,34.8262,34.8249,11,11,0,0.771109,0.775357,0.004248,0,1,1,1
98.7,2169,1,0.00342643,0.00342643,0.690761,0.712507,0.0217466,34.763,34.85,9,10,1,0.741728,0.548411,0.193317,0,1,0,0
98.7,2169,2,0.0473626,0.0473626,0.654546,0.641097,0.0134497,34.6182,34.5644,10,9,-1,0.716307,0.708944,0.00736267,0,0,1,0
98.7,2169,3,0.000129431,0.000129431,0.706521,0.706547,2.66433e-05,34.8261,34.8262,11,11,0,0.775357,0.774989,0.000368,0,1,1,1
98.8,2170,1,0.0151642,0.0151642,0.687155,0.690761,0.00360584,34.7486,34.763,10,10,0,0.548411,0.622811,0.0744,0,1,1,0
98.8,2170,2,0.0416842,0.0416842,0.653003,0.654546,0.00154305,34.612,34.6182,9,9,0,0.708944,0.768752,0.059808,0,0,1,0
98.8,2170,3,0.000430495,0.000430495,0.706432,0.706521,8.85725e-05,34.8257,34.8261,11,11,0,0.774989,0.773765,0.001224,0,1,1,1
98.9,2171,1,0.0241573,0.0241573,0.69909,0.687155,0.0119349,34.7964,34.7486,10,9,-1,0.622811,0.623808,0.000997334,0,0,1,0
98.9,2171,2,0.042725,0.042725,0.665141,0.653003,0.0121381,34.6606,34.612,9,10,1,0.768752,0.686723,0.0820293,0,0,1,0
98.9,2171,3,0.00128761,0.00128761,0.706056,0.706432,0.000376165,34.8242,34.8257,11,11,0,0.773765,0.769029,0.004736,0,1,1,1
99,2172,1,0.0308065,0.0308065,0.685994,0.69909,0.0130962,34.744,34.7964,9,9,0,0.623808,0.748976,0.125168,0,0,1,0
99,2172,2,0.0426816,0.0426816,0.664227,0.665141,0.000914633,34.6569,34.6606,10,10,0,0.686723,0.740347,0.053624,0,0,1,0
99,2172,3,0.0018532,0.0018532,0.706548,0.706056,0.000492513,34.8262,34.8242,11,11,0,0.769029,0.775373,0.006344,0,1,1,1
99.1,2173,1,0.000562847,0.000562847,0.717064,0.685994,0.0310706,34.8683,34.744,9,10,1,0.748976,0.714411,0.0345653,0,1,0,0
99.1,2173,2,0.0186789,0.0186789,0.654036,0.664227,0.010191,34.6161,34.6569,10,9,-1,0.740347,0.78204,0.0416933,0,1,1,0
99.1,2173,3,0.00197256,0.00197256,0.706372,0.706548,0.000175893,34.8255,34.8262,11,11,0,0.775373,0.781453,0.00608,0,1,1,1
99.2,2174,1,0.0252594,0.0252594,0.66553,0.717064,0.0515341,34.6621,34.8683,10,10,0,0.714411,0.518987,0.195424,0,0,0,0
99.2,2174,2,0.0248369,0.0248369,0.644287,0.654036,0.009749,34.5771,34.6161,9,9,0,0.78204,0.737296,0.044744,0,0,1,0
99.2,2174,3,0.00185162,0.00185162,0.706573,0.706372,0.000200808,34.8263,34.8255,11,11,0,0.781453,0.775717,0.005736,0,1,1,1
99.3,2175,1,0.0172603,0.0172603,0.68663,0.66553,0.0211003,34.7465,34.6621,10,10,0,0.518987,0.622811,0.103824,0,1,0,0
99.3,2175,2,0.013332,0.013332,0.662092,0.644287,0.0178055,34.6484,34.5771,9,9,0,0.737296,0.81808,0.080784,0,1,1,0
99.3,2175,3,0.000635892,0.000635892,0.706442,0.706573,0.000130832,34.8258,34.8263,11,11,0,0.775717,0.773909,0.001808,0,1,1,1
99.4,2176,1,0.0178136,0.0178136,0.70617,0.68663,0.0195398,34.8247,34.7465,10,9,-1,0.622811,0.653232,0.0304213,0,1,1,0
99.4,2176,2,0.0444967,0.0444967,0.663988,0.662092,0.00189584,34.656,34.6484,9,10,1,0.81808,0.649099,0.168981,0,0,1,0
99.4,2176,3,0.000989377,0.000989377,0.706553,0.706442,0.000110328,34.8262,34.8258,11,11,0,0.773909,0.776797,0.002888,0,1,1,1
99.5,2177,1,0.0265455,0.0265455,0.684601,0.70617,0.0215694,34.7384,34.8247,9,9,0,0.653232,0.741728,0.088496,0,0,0,0
99.5,2177,2,0.0532102,0.0532102,0.665226,0.663988,0.00123829,34.6609,34.656,10,10,0,0.649099,0.748723,0.099624,0,0,1,0
99.5,2177,3,0.00138491,0.00138491,0.706386,0.706553,0.000166655,34.8255,34.8262,11,11,0,0.776797,0.781101,0.004304,0,1,1,1
99.6,2178,1,0.0106287,0.0106287,0.709594,0.684601,0.0249928,34.8384,34.7384,9,10,1,0.741728,0.687435,0.0542933,0,1,0,0
99.6,2178,2,0.0299264,0.0299264,0.652667,0.665226,0.0125597,34.6107,34.6609,10,9,-1,0.748723,0.7466,0.00212267,0,0,1,0
99.6,2178,3,0.00237429,0.00237429,0.706442,0.706386,5.63264e-05,34.8258,34.8255,11,11,0,0.781101,0.773909,0.007192,0,1,1,1
99.7,2179,1,0.0145414,0.0145414,0.667319,0.709594,0.0422748,34.6693,34.8384,10,10,0,0.687435,0.533099,0.154336,0,1,0,0
99.7,2179,2,0.0270093,0.0270093,0.654907,0.652667,0.00224024,34.6196,34.6107,9,9,0,0.7466,0.778008,0.031408,0,0,1,0
99.7,2179,3,0.00748023,0.00748023,0.705704,0.706442,0.000738919,34.8228,34.8258,11,11,0,0.773909,0.797557,0.023648,0,1,1,0
99.8,2180,1,0.0162467,0.0162467,0.686578,0.667319,0.0192592,34.7463,34.6693,10,10,0,0.533099,0.622811,0.089712,0,1,1,0
99.8,2180,2,0.0143087,0.0143087,0.646308,0.654907,0.00859898,34.5852,34.6196,9,9,0,0.778008,0.816032,0.038024,0,1,1,0
99.8,2180,3,9.63807e-05,9.63807e-05,0.704712,0.705704,0.000992,34.8188,34.8228,11,11,0,0.797557,0.805565,0.008008,0,1,1,1
99.9,2181,1,0.0176838,0.0176838,0.707094,0.686578,0.0205158,34.8284,34.7463,10,9,-1,0.622811,0.662592,0.0397813,0,1,0,0
99.9,2181,2,0.0627256,0.0627256,0.664225,0.646308,0.0179171,34.6569,34.5852,9,10,1,0.816032,0.657115,0.158917,0,0,1,0
99.9,2181,3,0.000245661,0.000245661,0.70628,0.704712,0.00156885,34.8251,34.8188,11,11,0,0.805565,0.792341,0.013224,0,1,1,0
100,2182,1,0.0282607,0.0282607,0.686619,0.707094,0.0204751,34.7465,34.8284,9,9,0,0.662592,0.750448,0.087856,0,0,0,0
100,2182,2,0.0497945,0.0497945,0.664227,0.664225,1.72853e-06,34.6569,34.6569,10,10,0,0.657115,0.740347,0.083232,0,0,1,0
100,2182,3,7.03931e-05,7.03931e-05,0.705146,0.70628,0.00113451,34.8206,34.8251,11,11,0,0.792341,0.801597,0.009256,0,1,1,1
100.1,2183,1,0.0247263,0.0247263,0.694609,0.686619,0.00799,34.7784,34.7465,9,10,1,0.750448,0.575083,0.175365,0,0,1,0
100.1,2183,2,0.0365387,0.0365387,0.653443,0.664227,0.0107841,34.6138,34.6569,10,9,-1,0.740347,0.723792,0.0165547,0,0,1,0
100.1,2183,3,5.41806e-05,5.41806e-05,0.705703,0.705146,0.000557601,34.8228,34.8206,11,11,0,0.801597,0.797093,0.004504,0,1,1,1
100.2,2184,1,0.0174411,0.0174411,0.68859,0.694609,0.00601828,34.7544,34.7784,10,10,0,0.575083,0.627371,0.052288,0,1,1,0
100.2,2184,2,0.0295297,0.0295297,0.661879,0.653443,0.00843614,34.6475,34.6138,9,9,0,0.723792,0.816768,0.092976,0,0,1,0
100.2,2184,3,7.98702e-06,7.98702e-06,0.705785,0.705703,8.11219e-05,34.8231,34.8228,11,11,0,0.797093,0.796437,0.000656,0,1,1,1
100.3,2185,1,0.0251112,0.0251112,0.702119,0.68859,0.0135291,34.8085,34.7544,10,9,-1,0.627371,0.660704,0.0333333,0,0,1,0
100.3,2185,2,0.0125061,0.0125061,0.671051,0.661879,0.0091725,34.6842,34.6475,9,10,1,0.816768,0.776387,0.0403813,0,1,1,0
100.3,2185,3,5.13494e-05,5.13494e-05,0.705257,0.705785,0.00052774,34.821,34.8231,11,11,0,0.796437,0.800701,0.004264,0,1,1,1
100.4,2186,1,0.0187198,0.0187198,0.669105,0.702119,0.0330144,34.6764,34.8085,9,9,0,0.660704,0.67816,0.017456,0,1,0,0
100.4,2186,2,0.00453076,0.00453076,0.656043,0.671051,0.0150078,34.6242,34.6842,10,10,0,0.776387,0.651867,0.12452,0,1,1,0
100.4,2186,3,1.36495e-05,1.36495e-05,0.705398,0.705257,0.000140667,34.8216,34.821,11,11,0,0.800701,0.799565,0.001136,0,1,1,1
100.5,2187,1,0.011283,0.011283,0.685239,0.669105,0.0161335,34.741,34.6764,9,9,0,0.67816,0.745712,0.067552,0,1,1,0
100.5,2187,2,0.0171167,0.0171167,0.66561,0.656043,0.00956702,34.6624,34.6242,10,10,0,0.651867,0.751947,0.10008,0,1,1,0
100.5,2187,3,3.93391e-06,3.93391e-06,0.705357,0.705398,4.06504e-05,34.8214,34.8216,11,11,0,0.799565,0.799893,0.000328,0,1,1,1
100.6,2188,1,0.0218461,0.0218461,0.690769,0.685239,0.00553077,34.7631,34.741,9,10,1,0.745712,0.550971,0.194741,0,0,1,0
100.6,2188,2,0.0358218,0.0358218,0.653149,0.66561,0.0124614,34.6126,34.6624,10,9,-1,0.751947,0.731832,0.0201147,0,0,1,0
100.6,2188,3,7.72178e-05,7.72178e-05,0.706151,0.705357,0.000793636,34.8246,34.8214,11,11,0,0.799893,0.793477,0.006416,0,1,1,1
100.7,2189,1,0.015767,0.015767,0.687155,0.690769,0.00361449,34.7486,34.7631,10,10,0,0.550971,0.622811,0.07184,0,1,1,0
100.7,2189,2,0.0282359,0.0282359,0.659861,0.653149,0.00671208,34.6394,34.6126,9,9,0,0.731832,0.8044,0.072568,0,0,1,0
100.7,2189,3,8.67248e-05,8.67248e-05,0.705259,0.706151,0.000891685,34.821,34.8246,11,11,0,0.793477,0.800685,0.007208,0,1,1,1
100.8,2190,1,0.0236142,0.0236142,0.699757,0.687155,0.0126017,34.799,34.7486,10,9,-1,0.622811,0.633184,0.0103733,0,0,1,0
100.8,2190,2,0.0160147,0.0160147,0.669729,0.659861,0.0098682,34.6789,34.6394,9,10,1,0.8044,0.763675,0.0407253,0,1,1,0
100.8,2190,3,0.00759494,0.00759494,0.674433,0.705259,0.0308261,34.6977,34.821,11,11,0,0.800685,0.799549,0.001136,0,1,0,0
100.9,2191,1,0.0264872,0.0264872,0.68119,0.699757,0.018567,34.7248,34.799,9,9,0,0.633184,0.72832,0.095136,0,0,1,0
100.9,2191,2,0.00699139,0.00699139,0.656203,0.669729,0.0135261,34.6248,34.6789,10,10,0,0.763675,0.654203,0.109472,0,1,1,0
100.9,2191,3,0.00114581,0.00114581,0.676858,0.674433,0.00242501,34.7074,34.6977,11,11,0,0.799549,0.789341,0.010208,0,1,1,0
101,2192,1,0.0146108,0.0146108,0.712507,0.68119,0.0313177,34.85,34.7248,9,9,0,0.72832,0.741728,0.013408,0,1,0,0
101,2192,2,0.0149266,0.0149266,0.649402,0.656203,0.00680083,34.5976,34.6248,10,10,0,0.654203,0.748043,0.09384,0,1,1,0
101,2192,3,0.000537664,0.000537664,0.676261,0.676858,0.000596464,34.705,34.7074,11,11,0,0.789341,0.792349,0.003008,0,1,1,1
101.1,2193,1,0.00375792,0.00375792,0.690765,0.712507,0.0217419,34.7631,34.85,9,10,1,0.741728,0.549819,0.191909,0,1,0,0
101.1,2193,2,0.0279356,0.0279356,0.652616,0.649402,0.00321394,34.6105,34.5976,10,9,-1,0.748043,0.749024,0.000981334,0,0,1,0
101.1,2193,3,0.000582039,0.000582039,0.674537,0.676261,0.0017243,34.6981,34.705,11,11,0,0.792349,0.799133,0.006784,0,1,1,1
101.2,2194,1,0.0218294,0.0218294,0.695058,0.690765,0.00429225,34.7802,34.7631,10,10,0,0.549819,0.647843,0.098024,0,0,1,0
101.2,2194,2,0.0209696,0.0209696,0.66124,0.652616,0.00862402,34.645,34.6105,9,9,0,0.749024,0.812848,0.063824,0,0,1,0
101.2,2194,3,0.00122613,0.00122613,0.672147,0.674537,0.00239038,34.6886,34.6981,11,11,0,0.799133,0.813237,0.014104,0,1,1,0
101.3,2195,1,0.0302387,0.0302387,0.701581,0.695058,0.00652307,34.8063,34.7802,10,9,-1,0.647843,0.654352,0.00650933,0,0,1,0
101.3,2195,2,0.038487,0.038487,0.664182,0.66124,0.00294137,34.6567,34.645,9,10,1,0.812848,0.675371,0.137477,0,0,1,0
101.3,2195,3,0.00156412,0.00156412,0.675779,0.672147,0.00363272,34.7031,34.6886,11,11,0,0.813237,0.794389,0.018848,0,1,1,0
101.4,2196,1,0.0332184,0.0332184,0.689508,0.701581,0.0120724,34.758,34.8063,9,9,0,0.654352,0.764256,0.109904,0,0,1,0
101.4,2196,2,0.046768,0.046768,0.668992,0.664182,0.00481051,34.676,34.6567,10,10,0,0.675371,0.768731,0.09336,0,0,1,0
101.4,2196,3,0.000701994,0.000701994,0.673177,0.675779,0.00260186,34.6927,34.7031,11,11,0,0.794389,0.804629,0.01024,0,1,1,0
101.5,2197,1,0.00387886,0.00387886,0.723788,0.689508,0.03428,34.8952,34.758,9,10,1,0.764256,0.736955,0.0273013,0,1,0,0
101.5,2197,2,0.0206712,0.0206712,0.65347,0.668992,0.0155224,34.6139,34.676,10,9,-1,0.768731,0.778136,0.00940533,0,0,1,0
101.5,2197,3,0.000947297,0.000947297,0.672026,0.673177,0.00115114,34.6881,34.6927,11,11,0,0.804629,0.815509,0.01088,0,1,1,0
101.6,2198,1,0.0320989,0.0320989,0.662046,0.723788,0.0617427,34.6482,34.8952,10,10,0,0.736955,0.531387,0.205568,0,0,0,0
101.6,2198,2,0.0213526,0.0213526,0.64872,0.65347,0.00474954,34.5949,34.6139,9,9,0,0.778136,0.753072,0.025064,0,0,1,0
101.6,2198,3,0.000487804,0.000487804,0.672647,0.672026,0.000620484,34.6906,34.6881,11,11,0,0.815509,0.807773,0.007736,0,1,1,1
101.7,2199,1,0.0246119,0.0246119,0.694136,0.662046,0.0320902,34.7765,34.6482,10,10,0,0.531387,0.645035,0.113648,0,0,0,0
101.7,2199,2,0.0107364,0.0107364,0.663534,0.64872,0.014814,34.6541,34.5949,9,9,0,0.753072,0.82696,0.073888,0,1,1,0
101.7,2199,3,0.000923157,0.000923157,0.671411,0.672647,0.00123537,34.6856,34.6906,11,11,0,0.807773,0.827117,0.019344,0,1,1,0
101.8,2200,1,0.0296517,0.0296517,0.702775,0.694136,0.00863934,34.8111,34.7765,10,9,-1,0.645035,0.668448,0.0234133,0,0,1,0
101.8,2200,2,0.0430117,0.0430117,0.664167,0.663534,0.000633359,34.6567,34.6541,9,10,1,0.82696,0.650619,0.176341,0,0,1,0
101.8,2200,3,0.000631839,0.000631839,0.672304,0.671411,0.000892162,34.6892,34.6856,11,11,0,0.827117,0.810269,0.016848,0,1,1,0
101.9,2201,1,0.0343097,0.0343097,0.690887,0.702775,0.0118883,34.7635,34.8111,9,9,0,0.668448,0.770288,0.10184,0,0,1,0
101.9,2201,2,0.0527163,0.0527163,0.665145,0.664167,0.000977695,34.6606,34.6567,10,10,0,0.650619,0.748043,0.097424,0,0,1,0
101.9,2201,3,0.000273287,0.000273287,0.671918,0.672304,0.000385702,34.6877,34.6892,11,11,0,0.810269,0.817557,0.007288,0,1,1,1
102,2202,1,0.00568467,0.00568467,0.715721,0.690887,0.0248346,34.8629,34.7635,9,10,1,0.770288,0.709963,0.0603253,0,1,0,0
102,2202,2,0.0228946,0.0228946,0.652281,0.665145,0.0128641,34.6091,34.6606,10,9,-1,0.748043,0.765152,0.0171093,0,0,1,0
102,2202,3,0.000100791,0.000100791,0.67206,0.671918,0.000142336,34.6882,34.6877,11,11,0,0.817557,0.814869,0.002688,0,1,1,1
102.1,2203,1,0.0195569,0.0195569,0.667397,0.715721,0.048324,34.6696,34.8629,10,10,0,0.709963,0.551531,0.158432,0,1,0,0
102.1,2203,2,0.0202187,0.0202187,0.654767,0.652281,0.00248587,34.6191,34.6091,9,9,0,0.765152,0.777328,0.012176,0,0,1,0
102.1,2203,3,0.000160486,0.000160486,0.671834,0.67206,0.000226557,34.6873,34.6882,11,11,0,0.814869,0.819149,0.00428,0,1,1,1
102.2,2204,1,0.0198968,0.0198968,0.693463,0.667397,0.0260651,34.7739,34.6696,10,10,0,0.551531,0.643291,0.09176,0,1,0,0
102.2,2204,2,0.0150698,0.0150698,0.647161,0.654767,0.00760609,34.5886,34.6191,9,9,0,0.777328,0.821976,0.044648,0,1,1,0
102.2,2204,3,4.37796e-05,4.37796e-05,0.671896,0.671834,6.181e-05,34.6876,34.6873,11,11,0,0.819149,0.817981,0.001168,0,1,1,1
102.3,2205,1,0.0280374,0.0280374,0.70355,0.693463,0.010087,34.8142,34.7739,10,9,-1,0.643291,0.68576,0.0424693,0,0,1,0
102.3,2205,2,0.0651004,0.0651004,0.664172,0.647161,0.0170113,34.6567,34.5886,9,10,1,0.821976,0.650659,0.171317,0,0,1,0
102.3,2205,3,0.000468254,0.000468254,0.672517,0.671896,0.000621557,34.6901,34.6876,11,11,0,0.817981,0.808541,0.00944,0,1,1,1
102.4,2206,1,0.0333821,0.0333821,0.690887,0.70355,0.0126626,34.7635,34.8142,9,9,0,0.68576,0.770288,0.084528,0,0,1,0
102.4,2206,2,0.0514831,0.0514831,0.664351,0.664172,0.000178754,34.6574,34.6567,10,10,0,0.650659,0.741387,0.090728,0,0,1,0
102.4,2206,3,0.000452638,0.000452638,0.671917,0.672517,0.000599563,34.6877,34.6901,11,11,0,0.808541,0.817565,0.009024,0,1,1,1
102.5,2207,1,0.0285537,0.0285537,0.689394,0.690887,0.00149244,34.7576,34.7635,9,10,1,0.770288,0.586267,0.184021,0,0,1,0
102.5,2207,2,0.0405233,0.0405233,0.654024,0.664351,0.0103274,34.6161,34.6574,10,9,-1,0.741387,0.712912,0.0284747,0,0,1,0
102.5,2207,3,0.000307292,0.000307292,0.671484,0.671917,0.000433981,34.6859,34.6877,11,11,0,0.817565,0.825757,0.008192,0,1,1,1
102.6,2208,1,0.0258724,0.0258724,0.697248,0.689394,0.00785357,34.789,34.7576,10,10,0,0.586267,0.655099,0.068832,0,0,1,0
102.6,2208,2,0.0340143,0.0340143,0.660983,0.654024,0.00695974,34.6439,34.6161,9,9,0,0.712912,0.811272,0.09836,0,0,1,0
102.6,2208,3,0.000291675,0.000291675,0.671896,0.671484,0.000411987,34.6876,34.6859,11,11,0,0.825757,0.817981,0.007776,0,1,1,1
102.7,2209,1,0.0313694,0.0313694,0.703279,0.697248,0.00603092,34.8131,34.789,10,9,-1,0.655099,0.676624,0.0215253,0,0,1,0
102.7,2209,2,0.0135709,0.0135709,0.670799,0.660983,0.00981528,34.6832,34.6439,9,10,1,0.811272,0.773955,0.0373173,0,1,1,0
102.7,2209,3,0.000193506,0.000193506,0.672169,0.671896,0.000273108,34.6887,34.6876,11,11,0,0.817981,0.812821,0.00516,0,1,1,1
102.8,2210,1,0.0190024,0.0190024,0.670167,0.703279,0.0331115,34.6807,34.8131,9,9,0,0.676624,0.682432,0.005808,0,1,0,0
102.8,2210,2,0.000314265,0.000314265,0.655002,0.670799,0.0157964,34.62,34.6832,10,10,0,0.773955,0.629843,0.144112,0,1,1,0
102.8,2210,3,0.000936925,0.000936925,0.673441,0.672169,0.00127268,34.6938,34.6887,11,11,0,0.812821,0.803501,0.00932,0,1,1,1
102.9,2211,1,0.0155158,0.0155158,0.6915,0.670167,0.0213323,34.766,34.6807,9,9,0,0.682432,0.772976,0.090544,0,1,0,0
102.9,2211,2,0.0164551,0.0164551,0.661591,0.655002,0.00658929,34.6464,34.62,10,10,0,0.629843,0.715867,0.086024,0,1,1,0
102.9,2211,3,0.00111452,0.00111452,0.671918,0.673441,0.00152338,34.6877,34.6938,11,11,0,0.803501,0.817557,0.014056,0,1,1,0
103,2212,1,0.030016,0.030016,0.689028,0.6915,0.00247133,34.7561,34.766,9,10,1,0.772976,0.576203,0.196773,0,0,1,0
103,2212,2,0.0334224,0.0334224,0.653508,0.661591,0.00808388,34.614,34.6464,10,9,-1,0.715867,0.722008,0.00614133,0,0,1,0
103,2212,3,0.000306994,0.000306994,0.671484,0.671918,0.000433505,34.6859,34.6877,11,11,0,0.817557,0.825741,0.008184,0,1,1,1
103.1,2213,1,0.0230802,0.0230802,0.691849,0.689028,0.00282079,34.7674,34.7561,10,10,0,0.576203,0.637787,0.061584,0,0,1,0
103.1,2213,2,0.0290784,0.0290784,0.663279,0.653508,0.00977099,34.6531,34.614,9,9,0,0.722008,0.825384,0.103376,0,0,1,0
103.1,2213,3,0.00018549,0.00018549,0.671746,0.671484,0.000261903,34.687,34.6859,11,11,0,0.825741,0.820797,0.004944,0,1,1,1
103.2,2214,1,0.0278058,0.0278058,0.70175,0.691849,0.00990129,34.807,34.7674,10,9,-1,0.637787,0.656352,0.0185653,0,0,1,0
103.2,2214,2,0.0176034,0.0176034,0.667814,0.663279,0.00453508,34.6713,34.6531,9,10,1,0.825384,0.743107,0.0822773,0,1,1,0
103.2,2214,3,0.000197679,0.000197679,0.672026,0.671746,0.000279188,34.6881,34.687,11,11,0,0.820797,0.815525,0.005272,0,1,1,1
103.3,2215,1,0.0308854,0.0308854,0.686424,0.70175,0.0153264,34.7457,34.807,9,9,0,0.656352,0.75084,0.094488,0,0,1,0
103.3,2215,2,0.00707807,0.00707807,0.654897,0.667814,0.0129166,34.6196,34.6713,10,10,0,0.743107,0.635131,0.107976,0,1,1,0
103.3,2215,3,6.2108e-05,6.2108e-05,0.672113,0.672026,8.76188e-05,34.6885,34.6881,11,11,0,0.815525,0.813869,0.001656,0,1,1,1
103.4,2216,1,0.00153524,0.00153524,0.704754,0.686424,0.0183303,34.819,34.7457,9,9,0,0.75084,0.770288,0.019448,0,1,1,0
103.4,2216,2,0.0244105,0.0244105,0.640982,0.654897,0.0139149,34.5639,34.6196,10,10,0,0.635131,0.715883,0.080752,0,0,1,0
103.4,2216,3,0.00125089,0.00125089,0.670468,0.672113,0.00164491,34.6819,34.6885,11,11,0,0.813869,0.819133,0.005264,0,1,1,1
103.5,2217,1,0.0230958,0.0230958,0.690259,0.704754,0.0144954,34.761,34.819,9,10,1,0.770288,0.558763,0.211525,0,0,1,0
103.5,2217,2,0.0374359,0.0374359,0.652938,0.640982,0.0119563,34.6118,34.5639,10,9,-1,0.715883,0.7376,0.0217173,0,0,1,0
103.5,2217,3,0.00012812,0.00012812,0.670292,0.670468,0.000175893,34.6812,34.6819,11,11,0,0.819133,0.822557,0.003424,0,1,1,1
103.6,2218,1,0.0229714,0.0229714,0.693562,0.690259,0.00330317,34.7742,34.761,10,10,0,0.558763,0.643291,0.084528,0,0,1,0
103.6,2218,2,0.0249175,0.0249175,0.661511,0.652938,0.008573,34.646,34.6118,9,9,0,0.7376,0.814512,0.076912,0,0,1,0
103.6,2218,3,0.000187099,0.000187099,0.670549,0.670292,0.000256896,34.6822,34.6812,11,11,0,0.822557,0.817557,0.005,0,1,1,1
103.7,2219,1,0.0289349,0.0289349,0.699791,0.693562,0.00622904,34.7992,34.7742,10,9,-1,0.643291,0.633584,0.00970667,0,0,1,0
103.7,2219,2,0.0423656,0.0423656,0.664259,0.661511,0.0027473,34.657,34.646,9,10,1,0.814512,0.660003,0.154509,0,0,1,0
103.7,2219,3,0.00218412,0.00218412,0.673355,0.670549,0.00280601,34.6934,34.6822,11,11,0,0.817557,0.803205,0.014352,0,1,1,0
103.8,2220,1,0.0339832,0.0339832,0.690887,0.699791,0.00890428,34.7635,34.7992,9,9,0,0.633584,0.770288,0.136704,0,0,1,0
103.8,2220,2,0.0465918,0.0465918,0.662598,0.664259,0.001661,34.6504,34.657,10,10,0,0.660003,0.726739,0.066736,0,0,1,0
103.8,2220,3,0.00147873,0.00147873,0.675021,0.673355,0.00166601,34.7001,34.6934,11,11,0,0.803205,0.794941,0.008264,0,1,1,1
103.9,2221,1,0.00194404,0.00194404,0.722956,0.690887,0.0320689,34.8918,34.7635,9,10,1,0.770288,0.734139,0.0361493,0,1,0,0
103.9,2221,2,0.0218101,0.0218101,0.652439,0.662598,0.0101588,34.6098,34.6504,10,9,-1,0.726739,0.75756,0.0308213,0,0,1,0
103.9,2221,3,0.000160098,0.000160098,0.674843,0.675021,0.000178337,34.6994,34.7001,11,11,0,0.794941,0.795837,0.000896,0,1,1,1
104,2222,1,0.0312139,0.0312139,0.662046,0.722956,0.0609102,34.6482,34.8918,10,10,0,0.734139,0.531387,0.202752,0,0,0,0
104,2222,2,0.0291045,0.0291045,0.645875,0.652439,0.00656378,34.5835,34.6098,9,9,0,0.75756,0.743056,0.014504,0,0,1,0
104,2222,3,0.000918955,0.000918955,0.675866,0.674843,0.00102305,34.7035,34.6994,11,11,0,0.795837,0.790693,0.005144,0,1,1,1
104.1,2223,1,0.0257487,0.0257487,0.695878,0.662046,0.0338321,34.7835,34.6482,10,10,0,0.531387,0.650539,0.119152,0,0,0,0
104.1,2223,2,0.0113344,0.0113344,0.66127,0.645875,0.0153951,34.6451,34.5835,9,9,0,0.743056,0.813032,0.069976,0,1,1,0
104.1,2223,3,0.00157112,0.00157112,0.674116,0.675866,0.00175017,34.6965,34.7035,11,11,0,0.790693,0.799485,0.008792,0,1,1,1
104.2,2224,1,5.05447e-05,5.05447e-05,0.727678,0.695878,0.0318005,34.9107,34.7835,10,9,-1,0.650539,0.819712,0.169173,0,1,0,0
104.2,2224,2,0.0462686,0.0462686,0.663434,0.66127,0.00216359,34.6537,34.6451,9,10,1,0.813032,0.644411,0.168621,0,0,1,0
104.2,2224,3,0.00193682,0.00193682,0.676273,0.674116,0.00215673,34.7051,34.6965,11,11,0,0.799485,0.788645,0.01084,0,1,1,0
104.3,2225,1,0.00118801,0.00118801,0.684742,0.727678,0.0429364,34.739,34.9107,9,9,0,0.819712,0.743568,0.076144,0,1,0,0
104.3,2225,2,0.0504422,0.0504422,0.662685,0.663434,0.000748873,34.6507,34.6537,10,10,0,0.644411,0.727467,0.083056,0,0,1,0
104.3,2225,3,0.00128466,0.00128466,0.674843,0.676273,0.00142962,34.6994,34.7051,11,11,0,0.788645,0.795837,0.007192,0,1,1,1
104.4,2226,1,0.0246287,0.0246287,0.68927,0.684742,0.00452769,34.7571,34.739,9,10,1,0.743568,0.572699,0.170869,0,0,1,0
104.4,2226,2,0.000522688,0.000522688,0.667996,0.662685,0.00531089,34.672,34.6507,10,9,-1,0.727467,0.889864,0.162397,0,1,1,0
104.4,2226,3,0.0160992,0.0160992,0.691617,0.674843,0.0167741,34.7665,34.6994,11,11,0,0.795837,0.984053,0.188216,0,1,1,0
104.5,2227,1,0.0252596,0.0252596,0.69506,0.68927,0.00579065,34.7802,34.7571,10,10,0,0.572699,0.647851,0.075152,0,0,1,0
104.5,2227,2,0.00187664,0.00187664,0.658965,0.667996,0.00903046,34.6359,34.672,9,9,0,0.889864,0.798928,0.090936,0,1,1,0
104.5,2227,3,0.0148145,0.0148145,0.676273,0.691617,0.0153444,34.7051,34.7665,11,11,0,0.984053,0.788645,0.195408,0,1,1,0
104.6,2228,1,0.024891,0.024891,0.673143,0.69506,0.0219169,34.6926,34.7802,10,10,0,0.647851,0.486491,0.16136,0,0,0,0
104.6,2228,2,0.0315368,0.0315368,0.645231,0.658965,0.0137344,34.5809,34.6359,9,9,0,0.798928,0.6256,0.173328,0,0,1,0
104.6,2228,3,0.0445259,0.0445259,0.659194,0.676273,0.017078,34.6368,34.7051,11,11,0,0.788645,0.604381,0.184264,0,0,1,0
104.7,2229,1,0.0280682,0.0280682,0.729178,0.673143,0.0560344,34.9167,34.6926,10,9,-1,0.486491,0.829776,0.343285,0,0,0,0
104.7,2229,2,0.0271761,0.0271761,0.680691,0.645231,0.0354596,34.7228,34.5809,9,10,1,0.6256,0.823875,0.198275,0,0,0,0
104.7,2229,3,0.0571081,0.0571081,0.691475,0.659194,0.0322806,34.7659,34.6368,11,11,0,0.604381,0.990973,0.386592,0,0,0,0
104.8,2230,1,0.000615567,0.000615567,0.687135,0.729178,0.0420423,34.7485,34.9167,9,9,0,0.829776,0.752688,0.077088,0,1,0,0
104.8,2230,2,0.00246398,0.00246398,0.663707,0.680691,0.0169836,34.6548,34.7228,10,10,0,0.823875,0.715867,0.108008,0,1,1,0
104.8,2230,3,0.012945,0.012945,0.675869,0.691475,0.0156059,34.7035,34.7659,11,11,0,0.990973,0.790677,0.200296,0,1,1,0
104.9,2231,1,0.0232207,0.0232207,0.69787,0.687135,0.0107349,34.7915,34.7485,9,10,1,0.752688,0.553515,0.199173,0,0,1,0
104.9,2231,2,0.0290796,0.0290796,0.657102,0.663707,0.00660503,34.6284,34.6548,10,9,-1,0.715867,0.725248,0.00938133,0,0,1,0
104.9,2231,3,0.000362843,0.000362843,0.676273,0.675869,0.000403404,34.7051,34.7035,11,11,0,0.790677,0.788645,0.002032,0,1,1,1
105,2232,1,0.0186266,0.0186266,0.693618,0.69787,0.00425243,34.7745,34.7915,10,10,0,0.553515,0.645035,0.09152,0,1,1,0
105,2232,2,0.0265848,0.0265848,0.662221,0.657102,0.00511932,34.6489,34.6284,9,9,0,0.725248,0.811272,0.086024,0,0,1,0
105,2232,3,0.00149056,0.00149056,0.674613,0.676273,0.00165915,34.6985,34.7051,11,11,0,0.788645,0.796989,0.008344,0,1,1,1
105.1,2233,1,0.0240108,0.0240108,0.705932,0.693618,0.0123144,34.8237,34.7745,10,9,-1,0.645035,0.650976,0.00594133,0,0,1,0
105.1,2233,2,0.0126505,0.0126505,0.671774,0.662221,0.00955313,34.6871,34.6489,9,10,1,0.811272,0.753979,0.0572933,0,1,1,0
105.1,2233,3,6.86646e-05,6.86646e-05,0.67469,0.674613,7.65324e-05,34.6988,34.6985,11,11,0,0.796989,0.796605,0.000384,0,1,1,1
105.2,2234,1,0.0207755,0.0207755,0.677525,0.705932,0.0284076,34.7101,34.8237,9,9,0,0.650976,0.711504,0.060528,0,0,0,0
105.2,2234,2,0.00459492,0.00459492,0.656759,0.671774,0.0150154,34.627,34.6871,10,10,0,0.753979,0.630011,0.123968,0,1,1,0
105.2,2234,3,0.00211817,0.00211817,0.677133,0.67469,0.00244325,34.7085,34.6988,11,11,0,0.796605,0.783573,0.013032,0,1,1,0
105.3,2235,1,0.00782937,0.00782937,0.687135,0.677525,0.00961083,34.7485,34.7101,9,9,0,0.711504,0.752688,0.041184,0,1,1,0
105.3,2235,2,0.0117143,0.0117143,0.664764,0.656759,0.00800514,34.6591,34.627,10,10,0,0.630011,0.724243,0.094232,0,1,1,0
105.3,2235,3,0.00113916,0.00113916,0.67578,0.677133,0.00135309,34.7031,34.7085,11,11,0,0.783573,0.791125,0.007552,0,1,1,1
105.4,2236,1,0.0215575,0.0215575,0.699616,0.687135,0.0124808,34.7985,34.7485,9,10,1,0.752688,0.543323,0.209365,0,0,1,0
105.4,2236,2,0.0289064,0.0289064,0.656965,0.664764,0.00779885,34.6279,34.6591,10,9,-1,0.724243,0.72924,0.00499733,0,0,1,0
105.4,2236,3,0.00105053,0.00105053,0.67461,0.67578,0.0011698,34.6984,34.7031,11,11,0,0.791125,0.797005,0.00588,0,1,1,1
105.5,2237,1,0.0204298,0.0204298,0.697347,0.699616,0.00226951,34.7894,34.7985,10,10,0,0.543323,0.657035,0.113712,0,0,1,0
105.5,2237,2,0.024276,0.024276,0.663588,0.656965,0.00662261,34.6544,34.6279,9,9,0,0.72924,0.819632,0.090392,0,0,1,0
105.5,2237,3,0.00113058,0.00113058,0.675869,0.67461,0.00125885,34.7035,34.6984,11,11,0,0.797005,0.790677,0.006328,0,1,1,1
105.6,2238,1,0.0279334,0.0279334,0.704343,0.697347,0.00699639,34.8174,34.7894,10,9,-1,0.657035,0.634064,0.0229707,0,0,1,0
105.6,2238,2,0.0363272,0.0363272,0.665694,0.663588,0.00210619,34.6628,34.6544,9,10,1,0.819632,0.659995,0.159637,0,0,1,0
105.6,2238,3,0.000921816,0.000921816,0.674843,0.675869,0.00102621,34.6994,34.7035,11,11,0,0.790677,0.795837,0.00516,0,1,1,1
105.7,2239,1,0.0277466,0.0277466,0.685533,0.704343,0.0188099,34.7421,34.8174,9,9,0,0.634064,0.745752,0.111688,0,0,1,0
105.7,2239,2,0.039669,0.039669,0.663568,0.665694,0.00212592,34.6543,34.6628,10,10,0,0.659995,0.714395,0.0544,0,0,1,0
105.7,2239,3,0.00128746,0.00128746,0.676276,0.674843,0.00143284,34.7051,34.6994,11,11,0,0.795837,0.788629,0.007208,0,1,1,1
105.8,2240,1,0.0258452,0.0258452,0.699081,0.685533,0.0135473,34.7963,34.7421,9,9,0,0.745752,0.579304,0.166448,0,0,1,0
105.8,2240,2,0.0178709,0.0178709,0.643115,0.663568,0.0204529,34.5725,34.6543,10,10,0,0.714395,0.562123,0.152272,0,1,0,0
105.8,2240,3,0.0453711,0.0453711,0.658792,0.676276,0.0174833,34.6352,34.7051,11,11,0,0.788629,0.604381,0.184248,0,0,1,0
105.9,2241,1,0.0161822,0.0161822,0.711607,0.699081,0.0125261,34.8464,34.7963,9,10,1,0.579304,0.698091,0.118787,0,1,1,0
105.9,2241,2,0.0256652,0.0256652,0.673408,0.643115,0.0302927,34.6936,34.5725,10,9,-1,0.562123,0.903136,0.341013,0,0,0,0
105.9,2241,3,0.0607083,0.0607083,0.692041,0.658792,0.0332481,34.7682,34.6352,11,11,0,0.604381,0.986429,0.382048,0,0,0,0
106,2242,1,0.00575835,0.00575835,0.692943,0.711607,0.018664,34.7718,34.8464,10,10,0,0.698091,0.642875,0.055216,0,1,1,0
106,2242,2,0.00851768,0.00851768,0.659896,0.673408,0.0135115,34.6396,34.6936,9,9,0,0.903136,0.797112,0.106024,0,1,1,0
106,2242,3,0.016,0.016,0.675538,0.692041,0.0165021,34.7022,34.7682,11,11,0,0.986429,0.792341,0.194088,0,1,1,0
106.1,2243,1,0.0233394,0.0233394,0.705215,0.692943,0.0122722,34.8209,34.7718,10,9,-1,0.642875,0.644128,0.00125333,0,0,1,0
106.1,2243,2,0.0426624,0.0426624,0.664958,0.659896,0.00506145,34.6598,34.6396,9,10,1,0.797112,0.645627,0.151485,0,0,1,0
106.1,2243,3,0.000846297,0.000846297,0.674596,0.675538,0.000942588,34.6984,34.7022,11,11,0,0.792341,0.797077,0.004736,0,1,1,1
106.2,2244,1,0.0272684,0.0272684,0.685563,0.705215,0.019652,34.7423,34.8209,9,9,0,0.644128,0.74588,0.101752,0,0,1,0
106.2,2244,2,0.0434821,0.0434821,0.663675,0.664958,0.00128257,34.6547,34.6598,10,10,0,0.645627,0.715531,0.069904,0,0,1,0
106.2,2244,3,2.89083e-06,2.89083e-06,0.674599,0.674596,3.21865e-06,34.6984,34.6984,11,11,0,0.797077,0.797061,1.6e-05,0,1,1,1
106.3,2245,1,0.0127226,0.0127226,0.708067,0.685563,0.0225042,34.8323,34.7423,9,10,1,0.74588,0.679395,0.0664853,0,1,0,0
106.3,2245,2,0.032657,0.032657,0.657141,0.663675,0.00653422,34.6286,34.6547,10,9,-1,0.715531,0.714848,0.000682666,0,0,1,0
106.3,2245,3,0.000228792,0.000228792,0.674854,0.674599,0.000255048,34.6994,34.6984,11,11,0,0.797061,0.795781,0.00128,0,1,1,1
106.4,2246,1,0.0116013,0.0116013,0.668692,0.708067,0.0393749,34.6748,34.8323,10,10,0,0.679395,0.547115,0.13228,0,1,0,0
106.4,2246,2,0.0359966,0.0359966,0.654559,0.657141,0.00258243,34.6182,34.6286,9,9,0,0.714848,0.768432,0.053584,0,0,1,0
106.4,2246,3,0.000228792,0.000228792,0.674599,0.674854,0.000255048,34.6984,34.6994,11,11,0,0.795781,0.797061,0.00128,0,1,1,1
106.5,2247,1,0.0198899,0.0198899,0.692397,0.668692,0.0237045,34.7696,34.6748,10,10,0,0.547115,0.641131,0.094016,0,1,0,0
106.5,2247,2,0.00433047,0.00433047,0.660139,0.654559,0.00558007,34.6406,34.6182,9,9,0,0.768432,0.798584,0.030152,0,1,1,0
106.5,2247,3,0.00359562,0.00359562,0.670121,0.674599,0.00447786,34.6805,34.6984,11,11,0,0.797061,0.825885,0.028824,0,1,1,0
106.6,2248,1,0.0271045,0.0271045,0.702351,0.692397,0.00995463,34.8094,34.7696,10,9,-1,0.641131,0.66344,0.0223093,0,0,1,0
106.6,2248,2,0.0492901,0.0492901,0.663027,0.660139,0.00288868,34.6521,34.6406,9,10,1,0.798584,0.612979,0.185605,0,0,1,0
106.6,2248,3,0.000118554,0.000118554,0.669958,0.670121,0.00016284,34.6798,34.6805,11,11,0,0.825885,0.829053,0.003168,0,1,1,1
106.7,2249,1,0.0303448,0.0303448,0.685681,0.702351,0.0166703,34.7427,34.8094,9,9,0,0.66344,0.747624,0.084184,0,0,1,0
106.7,2249,2,0.0477475,0.0477475,0.660881,0.663027,0.0021469,34.6435,34.6521,10,10,0,0.612979,0.684283,0.071304,0,0,1,0
106.7,2249,3,8.7142e-05,8.7142e-05,0.669838,0.669958,0.000119865,34.6794,34.6798,11,11,0,0.829053,0.831381,0.002328,0,1,1,1
106.8,2250,1,0.0223369,0.0223369,0.695033,0.685681,0.00935203,34.7801,34.7427,9,10,1,0.747624,0.571699,0.175925,0,0,1,0
106.8,2250,2,0.0433293,0.0433293,0.661439,0.660881,0.000558138,34.6458,34.6435,10,9,-1,0.684283,0.664984,0.0192987,0,0,1,0
106.8,2250,3,9.19402e-05,9.19402e-05,0.669965,0.669838,0.000126421,34.6799,34.6794,11,11,0,0.831381,0.828925,0.002456,0,1,1,1
106.9,2251,1,0.0182761,0.0182761,0.691508,0.695033,0.00352472,34.766,34.7801,10,10,0,0.571699,0.638299,0.0666,0,1,1,0
106.9,2251,2,0.0501413,0.0501413,0.653426,0.661439,0.00801218,34.6137,34.6458,9,9,0,0.664984,0.762936,0.097952,0,0,1,0
106.9,2251,3,0.000101745,0.000101745,0.670105,0.669965,0.000139832,34.6804,34.6799,11,11,0,0.828925,0.826205,0.00272,0,1,1,1
107,2252,1,0.016614,0.016614,0.679752,0.691508,0.0117564,34.719,34.766,10,10,0,0.638299,0.489323,0.148976,0,1,1,0
107,2252,2,0.0395782,0.0395782,0.652897,0.653426,0.00052917,34.6116,34.6137,9,9,0,0.762936,0.590056,0.17288,0,0,1,0
107,2252,3,0.0331652,0.0331652,0.665087,0.670105,0.00501788,34.6603,34.6804,11,11,0,0.826205,0.634269,0.191936,0,0,1,0
107.1,2253,1,0.0193838,0.0193838,0.72894,0.679752,0.049188,34.9158,34.719,10,9,-1,0.489323,0.819808,0.330485,0,1,0,0
107.1,2253,2,0.0200661,0.0200661,0.671696,0.652897,0.0187984,34.6868,34.6116,9,10,1,0.590056,0.753219,0.163163,0,0,1,0
107.1,2253,3,0.0639961,0.0639961,0.700909,0.665087,0.035822,34.8036,34.6603,11,11,0,0.634269,1.02777,0.393504,0,0,0,0
107.2,2254,1,0.00248483,0.00248483,0.685563,0.72894,0.0433771,34.7423,34.9158,9,9,0,0.819808,0.74588,0.073928,0,1,0,0
107.2,2254,2,0.0126116,0.0126116,0.660747,0.671696,0.0109488,34.643,34.6868,10,10,0,0.753219,0.682819,0.0704,0,1,1,0
107.2,2254,3,0.030707,0.030707,0.670275,0.700909,0.0306339,34.6811,34.8036,11,11,0,1.02777,0.822893,0.20488,0,0,0,0
107.3,2255,1,0.0223742,0.0223742,0.696908,0.685563,0.0113454,34.7876,34.7423,9,10,1,0.74588,0.558691,0.187189,0,0,1,0
107.3,2255,2,0.0409411,0.0409411,0.663155,0.660747,0.00240809,34.6526,34.643,10,9,-1,0.682819,0.673,0.00981867,0,0,1,0
107.3,2255,3,0.000149101,0.000149101,0.67048,0.670275,0.000204742,34.6819,34.6811,11,11,0,0.822893,0.818909,0.003984,0,1,1,1
107.4,2256,1,0.0133599,0.0133599,0.687241,0.696908,0.00966686,34.749,34.7876,10,10,0,0.558691,0.624747,0.066056,0,1,1,0
107.4,2256,2,0.0463465,0.0463465,0.6525,0.663155,0.0106546,34.61,34.6526,9,9,0,0.673,0.750568,0.077568,0,0,1,0
107.4,2256,3,0.000115544,0.000115544,0.670321,0.67048,0.000158668,34.6813,34.6819,11,11,0,0.818909,0.821997,0.003088,0,1,1,1
107.5,2257,1,0.0194511,0.0194511,0.703855,0.687241,0.0166131,34.8154,34.749,10,9,-1,0.624747,0.627568,0.00282133,0,1,1,1
107.5,2257,2,0.028708,0.028708,0.671487,0.6525,0.0189867,34.6859,34.61,9,10,1,0.750568,0.705627,0.0449413,0,0,1,0
107.5,2257,3,5.39422e-06,5.39422e-06,0.670314,0.670321,7.39098e-06,34.6813,34.6813,11,11,0,0.821997,0.822141,0.000144,0,1,1,1
107.6,2258,1,0.0171458,0.0171458,0.671916,0.703855,0.0319385,34.6877,34.8154,9,9,0,0.627568,0.68868,0.061112,0,1,0,0
107.6,2258,2,0.0132767,0.0132767,0.657588,0.671487,0.0138986,34.6304,34.6859,10,10,0,0.705627,0.611443,0.094184,0,1,1,0
107.6,2258,3,7.78139e-05,7.78139e-05,0.670421,0.670314,0.000106871,34.6817,34.6813,11,11,0,0.822141,0.820061,0.00208,0,1,1,1
107.7,2259,1,0.00748512,0.00748512,0.680863,0.671916,0.00894701,34.7235,34.6877,9,9,0,0.68868,0.725696,0.037016,0,1,1,0
107.7,2259,2,0.00742514,0.00742514,0.661976,0.657588,0.00438726,34.6479,34.6304,10,10,0,0.611443,0.677667,0.066224,0,1,1,0
107.7,2259,3,0.000329316,0.000329316,0.669968,0.670421,0.000452399,34.6799,34.6817,11,11,0,0.820061,0.828861,0.0088,0,1,1,1
107.8,2260,1,0.012054,0.012054,0.701136,0.680863,0.0202729,34.8045,34.7235,9,10,1,0.725696,0.528027,0.197669,0,1,0,0
107.8,2260,2,0.0395464,0.0395464,0.6637,0.661976,0.00172395,34.6548,34.6479,10,9,-1,0.677667,0.668088,0.00957867,0,0,1,0
107.8,2260,3,0.000858098,0.000858098,0.671102,0.669968,0.00113404,34.6844,34.6799,11,11,0,0.828861,0.813749,0.015112,0,1,1,0
107.9,2261,1,0.0104994,0.0104994,0.691363,0.701136,0.00977343,34.7655,34.8045,10,10,0,0.528027,0.637835,0.109808,0,1,1,0
107.9,2261,2,0.044212,0.044212,0.656528,0.6637,0.00717157,34.6261,34.6548,9,9,0,0.668088,0.770144,0.102056,0,0,1,0
107.9,2261,3,0.00166675,0.00166675,0.668855,0.671102,0.00224698,34.6754,34.6844,11,11,0,0.813749,0.824469,0.01072,0,1,1,0
108,2262,1,0.0226955,0.0226955,0.704032,0.691363,0.0126698,34.8161,34.7655,10,9,-1,0.637835,0.630088,0.00774667,0,0,1,0
108,2262,2,0.0457186,0.0457186,0.663343,0.656528,0.00681472,34.6534,34.6261,9,10,1,0.770144,0.620459,0.149685,0,0,1,0
108,2262,3,1.68681e-05,1.68681e-05,0.668832,0.668855,2.33054e-05,34.6753,34.6754,11,11,0,0.824469,0.824813,0.000344,0,1,1,1
108.1,2263,1,0.0286732,0.0286732,0.686281,0.704032,0.0177516,34.7451,34.8161,9,9,0,0.630088,0.748984,0.118896,0,0,1,0
108.1,2263,2,0.0414525,0.0414525,0.662577,0.663343,0.0007658,34.6503,34.6534,10,10,0,0.620459,0.684275,0.063816,0,0,1,0
108.1,2263,3,0.00022465,0.00022465,0.669127,0.668832,0.000295341,34.6765,34.6753,11,11,0,0.824813,0.822125,0.002688,0,1,1,1
108.2,2264,1,0.0256189,0.0256189,0.698973,0.686281,0.0126919,34.7959,34.7451,9,9,0,0.748984,0.583536,0.165448,0,0,1,0
108.2,2264,2,0.015981,0.015981,0.647395,0.662577,0.015182,34.5896,34.6503,10,10,0,0.684275,0.511379,0.172896,0,1,1,0
108.2,2264,3,0.0363079,0.0363079,0.661297,0.669127,0.0078299,34.6452,34.6765,11,11,0,0.822125,0.616525,0.2056,0,0,1,0
108.3,2265,1,0.0135024,0.0135024,0.709463,0.698973,0.0104906,34.8379,34.7959,9,10,1,0.583536,0.686747,0.103211,0,1,1,0
108.3,2265,2,0.0232825,0.0232825,0.672856,0.647395,0.0254607,34.6914,34.5896,10,9,-1,0.511379,0.870544,0.359165,0,0,0,0
108.3,2265,3,0.0614759,0.0614759,0.697239,0.661297,0.0359415,34.789,34.6452,11,11,0,0.616525,1.02006,0.403536,0,0,0,0
108.4,2266,1,0.00650063,0.00650063,0.691754,0.709463,0.0177088,34.767,34.8379,10,10,0,0.686747,0.639083,0.047664,0,1,1,0
108.4,2266,2,0.000928074,0.000928074,0.653991,0.672856,0.0188648,34.616,34.6914,9,9,0,0.870544,0.757792,0.112752,0,1,1,0
108.4,2266,3,0.0253751,0.0253751,0.668856,0.697239,0.0283825,34.6754,34.789,11,11,0,1.02006,0.824453,0.195608,0,0,0,0
108.5,2267,1,0.0223878,0.0223878,0.704711,0.691754,0.0129562,34.8188,34.767,10,9,-1,0.639083,0.638752,0.000330666,0,0,1,0
108.5,2267,2,0.0481546,0.0481546,0.663166,0.653991,0.00917488,34.6527,34.616,9,10,1,0.757792,0.618987,0.138805,0,0,1,0
108.5,2267,3,0.000459015,0.000459015,0.668221,0.668856,0.000635266,34.6729,34.6754,11,11,0,0.824453,0.834365,0.009912,0,1,1,1
108.6,2268,1,0.0255627,0.0255627,0.683297,0.704711,0.0214133,34.7332,34.8188,9,9,0,0.638752,0.73612,0.097368,0,0,0,0
108.6,2268,2,0.0410351,0.0410351,0.661453,0.663166,0.0017128,34.6458,34.6527,10,10,0,0.618987,0.671931,0.052944,0,0,1,0
108.6,2268,3,0.00150043,0.00150043,0.669445,0.668221,0.00122428,34.6778,34.6729,11,11,0,0.834365,0.819309,0.015056,0,1,1,0
108.7,2269,1,0.01096,0.01096,0.707962,0.683297,0.0246645,34.8318,34.7332,9,10,1,0.73612,0.678843,0.0572773,0,1,0,0
108.7,2269,2,0.0328849,0.0328849,0.660931,0.661453,0.000522137,34.6437,34.6458,10,9,-1,0.671931,0.693648,0.0217173,0,0,1,0
108.7,2269,3,0.000836968,0.000836968,0.669124,0.669445,0.000321269,34.6765,34.6778,11,11,0,0.819309,0.822141,0.002832,0,1,1,1
108.8,2270,1,0.0121779,0.0121779,0.668182,0.707962,0.0397795,34.6727,34.8318,10,10,0,0.678843,0.543659,0.135184,0,1,0,0
108.8,2270,2,0.0438252,0.0438252,0.649359,0.660931,0.0115719,34.5974,34.6437,9,9,0,0.693648,0.735424,0.041776,0,0,1,0
108.8,2270,3,0.00145245,0.00145245,0.669676,0.669124,0.000551522,34.6787,34.6765,11,11,0,0.822141,0.817245,0.004896,0,1,1,1
108.9,2271,1,0.0191836,0.0191836,0.69091,0.668182,0.0227274,34.7636,34.6727,10,10,0,0.543659,0.636395,0.092736,0,1,0,0
108.9,2271,2,0.0042482,0.0042482,0.654507,0.649359,0.00514752,34.618,34.5974,9,9,0,0.735424,0.760296,0.024872,0,1,1,0
108.9,2271,3,0.000620186,0.000620186,0.669444,0.669676,0.000232041,34.6778,34.6787,11,11,0,0.817245,0.819325,0.00208,0,1,1,1
109,2272,1,0.0214963,0.0214963,0.705784,0.69091,0.0148739,34.8231,34.7636,10,9,-1,0.636395,0.649568,0.0131733,0,0,1,0
109,2272,2,0.0474723,0.0474723,0.66409,0.654507,0.00958365,34.6564,34.618,9,10,1,0.760296,0.605283,0.155013,0,0,1,0
109,2272,3,0.00103748,0.00103748,0.668855,0.669444,0.000588298,34.6754,34.6778,11,11,0,0.819325,0.824469,0.005144,0,1,1,1
109.1,2273,1,0.0244045,0.0244045,0.682014,0.705784,0.0237697,34.7281,34.8231,9,9,0,0.649568,0.730616,0.081048,0,0,0,0
109.1,2273,2,0.0388401,0.0388401,0.663669,0.66409,0.000421643,34.6547,34.6564,10,10,0,0.605283,0.677667,0.072384,0,0,1,0
109.1,2273,3,0.000457346,0.000457346,0.668222,0.668855,0.000632942,34.6729,34.6754,11,11,0,0.824469,0.834341,0.009872,0,1,1,1
109.2,2274,1,0.0239794,0.0239794,0.720689,0.682014,0.0386753,34.8828,34.7281,9,9,0,0.730616,0.568864,0.161752,0,0,0,0
109.2,2274,2,0.0448359,0.0448359,0.667172,0.663669,0.00350308,34.6687,34.6547,10,10,0,0.677667,0.567147,0.11052,0,0,1,0
109.2,2274,3,0.00041458,0.00041458,0.668796,0.668222,0.000573754,34.6752,34.6729,11,11,0,0.834341,0.825341,0.009,0,1,1,1
109.3,2275,1,0.0082255,0.0082255,0.68039,0.720689,0.0402992,34.7216,34.8828,9,9,0,0.568864,0.672624,0.10376,0,1,0,0
109.3,2275,2,0.0281911,0.0281911,0.662372,0.667172,0.00480008,34.6495,34.6687,10,10,0,0.567147,0.662707,0.09556,0,0,1,0
109.3,2275,3,0.00204858,0.00204858,0.669806,0.668796,0.00100976,34.6792,34.6752,11,11,0,0.825341,0.816077,0.009264,0,1,1,1
109.4,2276,1,0.00672168,0.00672168,0.699514,0.68039,0.0191239,34.7981,34.7216,9,9,0,0.672624,0.50716,0.165464,0,1,1,0
109.4,2276,2,0.000537306,0.000537306,0.649927,0.662372,0.0124446,34.5997,34.6495,10,10,0,0.662707,0.500651,0.162056,0,1,1,0
109.4,2276,3,0.0363846,0.0363846,0.662992,0.669806,0.0068137,34.652,34.6792,11,11,0,0.816077,0.624493,0.191584,0,0,1,0
109.5,2277,1,0.00267938,0.00267938,0.72826,0.699514,0.0287463,34.913,34.7981,9,9,0,0.50716,0.7772,0.27004,0,1,0,0
109.5,2277,2,0.00245926,0.00245926,0.673343,0.649927,0.0234157,34.6934,34.5997,10,11,1,0.500651,0.627517,0.126867,0,1,0,0
109.5,2277,3,0.0307758,0.0307758,0.692678,0.662992,0.0296858,34.7707,34.652,11,10,-1,0.624493,1.1062,0.481709,0,0,0,0
109.6,2278,1,0.0159538,0.0159538,0.688252,0.72826,0.0400079,34.753,34.913,9,9,0,0.7772,0.703424,0.073776,0,1,0,0
109.6,2278,2,0.00303249,0.00303249,0.649703,0.673343,0.0236397,34.5988,34.6934,11,11,0,0.627517,0.579837,0.04768,0,1,0,0
109.6,2278,3,0.0114916,0.0114916,0.660765,0.692678,0.0319125,34.6431,34.7707,10,10,0,1.1062,0.919467,0.186736,0,1,0,0
109.7,2279,1,0.0166622,0.0166622,0.718887,0.688252,0.0306347,34.8755,34.753,9,9,0,0.703424,0.579,0.124424,0,1,0,0
109.7,2279,2,0.0312292,0.0312292,0.668113,0.649703,0.0184102,34.6725,34.5988,11,10,-1,0.579837,0.544859,0.0349787,0,0,1,0
109.7,2279,3,0.03021,0.03021,0.700502,0.660765,0.039737,34.802,34.6431,10,11,1,0.919467,0.819597,0.0998693,0,0,0,0
109.8,2280,1,0.00793472,0.00793472,0.677913,0.718887,0.0409735,34.7117,34.8755,9,9,0,0.579,0.663328,0.084328,0,1,0,0
109.8,2280,2,0.0596339,0.0596339,0.661035,0.668113,0.00707853,34.6441,34.6725,10,10,0,0.544859,0.671395,0.126536,0,0,1,0
109.8,2280,3,0.00607115,0.00607115,0.695055,0.700502,0.00544763,34.7802,34.802,11,11,0,0.819597,0.870085,0.050488,0,1,1,0
109.9,2281,1,0.00987577,0.00987577,0.714102,0.677913,0.0361887,34.8564,34.7117,9,9,0,0.663328,0.644592,0.018736,0,1,0,0
109.9,2281,2,0.0254009,0.0254009,0.673991,0.661035,0.012956,34.696,34.6441,10,11,1,0.671395,0.617661,0.0537333,0,0,1,0
109.9,2281,3,0.00901607,0.00901607,0.681541,0.695055,0.0135142,34.7262,34.7802,11,10,-1,0.870085,0.859171,0.0109147,0,1,1,0
110,2282,1,0.00417921,0.00417921,0.673194,0.714102,0.0409077,34.6928,34.8564,9,9,0,0.644592,0.639904,0.004688,0,1,0,0
110,2282,2,0.0118427,0.0118427,0.643618,0.673991,0.0303726,34.5745,34.696,11,11,0,0.617661,0.496789,0.120872,0,1,0,0
110,2282,3,0.0332726,0.0332726,0.661184,0.681541,0.0203562,34.6447,34.7262,10,10,0,0.859171,0.924331,0.06516,0,0,0,0
110.1,2283,1,0.0171713,0.0171713,0.691997,0.673194,0.0188026,34.768,34.6928,9,9,0,0.639904,0.718208,0.078304,0,1,1,0
110.1,2283,2,0.000425234,0.000425234,0.655987,0.643618,0.0123687,34.6239,34.5745,11,11,0,0.496789,0.606645,0.109856,0,1,1,0
110.1,2283,3,4.12166e-05,4.12166e-05,0.661406,0.661184,0.00022155,34.6456,34.6447,10,10,0,0.924331,0.927147,0.002816,0,1,1,1
110.2,2284,1,0.0216229,0.0216229,0.711196,0.691997,0.0191984,34.8448,34.768,9,9,0,0.718208,0.57132,0.146888,0,0,1,0
110.2,2284,2,0.0155208,0.0155208,0.667334,0.655987,0.0113477,34.6693,34.6239,11,10,-1,0.606645,0.573371,0.0332747,0,1,1,0
110.2,2284,3,0.0231574,0.0231574,0.702115,0.661406,0.0407094,34.8085,34.6456,10,11,1,0.927147,0.780685,0.146461,0,0,0,0
110.3,2285,1,0.0123563,0.0123563,0.678647,0.711196,0.0325481,34.7146,34.8448,9,9,0,0.57132,0.665376,0.094056,0,1,0,0
110.3,2285,2,0.0529803,0.0529803,0.661842,0.667334,0.00549275,34.6474,34.6693,10,10,0,0.573371,0.673659,0.100288,0,0,1,0
110.3,2285,3,0.00638786,0.00638786,0.699414,0.702115,0.00270122,34.7977,34.8085,11,11,0,0.780685,0.826221,0.045536,0,1,1,0
110.4,2286,1,0.0128116,0.0128116,0.710144,0.678647,0.031496,34.8406,34.7146,9,9,0,0.665376,0.581816,0.08356,0,1,0,0
110.4,2286,2,0.0689628,0.0689628,0.672195,0.661842,0.0103537,34.6888,34.6474,10,11,1,0.673659,0.515501,0.158157,0,0,1,0
110.4,2286,3,0.00235981,0.00235981,0.679966,0.699414,0.0194483,34.7199,34.7977,11,10,-1,0.826221,0.864099,0.0378773,0,1,1,0
110.5,2287,1,0.0220746,0.0220746,0.690889,0.710144,0.0192542,34.7636,34.8406,9,9,0,0.581816,0.713488,0.131672,0,0,1,0
110.5,2287,2,0.0343177,0.0343177,0.653382,0.672195,0.0188133,34.6135,34.6888,11,11,0,0.515501,0.594293,0.078792,0,0,1,0
110.5,2287,3,0.0318494,0.0318494,0.661107,0.679966,0.0188589,34.6444,34.7199,10,10,0,0.864099,0.923347,0.059248,0,0,1,0
110.6,2288,1,0.0203838,0.0203838,0.692564,0.690889,0.00167435,34.7703,34.7636,9,9,0,0.713488,0.54432,0.169168,0,0,1,0
110.6,2288,2,0.0165094,0.0165094,0.649342,0.653382,0.00404018,34.5974,34.6135,11,11,0,0.594293,0.463045,0.131248,0,1,1,0
110.6,2288,3,0.00223854,0.00223854,0.693894,0.661107,0.0327873,34.7756,34.6444,10,10,0,0.923347,0.696411,0.226936,0,1,0,0
110.7,2289,1,0.00799668,0.00799668,0.714379,0.692564,0.0218149,34.8575,34.7703,9,9,0,0.54432,0.724968,0.180648,0,1,0,0
110.7,2289,2,0.00660467,0.00660467,0.676523,0.649342,0.0271811,34.7061,34.5974,11,10,-1,0.463045,0.714963,0.251917,0,1,0,0
110.7,2289,3,0.0331587,0.0331587,0.707001,0.693894,0.013107,34.828,34.7756,10,11,1,0.696411,1.04866,0.352251,0,0,1,0
110.8,2290,1,0.0184591,0.0184591,0.677896,0.714379,0.036483,34.7116,34.8575,9,9,0,0.724968,0.66256,0.062408,0,1,0,0
110.8,2290,2,0.0218938,0.0218938,0.668704,0.676523,0.00781953,34.6748,34.7061,10,10,0,0.714963,0.695723,0.01924,0,0,1,0
110.8,2290,3,0.00333074,0.00333074,0.700416,0.707001,0.00658536,34.8017,34.828,11,11,0,1.04866,0.805725,0.242936,0,1,1,0
110.9,2291,1,0.0138775,0.0138775,0.708633,0.677896,0.0307373,34.8345,34.7116,9,9,0,0.66256,0.594824,0.067736,0,1,0,0
110.9,2291,2,0.0767245,0.0767245,0.67545,0.668704,0.00674653,34.7018,34.6748,10,11,1,0.695723,0.491965,0.203757,0,0,1,0
110.9,2291,3,0.00792414,0.00792414,0.684183,0.700416,0.0162326,34.7367,34.8017,11,10,-1,0.805725,0.858363,0.0526373,0,1,1,0
111,2292,1,0.0228096,0.0228096,0.68954,0.708633,0.0190929,34.7582,34.8345,9,9,0,0.594824,0.70816,0.113336,0,0,1,0
111,2292,2,0.0421137,0.0421137,0.655985,0.67545,0.0194651,34.6239,34.7018,11,11,0,0.491965,0.606637,0.114672,0,0,1,0
111,2292,3,0.0341463,0.0341463,0.654091,0.684183,0.0300919,34.6164,34.7367,10,10,0,0.858363,0.903835,0.045472,0,0,0,0
111.1,2293,1,0.0282698,0.0282698,0.708125,0.68954,0.0185854,34.8325,34.7582,9,9,0,0.70816,0.685328,0.022832,0,0,1,0
111.1,2293,2,0.00792956,0.00792956,0.666457,0.655985,0.010472,34.6658,34.6239,11,10,-1,0.606637,0.606435,0.000202666,0,1,1,1
111.1,2293,3,0.0260051,0.0260051,0.695099,0.654091,0.0410078,34.7804,34.6164,10,11,1,0.903835,0.845157,0.0586773,0,0,0,0
111.2,2294,1,0.0059562,0.0059562,0.66018,0.708125,0.0479457,34.6407,34.8325,9,9,0,0.685328,0.585944,0.099384,0,1,0,0
111.2,2294,2,0.0458889,0.0458889,0.635888,0.666457,0.0305687,34.5436,34.6658,10,10,0,0.606435,0.618107,0.011672,0,0,0,0
111.2,2294,3,0.00317585,0.00317585,0.702062,0.695099,0.00696278,34.8082,34.7804,11,11,0,0.845157,0.781397,0.06376,0,1,1,0
111.3,2295,1,0.00800523,0.00800523,0.673366,0.66018,0.0131865,34.6935,34.6407,9,9,0,0.585944,0.643368,0.057424,0,1,1,0
111.3,2295,2,0.000500411,0.000500411,0.661836,0.635888,0.0259477,34.6473,34.5436,10,10,0,0.618107,0.673643,0.055536,0,1,0,0
111.3,2295,3,0.00578767,0.00578767,0.698576,0.702062,0.00348592,34.7943,34.8082,11,11,0,0.781397,0.824173,0.042776,0,1,1,0
111.4,2296,1,0.0303824,0.0303824,0.702023,0.673366,0.0286566,34.8081,34.6935,9,10,1,0.643368,0.493787,0.149581,0,0,0,0
111.4,2296,2,0.0914378,0.0914378,0.684057,0.661836,0.022221,34.7362,34.6473,10,10,0,0.673643,0.531635,0.142008,0,0,0,0
111.4,2296,3,0.0201207,0.0201207,0.669359,0.698576,0.0292168,34.6774,34.7943,11,10,-1,0.824173,0.965875,0.141701,0,0,0,0
111.5,2297,1,0.0127156,0.0127156,0.678498,0.702023,0.0235252,34.714,34.8081,10,10,0,0.493787,0.592187,0.0984,0,1,0,0
111.5,2297,2,0.0595604,0.0595604,0.675014,0.684057,0.0090428,34.7001,34.7362,10,10,0,0.531635,0.673675,0.14204,0,0,1,0
111.5,2297,3,0.011993,0.011993,0.657689,0.669359,0.0116703,34.6308,34.6774,10,10,0,0.965875,0.924331,0.041544,0,1,1,0
111.6,2298,1,0.0201683,0.0201683,0.711136,0.678498,0.032638,34.8445,34.714,10,9,-1,0.592187,0.540232,0.0519547,0,0,0,0
111.6,2298,2,0.0536762,0.0536762,0.682966,0.675014,0.00795162,34.7319,34.7001,10,10,0,0.673675,0.548923,0.124752,0,0,1,0
111.6,2298,3,0.0260396,0.0260396,0.691289,0.657689,0.0336002,34.7652,34.6308,10,11,1,0.924331,0.864477,0.0598533,0,0,0,0
111.7,2299,1,0.000177443,0.000177443,0.670304,0.711136,0.0408312,34.6812,34.8445,9,9,0,0.540232,0.650624,0.110392,0,1,0,0
111.7,2299,2,0.0543126,0.0543126,0.673732,0.682966,0.00923359,34.6949,34.7319,10,10,0,0.548923,0.670859,0.121936,0,0,1,0
111.7,2299,3,0.000718534,0.000718534,0.691599,0.691289,0.000309944,34.7664,34.7652,11,11,0,0.864477,0.871325,0.006848,0,1,1,1
111.8,2300,1,0.00866765,0.00866765,0.675493,0.670304,0.00518906,34.702,34.6812,9,9,0,0.650624,0.50328,0.147344,0,1,1,0
111.8,2300,2,0.00819941,0.00819941,0.648257,0.673732,0.0254754,34.593,34.6949,10,10,0,0.670859,0.511707,0.159152,0,1,0,0
111.8,2300,3,0.0436287,0.0436287,0.661756,0.691599,0.0298433,34.647,34.7664,11,11,0,0.871325,0.618677,0.252648,0,0,0,0
111.9,2301,1,0.0109272,0.0109272,0.701494,0.675493,0.0260001,34.806,34.702,9,10,1,0.50328,0.617387,0.114107,0,1,0,0
111.9,2301,2,0.0128736,0.0128736,0.666365,0.648257,0.0181082,34.6655,34.593,10,10,0,0.511707,0.701091,0.189384,0,1,1,0
111.9,2301,3,0.0337092,0.0337092,0.695122,0.661756,0.0333664,34.7805,34.647,11,10,-1,0.618677,1.12263,0.503949,0,0,0,0
112,2302,1,0.0209368,0.0209368,0.680617,0.701494,0.0208769,34.7225,34.806,10,10,0,0.617387,0.594107,0.02328,0,0,0,0
112,2302,2,0.0392946,0.0392946,0.659629,0.666365,0.00673586,34.6385,34.6655,10,10,0,0.701091,0.678219,0.022872,0,0,1,0
112,2302,3,0.0154016,0.0154016,0.657689,0.695122,0.0374333,34.6308,34.7805,10,10,0,1.12263,0.924331,0.198296,0,1,0,0
112.1,2303,1,0.0267945,0.0267945,0.701293,0.680617,0.0206767,34.8052,34.7225,10,9,-1,0.594107,0.547304,0.0468027,0,0,0,0
112.1,2303,2,0.0699601,0.0699601,0.672216,0.659629,0.0125868,34.6889,34.6385,10,10,0,0.678219,0.546307,0.131912,0,0,1,0
112.1,2303,3,0.0263911,0.0263911,0.702078,0.657689,0.0443894,34.8083,34.6308,10,11,1,0.924331,0.781541,0.142789,0,0,0,0
112.2,2304,1,0.00273937,0.00273937,0.66855,0.701293,0.0327429,34.6742,34.8052,9,9,0,0.547304,0.644656,0.097352,0,1,0,0
112.2,2304,2,0.0702295,0.0702295,0.658979,0.672216,0.0132374,34.6359,34.6889,10,10,0,0.546307,0.676171,0.129864,0,0,1,0
112.2,2304,3,0.00497434,0.00497434,0.697583,0.702078,0.00449568,34.7903,34.8083,11,11,0,0.781541,0.830189,0.048648,0,1,1,0
112.3,2305,1,0.00879556,0.00879556,0.693722,0.66855,0.0251717,34.7749,34.6742,9,10,1,0.644656,0.563723,0.0809333,0,1,0,0
112.3,2305,2,0.0481424,0.0481424,0.664277,0.658979,0.00529814,34.6571,34.6359,10,10,0,0.676171,0.663347,0.012824,0,0,1,0
112.3,2305,3,0.00419393,0.00419393,0.68059,0.697583,0.0169924,34.7224,34.7903,11,10,-1,0.830189,0.867547,0.0373573,0,1,1,0
112.4,2306,1,0.00655657,0.00655657,0.644372,0.693722,0.0493506,34.5775,34.7749,10,10,0,0.563723,0.479355,0.084368,0,1,0,0
112.4,2306,2,0.0505833,0.0505833,0.62152,0.664277,0.0427567,34.4861,34.6571,10,10,0,0.663347,0.572187,0.09116,0,0,0,0
112.4,2306,3,0.0334443,0.0334443,0.661184,0.68059,0.0194057,34.6447,34.7224,10,10,0,0.867547,0.924331,0.056784,0,0,1,0
112.5,2307,1,0.016875,0.016875,0.675244,0.644372,0.0308721,34.701,34.5775,10,10,0,0.479355,0.578955,0.0996,0,1,0,0
112.5,2307,2,0.00200687,0.00200687,0.658164,0.62152,0.0366442,34.6327,34.4861,10,10,0,0.572187,0.673659,0.101472,0,1,0,0
112.5,2307,3,2.38419e-07,2.38419e-07,0.661183,0.661184,1.2517e-06,34.6447,34.6447,10,10,0,0.924331,0.924315,1.6e-05,0,1,1,1
112.6,2308,1,0.0151065,0.0151065,0.712427,0.675244,0.0371837,34.8497,34.701,10,9,-1,0.578955,0.517296,0.0616587,0,1,0,0
112.6,2308,2,0.0721316,0.0721316,0.67294,0.658164,0.0147759,34.6918,34.6327,10,10,0,0.673659,0.543675,0.129984,0,0,1,0
112.6,2308,3,0.024731,0.024731,0.702238,0.661183,0.0410547,34.809,34.6447,10,11,1,0.924315,0.787573,0.136741,0,0,0,0
112.7,2309,1,0.00691384,0.00691384,0.662145,0.712427,0.0502824,34.6486,34.8497,9,9,0,0.517296,0.62336,0.106064,0,1,0,0
112.7,2309,2,0.0759885,0.0759885,0.649872,0.67294,0.0230683,34.5995,34.6918,10,10,0,0.543675,0.648763,0.105088,0,0,0,0
112.7,2309,3,0.00477278,0.00477278,0.699414,0.702238,0.00282365,34.7977,34.809,11,11,0,0.787573,0.826221,0.038648,0,1,1,0
112.8,2310,1,0.0385571,0.0385571,0.69536,0.662145,0.033215,34.7814,34.6486,9,10,1,0.62336,0.483443,0.139917,0,0,0,0
112.8,2310,2,0.0821055,0.0821055,0.675951,0.649872,0.0260792,34.7038,34.5995,10,10,0,0.648763,0.532683,0.11608,0,0,0,0
112.8,2310,3,0.0016551,0.0016551,0.675781,0.699414,0.0236328,34.7031,34.7977,11,10,-1,0.826221,0.878731,0.0525093,0,1,0,0
112.9,2311,1,0.0310363,0.0310363,0.660097,0.69536,0.0352627,34.6404,34.7814,10,10,0,0.483443,0.536251,0.052808,0,0,0,0
112.9,2311,2,0.0820824,0.0820824,0.649931,0.675951,0.0260199,34.5997,34.7038,10,10,0,0.532683,0.648939,0.116256,0,0,0,0
112.9,2311,3,0.0278901,0.0278901,0.661406,0.675781,0.0143754,34.6456,34.7031,10,10,0,0.878731,0.927147,0.048416,0,0,1,0
113,2312,1,0.01242,0.01242,0.666554,0.660097,0.00645638,34.6662,34.6404,10,10,0,0.536251,0.423019,0.113232,0,1,1,0
113,2312,2,0.0366729,0.0366729,0.650422,0.649931,0.000491142,34.6017,34.5997,10,10,0,0.648939,0.497947,0.150992,0,0,1,0
113,2312,3,0.0031721,0.0031721,0.695208,0.661406,0.033802,34.7808,34.6456,10,10,0,0.927147,0.712795,0.214352,0,1,0,0
113.1,2313,1,0.00518432,0.00518432,0.694207,0.666554,0.0276529,34.7768,34.6662,10,9,-1,0.423019,0.655544,0.232525,0,1,0,0
113.1,2313,2,0.011387,0.011387,0.664629,0.650422,0.0142066,34.6585,34.6017,10,10,0,0.497947,0.680755,0.182808,0,1,1,0
113.1,2313,3,0.0205283,0.0205283,0.698228,0.695208,0.00302035,34.7929,34.7808,10,11,1,0.712795,0.995125,0.282331,0,0,1,0
113.2,2314,1,0.0113717,0.0113717,0.665229,0.694207,0.0289773,34.6609,34.7768,9,9,0,0.655544,0.633424,0.02212,0,1,0,0
113.2,2314,2,0.0480599,0.0480599,0.649931,0.664629,0.0146977,34.5997,34.6585,10,10,0,0.680755,0.648939,0.031816,0,0,1,0
113.2,2314,3,0.00609955,0.00609955,0.699751,0.698228,0.00152266,34.799,34.7929,11,11,0,0.995125,0.824173,0.170952,0,1,1,0
113.3,2315,1,0.0386809,0.0386809,0.709561,0.665229,0.0443314,34.8382,34.6609,9,10,1,0.633424,0.443803,0.189621,0,0,0,0
113.3,2315,2,0.0854324,0.0854324,0.677157,0.649931,0.0272258,34.7086,34.5997,10,10,0,0.648939,0.526363,0.122576,0,0,0,0
113.3,2315,3,0.00654733,0.00654733,0.671324,0.699751,0.0284265,34.6853,34.799,11,10,-1,0.824173,0.896347,0.0721733,0,1,0,0
113.4,2316,1,0.024117,0.024117,0.669282,0.709561,0.040279,34.6771,34.8382,10,10,0,0.443803,0.563179,0.119376,0,0,0,0
113.4,2316,2,0.0844861,0.0844861,0.65237,0.677157,0.0247875,34.6095,34.7086,10,10,0,0.526363,0.656187,0.129824,0,0,0,0
113.4,2316,3,0.0232508,0.0232508,0.661396,0.671324,0.00992852,34.6456,34.6853,10,10,0,0.896347,0.927019,0.030672,0,0,1,0
113.5,2317,1,0.0192566,0.0192566,0.698125,0.669282,0.0288432,34.7925,34.6771,10,9,-1,0.563179,0.561192,0.00198667,0,1,0,0
113.5,2317,2,0.0593498,0.0593498,0.662724,0.65237,0.0103543,34.6509,34.6095,10,10,0,0.656187,0.629331,0.026856,0,0,1,0
113.5,2317,3,0.0292279,0.0292279,0.698997,0.661396,0.0376007,34.796,34.6456,10,11,1,0.927019,0.828757,0.0982613,0,0,0,0
113.6,2318,1,0.00296861,0.00296861,0.635452,0.698125,0.0626728,34.5418,34.7925,9,9,0,0.561192,0.553344,0.007848,0,1,0,0
113.6,2318,2,0.0525197,0.0525197,0.623755,0.662724,0.0389686,34.495,34.6509,10,10,0,0.629331,0.550955,0.078376,0,0,0,0
113.6,2318,3,0.00372642,0.00372642,0.702467,0.698997,0.00347018,34.8099,34.796,11,11,0,0.828757,0.790589,0.038168,0,1,1,0
113.7,2319,1,0.00729915,0.00729915,0.664483,0.635452,0.0290308,34.6579,34.5418,9,9,0,0.553344,0.630912,0.077568,0,1,0,0
113.7,2319,2,0.00524054,0.00524054,0.65383,0.623755,0.030075,34.6153,34.495,10,10,0,0.550955,0.654971,0.104016,0,1,0,0
113.7,2319,3,0.00346717,0.00346717,0.702018,0.702467,0.0004493,34.8081,34.8099,11,11,0,0.790589,0.805741,0.015152,0,1,1,0
113.8,2320,1,0.0388368,0.0388368,0.708897,0.664483,0.0444146,34.8356,34.6579,9,10,1,0.630912,0.445139,0.185773,0,0,0,0
113.8,2320,2,0.080452,0.080452,0.674851,0.65383,0.0210209,34.6994,34.6153,10,10,0,0.654971,0.525067,0.129904,0,0,0,0
113.8,2320,3,0.00196987,0.00196987,0.674929,0.702018,0.0270885,34.6997,34.8081,11,10,-1,0.805741,0.882115,0.0763733,0,1,0,0
113.9,2321,1,0.0273255,0.0273255,0.666077,0.708897,0.0428208,34.6643,34.8356,10,10,0,0.445139,0.554475,0.109336,0,0,0,0
113.9,2321,2,0.081612,0.081612,0.651228,0.674851,0.0236228,34.6049,34.6994,10,10,0,0.525067,0.648923,0.123856,0,0,0,0
113.9,2321,3,0.0255579,0.0255579,0.65887,0.674929,0.0160595,34.6355,34.6997,10,10,0,0.882115,0.904619,0.022504,0,0,1,0
114,2322,1,0.000219494,0.000219494,0.722672,0.666077,0.0565948,34.8907,34.6643,10,9,-1,0.554475,0.495312,0.0591627,0,1,0,0
114,2322,2,0.0812376,0.0812376,0.674766,0.651228,0.0235375,34.6991,34.6049,10,10,0,0.648923,0.525875,0.123048,0,0,0,0
114,2322,3,0.0118292,0.0118292,0.699437,0.65887,0.0405675,34.7977,34.6355,10,11,1,0.904619,0.755709,0.148909,0,1,0,0
114.1,2323,1,0.0078243,0.0078243,0.668515,0.722672,0.0541565,34.6741,34.8907,9,9,0,0.495312,0.628096,0.132784,0,1,0,0
114.1,2323,2,0.0832438,0.0832438,0.648862,0.674766,0.0259038,34.5954,34.6991,10,10,0,0.525875,0.646139,0.120264,0,0,0,0
114.1,2323,3,0.011793,0.011793,0.70226,0.699437,0.00282294,34.809,34.7977,11,11,0,0.755709,0.788821,0.033112,0,1,1,0
114.2,2324,1,0.0111811,0.0111811,0.671832,0.668515,0.00331724,34.6873,34.6741,9,9,0,0.628096,0.48736,0.140736,0,1,1,0
114.2,2324,2,0.0398207,0.0398207,0.651523,0.648862,0.00266081,34.6061,34.5954,10,10,0,0.646139,0.491931,0.154208,0,0,1,0
114.2,2324,3,0.0500601,0.0500601,0.657235,0.70226,0.0450251,34.6289,34.809,11,11,0,0.788821,0.591541,0.19728,0,0,0,0
114.3,2325,1,0.000706136,0.000706136,0.703521,0.671832,0.0316886,34.8141,34.6873,9,9,0,0.48736,0.685968,0.198608,0,1,0,0
114.3,2325,2,0.0162128,0.0162128,0.658605,0.651523,0.00708222,34.6344,34.6061,10,11,1,0.491931,0.627709,0.135779,0,1,1,0
114.3,2325,3,0.0251909,0.0251909,0.680968,0.657235,0.0237331,34.7239,34.6289,11,10,-1,0.591541,1.05797,0.466429,0,0,0,0
114.4,2326,1,0.0132,0.0132,0.678344,0.703521,0.0251771,34.7134,34.8141,9,9,0,0.685968,0.658272,0.027696,0,1,0,0
114.4,2326,2,0.00544044,0.00544044,0.637479,0.658605,0.0211266,34.5499,34.6344,11,11,0,0.627709,0.579301,0.048408,0,1,0,0
114.4,2326,3,0.00541934,0.00541934,0.654378,0.680968,0.0265896,34.6175,34.7239,10,10,0,1.05797,0.877851,0.18012,0,1,0,0
114.5,2327,1,0.00402129,0.00402129,0.699689,0.678344,0.0213452,34.7988,34.7134,9,9,0,0.658272,0.532304,0.125968,0,1,0,0
114.5,2327,2,0.026101,0.026101,0.659219,0.637479,0.0217407,34.6369,34.5499,11,10,-1,0.579301,0.538851,0.0404507,0,0,0,0
114.5,2327,3,0.0117843,0.0117843,0.700926,0.654378,0.0465475,34.8037,34.6175,10,11,1,0.877851,0.765013,0.112837,0,1,0,0
114.6,2328,1,0.00018549,0.00018549,0.670324,0.699689,0.0293647,34.6813,34.7988,9,9,0,0.532304,0.628088,0.095784,0,1,0,0
114.6,2328,2,0.0599772,0.0599772,0.635857,0.659219,0.0233623,34.5434,34.6369,10,10,0,0.538851,0.657675,0.118824,0,0,0,0
114.6,2328,3,0.00615031,0.00615031,0.702145,0.700926,0.00121927,34.8086,34.8037,11,11,0,0.765013,0.782357,0.017344,0,1,1,0
114.7,2329,1,0.0149068,0.0149068,0.686713,0.670324,0.0163886,34.7469,34.6813,9,9,0,0.628088,0.604496,0.023592,0,1,1,0
114.7,2329,2,0.038318,0.038318,0.655389,0.635857,0.0195323,34.6216,34.5434,10,11,1,0.657675,0.595877,0.0617973,0,0,1,0
114.7,2329,3,0.0163634,0.0163634,0.694052,0.702145,0.00809276,34.7762,34.8086,11,10,-1,0.782357,0.819675,0.0373173,0,1,1,0
114.8,2330,1,0.0126665,0.0126665,0.651979,0.686713,0.0347335,34.6079,34.7469,9,9,0,0.604496,0.571432,0.033064,0,1,0,0
114.8,2330,2,0.00629337,0.00629337,0.65118,0.655389,0.00420952,34.6047,34.6216,11,11,0,0.595877,0.481573,0.114304,0,1,1,0
114.8,2330,3,0.0342993,0.0342993,0.654382,0.694052,0.0396703,34.6175,34.7762,10,10,0,0.819675,0.877867,0.058192,0,0,0,0
114.9,2331,1,0.00603798,0.00603798,0.677684,0.651979,0.025705,34.7107,34.6079,9,9,0,0.571432,0.655736,0.084304,0,1,0,0
114.9,2331,2,0.0105358,0.0105358,0.642253,0.65118,0.00892699,34.569,34.6047,11,11,0,0.481573,0.593125,0.111552,0,1,1,0
114.9,2331,3,0.00123143,0.00123143,0.656075,0.654382,0.00169271,34.6243,34.6175,10,10,0,0.877867,0.886995,0.009128,0,1,1,1
115,2332,1,0.0057534,0.0057534,0.697913,0.677684,0.0202287,34.7917,34.7107,9,9,0,0.655736,0.540528,0.115208,0,1,0,0
115,2332,2,0.0172155,0.0172155,0.654775,0.642253,0.0125226,34.6191,34.569,11,10,-1,0.593125,0.560923,0.0322027,0,1,1,0
115,2332,3,0.00282103,0.00282103,0.697059,0.656075,0.0409845,34.7882,34.6243,10,11,1,0.886995,0.740149,0.146845,0,1,0,0
115.1,2333,1,0.00225756,0.00225756,0.67111,0.697913,0.0268028,34.6844,34.7917,9,9,0,0.540528,0.630912,0.090384,0,1,0,0
115.1,2333,2,0.0501476,0.0501476,0.649626,0.654775,0.00514889,34.5985,34.6191,10,10,0,0.560923,0.688603,0.12768,0,0,1,0
115.1,2333,3,0.018235,0.018235,0.702425,0.697059,0.00536615,34.8097,34.7882,11,11,0,0.740149,0.790333,0.050184,0,1,1,0
115.2,2334,1,0.000969261,0.000969261,0.70052,0.67111,0.02941,34.8021,34.6844,9,9,0,0.630912,0.5276,0.103312,0,1,0,0
115.2,2334,2,0.0666183,0.0666183,0.657226,0.649626,0.00759912,34.6289,34.5985,10,11,1,0.688603,0.517197,0.171405,0,0,1,0
115.2,2334,3,0.013491,0.013491,0.690012,0.702425,0.0124137,34.76,34.8097,11,10,-1,0.790333,0.838051,0.0477173,0,1,1,0
115.3,2335,1,0.002933,0.002933,0.67834,0.70052,0.0221807,34.7134,34.8021,9,9,0,0.5276,0.658256,0.130656,0,1,0,0
115.3,2335,2,0.0308524,0.0308524,0.645285,0.657226,0.0119402,34.5811,34.6289,11,11,0,0.517197,0.601213,0.084016,0,0,1,0
115.3,2335,3,0.0333156,0.0333156,0.654382,0.690012,0.0356296,34.6175,34.76,10,10,0,0.838051,0.877867,0.039816,0,0,0,0
115.4,2336,1,0.00998655,0.00998655,0.677724,0.67834,0.000615597,34.7109,34.7134,9,9,0,0.658256,0.496928,0.161328,0,1,1,0
115.4,2336,2,0.00592598,0.00592598,0.649428,0.645285,0.00414264,34.5977,34.5811,11,11,0,0.601213,0.462021,0.139192,0,1,1,0
115.4,2336,3,0.0154963,0.0154963,0.686911,0.654382,0.0325294,34.7476,34.6175,10,10,0,0.877867,0.675611,0.202256,0,1,0,0
115.5,2337,1,0.00689831,0.00689831,0.696465,0.677724,0.0187406,34.7859,34.7109,9,9,0,0.496928,0.665616,0.168688,0,1,1,0
115.5,2337,2,0.019622,0.019622,0.656804,0.649428,0.0073759,34.6272,34.5977,11,10,-1,0.462021,0.736995,0.274973,0,1,1,0
115.5,2337,3,0.0343606,0.0343606,0.699238,0.686911,0.012327,34.797,34.7476,10,11,1,0.675611,0.944885,0.269275,0,0,1,0
115.6,2338,1,0.0132503,0.0132503,0.671806,0.696465,0.0246586,34.6872,34.7859,9,9,0,0.665616,0.633416,0.0322,0,1,0,0
115.6,2338,2,0.0111445,0.0111445,0.647668,0.656804,0.00913578,34.5907,34.6272,10,10,0,0.736995,0.683867,0.053128,0,1,1,0
115.6,2338,3,0.000932097,0.000932097,0.702145,0.699238,0.00290644,34.8086,34.797,11,11,0,0.944885,0.782341,0.162544,0,1,1,0
115.7,2339,1,0.00285378,0.00285378,0.697639,0.671806,0.0258334,34.7906,34.6872,9,9,0,0.633416,0.541776,0.09164,0,1,0,0
115.7,2339,2,0.0766473,0.0766473,0.65885,0.647668,0.0111822,34.6354,34.5907,10,11,1,0.683867,0.502365,0.181501,0,0,1,0
115.7,2339,3,0.0143571,0.0143571,0.688754,0.702145,0.0133911,34.755,34.8086,11,10,-1,0.782341,0.841475,0.0591333,0,1,1,0
115.8,2340,1,0.00527292,0.00527292,0.676488,0.697639,0.0211518,34.706,34.7906,9,9,0,0.541776,0.651024,0.109248,0,1,0,0
115.8,2340,2,0.0371315,0.0371315,0.6487,0.65885,0.0101501,34.5948,34.6354,11,11,0,0.502365,0.608421,0.106056,0,0,1,0
115.8,2340,3,0.0330033,0.0330033,0.655428,0.688754,0.0333257,34.6217,34.755,10,10,0,0.841475,0.883371,0.041896,0,0,0,0
115.9,2341,1,0.0166549,0.0166549,0.687681,0.676488,0.0111935,34.7507,34.706,9,9,0,0.651024,0.62384,0.027184,0,1,1,0
115.9,2341,2,0.00494488,0.00494488,0.653721,0.6487,0.00502104,34.6149,34.5948,11,10,-1,0.608421,0.607187,0.00123467,0,1,1,1
115.9,2341,3,0.0243708,0.0243708,0.701837,0.655428,0.046409,34.8073,34.6217,10,11,1,0.883371,0.807293,0.0760773,0,0,0,0
116,2342,1,0.00857067,0.00857067,0.644184,0.687681,0.0434971,34.5767,34.7507,9,9,0,0.62384,0.54328,0.08056,0,1,0,0
116,2342,2,0.0302961,0.0302961,0.631897,0.653721,0.0218247,34.5276,34.6149,10,10,0,0.607187,0.614387,0.0072,0,0,0,0
116,2342,3,0.0158709,0.0158709,0.699493,0.701837,0.00234377,34.798,34.8073,11,11,0,0.807293,0.756021,0.051272,0,1,1,0
116.1,2343,1,0.00509638,0.00509638,0.670327,0.644184,0.0261425,34.6813,34.5767,9,9,0,0.54328,0.628096,0.084816,0,1,0,0
116.1,2343,2,0.0148281,0.0148281,0.642469,0.631897,0.0105724,34.5699,34.5276,10,10,0,0.614387,0.672203,0.057816,0,1,1,0
116.1,2343,3,0.00183722,0.00183722,0.70025,0.699493,0.000757039,34.801,34.798,11,11,0,0.756021,0.760317,0.004296,0,1,1,1
116.2,2344,1,0.00333259,0.00333259,0.696629,0.670327,0.0263027,34.7865,34.6813,9,9,0,0.628096,0.545856,0.08224,0,1,0,0
116.2,2344,2,0.0840216,0.0840216,0.662145,0.642469,0.0196766,34.6486,34.5699,10,11,1,0.672203,0.487989,0.184213,0,0,1,0
116.2,2344,3,0.0227525,0.0227525,0.68886,0.70025,0.0113905,34.7554,34.801,11,10,-1,0.760317,0.841187,0.0808693,0,0,1,0
116.3,2345,1,0.0060569,0.0060569,0.676111,0.696629,0.0205181,34.7044,34.7865,9,9,0,0.545856,0.649528,0.103672,0,1,0,0
116.3,2345,2,0.0431822,0.0431822,0.649377,0.662145,0.0127682,34.5975,34.6486,11,11,0,0.487989,0.609885,0.121896,0,0,1,0
116.3,2345,3,0.0284819,0.0284819,0.651259,0.68886,0.0376011,34.605,34.7554,10,10,0,0.841187,0.853915,0.012728,0,0,0,0
116.4,2346,1,0.00149858,0.00149858,0.700486,0.676111,0.0243749,34.8019,34.7044,9,9,0,0.649528,0.527736,0.121792,0,1,0,0
116.4,2346,2,0.0148832,0.0148832,0.657259,0.649377,0.00788122,34.629,34.5975,11,10,-1,0.609885,0.548555,0.0613307,0,1,1,0
116.4,2346,3,0.00141108,0.00141108,0.698402,0.651259,0.0471433,34.7936,34.605,10,11,1,0.853915,0.749965,0.103949,0,1,0,0
116.5,2347,1,0.000656158,0.000656158,0.671808,0.700486,0.0286778,34.6872,34.8019,9,9,0,0.527736,0.633424,0.105688,0,1,0,0
116.5,2347,2,0.0557226,0.0557226,0.642469,0.657259,0.0147896,34.5699,34.629,10,10,0,0.548555,0.672203,0.123648,0,0,1,0
116.5,2347,3,0.0104569,0.0104569,0.701339,0.698402,0.00293708,34.8054,34.7936,11,11,0,0.749965,0.775045,0.02508,0,1,1,0
116.6,2348,1,0.0090892,0.0090892,0.673407,0.671808,0.0015986,34.6936,34.6872,9,9,0,0.633424,0.482024,0.1514,0,1,1,0
116.6,2348,2,0.0137247,0.0137247,0.645926,0.642469,0.00345725,34.5837,34.5699,10,10,0,0.672203,0.529307,0.142896,0,1,1,0
116.6,2348,3,0.0496834,0.0496834,0.657981,0.701339,0.0433579,34.6319,34.8054,11,11,0,0.775045,0.558093,0.216952,0,0,0,0
116.7,2349,1,0.000679582,0.000679582,0.706106,0.673407,0.0326992,34.8244,34.6936,9,9,0,0.482024,0.693216,0.211192,0,1,0,0
116.7,2349,2,0.0248364,0.0248364,0.657019,0.645926,0.0110933,34.6281,34.5837,10,11,1,0.529307,0.606221,0.0769147,0,0,1,0
116.7,2349,3,0.0305569,0.0305569,0.683846,0.657981,0.0258649,34.7354,34.6319,11,10,-1,0.558093,1.07811,0.520013,0,0,0,0
116.8,2350,1,0.0108279,0.0108279,0.676488,0.706106,0.0296184,34.706,34.8244,9,9,0,0.693216,0.651024,0.042192,0,1,0,0
116.8,2350,2,0.00512941,0.00512941,0.642551,0.657019,0.0144688,34.5702,34.6281,11,11,0,0.606221,0.593261,0.01296,0,1,1,0
116.8,2350,3,0.010004,0.010004,0.649513,0.683846,0.034333,34.5981,34.7354,10,10,0,1.07811,0.853147,0.22496,0,1,0,0
116.9,2351,1,0.00368357,0.00368357,0.698962,0.676488,0.0224745,34.7958,34.706,9,9,0,0.651024,0.535736,0.115288,0,1,0,0
116.9,2351,2,0.0288927,0.0288927,0.661003,0.642551,0.0184521,34.644,34.5702,11,10,-1,0.593261,0.539563,0.0536987,0,0,1,0
116.9,2351,3,0.00569588,0.00569588,0.696416,0.649513,0.0469026,34.7857,34.5981,10,11,1,0.853147,0.731269,0.121877,0,1,0,0
117,2352,1,0.000695705,0.000695705,0.670327,0.698962,0.0286355,34.6813,34.7958,9,9,0,0.535736,0.628096,0.09236,0,1,0,0
117,2352,2,0.0672637,0.0672637,0.633764,0.661003,0.0272391,34.5351,34.644,10,10,0,0.539563,0.658907,0.119344,0,0,0,0
117,2352,3,0.00257894,0.00257894,0.697375,0.696416,0.000959218,34.7895,34.7857,11,11,0,0.731269,0.743453,0.012184,0,1,1,0
117.1,2353,1,0.0175286,0.0175286,0.714015,0.670327,0.0436882,34.8561,34.6813,9,8,-1,0.628096,0.637829,0.00973333,0,1,0,0
117.1,2353,2,0.0416045,0.0416045,0.658256,0.633764,0.024492,34.633,34.5351,10,11,1,0.658907,0.612677,0.0462293,0,0,0,0
117.1,2353,3,0.0101341,0.0101341,0.692851,0.697375,0.00452369,34.7714,34.7895,11,11,0,0.743453,0.705573,0.03788,0,1,1,0
117.2,2354,1,0.00796562,0.00796562,0.65778,0.714015,0.0562348,34.6311,34.8561,8,8,0,0.637829,0.639493,0.001664,0,1,0,0
117.2,2354,2,0.00626564,0.00626564,0.65209,0.658256,0.00616598,34.6084,34.633,11,11,0,0.612677,0.617757,0.00508,0,1,1,1
117.2,2354,3,0.00810441,0.00810441,0.680384,0.692851,0.0124669,34.7215,34.7714,11,11,0,0.705573,0.713949,0.008376,0,1,1,1
117.3,2355,1,0.0235614,0.0235614,0.688199,0.65778,0.0304186,34.7528,34.6311,8,8,0,0.639493,0.737333,0.09784,0,0,0,0
117.3,2355,2,0.0097021,0.0097021,0.642052,0.65209,0.0100374,34.5682,34.6084,11,11,0,0.617757,0.591749,0.026008,0,1,1,0
117.3,2355,3,0.0121757,0.0121757,0.683492,0.680384,0.00310785,34.734,34.7215,11,11,0,0.713949,0.748189,0.03424,0,1,1,0
117.4,2356,1,0.0014849,0.0014849,0.725415,0.688199,0.0372163,34.9017,34.7528,8,9,1,0.737333,0.5208,0.216533,0,1,0,0
117.4,2356,2,0.0224443,0.0224443,0.65798,0.642052,0.0159274,34.6319,34.5682,11,10,-1,0.591749,0.556619,0.0351307,0,0,1,0
117.4,2356,3,0.0274816,0.0274816,0.689251,0.683492,0.0057593,34.757,34.734,11,11,0,0.748189,0.680117,0.068072,0,0,1,0
117.5,2357,1,0.0082612,0.0082612,0.680673,0.725415,0.0447422,34.7227,34.9017,9,9,0,0.5208,0.620848,0.100048,0,1,0,0
117.5,2357,2,0.0614884,0.0614884,0.632794,0.65798,0.0251854,34.5312,34.6319,10,10,0,0.556619,0.655691,0.099072,0,0,0,0
117.5,2357,3,0.0257041,0.0257041,0.683719,0.689251,0.00553232,34.7349,34.757,11,11,0,0.680117,0.742677,0.06256,0,0,1,0
117.6,2358,1,0.0142098,0.0142098,0.719583,0.680673,0.0389106,34.8783,34.7227,9,8,-1,0.620848,0.594501,0.0263467,0,1,0,0
117.6,2358,2,0.0897415,0.0897415,0.663177,0.632794,0.0303833,34.6527,34.5312,10,11,1,0.655691,0.502085,0.153605,0,0,0,0
117.6,2358,3,0.0274562,0.0274562,0.688756,0.683719,0.00503641,34.755,34.7349,11,11,0,0.742677,0.675381,0.067296,0,0,1,0
117.7,2359,1,0.0271654,0.0271654,0.69223,0.719583,0.0273532,34.7689,34.8783,8,8,0,0.594501,0.734053,0.139552,0,0,0,0
117.7,2359,2,0.0486573,0.0486573,0.639246,0.663177,0.0239317,34.557,34.6527,11,11,0,0.502085,0.577637,0.075552,0,0,0,0
117.7,2359,3,0.0286203,0.0286203,0.684069,0.688756,0.00468665,34.7363,34.755,11,11,0,0.675381,0.742685,0.067304,0,0,1,0
117.8,2360,1,0.0332691,0.0332691,0.684878,0.69223,0.00735164,34.7395,34.7689,8,8,0,0.734053,0.578757,0.155296,0,0,1,0
117.8,2360,2,0.0147824,0.0147824,0.659,0.639246,0.0197543,34.636,34.557,11,11,0,0.577637,0.433525,0.144112,0,1,1,0
117.8,2360,3,0.0417223,0.0417223,0.654372,0.684069,0.0296974,34.6175,34.7363,11,11,0,0.742685,0.566453,0.176232,0,0,0,0
117.9,2361,1,0.00400582,0.00400582,0.702551,0.684878,0.0176722,34.8102,34.7395,8,9,1,0.578757,0.661568,0.0828107,0,1,1,0
117.9,2361,2,0.00112459,0.00112459,0.648064,0.659,0.0109362,34.5923,34.636,11,10,-1,0.433525,0.711307,0.277781,0,1,1,0
117.9,2361,3,0.0491378,0.0491378,0.699336,0.654372,0.0449649,34.7973,34.6175,11,11,0,0.566453,0.877669,0.311216,0,0,0,0
118,2362,1,0.0304402,0.0304402,0.685117,0.702551,0.0174334,34.7405,34.8102,9,9,0,0.661568,0.630912,0.030656,0,0,1,0
118,2362,2,0.0250833,0.0250833,0.633069,0.648064,0.0149947,34.5323,34.5923,10,10,0,0.711307,0.657419,0.053888,0,0,1,0
118,2362,3,0.00511709,0.00511709,0.683458,0.699336,0.0158788,34.7338,34.7973,11,11,0,0.877669,0.752749,0.12492,0,1,1,0
118.1,2363,1,0.0272474,0.0272474,0.71292,0.685117,0.0278025,34.8517,34.7405,9,8,-1,0.630912,0.600917,0.0299947,0,0,0,0
118.1,2363,2,0.0766554,0.0766554,0.65838,0.633069,0.0253107,34.6335,34.5323,10,11,1,0.657419,0.529205,0.128213,0,0,0,0
118.1,2363,3,0.0308152,0.0308152,0.688366,0.683458,0.00490832,34.7535,34.7338,11,11,0,0.752749,0.673765,0.078984,0,0,1,0
118.2,2364,1,0.0353332,0.0353332,0.694566,0.71292,0.0183539,34.7783,34.8517,8,8,0,0.600917,0.738781,0.137864,0,0,1,0
118.2,2364,2,0.0167206,0.0167206,0.658861,0.65838,0.000481606,34.6354,34.6335,11,11,0,0.529205,0.649877,0.120672,0,1,1,0
118.2,2364,3,0.0258242,0.0258242,0.684063,0.688366,0.00430292,34.7363,34.7535,11,11,0,0.673765,0.735773,0.062008,0,0,1,0
118.3,2365,1,0.0378044,0.0378044,0.704588,0.694566,0.0100226,34.8184,34.7783,8,9,1,0.738781,0.673088,0.0656933,0,0,1,0
118.3,2365,2,0.0142565,0.0142565,0.651018,0.658861,0.00784302,34.6041,34.6354,11,10,-1,0.649877,0.656867,0.00698933,0,1,1,1
118.3,2365,3,0.0150447,0.0150447,0.693557,0.684063,0.00949371,34.7742,34.7363,11,11,0,0.735773,0.710429,0.025344,0,1,1,0
118.4,2366,1,0.0237896,0.0237896,0.662474,0.704588,0.0421144,34.6499,34.8184,9,9,0,0.673088,0.514,0.159088,0,0,0,0
118.4,2366,2,0.0425802,0.0425802,0.632802,0.651018,0.0182167,34.5312,34.6041,10,10,0,0.656867,0.647899,0.008968,0,0,1,0
118.4,2366,3,0.00284985,0.00284985,0.678937,0.693557,0.0146193,34.7157,34.7742,11,11,0,0.710429,0.705757,0.004672,0,1,1,1
118.5,2367,1,0.00557208,0.00557208,0.682632,0.662474,0.0201583,34.7305,34.6499,9,9,0,0.514,0.62336,0.10936,0,1,0,0
118.5,2367,2,0.00822817,0.00822817,0.646111,0.632802,0.0133096,34.5844,34.5312,10,10,0,0.647899,0.711835,0.063936,0,1,1,0
118.5,2367,3,0.0126027,0.0126027,0.684132,0.678937,0.00519425,34.7365,34.7157,11,11,0,0.705757,0.736541,0.030784,0,1,1,0
118.6,2368,1,0.031208,0.031208,0.710496,0.682632,0.0278637,34.842,34.7305,9,8,-1,0.62336,0.626429,0.00306933,0,0,0,0
118.6,2368,2,0.0656671,0.0656671,0.659473,0.646111,0.0133619,34.6379,34.5844,10,11,1,0.711835,0.544373,0.167461,0,0,1,0
118.6,2368,3,0.0279849,0.0279849,0.687709,0.684132,0.00357717,34.7508,34.7365,11,11,0,0.736541,0.668629,0.067912,0,0,1,0
118.7,2369,1,0.0384038,0.0384038,0.692238,0.710496,0.018258,34.769,34.842,8,8,0,0.626429,0.734069,0.10764,0,0,1,0
118.7,2369,2,0.0152534,0.0152534,0.657938,0.659473,0.00153524,34.6318,34.6379,11,11,0,0.544373,0.649485,0.105112,0,1,1,0
118.7,2369,3,0.0325717,0.0325717,0.683271,0.687709,0.0044378,34.7331,34.7508,11,11,0,0.668629,0.754333,0.085704,0,0,1,0
118.8,2370,1,0.0260638,0.0260638,0.705517,0.692238,0.0132788,34.8221,34.769,8,9,1,0.734069,0.575232,0.158837,0,0,1,0
118.8,2370,2,0.000192225,0.000192225,0.655936,0.657938,0.00200212,34.6237,34.6318,11,10,-1,0.649485,0.593883,0.0556027,0,1,1,0
118.8,2370,3,0.0244149,0.0244149,0.691318,0.683271,0.00804728,34.7653,34.7331,11,11,0,0.754333,0.695093,0.05924,0,0,1,0
118.9,2371,1,0.0177281,0.0177281,0.675261,0.705517,0.0302553,34.701,34.8221,9,9,0,0.575232,0.595392,0.02016,0,1,0,0
118.9,2371,2,0.0506018,0.0506018,0.645619,0.655936,0.010317,34.5825,34.6237,10,10,0,0.593883,0.710491,0.116608,0,0,1,0
118.9,2371,3,0.02523,0.02523,0.682228,0.691318,0.00909066,34.7289,34.7653,11,11,0,0.695093,0.759709,0.064616,0,0,1,0
