time_s,ueIndex,x,y,servingCellId
0,0,372.193,632.697,1
0,1,449.521,307.974,2
0,2,677.672,711.094,1
0,3,592.267,422.737,3
0,4,544.124,715.131,1
0,5,757.404,425.105,3
0,6,738.182,595.65,3
0,7,437.135,652.4,1
0,8,259.508,379.649,2
0,9,488.328,369.403,2
0,10,750.062,357.807,3
0,11,754.184,417.803,3
0,12,417.971,475.678,2
0,13,616.299,427.647,3
0,14,539.167,346.097,3
0,15,322.068,457.801,2
0,16,495.071,535.803,1
0,17,390.004,667.251,1
0,18,260.811,368.856,2
0,19,596.712,721.017,1
0,20,472.252,360.573,2
0,21,404.873,233.604,2
0,22,372.011,491.014,2
0,23,754.167,402.993,3
0,24,704.104,686.715,1
0,25,431.109,694.089,1
0,26,316.297,599.453,2
0,27,398.262,658.854,1
0,28,402.76,391.557,2
0,29,555.612,229.283,3
0.5,0,373.591,632.154,2
0.5,1,449.324,306.487,2
0.5,2,679.065,711.649,1
0.5,3,593.766,422.778,3
0.5,4,542.645,714.88,1
0.5,5,757.44,423.605,3
0.5,6,739.094,596.84,3
0.5,7,437.159,653.9,1
0.5,8,258.157,378.996,2
0.5,9,487.173,370.36,2
0.5,10,750.31,359.286,3
0.5,11,754.08,416.306,3
0.5,12,418.034,477.177,2
0.5,13,614.907,428.205,3
0.5,14,539.155,344.597,3
0.5,15,320.709,457.167,2
0.5,16,494.187,534.592,2
0.5,17,388.991,668.358,1
0.5,18,259.502,368.125,2
0.5,19,595.399,721.743,1
0.5,20,472.224,359.073,2
0.5,21,406.289,233.109,2
0.5,22,372.747,489.707,2
0.5,23,755.612,403.394,3
0.5,24,702.979,685.723,3
0.5,25,431.7,692.71,1
0.5,26,315.471,600.705,2
0.5,27,399.762,658.848,1
0.5,28,402.947,393.046,2
0.5,29,554.256,229.923,3
1,0,374.989,631.611,1
1,1,449.127,305,2
1,2,680.459,712.203,1
1,3,595.266,422.819,3
1,4,541.166,714.629,1
1,5,757.476,422.106,3
1,6,740.007,598.031,1
1,7,437.184,655.4,1
1,8,256.807,378.343,2
1,9,486.017,371.317,2
1,10,750.559,360.766,3
1,11,753.976,414.81,3
1,12,418.098,478.675,2
1,13,613.514,428.763,3
1,14,539.144,343.097,2
1,15,319.349,456.534,2
1,16,493.302,533.38,1
1,17,387.979,669.465,1
1,18,258.192,367.393,2
1,19,594.086,722.468,1
1,20,472.196,357.573,2
1,21,407.705,232.615,2
1,22,373.484,488.401,2
1,23,757.057,403.795,3
1,24,701.854,684.731,1
1,25,432.29,691.332,1
1,26,314.644,601.957,2
1,27,401.262,658.843,1
1,28,403.134,394.534,2
1,29,552.9,230.564,2
1.5,0,376.388,631.069,2
1.5,1,448.93,303.513,2
1.5,2,681.852,712.758,1
1.5,3,596.765,422.86,3
1.5,4,539.688,714.378,1
1.5,5,757.512,420.606,3
1.5,6,740.919,599.221,3
1.5,7,437.208,656.899,1
1.5,8,255.457,377.69,2
1.5,9,484.862,372.273,2
1.5,10,750.807,362.245,3
1.5,11,753.872,413.314,3
1.5,12,418.161,480.174,2
1.5,13,612.122,429.322,3
1.5,14,539.132,341.597,2
1.5,15,317.989,455.9,2
1.5,16,492.418,532.168,2
1.5,17,386.966,670.571,1
1.5,18,256.882,366.662,2
1.5,19,592.773,723.193,1
1.5,20,472.168,356.074,2
1.5,21,409.122,232.12,2
1.5,22,374.221,487.094,2
1.5,23,758.503,404.195,3
1.5,24,700.729,683.739,1
1.5,25,432.881,689.953,1
1.5,26,313.817,603.208,2
1.5,27,402.762,658.837,1
1.5,28,403.321,396.022,2
1.5,29,551.544,231.205,2
2,0,377.786,630.526,2
2,1,448.733,302.026,2
2,2,683.246,713.313,1
2,3,598.265,422.902,3
2,4,538.209,714.127,1
2,5,757.548,419.106,3
2,6,741.832,600.412,3
2,7,437.232,658.399,1
2,8,254.106,377.037,2
2,9,483.707,373.23,2
2,10,751.056,363.724,3
2,11,753.768,411.817,3
2,12,418.225,481.673,2
2,13,610.73,429.88,3
2,14,539.121,340.097,2
2,15,316.63,455.266,2
2,16,491.534,530.957,2
2,17,385.954,671.678,1
2,18,255.573,365.931,2
2,19,591.46,723.918,1
2,20,472.14,354.574,2
2,21,410.538,231.626,2
2,22,374.957,485.787,2
2,23,759.948,404.596,3
2,24,699.603,682.747,1
2,25,433.472,688.574,1
2,26,312.99,604.46,2
2,27,404.262,658.832,1
2,28,403.508,397.511,2
2,29,550.187,231.846,2
2.5,0,379.185,629.983,2
2.5,1,448.536,300.539,2
2.5,2,684.64,713.868,1
2.5,3,599.764,422.943,3
2.5,4,536.73,713.876,1
2.5,5,757.584,417.607,3
2.5,6,742.744,601.602,1
2.5,7,437.256,659.899,1
2.5,8,252.756,376.385,2
2.5,9,482.551,374.187,2
2.5,10,751.304,365.204,3
2.5,11,753.664,410.321,3
2.5,12,418.288,483.171,2
2.5,13,609.337,430.438,3
2.5,14,539.11,338.597,2
2.5,15,315.27,454.633,2
2.5,16,490.649,529.745,2
2.5,17,384.941,672.785,1
2.5,18,254.263,365.2,2
2.5,19,590.147,724.643,1
2.5,20,472.112,353.074,2
2.5,21,411.954,231.132,2
2.5,22,375.694,484.481,2
2.5,23,761.394,404.997,3
2.5,24,698.478,681.756,1
2.5,25,434.063,687.195,1
2.5,26,312.163,605.711,2
2.5,27,405.762,658.826,1
2.5,28,403.696,398.999,2
2.5,29,548.831,232.487,2
3,0,380.583,629.44,2
3,1,448.339,299.052,2
3,2,686.033,714.423,1
3,3,601.263,422.984,3
3,4,535.251,713.625,1
3,5,757.62,416.107,3
3,6,743.657,602.793,3
3,7,437.281,661.399,1
3,8,251.405,375.732,2
3,9,481.396,375.144,2
3,10,751.553,366.683,3
3,11,753.56,408.824,3
3,12,418.351,484.67,2
3,13,607.945,430.996,3
3,14,539.098,337.097,2
3,15,313.911,453.999,2
3,16,489.765,528.533,2
3,17,383.928,673.891,1
3,18,252.953,364.468,2
3,19,588.833,725.369,1
3,20,472.084,351.574,2
3,21,413.37,230.637,2
3,22,376.431,483.174,2
3,23,762.839,405.398,3
3,24,697.353,680.764,1
3,25,434.654,685.817,1
3,26,311.337,606.963,2
3,27,407.262,658.821,1
3,28,403.883,400.487,2
3,29,547.475,233.127,2
3.5,0,381.981,628.897,1
3.5,1,448.142,297.565,2
3.5,2,687.427,714.977,1
3.5,3,602.763,423.025,3
3.5,4,533.772,713.374,1
3.5,5,757.656,414.608,3
3.5,6,744.57,603.983,1
3.5,7,437.305,662.899,1
3.5,8,250.055,375.079,2
3.5,9,480.241,376.1,2
3.5,10,751.801,368.162,3
3.5,11,753.456,407.328,3
3.5,12,418.415,486.169,2
3.5,13,606.553,431.554,3
3.5,14,539.087,335.597,2
3.5,15,312.551,453.365,2
3.5,16,488.881,527.322,2
3.5,17,382.916,674.998,1
3.5,18,251.644,363.737,2
3.5,19,587.52,726.094,1
3.5,20,472.056,350.075,2
3.5,21,414.786,230.143,2
3.5,22,377.167,481.867,2
3.5,23,764.285,405.798,3
3.5,24,696.227,679.772,1
3.5,25,435.245,684.438,1
3.5,26,310.51,608.214,2
3.5,27,408.762,658.815,1
3.5,28,404.07,401.975,2
3.5,29,546.119,233.768,2
4,0,383.38,628.355,2
4,1,447.945,296.078,2
4,2,688.821,715.532,1
4,3,604.262,423.066,2
4,4,532.293,713.123,1
4,5,757.692,413.108,3
4,6,745.482,605.174,3
4,7,437.329,664.398,1
4,8,248.704,374.426,2
4,9,479.086,377.057,2
4,10,752.049,369.641,3
4,11,753.352,405.832,3
4,12,418.478,487.667,2
4,13,605.161,432.113,1
4,14,539.076,334.097,2
4,15,311.192,452.732,2
4,16,487.996,526.11,2
4,17,381.903,676.105,1
4,18,250.334,363.006,2
4,19,586.207,726.819,1
4,20,472.028,348.575,2
4,21,416.202,229.648,2
4,22,377.904,480.561,2
4,23,765.73,406.199,3
4,24,695.102,678.78,1
4,25,435.835,683.059,1
4,26,309.683,609.466,2
4,27,410.262,658.81,1
4,28,404.257,403.464,2
4,29,544.763,234.409,2
4.5,0,384.778,627.812,2
4.5,1,447.748,294.591,2
4.5,2,690.214,716.087,1
4.5,3,605.762,423.107,2
4.5,4,530.815,712.872,1
4.5,5,757.728,411.609,3
4.5,6,746.395,606.364,1
4.5,7,437.354,665.898,1
4.5,8,247.354,373.773,2
4.5,9,477.93,378.014,2
4.5,10,752.298,371.121,3
4.5,11,753.248,404.335,3
4.5,12,418.542,489.166,2
4.5,13,603.768,432.671,3
4.5,14,539.064,332.597,2
4.5,15,309.832,452.098,2
4.5,16,487.112,524.899,2
4.5,17,380.891,677.211,1
4.5,18,249.024,362.275,2
4.5,19,584.894,727.544,1
4.5,20,472,347.075,2
4.5,21,417.619,229.154,2
4.5,22,378.641,479.254,2
4.5,23,767.176,406.6,3
4.5,24,693.977,677.788,1
4.5,25,436.426,681.68,1
4.5,26,308.856,610.718,2
4.5,27,411.762,658.804,1
4.5,28,404.444,404.952,2
4.5,29,543.406,235.05,2
5,0,386.176,627.269,2
5,1,447.551,293.104,2
5,2,691.608,716.642,1
5,3,607.261,423.148,2
5,4,529.336,712.621,1
5,5,757.765,410.109,3
5,6,747.307,607.555,1
5,7,437.378,667.398,1
5,8,246.003,373.12,2
5,9,476.775,378.97,2
5,10,752.546,372.6,3
5,11,753.144,402.839,3
5,12,418.605,490.665,2
5,13,602.376,433.229,3
5,14,539.053,331.097,2
5,15,308.472,451.464,2
5,16,486.228,523.687,2
5,17,379.878,678.318,1
5,18,247.714,361.543,2
5,19,583.581,728.269,1
5,20,471.972,345.576,2
5,21,419.035,228.659,2
5,22,379.377,477.947,2
5,23,768.621,407.001,3
5,24,692.851,676.797,1
5,25,437.017,680.302,1
5,26,308.03,611.969,2
5,27,413.262,658.799,1
5,28,404.631,406.44,2
5,29,542.05,235.691,2
5.5,0,387.575,626.726,2
5.5,1,447.355,291.617,2
5.5,2,693.001,717.197,1
5.5,3,608.761,423.189,3
5.5,4,527.857,712.37,1
5.5,5,757.801,408.609,3
5.5,6,748.22,608.745,1
5.5,7,437.402,668.898,1
5.5,8,244.653,372.467,2
5.5,9,475.62,379.927,2
5.5,10,752.795,374.079,3
5.5,11,753.04,401.343,3
5.5,12,418.669,492.163,2
5.5,13,600.984,433.787,3
5.5,14,539.041,329.597,2
5.5,15,307.113,450.83,2
5.5,16,485.344,522.475,2
5.5,17,378.866,679.425,1
5.5,18,246.405,360.812,2
5.5,19,582.268,728.994,1
5.5,20,471.944,344.076,2
5.5,21,420.451,228.165,2
5.5,22,380.114,476.641,2
5.5,23,770.067,407.401,3
5.5,24,691.726,675.805,1
5.5,25,437.608,678.923,1
5.5,26,307.203,613.221,2
5.5,27,414.762,658.794,1
5.5,28,404.818,407.929,2
5.5,29,540.694,236.331,2
6,0,388.973,626.183,1
6,1,447.158,290.13,2
6,2,694.395,717.752,1
6,3,610.26,423.23,3
6,4,526.378,712.119,1
6,5,757.837,407.11,3
6,6,749.132,609.936,3
6,7,437.426,670.398,1
6,8,243.303,371.814,2
6,9,474.464,380.884,2
6,10,753.043,375.559,3
6,11,752.936,399.846,3
6,12,418.732,493.662,2
6,13,599.592,434.345,3
6,14,539.03,328.097,2
6,15,305.753,450.197,2
6,16,484.459,521.264,2
6,17,377.853,680.531,1
6,18,245.095,360.081,2
6,19,580.955,729.72,1
6,20,471.916,342.576,2
6,21,421.867,227.67,2
6,22,380.851,475.334,2
6,23,771.512,407.802,3
6,24,690.601,674.813,1
6,25,438.199,677.544,1
6,26,306.376,614.472,2
6,27,416.262,658.788,1
6,28,405.005,409.417,2
6,29,539.338,236.972,2
6.5,0,390.371,625.641,2
6.5,1,446.961,288.643,2
6.5,2,695.789,718.306,1
6.5,3,611.759,423.271,3
6.5,4,524.899,711.868,1
6.5,5,757.873,405.61,3
6.5,6,750.045,611.126,3
6.5,7,437.451,671.897,1
6.5,8,241.952,371.161,2
6.5,9,473.309,381.841,2
6.5,10,753.292,377.038,3
6.5,11,752.832,398.35,3
6.5,12,418.795,495.161,2
6.5,13,598.199,434.903,3
6.5,14,539.019,326.597,2
6.5,15,304.394,449.563,2
6.5,16,483.575,520.052,2
6.5,17,376.84,681.638,1
6.5,18,243.785,359.35,2
6.5,19,579.642,730.445,1
6.5,20,471.888,341.076,2
6.5,21,423.283,227.176,2
6.5,22,381.587,474.027,2
6.5,23,772.958,408.203,3
6.5,24,689.476,673.821,1
6.5,25,438.789,676.165,1
6.5,26,305.549,615.724,2
6.5,27,417.762,658.783,1
6.5,28,405.192,410.905,2
6.5,29,537.981,237.613,2
7,0,391.77,625.098,1
7,1,446.764,287.156,2
7,2,697.182,718.861,1
7,3,613.259,423.312,1
7,4,523.42,711.617,1
7,5,757.909,404.111,3
7,6,750.958,612.317,3
7,7,437.475,673.397,1
7,8,240.602,370.508,2
7,9,472.154,382.797,2
7,10,753.54,378.517,3
7,11,752.728,396.853,3
7,12,418.859,496.659,2
7,13,596.807,435.462,1
7,14,539.007,325.097,2
7,15,303.034,448.929,2
7,16,482.691,518.84,2
7,17,375.828,682.745,1
7,18,242.476,358.618,2
7,19,578.329,731.17,1
7,20,471.86,339.577,2
7,21,424.699,226.682,2
7,22,382.324,472.721,2
7,23,774.403,408.603,3
7,24,688.35,672.829,1
7,25,439.38,674.787,1
7,26,304.722,616.975,2
7,27,419.262,658.777,1
7,28,405.379,412.393,2
7,29,536.625,238.254,2
7.5,0,393.168,624.555,1
7.5,1,446.567,285.669,2
7.5,2,698.576,719.416,1
7.5,3,614.758,423.353,3
7.5,4,521.941,711.366,1
7.5,5,757.945,402.611,3
7.5,6,751.87,613.507,3
7.5,7,437.499,674.897,1
7.5,8,239.251,369.855,2
7.5,9,470.999,383.754,2
7.5,10,753.789,379.996,3
7.5,11,752.624,395.357,3
7.5,12,418.922,498.158,2
7.5,13,595.415,436.02,3
7.5,14,538.996,323.597,2
7.5,15,301.675,448.296,2
7.5,16,481.806,517.629,2
7.5,17,374.815,683.851,1
7.5,18,241.166,357.887,2
7.5,19,577.016,731.895,1
7.5,20,471.831,338.077,2
7.5,21,426.116,226.187,2
7.5,22,383.061,471.414,2
7.5,23,775.849,409.004,3
7.5,24,687.225,671.838,1
7.5,25,439.971,673.408,1
7.5,26,303.896,618.227,2
7.5,27,420.762,658.772,1
7.5,28,405.566,413.882,2
7.5,29,535.269,238.895,2
8,0,394.566,624.012,2
8,1,446.37,284.182,2
8,2,699.969,719.971,1
8,3,616.258,423.394,3
8,4,520.463,711.115,1
8,5,757.981,401.112,3
8,6,752.783,614.698,3
8,7,437.523,676.397,1
8,8,237.901,369.202,2
8,9,469.843,384.711,2
8,10,754.037,381.476,3
8,11,752.519,393.861,3
8,12,418.986,499.657,2
8,13,594.022,436.578,3
8,14,538.984,322.097,2
8,15,300.315,447.662,2
8,16,480.922,516.417,2
8,17,373.803,684.958,1
8,18,239.856,357.156,2
8,19,575.703,732.62,1
8,20,471.803,336.577,2
8,21,427.532,225.693,2
8,22,383.797,470.107,2
8,23,777.294,409.405,3
8,24,686.1,670.846,1
8,25,440.562,672.029,1
8,26,303.069,619.479,2
8,27,422.262,658.766,1
8,28,405.754,415.37,2
8,29,533.913,239.535,2
8.5,0,395.965,623.469,2
8.5,1,446.173,282.695,2
8.5,2,701.363,720.526,1
8.5,3,617.757,423.435,3
8.5,4,518.984,710.864,1
8.5,5,758.017,399.612,3
8.5,6,753.695,615.888,3
8.5,7,437.548,677.897,1
8.5,8,236.55,368.549,2
8.5,9,468.688,385.668,2
8.5,10,754.285,382.955,3
8.5,11,752.415,392.364,3
8.5,12,419.049,501.155,2
8.5,13,592.63,437.136,2
8.5,14,538.973,320.598,2
8.5,15,298.955,447.028,2
8.5,16,480.038,515.206,2
8.5,17,372.79,686.065,1
8.5,18,238.547,356.425,2
8.5,19,574.39,733.346,1
8.5,20,471.775,335.077,2
8.5,21,428.948,225.198,2
8.5,22,384.534,468.801,2
8.5,23,778.74,409.806,3
8.5,24,684.974,669.854,1
8.5,25,441.153,670.651,1
8.5,26,302.242,620.73,2
8.5,27,423.762,658.761,1
8.5,28,405.941,416.858,2
8.5,29,532.556,240.176,2
9,0,397.363,622.926,2
9,1,445.976,281.208,2
9,2,702.757,721.08,1
9,3,619.257,423.476,3
9,4,517.505,710.613,1
9,5,758.053,398.112,3
9,6,754.608,617.078,1
9,7,437.572,679.396,1
9,8,235.2,367.896,2
9,9,467.533,386.624,2
9,10,754.534,384.434,3
9,11,752.311,390.868,3
9,12,419.112,502.654,2
9,13,591.238,437.694,2
9,14,538.962,319.098,2
9,15,297.596,446.395,2
9,16,479.154,513.994,2
9,17,371.778,687.171,1
9,18,237.237,355.693,2
9,19,573.077,734.071,1
9,20,471.747,333.578,2
9,21,430.364,224.704,2
9,22,385.27,467.494,2
9,23,780.185,410.206,3
9,24,683.849,668.862,1
9,25,441.744,669.272,1
9,26,301.415,621.982,2
9,27,425.262,658.755,1
9,28,406.128,418.347,2
9,29,531.2,240.817,2
9.5,0,398.761,622.384,2
9.5,1,445.779,279.721,2
9.5,2,704.15,721.635,1
9.5,3,620.756,423.517,3
9.5,4,516.026,710.362,1
9.5,5,758.089,396.613,3
9.5,6,755.52,618.269,1
9.5,7,437.596,680.896,1
9.5,8,233.85,367.243,2
9.5,9,466.377,387.581,2
9.5,10,754.782,385.914,3
9.5,11,752.207,389.371,3
9.5,12,419.176,504.153,2
9.5,13,589.846,438.253,2
9.5,14,538.95,317.598,2
9.5,15,296.236,445.761,2
9.5,16,478.269,512.782,2
9.5,17,370.765,688.278,1
9.5,18,235.927,354.962,2
9.5,19,571.764,734.796,1
9.5,20,471.719,332.078,2
9.5,21,431.78,224.209,2
9.5,22,386.007,466.187,2
9.5,23,781.631,410.607,3
9.5,24,682.724,667.87,1
9.5,25,442.334,667.893,1
9.5,26,300.589,623.233,2
9.5,27,426.762,658.75,1
9.5,28,406.315,419.835,2
9.5,29,529.844,241.458,2
10,0,400.16,621.841,2
10,1,445.582,278.234,2
10,2,705.544,722.19,1
10,3,622.256,423.559,3
10,4,514.547,710.111,1
10,5,758.125,395.113,3
10,6,756.433,619.459,3
10,7,437.621,682.396,1
10,8,232.499,366.59,2
10,9,465.222,388.538,2
10,10,755.031,387.393,3
10,11,752.103,387.875,3
10,12,419.239,505.651,2
10,13,588.453,438.811,2
10,14,538.939,316.098,2
10,15,294.877,445.127,2
10,16,477.385,511.571,2
10,17,369.752,689.385,1
10,18,234.618,354.231,2
10,19,570.451,735.521,1
10,20,471.691,330.578,2
10,21,433.196,223.715,2
10,22,386.744,464.881,2
10,23,783.076,411.008,3
10,24,681.598,666.878,1
10,25,442.925,666.514,1
10,26,299.762,624.485,2
10,27,428.262,658.744,1
10,28,406.502,421.323,2
10,29,528.488,242.099,2
10.5,0,401.558,621.298,2
10.5,1,445.385,276.747,2
10.5,2,706.938,722.745,1
10.5,3,623.755,423.6,3
10.5,4,513.068,709.86,1
10.5,5,758.161,393.614,3
10.5,6,757.345,620.65,3
10.5,7,437.645,683.896,1
10.5,8,231.149,365.938,2
10.5,9,464.067,389.494,2
10.5,10,755.279,388.872,3
10.5,11,751.999,386.379,3
10.5,12,419.303,507.15,2
10.5,13,587.061,439.369,2
10.5,14,538.927,314.598,2
10.5,15,293.517,444.494,2
10.5,16,476.501,510.359,2
10.5,17,368.74,690.491,1
10.5,18,233.308,353.5,2
10.5,19,569.138,736.246,1
10.5,20,471.663,329.078,2
10.5,21,434.613,223.22,2
10.5,22,387.48,463.574,2
10.5,23,784.522,411.409,3
10.5,24,680.473,665.887,1
10.5,25,443.516,665.136,1
10.5,26,298.935,625.737,2
10.5,27,429.762,658.739,1
10.5,28,406.689,422.811,2
10.5,29,527.131,242.739,2
11,0,402.956,620.755,1
11,1,445.189,275.26,2
11,2,708.331,723.3,1
11,3,625.254,423.641,3
11,4,511.59,709.609,1
11,5,758.197,392.114,3
11,6,758.258,621.84,3
11,7,437.669,685.396,1
11,8,229.798,365.285,2
11,9,462.912,390.451,2
11,10,755.528,390.351,3
11,11,751.895,384.882,3
11,12,419.366,508.649,2
11,13,585.669,439.927,2
11,14,538.916,313.098,2
11,15,292.158,443.86,2
11,16,475.616,509.147,2
11,17,367.727,691.598,1
11,18,231.998,352.769,2
11,19,567.825,736.972,1
11,20,471.635,327.579,2
11,21,436.029,222.726,2
11,22,388.217,462.267,2
11,23,785.967,411.809,3
11,24,679.348,664.895,1
11,25,444.107,663.757,1
11,26,298.108,626.988,2
11,27,431.262,658.734,1
11,28,406.876,424.3,2
11,29,525.775,243.38,2
11.5,0,404.355,620.212,1
11.5,1,444.992,273.773,2
11.5,2,709.725,723.855,1
11.5,3,626.754,423.682,3
11.5,4,510.111,709.358,1
11.5,5,758.233,390.615,3
11.5,6,759.171,623.031,3
11.5,7,437.693,686.895,1
11.5,8,228.448,364.632,2
11.5,9,461.756,391.408,2
11.5,10,755.776,391.831,3
11.5,11,751.791,383.386,3
11.5,12,419.429,510.147,2
11.5,13,584.277,440.485,2
11.5,14,538.905,311.598,2
11.5,15,290.798,443.226,2
11.5,16,474.732,507.936,2
11.5,17,366.715,692.705,1
11.5,18,230.689,352.037,2
11.5,19,566.512,737.697,1
11.5,20,471.607,326.079,2
11.5,21,437.445,222.231,2
11.5,22,388.954,460.961,2
11.5,23,787.413,412.21,3
11.5,24,678.222,663.903,1
11.5,25,444.698,662.378,1
11.5,26,297.282,628.24,2
11.5,27,432.762,658.728,1
11.5,28,407.063,425.788,2
11.5,29,524.419,244.021,2
12,0,405.753,619.67,2
12,1,444.795,272.286,2
12,2,711.118,724.409,1
12,3,628.253,423.723,3
12,4,508.632,709.107,1
12,5,758.269,389.115,3
12,6,760.083,624.221,1
12,7,437.718,688.395,1
12,8,227.097,363.979,2
12,9,460.601,392.365,2
12,10,756.025,393.31,3
12,11,751.687,381.889,3
12,12,419.493,511.646,2
12,13,582.884,441.043,2
12,14,538.893,310.098,2
12,15,289.438,442.593,2
12,16,473.848,506.724,2
12,17,365.702,693.811,1
12,18,229.379,351.306,2
12,19,565.199,738.422,1
12,20,471.579,324.579,2
12,21,438.861,221.737,2
12,22,389.69,459.654,2
12,23,788.858,412.611,3
12,24,677.097,662.911,1
12,25,445.288,660.999,1
12,26,296.455,629.491,2
12,27,434.262,658.723,1
12,28,407.25,427.276,2
12,29,523.063,244.662,2
12.5,0,407.151,619.127,2
12.5,1,444.598,270.799,2
12.5,2,712.512,724.964,1
12.5,3,629.753,423.764,3
12.5,4,507.153,708.856,1
12.5,5,758.305,387.615,3
12.5,6,760.996,625.412,3
12.5,7,437.742,689.895,1
12.5,8,225.747,363.326,2
12.5,9,459.446,393.321,2
12.5,10,756.273,394.789,3
12.5,11,751.583,380.393,3
12.5,12,419.556,513.145,2
12.5,13,581.492,441.602,2
12.5,14,538.882,308.598,2
12.5,15,288.079,441.959,2
12.5,16,472.964,505.513,2
12.5,17,364.69,694.918,1
12.5,18,228.069,350.575,2
12.5,19,563.886,739.147,1
12.5,20,471.551,323.079,2
12.5,21,440.277,221.243,2
12.5,22,390.427,458.347,2
12.5,23,790.303,413.012,3
12.5,24,675.972,661.919,1
12.5,25,445.879,659.621,1
12.5,26,295.628,630.743,2
12.5,27,435.762,658.717,1
12.5,28,407.437,428.765,2
12.5,29,521.706,245.303,2
13,0,408.55,618.584,2
13,1,444.401,269.312,2
13,2,713.906,725.519,1
13,3,631.252,423.805,3
13,4,505.674,708.605,1
13,5,758.341,386.116,3
13,6,761.908,626.602,3
13,7,437.766,691.395,1
13,8,224.397,362.673,2
13,9,458.29,394.278,2
13,10,756.521,396.268,3
13,11,751.479,378.897,3
13,12,419.62,514.643,2
13,13,580.1,442.16,2
13,14,538.87,307.098,2
13,15,286.719,441.325,2
13,16,472.079,504.301,2
13,17,363.677,696.025,1
13,18,226.759,349.844,2
13,19,562.573,739.872,1
13,20,471.523,321.58,2
13,21,441.693,220.748,2
13,22,391.164,457.041,2
13,23,791.749,413.412,3
13,24,674.847,660.928,1
13,25,446.47,658.242,1
13,26,294.801,631.994,2
13,27,437.262,658.712,1
13,28,407.624,430.253,2
13,29,520.35,245.943,2
13.5,0,409.948,618.041,2
13.5,1,444.204,267.825,2
13.5,2,715.299,726.074,1
13.5,3,632.752,423.846,3
13.5,4,504.195,708.354,1
13.5,5,758.377,384.616,3
13.5,6,762.821,627.793,1
13.5,7,437.79,692.895,1
13.5,8,223.046,362.02,2
13.5,9,457.135,395.235,2
13.5,10,756.77,397.748,3
13.5,11,751.375,377.4,3
13.5,12,419.683,516.142,2
13.5,13,578.707,442.718,2
13.5,14,538.859,305.598,2
13.5,15,285.36,440.692,2
13.5,16,471.195,503.089,2
13.5,17,362.665,697.131,1
13.5,18,225.45,349.112,2
13.5,19,561.26,740.598,1
13.5,20,471.495,320.08,2
13.5,21,443.11,220.254,2
13.5,22,391.9,455.734,2
13.5,23,793.194,413.813,3
13.5,24,673.721,659.936,1
13.5,25,447.061,656.863,1
13.5,26,293.974,633.246,2
13.5,27,438.762,658.706,1
13.5,28,407.811,431.741,2
13.5,29,518.994,246.584,2
14,0,411.346,617.498,2
14,1,444.007,266.338,2
14,2,716.693,726.629,1
14,3,634.251,423.887,3
14,4,502.716,708.103,1
14,5,758.413,383.117,3
14,6,763.733,628.983,1
14,7,437.815,694.394,1
14,8,221.696,361.367,2
14,9,455.98,396.192,2
14,10,757.018,399.227,3
14,11,751.271,375.904,3
14,12,419.747,517.641,2
14,13,577.315,443.276,2
14,14,538.848,304.098,2
14,15,284,440.058,2
14,16,470.311,501.878,2
14,17,361.652,698.238,1
14,18,224.14,348.381,2
14,19,559.946,741.323,1
14,20,471.467,318.58,2
14,21,444.526,219.759,2
14,22,392.637,454.428,2
14,23,794.64,414.214,3
14,24,672.596,658.944,1
14,25,447.652,655.484,1
14,26,293.148,634.498,2
14,27,440.262,658.701,1
14,28,407.999,433.229,2
14,29,517.638,247.225,2
14.5,0,412.745,616.956,2
14.5,1,443.81,264.851,2
14.5,2,718.087,727.183,1
14.5,3,635.751,423.928,3
14.5,4,501.238,707.852,1
14.5,5,758.45,381.617,3
14.5,6,764.646,630.174,1
14.5,7,437.839,695.894,1
14.5,8,220.345,360.714,2
14.5,9,454.825,397.148,2
14.5,10,757.267,400.706,3
14.5,11,751.167,374.408,3
14.5,12,419.81,519.139,2
14.5,13,575.923,443.834,2
14.5,14,538.836,302.598,2
14.5,15,282.641,439.424,2
14.5,16,469.426,500.666,2
14.5,17,360.639,699.345,1
14.5,18,222.83,347.65,2
14.5,19,558.633,742.048,1
14.5,20,471.439,317.081,2
14.5,21,445.942,219.265,2
14.5,22,393.374,453.121,2
14.5,23,796.085,414.615,3
14.5,24,671.471,657.952,1
14.5,25,448.243,654.106,1
14.5,26,292.321,635.749,2
14.5,27,441.762,658.695,1
14.5,28,408.186,434.718,2
14.5,29,516.282,247.866,2
15,0,414.143,616.413,1
15,1,443.613,263.364,2
15,2,719.48,727.738,1
15,3,637.25,423.969,3
15,4,499.759,707.601,1
15,5,758.486,380.118,3
15,6,765.559,631.364,3
15,7,437.863,697.394,1
15,8,218.995,360.061,2
15,9,453.669,398.105,2
15,10,757.515,402.186,3
15,11,751.063,372.911,3
15,12,419.873,520.638,2
15,13,574.531,444.393,2
15,14,538.825,301.098,2
15,15,281.281,438.79,2
15,16,468.542,499.454,2
15,17,359.627,700.451,1
15,18,221.521,346.919,2
15,19,557.32,742.773,1
15,20,471.41,315.581,2
15,21,447.358,218.77,2
15,22,394.11,451.814,2
15,23,797.531,415.015,3
15,24,670.345,656.96,1
15,25,448.833,652.727,1
15,26,291.494,637.001,2
15,27,443.262,658.69,1
15,28,408.373,436.206,2
15,29,514.925,248.507,2
15.5,0,415.541,615.87,2
15.5,1,443.416,261.877,2
15.5,2,720.874,728.293,1
15.5,3,638.749,424.01,3
15.5,4,498.28,707.35,1
15.5,5,758.522,378.618,3
15.5,6,766.471,632.555,3
15.5,7,437.888,698.894,1
15.5,8,217.644,359.408,2
15.5,9,452.514,399.062,2
15.5,10,757.764,403.665,3
15.5,11,750.959,371.415,3
15.5,12,419.937,522.137,2
15.5,13,573.138,444.951,2
15.5,14,538.814,299.598,2
15.5,15,279.921,438.157,2
15.5,16,467.658,498.243,2
15.5,17,358.614,701.558,1
15.5,18,220.211,346.187,2
15.5,19,556.007,743.498,1
15.5,20,471.382,314.081,2
15.5,21,448.774,218.276,2
15.5,22,394.847,450.508,2
15.5,23,798.673,415.32,3
15.5,24,669.22,655.969,1
15.5,25,449.424,651.348,1
15.5,26,290.667,638.252,2
15.5,27,444.762,658.684,1
15.5,28,408.56,437.694,2
15.5,29,513.569,249.147,2
16,0,416.94,615.327,1
16,1,443.219,260.39,2
16,2,722.267,728.848,1
16,3,640.249,424.051,3
16,4,496.801,707.099,1
16,5,758.558,377.119,3
16,6,767.384,633.745,1
16,7,437.912,700.394,1
16,8,216.294,358.755,2
16,9,451.359,400.018,2
16,10,758.012,405.144,3
16,11,750.855,369.918,3
16,12,420,523.635,2
16,13,571.746,445.509,2
16,14,538.802,298.098,2
16,15,278.562,437.523,2
16,16,466.774,497.031,2
16,17,357.602,702.665,1
16,18,218.901,345.456,2
16,19,554.694,744.224,1
16,20,471.354,312.581,2
16,21,450.19,217.781,2
16,22,395.584,449.201,2
16,23,798.45,413.837,3
16,24,668.095,654.977,1
16,25,450.015,649.969,1
16,26,289.841,639.504,2
16,27,446.262,658.679,1
16,28,408.747,439.183,2
16,29,512.213,249.788,2
16.5,0,418.338,614.784,1
16.5,1,443.023,258.903,2
16.5,2,723.661,729.403,1
16.5,3,641.748,424.092,3
16.5,4,495.322,706.848,1
16.5,5,758.594,375.619,3
16.5,6,768.296,634.936,1
16.5,7,437.936,701.893,1
16.5,8,214.944,358.102,2
16.5,9,450.204,400.975,2
16.5,10,758.26,406.623,3
16.5,11,750.751,368.422,3
16.5,12,420.064,525.134,2
16.5,13,570.354,446.067,2
16.5,14,538.791,296.598,2
16.5,15,277.202,436.889,2
16.5,16,465.889,495.82,2
16.5,17,356.589,703.771,1
16.5,18,217.592,344.725,2
16.5,19,553.381,744.949,1
16.5,20,471.326,311.082,2
16.5,21,451.607,217.287,2
16.5,22,396.32,447.894,2
16.5,23,798.227,412.353,3
16.5,24,666.969,653.985,1
16.5,25,450.606,648.591,1
16.5,26,289.014,640.755,2
16.5,27,447.762,658.674,1
16.5,28,408.934,440.671,2
16.5,29,510.857,250.429,2
17,0,419.736,614.242,1
17,1,442.826,257.416,2
17,2,725.055,729.958,1
17,3,643.248,424.133,3
17,4,493.843,706.597,1
17,5,758.63,374.119,3
17,6,769.209,636.126,3
17,7,437.96,703.393,1
17,8,213.593,357.449,2
17,9,449.048,401.932,2
17,10,758.509,408.103,3
17,11,750.647,366.926,3
17,12,420.127,526.632,2
17,13,568.961,446.625,2
17,14,538.779,295.098,2
17,15,275.843,436.256,2
17,16,465.005,494.608,2
17,17,355.577,704.878,1
17,18,216.282,343.994,2
17,19,552.068,745.674,1
17,20,471.298,309.582,2
17,21,453.023,216.793,2
17,22,397.057,446.588,2
17,23,798.004,410.87,3
17,24,665.844,652.993,1
17,25,451.197,647.212,1
17,26,288.187,642.007,2
17,27,449.261,658.668,1
17,28,409.121,442.159,2
17,29,509.5,251.07,2
17.5,0,421.135,613.699,1
17.5,1,442.629,255.929,2
17.5,2,726.448,730.512,1
17.5,3,644.747,424.175,3
17.5,4,492.365,706.346,1
17.5,5,758.666,372.62,3
17.5,6,770.121,637.317,3
17.5,7,437.985,704.893,1
17.5,8,212.243,356.796,2
17.5,9,447.893,402.889,2
17.5,10,758.757,409.582,3
17.5,11,750.543,365.429,3
17.5,12,420.19,528.131,2
17.5,13,567.569,447.183,2
17.5,14,538.768,293.598,2
17.5,15,274.483,435.622,2
17.5,16,464.121,493.396,2
17.5,17,354.564,705.985,1
17.5,18,214.972,343.262,2
17.5,19,550.755,746.399,1
17.5,20,471.27,308.082,2
17.5,21,454.439,216.298,2
17.5,22,397.793,445.281,2
17.5,23,797.781,409.387,3
17.5,24,664.719,652.001,1
17.5,25,451.787,645.833,1
17.5,26,287.36,643.259,2
17.5,27,450.761,658.663,1
17.5,28,409.308,443.647,2
17.5,29,508.144,251.711,2
18,0,422.533,613.156,1
18,1,442.432,254.442,2
18,2,727.842,731.067,1
18,3,646.247,424.216,3
18,4,490.886,706.095,1
18,5,758.702,371.12,3
18,6,771.034,638.507,3
18,7,438.009,706.393,1
18,8,210.892,356.143,2
18,9,446.738,403.845,2
18,10,759.006,411.061,3
18,11,750.439,363.933,3
18,12,420.254,529.63,2
18,13,566.177,447.742,2
18,14,538.757,292.098,2
18,15,273.123,434.988,2
18,16,463.236,492.185,2
18,17,353.551,707.091,1
18,18,213.663,342.531,2
18,19,549.442,747.124,1
18,20,471.242,306.582,2
18,21,455.855,215.804,2
18,22,398.53,443.974,2
18,23,797.558,407.903,3
18,24,663.594,651.009,1
18,25,452.378,644.454,1
18,26,286.533,644.51,2
18,27,452.261,658.657,1
18,28,409.495,445.136,2
18,29,506.788,252.351,2
18.5,0,423.931,612.613,1
18.5,1,442.235,252.955,2
18.5,2,729.236,731.622,1
18.5,3,647.746,424.257,3
18.5,4,489.407,705.844,1
18.5,5,758.738,369.621,3
18.5,6,771.946,639.697,1
18.5,7,438.033,707.893,1
18.5,8,209.542,355.49,2
18.5,9,445.582,404.802,2
18.5,10,759.254,412.541,3
18.5,11,750.335,362.436,3
18.5,12,420.317,531.128,2
18.5,13,564.785,448.3,2
18.5,14,538.745,290.598,2
18.5,15,271.764,434.355,2
18.5,16,462.352,490.973,2
18.5,17,352.539,708.198,1
18.5,18,212.353,341.8,2
18.5,19,548.129,747.85,1
18.5,20,471.214,305.083,2
18.5,21,457.271,215.309,2
18.5,22,399.267,442.668,2
18.5,23,797.335,406.42,3
18.5,24,662.468,650.018,1
18.5,25,452.969,643.076,1
18.5,26,285.707,645.762,2
18.5,27,453.761,658.652,1
18.5,28,409.682,446.624,2
18.5,29,505.432,252.992,2
19,0,425.33,612.07,1
19,1,442.038,251.468,2
19,2,730.629,732.177,1
19,3,649.245,424.298,3
19,4,487.928,705.592,1
19,5,758.774,368.121,3
19,6,772.859,640.888,1
19,7,438.058,709.392,1
19,8,208.191,354.838,2
19,9,444.427,405.759,2
19,10,759.503,414.02,3
19,11,750.231,360.94,3
19,12,420.381,532.627,2
19,13,563.392,448.858,2
19,14,538.734,289.098,2
19,15,270.404,433.721,2
19,16,461.468,489.761,2
19,17,351.526,709.305,1
19,18,211.043,341.069,2
19,19,546.816,748.575,1
19,20,471.186,303.583,2
19,21,458.687,214.815,2
19,22,400.003,441.361,2
19,23,797.112,404.937,3
19,24,661.343,649.026,1
19,25,453.56,641.697,1
19,26,284.88,647.013,2
19,27,455.261,658.646,1
19,28,409.869,448.112,2
19,29,504.075,253.633,2
19.5,0,426.728,611.528,2
19.5,1,441.841,249.981,2
19.5,2,732.023,732.732,1
19.5,3,650.745,424.339,3
19.5,4,486.449,705.341,1
19.5,5,758.81,366.622,3
19.5,6,773.772,642.078,1
19.5,7,438.082,710.892,1
19.5,8,206.841,354.185,2
19.5,9,443.272,406.715,2
19.5,10,759.751,415.499,3
19.5,11,750.127,359.444,3
19.5,12,420.444,534.126,2
19.5,13,562,449.416,2
19.5,14,538.722,287.598,2
19.5,15,269.045,433.087,2
19.5,16,460.584,488.55,2
19.5,17,350.514,710.411,1
19.5,18,209.733,340.337,2
19.5,19,545.503,749.3,1
19.5,20,471.158,302.083,2
19.5,21,460.104,214.32,2
19.5,22,400.74,440.054,2
19.5,23,796.889,403.453,3
19.5,24,660.218,648.034,1
19.5,25,454.151,640.318,1
19.5,26,284.053,648.265,2
19.5,27,456.761,658.641,1
19.5,28,410.057,449.601,2
19.5,29,502.719,254.274,2
20,0,428.126,610.985,1
20,1,441.644,248.493,2
20,2,733.416,733.286,1
20,3,652.244,424.38,3
20,4,484.97,705.09,1
20,5,758.846,365.122,3
20,6,774.684,643.269,1
20,7,438.106,712.392,1
20,8,205.49,353.532,2
20,9,442.117,407.672,2
20,10,760,416.978,3
20,11,750.023,357.947,3
20,12,420.507,535.624,2
20,13,560.608,449.974,2
20,14,538.711,286.099,2
20,15,267.685,432.454,2
20,16,459.699,487.338,2
20,17,349.501,711.518,1
20,18,208.424,339.606,2
20,19,544.19,750.025,1
20,20,471.13,300.583,2
20,21,461.52,213.826,2
20,22,401.477,438.748,2
20,23,796.666,401.97,3
20,24,659.092,647.042,1
20,25,454.742,638.939,1
20,26,283.226,649.517,2
20,27,458.261,658.635,1
20,28,410.244,451.089,2
20,29,501.363,254.915,2
20.5,0,429.525,610.442,2
20.5,1,441.447,247.006,2
20.5,2,734.81,733.841,1
20.5,3,653.744,424.421,3
20.5,4,483.491,704.839,1
20.5,5,758.882,363.622,3
20.5,6,775.597,644.459,3
20.5,7,438.13,713.892,1
20.5,8,204.14,352.879,2
20.5,9,440.961,408.629,2
20.5,10,760.248,418.458,3
20.5,11,749.918,356.451,3
20.5,12,420.571,537.123,2
20.5,13,559.216,450.533,2
20.5,14,538.7,284.599,2
20.5,15,266.326,431.82,2
20.5,16,458.815,486.127,2
20.5,17,348.489,712.625,1
20.5,18,207.114,338.875,2
20.5,19,542.877,750.75,1
20.5,20,471.102,299.084,2
20.5,21,462.936,213.331,2
20.5,22,402.213,437.441,2
20.5,23,796.443,400.487,3
20.5,24,657.967,646.05,1
20.5,25,455.332,637.561,1
20.5,26,282.4,650.768,2
20.5,27,459.761,658.63,1
20.5,28,410.431,452.577,2
20.5,29,500.007,255.555,2
21,0,430.923,609.899,1
21,1,441.25,245.519,2
21,2,736.204,734.396,1
21,3,655.243,424.462,3
21,4,482.013,704.588,1
21,5,758.918,362.123,3
21,6,776.509,645.65,1
21,7,438.155,715.392,1
21,8,202.79,352.226,2
21,9,439.806,409.586,2
21,10,760.496,419.937,3
21,11,749.814,354.954,3
21,12,420.634,538.622,2
21,13,557.823,451.091,2
21,14,538.688,283.099,2
21,15,264.966,431.186,2
21,16,457.931,484.915,2
21,17,347.476,713.731,1
21,18,205.804,338.144,2
21,19,541.564,751.476,1
21,20,471.074,297.584,2
21,21,464.352,212.837,2
21,22,402.95,436.134,2
21,23,796.22,399.004,3
21,24,656.842,645.059,1
21,25,455.923,636.182,1
21,26,281.573,652.02,1
21,27,461.261,658.624,1
21,28,410.618,454.065,2
21,29,498.65,256.196,2
21.5,0,432.321,609.356,1
21.5,1,441.053,244.032,2
21.5,2,737.597,734.951,1
21.5,3,656.743,424.503,3
21.5,4,480.534,704.337,1
21.5,5,758.954,360.623,3
21.5,6,777.422,646.84,3
21.5,7,438.179,716.891,1
21.5,8,201.439,351.573,2
21.5,9,438.651,410.542,2
21.5,10,760.745,421.416,3
21.5,11,749.71,353.458,3
21.5,12,420.698,540.12,2
21.5,13,556.431,451.649,3
21.5,14,538.677,281.599,3
21.5,15,263.606,430.553,2
21.5,16,457.046,483.703,2
21.5,17,346.463,714.838,1
21.5,18,204.495,337.412,2
21.5,19,540.251,752.201,1
21.5,20,471.046,296.084,2
21.5,21,465.768,212.343,2
21.5,22,403.687,434.828,2
21.5,23,795.997,397.52,3
21.5,24,655.716,644.067,1
21.5,25,456.514,634.803,1
21.5,26,280.746,653.271,2
21.5,27,462.761,658.619,1
21.5,28,410.805,455.554,2
21.5,29,497.294,256.837,2
22,0,433.72,608.813,1
22,1,440.857,242.545,2
22,2,738.991,735.506,3
22,3,658.242,424.544,3
22,4,479.055,704.086,1
22,5,758.99,359.124,3
22,6,778.334,648.031,3
22,7,438.203,718.391,1
22,8,202.202,350.9,2
22,9,437.495,411.499,2
22,10,760.993,422.896,3
22,11,749.606,351.962,3
22,12,420.761,541.619,2
22,13,555.039,452.207,3
22,14,538.665,280.099,3
22,15,262.247,429.919,2
22,16,456.162,482.492,2
22,17,345.451,715.945,1
22,18,203.185,336.681,2
22,19,538.938,752.926,1
22,20,471.018,294.584,2
22,21,467.184,211.848,2
22,22,404.423,433.521,2
22,23,795.774,396.037,3
22,24,654.591,643.075,3
22,25,457.105,633.424,1
22,26,279.919,654.523,1
22,27,464.261,658.614,1
22,28,410.992,457.042,2
22,29,495.938,257.478,2
22.5,0,435.118,608.271,1
22.5,1,440.66,241.058,2
22.5,2,740.384,736.061,3
22.5,3,659.742,424.585,3
22.5,4,477.576,703.835,1
22.5,5,759.026,357.624,3
22.5,6,779.247,649.221,3
22.5,7,438.227,719.891,1
22.5,8,203.429,350.036,2
22.5,9,436.34,412.456,2
22.5,10,761.242,424.375,3
22.5,11,749.502,350.465,3
22.5,12,420.825,543.118,2
22.5,13,553.646,452.765,3
22.5,14,538.654,278.599,3
22.5,15,260.887,429.285,2
22.5,16,455.278,481.28,2
22.5,17,344.438,717.051,1
22.5,18,201.875,335.95,2
22.5,19,537.625,753.651,1
22.5,20,470.989,293.085,2
22.5,21,468.601,211.354,2
22.5,22,405.16,432.214,2
22.5,23,795.551,394.554,3
22.5,24,653.466,642.083,3
22.5,25,457.696,632.046,1
22.5,26,279.093,655.774,2
22.5,27,465.761,658.608,1
22.5,28,411.179,458.53,2
22.5,29,494.582,258.119,3
23,0,436.517,607.728,1
23,1,440.463,239.571,2
23,2,741.778,736.615,3
23,3,661.241,424.626,3
23,4,476.097,703.584,1
23,5,759.062,356.125,3
23,6,780.16,650.412,1
23,7,438.252,721.391,1
23,8,204.655,349.173,2
23,9,435.185,413.413,2
23,10,761.49,425.854,3
23,11,749.398,348.969,3
23,12,420.888,544.616,2
23,13,552.254,453.323,3
23,14,538.643,277.099,2
23,15,259.528,428.652,2
23,16,454.394,480.068,2
23,17,343.426,718.158,1
23,18,201.513,335.105,2
23,19,536.312,754.376,1
23,20,470.961,291.585,2
23,21,470.017,210.859,2
23,22,405.897,430.908,2
23,23,795.328,393.07,3
23,24,652.341,641.091,3
23,25,458.286,630.667,1
23,26,278.266,657.026,2
23,27,467.261,658.603,1
23,28,411.366,460.019,2
23,29,493.225,258.759,3
23.5,0,437.915,607.185,1
23.5,1,440.266,238.084,3
23.5,2,743.172,737.17,3
23.5,3,662.74,424.667,3
23.5,4,474.618,703.333,1
23.5,5,759.099,354.625,3
23.5,6,781.072,651.602,3
23.5,7,438.276,722.891,1
23.5,8,205.882,348.309,2
23.5,9,434.03,414.369,3
23.5,10,761.739,427.333,3
23.5,11,749.294,347.473,3
23.5,12,420.951,546.115,2
23.5,13,550.862,453.882,3
23.5,14,538.631,275.599,3
23.5,15,258.168,428.018,2
23.5,16,453.509,478.857,2
23.5,17,342.413,719.265,1
23.5,18,202.01,333.69,2
23.5,19,534.999,755.101,1
23.5,20,470.933,290.085,3
23.5,21,471.433,210.365,3
23.5,22,406.633,429.601,2
23.5,23,795.105,391.587,3
23.5,24,651.215,640.1,3
23.5,25,458.877,629.288,1
23.5,26,277.439,658.278,2
23.5,27,468.761,658.597,1
23.5,28,411.553,461.507,2
23.5,29,491.869,259.4,2
24,0,439.313,606.642,1
24,1,440.069,236.597,2
24,2,744.565,737.725,1
24,3,664.24,424.708,3
24,4,473.139,703.082,1
24,5,759.135,353.125,3
24,6,781.985,652.793,1
24,7,438.3,724.391,1
24,8,207.108,347.445,2
24,9,432.874,415.326,2
24,10,761.987,428.813,3
24,11,749.19,345.976,3
24,12,421.015,547.614,1
24,13,549.47,454.44,1
24,14,538.62,274.099,2
24,15,256.809,427.384,2
24,16,452.625,477.645,2
24,17,341.401,720.371,1
24,18,202.506,332.274,2
24,19,533.686,755.827,1
24,20,470.905,288.586,2
24,21,472.849,209.87,2
24,22,407.37,428.294,2
24,23,794.882,390.104,3
24,24,650.09,639.108,1
24,25,459.468,627.909,1
24,26,276.612,659.529,1
24,27,470.261,658.592,1
24,28,411.74,462.995,2
24,29,490.513,260.041,3
24.5,0,440.712,606.099,1
24.5,1,439.872,235.11,2
24.5,2,745.959,738.28,1
24.5,3,665.739,424.749,3
24.5,4,471.661,702.831,1
24.5,5,759.171,351.626,3
24.5,6,782.897,653.983,3
24.5,7,438.325,725.89,1
24.5,8,208.335,346.582,2
24.5,9,431.719,416.283,2
24.5,10,762.236,430.292,3
24.5,11,749.086,344.48,3
24.5,12,421.078,549.112,2
24.5,13,548.077,454.998,3
24.5,14,538.608,272.599,3
24.5,15,255.449,426.75,2
24.5,16,451.741,476.434,2
24.5,17,340.388,721.478,1
24.5,18,203.003,330.859,2
24.5,19,532.372,756.552,1
24.5,20,470.877,287.086,2
24.5,21,474.265,209.376,2
24.5,22,408.107,426.988,2
24.5,23,794.659,388.62,3
24.5,24,648.965,638.116,1
24.5,25,460.059,626.531,1
24.5,26,275.785,660.781,2
24.5,27,471.761,658.586,1
24.5,28,411.927,464.483,2
24.5,29,489.157,260.682,2
25,0,442.11,605.557,1
25,1,439.675,233.623,2
25,2,747.353,738.835,3
25,3,667.239,424.79,3
25,4,470.182,702.58,1
25,5,759.207,350.126,3
25,6,783.81,655.174,3
25,7,438.349,727.39,1
25,8,209.561,345.718,2
25,9,430.564,417.239,2
25,10,762.484,431.771,3
25,11,748.982,342.983,3
25,12,421.142,550.611,2
25,13,546.685,455.556,3
25,14,538.597,271.099,3
25,15,254.089,426.117,2
25,16,450.856,475.222,2
25,17,339.375,722.585,1
25,18,203.499,329.443,2
25,19,531.059,757.277,1
25,20,470.849,285.586,2
25,21,475.681,208.881,2
25,22,408.843,425.681,2
25,23,794.436,387.137,3
25,24,647.839,637.124,3
25,25,460.65,625.152,1
25,26,274.959,662.032,2
25,27,473.261,658.581,1
25,28,412.115,465.972,2
25,29,487.801,261.322,2
25.5,0,443.508,605.014,1
25.5,1,439.478,232.136,2
25.5,2,748.746,739.389,1
25.5,3,668.738,424.832,3
25.5,4,468.703,702.329,1
25.5,5,759.243,348.627,3
25.5,6,784.722,656.364,1
25.5,7,438.373,728.89,1
25.5,8,210.787,344.855,2
25.5,9,429.408,418.196,2
25.5,10,762.732,433.251,3
25.5,11,748.878,341.487,3
25.5,12,421.205,552.11,1
25.5,13,545.293,456.114,2
25.5,14,538.586,269.599,2
25.5,15,252.73,425.483,2
25.5,16,449.972,474.01,2
25.5,17,338.363,723.691,1
25.5,18,203.996,328.028,2
25.5,19,529.746,758.002,1
25.5,20,470.821,284.086,2
25.5,21,477.098,208.387,2
25.5,22,409.58,424.374,2
25.5,23,794.213,385.654,3
25.5,24,646.714,636.132,1
25.5,25,461.241,623.773,1
25.5,26,274.132,663.284,1
25.5,27,474.761,658.575,1
25.5,28,412.302,467.46,2
25.5,29,486.444,261.963,3
26,0,444.907,604.471,1
26,1,439.281,230.649,2
26,2,750.14,739.944,1
26,3,670.238,424.873,3
26,4,467.224,702.078,1
26,5,759.279,347.127,3
26,6,785.635,657.555,1
26,7,438.397,730.39,1
26,8,212.014,343.991,2
26,9,428.253,419.153,2
26,10,762.981,434.73,3
26,11,748.774,339.991,3
26,12,421.268,553.608,1
26,13,543.901,456.673,3
26,14,538.574,268.099,3
26,15,251.37,424.849,2
26,16,449.088,472.799,2
26,17,337.35,724.798,1
26,18,204.492,326.613,2
26,19,528.433,758.727,1
26,20,470.793,282.587,2
26,21,478.514,207.893,2
26,22,410.316,423.068,2
26,23,793.99,384.17,3
26,24,645.589,635.14,1
26,25,461.831,622.394,1
26,26,273.305,664.535,1
26,27,476.261,658.57,1
26,28,412.489,468.948,2
26,29,485.088,262.604,2
26.5,0,446.305,603.928,1
26.5,1,439.084,229.162,2
26.5,2,751.533,740.499,1
26.5,3,671.737,424.914,3
26.5,4,465.745,701.827,1
26.5,5,759.315,345.628,3
26.5,6,786.548,658.745,3
26.5,7,438.422,731.89,1
26.5,8,213.24,343.127,2
26.5,9,427.098,420.11,2
26.5,10,763.229,436.209,3
26.5,11,748.67,338.494,3
26.5,12,421.332,555.107,1
26.5,13,542.508,457.231,3
26.5,14,538.563,266.599,2
26.5,15,250.011,424.216,2
26.5,16,448.204,471.587,2
26.5,17,336.338,725.905,1
26.5,18,204.989,325.197,2
26.5,19,527.12,759.453,1
26.5,20,470.765,281.087,2
26.5,21,479.93,207.398,3
26.5,22,411.053,421.761,2
26.5,23,793.767,382.687,3
26.5,24,644.463,634.149,1
26.5,25,462.422,621.016,1
26.5,26,272.478,665.787,1
26.5,27,477.761,658.564,1
26.5,28,412.676,470.437,2
26.5,29,483.732,263.245,3
27,0,447.703,603.385,1
27,1,438.887,227.675,3
27,2,752.927,741.054,1
27,3,673.236,424.955,3
27,4,464.266,701.576,1
27,5,759.351,344.128,3
27,6,787.46,659.936,3
27,7,438.446,733.389,1
27,8,214.467,342.264,2
27,9,425.943,421.066,3
27,10,763.478,437.688,3
27,11,748.566,336.998,3
27,12,421.395,556.606,1
27,13,541.116,457.789,3
27,14,538.552,265.099,3
27,15,248.651,423.582,2
27,16,447.319,470.375,3
27,17,335.325,727.011,1
27,18,205.485,323.782,2
27,19,525.807,760.178,1
27,20,470.737,279.587,3
27,21,481.346,206.904,3
27,22,411.79,420.454,3
27,23,793.544,381.204,3
27,24,643.338,633.157,1
27,25,463.013,619.637,1
27,26,271.652,667.039,1
27,27,479.261,658.559,1
27,28,412.863,471.925,3
27,29,482.376,263.886,3
27.5,0,449.102,602.843,1
27.5,1,438.691,226.188,2
27.5,2,754.321,741.609,1
27.5,3,674.736,424.996,3
27.5,4,462.788,701.325,1
27.5,5,759.387,342.628,3
27.5,6,788.373,661.126,3
27.5,7,438.47,734.889,1
27.5,8,215.693,341.4,2
27.5,9,424.787,422.023,2
27.5,10,763.726,439.168,3
27.5,11,748.462,335.501,3
27.5,12,421.459,558.104,2
27.5,13,539.724,458.347,3
27.5,14,538.54,263.599,3
27.5,15,247.292,422.948,2
27.5,16,446.435,469.164,2
27.5,17,334.313,728.118,1
27.5,18,205.982,322.366,2
27.5,19,524.494,760.903,1
27.5,20,470.709,278.087,3
27.5,21,482.762,206.409,3
27.5,22,412.526,419.148,2
27.5,23,793.321,379.72,3
27.5,24,642.213,632.165,1
27.5,25,463.604,618.258,1
27.5,26,270.825,668.29,1
27.5,27,480.761,658.554,1
27.5,28,413.05,473.413,2
27.5,29,481.019,264.526,3
28,0,450.5,602.3,1
28,1,438.494,224.701,2
28,2,755.714,742.164,1
28,3,676.235,425.037,3
28,4,461.309,701.074,1
28,5,759.423,341.129,3
28,6,789.285,662.316,3
28,7,438.494,736.389,1
28,8,216.92,340.537,2
28,9,423.632,422.98,2
28,10,763.975,440.647,3
28,11,748.358,334.005,3
28,12,421.522,559.603,1
28,13,538.331,458.905,3
28,14,538.529,262.099,3
28,15,245.932,422.315,2
28,16,445.551,467.952,2
28,17,333.3,729.225,1
28,18,206.478,320.951,2
28,19,523.181,761.628,1
28,20,470.681,276.588,3
28,21,484.178,205.915,3
28,22,413.263,417.841,2
28,23,793.098,378.237,3
28,24,641.088,631.173,1
28,25,464.195,616.88,1
28,26,269.998,669.542,1
28,27,482.261,658.548,1
28,28,413.237,474.901,2
28,29,479.663,265.167,3
28.5,0,451.898,601.757,1
28.5,1,438.297,223.214,3
28.5,2,757.108,742.718,1
28.5,3,677.735,425.078,3
28.5,4,459.83,700.823,1
28.5,5,759.459,339.629,3
28.5,6,790.198,663.507,3
28.5,7,438.519,737.889,1
28.5,8,218.146,339.673,2
28.5,9,422.477,423.937,2
28.5,10,764.223,442.126,3
28.5,11,748.254,332.509,3
28.5,12,421.585,561.102,1
28.5,13,536.939,459.463,3
28.5,14,538.517,260.599,3
28.5,15,244.572,421.681,2
28.5,16,444.666,466.741,3
28.5,17,332.288,730.331,1
28.5,18,206.975,319.535,2
28.5,19,521.868,762.353,1
28.5,20,470.653,275.088,2
28.5,21,485.595,205.42,2
28.5,22,414,416.534,2
28.5,23,792.875,376.754,3
28.5,24,639.962,630.181,1
28.5,25,464.785,615.501,1
28.5,26,269.171,670.793,1
28.5,27,483.761,658.543,1
28.5,28,413.424,476.39,2
28.5,29,478.307,265.808,2
29,0,453.297,601.214,1
29,1,438.1,221.727,2
29,2,758.502,743.273,3
29,3,679.234,425.119,3
29,4,458.351,700.572,1
29,5,759.495,338.13,3
29,6,791.11,664.697,3
29,7,438.543,739.389,1
29,8,219.373,338.81,2
29,9,421.321,424.893,2
29,10,764.472,443.606,3
29,11,748.15,331.012,3
29,12,421.649,562.6,2
29,13,535.547,460.022,3
29,14,538.506,259.099,3
29,15,243.213,421.047,2
29,16,443.782,465.529,2
29,17,331.275,731.438,1
29,18,207.471,318.12,2
29,19,520.555,763.079,1
29,20,470.625,273.588,3
29,21,487.011,204.926,3
29,22,414.736,415.228,2
29,23,792.652,375.27,3
29,24,638.837,629.19,3
29,25,465.376,614.122,1
29,26,268.345,672.045,2
29,27,485.261,658.537,1
29,28,413.611,477.878,2
29,29,476.951,266.449,3
29.5,0,454.695,600.671,1
29.5,1,437.903,220.24,3
29.5,2,759.895,743.828,1
29.5,3,680.734,425.16,3
29.5,4,456.872,700.321,1
29.5,5,759.531,336.63,3
29.5,6,792.023,665.888,3
29.5,7,438.567,740.888,1
29.5,8,220.599,337.946,2
29.5,9,420.166,425.85,2
29.5,10,764.72,445.085,3
29.5,11,748.046,329.516,3
29.5,12,421.712,564.099,2
29.5,13,534.155,460.58,3
29.5,14,538.495,257.599,3
29.5,15,241.853,420.414,2
29.5,16,442.898,464.317,3
29.5,17,330.262,732.545,1
29.5,18,207.968,316.704,2
29.5,19,519.242,763.804,1
29.5,20,470.596,272.088,2
29.5,21,488.427,204.431,2
29.5,22,415.473,413.921,2
29.5,23,792.429,373.787,3
29.5,24,637.712,628.198,1
29.5,25,465.967,612.743,1
29.5,26,267.518,673.297,1
29.5,27,486.761,658.532,1
29.5,28,413.798,479.366,2
29.5,29,475.594,267.09,2
30,0,456.093,600.129,1
30,1,437.706,218.753,2
30,2,761.289,744.383,1
30,3,682.233,425.201,3
30,4,455.393,700.07,1
30,5,759.567,335.131,3
30,6,792.935,667.078,1
30,7,438.592,742.388,1
30,8,221.826,337.082,2
30,9,419.011,426.807,2
30,10,764.968,446.564,3
30,11,747.942,328.02,3
30,12,421.776,565.598,2
30,13,532.762,461.138,2
30,14,538.483,256.099,2
30,15,240.494,419.78,2
30,16,442.014,463.106,2
30,17,329.25,733.651,1
30,18,208.464,315.289,2
30,19,517.929,764.529,1
30,20,470.568,270.589,2
30,21,489.843,203.937,2
30,22,416.21,412.614,2
30,23,792.206,372.304,3
30,24,636.586,627.206,1
30,25,466.558,611.365,1
30,26,266.691,674.548,2
30,27,488.261,658.526,1
30,28,413.985,480.855,2
30,29,474.238,267.73,2
30.5,0,457.492,599.586,1
30.5,1,437.509,217.266,2
30.5,2,762.682,744.938,1
30.5,3,683.733,425.242,3
30.5,4,453.914,699.819,1
30.5,5,759.603,333.631,3
30.5,6,793.848,668.269,1
30.5,7,438.616,743.888,1
30.5,8,223.052,336.219,2
30.5,9,417.856,427.763,2
30.5,10,765.217,448.043,3
30.5,11,747.838,326.523,3
30.5,12,421.839,567.096,1
30.5,13,531.37,461.696,3
30.5,14,538.472,254.599,3
30.5,15,239.134,419.146,2
30.5,16,441.129,461.894,2
30.5,17,328.237,734.758,1
30.5,18,208.961,313.873,2
30.5,19,516.616,765.254,1
30.5,20,470.54,269.089,2
30.5,21,491.259,203.443,2
30.5,22,416.946,411.308,2
30.5,23,791.983,370.82,3
30.5,24,635.461,626.214,1
30.5,25,467.149,609.986,1
30.5,26,265.864,675.8,1
30.5,27,489.761,658.521,1
30.5,28,414.172,482.343,2
30.5,29,472.882,268.371,2
31,0,458.89,599.043,1
31,1,437.312,215.779,2
31,2,764.076,745.492,1
31,3,685.232,425.283,3
31,4,452.436,699.568,1
31,5,759.639,332.132,3
31,6,794.761,669.459,3
31,7,438.64,745.388,1
31,8,224.279,335.355,2
31,9,416.7,428.72,2
31,10,765.465,449.523,3
31,11,747.734,325.027,3
31,12,421.903,568.595,2
31,13,529.978,462.254,3
31,14,538.46,253.099,3
31,15,237.775,418.513,2
31,16,440.245,460.682,2
31,17,327.225,735.865,1
31,18,209.457,312.458,2
31,19,515.303,765.979,1
31,20,470.512,267.589,2
31,21,492.675,202.948,3
31,22,417.683,410.001,2
31,23,791.76,369.337,3
31,24,634.336,625.222,3
31,25,467.74,608.607,1
31,26,265.037,677.051,2
31,27,491.261,658.515,1
31,28,414.36,483.831,2
31,29,471.526,269.012,2
31.5,0,460.288,598.5,1
31.5,1,437.115,214.292,3
31.5,2,765.47,746.047,1
31.5,3,686.731,425.324,3
31.5,4,450.957,699.317,1
31.5,5,759.675,330.632,3
31.5,6,795.673,670.65,3
31.5,7,438.664,746.888,1
31.5,8,225.505,334.492,2
31.5,9,415.545,429.677,2
31.5,10,765.714,451.002,3
31.5,11,747.63,323.53,3
31.5,12,421.966,570.094,1
31.5,13,528.585,462.813,3
31.5,14,538.449,251.6,3
31.5,15,236.415,417.879,2
31.5,16,439.361,459.471,3
31.5,17,326.212,736.971,1
31.5,18,209.954,311.043,2
31.5,19,513.99,766.705,1
31.5,20,470.484,266.089,3
31.5,21,494.091,202.454,3
31.5,22,418.42,408.695,2
31.5,23,791.537,367.854,3
31.5,24,633.21,624.23,1
31.5,25,468.33,607.228,1
31.5,26,264.211,678.303,1
31.5,27,492.761,658.51,1
31.5,28,414.547,485.32,2
31.5,29,470.169,269.653,3
32,0,461.687,597.957,1
32,1,436.918,212.805,3
32,2,766.863,746.602,1
32,3,688.231,425.365,3
32,4,449.478,699.066,1
32,5,759.711,329.132,3
32,6,796.586,671.84,1
32,7,438.689,748.387,1
32,8,226.731,333.628,2
32,9,414.39,430.634,2
32,10,765.962,452.481,3
32,11,747.526,322.034,3
32,12,422.029,571.592,1
32,13,527.193,463.371,3
32,14,538.438,250.1,3
32,15,235.055,417.245,2
32,16,438.476,458.259,3
32,17,325.2,738.078,1
32,18,210.45,309.627,2
32,19,512.677,767.43,1
32,20,470.456,264.59,3
32,21,495.508,201.959,3
32,22,419.156,407.388,2
32,23,791.314,366.37,3
32,24,632.085,623.239,1
32,25,468.921,605.85,1
32,26,263.384,679.554,1
32,27,494.261,658.505,1
32,28,414.734,486.808,1
32,29,468.813,270.294,3
32.5,0,463.085,597.414,1
32.5,1,436.721,211.318,3
32.5,2,768.257,747.157,3
32.5,3,689.73,425.406,3
32.5,4,447.999,698.815,1
32.5,5,759.747,327.633,3
32.5,6,797.498,673.031,3
32.5,7,438.713,749.887,1
32.5,8,227.958,332.764,2
32.5,9,413.234,431.59,2
32.5,10,766.211,453.961,3
32.5,11,747.422,320.538,3
32.5,12,422.093,573.091,2
32.5,13,525.801,463.929,3
32.5,14,538.426,248.6,3
32.5,15,233.696,416.612,2
32.5,16,437.592,457.048,3
32.5,17,324.187,739.185,1
32.5,18,210.947,308.212,2
32.5,19,511.364,768.155,1
32.5,20,470.428,263.09,3
32.5,21,496.924,201.465,3
32.5,22,419.893,406.081,2
32.5,23,791.091,364.887,3
32.5,24,630.96,622.247,3
32.5,25,469.512,604.471,1
32.5,26,262.557,680.806,2
32.5,27,495.761,658.499,1
32.5,28,414.921,488.296,2
32.5,29,467.457,270.934,3
33,0,464.483,596.872,1
33,1,436.525,209.831,2
33,2,769.651,747.712,1
33,3,691.23,425.447,3
33,4,446.52,698.564,1
33,5,759.784,326.133,3
33,6,798.411,674.221,1
33,7,438.737,751.387,1
33,8,229.184,331.901,2
33,9,412.079,432.547,2
33,10,766.459,455.44,3
33,11,747.318,319.041,3
33,12,422.156,574.59,1
33,13,524.409,464.487,2
33,14,538.415,247.1,2
33,15,232.336,415.978,2
33,16,436.708,455.836,2
33,17,323.174,740.291,1
33,18,211.443,306.796,2
33,19,510.051,768.88,1
33,20,470.4,261.59,2
33,21,497.217,202.093,2
33,22,420.629,404.775,2
33,23,790.868,363.404,3
33,24,629.834,621.255,1
33,25,470.103,603.092,1
33,26,261.73,682.058,1
33,27,497.261,658.494,1
33,28,415.108,489.784,2
33,29,466.101,271.575,2
33.5,0,465.882,596.329,1
33.5,1,436.328,208.344,3
33.5,2,771.044,748.266,1
33.5,3,692.729,425.489,3
33.5,4,445.041,698.313,1
33.5,5,759.82,324.634,3
33.5,6,798.565,673.808,3
33.5,7,438.762,752.887,1
33.5,8,230.411,331.037,2
33.5,9,410.924,433.504,3
33.5,10,766.707,456.919,3
33.5,11,747.213,317.545,3
33.5,12,422.22,576.088,1
33.5,13,523.016,465.045,3
33.5,14,538.403,245.6,3
33.5,15,230.977,415.344,2
33.5,16,435.824,454.624,2
33.5,17,322.162,741.398,1
33.5,18,211.94,305.381,2
33.5,19,508.738,769.605,1
33.5,20,470.372,260.091,3
33.5,21,497.008,203.578,3
33.5,22,421.366,403.468,3
33.5,23,790.645,361.92,3
33.5,24,628.709,620.263,3
33.5,25,470.694,601.713,1
33.5,26,260.904,683.309,1
33.5,27,498.761,658.488,1
33.5,28,415.295,491.273,2
33.5,29,464.744,272.216,3
34,0,467.28,595.786,1
34,1,436.131,206.857,2
34,2,772.438,748.821,3
34,3,694.229,425.53,3
34,4,443.563,698.062,1
34,5,759.856,323.134,3
34,6,798.35,672.324,1
34,7,438.786,754.387,1
34,8,231.637,330.174,2
34,9,409.769,434.46,2
34,10,766.956,458.398,3
34,11,747.109,316.048,3
34,12,422.283,577.587,2
34,13,521.624,465.603,3
34,14,538.392,244.1,3
34,15,229.617,414.71,2
34,16,434.939,453.413,3
34,17,321.149,742.505,1
34,18,212.436,303.965,2
34,19,507.425,770.331,1
34,20,470.344,258.591,2
34,21,496.799,205.064,3
34,22,422.103,402.161,2
34,23,790.422,360.437,3
34,24,627.584,619.271,1
34,25,471.284,600.335,1
34,26,260.077,684.561,2
34,27,500.261,658.483,1
34,28,415.482,492.761,1
34,29,463.388,272.857,2
34.5,0,468.678,595.243,2
34.5,1,435.934,205.37,2
34.5,2,773.831,749.376,3
34.5,3,695.728,425.571,3
34.5,4,442.084,697.811,1
34.5,5,759.892,321.635,3
34.5,6,798.134,670.839,3
34.5,7,438.81,755.886,1
34.5,8,232.864,329.31,2
34.5,9,408.613,435.417,2
34.5,10,767.204,459.878,3
34.5,11,747.005,314.552,3
34.5,12,422.346,579.086,2
34.5,13,520.232,466.162,2
34.5,14,538.381,242.6,3
34.5,15,228.257,414.077,2
34.5,16,434.055,452.201,2
34.5,17,320.137,743.611,1
34.5,18,212.933,302.55,2
34.5,19,506.112,771.056,1
34.5,20,470.316,257.091,2
34.5,21,496.59,206.549,2
34.5,22,422.839,400.855,2
34.5,23,790.199,358.954,3
34.5,24,626.459,618.28,3
34.5,25,471.875,598.956,1
34.5,26,259.25,685.812,2
34.5,27,501.761,658.477,1
34.5,28,415.669,494.249,2
34.5,29,462.032,273.498,2
35,0,470.077,594.7,1
35,1,435.737,203.883,2
35,2,775.225,749.931,1
35,3,697.227,425.612,3
35,4,440.605,697.56,1
35,5,759.928,320.135,3
35,6,797.918,669.355,1
35,7,438.834,757.386,1
35,8,234.09,328.446,2
35,9,407.458,436.374,2
35,10,767.453,461.357,3
35,11,746.901,313.056,3
35,12,422.41,580.584,1
35,13,518.84,466.72,1
35,14,538.369,241.1,3
35,15,226.898,413.443,2
35,16,433.171,450.989,1
35,17,319.124,744.718,1
35,18,213.429,301.134,2
35,19,504.798,771.781,1
35,20,470.288,255.591,2
35,21,496.382,208.035,2
35,22,423.576,399.548,2
35,23,789.976,357.47,3
35,24,625.333,617.288,1
35,25,472.466,597.577,1
35,26,258.423,687.064,1
35,27,503.261,658.472,1
35,28,415.856,495.738,1
35,29,460.676,274.138,2
35.5,0,471.475,594.158,1
35.5,1,435.54,202.396,3
35.5,2,776.619,750.486,3
35.5,3,698.727,425.653,3
35.5,4,439.126,697.309,1
35.5,5,759.964,318.635,3
35.5,6,797.703,667.871,3
35.5,7,438.859,758.886,1
35.5,8,235.317,327.583,2
35.5,9,406.303,437.331,3
35.5,10,767.701,462.836,3
35.5,11,746.797,311.559,3
35.5,12,422.473,582.083,2
35.5,13,517.447,467.278,3
35.5,14,538.358,239.6,3
35.5,15,225.538,412.809,2
35.5,16,432.286,449.778,3
35.5,17,318.112,745.825,1
35.5,18,213.926,299.719,2
35.5,19,503.485,772.506,1
35.5,20,470.26,254.092,3
35.5,21,496.173,209.52,3
35.5,22,424.313,398.241,3
35.5,23,789.753,355.987,3
35.5,24,624.208,616.296,3
35.5,25,473.057,596.198,1
35.5,26,257.596,688.315,2
35.5,27,504.761,658.466,1
35.5,28,416.043,497.226,1
35.5,29,459.32,274.779,3
36,0,472.873,593.615,3
36,1,435.363,201.439,3
36,2,778.012,751.041,3
36,3,700.226,425.694,3
36,4,437.647,697.058,1
36,5,760,317.136,3
36,6,797.487,666.386,3
36,7,438.883,760.386,1
36,8,236.543,326.719,2
36,9,405.147,438.287,2
36,10,767.95,464.315,3
36,11,746.693,310.063,3
36,12,422.537,583.582,2
36,13,516.055,467.836,3
36,14,538.347,238.1,3
36,15,224.179,412.176,2
36,16,431.402,448.566,3
36,17,317.099,746.931,1
36,18,214.422,298.304,2
36,19,502.172,773.231,1
36,20,470.232,252.592,3
36,21,495.964,211.005,3
36,22,425.049,396.935,2
36,23,789.53,354.504,3
36,24,623.083,615.304,3
36,25,473.648,594.82,3
36,26,256.77,689.567,2
36,27,506.261,658.461,1
36,28,416.23,498.714,2
36,29,457.963,275.42,3
36.5,0,474.272,593.072,1
36.5,1,434.925,202.874,2
36.5,2,779.406,751.595,3
36.5,3,701.726,425.735,3
36.5,4,436.168,696.807,1
36.5,5,760.036,315.636,3
36.5,6,797.272,664.902,3
36.5,7,438.907,761.886,1
36.5,8,237.77,325.856,2
36.5,9,403.992,439.244,2
36.5,10,768.198,465.795,3
36.5,11,746.589,308.566,3
36.5,12,422.6,585.08,1
36.5,13,514.663,468.394,3
36.5,14,538.335,236.6,3
36.5,15,222.819,411.542,2
36.5,16,430.518,447.355,2
36.5,17,316.086,748.038,1
36.5,18,214.919,296.888,2
36.5,19,500.859,773.957,1
36.5,20,470.204,251.092,3
36.5,21,495.755,212.491,3
36.5,22,425.786,395.628,2
36.5,23,789.307,353.02,3
36.5,24,621.957,614.312,3
36.5,25,474.239,593.441,1
36.5,26,255.943,690.819,1
36.5,27,507.761,658.455,1
36.5,28,416.418,500.202,2
36.5,29,456.607,276.061,2
37,0,475.67,592.529,1
37,1,434.486,204.308,2
37,2,780.799,752.15,1
37,3,703.225,425.776,3
37,4,434.689,696.556,1
37,5,760.072,314.137,3
37,6,797.056,663.417,1
37,7,438.931,763.385,1
37,8,238.996,324.992,2
37,9,402.837,440.201,2
37,10,768.447,467.274,3
37,11,746.485,307.07,3
37,12,422.663,586.579,1
37,13,513.27,468.953,1
37,14,538.324,235.1,2
37,15,221.46,410.908,2
37,16,429.634,446.143,2
37,17,315.074,749.145,1
37,18,215.415,295.473,2
37,19,499.546,774.682,1
37,20,470.175,249.592,2
37,21,495.547,213.976,2
37,22,426.523,394.321,2
37,23,789.084,351.537,3
37,24,620.832,613.321,1
37,25,474.829,592.062,1
37,26,255.116,692.07,1
37,27,509.261,658.45,1
37,28,416.605,501.691,2
37,29,455.251,276.702,2
37.5,0,477.068,591.986,1
37.5,1,434.047,205.743,3
37.5,2,782.193,752.705,1
37.5,3,704.725,425.817,3
37.5,4,433.211,696.305,1
37.5,5,760.108,312.637,3
37.5,6,796.841,661.933,1
37.5,7,438.956,764.885,1
37.5,8,240.223,324.129,2
37.5,9,401.682,441.158,2
37.5,10,768.695,468.753,3
37.5,11,746.381,305.574,3
37.5,12,422.727,588.078,1
37.5,13,511.878,469.511,1
37.5,14,538.312,233.6,3
37.5,15,220.1,410.275,2
37.5,16,428.749,444.931,3
37.5,17,314.061,750.251,1
37.5,18,215.912,294.057,2
37.5,19,498.233,775.407,1
37.5,20,470.147,248.093,3
37.5,21,495.338,215.462,3
37.5,22,427.259,393.015,3
37.5,23,788.861,350.054,3
37.5,24,619.707,612.329,1
37.5,25,475.42,590.683,1
37.5,26,254.289,693.322,1
37.5,27,510.761,658.445,1
37.5,28,416.792,503.179,1
37.5,29,453.895,277.342,3
38,0,478.467,591.444,1
38,1,433.608,207.177,2
38,2,783.587,753.26,1
38,3,706.224,425.858,3
38,4,431.732,696.054,1
38,5,760.144,311.138,3
38,6,796.625,660.448,1
38,7,438.98,766.385,1
38,8,241.449,323.265,2
38,9,400.526,442.114,2
38,10,768.943,470.233,3
38,11,746.277,304.077,3
38,12,422.79,589.576,1
38,13,510.486,470.069,1
38,14,538.301,232.1,3
38,15,218.74,409.641,2
38,16,427.865,443.72,2
38,17,313.049,751.358,1
38,18,216.408,292.642,2
38,19,496.92,776.132,1
38,20,470.119,246.593,2
38,21,495.129,216.947,2
38,22,427.996,391.708,2
38,23,788.638,348.57,3
38,24,618.581,611.337,1
38,25,476.011,589.305,1
38,26,253.463,694.573,1
38,27,512.261,658.439,1
38,28,416.979,504.667,1
38,29,452.538,277.983,2
38.5,0,479.865,590.901,1
38.5,1,433.17,208.611,2
38.5,2,784.98,753.815,1
38.5,3,707.724,425.899,3
38.5,4,430.253,695.803,1
38.5,5,760.18,309.638,3
38.5,6,796.41,658.964,3
38.5,7,439.004,767.885,1
38.5,8,242.676,322.401,2
38.5,9,399.371,443.071,2
38.5,10,769.192,471.712,3
38.5,11,746.173,302.581,3
38.5,12,422.854,591.075,1
38.5,13,509.094,470.627,3
38.5,14,538.29,230.6,2
38.5,15,217.381,409.007,2
38.5,16,426.981,442.508,2
38.5,17,312.036,752.465,1
38.5,18,216.905,291.226,2
38.5,19,495.607,776.857,1
38.5,20,470.091,245.093,2
38.5,21,494.92,218.432,2
38.5,22,428.733,390.401,2
38.5,23,788.415,347.087,3
38.5,24,617.456,610.345,1
38.5,25,476.602,587.926,1
38.5,26,252.636,695.825,1
38.5,27,513.761,658.434,1
38.5,28,417.166,506.156,2
38.5,29,451.182,278.624,2
39,0,481.263,590.358,1
39,1,432.731,210.046,3
39,2,786.374,754.369,1
39,3,709.223,425.94,3
39,4,428.774,695.552,1
39,5,760.216,308.138,3
39,6,796.194,657.48,3
39,7,439.029,769.385,1
39,8,243.902,321.538,2
39,9,398.216,444.028,2
39,10,769.44,473.191,3
39,11,746.069,301.085,3
39,12,422.917,592.573,1
39,13,507.701,471.185,3
39,14,538.278,229.1,3
39,15,216.021,408.374,2
39,16,426.096,441.296,3
39,17,311.024,753.571,1
39,18,217.401,289.811,2
39,19,494.294,777.583,1
39,20,470.063,243.593,3
39,21,494.712,219.918,3
39,22,429.469,389.095,3
39,23,788.192,345.604,3
39,24,616.331,609.353,1
39,25,477.193,586.547,1
39,26,251.809,697.076,1
39,27,515.261,658.428,1
39,28,417.353,507.644,1
39,29,449.826,279.265,3
39.5,0,482.662,589.815,1
39.5,1,432.292,211.48,2
39.5,2,787.768,754.924,1
39.5,3,710.722,425.981,3
39.5,4,427.295,695.301,1
39.5,5,760.252,306.639,3
39.5,6,795.978,655.995,1
39.5,7,439.053,770.884,1
39.5,8,245.128,320.674,2
39.5,9,397.06,444.984,2
39.5,10,769.689,474.67,3
39.5,11,745.965,299.588,3
39.5,12,422.98,594.072,1
39.5,13,506.309,471.743,2
39.5,14,538.267,227.6,3
39.5,15,214.662,407.74,2
39.5,16,425.212,440.085,2
39.5,17,310.011,754.678,1
39.5,18,217.898,288.395,2
39.5,19,492.981,778.308,1
39.5,20,470.035,242.094,2
39.5,21,494.503,221.403,2
39.5,22,430.206,387.788,2
39.5,23,787.969,344.12,3
39.5,24,615.206,608.361,1
39.5,25,477.783,585.168,1
39.5,26,250.982,698.328,1
39.5,27,516.761,658.423,1
39.5,28,417.54,509.132,2
39.5,29,448.47,279.906,2
40,0,484.06,589.272,1
40,1,431.854,212.915,2
40,2,789.161,755.479,1
40,3,712.222,426.022,3
40,4,425.816,695.05,1
40,5,760.288,305.139,3
40,6,795.763,654.511,1
40,7,439.077,772.384,1
40,8,246.355,319.811,2
40,9,395.905,445.941,2
40,10,769.937,476.15,3
40,11,745.861,298.092,3
40,12,423.044,595.571,1
40,13,504.917,472.302,3
40,14,538.255,226.1,3
40,15,213.302,407.106,2
40,16,424.328,438.873,2
40,17,308.999,755.785,1
40,18,218.394,286.98,2
40,19,491.668,779.033,1
40,20,470.007,240.594,2
40,21,494.294,222.889,3
40,22,430.943,386.481,2
40,23,787.747,342.637,3
40,24,614.08,607.37,1
40,25,478.374,583.79,1
40,26,250.156,699.58,1
40,27,518.261,658.417,1
40,28,417.727,510.62,2
40,29,447.113,280.546,2
40.5,0,485.458,588.73,1
40.5,1,431.415,214.349,2
40.5,2,790.555,756.034,1
40.5,3,713.721,426.063,3
40.5,4,424.337,694.799,1
40.5,5,760.324,303.64,3
40.5,6,795.547,653.026,1
40.5,7,439.101,773.884,1
40.5,8,247.581,318.947,2
40.5,9,394.75,446.898,2
40.5,10,770.186,477.629,3
40.5,11,745.757,296.595,3
40.5,12,423.107,597.069,1
40.5,13,503.525,472.86,2
40.5,14,538.244,224.6,2
40.5,15,211.943,406.473,2
40.5,16,423.444,437.662,2
40.5,17,307.986,756.891,1
40.5,18,218.891,285.565,2
40.5,19,490.355,779.758,1
40.5,20,469.979,239.094,2
40.5,21,494.085,224.374,2
40.5,22,431.679,385.175,2
40.5,23,787.524,341.154,3
40.5,24,612.955,606.378,1
40.5,25,478.965,582.411,1
40.5,26,249.329,700.831,1
40.5,27,519.761,658.412,1
40.5,28,417.914,512.109,2
40.5,29,445.757,281.187,2
41,0,486.857,588.187,2
41,1,430.976,215.783,2
41,2,791.948,756.589,1
41,3,715.221,426.104,3
41,4,422.859,694.548,1
41,5,760.36,302.14,3
41,6,795.332,651.542,3
41,7,439.126,775.384,1
41,8,248.808,318.083,2
41,9,393.595,447.855,2
41,10,770.434,479.108,3
41,11,745.653,295.099,3
41,12,423.171,598.568,2
41,13,502.132,473.418,2
41,14,538.233,223.1,3
41,15,210.583,405.839,2
41,16,422.559,436.45,2
41,17,306.973,757.998,1
41,18,219.387,284.149,2
41,19,489.042,780.483,1
41,20,469.951,237.594,2
41,21,493.877,225.859,3
41,22,432.416,383.868,2
41,23,787.301,339.67,3
41,24,611.83,605.386,1
41,25,479.556,581.032,2
41,26,248.502,702.083,2
41,27,521.261,658.406,1
41,28,418.101,513.597,2
41,29,444.401,281.828,2
41.5,0,488.255,587.644,1
41.5,1,430.538,217.218,2
41.5,2,793.342,757.144,1
41.5,3,716.72,426.146,3
41.5,4,421.38,694.297,1
41.5,5,760.396,300.641,3
41.5,6,795.116,650.057,1
41.5,7,439.15,776.884,1
41.5,8,250.034,317.22,2
41.5,9,392.439,448.811,2
41.5,10,770.683,480.588,3
41.5,11,745.549,293.603,3
41.5,12,423.234,600.067,1
41.5,13,500.74,473.976,3
41.5,14,538.221,221.6,3
41.5,15,209.223,405.205,2
41.5,16,421.675,435.238,2
41.5,17,305.961,759.105,1
41.5,18,219.884,282.734,2
41.5,19,487.729,781.208,1
41.5,20,469.923,236.095,2
41.5,21,493.668,227.345,3
41.5,22,433.152,382.561,2
41.5,23,787.078,338.187,3
41.5,24,610.704,604.394,1
41.5,25,480.147,579.653,1
41.5,26,247.675,703.334,1
41.5,27,522.761,658.401,1
41.5,28,418.288,515.085,2
41.5,29,443.045,282.469,2
42,0,489.654,587.101,1
42,1,430.099,218.652,2
42,2,794.736,757.698,1
42,3,718.22,426.187,3
42,4,419.901,694.046,1
42,5,760.432,299.141,3
42,6,794.901,648.573,1
42,7,439.174,778.383,1
42,8,251.261,316.356,2
42,9,391.284,449.768,2
42,10,770.931,482.067,3
42,11,745.445,292.106,3
42,12,423.298,601.565,1
42,13,499.348,474.534,2
42,14,538.21,220.1,2
42,15,207.864,404.572,2
42,16,420.791,434.027,2
42,17,304.948,760.211,1
42,18,220.38,281.318,2
42,19,486.416,781.934,1
42,20,469.895,234.595,2
42,21,493.459,228.83,2
42,22,433.889,381.255,2
42,23,786.855,336.704,3
42,24,609.579,603.402,1
42,25,480.738,578.275,1
42,26,246.848,704.586,1
42,27,524.261,658.395,1
42,28,418.476,516.574,2
42,29,441.688,283.11,2
42.5,0,491.052,586.558,2
42.5,1,429.66,220.087,2
42.5,2,796.129,758.253,3
42.5,3,719.719,426.228,3
42.5,4,418.422,693.795,1
42.5,5,760.469,297.641,3
42.5,6,794.685,647.089,3
42.5,7,439.199,779.883,1
42.5,8,252.487,315.493,2
42.5,9,390.129,450.725,2
42.5,10,771.179,483.546,3
42.5,11,745.341,290.61,3
42.5,12,423.361,603.064,2
42.5,13,497.955,475.093,2
42.5,14,538.198,218.6,2
42.5,15,206.504,403.938,2
42.5,16,419.906,432.815,2
42.5,17,303.936,761.318,1
42.5,18,220.877,279.903,2
42.5,19,485.103,782.659,1
42.5,20,469.867,233.095,2
42.5,21,493.25,230.316,2
42.5,22,434.626,379.948,2
42.5,23,786.632,335.22,3
42.5,24,608.454,602.411,3
42.5,25,481.328,576.896,2
42.5,26,246.022,705.838,2
42.5,27,525.761,658.39,1
42.5,28,418.663,518.062,2
42.5,29,440.332,283.75,2
43,0,492.45,586.016,1
43,1,429.222,221.521,3
43,2,797.523,758.808,1
43,3,721.218,426.269,3
43,4,416.943,693.544,1
43,5,760.505,296.142,3
43,6,794.47,645.604,1
43,7,439.223,781.383,1
43,8,253.714,314.629,2
43,9,388.974,451.682,2
43,10,771.428,485.025,3
43,11,745.237,289.113,3
43,12,423.424,604.563,1
43,13,496.563,475.651,2
43,14,538.187,217.101,2
43,15,205.145,403.304,2
43,16,419.022,431.603,2
43,17,302.923,762.425,1
43,18,221.373,278.487,2
43,19,483.79,783.384,1
43,20,469.839,231.595,2
43,21,493.042,231.801,2
43,22,435.362,378.641,2
43,23,786.409,333.737,3
43,24,607.328,601.419,1
43,25,481.919,575.517,1
43,26,245.195,707.089,1
43,27,527.261,658.385,1
43,28,418.85,519.55,1
43,29,438.976,284.391,3
43.5,0,493.849,585.473,1
43.5,1,428.783,222.956,2
43.5,2,798.675,759.267,1
43.5,3,722.718,426.31,3
43.5,4,415.464,693.293,1
43.5,5,760.541,294.642,3
43.5,6,794.254,644.12,1
43.5,7,439.247,782.883,1
43.5,8,254.94,313.765,2
43.5,9,387.818,452.638,2
43.5,10,771.676,486.505,3
43.5,11,745.133,287.617,3
43.5,12,423.488,606.061,1
43.5,13,495.171,476.209,3
43.5,14,538.176,215.601,3
43.5,15,203.785,402.67,2
43.5,16,418.138,430.392,3
43.5,17,301.911,763.531,1
43.5,18,221.87,277.072,2
43.5,19,482.477,784.109,1
43.5,20,469.811,230.096,3
43.5,21,492.833,233.286,3
43.5,22,436.099,377.335,3
43.5,23,786.186,332.254,3
43.5,24,606.203,600.427,1
43.5,25,482.51,574.138,1
43.5,26,244.368,708.341,1
43.5,27,528.761,658.379,1
43.5,28,419.037,521.038,1
43.5,29,437.62,285.032,2
44,0,495.247,584.93,1
44,1,428.344,224.39,2
44,2,798.278,760.671,3
44,3,724.217,426.351,3
44,4,413.986,693.042,1
44,5,760.577,293.143,3
44,6,794.038,642.635,3
44,7,439.271,784.383,1
44,8,256.167,312.902,2
44,9,386.663,453.595,2
44,10,771.925,487.984,3
44,11,745.029,286.121,3
44,12,423.551,607.56,1
44,13,493.779,476.767,1
44,14,538.164,214.101,3
44,15,202.426,402.037,2
44,16,417.254,429.18,2
44,17,300.898,764.638,1
44,18,222.366,275.656,2
44,19,481.164,784.834,1
44,20,469.783,228.596,2
44,21,492.624,234.772,3
44,22,436.836,376.028,2
44,23,785.963,330.77,3
44,24,605.078,599.435,3
44,25,483.101,572.76,3
44,26,243.541,709.592,1
44,27,530.261,658.374,1
44,28,419.224,522.527,2
44,29,436.263,285.673,2
44.5,0,496.645,584.387,1
44.5,1,427.905,225.824,2
44.5,2,797.869,762.115,3
44.5,3,725.717,426.392,3
44.5,4,412.507,692.791,1
44.5,5,760.613,291.643,3
44.5,6,793.823,641.151,3
44.5,7,439.296,785.882,1
44.5,8,257.393,312.038,2
44.5,9,385.508,454.552,2
44.5,10,772.173,489.463,3
44.5,11,744.925,284.624,3
44.5,12,423.615,609.059,1
44.5,13,492.386,477.325,3
44.5,14,538.153,212.601,3
44.5,15,201.325,401.524,2
44.5,16,416.369,427.969,2
44.5,17,299.885,765.745,1
44.5,18,222.863,274.241,2
44.5,19,479.851,785.56,1
44.5,20,469.754,227.096,2
44.5,21,492.415,236.257,3
44.5,22,437.572,374.721,2
44.5,23,785.74,329.287,3
44.5,24,603.953,598.443,3
44.5,25,483.692,571.381,1
44.5,26,242.715,710.844,2
44.5,27,531.761,658.368,1
44.5,28,419.411,524.015,2
44.5,29,434.907,286.314,2
45,0,498.044,583.844,1
45,1,427.467,227.259,2
45,2,797.461,763.558,1
45,3,727.216,426.433,3
45,4,411.028,692.54,1
45,5,760.649,290.144,3
45,6,793.607,639.666,1
45,7,439.32,787.382,1
45,8,258.62,311.175,2
45,9,384.352,455.508,2
45,10,772.422,490.943,3
45,11,744.821,283.128,3
45,12,423.678,610.557,1
45,13,490.994,477.884,1
45,14,538.141,211.101,2
45,15,202.027,400.215,2
45,16,415.485,426.757,2
45,17,298.873,766.851,1
45,18,223.359,272.826,2
45,19,478.538,786.285,1
45,20,469.726,225.597,2
45,21,492.207,237.743,2
45,22,438.309,373.415,2
45,23,785.517,327.804,3
45,24,602.827,597.452,1
45,25,484.282,570.002,1
45,26,241.888,712.095,1
45,27,533.261,658.363,1
45,28,419.598,525.503,1
45,29,433.551,286.954,2
45.5,0,499.442,583.301,1
45.5,1,427.028,228.693,3
45.5,2,797.053,765.001,1
45.5,3,728.716,426.474,3
45.5,4,409.549,692.289,1
45.5,5,760.685,288.644,3
45.5,6,793.392,638.182,1
45.5,7,439.344,788.882,1
45.5,8,259.846,310.311,2
45.5,9,383.197,456.465,2
45.5,10,772.67,492.422,3
45.5,11,744.717,281.632,3
45.5,12,423.741,612.056,1
45.5,13,489.602,478.442,3
45.5,14,538.13,209.601,2
45.5,15,202.736,398.893,2
45.5,16,414.601,425.545,3
45.5,17,297.86,767.958,1
45.5,18,223.856,271.41,2
45.5,19,477.224,787.01,1
45.5,20,469.698,224.097,3
45.5,21,491.998,239.228,2
45.5,22,439.046,372.108,3
45.5,23,785.294,326.32,3
45.5,24,601.702,596.46,1
45.5,25,484.873,568.623,1
45.5,26,241.061,713.347,1
45.5,27,534.761,658.357,1
45.5,28,419.785,526.992,1
45.5,29,432.195,287.595,3
46,0,500.84,582.759,3
46,1,426.589,230.128,2
46,2,796.644,766.445,3
46,3,730.215,426.515,3
46,4,408.07,692.038,1
46,5,760.721,287.145,3
46,6,793.176,636.697,3
46,7,439.368,790.382,1
46,8,261.072,309.448,2
46,9,382.042,457.422,2
46,10,772.919,493.901,3
46,11,744.613,280.135,3
46,12,423.805,613.555,1
46,13,488.209,479,3
46,14,538.119,208.101,3
46,15,203.445,397.571,2
46,16,413.716,424.334,2
46,17,296.848,769.065,1
46,18,224.352,269.995,2
46,19,475.911,787.735,1
46,20,469.67,222.597,2
46,21,491.789,240.713,3
46,22,439.782,370.801,2
46,23,785.071,324.837,3
46,24,600.577,595.468,3
46,25,485.464,567.245,1
46,26,240.234,714.599,2
46,27,536.261,658.352,1
46,28,419.972,528.48,2
46,29,430.839,288.236,2
46.5,0,502.239,582.216,1
46.5,1,426.151,231.562,3
46.5,2,796.236,767.888,3
46.5,3,731.715,426.556,3
46.5,4,406.591,691.787,1
46.5,5,760.757,285.645,3
46.5,6,792.961,635.213,3
46.5,7,439.393,791.882,1
46.5,8,262.299,308.584,2
46.5,9,380.887,458.379,2
46.5,10,773.167,495.38,3
46.5,11,744.508,278.639,3
46.5,12,423.868,615.053,1
46.5,13,486.817,479.558,3
46.5,14,538.107,206.601,3
46.5,15,204.154,396.249,2
46.5,16,412.832,423.122,2
46.5,17,295.835,770.171,1
46.5,18,224.849,268.579,2
46.5,19,474.598,788.46,1
46.5,20,469.642,221.097,3
46.5,21,491.58,242.199,3
46.5,22,440.519,369.495,2
46.5,23,784.848,323.354,3
46.5,24,599.451,594.476,3
46.5,25,486.055,565.866,1
46.5,26,239.408,715.85,2
46.5,27,537.761,658.346,1
46.5,28,420.159,529.968,1
46.5,29,429.482,288.877,2
47,0,503.637,581.673,1
47,1,425.712,232.996,2
47,2,795.828,769.331,1
47,3,733.214,426.597,3
47,4,405.112,691.536,1
47,5,760.793,284.145,3
47,6,792.745,633.729,1
47,7,439.417,793.381,1
47,8,263.525,307.72,2
47,9,379.731,459.335,2
47,10,773.415,496.86,3
47,11,744.404,277.142,3
47,12,423.932,616.552,1
47,13,485.425,480.116,2
47,14,538.096,205.101,2
47,15,204.864,394.927,2
47,16,411.948,421.91,2
47,17,294.823,771.278,1
47,18,225.345,267.164,2
47,19,473.285,789.186,1
47,20,469.614,219.598,2
47,21,491.372,243.684,2
47,22,441.256,368.188,2
47,23,784.625,321.87,3
47,24,598.326,593.484,1
47,25,486.646,564.487,1
47,26,238.581,717.102,1
47,27,539.261,658.341,1
47,28,420.346,531.456,2
47,29,428.126,289.518,2
47.5,0,505.035,581.13,1
47.5,1,425.273,234.431,2
47.5,2,795.419,770.775,1
47.5,3,734.713,426.638,3
47.5,4,403.634,691.285,1
47.5,5,760.829,282.646,3
47.5,6,792.53,632.244,1
47.5,7,439.441,794.881,1
47.5,8,264.752,306.857,2
47.5,9,378.576,460.292,2
47.5,10,773.664,498.339,3
47.5,11,744.3,275.646,3
47.5,12,423.995,618.051,1
47.5,13,484.033,480.674,2
47.5,14,538.085,203.601,2
47.5,15,205.573,393.606,2
47.5,16,411.063,420.699,2
47.5,17,293.81,772.385,1
47.5,18,225.842,265.748,2
47.5,19,471.972,789.911,1
47.5,20,469.586,218.098,2
47.5,21,491.163,245.17,2
47.5,22,441.992,366.881,2
47.5,23,784.402,320.387,3
47.5,24,597.201,592.492,1
47.5,25,487.237,563.109,1
47.5,26,237.754,718.353,2
47.5,27,540.761,658.335,1
47.5,28,420.533,532.945,2
47.5,29,426.77,290.158,2
48,0,506.434,580.587,3
48,1,424.835,235.865,2
48,2,795.011,772.218,3
48,3,736.213,426.679,3
48,4,402.155,691.034,1
48,5,760.865,281.146,3
48,6,792.314,630.76,3
48,7,439.466,796.381,1
48,8,265.978,305.993,2
48,9,377.421,461.249,2
48,10,773.912,499.818,3
48,11,744.196,274.15,3
48,12,424.058,619.549,2
48,13,482.64,481.233,2
48,14,538.073,202.101,3
48,15,206.282,392.284,2
48,16,410.179,419.487,2
48,17,292.797,773.491,1
48,18,226.338,264.333,2
48,19,470.659,790.636,1
48,20,469.558,216.598,2
48,21,490.954,246.655,2
48,22,442.729,365.575,2
48,23,784.179,318.904,3
48,24,596.075,591.501,3
48,25,487.827,561.73,1
48,26,236.927,719.605,2
48,27,542.261,658.33,1
48,28,420.721,534.433,2
48,29,425.414,290.799,2
48.5,0,507.832,580.045,1
48.5,1,424.396,237.3,2
48.5,2,794.602,773.662,3
48.5,3,737.712,426.72,3
48.5,4,400.676,690.783,1
48.5,5,760.901,279.647,3
48.5,6,792.099,629.275,3
48.5,7,439.49,797.881,1
48.5,8,267.205,305.13,2
48.5,9,376.265,462.206,2
48.5,10,774.161,501.298,3
48.5,11,744.092,272.653,3
48.5,12,424.122,621.048,1
48.5,13,481.248,481.791,3
48.5,14,538.166,201.737,3
48.5,15,206.991,390.962,2
48.5,16,409.295,418.275,2
48.5,17,291.785,774.598,1
48.5,18,226.835,262.917,2
48.5,19,469.346,791.361,1
48.5,20,469.53,215.098,3
48.5,21,490.745,248.14,3
48.5,22,443.466,364.268,2
48.5,23,783.956,317.42,3
48.5,24,594.95,590.509,3
48.5,25,488.418,560.351,1
48.5,26,236.1,720.856,1
48.5,27,543.761,658.325,1
48.5,28,420.908,535.921,1
48.5,29,424.057,291.44,2
49,0,509.23,579.502,1
49,1,423.957,238.734,2
49,2,794.194,775.105,1
49,3,739.212,426.761,3
49,4,399.197,690.532,1
49,5,760.937,278.147,3
49,6,791.883,627.791,1
49,7,439.112,798.568,1
49,8,268.431,304.266,2
49,9,375.11,463.162,2
49,10,774.409,502.777,3
49,11,743.988,271.157,3
49,12,424.185,622.547,1
49,13,479.856,482.349,1
49,14,538.514,203.196,3
49,15,207.7,389.64,2
49,16,408.411,417.064,2
49,17,290.772,775.705,1
49,18,227.331,261.502,2
49,19,468.033,792.086,1
49,20,469.502,213.599,3
49,21,490.537,249.626,3
49,22,444.202,362.962,2
49,23,783.733,315.937,3
49,24,593.825,589.517,1
49,25,489.009,558.972,1
49,26,235.274,722.108,1
49,27,545.261,658.319,1
49,28,421.095,537.41,1
49,29,422.701,292.081,2
49.5,0,510.629,578.959,1
49.5,1,423.519,240.169,2
49.5,2,793.786,776.548,1
49.5,3,740.711,426.803,3
49.5,4,397.718,690.281,1
49.5,5,760.973,276.648,3
49.5,6,791.667,626.306,3
49.5,7,437.665,798.17,1
49.5,8,269.658,303.402,2
49.5,9,373.955,464.119,2
49.5,10,774.658,504.256,3
49.5,11,743.884,269.66,3
49.5,12,424.249,624.045,1
49.5,13,478.464,482.907,2
49.5,14,538.863,204.655,3
49.5,15,208.409,388.318,2
49.5,16,407.526,415.852,2
49.5,17,289.76,776.811,1
49.5,18,227.828,260.087,2
49.5,19,466.72,792.812,1
49.5,20,469.474,212.099,2
49.5,21,490.328,251.111,3
49.5,22,444.939,361.655,2
49.5,23,783.51,314.454,3
49.5,24,592.699,588.525,3
49.5,25,489.6,557.594,1
49.5,26,234.447,723.36,2
49.5,27,546.761,658.314,1
49.5,28,421.282,538.898,2
49.5,29,421.345,292.721,2
50,0,512.027,578.416,1
50,1,423.08,241.603,2
50,2,793.377,777.992,1
50,3,742.211,426.844,3
50,4,396.239,690.03,1
50,5,761.009,275.148,3
50,6,791.452,624.822,3
50,7,436.219,797.772,1
50,8,270.884,302.539,2
50,9,372.8,465.076,2
50,10,774.906,505.735,3
50,11,743.78,268.164,3
50,12,424.312,625.544,1
50,13,477.071,483.465,2
50,14,539.212,206.114,3
50,15,209.118,386.997,2
50,16,406.642,414.641,2
50,17,288.747,777.918,1
50,18,228.324,258.671,2
50,19,465.407,793.537,1
50,20,469.446,210.599,2
50,21,490.119,252.597,2
50,22,445.675,360.348,2
50,23,783.287,312.97,3
50,24,591.574,587.533,1
50,25,490.191,556.215,1
50,26,233.62,724.611,1
50,27,548.261,658.308,1
50,28,421.469,540.386,1
50,29,419.989,293.362,2
50.5,0,513.425,577.873,1
50.5,1,422.641,243.037,2
50.5,2,792.969,779.435,1
50.5,3,743.71,426.885,3
50.5,4,394.761,689.779,1
50.5,5,761.045,273.648,3
50.5,6,791.236,623.338,1
50.5,7,434.773,797.374,1
50.5,8,272.111,301.675,2
50.5,9,371.644,466.032,2
50.5,10,775.155,507.215,3
50.5,11,743.676,266.668,3
50.5,12,424.376,627.043,1
50.5,13,475.679,484.024,2
50.5,14,539.56,207.573,3
50.5,15,209.827,385.675,2
50.5,16,405.758,413.429,2
50.5,17,287.735,779.025,1
50.5,18,228.821,257.256,2
50.5,19,464.094,794.262,1
50.5,20,469.418,209.099,2
50.5,21,489.91,254.082,2
50.5,22,446.412,359.042,2
50.5,23,783.064,311.487,3
50.5,24,590.449,586.542,1
50.5,25,490.781,554.836,1
50.5,26,232.793,725.863,1
50.5,27,549.761,658.303,1
50.5,28,421.656,541.874,1
50.5,29,418.632,294.003,2
51,0,514.824,577.331,1
51,1,422.203,244.472,2
51,2,792.561,780.878,1
51,3,745.209,426.926,3
51,4,393.282,689.528,1
51,5,761.081,272.149,3
51,6,791.021,621.853,3
51,7,433.326,796.976,1
51,8,273.337,300.812,2
51,9,370.489,466.989,2
51,10,775.403,508.694,3
51,11,743.572,265.171,3
51,12,424.439,628.541,1
51,13,474.287,484.582,1
51,14,539.909,209.032,2
51,15,210.536,384.353,2
51,16,404.873,412.217,2
51,17,286.722,780.131,1
51,18,229.317,255.84,2
51,19,462.781,794.987,1
51,20,469.39,207.6,2
51,21,489.702,255.567,3
51,22,447.149,357.735,2
51,23,782.841,310.004,3
51,24,589.324,585.55,1
51,25,491.372,553.457,1
51,26,231.967,727.114,1
51,27,551.261,658.297,1
51,28,421.843,543.363,2
51,29,417.276,294.644,2
51.5,0,516.222,576.788,3
51.5,1,421.764,245.906,2
51.5,2,792.152,782.322,3
51.5,3,746.709,426.967,3
51.5,4,391.803,689.277,1
51.5,5,761.118,270.649,3
51.5,6,790.805,620.369,3
51.5,7,431.88,796.578,1
51.5,8,274.564,299.948,2
51.5,9,369.334,467.946,2
51.5,10,775.651,510.173,3
51.5,11,743.468,263.675,3
51.5,12,424.502,630.04,1
51.5,13,472.894,485.14,2
51.5,14,540.257,210.491,2
51.5,15,211.245,383.031,2
51.5,16,403.989,411.006,2
51.5,17,285.709,781.238,1
51.5,18,229.814,254.425,2
51.5,19,461.468,795.712,1
51.5,20,469.362,206.1,2
51.5,21,489.493,257.053,3
51.5,22,447.885,356.428,2
51.5,23,782.618,308.52,3
51.5,24,588.198,584.558,3
51.5,25,491.963,552.079,1
51.5,26,231.14,728.366,2
51.5,27,552.761,658.292,1
51.5,28,422.03,544.851,2
51.5,29,415.92,295.285,2
52,0,517.62,576.245,1
52,1,421.325,247.341,2
52,2,791.744,783.765,1
52,3,748.208,427.008,3
52,4,390.324,689.026,1
52,5,761.154,269.15,3
52,6,790.59,618.884,3
52,7,430.434,796.181,1
52,8,275.79,299.084,2
52,9,368.178,468.903,2
52,10,775.9,511.653,3
52,11,743.364,262.178,3
52,12,424.566,631.539,1
52,13,471.502,485.698,2
52,14,540.606,211.95,3
52,15,211.955,381.709,2
52,16,403.105,409.794,2
52,17,284.697,782.345,1
52,18,230.31,253.009,2
52,19,460.155,796.438,1
52,20,469.333,204.6,2
52,21,489.284,258.538,3
52,22,448.622,355.122,2
52,23,782.395,307.037,3
52,24,587.073,583.566,1
52,25,492.554,550.7,1
52,26,230.313,729.618,1
52,27,554.261,658.286,1
52,28,422.217,546.339,2
52,29,414.564,295.925,2
52.5,0,519.019,575.702,1
52.5,1,420.886,248.775,2
52.5,2,791.336,785.208,1
52.5,3,749.708,427.049,3
52.5,4,388.845,688.775,1
52.5,5,761.19,267.65,3
52.5,6,790.374,617.4,3
52.5,7,428.988,795.783,1
52.5,8,277.017,298.221,2
52.5,9,367.023,469.859,2
52.5,10,776.148,513.132,3
52.5,11,743.26,260.682,3
52.5,12,424.629,633.037,1
52.5,13,470.11,486.256,1
52.5,14,540.954,213.409,3
52.5,15,212.664,380.388,2
52.5,16,402.221,408.582,2
52.5,17,283.684,783.451,1
52.5,18,230.807,251.594,2
52.5,19,458.842,797.163,1
52.5,20,469.305,203.1,3
52.5,21,489.075,260.024,3
52.5,22,449.359,353.815,2
52.5,23,782.172,305.554,3
52.5,24,585.948,582.574,1
52.5,25,493.145,549.321,1
52.5,26,229.486,730.869,1
52.5,27,555.761,658.281,1
52.5,28,422.404,547.828,1
52.5,29,413.207,296.566,2
53,0,520.417,575.159,1
53,1,420.448,250.209,2
53,2,790.927,786.652,1
53,3,751.207,427.09,3
53,4,387.366,688.524,1
53,5,761.226,266.151,3
53,6,790.159,615.915,3
53,7,427.541,795.385,1
53,8,278.243,297.357,2
53,9,365.868,470.816,2
53,10,776.397,514.611,3
53,11,743.156,259.186,3
53,12,424.693,634.536,1
53,13,468.718,486.814,1
53,14,541.303,214.868,3
53,15,213.373,379.066,2
53,16,401.336,407.371,2
53,17,282.672,784.558,1
53,18,231.303,250.178,2
53,19,457.529,797.888,1
53,20,469.277,201.601,3
53,21,488.867,261.509,3
53,22,450.095,352.508,2
53,23,781.949,304.07,3
53,24,584.822,581.583,3
53,25,493.736,547.942,1
53,26,228.659,732.121,1
53,27,557.261,658.275,1
53,28,422.591,549.316,1
53,29,411.851,297.207,2
53.5,0,521.815,574.617,1
53.5,1,420.009,251.644,2
53.5,2,790.519,788.095,1
53.5,3,752.707,427.131,3
53.5,4,385.887,688.273,1
53.5,5,761.262,264.651,3
53.5,6,789.943,614.431,1
53.5,7,426.095,794.987,1
53.5,8,279.469,296.494,2
53.5,9,364.713,471.773,2
53.5,10,776.645,516.09,3
53.5,11,743.052,257.689,3
53.5,12,424.756,636.035,1
53.5,13,467.325,487.373,1
53.5,14,541.652,216.326,3
53.5,15,214.082,377.744,2
53.5,16,400.452,406.159,2
53.5,17,281.659,785.665,1
53.5,18,231.8,248.763,2
53.5,19,456.216,798.613,1
53.5,20,468.361,201.479,2
53.5,21,488.658,262.994,2
53.5,22,450.832,351.202,2
53.5,23,781.726,302.587,3
53.5,24,583.697,580.591,1
53.5,25,494.326,546.564,1
53.5,26,227.833,733.372,1
53.5,27,558.761,658.27,1
53.5,28,422.779,550.804,1
53.5,29,410.495,297.848,2
54,0,523.214,574.074,1
54,1,419.57,253.078,2
54,2,790.11,789.538,1
54,3,754.206,427.172,3
54,4,384.409,688.022,1
54,5,761.298,263.151,3
54,6,789.727,612.947,3
54,7,424.649,794.589,1
54,8,280.696,295.63,2
54,9,363.557,472.729,2
54,10,776.894,517.57,3
54,11,742.948,256.193,3
54,12,424.819,637.533,1
54,13,465.933,487.931,1
54,14,542,217.785,3
54,15,214.791,376.422,2
54,16,399.568,404.948,2
54,17,280.647,786.771,1
54,18,232.296,247.348,2
54,19,457.175,798.673,1
54,20,466.882,201.73,2
54,21,488.449,264.48,2
54,22,451.569,349.895,3
54,23,781.503,301.104,3
54,24,582.572,579.599,1
54,25,494.917,545.185,1
54,26,227.006,734.624,1
54,27,560.261,658.265,1
54,28,422.966,552.292,1
54,29,409.139,298.489,2
54.5,0,524.612,573.531,1
54.5,1,419.132,254.513,2
54.5,2,789.702,790.982,1
54.5,3,755.706,427.213,3
54.5,4,382.93,687.771,1
54.5,5,761.334,261.652,3
54.5,6,789.512,611.462,3
54.5,7,423.202,794.191,1
54.5,8,281.922,294.767,2
54.5,9,362.402,473.686,2
54.5,10,777.142,519.049,3
54.5,11,742.844,254.697,3
54.5,12,424.883,639.032,1
54.5,13,464.541,488.489,1
54.5,14,542.349,219.244,3
54.5,15,215.5,375.1,2
54.5,16,398.683,403.736,2
54.5,17,279.634,787.878,1
54.5,18,232.793,245.932,2
54.5,19,458.675,798.671,1
54.5,20,465.403,201.981,2
54.5,21,488.24,265.965,2
54.5,22,452.305,348.588,2
54.5,23,781.28,299.62,3
54.5,24,581.446,578.607,1
54.5,25,495.508,543.806,1
54.5,26,226.179,735.875,1
54.5,27,561.761,658.259,1
54.5,28,423.153,553.781,1
54.5,29,407.782,299.129,2
55,0,526.01,572.988,3
55,1,418.693,255.947,2
55,2,789.294,792.425,3
55,3,757.205,427.254,3
55,4,381.451,687.52,1
55,5,761.37,260.152,3
55,6,789.296,609.978,3
55,7,421.756,793.794,1
55,8,283.149,293.903,2
55,9,361.247,474.643,2
55,10,777.39,520.528,3
55,11,742.74,253.2,3
55,12,424.946,640.531,1
55,13,463.149,489.047,2
55,14,542.697,220.703,3
55,15,216.209,373.778,2
55,16,397.799,402.524,2
55,17,278.622,788.985,1
55,18,233.289,244.517,2
55,19,460.175,798.668,1
55,20,463.924,202.231,2
55,21,488.032,267.451,3
55,22,453.042,347.282,2
55,23,781.057,298.137,3
55,24,580.321,577.615,3
55,25,496.099,542.427,1
55,26,225.352,737.127,2
55,27,563.261,658.254,1
55,28,423.34,555.269,2
55,29,406.426,299.77,2
55.5,0,527.409,572.445,1
55.5,1,418.254,257.382,2
55.5,2,788.885,793.868,1
55.5,3,758.704,427.295,3
55.5,4,379.972,687.269,1
55.5,5,761.406,258.653,3
55.5,6,789.081,608.493,3
55.5,7,420.31,793.396,1
55.5,8,284.375,293.039,2
55.5,9,360.091,475.6,2
55.5,10,777.639,522.008,3
55.5,11,742.636,251.704,3
55.5,12,425.01,642.029,1
55.5,13,461.756,489.605,2
55.5,14,543.046,222.162,3
55.5,15,216.918,372.457,2
55.5,16,396.915,401.313,2
55.5,17,277.609,790.091,1
55.5,18,233.786,243.101,2
55.5,19,461.675,798.666,1
55.5,20,462.446,202.482,2
55.5,21,487.823,268.936,2
55.5,22,453.779,345.975,2
55.5,23,780.834,296.654,3
55.5,24,579.196,576.623,1
55.5,25,496.69,541.049,1
55.5,26,224.526,738.379,1
55.5,27,564.761,658.248,1
55.5,28,423.527,556.757,2
55.5,29,405.07,300.411,2
56,0,528.807,571.903,1
56,1,417.816,258.816,2
56,2,788.477,795.312,1
56,3,760.204,427.336,3
56,4,378.493,687.017,1
56,5,761.442,257.153,3
56,6,788.865,607.009,3
56,7,418.864,792.998,1
56,8,285.602,292.176,2
56,9,358.936,476.556,2
56,10,777.887,523.487,3
56,11,742.532,250.207,3
56,12,425.073,643.528,1
56,13,460.364,490.164,1
56,14,543.395,223.621,3
56,15,217.627,371.135,2
56,16,396.031,400.101,2
56,17,276.596,791.198,1
56,18,234.282,241.686,2
56,19,463.175,798.663,1
56,20,460.967,202.733,2
56,21,487.614,270.422,2
56,22,454.515,344.668,2
56,23,780.611,295.17,3
56,24,578.071,575.632,1
56,25,497.28,539.67,1
56,26,223.699,739.63,1
56,27,566.261,658.243,1
56,28,423.714,558.246,1
56,29,403.714,301.052,2
56.5,0,530.205,571.36,1
56.5,1,417.377,260.25,2
56.5,2,788.069,796.755,1
56.5,3,761.703,427.377,3
56.5,4,377.014,686.766,1
56.5,5,761.478,255.654,3
56.5,6,788.65,605.524,3
56.5,7,417.417,792.6,1
56.5,8,286.828,291.312,2
56.5,9,357.781,477.513,2
56.5,10,778.136,524.966,3
56.5,11,742.428,248.711,3
56.5,12,425.136,645.027,1
56.5,13,458.972,490.722,1
56.5,14,543.743,225.08,3
56.5,15,218.336,369.813,2
56.5,16,395.146,398.889,2
56.5,17,275.584,792.305,1
56.5,18,234.779,240.27,2
56.5,19,464.675,798.661,1
56.5,20,459.488,202.984,2
56.5,21,487.405,271.907,3
56.5,22,455.252,343.362,2
56.5,23,780.388,293.687,3
56.5,24,576.945,574.64,1
56.5,25,497.871,538.291,1
56.5,26,222.872,740.882,1
56.5,27,567.761,658.237,1
56.5,28,423.901,559.734,1
56.5,29,402.358,301.693,2
57,0,531.604,570.817,1
57,1,416.938,261.685,2
57,2,787.66,798.198,1
57,3,763.203,427.419,3
57,4,375.535,686.515,1
57,5,761.514,254.154,3
57,6,788.434,604.04,1
57,7,415.971,792.202,1
57,8,288.055,290.449,2
57,9,356.626,478.47,2
57,10,778.384,526.445,3
57,11,742.324,247.215,3
57,12,425.2,646.525,1
57,13,457.579,491.28,1
57,14,544.092,226.539,2
57,15,219.046,368.491,2
57,16,394.262,397.678,2
57,17,274.571,793.411,1
57,18,235.275,238.855,2
57,19,466.175,798.658,1
57,20,458.009,203.234,3
57,21,487.197,273.392,2
57,22,455.989,342.055,2
57,23,780.165,292.204,3
57,24,575.82,573.648,1
57,25,498.462,536.912,1
57,26,222.045,742.133,1
57,27,569.261,658.232,1
57,28,424.088,561.222,1
57,29,401.001,302.333,2
57.5,0,533.002,570.274,3
57.5,1,416.5,263.119,2
57.5,2,786.822,798.636,3
57.5,3,764.702,427.46,3
57.5,4,374.057,686.264,1
57.5,5,761.55,252.654,3
57.5,6,788.219,602.556,3
57.5,7,414.525,791.804,1
57.5,8,289.281,289.585,2
57.5,9,355.47,479.427,2
57.5,10,778.633,527.925,3
57.5,11,742.22,245.718,3
57.5,12,425.263,648.024,1
57.5,13,456.187,491.838,2
57.5,14,544.44,227.998,3
57.5,15,219.755,367.169,2
57.5,16,393.378,396.466,2
57.5,17,273.559,794.518,1
57.5,18,235.772,237.439,2
57.5,19,467.675,798.655,1
57.5,20,456.53,203.485,2
57.5,21,486.988,274.878,2
57.5,22,456.725,340.748,2
57.5,23,779.942,290.72,3
57.5,24,574.695,572.656,3
57.5,25,499.053,535.534,1
57.5,26,221.219,743.385,2
57.5,27,570.761,658.226,1
57.5,28,424.275,562.71,2
57.5,29,399.645,302.974,2
58,0,534.4,569.731,1
58,1,416.061,264.554,2
58,2,785.324,798.553,1
58,3,766.202,427.501,3
58,4,372.578,686.013,1
58,5,761.586,251.155,3
58,6,788.003,601.071,1
58,7,413.079,791.407,1
58,8,290.508,288.721,2
58,9,354.315,480.383,2
58,10,778.881,529.404,3
58,11,742.116,244.222,3
58,12,425.327,649.523,1
58,13,454.795,492.396,1
58,14,544.789,229.457,2
58,15,220.464,365.848,2
58,16,392.493,395.255,2
58,17,272.546,795.625,1
58,18,236.268,236.024,2
58,19,469.175,798.653,1
58,20,455.051,203.736,3
58,21,486.779,276.363,3
58,22,457.462,339.442,3
58,23,779.719,289.237,3
58,24,573.569,571.664,1
58,25,499.644,534.155,1
58,26,220.392,744.636,1
58,27,572.261,658.221,1
58,28,424.462,564.199,1
58,29,398.289,303.615,2
58.5,0,535.799,569.188,1
58.5,1,415.622,265.988,2
58.5,2,783.826,798.471,1
58.5,3,767.701,427.542,3
58.5,4,371.099,685.762,1
58.5,5,761.622,249.655,3
58.5,6,787.787,599.587,1
58.5,7,411.632,791.009,1
58.5,8,291.734,287.858,2
58.5,9,353.16,481.34,2
58.5,10,779.13,530.883,3
58.5,11,742.012,242.725,3
58.5,12,425.39,651.021,1
58.5,13,453.403,492.954,2
58.5,14,545.138,230.916,2
58.5,15,221.173,364.526,2
58.5,16,391.609,394.043,2
58.5,17,271.534,796.731,1
58.5,18,236.765,234.609,2
58.5,19,470.675,798.65,1
58.5,20,453.572,203.986,2
58.5,21,486.57,277.849,2
58.5,22,458.198,338.135,2
58.5,23,779.496,287.754,3
58.5,24,572.444,570.673,1
58.5,25,500.235,532.776,1
58.5,26,219.565,745.888,1
58.5,27,573.761,658.215,1
58.5,28,424.649,565.687,1
58.5,29,396.933,304.256,2
59,0,537.197,568.646,1
59,1,415.183,267.422,2
59,2,782.329,798.388,1
59,3,769.2,427.583,3
59,4,369.62,685.511,1
59,5,761.658,248.156,3
59,6,787.572,598.102,3
59,7,410.186,790.611,1
59,8,292.961,286.994,2
59,9,352.004,482.297,2
59,10,779.378,532.362,3
59,11,741.907,241.229,3
59,12,425.454,652.52,1
59,13,452.01,493.513,2
59,14,545.486,232.375,3
59,15,221.882,363.204,2
59,16,390.725,392.831,2
59,17,270.521,797.838,1
59,18,237.261,233.193,2
59,19,472.175,798.648,1
59,20,452.093,204.237,2
59,21,486.362,279.334,3
59,22,458.935,336.828,2
59,23,779.273,286.27,3
59,24,571.319,569.681,3
59,25,500.825,531.397,1
59,26,218.738,747.14,1
59,27,575.261,658.21,1
59,28,424.837,567.175,1
59,29,395.576,304.897,2
59.5,0,538.595,568.103,1
59.5,1,414.745,268.857,2
59.5,2,780.831,798.305,1
59.5,3,770.7,427.624,3
59.5,4,368.141,685.26,1
59.5,5,761.694,246.656,3
59.5,6,787.356,596.618,3
59.5,7,408.74,790.213,1
59.5,8,294.187,286.131,2
59.5,9,350.849,483.253,2
59.5,10,779.626,533.842,3
59.5,11,741.803,239.733,3
59.5,12,425.517,654.019,1
59.5,13,450.618,494.071,2
59.5,14,545.835,233.834,2
59.5,15,222.591,361.882,2
59.5,16,389.841,391.62,2
59.5,17,269.698,798.643,1
59.5,18,237.758,231.778,2
59.5,19,473.675,798.645,1
59.5,20,450.614,204.488,2
59.5,21,486.153,280.819,2
59.5,22,459.672,335.522,2
59.5,23,779.05,284.787,3
59.5,24,570.193,568.689,1
59.5,25,501.416,530.019,1
59.5,26,217.911,748.391,2
59.5,27,576.761,658.205,1
59.5,28,425.024,568.664,2
59.5,29,394.22,305.537,2
60,0,539.994,567.56,3
60,1,414.306,270.291,2
60,2,779.333,798.222,1
60,3,772.199,427.665,3
60,4,366.662,685.009,1
60,5,761.73,245.157,3
60,6,787.141,595.133,3
60,7,407.293,789.815,1
60,8,295.413,285.267,2
60,9,349.694,484.21,2
60,10,779.875,535.321,3
60,11,741.699,238.236,3
60,12,425.58,655.517,1
60,13,449.226,494.629,2
60,14,546.183,235.293,3
60,15,223.3,360.56,2
60,16,388.956,390.408,2
60,17,268.388,797.913,1
60,18,238.254,230.362,2
60,19,475.175,798.643,1
60,20,449.135,204.739,2
60,21,485.944,282.305,2
60,22,460.408,334.215,2
60,23,778.827,283.304,3
60,24,569.068,567.697,3
60,25,502.007,528.64,1
60,26,217.085,749.643,1
60,27,578.261,658.199,1
60,28,425.211,570.152,2
60,29,392.864,306.178,2
60.5,0,541.392,567.017,1
60.5,1,413.867,271.726,2
60.5,2,777.836,798.139,1
60.5,3,773.699,427.706,3
60.5,4,365.184,684.758,1
60.5,5,761.766,243.657,3
60.5,6,786.925,593.649,3
60.5,7,405.847,789.417,1
60.5,8,296.64,284.403,2
60.5,9,348.539,485.167,2
60.5,10,780.123,536.8,3
60.5,11,741.595,236.74,3
60.5,12,425.644,657.016,1
60.5,13,447.833,495.187,2
60.5,14,546.532,236.752,3
60.5,15,224.009,359.239,2
60.5,16,388.072,389.196,2
60.5,17,267.077,797.183,1
60.5,18,238.751,228.947,2
60.5,19,476.675,798.64,1
60.5,20,447.657,204.989,2
60.5,21,485.735,283.79,2
60.5,22,461.145,332.908,2
60.5,23,778.604,281.82,3
60.5,24,567.943,566.705,1
60.5,25,502.598,527.261,1
60.5,26,216.258,750.894,2
60.5,27,579.761,658.194,1
60.5,28,425.398,571.64,2
60.5,29,391.508,306.819,2
61,0,542.79,566.474,1
61,1,413.429,273.16,2
61,2,776.338,798.056,3
61,3,775.198,427.747,3
61,4,363.705,684.507,1
61,5,761.803,242.158,3
61,6,786.71,592.165,3
61,7,404.401,789.02,1
61,8,297.866,283.54,2
61,9,347.383,486.124,2
61,10,780.372,538.28,3
61,11,741.491,235.243,3
61,12,425.707,658.514,1
61,13,446.441,495.745,2
61,14,546.88,238.21,3
61,15,224.718,357.917,2
61,16,387.188,387.985,2
61,17,265.767,796.453,1
61,18,239.247,227.531,2
61,19,478.175,798.638,1
61,20,446.178,205.24,2
61,21,485.527,285.276,3
61,22,461.882,331.602,2
61,23,778.381,280.337,3
61,24,566.818,565.713,1
61,25,503.189,525.882,1
61,26,215.431,752.146,2
61,27,581.261,658.188,1
61,28,425.585,573.128,2
61,29,390.151,307.46,2
61.5,0,544.189,565.932,3
61.5,1,412.99,274.595,2
61.5,2,774.84,797.973,1
61.5,3,776.698,427.788,3
61.5,4,362.226,684.256,1
61.5,5,761.839,240.658,3
61.5,6,786.494,590.68,3
61.5,7,402.955,788.622,1
61.5,8,299.093,282.676,2
61.5,9,346.228,487.08,2
61.5,10,780.62,539.759,3
61.5,11,741.387,233.747,3
61.5,12,425.771,660.013,1
61.5,13,445.049,496.304,2
61.5,14,547.229,239.669,3
61.5,15,225.427,356.595,2
61.5,16,386.303,386.773,2
61.5,17,264.457,795.723,1
61.5,18,239.744,226.116,2
61.5,19,479.675,798.635,1
61.5,20,444.699,205.491,2
61.5,21,485.318,286.761,2
61.5,22,462.618,330.295,2
61.5,23,778.158,278.854,3
61.5,24,565.692,564.722,3
61.5,25,503.779,524.504,1
61.5,26,214.604,753.398,2
61.5,27,582.761,658.183,1
61.5,28,425.772,574.617,2
61.5,29,388.795,308.101,2
62,0,545.587,565.389,3
62,1,412.551,276.029,2
62,2,773.343,797.891,1
62,3,778.197,427.829,3
62,4,360.747,684.005,1
62,5,761.875,239.158,3
62,6,786.279,589.196,3
62,7,401.508,788.224,1
62,8,300.319,281.813,2
62,9,345.073,488.037,2
62,10,780.869,541.238,3
62,11,741.283,232.251,3
62,12,425.834,661.512,1
62,13,443.657,496.862,2
62,14,547.578,241.128,2
62,15,226.137,355.273,2
62,16,385.419,385.562,2
62,17,263.146,794.993,1
62,18,240.24,224.7,2
62,19,481.175,798.633,1
62,20,443.22,205.741,3
62,21,485.109,288.246,3
62,22,463.355,328.988,3
62,23,777.935,277.37,3
62,24,564.567,563.73,3
62,25,504.37,523.125,1
62,26,213.778,754.649,2
62,27,584.261,658.177,1
62,28,425.959,576.105,2
62,29,387.439,308.741,2
62.5,0,546.986,564.846,1
62.5,1,412.113,277.463,2
62.5,2,771.845,797.808,1
62.5,3,779.697,427.87,3
62.5,4,359.268,683.754,1
62.5,5,761.911,237.659,3
62.5,6,786.063,587.711,3
62.5,7,400.062,787.826,1
62.5,8,301.546,280.949,2
62.5,9,343.917,488.994,2
62.5,10,781.117,542.717,3
62.5,11,741.179,230.754,3
62.5,12,425.897,663.01,1
62.5,13,442.264,497.42,2
62.5,14,547.926,242.587,3
62.5,15,226.846,353.951,2
62.5,16,384.535,384.35,2
62.5,17,261.836,794.263,1
62.5,18,240.737,223.285,2
62.5,19,482.675,798.63,1
62.5,20,441.741,205.992,2
62.5,21,484.901,289.732,3
62.5,22,464.092,327.682,2
62.5,23,777.712,275.887,3
62.5,24,563.442,562.738,1
62.5,25,504.961,521.746,1
62.5,26,212.951,755.901,1
62.5,27,585.761,658.172,1
62.5,28,426.146,577.593,1
62.5,29,386.083,309.382,2
63,0,548.384,564.303,1
63,1,411.674,278.898,2
63,2,770.347,797.725,1
63,3,781.196,427.911,3
63,4,357.789,683.503,1
63,5,761.947,236.159,3
63,6,785.847,586.227,3
63,7,398.616,787.428,1
63,8,302.772,280.085,2
63,9,342.762,489.951,2
63,10,781.366,544.197,3
63,11,741.075,229.258,3
63,12,425.961,664.509,1
63,13,440.872,497.978,1
63,14,548.275,244.046,3
63,15,227.555,352.63,2
63,16,383.651,383.138,2
63,17,260.526,793.533,1
63,18,241.233,221.87,2
63,19,484.175,798.627,1
63,20,440.262,206.243,3
63,21,484.692,291.217,3
63,22,464.828,326.375,3
63,23,777.489,274.404,3
63,24,562.316,561.746,1
63,25,505.552,520.367,1
63,26,212.124,757.152,1
63,27,587.261,658.166,1
63,28,426.333,579.082,1
63,29,384.726,310.023,2
63.5,0,549.782,563.76,1
63.5,1,411.235,280.332,2
63.5,2,768.849,797.642,1
63.5,3,782.695,427.952,3
63.5,4,356.31,683.252,1
63.5,5,761.983,234.66,3
63.5,6,785.632,584.742,3
63.5,7,397.169,787.03,1
63.5,8,303.999,279.222,2
63.5,9,341.607,490.907,2
63.5,10,781.614,545.676,3
63.5,11,740.971,227.762,3
63.5,12,426.024,666.008,1
63.5,13,439.48,498.536,1
63.5,14,548.623,245.505,3
63.5,15,228.264,351.308,2
63.5,16,382.766,381.927,2
63.5,17,259.215,792.802,1
63.5,18,241.73,220.454,2
63.5,19,485.675,798.625,1
63.5,20,438.783,206.494,2
63.5,21,484.483,292.703,3
63.5,22,465.565,325.068,3
63.5,23,777.266,272.92,3
63.5,24,561.191,560.754,1
63.5,25,506.143,518.989,1
63.5,26,211.297,758.404,1
63.5,27,588.761,658.161,1
63.5,28,426.52,580.57,1
63.5,29,383.37,310.664,2
64,0,551.181,563.218,3
64,1,410.797,281.767,2
64,2,767.352,797.559,1
64,3,784.195,427.993,3
64,4,354.832,683.001,1
64,5,762.019,233.16,3
64,6,785.416,583.258,3
64,7,395.723,786.633,1
64,8,305.225,278.358,2
64,9,340.452,491.864,2
64,10,781.862,547.155,3
64,11,740.867,226.265,3
64,12,426.088,667.506,1
64,13,438.088,499.094,1
64,14,548.972,246.964,3
64,15,228.973,349.986,2
64,16,381.882,380.715,2
64,17,257.905,792.072,1
64,18,242.226,219.039,2
64,19,487.175,798.622,1
64,20,437.304,206.744,3
64,21,484.274,294.188,3
64,22,466.302,323.762,3
64,23,777.043,271.437,3
64,24,560.066,559.763,1
64,25,506.734,517.61,1
64,26,210.471,759.655,1
64,27,590.261,658.156,1
64,28,426.707,582.058,1
64,29,382.014,311.305,2
64.5,0,552.579,562.675,3
64.5,1,410.358,283.201,2
64.5,2,765.854,797.476,1
64.5,3,785.694,428.034,3
64.5,4,353.353,682.75,1
64.5,5,762.055,231.661,3
64.5,6,785.201,581.774,1
64.5,7,394.277,786.235,1
64.5,8,306.452,277.495,2
64.5,9,339.296,492.821,2
64.5,10,782.111,548.635,3
64.5,11,740.763,224.769,3
64.5,12,426.151,669.005,1
64.5,13,436.695,499.653,2
64.5,14,549.321,248.423,2
64.5,15,229.682,348.664,2
64.5,16,380.998,379.503,2
64.5,17,256.595,791.342,1
64.5,18,242.723,217.623,2
64.5,19,488.675,798.62,1
64.5,20,435.825,206.995,2
64.5,21,484.066,295.673,2
64.5,22,467.038,322.455,2
64.5,23,776.82,269.954,3
64.5,24,558.94,558.771,3
64.5,25,507.324,516.231,1
64.5,26,209.644,760.907,1
64.5,27,591.761,658.15,1
64.5,28,426.894,583.546,2
64.5,29,380.658,311.945,2
65,0,553.977,562.132,1
65,1,409.919,284.635,2
65,2,764.356,797.393,1
65,3,787.194,428.076,3
65,4,351.874,682.499,1
65,5,762.091,230.161,3
65,6,784.985,580.289,3
65,7,392.831,785.837,1
65,8,307.678,276.631,2
65,9,338.141,493.777,2
65,10,782.359,550.114,3
65,11,740.659,223.272,3
65,12,426.214,670.504,1
65,13,435.303,500.211,2
65,14,549.669,249.882,2
65,15,230.391,347.342,2
65,16,380.113,378.292,2
65,17,255.284,790.612,1
65,18,243.219,216.208,2
65,19,490.175,798.617,1
65,20,434.346,207.246,2
65,21,483.857,297.159,2
65,22,467.775,321.149,2
65,23,776.597,268.47,3
65,24,557.815,557.779,1
65,25,507.915,514.852,1
65,26,208.817,762.159,1
65,27,593.261,658.145,1
65,28,427.082,585.035,1
65,29,379.302,312.586,2
65.5,0,555.376,561.589,3
65.5,1,409.481,286.07,2
65.5,2,762.859,797.31,1
65.5,3,788.693,428.117,3
65.5,4,350.395,682.248,1
65.5,5,762.127,228.661,3
65.5,6,784.77,578.805,3
65.5,7,391.384,785.439,1
65.5,8,308.905,275.768,2
65.5,9,336.986,494.734,2
65.5,10,782.608,551.593,3
65.5,11,740.555,221.776,3
65.5,12,426.278,672.002,1
65.5,13,433.911,500.769,2
65.5,14,550.018,251.341,3
65.5,15,231.1,346.021,2
65.5,16,379.229,377.08,2
65.5,17,253.974,789.882,1
65.5,18,243.716,214.792,2
65.5,19,491.675,798.615,1
65.5,20,432.868,207.496,2
65.5,21,483.648,298.644,2
65.5,22,468.511,319.842,2
65.5,23,776.374,266.987,3
65.5,24,556.69,556.787,3
65.5,25,508.506,513.474,1
65.5,26,207.99,763.41,2
65.5,27,594.761,658.139,1
65.5,28,427.269,586.523,2
65.5,29,377.945,313.227,2
66,0,556.774,561.046,1
66,1,409.042,287.504,2
66,2,761.361,797.228,1
66,3,790.193,428.158,3
66,4,348.916,681.997,1
66,5,762.163,227.162,3
66,6,784.554,577.32,3
66,7,389.938,785.041,1
66,8,310.131,274.904,2
66,9,335.83,495.691,2
66,10,782.856,553.072,3
66,11,740.451,220.28,3
66,12,426.341,673.501,1
66,13,432.518,501.327,1
66,14,550.366,252.8,3
66,15,231.809,344.699,2
66,16,378.345,375.869,2
66,17,252.664,789.152,1
66,18,244.212,213.377,2
66,19,493.175,798.612,1
66,20,431.389,207.747,3
66,21,483.439,300.13,3
66,22,469.248,318.535,3
66,23,776.151,265.504,3
66,24,555.564,555.795,1
66,25,509.097,512.095,1
66,26,207.163,764.662,2
66,27,596.261,658.134,1
66,28,427.456,588.011,2
66,29,376.589,313.868,2
66.5,0,558.172,560.504,1
66.5,1,408.603,288.939,2
66.5,2,759.863,797.145,1
66.5,3,791.692,428.199,3
66.5,4,347.437,681.746,1
66.5,5,762.199,225.662,3
66.5,6,784.339,575.836,3
66.5,7,388.492,784.643,1
66.5,8,311.357,274.04,2
66.5,9,334.675,496.648,2
66.5,10,783.105,554.552,3
66.5,11,740.347,218.783,3
66.5,12,426.405,675,1
66.5,13,431.126,501.885,2
66.5,14,550.715,254.259,3
66.5,15,232.518,343.377,2
66.5,16,377.461,374.657,2
66.5,17,251.353,788.422,1
66.5,18,244.709,211.961,2
66.5,19,494.675,798.61,1
66.5,20,429.91,207.998,2
66.5,21,483.231,301.615,2
66.5,22,469.985,317.229,2
66.5,23,775.928,264.02,3
66.5,24,554.439,554.804,3
66.5,25,509.688,510.716,1
66.5,26,206.337,765.913,1
66.5,27,597.761,658.128,1
66.5,28,427.643,589.5,2
66.5,29,375.233,314.509,2
67,0,559.571,559.961,1
67,1,408.164,290.373,2
67,2,758.365,797.062,1
67,3,793.191,428.24,3
67,4,345.959,681.495,1
67,5,762.235,224.163,3
67,6,784.123,574.351,3
67,7,387.045,784.246,1
67,8,312.584,273.177,2
67,9,333.52,497.604,1
67,10,783.353,556.031,3
67,11,740.243,217.287,3
67,12,426.468,676.498,1
67,13,429.734,502.444,2
67,14,551.063,255.718,3
67,15,233.228,342.055,2
67,16,376.576,373.445,2
67,17,250.043,787.692,1
67,18,245.205,210.546,2
67,19,496.175,798.607,1
67,20,428.431,208.249,3
67,21,483.022,303.1,2
67,22,470.721,315.922,3
67,23,775.705,262.537,3
67,24,553.314,553.812,1
67,25,510.278,509.338,1
67,26,205.51,767.165,1
67,27,599.261,658.123,1
67,28,427.83,590.988,1
67,29,373.877,315.149,2
67.5,0,560.969,559.418,3
67.5,1,407.726,291.808,2
67.5,2,756.868,796.979,1
67.5,3,794.691,428.281,3
67.5,4,344.48,681.244,1
67.5,5,762.271,222.663,3
67.5,6,783.908,572.867,3
67.5,7,385.599,783.848,1
67.5,8,313.81,272.313,2
67.5,9,332.365,498.561,2
67.5,10,783.602,557.51,3
67.5,11,740.139,215.79,3
67.5,12,426.531,677.997,1
67.5,13,428.342,503.002,2
67.5,14,551.412,257.177,3
67.5,15,233.937,340.733,2
67.5,16,375.692,372.234,2
67.5,17,248.733,786.961,1
67.5,18,245.702,209.13,2
67.5,19,497.675,798.605,1
67.5,20,426.952,208.499,2
67.5,21,482.813,304.586,2
67.5,22,471.458,314.615,2
67.5,23,775.482,261.054,3
67.5,24,552.189,552.82,3
67.5,25,510.869,507.959,1
67.5,26,204.683,768.416,2
67.5,27,600.76,658.117,1
67.5,28,428.017,592.476,2
67.5,29,372.52,315.79,2
68,0,562.367,558.875,1
68,1,407.287,293.242,2
68,2,755.37,796.896,1
68,3,796.19,428.322,3
68,4,343.001,680.993,1
68,5,762.307,221.164,3
68,6,783.692,571.382,3
68,7,384.153,783.45,1
68,8,315.037,271.45,2
68,9,331.209,499.518,2
68,10,783.85,558.99,3
68,11,740.035,214.294,3
68,12,426.595,679.496,1
68,13,426.949,503.56,2
68,14,551.761,258.636,3
68,15,234.646,339.411,2
68,16,374.808,371.022,2
68,17,247.423,786.231,1
68,18,246.198,207.715,2
68,19,499.175,798.602,1
68,20,425.473,208.75,2
68,21,482.604,306.071,2
68,22,472.195,313.309,2
68,23,775.259,259.57,3
68,24,551.063,551.828,1
68,25,511.46,506.58,1
68,26,203.856,769.668,1
68,27,602.26,658.112,1
68,28,428.204,593.964,1
68,29,371.164,316.431,2
68.5,0,563.766,558.332,1
68.5,1,406.848,294.676,2
68.5,2,753.872,796.813,1
68.5,3,797.69,428.363,3
68.5,4,341.522,680.742,1
68.5,5,762.343,219.664,3
68.5,6,783.476,569.898,3
68.5,7,382.707,783.052,1
68.5,8,316.263,270.586,2
68.5,9,330.054,500.474,2
68.5,10,784.098,560.469,3
68.5,11,739.931,212.798,3
68.5,12,426.658,680.994,1
68.5,13,425.557,504.118,1
68.5,14,552.109,260.094,3
68.5,15,235.355,338.09,2
68.5,16,373.923,369.81,2
68.5,17,246.112,785.501,1
68.5,18,246.695,206.3,2
68.5,19,500.675,798.599,1
68.5,20,423.994,209.001,2
68.5,21,482.396,307.557,2
68.5,22,472.931,312.002,2
68.5,23,775.036,258.087,3
68.5,24,549.938,550.836,1
68.5,25,512.051,505.201,1
68.5,26,203.03,770.92,1
68.5,27,603.76,658.106,1
68.5,28,428.391,595.453,1
68.5,29,369.808,317.072,2
69,0,565.164,557.79,1
69,1,406.41,296.111,2
69,2,752.375,796.73,1
69,3,798.545,428.22,3
69,4,340.043,680.491,1
69,5,762.379,218.164,3
69,6,783.261,568.414,3
69,7,381.26,782.654,1
69,8,317.49,269.722,2
69,9,328.899,501.431,2
69,10,784.347,561.948,3
69,11,739.827,211.301,3
69,12,426.722,682.493,1
69,13,424.165,504.676,1
69,14,552.458,261.553,3
69,15,236.064,336.768,2
69,16,373.039,368.599,2
69,17,244.802,784.771,1
69,18,247.191,204.884,2
69,19,502.175,798.597,1
69,20,422.515,209.251,3
69,21,482.187,309.042,3
69,22,473.668,310.695,3
69,23,774.813,256.604,3
69,24,548.813,549.844,1
69,25,512.642,503.823,1
69,26,202.203,772.171,1
69,27,605.26,658.101,1
69,28,428.578,596.941,1
69,29,368.452,317.713,2
69.5,0,566.562,557.247,3
69.5,1,405.971,297.545,2
69.5,2,750.877,796.648,1
69.5,3,797.631,427.03,3
69.5,4,338.564,680.24,1
69.5,5,762.415,216.665,3
69.5,6,783.045,566.929,3
69.5,7,379.814,782.256,1
69.5,8,318.716,268.859,2
69.5,9,327.744,502.388,2
69.5,10,784.595,563.427,3
69.5,11,739.723,209.805,3
69.5,12,426.785,683.992,1
69.5,13,422.773,505.234,2
69.5,14,552.806,263.012,3
69.5,15,236.773,335.446,2
69.5,16,372.155,367.387,2
69.5,17,243.492,784.041,1
69.5,18,247.688,203.469,2
69.5,19,503.675,798.594,1
69.5,20,421.036,209.502,2
69.5,21,481.978,310.527,3
69.5,22,474.405,309.389,2
69.5,23,774.59,255.12,3
69.5,24,547.687,548.853,3
69.5,25,513.233,502.444,1
69.5,26,201.376,773.423,1
69.5,27,606.76,658.096,1
69.5,28,428.765,598.429,1
69.5,29,367.095,318.353,2
70,0,567.961,556.704,3
70,1,405.532,298.98,2
70,2,749.379,796.565,1
70,3,796.718,425.84,3
70,4,337.085,679.989,1
70,5,762.451,215.165,3
70,6,782.83,565.445,3
70,7,378.368,781.859,1
70,8,319.943,267.995,2
70,9,326.588,503.345,2
70,10,784.844,564.907,3
70,11,739.619,208.309,3
70,12,426.849,685.49,1
70,13,421.38,505.793,2
70,14,553.155,264.471,3
70,15,237.482,334.124,2
70,16,371.271,366.176,2
70,17,242.181,783.311,1
70,18,248.184,202.053,2
70,19,505.175,798.592,1
70,20,419.557,209.753,2
70,21,481.769,312.013,2
70,22,475.141,308.082,2
70,23,774.367,253.637,3
70,24,546.562,547.861,3
70,25,513.823,501.065,1
70,26,201.859,774.47,1
70,27,608.26,658.09,1
70,28,428.952,599.918,1
70,29,365.739,318.994,2
70.5,0,569.359,556.161,3
70.5,1,405.094,300.414,2
70.5,2,747.881,796.482,1
70.5,3,795.805,424.65,3
70.5,4,335.607,679.738,1
70.5,5,762.488,213.666,3
70.5,6,782.614,563.96,3
70.5,7,376.921,781.461,1
70.5,8,321.169,267.132,2
70.5,9,325.433,504.301,2
70.5,10,785.092,566.386,3
70.5,11,739.515,206.812,3
70.5,12,426.912,686.989,1
70.5,13,419.988,506.351,2
70.5,14,553.504,265.93,3
70.5,15,238.191,332.802,2
70.5,16,370.386,364.964,2
70.5,17,240.871,782.581,1
70.5,18,248.013,201.36,2
70.5,19,506.675,798.589,1
70.5,20,418.079,210.004,2
70.5,21,481.561,313.498,2
70.5,22,475.878,306.775,2
70.5,23,774.144,252.154,3
70.5,24,545.437,546.869,3
70.5,25,514.414,499.686,1
70.5,26,202.582,775.784,2
70.5,27,609.76,658.085,1
70.5,28,429.14,601.406,1
70.5,29,364.383,319.635,2
71,0,570.757,555.618,1
71,1,404.655,301.848,2
71,2,746.384,796.399,1
71,3,794.891,423.461,3
71,4,334.128,679.487,1
71,5,762.524,212.166,3
71,6,782.399,562.476,3
71,7,375.475,781.063,1
71,8,322.396,266.268,2
71,9,324.278,505.258,2
71,10,785.341,567.865,3
71,11,739.411,205.316,3
71,12,426.975,688.488,1
71,13,418.596,506.909,1
71,14,553.852,267.389,3
71,15,238.9,331.481,2
71,16,369.502,363.752,2
71,17,239.561,781.851,1
71,18,246.518,201.481,2
71,19,508.175,798.587,1
71,20,416.6,210.254,2
71,21,481.352,314.984,3
71,22,476.615,305.469,3
71,23,773.921,250.67,3
71,24,544.311,545.877,1
71,25,515.005,498.308,1
71,26,203.305,777.098,1
71,27,611.26,658.079,1
71,28,429.327,602.894,1
71,29,363.027,320.276,2
71.5,0,572.156,555.075,1
71.5,1,404.216,303.283,2
71.5,2,744.886,796.316,1
71.5,3,793.978,422.271,3
71.5,4,332.649,679.236,1
71.5,5,762.56,210.667,3
71.5,6,782.183,560.991,3
71.5,7,374.029,780.665,1
71.5,8,323.622,265.404,2
71.5,9,323.122,506.215,2
71.5,10,785.589,569.345,3
71.5,11,739.307,203.819,3
71.5,12,427.039,689.986,1
71.5,13,417.203,507.467,1
71.5,14,554.201,268.848,3
71.5,15,239.609,330.159,2
71.5,16,368.618,362.541,2
71.5,17,238.25,781.121,1
71.5,18,245.023,201.602,2
71.5,19,509.675,798.584,1
71.5,20,415.121,210.505,2
71.5,21,481.143,316.469,3
71.5,22,477.351,304.162,3
71.5,23,773.698,249.187,3
71.5,24,543.186,544.885,1
71.5,25,515.596,496.929,1
71.5,26,204.029,778.412,1
71.5,27,612.76,658.074,1
71.5,28,429.514,604.382,1
71.5,29,361.67,320.917,2
72,0,573.554,554.533,1
72,1,403.778,304.717,2
72,2,743.388,796.233,1
72,3,793.064,421.081,3
72,4,331.17,678.985,1
72,5,762.596,209.167,3
72,6,781.968,559.507,3
72,7,372.583,780.267,1
72,8,324.849,264.541,2
72,9,321.967,507.172,2
72,10,785.837,570.824,3
72,11,739.202,202.323,3
72,12,427.102,691.485,1
72,13,415.811,508.025,2
72,14,554.549,270.307,2
72,15,240.319,328.837,2
72,16,367.733,361.329,2
72,17,236.94,780.39,1
72,18,243.528,201.724,2
72,19,511.175,798.582,1
72,20,413.642,210.756,2
72,21,480.934,317.954,2
72,22,478.088,302.855,2
72,23,773.475,247.704,3
72,24,542.061,543.894,1
72,25,516.187,495.55,1
72,26,204.752,779.727,1
72,27,614.26,658.068,1
72,28,429.701,605.871,1
72,29,360.314,321.557,2
72.5,0,574.952,553.99,1
72.5,1,403.339,306.152,2
72.5,2,741.891,796.15,1
72.5,3,792.151,419.891,3
72.5,4,329.691,678.734,1
72.5,5,762.632,207.667,3
72.5,6,781.752,558.023,3
72.5,7,371.136,779.869,1
72.5,8,326.075,263.677,2
72.5,9,320.812,508.128,2
72.5,10,786.086,572.303,3
72.5,11,738.966,201.434,3
72.5,12,427.166,692.984,1
72.5,13,414.419,508.584,1
72.5,14,554.898,271.766,2
72.5,15,241.028,327.515,2
72.5,16,366.849,360.117,2
72.5,17,235.63,779.66,1
72.5,18,242.033,201.845,2
72.5,19,512.675,798.579,1
72.5,20,412.163,211.006,2
72.5,21,480.726,319.44,2
72.5,22,478.825,301.549,2
72.5,23,773.252,246.22,3
72.5,24,540.936,542.902,1
72.5,25,516.777,494.171,1
72.5,26,205.475,781.041,1
72.5,27,615.76,658.063,1
72.5,28,429.888,607.359,1
72.5,29,358.958,322.198,2
73,0,576.351,553.447,1
73,1,402.9,307.586,2
73,2,740.393,796.068,1
73,3,791.238,418.701,3
73,4,328.212,678.483,1
73,5,762.668,206.168,3
73,6,781.536,556.538,3
73,7,369.69,779.472,1
73,8,327.302,262.814,2
73,9,319.657,509.085,2
73,10,786.334,573.782,3
73,11,737.712,202.257,3
73,12,427.229,694.482,1
73,13,413.027,509.142,2
73,14,555.247,273.225,3
73,15,241.737,326.193,2
73,16,365.965,358.906,2
73,17,234.319,778.93,1
73,18,240.538,201.966,2
73,19,514.175,798.577,1
73,20,410.684,211.257,2
73,21,480.517,320.925,2
73,22,479.561,300.242,2
73,23,773.029,244.737,3
73,24,539.81,541.91,1
73,25,517.368,492.793,1
73,26,206.199,782.355,1
73,27,617.26,658.057,1
73,28,430.075,608.847,1
73,29,357.602,322.839,2
73.5,0,577.749,552.904,3
73.5,1,402.461,309.021,2
73.5,2,738.895,795.985,1
73.5,3,790.324,417.511,3
73.5,4,326.733,678.232,1
73.5,5,762.704,204.668,3
73.5,6,781.321,555.054,3
73.5,7,368.244,779.074,1
73.5,8,328.528,261.95,2
73.5,9,318.501,510.042,2
73.5,10,786.583,575.262,1
73.5,11,736.457,203.079,3
73.5,12,427.292,695.981,1
73.5,13,411.634,509.7,1
73.5,14,555.595,274.684,3
73.5,15,242.446,324.872,2
73.5,16,365.081,357.694,2
73.5,17,233.009,778.2,1
73.5,18,239.043,202.088,2
73.5,19,515.675,798.574,1
73.5,20,409.205,211.508,2
73.5,21,480.308,322.411,3
73.5,22,480.298,298.935,3
73.5,23,772.806,243.254,3
73.5,24,538.685,540.918,3
73.5,25,517.959,491.414,1
73.5,26,206.922,783.669,1
73.5,27,618.76,658.052,1
73.5,28,430.262,610.336,1
73.5,29,356.245,323.48,2
74,0,579.147,552.361,3
74,1,402.023,310.455,2
74,2,737.397,795.902,1
74,3,789.411,416.321,3
74,4,325.255,677.981,1
74,5,762.74,203.169,3
74,6,781.105,553.569,3
74,7,366.798,778.676,1
74,8,329.754,261.087,2
74,9,317.346,510.998,2
74,10,786.831,576.741,3
74,11,735.203,203.901,3
74,12,427.356,697.48,1
74,13,410.242,510.258,2
74,14,555.944,276.143,3
74,15,243.155,323.55,2
74,16,364.196,356.483,2
74,17,231.699,777.47,1
74,18,237.548,202.209,2
74,19,517.175,798.571,1
74,20,407.726,211.759,3
74,21,480.099,323.896,3
74,22,481.034,297.629,3
74,23,772.583,241.77,3
74,24,537.56,539.926,3
74,25,518.55,490.035,1
74,26,207.645,784.983,1
74,27,620.26,658.046,1
74,28,430.449,611.824,1
74,29,354.889,324.12,2
74.5,0,580.546,551.819,1
74.5,1,401.584,311.889,2
74.5,2,735.9,795.819,1
74.5,3,788.498,415.132,3
74.5,4,323.776,677.73,1
74.5,5,762.776,201.669,3
74.5,6,780.89,552.085,3
74.5,7,365.351,778.278,1
74.5,8,330.981,260.223,2
74.5,9,316.191,511.955,2
74.5,10,787.08,578.22,1
74.5,11,733.948,204.724,3
74.5,12,427.419,698.978,1
74.5,13,408.85,510.816,2
74.5,14,556.292,277.602,3
74.5,15,243.864,322.228,2
74.5,16,363.312,355.271,2
74.5,17,230.388,776.74,1
74.5,18,236.053,202.331,2
74.5,19,518.675,798.569,1
74.5,20,406.247,212.009,2
74.5,21,479.891,325.381,3
74.5,22,481.771,296.322,2
74.5,23,772.36,240.287,3
74.5,24,536.434,538.935,1
74.5,25,519.141,488.656,1
74.5,26,208.369,786.297,1
74.5,27,621.76,658.041,1
74.5,28,430.636,613.312,1
74.5,29,353.533,324.761,2
75,0,581.944,551.276,1
75,1,401.145,313.324,2
75,2,734.402,795.736,1
75,3,787.584,413.942,3
75,4,322.297,677.479,1
75,5,762.017,201.703,3
75,6,780.674,550.6,3
75,7,363.905,777.88,1
75,8,332.207,259.359,2
75,9,315.035,512.912,2
75,10,787.328,579.7,3
75,11,732.694,205.546,3
75,12,427.483,700.477,1
75,13,407.457,511.374,1
75,14,556.641,279.061,2
75,15,244.573,320.906,2
75,16,362.428,354.059,2
75,17,229.078,776.01,1
75,18,234.558,202.452,2
75,19,520.175,798.566,1
75,20,404.768,212.26,2
75,21,479.682,326.867,2
75,22,482.508,295.015,2
75,23,772.137,238.804,3
75,24,535.309,537.943,1
75,25,519.732,487.278,1
75,26,209.092,787.611,1
75,27,623.26,658.036,1
75,28,430.823,614.8,1
75,29,352.177,325.402,2
75.5,0,583.342,550.733,1
75.5,1,400.707,314.758,2
75.5,2,732.904,795.653,1
75.5,3,786.671,412.752,3
75.5,4,320.818,677.228,1
75.5,5,760.671,202.366,3
75.5,6,780.459,549.116,3
75.5,7,362.459,777.482,1
75.5,8,333.434,258.496,2
75.5,9,313.88,513.869,2
75.5,10,787.577,581.179,3
75.5,11,731.439,206.368,3
75.5,12,427.546,701.976,1
75.5,13,406.065,511.933,1
75.5,14,556.989,280.52,3
75.5,15,245.282,319.584,2
75.5,16,361.543,352.848,2
75.5,17,227.768,775.28,1
75.5,18,233.062,202.573,2
75.5,19,521.675,798.564,1
75.5,20,403.29,212.511,2
75.5,21,479.473,328.352,2
75.5,22,483.244,293.709,2
75.5,23,771.914,237.32,3
75.5,24,534.184,536.951,1
75.5,25,520.322,485.899,1
75.5,26,209.815,788.925,1
75.5,27,624.76,658.03,1
75.5,28,431.01,616.289,1
75.5,29,350.821,326.043,2
76,0,584.741,550.19,1
76,1,400.268,316.193,2
76,2,731.407,795.57,1
76,3,785.757,411.562,3
76,4,319.339,676.977,1
76,5,759.326,203.029,3
76,6,780.243,547.632,3
76,7,361.012,777.085,1
76,8,334.66,257.632,2
76,9,312.725,514.825,2
76,10,787.825,582.658,1
76,11,730.185,207.19,3
76,12,427.609,703.474,1
76,13,404.673,512.491,2
76,14,557.338,281.978,3
76,15,245.991,318.263,2
76,16,360.659,351.636,2
76,17,226.457,774.55,1
76,18,231.567,202.695,2
76,19,523.175,798.561,1
76,20,401.811,212.761,2
76,21,479.264,329.838,3
76,22,483.981,292.402,3
76,23,771.691,235.837,3
76,24,533.058,535.959,1
76,25,520.913,484.52,1
76,26,210.538,790.239,1
76,27,626.26,658.025,1
76,28,431.198,617.777,1
76,29,349.464,326.684,2
76.5,0,586.139,549.647,1
76.5,1,399.829,317.627,2
76.5,2,729.909,795.488,1
76.5,3,784.844,410.372,3
76.5,4,317.86,676.726,1
76.5,5,757.98,203.692,3
76.5,6,780.028,546.147,3
76.5,7,359.566,776.687,1
76.5,8,335.887,256.769,2
76.5,9,311.57,515.782,2
76.5,10,788.073,584.137,3
76.5,11,728.93,208.013,3
76.5,12,427.673,704.973,1
76.5,13,403.281,513.049,1
76.5,14,557.687,283.437,3
76.5,15,246.7,316.941,2
76.5,16,359.775,350.424,2
76.5,17,225.147,773.819,1
76.5,18,230.072,202.816,2
76.5,19,524.675,798.559,1
76.5,20,400.332,213.012,2
76.5,21,479.056,331.323,2
76.5,22,484.718,291.095,2
76.5,23,771.468,234.354,3
76.5,24,531.933,534.967,1
76.5,25,521.504,483.141,1
76.5,26,211.262,791.553,1
76.5,27,627.76,658.019,1
76.5,28,431.385,619.265,1
76.5,29,348.108,327.324,2
77,0,587.537,549.105,1
77,1,399.391,319.061,2
77,2,728.411,795.405,1
77,3,783.931,409.182,3
77,4,316.382,676.475,1
77,5,756.635,204.355,3
77,6,779.812,544.663,3
77,7,358.12,776.289,1
77,8,337.113,255.905,2
77,9,310.414,516.739,2
77,10,788.322,585.617,3
77,11,727.676,208.835,3
77,12,427.736,706.472,1
77,13,401.888,513.607,2
77,14,558.035,284.896,3
77,15,247.41,315.619,2
77,16,358.891,349.213,2
77,17,223.837,773.089,1
77,18,228.577,202.938,2
77,19,526.175,798.556,1
77,20,398.853,213.263,2
77,21,478.847,332.808,2
77,22,485.454,289.789,2
77,23,771.245,232.87,3
77,24,530.808,533.975,1
77,25,522.095,481.763,1
77,26,211.985,792.867,1
77,27,629.26,658.014,1
77,28,431.572,620.754,1
77,29,346.752,327.965,2
77.5,0,588.936,548.562,1
77.5,1,398.952,320.496,2
77.5,2,726.914,795.322,1
77.5,3,783.017,407.993,3
77.5,4,314.903,676.224,1
77.5,5,755.289,205.018,3
77.5,6,779.596,543.178,3
77.5,7,356.674,775.891,1
77.5,8,338.34,255.041,2
77.5,9,309.259,517.696,2
77.5,10,788.57,587.096,3
77.5,11,726.421,209.657,3
77.5,12,427.8,707.97,1
77.5,13,400.496,514.165,1
77.5,14,558.384,286.355,3
77.5,15,248.119,314.297,2
77.5,16,358.006,348.001,2
77.5,17,222.526,772.359,1
77.5,18,227.082,203.059,2
77.5,19,527.675,798.554,1
77.5,20,397.374,213.514,2
77.5,21,478.638,334.294,2
77.5,22,486.191,288.482,2
77.5,23,771.022,231.387,3
77.5,24,529.683,532.984,1
77.5,25,522.686,480.384,1
77.5,26,212.708,794.181,1
77.5,27,630.76,658.008,1
77.5,28,431.759,622.242,1
77.5,29,345.396,328.606,2
78,0,590.334,548.019,1
78,1,398.513,321.93,2
78,2,725.416,795.239,1
78,3,782.104,406.803,3
78,4,313.424,675.973,1
78,5,753.943,205.68,3
78,6,779.381,541.694,3
78,7,355.227,775.493,1
78,8,339.566,254.178,2
78,9,308.104,518.652,1
78,10,788.819,588.575,3
78,11,725.167,210.48,3
78,12,427.863,709.469,1
78,13,399.104,514.724,1
78,14,558.732,287.814,3
78,15,248.828,312.975,2
78,16,357.122,346.79,2
78,17,221.216,771.629,1
78,18,225.587,203.18,2
78,19,529.175,798.551,1
78,20,395.895,213.764,2
78,21,478.429,335.779,3
78,22,486.928,287.175,3
78,23,770.799,229.904,3
78,24,528.557,531.992,1
78,25,523.276,479.005,1
78,26,213.432,795.496,1
78,27,632.26,658.003,1
78,28,431.946,623.73,1
78,29,344.039,329.247,2
78.5,0,591.732,547.476,3
78.5,1,398.075,323.365,2
78.5,2,723.918,795.156,1
78.5,3,781.19,405.613,3
78.5,4,311.945,675.722,1
78.5,5,752.598,206.343,3
78.5,6,779.165,540.209,3
78.5,7,353.781,775.095,1
78.5,8,340.793,253.314,2
78.5,9,306.948,519.609,2
78.5,10,789.067,590.054,3
78.5,11,723.912,211.302,3
78.5,12,427.927,710.968,1
78.5,13,397.712,515.282,1
78.5,14,559.081,289.273,3
78.5,15,249.537,311.653,2
78.5,16,356.238,345.578,2
78.5,17,219.906,770.899,1
78.5,18,224.092,203.302,2
78.5,19,530.675,798.549,1
78.5,20,394.416,214.015,2
78.5,21,478.221,337.265,2
78.5,22,487.664,285.869,2
78.5,23,770.576,228.42,3
78.5,24,527.432,531,1
78.5,25,523.867,477.626,1
78.5,26,214.155,796.81,1
78.5,27,633.76,657.997,1
78.5,28,432.133,625.218,1
78.5,29,342.683,329.888,2
79,0,593.131,546.933,3
79,1,397.636,324.799,2
79,2,722.42,795.073,1
79,3,780.277,404.423,3
79,4,310.466,675.471,2
79,5,751.252,207.006,3
79,6,778.95,538.725,3
79,7,352.335,774.698,1
79,8,342.019,252.451,2
79,9,305.793,520.566,2
79,10,789.316,591.534,3
79,11,722.658,212.124,3
79,12,427.99,712.466,1
79,13,396.319,515.84,2
79,14,559.43,290.732,3
79,15,250.246,310.332,2
79,16,355.353,344.366,2
79,17,218.596,770.169,2
79,18,222.597,203.423,2
79,19,532.175,798.546,1
79,20,392.937,214.266,2
79,21,478.012,338.75,2
79,22,488.401,284.562,2
79,23,770.353,226.937,3
79,24,526.307,530.008,2
79,25,524.458,476.248,1
79,26,214.878,798.124,2
79,27,635.26,657.992,1
79,28,432.32,626.707,1
79,29,341.327,330.528,2
79.5,0,594.529,546.391,1
79.5,1,397.197,326.234,2
79.5,2,720.923,794.99,1
79.5,3,779.364,403.233,3
79.5,4,308.987,675.22,1
79.5,5,749.907,207.669,3
79.5,6,778.734,537.241,3
79.5,7,350.888,774.3,1
79.5,8,343.246,251.587,2
79.5,9,304.638,521.522,1
79.5,10,789.564,593.013,3
79.5,11,721.403,212.947,3
79.5,12,428.053,713.965,1
79.5,13,394.927,516.398,1
79.5,14,559.778,292.191,3
79.5,15,250.955,309.01,2
79.5,16,354.469,343.155,2
79.5,17,217.285,769.439,1
79.5,18,221.102,203.545,2
79.5,19,533.675,798.543,1
79.5,20,391.458,214.516,2
79.5,21,477.803,340.235,3
79.5,22,489.138,283.255,3
79.5,23,770.13,225.454,3
79.5,24,525.181,529.016,1
79.5,25,525.049,474.869,1
79.5,26,214.951,798.153,1
79.5,27,636.76,657.986,1
79.5,28,432.507,628.195,1
79.5,29,339.971,331.169,2
80,0,595.927,545.848,3
80,1,396.759,327.668,2
80,2,719.425,794.908,1
80,3,778.45,402.043,3
80,4,307.508,674.969,1
80,5,748.561,208.332,3
80,6,778.519,535.756,3
80,7,349.442,773.902,1
80,8,344.472,250.723,2
80,9,303.483,522.479,2
80,10,789.813,594.492,3
80,11,720.149,213.769,3
80,12,428.117,715.464,1
80,13,393.535,516.956,2
80,14,560.127,293.65,3
80,15,251.664,307.688,2
80,16,353.585,341.943,2
80,17,215.975,768.709,1
80,18,219.607,203.666,2
80,19,535.175,798.541,1
80,20,389.979,214.767,2
80,21,477.594,341.721,2
80,22,489.874,281.949,3
80,23,769.907,223.97,3
80,24,524.056,528.025,1
80,25,525.64,473.49,1
80,26,214.344,796.781,1
80,27,638.26,657.981,1
80,28,432.694,629.683,1
80,29,338.614,331.81,2
80.5,0,597.326,545.305,3
80.5,1,396.32,329.102,2
80.5,2,717.927,794.825,1
80.5,3,777.537,400.853,3
80.5,4,306.03,674.718,1
80.5,5,747.216,208.995,3
80.5,6,778.303,534.272,3
80.5,7,347.996,773.504,1
80.5,8,345.698,249.86,2
80.5,9,302.327,523.436,2
80.5,10,790.061,595.972,3
80.5,11,718.894,214.591,3
80.5,12,428.18,716.962,1
80.5,13,392.142,517.514,2
80.5,14,560.475,295.109,3
80.5,15,252.373,306.366,2
80.5,16,352.701,340.731,2
80.5,17,214.665,767.979,1
80.5,18,218.112,203.787,2
80.5,19,536.675,798.538,1
80.5,20,388.501,215.018,2
80.5,21,477.386,343.206,3
80.5,22,490.611,280.642,3
80.5,23,769.684,222.487,3
80.5,24,522.931,527.033,3
80.5,25,526.231,472.111,1
80.5,26,213.738,795.41,1
80.5,27,639.76,657.976,1
80.5,28,432.881,631.172,1
80.5,29,337.258,332.451,2
81,0,598.724,544.762,3
81,1,395.881,330.537,2
81,2,716.43,794.742,1
81,3,776.624,399.664,3
81,4,304.551,674.467,1
81,5,745.87,209.658,3
81,6,778.088,532.787,3
81,7,346.55,773.106,1
81,8,346.925,248.996,2
81,9,301.172,524.393,2
81,10,790.309,597.451,3
81,11,717.64,215.414,3
81,12,428.244,718.461,1
81,13,390.75,518.073,2
81,14,560.824,296.568,3
81,15,253.082,305.044,2
81,16,351.816,339.52,2
81,17,213.354,767.248,1
81,18,216.617,203.909,2
81,19,538.175,798.536,1
81,20,387.022,215.269,2
81,21,477.177,344.692,2
81,22,491.348,279.335,2
81,23,769.461,221.004,3
81,24,521.805,526.041,2
81,25,526.821,470.733,1
81,26,213.131,794.038,1
81,27,641.26,657.97,3
81,28,433.068,632.66,2
81,29,335.902,333.092,2
81.5,0,600.123,544.219,3
81.5,1,395.442,331.971,2
81.5,2,714.932,794.659,1
81.5,3,775.71,398.474,3
81.5,4,303.072,674.216,2
81.5,5,744.524,210.321,3
81.5,6,777.872,531.303,3
81.5,7,345.103,772.708,1
81.5,8,348.151,248.133,2
81.5,9,300.017,525.349,2
81.5,10,790.558,598.93,3
81.5,11,716.385,216.236,3
81.5,12,428.307,719.96,1
81.5,13,389.358,518.631,2
81.5,14,561.173,298.027,3
81.5,15,253.791,303.723,2
81.5,16,350.932,338.308,2
81.5,17,212.044,766.518,2
81.5,18,215.121,204.03,2
81.5,19,539.675,798.533,1
81.5,20,385.543,215.519,2
81.5,21,476.968,346.177,2
81.5,22,492.084,278.029,2
81.5,23,769.238,219.52,3
81.5,24,520.68,525.049,1
81.5,25,527.412,469.354,1
81.5,26,212.524,792.666,2
81.5,27,642.76,657.965,1
81.5,28,433.255,634.148,1
81.5,29,334.546,333.732,2
82,0,601.521,543.677,1
82,1,395.004,333.406,2
82,2,713.434,794.576,1
82,3,774.797,397.284,3
82,4,301.593,673.965,1
82,5,743.179,210.984,3
82,6,777.656,529.818,3
82,7,343.657,772.311,1
82,8,349.378,247.269,2
82,9,298.861,526.306,2
82,10,790.806,600.409,3
82,11,715.131,217.058,3
82,12,428.37,721.458,1
82,13,387.966,519.189,2
82,14,561.521,299.486,3
82,15,254.501,302.401,2
82,16,350.048,337.097,2
82,17,210.734,765.788,1
82,18,213.626,204.151,2
82,19,541.175,798.531,1
82,20,384.064,215.77,2
82,21,476.759,347.663,3
82,22,492.821,276.722,3
82,23,769.015,218.037,3
82,24,519.555,524.057,1
82,25,528.003,467.975,1
82,26,211.918,791.294,1
82,27,644.26,657.959,1
82,28,433.443,635.636,1
82,29,333.189,334.373,2
82.5,0,602.919,543.134,3
82.5,1,394.565,334.84,2
82.5,2,711.936,794.493,1
82.5,3,773.883,396.094,3
82.5,4,300.114,673.714,2
82.5,5,741.833,211.647,3
82.5,6,777.441,528.334,3
82.5,7,342.211,771.913,1
82.5,8,350.604,246.406,2
82.5,9,297.706,527.263,2
82.5,10,791.055,601.889,3
82.5,11,713.876,217.881,3
82.5,12,428.434,722.957,1
82.5,13,386.573,519.747,2
82.5,14,561.87,300.945,3
82.5,15,255.21,301.079,2
82.5,16,349.163,335.885,2
82.5,17,209.423,765.058,2
82.5,18,212.131,204.273,2
82.5,19,542.675,798.528,1
82.5,20,382.585,216.021,2
82.5,21,476.551,349.148,2
82.5,22,493.557,275.416,2
82.5,23,768.792,216.554,3
82.5,24,518.43,523.066,2
82.5,25,528.594,466.596,1
82.5,26,211.311,789.922,2
82.5,27,645.76,657.954,1
82.5,28,433.63,637.125,1
82.5,29,331.833,335.014,2
83,0,604.318,542.591,1
83,1,394.126,336.274,2
83,2,710.439,794.41,1
83,3,772.97,394.904,3
83,4,298.635,673.463,1
83,5,740.488,212.31,3
83,6,777.225,526.85,3
83,7,340.764,771.515,1
83,8,351.831,245.542,2
83,9,296.551,528.219,2
83,10,791.303,603.368,3
83,11,712.622,218.703,3
83,12,428.497,724.455,1
83,13,385.181,520.305,2
83,14,562.218,302.404,3
83,15,255.919,299.757,2
83,16,348.279,334.673,2
83,17,208.113,764.328,1
83,18,210.636,204.394,2
83,19,544.175,798.526,1
83,20,381.106,216.271,2
83,21,476.342,350.633,3
83,22,494.294,274.109,3
83,23,768.569,215.07,3
83,24,517.304,522.074,3
83,25,529.185,465.218,1
83,26,210.704,788.55,1
83,27,647.26,657.948,1
83,28,433.817,638.613,1
83,29,330.477,335.655,2
83.5,0,605.716,542.048,1
83.5,1,393.688,337.709,2
83.5,2,708.941,794.328,1
83.5,3,772.057,393.714,3
83.5,4,297.157,673.212,1
83.5,5,739.142,212.973,3
83.5,6,777.01,525.365,3
83.5,7,339.318,771.117,1
83.5,8,353.057,244.678,2
83.5,9,295.396,529.176,1
83.5,10,791.552,604.847,1
83.5,11,711.367,219.525,3
83.5,12,428.561,725.954,1
83.5,13,383.789,520.864,1
83.5,14,562.567,303.862,3
83.5,15,256.628,298.435,2
83.5,16,347.395,333.462,2
83.5,17,206.803,763.598,1
83.5,18,209.141,204.516,2
83.5,19,545.675,798.523,1
83.5,20,379.627,216.522,2
83.5,21,476.133,352.119,3
83.5,22,495.031,272.802,3
83.5,23,768.346,213.587,3
83.5,24,516.179,521.082,1
83.5,25,529.775,463.839,1
83.5,26,210.098,787.179,1
83.5,27,648.76,657.943,1
83.5,28,434.004,640.101,1
83.5,29,329.121,336.296,2
84,0,607.114,541.505,3
84,1,393.249,339.143,2
84,2,707.443,794.245,1
84,3,771.143,392.524,3
84,4,295.678,672.961,1
84,5,737.797,213.636,3
84,6,776.794,523.881,3
84,7,337.872,770.719,1
84,8,354.284,243.815,2
84,9,294.24,530.133,2
84,10,791.8,606.327,3
84,11,710.113,220.348,3
84,12,428.624,727.453,1
84,13,382.396,521.422,2
84,14,562.915,305.321,3
84,15,257.337,297.114,2
84,16,346.511,332.25,2
84,17,205.492,762.868,1
84,18,207.646,204.637,2
84,19,547.175,798.52,1
84,20,378.148,216.773,2
84,21,475.924,353.604,2
84,22,495.767,271.496,3
84,23,768.123,212.104,3
84,24,515.054,520.09,1
84,25,530.366,462.46,1
84,26,209.491,785.807,1
84,27,650.26,657.937,1
84,28,434.191,641.59,1
84,29,327.764,336.936,2
84.5,0,608.513,540.962,3
84.5,1,392.81,340.578,2
84.5,2,705.946,794.162,1
84.5,3,770.23,391.335,3
84.5,4,294.199,672.71,1
84.5,5,736.451,214.298,3
84.5,6,776.579,522.396,3
84.5,7,336.426,770.321,1
84.5,8,355.51,242.951,2
84.5,9,293.085,531.09,2
84.5,10,792.049,607.806,3
84.5,11,708.858,221.17,3
84.5,12,428.687,728.951,1
84.5,13,381.004,521.98,2
84.5,14,563.264,306.78,3
84.5,15,258.046,295.792,2
84.5,16,345.626,331.038,2
84.5,17,204.182,762.138,1
84.5,18,206.151,204.758,2
84.5,19,548.675,798.518,1
84.5,20,376.669,217.024,2
84.5,21,475.716,355.09,2
84.5,22,496.504,270.189,3
84.5,23,767.9,210.62,3
84.5,24,513.928,519.098,1
84.5,25,530.957,461.081,1
84.5,26,208.884,784.435,1
84.5,27,651.76,657.932,1
84.5,28,434.378,643.078,1
84.5,29,326.408,337.577,2
85,0,609.911,540.42,1
85,1,392.372,342.012,2
85,2,704.448,794.079,1
85,3,769.317,390.145,3
85,4,292.72,672.459,2
85,5,735.106,214.961,3
85,6,776.363,520.912,3
85,7,334.979,769.924,1
85,8,356.737,242.088,2
85,9,291.93,532.046,2
85,10,792.297,609.285,1
85,11,707.604,221.992,3
85,12,428.751,730.45,1
85,13,379.612,522.538,2
85,14,563.613,308.239,2
85,15,258.755,294.47,2
85,16,344.742,329.827,2
85,17,202.872,761.408,2
85,18,204.656,204.88,2
85,19,550.175,798.515,1
85,20,375.19,217.274,2
85,21,475.507,356.575,2
85,22,497.241,268.882,2
85,23,767.677,209.137,3
85,24,512.803,518.106,2
85,25,531.548,459.703,1
85,26,208.278,783.063,1
85,27,653.26,657.926,1
85,28,434.565,644.566,1
85,29,325.052,338.218,2
85.5,0,611.309,539.877,1
85.5,1,391.933,343.447,2
85.5,2,702.95,793.996,1
85.5,3,768.403,388.955,3
85.5,4,291.241,672.208,1
85.5,5,733.76,215.624,3
85.5,6,776.148,519.427,3
85.5,7,333.533,769.526,1
85.5,8,357.963,241.224,2
85.5,9,290.774,533.003,2
85.5,10,792.545,610.764,3
85.5,11,706.349,222.815,3
85.5,12,428.814,731.949,1
85.5,13,378.22,523.096,2
85.5,14,563.961,309.698,3
85.5,15,259.464,293.148,2
85.5,16,343.858,328.615,2
85.5,17,201.561,760.677,1
85.5,18,203.161,205.001,2
85.5,19,551.675,798.513,1
85.5,20,373.712,217.525,2
85.5,21,475.298,358.06,3
85.5,22,497.977,267.576,3
85.5,23,767.454,207.654,3
85.5,24,511.678,517.115,1
85.5,25,532.139,458.324,1
85.5,26,207.671,781.691,1
85.5,27,654.76,657.921,1
85.5,28,434.752,646.054,1
85.5,29,323.696,338.859,2
86,0,612.708,539.334,1
86,1,391.494,344.881,2
86,2,701.452,793.913,1
86,3,767.49,387.765,3
86,4,289.762,671.957,1
86,5,732.414,216.287,3
86,6,775.932,517.943,3
86,7,332.087,769.128,1
86,8,359.19,240.36,2
86,9,289.619,533.96,2
86,10,792.794,612.244,3
86,11,705.095,223.637,3
86,12,428.878,733.447,1
86,13,376.827,523.654,2
86,14,564.31,311.157,3
86,15,260.173,291.826,2
86,16,342.973,327.404,2
86,17,201.959,759.867,1
86,18,201.666,205.123,2
86,19,553.175,798.51,1
86,20,372.233,217.776,2
86,21,475.089,359.546,3
86,22,498.714,266.269,3
86,23,767.231,206.17,3
86,24,510.552,516.123,1
86,25,532.73,456.945,1
86,26,207.064,780.319,1
86,27,656.26,657.916,1
86,28,434.939,647.543,1
86,29,322.34,339.5,2
86.5,0,614.106,538.791,1
86.5,1,391.056,346.315,2
86.5,2,699.955,793.83,1
86.5,3,766.576,386.575,3
86.5,4,288.283,671.706,1
86.5,5,731.069,216.95,3
86.5,6,775.716,516.459,3
86.5,7,330.641,768.73,1
86.5,8,360.416,239.497,2
86.5,9,288.464,534.917,2
86.5,10,793.042,613.723,3
86.5,11,703.84,224.459,3
86.5,12,428.941,734.946,1
86.5,13,375.435,524.213,2
86.5,14,564.658,312.616,3
86.5,15,260.882,290.505,2
86.5,16,342.089,326.192,2
86.5,17,202.983,758.77,1
86.5,18,202.082,205.554,2
86.5,19,554.675,798.508,1
86.5,20,370.754,218.026,2
86.5,21,474.881,361.031,2
86.5,22,499.451,264.962,3
86.5,23,767.008,204.687,3
86.5,24,509.427,515.131,3
86.5,25,533.32,455.567,1
86.5,26,206.458,778.948,1
86.5,27,657.76,657.91,1
86.5,28,435.126,649.031,1
86.5,29,320.983,340.14,2
87,0,615.504,538.248,1
87,1,390.617,347.75,2
87,2,698.457,793.748,1
87,3,765.663,385.385,3
87,4,286.805,671.455,1
87,5,729.723,217.613,3
87,6,775.501,514.974,3
87,7,329.194,768.332,1
87,8,361.643,238.633,2
87,9,287.309,535.873,2
87,10,793.291,615.202,3
87,11,702.586,225.282,3
87,12,429.005,736.445,1
87,13,374.043,524.771,1
87,14,565.007,314.075,3
87,15,261.592,289.183,2
87,16,341.205,324.98,2
87,17,204.007,757.674,1
87,18,203.405,206.261,2
87,19,556.175,798.505,1
87,20,369.275,218.277,2
87,21,474.672,362.517,2
87,22,500.187,263.656,2
87,23,766.785,203.204,3
87,24,508.302,514.139,1
87,25,533.911,454.188,1
87,26,205.851,777.576,1
87,27,659.26,657.905,1
87,28,435.313,650.519,1
87,29,319.627,340.781,2
87.5,0,616.903,537.706,1
87.5,1,390.178,349.184,2
87.5,2,696.959,793.665,1
87.5,3,764.75,384.196,3
87.5,4,285.326,671.204,1
87.5,5,728.378,218.276,3
87.5,6,775.285,513.49,3
87.5,7,327.748,767.934,1
87.5,8,362.869,237.77,2
87.5,9,286.153,536.83,2
87.5,10,793.539,616.682,1
87.5,11,701.331,226.104,3
87.5,12,429.068,737.943,1
87.5,13,372.651,525.329,2
87.5,14,565.356,315.534,2
87.5,15,262.301,287.861,2
87.5,16,340.321,323.769,2
87.5,17,205.031,756.578,1
87.5,18,204.728,206.968,2
87.5,19,557.675,798.503,1
87.5,20,367.796,218.528,2
87.5,21,474.463,364.002,2
87.5,22,500.924,262.349,2
87.5,23,766.562,201.72,3
87.5,24,507.176,513.147,1
87.5,25,534.502,452.809,1
87.5,26,205.244,776.204,1
87.5,27,660.76,657.899,1
87.5,28,435.501,652.008,1
87.5,29,318.271,341.422,2
88,0,618.301,537.163,1
88,1,389.739,350.619,2
88,2,695.462,793.582,1
88,3,763.836,383.006,3
88,4,283.847,670.953,1
88,5,727.032,218.939,3
88,6,775.07,512.005,3
88,7,326.302,767.537,1
88,8,364.095,236.906,2
88,9,284.998,537.787,2
88,10,793.788,618.161,1
88,11,700.077,226.926,3
88,12,429.131,739.442,1
88,13,371.258,525.887,1
88,14,565.704,316.993,2
88,15,263.01,286.539,2
88,16,339.436,322.557,2
88,17,206.054,755.481,1
88,18,206.051,207.674,2
88,19,559.175,798.5,1
88,20,366.317,218.779,2
88,21,474.254,365.487,3
88,22,501.661,261.042,3
88,23,767.272,201.544,3
88,24,506.051,512.156,1
88,25,535.093,451.43,1
88,26,204.638,774.832,1
88,27,662.26,657.894,1
88,28,435.688,653.496,1
88,29,316.915,342.063,2
88.5,0,619.699,536.62,1
88.5,1,389.301,352.053,2
88.5,2,693.964,793.499,1
88.5,3,762.923,381.816,3
88.5,4,282.368,670.702,1
88.5,5,725.687,219.602,3
88.5,6,774.854,510.521,3
88.5,7,324.855,767.139,1
88.5,8,365.322,236.042,2
88.5,9,283.843,538.743,2
88.5,10,794.036,619.64,1
88.5,11,698.822,227.749,3
88.5,12,429.195,740.941,1
88.5,13,369.866,526.445,1
88.5,14,566.053,318.452,3
88.5,15,263.719,285.217,2
88.5,16,338.552,321.345,2
88.5,17,207.078,754.385,1
88.5,18,207.374,208.381,2
88.5,19,560.675,798.498,1
88.5,20,364.838,219.029,2
88.5,21,474.046,366.973,3
88.5,22,502.397,259.736,3
88.5,23,768.715,201.954,3
88.5,24,504.926,511.164,1
88.5,25,535.684,450.052,1
88.5,26,204.031,773.46,1
88.5,27,663.76,657.888,1
88.5,28,435.875,654.984,1
88.5,29,315.558,342.704,2
89,0,621.098,536.077,1
89,1,388.862,353.487,2
89,2,692.466,793.416,1
89,3,762.01,380.626,3
89,4,280.889,670.451,1
89,5,724.341,220.265,3
89,6,774.639,509.036,3
89,7,323.409,766.741,1
89,8,366.548,235.179,2
89,9,282.687,539.7,2
89,10,794.284,621.119,1
89,11,697.567,228.571,3
89,12,429.258,742.439,1
89,13,368.474,527.004,2
89,14,566.401,319.911,3
89,15,264.428,283.895,2
89,16,337.668,320.134,2
89,17,208.102,753.289,1
89,18,208.697,209.087,2
89,19,562.175,798.495,1
89,20,363.359,219.28,2
89,21,473.837,368.458,2
89,22,503.134,258.429,2
89,23,770.157,202.365,3
89,24,503.801,510.172,1
89,25,536.274,448.673,1
89,26,203.424,772.088,1
89,27,665.26,657.883,1
89,28,436.062,656.473,1
89,29,314.202,343.344,2
89.5,0,622.496,535.534,1
89.5,1,388.423,354.922,2
89.5,2,690.968,793.333,1
89.5,3,761.096,379.436,3
89.5,4,279.41,670.2,2
89.5,5,722.995,220.928,3
89.5,6,774.423,507.552,3
89.5,7,321.963,766.343,1
89.5,8,367.775,234.315,2
89.5,9,281.532,540.657,2
89.5,10,794.533,622.599,1
89.5,11,696.313,229.393,3
89.5,12,429.322,743.938,1
89.5,13,367.081,527.562,2
89.5,14,566.75,321.37,2
89.5,15,265.137,282.574,2
89.5,16,336.783,318.922,2
89.5,17,209.126,752.193,2
89.5,18,210.021,209.794,2
89.5,19,563.675,798.492,1
89.5,20,361.88,219.531,2
89.5,21,473.628,369.944,2
89.5,22,503.871,257.122,2
89.5,23,771.6,202.776,3
89.5,24,502.675,509.18,2
89.5,25,536.865,447.294,1
89.5,26,202.818,770.717,2
89.5,27,666.76,657.877,1
89.5,28,436.249,657.961,1
89.5,29,312.846,343.985,2
90,0,623.894,534.992,3
90,1,387.985,356.356,2
90,2,689.471,793.25,1
90,3,760.183,378.246,3
90,4,277.932,669.949,2
90,5,721.65,221.591,3
90,6,774.208,506.068,3
90,7,320.517,765.945,1
90,8,369.001,233.452,2
90,9,280.377,541.614,2
90,10,794.781,624.078,3
90,11,695.058,230.215,3
90,12,429.385,745.437,1
90,13,365.689,528.12,2
90,14,567.099,322.829,3
90,15,265.846,281.252,2
90,16,335.899,317.711,2
90,17,210.15,751.096,2
90,18,211.344,210.501,2
90,19,565.175,798.49,1
90,20,360.401,219.781,2
90,21,473.419,371.429,3
90,22,504.607,255.816,3
90,23,773.043,203.186,3
90,24,501.55,508.188,2
90,25,537.456,445.915,1
90,26,202.211,769.345,2
90,27,668.26,657.872,1
90,28,436.436,659.449,1
90,29,311.49,344.626,2
90.5,0,625.293,534.449,1
90.5,1,387.546,357.791,2
90.5,2,687.973,793.168,1
90.5,3,759.269,377.056,3
90.5,4,276.453,669.698,1
90.5,5,720.304,222.253,3
90.5,6,773.992,504.583,3
90.5,7,319.07,765.547,1
90.5,8,370.228,232.588,2
90.5,9,279.222,542.57,2
90.5,10,795.03,625.557,1
90.5,11,693.804,231.038,3
90.5,12,429.448,746.935,1
90.5,13,364.297,528.678,1
90.5,14,567.447,324.288,3
90.5,15,266.555,279.93,2
90.5,16,335.015,316.499,2
90.5,17,211.173,750,1
90.5,18,212.667,211.207,2
90.5,19,566.675,798.487,1
90.5,20,358.923,220.032,2
90.5,21,473.211,372.914,2
90.5,22,505.344,254.509,3
90.5,23,774.486,203.597,3
90.5,24,500.425,507.197,1
90.5,25,538.047,444.537,1
90.5,26,201.604,767.973,1
90.5,27,669.76,657.866,1
90.5,28,436.623,660.937,1
90.5,29,310.133,345.267,2
91,0,626.691,533.906,1
91,1,387.107,359.225,2
91,2,686.475,793.085,1
91,3,758.356,375.867,3
91,4,274.974,669.447,1
91,5,718.959,222.916,3
91,6,773.777,503.099,3
91,7,317.624,765.15,1
91,8,371.454,231.724,2
91,9,278.066,543.527,2
91,10,795.278,627.037,1
91,11,692.549,231.86,3
91,12,429.512,748.434,1
91,13,362.905,529.236,2
91,14,567.796,325.746,3
91,15,267.264,278.608,2
91,16,334.13,315.287,2
91,17,212.197,748.904,1
91,18,213.99,211.914,2
91,19,568.175,798.485,1
91,20,357.444,220.283,2
91,21,473.002,374.4,3
91,22,506.08,253.202,2
91,23,775.928,204.007,3
91,24,499.299,506.205,1
91,25,538.638,443.158,1
91,26,201.561,766.89,1
91,27,671.26,657.861,1
91,28,436.81,662.426,1
91,29,308.777,345.908,2
91.5,0,628.089,533.363,3
91.5,1,386.669,360.66,2
91.5,2,684.978,793.002,1
91.5,3,757.443,374.677,3
91.5,4,273.495,669.196,1
91.5,5,717.613,223.579,3
91.5,6,773.561,501.614,3
91.5,7,316.178,764.752,1
91.5,8,372.681,230.861,2
91.5,9,276.911,544.484,2
91.5,10,795.527,628.516,1
91.5,11,691.295,232.682,3
91.5,12,429.575,749.933,1
91.5,13,361.512,529.794,2
91.5,14,568.144,327.205,3
91.5,15,267.973,277.286,2
91.5,16,333.246,314.076,2
91.5,17,213.221,747.807,1
91.5,18,215.313,212.62,2
91.5,19,569.675,798.482,1
91.5,20,355.965,220.534,2
91.5,21,472.793,375.885,2
91.5,22,506.817,251.896,2
91.5,23,777.371,204.418,3
91.5,24,498.174,505.213,1
91.5,25,539.229,441.779,1
91.5,26,202.257,765.561,1
91.5,27,672.76,657.856,1
91.5,28,436.997,663.914,1
91.5,29,307.421,346.548,2
92,0,629.488,532.82,3
92,1,386.23,362.094,2
92,2,683.48,792.919,1
92,3,756.529,373.487,3
92,4,272.016,668.945,1
92,5,716.268,224.242,3
92,6,773.345,500.13,3
92,7,314.731,764.354,1
92,8,373.907,229.997,2
92,9,275.756,545.441,2
92,10,795.775,629.995,3
92,11,690.04,233.505,3
92,12,429.639,751.431,1
92,13,360.12,530.353,2
92,14,568.493,328.664,3
92,15,268.683,275.965,2
92,16,332.362,312.864,2
92,17,214.245,746.711,2
92,18,216.636,213.327,2
92,19,571.175,798.48,1
92,20,354.486,220.784,2
92,21,472.584,377.371,2
92,22,507.554,250.589,3
92,23,778.814,204.829,3
92,24,497.049,504.221,2
92,25,539.819,440.4,1
92,26,202.952,764.232,2
92,27,674.26,657.85,3
92,28,437.184,665.402,1
92,29,306.065,347.189,2
92.5,0,630.886,532.278,1
92.5,1,385.791,363.528,2
92.5,2,681.982,792.836,1
92.5,3,755.616,372.297,3
92.5,4,270.537,668.694,2
92.5,5,714.922,224.905,3
92.5,6,773.13,498.645,3
92.5,7,313.285,763.956,1
92.5,8,375.134,229.134,2
92.5,9,274.6,546.397,2
92.5,10,796.024,631.474,1
92.5,11,688.786,234.327,3
92.5,12,429.702,752.93,1
92.5,13,358.728,530.911,2
92.5,14,568.841,330.123,3
92.5,15,269.392,274.643,2
92.5,16,331.478,311.652,2
92.5,17,215.269,745.615,1
92.5,18,217.96,214.033,2
92.5,19,572.675,798.477,1
92.5,20,353.007,221.035,2
92.5,21,472.376,378.856,2
92.5,22,508.29,249.282,2
92.5,23,780.256,205.239,3
92.5,24,495.923,503.229,2
92.5,25,540.41,439.022,1
92.5,26,203.648,762.903,1
92.5,27,675.76,657.845,1
92.5,28,437.371,666.891,1
92.5,29,304.708,347.83,2
93,0,632.284,531.735,3
93,1,385.353,364.963,2
93,2,680.485,792.753,1
93,3,754.703,371.107,3
93,4,269.058,668.442,2
93,5,713.577,225.568,3
93,6,772.914,497.161,3
93,7,311.839,763.558,1
93,8,376.36,228.27,2
93,9,273.445,547.354,2
93,10,796.272,632.954,3
93,11,687.531,235.149,3
93,12,429.765,754.429,1
93,13,357.336,531.469,2
93,14,569.19,331.582,3
93,15,270.101,273.321,2
93,16,330.593,310.441,2
93,17,216.292,744.519,2
93,18,219.283,214.74,2
93,19,574.175,798.475,1
93,20,351.528,221.286,2
93,21,472.167,380.341,3
93,22,509.027,247.976,3
93,23,781.699,205.65,3
93,24,494.798,502.237,3
93,25,541.001,437.643,1
93,26,204.343,761.574,2
93,27,677.26,657.839,3
93,28,437.559,668.379,1
93,29,303.352,348.471,2
93.5,0,633.683,531.192,3
93.5,1,384.914,366.397,2
93.5,2,678.987,792.67,1
93.5,3,753.789,369.917,3
93.5,4,267.58,668.191,2
93.5,5,712.231,226.231,3
93.5,6,772.699,495.676,3
93.5,7,310.393,763.16,1
93.5,8,377.587,227.407,2
93.5,9,272.29,548.311,2
93.5,10,796.52,634.433,3
93.5,11,686.277,235.972,3
93.5,12,429.829,755.927,1
93.5,13,355.943,532.027,2
93.5,14,569.539,333.041,3
93.5,15,270.81,271.999,2
93.5,16,329.709,309.229,2
93.5,17,217.316,743.422,2
93.5,18,220.606,215.447,2
93.5,19,575.675,798.472,1
93.5,20,350.049,221.536,2
93.5,21,471.958,381.827,2
93.5,22,509.764,246.669,3
93.5,23,783.142,206.06,3
93.5,24,493.673,501.246,2
93.5,25,541.592,436.264,1
93.5,26,205.039,760.245,2
93.5,27,678.76,657.834,3
93.5,28,437.746,669.867,1
93.5,29,301.996,349.112,2
94,0,635.081,530.649,3
94,1,384.475,367.832,2
94,2,677.489,792.588,1
94,3,752.876,368.727,3
94,4,266.101,667.94,1
94,5,710.885,226.894,3
94,6,772.483,494.192,3
94,7,308.946,762.762,1
94,8,378.813,226.543,2
94,9,271.135,549.267,2
94,10,796.769,635.912,1
94,11,685.022,236.794,3
94,12,429.892,757.426,1
94,13,354.551,532.585,2
94,14,569.887,334.5,3
94,15,271.519,270.677,2
94,16,328.825,308.018,2
94,17,218.34,742.326,1
94,18,221.929,216.153,2
94,19,577.175,798.47,1
94,20,348.57,221.787,2
94,21,471.749,383.312,2
94,22,510.5,245.362,3
94,23,784.585,206.471,3
94,24,492.548,500.254,1
94,25,542.183,434.885,1
94,26,205.734,758.916,1
94,27,680.26,657.828,1
94,28,437.933,671.355,1
94,29,300.64,349.752,2
94.5,0,636.479,530.106,3
94.5,1,384.036,369.266,2
94.5,2,675.991,792.505,1
94.5,3,751.962,367.538,3
94.5,4,264.622,667.689,2
94.5,5,709.54,227.557,3
94.5,6,772.268,492.708,3
94.5,7,307.5,762.365,1
94.5,8,380.039,225.679,2
94.5,9,269.979,550.224,1
94.5,10,797.017,637.392,3
94.5,11,683.768,237.616,3
94.5,12,429.956,758.925,1
94.5,13,353.159,533.144,2
94.5,14,570.236,335.959,3
94.5,15,272.228,269.356,2
94.5,16,327.94,306.806,2
94.5,17,219.364,741.23,2
94.5,18,223.252,216.86,2
94.5,19,578.675,798.467,1
94.5,20,347.091,222.038,2
94.5,21,471.541,384.798,2
94.5,22,511.237,244.056,3
94.5,23,786.027,206.881,3
94.5,24,491.422,499.262,2
94.5,25,542.773,433.507,1
94.5,26,206.43,757.587,2
94.5,27,681.76,657.823,1
94.5,28,438.12,672.844,1
94.5,29,299.283,350.393,2
95,0,637.878,529.563,3
95,1,383.598,370.7,2
95,2,674.494,792.422,1
95,3,751.049,366.348,3
95,4,263.143,667.438,2
95,5,708.194,228.22,3
95,6,772.052,491.223,3
95,7,306.054,761.967,1
95,8,381.266,224.816,2
95,9,268.824,551.181,2
95,10,797.266,638.871,3
95,11,682.513,238.439,3
95,12,430.019,760.423,1
95,13,351.766,533.702,2
95,14,570.584,337.418,3
95,15,272.937,268.034,2
95,16,327.056,305.594,2
95,17,220.388,740.134,2
95,18,224.575,217.566,2
95,19,580.175,798.464,1
95,20,345.612,222.289,2
95,21,471.332,386.283,3
95,22,511.974,242.749,3
95,23,787.47,207.292,3
95,24,490.297,498.27,2
95,25,543.364,432.128,1
95,26,207.125,756.258,2
95,27,683.26,657.817,3
95,28,438.307,674.332,1
95,29,297.927,351.034,2
95.5,0,639.276,529.021,3
95.5,1,383.159,372.135,2
95.5,2,672.996,792.339,1
95.5,3,750.136,365.158,3
95.5,4,261.664,667.187,2
95.5,5,706.849,228.883,3
95.5,6,771.837,489.739,3
95.5,7,304.607,761.569,1
95.5,8,382.492,223.952,2
95.5,9,267.669,552.138,2
95.5,10,797.514,640.35,3
95.5,11,681.259,239.261,3
95.5,12,430.082,761.922,1
95.5,13,350.374,534.26,2
95.5,14,570.933,338.877,3
95.5,15,273.646,266.712,2
95.5,16,326.172,304.383,2
95.5,17,221.411,739.037,2
95.5,18,225.898,218.273,2
95.5,19,581.675,798.462,1
95.5,20,344.134,222.539,2
95.5,21,471.123,387.768,2
95.5,22,512.71,241.442,3
95.5,23,788.913,207.703,3
95.5,24,489.172,497.278,3
95.5,25,543.955,430.749,1
95.5,26,207.821,754.929,2
95.5,27,684.76,657.812,3
95.5,28,438.494,675.82,1
95.5,29,296.571,351.675,2
96,0,640.674,528.478,3
96,1,382.72,373.569,2
96,2,671.498,792.256,1
96,3,749.222,363.968,3
96,4,260.185,666.936,1
96,5,705.503,229.546,3
96,6,771.621,488.254,3
96,7,303.161,761.171,1
96,8,383.719,223.089,2
96,9,266.514,553.094,2
96,10,797.763,641.829,3
96,11,680.004,240.083,3
96,12,430.146,763.421,1
96,13,348.982,534.818,2
96,14,571.282,340.336,3
96,15,274.355,265.39,2
96,16,325.288,303.171,2
96,17,222.435,737.941,1
96,18,227.222,218.98,2
96,19,583.175,798.459,1
96,20,342.655,222.79,2
96,21,470.914,389.254,2
96,22,513.447,240.136,3
96,23,790.355,208.113,3
96,24,488.046,496.287,3
96,25,544.546,429.37,1
96,26,208.516,753.6,1
96,27,686.26,657.807,1
96,28,438.681,677.309,1
96,29,295.215,352.316,2
96.5,0,642.073,527.935,1
96.5,1,382.282,375.004,2
96.5,2,670.001,792.173,1
96.5,3,748.309,362.778,3
96.5,4,258.706,666.685,1
96.5,5,704.158,230.209,3
96.5,6,771.405,486.77,3
96.5,7,301.715,760.773,1
96.5,8,384.945,222.225,2
96.5,9,265.358,554.051,2
96.5,10,798.011,643.309,1
96.5,11,678.75,240.906,3
96.5,12,430.209,764.919,1
96.5,13,347.59,535.376,2
96.5,14,571.63,341.795,2
96.5,15,275.064,264.068,2
96.5,16,324.403,301.959,2
96.5,17,223.459,736.845,1
96.5,18,228.545,219.686,2
96.5,19,584.675,798.457,1
96.5,20,341.176,223.041,2
96.5,21,470.706,390.739,2
96.5,22,514.184,238.829,2
96.5,23,791.798,208.524,3
96.5,24,486.921,495.295,2
96.5,25,545.137,427.992,1
96.5,26,209.212,752.271,1
96.5,27,687.76,657.801,1
96.5,28,438.868,678.797,1
96.5,29,293.859,352.956,2
97,0,643.471,527.392,3
97,1,381.843,376.438,2
97,2,668.503,792.09,1
97,3,747.396,361.588,3
97,4,257.228,666.434,2
97,5,702.812,230.871,3
97,6,771.19,485.285,3
97,7,300.269,760.375,1
97,8,386.172,221.361,2
97,9,264.203,555.008,2
97,10,798.26,644.788,3
97,11,677.495,241.728,3
97,12,430.273,766.418,1
97,13,346.197,535.934,2
97,14,571.979,343.254,3
97,15,275.774,262.747,2
97,16,323.519,300.748,2
97,17,224.483,735.748,2
97,18,229.868,220.393,2
97,19,586.175,798.454,1
97,20,339.697,223.291,2
97,21,470.497,392.225,2
97,22,514.92,237.522,3
97,23,793.241,208.934,3
97,24,485.796,494.303,2
97,25,545.728,426.613,1
97,26,209.907,750.942,2
97,27,689.26,657.796,3
97,28,439.055,680.285,1
97,29,292.502,353.597,2
97.5,0,644.869,526.849,3
97.5,1,381.404,377.873,2
97.5,2,667.005,792.008,1
97.5,3,746.482,360.399,3
97.5,4,255.749,666.183,2
97.5,5,701.466,231.534,3
97.5,6,770.974,483.801,3
97.5,7,298.822,759.978,1
97.5,8,387.398,220.498,2
97.5,9,263.048,555.964,2
97.5,10,798.508,646.267,3
97.5,11,676.241,242.55,3
97.5,12,430.336,767.917,1
97.5,13,344.805,536.493,2
97.5,14,572.327,344.713,2
97.5,15,276.483,261.425,2
97.5,16,322.635,299.536,2
97.5,17,225.507,734.652,2
97.5,18,231.191,221.099,2
97.5,19,587.675,798.452,1
97.5,20,338.218,223.542,2
97.5,21,470.288,393.71,2
97.5,22,515.657,236.216,2
97.5,23,794.684,209.345,3
97.5,24,484.67,493.311,2
97.5,25,546.318,425.234,1
97.5,26,210.603,749.613,2
97.5,27,690.76,657.79,1
97.5,28,439.242,681.773,1
97.5,29,291.146,354.238,2
98,0,646.268,526.307,1
98,1,380.966,379.307,2
98,2,665.507,791.925,1
98,3,745.569,359.209,3
98,4,254.27,665.932,1
98,5,700.121,232.197,3
98,6,770.759,482.317,3
98,7,297.376,759.58,1
98,8,388.625,219.634,2
98,9,261.892,556.921,2
98,10,798.503,647.179,1
98,11,674.986,243.373,3
98,12,430.4,769.415,1
98,13,343.413,537.051,2
98,14,572.676,346.172,2
98,15,277.192,260.103,2
98,16,321.75,298.325,2
98,17,226.53,733.556,1
98,18,232.514,221.806,2
98,19,589.175,798.449,1
98,20,336.739,223.793,2
98,21,470.079,395.195,2
98,22,516.393,234.909,3
98,23,796.126,209.756,3
98,24,483.545,492.319,1
98,25,546.909,423.855,1
98,26,211.298,748.284,1
98,27,692.26,657.785,1
98,28,439.429,683.262,1
98,29,289.79,354.879,2
98.5,0,647.666,525.764,1
98.5,1,380.527,380.741,2
98.5,2,664.01,791.842,1
98.5,3,744.655,358.019,3
98.5,4,252.791,665.681,1
98.5,5,698.775,232.86,3
98.5,6,770.543,480.832,3
98.5,7,295.93,759.182,1
98.5,8,389.851,218.771,2
98.5,9,260.737,557.878,2
98.5,10,797.155,646.523,1
98.5,11,673.732,244.195,3
98.5,12,430.463,770.914,1
98.5,13,342.02,537.609,2
98.5,14,573.025,347.63,3
98.5,15,277.901,258.781,2
98.5,16,320.866,297.113,2
98.5,17,227.554,732.46,1
98.5,18,233.837,222.513,2
98.5,19,590.675,798.447,1
98.5,20,335.26,224.044,2
98.5,21,469.871,396.681,2
98.5,22,517.13,233.602,2
98.5,23,797.569,210.166,3
98.5,24,482.42,491.327,2
98.5,25,547.5,422.477,1
98.5,26,211.994,746.955,1
98.5,27,693.76,657.779,1
98.5,28,439.616,684.75,1
98.5,29,288.434,355.519,2
99,0,649.064,525.221,3
99,1,380.088,382.176,2
99,2,662.512,791.759,1
99,3,743.742,356.829,3
99,4,251.312,665.43,1
99,5,697.43,233.523,3
99,6,770.328,479.348,3
99,7,294.483,758.784,1
99,8,391.078,217.907,2
99,9,259.582,558.835,2
99,10,795.806,645.866,3
99,11,672.477,245.017,3
99,12,430.526,772.413,1
99,13,340.628,538.167,2
99,14,573.373,349.089,3
99,15,278.61,257.459,2
99,16,319.982,295.901,2
99,17,228.578,731.363,1
99,18,235.161,223.219,2
99,19,592.175,798.444,1
99,20,333.781,224.294,2
99,21,469.662,398.166,2
99,22,517.867,232.296,3
99,23,798.626,210.487,3
99,24,481.295,490.336,3
99,25,548.091,421.098,1
99,26,212.689,745.626,1
99,27,695.26,657.774,1
99,28,439.804,686.238,1
99,29,287.077,356.16,2
99.5,0,650.463,524.678,3
99.5,1,379.65,383.61,2
99.5,2,661.014,791.676,1
99.5,3,742.829,355.639,3
99.5,4,249.833,665.179,1
99.5,5,696.084,234.186,3
99.5,6,770.112,477.863,3
99.5,7,293.037,758.386,1
99.5,8,392.304,217.043,2
99.5,9,258.427,559.791,2
99.5,10,794.457,645.21,3
99.5,11,671.223,245.84,3
99.5,12,430.59,773.911,1
99.5,13,339.236,538.725,2
99.5,14,573.722,350.548,3
99.5,15,279.319,256.138,2
99.5,16,319.098,294.69,2
99.5,17,229.602,730.267,1
99.5,18,236.484,223.926,2
99.5,19,593.675,798.442,1
99.5,20,332.302,224.545,2
99.5,21,469.453,399.652,2
99.5,22,518.603,230.989,3
99.5,23,797.135,210.657,3
99.5,24,480.169,489.344,2
99.5,25,548.682,419.719,1
99.5,26,213.385,744.297,1
99.5,27,696.76,657.768,1
99.5,28,439.991,687.727,1
99.5,29,285.721,356.801,2
100,0,651.861,524.135,1
100,1,379.211,385.045,2
100,2,659.517,791.593,1
100,3,741.915,354.449,3
100,4,248.355,664.928,1
100,5,694.739,234.849,3
100,6,769.897,476.379,3
100,7,291.591,757.988,1
100,8,393.531,216.18,2
100,9,257.271,560.748,2
100,10,793.108,644.553,1
100,11,669.968,246.662,3
100,12,430.653,775.41,1
100,13,337.844,539.284,2
100,14,574.07,352.007,2
100,15,280.028,254.816,2
100,16,318.213,293.478,2
100,17,230.626,729.171,1
100,18,237.807,224.632,2
100,19,595.175,798.439,1
100,20,330.823,224.796,2
100,21,469.244,401.137,2
100,22,519.34,229.683,3
100,23,795.645,210.827,3
100,24,479.044,488.352,1
100,25,549.272,418.34,1
100,26,214.08,742.968,1
100,27,698.26,657.763,1
100,28,440.178,689.215,1
100,29,284.365,357.442,2
100.5,0,653.259,523.593,1
100.5,1,378.772,386.479,2
100.5,2,658.019,791.51,1
100.5,3,741.002,353.259,3
100.5,4,246.876,664.677,2
100.5,5,693.393,235.512,3
100.5,6,769.681,474.894,3
100.5,7,290.145,757.591,1
100.5,8,394.757,215.316,2
100.5,9,256.116,561.705,2
100.5,10,791.76,643.897,1
100.5,11,668.714,247.484,3
100.5,12,430.717,776.909,1
100.5,13,336.451,539.842,2
100.5,14,574.419,353.466,3
100.5,15,280.737,253.494,2
100.5,16,317.329,292.266,2
100.5,17,231.65,728.075,1
100.5,18,239.13,225.339,2
100.5,19,596.675,798.436,1
100.5,20,329.345,225.046,2
100.5,21,469.036,402.622,2
100.5,22,520.077,228.376,2
100.5,23,794.155,210.997,3
100.5,24,477.919,487.36,2
100.5,25,549.863,416.962,1
100.5,26,214.776,741.639,1
100.5,27,699.76,657.757,1
100.5,28,440.365,690.703,1
100.5,29,283.009,358.083,2
101,0,654.658,523.05,1
101,1,378.334,387.913,2
101,2,656.521,791.428,1
101,3,740.089,352.07,3
101,4,245.397,664.426,1
101,5,692.048,236.175,3
101,6,769.465,473.41,3
101,7,288.698,757.193,1
101,8,395.983,214.453,2
101,9,254.961,562.662,2
101,10,790.411,643.241,1
101,11,667.459,248.307,3
101,12,430.78,778.407,1
101,13,335.059,540.4,2
101,14,574.767,354.925,3
101,15,281.446,252.172,2
101,16,316.445,291.055,2
101,17,232.673,726.978,1
101,18,240.453,226.045,2
101,19,598.175,798.434,1
101,20,327.866,225.297,2
101,21,468.827,404.108,2
101,22,520.813,227.069,2
101,23,792.664,211.167,3
101,24,476.793,486.368,1
101,25,550.454,415.583,1
101,26,215.471,740.31,1
101,27,701.26,657.752,1
101,28,440.552,692.191,1
101,29,281.652,358.723,2
101.5,0,656.056,522.507,3
101.5,1,377.895,389.348,2
101.5,2,655.023,791.345,1
101.5,3,739.175,350.88,3
101.5,4,243.918,664.175,2
101.5,5,690.702,236.838,3
101.5,6,769.25,471.926,3
101.5,7,287.252,756.795,1
101.5,8,397.21,213.589,2
101.5,9,253.805,563.618,2
101.5,10,789.062,642.584,3
101.5,11,666.205,249.129,3
101.5,12,430.843,779.906,1
101.5,13,333.667,540.958,2
101.5,14,575.116,356.384,3
101.5,15,282.155,250.85,2
101.5,16,315.56,289.843,2
101.5,17,233.697,725.882,1
101.5,18,241.776,226.752,2
101.5,19,599.675,798.431,1
101.5,20,326.387,225.548,2
101.5,21,468.618,405.593,2
101.5,22,521.55,225.763,3
101.5,23,791.174,211.337,3
101.5,24,475.668,485.377,2
101.5,25,551.045,414.204,1
101.5,26,216.167,738.981,1
101.5,27,702.76,657.747,1
101.5,28,440.739,693.68,1
101.5,29,280.296,359.364,2
102,0,657.455,521.964,3
102,1,377.456,390.782,2
102,2,653.526,791.262,1
102,3,738.262,349.69,3
102,4,242.439,663.924,2
102,5,689.356,237.501,3
102,6,769.034,470.441,3
102,7,285.806,756.397,1
102,8,398.436,212.726,2
102,9,252.65,564.575,2
102,10,787.713,641.928,3
102,11,664.95,249.951,3
102,12,430.907,781.405,1
102,13,332.275,541.516,2
102,14,575.465,357.843,3
102,15,282.864,249.528,2
102,16,314.676,288.632,2
102,17,234.721,724.786,1
102,18,243.099,227.459,2
102,19,601.175,798.429,1
102,20,324.908,225.799,2
102,21,468.41,407.079,2
102,22,522.287,224.456,3
102,23,789.684,211.507,3
102,24,474.543,484.385,1
102,25,551.636,412.825,1
102,26,216.862,737.652,1
102,27,704.26,657.741,3
102,28,440.926,695.168,1
102,29,278.94,360.005,2
102.5,0,658.853,521.421,3
102.5,1,377.017,392.217,2
102.5,2,652.028,791.179,1
102.5,3,737.348,348.5,3
102.5,4,240.96,663.673,2
102.5,5,688.011,238.164,3
102.5,6,768.819,468.957,3
102.5,7,284.36,755.999,1
102.5,8,399.663,211.862,2
102.5,9,251.495,565.532,2
102.5,10,786.365,641.272,3
102.5,11,663.696,250.773,3
102.5,12,430.97,782.903,1
102.5,13,330.882,542.074,2
102.5,14,575.813,359.302,3
102.5,15,283.574,248.207,2
102.5,16,313.792,287.42,2
102.5,17,235.745,723.689,1
102.5,18,244.423,228.165,2
102.5,19,602.675,798.426,1
102.5,20,323.429,226.049,2
102.5,21,468.201,408.564,2
102.5,22,523.023,223.149,3
102.5,23,788.193,211.677,3
102.5,24,473.417,483.393,2
102.5,25,552.227,411.447,1
102.5,26,217.558,736.323,1
102.5,27,705.76,657.736,1
102.5,28,441.113,696.656,1
102.5,29,277.584,360.646,2
103,0,660.251,520.879,3
103,1,376.579,393.651,2
103,2,650.53,791.096,1
103,3,736.435,347.31,3
103,4,239.481,663.422,2
103,5,686.665,238.826,3
103,6,768.603,467.472,3
103,7,282.913,755.601,1
103,8,400.889,210.998,2
103,9,250.34,566.488,2
103,10,785.016,640.615,3
103,11,662.441,251.596,3
103,12,431.034,784.402,1
103,13,329.49,542.633,2
103,14,576.162,360.761,3
103,15,284.283,246.885,2
103,16,312.908,286.208,2
103,17,236.769,722.593,1
103,18,245.746,228.872,2
103,19,604.175,798.424,1
103,20,321.95,226.3,2
103,21,467.992,410.049,2
103,22,523.76,221.843,2
103,23,786.703,211.847,3
103,24,472.292,482.401,2
103,25,552.817,410.068,1
103,26,218.253,734.994,1
103,27,707.26,657.73,3
103,28,441.3,698.145,1
103,29,276.227,361.287,2
103.5,0,661.65,520.336,1
103.5,1,376.14,395.086,2
103.5,2,649.033,791.013,1
103.5,3,735.522,346.12,3
103.5,4,238.003,663.171,1
103.5,5,685.32,239.489,3
103.5,6,768.388,465.988,3
103.5,7,281.467,755.204,1
103.5,8,402.116,210.135,2
103.5,9,249.184,567.445,2
103.5,10,783.667,639.959,3
103.5,11,661.187,252.418,3
103.5,12,431.097,785.901,1
103.5,13,328.098,543.191,2
103.5,14,576.51,362.22,3
103.5,15,284.992,245.563,2
103.5,16,312.023,284.997,2
103.5,17,237.792,721.497,1
103.5,18,247.069,229.578,2
103.5,19,605.675,798.421,1
103.5,20,320.471,226.551,2
103.5,21,467.783,411.535,2
103.5,22,524.497,220.536,3
103.5,23,785.213,212.017,3
103.5,24,471.167,481.409,2
103.5,25,553.408,408.689,0
103.5,26,218.949,733.665,1
103.5,27,708.76,657.725,1
103.5,28,441.487,699.633,1
103.5,29,274.871,361.927,2
104,0,663.048,519.793,3
104,1,375.701,396.52,2
104,2,647.535,790.93,1
104,3,734.608,344.93,3
104,4,236.524,662.92,2
104,5,683.974,240.152,3
104,6,768.172,464.503,3
104,7,280.021,754.806,1
104,8,403.342,209.271,2
104,9,248.029,568.402,2
104,10,782.318,639.303,3
104,11,659.932,253.24,3
104,12,431.16,787.399,1
104,13,326.705,543.749,2
104,14,576.859,363.679,3
104,15,285.701,244.241,2
104,16,311.139,283.785,2
104,17,238.816,720.401,1
104,18,248.392,230.285,2
104,19,607.175,798.419,1
104,20,318.992,226.801,2
104,21,467.575,413.02,2
104,22,525.233,219.229,3
104,23,783.722,212.187,3
104,24,470.041,480.418,2
104,25,553.999,407.31,3
104,26,219.644,732.336,1
104,27,710.26,657.719,1
104,28,441.674,701.121,1
104,29,273.515,362.568,2
104.5,0,664.446,519.25,3
104.5,1,375.263,397.954,2
104.5,2,646.037,790.848,1
104.5,3,733.695,343.741,3
104.5,4,235.045,662.669,1
104.5,5,682.629,240.815,3
104.5,6,767.957,463.019,3
104.5,7,278.574,754.408,1
104.5,8,404.569,208.408,2
104.5,9,246.874,569.359,2
104.5,10,780.969,638.646,3
104.5,11,658.678,254.063,3
104.5,12,431.224,788.898,1
104.5,13,325.313,544.307,2
104.5,14,577.208,365.138,3
104.5,15,286.41,242.919,2
104.5,16,310.255,282.573,2
104.5,17,239.84,719.304,1
104.5,18,249.715,230.992,2
104.5,19,608.675,798.416,1
104.5,20,317.513,227.052,2
104.5,21,467.366,414.506,2
104.5,22,525.97,217.923,3
104.5,23,782.232,212.357,3
104.5,24,468.916,479.426,2
104.5,25,554.59,405.932,3
104.5,26,220.34,731.007,1
104.5,27,711.76,657.714,1
104.5,28,441.862,702.609,1
104.5,29,272.159,363.209,2
105,0,665.845,518.707,3
105,1,374.824,399.389,2
105,2,644.539,790.765,1
105,3,732.782,342.551,3
105,4,233.566,662.418,1
105,5,681.283,241.478,3
105,6,767.741,461.535,3
105,7,277.128,754.01,1
105,8,405.795,207.544,2
105,9,245.718,570.315,1
105,10,779.621,637.99,1
105,11,657.423,254.885,3
105,12,431.287,790.396,1
105,13,323.921,544.865,1
105,14,577.556,366.597,3
105,15,287.119,241.598,2
105,16,309.37,281.362,2
105,17,240.864,718.208,1
105,18,251.038,231.698,2
105,19,610.175,798.414,1
105,20,316.034,227.303,2
105,21,467.157,415.991,2
105,22,526.707,216.616,3
105,23,780.742,212.527,3
105,24,467.791,478.434,1
105,25,555.181,404.553,2
105,26,221.035,729.678,1
105,27,713.26,657.708,1
105,28,442.049,704.098,1
105,29,270.802,363.85,2
105.5,0,667.243,518.165,3
105.5,1,374.385,400.823,2
105.5,2,643.042,790.682,1
105.5,3,731.868,341.361,3
105.5,4,232.087,662.167,1
105.5,5,679.937,242.141,3
105.5,6,767.525,460.05,3
105.5,7,275.682,753.612,1
105.5,8,407.022,206.68,2
105.5,9,244.563,571.272,1
105.5,10,778.272,637.333,1
105.5,11,656.169,255.707,3
105.5,12,431.351,791.895,1
105.5,13,322.529,545.424,1
105.5,14,577.905,368.056,3
105.5,15,287.828,240.276,2
105.5,16,308.486,280.15,2
105.5,17,241.888,717.112,1
105.5,18,252.361,232.405,2
105.5,19,611.675,798.411,1
105.5,20,314.556,227.554,2
105.5,21,466.948,417.476,1
105.5,22,527.443,215.309,3
105.5,23,779.251,212.697,3
105.5,24,466.666,477.442,1
105.5,25,555.771,403.174,3
105.5,26,221.731,728.349,1
105.5,27,714.76,657.703,1
105.5,28,442.236,705.586,1
105.5,29,269.446,364.491,2
106,0,668.641,517.622,1
106,1,373.947,402.258,2
106,2,641.544,790.599,1
106,3,730.955,340.171,3
106,4,230.608,661.916,2
106,5,678.592,242.804,3
106,6,767.31,458.566,3
106,7,274.236,753.214,1
106,8,408.248,205.817,2
106,9,243.408,572.229,2
106,10,776.923,636.677,3
106,11,654.914,256.53,3
106,12,431.414,793.394,1
106,13,321.136,545.982,2
106,14,578.253,369.514,2
106,15,288.537,238.954,2
106,16,307.602,278.939,2
106,17,242.911,716.015,1
106,18,253.685,233.111,2
106,19,613.175,798.408,1
106,20,313.077,227.804,2
106,21,466.74,418.962,2
106,22,528.18,214.003,2
106,23,777.761,212.867,3
106,24,465.54,476.45,2
106,25,556.362,401.795,2
106,26,222.426,727.02,1
106,27,716.26,657.697,1
106,28,442.423,707.074,1
106,29,268.09,365.131,2
106.5,0,670.04,517.079,3
106.5,1,373.508,403.692,2
106.5,2,640.046,790.516,1
106.5,3,730.041,338.981,3
106.5,4,229.13,661.665,2
106.5,5,677.246,243.467,3
106.5,6,767.094,457.081,3
106.5,7,272.789,752.817,1
106.5,8,409.475,204.953,2
106.5,9,242.253,573.186,2
106.5,10,775.574,636.021,3
106.5,11,653.66,257.352,3
106.5,12,431.478,794.892,1
106.5,13,319.744,546.54,2
106.5,14,578.602,370.973,3
106.5,15,289.246,237.632,2
106.5,16,306.718,277.727,2
106.5,17,243.935,714.919,1
106.5,18,255.008,233.818,2
106.5,19,614.675,798.406,1
106.5,20,311.598,228.055,2
106.5,21,466.531,420.447,2
106.5,22,528.916,212.696,3
106.5,23,776.271,213.037,3
106.5,24,464.415,475.458,1
106.5,25,556.953,400.417,3
106.5,26,223.122,725.691,1
106.5,27,717.76,657.692,1
106.5,28,442.61,708.563,1
106.5,29,266.734,365.772,2
107,0,671.438,516.536,3
107,1,373.069,405.126,2
107,2,638.549,790.433,1
107,3,729.128,337.791,3
107,4,227.651,661.414,1
107,5,675.901,244.13,3
107,6,766.879,455.597,3
107,7,271.343,752.419,1
107,8,410.701,204.09,2
107,9,241.097,574.142,2
107,10,774.226,635.364,1
107,11,652.405,258.174,3
107,12,431.541,796.391,1
107,13,318.352,547.098,2
107,14,578.951,372.432,3
107,15,289.955,236.31,2
107,16,305.833,276.515,2
107,17,244.959,713.823,1
107,18,256.331,234.525,2
107,19,616.175,798.403,1
107,20,310.119,228.306,2
107,21,466.322,421.933,2
107,22,529.653,211.389,3
107,23,774.78,213.207,3
107,24,463.29,474.467,1
107,25,557.544,399.038,3
107,26,223.817,724.362,1
107,27,719.26,657.687,1
107,28,442.797,710.051,1
107,29,265.378,366.413,2
107.5,0,672.836,515.993,3
107.5,1,372.631,406.561,2
107.5,2,637.051,790.35,1
107.5,3,728.215,336.602,3
107.5,4,226.172,661.163,2
107.5,5,674.555,244.793,3
107.5,6,766.663,454.112,3
107.5,7,269.897,752.021,1
107.5,8,411.928,203.226,2
107.5,9,239.942,575.099,2
107.5,10,772.877,634.708,3
107.5,11,651.151,258.997,3
107.5,12,431.604,797.89,1
107.5,13,316.96,547.656,2
107.5,14,579.299,373.891,3
107.5,15,290.665,234.989,2
107.5,16,304.949,275.304,2
107.5,17,245.983,712.727,1
107.5,18,257.654,235.231,2
107.5,19,617.675,798.401,1
107.5,20,308.64,228.556,2
107.5,21,466.113,423.418,2
107.5,22,530.39,210.083,3
107.5,23,773.29,213.377,3
107.5,24,462.164,473.475,2
107.5,25,558.135,397.659,3
107.5,26,224.513,723.033,1
107.5,27,720.76,657.681,1
107.5,28,442.984,711.539,1
107.5,29,264.021,367.054,2
108,0,674.235,515.45,3
108,1,372.192,407.995,2
108,2,635.553,790.268,1
108,3,727.301,335.412,3
108,4,224.693,660.912,2
108,5,673.21,245.456,3
108,6,766.448,452.628,3
108,7,268.45,751.623,2
108,8,413.154,202.362,2
108,9,238.787,576.056,2
108,10,771.528,634.052,1
108,11,649.896,259.819,3
108,12,431.694,798.265,1
108,13,315.567,548.214,2
108,14,579.648,375.35,3
108,15,291.374,233.667,2
108,16,304.065,274.092,2
108,17,247.007,711.63,1
108,18,258.977,235.938,2
108,19,619.175,798.398,1
108,20,307.161,228.807,2
108,21,465.905,424.904,2
108,22,531.126,208.776,2
108,23,771.8,213.547,3
108,24,461.039,472.483,2
108,25,558.726,396.281,3
108,26,225.208,721.704,1
108,27,722.26,657.676,3
108,28,443.171,713.027,1
108,29,262.665,367.695,2
108.5,0,675.633,514.908,3
108.5,1,371.753,409.43,2
108.5,2,634.056,790.185,1
108.5,3,726.388,334.222,3
108.5,4,223.214,660.661,2
108.5,5,671.864,246.119,3
108.5,6,766.232,451.144,3
108.5,7,267.004,751.225,1
108.5,8,414.38,201.499,2
108.5,9,237.631,577.012,2
108.5,10,770.179,633.395,3
108.5,11,648.642,260.641,3
108.5,12,431.898,796.779,1
108.5,13,314.175,548.773,2
108.5,14,579.996,376.809,3
108.5,15,292.083,232.345,2
108.5,16,303.18,272.88,2
108.5,17,248.03,710.534,2
108.5,18,260.3,236.644,2
108.5,19,620.675,798.396,1
108.5,20,305.682,229.058,2
108.5,21,465.696,426.389,2
108.5,22,531.863,207.469,2
108.5,23,770.309,213.717,3
108.5,24,459.914,471.491,2
108.5,25,559.316,394.902,2
108.5,26,225.904,720.375,2
108.5,27,723.76,657.67,3
108.5,28,443.358,714.516,1
108.5,29,261.309,368.335,2
109,0,677.031,514.365,1
109,1,371.314,410.864,2
109,2,632.558,790.102,1
109,3,725.475,333.032,3
109,4,221.735,660.41,1
109,5,670.519,246.781,3
109,6,766.017,449.659,3
109,7,265.558,750.827,1
109,8,414.134,202.075,2
109,9,236.476,577.969,2
109,10,768.83,632.739,1
109,11,647.387,261.464,3
109,12,432.102,795.293,1
109,13,312.783,549.331,2
109,14,580.345,378.268,3
109,15,292.792,231.023,2
109,16,302.296,271.669,2
109,17,249.054,709.438,1
109,18,261.624,237.351,2
109,19,622.175,798.393,1
109,20,304.203,229.309,2
109,21,465.487,427.874,2
109,22,532.6,206.163,2
109,23,768.819,213.887,3
109,24,458.788,470.499,1
109,25,559.907,393.523,2
109,26,226.599,719.046,1
109,27,725.26,657.665,1
109,28,443.545,716.004,1
109,29,259.953,368.976,2
109.5,0,678.43,513.822,3
109.5,1,370.876,412.299,2
109.5,2,631.06,790.019,1
109.5,3,724.561,331.842,3
109.5,4,220.256,660.159,1
109.5,5,669.173,247.444,3
109.5,6,765.801,448.175,3
109.5,7,264.112,750.43,1
109.5,8,413.309,203.328,2
109.5,9,235.321,578.926,1
109.5,10,767.482,632.083,1
109.5,11,646.133,262.286,3
109.5,12,432.306,793.807,1
109.5,13,311.39,549.889,1
109.5,14,580.693,379.727,3
109.5,15,293.501,229.701,2
109.5,16,301.412,270.457,2
109.5,17,250.078,708.342,1
109.5,18,262.947,238.057,2
109.5,19,623.675,798.391,1
109.5,20,302.724,229.559,2
109.5,21,465.278,429.36,2
109.5,22,533.336,204.856,2
109.5,23,767.329,214.057,3
109.5,24,457.663,469.508,1
109.5,25,560.498,392.144,3
109.5,26,227.295,717.717,1
109.5,27,726.76,657.659,1
109.5,28,443.732,717.492,1
109.5,29,258.596,369.617,2
110,0,679.828,513.279,3
110,1,370.437,413.733,2
110,2,629.562,789.936,1
110,3,723.648,330.652,3
110,4,218.778,659.908,1
110,5,667.827,248.107,3
110,6,765.585,446.69,3
110,7,262.665,750.032,1
110,8,412.484,204.58,2
110,9,234.166,579.883,2
110,10,766.133,631.426,1
110,11,644.878,263.108,3
110,12,432.511,792.321,1
110,13,309.998,550.447,2
110,14,581.042,381.186,3
110,15,294.21,228.38,2
110,16,300.528,269.246,2
110,17,251.102,707.245,1
110,18,264.27,238.764,2
110,19,625.175,798.388,1
110,20,301.246,229.81,2
110,21,465.07,430.845,2
110,22,534.073,203.549,2
110,23,765.838,214.227,3
110,24,456.538,468.516,2
110,25,561.089,390.766,3
110,26,227.99,716.387,1
110,27,728.26,657.654,1
110,28,443.92,718.981,1
110,29,257.24,370.258,2
110.5,0,681.226,512.736,3
110.5,1,369.998,415.167,2
110.5,2,628.065,789.853,1
110.5,3,722.734,329.462,3
110.5,4,217.299,659.657,1
110.5,5,666.482,248.77,3
110.5,6,765.37,445.206,3
110.5,7,261.219,749.634,1
110.5,8,411.659,205.833,2
110.5,9,233.01,580.839,2
110.5,10,764.784,630.77,1
110.5,11,643.624,263.931,3
110.5,12,432.715,790.835,1
110.5,13,308.606,551.005,2
110.5,14,581.391,382.645,3
110.5,15,294.919,227.058,2
110.5,16,299.643,268.034,2
110.5,17,252.126,706.149,1
110.5,18,265.593,239.471,2
110.5,19,626.675,798.386,1
110.5,20,299.767,230.061,2
110.5,21,464.861,432.331,2
110.5,22,534.81,202.243,2
110.5,23,764.348,214.397,3
110.5,24,455.413,467.524,2
110.5,25,561.68,389.387,3
110.5,26,228.686,715.058,1
110.5,27,729.76,657.648,1
110.5,28,444.107,720.469,1
110.5,29,255.884,370.899,2
111,0,682.625,512.194,3
111,1,369.56,416.602,2
111,2,626.567,789.77,1
111,3,721.821,328.273,3
111,4,215.82,659.406,2
111,5,665.136,249.433,3
111,6,765.154,443.721,3
111,7,259.773,749.236,1
111,8,410.834,207.086,2
111,9,231.855,581.796,2
111,10,763.435,630.113,1
111,11,642.369,264.753,3
111,12,432.919,789.349,1
111,13,307.214,551.564,2
111,14,581.739,384.104,3
111,15,295.628,225.736,2
111,16,298.759,266.822,2
111,17,253.149,705.053,2
111,18,266.916,240.177,2
111,19,628.175,798.383,1
111,20,298.288,230.311,2
111,21,464.652,433.816,2
111,22,535.453,201.399,2
111,23,762.858,214.567,3
111,24,454.287,466.532,2
111,25,562.27,388.008,3
111,26,229.381,713.729,2
111,27,731.26,657.643,1
111,28,444.294,721.957,1
111,29,254.528,371.539,2
111.5,0,684.023,511.651,3
111.5,1,369.121,418.036,2
111.5,2,625.069,789.688,1
111.5,3,720.908,327.083,3
111.5,4,214.341,659.155,1
111.5,5,663.791,250.096,3
111.5,6,764.939,442.237,3
111.5,7,258.326,748.838,1
111.5,8,410.01,208.339,2
111.5,9,230.7,582.753,2
111.5,10,762.087,629.457,3
111.5,11,641.115,265.575,3
111.5,12,433.123,787.863,1
111.5,13,305.821,552.122,2
111.5,14,582.088,385.563,3
111.5,15,296.337,224.414,2
111.5,16,297.875,265.611,2
111.5,17,254.173,703.956,1
111.5,18,268.239,240.884,2
111.5,19,629.675,798.38,1
111.5,20,296.809,230.562,2
111.5,21,464.443,435.301,2
111.5,22,536.748,202.157,3
111.5,23,761.367,214.737,3
111.5,24,453.162,465.54,2
111.5,25,562.861,386.629,3
111.5,26,230.077,712.4,1
111.5,27,732.76,657.637,3
111.5,28,444.481,723.445,1
111.5,29,253.171,372.18,2
112,0,685.421,511.108,3
112,1,368.682,419.471,2
112,2,623.572,789.605,1
112,3,719.994,325.893,3
112,4,212.862,658.904,1
112,5,662.445,250.759,3
112,6,764.723,440.753,3
112,7,256.88,748.44,1
112,8,409.185,209.592,2
112,9,229.544,583.709,1
112,10,760.738,628.801,1
112,11,639.86,266.398,3
112,12,433.327,786.377,1
112,13,304.429,552.68,1
112,14,582.436,387.022,3
112,15,297.046,223.092,2
112,16,296.99,264.399,2
112,17,255.197,702.86,1
112,18,269.562,241.59,2
112,19,631.175,798.378,1
112,20,295.33,230.813,2
112,21,464.235,436.787,3
112,22,538.042,202.914,3
112,23,759.877,214.907,3
112,24,452.037,464.549,1
112,25,563.452,385.251,3
112,26,230.772,711.071,1
112,27,734.26,657.632,1
112,28,444.668,724.934,1
112,29,251.815,372.821,2
112.5,0,686.82,510.565,3
112.5,1,368.244,420.905,2
112.5,2,622.074,789.522,1
112.5,3,719.081,324.703,3
112.5,4,211.383,658.653,1
112.5,5,661.1,251.422,3
112.5,6,764.508,439.268,3
112.5,7,255.434,748.043,1
112.5,8,408.36,210.844,2
112.5,9,228.389,584.666,2
112.5,10,759.389,628.144,3
112.5,11,638.606,267.22,3
112.5,12,433.532,784.891,1
112.5,13,303.037,553.238,2
112.5,14,582.785,388.481,3
112.5,15,297.756,221.77,2
112.5,16,296.106,263.187,2
112.5,17,256.221,701.764,1
112.5,18,270.886,242.297,2
112.5,19,632.675,798.375,1
112.5,20,293.851,231.064,2
112.5,21,464.026,438.272,3
112.5,22,539.337,203.672,3
112.5,23,758.387,215.077,3
112.5,24,450.911,463.557,2
112.5,25,564.043,383.872,3
112.5,26,231.468,709.742,1
112.5,27,735.76,657.627,3
112.5,28,444.855,726.422,1
112.5,29,250.459,373.462,2
113,0,688.218,510.022,3
113,1,367.805,422.339,2
113,2,620.576,789.439,1
113,3,718.168,323.513,3
113,4,209.904,658.402,2
113,5,659.754,252.085,3
113,6,764.292,437.784,3
113,7,253.988,747.645,1
113,8,407.535,212.097,2
113,9,227.234,585.623,2
113,10,758.04,627.488,1
113,11,637.351,268.042,3
113,12,433.736,783.405,1
113,13,301.644,553.796,2
113,14,583.134,389.94,3
113,15,298.465,220.449,2
113,16,295.222,261.976,2
113,17,257.245,700.668,2
113,18,272.209,243.004,2
113,19,634.175,798.373,1
113,20,292.372,231.314,2
113,21,463.817,439.758,2
113,22,540.631,204.43,3
113,23,756.896,215.247,3
113,24,449.786,462.565,2
113,25,564.634,382.493,3
113,26,232.163,708.413,2
113,27,737.26,657.621,1
113,28,445.042,727.91,1
113,29,249.103,374.103,2
113.5,0,689.616,509.48,3
113.5,1,367.366,423.774,2
113.5,2,619.078,789.356,1
113.5,3,717.254,322.323,3
113.5,4,208.426,658.151,1
113.5,5,658.408,252.748,3
113.5,6,764.077,436.299,3
113.5,7,252.541,747.247,2
113.5,8,406.71,213.35,2
113.5,9,226.079,586.58,1
113.5,10,756.692,626.832,1
113.5,11,636.097,268.865,3
113.5,12,433.94,781.919,1
113.5,13,300.252,554.355,1
113.5,14,583.482,391.398,3
113.5,15,299.174,219.127,2
113.5,16,294.338,260.764,2
113.5,17,258.268,699.571,2
113.5,18,273.532,243.71,2
113.5,19,635.675,798.37,1
113.5,20,290.893,231.565,2
113.5,21,463.608,441.243,3
113.5,22,541.926,205.188,2
113.5,23,755.406,215.417,3
113.5,24,448.661,461.573,3
113.5,25,565.224,381.114,2
113.5,26,232.859,707.084,2
113.5,27,738.76,657.616,3
113.5,28,445.229,729.399,1
113.5,29,247.746,374.743,2
114,0,691.015,508.937,3
114,1,366.928,425.208,2
114,2,617.581,789.273,1
114,3,716.341,321.133,3
114,4,206.947,657.9,2
114,5,657.063,253.411,3
114,6,763.861,434.815,3
114,7,251.095,746.849,1
114,8,405.885,214.603,2
114,9,224.923,587.536,2
114,10,755.343,626.175,3
114,11,634.842,269.687,3
114,12,434.144,780.433,1
114,13,298.86,554.913,2
114,14,583.831,392.857,3
114,15,299.883,217.805,2
114,16,293.453,259.553,2
114,17,259.292,698.475,1
114,18,274.855,244.417,2
114,19,637.175,798.368,1
114,20,289.414,231.816,2
114,21,463.4,442.728,2
114,22,543.221,205.945,3
114,23,753.916,215.587,3
114,24,447.535,460.581,2
114,25,565.815,379.736,3
114,26,233.554,705.755,1
114,27,740.26,657.61,3
114,28,445.416,730.887,1
114,29,246.39,375.384,2
114.5,0,692.413,508.394,3
114.5,1,366.489,426.643,2
114.5,2,616.083,789.19,1
114.5,3,715.427,319.944,3
114.5,4,205.468,657.649,2
114.5,5,655.717,254.074,3
114.5,6,763.646,433.33,3
114.5,7,249.649,746.451,1
114.5,8,405.06,215.856,2
114.5,9,223.768,588.493,2
114.5,10,753.994,625.519,1
114.5,11,633.588,270.509,3
114.5,12,434.348,778.947,1
114.5,13,297.468,555.471,2
114.5,14,584.179,394.316,3
114.5,15,300.592,216.483,2
114.5,16,292.569,258.341,2
114.5,17,260.316,697.379,1
114.5,18,276.178,245.123,2
114.5,19,638.675,798.365,1
114.5,20,287.935,232.066,2
114.5,21,463.191,444.214,2
114.5,22,544.515,206.703,2
114.5,23,752.425,215.757,3
114.5,24,446.41,459.589,2
114.5,25,566.406,378.357,3
114.5,26,234.25,704.426,1
114.5,27,741.76,657.605,1
114.5,28,445.603,732.375,1
114.5,29,245.034,376.025,2
115,0,693.811,507.851,3
115,1,366.05,428.077,2
115,2,614.585,789.108,1
115,3,714.514,318.754,3
115,4,203.989,657.398,1
115,5,654.372,254.737,3
115,6,763.43,431.846,3
115,7,248.203,746.053,1
115,8,404.235,217.109,3
115,9,222.613,589.45,1
115,10,752.645,624.863,3
115,11,632.333,271.332,3
115,12,434.552,777.46,1
115,13,296.075,556.029,1
115,14,584.528,395.775,3
115,15,301.301,215.161,2
115,16,291.685,257.129,2
115,17,261.34,696.283,1
115,18,277.501,245.83,2
115,19,640.175,798.363,1
115,20,286.457,232.317,2
115,21,462.982,445.699,3
115,22,545.81,207.461,3
115,23,750.935,215.927,3
115,24,445.285,458.598,3
115,25,566.997,376.978,3
115,26,234.945,703.097,2
115,27,743.26,657.599,3
115,28,445.79,733.863,1
115,29,243.678,376.666,2
115.5,0,695.21,507.308,3
115.5,1,365.612,429.512,2
115.5,2,613.088,789.025,1
115.5,3,713.601,317.564,3
115.5,4,202.51,657.147,1
115.5,5,653.026,255.399,3
115.5,6,763.214,430.362,3
115.5,7,246.756,745.656,1
115.5,8,403.411,218.361,2
115.5,9,221.457,590.407,2
115.5,10,751.296,624.206,1
115.5,11,631.079,272.154,3
115.5,12,434.757,775.974,1
115.5,13,294.683,556.587,2
115.5,14,584.877,397.234,3
115.5,15,302.01,213.84,2
115.5,16,290.8,255.918,2
115.5,17,262.364,695.186,1
115.5,18,278.825,246.537,2
115.5,19,641.675,798.36,1
115.5,20,284.978,232.568,2
115.5,21,462.773,447.185,2
115.5,22,547.104,208.219,3
115.5,23,749.445,216.097,3
115.5,24,444.16,457.606,2
115.5,25,567.588,375.599,3
115.5,26,235.641,701.768,1
115.5,27,744.76,657.594,1
115.5,28,445.977,735.352,1
115.5,29,242.322,377.307,2
116,0,696.608,506.766,3
116,1,365.173,430.946,2
116,2,611.59,788.942,1
116,3,712.687,316.374,3
116,4,201.325,656.946,1
116,5,651.681,256.062,3
116,6,762.999,428.877,3
116,7,245.31,745.258,1
116,8,402.586,219.614,2
116,9,220.302,591.363,2
116,10,749.948,623.55,1
116,11,629.824,272.976,3
116,12,434.961,774.488,1
116,13,293.291,557.145,2
116,14,585.225,398.693,3
116,15,302.719,212.518,2
116,16,289.916,254.706,2
116,17,263.388,694.09,1
116,18,280.148,247.243,2
116,19,643.175,798.357,1
116,20,283.499,232.819,2
116,21,462.565,448.67,2
116,22,548.399,208.976,3
116,23,747.954,216.267,3
116,24,443.034,456.614,2
116,25,568.179,374.221,3
116,26,236.336,700.439,1
116,27,746.26,657.588,1
116,28,446.165,736.84,1
116,29,240.965,377.947,2
116.5,0,698.006,506.223,3
116.5,1,364.734,432.38,2
116.5,2,610.092,788.859,1
116.5,3,711.774,315.184,3
116.5,4,202.566,656.108,2
116.5,5,650.335,256.725,3
116.5,6,762.783,427.393,3
116.5,7,243.864,744.86,2
116.5,8,401.761,220.867,2
116.5,9,219.147,592.32,2
116.5,10,748.599,622.894,3
116.5,11,628.57,273.798,3
116.5,12,435.165,773.002,1
116.5,13,291.899,557.704,2
116.5,14,585.574,400.152,3
116.5,15,303.428,211.196,2
116.5,16,289.032,253.494,2
116.5,17,264.411,692.994,2
116.5,18,281.471,247.95,2
116.5,19,644.675,798.355,1
116.5,20,282.02,233.069,2
116.5,21,462.356,450.155,2
116.5,22,549.693,209.734,2
116.5,23,746.464,216.437,3
116.5,24,441.909,455.622,2
116.5,25,568.769,372.842,2
116.5,26,237.032,699.11,2
116.5,27,747.76,657.583,3
116.5,28,446.352,738.328,1
116.5,29,239.609,378.588,2
117,0,699.405,505.68,3
117,1,364.295,433.815,2
117,2,608.594,788.776,1
117,3,710.86,313.994,3
117,4,203.809,655.268,2
117,5,648.99,257.388,3
117,6,762.568,425.908,3
117,7,242.417,744.462,1
117,8,400.936,222.12,2
117,9,217.992,593.277,2
117,10,747.25,622.237,1
117,11,627.315,274.621,3
117,12,435.369,771.516,1
117,13,290.506,558.262,2
117,14,585.922,401.611,3
117,15,304.137,209.874,2
117,16,288.148,252.283,2
117,17,265.435,691.897,2
117,18,282.794,248.656,2
117,19,646.175,798.352,1
117,20,280.541,233.32,2
117,21,462.147,451.641,2
117,22,550.988,210.492,3
117,23,744.974,216.607,3
117,24,440.784,454.63,2
117,25,569.36,371.463,3
117,26,237.727,697.781,2
117,27,749.26,657.577,3
117,28,446.539,739.817,1
117,29,238.253,379.229,2
117.5,0,700.803,505.137,3
117.5,1,363.857,435.249,2
117.5,2,607.097,788.693,1
117.5,3,709.947,312.805,3
117.5,4,205.052,654.429,2
117.5,5,647.644,258.051,3
117.5,6,762.352,424.424,3
117.5,7,240.971,744.064,1
117.5,8,400.111,223.373,2
117.5,9,216.836,594.233,1
117.5,10,745.901,621.581,1
117.5,11,626.061,275.443,3
117.5,12,435.573,770.03,1
117.5,13,289.114,558.82,1
117.5,14,586.271,403.07,3
117.5,15,304.847,208.552,2
117.5,16,287.263,251.071,2
117.5,17,266.459,690.801,1
117.5,18,284.117,249.363,2
117.5,19,647.675,798.35,1
117.5,20,279.062,233.571,2
117.5,21,461.938,453.126,1
117.5,22,552.282,211.25,2
117.5,23,743.483,216.777,3
117.5,24,439.658,453.639,1
117.5,25,569.951,370.084,3
117.5,26,238.423,696.452,2
117.5,27,750.759,657.572,1
117.5,28,446.726,741.305,1
117.5,29,236.897,379.87,2
118,0,702.201,504.594,3
118,1,363.418,436.684,2
118,2,605.599,788.61,1
118,3,709.034,311.615,3
118,4,206.296,653.59,1
118,5,646.298,258.714,3
118,6,762.137,422.939,3
118,7,239.525,743.666,1
118,8,399.286,224.626,2
118,9,215.681,595.19,2
118,10,744.553,620.924,1
118,11,624.806,276.265,3
118,12,435.777,768.544,1
118,13,287.722,559.378,2
118,14,586.619,404.529,3
118,15,305.556,207.231,2
118,16,286.379,249.86,2
118,17,267.483,689.705,1
118,18,285.44,250.069,2
118,19,649.175,798.347,1
118,20,277.583,233.821,2
118,21,461.73,454.612,2
118,22,553.577,212.008,2
118,23,741.993,216.947,3
118,24,438.533,452.647,2
118,25,570.542,368.706,3
118,26,239.118,695.123,1
118,27,752.259,657.567,1
118,28,446.913,742.793,1
118,29,235.54,380.511,2
118.5,0,703.6,504.052,3
118.5,1,362.979,438.118,2
118.5,2,604.101,788.528,1
118.5,3,708.12,310.425,3
118.5,4,207.539,652.75,2
118.5,5,644.953,259.377,3
118.5,6,761.921,421.455,3
118.5,7,238.079,743.269,2
118.5,8,398.461,225.878,2
118.5,9,214.526,596.147,2
118.5,10,743.204,620.268,3
118.5,11,623.552,277.088,3
118.5,12,435.982,767.058,1
118.5,13,286.329,559.936,2
118.5,14,586.968,405.988,3
118.5,15,306.265,205.909,2
118.5,16,285.495,248.648,2
118.5,17,268.507,688.609,2
118.5,18,286.763,250.776,2
118.5,19,650.675,798.345,1
118.5,20,276.104,234.072,2
118.5,21,461.521,456.097,2
118.5,22,554.871,212.765,3
118.5,23,740.503,217.117,3
118.5,24,437.408,451.655,2
118.5,25,571.133,367.327,3
118.5,26,239.814,693.794,2
118.5,27,753.759,657.561,3
118.5,28,447.1,744.281,1
118.5,29,234.184,381.151,2
119,0,704.998,503.509,3
119,1,362.541,439.552,2
119,2,602.604,788.445,1
119,3,707.207,309.235,3
119,4,208.782,651.911,2
119,5,643.607,260.04,3
119,6,761.706,419.97,3
119,7,236.632,742.871,2
119,8,397.636,227.131,2
119,9,213.371,597.104,2
119,10,741.855,619.612,3
119,11,622.297,277.91,3
119,12,436.186,765.572,1
119,13,284.937,560.495,2
119,14,587.317,407.447,3
119,15,306.974,204.587,2
119,16,284.61,247.436,2
119,17,269.53,687.512,2
119,18,288.087,251.483,2
119,19,652.175,798.342,1
119,20,274.625,234.323,2
119,21,461.312,457.582,2
119,22,556.166,213.523,3
119,23,739.012,217.287,3
119,24,436.282,450.663,2
119,25,571.723,365.948,3
119,26,240.509,692.465,2
119,27,755.259,657.556,3
119,28,447.287,745.77,1
119,29,232.828,381.792,2
119.5,0,706.396,502.966,3
119.5,1,362.102,440.987,2
119.5,2,601.106,788.362,1
119.5,3,706.294,308.045,3
119.5,4,210.025,651.071,2
119.5,5,642.262,260.703,3
119.5,6,761.49,418.486,3
119.5,7,235.186,742.473,1
119.5,8,396.812,228.384,2
119.5,9,212.215,598.06,2
119.5,10,740.506,618.955,1
119.5,11,621.043,278.732,3
119.5,12,436.39,764.086,1
119.5,13,283.545,561.053,2
119.5,14,587.665,408.906,3
119.5,15,307.683,203.265,2
119.5,16,283.726,246.225,2
119.5,17,270.554,686.416,1
119.5,18,289.41,252.189,2
119.5,19,653.675,798.34,1
119.5,20,273.146,234.574,2
119.5,21,461.103,459.068,2
119.5,22,557.46,214.281,3
119.5,23,737.522,217.457,3
119.5,24,435.157,449.671,2
119.5,25,572.314,364.569,3
119.5,26,241.205,691.136,1
119.5,27,756.759,657.55,1
119.5,28,447.474,747.258,1
119.5,29,231.472,382.433,2
120,0,707.795,502.423,3
120,1,361.663,442.421,2
120,2,599.608,788.279,1
120,3,705.38,306.855,3
120,4,211.268,650.232,1
120,5,640.916,261.366,3
120,6,761.274,417.002,3
120,7,233.74,742.075,1
120,8,395.987,229.637,2
120,9,211.06,599.017,1
120,10,739.157,618.299,3
120,11,619.788,279.555,3
120,12,436.594,762.6,1
120,13,282.153,561.611,1
120,14,588.014,410.365,3
120,15,308.392,201.943,2
120,16,282.842,245.013,2
120,17,271.578,685.32,2
120,18,290.733,252.896,2
120,19,655.175,798.337,1
120,20,271.668,234.824,2
120,21,460.895,460.553,3
120,22,558.755,215.039,3
120,23,736.032,217.627,3
120,24,434.032,448.68,2
120,25,572.905,363.191,3
120,26,241.9,689.807,2
120,27,758.259,657.545,3
120,28,447.661,748.746,1
120,29,230.115,383.074,2
120.5,0,709.193,501.88,3
120.5,1,361.225,443.856,2
120.5,2,598.11,788.196,1
120.5,3,704.467,305.665,3
120.5,4,212.511,649.393,1
120.5,5,639.571,262.029,3
120.5,6,761.059,415.517,3
120.5,7,232.293,741.677,1
120.5,8,395.162,230.89,2
120.5,9,209.905,599.974,1
120.5,10,737.809,617.643,1
120.5,11,618.534,280.377,3
120.5,12,436.798,761.114,1
120.5,13,280.76,562.169,1
120.5,14,588.362,411.824,3
120.5,15,308.559,201.795,2
120.5,16,281.958,243.801,2
120.5,17,272.602,684.223,1
120.5,18,292.056,253.602,2
120.5,19,656.675,798.335,1
120.5,20,270.189,235.075,2
120.5,21,460.686,462.039,3
120.5,22,560.049,215.796,3
120.5,23,734.541,217.797,3
120.5,24,432.907,447.688,3
120.5,25,573.496,361.812,3
120.5,26,242.596,688.478,1
120.5,27,759.759,657.539,1
120.5,28,447.848,750.235,1
120.5,29,228.759,383.715,2
121,0,710.591,501.337,3
121,1,360.786,445.29,2
121,2,596.613,788.113,1
121,3,703.553,304.476,3
121,4,213.755,648.553,1
121,5,638.225,262.692,3
121,6,760.843,414.033,3
121,7,230.847,741.279,1
121,8,394.337,232.143,2
121,9,208.749,600.931,1
121,10,736.46,616.986,1
121,11,617.279,281.199,3
121,12,437.003,759.628,1
121,13,279.368,562.727,1
121,14,588.711,413.282,3
121,15,308.063,203.211,2
121,16,281.073,242.59,2
121,17,273.626,683.127,1
121,18,293.379,254.309,2
121,19,658.175,798.332,1
121,20,268.71,235.326,2
121,21,460.477,463.524,1
121,22,561.344,216.554,3
121,23,733.051,217.967,3
121,24,431.781,446.696,1
121,25,574.087,360.433,2
121,26,243.291,687.149,1
121,27,761.259,657.534,1
121,28,448.035,751.723,1
121,29,227.403,384.355,2
121.5,0,711.99,500.795,3
121.5,1,360.347,446.725,2
121.5,2,595.115,788.03,1
121.5,3,702.64,303.286,3
121.5,4,214.998,647.714,2
121.5,5,636.879,263.354,3
121.5,6,760.628,412.548,3
121.5,7,229.401,740.882,1
121.5,8,393.512,233.395,2
121.5,9,207.594,601.887,2
121.5,10,735.111,616.33,1
121.5,11,616.025,282.022,3
121.5,12,437.207,758.142,1
121.5,13,277.976,563.285,2
121.5,14,589.06,414.741,3
121.5,15,307.568,204.626,2
121.5,16,280.189,241.378,2
121.5,17,274.649,682.031,1
121.5,18,294.702,255.016,2
121.5,19,659.675,798.329,1
121.5,20,267.231,235.576,2
121.5,21,460.268,465.009,2
121.5,22,562.638,217.312,3
121.5,23,731.561,218.137,3
121.5,24,430.656,445.704,2
121.5,25,574.678,359.054,3
121.5,26,243.987,685.82,1
121.5,27,762.759,657.528,1
121.5,28,448.223,753.211,1
121.5,29,226.047,384.996,2
122,0,713.388,500.252,3
122,1,359.909,448.159,2
122,2,593.617,787.948,1
122,3,701.727,302.096,3
122,4,216.241,646.875,1
122,5,635.534,264.017,3
122,6,760.412,411.064,3
122,7,227.955,740.484,1
122,8,392.687,234.648,2
122,9,206.439,602.844,1
122,10,733.762,615.674,1
122,11,614.77,282.844,3
122,12,437.411,756.656,1
122,13,276.584,563.844,1
122,14,589.408,416.2,3
122,15,307.072,206.042,2
122,16,279.305,240.167,2
122,17,275.673,680.935,1
122,18,296.026,255.722,2
122,19,661.175,798.327,1
122,20,265.752,235.827,2
122,21,460.06,466.495,1
122,22,563.933,218.07,3
122,23,730.07,218.307,3
122,24,429.531,444.712,1
122,25,575.268,357.676,3
122,26,244.682,684.491,1
122,27,764.259,657.523,1
122,28,448.41,754.699,1
122,29,224.69,385.637,2
122.5,0,714.787,499.709,3
122.5,1,359.47,449.593,2
122.5,2,592.12,787.865,1
122.5,3,700.813,300.906,3
122.5,4,217.484,646.035,2
122.5,5,634.188,264.68,3
122.5,6,760.197,409.579,3
122.5,7,226.508,740.086,2
122.5,8,391.862,235.901,2
122.5,9,205.284,603.801,2
122.5,10,732.414,615.017,1
122.5,11,613.516,283.666,3
122.5,12,437.615,755.17,1
122.5,13,275.191,564.402,2
122.5,14,589.757,417.659,3
122.5,15,306.576,207.458,2
122.5,16,278.42,238.955,2
122.5,17,276.697,679.838,1
122.5,18,297.349,256.429,2
122.5,19,662.675,798.324,1
122.5,20,264.273,236.078,2
122.5,21,459.851,467.98,2
122.5,22,565.227,218.827,2
122.5,23,728.58,218.477,3
122.5,24,428.405,443.72,2
122.5,25,575.859,356.297,3
122.5,26,245.378,683.162,1
122.5,27,765.759,657.517,3
122.5,28,448.597,756.188,1
122.5,29,223.334,386.278,2
123,0,716.185,499.166,3
123,1,359.031,451.028,2
123,2,590.622,787.782,1
123,3,699.9,299.716,3
123,4,218.727,645.196,2
123,5,632.843,265.343,3
123,6,759.981,408.095,3
123,7,225.062,739.688,1
123,8,391.037,237.154,2
123,9,204.128,604.757,2
123,10,731.065,614.361,1
123,11,612.261,284.489,3
123,12,437.819,753.684,1
123,13,273.799,564.96,2
123,14,590.105,419.118,3
123,15,306.08,208.874,2
123,16,277.536,237.743,2
123,17,277.721,678.742,2
123,18,298.672,257.135,2
123,19,664.175,798.322,1
123,20,262.794,236.329,2
123,21,459.642,469.466,2
123,22,566.522,219.585,2
123,23,727.09,218.647,3
123,24,427.28,442.729,2
123,25,576.45,354.918,3
123,26,246.073,681.833,2
123,27,767.259,657.512,3
123,28,448.784,757.676,1
123,29,221.978,386.918,2
123.5,0,717.583,498.623,3
123.5,1,358.592,452.462,2
123.5,2,589.124,787.699,1
123.5,3,698.987,298.526,3
123.5,4,219.97,644.356,1
123.5,5,631.497,266.006,3
123.5,6,759.766,406.611,3
123.5,7,223.616,739.29,2
123.5,8,390.212,238.407,2
123.5,9,202.973,605.714,1
123.5,10,729.716,613.704,1
123.5,11,611.007,285.311,3
123.5,12,438.023,752.198,1
123.5,13,272.407,565.518,2
123.5,14,590.454,420.577,3
123.5,15,305.585,210.289,2
123.5,16,276.652,236.532,2
123.5,17,278.745,677.646,1
123.5,18,299.995,257.842,2
123.5,19,665.675,798.319,1
123.5,20,261.315,236.579,2
123.5,21,459.433,470.951,1
123.5,22,567.816,220.343,2
123.5,23,725.599,218.817,3
123.5,24,426.155,441.737,2
123.5,25,577.041,353.539,3
123.5,26,246.769,680.504,1
123.5,27,768.759,657.507,3
123.5,28,448.971,759.164,1
123.5,29,220.622,387.559,2
124,0,718.982,498.081,3
124,1,358.154,453.897,2
124,2,587.627,787.616,1
124,3,698.073,297.336,3
124,4,221.214,643.517,2
124,5,630.152,266.669,3
124,6,759.55,405.126,3
124,7,222.169,738.892,1
124,8,389.388,239.66,2
124,9,201.818,606.671,2
124,10,728.367,613.048,3
124,11,609.752,286.133,3
124,12,438.228,750.712,1
124,13,271.014,566.076,2
124,14,590.803,422.036,3
124,15,305.089,211.705,2
124,16,275.768,235.32,2
124,17,279.768,676.55,1
124,18,301.318,258.549,2
124,19,667.175,798.317,1
124,20,259.836,236.83,2
124,21,459.225,472.436,2
124,22,569.111,221.101,3
124,23,724.109,218.987,3
124,24,425.029,440.745,2
124,25,577.632,352.161,3
124,26,247.464,679.175,1
124,27,770.259,657.501,1
124,28,449.158,760.653,1
124,29,219.265,388.2,2
124.5,0,720.38,497.538,3
124.5,1,357.715,455.331,2
124.5,2,586.129,787.533,1
124.5,3,697.16,296.147,3
124.5,4,222.457,642.678,1
124.5,5,628.806,267.332,3
124.5,6,759.334,403.642,3
124.5,7,220.723,738.495,1
124.5,8,388.563,240.912,2
124.5,9,201.625,607.552,1
124.5,10,727.018,612.392,1
124.5,11,608.497,286.956,3
124.5,12,438.432,749.226,1
124.5,13,269.622,566.635,1
124.5,14,591.151,423.495,3
124.5,15,304.593,213.121,2
124.5,16,274.883,234.108,2
124.5,17,280.792,675.453,1
124.5,18,302.641,259.255,2
124.5,19,668.675,798.314,1
124.5,20,258.357,237.081,2
124.5,21,459.016,473.922,1
124.5,22,570.405,221.859,3
124.5,23,722.619,219.157,3
124.5,24,423.904,439.753,2
124.5,25,578.222,350.782,3
124.5,26,248.16,677.846,1
124.5,27,771.759,657.496,1
124.5,28,449.345,762.141,1
124.5,29,217.909,388.841,2
125,0,721.778,496.995,3
125,1,357.276,456.765,2
125,2,584.631,787.45,1
125,3,696.246,294.957,3
125,4,223.7,641.838,1
125,5,627.461,267.995,3
125,6,759.119,402.157,3
125,7,219.277,738.097,1
125,8,387.738,242.165,2
125,9,202.429,608.818,1
125,10,725.67,611.735,1
125,11,607.243,287.778,3
125,12,438.636,747.74,1
125,13,268.23,567.193,2
125,14,591.5,424.954,3
125,15,304.097,214.536,2
125,16,273.999,232.897,2
125,17,281.816,674.357,1
125,18,303.964,259.962,2
125,19,670.175,798.312,1
125,20,256.879,237.331,2
125,21,458.807,475.407,1
125,22,571.7,222.616,2
125,23,721.128,219.327,3
125,24,422.779,438.761,2
125,25,578.813,349.403,3
125,26,248.855,676.517,1
125,27,773.259,657.49,1
125,28,449.532,763.629,1
125,29,216.553,389.482,2
125.5,0,723.177,496.452,3
125.5,1,356.838,458.2,2
125.5,2,583.133,787.368,1
125.5,3,695.333,293.767,3
125.5,4,224.943,640.999,2
125.5,5,626.115,268.658,3
125.5,6,758.903,400.673,3
125.5,7,217.831,737.699,1
125.5,8,386.913,243.418,2
125.5,9,203.234,610.084,2
125.5,10,724.321,611.079,3
125.5,11,605.988,288.6,3
125.5,12,438.84,746.254,1
125.5,13,266.838,567.751,2
125.5,14,591.848,426.413,3
125.5,15,303.602,215.952,2
125.5,16,273.115,231.685,2
125.5,17,282.84,673.261,1
125.5,18,305.288,260.668,2
125.5,19,671.675,798.309,1
125.5,20,255.4,237.582,2
125.5,21,458.598,476.893,2
125.5,22,572.995,223.374,3
125.5,23,719.638,219.497,3
125.5,24,421.653,437.77,2
125.5,25,579.404,348.024,3
125.5,26,249.551,675.188,2
125.5,27,774.759,657.485,3
125.5,28,449.719,765.117,1
125.5,29,215.197,390.122,2
126,0,724.575,495.909,3
126,1,356.399,459.634,2
126,2,581.636,787.285,1
126,3,694.42,292.577,3
126,4,226.186,640.16,2
126,5,624.769,269.321,3
126,6,758.688,399.188,3
126,7,216.384,737.301,2
126,8,386.088,244.671,2
126,9,204.038,611.35,2
126,10,722.972,610.423,1
126,11,604.734,289.423,3
126,12,439.044,744.768,1
126,13,265.445,568.309,2
126,14,592.197,427.872,3
126,15,303.106,217.368,2
126,16,272.23,230.474,2
126,17,283.864,672.164,2
126,18,306.611,261.375,2
126,19,673.175,798.307,1
126,20,253.921,237.833,2
126,21,458.39,478.378,2
126,22,574.289,224.132,2
126,23,718.148,219.667,3
126,24,420.528,436.778,2
126,25,579.995,346.646,3
126,26,250.246,673.859,2
126,27,776.259,657.479,3
126,28,449.906,766.606,1
126,29,213.841,390.763,2
126.5,0,725.973,495.367,3
126.5,1,355.96,461.069,2
126.5,2,580.138,787.202,1
126.5,3,693.506,291.387,3
126.5,4,227.429,639.32,2
126.5,5,623.424,269.984,3
126.5,6,758.472,397.704,3
126.5,7,214.938,736.903,2
126.5,8,385.263,245.924,2
126.5,9,204.842,612.616,2
126.5,10,721.623,609.766,3
126.5,11,603.479,290.245,3
126.5,12,439.249,743.282,1
126.5,13,264.053,568.867,2
126.5,14,592.545,429.331,3
126.5,15,302.61,218.783,2
126.5,16,271.346,229.262,2
126.5,17,284.887,671.068,2
126.5,18,307.934,262.081,2
126.5,19,674.675,798.304,1
126.5,20,252.442,238.084,2
126.5,21,458.181,479.863,2
126.5,22,575.584,224.89,3
126.5,23,716.657,219.837,3
126.5,24,419.403,435.786,2
126.5,25,580.586,345.267,3
126.5,26,250.942,672.53,2
126.5,27,777.759,657.474,3
126.5,28,450.093,768.094,1
126.5,29,212.484,391.404,2
127,0,727.372,494.824,3
127,1,355.522,462.503,2
127,2,578.64,787.119,1
127,3,692.593,290.197,3
127,4,228.673,638.481,1
127,5,622.078,270.647,3
127,6,758.257,396.22,3
127,7,213.492,736.505,2
127,8,384.438,247.177,2
127,9,205.646,613.883,1
127,10,720.275,609.11,1
127,11,602.225,291.067,3
127,12,439.453,741.796,1
127,13,262.661,569.425,2
127,14,592.894,430.79,3
127,15,302.114,220.199,2
127,16,270.462,228.05,2
127,17,285.911,669.972,2
127,18,309.257,262.788,2
127,19,676.175,798.301,1
127,20,250.963,238.334,2
127,21,457.972,481.349,3
127,22,576.878,225.647,2
127,23,715.167,220.007,3
127,24,418.278,434.794,2
127,25,581.177,343.888,3
127,26,251.637,671.201,2
127,27,779.259,657.468,1
127,28,450.281,769.582,1
127,29,211.128,392.045,2
127.5,0,728.77,494.281,3
127.5,1,355.083,463.938,2
127.5,2,577.143,787.036,1
127.5,3,691.68,289.008,3
127.5,4,229.916,637.642,1
127.5,5,620.733,271.309,3
127.5,6,758.041,394.735,3
127.5,7,212.045,736.108,1
127.5,8,383.613,248.429,2
127.5,9,206.451,615.149,1
127.5,10,718.926,608.454,1
127.5,11,600.97,291.89,3
127.5,12,439.657,740.31,1
127.5,13,261.268,569.984,1
127.5,14,593.243,432.249,3
127.5,15,301.619,221.615,2
127.5,16,269.578,226.839,2
127.5,17,286.935,668.876,1
127.5,18,310.58,263.495,2
127.5,19,677.675,798.299,1
127.5,20,249.484,238.585,2
127.5,21,457.763,482.834,1
127.5,22,578.173,226.405,3
127.5,23,713.677,220.177,3
127.5,24,417.152,433.802,2
127.5,25,581.767,342.51,3
127.5,26,252.333,669.872,1
127.5,27,780.759,657.463,1
127.5,28,450.468,771.071,1
127.5,29,209.772,392.686,2
128,0,730.168,493.738,3
128,1,354.644,465.372,2
128,2,575.645,786.953,1
128,3,690.766,287.818,3
128,4,231.159,636.802,1
128,5,619.387,271.972,3
128,6,757.826,393.251,3
128,7,210.599,735.71,1
128,8,382.789,249.682,2
128,9,207.255,616.415,1
128,10,717.577,607.797,1
128,11,599.716,292.712,3
128,12,439.861,738.823,1
128,13,259.876,570.542,1
128,14,593.591,433.708,3
128,15,301.123,223.031,2
128,16,268.693,225.627,2
128,17,287.959,667.779,1
128,18,311.903,264.201,2
128,19,679.175,798.296,1
128,20,248.005,238.836,2
128,21,457.555,484.32,1
128,22,579.467,227.163,2
128,23,712.186,220.347,3
128,24,416.027,432.811,2
128,25,582.358,341.131,3
128,26,253.028,668.543,1
128,27,782.259,657.458,1
128,28,450.655,772.559,1
128,29,208.416,393.326,2
128.5,0,731.567,493.195,3
128.5,1,354.206,466.806,2
128.5,2,574.147,786.87,1
128.5,3,689.853,286.628,3
128.5,4,232.402,635.963,2
128.5,5,618.042,272.635,3
128.5,6,757.61,391.766,3
128.5,7,209.153,735.312,1
128.5,8,381.964,250.935,2
128.5,9,208.059,617.681,2
128.5,10,716.228,607.141,3
128.5,11,598.461,293.534,3
128.5,12,440.065,737.337,1
128.5,13,258.484,571.1,2
128.5,14,593.94,435.166,3
128.5,15,300.627,224.446,2
128.5,16,267.809,224.415,2
128.5,17,288.983,666.683,1
128.5,18,313.227,264.908,2
128.5,19,680.675,798.294,1
128.5,20,246.526,239.086,2
128.5,21,457.346,485.805,2
128.5,22,580.762,227.921,3
128.5,23,710.696,220.517,3
128.5,24,414.902,431.819,2
128.5,25,582.949,339.752,3
128.5,26,253.724,667.214,1
128.5,27,783.759,657.452,3
128.5,28,450.842,774.047,1
128.5,29,207.059,393.967,2
129,0,732.965,492.653,3
129,1,353.767,468.241,2
129,2,572.649,786.788,1
129,3,688.939,285.438,3
129,4,233.645,635.123,2
129,5,616.696,273.298,3
129,6,757.394,390.282,3
129,7,207.707,734.914,1
129,8,381.139,252.188,2
129,9,208.863,618.947,2
129,10,714.88,606.485,3
129,11,597.207,294.357,3
129,12,440.269,735.851,1
129,13,257.092,571.658,2
129,14,594.288,436.625,3
129,15,300.131,225.862,2
129,16,266.925,223.204,2
129,17,290.006,665.587,1
129,18,314.55,265.614,2
129,19,682.175,798.291,1
129,20,245.047,239.337,2
129,21,457.137,487.29,2
129,22,582.056,228.678,3
129,23,709.206,220.687,3
129,24,413.776,430.827,2
129,25,583.54,338.373,3
129,26,254.42,665.885,2
129,27,785.259,657.447,3
129,28,451.029,775.535,1
129,29,205.703,394.608,2
129.5,0,734.363,492.11,3
129.5,1,353.328,469.675,2
129.5,2,571.152,786.705,1
129.5,3,688.026,284.248,3
129.5,4,234.888,634.284,1
129.5,5,615.35,273.961,3
129.5,6,757.179,388.797,3
129.5,7,206.26,734.516,1
129.5,8,380.314,253.441,2
129.5,9,209.668,620.213,1
129.5,10,713.531,605.828,3
129.5,11,595.952,295.179,3
129.5,12,440.474,734.365,1
129.5,13,255.699,572.216,2
129.5,14,594.637,438.084,2
129.5,15,299.635,227.278,2
129.5,16,266.04,221.992,2
129.5,17,291.03,664.491,1
129.5,18,315.873,266.321,2
129.5,19,683.675,798.289,1
129.5,20,243.568,239.588,2
129.5,21,456.928,488.776,1
129.5,22,583.351,229.436,2
129.5,23,707.715,220.857,3
129.5,24,412.651,429.835,2
129.5,25,584.131,336.995,2
129.5,26,255.115,664.556,2
129.5,27,786.759,657.441,3
129.5,28,451.216,777.024,1
129.5,29,204.347,395.249,2
130,0,735.762,491.567,3
130,1,352.89,471.11,2
130,2,569.654,786.622,1
130,3,687.113,283.058,3
130,4,236.132,633.445,1
130,5,614.005,274.624,3
130,6,756.963,387.313,3
130,7,204.814,734.118,2
130,8,379.489,254.694,2
130,9,210.472,621.48,1
130,10,712.182,605.172,1
130,11,594.698,296.001,3
130,12,440.678,732.879,1
130,13,254.307,572.775,2
130,14,594.986,439.543,3
130,15,299.14,228.693,2
130,16,265.156,220.781,2
130,17,292.054,663.394,2
130,18,317.196,267.028,2
130,19,685.175,798.286,1
130,20,242.09,239.839,2
130,21,456.72,490.261,1
130,22,584.645,230.194,3
130,23,706.225,221.027,3
130,24,411.526,428.843,2
130,25,584.721,335.616,3
130,26,255.811,663.227,1
130,27,788.259,657.436,1
130,28,451.403,778.512,1
130,29,202.991,395.89,2
130.5,0,737.16,491.024,3
130.5,1,352.451,472.544,2
130.5,2,568.156,786.539,1
130.5,3,686.199,281.868,3
130.5,4,237.375,632.605,1
130.5,5,612.659,275.287,3
130.5,6,756.748,385.829,3
130.5,7,203.368,733.721,2
130.5,8,378.664,255.946,2
130.5,9,211.276,622.746,1
130.5,10,710.833,604.515,1
130.5,11,593.443,296.823,3
130.5,12,440.882,731.393,1
130.5,13,252.915,573.333,2
130.5,14,595.334,441.002,3
130.5,15,298.644,230.109,2
130.5,16,264.272,219.569,2
130.5,17,293.078,662.298,2
130.5,18,318.519,267.734,2
130.5,19,686.675,798.284,1
130.5,20,240.611,240.089,2
130.5,21,456.511,491.747,1
130.5,22,585.94,230.952,3
130.5,23,704.735,221.197,3
130.5,24,410.4,427.851,2
130.5,25,585.312,334.237,3
130.5,26,256.506,661.898,2
130.5,27,789.759,657.43,1
130.5,28,451.59,780,1
130.5,29,201.634,396.53,2
131,0,738.558,490.481,3
131,1,352.012,473.978,2
131,2,566.659,786.456,1
131,3,685.286,280.679,3
131,4,238.618,631.766,2
131,5,611.314,275.95,3
131,6,756.532,384.344,3
131,7,201.922,733.323,1
131,8,377.839,257.199,2
131,9,212.081,624.012,2
131,10,709.484,603.859,3
131,11,592.189,297.646,3
131,12,441.086,729.907,1
131,13,251.523,573.891,2
131,14,595.683,442.461,3
131,15,298.148,231.525,2
131,16,263.388,218.357,2
131,17,294.102,661.202,1
131,18,319.842,268.441,2
131,19,688.175,798.281,1
131,20,239.132,240.34,2
131,21,456.302,493.232,2
131,22,587.234,231.709,3
131,23,703.244,221.367,3
131,24,409.275,426.86,2
131,25,585.903,332.858,3
131,26,257.202,660.569,2
131,27,791.259,657.425,3
131,28,451.777,781.489,1
131,29,201.84,397.362,2
131.5,0,739.957,489.939,3
131.5,1,351.573,475.413,2
131.5,2,565.161,786.373,1
131.5,3,684.373,279.489,3
131.5,4,239.861,630.927,1
131.5,5,609.968,276.613,3
131.5,6,756.317,382.86,3
131.5,7,201.326,733.74,1
131.5,8,377.014,258.452,2
131.5,9,212.885,625.278,1
131.5,10,708.136,603.203,1
131.5,11,590.934,298.468,3
131.5,12,441.29,728.421,1
131.5,13,250.13,574.449,2
131.5,14,596.031,443.92,3
131.5,15,297.652,232.94,2
131.5,16,262.503,217.146,2
131.5,17,295.126,660.105,1
131.5,18,321.165,269.147,2
131.5,19,689.675,798.279,1
131.5,20,237.653,240.591,2
131.5,21,456.093,494.717,1
131.5,22,588.529,232.467,3
131.5,23,701.754,221.537,3
131.5,24,408.15,425.868,2
131.5,25,586.494,331.48,3
131.5,26,257.897,659.24,1
131.5,27,792.759,657.419,1
131.5,28,451.964,782.977,1
131.5,29,202.742,398.561,2
132,0,741.355,489.396,3
132,1,351.135,476.847,2
132,2,563.663,786.29,1
132,3,683.459,278.299,3
132,4,241.104,630.087,1
132,5,608.623,277.276,3
132,6,756.101,381.375,3
132,7,201.327,735.24,1
132,8,376.19,259.705,2
132,9,213.689,626.544,1
132,10,706.787,602.546,1
132,11,589.68,299.29,3
132,12,441.494,726.935,1
132,13,248.738,575.007,2
132,14,596.38,445.379,3
132,15,297.157,234.356,2
132,16,261.619,215.934,2
132,17,296.149,659.009,1
132,18,322.489,269.854,2
132,19,691.175,798.276,1
132,20,236.174,240.841,2
132,21,455.885,496.203,1
132,22,589.823,233.225,3
132,23,700.264,221.707,3
132,24,407.025,424.876,2
132,25,587.085,330.101,3
132,26,258.593,657.911,1
132,27,794.259,657.414,1
132,28,452.151,784.465,1
132,29,203.644,399.76,2
132.5,0,742.753,488.853,3
132.5,1,350.696,478.282,2
132.5,2,562.165,786.208,1
132.5,3,682.546,277.109,3
132.5,4,242.347,629.248,2
132.5,5,607.277,277.939,3
132.5,6,755.886,379.891,3
132.5,7,201.329,736.74,1
132.5,8,375.365,260.958,2
132.5,9,214.493,627.81,2
132.5,10,705.438,601.89,1
132.5,11,588.425,300.113,3
132.5,12,441.699,725.449,1
132.5,13,247.346,575.565,2
132.5,14,596.729,446.838,3
132.5,15,296.661,235.772,2
132.5,16,260.735,214.722,2
132.5,17,297.173,657.913,1
132.5,18,323.812,270.561,2
132.5,19,692.675,798.273,1
132.5,20,234.695,241.092,2
132.5,21,455.676,497.688,2
132.5,22,591.118,233.983,3
132.5,23,698.773,221.877,3
132.5,24,405.899,423.884,2
132.5,25,587.676,328.722,3
132.5,26,259.288,656.582,1
132.5,27,795.759,657.408,1
132.5,28,452.338,785.953,1
132.5,29,204.545,400.959,2
133,0,744.152,488.31,3
133,1,350.257,479.716,2
133,2,560.668,786.125,1
133,3,681.632,275.919,3
133,4,243.591,628.408,2
133,5,605.932,278.602,3
133,6,755.67,378.406,3
133,7,201.331,738.24,2
133,8,374.54,262.21,2
133,9,215.298,629.077,2
133,10,704.089,601.234,3
133,11,587.171,300.935,3
133,12,441.903,723.963,1
133,13,245.953,576.124,2
133,14,597.077,448.297,3
133,15,296.165,237.188,2
133,16,259.85,213.511,2
133,17,298.197,656.817,2
133,18,325.135,271.267,2
133,19,694.175,798.271,1
133,20,233.216,241.343,2
133,21,455.467,499.174,2
133,22,592.412,234.741,3
133,23,697.283,222.047,3
133,24,404.774,422.892,2
133,25,588.266,327.343,3
133,26,259.984,655.253,2
133,27,797.259,657.403,3
133,28,452.526,787.442,1
133,29,205.447,402.157,2
133.5,0,745.55,487.767,3
133.5,1,349.819,481.151,2
133.5,2,559.17,786.042,1
133.5,3,680.719,274.729,3
133.5,4,244.834,627.569,2
133.5,5,604.586,279.265,3
133.5,6,755.454,376.922,3
133.5,7,201.333,739.74,2
133.5,8,373.715,263.463,2
133.5,9,216.102,630.343,2
133.5,10,702.741,600.577,3
133.5,11,585.916,301.757,3
133.5,12,442.107,722.477,1
133.5,13,244.561,576.682,2
133.5,14,597.426,449.756,3
133.5,15,295.669,238.603,2
133.5,16,258.966,212.299,2
133.5,17,299.221,655.72,2
133.5,18,326.458,271.974,2
133.5,19,695.675,798.268,1
133.5,20,231.737,241.594,2
133.5,21,455.258,500.659,2
133.5,22,593.707,235.498,3
133.5,23,695.792,222.217,3
133.5,24,403.649,421.901,2
133.5,25,588.857,325.965,3
133.5,26,260.679,653.924,2
133.5,27,798.675,657.398,3
133.5,28,452.713,788.93,1
133.5,29,206.348,403.356,2
134,0,746.948,487.224,3
134,1,349.38,482.585,2
134,2,557.672,785.959,1
134,3,679.806,273.539,3
134,4,246.077,626.73,1
134,5,603.24,279.927,3
134,6,755.239,375.438,3
134,7,201.335,741.24,1
134,8,372.89,264.716,2
134,9,216.906,631.609,1
134,10,701.392,599.921,1
134,11,584.662,302.58,3
134,12,442.311,720.991,1
134,13,243.169,577.24,2
134,14,597.774,451.215,3
134,15,295.174,240.019,2
134,16,258.082,211.088,2
134,17,300.245,654.624,1
134,18,327.781,272.68,2
134,19,697.175,798.266,1
134,20,230.258,241.844,2
134,21,455.05,502.145,1
134,22,595.001,236.256,3
134,23,694.302,222.387,3
134,24,402.523,420.909,2
134,25,589.448,324.586,3
134,26,261.375,652.595,1
134,27,797.398,657.264,1
134,28,452.9,790.418,1
134,29,207.25,404.555,2
134.5,0,748.347,486.682,3
134.5,1,348.941,484.019,2
134.5,2,556.175,785.876,1
134.5,3,678.892,272.35,3
134.5,4,247.32,625.89,1
134.5,5,601.895,280.59,3
134.5,6,755.023,373.953,3
134.5,7,201.337,742.74,1
134.5,8,372.065,265.969,2
134.5,9,217.71,632.875,1
134.5,10,700.043,599.265,3
134.5,11,583.407,303.402,3
134.5,12,442.515,719.505,1
134.5,13,241.777,577.798,2
134.5,14,598.123,452.674,3
134.5,15,294.678,241.435,2
134.5,16,257.198,209.876,2
134.5,17,301.268,653.528,1
134.5,18,329.104,273.387,2
134.5,19,698.675,798.263,1
134.5,20,228.779,242.095,2
134.5,21,454.841,503.63,1
134.5,22,596.296,237.014,3
134.5,23,692.812,222.558,3
134.5,24,401.398,419.917,2
134.5,25,590.039,323.207,3
134.5,26,262.07,651.266,1
134.5,27,795.906,657.107,3
134.5,28,453.087,791.907,1
134.5,29,208.151,405.754,2
135,0,749.745,486.139,3
135,1,348.503,485.454,2
135,2,554.677,785.793,1
135,3,677.979,271.16,3
135,4,248.563,625.051,2
135,5,600.549,281.253,3
135,6,754.808,372.469,3
135,7,201.339,744.24,1
135,8,371.24,267.222,2
135,9,218.515,634.141,2
135,10,698.694,598.608,3
135,11,582.153,304.224,3
135,12,442.72,718.019,1
135,13,240.384,578.356,2
135,14,598.471,454.133,3
135,15,294.182,242.85,2
135,16,256.313,208.664,2
135,17,302.292,652.432,1
135,18,330.428,274.093,2
135,19,700.175,798.261,1
135,20,227.301,242.346,2
135,21,454.632,505.115,2
135,22,597.59,237.772,3
135,23,691.321,222.728,3
135,24,400.273,418.925,2
135,25,590.63,321.828,3
135,26,262.766,649.937,2
135,27,794.415,656.95,3
135,28,453.274,793.395,1
135,29,209.053,406.953,2
135.5,0,751.143,485.596,3
135.5,1,348.064,486.888,2
135.5,2,553.179,785.71,1
135.5,3,677.066,269.97,3
135.5,4,249.806,624.212,2
135.5,5,599.204,281.916,3
135.5,6,754.592,370.984,3
135.5,7,201.34,745.74,1
135.5,8,370.415,268.475,2
135.5,9,219.319,635.407,2
135.5,10,697.345,597.952,1
135.5,11,580.898,305.047,3
135.5,12,442.924,716.533,1
135.5,13,238.992,578.915,2
135.5,14,598.82,455.592,3
135.5,15,293.686,244.266,2
135.5,16,255.429,207.453,2
135.5,17,303.316,651.335,1
135.5,18,331.751,274.8,2
135.5,19,701.675,798.258,1
135.5,20,225.822,242.596,2
135.5,21,454.423,506.601,2
135.5,22,598.885,238.529,3
135.5,23,689.831,222.898,3
135.5,24,399.147,417.933,2
135.5,25,591.22,320.45,3
135.5,26,263.461,648.608,1
135.5,27,792.923,656.794,1
135.5,28,453.461,794.883,1
135.5,29,209.955,408.151,2
136,0,752.542,485.053,3
136,1,347.625,488.323,2
136,2,551.681,785.628,1
136,3,676.152,268.78,3
136,4,251.05,623.372,2
136,5,597.858,282.579,3
136,6,754.377,369.5,3
136,7,201.342,747.24,1
136,8,369.591,269.727,2
136,9,220.123,636.674,2
136,10,695.997,597.295,3
136,11,579.644,305.869,3
136,12,443.128,715.047,1
136,13,237.6,579.473,2
136,14,599.169,457.05,3
136,15,293.191,245.682,2
136,16,254.545,206.241,2
136,17,304.34,650.239,1
136,18,333.074,275.507,2
136,19,703.175,798.256,1
136,20,224.343,242.847,2
136,21,454.215,508.086,2
136,22,600.18,239.287,3
136,23,688.341,223.068,3
136,24,398.022,416.941,2
136,25,591.811,319.071,3
136,26,264.157,647.279,1
136,27,791.431,656.637,3
136,28,453.648,796.371,1
136,29,210.856,409.35,2
136.5,0,753.94,484.51,3
136.5,1,347.187,489.757,2
136.5,2,550.184,785.545,1
136.5,3,675.239,267.59,3
136.5,4,252.293,622.533,2
136.5,5,596.513,283.242,3
136.5,6,754.161,368.015,3
136.5,7,201.344,748.74,2
136.5,8,368.766,270.98,2
136.5,9,220.927,637.94,2
136.5,10,694.648,596.639,3
136.5,11,578.389,306.691,3
136.5,12,443.332,713.561,1
136.5,13,236.208,580.031,2
136.5,14,599.517,458.509,3
136.5,15,292.695,247.098,2
136.5,16,253.66,205.029,2
136.5,17,305.364,649.143,2
136.5,18,334.397,276.213,2
136.5,19,704.675,798.253,1
136.5,20,222.864,243.098,2
136.5,21,454.006,509.572,2
136.5,22,601.474,240.045,3
136.5,23,686.85,223.238,3
136.5,24,396.897,415.95,2
136.5,25,592.402,317.692,3
136.5,26,264.852,645.95,2
136.5,27,789.939,656.48,3
136.5,28,453.835,797.86,1
136.5,29,211.758,410.549,2
137,0,755.338,483.968,3
137,1,346.748,491.191,2
137,2,548.686,785.462,1
137,3,674.325,266.4,3
137,4,253.536,621.694,2
137,5,595.167,283.905,3
137,6,753.946,366.531,3
137,7,201.346,750.24,2
137,8,367.941,272.233,2
137,9,221.732,639.206,2
137,10,693.299,595.983,3
137,11,577.135,307.514,3
137,12,443.536,712.075,1
137,13,234.815,580.589,2
137,14,599.866,459.968,3
137,15,292.199,248.513,2
137,16,252.776,203.818,2
137,17,306.387,648.046,2
137,18,335.72,276.92,2
137,19,706.175,798.251,1
137,20,221.385,243.349,2
137,21,453.797,511.057,2
137,22,602.769,240.803,3
137,23,685.36,223.408,3
137,24,395.772,414.958,2
137,25,592.993,316.313,3
137,26,265.548,644.621,2
137,27,788.447,656.324,3
137,28,453.924,798.297,1
137,29,212.659,411.748,2
137.5,0,756.737,483.425,3
137.5,1,346.309,492.626,2
137.5,2,547.188,785.379,1
137.5,3,673.412,265.211,3
137.5,4,254.779,620.854,1
137.5,5,593.821,284.568,3
137.5,6,753.73,365.047,3
137.5,7,201.348,751.74,1
137.5,8,367.116,273.486,2
137.5,9,222.536,640.472,1
137.5,10,691.95,595.326,3
137.5,11,575.88,308.336,3
137.5,12,443.74,710.589,1
137.5,13,233.423,581.147,2
137.5,14,600.214,461.427,3
137.5,15,291.703,249.929,2
137.5,16,251.892,202.606,2
137.5,17,307.411,646.95,1
137.5,18,337.043,277.626,2
137.5,19,707.675,798.248,1
137.5,20,219.906,243.599,2
137.5,21,453.588,512.542,1
137.5,22,604.063,241.56,3
137.5,23,683.87,223.578,3
137.5,24,394.646,413.966,2
137.5,25,593.584,314.935,3
137.5,26,266.243,643.292,1
137.5,27,786.956,656.167,3
137.5,28,453.868,796.798,1
137.5,29,213.561,412.947,2
138,0,758.135,482.882,3
138,1,345.87,494.06,2
138,2,545.691,785.296,1
138,3,672.499,264.021,3
138,4,256.022,620.015,2
138,5,592.476,285.231,3
138,6,753.515,363.562,3
138,7,201.35,753.24,2
138,8,366.291,274.739,2
138,9,223.34,641.738,2
138,10,690.602,594.67,3
138,11,574.626,309.158,3
138,12,443.945,709.103,1
138,13,232.031,581.705,2
138,14,600.563,462.886,3
138,15,291.207,251.345,2
138,16,251.007,201.395,2
138,17,308.435,645.854,2
138,18,338.366,278.333,2
138,19,709.175,798.245,1
138,20,218.427,243.85,2
138,21,453.38,514.028,2
138,22,605.358,242.318,3
138,23,682.379,223.748,3
138,24,393.521,412.974,2
138,25,594.175,313.556,3
138,26,266.939,641.963,2
138,27,785.464,656.01,3
138,28,453.813,795.299,1
138,29,214.462,414.146,2
138.5,0,759.533,482.339,3
138.5,1,345.432,495.495,2
138.5,2,544.193,785.213,1
138.5,3,671.585,262.831,3
138.5,4,257.265,619.175,1
138.5,5,591.13,285.894,3
138.5,6,753.299,362.078,3
138.5,7,201.352,754.74,1
138.5,8,365.466,275.992,2
138.5,9,224.144,643.004,1
138.5,10,689.253,594.014,1
138.5,11,573.371,309.981,3
138.5,12,444.149,707.617,1
138.5,13,230.638,582.264,1
138.5,14,600.912,464.345,3
138.5,15,290.712,252.76,2
138.5,16,250.6,202.38,2
138.5,17,309.459,644.758,1
138.5,18,339.69,279.04,2
138.5,19,710.675,798.243,1
138.5,20,216.948,244.101,2
138.5,21,453.171,515.513,1
138.5,22,606.652,243.076,3
138.5,23,680.889,223.918,3
138.5,24,392.396,411.982,2
138.5,25,594.765,312.177,3
138.5,26,267.634,640.634,1
138.5,27,783.972,655.854,1
138.5,28,453.758,793.8,1
138.5,29,215.364,415.344,2
139,0,760.932,481.796,3
139,1,344.993,496.929,2
139,2,542.695,785.13,1
139,3,670.672,261.641,3
139,4,258.509,618.336,2
139,5,589.785,286.557,3
139,6,753.083,360.593,3
139,7,201.353,756.24,2
139,8,364.641,277.244,2
139,9,224.949,644.271,2
139,10,687.904,593.357,3
139,11,572.117,310.803,3
139,12,444.353,706.131,1
139,13,229.246,582.822,2
139,14,601.26,465.804,3
139,15,290.216,254.176,2
139,16,250.12,203.801,2
139,17,310.483,643.661,2
139,18,341.013,279.746,2
139,19,712.175,798.24,1
139,20,215.469,244.351,2
139,21,452.962,516.999,2
139,22,607.947,243.834,3
139,23,679.399,224.088,3
139,24,391.27,410.991,2
139,25,595.356,310.798,3
139,26,268.33,639.305,2
139,27,782.48,655.697,3
139,28,453.702,792.301,1
139,29,216.266,416.543,2
139.5,0,762.33,481.254,3
139.5,1,344.554,498.364,2
139.5,2,541.198,785.048,1
139.5,3,669.759,260.451,3
139.5,4,259.752,617.497,2
139.5,5,588.439,287.22,3
139.5,6,752.868,359.109,3
139.5,7,201.355,757.74,2
139.5,8,363.816,278.497,2
139.5,9,225.753,645.537,2
139.5,10,686.555,592.701,1
139.5,11,570.862,311.625,3
139.5,12,444.557,704.645,1
139.5,13,227.854,583.38,2
139.5,14,601.609,467.263,3
139.5,15,289.72,255.592,2
139.5,16,249.64,205.222,2
139.5,17,311.506,642.565,2
139.5,18,342.336,280.453,2
139.5,19,713.675,798.238,1
139.5,20,213.99,244.602,2
139.5,21,452.754,518.484,2
139.5,22,609.241,244.592,3
139.5,23,677.908,224.258,3
139.5,24,390.145,409.999,2
139.5,25,595.947,309.42,3
139.5,26,269.025,637.976,2
139.5,27,780.988,655.54,1
139.5,28,453.647,790.802,1
139.5,29,217.167,417.742,2
140,0,763.728,480.711,3
140,1,344.116,499.798,2
140,2,539.7,784.965,1
140,3,668.845,259.261,3
140,4,260.995,616.657,2
140,5,587.094,287.882,3
140,6,752.652,357.624,3
140,7,201.357,759.24,1
140,8,362.992,279.75,2
140,9,226.557,646.803,1
140,10,685.206,592.045,3
140,11,569.608,312.448,3
140,12,444.761,703.159,1
140,13,226.462,583.938,2
140,14,601.957,468.722,3
140,15,289.224,257.007,2
140,16,249.16,206.643,2
140,17,312.53,641.469,2
140,18,343.659,281.159,2
140,19,715.175,798.235,1
140,20,212.512,244.853,2
140,21,452.545,519.969,1
140,22,610.536,245.349,3
140,23,676.418,224.428,3
140,24,389.02,409.007,2
140,25,596.538,308.041,3
140,26,269.721,636.647,2
140,27,779.497,655.383,1
140,28,453.592,789.303,1
140,29,218.069,418.941,2
140.5,0,765.127,480.168,3
140.5,1,343.677,501.232,2
140.5,2,538.202,784.882,1
140.5,3,667.932,258.071,3
140.5,4,262.238,615.818,2
140.5,5,585.748,288.545,3
140.5,6,752.437,356.14,3
140.5,7,201.359,760.74,1
140.5,8,362.167,281.003,2
140.5,9,227.361,648.069,2
140.5,10,683.858,591.388,3
140.5,11,568.353,313.27,3
140.5,12,444.966,701.673,1
140.5,13,225.069,584.496,2
140.5,14,602.306,470.181,3
140.5,15,288.729,258.423,2
140.5,16,248.68,208.064,2
140.5,17,313.554,640.372,2
140.5,18,344.982,281.866,2
140.5,19,716.675,798.233,1
140.5,20,211.033,245.104,2
140.5,21,452.336,521.455,2
140.5,22,611.83,246.107,3
140.5,23,674.928,224.598,3
140.5,24,387.894,408.015,2
140.5,25,597.129,306.662,3
140.5,26,270.416,635.318,2
140.5,27,778.005,655.227,3
140.5,28,453.536,787.804,1
140.5,29,218.97,420.14,2
141,0,766.525,479.625,3
141,1,343.238,502.667,2
141,2,536.704,784.799,1
141,3,667.018,256.882,3
141,4,263.481,614.979,2
141,5,584.403,289.208,3
141,6,752.221,354.655,3
141,7,201.361,762.24,2
141,8,361.342,282.256,2
141,9,228.166,649.335,2
141,10,682.509,590.732,3
141,11,567.099,314.092,3
141,12,445.17,700.186,1
141,13,223.677,585.055,2
141,14,602.655,471.64,3
141,15,288.233,259.839,2
141,16,248.2,209.486,2
141,17,314.578,639.276,2
141,18,346.305,282.572,2
141,19,718.175,798.23,1
141,20,209.554,245.354,2
141,21,452.127,522.94,2
141,22,613.125,246.865,3
141,23,673.437,224.768,3
141,24,386.769,407.023,2
141,25,597.719,305.283,3
141,26,271.112,633.989,2
141,27,776.513,655.07,3
141,28,453.481,786.305,1
141,29,219.872,421.338,2
141.5,0,767.924,479.082,3
141.5,1,342.8,504.101,2
141.5,2,535.207,784.716,1
141.5,3,666.105,255.692,3
141.5,4,264.724,614.139,2
141.5,5,583.057,289.871,3
141.5,6,752.006,353.171,3
141.5,7,201.363,763.74,2
141.5,8,360.517,283.509,2
141.5,9,228.97,650.601,2
141.5,10,681.16,590.075,3
141.5,11,565.844,314.915,3
141.5,12,445.374,698.7,1
141.5,13,222.285,585.613,2
141.5,14,603.003,473.099,3
141.5,15,287.737,261.255,2
141.5,16,247.72,210.907,2
141.5,17,315.602,638.18,2
141.5,18,347.628,283.279,2
141.5,19,719.675,798.228,1
141.5,20,208.075,245.605,2
141.5,21,451.919,524.426,2
141.5,22,614.419,247.623,3
141.5,23,671.947,224.938,3
141.5,24,385.644,406.032,2
141.5,25,598.31,303.905,3
141.5,26,271.807,632.66,2
141.5,27,775.021,654.913,3
141.5,28,453.426,784.806,1
141.5,29,220.774,422.537,2
142,0,769.322,478.54,3
142,1,342.361,505.536,2
142,2,533.709,784.633,1
142,3,665.192,254.502,3
142,4,265.968,613.3,2
142,5,581.711,290.534,3
142,6,751.79,351.687,3
142,7,201.364,765.24,1
142,8,359.692,284.761,2
142,9,229.774,651.868,2
142,10,679.811,589.419,1
142,11,564.59,315.737,3
142,12,445.578,697.214,1
142,13,220.892,586.171,2
142,14,603.352,474.558,3
142,15,287.241,262.67,2
142,16,247.24,212.328,2
142,17,316.625,637.084,1
142,18,348.952,283.986,2
142,19,721.175,798.225,1
142,20,206.596,245.856,2
142,21,451.71,525.911,2
142,22,615.714,248.38,3
142,23,670.457,225.108,3
142,24,384.518,405.04,2
142,25,598.901,302.526,3
142,26,272.503,631.331,2
142,27,773.529,654.757,1
142,28,453.37,783.307,1
142,29,221.675,423.736,2
142.5,0,770.72,477.997,3
142.5,1,341.922,506.97,2
142.5,2,532.211,784.55,1
142.5,3,664.278,253.312,3
142.5,4,267.211,612.46,1
142.5,5,580.366,291.197,3
142.5,6,751.575,350.202,3
142.5,7,201.366,766.74,1
142.5,8,358.867,286.014,2
142.5,9,230.578,653.134,1
142.5,10,678.463,588.763,3
142.5,11,563.335,316.559,3
142.5,12,445.782,695.728,1
142.5,13,219.5,586.729,2
142.5,14,603.7,476.017,3
142.5,15,286.746,264.086,2
142.5,16,246.76,213.749,2
142.5,17,317.649,635.987,1
142.5,18,350.275,284.692,2
142.5,19,722.675,798.222,1
142.5,20,205.117,246.106,2
142.5,21,451.501,527.396,1
142.5,22,617.008,249.138,3
142.5,23,668.966,225.278,3
142.5,24,383.393,404.048,2
142.5,25,599.492,301.147,3
142.5,26,273.198,630.002,1
142.5,27,772.038,654.6,3
142.5,28,453.315,781.808,1
142.5,29,222.577,424.935,2
143,0,772.119,477.454,3
143,1,341.484,508.404,2
143,2,530.714,784.468,1
143,3,663.365,252.122,3
143,4,268.454,611.621,2
143,5,579.02,291.86,3
143,6,751.359,348.718,3
143,7,201.368,768.24,1
143,8,358.042,287.267,2
143,9,231.383,654.4,1
143,10,677.114,588.106,1
143,11,562.081,317.382,3
143,12,445.986,694.242,1
143,13,218.108,587.287,2
143,14,604.049,477.476,3
143,15,286.25,265.502,2
143,16,246.28,215.17,2
143,17,318.673,634.891,1
143,18,351.598,285.399,2
143,19,724.175,798.22,1
143,20,203.638,246.357,2
143,21,451.292,528.882,1
143,22,618.303,249.896,3
143,23,667.476,225.448,3
143,24,382.268,403.056,2
143,25,600.083,299.768,3
143,26,273.894,628.673,1
143,27,770.546,654.443,1
143,28,453.259,780.309,1
143,29,223.478,426.134,2
143.5,0,773.517,476.911,3
143.5,1,341.045,509.839,2
143.5,2,529.216,784.385,1
143.5,3,662.452,250.932,3
143.5,4,269.697,610.782,2
143.5,5,577.675,292.523,3
143.5,6,751.143,347.233,3
143.5,7,201.37,769.74,1
143.5,8,357.217,288.52,2
143.5,9,232.187,655.666,1
143.5,10,675.765,587.45,3
143.5,11,560.826,318.204,2
143.5,12,446.191,692.756,1
143.5,13,216.716,587.845,2
143.5,14,604.397,478.934,3
143.5,15,285.754,266.917,2
143.5,16,245.8,216.591,2
143.5,17,319.697,633.795,1
143.5,18,352.921,286.105,2
143.5,19,725.675,798.217,1
143.5,20,202.159,246.608,2
143.5,21,451.084,530.367,1
143.5,22,619.597,250.654,3
143.5,23,665.986,225.618,3
143.5,24,381.143,402.064,2
143.5,25,600.674,298.39,3
143.5,26,274.589,627.344,1
143.5,27,769.054,654.287,3
143.5,28,453.204,778.81,1
143.5,29,224.38,427.332,2
144,0,774.915,476.368,3
144,1,340.606,511.273,1
144,2,527.718,784.302,1
144,3,661.538,249.742,3
144,4,270.94,609.942,2
144,5,576.329,293.186,3
144,6,750.928,345.749,3
144,7,201.372,771.24,1
144,8,356.393,289.773,2
144,9,232.991,656.932,2
144,10,674.416,586.794,3
144,11,559.572,319.026,3
144,12,446.395,691.27,1
144,13,215.323,588.404,1
144,14,604.746,480.393,3
144,15,285.258,268.333,2
144,16,245.32,218.012,2
144,17,320.721,632.699,1
144,18,354.244,286.812,2
144,19,727.175,798.215,1
144,20,201.663,246.644,2
144,21,450.875,531.853,2
144,22,620.892,251.411,3
144,23,664.495,225.788,3
144,24,380.017,401.072,2
144,25,601.264,297.011,3
144,26,275.285,626.015,2
144,27,767.562,654.13,3
144,28,453.149,777.311,1
144,29,225.281,428.531,2
144.5,0,776.314,475.826,3
144.5,1,340.168,512.708,2
144.5,2,526.22,784.219,1
144.5,3,660.625,248.553,3
144.5,4,272.183,609.103,1
144.5,5,574.984,293.849,3
144.5,6,750.712,344.264,3
144.5,7,201.374,772.74,1
144.5,8,355.568,291.026,2
144.5,9,233.795,658.198,1
144.5,10,673.068,586.137,1
144.5,11,558.317,319.848,3
144.5,12,446.599,689.784,1
144.5,13,213.931,588.962,2
144.5,14,605.095,481.852,3
144.5,15,284.763,269.749,2
144.5,16,244.839,219.433,2
144.5,17,321.744,631.602,2
144.5,18,355.567,287.519,2
144.5,19,728.675,798.212,1
144.5,20,203.095,246.199,2
144.5,21,450.666,533.338,1
144.5,22,622.186,252.169,3
144.5,23,663.005,225.958,3
144.5,24,378.892,400.081,2
144.5,25,601.855,295.632,3
144.5,26,275.98,624.686,1
144.5,27,766.07,653.973,1
144.5,28,453.093,775.813,1
144.5,29,226.183,429.73,2
145,0,777.712,475.283,3
145,1,339.729,514.142,2
145,2,524.723,784.136,1
145,3,659.711,247.363,3
145,4,273.427,608.264,2
145,5,573.638,294.512,3
145,6,750.497,342.78,3
145,7,201.376,774.24,1
145,8,354.743,292.278,2
145,9,234.6,659.465,2
145,10,671.719,585.481,3
145,11,557.063,320.671,2
145,12,446.803,688.298,1
145,13,212.539,589.52,2
145,14,605.443,483.311,3
145,15,284.267,271.164,2
145,16,244.359,220.854,2
145,17,322.768,630.506,2
145,18,356.891,288.225,2
145,19,730.175,798.21,1
145,20,204.527,245.754,2
145,21,450.457,534.823,2
145,22,623.481,252.927,3
145,23,661.515,226.128,3
145,24,377.767,399.089,2
145,25,602.446,294.253,3
145,26,276.676,623.357,2
145,27,764.579,653.817,3
145,28,453.038,774.314,1
145,29,227.085,430.929,2
145.5,0,779.11,474.74,3
145.5,1,339.29,515.577,2
145.5,2,523.225,784.053,1
145.5,3,658.798,246.173,3
145.5,4,274.67,607.424,2
145.5,5,572.292,295.175,3
145.5,6,750.281,341.296,3
145.5,7,201.377,775.74,2
145.5,8,353.918,293.531,2
145.5,9,235.404,660.731,2
145.5,10,670.37,584.825,3
145.5,11,555.808,321.493,3
145.5,12,447.007,686.812,1
145.5,13,211.147,590.078,2
145.5,14,605.792,484.77,3
145.5,15,283.771,272.58,2
145.5,16,243.879,222.275,2
145.5,17,323.792,629.41,2
145.5,18,358.214,288.932,2
145.5,19,731.675,798.207,1
145.5,20,205.96,245.309,2
145.5,21,450.249,536.309,2
145.5,22,624.775,253.685,3
145.5,23,660.024,226.298,3
145.5,24,376.641,398.097,2
145.5,25,603.037,292.875,3
145.5,26,277.371,622.028,2
145.5,27,763.087,653.66,3
145.5,28,452.983,772.815,1
145.5,29,227.986,432.128,2
146,0,780.509,474.197,3
146,1,338.851,517.011,2
146,2,521.727,783.97,1
146,3,657.885,244.983,3
146,4,275.913,606.585,2
146,5,570.947,295.838,3
146,6,750.066,339.811,3
146,7,201.379,777.24,1
146,8,353.093,294.784,2
146,9,236.208,661.997,1
146,10,669.021,584.168,1
146,11,554.554,322.315,3
146,12,447.211,685.326,1
146,13,209.754,590.636,2
146,14,606.14,486.229,3
146,15,283.275,273.996,2
146,16,243.399,223.697,2
146,17,324.816,628.313,1
146,18,359.537,289.638,2
146,19,733.175,798.205,1
146,20,207.392,244.863,2
146,21,450.04,537.794,1
146,22,626.07,254.442,3
146,23,658.534,226.468,3
146,24,375.516,397.105,2
146,25,603.628,291.496,3
146,26,278.067,620.699,2
146,27,761.595,653.503,1
146,28,452.927,771.316,1
146,29,228.888,433.327,2
146.5,0,781.907,473.654,3
146.5,1,338.413,518.445,2
146.5,2,520.23,783.888,1
146.5,3,656.971,243.793,3
146.5,4,277.156,605.746,2
146.5,5,569.601,296.5,3
146.5,6,749.85,338.327,3
146.5,7,201.381,778.74,1
146.5,8,352.268,296.037,2
146.5,9,237.012,663.263,1
146.5,10,667.672,583.512,3
146.5,11,553.299,323.138,3
146.5,12,447.416,683.84,1
146.5,13,208.362,591.195,2
146.5,14,606.489,487.688,3
146.5,15,282.779,275.412,2
146.5,16,242.919,225.118,2
146.5,17,325.84,627.217,1
146.5,18,360.86,290.345,2
146.5,19,734.675,798.202,1
146.5,20,208.825,244.418,2
146.5,21,449.831,539.28,1
146.5,22,627.364,255.2,3
146.5,23,657.044,226.638,3
146.5,24,374.391,396.113,2
146.5,25,604.218,290.117,3
146.5,26,278.762,619.37,1
146.5,27,760.103,653.347,3
146.5,28,452.872,769.817,1
146.5,29,229.789,434.525,2
147,0,783.305,473.111,3
147,1,337.974,519.88,2
147,2,518.732,783.805,1
147,3,656.058,242.603,3
147,4,278.399,604.906,2
147,5,568.256,297.163,3
147,6,749.635,336.842,3
147,7,201.383,780.24,1
147,8,351.443,297.29,2
147,9,237.817,664.529,2
147,10,666.324,582.856,3
147,11,552.045,323.96,3
147,12,447.62,682.354,1
147,13,206.97,591.753,2
147,14,606.838,489.147,3
147,15,282.284,276.827,2
147,16,242.439,226.539,2
147,17,326.864,626.121,1
147,18,362.183,291.052,2
147,19,736.175,798.2,1
147,20,210.257,243.973,2
147,21,449.622,540.765,2
147,22,628.659,255.958,3
147,23,655.553,226.808,3
147,24,373.265,395.122,2
147,25,604.809,288.739,3
147,26,279.458,618.041,2
147,27,758.611,653.19,3
147,28,452.817,768.318,1
147,29,230.691,435.724,2
147.5,0,784.704,472.569,3
147.5,1,337.535,521.314,2
147.5,2,517.234,783.722,1
147.5,3,655.145,241.414,3
147.5,4,279.642,604.067,2
147.5,5,566.91,297.826,3
147.5,6,749.419,335.358,3
147.5,7,201.385,781.74,1
147.5,8,350.618,298.543,2
147.5,9,238.621,665.795,1
147.5,10,664.975,582.199,3
147.5,11,550.79,324.782,3
147.5,12,447.824,680.868,1
147.5,13,205.577,592.311,2
147.5,14,607.186,490.606,3
147.5,15,281.788,278.243,2
147.5,16,241.959,227.96,2
147.5,17,327.887,625.025,1
147.5,18,363.506,291.758,2
147.5,19,737.675,798.197,1
147.5,20,211.689,243.527,2
147.5,21,449.414,542.25,1
147.5,22,629.954,256.716,3
147.5,23,654.063,226.978,3
147.5,24,372.14,394.13,2
147.5,25,605.4,287.36,3
147.5,26,280.153,616.712,2
147.5,27,757.12,653.033,3
147.5,28,452.761,766.819,1
147.5,29,231.593,436.923,2
148,0,786.102,472.026,3
148,1,337.097,522.749,2
148,2,515.736,783.639,1
148,3,654.231,240.224,3
148,4,280.886,603.227,1
148,5,565.565,298.489,3
148,6,749.203,333.873,3
148,7,201.387,783.24,2
148,8,349.794,299.795,2
148,9,239.425,667.062,1
148,10,663.626,581.543,3
148,11,549.536,325.605,3
148,12,448.028,679.382,1
148,13,204.185,592.869,2
148,14,607.535,492.065,3
148,15,281.292,279.659,2
148,16,241.479,229.381,2
148,17,328.911,623.928,2
148,18,364.829,292.465,2
148,19,739.175,798.194,1
148,20,213.122,243.082,2
148,21,449.205,543.736,1
148,22,631.248,257.474,3
148,23,652.573,227.148,3
148,24,371.015,393.138,2
148,25,605.991,285.981,3
148,26,280.849,615.383,1
148,27,755.628,652.876,3
148,28,452.706,765.32,1
148,29,232.494,438.122,2
148.5,0,787.5,471.483,3
148.5,1,336.658,524.183,1
148.5,2,514.239,783.556,1
148.5,3,653.318,239.034,3
148.5,4,282.129,602.388,1
148.5,5,564.219,299.152,3
148.5,6,748.988,332.389,3
148.5,7,201.389,784.74,1
148.5,8,348.969,301.048,2
148.5,9,240.229,668.328,1
148.5,10,662.277,580.886,3
148.5,11,548.281,326.427,3
148.5,12,448.232,677.896,1
148.5,13,202.793,593.427,2
148.5,14,607.883,493.524,3
148.5,15,280.796,281.074,2
148.5,16,240.999,230.802,2
148.5,17,329.935,622.832,1
148.5,18,366.153,293.171,2
148.5,19,740.675,798.192,1
148.5,20,214.554,242.637,2
148.5,21,448.996,545.221,1
148.5,22,632.543,258.231,3
148.5,23,651.082,227.318,3
148.5,24,369.89,392.146,2
148.5,25,606.582,284.602,3
148.5,26,281.544,614.054,1
148.5,27,754.136,652.72,3
148.5,28,452.651,763.821,1
148.5,29,233.396,439.321,2
149,0,788.899,470.94,3
149,1,336.219,525.617,2
149,2,512.741,783.473,1
149,3,652.404,237.844,3
149,4,283.372,601.549,2
149,5,562.874,299.815,3
149,6,748.772,330.905,3
149,7,201.39,786.24,1
149,8,348.144,302.301,2
149,9,241.034,669.594,1
149,10,660.929,580.23,3
149,11,547.027,327.249,3
149,12,448.437,676.41,1
149,13,201.401,593.985,2
149,14,608.232,494.983,3
149,15,280.301,282.49,2
149,16,240.519,232.223,2
149,17,330.959,621.736,1
149,18,367.476,293.878,2
149,19,742.175,798.189,1
149,20,215.987,242.192,2
149,21,448.787,546.707,1
149,22,633.837,258.989,3
149,23,649.592,227.488,3
149,24,368.764,391.154,2
149,25,607.173,283.224,3
149,26,282.24,612.725,1
149,27,752.644,652.563,3
149,28,452.595,762.322,1
149,29,234.297,440.519,2
149.5,0,790.297,470.397,3
149.5,1,335.781,527.052,1
149.5,2,511.243,783.39,1
149.5,3,651.491,236.654,3
149.5,4,284.615,600.709,1
149.5,5,561.528,300.478,3
149.5,6,748.557,329.42,3
149.5,7,201.392,787.74,1
149.5,8,347.319,303.554,2
149.5,9,241.838,670.86,1
149.5,10,659.58,579.574,1
149.5,11,545.772,328.072,3
149.5,12,448.641,674.924,1
149.5,13,202.443,594.039,1
149.5,14,608.581,496.442,3
149.5,15,279.805,283.906,2
149.5,16,240.039,233.644,2
149.5,17,331.983,620.64,1
149.5,18,368.799,294.584,2
149.5,19,743.675,798.187,1
149.5,20,217.419,241.746,2
149.5,21,448.579,548.192,1
149.5,22,635.132,259.747,3
149.5,23,648.102,227.658,3
149.5,24,367.639,390.163,2
149.5,25,607.763,281.845,3
149.5,26,282.935,611.396,1
149.5,27,751.152,652.406,1
149.5,28,452.54,760.823,1
149.5,29,235.199,441.718,2
150,0,791.695,469.855,3
150,1,335.342,528.486,2
150,2,509.746,783.308,1
150,3,650.578,235.464,3
150,4,285.858,599.87,2
150,5,560.182,301.141,3
150,6,748.341,327.936,3
150,7,201.394,789.24,2
150,8,346.494,304.807,2
150,9,242.642,672.126,2
150,10,658.231,578.917,1
150,11,544.518,328.894,2
150,12,448.845,673.438,1
150,13,203.943,594.071,2
150,14,608.929,497.901,3
150,15,279.309,285.322,2
150,16,239.559,235.065,2
150,17,333.006,619.543,2
150,18,370.122,295.291,2
150,19,745.175,798.184,3
150,20,218.851,241.301,2
150,21,448.37,549.677,2
150,22,636.426,260.505,3
150,23,646.611,227.828,3
150,24,366.514,389.171,2
150,25,608.354,280.466,3
150,26,283.631,610.067,2
150,27,749.661,652.25,1
150,28,452.484,759.324,1
150,29,236.1,442.917,2
150.5,0,793.094,469.312,3
150.5,1,334.903,529.921,2
150.5,2,508.248,783.225,1
150.5,3,649.664,234.274,3
150.5,4,287.101,599.031,2
150.5,5,558.837,301.804,3
150.5,6,748.126,326.451,3
150.5,7,201.396,790.74,2
150.5,8,345.669,306.059,2
150.5,9,243.446,673.392,2
150.5,10,656.882,578.261,3
150.5,11,543.263,329.716,3
150.5,12,449.049,671.952,1
150.5,13,205.442,594.103,2
150.5,14,609.278,499.36,3
150.5,15,278.813,286.737,2
150.5,16,239.079,236.487,2
150.5,17,334.03,618.447,2
150.5,18,371.445,295.998,2
150.5,19,746.675,798.182,1
150.5,20,220.284,240.856,2
150.5,21,448.161,551.163,2
150.5,22,637.721,261.262,3
150.5,23,645.121,227.998,3
150.5,24,365.388,388.179,2
150.5,25,608.945,279.087,3
150.5,26,284.326,608.738,2
150.5,27,748.169,652.093,1
150.5,28,452.429,757.825,1
150.5,29,237.002,444.116,2
151,0,794.492,468.769,3
151,1,334.465,531.355,2
151,2,506.75,783.142,1
151,3,648.751,233.085,3
151,4,288.345,598.191,1
151,5,557.491,302.467,3
151,6,747.91,324.967,3
151,7,201.398,792.24,1
151,8,344.844,307.312,2
151,9,244.251,674.659,1
151,10,655.533,577.605,3
151,11,542.009,330.539,3
151,12,449.253,670.466,1
151,13,206.942,594.135,2
151,14,609.626,500.818,3
151,15,278.318,288.153,2
151,16,238.599,237.908,2
151,17,335.054,617.351,2
151,18,372.768,296.704,2
151,19,748.175,798.179,1
151,20,221.716,240.411,2
151,21,447.952,552.648,2
151,22,639.015,262.02,3
151,23,643.631,228.168,3
151,24,364.263,387.187,2
151,25,609.536,277.709,3
151,26,285.022,607.409,1
151,27,746.677,651.936,3
151,28,452.374,756.326,1
151,29,237.904,445.315,2
151.5,0,795.89,468.226,3
151.5,1,334.026,532.79,2
151.5,2,505.252,783.059,1
151.5,3,647.837,231.895,3
151.5,4,289.588,597.352,2
151.5,5,556.146,303.13,3
151.5,6,747.695,323.482,3
151.5,7,201.4,793.74,2
151.5,8,344.019,308.565,2
151.5,9,245.055,675.925,2
151.5,10,654.185,576.948,3
151.5,11,540.754,331.361,3
151.5,12,449.457,668.98,1
151.5,13,208.442,594.166,2
151.5,14,609.975,502.277,3
151.5,15,277.822,289.569,2
151.5,16,238.119,239.329,2
151.5,17,336.078,616.254,1
151.5,18,374.092,297.411,2
151.5,19,749.675,798.177,1
151.5,20,223.149,239.965,2
151.5,21,447.744,554.134,1
151.5,22,640.31,262.778,3
151.5,23,642.14,228.338,3
151.5,24,363.138,386.195,2
151.5,25,610.127,276.33,3
151.5,26,285.717,606.08,2
151.5,27,745.185,651.78,3
151.5,28,452.318,754.827,1
151.5,29,238.805,446.513,2
152,0,797.289,467.683,3
152,1,333.587,534.224,2
152,2,503.755,782.976,1
152,3,646.924,230.705,3
152,4,290.831,596.512,2
152,5,554.8,303.793,3
152,6,747.479,321.998,3
152,7,201.402,795.24,2
152,8,343.195,309.818,2
152,9,245.859,677.191,2
152,10,652.836,576.292,3
152,11,539.5,332.183,3
152,12,449.662,667.494,1
152,13,209.941,594.198,2
152,14,610.323,503.736,3
152,15,277.326,290.984,2
152,16,237.639,240.75,2
152,17,337.102,615.158,1
152,18,375.415,298.117,2
152,19,751.175,798.174,1
152,20,224.581,239.52,2
152,21,447.535,555.619,1
152,22,641.604,263.536,3
152,23,640.65,228.508,3
152,24,362.012,385.203,2
152,25,610.717,274.951,3
152,26,286.413,604.751,2
152,27,743.694,651.623,3
152,28,452.263,753.328,1
152,29,239.707,447.712,2
152.5,0,798.675,467.145,3
152.5,1,333.148,535.658,2
152.5,2,502.257,782.893,1
152.5,3,646.011,229.515,3
152.5,4,292.074,595.673,1
152.5,5,553.455,304.455,2
152.5,6,747.263,320.514,3
152.5,7,201.403,796.74,1
152.5,8,342.37,311.071,2
152.5,9,246.663,678.457,1
152.5,10,651.487,575.636,1
152.5,11,538.245,333.006,2
152.5,12,449.866,666.008,1
152.5,13,211.441,594.23,2
152.5,14,610.672,505.195,1
152.5,15,276.83,292.4,2
152.5,16,237.159,242.171,2
152.5,17,338.125,614.062,1
152.5,18,376.738,298.824,2
152.5,19,752.675,798.172,1
152.5,20,226.013,239.075,2
152.5,21,447.326,557.104,1
152.5,22,642.899,264.293,3
152.5,23,639.16,228.678,3
152.5,24,360.887,384.212,2
152.5,25,611.308,273.572,3
152.5,26,287.108,603.422,1
152.5,27,742.202,651.466,1
152.5,28,452.208,751.829,1
152.5,29,240.608,448.911,2
153,0,797.989,466.145,3
153,1,332.71,537.093,2
153,2,500.759,782.81,1
153,3,645.097,228.325,3
153,4,293.317,594.834,1
153,5,552.109,305.118,3
153,6,747.048,319.029,3
153,7,201.405,798.24,1
153,8,341.545,312.324,2
153,9,247.468,679.723,1
153,10,650.138,574.979,3
153,11,536.991,333.828,3
153,12,450.07,664.522,1
153,13,212.941,594.262,2
153,14,611.021,506.654,3
153,15,276.335,293.816,2
153,16,236.678,243.592,2
153,17,339.149,612.966,1
153,18,378.061,299.531,2
153,19,754.175,798.169,1
153,20,227.446,238.63,2
153,21,447.117,558.59,1
153,22,644.193,265.051,3
153,23,637.669,228.848,3
153,24,359.762,383.22,2
153,25,611.899,272.194,3
153,26,287.804,602.093,1
153,27,740.71,651.31,3
153,28,452.152,750.33,1
153,29,241.51,450.11,2
153.5,0,797.141,464.908,3
153.5,1,332.271,538.527,2
153.5,2,499.262,782.728,1
153.5,3,644.184,227.135,3
153.5,4,294.56,593.994,1
153.5,5,550.763,305.781,3
153.5,6,746.832,317.545,3
153.5,7,201.38,798.675,1
153.5,8,340.72,313.576,2
153.5,9,248.272,680.989,1
153.5,10,648.79,574.323,3
153.5,11,535.736,334.65,3
153.5,12,450.274,663.036,1
153.5,13,214.44,594.293,2
153.5,14,611.369,508.113,3
153.5,15,275.839,295.231,2
153.5,16,236.198,245.013,2
153.5,17,340.173,611.869,1
153.5,18,379.384,300.237,2
153.5,19,755.675,798.166,1
153.5,20,228.878,238.184,2
153.5,21,446.909,560.075,1
153.5,22,645.488,265.809,3
153.5,23,636.179,229.018,3
153.5,24,358.637,382.228,2
153.5,25,612.49,270.815,3
153.5,26,288.499,600.763,1
153.5,27,739.218,651.153,3
153.5,28,452.097,748.831,1
153.5,29,242.411,451.309,2
154,0,796.293,463.67,3
154,1,331.832,539.962,1
154,2,497.764,782.645,1
154,3,643.271,225.945,3
154,4,295.804,593.155,2
154,5,549.418,306.444,3
154,6,746.617,316.06,3
154,7,201.82,797.619,1
154,8,339.895,314.829,2
154,9,249.076,682.256,1
154,10,647.441,573.666,3
154,11,534.482,335.473,3
154,12,450.478,661.549,1
154,13,215.94,594.325,1
154,14,611.718,509.572,3
154,15,275.343,296.647,2
154,16,235.718,246.434,2
154,17,341.197,610.773,1
154,18,380.707,300.944,2
154,19,757.175,798.164,1
154,20,230.31,237.739,2
154,21,446.7,561.561,1
154,22,646.782,266.567,3
154,23,634.689,229.188,3
154,24,357.511,381.236,2
154,25,613.081,269.436,3
154,26,289.195,599.434,2
154,27,737.726,650.996,1
154,28,452.042,747.332,1
154,29,243.313,452.508,2
154.5,0,795.445,462.433,3
154.5,1,331.394,541.396,1
154.5,2,496.266,782.562,1
154.5,3,642.357,224.756,3
154.5,4,297.047,592.316,1
154.5,5,548.072,307.107,3
154.5,6,746.401,314.576,3
154.5,7,202.475,796.27,1
154.5,8,339.07,316.082,2
154.5,9,249.88,683.522,1
154.5,10,646.092,573.01,1
154.5,11,533.227,336.295,3
154.5,12,450.682,660.063,1
154.5,13,217.44,594.357,1
154.5,14,612.066,511.031,3
154.5,15,274.847,298.063,2
154.5,16,235.238,247.855,2
154.5,17,342.221,609.677,1
154.5,18,382.03,301.65,2
154.5,19,758.675,798.161,1
154.5,20,231.743,237.294,2
154.5,21,446.491,563.046,1
154.5,22,648.077,267.325,3
154.5,23,633.198,229.358,3
154.5,24,356.386,380.244,2
154.5,25,613.672,268.057,3
154.5,26,289.89,598.105,1
154.5,27,736.235,650.84,1
154.5,28,451.986,745.833,1
154.5,29,244.215,453.706,2
155,0,794.597,461.196,3
155,1,330.955,542.83,2
155,2,494.769,782.479,1
155,3,641.444,223.566,3
155,4,298.29,591.476,2
155,5,546.727,307.77,2
155,6,746.186,313.091,3
155,7,203.131,794.921,1
155,8,338.245,317.335,2
155,9,250.685,684.788,2
155,10,644.743,572.354,1
155,11,531.973,337.117,2
155,12,450.887,658.577,1
155,13,218.939,594.388,2
155,14,612.415,512.49,1
155,15,274.351,299.479,2
155,16,234.758,249.277,2
155,17,343.244,608.58,2
155,18,383.354,302.357,2
155,19,760.175,798.159,1
155,20,233.175,236.849,2
155,21,446.282,564.531,2
155,22,649.371,268.082,3
155,23,631.708,229.528,3
155,24,355.261,379.253,2
155,25,614.262,266.679,3
155,26,290.586,596.776,2
155,27,734.743,650.683,1
155,28,451.931,744.334,1
155,29,245.116,454.905,2
155.5,0,793.749,459.959,3
155.5,1,330.516,544.265,2
155.5,2,493.271,782.396,1
155.5,3,640.53,222.376,3
155.5,4,299.533,590.637,2
155.5,5,545.381,308.433,3
155.5,6,745.97,311.607,3
155.5,7,203.787,793.571,2
155.5,8,337.42,318.588,2
155.5,9,251.489,686.054,2
155.5,10,643.395,571.697,1
155.5,11,530.718,337.94,2
155.5,12,451.091,657.091,1
155.5,13,220.439,594.42,2
155.5,14,612.764,513.949,3
155.5,15,273.856,300.894,2
155.5,16,234.278,250.698,2
155.5,17,344.268,607.484,2
155.5,18,384.677,303.064,2
155.5,19,761.675,798.156,3
155.5,20,234.608,236.403,2
155.5,21,446.074,566.017,2
155.5,22,650.666,268.84,3
155.5,23,630.218,229.698,3
155.5,24,354.135,378.261,2
155.5,25,614.853,265.3,3
155.5,26,291.281,595.447,2
155.5,27,733.251,650.526,1
155.5,28,451.876,742.835,1
155.5,29,246.018,456.104,2
156,0,792.901,458.721,3
156,1,330.078,545.699,1
156,2,491.773,782.313,1
156,3,639.617,221.186,3
156,4,300.776,589.798,1
156,5,544.036,309.096,3
156,6,745.755,310.123,3
156,7,204.442,792.222,1
156,8,336.596,319.841,2
156,9,252.293,687.32,1
156,10,642.046,571.041,3
156,11,529.464,338.762,3
156,12,451.295,655.605,1
156,13,221.939,594.452,1
156,14,613.112,515.408,3
156,15,273.36,302.31,2
156,16,233.798,252.119,2
156,17,345.292,606.388,1
156,18,386,303.77,2
156,19,763.175,798.154,1
156,20,236.04,235.958,2
156,21,445.865,567.502,1
156,22,651.96,269.598,3
156,23,628.727,229.868,3
156,24,353.01,377.269,2
156,25,615.444,263.921,3
156,26,291.977,594.118,1
156,27,731.759,650.369,3
156,28,451.82,741.336,1
156,29,246.919,457.303,2
156.5,0,792.053,457.484,3
156.5,1,329.639,547.134,2
156.5,2,490.275,782.23,1
156.5,3,638.704,219.996,3
156.5,4,302.019,588.958,2
156.5,5,542.69,309.759,3
156.5,6,745.539,308.638,3
156.5,7,205.098,790.873,1
156.5,8,335.771,321.093,2
156.5,9,253.097,688.586,1
156.5,10,640.697,570.385,3
156.5,11,528.209,339.584,3
156.5,12,451.499,654.119,1
156.5,13,223.438,594.484,2
156.5,14,613.461,516.867,3
156.5,15,272.864,303.726,2
156.5,16,233.318,253.54,2
156.5,17,346.316,605.292,1
156.5,18,387.323,304.477,2
156.5,19,764.675,798.151,1
156.5,20,237.472,235.513,2
156.5,21,445.656,568.988,1
156.5,22,653.255,270.356,3
156.5,23,627.237,230.038,3
156.5,24,351.885,376.277,2
156.5,25,616.035,262.542,3
156.5,26,292.672,592.789,2
156.5,27,730.267,650.213,1
156.5,28,451.765,739.837,1
156.5,29,247.821,458.502,2
157,0,791.205,456.247,3
157,1,329.2,548.568,2
157,2,488.778,782.148,1
157,3,637.79,218.806,3
157,4,303.263,588.119,2
157,5,541.345,310.422,3
157,6,745.323,307.154,3
157,7,205.753,789.524,1
157,8,334.946,322.346,2
157,9,253.902,689.853,1
157,10,639.348,569.728,1
157,11,526.955,340.406,2
157,12,451.703,652.633,1
157,13,224.938,594.515,2
157,14,613.809,518.326,3
157,15,272.368,305.141,2
157,16,232.838,254.961,2
157,17,347.34,604.195,1
157,18,388.646,305.183,2
157,19,766.175,798.149,1
157,20,238.905,235.068,2
157,21,445.447,570.473,1
157,22,654.549,271.113,3
157,23,625.747,230.208,3
157,24,350.759,375.285,2
157,25,616.626,261.164,3
157,26,293.368,591.46,2
157,27,728.776,650.056,1
157,28,451.709,738.338,1
157,29,248.723,459.7,2
157.5,0,790.357,455.009,3
157.5,1,328.762,550.003,1
157.5,2,487.28,782.065,1
157.5,3,636.877,217.617,3
157.5,4,304.506,587.279,1
157.5,5,539.999,311.085,3
157.5,6,745.108,305.669,3
157.5,7,206.409,788.175,1
157.5,8,334.121,323.599,2
157.5,9,254.706,691.119,1
157.5,10,637.999,569.072,3
157.5,11,525.7,341.229,3
157.5,12,451.908,651.147,1
157.5,13,226.438,594.547,1
157.5,14,614.158,519.785,1
157.5,15,271.873,306.557,2
157.5,16,232.358,256.382,2
157.5,17,348.363,603.099,1
157.5,18,389.969,305.89,2
157.5,19,767.675,798.146,1
157.5,20,240.337,234.622,2
157.5,21,445.239,571.959,1
157.5,22,655.844,271.871,3
157.5,23,624.256,230.378,3
157.5,24,349.634,374.294,2
157.5,25,617.216,259.785,3
157.5,26,294.063,590.131,1
157.5,27,727.284,649.899,1
157.5,28,451.654,736.839,1
157.5,29,249.624,460.899,2
158,0,789.509,453.772,3
158,1,328.323,551.437,2
158,2,485.782,781.982,1
158,3,635.964,216.427,3
158,4,305.749,586.44,2
158,5,538.653,311.748,2
158,6,744.892,304.185,3
158,7,207.065,786.826,1
158,8,333.296,324.852,2
158,9,255.51,692.385,2
158,10,636.651,568.416,1
158,11,524.446,342.051,2
158,12,452.112,649.661,1
158,13,227.937,594.579,2
158,14,614.506,521.244,1
158,15,271.377,307.973,2
158,16,231.878,257.803,2
158,17,349.387,602.003,2
158,18,391.293,306.596,2
158,19,769.175,798.144,1
158,20,241.77,234.177,2
158,21,445.03,573.444,2
158,22,657.139,272.629,3
158,23,622.766,230.548,3
158,24,348.509,373.302,2
158,25,617.807,258.406,3
158,26,294.759,588.802,2
158,27,725.792,649.743,1
158,28,451.599,735.34,1
158,29,250.526,462.098,2
158.5,0,788.661,452.535,3
158.5,1,327.884,552.871,2
158.5,2,484.285,781.899,1
158.5,3,635.05,215.237,3
158.5,4,306.992,585.601,2
158.5,5,537.308,312.41,3
158.5,6,744.677,302.7,3
158.5,7,207.72,785.477,1
158.5,8,332.471,326.105,2
158.5,9,256.314,693.651,1
158.5,10,635.302,567.759,1
158.5,11,523.191,342.873,3
158.5,12,452.316,648.175,1
158.5,13,229.437,594.611,2
158.5,14,614.855,522.702,1
158.5,15,270.881,309.388,2
158.5,16,231.398,259.224,2
158.5,17,350.411,600.907,1
158.5,18,392.616,307.303,2
158.5,19,770.675,798.141,1
158.5,20,243.202,233.732,2
158.5,21,444.821,574.929,1
158.5,22,658.433,273.387,3
158.5,23,621.276,230.718,3
158.5,24,347.383,372.31,2
158.5,25,618.398,257.027,3
158.5,26,295.454,587.473,2
158.5,27,724.3,649.586,1
158.5,28,451.543,733.841,1
158.5,29,251.427,463.297,2
159,0,787.813,451.298,3
159,1,327.446,554.306,2
159,2,482.787,781.816,1
159,3,634.137,214.047,3
159,4,308.235,584.761,2
159,5,535.962,313.073,2
159,6,744.461,301.216,3
159,7,208.376,784.127,1
159,8,331.646,327.358,2
159,9,257.119,694.917,1
159,10,633.953,567.103,1
159,11,521.937,343.696,2
159,12,452.52,646.689,1
159,13,230.937,594.642,2
159,14,615.204,524.161,3
159,15,270.385,310.804,2
159,16,230.918,260.645,2
159,17,351.435,599.81,1
159,18,393.939,308.01,2
159,19,772.175,798.138,1
159,20,244.634,233.287,2
159,21,444.612,576.415,1
159,22,659.728,274.144,3
159,23,619.785,230.888,3
159,24,346.258,371.318,2
159,25,618.989,255.649,3
159,26,296.15,586.144,2
159,27,722.808,649.429,1
159,28,451.488,732.342,1
159,29,252.329,464.496,2
159.5,0,786.965,450.06,3
159.5,1,327.007,555.74,2
159.5,2,481.289,781.733,1
159.5,3,633.223,212.857,3
159.5,4,309.478,583.922,2
159.5,5,534.617,313.736,3
159.5,6,744.246,299.732,3
159.5,7,209.031,782.778,2
159.5,8,330.821,328.61,2
159.5,9,257.923,696.183,2
159.5,10,632.604,566.447,3
159.5,11,520.682,344.518,3
159.5,12,452.724,645.203,1
159.5,13,232.436,594.674,2
159.5,14,615.552,525.62,3
159.5,15,269.89,312.22,2
159.5,16,230.438,262.066,2
159.5,17,352.459,598.714,2
159.5,18,395.262,308.716,2
159.5,19,773.675,798.136,1
159.5,20,246.067,232.841,2
159.5,21,444.404,577.9,2
159.5,22,661.022,274.902,3
159.5,23,618.295,231.058,3
159.5,24,345.133,370.326,2
159.5,25,619.58,254.27,3
159.5,26,296.845,584.815,2
159.5,27,721.317,649.273,3
159.5,28,451.433,730.843,1
159.5,29,253.23,465.695,2
160,0,786.117,448.823,3
160,1,326.568,557.175,1
160,2,479.791,781.65,1
160,3,632.31,211.667,3
160,4,310.722,583.083,2
160,5,533.271,314.399,2
160,6,744.03,298.247,3
160,7,209.687,781.429,2
160,8,329.997,329.863,2
160,9,258.727,697.45,2
160,10,631.256,565.79,1
160,11,519.427,345.34,2
160,12,452.928,643.717,1
160,13,233.936,594.706,1
160,14,615.901,527.079,3
160,15,269.394,313.636,2
160,16,229.958,263.488,2
160,17,353.482,597.618,2
160,18,396.585,309.423,2
160,19,775.175,798.133,1
160,20,247.499,232.396,2
160,21,444.195,579.386,2
160,22,662.317,275.66,3
160,23,616.805,231.228,3
160,24,344.008,369.334,2
160,25,620.171,252.891,3
160,26,297.541,583.486,2
160,27,719.825,649.116,1
160,28,451.377,729.344,1
160,29,254.132,466.893,2
160.5,0,785.269,447.586,3
160.5,1,326.129,558.609,2
160.5,2,478.294,781.568,1
160.5,3,631.397,210.477,3
160.5,4,311.965,582.243,2
160.5,5,531.926,315.062,2
160.5,6,743.815,296.763,3
160.5,7,210.343,780.08,1
160.5,8,329.172,331.116,2
160.5,9,259.531,698.716,1
160.5,10,629.907,565.134,3
160.5,11,518.173,346.163,2
160.5,12,453.133,642.231,1
160.5,13,235.436,594.737,2
160.5,14,616.249,528.538,3
160.5,15,268.898,315.051,2
160.5,16,229.478,264.909,2
160.5,17,354.506,596.521,2
160.5,18,397.908,310.129,2
160.5,19,776.675,798.131,1
160.5,20,248.932,231.951,2
160.5,21,443.986,580.871,1
160.5,22,663.611,276.418,3
160.5,23,615.314,231.398,3
160.5,24,342.882,368.343,2
160.5,25,620.761,251.512,3
160.5,26,298.236,582.157,2
160.5,27,718.333,648.959,1
160.5,28,451.322,727.845,1
160.5,29,255.034,468.092,2
161,0,784.421,446.349,3
161,1,325.691,560.043,2
161,2,476.796,781.485,1
161,3,630.483,209.288,3
161,4,313.208,581.404,2
161,5,530.58,315.725,3
161,6,743.599,295.278,3
161,7,210.998,778.731,2
161,8,328.347,332.369,2
161,9,260.336,699.982,2
161,10,628.558,564.477,3
161,11,516.918,346.985,3
161,12,453.337,640.745,1
161,13,236.935,594.769,2
161,14,616.598,529.997,3
161,15,268.402,316.467,2
161,16,228.997,266.33,2
161,17,355.53,595.425,2
161,18,399.231,310.836,2
161,19,778.175,798.128,3
161,20,250.364,231.506,2
161,21,443.777,582.356,2
161,22,664.906,277.176,3
161,23,613.824,231.568,3
161,24,341.757,367.351,2
161,25,621.352,250.134,3
161,26,298.932,580.828,2
161,27,716.841,648.803,3
161,28,451.267,726.346,1
161,29,255.935,469.291,2
161.5,0,783.573,445.111,3
161.5,1,325.252,561.478,2
161.5,2,475.298,781.402,1
161.5,3,629.57,208.098,3
161.5,4,314.451,580.564,2
161.5,5,529.234,316.388,3
161.5,6,743.384,293.794,3
161.5,7,211.654,777.382,2
161.5,8,327.522,333.622,2
161.5,9,261.14,701.248,2
161.5,10,627.209,563.821,3
161.5,11,515.664,347.807,3
161.5,12,453.541,639.259,1
161.5,13,238.435,594.801,2
161.5,14,616.947,531.456,3
161.5,15,267.906,317.883,2
161.5,16,228.517,267.751,2
161.5,17,356.554,594.329,2
161.5,18,400.555,311.543,2
161.5,19,779.675,798.126,3
161.5,20,251.796,231.06,2
161.5,21,443.569,583.842,2
161.5,22,666.2,277.933,3
161.5,23,612.334,231.738,3
161.5,24,340.632,366.359,2
161.5,25,621.943,248.755,3
161.5,26,299.627,579.499,2
161.5,27,715.349,648.646,3
161.5,28,451.211,724.847,1
161.5,29,256.837,470.49,2
162,0,782.725,443.874,3
162,1,324.813,562.912,2
162,2,473.801,781.319,1
162,3,628.657,206.908,3
162,4,315.694,579.725,2
162,5,527.889,317.051,3
162,6,743.168,292.309,3
162,7,212.309,776.033,2
162,8,326.697,334.875,2
162,9,261.944,702.514,2
162,10,625.86,563.165,3
162,11,514.409,348.63,3
162,12,453.745,637.773,1
162,13,239.935,594.833,2
162,14,617.295,532.915,3
162,15,267.411,319.298,2
162,16,228.037,269.172,2
162,17,357.578,593.233,2
162,18,401.878,312.249,2
162,19,781.175,798.123,3
162,20,253.229,230.615,2
162,21,443.36,585.327,2
162,22,667.495,278.691,3
162,23,610.843,231.908,3
162,24,339.506,365.367,2
162,25,622.534,247.376,3
162,26,300.323,578.17,2
162,27,713.858,648.489,3
162,28,451.156,723.348,1
162,29,257.738,471.689,2
162.5,0,781.877,442.637,3
162.5,1,324.375,564.347,1
162.5,2,472.303,781.236,1
162.5,3,627.743,205.718,3
162.5,4,316.937,578.886,2
162.5,5,526.543,317.714,2
162.5,6,742.952,290.825,3
162.5,7,212.965,774.683,1
162.5,8,325.872,336.127,2
162.5,9,262.748,703.78,1
162.5,10,624.512,562.508,1
162.5,11,513.155,349.452,2
162.5,12,453.949,636.287,1
162.5,13,241.434,594.864,1
162.5,14,617.644,534.374,3
162.5,15,266.915,320.714,2
162.5,16,227.557,270.593,2
162.5,17,358.602,592.136,2
162.5,18,403.201,312.956,2
162.5,19,782.675,798.121,1
162.5,20,254.661,230.17,2
162.5,21,443.151,586.813,1
162.5,22,668.789,279.449,3
162.5,23,609.353,232.078,3
162.5,24,338.381,364.375,2
162.5,25,623.125,245.997,3
162.5,26,301.018,576.841,1
162.5,27,712.366,648.333,1
162.5,28,451.101,721.849,1
162.5,29,258.64,472.887,2
163,0,781.029,441.4,3
163,1,323.936,565.781,2
163,2,470.805,781.153,1
163,3,626.83,204.528,3
163,4,318.181,578.046,2
163,5,525.198,318.377,2
163,6,742.737,289.341,3
163,7,213.621,773.334,1
163,8,325.047,337.38,2
163,9,263.553,705.047,1
163,10,623.163,561.852,1
163,11,511.9,350.274,2
163,12,454.154,634.801,1
163,13,242.934,594.896,2
163,14,617.992,535.833,3
163,15,266.419,322.13,2
163,16,227.077,272.014,2
163,17,359.625,591.04,2
163,18,404.524,313.662,2
163,19,784.175,798.118,1
163,20,256.094,229.725,2
163,21,442.942,588.298,1
163,22,670.084,280.207,3
163,23,607.863,232.248,3
163,24,337.256,363.384,2
163,25,623.715,244.619,3
163,26,301.714,575.512,2
163,27,710.874,648.176,1
163,28,451.045,720.35,1
163,29,259.541,474.086,2
163.5,0,780.181,440.162,3
163.5,1,323.497,567.216,1
163.5,2,469.307,781.07,1
163.5,3,625.916,203.338,3
163.5,4,319.424,577.207,1
163.5,5,523.852,319.04,2
163.5,6,742.521,287.856,3
163.5,7,214.276,771.985,1
163.5,8,324.222,338.633,2
163.5,9,264.357,706.313,1
163.5,10,621.814,561.196,1
163.5,11,510.646,351.097,2
163.5,12,454.358,633.315,1
163.5,13,244.434,594.928,1
163.5,14,618.341,537.292,1
163.5,15,265.923,323.546,2
163.5,16,226.597,273.435,2
163.5,17,360.649,589.944,1
163.5,18,405.847,314.369,2
163.5,19,785.675,798.116,1
163.5,20,257.526,229.279,2
163.5,21,442.734,589.783,1
163.5,22,671.378,280.964,3
163.5,23,606.372,232.418,3
163.5,24,336.13,362.392,2
163.5,25,624.306,243.24,3
163.5,26,302.409,574.183,2
163.5,27,709.382,648.019,1
163.5,28,450.99,718.851,1
163.5,29,260.443,475.285,2
164,0,779.333,438.925,3
164,1,323.059,568.65,2
164,2,467.81,780.988,1
164,3,625.003,202.148,3
164,4,320.667,576.368,2
164,5,522.507,319.703,3
164,6,742.306,286.372,3
164,7,214.932,770.636,1
164,8,323.398,339.886,2
164,9,265.161,707.579,1
164,10,620.465,560.539,3
164,11,509.391,351.919,2
164,12,454.562,631.829,1
164,13,245.933,594.96,2
164,14,618.69,538.751,3
164,15,265.428,324.961,2
164,16,226.117,274.856,2
164,17,361.673,588.848,1
164,18,407.17,315.076,2
164,19,787.175,798.113,1
164,20,258.958,228.834,2
164,21,442.525,591.269,1
164,22,672.673,281.722,3
164,23,604.882,232.588,3
164,24,335.005,361.4,2
164,25,624.897,241.861,3
164,26,303.105,572.854,2
164,27,707.89,647.862,1
164,28,450.934,717.352,1
164,29,261.345,476.484,2
164.5,0,778.484,437.688,3
164.5,1,322.62,570.084,2
164.5,2,466.312,780.905,1
164.5,3,624.51,201.407,3
164.5,4,321.91,575.528,2
164.5,5,521.161,320.366,2
164.5,6,742.09,284.887,3
164.5,7,215.587,769.287,2
164.5,8,322.573,341.139,2
164.5,9,265.966,708.845,2
164.5,10,619.117,559.883,3
164.5,11,508.137,352.741,2
164.5,12,454.766,630.343,1
164.5,13,247.433,594.991,2
164.5,14,619.038,540.21,3
164.5,15,264.932,326.377,2
164.5,16,225.637,276.278,2
164.5,17,362.697,587.751,2
164.5,18,408.494,315.782,2
164.5,19,788.675,798.11,1
164.5,20,260.391,228.389,2
164.5,21,442.316,592.754,2
164.5,22,673.967,282.48,3
164.5,23,603.392,232.758,3
164.5,24,333.88,360.408,2
164.5,25,625.488,240.482,3
164.5,26,303.8,571.525,2
164.5,27,706.399,647.706,3
164.5,28,450.879,715.853,1
164.5,29,262.246,477.683,2
165,0,777.636,436.451,3
165,1,322.181,571.519,2
165,2,464.814,780.822,1
165,3,625.804,202.166,3
165,4,323.153,574.689,2
165,5,519.816,321.028,2
165,6,741.875,283.403,3
165,7,216.243,767.938,1
165,8,321.748,342.392,2
165,9,266.77,710.111,1
165,10,617.768,559.227,3
165,11,506.882,353.564,2
165,12,454.97,628.857,1
165,13,248.933,595.023,2
165,14,619.387,541.669,3
165,15,264.436,327.793,2
165,16,225.157,277.699,2
165,17,363.721,586.655,2
165,18,409.817,316.489,2
165,19,790.175,798.108,1
165,20,261.823,227.944,2
165,21,442.107,594.24,1
165,22,675.262,283.238,3
165,23,601.901,232.928,3
165,24,332.755,359.416,2
165,25,626.079,239.104,3
165,26,304.496,570.196,2
165,27,704.907,647.549,3
165,28,450.824,714.354,1
165,29,263.148,478.881,2
165.5,0,776.788,435.213,3
165.5,1,321.743,572.953,2
165.5,2,463.317,780.739,1
165.5,3,627.098,202.925,3
165.5,4,324.396,573.85,2
165.5,5,518.47,321.691,2
165.5,6,741.659,281.918,3
165.5,7,216.899,766.589,1
165.5,8,320.923,343.644,2
165.5,9,267.574,711.377,1
165.5,10,616.419,558.57,1
165.5,11,505.628,354.386,2
165.5,12,455.174,627.371,1
165.5,13,250.432,595.055,2
165.5,14,619.735,543.128,1
165.5,15,263.94,329.208,2
165.5,16,224.677,279.12,2
165.5,17,364.744,585.559,2
165.5,18,411.14,317.195,2
165.5,19,791.675,798.105,1
165.5,20,263.256,227.498,2
165.5,21,441.899,595.725,1
165.5,22,676.556,283.995,3
165.5,23,600.411,233.098,3
165.5,24,331.629,358.424,2
165.5,25,626.67,237.725,3
165.5,26,305.191,568.867,2
165.5,27,703.415,647.392,1
165.5,28,450.768,712.855,1
165.5,29,264.049,480.08,2
166,0,775.94,433.976,3
166,1,321.304,574.388,2
166,2,461.819,780.656,1
166,3,628.391,203.685,3
166,4,325.64,573.01,2
166,5,517.124,322.354,3
166,6,741.444,280.434,3
166,7,217.554,765.239,2
166,8,320.098,344.897,2
166,9,268.378,712.644,2
166,10,615.07,557.914,3
166,11,504.373,355.208,3
166,12,455.379,625.885,1
166,13,251.932,595.086,2
166,14,620.084,544.586,3
166,15,263.445,330.624,2
166,16,224.197,280.541,2
166,17,365.768,584.462,2
166,18,412.463,317.902,2
166,19,793.175,798.103,3
166,20,264.688,227.053,2
166,21,441.69,597.21,2
166,22,677.851,284.753,3
166,23,598.921,233.268,3
166,24,330.504,357.433,2
166,25,627.26,236.346,3
166,26,305.887,567.538,2
166,27,701.923,647.236,1
166,28,450.713,711.356,1
166,29,264.951,481.279,2
166.5,0,775.092,432.739,3
166.5,1,320.865,575.822,2
166.5,2,460.321,780.573,1
166.5,3,629.685,204.444,3
166.5,4,326.883,572.171,2
166.5,5,515.779,323.017,2
166.5,6,741.228,278.949,3
166.5,7,218.21,763.89,1
166.5,8,319.273,346.15,2
166.5,9,269.183,713.91,1
166.5,10,613.721,557.257,1
166.5,11,503.119,356.031,2
166.5,12,455.583,624.398,1
166.5,13,253.432,595.118,2
166.5,14,620.432,546.045,1
166.5,15,262.949,332.04,2
166.5,16,223.717,281.962,2
166.5,17,366.792,583.366,1
166.5,18,413.786,318.608,2
166.5,19,794.675,798.1,1
166.5,20,266.12,226.608,2
166.5,21,441.481,598.696,1
166.5,22,679.145,285.511,3
166.5,23,597.43,233.438,3
166.5,24,329.379,356.441,2
166.5,25,627.851,234.968,3
166.5,26,306.582,566.209,2
166.5,27,700.432,647.079,1
166.5,28,450.658,709.857,1
166.5,29,265.853,482.478,2
167,0,774.244,431.501,3
167,1,320.426,577.256,2
167,2,458.823,780.49,1
167,3,630.978,205.203,3
167,4,328.126,571.331,2
167,5,514.433,323.68,3
167,6,741.012,277.465,3
167,7,218.865,762.541,1
167,8,318.448,347.403,2
167,9,269.987,715.176,1
167,10,612.373,556.601,3
167,11,501.864,356.853,2
167,12,455.787,622.912,1
167,13,254.931,595.15,2
167,14,620.781,547.504,3
167,15,262.453,333.455,2
167,16,223.237,283.383,2
167,17,367.816,582.27,2
167,18,415.109,319.315,2
167,19,796.175,798.098,1
167,20,267.553,226.163,2
167,21,441.272,600.181,1
167,22,680.44,286.269,3
167,23,595.94,233.608,3
167,24,328.253,355.449,2
167,25,628.442,233.589,3
167,26,307.278,564.88,2
167,27,698.94,646.922,1
167,28,450.602,708.358,1
167,29,266.754,483.677,2
167.5,0,773.396,430.264,3
167.5,1,319.988,578.691,2
167.5,2,457.326,780.408,1
167.5,3,632.272,205.963,3
167.5,4,329.369,570.492,2
167.5,5,513.088,324.343,2
167.5,6,740.797,275.981,3
167.5,7,219.521,761.192,2
167.5,8,317.623,348.656,2
167.5,9,270.791,716.442,2
167.5,10,611.024,555.945,1
167.5,11,500.61,357.675,2
167.5,12,455.991,621.426,1
167.5,13,256.431,595.182,2
167.5,14,621.13,548.963,1
167.5,15,261.957,334.871,2
167.5,16,222.757,284.804,2
167.5,17,368.84,581.174,2
167.5,18,416.432,320.022,2
167.5,19,797.675,798.095,3
167.5,20,268.985,225.717,2
167.5,21,441.064,601.667,2
167.5,22,681.734,287.026,3
167.5,23,594.45,233.778,3
167.5,24,327.128,354.457,2
167.5,25,629.033,232.21,3
167.5,26,307.973,563.551,2
167.5,27,697.448,646.766,1
167.5,28,450.547,706.86,1
167.5,29,267.656,484.876,2
168,0,772.548,429.027,3
168,1,319.549,580.125,2
168,2,455.828,780.325,1
168,3,633.566,206.722,3
168,4,330.612,569.653,2
168,5,511.742,325.006,2
168,6,740.581,274.496,3
168,7,220.177,759.843,1
168,8,316.799,349.909,2
168,9,271.595,717.708,1
168,10,609.675,555.288,1
168,11,499.355,358.498,2
168,12,456.195,619.94,1
168,13,257.931,595.213,2
168,14,621.478,550.422,1
168,15,261.462,336.287,2
168,16,222.277,286.225,2
168,17,369.863,580.077,1
168,18,417.756,320.728,2
168,19,798.644,798.291,1
168,20,270.417,225.272,2
168,21,440.855,603.152,1
168,22,683.029,287.784,3
168,23,592.959,233.948,3
168,24,326.003,353.465,2
168,25,629.624,230.831,3
168,26,308.669,562.222,2
168,27,695.956,646.609,1
168,28,450.492,705.361,1
168,29,268.557,486.074,2
168.5,0,771.7,427.79,3
168.5,1,319.11,581.56,2
168.5,2,454.33,780.242,1
168.5,3,634.859,207.481,3
168.5,4,331.855,568.813,2
168.5,5,510.397,325.669,2
168.5,6,740.366,273.012,3
168.5,7,220.832,758.494,2
168.5,8,315.974,351.161,2
168.5,9,272.4,718.974,2
168.5,10,608.326,554.632,1
168.5,11,498.101,359.32,2
168.5,12,456.399,618.454,1
168.5,13,259.43,595.245,2
168.5,14,621.827,551.881,1
168.5,15,260.966,337.703,2
168.5,16,221.797,287.646,2
168.5,17,370.887,578.981,2
168.5,18,419.079,321.435,2
168.5,19,797.889,798.255,3
168.5,20,271.85,224.827,2
168.5,21,440.646,604.637,2
168.5,22,684.323,288.542,3
168.5,23,591.469,234.118,3
168.5,24,324.877,352.474,2
168.5,25,630.214,229.453,3
168.5,26,309.364,560.893,2
168.5,27,694.464,646.452,1
168.5,28,450.436,703.862,1
168.5,29,269.459,487.273,2
169,0,770.852,426.552,3
169,1,318.672,582.994,1
169,2,452.833,780.159,1
169,3,636.153,208.241,3
169,4,333.099,567.974,1
169,5,509.051,326.332,2
169,6,740.15,271.527,3
169,7,221.488,757.145,1
169,8,315.149,352.414,2
169,9,273.204,720.241,1
169,10,606.978,553.976,3
169,11,496.846,360.142,2
169,12,456.604,616.968,1
169,13,260.93,595.277,1
169,14,622.175,553.34,3
169,15,260.47,339.118,2
169,16,221.317,289.067,2
169,17,371.911,577.885,1
169,18,420.402,322.141,2
169,19,796.606,797.478,1
169,20,273.282,224.382,2
169,21,440.437,606.123,1
169,22,685.618,289.3,3
169,23,589.979,234.288,3
169,24,323.752,351.482,2
169,25,630.805,228.074,3
169,26,310.06,559.564,2
169,27,692.973,646.296,1
169,28,450.381,702.363,1
169,29,270.36,488.472,2
169.5,0,770.004,425.315,3
169.5,1,318.233,584.429,2
169.5,2,451.335,780.076,1
169.5,3,637.446,209,3
169.5,4,334.342,567.135,2
169.5,5,507.705,326.995,2
169.5,6,739.935,270.043,3
169.5,7,222.143,755.795,1
169.5,8,314.324,353.667,2
169.5,9,274.008,721.507,1
169.5,10,605.629,553.319,1
169.5,11,495.592,360.965,2
169.5,12,456.808,615.482,1
169.5,13,262.43,595.309,2
169.5,14,622.524,554.799,1
169.5,15,259.974,340.534,2
169.5,16,220.836,290.489,2
169.5,17,372.935,576.788,1
169.5,18,421.725,322.848,2
169.5,19,795.323,796.7,1
169.5,20,274.715,223.936,2
169.5,21,440.229,607.608,1
169.5,22,686.913,290.058,3
169.5,23,588.488,234.458,3
169.5,24,322.627,350.49,2
169.5,25,631.396,226.695,3
169.5,26,310.755,558.235,2
169.5,27,691.481,646.139,1
169.5,28,450.326,700.864,1
169.5,29,271.262,489.671,2
170,0,769.156,424.078,3
170,1,317.794,585.863,2
170,2,449.837,779.993,1
170,3,638.74,209.759,3
170,4,335.585,566.295,2
170,5,506.36,327.658,3
170,6,739.719,268.558,3
170,7,222.799,754.446,1
170,8,313.499,354.92,2
170,9,274.812,722.773,1
170,10,604.28,552.663,3
170,11,494.337,361.787,3
170,12,457.012,613.996,1
170,13,263.929,595.34,2
170,14,622.873,556.258,3
170,15,259.478,341.95,2
170,16,220.356,291.91,2
170,17,373.959,575.692,1
170,18,423.048,323.555,2
170,19,794.041,795.923,1
170,20,276.147,223.491,2
170,21,440.02,609.094,1
170,22,688.207,290.815,3
170,23,586.998,234.628,3
170,24,321.502,349.498,2
170,25,631.987,225.316,3
170,26,311.451,556.906,2
170,27,689.989,645.982,1
170,28,450.27,699.365,1
170,29,272.164,490.87,2
170.5,0,768.308,422.841,3
170.5,1,317.356,587.297,2
170.5,2,448.339,779.91,1
170.5,3,640.034,210.519,3
170.5,4,336.828,565.456,2
170.5,5,505.014,328.321,3
170.5,6,739.504,267.074,3
170.5,7,223.455,753.097,2
170.5,8,312.674,356.173,2
170.5,9,275.617,724.039,2
170.5,10,602.931,552.007,3
170.5,11,493.083,362.609,3
170.5,12,457.216,612.51,1
170.5,13,265.429,595.372,2
170.5,14,623.221,557.717,3
170.5,15,258.983,343.365,2
170.5,16,219.876,293.331,2
170.5,17,374.982,574.596,1
170.5,18,424.371,324.261,2
170.5,19,792.758,795.146,1
170.5,20,277.579,223.046,2
170.5,21,439.811,610.579,2
170.5,22,689.502,291.573,3
170.5,23,585.508,234.798,2
170.5,24,320.376,348.506,2
170.5,25,632.578,223.938,3
170.5,26,312.146,555.577,2
170.5,27,688.497,645.826,3
170.5,28,450.215,697.866,1
170.5,29,273.065,492.068,2
171,0,767.46,421.603,3
171,1,316.917,588.732,2
171,2,446.842,779.828,1
171,3,641.327,211.278,3
171,4,338.071,564.616,2
171,5,503.669,328.983,2
171,6,739.288,265.59,3
171,7,224.11,751.748,1
171,8,311.849,357.425,2
171,9,276.421,725.305,1
171,10,601.583,551.35,3
171,11,491.828,363.431,2
171,12,457.42,611.024,1
171,13,266.929,595.404,2
171,14,623.57,559.176,3
171,15,258.487,344.781,2
171,16,219.396,294.752,2
171,17,376.006,573.5,2
171,18,425.695,324.968,2
171,19,791.475,794.369,1
171,20,279.012,222.601,2
171,21,439.602,612.064,1
171,22,690.796,292.331,3
171,23,584.017,234.968,3
171,24,319.251,347.515,2
171,25,633.169,222.559,3
171,26,312.842,554.248,2
171,27,687.005,645.669,1
171,28,450.159,696.367,1
171,29,273.967,493.267,2
171.5,0,766.612,420.366,3
171.5,1,316.478,590.166,1
171.5,2,445.344,779.745,1
171.5,3,642.621,212.037,3
171.5,4,339.314,563.777,1
171.5,5,502.323,329.646,3
171.5,6,739.072,264.105,3
171.5,7,224.766,750.399,2
171.5,8,311.024,358.678,2
171.5,9,277.225,726.571,2
171.5,10,600.234,550.694,3
171.5,11,490.574,364.254,3
171.5,12,457.625,609.538,2
171.5,13,268.428,595.435,1
171.5,14,623.918,560.635,3
171.5,15,257.991,346.197,2
171.5,16,218.916,296.173,2
171.5,17,377.03,572.403,1
171.5,18,427.018,325.674,2
171.5,19,790.192,793.591,3
171.5,20,280.444,222.155,2
171.5,21,439.394,613.55,2
171.5,22,692.091,293.089,3
171.5,23,582.527,235.138,3
171.5,24,318.126,346.523,2
171.5,25,633.759,221.18,3
171.5,26,313.538,552.919,2
171.5,27,685.514,645.512,1
171.5,28,450.104,694.868,1
171.5,29,274.868,494.466,2
172,0,765.764,419.129,3
172,1,316.04,591.601,2
172,2,443.846,779.662,1
172,3,643.914,212.797,3
172,4,340.557,562.938,2
172,5,500.978,330.309,3
172,6,738.857,262.621,3
172,7,225.421,749.05,2
172,8,310.2,359.931,2
172,9,278.029,727.838,2
172,10,598.885,550.037,3
172,11,489.319,365.076,2
172,12,457.829,608.052,2
172,13,269.928,595.467,2
172,14,624.267,562.094,3
172,15,257.495,347.612,2
172,16,218.436,297.594,2
172,17,378.054,571.307,2
172,18,428.341,326.381,2
172,19,788.909,792.814,3
172,20,281.877,221.71,2
172,21,439.185,615.035,2
172,22,693.385,293.846,3
172,23,581.037,235.308,3
172,24,317,345.531,2
172,25,634.35,219.801,3
172,26,314.233,551.59,2
172,27,684.022,645.356,1
172,28,450.049,693.369,1
172,29,275.77,495.665,2
172.5,0,764.916,417.892,3
172.5,1,315.601,593.035,1
172.5,2,442.349,779.579,1
172.5,3,645.208,213.556,3
172.5,4,341.801,562.098,1
172.5,5,499.632,330.972,3
172.5,6,738.641,261.136,3
172.5,7,226.077,747.701,1
172.5,8,309.375,361.184,2
172.5,9,278.834,729.104,1
172.5,10,597.536,549.381,3
172.5,11,488.065,365.898,3
172.5,12,458.033,606.566,1
172.5,13,271.428,595.499,1
172.5,14,624.616,563.553,3
172.5,15,257,349.028,2
172.5,16,217.956,299.015,2
172.5,17,379.078,570.211,1
172.5,18,429.664,327.088,3
172.5,19,787.626,792.037,1
172.5,20,283.309,221.265,2
172.5,21,438.976,616.521,1
172.5,22,694.68,294.604,3
172.5,23,579.546,235.478,3
172.5,24,315.875,344.539,2
172.5,25,634.941,218.423,3
172.5,26,314.929,550.261,2
172.5,27,682.53,645.199,1
172.5,28,449.993,691.87,1
172.5,29,276.672,496.864,2
173,0,764.068,416.654,3
173,1,315.162,594.469,2
173,2,440.851,779.496,1
173,3,646.502,214.315,3
173,4,343.044,561.259,2
173,5,498.287,331.635,2
173,6,738.426,259.652,3
173,7,226.733,746.351,2
173,8,308.55,362.437,2
173,9,279.638,730.37,2
173,10,596.187,548.725,3
173,11,486.81,366.721,2
173,12,458.237,605.08,2
173,13,272.927,595.531,2
173,14,624.964,565.012,3
173,15,256.504,350.444,2
173,16,217.476,300.436,2
173,17,380.101,569.115,2
173,18,430.987,327.794,2
173,19,786.343,791.259,3
173,20,284.741,220.82,2
173,21,438.767,618.006,2
173,22,695.974,295.362,3
173,23,578.056,235.648,3
173,24,314.75,343.547,2
173,25,635.532,217.044,3
173,26,315.624,548.932,2
173,27,681.038,645.042,3
173,28,449.938,690.371,1
173,29,277.573,498.062,2
173.5,0,763.22,415.417,3
173.5,1,314.723,595.904,2
173.5,2,439.353,779.413,1
173.5,3,647.795,215.075,3
173.5,4,344.287,560.42,2
173.5,5,496.941,332.298,3
173.5,6,738.21,258.167,3
173.5,7,227.388,745.002,1
173.5,8,307.725,363.69,2
173.5,9,280.442,731.636,1
173.5,10,594.839,548.068,3
173.5,11,485.556,367.543,3
173.5,12,458.441,603.594,1
173.5,13,274.427,595.562,2
173.5,14,625.313,566.47,3
173.5,15,256.008,351.86,2
173.5,16,216.996,301.857,2
173.5,17,381.125,568.018,2
173.5,18,432.31,328.501,2
173.5,19,785.06,790.482,1
173.5,20,286.174,220.374,2
173.5,21,438.559,619.491,1
173.5,22,697.269,296.12,3
173.5,23,576.566,235.819,3
173.5,24,313.624,342.555,2
173.5,25,636.123,215.665,3
173.5,26,316.32,547.603,2
173.5,27,679.546,644.885,3
173.5,28,449.883,688.872,1
173.5,29,278.475,499.261,2
174,0,762.372,414.18,3
174,1,314.285,597.338,1
174,2,437.856,779.33,1
174,3,649.089,215.834,3
174,4,345.53,559.58,1
174,5,495.595,332.961,3
174,6,737.995,256.683,3
174,7,228.044,743.653,2
174,8,306.9,364.942,2
174,9,281.246,732.902,2
174,10,593.49,547.412,3
174,11,484.301,368.365,3
174,12,458.645,602.108,2
174,13,275.927,595.594,1
174,14,625.661,567.929,3
174,15,255.512,353.275,2
174,16,216.516,303.279,2
174,17,382.149,566.922,2
174,18,433.633,329.207,2
174,19,783.777,789.705,3
174,20,287.606,219.929,2
174,21,438.35,620.977,1
174,22,698.563,296.877,3
174,23,575.075,235.989,3
174,24,312.499,341.564,2
174,25,636.713,214.286,3
174,26,317.015,546.274,2
174,27,678.055,644.729,3
174,28,449.827,687.373,1
174,29,279.376,500.46,2
174.5,0,761.524,412.943,3
174.5,1,313.846,598.773,1
174.5,2,436.358,779.248,1
174.5,3,650.382,216.593,3
174.5,4,346.773,558.741,1
174.5,5,494.25,333.624,2
174.5,6,737.779,255.199,3
174.5,7,228.699,742.304,1
174.5,8,306.075,366.195,2
174.5,9,282.051,734.168,1
174.5,10,592.141,546.756,1
174.5,11,483.047,369.188,3
174.5,12,458.85,600.622,1
174.5,13,277.426,595.626,1
174.5,14,626.01,569.388,1
174.5,15,255.017,354.691,2
174.5,16,216.036,304.7,2
174.5,17,383.173,565.826,1
174.5,18,434.957,329.914,2
174.5,19,782.495,788.927,1
174.5,20,289.039,219.484,2
174.5,21,438.141,622.462,1
174.5,22,699.858,297.635,3
174.5,23,573.585,236.159,2
174.5,24,311.374,340.572,2
174.5,25,637.304,212.908,3
174.5,26,317.711,544.945,2
174.5,27,676.563,644.572,1
174.5,28,449.772,685.874,1
174.5,29,280.278,501.659,2
175,0,760.676,411.705,3
175,1,313.407,600.207,1
175,2,434.86,779.165,1
175,3,651.676,217.353,3
175,4,348.016,557.902,1
175,5,492.904,334.287,2
175,6,737.564,253.714,3
175,7,229.355,740.955,1
175,8,305.25,367.448,2
175,9,282.855,735.435,1
175,10,590.792,546.099,1
175,11,481.792,370.01,2
175,12,459.054,599.136,1
175,13,278.926,595.658,1
175,14,626.358,570.847,1
175,15,254.521,356.107,2
175,16,215.556,306.121,2
175,17,384.197,564.729,1
175,18,436.28,330.62,2
175,19,781.212,788.15,1
175,20,290.471,219.039,2
175,21,437.932,623.948,1
175,22,701.152,298.393,3
175,23,572.095,236.329,3
175,24,310.249,339.58,2
175,25,637.895,211.529,3
175,26,318.406,543.616,2
175,27,675.071,644.415,1
175,28,449.717,684.375,1
175,29,281.179,502.858,2
175.5,0,759.827,410.468,3
175.5,1,312.969,601.642,1
175.5,2,433.362,779.082,1
175.5,3,652.97,218.112,3
175.5,4,349.26,557.062,1
175.5,5,491.559,334.95,2
175.5,6,737.348,252.23,3
175.5,7,230.011,739.606,1
175.5,8,304.425,368.701,2
175.5,9,283.659,736.701,1
175.5,10,589.444,545.443,1
175.5,11,480.538,370.832,2
175.5,12,459.258,597.65,1
175.5,13,280.426,595.689,1
175.5,14,626.707,572.306,1
175.5,15,254.025,357.522,2
175.5,16,215.076,307.542,2
175.5,17,385.22,563.633,1
175.5,18,437.603,331.327,2
175.5,19,779.929,787.373,1
175.5,20,291.903,218.593,2
175.5,21,437.724,625.433,1
175.5,22,702.447,299.151,3
175.5,23,570.604,236.499,3
175.5,24,309.123,338.588,2
175.5,25,638.486,210.15,3
175.5,26,319.102,542.287,2
175.5,27,673.579,644.259,1
175.5,28,449.661,682.876,1
175.5,29,282.081,504.057,2
176,0,758.979,409.231,3
176,1,312.53,603.076,2
176,2,431.865,778.999,1
176,3,654.263,218.871,3
176,4,350.503,556.223,2
176,5,490.213,335.613,2
176,6,737.132,250.745,3
176,7,230.666,738.257,1
176,8,303.601,369.954,2
176,9,284.463,737.967,1
176,10,588.095,544.787,1
176,11,479.283,371.655,2
176,12,459.462,596.164,1
176,13,281.925,595.721,2
176,14,627.056,573.765,1
176,15,253.529,358.938,2
176,16,214.596,308.963,2
176,17,386.244,562.537,2
176,18,438.926,332.034,2
176,19,778.646,786.596,1
176,20,293.336,218.148,2
176,21,437.515,626.918,1
176,22,703.741,299.909,3
176,23,569.114,236.669,2
176,24,307.998,337.596,2
176,25,639.077,208.771,3
176,26,319.797,540.958,2
176,27,672.087,644.102,1
176,28,449.606,681.377,1
176,29,282.983,505.255,2
176.5,0,758.131,407.993,3
176.5,1,312.091,604.51,1
176.5,2,430.367,778.916,1
176.5,3,655.557,219.631,3
176.5,4,351.746,555.383,1
176.5,5,488.868,336.276,3
176.5,6,736.917,249.261,3
176.5,7,231.322,736.907,1
176.5,8,302.776,371.207,2
176.5,9,285.268,739.233,1
176.5,10,586.746,544.13,1
176.5,11,478.029,372.477,3
176.5,12,459.666,594.678,1
176.5,13,283.425,595.753,1
176.5,14,627.404,575.224,1
176.5,15,253.034,360.354,2
176.5,16,214.116,310.384,2
176.5,17,387.268,561.441,1
176.5,18,440.249,332.74,2
176.5,19,777.363,785.818,1
176.5,20,294.768,217.703,2
176.5,21,437.306,628.404,1
176.5,22,705.036,300.666,3
176.5,23,567.624,236.839,3
176.5,24,306.873,336.605,2
176.5,25,639.668,207.393,3
176.5,26,320.493,539.629,2
176.5,27,670.596,643.945,1
176.5,28,449.551,679.878,1
176.5,29,283.884,506.454,2
177,0,757.283,406.756,3
177,1,311.653,605.945,1
177,2,428.869,778.833,1
177,3,656.85,220.39,3
177,4,352.989,554.544,1
177,5,487.522,336.938,3
177,6,736.701,247.776,3
177,7,231.978,735.558,1
177,8,301.951,372.459,2
177,9,286.072,740.499,1
177,10,585.397,543.474,1
177,11,476.774,373.299,3
177,12,459.871,593.192,1
177,13,284.925,595.784,1
177,14,627.753,576.683,1
177,15,252.538,361.77,2
177,16,213.636,311.805,2
177,17,388.292,560.344,1
177,18,441.572,333.447,2
177,19,776.08,785.041,1
177,20,296.201,217.258,2
177,21,437.097,629.889,1
177,22,706.33,301.424,3
177,23,566.133,237.009,3
177,24,305.747,335.613,2
177,25,640.258,206.014,3
177,26,321.188,538.3,2
177,27,669.104,643.789,1
177,28,449.495,678.379,1
177,29,284.786,507.653,2
177.5,0,756.435,405.519,3
177.5,1,311.214,607.379,1
177.5,2,427.372,778.75,1
177.5,3,658.144,221.149,3
177.5,4,354.232,553.705,1
177.5,5,486.176,337.601,3
177.5,6,736.486,246.292,3
177.5,7,232.633,734.209,1
177.5,8,301.126,373.712,2
177.5,9,286.876,741.765,1
177.5,10,584.048,542.818,1
177.5,11,475.52,374.122,3
177.5,12,460.075,591.706,1
177.5,13,286.424,595.816,1
177.5,14,628.101,578.142,1
177.5,15,252.042,363.185,2
177.5,16,213.156,313.226,2
177.5,17,389.316,559.248,1
177.5,18,442.896,334.153,3
177.5,19,774.797,784.264,1
177.5,20,297.633,216.812,2
177.5,21,436.889,631.375,1
177.5,22,707.625,302.182,3
177.5,23,564.643,237.179,3
177.5,24,304.622,334.621,2
177.5,25,640.849,204.635,3
177.5,26,321.884,536.971,2
177.5,27,667.612,643.632,1
177.5,28,449.44,676.88,1
177.5,29,285.687,508.852,2
178,0,755.587,404.282,3
178,1,310.775,608.814,2
178,2,425.874,778.668,1
178,3,659.438,221.909,3
178,4,355.475,552.865,2
178,5,484.831,338.264,2
178,6,736.27,244.808,3
178,7,233.289,732.86,1
178,8,300.301,374.965,2
178,9,287.68,743.032,1
178,10,582.7,542.161,3
178,11,474.265,374.944,2
178,12,460.279,590.22,1
178,13,287.924,595.848,2
178,14,628.45,579.601,3
178,15,251.546,364.601,2
178,16,212.675,314.647,2
178,17,390.34,558.152,2
178,18,444.219,334.86,2
178,19,773.514,783.486,1
178,20,299.065,216.367,2
178,21,436.68,632.86,1
178,22,708.919,302.94,3
178,23,563.153,237.349,3
178,24,303.497,333.629,2
178,25,641.44,203.256,3
178,26,322.579,535.642,2
178,27,666.12,643.475,1
178,28,449.385,675.381,1
178,29,286.589,510.051,2
178.5,0,754.739,403.044,3
178.5,1,310.337,610.248,2
178.5,2,424.376,778.585,1
178.5,3,660.731,222.668,3
178.5,4,356.719,552.026,2
178.5,5,483.485,338.927,2
178.5,6,736.055,243.323,3
178.5,7,233.944,731.511,2
178.5,8,299.476,376.218,2
178.5,9,288.485,744.298,1
178.5,10,581.351,541.505,3
178.5,11,473.011,375.766,2
178.5,12,460.483,588.734,1
178.5,13,289.424,595.88,2
178.5,14,628.799,581.06,3
178.5,15,251.05,366.017,2
178.5,16,212.195,316.068,2
178.5,17,391.363,557.056,2
178.5,18,445.542,335.567,2
178.5,19,772.231,782.709,3
178.5,20,300.498,215.922,2
178.5,21,436.471,634.345,1
178.5,22,710.214,303.697,3
178.5,23,561.662,237.519,2
178.5,24,302.371,332.637,2
178.5,25,642.031,201.878,3
178.5,26,323.275,534.313,2
178.5,27,664.628,643.319,3
178.5,28,449.329,673.882,1
178.5,29,287.49,511.249,2
179,0,753.891,401.807,3
179,1,309.898,611.682,2
179,2,422.878,778.502,1
179,3,662.025,223.427,3
179,4,357.962,551.187,2
179,5,482.14,339.59,2
179,6,735.839,241.839,3
179,7,234.6,730.162,2
179,8,298.651,377.471,2
179,9,289.289,745.564,1
179,10,580.002,540.848,3
179,11,471.756,376.589,2
179,12,460.687,587.248,1
179,13,290.923,595.911,2
179,14,629.147,582.519,3
179,15,250.555,367.432,2
179,16,211.715,317.49,2
179,17,392.387,555.959,2
179,18,446.865,336.273,2
179,19,770.949,781.932,1
179,20,301.93,215.477,2
179,21,436.263,635.831,1
179,22,711.508,304.455,3
179,23,560.172,237.689,3
179,24,301.246,331.646,2
179,25,641.74,201.607,3
179,26,323.97,532.984,2
179,27,663.137,643.162,3
179,28,449.274,672.383,1
179,29,288.392,512.448,2
179.5,0,753.043,400.57,3
179.5,1,309.459,613.117,1
179.5,2,421.381,778.419,1
179.5,3,663.318,224.187,3
179.5,4,359.205,550.347,1
179.5,5,480.794,340.253,3
179.5,6,735.624,240.354,3
179.5,7,235.256,728.813,2
179.5,8,297.826,378.724,2
179.5,9,290.093,746.83,1
179.5,10,578.653,540.192,1
179.5,11,470.502,377.411,3
179.5,12,460.891,585.761,2
179.5,13,292.423,595.943,1
179.5,14,629.496,583.978,1
179.5,15,250.059,368.848,2
179.5,16,211.235,318.911,2
179.5,17,393.411,554.863,1
179.5,18,448.188,336.98,2
179.5,19,769.666,781.155,3
179.5,20,303.363,215.031,2
179.5,21,436.054,637.316,1
179.5,22,712.803,305.213,3
179.5,23,558.682,237.859,3
179.5,24,300.121,330.654,2
179.5,25,640.418,202.316,3
179.5,26,324.666,531.655,2
179.5,27,661.645,643.005,3
179.5,28,449.218,670.884,1
179.5,29,289.294,513.647,2
180,0,752.195,399.333,3
180,1,309.021,614.551,2
180,2,419.883,778.336,1
180,3,664.612,224.946,3
180,4,360.448,549.508,2
180,5,479.449,340.916,3
180,6,735.408,238.87,3
180,7,235.911,727.463,1
180,8,297.002,379.976,2
180,9,290.897,748.096,1
180,10,577.305,539.536,3
180,11,469.247,378.233,3
180,12,461.096,584.275,1
180,13,293.923,595.975,2
180,14,629.844,585.437,3
180,15,249.563,370.264,2
180,16,210.755,320.332,2
180,17,394.435,553.767,2
180,18,449.511,337.686,3
180,19,768.383,780.377,1
180,20,304.795,214.586,2
180,21,435.845,638.802,1
180,22,714.098,305.971,3
180,23,557.191,238.029,3
180,24,298.995,329.662,2
180,25,639.095,203.024,3
180,26,325.361,530.326,2
180,27,660.153,642.849,3
180,28,449.163,669.385,1
180,29,290.195,514.846,2
180.5,0,751.347,398.095,3
180.5,1,308.582,615.986,2
180.5,2,418.385,778.253,1
180.5,3,665.906,225.705,3
180.5,4,361.691,548.668,2
180.5,5,478.103,341.579,3
180.5,6,735.192,237.385,3
180.5,7,236.567,726.114,1
180.5,8,296.177,381.229,2
180.5,9,291.702,749.362,1
180.5,10,575.956,538.879,3
180.5,11,467.993,379.056,3
180.5,12,461.3,582.789,1
180.5,13,295.422,596.006,2
180.5,14,630.193,586.896,3
180.5,15,249.067,371.679,2
180.5,16,210.275,321.753,2
180.5,17,395.459,552.67,2
180.5,18,450.834,338.393,3
180.5,19,767.1,779.6,1
180.5,20,306.227,214.141,2
180.5,21,435.636,640.287,1
180.5,22,715.392,306.728,3
180.5,23,555.701,238.199,2
180.5,24,297.87,328.67,2
180.5,25,637.773,203.732,3
180.5,26,326.057,528.997,2
180.5,27,658.661,642.692,1
180.5,28,449.108,667.886,1
180.5,29,291.097,516.045,2
181,0,750.499,396.858,3
181,1,308.143,617.42,1
181,2,416.888,778.17,1
181,3,667.199,226.465,3
181,4,362.934,547.829,2
181,5,476.758,342.242,2
181,6,734.977,235.901,3
181,7,237.222,724.765,1
181,8,295.352,382.482,2
181,9,292.506,750.629,1
181,10,574.607,538.223,3
181,11,466.738,379.878,2
181,12,461.504,581.303,1
181,13,296.922,596.038,2
181,14,630.542,588.354,3
181,15,248.572,373.095,2
181,16,209.795,323.174,2
181,17,396.482,551.574,1
181,18,452.158,339.1,2
181,19,765.817,778.823,1
181,20,307.66,213.696,2
181,21,435.428,641.772,1
181,22,716.687,307.486,3
181,23,554.211,238.369,3
181,24,296.745,327.678,2
181,25,636.451,204.44,3
181,26,326.752,527.668,2
181,27,657.169,642.535,1
181,28,449.052,666.387,1
181,29,291.998,517.243,2
181.5,0,749.651,395.621,3
181.5,1,307.704,618.855,2
181.5,2,415.39,778.088,1
181.5,3,668.493,227.224,3
181.5,4,364.178,546.99,2
181.5,5,475.412,342.905,3
181.5,6,734.761,234.417,3
181.5,7,237.878,723.416,2
181.5,8,294.527,383.735,2
181.5,9,293.31,751.895,1
181.5,10,573.258,537.567,3
181.5,11,465.484,380.7,3
181.5,12,461.708,579.817,2
181.5,13,298.422,596.07,2
181.5,14,630.89,589.813,3
181.5,15,248.076,374.511,2
181.5,16,209.315,324.595,2
181.5,17,397.506,550.478,2
181.5,18,453.481,339.806,2
181.5,19,764.534,778.045,3
181.5,20,309.092,213.25,2
181.5,21,435.219,643.258,1
181.5,22,717.981,308.244,3
181.5,23,552.72,238.539,3
181.5,24,295.62,326.686,2
181.5,25,635.129,205.148,3
181.5,26,327.448,526.339,2
181.5,27,655.678,642.378,3
181.5,28,448.997,664.888,1
181.5,29,292.9,518.442,2
182,0,748.803,394.384,3
182,1,307.266,620.289,1
182,2,413.892,778.005,1
182,3,669.786,227.983,3
182,4,365.421,546.15,1
182,5,474.066,343.568,3
182,6,734.546,232.932,3
182,7,238.534,722.067,2
182,8,293.702,384.988,2
182,9,294.114,753.161,1
182,10,571.91,536.91,3
182,11,464.229,381.523,3
182,12,461.912,578.331,2
182,13,299.921,596.102,1
182,14,631.239,591.272,3
182,15,247.58,375.927,2
182,16,208.835,326.016,2
182,17,398.53,549.382,1
182,18,454.804,340.513,3
182,19,763.251,777.268,3
182,20,310.524,212.805,2
182,21,435.01,644.743,1
182,22,719.276,309.002,3
182,23,551.23,238.709,3
182,24,294.494,325.695,2
182,25,633.806,205.857,3
182,26,328.143,525.01,2
182,27,654.186,642.222,3
182,28,448.942,663.389,1
182,29,293.802,519.641,2
182.5,0,747.955,393.146,3
182.5,1,306.827,621.723,2
182.5,2,412.394,777.922,1
182.5,3,671.08,228.743,3
182.5,4,366.664,545.311,2
182.5,5,472.721,344.231,2
182.5,6,734.33,231.448,3
182.5,7,239.189,720.718,1
182.5,8,292.877,386.241,2
182.5,9,294.919,754.427,1
182.5,10,570.561,536.254,1
182.5,11,462.975,382.345,2
182.5,12,462.116,576.845,1
182.5,13,301.421,596.133,2
182.5,14,631.587,592.731,1
182.5,15,247.084,377.342,2
182.5,16,208.355,327.437,2
182.5,17,399.554,548.285,2
182.5,18,456.127,341.219,2
182.5,19,761.968,776.491,1
182.5,20,311.957,212.36,2
182.5,21,434.801,646.229,1
182.5,22,720.57,309.76,3
182.5,23,549.74,238.879,2
182.5,24,293.369,324.703,2
182.5,25,632.484,206.565,3
182.5,26,328.839,523.681,2
182.5,27,652.694,642.065,1
182.5,28,448.886,661.89,1
182.5,29,294.703,520.84,2
183,0,747.107,391.909,3
183,1,306.388,623.158,1
183,2,410.897,777.839,1
183,3,672.374,229.502,3
183,4,367.907,544.472,2
183,5,471.375,344.894,2
183,6,734.115,229.963,3
183,7,239.845,719.369,1
183,8,292.052,387.493,2
183,9,295.723,755.693,1
183,10,569.212,535.598,1
183,11,461.72,383.167,2
183,12,462.321,575.359,1
183,13,302.921,596.165,1
183,14,631.936,594.19,1
183,15,246.589,378.758,2
183,16,207.875,328.858,2
183,17,400.578,547.189,1
183,18,457.45,341.926,2
183,19,760.685,775.713,1
183,20,313.389,211.914,2
183,21,434.593,647.714,1
183,22,721.865,310.517,3
183,23,548.249,239.049,2
183,24,292.244,323.711,2
183,25,631.162,207.273,3
183,26,329.534,522.352,2
183,27,651.202,641.908,1
183,28,448.831,660.391,1
183,29,295.605,522.039,2
