time_s,step,cellId,cio_l2_change,max_cio_change,txp_raw_curr,txp_raw_prev,txp_raw_change,txp_dBm_curr,txp_dBm_prev,ue_count_prev,ue_count_curr,ue_count_change,reward_prev,reward_curr,reward_change,consecutive_stagnant_steps,cio_stagnant,txp_stagnant,is_stagnant
1,1,1,-1,-1,0.993178,0.993178,-1,35.9727,35.9727,11,11,0,0,0,0,0,0,0,0
1,1,2,-1,-1,0.658932,0.658932,-1,34.6357,34.6357,10,10,0,0,0,0,0,0,0,0
1,1,3,-1,-1,-0.991927,-0.991927,-1,28.0323,28.0323,9,9,0,0,0,0,0,0,0,0
1.5,2,1,0.0129141,0.0129141,0.910332,0.993178,0.082846,35.6413,35.9727,11,14,3,0,0.745778,0.745778,0,1,0,0
1.5,2,2,0.00151229,0.00151229,0.166729,0.658932,0.492203,32.6669,34.6357,10,5,-5,0,0.633477,0.633477,0,1,0,0
1.5,2,3,0.0115383,0.0115383,-0.920156,-0.991927,0.0717708,28.3194,28.0323,9,11,2,0,0.606562,0.606562,0,1,0,0
2,3,1,0.015495,0.015495,0.969743,0.910332,0.0594108,35.879,35.6413,14,12,-2,0.745778,0.924506,0.178728,0,1,0,0
2,3,2,0.238431,0.238431,0.257158,0.166729,0.0904297,33.0286,32.6669,5,13,8,0.633477,0.590536,0.0429408,0,0,0,0
2,3,3,0.482792,0.482792,-0.562932,-0.920156,0.357224,29.7483,28.3194,11,5,-6,0.606562,0.546582,0.0599792,0,0,0,0
2.5,4,1,0.297561,0.297561,0.838559,0.969743,0.131184,35.3542,35.879,12,11,-1,0.924506,0.919026,0.00548,0,0,0,0
2.5,4,2,1.45673,1.45673,-0.621903,0.257158,0.879061,29.5124,33.0286,13,13,0,0.590536,0.56661,0.0239264,0,0,0,0
2.5,4,3,1.40254,1.40254,-0.18278,-0.562932,0.380152,31.2689,29.7483,5,6,1,0.546582,0.561294,0.014712,0,0,0,0
3,5,1,0.297959,0.297959,0.0463008,0.838559,0.792259,32.1852,35.3542,11,11,0,0.919026,0.839573,0.0794528,0,0,0,0
3,5,2,1.47217,1.47217,-0.809569,-0.621903,0.187666,28.7617,29.5124,13,13,0,0.56661,0.57185,0.00524,0,0,0,0
3,5,3,1.53772,1.53772,0.355818,-0.18278,0.538597,33.4233,31.2689,6,6,0,0.561294,0.661053,0.0997584,0,0,0,0
3.5,6,1,0.231324,0.231324,0.999412,0.0463008,0.953111,35.9976,32.1852,11,12,1,0.839573,0.770438,0.0691344,0,0,0,0
3.5,6,2,1.67064,1.67064,-0.887591,-0.809569,0.0780212,28.4496,28.7617,13,9,-4,0.57185,0.375602,0.196248,0,0,0,0
3.5,6,3,0.384476,0.384476,-0.369605,0.355818,0.725423,30.5216,33.4233,6,9,3,0.661053,0.899158,0.238106,0,0,0,0
4,7,1,0.134996,0.134996,0.999862,0.999412,0.000450075,35.9994,35.9976,12,11,-1,0.770438,0.77224,0.0018016,0,0,1,0
4,7,2,1.86753,1.86753,-0.722323,-0.887591,0.165268,29.1107,28.4496,9,9,0,0.375602,0.513918,0.138317,0,0,0,0
4,7,3,0.00119615,0.00119615,-0.989141,-0.369605,0.619536,28.0434,30.5216,9,10,1,0.899158,0.671402,0.227757,0,1,0,0
4.5,8,1,0.0964385,0.0964385,0.737277,0.999862,0.262585,34.9491,35.9994,11,14,3,0.77224,0.959166,0.186926,0,0,0,0
4.5,8,2,0.665326,0.665326,-0.742566,-0.722323,0.0202432,29.0297,29.1107,9,7,-2,0.513918,0.37232,0.141598,0,0,0,0
4.5,8,3,0.0154524,0.0154524,-0.992187,-0.989141,0.0030458,28.0313,28.0434,10,9,-1,0.671402,0.553382,0.118019,0,1,1,0
5,9,1,0.00636405,0.00636405,0.998875,0.737277,0.261598,35.9955,34.9491,14,17,3,0.959166,0.85421,0.104957,0,1,0,0
5,9,2,0.606261,0.606261,0.147946,-0.742566,0.890513,32.5918,29.0297,7,7,0,0.37232,0.424771,0.0524512,0,0,0,0
5,9,3,1.17737,1.17737,0.61851,-0.992187,1.6107,34.474,28.0313,9,6,-3,0.553382,0.516989,0.0363936,0,0,0,0
5.5,10,1,0.00424159,0.00424159,0.999729,0.998875,0.000853479,35.9989,35.9955,17,16,-1,0.85421,0.758384,0.0958256,0,1,1,0
5.5,10,2,0.329346,0.329346,-0.225214,0.147946,0.373161,31.0991,32.5918,7,8,1,0.424771,0.43972,0.0149488,0,0,0,0
5.5,10,3,0.190282,0.190282,-0.330056,0.61851,0.948566,30.6798,34.474,6,6,0,0.516989,0.726952,0.209963,0,0,0,0
6,11,1,0.00126213,0.00126213,0.913618,0.999729,0.0861103,35.6545,35.9989,16,11,-5,0.758384,0.882869,0.124485,0,1,0,0
6,11,2,0.43076,0.43076,0.360266,-0.225214,0.585481,33.4411,31.0991,8,9,1,0.43972,0.502781,0.0630608,0,0,0,0
6,11,3,1.32246,1.32246,-0.557356,-0.330056,0.2273,29.7706,30.6798,6,10,4,0.726952,0.611248,0.115704,0,0,0,0
6.5,12,1,5.55515e-05,5.55515e-05,0.994805,0.913618,0.081187,35.9792,35.6545,11,10,-1,0.882869,0.887502,0.0046336,0,1,0,0
6.5,12,2,0.104069,0.104069,-0.245814,0.360266,0.606081,31.0167,33.4411,9,9,0,0.502781,0.616123,0.113342,0,0,0,0
6.5,12,3,0.0634305,0.0634305,-0.853655,-0.557356,0.296299,28.5854,29.7706,10,11,1,0.611248,0.489098,0.12215,0,0,0,0
7,13,1,0.000859439,0.000859439,0.99307,0.994805,0.00173473,35.9723,35.9792,10,14,4,0.887502,0.843174,0.044328,0,1,1,0
7,13,2,1.25186,1.25186,-0.863533,-0.245814,0.617719,28.5459,31.0167,9,11,2,0.616123,0.518317,0.0978064,0,0,0,0
7,13,3,0.425823,0.425823,-0.603059,-0.853655,0.250596,29.5878,28.5854,11,5,-6,0.489098,0.508117,0.0190192,0,0,0,0
7.5,14,1,0.00589281,0.00589281,0.996096,0.99307,0.00302535,35.9844,35.9723,14,13,-1,0.843174,0.931914,0.0887392,0,1,1,0
7.5,14,2,1.26554,1.26554,-0.961523,-0.863533,0.0979894,28.1539,28.5459,11,12,1,0.518317,0.444528,0.0737888,0,0,0,0
7.5,14,3,0.0539812,0.0539812,-0.985836,-0.603059,0.382777,28.0567,29.5878,5,5,0,0.508117,0.542435,0.0343184,0,0,0,0
8,15,1,0.00052458,0.00052458,0.996735,0.996096,0.000638723,35.9869,35.9844,13,20,7,0.931914,0.972835,0.0409216,0,1,1,0
8,15,2,0.0332552,0.0332552,-0.764062,-0.961523,0.19746,28.9438,28.1539,12,6,-6,0.444528,0.370946,0.0735824,0,0,0,0
8,15,3,0.190535,0.190535,-0.671387,-0.985836,0.314449,29.3145,28.0567,5,4,-1,0.542435,0.516981,0.0254544,0,0,0,0
8.5,16,1,0.0247439,0.0247439,0.999922,0.996735,0.00318736,35.9997,35.9869,20,14,-6,0.972835,1.02791,0.0550752,0,0,1,0
8.5,16,2,0.0355007,0.0355007,-0.986658,-0.764062,0.222596,28.0534,28.9438,6,9,3,0.370946,0.354976,0.0159696,0,0,0,0
8.5,16,3,0.429113,0.429113,0.494673,-0.671387,1.16606,33.9787,29.3145,4,7,3,0.516981,0.514046,0.0029344,0,0,0,0
9,17,1,0.0307006,0.0307006,0.727379,0.999922,0.272543,34.9095,35.9997,14,15,1,1.02791,0.857059,0.170851,0,0,0,0
9,17,2,0.162804,0.162804,-0.824381,-0.986658,0.162277,28.7025,28.0534,9,9,0,0.354976,0.3688,0.013824,0,0,0,0
9,17,3,0.113721,0.113721,-0.985488,0.494673,1.48016,28.058,33.9787,7,6,-1,0.514046,0.724867,0.210821,0,0,0,0
9.5,18,1,0.00727999,0.00727999,0.988592,0.727379,0.261212,35.9544,34.9095,15,13,-2,0.857059,0.873794,0.0167344,0,1,0,0
9.5,18,2,0.293648,0.293648,-0.943446,-0.824381,0.119064,28.2262,28.7025,9,8,-1,0.3688,0.380082,0.0112816,0,0,0,0
9.5,18,3,0.00369358,0.00369358,-0.835792,-0.985488,0.149696,28.6568,28.058,6,9,3,0.724867,0.621717,0.10315,0,1,0,0
10,19,1,0.0022282,0.0022282,0.998729,0.988592,0.0101375,35.9949,35.9544,13,17,4,0.873794,0.906195,0.0324016,0,1,1,0
10,19,2,0.29235,0.29235,-0.495898,-0.943446,0.447547,30.0164,28.2262,8,7,-1,0.380082,0.396709,0.0166272,0,0,0,0
10,19,3,0.0349659,0.0349659,0.654495,-0.835792,1.49029,34.618,28.6568,9,6,-3,0.621717,0.501294,0.120422,0,0,0,0
10.5,20,1,0.0102999,0.0102999,0.997928,0.998729,0.000800967,35.9917,35.9949,17,17,0,0.906195,0.777461,0.128734,0,1,1,0
10.5,20,2,0.655507,0.655507,-0.95229,-0.495898,0.456392,28.1908,30.0164,7,7,0,0.396709,0.376526,0.0201824,0,0,0,0
10.5,20,3,0.387079,0.387079,-0.972115,0.654495,1.62661,28.1115,34.618,6,6,0,0.501294,0.693786,0.192491,0,0,0,0
11,21,1,0.00378352,0.00378352,0.998227,0.997928,0.000299156,35.9929,35.9917,17,13,-4,0.777461,0.887965,0.110504,0,1,1,0
11,21,2,0.34841,0.34841,-0.998359,-0.95229,0.0460687,28.0066,28.1908,7,7,0,0.376526,0.396691,0.0201648,0,0,0,0
11,21,3,0.0311443,0.0311443,-0.913747,-0.972115,0.0583683,28.345,28.1115,6,10,4,0.693786,0.535712,0.158074,0,0,0,0
11.5,22,1,0.00390697,0.00390697,0.963688,0.998227,0.0345389,35.8548,35.9929,13,15,2,0.887965,1.01335,0.125384,0,1,0,0
11.5,22,2,0.313577,0.313577,-0.987631,-0.998359,0.0107274,28.0495,28.0066,7,7,0,0.396691,0.365859,0.030832,0,0,1,0
11.5,22,3,0.402372,0.402372,0.190515,-0.913747,1.10426,32.7621,28.345,10,8,-2,0.535712,0.480096,0.055616,0,0,0,0
12,23,1,0.00156397,0.00156397,0.993269,0.963688,0.0295807,35.9731,35.8548,15,17,2,1.01335,0.826926,0.186422,0,1,0,0
12,23,2,0.189103,0.189103,-0.0413414,-0.987631,0.94629,31.8346,28.0495,7,7,0,0.365859,0.3442,0.0216592,0,0,0,0
12,23,3,1.85197,1.85197,-0.535976,0.190515,0.726491,29.8561,32.7621,8,6,-2,0.480096,0.557738,0.0776416,0,0,0,0
12.5,24,1,0.0235026,0.0235026,0.99888,0.993269,0.00561082,35.9955,35.9731,17,17,0,0.826926,0.837666,0.0107392,0,0,1,0
12.5,24,2,0.140443,0.140443,-0.105419,-0.0413414,0.0640776,31.5783,31.8346,7,7,0,0.3442,0.467427,0.123227,0,0,0,0
12.5,24,3,0.824315,0.824315,-0.997181,-0.535976,0.461205,28.0113,29.8561,6,6,0,0.557738,0.534778,0.02296,0,0,0,0
13,25,1,0.00715107,0.00715107,0.962447,0.99888,0.036433,35.8498,35.9955,17,12,-5,0.837666,0.925253,0.0875872,0,1,0,0
13,25,2,0.291791,0.291791,-0.878296,-0.105419,0.772877,28.4868,31.5783,7,7,0,0.467427,0.535984,0.0685568,0,0,0,0
13,25,3,1.03775,1.03775,-0.96495,-0.997181,0.0322306,28.1402,28.0113,6,11,5,0.534778,0.472438,0.0623392,0,0,0,0
13.5,26,1,0.0816523,0.0816523,0.999582,0.962447,0.037135,35.9983,35.8498,12,15,3,0.925253,0.967192,0.0419392,0,0,0,0
13.5,26,2,1.05488,1.05488,-0.93239,-0.878296,0.0540935,28.2704,28.4868,7,9,2,0.535984,0.400238,0.135746,0,0,0,0
13.5,26,3,0.0164992,0.0164992,-0.73995,-0.96495,0.225,29.0402,28.1402,11,6,-5,0.472438,0.419006,0.053432,0,1,0,0
14,27,1,0.0994859,0.0994859,0.963715,0.999582,0.0358668,35.8549,35.9983,15,18,3,0.967192,0.917685,0.0495072,0,0,0,0
14,27,2,0.103345,0.103345,-0.829902,-0.93239,0.102488,28.6804,28.2704,9,11,2,0.400238,0.379546,0.0206928,0,0,0,0
14,27,3,1.01658,1.01658,0.42565,-0.73995,1.1656,33.7026,29.0402,6,1,-5,0.419006,0.462966,0.04396,0,0,0,0
14.5,28,1,0.552707,0.552707,0.998919,0.963715,0.0352037,35.9957,35.8549,18,15,-3,0.917685,0.787238,0.130446,0,0,0,0
14.5,28,2,0.299735,0.299735,-0.366368,-0.829902,0.463534,30.5345,28.6804,11,7,-4,0.379546,0.382952,0.0034064,0,0,0,0
14.5,28,3,0.781389,0.781389,-0.947587,0.42565,1.37324,28.2097,33.7026,1,8,7,0.462966,0.632507,0.169541,0,0,0,0
15,29,1,0.506603,0.506603,0.984651,0.998919,0.0142677,35.9386,35.9957,15,13,-2,0.787238,0.842824,0.0555856,0,0,1,0
15,29,2,0.497359,0.497359,-0.432751,-0.366368,0.0663826,30.269,30.5345,7,6,-1,0.382952,0.444018,0.0610656,0,0,0,0
15,29,3,0.251129,0.251129,-0.965531,-0.947587,0.0179434,28.1379,28.2097,8,11,3,0.632507,0.560806,0.0717008,0,0,1,0
15.5,30,1,0.136057,0.136057,0.993298,0.984651,0.00864697,35.9732,35.9386,13,16,3,0.842824,0.887267,0.0444432,0,0,1,0
15.5,30,2,0.388421,0.388421,0.708858,-0.432751,1.14161,34.8354,30.269,6,7,1,0.444018,0.456789,0.0127712,0,0,0,0
15.5,30,3,0.0108082,0.0108082,-0.843647,-0.965531,0.121884,28.6254,28.1379,11,7,-4,0.560806,0.457773,0.103034,0,1,0,0
16,31,1,0.165232,0.165232,0.999363,0.993298,0.00606483,35.9975,35.9732,16,16,0,0.887267,0.755526,0.131741,0,0,1,0
16,31,2,0.479286,0.479286,-0.99782,0.708858,1.70668,28.0087,34.8354,7,8,1,0.456789,0.584245,0.127456,0,0,0,0
16,31,3,1.60933,1.60933,-0.823073,-0.843647,0.0205737,28.7077,28.6254,7,6,-1,0.457773,0.402398,0.0553744,0,0,0,0
16.5,32,1,0.0160833,0.0160833,0.809684,0.999363,0.189679,35.2387,35.9975,16,13,-3,0.755526,1.0218,0.266275,0,1,0,0
16.5,32,2,0.0530553,0.0530553,-0.933212,-0.99782,0.0646074,28.2672,28.0087,8,11,3,0.584245,0.443658,0.140587,0,0,0,0
16.5,32,3,1.6024,1.6024,-0.100541,-0.823073,0.722532,31.5978,28.7077,6,6,0,0.402398,0.43036,0.0279616,0,0,0,0
17,33,1,0.0258672,0.0258672,0.923146,0.809684,0.113462,35.6926,35.2387,13,13,0,1.0218,0.942299,0.0795024,0,0,0,0
17,33,2,1.07213,1.07213,0.472451,-0.933212,1.40566,33.8898,28.2672,11,11,0,0.443658,0.31127,0.132387,0,0,0,0
17,33,3,1.80328,1.80328,-0.878118,-0.100541,0.777577,28.4875,31.5978,6,6,0,0.43036,0.606498,0.176138,0,0,0,0
17.5,34,1,0.0265319,0.0265319,0.604431,0.923146,0.318715,34.4177,35.6926,13,15,2,0.942299,0.820019,0.12228,0,0,0,0
17.5,34,2,1.21347,1.21347,0.403733,0.472451,0.0687178,33.6149,33.8898,11,8,-3,0.31127,0.533002,0.221731,0,0,0,0
17.5,34,3,1.29883,1.29883,-0.484911,-0.878118,0.393207,30.0604,28.4875,6,7,1,0.606498,0.477749,0.128749,0,0,0,0
18,35,1,0.0926011,0.0926011,0.999392,0.604431,0.394962,35.9976,34.4177,15,16,1,0.820019,0.696957,0.123062,0,0,0,0
18,35,2,0.238281,0.238281,-0.859044,0.403733,1.26278,28.5638,33.6149,8,6,-2,0.533002,0.615741,0.0827392,0,0,0,0
18,35,3,0.535621,0.535621,-0.730105,-0.484911,0.245193,29.0796,30.0604,7,8,1,0.477749,0.507998,0.0302496,0,0,0,0
18.5,36,1,0.0812681,0.0812681,0.971762,0.999392,0.0276303,35.887,35.9976,16,12,-4,0.696957,0.943384,0.246427,0,0,0,0
18.5,36,2,1.34974,1.34974,-0.497212,-0.859044,0.361833,30.0112,28.5638,6,15,9,0.615741,0.39283,0.22291,0,0,0,0
18.5,36,3,0.256509,0.256509,-0.816956,-0.730105,0.086852,28.7322,29.0796,8,3,-5,0.507998,0.629072,0.121074,0,0,0,0
19,37,1,0.0224831,0.0224831,0.949256,0.971762,0.0225056,35.797,35.887,12,15,3,0.943384,0.900474,0.0429104,0,0,0,0
19,37,2,1.30137,1.30137,-0.258636,-0.497212,0.238576,30.9655,30.0112,15,12,-3,0.39283,0.388504,0.0043264,0,0,0,0
19,37,3,1.52096,1.52096,-0.47807,-0.816956,0.338886,30.0877,28.7322,3,3,0,0.629072,0.501515,0.127557,0,0,0,0
19.5,38,1,0.00908738,0.00908738,0.999958,0.949256,0.0507014,35.9998,35.797,15,22,7,0.900474,0.856539,0.0439344,0,1,0,0
19.5,38,2,0.269821,0.269821,-0.736391,-0.258636,0.477755,29.0544,30.9655,12,6,-6,0.388504,0.400957,0.0124528,0,0,0,0
19.5,38,3,0.4645,0.4645,-0.835739,-0.47807,0.357669,28.657,30.0877,3,2,-1,0.501515,0.466157,0.0353584,0,0,0,0
20,39,1,0.0413679,0.0413679,0.187547,0.999958,0.81241,32.7502,35.9998,22,12,-10,0.856539,0.993536,0.136997,0,0,0,0
20,39,2,0.646688,0.646688,-0.847872,-0.736391,0.111481,28.6085,29.0544,6,10,4,0.400957,0.357091,0.0438656,0,0,0,0
20,39,3,0.461377,0.461377,-0.293739,-0.835739,0.542001,30.825,28.657,2,8,6,0.466157,0.450013,0.016144,0,0,0,0
20.5,40,1,0.0019666,0.0019666,0.987646,0.187547,0.800098,35.9506,32.7502,12,15,3,0.993536,0.856413,0.137123,0,1,0,0
20.5,40,2,0.537147,0.537147,0.735933,-0.847872,1.58381,34.9437,28.6085,10,9,-1,0.357091,0.362928,0.0058368,0,0,0,0
20.5,40,3,0.287594,0.287594,-0.921855,-0.293739,0.628116,28.3126,30.825,8,6,-2,0.450013,0.616037,0.166024,0,0,0,0
21,41,1,0.0001688,0.0001688,0.995856,0.987646,0.00821054,35.9834,35.9506,15,14,-1,0.856413,0.732043,0.12437,0,1,1,0
21,41,2,0.128457,0.128457,-0.475922,0.735933,1.21186,30.0963,34.9437,9,8,-1,0.362928,0.545198,0.18227,0,0,0,0
21,41,3,0.190741,0.190741,-0.614478,-0.921855,0.307377,29.5421,28.3126,6,8,2,0.616037,0.468283,0.147754,0,0,0,0
21.5,42,1,7.27177e-05,7.27177e-05,0.983812,0.995856,0.0120443,35.9352,35.9834,14,15,1,0.732043,0.836819,0.104776,0,1,1,0
21.5,42,2,1.09383,1.09383,-0.849878,-0.475922,0.373956,28.6005,30.0963,8,11,3,0.545198,0.488346,0.0568528,0,0,0,0
21.5,42,3,0.320219,0.320219,-0.699117,-0.614478,0.0846391,29.2035,29.5421,8,4,-4,0.468283,0.4892,0.0209168,0,0,0,0
22,43,1,0.0149835,0.0149835,0.976119,0.983812,0.00769329,35.9045,35.9352,15,14,-1,0.836819,0.915693,0.0788736,0,1,1,0
22,43,2,0.30308,0.30308,-0.835554,-0.849878,0.0143244,28.6578,28.6005,11,13,2,0.488346,0.329421,0.158925,0,0,1,0
22,43,3,1.33767,1.33767,-0.161948,-0.699117,0.537169,31.3522,29.2035,4,3,-1,0.4892,0.566546,0.0773456,0,0,0,0
22.5,44,1,0.0146217,0.0146217,0.998217,0.976119,0.0220982,35.9929,35.9045,14,18,4,0.915693,0.786405,0.129288,0,1,0,0
22.5,44,2,1.32045,1.32045,-0.6774,-0.835554,0.158154,29.2904,28.6578,13,8,-5,0.329421,0.276843,0.0525776,0,0,0,0
22.5,44,3,1.20788,1.20788,-0.716944,-0.161948,0.554996,29.1322,31.3522,3,4,1,0.566546,0.625046,0.0585008,0,0,0,0
23,45,1,0.00120527,0.00120527,0.99741,0.998217,0.00080657,35.9896,35.9929,18,15,-3,0.786405,0.819349,0.032944,0,1,1,0
23,45,2,0.26738,0.26738,-0.80998,-0.6774,0.13258,28.7601,29.2904,8,7,-1,0.276843,0.306757,0.0299136,0,0,0,0
23,45,3,0.141925,0.141925,-0.958112,-0.716944,0.241168,28.1676,29.1322,4,8,4,0.625046,0.500147,0.124899,0,0,0,0
23.5,46,1,0.000548601,0.000548601,0.992391,0.99741,0.00501913,35.9696,35.9896,15,17,2,0.819349,0.881654,0.0623056,0,1,1,0
23.5,46,2,0.430669,0.430669,-0.744091,-0.80998,0.0658885,29.0236,28.7601,7,7,0,0.306757,0.310053,0.003296,0,0,0,0
23.5,46,3,1.50732,1.50732,-0.815031,-0.958112,0.143081,28.7399,28.1676,8,6,-2,0.500147,0.540192,0.0400448,0,0,0,0
24,47,1,0.00237447,0.00237447,0.997631,0.992391,0.00523973,35.9905,35.9696,17,16,-1,0.881654,0.908736,0.0270816,0,1,1,0
24,47,2,0.6984,0.6984,0.00641921,-0.744091,0.750511,32.0257,29.0236,7,8,1,0.310053,0.310962,0.0009088,0,0,0,0
24,47,3,1.55346,1.55346,-0.524634,-0.815031,0.290397,29.9015,28.7399,6,6,0,0.540192,0.484576,0.055616,0,0,0,0
24.5,48,1,0.00337464,0.00337464,0.842306,0.997631,0.155325,35.3692,35.9905,16,15,-1,0.908736,0.8502,0.058536,0,1,0,0
24.5,48,2,1.22647,1.22647,-0.5272,0.00641921,0.533619,29.8912,32.0257,8,7,-1,0.310962,0.446213,0.135251,0,0,0,0
24.5,48,3,1.50908,1.50908,0.0879697,-0.524634,0.612604,32.3519,29.9015,6,8,2,0.484576,0.447776,0.0368,0,0,0,0
25,49,1,0.0822164,0.0822164,0.993383,0.842306,0.151077,35.9735,35.3692,15,16,1,0.8502,0.752818,0.0973824,0,0,0,0
25,49,2,0.982956,0.982956,-0.596024,-0.5272,0.0688237,29.6159,29.8912,7,11,4,0.446213,0.347621,0.098592,0,0,0,0
25,49,3,0.290797,0.290797,-0.728602,0.0879697,0.816572,29.0856,32.3519,8,3,-5,0.447776,0.636202,0.188426,0,0,0,0
25.5,50,1,0.080993,0.080993,0.901842,0.993383,0.091541,35.6074,35.9735,16,16,0,0.752818,0.977728,0.22491,0,0,0,0
25.5,50,2,0.621596,0.621596,-0.772932,-0.596024,0.176908,28.9083,29.6159,11,6,-5,0.347621,0.311683,0.0359376,0,0,0,0
25.5,50,3,1.12783,1.12783,-0.874471,-0.728602,0.145869,28.5021,29.0856,3,8,5,0.636202,0.508245,0.127957,0,0,0,0
26,51,1,0.00038451,0.00038451,0.970677,0.901842,0.068835,35.8827,35.6074,16,12,-4,0.977728,0.983069,0.0053408,0,1,0,0
26,51,2,0.181984,0.181984,0.879322,-0.772932,1.65225,35.5173,28.9083,6,8,2,0.311683,0.293733,0.0179504,0,0,0,0
26,51,3,0.241836,0.241836,-0.999651,-0.874471,0.12518,28.0014,28.5021,8,10,2,0.508245,0.450565,0.05768,0,0,0,0
26.5,52,1,0.0155841,0.0155841,0.999832,0.970677,0.0291547,35.9993,35.8827,12,17,5,0.983069,0.747794,0.235275,0,1,0,0
26.5,52,2,0.731188,0.731188,-0.867593,0.879322,1.74692,28.5296,35.5173,8,8,0,0.293733,0.545336,0.251603,0,0,0,0
26.5,52,3,0.303269,0.303269,-0.281636,-0.999651,0.718015,30.8735,28.0014,10,6,-4,0.450565,0.4052,0.0453648,0,0,0,0
27,53,1,0.151769,0.151769,0.999493,0.999832,0.000338137,35.998,35.9993,17,13,-4,0.747794,0.843189,0.0953952,0,0,1,0
27,53,2,0.0339413,0.0339413,0.63389,-0.867593,1.50148,34.5356,28.5296,8,11,3,0.545336,0.440205,0.105131,0,0,0,0
27,53,3,1.04111,1.04111,-0.78526,-0.281636,0.503624,28.859,30.8735,6,6,0,0.4052,0.505778,0.100578,0,0,0,0
27.5,54,1,0.139327,0.139327,0.721843,0.999493,0.277651,34.8874,35.998,13,12,-1,0.843189,0.898222,0.0550336,0,0,0,0
27.5,54,2,0.389579,0.389579,-0.794371,0.63389,1.42826,28.8225,34.5356,11,12,1,0.440205,0.447504,0.0072992,0,0,0,0
27.5,54,3,0.902587,0.902587,-0.867984,-0.78526,0.0827238,28.5281,28.859,6,6,0,0.505778,0.506475,0.0006976,0,0,0,0
28,55,1,0.0294769,0.0294769,0.991762,0.721843,0.26992,35.967,34.8874,12,13,1,0.898222,0.875942,0.02228,0,0,0,0
28,55,2,0.0547619,0.0547619,-0.97127,-0.794371,0.176899,28.1149,28.8225,12,12,0,0.447504,0.415346,0.0321584,0,0,0,0
28,55,3,0.451516,0.451516,-0.677411,-0.867984,0.190573,29.2904,28.5281,6,5,-1,0.506475,0.461293,0.0451824,0,0,0,0
28.5,56,1,0.000916004,0.000916004,0.856885,0.991762,0.134877,35.4275,35.967,13,14,1,0.875942,0.990904,0.114962,0,1,0,0
28.5,56,2,0.191607,0.191607,-0.929486,-0.97127,0.0417839,28.2821,28.1149,12,10,-2,0.415346,0.258597,0.156749,0,0,0,0
28.5,56,3,0.532414,0.532414,-0.83519,-0.677411,0.157779,28.6592,29.2904,5,6,1,0.461293,0.50913,0.0478368,0,0,0,0
29,57,1,0.00140792,0.00140792,0.806986,0.856885,0.0498989,35.2279,35.4275,14,14,0,0.990904,0.942552,0.048352,0,1,0,0
29,57,2,0.965075,0.965075,-0.941836,-0.929486,0.0123498,28.2327,28.2821,10,10,0,0.258597,0.243699,0.0148976,0,0,1,0
29,57,3,0.0709319,0.0709319,-0.545051,-0.83519,0.290139,29.8198,28.6592,6,6,0,0.50913,0.50627,0.0028592,0,0,0,0
29.5,58,1,2.66433e-05,2.66433e-05,0.999675,0.806986,0.192689,35.9987,35.2279,14,14,0,0.942552,1.00894,0.0663872,0,1,0,0
29.5,58,2,0.222164,0.222164,-0.255339,-0.941836,0.686497,30.9786,28.2327,10,9,-1,0.243699,0.236787,0.006912,0,0,0,0
29.5,58,3,0.775401,0.775401,-0.819268,-0.545051,0.274217,28.7229,29.8198,6,7,1,0.50627,0.53117,0.0248992,0,0,0,0
30,59,1,0.136048,0.136048,0.999899,0.999675,0.000223935,35.9996,35.9987,14,22,8,1.00894,0.797146,0.211794,0,0,1,0
30,59,2,1.19526,1.19526,-0.83007,-0.255339,0.574731,28.6797,30.9786,9,4,-5,0.236787,0.31963,0.0828432,0,0,0,0
30,59,3,0.36794,0.36794,-0.918,-0.819268,0.0987326,28.328,28.7229,7,4,-3,0.53117,0.489602,0.041568,0,0,0,0
30.5,60,1,0.107378,0.107378,0.998829,0.999899,0.0010702,35.9953,35.9996,22,19,-3,0.797146,0.916949,0.119803,0,0,1,0
30.5,60,2,0.381543,0.381543,-0.211431,-0.83007,0.618639,31.1543,28.6797,4,5,1,0.31963,0.287661,0.0319696,0,0,0,0
30.5,60,3,0.408861,0.408861,-0.27476,-0.918,0.643241,30.901,28.328,4,6,2,0.489602,0.486197,0.0034048,0,0,0,0
31,61,1,0.0106813,0.0106813,0.978205,0.998829,0.0206242,35.9128,35.9953,19,16,-3,0.916949,0.878704,0.0382448,0,1,0,0
31,61,2,0.391441,0.391441,-0.918461,-0.211431,0.70703,28.3262,31.1543,5,10,5,0.287661,0.34623,0.0585696,0,0,0,0
31,61,3,0.411777,0.411777,0.631778,-0.27476,0.906538,34.5271,30.901,6,4,-2,0.486197,0.502482,0.0162848,0,0,0,0
31.5,62,1,0.0364237,0.0364237,0.994921,0.978205,0.0167166,35.9797,35.9128,16,15,-1,0.878704,0.805325,0.0733792,0,0,1,0
31.5,62,2,0.850629,0.850629,-0.868438,-0.918461,0.0500224,28.5262,28.3262,10,10,0,0.34623,0.263811,0.0824192,0,0,0,0
31.5,62,3,1.26515,1.26515,-0.929615,0.631778,1.56139,28.2815,34.5271,4,5,1,0.502482,0.677586,0.175104,0,0,0,0
32,63,1,0.00195032,0.00195032,0.503391,0.994921,0.49153,34.0136,35.9797,15,9,-6,0.805325,0.926514,0.121189,0,1,0,0
32,63,2,1.1502,1.1502,-0.935813,-0.868438,0.0673746,28.2567,28.5262,10,10,0,0.263811,0.206197,0.0576144,0,0,0,0
32,63,3,0.795289,0.795289,-0.542943,-0.929615,0.386672,29.8282,28.2815,5,11,6,0.677586,0.619067,0.0585184,0,0,0,0
32.5,64,1,0.0276392,0.0276392,0.442493,0.503391,0.0608988,33.77,34.0136,9,13,4,0.926514,0.947565,0.0210512,0,0,0,0
32.5,64,2,0.603234,0.603234,-0.0905958,-0.935813,0.845217,31.6376,28.2567,10,6,-4,0.206197,0.254381,0.048184,0,0,0,0
32.5,64,3,0.897348,0.897348,-0.977423,-0.542943,0.43448,28.0903,29.8282,11,11,0,0.619067,0.51953,0.0995376,0,0,0,0
33,65,1,0.018813,0.018813,0.999408,0.442493,0.556916,35.9976,33.77,13,13,0,0.947565,0.776285,0.17128,0,1,0,0
33,65,2,0.751467,0.751467,0.239224,-0.0905958,0.32982,32.9569,31.6376,6,8,2,0.254381,0.43471,0.18033,0,0,0,0
33,65,3,0.0231704,0.0231704,-0.95967,-0.977423,0.0177528,28.1613,28.0903,11,9,-2,0.51953,0.488805,0.0307248,0,0,1,0
33.5,66,1,1.9706,1.9706,0.999784,0.999408,0.000376046,35.9991,35.9976,13,11,-2,0.776285,0.800821,0.024536,0,0,1,0
33.5,66,2,0.0176557,0.0176557,-0.892449,0.239224,1.13167,28.4302,32.9569,8,11,3,0.43471,0.510918,0.076208,0,1,0,0
33.5,66,3,0.183181,0.183181,-0.953873,-0.95967,0.00579745,28.1845,28.1613,9,8,-1,0.488805,0.512323,0.0235184,0,0,1,0
34,67,1,1.97871,1.97871,0.787912,0.999784,0.211872,35.1516,35.9991,11,12,1,0.800821,0.96981,0.168989,0,0,0,0
34,67,2,1.81374,1.81374,-0.833276,-0.892449,0.0591736,28.6669,28.4302,11,11,0,0.510918,0.365206,0.145712,0,0,0,0
34,67,3,0.161438,0.161438,-0.533932,-0.953873,0.419941,29.8643,28.1845,8,7,-1,0.512323,0.457712,0.0546112,0,0,0,0
34.5,68,1,0.00273585,0.00273585,0.990601,0.787912,0.202689,35.9624,35.1516,12,18,6,0.96981,0.874459,0.0953504,0,1,0,0
34.5,68,2,1.75693,1.75693,-0.387974,-0.833276,0.445301,30.4481,28.6669,11,10,-1,0.365206,0.242259,0.122947,0,0,0,0
34.5,68,3,0.357129,0.357129,-0.105639,-0.533932,0.428293,31.5774,29.8643,7,2,-5,0.457712,0.437608,0.020104,0,0,0,0
35,69,1,0.00182074,0.00182074,0.988647,0.990601,0.00195479,35.9546,35.9624,18,18,0,0.874459,0.902018,0.0275584,0,1,1,0
35,69,2,0.62768,0.62768,-0.897621,-0.387974,0.509647,28.4095,30.4481,10,10,0,0.242259,0.248442,0.0061824,0,0,0,0
35,69,3,1.35741,1.35741,0.816794,-0.105639,0.922433,35.2672,31.5774,2,2,0,0.437608,0.48753,0.0499216,0,0,0,0
35.5,70,1,0.0025906,0.0025906,0.937698,0.988647,0.0509484,35.7508,35.9546,18,12,-6,0.902018,0.811189,0.0908288,0,1,0,0
35.5,70,2,0.544825,0.544825,0.498944,-0.897621,1.39656,33.9958,28.4095,10,11,1,0.248442,0.21283,0.0356112,0,0,0,0
35.5,70,3,1.65034,1.65034,-0.95554,0.816794,1.77233,28.1778,35.2672,2,7,5,0.48753,0.761546,0.274016,0,0,0,0
36,71,1,0.00324059,0.00324059,0.72247,0.937698,0.215228,34.8899,35.7508,12,8,-4,0.811189,0.905827,0.0946384,0,1,0,0
36,71,2,0.976754,0.976754,-0.697786,0.498944,1.19673,29.2089,33.9958,11,8,-3,0.21283,0.417973,0.205142,0,0,0,0
36,71,3,0.105918,0.105918,-0.936086,-0.95554,0.0194538,28.2557,28.1778,7,14,7,0.761546,0.576006,0.185539,0,0,1,0
36.5,72,1,0.00510144,0.00510144,0.999597,0.72247,0.277127,35.9984,34.8899,8,16,8,0.905827,0.870878,0.0349488,0,1,0,0
36.5,72,2,0.191451,0.191451,-0.915364,-0.697786,0.217578,28.3385,29.2089,8,10,2,0.417973,0.427208,0.0092352,0,0,0,0
36.5,72,3,0.210326,0.210326,-0.990987,-0.936086,0.0549002,28.0361,28.2557,14,4,-10,0.576006,0.514986,0.0610208,0,0,0,0
37,73,1,0.0429223,0.0429223,0.999914,0.999597,0.00031662,35.9997,35.9984,16,16,0,0.870878,0.97964,0.108762,0,0,1,0
37,73,2,0.723109,0.723109,0.550101,-0.915364,1.46546,34.2004,28.3385,10,11,1,0.427208,0.257362,0.169846,0,0,0,0
37,73,3,0.777952,0.777952,-0.91376,-0.990987,0.0772262,28.345,28.0361,4,3,-1,0.514986,0.542763,0.0277776,0,0,0,0
37.5,74,1,0.0435282,0.0435282,0.998266,0.999914,0.00164729,35.9931,35.9997,16,17,1,0.97964,0.859467,0.120173,0,0,1,0
37.5,74,2,0.325372,0.325372,-0.784811,0.550101,1.33491,28.8608,34.2004,11,11,0,0.257362,0.492186,0.234824,0,0,0,0
37.5,74,3,0.559265,0.559265,0.696073,-0.91376,1.60983,34.7843,28.345,3,2,-1,0.542763,0.489635,0.053128,0,0,0,0
38,75,1,0.00694209,0.00694209,0.984332,0.998266,0.0139341,35.9373,35.9931,17,14,-3,0.859467,0.813544,0.0459232,0,1,1,0
38,75,2,1.12939,1.12939,-0.514965,-0.784811,0.269847,29.9401,28.8608,11,11,0,0.492186,0.352931,0.139254,0,0,0,0
38,75,3,0.284049,0.284049,0.367917,0.696073,0.328156,33.4717,34.7843,2,5,3,0.489635,0.689808,0.200173,0,0,0,0
38.5,76,1,0.00275874,0.00275874,0.818859,0.984332,0.165473,35.2754,35.9373,14,10,-4,0.813544,0.881814,0.0682704,0,1,0,0
38.5,76,2,0.946666,0.946666,-0.661786,-0.514965,0.146821,29.3529,29.9401,11,10,-1,0.352931,0.182746,0.170186,0,0,0,0
38.5,76,3,1.26101,1.26101,-0.828231,0.367917,1.19615,28.6871,33.4717,5,10,5,0.689808,0.655736,0.034072,0,0,0,0
39,77,1,0.00355428,0.00355428,0.889185,0.818859,0.0703261,35.5567,35.2754,10,11,1,0.881814,0.923206,0.041392,0,1,0,0
39,77,2,0.201463,0.201463,-0.950032,-0.661786,0.288247,28.1999,29.3529,10,6,-4,0.182746,0.24476,0.0620144,0,0,0,0
39,77,3,0.00969303,0.00969303,-0.998891,-0.828231,0.17066,28.0044,28.6871,10,13,3,0.655736,0.626722,0.0290144,0,1,0,0
39.5,78,1,0.00111085,0.00111085,0.997345,0.889185,0.108159,35.9894,35.5567,11,11,0,0.923206,0.952173,0.0289664,0,1,0,0
39.5,78,2,0.943353,0.943353,-0.923792,-0.950032,0.02624,28.3048,28.1999,6,10,4,0.24476,0.251485,0.0067248,0,0,0,0
39.5,78,3,1.18635,1.18635,-0.950138,-0.998891,0.0487522,28.1994,28.0044,13,9,-4,0.626722,0.557218,0.069504,0,0,0,0
40,79,1,0.00412798,0.00412798,0.986584,0.997345,0.0107604,35.9463,35.9894,11,13,2,0.952173,0.957258,0.0050848,0,1,1,1
40,79,2,0.647595,0.647595,-0.973328,-0.923792,0.0495353,28.1067,28.3048,10,10,0,0.251485,0.203677,0.047808,0,0,0,0
40,79,3,0.295024,0.295024,-0.994437,-0.950138,0.0442984,28.0223,28.1994,9,7,-2,0.557218,0.605235,0.0480176,0,0,0,0
40.5,80,1,0.141219,0.141219,0.996528,0.986584,0.00994319,35.9861,35.9463,13,13,0,0.957258,0.925386,0.031872,0,0,1,0
40.5,80,2,0.153287,0.153287,0.30441,-0.973328,1.27774,33.2176,28.1067,10,10,0,0.203677,0.203344,0.0003328,0,0,0,0
40.5,80,3,0.786717,0.786717,-0.957295,-0.994437,0.0371422,28.1708,28.0223,7,7,0,0.605235,0.620397,0.0151616,0,0,0,0
41,81,1,0.14405,0.14405,0.4835,0.996528,0.513028,33.934,35.9861,13,13,0,0.925386,0.8552,0.0701856,0,0,0,0
41,81,2,0.0857648,0.0857648,0.454714,0.30441,0.150305,33.8189,33.2176,10,10,0,0.203344,0.423898,0.220554,0,0,0,0
41,81,3,0.0105497,0.0105497,-0.87179,-0.957295,0.0855045,28.5128,28.1708,7,7,0,0.620397,0.476379,0.144018,0,1,0,0
41.5,82,1,0.0129457,0.0129457,0.959303,0.4835,0.475803,35.8372,33.934,13,14,1,0.8552,0.697024,0.158176,0,1,0,0
41.5,82,2,0.38761,0.38761,-0.224193,0.454714,0.678908,31.1032,33.8189,10,10,0,0.423898,0.649264,0.225366,0,0,0,0
41.5,82,3,0.195908,0.195908,-0.794855,-0.87179,0.0769349,28.8206,28.5128,7,6,-1,0.476379,0.490758,0.0143792,0,0,0,0
42,83,1,0.00939602,0.00939602,0.988947,0.959303,0.029644,35.9558,35.8372,14,10,-4,0.697024,0.804206,0.107182,0,1,0,0
42,83,2,1.09175,1.09175,0.760404,-0.224193,0.984598,35.0416,31.1032,10,15,5,0.649264,0.487027,0.162237,0,0,0,0
42,83,3,0.881178,0.881178,-0.114252,-0.794855,0.680603,31.543,28.8206,6,5,-1,0.490758,0.53547,0.044712,0,0,0,0
42.5,84,1,0.021192,0.021192,0.336261,0.988947,0.652686,33.345,35.9558,10,12,2,0.804206,0.724683,0.0795232,0,0,0,0
42.5,84,2,0.906126,0.906126,-0.780034,0.760404,1.54044,28.8799,35.0416,15,12,-3,0.487027,0.556947,0.06992,0,0,0,0
42.5,84,3,0.0581411,0.0581411,0.674219,-0.114252,0.788471,34.6969,31.543,5,6,1,0.53547,0.557354,0.0218832,0,0,0,0
43,85,1,0.00334752,0.00334752,0.927719,0.336261,0.591458,35.7109,33.345,12,8,-4,0.724683,0.624898,0.0997856,0,1,0,0
43,85,2,0.359823,0.359823,-0.0374768,-0.780034,0.742558,31.8501,28.8799,12,14,2,0.556947,0.349165,0.207782,0,0,0,0
43,85,3,0.85418,0.85418,-0.983756,0.674219,1.65797,28.065,34.6969,6,8,2,0.557354,0.847072,0.289718,0,0,0,0
43.5,86,1,0.0911397,0.0911397,0.721947,0.927719,0.205772,34.8878,35.7109,8,10,2,0.624898,0.803083,0.178186,0,0,0,0
43.5,86,2,0.360196,0.360196,0.82773,-0.0374768,0.865206,35.3109,31.8501,14,10,-4,0.349165,0.324424,0.0247408,0,0,0,0
43.5,86,3,0.244902,0.244902,-0.980446,-0.983756,0.00330931,28.0782,28.065,8,10,2,0.847072,0.655147,0.191925,0,0,1,0
44,87,1,0.0521601,0.0521601,0.975666,0.721947,0.25372,35.9027,34.8878,10,14,4,0.803083,0.741955,0.061128,0,0,0,0
44,87,2,0.980276,0.980276,-0.783487,0.82773,1.61122,28.8661,35.3109,10,11,1,0.324424,0.662246,0.337822,0,0,0,0
44,87,3,0.329048,0.329048,-0.479139,-0.980446,0.501308,30.0834,28.0782,10,5,-5,0.655147,0.466789,0.188358,0,0,0,0
44.5,88,1,0.17857,0.17857,-0.148397,0.975666,1.12406,31.4064,35.9027,14,8,-6,0.741955,0.874962,0.133006,0,0,0,0
44.5,88,2,0.116068,0.116068,-0.776245,-0.783487,0.00724238,28.895,28.8661,11,16,5,0.662246,0.383005,0.279242,0,0,1,0
44.5,88,3,0.000580609,0.000580609,0.326952,-0.479139,0.806091,33.3078,30.0834,5,7,2,0.466789,0.562883,0.0960944,0,1,0,0
45,89,1,0.901875,0.901875,0.937628,-0.148397,1.08602,35.7505,31.4064,8,10,2,0.874962,0.740763,0.134198,0,0,0,0
45,89,2,0.211901,0.211901,-0.68674,-0.776245,0.0895043,29.253,28.895,16,11,-5,0.383005,0.221238,0.161766,0,0,0,0
45,89,3,0.552184,0.552184,0.528309,0.326952,0.201357,34.1132,33.3078,7,9,2,0.562883,0.9002,0.337317,0,0,0,0
45.5,90,1,0.711778,0.711778,0.980337,0.937628,0.0427095,35.9213,35.7505,10,7,-3,0.740763,0.812226,0.0714624,0,0,0,0
45.5,90,2,0.80867,0.80867,-0.0247334,-0.68674,0.662007,31.9011,29.253,11,11,0,0.221238,0.210509,0.0107296,0,0,0,0
45.5,90,3,0.841584,0.841584,-0.991161,0.528309,1.51947,28.0354,34.1132,9,12,3,0.9002,0.812237,0.0879632,0,0,0,0
46,91,1,0.511797,0.511797,0.966768,0.980337,0.0135695,35.8671,35.9213,7,10,3,0.812226,0.839826,0.0276,0,0,1,0
46,91,2,0.131378,0.131378,-0.506173,-0.0247334,0.481439,29.9753,31.9011,11,11,0,0.210509,0.291469,0.08096,0,0,0,0
46,91,3,0.0532287,0.0532287,-0.933338,-0.991161,0.0578234,28.2666,28.0354,12,9,-3,0.812237,0.706936,0.105301,0,0,0,0
46.5,92,1,0.112994,0.112994,0.990167,0.966768,0.0233995,35.9607,35.8671,10,12,2,0.839826,0.967283,0.127458,0,0,0,0
46.5,92,2,0.193504,0.193504,0.168297,-0.506173,0.67447,32.6732,29.9753,11,11,0,0.291469,0.338666,0.0471968,0,0,0,0
46.5,92,3,0.00168842,0.00168842,-0.988943,-0.933338,0.0556051,28.0442,28.2666,9,7,-2,0.706936,0.554411,0.152525,0,1,0,0
47,93,1,0.113292,0.113292,0.983089,0.990167,0.00707775,35.9324,35.9607,12,15,3,0.967283,0.877898,0.0893856,0,0,1,0
47,93,2,0.0829177,0.0829177,-0.862375,0.168297,1.03067,28.5505,32.6732,11,10,-1,0.338666,0.394181,0.0555152,0,0,0,0
47,93,3,0.831695,0.831695,-0.36698,-0.988943,0.621963,30.5321,28.0442,7,5,-2,0.554411,0.455264,0.0991472,0,0,0,0
47.5,94,1,0.00817317,0.00817317,0.995479,0.983089,0.0123897,35.9819,35.9324,15,14,-1,0.877898,0.960002,0.082104,0,1,1,0
47.5,94,2,1.29828,1.29828,-0.650742,-0.862375,0.211633,29.397,28.5505,10,11,1,0.394181,0.344606,0.0495744,0,0,0,0
47.5,94,3,0.252351,0.252351,0.233579,-0.36698,0.600559,32.9343,30.5321,5,5,0,0.455264,0.504562,0.0492976,0,0,0,0
48,95,1,0.00637293,0.00637293,0.956537,0.995479,0.0389422,35.8261,35.9819,14,13,-1,0.960002,0.832968,0.127034,0,1,0,0
48,95,2,1.71675,1.71675,-0.348781,-0.650742,0.301961,30.6049,29.397,11,9,-2,0.344606,0.216416,0.12819,0,0,0,0
48,95,3,0.95167,0.95167,-0.184935,0.233579,0.418514,31.2603,32.9343,5,8,3,0.504562,0.678858,0.174296,0,0,0,0
48.5,96,1,0.0104518,0.0104518,0.957536,0.956537,0.00099957,35.8301,35.8261,13,9,-4,0.832968,0.853714,0.0207456,0,1,1,0
48.5,96,2,0.758499,0.758499,-0.628953,-0.348781,0.280172,29.4842,30.6049,9,11,2,0.216416,0.255035,0.0386192,0,0,0,0
48.5,96,3,0.123689,0.123689,-0.917654,-0.184935,0.732719,28.3294,31.2603,8,10,2,0.678858,0.614104,0.0647536,0,0,0,0
49,97,1,0.182676,0.182676,0.999575,0.957536,0.0420386,35.9983,35.8301,9,15,6,0.853714,0.933118,0.0794048,0,0,0,0
49,97,2,0.944798,0.944798,-0.550708,-0.628953,0.0782453,29.7972,29.4842,11,6,-5,0.255035,0.285848,0.0308128,0,0,0,0
49,97,3,0.959057,0.959057,-0.908733,-0.917654,0.00892127,28.3651,28.3294,10,9,-1,0.614104,0.537155,0.0769488,0,0,1,0
49.5,98,1,0.181425,0.181425,0.987198,0.999575,0.0123771,35.9488,35.9983,15,12,-3,0.933118,1.06123,0.128109,0,0,1,0
49.5,98,2,0.985991,0.985991,-0.555806,-0.550708,0.00509804,29.7768,29.7972,6,10,4,0.285848,0.279875,0.0059728,0,0,1,0
49.5,98,3,0.949954,0.949954,-0.306599,-0.908733,0.602134,30.7736,28.3651,9,8,-1,0.537155,0.490898,0.0462576,0,0,0,0
50,99,1,0.0126482,0.0126482,0.571506,0.987198,0.415692,34.286,35.9488,12,12,0,1.06123,0.982443,0.078784,0,1,0,0
50,99,2,0.360355,0.360355,-0.358285,-0.555806,0.19752,30.5669,29.7768,10,11,1,0.279875,0.281029,0.0011536,0,0,0,0
50,99,3,0.0817888,0.0817888,-0.699104,-0.306599,0.392505,29.2036,30.7736,8,7,-1,0.490898,0.554629,0.0637312,0,0,0,0
50.5,100,1,0.0607066,0.0607066,0.965612,0.571506,0.394105,35.8624,34.286,12,13,1,0.982443,0.846525,0.135918,0,0,0,0
50.5,100,2,0.89098,0.89098,-0.471704,-0.358285,0.113418,30.1132,30.5669,11,11,0,0.281029,0.333696,0.0526672,0,0,0,0
50.5,100,3,0.100244,0.100244,-0.363196,-0.699104,0.335908,30.5472,29.2036,7,6,-1,0.554629,0.56636,0.0117312,0,0,0,0
51,101,1,0.0521846,0.0521846,0.999452,0.965612,0.0338407,35.9978,35.8624,13,13,0,0.846525,0.862368,0.0158432,0,0,0,0
51,101,2,0.331225,0.331225,-0.238291,-0.471704,0.233413,31.0468,30.1132,11,11,0,0.333696,0.34185,0.0081536,0,0,0,0
51,101,3,0.181386,0.181386,0.12523,-0.363196,0.488426,32.5009,30.5472,6,6,0,0.56636,0.559878,0.0064816,0,0,0,0
51.5,102,1,0.00742424,0.00742424,0.998437,0.999452,0.00101519,35.9937,35.9978,13,13,0,0.862368,0.81373,0.0486384,0,1,1,0
51.5,102,2,0.795161,0.795161,-0.858415,-0.238291,0.620124,28.5663,31.0468,11,11,0,0.34185,0.323059,0.0187904,0,0,0,0
51.5,102,3,0.122395,0.122395,-0.881936,0.12523,1.00717,28.4723,32.5009,6,6,0,0.559878,0.648221,0.0883424,0,0,0,0
52,103,1,0.0715181,0.0715181,0.837232,0.998437,0.161205,35.3489,35.9937,13,11,-2,0.81373,0.920242,0.106512,0,0,0,0
52,103,2,1.85632,1.85632,-0.543035,-0.858415,0.31538,29.8279,28.5663,11,11,0,0.323059,0.283805,0.0392544,0,0,0,0
52,103,3,0.459243,0.459243,-0.782229,-0.881936,0.0997069,28.8711,28.4723,6,8,2,0.648221,0.528555,0.119666,0,0,0,0
52.5,104,1,0.0348517,0.0348517,0.989329,0.837232,0.152098,35.9573,35.3489,11,14,3,0.920242,0.927773,0.0075312,0,0,0,0
52.5,104,2,1.1034,1.1034,-0.498833,-0.543035,0.0442021,30.0047,29.8279,11,11,0,0.283805,0.279902,0.0039024,0,0,0,0
52.5,104,3,0.541777,0.541777,-0.345382,-0.782229,0.436847,30.6185,28.8711,8,5,-3,0.528555,0.531491,0.002936,0,0,0,0
53,105,1,0.0258573,0.0258573,0.983274,0.989329,0.00605559,35.9331,35.9573,14,14,0,0.927773,0.929293,0.00152,0,0,1,0
53,105,2,1.03661,1.03661,-0.711503,-0.498833,0.21267,29.154,30.0047,11,11,0,0.279902,0.326094,0.046192,0,0,0,0
53,105,3,0.62654,0.62654,-0.203515,-0.345382,0.141867,31.1859,30.6185,5,5,0,0.531491,0.548267,0.016776,0,0,0,0
53.5,106,1,0.024793,0.024793,0.998188,0.983274,0.0149143,35.9928,35.9331,14,14,0,0.929293,0.825581,0.103712,0,0,1,0
53.5,106,2,1.22165,1.22165,-0.916417,-0.711503,0.204914,28.3343,29.154,11,11,0,0.326094,0.291446,0.034648,0,0,0,0
53.5,106,3,0.403496,0.403496,-0.773859,-0.203515,0.570344,28.9046,31.1859,5,5,0,0.548267,0.702749,0.154482,0,0,0,0
54,107,1,0.0336816,0.0336816,0.944588,0.998188,0.0536002,35.7784,35.9928,14,14,0,0.825581,0.935078,0.109498,0,0,0,0
54,107,2,0.569229,0.569229,-0.556352,-0.916417,0.360065,29.7746,28.3343,11,6,-5,0.291446,0.289914,0.0015328,0,0,0,0
54,107,3,0.196302,0.196302,-0.195371,-0.773859,0.578489,31.2185,28.9046,5,10,5,0.702749,0.570181,0.132568,0,0,0,0
54.5,108,1,0.0305464,0.0305464,0.978921,0.944588,0.0343335,35.9157,35.7784,14,13,-1,0.935078,0.957448,0.0223696,0,0,0,0
54.5,108,2,0.193821,0.193821,-0.728925,-0.556352,0.172573,29.0843,29.7746,6,10,4,0.289914,0.29856,0.0086464,0,0,0,0
54.5,108,3,0.632635,0.632635,-0.604224,-0.195371,0.408853,29.5831,31.2185,10,7,-3,0.570181,0.606054,0.0358736,0,0,0,0
55,109,1,0.000766993,0.000766993,0.981979,0.978921,0.0030579,35.9279,35.9157,13,12,-1,0.957448,0.969331,0.0118832,0,1,1,0
55,109,2,0.230527,0.230527,0.743107,-0.728925,1.47203,34.9724,29.0843,10,11,1,0.29856,0.314605,0.0160448,0,0,0,0
55,109,3,0.671413,0.671413,-0.957573,-0.604224,0.353349,28.1697,29.5831,7,7,0,0.606054,0.557915,0.0481392,0,0,0,0
55.5,110,1,0.00724113,0.00724113,0.99105,0.981979,0.00907069,35.9642,35.9279,12,12,0,0.969331,0.825818,0.143514,0,1,1,0
55.5,110,2,0.340231,0.340231,-0.993125,0.743107,1.73623,28.0275,34.9724,11,10,-1,0.314605,0.553035,0.23843,0,0,0,0
55.5,110,3,0.00536507,0.00536507,-0.906335,-0.957573,0.0512382,28.3747,28.1697,7,8,1,0.557915,0.492283,0.065632,0,1,0,0
56,111,1,0.0033561,0.0033561,0.987719,0.99105,0.00333142,35.9509,35.9642,12,13,1,0.825818,0.937331,0.111514,0,1,1,0
56,111,2,0.0156587,0.0156587,-0.156976,-0.993125,0.836149,31.3721,28.0275,10,10,0,0.553035,0.44035,0.112685,0,1,0,0
56,111,3,0.913434,0.913434,-0.411078,-0.906335,0.495257,30.3557,28.3747,8,6,-2,0.492283,0.51403,0.0217472,0,0,0,0
56.5,112,1,0.000733614,0.000733614,0.967154,0.987719,0.020565,35.8686,35.9509,13,13,0,0.937331,0.931542,0.0057888,0,1,0,0
56.5,112,2,0.939252,0.939252,-0.875133,-0.156976,0.718157,28.4995,31.3721,10,11,1,0.44035,0.356186,0.0841648,0,0,0,0
56.5,112,3,0.536729,0.536729,0.653032,-0.411078,1.06411,34.6121,30.3557,6,6,0,0.51403,0.576202,0.0621712,0,0,0,0
57,113,1,0.0126707,0.0126707,0.981439,0.967154,0.0142858,35.9258,35.8686,13,13,0,0.931542,0.831213,0.10033,0,1,1,0
57,113,2,0.316526,0.316526,0.610901,-0.875133,1.48603,34.4436,28.4995,11,11,0,0.356186,0.29535,0.0608352,0,0,0,0
57,113,3,1.4463,1.4463,-0.980663,0.653032,1.6337,28.0773,34.6121,6,6,0,0.576202,0.764539,0.188338,0,0,0,0
57.5,114,1,0.0207315,0.0207315,0.805296,0.981439,0.176143,35.2212,35.9258,13,9,-4,0.831213,0.749198,0.0820144,0,0,0,0
57.5,114,2,1.32193,1.32193,-0.587202,0.610901,1.1981,29.6512,34.4436,11,9,-2,0.29535,0.49036,0.19501,0,0,0,0
57.5,114,3,0.0138026,0.0138026,-0.849048,-0.980663,0.131616,28.6038,28.0773,6,12,6,0.764539,0.600315,0.164224,0,1,0,0
58,115,1,1.46844,1.46844,0.99974,0.805296,0.194444,35.999,35.2212,9,12,3,0.749198,0.866739,0.117541,0,0,0,0
58,115,2,0.220025,0.220025,-0.751348,-0.587202,0.164147,28.9946,29.6512,9,9,0,0.49036,0.510117,0.0197568,0,0,0,0
58,115,3,0.992558,0.992558,-0.916284,-0.849048,0.0672364,28.3349,28.6038,12,9,-3,0.600315,0.514213,0.0861024,0,0,0,0
58.5,116,1,1.50552,1.50552,0.982089,0.99974,0.0176511,35.9284,35.999,12,13,1,0.866739,1.06622,0.19948,0,0,1,0
58.5,116,2,1.17825,1.17825,-0.607399,-0.751348,0.143949,29.5704,28.9946,9,11,2,0.510117,0.32429,0.185827,0,0,0,0
58.5,116,3,0.360246,0.360246,0.213415,-0.916284,1.1297,32.8537,28.3349,9,6,-3,0.514213,0.540152,0.0259392,0,0,0,0
1,118,1,-1,-1,0.990488,0.990488,-1,35.962,35.962,11,11,0,0,0,0,0,0,0,0
1,118,2,-1,-1,-0.584436,-0.584436,-1,29.6623,29.6623,10,10,0,0,0,0,0,0,0,0
1,118,3,-1,-1,-0.867861,-0.867861,-1,28.5286,28.5286,9,9,0,0,0,0,0,0,0,0
1.5,119,1,0.0562833,0.0562833,0.917534,0.990488,0.0729547,35.6701,35.962,11,12,1,0,1.06941,1.06941,0,0,0,0
1.5,119,2,0.628365,0.628365,-0.675862,-0.584436,0.0914258,29.2966,29.6623,10,9,-1,0,0.376096,0.376096,0,0,0,0
1.5,119,3,0.460117,0.460117,-0.329356,-0.867861,0.538504,30.6826,28.5286,9,9,0,0,0.563675,0.563675,0,0,0,0
2,120,1,0.0955003,0.0955003,0.965657,0.917534,0.0481235,35.8626,35.6701,12,15,3,1.06941,0.917,0.15241,0,0,0,0
2,120,2,0.272301,0.272301,-0.792091,-0.675862,0.116229,28.8316,29.2966,9,10,1,0.376096,0.416891,0.0407952,0,0,0,0
2,120,3,0.0850599,0.0850599,-0.936609,-0.329356,0.607253,28.2536,30.6826,9,5,-4,0.563675,0.581923,0.018248,0,0,0,0
2.5,121,1,0.0926844,0.0926844,0.96958,0.965657,0.00392264,35.8783,35.8626,15,17,2,0.917,0.907666,0.0093344,0,0,1,0
2.5,121,2,0.0598719,0.0598719,0.865114,-0.792091,1.65721,35.4605,28.8316,10,6,-4,0.416891,0.448142,0.0312512,0,0,0,0
2.5,121,3,0.322258,0.322258,-0.220536,-0.936609,0.716073,31.1179,28.2536,5,7,2,0.581923,0.598941,0.0170176,0,0,0,0
3,122,1,9.87649e-05,9.87649e-05,0.959008,0.96958,0.0105717,35.836,35.8783,17,18,1,0.907666,0.751742,0.155923,0,1,1,0
3,122,2,1.20542,1.20542,-0.389895,0.865114,1.25501,30.4404,35.4605,6,6,0,0.448142,0.669902,0.22176,0,0,0,0
3,122,3,1.37552,1.37552,0.804601,-0.220536,1.02514,35.2184,31.1179,7,6,-1,0.598941,0.549323,0.0496176,0,0,0,0
3.5,123,1,0.165315,0.165315,0.996794,0.959008,0.0377858,35.9872,35.836,18,15,-3,0.751742,0.655819,0.0959232,0,0,0,0
3.5,123,2,0.171293,0.171293,0.395219,-0.389895,0.785114,33.5809,30.4404,6,8,2,0.669902,0.511765,0.158138,0,0,0,0
3.5,123,3,0.523698,0.523698,0.222499,0.804601,0.582102,32.89,35.2184,6,7,1,0.549323,0.83292,0.283597,0,0,0,0
4,124,1,0.148367,0.148367,0.798521,0.996794,0.198273,35.1941,35.9872,15,12,-3,0.655819,0.754738,0.0989184,0,0,0,0
4,124,2,0.584469,0.584469,0.826726,0.395219,0.431507,35.3069,33.5809,8,11,3,0.511765,0.436906,0.0748592,0,0,0,0
4,124,3,1.32004,1.32004,-0.992094,0.222499,1.21459,28.0316,32.89,7,7,0,0.83292,0.841373,0.0084528,0,0,0,0
4.5,125,1,0.0172969,0.0172969,0.939155,0.798521,0.140633,35.7566,35.1941,12,11,-1,0.754738,0.743109,0.0116288,0,1,0,0
4.5,125,2,0.629556,0.629556,-0.963018,0.826726,1.78974,28.1479,35.3069,11,11,0,0.436906,0.635024,0.198118,0,0,0,0
4.5,125,3,0.0348657,0.0348657,0.256853,-0.992094,1.24895,33.0274,28.0316,7,8,1,0.841373,0.542555,0.298818,0,0,0,0
5,126,1,0.00233674,0.00233674,-0.215436,0.939155,1.15459,31.1383,35.7566,11,11,0,0.743109,0.787613,0.044504,0,1,0,0
5,126,2,0.518476,0.518476,-0.958361,-0.963018,0.00465745,28.1666,28.1479,11,13,2,0.635024,0.516659,0.118365,0,0,1,0
5,126,3,0.27853,0.27853,-0.606923,0.256853,0.863776,29.5723,33.0274,8,6,-2,0.542555,0.62824,0.0856848,0,0,0,0
5.5,127,1,0.0171577,0.0171577,0.907859,-0.215436,1.1233,35.6314,31.1383,11,10,-1,0.787613,0.828997,0.041384,0,1,0,0
5.5,127,2,1.10844,1.10844,-0.915687,-0.958361,0.0426738,28.3373,28.1666,13,12,-1,0.516659,0.401253,0.115406,0,0,0,0
5.5,127,3,0.290652,0.290652,0.247961,-0.606923,0.854884,32.9918,29.5723,6,8,2,0.62824,0.784958,0.156718,0,0,0,0
6,128,1,0.00846475,0.00846475,0.996029,0.907859,0.0881699,35.9841,35.6314,10,15,5,0.828997,0.824506,0.0044912,0,1,0,0
6,128,2,1.65187,1.65187,-0.402185,-0.915687,0.513502,30.3913,28.3373,12,9,-3,0.401253,0.450379,0.0491264,0,0,0,0
6,128,3,0.396842,0.396842,-0.977251,0.247961,1.22521,28.091,32.9918,8,6,-2,0.784958,0.713725,0.0712336,0,0,0,0
6.5,129,1,0.271074,0.271074,0.999865,0.996029,0.0038358,35.9995,35.9841,15,19,4,0.824506,0.855336,0.0308304,0,0,1,0
6.5,129,2,1.79557,1.79557,-0.990614,-0.402185,0.588428,28.0375,30.3913,9,2,-7,0.450379,0.514139,0.06376,0,0,0,0
6.5,129,3,0.357771,0.357771,-0.519265,-0.977251,0.457986,29.9229,28.091,6,9,3,0.713725,0.539966,0.173758,0,0,0,0
7,130,1,0.278734,0.278734,0.998773,0.999865,0.00109202,35.9951,35.9995,19,16,-3,0.855336,0.904555,0.0492192,0,0,1,0
7,130,2,1.79009,1.79009,0.534502,-0.990614,1.52512,34.138,28.0375,2,7,5,0.514139,0.49045,0.0236896,0,0,0,0
7,130,3,0.042353,0.042353,-0.685662,-0.519265,0.166397,29.2574,29.9229,9,7,-2,0.539966,0.511963,0.0280032,0,0,0,0
7.5,131,1,0.000651419,0.000651419,0.999872,0.998773,0.00109905,35.9995,35.9951,16,20,4,0.904555,0.781864,0.122691,0,1,1,0
7.5,131,2,0.0148746,0.0148746,0.213643,0.534502,0.320859,32.8546,34.138,7,5,-2,0.49045,0.61928,0.12883,0,1,0,0
7.5,131,3,1.64848,1.64848,-0.968156,-0.685662,0.282495,28.1274,29.2574,7,5,-2,0.511963,0.490299,0.021664,0,0,0,0
8,132,1,2.71201e-05,2.71201e-05,0.122361,0.999872,0.877511,32.4894,35.9995,20,13,-7,0.781864,0.968666,0.186802,0,1,0,0
8,132,2,0.0861459,0.0861459,-0.902053,0.213643,1.1157,28.3918,32.8546,5,12,7,0.61928,0.575474,0.0438064,0,0,0,0
8,132,3,0.184557,0.184557,-0.842509,-0.968156,0.125647,28.63,28.1274,5,5,0,0.490299,0.453392,0.0369072,0,0,0,0
8.5,133,1,0.000145555,0.000145555,-0.130239,0.122361,0.2526,31.479,32.4894,13,11,-2,0.968666,0.986989,0.0183232,0,1,0,0
8.5,133,2,0.295431,0.295431,-0.382416,-0.902053,0.519637,30.4703,28.3918,12,12,0,0.575474,0.471893,0.103581,0,0,0,0
8.5,133,3,1.45563,1.45563,-0.602343,-0.842509,0.240166,29.5906,28.63,5,7,2,0.453392,0.569347,0.115955,0,0,0,0
9,134,1,0.0190746,0.0190746,0.959104,-0.130239,1.08934,35.8364,31.479,11,10,-1,0.986989,0.774096,0.212893,0,1,0,0
9,134,2,0.33451,0.33451,-0.942196,-0.382416,0.55978,28.2312,30.4703,12,12,0,0.471893,0.46437,0.0075232,0,0,0,0
9,134,3,0.0118691,0.0118691,-0.95725,-0.602343,0.354907,28.171,29.5906,7,8,1,0.569347,0.689174,0.119827,0,1,0,0
9.5,135,1,0.120473,0.120473,0.999765,0.959104,0.0406615,35.9991,35.8364,10,8,-2,0.774096,0.985574,0.211478,0,0,0,0
9.5,135,2,1.72928,1.72928,-0.67113,-0.942196,0.271065,29.3155,28.2312,12,14,2,0.46437,0.416741,0.0476288,0,0,0,0
9.5,135,3,0.0151412,0.0151412,-0.987551,-0.95725,0.0303009,28.0498,28.171,8,8,0,0.689174,0.56341,0.125765,0,1,0,0
10,136,1,0.136834,0.136834,0.997629,0.999765,0.00213653,35.9905,35.9991,8,14,6,0.985574,0.885858,0.0997168,0,0,1,0
10,136,2,1.58833,1.58833,0.37284,-0.67113,1.04397,33.4914,29.3155,14,11,-3,0.416741,0.500074,0.0833328,0,0,0,0
10,136,3,0.55233,0.55233,0.526976,-0.987551,1.51453,34.1079,28.0498,8,5,-3,0.56341,0.498403,0.0650064,0,0,0,0
10.5,137,1,0.000980794,0.000980794,0.970839,0.997629,0.0267895,35.8834,35.9905,14,15,1,0.885858,0.796816,0.0890416,0,1,0,0
10.5,137,2,1.07178,1.07178,-0.579102,0.37284,0.951942,29.6836,33.4914,11,9,-2,0.500074,0.437328,0.0627456,0,0,0,0
10.5,137,3,0.134242,0.134242,-0.651738,0.526976,1.17871,29.393,34.1079,5,6,1,0.498403,0.641837,0.143434,0,0,0,0
11,138,1,0.00165522,0.00165522,0.591289,0.970839,0.37955,34.3652,35.8834,15,10,-5,0.796816,0.867626,0.0708096,0,1,0,0
11,138,2,1.03229,1.03229,0.0687411,-0.579102,0.647843,32.275,29.6836,9,11,2,0.437328,0.431491,0.0058368,0,0,0,0
11,138,3,0.406026,0.406026,-0.368242,-0.651738,0.283496,30.527,29.393,6,9,3,0.641837,0.554174,0.0876624,0,0,0,0
11.5,139,1,0.00324255,0.00324255,0.987714,0.591289,0.396425,35.9509,34.3652,10,14,4,0.867626,0.793106,0.07452,0,1,0,0
11.5,139,2,0.195152,0.195152,-0.326942,0.0687411,0.395683,30.6922,32.275,11,7,-4,0.431491,0.500275,0.068784,0,0,0,0
11.5,139,3,1.46017,1.46017,-0.977787,-0.368242,0.609545,28.0889,30.527,9,9,0,0.554174,0.518662,0.035512,0,0,0,0
12,140,1,0.0023464,0.0023464,0.992144,0.987714,0.00443,35.9686,35.9509,14,14,0,0.793106,1.01172,0.218618,0,1,1,0
12,140,2,0.124082,0.124082,0.364156,-0.326942,0.691098,33.4566,30.6922,7,11,4,0.500275,0.455323,0.044952,0,0,0,0
12,140,3,1.12172,1.12172,-0.797648,-0.977787,0.180139,28.8094,28.0889,9,5,-4,0.518662,0.480358,0.038304,0,0,0,0
12.5,141,1,0.00594378,0.00594378,0.798021,0.992144,0.194124,35.1921,35.9686,14,11,-3,1.01172,1.00432,0.0074,0,1,0,0
12.5,141,2,1.48183,1.48183,-0.953774,0.364156,1.31793,28.1849,33.4566,11,12,1,0.455323,0.474378,0.0190544,0,0,0,0
12.5,141,3,0.36528,0.36528,-0.87069,-0.797648,0.0730419,28.5172,28.8094,5,7,2,0.480358,0.44625,0.0341088,0,0,0,0
13,142,1,0.000663817,0.000663817,0.999197,0.798021,0.201176,35.9968,35.1921,11,14,3,1.00432,0.929859,0.074464,0,1,0,0
13,142,2,1.63259,1.63259,0.450783,-0.953774,1.40456,33.8031,28.1849,12,12,0,0.474378,0.494477,0.0200992,0,0,0,0
13,142,3,1.78292,1.78292,-0.316338,-0.87069,0.554352,30.7346,28.5172,7,4,-3,0.44625,0.461707,0.0154576,0,0,0,0
13.5,143,1,0.274575,0.274575,0.999949,0.999197,0.000752151,35.9998,35.9968,14,23,9,0.929859,0.888662,0.0411968,0,0,1,0
13.5,143,2,0.0727881,0.0727881,-0.946561,0.450783,1.39734,28.2138,33.8031,12,4,-8,0.494477,0.467637,0.02684,0,0,0,0
13.5,143,3,0.835211,0.835211,0.519922,-0.316338,0.83626,34.0797,30.7346,4,3,-1,0.461707,0.482288,0.0205808,0,0,0,0
14,144,1,0.270483,0.270483,0.906182,0.999949,0.0937672,35.6247,35.9998,23,11,-12,0.888662,0.845773,0.0428896,0,0,0,0
14,144,2,0.109474,0.109474,-0.824954,-0.946561,0.121607,28.7002,28.2138,4,12,8,0.467637,0.423451,0.0441856,0,0,0,0
14,144,3,0.877544,0.877544,-0.652082,0.519922,1.172,29.3917,34.0797,3,7,4,0.482288,0.800314,0.318026,0,0,0,0
14.5,145,1,0.00134915,0.00134915,0.643042,0.906182,0.26314,34.5722,35.6247,11,11,0,0.845773,0.941384,0.0956112,0,1,0,0
14.5,145,2,0.169948,0.169948,-0.838786,-0.824954,0.0138319,28.6449,28.7002,12,11,-1,0.423451,0.322638,0.100813,0,0,1,0
14.5,145,3,0.124981,0.124981,-0.69625,-0.652082,0.0441685,29.215,29.3917,7,8,1,0.800314,0.661893,0.138421,0,0,0,0
15,146,1,0.00132108,0.00132108,0.953289,0.643042,0.310247,35.8132,34.5722,11,12,1,0.941384,0.961899,0.0205152,0,1,0,0
15,146,2,1.78343,1.78343,-0.59748,-0.838786,0.241305,29.6101,28.6449,11,9,-2,0.322638,0.330818,0.0081792,0,0,0,0
15,146,3,0.176466,0.176466,-0.925489,-0.69625,0.229239,28.298,29.215,8,9,1,0.661893,0.54571,0.116182,0,0,0,0
15.5,147,1,0.00280172,0.00280172,0.92976,0.953289,0.0235292,35.719,35.8132,12,12,0,0.961899,0.899725,0.0621744,0,1,0,0
15.5,147,2,1.74165,1.74165,-0.183309,-0.59748,0.414171,31.2668,29.6101,9,9,0,0.330818,0.466235,0.135418,0,0,0,0
15.5,147,3,0.0116436,0.0116436,-0.996651,-0.925489,0.0711617,28.0134,28.298,9,9,0,0.54571,0.58077,0.0350592,0,1,0,0
16,148,1,0.000843823,0.000843823,0.999443,0.92976,0.0696834,35.9978,35.719,12,13,1,0.899725,0.934518,0.0347936,0,1,0,0
16,148,2,0.773356,0.773356,-0.969315,-0.183309,0.786006,28.1227,31.2668,9,10,1,0.466235,0.473608,0.0073728,0,0,0,0
16,148,3,0.00509703,0.00509703,-0.605106,-0.996651,0.391545,29.5796,28.0134,9,7,-2,0.58077,0.46725,0.11352,0,1,0,0
16.5,149,1,0.00656819,0.00656819,0.97672,0.999443,0.0227227,35.9069,35.9978,13,13,0,0.934518,0.903029,0.0314896,0,1,0,0
16.5,149,2,0.444454,0.444454,-0.553867,-0.969315,0.415448,29.7845,28.1227,10,9,-1,0.473608,0.38921,0.0843984,0,0,0,0
16.5,149,3,0.22062,0.22062,-0.987211,-0.605106,0.382105,28.0512,29.5796,7,8,1,0.46725,0.414819,0.0524304,0,0,0,0
17,150,1,0.000206172,0.000206172,0.989926,0.97672,0.0132056,35.9597,35.9069,13,15,2,0.903029,0.914672,0.0116432,0,1,1,0
17,150,2,0.0568603,0.0568603,-0.993684,-0.553867,0.439816,28.0253,29.7845,9,7,-2,0.38921,0.413275,0.0240656,0,0,0,0
17,150,3,0.209794,0.209794,-0.969918,-0.987211,0.0172925,28.1203,28.0512,8,8,0,0.414819,0.452269,0.0374496,0,0,1,0
17.5,151,1,0.000107169,0.000107169,0.980455,0.989926,0.00947112,35.9218,35.9597,15,14,-1,0.914672,1.02839,0.113715,0,1,1,0
17.5,151,2,0.0230026,0.0230026,-0.909278,-0.993684,0.0844053,28.3629,28.0253,7,8,1,0.413275,0.393581,0.0196944,0,0,0,0
17.5,151,3,1.45604,1.45604,0.688059,-0.969918,1.65798,34.7522,28.1203,8,8,0,0.452269,0.435779,0.0164896,0,0,0,0
18,152,1,0.0470557,0.0470557,0.948971,0.980455,0.0314841,35.7959,35.9218,14,18,4,1.02839,0.794883,0.233504,0,0,0,0
18,152,2,1.38637,1.38637,-0.943696,-0.909278,0.0344174,28.2252,28.3629,8,8,0,0.393581,0.317376,0.0762048,0,0,0,0
18,152,3,0.780599,0.780599,-0.055513,0.688059,0.743572,31.7779,34.7522,8,4,-4,0.435779,0.67969,0.24391,0,0,0,0
18.5,153,1,0.047211,0.047211,0.999292,0.948971,0.0503215,35.9972,35.7959,18,12,-6,0.794883,0.853592,0.0587088,0,0,0,0
18.5,153,2,1.23775,1.23775,0.810584,-0.943696,1.75428,35.2423,28.2252,8,8,0,0.317376,0.274141,0.0432352,0,0,0,0
18.5,153,3,0.637562,0.637562,-0.920553,-0.055513,0.86504,28.3178,31.7779,4,10,6,0.67969,0.63237,0.04732,0,0,0,0
19,154,1,0.0438875,0.0438875,0.997032,0.999292,0.00226015,35.9881,35.9972,12,18,6,0.853592,0.74664,0.106952,0,0,1,0
19,154,2,0.570537,0.570537,-0.183671,0.810584,0.994255,31.2653,35.2423,8,2,-6,0.274141,0.625955,0.351814,0,0,0,0
19,154,3,0.0210668,0.0210668,-0.636302,-0.920553,0.284251,29.4548,28.3178,10,10,0,0.63237,0.423747,0.208622,0,0,0,0
19.5,155,1,0.0130051,0.0130051,0.999998,0.997032,0.00296634,36,35.9881,18,17,-1,0.74664,0.790763,0.0441232,0,1,1,0
19.5,155,2,0.844319,0.844319,-0.0232523,-0.183671,0.160419,31.907,31.2653,2,8,6,0.625955,0.562814,0.0631408,0,0,0,0
19.5,155,3,0.0585325,0.0585325,-0.0474589,-0.636302,0.588843,31.8102,29.4548,10,5,-5,0.423747,0.398171,0.025576,0,0,0,0
20,156,1,0.030362,0.030362,0.949484,0.999998,0.0505143,35.7979,36,17,12,-5,0.790763,0.851264,0.0605008,0,0,0,0
20,156,2,0.197734,0.197734,-0.964012,-0.0232523,0.940759,28.144,31.907,8,13,5,0.562814,0.42436,0.138454,0,0,0,0
20,156,3,1.42316,1.42316,0.193119,-0.0474589,0.240578,32.7725,31.8102,5,5,0,0.398171,0.497963,0.099792,0,0,0,0
20.5,157,1,0.253777,0.253777,0.970355,0.949484,0.0208712,35.8814,35.7979,12,11,-1,0.851264,0.854898,0.0036336,0,0,0,0
20.5,157,2,0.233364,0.233364,0.499537,-0.964012,1.46355,33.9981,28.144,13,10,-3,0.42436,0.330336,0.094024,0,0,0,0
20.5,157,3,1.42901,1.42901,0.0925642,0.193119,0.100555,32.3703,32.7725,5,9,4,0.497963,0.589858,0.0918944,0,0,0,0
21,158,1,0.225411,0.225411,0.960116,0.970355,0.0102394,35.8405,35.8814,11,14,3,0.854898,0.739806,0.115091,0,0,1,0
21,158,2,0.481243,0.481243,0.564591,0.499537,0.0650542,34.2584,33.9981,10,5,-5,0.330336,0.458429,0.128093,0,0,0,0
21,158,3,0.0097146,0.0097146,-0.311715,0.0925642,0.404279,30.7531,32.3703,9,11,2,0.589858,0.567029,0.0228288,0,1,0,0
21.5,159,1,0.00510341,0.00510341,0.999258,0.960116,0.0391421,35.997,35.8405,14,12,-2,0.739806,0.685778,0.0540288,0,1,0,0
21.5,159,2,0.205344,0.205344,-0.975597,0.564591,1.54019,28.0976,34.2584,5,8,3,0.458429,0.602402,0.143973,0,0,0,0
21.5,159,3,0.0661088,0.0661088,-0.844995,-0.311715,0.53328,28.62,30.7531,11,10,-1,0.567029,0.484152,0.0828768,0,0,0,0
22,160,1,0.0516602,0.0516602,0.891474,0.999258,0.107784,35.5659,35.997,12,9,-3,0.685778,0.985709,0.299931,0,0,0,0
22,160,2,0.0885015,0.0885015,-0.64726,-0.975597,0.328337,29.411,28.0976,8,13,5,0.602402,0.421435,0.180966,0,0,0,0
22,160,3,0.0108207,0.0108207,0.296776,-0.844995,1.14177,33.1871,28.62,10,8,-2,0.484152,0.454339,0.0298128,0,1,0,0
22.5,161,1,0.0704329,0.0704329,0.985456,0.891474,0.0939825,35.9418,35.5659,9,14,5,0.985709,0.922318,0.0633904,0,0,0,0
22.5,161,2,0.706369,0.706369,0.00839065,-0.64726,0.655651,32.0336,29.411,13,11,-2,0.421435,0.27633,0.145106,0,0,0,0
22.5,161,3,0.0125321,0.0125321,-0.906339,0.296776,1.20311,28.3746,33.1871,8,5,-3,0.454339,0.609714,0.155374,0,1,0,0
23,162,1,0.00161368,0.00161368,0.988532,0.985456,0.0030759,35.9541,35.9418,14,11,-3,0.922318,0.821333,0.100986,0,1,1,0
23,162,2,0.358489,0.358489,0.853226,0.00839065,0.844835,35.4129,32.0336,11,10,-1,0.27633,0.448112,0.171782,0,0,0,0
23,162,3,0.0412238,0.0412238,-0.996979,-0.906339,0.0906395,28.0121,28.3746,5,9,4,0.609714,0.52192,0.0877936,0,0,0,0
23.5,163,1,0.00622809,0.00622809,0.995916,0.988532,0.00738388,35.9837,35.9541,11,15,4,0.821333,0.7134,0.107933,0,1,1,0
23.5,163,2,0.379983,0.379983,-0.834523,0.853226,1.68775,28.6619,35.4129,10,9,-1,0.448112,0.645549,0.197437,0,0,0,0
23.5,163,3,0.965712,0.965712,0.369641,-0.996979,1.36662,33.4786,28.0121,9,6,-3,0.52192,0.411768,0.110152,0,0,0,0
24,164,1,0.00911248,0.00911248,0.651486,0.995916,0.344429,34.6059,35.9837,15,10,-5,0.7134,0.836878,0.123478,0,1,0,0
24,164,2,0.0115442,0.0115442,-0.837904,-0.834523,0.00338101,28.6484,28.6619,9,13,4,0.645549,0.410338,0.235211,0,1,1,0
24,164,3,1.04772,1.04772,-0.888964,0.369641,1.25861,28.4441,33.4786,6,7,1,0.411768,0.55759,0.145822,0,0,0,0
24.5,165,1,0.000260413,0.000260413,0.628264,0.651486,0.0232228,34.5131,34.6059,10,10,0,0.836878,1.0103,0.173422,0,1,0,0
24.5,165,2,1.46793,1.46793,-0.687742,-0.837904,0.150162,29.249,28.6484,13,12,-1,0.410338,0.277051,0.133286,0,0,0,0
24.5,165,3,0.151965,0.151965,-0.944028,-0.888964,0.0550638,28.2239,28.4441,7,8,1,0.55759,0.54739,0.0102,0,0,0,0
25,166,1,0.0512879,0.0512879,0.974587,0.628264,0.346323,35.8983,34.5131,10,13,3,1.0103,0.863221,0.14708,0,0,0,0
25,166,2,0.375092,0.375092,-0.770027,-0.687742,0.0822847,28.9199,29.249,12,10,-2,0.277051,0.39287,0.115819,0,0,0,0
25,166,3,0.176573,0.176573,-0.32222,-0.944028,0.621808,30.7111,28.2239,8,7,-1,0.54739,0.448342,0.099048,0,0,0,0
25.5,167,1,0.0257058,0.0257058,0.998428,0.974587,0.0238411,35.9937,35.8983,13,19,6,0.863221,0.809338,0.0538832,0,0,0,0
25.5,167,2,0.601541,0.601541,-0.718575,-0.770027,0.0514516,29.1257,28.9199,10,3,-7,0.39287,0.348666,0.0442048,0,0,0,0
25.5,167,3,0.925765,0.925765,-0.68421,-0.32222,0.361991,29.2632,30.7111,7,8,1,0.448342,0.508965,0.0606224,0,0,0,0
26,168,1,0.0211373,0.0211373,0.999998,0.998428,0.00157011,36,35.9937,19,20,1,0.809338,0.895664,0.0863264,0,0,1,0
26,168,2,1.61439,1.61439,-0.84376,-0.718575,0.125184,28.625,29.1257,3,5,2,0.348666,0.270718,0.0779472,0,0,0,0
26,168,3,1.01691,1.01691,-0.670017,-0.68421,0.0141931,29.3199,29.2632,8,5,-3,0.508965,0.486629,0.022336,0,0,1,0
26.5,169,1,0.0619677,0.0619677,0.999646,0.999998,0.000352263,35.9986,36,20,14,-6,0.895664,0.918552,0.022888,0,0,1,0
26.5,169,2,0.831617,0.831617,-0.0477379,-0.84376,0.796022,31.809,28.625,5,7,2,0.270718,0.269592,0.0011264,0,0,0,0
26.5,169,3,0.115279,0.115279,-0.990428,-0.670017,0.32041,28.0383,29.3199,5,9,4,0.486629,0.438594,0.0480352,0,0,0,0
27,170,1,0.0648965,0.0648965,0.958186,0.999646,0.0414601,35.8327,35.9986,14,14,0,0.918552,0.881938,0.0366144,0,0,0,0
27,170,2,0.843259,0.843259,0.765675,-0.0477379,0.813413,35.0627,31.809,7,8,1,0.269592,0.399522,0.12993,0,0,0,0
27,170,3,0.195407,0.195407,-0.796919,-0.990428,0.193509,28.8123,28.0383,9,8,-1,0.438594,0.428026,0.010568,0,0,0,0
27.5,171,1,1.34906,1.34906,0.98933,0.958186,0.0311443,35.9573,35.8327,14,14,0,0.881938,0.753085,0.128853,0,0,0,0
27.5,171,2,0.0601176,0.0601176,-0.567013,0.765675,1.33269,29.7319,35.0627,8,9,1,0.399522,0.590974,0.191453,0,0,0,0
27.5,171,3,0.0470503,0.0470503,-0.936304,-0.796919,0.139386,28.2548,28.8123,8,7,-1,0.428026,0.527614,0.0995888,0,0,0,0
28,172,1,1.27647,1.27647,0.976501,0.98933,0.0128288,35.906,35.9573,14,12,-2,0.753085,0.880621,0.127536,0,0,1,0
28,172,2,0.113839,0.113839,-0.368874,-0.567013,0.198139,30.5245,29.7319,9,11,2,0.590974,0.446128,0.144846,0,0,0,0
28,172,3,0.347659,0.347659,-0.62678,-0.936304,0.309525,29.4929,28.2548,7,7,0,0.527614,0.443253,0.0843616,0,0,0,0
28.5,173,1,0.057978,0.057978,0.82606,0.976501,0.150441,35.3042,35.906,12,14,2,0.880621,0.958779,0.0781584,0,0,0,0
28.5,173,2,0.300178,0.300178,0.296052,-0.368874,0.664926,33.1842,30.5245,11,10,-1,0.446128,0.355174,0.0909536,0,0,0,0
28.5,173,3,0.387588,0.387588,0.784842,-0.62678,1.41162,35.1394,29.4929,7,6,-1,0.443253,0.456958,0.0137056,0,0,0,0
29,174,1,0.0152015,0.0152015,0.838111,0.82606,0.0120512,35.3524,35.3042,14,15,1,0.958779,0.721301,0.237478,0,1,1,0
29,174,2,0.427529,0.427529,0.110632,0.296052,0.185421,32.4425,33.1842,10,9,-1,0.355174,0.37831,0.023136,0,0,0,0
29,174,3,0.138443,0.138443,-0.4527,0.784842,1.23754,30.1892,35.1394,6,6,0,0.456958,0.669021,0.212062,0,0,0,0
29.5,175,1,0.000459552,0.000459552,0.691113,0.838111,0.146998,34.7645,35.3524,15,11,-4,0.721301,0.750054,0.0287536,0,1,0,0
29.5,175,2,0.139801,0.139801,-0.619877,0.110632,0.730508,29.5205,32.4425,9,9,0,0.37831,0.444382,0.066072,0,0,0,0
29.5,175,3,0.0855967,0.0855967,-0.998354,-0.4527,0.545654,28.0066,30.1892,6,10,4,0.669021,0.584485,0.084536,0,0,0,0
30,176,1,0.00155741,0.00155741,0.707947,0.691113,0.0168342,34.8318,34.7645,11,11,0,0.750054,0.921406,0.171352,0,1,1,0
30,176,2,0.088112,0.088112,0.806127,-0.619877,1.426,35.2245,29.5205,9,11,2,0.444382,0.402146,0.0422368,0,0,0,0
30,176,3,0.962301,0.962301,-0.456738,-0.998354,0.541616,30.173,28.0066,10,8,-2,0.584485,0.464083,0.120402,0,0,0,0
30.5,177,1,1.08764,1.08764,0.847872,0.707947,0.139925,35.3915,34.8318,11,12,1,0.921406,0.752181,0.169226,0,0,0,0
30.5,177,2,1.19177,1.19177,-0.704915,0.806127,1.51104,29.1803,35.2245,11,11,0,0.402146,0.581238,0.179093,0,0,0,0
30.5,177,3,0.958597,0.958597,-0.989724,-0.456738,0.532985,28.0411,30.173,8,7,-1,0.464083,0.470506,0.0064224,0,0,0,0
31,178,1,1.08977,1.08977,0.999605,0.847872,0.151733,35.9984,35.3915,12,10,-2,0.752181,0.881608,0.129427,0,0,0,0
31,178,2,0.828077,0.828077,-0.803496,-0.704915,0.0985813,28.786,29.1803,11,11,0,0.581238,0.431277,0.149962,0,0,0,0
31,178,3,0.0678223,0.0678223,-0.482339,-0.989724,0.507385,30.0706,28.0411,7,9,2,0.470506,0.488826,0.01832,0,0,0,0
31.5,179,1,0.000101924,0.000101924,0.999166,0.999605,0.000438869,35.9967,35.9984,10,17,7,0.881608,0.919651,0.0380432,0,1,1,0
31.5,179,2,1.02079,1.02079,0.430538,-0.803496,1.23403,33.7222,28.786,11,9,-2,0.431277,0.266085,0.165192,0,0,0,0
31.5,179,3,1.26295,1.26295,-0.986916,-0.482339,0.504577,28.0523,30.0706,9,4,-5,0.488826,0.465502,0.0233232,0,0,0,0
32,180,1,0.00688732,0.00688732,0.998825,0.999166,0.000340939,35.9953,35.9967,17,14,-3,0.919651,0.831952,0.0876992,0,1,1,0
32,180,2,0.0276841,0.0276841,-0.546627,0.430538,0.977165,29.8135,33.7222,9,10,1,0.266085,0.433379,0.167294,0,0,0,0
32,180,3,1.05149,1.05149,-0.245319,-0.986916,0.741597,31.0187,28.0523,4,6,2,0.465502,0.455014,0.010488,0,0,0,0
32.5,181,1,0.00193924,0.00193924,0.997144,0.998825,0.00168109,35.9886,35.9953,14,14,0,0.831952,0.830274,0.0016784,0,1,1,1
32.5,181,2,0.296492,0.296492,-0.399198,-0.546627,0.147429,30.4032,29.8135,10,10,0,0.433379,0.372237,0.0611424,0,0,0,0
32.5,181,3,0.118744,0.118744,0.11807,-0.245319,0.363388,32.4723,31.0187,6,7,1,0.455014,0.482198,0.027184,0,0,0,0
33,182,1,0.00811493,0.00811493,0.909514,0.997144,0.0876306,35.6381,35.9886,14,15,1,0.830274,0.722803,0.10747,0,1,0,0
33,182,2,0.830339,0.830339,-0.770596,-0.399198,0.371398,28.9176,30.4032,10,7,-3,0.372237,0.269792,0.102445,0,0,0,0
33,182,3,0.0399845,0.0399845,-0.988741,0.11807,1.10681,28.045,32.4723,7,8,1,0.482198,0.564541,0.0823424,0,0,0,0
33.5,183,1,0.02209,0.02209,0.722342,0.909514,0.187172,34.8894,35.6381,15,13,-2,0.722803,0.924344,0.201541,0,0,0,0
33.5,183,2,0.712837,0.712837,0.777101,-0.770596,1.5477,35.1084,28.9176,7,8,1,0.269792,0.263998,0.0057936,0,0,0,0
33.5,183,3,0.0944991,0.0944991,0.714676,-0.988741,1.70342,34.8587,28.045,8,9,1,0.564541,0.557339,0.0072016,0,0,0,0
34,184,1,0.0514103,0.0514103,0.987537,0.722342,0.265195,35.9501,34.8894,13,16,3,0.924344,0.692317,0.232027,0,0,0,0
34,184,2,0.0942552,0.0942552,-0.479926,0.777101,1.25703,30.0803,35.1084,8,9,1,0.263998,0.475165,0.211166,0,0,0,0
34,184,3,1.60438,1.60438,0.114632,0.714676,0.600044,32.4585,34.8587,9,5,-4,0.557339,0.586125,0.0287856,0,0,0,0
34.5,185,1,0.0738428,0.0738428,-0.295014,0.987537,1.28255,30.8199,35.9501,16,9,-7,0.692317,0.863581,0.171264,0,0,0,0
34.5,185,2,0.916926,0.916926,-0.628653,-0.479926,0.148726,29.4854,30.0803,9,10,1,0.475165,0.413158,0.0620064,0,0,0,0
34.5,185,3,1.65781,1.65781,-0.984228,0.114632,1.09886,28.0631,32.4585,5,11,6,0.586125,0.517765,0.06836,0,0,0,0
35,186,1,0.023679,0.023679,0.980221,-0.295014,1.27524,35.9209,30.8199,9,8,-1,0.863581,0.723086,0.140494,0,0,0,0
35,186,2,0.922264,0.922264,-0.961618,-0.628653,0.332966,28.1535,29.4854,10,10,0,0.413158,0.425245,0.0120864,0,0,0,0
35,186,3,0.0967262,0.0967262,-0.994854,-0.984228,0.0106259,28.0206,28.0631,11,12,1,0.517765,0.601443,0.0836784,0,0,1,0
35.5,187,1,0.0238781,0.0238781,0.989407,0.980221,0.00918621,35.9576,35.9209,8,8,0,0.723086,1.07071,0.347624,0,0,1,0
35.5,187,2,0.257942,0.257942,-0.24673,-0.961618,0.714888,31.0131,28.1535,10,10,0,0.425245,0.370026,0.0552192,0,0,0,0
35.5,187,3,0.177998,0.177998,-0.797536,-0.994854,0.197318,28.8099,28.0206,12,12,0,0.601443,0.54347,0.0579728,0,0,0,0
36,188,1,0.00269085,0.00269085,0.896815,0.989407,0.0925924,35.5873,35.9576,8,13,5,1.07071,0.985338,0.0853728,0,1,0,0
36,188,2,0.215356,0.215356,0.658772,-0.24673,0.905503,34.6351,31.0131,10,10,0,0.370026,0.339581,0.0304448,0,0,0,0
36,188,3,0.525261,0.525261,0.601124,-0.797536,1.39866,34.4045,28.8099,12,7,-5,0.54347,0.564829,0.0213584,0,0,0,0
36.5,189,1,0.0171599,0.0171599,0.788811,0.896815,0.108004,35.1552,35.5873,13,14,1,0.985338,0.736494,0.248843,0,1,0,0
36.5,189,2,1.59978,1.59978,0.268369,0.658772,0.390404,33.0735,34.6351,10,10,0,0.339581,0.452974,0.113394,0,0,0,0
36.5,189,3,0.346456,0.346456,0.0712009,0.601124,0.529923,32.2848,34.4045,7,6,-1,0.564829,0.571834,0.0070048,0,0,0,0
37,190,1,0.017626,0.017626,0.360786,0.788811,0.428025,33.4431,35.1552,14,9,-5,0.736494,0.631251,0.105243,0,1,0,0
37,190,2,1.7887,1.7887,0.2131,0.268369,0.0552687,32.8524,33.0735,10,11,1,0.452974,0.501778,0.0488032,0,0,0,0
37,190,3,0.0941052,0.0941052,-0.755256,0.0712009,0.826457,28.979,32.2848,6,10,4,0.571834,0.569069,0.0027648,0,0,0,0
37.5,191,1,0.0144252,0.0144252,0.997112,0.360786,0.636326,35.9884,33.4431,9,14,5,0.631251,0.689565,0.0583136,0,1,0,0
37.5,191,2,0.00908703,0.00908703,-0.872914,0.2131,1.08601,28.5083,32.8524,11,7,-4,0.501778,0.567842,0.066064,0,1,0,0
37.5,191,3,0.020058,0.020058,-0.998998,-0.755256,0.243742,28.004,28.979,10,9,-1,0.569069,0.494658,0.0744112,0,0,0,0
38,192,1,0.0140419,0.0140419,0.926889,0.997112,0.0702225,35.7076,35.9884,14,9,-5,0.689565,0.985974,0.29641,0,1,0,0
38,192,2,1.09423,1.09423,-0.995174,-0.872914,0.12226,28.0193,28.5083,7,12,5,0.567842,0.377371,0.19047,0,0,0,0
38,192,3,0.00394863,0.00394863,-0.974967,-0.998998,0.0240313,28.1001,28.004,9,9,0,0.494658,0.538973,0.0443152,0,1,0,0
38.5,193,1,0.00374544,0.00374544,0.999398,0.926889,0.072509,35.9976,35.7076,9,15,6,0.985974,0.996869,0.0108944,0,1,0,0
38.5,193,2,0.413952,0.413952,-0.999229,-0.995174,0.00405461,28.0031,28.0193,12,10,-2,0.377371,0.22141,0.155962,0,0,1,0
38.5,193,3,0.0380558,0.0380558,0.0932079,-0.974967,1.06817,32.3728,28.1001,9,5,-4,0.538973,0.524773,0.0142,0,0,0,0
39,194,1,0.0652112,0.0652112,0.9994,0.999398,1.66893e-06,35.9976,35.9976,15,17,2,0.996869,0.863354,0.133515,0,0,1,0
39,194,2,0.725858,0.725858,-0.907963,-0.999229,0.0912661,28.3681,28.0031,10,8,-2,0.22141,0.215133,0.0062768,0,0,0,0
39,194,3,0.939614,0.939614,-0.948757,0.0932079,1.04196,28.205,32.3728,5,5,0,0.524773,0.587867,0.0630944,0,0,0,0
39.5,195,1,0.0644264,0.0644264,0.996092,0.9994,0.00330818,35.9844,35.9976,17,13,-4,0.863354,0.888814,0.0254608,0,0,1,0
39.5,195,2,0.179697,0.179697,0.605771,-0.907963,1.51373,34.4231,28.3681,8,9,1,0.215133,0.199398,0.0157344,0,0,0,0
39.5,195,3,0.200228,0.200228,-0.41844,-0.948757,0.530317,30.3262,28.205,5,8,3,0.587867,0.572768,0.0150992,0,0,0,0
40,196,1,0.0285991,0.0285991,0.66745,0.996092,0.328642,34.6698,35.9844,13,14,1,0.888814,0.85351,0.035304,0,0,0,0
40,196,2,0.115103,0.115103,-0.471584,0.605771,1.07735,30.1137,34.4231,9,8,-1,0.199398,0.463624,0.264226,0,0,0,0
40,196,3,0.856859,0.856859,-0.993691,-0.41844,0.575251,28.0252,30.3262,8,8,0,0.572768,0.562531,0.0102368,0,0,0,0
40.5,197,1,0.0292704,0.0292704,0.868744,0.66745,0.201294,35.475,34.6698,14,12,-2,0.85351,0.816386,0.0371248,0,0,0,0
40.5,197,2,0.29555,0.29555,0.97648,-0.471584,1.44806,35.9059,30.1137,8,9,1,0.463624,0.505912,0.042288,0,0,0,0
40.5,197,3,0.0143167,0.0143167,-0.985934,-0.993691,0.00775689,28.0563,28.0252,8,9,1,0.562531,0.566219,0.003688,0,1,1,1
41,198,1,0.0412956,0.0412956,0.99811,0.868744,0.129367,35.9924,35.475,12,15,3,0.816386,0.726134,0.0902512,0,0,0,0
41,198,2,1.62882,1.62882,-0.0645268,0.97648,1.04101,31.7419,35.9059,9,8,-1,0.505912,0.576859,0.0709472,0,0,0,0
41,198,3,0.824784,0.824784,-0.98388,-0.985934,0.00205445,28.0645,28.0563,9,7,-2,0.566219,0.5208,0.0454192,0,0,1,0
41.5,199,1,0.0402145,0.0402145,0.653942,0.99811,0.344168,34.6158,35.9924,15,13,-2,0.726134,0.826312,0.100178,0,0,0,0
41.5,199,2,0.778864,0.778864,-0.415074,-0.0645268,0.350548,30.3397,31.7419,8,11,3,0.576859,0.486046,0.0908128,0,0,0,0
41.5,199,3,0.579125,0.579125,-0.696688,-0.98388,0.287192,29.2132,28.0645,7,6,-1,0.5208,0.404392,0.116408,0,0,0,0
42,200,1,0.00126648,0.00126648,0.624125,0.653942,0.0298169,34.4965,34.6158,13,11,-2,0.826312,0.935178,0.108866,0,1,0,0
42,200,2,0.577507,0.577507,-0.470817,-0.415074,0.0557422,30.1167,30.3397,11,13,2,0.486046,0.381818,0.104229,0,0,0,0
42,200,3,0.332329,0.332329,-0.447753,-0.696688,0.248934,30.209,29.2132,6,6,0,0.404392,0.502253,0.0978608,0,0,0,0
42.5,201,1,0.00751066,0.00751066,0.839718,0.624125,0.215594,35.3589,34.4965,11,10,-1,0.935178,0.884771,0.0504064,0,1,0,0
42.5,201,2,0.0358267,0.0358267,-0.909298,-0.470817,0.438481,28.3628,30.1167,13,11,-2,0.381818,0.357312,0.0245056,0,0,0,0
42.5,201,3,0.0332146,0.0332146,-0.474719,-0.447753,0.0269657,30.1011,30.209,6,9,3,0.502253,0.551387,0.0491344,0,0,0,0
43,202,1,0.0762805,0.0762805,0.774841,0.839718,0.0648775,35.0994,35.3589,10,9,-1,0.884771,0.985958,0.101187,0,0,0,0
43,202,2,0.460124,0.460124,-0.933509,-0.909298,0.0242113,28.266,28.3628,11,11,0,0.357312,0.271378,0.0859344,0,0,0,0
43,202,3,0.633264,0.633264,-0.990617,-0.474719,0.515898,28.0375,30.1011,9,10,1,0.551387,0.599861,0.0484736,0,0,0,0
43.5,203,1,0.0855949,0.0855949,0.847452,0.774841,0.0726118,35.3898,35.0994,9,9,0,0.985958,1.05694,0.070984,0,0,0,0
43.5,203,2,0.913772,0.913772,-0.778801,-0.933509,0.154708,28.8848,28.266,11,11,0,0.271378,0.220216,0.0511616,0,0,0,0
43.5,203,3,0.273595,0.273595,-0.765768,-0.990617,0.224849,28.9369,28.0375,10,10,0,0.599861,0.588688,0.0111728,0,0,0,0
44,204,1,0.00200385,0.00200385,0.99008,0.847452,0.142628,35.9603,35.3898,9,12,3,1.05694,0.963571,0.0933712,0,1,0,0
44,204,2,1.04818,1.04818,-0.575463,-0.778801,0.203338,29.6981,28.8848,11,8,-3,0.220216,0.221062,0.0008464,0,0,0,0
44,204,3,0.112487,0.112487,-0.936022,-0.765768,0.170254,28.2559,28.9369,10,10,0,0.588688,0.517733,0.0709552,0,0,0,0
44.5,205,1,0.0100477,0.0100477,0.967582,0.99008,0.0224978,35.8703,35.9603,12,16,4,0.963571,1.00077,0.0372,0,1,0,0
44.5,205,2,0.505443,0.505443,-0.771983,-0.575463,0.19652,28.9121,29.6981,8,9,1,0.221062,0.254341,0.0332784,0,0,0,0
44.5,205,3,0.0170898,0.0170898,0.981687,-0.936022,1.91771,35.9267,28.2559,10,5,-5,0.517733,0.602634,0.0849008,0,1,0,0
45,206,1,0.0042581,0.0042581,0.993926,0.967582,0.0263436,35.9757,35.8703,16,15,-1,1.00077,0.857491,0.14328,0,1,0,0
45,206,2,1.83879,1.83879,-0.763051,-0.771983,0.00893182,28.9478,28.9121,9,10,1,0.254341,0.209646,0.0446944,0,0,1,0
45,206,3,0.194799,0.194799,-0.568878,0.981687,1.55056,29.7245,35.9267,5,5,0,0.602634,0.821998,0.219365,0,0,0,0
45.5,207,1,0.0162002,0.0162002,0.102252,0.993926,0.891674,32.409,35.9757,15,13,-2,0.857491,0.887083,0.029592,0,1,0,0
45.5,207,2,1.47742,1.47742,-0.804363,-0.763051,0.0413113,28.7825,28.9478,10,10,0,0.209646,0.202486,0.00716,0,0,0,0
45.5,207,3,0.344818,0.344818,-0.677407,-0.568878,0.108529,29.2904,29.7245,5,7,2,0.821998,0.646224,0.175774,0,0,0,0
46,208,1,0.0485133,0.0485133,0.876422,0.102252,0.77417,35.5057,32.409,13,16,3,0.887083,0.854346,0.0327376,0,0,0,0
46,208,2,0.389473,0.389473,0.66051,-0.804363,1.46487,34.642,28.7825,10,9,-1,0.202486,0.280805,0.0783184,0,0,0,0
46,208,3,1.5178,1.5178,0.0982085,-0.677407,0.775615,32.3928,29.2904,7,5,-2,0.646224,0.601747,0.0444768,0,0,0,0
46.5,209,1,0.0163118,0.0163118,-0.741847,0.876422,1.61827,29.0326,35.5057,16,15,-1,0.854346,0.686706,0.16764,0,1,0,0
46.5,209,2,1.83646,1.83646,-0.935767,0.66051,1.59628,28.2569,34.642,9,9,0,0.280805,0.469128,0.188323,0,0,0,0
46.5,209,3,0.836473,0.836473,0.110593,0.0982085,0.0123841,32.4424,32.3928,5,6,1,0.601747,0.618637,0.0168896,0,0,1,0
47,210,1,0.0551458,0.0551458,-0.0599404,-0.741847,0.681906,31.7602,29.0326,15,10,-5,0.686706,0.620987,0.0657184,0,0,0,0
47,210,2,1.69814,1.69814,0.300221,-0.935767,1.23599,33.2009,28.2569,9,11,2,0.469128,0.416034,0.0530944,0,0,0,0
47,210,3,0.367924,0.367924,0.955219,0.110593,0.844626,35.8209,32.4424,6,9,3,0.618637,0.866363,0.247726,0,0,0,0
47.5,211,1,0.0737718,0.0737718,0.293154,-0.0599404,0.353094,33.1726,31.7602,10,7,-3,0.620987,0.489157,0.13183,0,0,0,0
47.5,211,2,0.174722,0.174722,-0.632291,0.300221,0.932513,29.4708,33.2009,11,10,-1,0.416034,0.397232,0.0188016,0,0,0,0
47.5,211,3,0.177306,0.177306,0.420074,0.955219,0.535145,33.6803,35.8209,9,13,4,0.866363,0.832147,0.034216,0,0,0,0
48,212,1,0.0139821,0.0139821,0.87108,0.293154,0.577926,35.4843,33.1726,7,3,-4,0.489157,0.680112,0.190955,0,1,0,0
48,212,2,1.8329,1.8329,0.959527,-0.632291,1.59182,35.8381,29.4708,10,13,3,0.397232,0.343595,0.0536368,0,0,0,0
48,212,3,0.655781,0.655781,0.0607286,0.420074,0.359345,32.2429,33.6803,13,14,1,0.832147,0.783435,0.048712,0,0,0,0
48.5,213,1,1.76011,1.76011,0.986104,0.87108,0.115024,35.9444,35.4843,3,5,2,0.680112,0.757534,0.0774224,0,0,0,0
48.5,213,2,0.0476295,0.0476295,0.837938,0.959527,0.121588,35.3518,35.8381,13,12,-1,0.343595,0.487538,0.143942,0,0,0,0
48.5,213,3,0.701869,0.701869,0.88458,0.0607286,0.823851,35.5383,32.2429,14,13,-1,0.783435,0.622174,0.161261,0,0,0,0
49,214,1,0.89181,0.89181,0.775936,0.986104,0.210168,35.1037,35.9444,5,8,3,0.757534,0.624678,0.132856,0,0,0,0
49,214,2,1.78315,1.78315,-0.77652,0.837938,1.61446,28.8939,35.3518,12,6,-6,0.487538,0.55295,0.0654128,0,0,0,0
49,214,3,1.38912,1.38912,0.0586236,0.88458,0.825956,32.2345,35.5383,13,16,3,0.622174,0.639453,0.0172784,0,0,0,0
49.5,215,1,0.693018,0.693018,-0.363992,0.775936,1.13993,30.544,35.1037,8,15,7,0.624678,0.754197,0.129518,0,0,0,0
49.5,215,2,0.924193,0.924193,-0.189042,-0.77652,0.587477,31.2438,28.8939,6,8,2,0.55295,0.352266,0.200685,0,0,0,0
49.5,215,3,1.64698,1.64698,0.0558681,0.0586236,0.00275548,32.2235,32.2345,16,7,-9,0.639453,0.68941,0.0499568,0,0,1,0
50,216,1,1.10627,1.10627,0.896593,-0.363992,1.26059,35.5864,30.544,15,9,-6,0.754197,0.721509,0.032688,0,0,0,0
50,216,2,0.134373,0.134373,-0.404011,-0.189042,0.214969,30.384,31.2438,8,10,2,0.352266,0.383734,0.0314688,0,0,0,0
50,216,3,0.159014,0.159014,-0.437303,0.0558681,0.493172,30.2508,32.2235,7,11,4,0.68941,0.794115,0.104706,0,0,0,0
50.5,217,1,0.768571,0.768571,-0.875959,0.896593,1.77255,28.4962,35.5864,9,11,2,0.721509,0.774475,0.0529664,0,0,0,0
50.5,217,2,0.421141,0.421141,-0.420399,-0.404011,0.016388,30.3184,30.384,10,10,0,0.383734,0.39025,0.0065152,0,0,1,0
50.5,217,3,0.686828,0.686828,0.777475,-0.437303,1.21478,35.1099,30.2508,11,9,-2,0.794115,0.74488,0.0492352,0,0,0,0
51,218,1,0.891661,0.891661,-0.066483,-0.875959,0.809476,31.7341,28.4962,11,13,2,0.774475,0.542747,0.231728,0,0,0,0
51,218,2,0.113749,0.113749,0.901654,-0.420399,1.32205,35.6066,30.3184,10,10,0,0.39025,0.340952,0.0492976,0,0,0,0
51,218,3,0.501359,0.501359,0.821532,0.777475,0.0440567,35.2861,35.1099,9,7,-2,0.74488,0.972104,0.227224,0,0,0,0
51.5,219,1,1.25309,1.25309,-0.687841,-0.066483,0.621358,29.2486,31.7341,13,8,-5,0.542747,0.433198,0.109549,0,0,0,0
51.5,219,2,0.72668,0.72668,-0.411704,0.901654,1.31336,30.3532,35.6066,10,10,0,0.340952,0.475034,0.134082,0,0,0,0
51.5,219,3,1.2624,1.2624,0.977187,0.821532,0.155656,35.9087,35.2861,7,12,5,0.972104,0.882501,0.0896032,0,0,0,0
52,220,1,0.988263,0.988263,-0.0809983,-0.687841,0.606843,31.676,29.2486,8,5,-3,0.433198,0.397472,0.0357264,0,0,0,0
52,220,2,0.979661,0.979661,0.978159,-0.411704,1.38986,35.9126,30.3532,10,9,-1,0.475034,0.452955,0.0220784,0,0,0,0
52,220,3,1.05466,1.05466,0.0190898,0.977187,0.958098,32.0764,35.9087,12,16,4,0.882501,0.991858,0.109357,0,0,0,0
52.5,221,1,0.701802,0.701802,-0.899831,-0.0809983,0.818833,28.4007,31.676,5,7,2,0.397472,0.505776,0.108304,0,0,0,0
52.5,221,2,0.462772,0.462772,-0.585097,0.978159,1.56326,29.6596,35.9126,9,11,2,0.452955,0.575718,0.122763,0,0,0,0
52.5,221,3,0.525498,0.525498,-0.810446,0.0190898,0.829536,28.7582,32.0764,16,12,-4,0.991858,0.821966,0.169891,0,0,0,0
53,222,1,0.717473,0.717473,0.860751,-0.899831,1.76058,35.443,28.4007,7,5,-2,0.505776,0.612438,0.106662,0,0,0,0
53,222,2,1.27083,1.27083,0.881739,-0.585097,1.46684,35.527,29.6596,11,12,1,0.575718,0.676202,0.100483,0,0,0,0
53,222,3,0.123428,0.123428,0.5612,-0.810446,1.37165,34.2448,28.7582,12,13,1,0.821966,0.600902,0.221064,0,0,0,0
53.5,223,1,1.20929,1.20929,-0.330263,0.860751,1.19101,30.6789,35.443,5,6,1,0.612438,0.731568,0.11913,0,0,0,0
53.5,223,2,0.916078,0.916078,-0.326099,0.881739,1.20784,30.6956,35.527,12,11,-1,0.676202,0.603632,0.0725696,0,0,0,0
53.5,223,3,1.5856,1.5856,0.584191,0.5612,0.0229909,34.3368,34.2448,13,13,0,0.600902,0.589565,0.0113376,0,0,0,0
54,224,1,0.644437,0.644437,-0.553236,-0.330263,0.222973,29.7871,30.6789,6,6,0,0.731568,0.605443,0.126125,0,0,0,0
54,224,2,0.445458,0.445458,0.976914,-0.326099,1.30301,35.9077,30.6956,11,11,0,0.603632,0.469682,0.13395,0,0,0,0
54,224,3,0.693735,0.693735,0.013569,0.584191,0.570622,32.0543,34.3368,13,13,0,0.589565,0.825485,0.23592,0,0,0,0
54.5,225,1,0.727134,0.727134,0.311423,-0.553236,0.864659,33.2457,29.7871,6,11,5,0.605443,0.378797,0.226646,0,0,0,0
54.5,225,2,0.00270107,0.00270107,0.400737,0.976914,0.576177,33.6029,35.9077,11,11,0,0.469682,0.705131,0.23545,0,1,0,0
54.5,225,3,0.328773,0.328773,0.23708,0.013569,0.223511,32.9483,32.0543,13,8,-5,0.825485,0.875061,0.049576,0,0,0,0
55,226,1,0.048484,0.048484,0.135023,0.311423,0.1764,32.5401,33.2457,11,7,-4,0.378797,0.561658,0.182861,0,0,0,0
55,226,2,0.304036,0.304036,-0.737962,0.400737,1.1387,29.0482,33.6029,11,11,0,0.705131,0.683125,0.0220064,0,0,0,0
55,226,3,0.0942854,0.0942854,-0.696251,0.23708,0.933331,29.215,32.9483,8,12,4,0.875061,0.632819,0.242242,0,0,0,0
55.5,227,1,1.22675,1.22675,-0.0268692,0.135023,0.161892,31.8925,32.5401,7,6,-1,0.561658,0.853432,0.291774,0,0,0,0
55.5,227,2,1.07828,1.07828,-0.343957,-0.737962,0.394005,30.6242,29.0482,11,13,2,0.683125,0.466725,0.2164,0,0,0,0
55.5,227,3,1.04929,1.04929,-0.881311,-0.696251,0.18506,28.4748,29.215,12,11,-1,0.632819,0.68629,0.0534704,0,0,0,0
56,228,1,1.16459,1.16459,-0.659971,-0.0268692,0.633102,29.3601,31.8925,6,8,2,0.853432,0.744149,0.109283,0,0,0,0
56,228,2,0.533075,0.533075,-0.912279,-0.343957,0.568322,28.3509,30.6242,13,13,0,0.466725,0.50505,0.0383248,0,0,0,0
56,228,3,0.377345,0.377345,-0.329352,-0.881311,0.551959,30.6826,28.4748,11,9,-2,0.68629,0.741715,0.0554256,0,0,0,0
56.5,229,1,0.21319,0.21319,0.0242356,-0.659971,0.684206,32.0969,29.3601,8,11,3,0.744149,0.564688,0.179461,0,0,0,0
56.5,229,2,0.993318,0.993318,-0.877327,-0.912279,0.0349521,28.4907,28.3509,13,11,-2,0.50505,0.528194,0.023144,0,0,0,0
56.5,229,3,0.546459,0.546459,0.0984067,-0.329352,0.427758,32.3936,30.6826,9,9,0,0.741715,0.821576,0.0798608,0,0,0,0
57,230,1,0.295944,0.295944,-0.751924,0.0242356,0.776159,28.9923,32.0969,11,13,2,0.564688,0.553802,0.0108864,0,0,0,0
57,230,2,0.675474,0.675474,-0.157972,-0.877327,0.719355,31.3681,28.4907,11,9,-2,0.528194,0.402566,0.125627,0,0,0,0
57,230,3,0.643928,0.643928,0.0498344,0.0984067,0.0485723,32.1993,32.3936,9,8,-1,0.821576,0.88892,0.067344,0,0,0,0
57.5,231,1,0.152242,0.152242,0.127372,-0.751924,0.879296,32.5095,28.9923,13,12,-1,0.553802,0.478533,0.0752688,0,0,0,0
57.5,231,2,0.172072,0.172072,-0.133235,-0.157972,0.0247366,31.4671,31.3681,9,10,1,0.402566,0.486861,0.0842944,0,0,0,0
57.5,231,3,0.879444,0.879444,0.914725,0.0498344,0.864891,35.6589,32.1993,8,8,0,0.88892,0.997117,0.108197,0,0,0,0
58,232,1,0.375772,0.375772,0.217009,0.127372,0.0896365,32.868,32.5095,12,12,0,0.478533,0.41629,0.0622432,0,0,0,0
58,232,2,0.825601,0.825601,-0.286875,-0.133235,0.15364,30.8525,31.4671,10,10,0,0.486861,0.483885,0.002976,0,0,0,0
58,232,3,0.239288,0.239288,0.487065,0.914725,0.427661,33.9483,35.6589,8,8,0,0.997117,1.10366,0.106541,0,0,0,0
58.5,233,1,0.229815,0.229815,0.927939,0.217009,0.71093,35.7118,32.868,12,11,-1,0.41629,0.548675,0.132386,0,0,0,0
58.5,233,2,0.474026,0.474026,0.210842,-0.286875,0.497717,32.8434,30.8525,10,10,0,0.483885,0.404717,0.079168,0,0,0,0
58.5,233,3,0.367422,0.367422,0.269318,0.487065,0.217747,33.0773,33.9483,8,9,1,1.10366,0.905336,0.198322,0,0,0,0
1,235,1,-1,-1,0.238666,0.238666,-1,32.9547,32.9547,11,11,0,0,0,0,0,0,0,0
1,235,2,-1,-1,0.910043,0.910043,-1,35.6402,35.6402,10,10,0,0,0,0,0,0,0,0
1,235,3,-1,-1,-0.863515,-0.863515,-1,28.5459,28.5459,9,9,0,0,0,0,0,0,0,0
1.5,236,1,0.461409,0.461409,-0.940098,0.238666,1.17876,28.2396,32.9547,11,13,2,0,0.72711,0.72711,0,0,0,0
1.5,236,2,0.0318373,0.0318373,-0.449741,0.910043,1.35978,30.201,35.6402,10,12,2,0,0.838512,0.838512,0,0,0,0
1.5,236,3,0.523958,0.523958,-0.403346,-0.863515,0.460169,30.3866,28.5459,9,5,-4,0,0.576739,0.576739,0,0,0,0
2,237,1,0.263432,0.263432,-0.089607,-0.940098,0.850491,31.6416,28.2396,13,12,-1,0.72711,0.52067,0.20644,0,0,0,0
2,237,2,0.608476,0.608476,0.472153,-0.449741,0.921894,33.8886,30.201,12,11,-1,0.838512,0.798462,0.0400496,0,0,0,0
2,237,3,0.228961,0.228961,0.309972,-0.403346,0.713319,33.2399,30.3866,5,7,2,0.576739,0.83517,0.25843,0,0,0,0
2.5,238,1,0.127846,0.127846,-0.0354438,-0.089607,0.0541632,31.8582,31.6416,12,12,0,0.52067,0.487654,0.033016,0,0,0,0
2.5,238,2,0.0164179,0.0164179,0.583514,0.472153,0.111361,34.3341,33.8886,11,11,0,0.798462,0.670859,0.127603,0,1,0,0
2.5,238,3,0.584665,0.584665,0.354337,0.309972,0.0443648,33.4173,33.2399,7,7,0,0.83517,0.945126,0.109957,0,0,0,0
3,239,1,1.57505,1.57505,-0.584802,-0.0354438,0.549358,29.6608,31.8582,12,12,0,0.487654,0.457075,0.0305792,0,0,0,0
3,239,2,1.55574,1.55574,-0.778655,0.583514,1.36217,28.8854,34.3341,11,9,-2,0.670859,0.777184,0.106325,0,0,0,0
3,239,3,0.406905,0.406905,-0.310101,0.354337,0.664438,30.7596,33.4173,7,9,2,0.945126,0.820949,0.124178,0,0,0,0
3.5,240,1,0.192732,0.192732,-0.956215,-0.584802,0.371413,28.1751,29.6608,12,12,0,0.457075,0.557754,0.100678,0,0,0,0
3.5,240,2,0.595709,0.595709,-0.204733,-0.778655,0.573922,31.1811,28.8854,9,10,1,0.777184,0.616605,0.160579,0,0,0,0
3.5,240,3,0.579057,0.579057,0.221392,-0.310101,0.531493,32.8856,30.7596,9,8,-1,0.820949,0.880538,0.0595888,0,0,0,0
4,241,1,0.363233,0.363233,0.0329072,-0.956215,0.989122,32.1316,28.1751,12,7,-5,0.557754,0.47295,0.0848032,0,0,0,0
4,241,2,0.8206,0.8206,-0.518714,-0.204733,0.313981,29.9251,31.1811,10,14,4,0.616605,0.526909,0.089696,0,0,0,0
4,241,3,0.416678,0.416678,0.539349,0.221392,0.317957,34.1574,32.8856,8,9,1,0.880538,0.950282,0.069744,0,0,0,0
4.5,242,1,0.565159,0.565159,0.970946,0.0329072,0.938039,35.8838,32.1316,7,7,0,0.47295,0.520166,0.047216,0,0,0,0
4.5,242,2,0.367098,0.367098,0.890061,-0.518714,1.40877,35.5602,29.9251,14,12,-2,0.526909,0.484821,0.042088,0,0,0,0
4.5,242,3,0.201666,0.201666,0.196896,0.539349,0.342453,32.7876,34.1574,9,11,2,0.950282,0.797147,0.153134,0,0,0,0
5,243,1,0.805791,0.805791,0.957149,0.970946,0.013797,35.8286,35.8838,7,11,4,0.520166,0.672013,0.151846,0,0,1,0
5,243,2,0.798355,0.798355,-0.818811,0.890061,1.70887,28.7248,35.5602,12,5,-7,0.484821,0.650091,0.16527,0,0,0,0
5,243,3,0.653153,0.653153,-0.395883,0.196896,0.592779,30.4165,32.7876,11,14,3,0.797147,0.652336,0.144811,0,0,0,0
5.5,244,1,0.738457,0.738457,0.544654,0.957149,0.412495,34.1786,35.8286,11,12,1,0.672013,0.86423,0.192218,0,0,0,0
5.5,244,2,0.0352896,0.0352896,0.638468,-0.818811,1.45728,34.5539,28.7248,5,8,3,0.650091,0.5852,0.0648912,0,0,0,0
5.5,244,3,1.08354,1.08354,-0.417787,-0.395883,0.0219041,30.3289,30.4165,14,10,-4,0.652336,0.504443,0.147893,0,0,0,0
6,245,1,1.68967,1.68967,0.781828,0.544654,0.237174,35.1273,34.1786,12,16,4,0.86423,0.749734,0.114496,0,0,0,0
6,245,2,0.19215,0.19215,-0.397431,0.638468,1.0359,30.4103,34.5539,8,3,-5,0.5852,0.738222,0.153022,0,0,0,0
6,245,3,0.207332,0.207332,0.479949,-0.417787,0.897736,33.9198,30.3289,10,11,1,0.504443,0.503594,0.0008496,0,0,0,0
6.5,246,1,0.748958,0.748958,0.649409,0.781828,0.132419,34.5976,35.1273,16,20,4,0.749734,0.614178,0.135557,0,0,0,0
6.5,246,2,1.36576,1.36576,-0.350311,-0.397431,0.0471209,30.5988,30.4103,3,5,2,0.738222,0.622315,0.115907,0,0,0,0
6.5,246,3,0.297578,0.297578,-0.59991,0.479949,1.07986,29.6004,33.9198,11,5,-6,0.503594,0.75687,0.253277,0,0,0,0
7,247,1,0.332344,0.332344,-0.843142,0.649409,1.49255,28.6274,34.5976,20,11,-9,0.614178,0.736819,0.122642,0,0,0,0
7,247,2,1.53332,1.53332,-0.282257,-0.350311,0.0680538,30.871,30.5988,5,10,5,0.622315,0.53904,0.0832752,0,0,0,0
7,247,3,0.0983225,0.0983225,-0.76481,-0.59991,0.1649,28.9408,29.6004,5,9,4,0.75687,0.627627,0.129243,0,0,0,0
7.5,248,1,0.93114,0.93114,-0.446296,-0.843142,0.396846,30.2148,28.6274,11,19,8,0.736819,0.598707,0.138112,0,0,0,0
7.5,248,2,0.754795,0.754795,0.606635,-0.282257,0.888892,34.4265,30.871,10,6,-4,0.53904,0.723986,0.184946,0,0,0,0
7.5,248,3,0.519726,0.519726,-0.937407,-0.76481,0.172597,28.2504,28.9408,9,5,-4,0.627627,0.677659,0.050032,0,0,0,0
8,249,1,0.238949,0.238949,0.607805,-0.446296,1.0541,34.4312,30.2148,19,14,-5,0.598707,0.49481,0.103898,0,0,0,0
8,249,2,0.602498,0.602498,-0.779953,0.606635,1.38659,28.8802,34.4265,6,9,3,0.723986,0.855682,0.131696,0,0,0,0
8,249,3,1.55658,1.55658,-0.286986,-0.937407,0.650421,30.8521,28.2504,5,7,2,0.677659,0.605174,0.0724848,0,0,0,0
8.5,250,1,0.319829,0.319829,0.567274,0.607805,0.040531,34.2691,34.4312,14,11,-3,0.49481,0.799136,0.304326,0,0,0,0
8.5,250,2,0.842255,0.842255,-0.59385,-0.779953,0.186103,29.6246,28.8802,9,13,4,0.855682,0.600234,0.255448,0,0,0,0
8.5,250,3,1.43338,1.43338,0.48013,-0.286986,0.767116,33.9205,30.8521,7,6,-1,0.605174,0.663522,0.0583472,0,0,0,0
9,251,1,0.200535,0.200535,0.925595,0.567274,0.358321,35.7024,34.2691,11,11,0,0.799136,0.792238,0.0068976,0,0,0,0
9,251,2,0.0765665,0.0765665,-0.412768,-0.59385,0.181082,30.3489,29.6246,13,12,-1,0.600234,0.406987,0.193246,0,0,0,0
9,251,3,1.71235,1.71235,0.228553,0.48013,0.251578,32.9142,33.9205,6,7,1,0.663522,0.814413,0.150891,0,0,0,0
9.5,252,1,1.58391,1.58391,0.884382,0.925595,0.041213,35.5375,35.7024,11,19,8,0.792238,0.63013,0.162109,0,0,0,0
9.5,252,2,0.327558,0.327558,-0.489552,-0.412768,0.0767843,30.0418,30.3489,12,3,-9,0.406987,0.607064,0.200077,0,0,0,0
9.5,252,3,1.59769,1.59769,0.636163,0.228553,0.40761,34.5447,32.9142,7,8,1,0.814413,0.740942,0.0734704,0,0,0,0
10,253,1,1.61741,1.61741,-0.859214,0.884382,1.7436,28.5631,35.5375,19,19,0,0.63013,0.698448,0.0683184,0,0,0,0
10,253,2,0.236501,0.236501,-0.703134,-0.489552,0.213582,29.1875,30.0418,3,3,0,0.607064,0.498424,0.10864,0,0,0,0
10,253,3,0.598909,0.598909,-0.123204,0.636163,0.759367,31.5072,34.5447,8,8,0,0.740942,0.697536,0.0434064,0,0,0,0
10.5,254,1,1.24344,1.24344,-0.894518,-0.859214,0.0353034,28.4219,28.5631,19,18,-1,0.698448,0.473955,0.224493,0,0,0,0
10.5,254,2,0.0491956,0.0491956,0.470916,-0.703134,1.17405,33.8837,29.1875,3,4,1,0.498424,0.736242,0.237818,0,0,0,0
10.5,254,3,1.03977,1.03977,-0.80672,-0.123204,0.683515,28.7731,31.5072,8,8,0,0.697536,0.936656,0.23912,0,0,0,0
11,255,1,0.168742,0.168742,-0.308464,-0.894518,0.586053,30.7661,28.4219,18,16,-2,0.473955,0.40951,0.0644448,0,0,0,0
11,255,2,0.224147,0.224147,-0.968673,0.470916,1.43959,28.1253,33.8837,4,5,1,0.736242,0.94091,0.204669,0,0,0,0
11,255,3,0.923298,0.923298,-0.0955969,-0.80672,0.711123,31.6176,28.7731,8,9,1,0.936656,0.699483,0.237173,0,0,0,0
11.5,256,1,0.850847,0.850847,-0.433049,-0.308464,0.124585,30.2678,30.7661,16,7,-9,0.40951,0.577008,0.167498,0,0,0,0
11.5,256,2,0.398135,0.398135,0.425052,-0.968673,1.39373,33.7002,28.1253,5,11,6,0.94091,0.664499,0.276411,0,0,0,0
11.5,256,3,0.67586,0.67586,-0.174151,-0.0955969,0.0785541,31.3034,31.6176,9,12,3,0.699483,0.67223,0.0272528,0,0,0,0
12,257,1,0.442521,0.442521,0.315422,-0.433049,0.748471,33.2617,30.2678,7,10,3,0.577008,0.50908,0.067928,0,0,0,0
12,257,2,0.0257505,0.0257505,0.750252,0.425052,0.3252,35.001,33.7002,11,10,-1,0.664499,0.645112,0.0193872,0,0,0,0
12,257,3,1.21092,1.21092,-0.44167,-0.174151,0.267519,30.2333,31.3034,12,10,-2,0.67223,0.737256,0.0650256,0,0,0,0
12.5,258,1,0.249592,0.249592,0.868142,0.315422,0.55272,35.4726,33.2617,10,12,2,0.50908,0.501754,0.0073264,0,0,0,0
12.5,258,2,1.09726,1.09726,0.4665,0.750252,0.283752,33.866,35.001,10,12,2,0.645112,0.80493,0.159818,0,0,0,0
12.5,258,3,0.461414,0.461414,-0.461163,-0.44167,0.0194926,30.1553,30.2333,10,6,-4,0.737256,0.608256,0.129,0,0,1,0
13,259,1,1.28941,1.28941,-0.191889,0.868142,1.06003,31.2324,35.4726,12,12,0,0.501754,0.716278,0.214525,0,0,0,0
13,259,2,0.254584,0.254584,-0.379601,0.4665,0.846101,30.4816,33.866,12,8,-4,0.80493,0.684424,0.120506,0,0,0,0
13,259,3,0.507982,0.507982,-0.764384,-0.461163,0.303221,28.9425,30.1553,6,10,4,0.608256,0.509494,0.0987616,0,0,0,0
13.5,260,1,1.24582,1.24582,-0.761314,-0.191889,0.569425,28.9547,31.2324,12,12,0,0.716278,0.770653,0.0543744,0,0,0,0
13.5,260,2,0.569856,0.569856,-0.100718,-0.379601,0.278882,31.5971,30.4816,8,12,4,0.684424,0.50115,0.183274,0,0,0,0
13.5,260,3,1.22713,1.22713,-0.492799,-0.764384,0.271585,30.0288,28.9425,10,6,-4,0.509494,0.640218,0.130723,0,0,0,0
14,261,1,0.0778644,0.0778644,-0.178654,-0.761314,0.58266,31.2854,28.9547,12,10,-2,0.770653,0.521738,0.248915,0,0,0,0
14,261,2,0.4776,0.4776,0.421755,-0.100718,0.522473,33.687,31.5971,12,14,2,0.50115,0.624658,0.123507,0,0,0,0
14,261,3,1.47015,1.47015,0.510411,-0.492799,1.00321,34.0416,30.0288,6,6,0,0.640218,0.758213,0.117995,0,0,0,0
14.5,262,1,1.05588,1.05588,0.504277,-0.178654,0.682931,34.0171,31.2854,10,12,2,0.521738,0.402122,0.119616,0,0,0,0
14.5,262,2,0.620232,0.620232,0.224691,0.421755,0.197064,32.8988,33.687,14,10,-4,0.624658,0.64228,0.0176224,0,0,0,0
14.5,262,3,0.984395,0.984395,-0.822912,0.510411,1.33332,28.7084,34.0416,6,8,2,0.758213,0.732997,0.025216,0,0,0,0
15,263,1,0.198533,0.198533,0.452644,0.504277,0.0516329,33.8106,34.0171,12,12,0,0.402122,0.754464,0.352342,0,0,0,0
15,263,2,0.797884,0.797884,-0.174512,0.224691,0.399203,31.302,32.8988,10,8,-2,0.64228,0.57428,0.068,0,0,0,0
15,263,3,0.389061,0.389061,0.031813,-0.822912,0.854725,32.1273,28.7084,8,10,2,0.732997,0.555117,0.17788,0,0,0,0
15.5,264,1,0.238098,0.238098,0.742254,0.452644,0.28961,34.969,33.8106,12,13,1,0.754464,0.732446,0.0220176,0,0,0,0
15.5,264,2,1.70484,1.70484,-0.0266762,-0.174512,0.147836,31.8933,31.302,8,9,1,0.57428,0.49841,0.0758704,0,0,0,0
15.5,264,3,0.860184,0.860184,-0.961,0.031813,0.992813,28.156,32.1273,10,8,-2,0.555117,0.623072,0.0679552,0,0,0,0
16,265,1,1.20034,1.20034,0.615651,0.742254,0.126602,34.4626,34.969,13,12,-1,0.732446,0.740512,0.0080656,0,0,0,0
16,265,2,0.13149,0.13149,-0.514812,-0.0266762,0.488135,29.9408,31.8933,9,8,-1,0.49841,0.469426,0.028984,0,0,0,0
16,265,3,1.07417,1.07417,0.271792,-0.961,1.23279,33.0872,28.156,8,10,2,0.623072,0.574547,0.0485248,0,0,0,0
16.5,266,1,1.70754,1.70754,-0.720607,0.615651,1.33626,29.1176,34.4626,12,13,1,0.740512,0.751942,0.0114304,0,0,0,0
16.5,266,2,0.0693103,0.0693103,0.945041,-0.514812,1.45985,35.7802,29.9408,8,11,3,0.469426,0.381702,0.0877232,0,0,0,0
16.5,266,3,0.0941464,0.0941464,0.174435,0.271792,0.0973561,32.6977,33.0872,10,6,-4,0.574547,0.769168,0.194621,0,0,0,0
17,267,1,1.36526,1.36526,-0.485347,-0.720607,0.23526,30.0586,29.1176,13,14,1,0.751942,0.459549,0.292394,0,0,0,0
17,267,2,1.12041,1.12041,-0.425647,0.945041,1.37069,30.2974,35.7802,11,10,-1,0.381702,0.636899,0.255197,0,0,0,0
17,267,3,0.70092,0.70092,0.0159316,0.174435,0.158504,32.0637,32.6977,6,6,0,0.769168,0.70248,0.066688,0,0,0,0
17.5,268,1,1.30054,1.30054,0.601686,-0.485347,1.08703,34.4067,30.0586,14,3,-11,0.459549,0.555739,0.0961904,0,0,0,0
17.5,268,2,0.0322279,0.0322279,0.965567,-0.425647,1.39121,35.8623,30.2974,10,14,4,0.636899,0.598482,0.0384176,0,0,0,0
17.5,268,3,1.40631,1.40631,-0.826999,0.0159316,0.842931,28.692,32.0637,6,13,7,0.70248,0.597971,0.104509,0,0,0,0
18,269,1,0.0202868,0.0202868,-0.133706,0.601686,0.735392,31.4652,34.4067,3,12,9,0.555739,0.601736,0.0459968,0,0,0,0
18,269,2,0.0158144,0.0158144,-0.719626,0.965567,1.68519,29.1215,35.8623,14,10,-4,0.598482,0.670803,0.0723216,0,1,0,0
18,269,3,0.0785607,0.0785607,0.952922,-0.826999,1.77992,35.8117,28.692,13,8,-5,0.597971,0.575219,0.022752,0,0,0,0
18.5,270,1,0.964342,0.964342,0.875925,-0.133706,1.00963,35.5037,31.4652,12,7,-5,0.601736,0.565549,0.0361872,0,0,0,0
18.5,270,2,0.0314292,0.0314292,-0.784078,-0.719626,0.064452,28.8637,29.1215,10,13,3,0.670803,0.476957,0.193846,0,0,0,0
18.5,270,3,1.48002,1.48002,0.514956,0.952922,0.437965,34.0598,35.8117,8,10,2,0.575219,0.809706,0.234486,0,0,0,0
19,271,1,0.549097,0.549097,0.114887,0.875925,0.761038,32.4595,35.5037,7,8,1,0.565549,0.66596,0.100411,0,0,0,0
19,271,2,1.26553,1.26553,0.452537,-0.784078,1.23662,33.8101,28.8637,13,10,-3,0.476957,0.333464,0.143493,0,0,0,0
19,271,3,1.56666,1.56666,-0.23881,0.514956,0.753767,31.0448,34.0598,10,12,2,0.809706,0.790139,0.0195664,0,0,0,0
19.5,272,1,0.526229,0.526229,0.644936,0.114887,0.530049,34.5797,32.4595,8,14,6,0.66596,0.642904,0.023056,0,0,0,0
19.5,272,2,0.870038,0.870038,0.884531,0.452537,0.431994,35.5381,33.8101,10,7,-3,0.333464,0.648144,0.31468,0,0,0,0
19.5,272,3,1.54883,1.54883,0.541775,-0.23881,0.780585,34.1671,31.0448,12,9,-3,0.790139,0.626995,0.163144,0,0,0,0
20,273,1,0.273445,0.273445,0.78238,0.644936,0.137444,35.1295,34.5797,14,12,-2,0.642904,0.56631,0.0765936,0,0,0,0
20,273,2,0.416986,0.416986,-0.477517,0.884531,1.36205,30.0899,35.5381,7,4,-3,0.648144,0.692021,0.0438768,0,0,0,0
20,273,3,0.274603,0.274603,-0.456853,0.541775,0.998628,30.1726,34.1671,9,14,5,0.626995,0.575632,0.0513632,0,0,0,0
20.5,274,1,0.550132,0.550132,-0.875212,0.78238,1.65759,28.4992,35.1295,12,10,-2,0.56631,0.784949,0.218638,0,0,0,0
20.5,274,2,0.0602283,0.0602283,0.905409,-0.477517,1.38293,35.6216,30.0899,4,11,7,0.692021,0.472034,0.219987,0,0,0,0
20.5,274,3,1.30286,1.30286,-0.78629,-0.456853,0.329437,28.8548,30.1726,14,9,-5,0.575632,0.557558,0.0180736,0,0,0,0
21,275,1,0.846417,0.846417,0.792708,-0.875212,1.66792,35.1708,28.4992,10,13,3,0.784949,0.549733,0.235216,0,0,0,0
21,275,2,0.907438,0.907438,-0.174905,0.905409,1.08031,31.3004,35.6216,11,9,-2,0.472034,0.902302,0.430269,0,0,0,0
21,275,3,1.20016,1.20016,-0.976146,-0.78629,0.189856,28.0954,28.8548,9,8,-1,0.557558,0.477954,0.0796048,0,0,0,0
21.5,276,1,1.84926,1.84926,0.882467,0.792708,0.0897582,35.5299,35.1708,13,10,-3,0.549733,0.757778,0.208045,0,0,0,0
21.5,276,2,0.207611,0.207611,-0.886165,-0.174905,0.71126,28.4553,31.3004,9,12,3,0.902302,0.684632,0.21767,0,0,0,0
21.5,276,3,0.839849,0.839849,0.681652,-0.976146,1.6578,34.7266,28.0954,8,8,0,0.477954,0.455314,0.02264,0,0,0,0
22,277,1,0.375705,0.375705,-0.534486,0.882467,1.41695,29.8621,35.5299,10,11,1,0.757778,0.947472,0.189694,0,0,0,0
22,277,2,0.399263,0.399263,-0.930376,-0.886165,0.0442108,28.2785,28.4553,12,14,2,0.684632,0.332952,0.35168,0,0,0,0
22,277,3,0.156279,0.156279,0.798191,0.681652,0.116538,35.1928,34.7266,8,5,-3,0.455314,0.689419,0.234106,0,0,0,0
22.5,278,1,0.206111,0.206111,-0.783604,-0.534486,0.249118,28.8656,29.8621,11,13,2,0.947472,0.495,0.452472,0,0,0,0
22.5,278,2,1.2592,1.2592,0.6123,-0.930376,1.54268,34.4492,28.2785,14,10,-4,0.332952,0.29888,0.034072,0,0,0,0
22.5,278,3,0.933764,0.933764,0.338565,0.798191,0.459625,33.3543,35.1928,5,7,2,0.689419,1.07037,0.380954,0,0,0,0
23,279,1,0.0120897,0.0120897,-0.0994025,-0.783604,0.684202,31.6024,28.8656,13,7,-6,0.495,0.326117,0.168883,0,1,0,0
23,279,2,0.433711,0.433711,-0.384871,0.6123,0.997171,30.4605,34.4492,10,4,-6,0.29888,0.670003,0.371123,0,0,0,0
23,279,3,0.660745,0.660745,-0.19863,0.338565,0.537195,31.2055,33.3543,7,19,12,1.07037,0.738352,0.332021,0,0,0,0
23.5,280,1,1.40454,1.40454,-0.20956,-0.0994025,0.110158,31.1618,31.6024,7,5,-2,0.326117,0.565573,0.239456,0,0,0,0
23.5,280,2,1.09289,1.09289,-0.485692,-0.384871,0.100821,30.0572,30.4605,4,9,5,0.670003,0.622342,0.0476608,0,0,0,0
23.5,280,3,0.719685,0.719685,-0.522793,-0.19863,0.324163,29.9088,31.2055,19,16,-3,0.738352,0.582342,0.15601,0,0,0,0
24,281,1,1.29737,1.29737,0.787875,-0.20956,0.997435,35.1515,31.1618,5,7,2,0.565573,0.724218,0.158645,0,0,0,0
24,281,2,0.111679,0.111679,-0.728251,-0.485692,0.242559,29.087,30.0572,9,8,-1,0.622342,0.539773,0.0825696,0,0,0,0
24,281,3,1.04641,1.04641,-0.643053,-0.522793,0.12026,29.4278,29.9088,16,15,-1,0.582342,0.531635,0.0507072,0,0,0,0
24.5,282,1,0.145067,0.145067,0.521473,0.787875,0.266402,34.0859,35.1515,7,9,2,0.724218,0.965381,0.241163,0,0,0,0
24.5,282,2,0.441979,0.441979,0.835194,-0.728251,1.56344,35.3408,29.087,8,8,0,0.539773,0.420422,0.11935,0,0,0,0
24.5,282,3,1.04882,1.04882,0.458731,-0.643053,1.10178,33.8349,29.4278,15,13,-2,0.531635,0.475302,0.0563328,0,0,0,0
25,283,1,1.35029,1.35029,-0.651394,0.521473,1.17287,29.3944,34.0859,9,14,5,0.965381,0.734459,0.230922,0,0,0,0
25,283,2,0.451257,0.451257,-0.395985,0.835194,1.23118,30.4161,35.3408,8,9,1,0.420422,0.532984,0.112562,0,0,0,0
25,283,3,0.534018,0.534018,-0.697518,0.458731,1.15625,29.2099,33.8349,13,7,-6,0.475302,0.631146,0.155843,0,0,0,0
25.5,284,1,1.16139,1.16139,0.551852,-0.651394,1.20325,34.2074,29.3944,14,10,-4,0.734459,0.563792,0.170667,0,0,0,0
25.5,284,2,1.34555,1.34555,0.276848,-0.395985,0.672833,33.1074,30.4161,9,11,2,0.532984,0.616776,0.083792,0,0,0,0
25.5,284,3,0.110961,0.110961,-0.9524,-0.697518,0.254882,28.1904,29.2099,7,9,2,0.631146,0.592059,0.0390864,0,0,0,0
26,285,1,1.4673,1.4673,-0.270934,0.551852,0.822786,30.9163,34.2074,10,11,1,0.563792,0.680317,0.116525,0,0,0,0
26,285,2,1.11469,1.11469,0.635043,0.276848,0.358195,34.5402,33.1074,11,10,-1,0.616776,0.622165,0.0053888,0,0,0,0
26,285,3,1.27957,1.27957,-0.351401,-0.9524,0.600999,30.5944,28.1904,9,9,0,0.592059,0.519518,0.0725408,0,0,0,0
26.5,286,1,0.423841,0.423841,-0.0442932,-0.270934,0.226641,31.8228,30.9163,11,12,1,0.680317,0.537622,0.142694,0,0,0,0
26.5,286,2,0.204726,0.204726,0.539369,0.635043,0.095674,34.1575,34.5402,10,11,1,0.622165,0.680744,0.0585792,0,0,0,0
26.5,286,3,0.132288,0.132288,0.794933,-0.351401,1.14633,35.1797,30.5944,9,7,-2,0.519518,0.561462,0.041944,0,0,0,0
27,287,1,0.479336,0.479336,0.94691,-0.0442932,0.991203,35.7876,31.8228,12,13,1,0.537622,0.356059,0.181563,0,0,0,0
27,287,2,0.379373,0.379373,-0.926989,0.539369,1.46636,28.292,34.1575,11,12,1,0.680744,0.614608,0.066136,0,0,0,0
27,287,3,0.992581,0.992581,-0.00274598,0.794933,0.797679,31.989,35.1797,7,5,-2,0.561462,0.95296,0.391498,0,0,0,0
27.5,288,1,0.725645,0.725645,0.966283,0.94691,0.0193731,35.8651,35.7876,13,10,-3,0.356059,0.836232,0.480173,0,0,1,0
27.5,288,2,0.0738852,0.0738852,0.434123,-0.926989,1.36111,33.7365,28.292,12,12,0,0.614608,0.345243,0.269365,0,0,0,0
27.5,288,3,0.180552,0.180552,0.564663,-0.00274598,0.567409,34.2587,31.989,5,8,3,0.95296,0.755611,0.197349,0,0,0,0
28,289,1,1.3628,1.3628,-0.659019,0.966283,1.6253,29.3639,35.8651,10,10,0,0.836232,0.876146,0.0399136,0,0,0,0
28,289,2,1.16262,1.16262,-0.19725,0.434123,0.631373,31.211,33.7365,12,12,0,0.345243,0.326704,0.0185392,0,0,0,0
28,289,3,0.600643,0.600643,0.313504,0.564663,0.251159,33.254,34.2587,8,8,0,0.755611,0.603666,0.151946,0,0,0,0
28.5,290,1,0.199397,0.199397,-0.814879,-0.659019,0.155861,28.7405,29.3639,10,10,0,0.876146,0.490488,0.385658,0,0,0,0
28.5,290,2,1.1307,1.1307,-0.411809,-0.19725,0.214559,30.3528,31.211,12,12,0,0.326704,0.501795,0.175091,0,0,0,0
28.5,290,3,0.25333,0.25333,0.213792,0.313504,0.0997114,32.8552,33.254,8,8,0,0.603666,0.803525,0.199859,0,0,0,0
29,291,1,1.12472,1.12472,-0.701495,-0.814879,0.113384,29.194,28.7405,10,11,1,0.490488,0.358357,0.132131,0,0,0,0
29,291,2,0.108758,0.108758,-0.22775,-0.411809,0.184059,31.089,30.3528,12,8,-4,0.501795,0.544984,0.0431888,0,0,0,0
29,291,3,0.777211,0.777211,-0.232844,0.213792,0.446636,31.0686,32.8552,8,11,3,0.803525,0.849298,0.0457728,0,0,0,0
29.5,292,1,0.131688,0.131688,0.465871,-0.701495,1.16737,33.8635,29.194,11,8,-3,0.358357,0.46491,0.106554,0,0,0,0
29.5,292,2,0.45857,0.45857,0.551364,-0.22775,0.779114,34.2055,31.089,8,9,1,0.544984,0.591061,0.0460768,0,0,0,0
29.5,292,3,0.598768,0.598768,0.820889,-0.232844,1.05373,35.2836,31.0686,11,13,2,0.849298,0.713139,0.136158,0,0,0,0
30,293,1,0.0487958,0.0487958,-0.748918,0.465871,1.21479,29.0043,33.8635,8,4,-4,0.46491,0.558989,0.0940784,0,0,0,0
30,293,2,0.284055,0.284055,-0.916785,0.551364,1.46815,28.3329,34.2055,9,11,2,0.591061,0.49848,0.0925808,0,0,0,0
30,293,3,1.0002,1.0002,-0.143084,0.820889,0.963973,31.4277,35.2836,13,15,2,0.713139,0.713651,0.000512,0,0,0,0
30.5,294,1,0.0316485,0.0316485,0.478178,-0.748918,1.2271,33.9127,29.0043,4,7,3,0.558989,0.623259,0.0642704,0,0,0,0
30.5,294,2,0.47677,0.47677,-0.0130381,-0.916785,0.903747,31.9478,28.3329,11,13,2,0.49848,0.393218,0.105262,0,0,0,0
30.5,294,3,0.292776,0.292776,0.117827,-0.143084,0.260911,32.4713,31.4277,15,10,-5,0.713651,0.79043,0.0767792,0,0,0,0
31,295,1,0.297715,0.297715,0.784444,0.478178,0.306266,35.1378,33.9127,7,6,-1,0.623259,0.728709,0.10545,0,0,0,0
31,295,2,0.651141,0.651141,0.852087,-0.0130381,0.865125,35.4083,31.9478,13,10,-3,0.393218,0.430429,0.0372112,0,0,0,0
31,295,3,0.955167,0.955167,-0.132397,0.117827,0.250224,31.4704,32.4713,10,14,4,0.79043,0.620571,0.169859,0,0,0,0
31.5,296,1,0.00965738,0.00965738,0.767679,0.784444,0.0167654,35.0707,35.1378,6,8,2,0.728709,0.696613,0.032096,0,1,1,0
31.5,296,2,0.0336575,0.0336575,0.828101,0.852087,0.0239862,35.3124,35.4083,10,10,0,0.430429,0.568533,0.138104,0,0,0,0
31.5,296,3,1.28894,1.28894,0.971539,-0.132397,1.10394,35.8862,31.4704,14,12,-2,0.620571,0.519483,0.101088,0,0,0,0
32,297,1,0.578807,0.578807,-0.332837,0.767679,1.10052,30.6687,35.0707,8,10,2,0.696613,0.616738,0.0798752,0,0,0,0
32,297,2,0.731512,0.731512,-0.959718,0.828101,1.78782,28.1611,35.3124,10,10,0,0.568533,0.578509,0.009976,0,0,0,0
32,297,3,1.28742,1.28742,0.850675,0.971539,0.120864,35.4027,35.8862,12,10,-2,0.519483,0.64283,0.123347,0,0,0,0
32.5,298,1,1.14964,1.14964,-0.162377,-0.332837,0.17046,31.3505,30.6687,10,9,-1,0.616738,0.502627,0.11411,0,0,0,0
32.5,298,2,0.0856203,0.0856203,-0.493304,-0.959718,0.466414,30.0268,28.1611,10,11,1,0.578509,0.335936,0.242573,0,0,0,0
32.5,298,3,0.142898,0.142898,0.186183,0.850675,0.664492,32.7447,35.4027,10,10,0,0.64283,1.04145,0.398622,0,0,0,0
33,299,1,0.538104,0.538104,-0.839874,-0.162377,0.677497,28.6405,31.3505,9,8,-1,0.502627,0.618597,0.11597,0,0,0,0
33,299,2,1.25048,1.25048,-0.519462,-0.493304,0.0261577,29.9222,30.0268,11,10,-1,0.335936,0.318685,0.0172512,0,0,0,0
33,299,3,1.65513,1.65513,0.259287,0.186183,0.0731048,33.0371,32.7447,10,12,2,1.04145,0.860702,0.18075,0,0,0,0
33.5,300,1,0.638597,0.638597,0.385308,-0.839874,1.22518,33.5412,28.6405,8,6,-2,0.618597,0.557334,0.0612624,0,0,0,0
33.5,300,2,1.00633,1.00633,-0.69548,-0.519462,0.176018,29.2181,29.9222,10,10,0,0.318685,0.384427,0.0657424,0,0,0,0
33.5,300,3,0.206767,0.206767,-0.235292,0.259287,0.494579,31.0588,33.0371,12,14,2,0.860702,0.742926,0.117776,0,0,0,0
34,301,1,1.65469,1.65469,-0.821755,0.385308,1.20706,28.713,33.5412,6,6,0,0.557334,0.746002,0.188667,0,0,0,0
34,301,2,1.04066,1.04066,-0.0918947,-0.69548,0.603585,31.6324,29.2181,10,9,-1,0.384427,0.314106,0.0703216,0,0,0,0
34,301,3,0.0867515,0.0867515,0.0280517,-0.235292,0.263344,32.1122,31.0588,14,15,1,0.742926,0.671018,0.0719088,0,0,0,0
34.5,302,1,1.07307,1.07307,0.921145,-0.821755,1.7429,35.6846,28.713,6,10,4,0.746002,0.530014,0.215987,0,0,0,0
34.5,302,2,1.0521,1.0521,-0.96063,-0.0918947,0.868736,28.1575,31.6324,9,11,2,0.314106,0.484731,0.170626,0,0,0,0
34.5,302,3,0.113629,0.113629,0.87075,0.0280517,0.842698,35.483,32.1122,15,9,-6,0.671018,0.651816,0.0192016,0,0,0,0
35,303,1,0.140637,0.140637,0.930008,0.921145,0.00886232,35.72,35.6846,10,11,1,0.530014,0.678381,0.148366,0,0,1,0
35,303,2,0.60502,0.60502,0.826311,-0.96063,1.78694,35.3052,28.1575,11,10,-1,0.484731,0.344614,0.140117,0,0,0,0
35,303,3,1.3609,1.3609,-0.216055,0.87075,1.08681,31.1358,35.483,9,9,0,0.651816,0.803898,0.152082,0,0,0,0
35.5,304,1,0.358931,0.358931,0.799186,0.930008,0.130822,35.1967,35.72,11,10,-1,0.678381,0.735493,0.057112,0,0,0,0
35.5,304,2,0.681176,0.681176,-0.360101,0.826311,1.18641,30.5596,35.3052,10,9,-1,0.344614,0.47473,0.130115,0,0,0,0
35.5,304,3,0.984442,0.984442,-0.523844,-0.216055,0.307789,29.9046,31.1358,9,11,2,0.803898,0.630675,0.173222,0,0,0,0
36,305,1,0.944353,0.944353,-0.741999,0.799186,1.54118,29.032,35.1967,10,9,-1,0.735493,0.927101,0.191608,0,0,0,0
36,305,2,0.350263,0.350263,-0.826917,-0.360101,0.466817,28.6923,30.5596,9,8,-1,0.47473,0.475413,0.0006832,0,0,0,0
36,305,3,0.0697437,0.0697437,0.429379,-0.523844,0.953223,33.7175,29.9046,11,13,2,0.630675,0.51937,0.111306,0,0,0,0
36.5,306,1,0.105405,0.105405,0.266141,-0.741999,1.00814,33.0646,29.032,9,14,5,0.927101,0.691696,0.235405,0,0,0,0
36.5,306,2,0.449203,0.449203,0.460219,-0.826917,1.28714,33.8409,28.6923,8,11,3,0.475413,0.28261,0.192803,0,0,0,0
36.5,306,3,0.276025,0.276025,0.0656984,0.429379,0.363681,32.2628,33.7175,13,5,-8,0.51937,1.08754,0.56817,0,0,0,0
37,307,1,0.0403288,0.0403288,-0.99416,0.266141,1.2603,28.0234,33.0646,14,14,0,0.691696,0.519834,0.171862,0,0,0,0
37,307,2,0.783409,0.783409,0.967184,0.460219,0.506965,35.8687,33.8409,11,11,0,0.28261,0.446384,0.163774,0,0,0,0
37,307,3,0.057638,0.057638,-0.486522,0.0656984,0.55222,30.0539,32.2628,5,5,0,1.08754,0.972517,0.115022,0,0,0,0
37.5,308,1,0.871214,0.871214,0.54134,-0.99416,1.5355,34.1654,28.0234,14,12,-2,0.519834,0.420714,0.09912,0,0,0,0
37.5,308,2,0.899728,0.899728,0.8699,0.967184,0.0972839,35.4796,35.8687,11,11,0,0.446384,0.835155,0.388771,0,0,0,0
37.5,308,3,0.82572,0.82572,-0.551147,-0.486522,0.0646247,29.7954,30.0539,5,7,2,0.972517,0.672222,0.300294,0,0,0,0
38,309,1,1.20907,1.20907,-0.382455,0.54134,0.923796,30.4702,34.1654,12,12,0,0.420714,0.57915,0.158437,0,0,0,0
38,309,2,0.991074,0.991074,-0.343516,0.8699,1.21342,30.6259,35.4796,11,12,1,0.835155,0.74561,0.0895456,0,0,0,0
38,309,3,0.652091,0.652091,-0.211608,-0.551147,0.339538,31.1536,29.7954,7,6,-1,0.672222,0.528594,0.143629,0,0,0,0
38.5,310,1,0.954463,0.954463,0.698806,-0.382455,1.08126,34.7952,30.4702,12,9,-3,0.57915,0.621629,0.0424784,0,0,0,0
38.5,310,2,0.541653,0.541653,-0.69216,-0.343516,0.348645,29.2314,30.6259,12,14,2,0.74561,0.53552,0.21009,0,0,0,0
38.5,310,3,0.181605,0.181605,0.16156,-0.211608,0.373169,32.6462,31.1536,6,7,1,0.528594,0.771915,0.243322,0,0,0,0
39,311,1,0.976144,0.976144,-0.566395,0.698806,1.2652,29.7344,34.7952,9,12,3,0.621629,0.722419,0.10079,0,0,0,0
39,311,2,0.467379,0.467379,-0.726522,-0.69216,0.0343611,29.0939,29.2314,14,10,-4,0.53552,0.333022,0.202498,0,0,0,0
39,311,3,0.717691,0.717691,0.449463,0.16156,0.287902,33.7979,32.6462,7,8,1,0.771915,0.725536,0.0463792,0,0,0,0
39.5,312,1,0.813494,0.813494,-0.723253,-0.566395,0.156858,29.107,29.7344,12,13,1,0.722419,0.578461,0.143958,0,0,0,0
39.5,312,2,0.0857683,0.0857683,0.957717,-0.726522,1.68424,35.8309,29.0939,10,9,-1,0.333022,0.305882,0.0271408,0,0,0,0
39.5,312,3,1.73778,1.73778,-0.21602,0.449463,0.665483,31.1359,33.7979,8,8,0,0.725536,0.837234,0.111698,0,0,0,0
40,313,1,0.445286,0.445286,-0.121684,-0.723253,0.60157,31.5133,29.107,13,13,0,0.578461,0.399518,0.178942,0,0,0,0
40,313,2,0.0881213,0.0881213,0.044876,0.957717,0.912841,32.1795,35.8309,9,9,0,0.305882,0.71725,0.411368,0,0,0,0
40,313,3,0.101911,0.101911,0.196032,-0.21602,0.412053,32.7841,31.1359,8,8,0,0.837234,0.789477,0.0477568,0,0,0,0
40.5,314,1,0.574969,0.574969,0.9255,-0.121684,1.04718,35.702,31.5133,13,8,-5,0.399518,0.488986,0.0894672,0,0,0,0
40.5,314,2,0.329885,0.329885,0.68677,0.044876,0.641894,34.7471,32.1795,9,8,-1,0.71725,0.738059,0.0208096,0,0,0,0
40.5,314,3,0.848162,0.848162,0.836507,0.196032,0.640475,35.346,32.7841,8,14,6,0.789477,0.611515,0.177962,0,0,0,0
41,315,1,0.661368,0.661368,-0.0800475,0.9255,1.00555,31.6798,35.702,8,8,0,0.488986,0.641186,0.1522,0,0,0,0
41,315,2,0.0720644,0.0720644,0.930709,0.68677,0.243939,35.7228,34.7471,8,10,2,0.738059,0.514722,0.223338,0,0,0,0
41,315,3,0.94518,0.94518,-0.728661,0.836507,1.56517,29.0854,35.346,14,12,-2,0.611515,0.616466,0.0049504,0,0,0,0
41.5,316,1,0.331033,0.331033,0.226546,-0.0800475,0.306593,32.9062,31.6798,8,10,2,0.641186,0.530598,0.110587,0,0,0,0
41.5,316,2,0.19502,0.19502,0.177444,0.930709,0.753265,32.7098,35.7228,10,7,-3,0.514722,0.735722,0.221,0,0,0,0
41.5,316,3,1.22579,1.22579,-0.678847,-0.728661,0.0498134,29.2846,29.0854,12,13,1,0.616466,0.515123,0.101342,0,0,0,0
42,317,1,1.14818,1.14818,-0.193557,0.226546,0.420103,31.2258,32.9062,10,9,-1,0.530598,0.573469,0.0428704,0,0,0,0
42,317,2,1.03087,1.03087,-0.751978,0.177444,0.929421,28.9921,32.7098,7,10,3,0.735722,0.762648,0.0269264,0,0,0,0
42,317,3,0.317947,0.317947,0.906505,-0.678847,1.58535,35.626,29.2846,13,11,-2,0.515123,0.474176,0.0409472,0,0,0,0
42.5,318,1,0.309939,0.309939,-0.490791,-0.193557,0.297234,30.0368,31.2258,9,14,5,0.573469,0.543416,0.0300528,0,0,0,0
42.5,318,2,0.126319,0.126319,-0.152803,-0.751978,0.599174,31.3888,28.9921,10,10,0,0.762648,0.381226,0.381422,0,0,0,0
42.5,318,3,1.21707,1.21707,0.27084,0.906505,0.635665,33.0834,35.626,11,6,-5,0.474176,1.00915,0.534978,0,0,0,0
43,319,1,0.41209,0.41209,-0.635446,-0.490791,0.144655,29.4582,30.0368,14,7,-7,0.543416,0.52656,0.016856,0,0,0,0
43,319,2,0.410805,0.410805,0.64198,-0.152803,0.794783,34.5679,31.3888,10,11,1,0.381226,0.407213,0.0259872,0,0,0,0
43,319,3,0.888252,0.888252,-0.285006,0.27084,0.555846,30.86,33.0834,6,12,6,1.00915,0.836352,0.172802,0,0,0,0
43.5,320,1,0.164362,0.164362,-0.119189,-0.635446,0.516257,31.5232,29.4582,7,6,-1,0.52656,0.503176,0.023384,0,0,0,0
43.5,320,2,0.554763,0.554763,-0.858793,0.64198,1.50077,28.5648,34.5679,11,7,-4,0.407213,0.733632,0.326419,0,0,0,0
43.5,320,3,0.653886,0.653886,-0.0511264,-0.285006,0.23388,31.7955,30.86,12,17,5,0.836352,0.605301,0.231051,0,0,0,0
44,321,1,0.0836374,0.0836374,0.814798,-0.119189,0.933987,35.2592,31.5232,6,7,1,0.503176,0.635968,0.132792,0,0,0,0
44,321,2,0.296716,0.296716,-0.518526,-0.858793,0.340268,29.9259,28.5648,7,13,6,0.733632,0.486416,0.247216,0,0,0,0
44,321,3,0.31905,0.31905,-0.701682,-0.0511264,0.650556,29.1933,31.7955,17,10,-7,0.605301,0.734125,0.128824,0,0,0,0
44.5,322,1,0.105652,0.105652,0.813478,0.814798,0.00132048,35.2539,35.2592,7,9,2,0.635968,1.00352,0.367549,0,0,1,0
44.5,322,2,1.07988,1.07988,0.957781,-0.518526,1.47631,35.8311,29.9259,13,10,-3,0.486416,0.288173,0.198243,0,0,0,0
44.5,322,3,0.0663131,0.0663131,0.765012,-0.701682,1.46669,35.06,29.1933,10,11,1,0.734125,0.637411,0.0967136,0,0,0,0
45,323,1,0.712731,0.712731,-0.716716,0.813478,1.53019,29.1331,35.2539,9,13,4,1.00352,0.751918,0.251598,0,0,0,0
45,323,2,0.470021,0.470021,0.67911,0.957781,0.278672,34.7164,35.8311,10,10,0,0.288173,0.472845,0.184672,0,0,0,0
45,323,3,0.172618,0.172618,-0.590326,0.765012,1.35534,29.6387,35.06,11,7,-4,0.637411,0.607272,0.0301392,0,0,0,0
45.5,324,1,0.913738,0.913738,0.721159,-0.716716,1.43788,34.8846,29.1331,13,8,-5,0.751918,0.470381,0.281538,0,0,0,0
45.5,324,2,0.0091605,0.0091605,-0.513515,0.67911,1.19262,29.9459,34.7164,10,10,0,0.472845,0.804318,0.331474,0,1,0,0
45.5,324,3,1.03167,1.03167,0.205365,-0.590326,0.795691,32.8215,29.6387,7,12,5,0.607272,0.582845,0.0244272,0,0,0,0
46,325,1,0.730556,0.730556,0.599178,0.721159,0.121981,34.3967,34.8846,8,8,0,0.470381,0.594325,0.123944,0,0,0,0
46,325,2,0.0765628,0.0765628,0.52647,-0.513515,1.03998,34.1059,29.9459,10,12,2,0.804318,0.50191,0.302408,0,0,0,0
46,325,3,1.31607,1.31607,0.211725,0.205365,0.00635968,32.8469,32.8215,12,10,-2,0.582845,0.786381,0.203536,0,0,1,0
46.5,326,1,0.570413,0.570413,0.699098,0.599178,0.0999194,34.7964,34.3967,8,9,1,0.594325,0.745294,0.15097,0,0,0,0
46.5,326,2,0.445396,0.445396,0.114313,0.52647,0.412156,32.4573,34.1059,12,10,-2,0.50191,0.500738,0.0011728,0,0,0,0
46.5,326,3,0.109767,0.109767,0.860762,0.211725,0.649037,35.443,32.8469,10,11,1,0.786381,0.536024,0.250357,0,0,0,0
47,327,1,0.0899703,0.0899703,-0.799229,0.699098,1.49833,28.8031,34.7964,9,10,1,0.745294,0.693024,0.0522704,0,0,0,0
47,327,2,0.193743,0.193743,0.48553,0.114313,0.371217,33.9421,32.4573,10,10,0,0.500738,0.468965,0.0317728,0,0,0,0
47,327,3,1.35194,1.35194,-0.885489,0.860762,1.74625,28.458,35.443,11,10,-1,0.536024,0.705331,0.169307,0,0,0,0
47.5,328,1,1.19317,1.19317,0.937171,-0.799229,1.7364,35.7487,28.8031,10,8,-2,0.693024,0.542035,0.150989,0,0,0,0
47.5,328,2,0.329917,0.329917,-0.717601,0.48553,1.20313,29.1296,33.9421,10,10,0,0.468965,0.675326,0.206362,0,0,0,0
47.5,328,3,0.876437,0.876437,-0.362651,-0.885489,0.522838,30.5494,28.458,10,12,2,0.705331,0.682606,0.0227248,0,0,0,0
48,329,1,1.09311,1.09311,0.857876,0.937171,0.0792953,35.4315,35.7487,8,10,2,0.542035,0.916808,0.374773,0,0,0,0
48,329,2,0.494361,0.494361,0.669822,-0.717601,1.38742,34.6793,29.1296,10,15,5,0.675326,0.485082,0.190245,0,0,0,0
48,329,3,0.530745,0.530745,-0.928287,-0.362651,0.565636,28.2869,30.5494,12,5,-7,0.682606,0.594018,0.0885888,0,0,0,0
48.5,330,1,0.220115,0.220115,0.523659,0.857876,0.334217,34.0946,35.4315,10,10,0,0.916808,0.892878,0.0239296,0,0,0,0
48.5,330,2,0.0185304,0.0185304,0.639838,0.669822,0.0299846,34.5594,34.6793,15,12,-3,0.485082,0.50464,0.0195584,0,1,0,0
48.5,330,3,0.697968,0.697968,-0.704519,-0.928287,0.223768,29.1819,28.2869,5,8,3,0.594018,0.494835,0.0991824,0,0,0,0
49,331,1,1.87318,1.87318,-0.768474,0.523659,1.29213,28.9261,34.0946,10,12,2,0.892878,0.774189,0.11869,0,0,0,0
49,331,2,0.298248,0.298248,0.209328,0.639838,0.43051,32.8373,34.5594,12,12,0,0.50464,0.624482,0.119842,0,0,0,0
49,331,3,0.115589,0.115589,0.80952,-0.704519,1.51404,35.2381,29.1819,8,6,-2,0.494835,0.504006,0.0091712,0,0,0,0
49.5,332,1,1.49579,1.49579,0.0754568,-0.768474,0.843931,32.3018,28.9261,12,5,-7,0.774189,0.52017,0.254019,0,0,0,0
49.5,332,2,0.632423,0.632423,0.630641,0.209328,0.421313,34.5226,32.8373,12,17,5,0.624482,0.523584,0.100898,0,0,0,0
49.5,332,3,0.483729,0.483729,0.109179,0.80952,0.70034,32.4367,35.2381,6,8,2,0.504006,1.07876,0.574754,0,0,0,0
50,333,1,1.43465,1.43465,-0.930309,0.0754568,1.00577,28.2788,32.3018,5,14,9,0.52017,0.443904,0.0762656,0,0,0,0
50,333,2,1.30061,1.30061,-0.945074,0.630641,1.57572,28.2197,34.5226,17,11,-6,0.523584,0.569288,0.045704,0,0,0,0
50,333,3,0.411389,0.411389,0.36498,0.109179,0.255801,33.4599,32.4367,8,5,-3,1.07876,0.908853,0.169907,0,0,0,0
50.5,334,1,0.111403,0.111403,-0.968957,-0.930309,0.0386485,28.1242,28.2788,14,9,-5,0.443904,0.471803,0.0278992,0,0,0,0
50.5,334,2,1.60352,1.60352,0.151519,-0.945074,1.09659,32.6061,28.2197,11,13,2,0.569288,0.462691,0.106597,0,0,0,0
50.5,334,3,1.66442,1.66442,0.192021,0.36498,0.172959,32.7681,33.4599,5,8,3,0.908853,0.982221,0.073368,0,0,0,0
51,335,1,1.49776,1.49776,-0.764406,-0.968957,0.204551,28.9424,28.1242,9,10,1,0.471803,0.391474,0.0803296,0,0,0,0
51,335,2,0.573795,0.573795,-0.638544,0.151519,0.790064,29.4458,32.6061,13,7,-6,0.462691,0.545859,0.083168,0,0,0,0
51,335,3,0.9905,0.9905,0.515498,0.192021,0.323477,34.062,32.7681,8,13,5,0.982221,0.892406,0.0898144,0,0,0,0
51.5,336,1,0.39702,0.39702,-0.801461,-0.764406,0.0370556,28.7942,28.9424,10,10,0,0.391474,0.477506,0.086032,0,0,0,0
51.5,336,2,0.579918,0.579918,-0.628038,-0.638544,0.0105062,29.4878,29.4458,7,7,0,0.545859,0.48355,0.0623088,0,0,1,0
51.5,336,3,0.124423,0.124423,-0.410055,0.515498,0.925553,30.3598,34.062,13,13,0,0.892406,0.902989,0.0105824,0,0,0,0
52,337,1,0.121,0.121,-0.12582,-0.801461,0.675641,31.4967,28.7942,10,6,-4,0.477506,0.555718,0.0782128,0,0,0,0
52,337,2,0.446161,0.446161,0.0224547,-0.628038,0.650493,32.0898,29.4878,7,10,3,0.48355,0.446837,0.0367136,0,0,0,0
52,337,3,0.340038,0.340038,-0.0563076,-0.410055,0.353747,31.7748,30.3598,13,14,1,0.902989,0.876587,0.0264016,0,0,0,0
52.5,338,1,1.01062,1.01062,-0.808521,-0.12582,0.6827,28.7659,31.4967,6,7,1,0.555718,0.559136,0.0034176,0,0,0,0
52.5,338,2,1.04872,1.04872,-0.808456,0.0224547,0.830911,28.7662,32.0898,10,11,1,0.446837,0.595651,0.148814,0,0,0,0
52.5,338,3,0.215179,0.215179,0.63823,-0.0563076,0.694537,34.5529,31.7748,14,12,-2,0.876587,0.703416,0.173171,0,0,0,0
53,339,1,0.221669,0.221669,-0.750659,-0.808521,0.0578616,28.9974,28.7659,7,8,1,0.559136,0.505525,0.0536112,0,0,0,0
53,339,2,0.0279241,0.0279241,0.277904,-0.808456,1.08636,33.1116,28.7662,11,10,-1,0.595651,0.450923,0.144728,0,0,0,0
53,339,3,0.0486081,0.0486081,-0.792886,0.63823,1.43112,28.8285,34.5529,12,12,0,0.703416,0.934397,0.230981,0,0,0,0
53.5,340,1,0.624532,0.624532,-0.914494,-0.750659,0.163835,28.342,28.9974,8,9,1,0.505525,0.40795,0.0975744,0,0,0,0
53.5,340,2,0.208808,0.208808,0.809015,0.277904,0.531111,35.2361,33.1116,10,4,-6,0.450923,0.831259,0.380336,0,0,0,0
53.5,340,3,0.94315,0.94315,-0.789974,-0.792886,0.0029121,28.8401,28.8285,12,17,5,0.934397,0.757288,0.177109,0,0,1,0
54,341,1,0.343717,0.343717,0.321591,-0.914494,1.23609,33.2864,28.342,9,8,-1,0.40795,0.373219,0.0347312,0,0,0,0
54,341,2,1.37695,1.37695,-0.921985,0.809015,1.731,28.3121,35.2361,4,9,5,0.831259,1.0385,0.20724,0,0,0,0
54,341,3,1.20654,1.20654,0.473177,-0.789974,1.26315,33.8927,28.8401,17,13,-4,0.757288,0.505307,0.251981,0,0,0,0
54.5,342,1,0.222268,0.222268,0.333223,0.321591,0.0116319,33.3329,33.2864,8,5,-3,0.373219,0.652984,0.279765,0,0,1,0
54.5,342,2,0.118586,0.118586,-0.134719,-0.921985,0.787266,31.4611,28.3121,9,20,11,1.0385,0.527627,0.510872,0,0,0,0
54.5,342,3,0.843938,0.843938,0.676402,0.473177,0.203225,34.7056,33.8927,13,5,-8,0.505307,0.705778,0.20047,0,0,0,0
55,343,1,0.763943,0.763943,-0.715405,0.333223,1.04863,29.1384,33.3329,5,9,4,0.652984,0.68969,0.0367056,0,0,0,0
55,343,2,0.488484,0.488484,-0.374382,-0.134719,0.239663,30.5025,31.4611,20,10,-10,0.527627,0.314616,0.213011,0,0,0,0
55,343,3,0.765112,0.765112,0.710755,0.676402,0.0343523,34.843,34.7056,5,11,6,0.705778,0.850166,0.144389,0,0,0,0
55.5,344,1,0.708433,0.708433,-0.263759,-0.715405,0.451646,30.945,29.1384,9,10,1,0.68969,0.509046,0.180643,0,0,0,0
55.5,344,2,0.25604,0.25604,-0.598022,-0.374382,0.22364,29.6079,30.5025,10,10,0,0.314616,0.406712,0.092096,0,0,0,0
55.5,344,3,0.162463,0.162463,-0.714895,0.710755,1.42565,29.1404,34.843,11,10,-1,0.850166,0.998034,0.147867,0,0,0,0
56,345,1,0.441541,0.441541,-0.697963,-0.263759,0.434204,29.2081,30.945,10,9,-1,0.509046,0.643526,0.13448,0,0,0,0
56,345,2,0.353195,0.353195,-0.562337,-0.598022,0.0356852,29.7507,29.6079,10,9,-1,0.406712,0.526493,0.119781,0,0,0,0
56,345,3,1.6954,1.6954,0.344641,-0.714895,1.05954,33.3786,29.1404,10,12,2,0.998034,0.793576,0.204458,0,0,0,0
56.5,346,1,1.23983,1.23983,0.0832245,-0.697963,0.781188,32.3329,29.2081,9,8,-1,0.643526,0.597314,0.0462128,0,0,0,0
56.5,346,2,1.2577,1.2577,0.33994,-0.562337,0.902277,33.3598,29.7507,9,9,0,0.526493,0.466477,0.060016,0,0,0,0
56.5,346,3,1.51933,1.51933,-0.645986,0.344641,0.990628,29.4161,33.3786,12,13,1,0.793576,0.892802,0.0992256,0,0,0,0
57,347,1,0.501264,0.501264,0.00274628,0.0832245,0.0804782,32.011,32.3329,8,7,-1,0.597314,0.590466,0.006848,0,0,0,0
57,347,2,0.324702,0.324702,0.877955,0.33994,0.538015,35.5118,33.3598,9,11,2,0.466477,0.611376,0.144899,0,0,0,0
57,347,3,0.393241,0.393241,-0.457045,-0.645986,0.188942,30.1718,29.4161,13,12,-1,0.892802,0.751861,0.140941,0,0,0,0
57.5,348,1,0.0218896,0.0218896,-0.977474,0.00274628,0.980221,28.0901,32.011,7,8,1,0.590466,0.594328,0.0038624,0,0,0,0
57.5,348,2,1.53267,1.53267,0.283152,0.877955,0.594803,33.1326,35.5118,11,9,-2,0.611376,0.890387,0.279011,0,0,0,0
57.5,348,3,0.56529,0.56529,-0.117935,-0.457045,0.33911,31.5283,30.1718,12,13,1,0.751861,0.508333,0.243528,0,0,0,0
58,349,1,0.0242098,0.0242098,0.297283,-0.977474,1.27476,33.1891,28.0901,8,7,-1,0.594328,0.430787,0.163541,0,0,0,0
58,349,2,0.819878,0.819878,-0.812271,0.283152,1.09542,28.7509,33.1326,9,10,1,0.890387,0.810098,0.0802896,0,0,0,0
58,349,3,0.347839,0.347839,0.399395,-0.117935,0.51733,33.5976,31.5283,13,13,0,0.508333,0.643704,0.135371,0,0,0,0
58.5,350,1,0.711203,0.711203,0.661215,0.297283,0.363932,34.6449,33.1891,7,7,0,0.430787,0.610845,0.180058,0,0,0,0
58.5,350,2,0.933449,0.933449,0.337253,-0.812271,1.14952,33.349,28.7509,10,14,4,0.810098,0.465086,0.345011,0,0,0,0
58.5,350,3,0.206167,0.206167,-0.0804647,0.399395,0.47986,31.6781,33.5976,13,9,-4,0.643704,0.876021,0.232317,0,0,0,0
1,352,1,-1,-1,0.159333,0.159333,-1,32.6373,32.6373,11,11,0,0,0,0,0,0,0,0
1,352,2,-1,-1,-0.501578,-0.501578,-1,29.9937,29.9937,10,10,0,0,0,0,0,0,0,0
1,352,3,-1,-1,-0.760273,-0.760273,-1,28.9589,28.9589,9,9,0,0,0,0,0,0,0,0
1.5,353,1,0.0856642,0.0856642,-0.900766,0.159333,1.0601,28.3969,32.6373,11,13,2,0,0.736118,0.736118,0,0,0,0
1.5,353,2,0.241261,0.241261,0.613579,-0.501578,1.11516,34.4543,29.9937,10,8,-2,0,0.536354,0.536354,0,0,0,0
1.5,353,3,0.622062,0.622062,-0.815946,-0.760273,0.0556735,28.7362,28.9589,9,9,0,0,0.641192,0.641192,0,0,0,0
2,354,1,0.197568,0.197568,0.0925528,-0.900766,0.993319,32.3702,28.3969,13,17,4,0.736118,0.495216,0.240902,0,0,0,0
2,354,2,1.40216,1.40216,0.984746,0.613579,0.371167,35.939,34.4543,8,8,0,0.536354,0.941178,0.404824,0,0,0,0
2,354,3,0.548482,0.548482,0.285548,-0.815946,1.10149,33.1422,28.7362,9,5,-4,0.641192,0.665005,0.0238128,0,0,0,0
2.5,355,1,1.39448,1.39448,-0.443322,0.0925528,0.535875,30.2267,32.3702,17,13,-4,0.495216,0.392339,0.102877,0,0,0,0
2.5,355,2,0.547965,0.547965,0.685602,0.984746,0.299144,34.7424,35.939,8,11,3,0.941178,0.918523,0.0226544,0,0,0,0
2.5,355,3,0.0538992,0.0538992,0.049864,0.285548,0.235684,32.1995,33.1422,5,6,1,0.665005,0.756654,0.0916496,0,0,0,0
3,356,1,0.0383799,0.0383799,-0.773829,-0.443322,0.330507,28.9047,30.2267,13,11,-2,0.392339,0.479651,0.087312,0,0,0,0
3,356,2,0.815852,0.815852,0.0130942,0.685602,0.672508,32.0524,34.7424,11,10,-1,0.918523,0.73493,0.183594,0,0,0,0
3,356,3,0.608651,0.608651,0.144113,0.049864,0.0942488,32.5765,32.1995,6,9,3,0.756654,0.660365,0.0962896,0,0,0,0
3.5,357,1,0.126804,0.126804,0.895935,-0.773829,1.66976,35.5837,28.9047,11,7,-4,0.479651,0.367802,0.11185,0,0,0,0
3.5,357,2,1.3822,1.3822,-0.918599,0.0130942,0.931693,28.3256,32.0524,10,9,-1,0.73493,0.700173,0.0347568,0,0,0,0
3.5,357,3,0.15561,0.15561,0.92277,0.144113,0.778657,35.6911,32.5765,9,14,5,0.660365,0.749629,0.089264,0,0,0,0
4,358,1,1.41939,1.41939,-0.282334,0.895935,1.17827,30.8707,35.5837,7,3,-4,0.367802,0.591742,0.223941,0,0,0,0
4,358,2,0.425848,0.425848,-0.31985,-0.918599,0.598749,30.7206,28.3256,9,15,6,0.700173,0.475182,0.22499,0,0,0,0
4,358,3,0.0408875,0.0408875,-0.598506,0.92277,1.52128,29.606,35.6911,14,12,-2,0.749629,0.742878,0.0067504,0,0,0,0
4.5,359,1,0.200856,0.200856,-0.658537,-0.282334,0.376203,29.3659,30.8707,3,9,6,0.591742,0.701416,0.109674,0,0,0,0
4.5,359,2,0.23861,0.23861,-0.690315,-0.31985,0.370465,29.2387,30.7206,15,3,-12,0.475182,0.726117,0.250934,0,0,0,0
4.5,359,3,1.22553,1.22553,-0.76242,-0.598506,0.163913,28.9503,29.606,12,18,6,0.742878,0.679566,0.063312,0,0,0,0
5,360,1,0.85001,0.85001,-0.342515,-0.658537,0.316022,30.6299,29.3659,9,11,2,0.701416,0.593758,0.107658,0,0,0,0
5,360,2,0.313405,0.313405,-0.44106,-0.690315,0.249255,30.2358,29.2387,3,5,2,0.726117,0.696762,0.0293552,0,0,0,0
5,360,3,0.0455884,0.0455884,0.956695,-0.76242,1.71911,35.8268,28.9503,18,14,-4,0.679566,0.722515,0.0429488,0,0,0,0
5.5,361,1,1.36336,1.36336,-0.232822,-0.342515,0.109693,31.0687,30.6299,11,14,3,0.593758,0.447451,0.146307,0,0,0,0
5.5,361,2,0.387387,0.387387,-0.697859,-0.44106,0.256799,29.2086,30.2358,5,6,1,0.696762,0.61531,0.0814512,0,0,0,0
5.5,361,3,1.20104,1.20104,0.768222,0.956695,0.188472,35.0729,35.8268,14,10,-4,0.722515,0.94283,0.220315,0,0,0,0
6,362,1,1.06053,1.06053,0.893664,-0.232822,1.12649,35.5747,31.0687,14,6,-8,0.447451,0.396925,0.0505264,0,0,0,0
6,362,2,0.0244535,0.0244535,-0.636081,-0.697859,0.0617777,29.4557,29.2086,6,11,5,0.61531,0.482872,0.132438,0,0,0,0
6,362,3,0.83821,0.83821,-0.439414,0.768222,1.20764,30.2423,35.0729,10,13,3,0.94283,0.95484,0.0120096,0,0,0,0
6.5,363,1,1.18458,1.18458,0.900919,0.893664,0.00725478,35.6037,35.5747,6,11,5,0.396925,0.775214,0.37829,0,0,1,0
6.5,363,2,1.27569,1.27569,0.169304,-0.636081,0.805385,32.6772,29.4557,11,3,-8,0.482872,0.51268,0.029808,0,0,0,0
6.5,363,3,0.230421,0.230421,0.366079,-0.439414,0.805493,33.4643,30.2423,13,16,3,0.95484,0.68628,0.26856,0,0,0,0
7,364,1,0.132224,0.132224,-0.0368193,0.900919,0.937738,31.8527,35.6037,11,13,2,0.775214,0.722843,0.0523712,0,0,0,0
7,364,2,0.187225,0.187225,0.740342,0.169304,0.571039,34.9614,32.6772,3,6,3,0.51268,0.585928,0.073248,0,0,0,0
7,364,3,0.0325594,0.0325594,-0.158874,0.366079,0.524953,31.3645,33.4643,16,11,-5,0.68628,0.667333,0.0189472,0,0,0,0
7.5,365,1,0.609827,0.609827,0.259313,-0.0368193,0.296132,33.0373,31.8527,13,19,6,0.722843,0.48936,0.233483,0,0,0,0
7.5,365,2,0.0993139,0.0993139,0.0125264,0.740342,0.727816,32.0501,34.9614,6,5,-1,0.585928,0.930574,0.344646,0,0,0,0
7.5,365,3,0.289432,0.289432,0.935499,-0.158874,1.09437,35.742,31.3645,11,6,-5,0.667333,0.838163,0.17083,0,0,0,0
8,366,1,0.683426,0.683426,0.396191,0.259313,0.136878,33.5848,33.0373,19,19,0,0.48936,0.490746,0.0013856,0,0,0,0
8,366,2,0.173052,0.173052,-0.856923,0.0125264,0.869449,28.5723,32.0501,5,5,0,0.930574,0.633152,0.297422,0,0,0,0
8,366,3,0.278265,0.278265,-0.216138,0.935499,1.15164,31.1354,35.742,6,6,0,0.838163,0.967558,0.129395,0,0,0,0
8.5,367,1,0.173764,0.173764,-0.427729,0.396191,0.82392,30.2891,33.5848,19,10,-9,0.490746,0.727322,0.236576,0,0,0,0
8.5,367,2,1.84687,1.84687,-0.520821,-0.856923,0.336101,29.9167,28.5723,5,12,7,0.633152,0.38833,0.244822,0,0,0,0
8.5,367,3,0.359008,0.359008,-0.846927,-0.216138,0.630789,28.6123,31.1354,6,8,2,0.967558,0.960746,0.0068128,0,0,0,0
9,368,1,0.225592,0.225592,0.909854,-0.427729,1.33758,35.6394,30.2891,10,11,1,0.727322,0.681058,0.046264,0,0,0,0
9,368,2,1.8901,1.8901,0.708125,-0.520821,1.22895,34.8325,29.9167,12,12,0,0.38833,0.582176,0.193846,0,0,0,0
9,368,3,0.341941,0.341941,0.72846,-0.846927,1.57539,34.9138,28.6123,8,7,-1,0.960746,0.671226,0.28952,0,0,0,0
9.5,369,1,0.144641,0.144641,-0.584513,0.909854,1.49437,29.6619,35.6394,11,15,4,0.681058,0.592346,0.088712,0,0,0,0
9.5,369,2,0.288103,0.288103,-0.639461,0.708125,1.34759,29.4422,34.8325,12,7,-5,0.582176,0.56624,0.015936,0,0,0,0
9.5,369,3,1.06431,1.06431,-0.310974,0.72846,1.03943,30.7561,34.9138,7,8,1,0.671226,0.751432,0.0802064,0,0,0,0
10,370,1,0.600205,0.600205,-0.826698,-0.584513,0.242185,28.6932,29.6619,15,13,-2,0.592346,0.549621,0.0427248,0,0,0,0
10,370,2,0.705663,0.705663,0.117429,-0.639461,0.75689,32.4697,29.4422,7,10,3,0.56624,0.542048,0.024192,0,0,0,0
10,370,3,0.398351,0.398351,-0.146605,-0.310974,0.164368,31.4136,30.7561,8,7,-1,0.751432,0.915659,0.164227,0,0,0,0
10.5,371,1,1.60302,1.60302,-0.0843214,-0.826698,0.742377,31.6627,28.6932,13,13,0,0.549621,0.410936,0.138685,0,0,0,0
10.5,371,2,0.218157,0.218157,-0.346576,0.117429,0.464005,30.6137,32.4697,10,10,0,0.542048,0.754845,0.212797,0,0,0,0
10.5,371,3,0.363787,0.363787,0.588532,-0.146605,0.735137,34.3541,31.4136,7,7,0,0.915659,0.813611,0.102048,0,0,0,0
11,372,1,0.0386531,0.0386531,-0.507199,-0.0843214,0.422877,29.9712,31.6627,13,13,0,0.410936,0.482506,0.0715696,0,0,0,0
11,372,2,0.0973543,0.0973543,0.232483,-0.346576,0.579059,32.9299,30.6137,10,7,-3,0.754845,0.631622,0.123222,0,0,0,0
11,372,3,1.25831,1.25831,0.16544,0.588532,0.423092,32.6618,34.3541,7,10,3,0.813611,0.742371,0.07124,0,0,0,0
11.5,373,1,0.959002,0.959002,-0.690354,-0.507199,0.183155,29.2386,29.9712,13,7,-6,0.482506,0.425197,0.0573088,0,0,0,0
11.5,373,2,0.162627,0.162627,-0.153203,0.232483,0.385686,31.3872,32.9299,7,7,0,0.631622,0.63107,0.000552,0,0,0,0
11.5,373,3,0.0723633,0.0723633,-0.475675,0.16544,0.641115,30.0973,32.6618,10,16,6,0.742371,0.667774,0.0745968,0,0,0,0
12,374,1,0.697034,0.697034,0.24968,-0.690354,0.940034,32.9987,29.2386,7,7,0,0.425197,0.449042,0.0238448,0,0,0,0
12,374,2,0.0818533,0.0818533,0.258263,-0.153203,0.411466,33.0331,31.3872,7,12,5,0.63107,0.652189,0.0211184,0,0,0,0
12,374,3,1.01627,1.01627,-0.515765,-0.475675,0.04009,29.9369,30.0973,16,11,-5,0.667774,0.637763,0.0300112,0,0,0,0
12.5,375,1,1.57434,1.57434,-0.966937,0.24968,1.21662,28.1323,32.9987,7,10,3,0.449042,0.603192,0.15415,0,0,0,0
12.5,375,2,0.779314,0.779314,0.132487,0.258263,0.125776,32.5299,33.0331,12,10,-2,0.652189,0.732922,0.0807328,0,0,0,0
12.5,375,3,0.120248,0.120248,-0.337207,-0.515765,0.178559,30.6512,29.9369,11,10,-1,0.637763,0.590933,0.0468304,0,0,0,0
13,376,1,1.44818,1.44818,0.720959,-0.966937,1.6879,34.8838,28.1323,10,10,0,0.603192,0.498914,0.104278,0,0,0,0
13,376,2,0.396581,0.396581,-0.494913,0.132487,0.6274,30.0203,32.5299,10,11,1,0.732922,0.746906,0.013984,0,0,0,0
13,376,3,1.33497,1.33497,0.540037,-0.337207,0.877244,34.1601,30.6512,10,9,-1,0.590933,0.55843,0.0325024,0,0,0,0
13.5,377,1,0.0944004,0.0944004,0.61201,0.720959,0.108949,34.448,34.8838,10,9,-1,0.498914,0.570491,0.0715776,0,0,0,0
13.5,377,2,1.39271,1.39271,-0.548978,-0.494913,0.0540658,29.8041,30.0203,11,10,-1,0.746906,0.529051,0.217854,0,0,0,0
13.5,377,3,0.132422,0.132422,0.125131,0.540037,0.414907,32.5005,34.1601,9,11,2,0.55843,0.75484,0.19641,0,0,0,0
14,378,1,1.77983,1.77983,0.268563,0.61201,0.343448,33.0743,34.448,9,13,4,0.570491,0.695704,0.125213,0,0,0,0
14,378,2,0.0445859,0.0445859,-0.0956645,-0.548978,0.453314,31.6173,29.8041,10,10,0,0.529051,0.410165,0.118886,0,0,0,0
14,378,3,1.64106,1.64106,0.552065,0.125131,0.426934,34.2083,32.5005,11,7,-4,0.75484,0.778438,0.0235984,0,0,0,0
14.5,379,1,1.1684,1.1684,-0.645456,0.268563,0.914018,29.4182,33.0743,13,15,2,0.695704,0.62251,0.0731936,0,0,0,0
14.5,379,2,1.47892,1.47892,-0.733468,-0.0956645,0.637804,29.0661,31.6173,10,7,-3,0.410165,0.430845,0.02068,0,0,0,0
14.5,379,3,0.511725,0.511725,0.179277,0.552065,0.372788,32.7171,34.2083,7,8,1,0.778438,0.782613,0.0041744,0,0,0,0
15,380,1,0.855762,0.855762,0.128273,-0.645456,0.773729,32.5131,29.4182,15,9,-6,0.62251,0.489669,0.132842,0,0,0,0
15,380,2,0.880401,0.880401,0.277351,-0.733468,1.01082,33.1094,29.0661,7,8,1,0.430845,0.566214,0.13537,0,0,0,0
15,380,3,1.31963,1.31963,-0.351593,0.179277,0.53087,30.5936,32.7171,8,13,5,0.782613,0.755181,0.027432,0,0,0,0
15.5,381,1,1.0999,1.0999,0.501119,0.128273,0.372846,34.0045,32.5131,9,12,3,0.489669,0.534146,0.0444768,0,0,0,0
15.5,381,2,0.531627,0.531627,-0.736116,0.277351,1.01347,29.0555,33.1094,8,5,-3,0.566214,0.648837,0.0826224,0,0,0,0
15.5,381,3,0.785149,0.785149,0.547396,-0.351593,0.898989,34.1896,30.5936,13,13,0,0.755181,0.740957,0.014224,0,0,0,0
16,382,1,0.439503,0.439503,-0.933589,0.501119,1.43471,28.2656,34.0045,12,9,-3,0.534146,0.699856,0.16571,0,0,0,0
16,382,2,0.0114065,0.0114065,-0.416179,-0.736116,0.319937,30.3353,29.0555,5,12,7,0.648837,0.449862,0.198974,0,1,0,0
16,382,3,0.496617,0.496617,-0.809199,0.547396,1.3566,28.7632,34.1896,13,9,-4,0.740957,0.784379,0.0434224,0,0,0,0
16.5,383,1,0.804494,0.804494,0.349547,-0.933589,1.28314,33.3982,28.2656,9,10,1,0.699856,0.59691,0.102946,0,0,0,0
16.5,383,2,0.126646,0.126646,0.410514,-0.416179,0.826692,33.6421,30.3353,12,11,-1,0.449862,0.552688,0.102826,0,0,0,0
16.5,383,3,0.828722,0.828722,0.300457,-0.809199,1.10966,33.2018,28.7632,9,9,0,0.784379,0.730077,0.0543024,0,0,0,0
17,384,1,0.962919,0.962919,-0.4766,0.349547,0.826148,30.0936,33.3982,10,11,1,0.59691,0.524555,0.0723552,0,0,0,0
17,384,2,1.29973,1.29973,0.741176,0.410514,0.330662,34.9647,33.6421,11,10,-1,0.552688,0.616573,0.0638848,0,0,0,0
17,384,3,0.320406,0.320406,0.598425,0.300457,0.297968,34.3937,33.2018,9,9,0,0.730077,0.738446,0.0083696,0,0,0,0
17.5,385,1,0.499433,0.499433,-0.609136,-0.4766,0.132536,29.5635,30.0936,11,11,0,0.524555,0.406909,0.117646,0,0,0,0
17.5,385,2,0.173969,0.173969,0.762508,0.741176,0.0213327,35.05,34.9647,10,11,1,0.616573,0.604213,0.01236,0,0,0,0
17.5,385,3,0.670596,0.670596,0.966422,0.598425,0.367997,35.8657,34.3937,9,8,-1,0.738446,0.797835,0.0593888,0,0,0,0
18,386,1,0.671316,0.671316,0.368159,-0.609136,0.977295,33.4726,29.5635,11,10,-1,0.406909,0.271451,0.135458,0,0,0,0
18,386,2,0.404991,0.404991,-0.519022,0.762508,1.28153,29.9239,35.05,11,11,0,0.604213,0.650053,0.04584,0,0,0,0
18,386,3,0.469628,0.469628,-0.645804,0.966422,1.61223,29.4168,35.8657,8,9,1,0.797835,0.84985,0.0520144,0,0,0,0
18.5,387,1,1.06169,1.06169,0.340691,0.368159,0.0274681,33.3628,33.4726,10,7,-3,0.271451,0.669112,0.397661,0,0,0,0
18.5,387,2,1.11162,1.11162,0.790812,-0.519022,1.30983,35.1632,29.9239,11,11,0,0.650053,0.538526,0.111526,0,0,0,0
18.5,387,3,0.337642,0.337642,0.343353,-0.645804,0.989157,33.3734,29.4168,9,12,3,0.84985,0.638378,0.211472,0,0,0,0
19,388,1,1.03574,1.03574,-0.929159,0.340691,1.26985,28.2834,33.3628,7,12,5,0.669112,0.652419,0.0166928,0,0,0,0
19,388,2,1.15611,1.15611,-0.365042,0.790812,1.15585,30.5398,35.1632,11,8,-3,0.538526,0.578234,0.0397072,0,0,0,0
19,388,3,0.901594,0.901594,-0.49814,0.343353,0.841492,30.0074,33.3734,12,10,-2,0.638378,0.632211,0.0061664,0,0,0,0
19.5,389,1,0.941412,0.941412,0.093151,-0.929159,1.02231,32.3726,28.2834,12,12,0,0.652419,0.43771,0.214709,0,0,0,0
19.5,389,2,1.41667,1.41667,-0.368208,-0.365042,0.00316674,30.5272,30.5398,8,12,4,0.578234,0.62645,0.048216,0,0,1,0
19.5,389,3,0.43038,0.43038,-0.00712199,-0.49814,0.491018,31.9715,30.0074,10,6,-4,0.632211,0.774677,0.142466,0,0,0,0
20,390,1,1.61747,1.61747,-0.635751,0.093151,0.728902,29.457,32.3726,12,10,-2,0.43771,0.610941,0.17323,0,0,0,0
20,390,2,0.750483,0.750483,0.846481,-0.368208,1.21469,35.3859,30.5272,12,9,-3,0.62645,0.537688,0.0887616,0,0,0,0
20,390,3,1.06839,1.06839,-0.935707,-0.00712199,0.928585,28.2572,31.9715,6,11,5,0.774677,0.641352,0.133325,0,0,0,0
20.5,391,1,0.113102,0.113102,-0.309288,-0.635751,0.326462,30.7628,29.457,10,11,1,0.610941,0.524112,0.0868288,0,0,0,0
20.5,391,2,0.0192965,0.0192965,-0.551925,0.846481,1.39841,29.7923,35.3859,9,9,0,0.537688,0.785093,0.247405,0,1,0,0
20.5,391,3,0.403727,0.403727,0.635164,-0.935707,1.57087,34.5407,28.2572,11,10,-1,0.641352,0.561541,0.0798112,0,0,0,0
21,392,1,0.948059,0.948059,-0.908565,-0.309288,0.599276,28.3657,30.7628,11,8,-3,0.524112,0.425064,0.099048,0,0,0,0
21,392,2,0.226017,0.226017,-0.923736,-0.551925,0.371811,28.3051,29.7923,9,19,10,0.785093,0.530088,0.255005,0,0,0,0
21,392,3,1.00055,1.00055,0.324734,0.635164,0.31043,33.2989,34.5407,10,3,-7,0.561541,0.834253,0.272712,0,0,0,0
21.5,393,1,0.615302,0.615302,-0.0803662,-0.908565,0.828199,31.6785,28.3657,8,10,2,0.425064,0.358128,0.066936,0,0,0,0
21.5,393,2,0.533245,0.533245,-0.541086,-0.923736,0.382651,29.8357,28.3051,19,10,-9,0.530088,0.354342,0.175746,0,0,0,0
21.5,393,3,0.337077,0.337077,0.468246,0.324734,0.143513,33.873,33.2989,3,10,7,0.834253,0.978995,0.144742,0,0,0,0
22,394,1,0.15827,0.15827,-0.383181,-0.0803662,0.302814,30.4673,31.6785,10,7,-3,0.358128,0.515008,0.15688,0,0,0,0
22,394,2,1.47222,1.47222,-0.266145,-0.541086,0.274941,30.9354,29.8357,10,5,-5,0.354342,0.468387,0.114045,0,0,0,0
22,394,3,0.175662,0.175662,-0.328501,0.468246,0.796748,30.686,33.873,10,18,8,0.978995,0.68067,0.298325,0,0,0,0
22.5,395,1,1.64979,1.64979,-0.0714246,-0.383181,0.311756,31.7143,30.4673,7,7,0,0.515008,0.630314,0.115306,0,0,0,0
22.5,395,2,0.0483242,0.0483242,0.909441,-0.266145,1.17559,35.6378,30.9354,5,4,-1,0.468387,0.549525,0.0811376,0,0,0,0
22.5,395,3,0.610413,0.610413,0.546848,-0.328501,0.875349,34.1874,30.686,18,19,1,0.68067,0.581922,0.0987488,0,0,0,0
23,396,1,1.27097,1.27097,0.181524,-0.0714246,0.252949,32.7261,31.7143,7,7,0,0.630314,0.469123,0.16119,0,0,0,0
23,396,2,0.0129206,0.0129206,0.872371,0.909441,0.0370704,35.4895,35.6378,4,5,1,0.549525,0.601992,0.0524672,0,1,0,0
23,396,3,0.429918,0.429918,0.856913,0.546848,0.310065,35.4277,34.1874,19,18,-1,0.581922,0.572424,0.0094976,0,0,0,0
23.5,397,1,0.222524,0.222524,-0.304834,0.181524,0.486359,30.7807,32.7261,7,4,-3,0.469123,0.438973,0.0301504,0,0,0,0
23.5,397,2,1.03856,1.03856,0.843043,0.872371,0.0293283,35.3722,35.4895,5,14,9,0.601992,0.568757,0.0332352,0,0,0,0
23.5,397,3,0.16831,0.16831,-0.749776,0.856913,1.60669,29.0009,35.4277,18,12,-6,0.572424,0.665827,0.0934032,0,0,0,0
24,398,1,0.170908,0.170908,0.645361,-0.304834,0.950195,34.5814,30.7807,4,5,1,0.438973,0.456323,0.0173504,0,0,0,0
24,398,2,0.372967,0.372967,-0.819394,0.843043,1.66244,28.7224,35.3722,14,14,0,0.568757,0.741563,0.172806,0,0,0,0
24,398,3,0.322445,0.322445,-0.420045,-0.749776,0.32973,30.3198,29.0009,12,11,-1,0.665827,0.605179,0.060648,0,0,0,0
24.5,399,1,0.746914,0.746914,0.611048,0.645361,0.0343126,34.4442,34.5814,5,9,4,0.456323,0.768792,0.312469,0,0,0,0
24.5,399,2,0.368326,0.368326,0.709655,-0.819394,1.52905,34.8386,28.7224,14,13,-1,0.741563,0.531632,0.209931,0,0,0,0
24.5,399,3,0.898477,0.898477,0.720001,-0.420045,1.14005,34.88,30.3198,11,8,-3,0.605179,0.627592,0.0224128,0,0,0,0
25,400,1,0.503951,0.503951,0.216506,0.611048,0.394542,32.866,34.4442,9,12,3,0.768792,0.697486,0.0713056,0,0,0,0
25,400,2,0.560855,0.560855,0.667667,0.709655,0.0419872,34.6707,34.8386,13,12,-1,0.531632,0.442739,0.0888928,0,0,0,0
25,400,3,1.14696,1.14696,0.679404,0.720001,0.0405974,34.7176,34.88,8,6,-2,0.627592,0.731859,0.104267,0,0,0,0
25.5,401,1,0.577604,0.577604,-0.636102,0.216506,0.852608,29.4556,32.866,12,16,4,0.697486,0.448866,0.248621,0,0,0,0
25.5,401,2,0.560014,0.560014,0.98655,0.667667,0.318883,35.9462,34.6707,12,9,-3,0.442739,0.586995,0.144256,0,0,0,0
25.5,401,3,0.496421,0.496421,0.102976,0.679404,0.576428,32.4119,34.7176,6,5,-1,0.731859,0.78469,0.0528304,0,0,0,0
26,402,1,0.143878,0.143878,-0.868354,-0.636102,0.232253,28.5266,29.4556,16,11,-5,0.448866,0.354904,0.0939616,0,0,0,0
26,402,2,1.13789,1.13789,0.643977,0.98655,0.342573,34.5759,35.9462,9,10,1,0.586995,0.714506,0.12751,0,0,0,0
26,402,3,0.422948,0.422948,0.756377,0.102976,0.653401,35.0255,32.4119,5,9,4,0.78469,0.749546,0.035144,0,0,0,0
26.5,403,1,0.982995,0.982995,-0.426029,-0.868354,0.442325,30.2959,28.5266,11,10,-1,0.354904,0.262283,0.0926208,0,0,0,0
26.5,403,2,1.16562,1.16562,-0.243451,0.643977,0.887427,31.0262,34.5759,10,12,2,0.714506,0.668862,0.0456432,0,0,0,0
26.5,403,3,1.25804,1.25804,0.297116,0.756377,0.459261,33.1885,35.0255,9,8,-1,0.749546,0.944488,0.194942,0,0,0,0
27,404,1,0.0585788,0.0585788,-0.434625,-0.426029,0.00859565,30.2615,30.2959,10,10,0,0.262283,0.391339,0.129056,0,0,1,0
27,404,2,1.34128,1.34128,-0.920935,-0.243451,0.677485,28.3163,31.0262,12,12,0,0.668862,0.494742,0.17412,0,0,0,0
27,404,3,0.923033,0.923033,-0.414147,0.297116,0.711263,30.3434,33.1885,8,8,0,0.944488,0.87972,0.064768,0,0,0,0
27.5,405,1,0.988077,0.988077,-0.531732,-0.434625,0.097107,29.8731,30.2615,10,7,-3,0.391339,0.620685,0.229346,0,0,0,0
27.5,405,2,1.53615,1.53615,0.518615,-0.920935,1.43955,34.0745,28.3163,12,9,-3,0.494742,0.423795,0.0709472,0,0,0,0
27.5,405,3,0.665622,0.665622,-0.197635,-0.414147,0.216512,31.2095,30.3434,8,14,6,0.87972,0.690155,0.189565,0,0,0,0
28,406,1,0.271051,0.271051,-0.427266,-0.531732,0.104466,30.2909,29.8731,7,10,3,0.620685,0.463203,0.157482,0,0,0,0
28,406,2,0.0762589,0.0762589,-0.00373503,0.518615,0.52235,31.9851,34.0745,9,10,1,0.423795,0.615939,0.192144,0,0,0,0
28,406,3,1.22826,1.22826,0.576329,-0.197635,0.773963,34.3053,31.2095,14,10,-4,0.690155,0.747274,0.0571184,0,0,0,0
28.5,407,1,0.102772,0.102772,-0.737188,-0.427266,0.309922,29.0512,30.2909,10,12,2,0.463203,0.358629,0.104574,0,0,0,0
28.5,407,2,0.443212,0.443212,-0.631909,-0.00373503,0.628174,29.4724,31.9851,10,12,2,0.615939,0.534435,0.081504,0,0,0,0
28.5,407,3,0.208516,0.208516,-0.0619275,0.576329,0.638256,31.7523,34.3053,10,6,-4,0.747274,0.867173,0.119899,0,0,0,0
29,408,1,0.755264,0.755264,-0.475984,-0.737188,0.261204,30.0961,29.0512,12,11,-1,0.358629,0.442474,0.0838448,0,0,0,0
29,408,2,0.42691,0.42691,-0.595671,-0.631909,0.0362371,29.6173,29.4724,12,6,-6,0.534435,0.496091,0.038344,0,0,0,0
29,408,3,0.739288,0.739288,-0.488339,-0.0619275,0.426412,30.0466,31.7523,6,13,7,0.867173,0.674016,0.193157,0,0,0,0
29.5,409,1,0.431397,0.431397,-0.83702,-0.475984,0.361036,28.6519,30.0961,11,10,-1,0.442474,0.587182,0.144709,0,0,0,0
29.5,409,2,0.401101,0.401101,0.858586,-0.595671,1.45426,35.4343,29.6173,6,7,1,0.496091,0.503878,0.0077872,0,0,0,0
29.5,409,3,0.449286,0.449286,0.868487,-0.488339,1.35683,35.4739,30.0466,13,13,0,0.674016,0.64553,0.0284864,0,0,0,0
30,410,1,0.271362,0.271362,0.134233,-0.83702,0.971253,32.5369,28.6519,10,10,0,0.587182,0.472512,0.11467,0,0,0,0
30,410,2,0.684293,0.684293,-0.059862,0.858586,0.918448,31.7606,35.4343,7,11,4,0.503878,0.575173,0.0712944,0,0,0,0
30,410,3,0.18812,0.18812,-0.676882,0.868487,1.54537,29.2925,35.4739,13,9,-4,0.64553,0.853795,0.208266,0,0,0,0
30.5,411,1,1.26383,1.26383,-0.957258,0.134233,1.09149,28.171,32.5369,10,3,-7,0.472512,0.662102,0.18959,0,0,0,0
30.5,411,2,0.0937595,0.0937595,0.412353,-0.059862,0.472215,33.6494,31.7606,11,13,2,0.575173,0.591658,0.0164848,0,0,0,0
30.5,411,3,1.00688,1.00688,0.52835,-0.676882,1.20523,34.1134,29.2925,9,14,5,0.853795,0.654842,0.198954,0,0,0,0
31,412,1,1.28074,1.28074,0.740677,-0.957258,1.69794,34.9627,28.171,3,5,2,0.662102,0.501786,0.160317,0,0,0,0
31,412,2,1.25826,1.25826,-0.773767,0.412353,1.18612,28.9049,33.6494,13,12,-1,0.591658,0.605504,0.0138464,0,0,0,0
31,412,3,0.304029,0.304029,-0.689211,0.52835,1.21756,29.2432,34.1134,14,12,-2,0.654842,0.795379,0.140538,0,0,0,0
31.5,413,1,1.39502,1.39502,0.879181,0.740677,0.138505,35.5167,34.9627,5,11,6,0.501786,0.75031,0.248525,0,0,0,0
31.5,413,2,0.120983,0.120983,-0.170159,-0.773767,0.603609,31.3194,28.9049,12,12,0,0.605504,0.399374,0.20613,0,0,0,0
31.5,413,3,0.202862,0.202862,0.453123,-0.689211,1.14233,33.8125,29.2432,12,7,-5,0.795379,0.719186,0.0761936,0,0,0,0
32,414,1,1.76469,1.76469,0.0969922,0.879181,0.782189,32.388,35.5167,11,10,-1,0.75031,0.750165,0.0001456,0,0,0,0
32,414,2,0.426565,0.426565,-0.352705,-0.170159,0.182547,30.5892,31.3194,12,6,-6,0.399374,0.30389,0.0954848,0,0,0,0
32,414,3,1.46345,1.46345,-0.251571,0.453123,0.704694,30.9937,33.8125,7,14,7,0.719186,0.590602,0.128584,0,0,0,0
32.5,415,1,1.69491,1.69491,0.663962,0.0969922,0.56697,34.6558,32.388,10,20,10,0.750165,0.647483,0.102682,0,0,0,0
32.5,415,2,1.06446,1.06446,0.518299,-0.352705,0.871005,34.0732,30.5892,6,5,-1,0.30389,0.383702,0.0798128,0,0,0,0
32.5,415,3,0.101676,0.101676,0.609741,-0.251571,0.861312,34.439,30.9937,14,5,-9,0.590602,0.665088,0.0744864,0,0,0,0
33,416,1,1.41962,1.41962,-0.92424,0.663962,1.5882,28.303,34.6558,20,12,-8,0.647483,0.623845,0.0236384,0,0,0,0
33,416,2,0.667914,0.667914,0.900109,0.518299,0.38181,35.6004,34.0732,5,4,-1,0.383702,0.53076,0.147058,0,0,0,0
33,416,3,0.647167,0.647167,-0.929681,0.609741,1.53942,28.2813,34.439,5,14,9,0.665088,0.531262,0.133826,0,0,0,0
33.5,417,1,0.00103313,0.00103313,0.694884,-0.92424,1.61912,34.7795,28.303,12,12,0,0.623845,0.444736,0.179109,0,1,0,0
33.5,417,2,1.17237,1.17237,-0.843678,0.900109,1.74379,28.6253,35.6004,4,4,0,0.53076,0.899571,0.368811,0,0,0,0
33.5,417,3,0.303301,0.303301,-0.493418,-0.929681,0.436263,30.0263,28.2813,14,14,0,0.531262,0.490109,0.0411536,0,0,0,0
34,418,1,0.247181,0.247181,0.939566,0.694884,0.244682,35.7583,34.7795,12,6,-6,0.444736,0.837434,0.392698,0,0,0,0
34,418,2,0.207221,0.207221,-0.932508,-0.843678,0.0888304,28.27,28.6253,4,15,11,0.899571,0.543651,0.35592,0,0,0,0
34,418,3,1.37904,1.37904,0.933808,-0.493418,1.42723,35.7352,30.0263,14,9,-5,0.490109,0.506022,0.0159136,0,0,0,0
34.5,419,1,1.43701,1.43701,0.518437,0.939566,0.421129,34.0737,35.7583,6,9,3,0.837434,0.823181,0.0142528,0,0,0,0
34.5,419,2,0.548254,0.548254,-0.232437,-0.932508,0.700071,31.0703,28.27,15,12,-3,0.543651,0.208155,0.335496,0,0,0,0
34.5,419,3,1.27111,1.27111,-0.732516,0.933808,1.66632,29.0699,35.7352,9,9,0,0.506022,0.84473,0.338707,0,0,0,0
35,420,1,0.912358,0.912358,-0.0931971,0.518437,0.611634,31.6272,34.0737,9,9,0,0.823181,0.800146,0.0230352,0,0,0,0
35,420,2,1.1709,1.1709,0.914906,-0.232437,1.14734,35.6596,31.0703,12,11,-1,0.208155,0.389394,0.181238,0,0,0,0
35,420,3,0.284788,0.284788,0.347372,-0.732516,1.07989,33.3895,29.0699,9,10,1,0.84473,0.592643,0.252086,0,0,0,0
35.5,421,1,0.854051,0.854051,0.116787,-0.0931971,0.209984,32.4671,31.6272,9,14,5,0.800146,0.540429,0.259717,0,0,0,0
35.5,421,2,0.155183,0.155183,-0.321412,0.914906,1.23632,30.7144,35.6596,11,6,-5,0.389394,0.650691,0.261298,0,0,0,0
35.5,421,3,0.0900289,0.0900289,0.671454,0.347372,0.324082,34.6858,33.3895,10,10,0,0.592643,0.601821,0.0091776,0,0,0,0
36,422,1,1.42313,1.42313,-0.694195,0.116787,0.810982,29.2232,32.4671,14,9,-5,0.540429,0.507859,0.0325696,0,0,0,0
36,422,2,0.076978,0.076978,0.600769,-0.321412,0.922181,34.4031,30.7144,6,10,4,0.650691,0.466818,0.183874,0,0,0,0
36,422,3,1.12496,1.12496,-0.649561,0.671454,1.32101,29.4018,34.6858,10,11,1,0.601821,0.73765,0.135829,0,0,0,0
36.5,423,1,1.68271,1.68271,0.919313,-0.694195,1.61351,35.6773,29.2232,9,10,1,0.507859,0.457597,0.0502624,0,0,0,0
36.5,423,2,0.270944,0.270944,0.421618,0.600769,0.179151,33.6865,34.4031,10,4,-6,0.466818,0.636266,0.169448,0,0,0,0
36.5,423,3,0.991254,0.991254,-0.681829,-0.649561,0.0322684,29.2727,29.4018,11,16,5,0.73765,0.593459,0.14419,0,0,0,0
37,424,1,0.183137,0.183137,0.376037,0.919313,0.543276,33.5041,35.6773,10,5,-5,0.457597,0.70633,0.248733,0,0,0,0
37,424,2,0.869406,0.869406,0.171356,0.421618,0.250263,32.6854,33.6865,4,12,8,0.636266,0.651643,0.0153776,0,0,0,0
37,424,3,0.394686,0.394686,0.953302,-0.681829,1.63513,35.8132,29.2727,16,13,-3,0.593459,0.511291,0.082168,0,0,0,0
37.5,425,1,0.810196,0.810196,0.9534,0.376037,0.577363,35.8136,33.5041,5,10,5,0.70633,0.660067,0.0462624,0,0,0,0
37.5,425,2,0.560575,0.560575,-0.60869,0.171356,0.780046,29.5652,32.6854,12,9,-3,0.651643,0.44836,0.203283,0,0,0,0
37.5,425,3,0.397582,0.397582,0.50187,0.953302,0.451432,34.0075,35.8132,13,11,-2,0.511291,0.691682,0.18039,0,0,0,0
38,426,1,0.461581,0.461581,0.0305701,0.9534,0.92283,32.1223,35.8136,10,12,2,0.660067,0.674349,0.0142816,0,0,0,0
38,426,2,1.22671,1.22671,0.657655,-0.60869,1.26634,34.6306,29.5652,9,8,-1,0.44836,0.258576,0.189784,0,0,0,0
38,426,3,0.629125,0.629125,0.0265598,0.50187,0.47531,32.1062,34.0075,11,10,-1,0.691682,0.783536,0.0918544,0,0,0,0
38.5,427,1,1.13361,1.13361,0.954257,0.0305701,0.923686,35.817,32.1223,12,14,2,0.674349,0.579286,0.0950624,0,0,0,0
38.5,427,2,1.45507,1.45507,-0.889436,0.657655,1.54709,28.4423,34.6306,8,2,-6,0.258576,0.466683,0.208107,0,0,0,0
38.5,427,3,0.530076,0.530076,-0.0195211,0.0265598,0.0460808,31.9219,32.1062,10,14,4,0.783536,0.672301,0.111235,0,0,0,0
39,428,1,0.487518,0.487518,0.36867,0.954257,0.585587,33.4747,35.817,14,12,-2,0.579286,0.829182,0.249896,0,0,0,0
39,428,2,0.449744,0.449744,0.932572,-0.889436,1.82201,35.7303,28.4423,2,8,6,0.466683,0.393558,0.0731248,0,0,0,0
39,428,3,0.433043,0.433043,0.169414,-0.0195211,0.188935,32.6777,31.9219,14,10,-4,0.672301,0.564995,0.107306,0,0,0,0
39.5,429,1,0.776071,0.776071,-0.703772,0.36867,1.07244,29.1849,33.4747,12,16,4,0.829182,0.649006,0.180176,0,0,0,0
39.5,429,2,1.23936,1.23936,-0.242609,0.932572,1.17518,31.0296,35.7303,8,3,-5,0.393558,0.507232,0.113674,0,0,0,0
39.5,429,3,1.59872,1.59872,0.0201363,0.169414,0.149278,32.0805,32.6777,10,11,1,0.564995,0.526782,0.0382128,0,0,0,0
40,430,1,0.382495,0.382495,-0.866236,-0.703772,0.162464,28.5351,29.1849,16,13,-3,0.649006,0.46988,0.179126,0,0,0,0
40,430,2,0.504356,0.504356,0.70671,-0.242609,0.949319,34.8268,31.0296,3,6,3,0.507232,0.635526,0.128294,0,0,0,0
40,430,3,0.532828,0.532828,-0.552055,0.0201363,0.572191,29.7918,32.0805,11,11,0,0.526782,0.635469,0.108686,0,0,0,0
40.5,431,1,0.279212,0.279212,0.187966,-0.866236,1.0542,32.7519,28.5351,13,10,-3,0.46988,0.403624,0.066256,0,0,0,0
40.5,431,2,0.221645,0.221645,0.628213,0.70671,0.0784969,34.5129,34.8268,6,8,2,0.635526,0.839803,0.204277,0,0,0,0
40.5,431,3,0.286177,0.286177,-0.755194,-0.552055,0.20314,28.9792,29.7918,11,12,1,0.635469,0.59853,0.0369392,0,0,0,0
41,432,1,0.264258,0.264258,0.985463,0.187966,0.797497,35.9419,32.7519,10,10,0,0.403624,0.508278,0.104654,0,0,0,0
41,432,2,1.5099,1.5099,0.182705,0.628213,0.445507,32.7308,34.5129,8,9,1,0.839803,0.87121,0.0314064,0,0,0,0
41,432,3,0.300015,0.300015,-0.530964,-0.755194,0.22423,29.8761,28.9792,12,11,-1,0.59853,0.469669,0.128861,0,0,0,0
41.5,433,1,1.50699,1.50699,-0.455222,0.985463,1.44068,30.1791,35.9419,10,9,-1,0.508278,0.825314,0.317035,0,0,0,0
41.5,433,2,0.0538505,0.0538505,0.585976,0.182705,0.403271,34.3439,32.7308,9,10,1,0.87121,0.610362,0.260848,0,0,0,0
41.5,433,3,1.34415,1.34415,-0.118705,-0.530964,0.412259,31.5252,29.8761,11,11,0,0.469669,0.49497,0.0253008,0,0,0,0
42,434,1,1.15949,1.15949,-0.00388282,-0.455222,0.451339,31.9845,30.1791,9,13,4,0.825314,0.613461,0.211853,0,0,0,0
42,434,2,0.164538,0.164538,-0.0527758,0.585976,0.638752,31.7889,34.3439,10,7,-3,0.610362,0.644166,0.0338048,0,0,0,0
42,434,3,0.627336,0.627336,-0.175414,-0.118705,0.0567087,31.2983,31.5252,11,10,-1,0.49497,0.603091,0.108122,0,0,0,0
42.5,435,1,0.47024,0.47024,-0.0427495,-0.00388282,0.0388667,31.829,31.9845,13,10,-3,0.613461,0.514736,0.0987248,0,0,0,0
42.5,435,2,0.226745,0.226745,0.276838,-0.0527758,0.329614,33.1074,31.7889,7,11,4,0.644166,0.59431,0.049856,0,0,0,0
42.5,435,3,0.280512,0.280512,0.715866,-0.175414,0.89128,34.8635,31.2983,10,9,-1,0.603091,0.68253,0.0794384,0,0,0,0
43,436,1,0.618469,0.618469,-0.854319,-0.0427495,0.81157,28.5827,31.829,10,11,1,0.514736,0.496358,0.0183776,0,0,0,0
43,436,2,1.13576,1.13576,0.94342,0.276838,0.666582,35.7737,33.1074,11,10,-1,0.59431,0.554973,0.0393376,0,0,0,0
43,436,3,0.41554,0.41554,-0.924732,0.715866,1.6406,28.3011,34.8635,9,8,-1,0.68253,0.763163,0.0806336,0,0,0,0
43.5,437,1,0.471431,0.471431,0.456741,-0.854319,1.31106,33.827,28.5827,11,12,1,0.496358,0.433973,0.0623856,0,0,0,0
43.5,437,2,0.473079,0.473079,0.467171,0.94342,0.476249,33.8687,35.7737,10,6,-4,0.554973,0.848272,0.293299,0,0,0,0
43.5,437,3,0.511112,0.511112,-0.00514782,-0.924732,0.919584,31.9794,28.3011,8,12,4,0.763163,0.545219,0.217944,0,0,0,0
44,438,1,0.991878,0.991878,0.218196,0.456741,0.238545,32.8728,33.827,12,5,-7,0.433973,0.605101,0.171128,0,0,0,0
44,438,2,1.54273,1.54273,0.197402,0.467171,0.269769,32.7896,33.8687,6,15,9,0.848272,0.742224,0.106048,0,0,0,0
44,438,3,0.0861447,0.0861447,0.644021,-0.00514782,0.649169,34.5761,31.9794,12,10,-2,0.545219,0.55491,0.0096912,0,0,0,0
44.5,439,1,0.766102,0.766102,-0.129012,0.218196,0.347208,31.484,32.8728,5,6,1,0.605101,0.63175,0.0266496,0,0,0,0
44.5,439,2,0.349025,0.349025,-0.286725,0.197402,0.484127,30.8531,32.7896,15,16,1,0.742224,0.492187,0.250037,0,0,0,0
44.5,439,3,0.82751,0.82751,-0.780898,0.644021,1.42492,28.8764,34.5761,10,8,-2,0.55491,0.75376,0.19885,0,0,0,0
45,440,1,0.291612,0.291612,0.949842,-0.129012,1.07885,35.7994,31.484,6,10,4,0.63175,0.629619,0.0021312,0,0,0,0
45,440,2,0.287144,0.287144,-0.609179,-0.286725,0.322454,29.5633,30.8531,16,7,-9,0.492187,0.525522,0.0333344,0,0,0,0
45,440,3,1.43974,1.43974,0.517789,-0.780898,1.29869,34.0712,28.8764,8,13,5,0.75376,0.604358,0.149402,0,0,0,0
45.5,441,1,0.696932,0.696932,0.960032,0.949842,0.0101902,35.8401,35.7994,10,11,1,0.629619,0.761216,0.131597,0,0,1,0
45.5,441,2,0.926089,0.926089,0.47141,-0.609179,1.08059,33.8856,29.5633,7,11,4,0.525522,0.349045,0.176477,0,0,0,0
45.5,441,3,1.04847,1.04847,0.161672,0.517789,0.356117,32.6467,34.0712,13,8,-5,0.604358,0.718936,0.114578,0,0,0,0
46,442,1,0.471392,0.471392,0.20302,0.960032,0.757011,32.8121,35.8401,11,13,2,0.761216,0.666342,0.0948736,0,0,0,0
46,442,2,0.440075,0.440075,0.722417,0.47141,0.251007,34.8897,33.8856,11,4,-7,0.349045,0.387453,0.038408,0,0,0,0
46,442,3,0.102334,0.102334,0.543682,0.161672,0.382009,34.1747,32.6467,8,13,5,0.718936,0.610702,0.108234,0,0,0,0
46.5,443,1,0.277299,0.277299,-0.136569,0.20302,0.339589,31.4537,32.8121,13,14,1,0.666342,0.524475,0.141867,0,0,0,0
46.5,443,2,0.103889,0.103889,0.938782,0.722417,0.216365,35.7551,34.8897,4,8,4,0.387453,0.570987,0.183534,0,0,0,0
46.5,443,3,0.821889,0.821889,-0.208668,0.543682,0.752349,31.1653,34.1747,13,8,-5,0.610702,0.745494,0.134792,0,0,0,0
47,444,1,0.569842,0.569842,-0.579032,-0.136569,0.442463,29.6839,31.4537,14,10,-4,0.524475,0.459117,0.0653584,0,0,0,0
47,444,2,0.693093,0.693093,-0.800825,0.938782,1.73961,28.7967,35.7551,8,11,3,0.570987,0.753715,0.182728,0,0,0,0
47,444,3,1.51661,1.51661,0.382149,-0.208668,0.590817,33.5286,31.1653,8,9,1,0.745494,0.672397,0.0730976,0,0,0,0
47.5,445,1,1.88833,1.88833,0.36141,-0.579032,0.940441,33.4456,29.6839,10,10,0,0.459117,0.473405,0.014288,0,0,0,0
47.5,445,2,0.383666,0.383666,-0.283753,-0.800825,0.517072,30.865,28.7967,11,11,0,0.753715,0.522206,0.231509,0,0,0,0
47.5,445,3,0.279387,0.279387,0.522648,0.382149,0.140498,34.0906,33.5286,9,9,0,0.672397,0.896083,0.223686,0,0,0,0
48,446,1,1.96363,1.96363,-0.664284,0.36141,1.02569,29.3429,33.4456,10,10,0,0.473405,0.555294,0.0818896,0,0,0,0
48,446,2,0.0912479,0.0912479,0.344768,-0.283753,0.628521,33.3791,30.865,11,9,-2,0.522206,0.303315,0.218891,0,0,0,0
48,446,3,0.804729,0.804729,0.295494,0.522648,0.227154,33.182,34.0906,9,11,2,0.896083,0.824536,0.0715472,0,0,0,0
48.5,447,1,1.51752,1.51752,-0.24538,-0.664284,0.418904,31.0185,29.3429,10,7,-3,0.555294,0.439787,0.115507,0,0,0,0
48.5,447,2,0.554375,0.554375,-0.142006,0.344768,0.486774,31.432,33.3791,9,7,-2,0.303315,0.508448,0.205133,0,0,0,0
48.5,447,3,0.632129,0.632129,0.656923,0.295494,0.361429,34.6277,33.182,11,16,5,0.824536,0.710416,0.11412,0,0,0,0
49,448,1,0.695635,0.695635,0.406373,-0.24538,0.651753,33.6255,31.0185,7,10,3,0.439787,0.488774,0.0489872,0,0,0,0
49,448,2,0.575314,0.575314,0.543108,-0.142006,0.685114,34.1724,31.432,7,6,-1,0.508448,0.503082,0.0053664,0,0,0,0
49,448,3,0.380044,0.380044,-0.781749,0.656923,1.43867,28.873,34.6277,16,14,-2,0.710416,0.82927,0.118854,0,0,0,0
49.5,449,1,0.129527,0.129527,-0.776335,0.406373,1.18271,28.8947,33.6255,10,5,-5,0.488774,0.668053,0.179278,0,0,0,0
49.5,449,2,1.30723,1.30723,-0.190483,0.543108,0.733592,31.2381,34.1724,6,12,6,0.503082,0.61497,0.111888,0,0,0,0
49.5,449,3,0.826091,0.826091,0.194319,-0.781749,0.976068,32.7773,28.873,14,13,-1,0.82927,0.615624,0.213646,0,0,0,0
50,450,1,0.192069,0.192069,-0.678212,-0.776335,0.0981232,29.2872,28.8947,5,10,5,0.668053,0.535277,0.132776,0,0,0,0
50,450,2,0.386263,0.386263,0.867064,-0.190483,1.05755,35.4683,31.2381,12,11,-1,0.61497,0.647454,0.0324848,0,0,0,0
50,450,3,0.0402785,0.0402785,0.708169,0.194319,0.513851,34.8327,32.7773,13,9,-4,0.615624,0.739067,0.123443,0,0,0,0
50.5,451,1,0.435039,0.435039,0.169444,-0.678212,0.847656,32.6778,29.2872,10,9,-1,0.535277,0.378989,0.156288,0,0,0,0
50.5,451,2,0.312099,0.312099,-0.345396,0.867064,1.21246,30.6184,35.4683,11,9,-2,0.647454,0.676008,0.0285536,0,0,0,0
50.5,451,3,1.46077,1.46077,-0.526938,0.708169,1.23511,29.8922,34.8327,9,12,3,0.739067,0.739685,0.0006176,0,0,0,0
51,452,1,0.124512,0.124512,0.230416,0.169444,0.0609723,32.9217,32.6778,9,6,-3,0.378989,0.643616,0.264627,0,0,0,0
51,452,2,0.0858034,0.0858034,0.75644,-0.345396,1.10184,35.0258,30.6184,9,10,1,0.676008,0.597658,0.0783504,0,0,0,0
51,452,3,1.14184,1.14184,-0.0373711,-0.526938,0.489567,31.8505,29.8922,12,14,2,0.739685,0.635378,0.104307,0,0,0,0
51.5,453,1,0.255877,0.255877,0.982357,0.230416,0.751941,35.9294,32.9217,6,11,5,0.643616,0.628443,0.0151728,0,0,0,0
51.5,453,2,0.887461,0.887461,-0.611823,0.75644,1.36826,29.5527,35.0258,10,11,1,0.597658,0.639512,0.0418544,0,0,0,0
51.5,453,3,0.643667,0.643667,-0.342944,-0.0373711,0.305573,30.6282,31.8505,14,8,-6,0.635378,0.57365,0.061728,0,0,0,0
52,454,1,1.36138,1.36138,0.616169,0.982357,0.366188,34.4647,35.9294,11,9,-2,0.628443,0.846477,0.218034,0,0,0,0
52,454,2,0.25911,0.25911,0.856071,-0.611823,1.46789,35.4243,29.5527,11,12,1,0.639512,0.47211,0.167402,0,0,0,0
52,454,3,0.112955,0.112955,-0.334517,-0.342944,0.00842667,30.6619,30.6282,8,9,1,0.57365,0.592686,0.0190368,0,0,1,0
52.5,455,1,0.0925199,0.0925199,-0.342797,0.616169,0.958967,30.6288,34.4647,9,12,3,0.846477,0.710963,0.135514,0,0,0,0
52.5,455,2,0.949443,0.949443,0.499721,0.856071,0.356349,33.9989,35.4243,12,11,-1,0.47211,0.558122,0.0860112,0,0,0,0
52.5,455,3,0.195882,0.195882,0.876958,-0.334517,1.21148,35.5078,30.6619,9,7,-2,0.592686,0.684781,0.0920944,0,0,0,0
53,456,1,0.219872,0.219872,0.653938,-0.342797,0.996736,34.6158,30.6288,12,12,0,0.710963,0.445653,0.26531,0,0,0,0
53,456,2,1.19605,1.19605,0.666686,0.499721,0.166965,34.6667,33.9989,11,11,0,0.558122,0.621936,0.0638144,0,0,0,0
53,456,3,0.588474,0.588474,0.0301359,0.876958,0.846822,32.1205,35.5078,7,7,0,0.684781,0.930986,0.246205,0,0,0,0
53.5,457,1,0.969717,0.969717,0.886758,0.653938,0.23282,35.547,34.6158,12,10,-2,0.445653,0.494858,0.0492048,0,0,0,0
53.5,457,2,0.174269,0.174269,0.714856,0.666686,0.0481701,34.8594,34.6667,11,9,-2,0.621936,0.601646,0.0202896,0,0,0,0
53.5,457,3,0.0626098,0.0626098,0.801625,0.0301359,0.771489,35.2065,32.1205,7,11,4,0.930986,0.758323,0.172662,0,0,0,0
54,458,1,0.823369,0.823369,-0.683907,0.886758,1.57067,29.2644,35.547,10,12,2,0.494858,0.620621,0.125763,0,0,0,0
54,458,2,0.093641,0.093641,-0.568894,0.714856,1.28375,29.7244,34.8594,9,11,2,0.601646,0.543651,0.0579952,0,0,0,0
54,458,3,0.757965,0.757965,0.187694,0.801625,0.613931,32.7508,35.2065,11,7,-4,0.758323,0.668534,0.0897888,0,0,0,0
54.5,459,1,0.794971,0.794971,-0.45223,-0.683907,0.231677,30.1911,29.2644,12,7,-5,0.620621,0.539491,0.0811296,0,0,0,0
54.5,459,2,1.06766,1.06766,-0.329955,-0.568894,0.238939,30.6802,29.7244,11,13,2,0.543651,0.440726,0.102925,0,0,0,0
54.5,459,3,0.315149,0.315149,0.758587,0.187694,0.570893,35.0343,32.7508,7,10,3,0.668534,0.85571,0.187176,0,0,0,0
55,460,1,0.163564,0.163564,0.810598,-0.45223,1.26283,35.2424,30.1911,7,7,0,0.539491,0.52516,0.0143312,0,0,0,0
55,460,2,0.48866,0.48866,0.287807,-0.329955,0.617763,33.1512,30.6802,13,12,-1,0.440726,0.397877,0.0428496,0,0,0,0
55,460,3,0.405249,0.405249,0.850735,0.758587,0.0921476,35.4029,35.0343,10,11,1,0.85571,1.02734,0.171627,0,0,0,0
55.5,461,1,0.176494,0.176494,-0.0939918,0.810598,0.90459,31.624,35.2424,7,9,2,0.52516,0.65975,0.13459,0,0,0,0
55.5,461,2,0.434353,0.434353,-0.774284,0.287807,1.06209,28.9029,33.1512,12,7,-5,0.397877,0.408661,0.010784,0,0,0,0
55.5,461,3,0.851686,0.851686,0.821704,0.850735,0.0290312,35.2868,35.4029,11,14,3,1.02734,0.80051,0.226827,0,0,0,0
56,462,1,0.450947,0.450947,0.830659,-0.0939918,0.924651,35.3226,31.624,9,8,-1,0.65975,0.658427,0.0013232,0,0,0,0
56,462,2,1.04177,1.04177,-0.412774,-0.774284,0.36151,30.3489,28.9029,7,9,2,0.408661,0.342733,0.065928,0,0,0,0
56,462,3,0.607195,0.607195,0.285194,0.821704,0.53651,33.1408,35.2868,14,13,-1,0.80051,0.978352,0.177842,0,0,0,0
56.5,463,1,1.09276,1.09276,0.514556,0.830659,0.316103,34.0582,35.3226,8,8,0,0.658427,0.789082,0.130654,0,0,0,0
56.5,463,2,0.519193,0.519193,-0.759891,-0.412774,0.347117,28.9604,30.3489,9,9,0,0.342733,0.348763,0.0060304,0,0,0,0
56.5,463,3,0.556834,0.556834,0.420885,0.285194,0.135691,33.6835,33.1408,13,12,-1,0.978352,0.78763,0.190722,0,0,0,0
57,464,1,1.16544,1.16544,-0.475645,0.514556,0.990201,30.0974,34.0582,8,10,2,0.789082,0.821032,0.0319504,0,0,0,0
57,464,2,0.221221,0.221221,0.260732,-0.759891,1.02062,33.0429,28.9604,9,7,-2,0.348763,0.310653,0.0381104,0,0,0,0
57,464,3,1.15619,1.15619,-0.984518,0.420885,1.4054,28.0619,33.6835,12,13,1,0.78763,0.668498,0.119133,0,0,0,0
57.5,465,1,0.171716,0.171716,-0.385603,-0.475645,0.0900424,30.4576,30.0974,10,10,0,0.821032,0.605051,0.215981,0,0,0,0
57.5,465,2,0.506465,0.506465,-0.339804,0.260732,0.600537,30.6408,33.0429,7,8,1,0.310653,0.666246,0.355594,0,0,0,0
57.5,465,3,0.129644,0.129644,-0.845868,-0.984518,0.13865,28.6165,28.0619,13,12,-1,0.668498,0.604749,0.0637488,0,0,0,0
58,466,1,0.156442,0.156442,0.639182,-0.385603,1.02479,34.5567,30.4576,10,10,0,0.605051,0.562765,0.0422864,0,0,0,0
58,466,2,0.353181,0.353181,-0.37624,-0.339804,0.0364358,30.495,30.6408,8,9,1,0.666246,0.74588,0.0796336,0,0,0,0
58,466,3,1.33151,1.33151,-0.874865,-0.845868,0.0289969,28.5005,28.6165,12,11,-1,0.604749,0.616728,0.0119792,0,0,0,0
58.5,467,1,0.550551,0.550551,-0.55551,0.639182,1.19469,29.778,34.5567,10,10,0,0.562765,0.770141,0.207376,0,0,0,0
58.5,467,2,1.18345,1.18345,-0.964719,-0.37624,0.588479,28.1411,30.495,9,10,1,0.74588,0.548562,0.197318,0,0,0,0
58.5,467,3,1.50868,1.50868,-0.468205,-0.874865,0.40666,30.1272,28.5005,11,10,-1,0.616728,0.625267,0.0085392,0,0,0,0
1,469,1,-1,-1,-0.00201332,-0.00201332,-1,31.9919,31.9919,11,11,0,0,0,0,0,0,0,0
1,469,2,-1,-1,0.678183,0.678183,-1,34.7127,34.7127,10,10,0,0,0,0,0,0,0,0
1,469,3,-1,-1,0.758696,0.758696,-1,35.0348,35.0348,9,9,0,0,0,0,0,0,0,0
1.5,470,1,0.237194,0.237194,-0.308211,-0.00201332,0.306198,30.7672,31.9919,11,12,1,0,0.450938,0.450938,0,0,0,0
1.5,470,2,0.0503507,0.0503507,0.84609,0.678183,0.167907,35.3844,34.7127,10,11,1,0,0.638699,0.638699,0,0,0,0
1.5,470,3,1.07394,1.07394,-0.823047,0.758696,1.58174,28.7078,35.0348,9,7,-2,0,0.900963,0.900963,0,0,0,0
2,471,1,1.01491,1.01491,-0.215538,-0.308211,0.0926731,31.1378,30.7672,12,5,-7,0.450938,0.502518,0.0515808,0,0,0,0
2,471,2,0.471202,0.471202,0.19357,0.84609,0.65252,32.7743,35.3844,11,17,6,0.638699,0.716029,0.0773296,0,0,0,0
2,471,3,0.340923,0.340923,-0.800687,-0.823047,0.0223602,28.7973,28.7078,7,8,1,0.900963,0.694334,0.206629,0,0,0,0
2.5,472,1,0.828417,0.828417,0.272558,-0.215538,0.488096,33.0902,31.1378,5,6,1,0.502518,0.629864,0.127346,0,0,0,0
2.5,472,2,0.289553,0.289553,0.878283,0.19357,0.684713,35.5131,32.7743,17,19,2,0.716029,0.691571,0.0244576,0,0,0,0
2.5,472,3,0.772429,0.772429,-0.336985,-0.800687,0.463702,30.6521,28.7973,8,5,-3,0.694334,0.69917,0.0048352,0,0,0,0
3,473,1,1.0542,1.0542,-0.450486,0.272558,0.723045,30.1981,33.0902,6,10,4,0.629864,0.689301,0.0594368,0,0,0,0
3,473,2,0.662291,0.662291,-0.95381,0.878283,1.83209,28.1848,35.5131,19,15,-4,0.691571,0.624493,0.0670784,0,0,0,0
3,473,3,0.210809,0.210809,0.986818,-0.336985,1.3238,35.9473,30.6521,5,5,0,0.69917,0.671698,0.027472,0,0,0,0
3.5,474,1,0.832021,0.832021,0.647164,-0.450486,1.09765,34.5887,30.1981,10,9,-1,0.689301,0.513389,0.175912,0,0,0,0
3.5,474,2,1.04743,1.04743,-0.240562,-0.95381,0.713248,31.0378,28.1848,15,16,1,0.624493,0.511685,0.112808,0,0,0,0
3.5,474,3,0.142102,0.142102,-0.338642,0.986818,1.32546,30.6454,35.9473,5,5,0,0.671698,1.20515,0.533454,0,0,0,0
4,475,1,1.50286,1.50286,-0.720281,0.647164,1.36744,29.1189,34.5887,9,12,3,0.513389,0.716466,0.203077,0,0,0,0
4,475,2,0.977639,0.977639,-0.706528,-0.240562,0.465966,29.1739,31.0378,16,6,-10,0.511685,0.499229,0.012456,0,0,0,0
4,475,3,0.944818,0.944818,-0.0711064,-0.338642,0.267535,31.7156,30.6454,5,12,7,1.20515,0.786885,0.418267,0,0,0,0
4.5,476,1,0.653863,0.653863,-0.974635,-0.720281,0.254354,28.1015,29.1189,12,13,1,0.716466,0.633659,0.0828064,0,0,0,0
4.5,476,2,0.334811,0.334811,-0.883741,-0.706528,0.177213,28.465,29.1739,6,9,3,0.499229,0.580312,0.0810832,0,0,0,0
4.5,476,3,0.725982,0.725982,0.823657,-0.0711064,0.894764,35.2946,31.7156,12,8,-4,0.786885,0.77816,0.0087248,0,0,0,0
5,477,1,0.882405,0.882405,-0.0955143,-0.974635,0.879121,31.6179,28.1015,13,13,0,0.633659,0.357278,0.276381,0,0,0,0
5,477,2,1.16172,1.16172,0.88903,-0.883741,1.77277,35.5561,28.465,9,7,-2,0.580312,0.524088,0.056224,0,0,0,0
5,477,3,0.598675,0.598675,0.321986,0.823657,0.501671,33.2879,35.2946,8,10,2,0.77816,1.16805,0.389886,0,0,0,0
5.5,478,1,0.984376,0.984376,0.132931,-0.0955143,0.228446,32.5317,31.6179,13,11,-2,0.357278,0.351509,0.0057696,0,0,0,0
5.5,478,2,1.0562,1.0562,0.351171,0.88903,0.537859,33.4047,35.5561,7,5,-2,0.524088,0.770389,0.246301,0,0,0,0
5.5,478,3,1.28418,1.28418,-0.551147,0.321986,0.873133,29.7954,33.2879,10,14,4,1.16805,0.88604,0.282006,0,0,0,0
6,479,1,0.329026,0.329026,-0.143291,0.132931,0.276222,31.4268,32.5317,11,2,-9,0.351509,0.59247,0.240962,0,0,0,0
6,479,2,0.214519,0.214519,0.722947,0.351171,0.371776,34.8918,33.4047,5,7,2,0.770389,0.779843,0.0094544,0,0,0,0
6,479,3,1.57183,1.57183,-0.112822,-0.551147,0.438325,31.5487,29.7954,14,21,7,0.88604,0.559398,0.326642,0,0,0,0
6.5,480,1,0.276101,0.276101,0.685166,-0.143291,0.828457,34.7407,31.4268,2,11,9,0.59247,0.543602,0.0488688,0,0,0,0
6.5,480,2,0.778407,0.778407,0.99532,0.722947,0.272373,35.9813,34.8918,7,14,7,0.779843,0.761035,0.018808,0,0,0,0
6.5,480,3,0.648162,0.648162,0.889741,-0.112822,1.00256,35.559,31.5487,21,5,-16,0.559398,0.685182,0.125784,0,0,0,0
7,481,1,0.512038,0.512038,0.989525,0.685166,0.304359,35.9581,34.7407,11,11,0,0.543602,0.499259,0.0443424,0,0,0,0
7,481,2,1.46548,1.46548,0.338476,0.99532,0.656844,33.3539,35.9813,14,12,-2,0.761035,0.680242,0.0807936,0,0,0,0
7,481,3,0.356901,0.356901,-0.93227,0.889741,1.82201,28.2709,35.559,5,7,2,0.685182,0.73203,0.046848,0,0,0,0
7.5,482,1,0.0139983,0.0139983,0.651827,0.989525,0.337699,34.6073,35.9581,11,11,0,0.499259,0.78448,0.285221,0,1,0,0
7.5,482,2,0.504606,0.504606,0.866401,0.338476,0.527925,35.4656,33.3539,12,8,-4,0.680242,0.578779,0.101462,0,0,0,0
7.5,482,3,1.03698,1.03698,-0.265266,-0.93227,0.667004,30.9389,28.2709,7,11,4,0.73203,0.549818,0.182213,0,0,0,0
8,483,1,1.3831,1.3831,-0.7111,0.651827,1.36293,29.1556,34.6073,11,9,-2,0.78448,0.749032,0.035448,0,0,0,0
8,483,2,0.621871,0.621871,0.834434,0.866401,0.0319669,35.3377,35.4656,8,15,7,0.578779,0.643536,0.0647568,0,0,0,0
8,483,3,0.274882,0.274882,0.988338,-0.265266,1.2536,35.9534,30.9389,11,6,-5,0.549818,0.536778,0.01304,0,0,0,0
8.5,484,1,1.47687,1.47687,0.608977,-0.7111,1.32008,34.4359,29.1556,9,9,0,0.749032,0.409365,0.339667,0,0,0,0
8.5,484,2,0.940142,0.940142,0.0628502,0.834434,0.771584,32.2514,35.3377,15,14,-1,0.643536,0.706654,0.0631184,0,0,0,0
8.5,484,3,0.074044,0.074044,-0.442609,0.988338,1.43095,30.2296,35.9534,6,7,1,0.536778,0.839965,0.303187,0,0,0,0
9,485,1,1.6925,1.6925,0.051801,0.608977,0.557176,32.2072,34.4359,9,10,1,0.409365,0.436898,0.0275328,0,0,0,0
9,485,2,1.32327,1.32327,0.010634,0.0628502,0.0522162,32.0425,32.2514,14,9,-5,0.706654,0.662941,0.0437136,0,0,0,0
9,485,3,0.933461,0.933461,0.538436,-0.442609,0.981045,34.1537,30.2296,7,11,4,0.839965,0.659171,0.180794,0,0,0,0
9.5,486,1,1.75318,1.75318,0.171699,0.051801,0.119898,32.6868,32.2072,10,9,-1,0.436898,0.558493,0.121595,0,0,0,0
9.5,486,2,1.68978,1.68978,-0.727249,0.010634,0.737883,29.091,32.0425,9,11,2,0.662941,0.545373,0.117568,0,0,0,0
9.5,486,3,1.5869,1.5869,0.952958,0.538436,0.414522,35.8118,34.1537,11,10,-1,0.659171,0.75868,0.0995088,0,0,0,0
10,487,1,1.48341,1.48341,0.950886,0.171699,0.779187,35.8035,32.6868,9,12,3,0.558493,0.582405,0.023912,0,0,0,0
10,487,2,0.136141,0.136141,0.0273268,-0.727249,0.754576,32.1093,29.091,11,8,-3,0.545373,0.436934,0.108438,0,0,0,0
10,487,3,1.39459,1.39459,-0.417453,0.952958,1.37041,30.3302,35.8118,10,10,0,0.75868,0.835144,0.076464,0,0,0,0
10.5,488,1,1.31566,1.31566,0.967874,0.950886,0.0169878,35.8715,35.8035,12,6,-6,0.582405,0.779829,0.197424,0,0,1,0
10.5,488,2,0.766533,0.766533,-0.530455,0.0273268,0.557782,29.8782,32.1093,8,9,1,0.436934,0.468888,0.0319536,0,0,0,0
10.5,488,3,0.254306,0.254306,0.485336,-0.417453,0.902789,33.9413,30.3302,10,15,5,0.835144,0.637648,0.197496,0,0,0,0
11,489,1,0.225313,0.225313,-0.386945,0.967874,1.35482,30.4522,35.8715,6,12,6,0.779829,0.763422,0.0164064,0,0,0,0
11,489,2,0.107742,0.107742,0.00309805,-0.530455,0.533553,32.0124,29.8782,9,11,2,0.468888,0.403032,0.065856,0,0,0,0
11,489,3,0.846108,0.846108,-0.463799,0.485336,0.949135,30.1448,33.9413,15,7,-8,0.637648,0.675858,0.0382096,0,0,0,0
11.5,490,1,1.73391,1.73391,0.401723,-0.386945,0.788668,33.6069,30.4522,12,13,1,0.763422,0.612075,0.151347,0,0,0,0
11.5,490,2,0.639355,0.639355,-0.778426,0.00309805,0.781524,28.8863,32.0124,11,8,-3,0.403032,0.594469,0.191437,0,0,0,0
11.5,490,3,0.288032,0.288032,0.768485,-0.463799,1.23228,35.0739,30.1448,7,9,2,0.675858,0.658384,0.0174736,0,0,0,0
12,491,1,0.394642,0.394642,0.711028,0.401723,0.309305,34.8441,33.6069,13,8,-5,0.612075,0.616144,0.0040688,0,0,0,0
12,491,2,0.0943255,0.0943255,0.298097,-0.778426,1.07652,33.1924,28.8863,8,11,3,0.594469,0.504197,0.090272,0,0,0,0
12,491,3,0.261677,0.261677,0.437757,0.768485,0.330728,33.751,35.0739,9,11,2,0.658384,0.822568,0.164184,0,0,0,0
12.5,492,1,0.308584,0.308584,0.0486072,0.711028,0.662421,32.1944,34.8441,8,10,2,0.616144,0.672336,0.056192,0,0,0,0
12.5,492,2,0.85775,0.85775,0.187909,0.298097,0.110188,32.7516,33.1924,11,10,-1,0.504197,0.479762,0.0244352,0,0,0,0
12.5,492,3,0.103781,0.103781,-0.582768,0.437757,1.02052,29.6689,33.751,11,10,-1,0.822568,0.812296,0.010272,0,0,0,0
13,493,1,0.638162,0.638162,-0.777839,0.0486072,0.826447,28.8886,32.1944,10,10,0,0.672336,0.679589,0.0072528,0,0,0,0
13,493,2,0.388175,0.388175,0.496918,0.187909,0.309009,33.9877,32.7516,10,9,-1,0.479762,0.695259,0.215498,0,0,0,0
13,493,3,0.895834,0.895834,-0.175485,-0.582768,0.407282,31.2981,29.6689,10,11,1,0.812296,0.53893,0.273366,0,0,0,0
13.5,494,1,0.815529,0.815529,0.489136,-0.777839,1.26698,33.9565,28.8886,10,11,1,0.679589,0.467744,0.211845,0,0,0,0
13.5,494,2,1.14456,1.14456,0.134415,0.496918,0.362503,32.5377,33.9877,9,8,-1,0.695259,0.740579,0.04532,0,0,0,0
13.5,494,3,0.155253,0.155253,-0.00427367,-0.175485,0.171212,31.9829,31.2981,11,11,0,0.53893,0.64905,0.11012,0,0,0,0
14,495,1,0.171179,0.171179,-0.373483,0.489136,0.86262,30.5061,33.9565,11,9,-2,0.467744,0.548389,0.0806448,0,0,0,0
14,495,2,0.390936,0.390936,-0.77329,0.134415,0.907704,28.9068,32.5377,8,15,7,0.740579,0.61455,0.126029,0,0,0,0
14,495,3,0.240875,0.240875,-0.976603,-0.00427367,0.97233,28.0936,31.9829,11,6,-5,0.64905,0.674402,0.025352,0,0,0,0
14.5,496,1,1.05863,1.05863,0.349099,-0.373483,0.722582,33.3964,30.5061,9,11,2,0.548389,0.683955,0.135566,0,0,0,0
14.5,496,2,0.695875,0.695875,0.932821,-0.77329,1.70611,35.7313,28.9068,15,12,-3,0.61455,0.516342,0.098208,0,0,0,0
14.5,496,3,0.247284,0.247284,-0.170703,-0.976603,0.8059,31.3172,28.0936,6,7,1,0.674402,0.628504,0.0458976,0,0,0,0
15,497,1,1.01533,1.01533,-0.945413,0.349099,1.29451,28.2183,33.3964,11,12,1,0.683955,0.66812,0.0158352,0,0,0,0
15,497,2,0.39242,0.39242,-0.0329135,0.932821,0.965735,31.8683,35.7313,12,11,-1,0.516342,0.597922,0.0815792,0,0,0,0
15,497,3,0.515804,0.515804,-0.27553,-0.170703,0.104827,30.8979,31.3172,7,7,0,0.628504,0.624946,0.0035584,0,0,0,0
15.5,498,1,0.962598,0.962598,0.822395,-0.945413,1.76781,35.2896,28.2183,12,10,-2,0.66812,0.466968,0.201152,0,0,0,0
15.5,498,2,0.815675,0.815675,0.648777,-0.0329135,0.681691,34.5951,31.8683,11,13,2,0.597922,0.638126,0.0402048,0,0,0,0
15.5,498,3,0.859037,0.859037,0.749066,-0.27553,1.0246,34.9963,30.8979,7,7,0,0.624946,0.827642,0.202696,0,0,0,0
16,499,1,1.80253,1.80253,0.97472,0.822395,0.152325,35.8989,35.2896,10,9,-1,0.466968,0.640101,0.173133,0,0,0,0
16,499,2,0.11376,0.11376,-0.0917806,0.648777,0.740558,31.6329,34.5951,13,14,1,0.638126,0.520662,0.117464,0,0,0,0
16,499,3,0.653737,0.653737,0.334084,0.749066,0.414982,33.3363,34.9963,7,7,0,0.827642,0.732395,0.0952464,0,0,0,0
16.5,500,1,1.50018,1.50018,-0.617278,0.97472,1.592,29.5309,35.8989,9,11,2,0.640101,0.738731,0.0986304,0,0,0,0
16.5,500,2,0.157185,0.157185,-0.402863,-0.0917806,0.311083,30.3885,31.6329,14,9,-5,0.520662,0.451682,0.0689808,0,0,0,0
16.5,500,3,0.0728789,0.0728789,0.666591,0.334084,0.332508,34.6664,33.3363,7,10,3,0.732395,0.715275,0.01712,0,0,0,0
17,501,1,0.247695,0.247695,0.175513,-0.617278,0.792791,32.7021,29.5309,11,12,1,0.738731,0.502074,0.236658,0,0,0,0
17,501,2,0.0992552,0.0992552,-0.800494,-0.402863,0.397631,28.798,30.3885,9,8,-1,0.451682,0.39176,0.0599216,0,0,0,0
17,501,3,0.166805,0.166805,0.914689,0.666591,0.248097,35.6588,34.6664,10,10,0,0.715275,0.920528,0.205253,0,0,0,0
17.5,502,1,0.640838,0.640838,0.0846747,0.175513,0.090838,32.3387,32.7021,12,4,-8,0.502074,0.562003,0.0599296,0,0,0,0
17.5,502,2,0.422115,0.422115,0.602479,-0.800494,1.40297,34.4099,28.798,8,7,-1,0.39176,0.385054,0.0067056,0,0,0,0
17.5,502,3,0.312762,0.312762,0.807169,0.914689,0.10752,35.2287,35.6588,10,19,9,0.920528,0.787875,0.132653,0,0,0,0
18,503,1,1.19312,1.19312,0.973747,0.0846747,0.889073,35.895,32.3387,4,11,7,0.562003,0.437616,0.124387,0,0,0,0
18,503,2,0.140073,0.140073,0.72604,0.602479,0.123561,34.9042,34.4099,7,7,0,0.385054,0.513093,0.128038,0,0,0,0
18,503,3,1.14458,1.14458,-0.0884836,0.807169,0.895652,31.6461,35.2287,19,12,-7,0.787875,0.782843,0.005032,0,0,0,0
18.5,504,1,0.12941,0.12941,-0.031707,0.973747,1.00545,31.8732,35.895,11,11,0,0.437616,0.653026,0.21541,0,0,0,0
18.5,504,2,0.667429,0.667429,0.799054,0.72604,0.0730141,35.1962,34.9042,7,11,4,0.513093,0.594814,0.0817216,0,0,0,0
18.5,504,3,0.640782,0.640782,0.853566,-0.0884836,0.94205,35.4143,31.6461,12,8,-4,0.782843,0.659118,0.123725,0,0,0,0
19,505,1,0.537417,0.537417,0.136621,-0.031707,0.168328,32.5465,31.8732,11,3,-8,0.653026,0.573174,0.0798512,0,0,0,0
19,505,2,0.526796,0.526796,-0.761465,0.799054,1.56052,28.9541,35.1962,11,12,1,0.594814,0.617466,0.0226512,0,0,0,0
19,505,3,1.41963,1.41963,0.434603,0.853566,0.418963,33.7384,35.4143,8,15,7,0.659118,0.613272,0.0458464,0,0,0,0
19.5,506,1,1.12275,1.12275,0.0212213,0.136621,0.115399,32.0849,32.5465,3,4,1,0.573174,0.56859,0.004584,0,0,0,0
19.5,506,2,0.332495,0.332495,0.462941,-0.761465,1.22441,33.8518,28.9541,12,11,-1,0.617466,0.458338,0.159128,0,0,0,0
19.5,506,3,1.02683,1.02683,-0.00163305,0.434603,0.436236,31.9935,33.7384,15,15,0,0.613272,0.749365,0.136093,0,0,0,0
20,507,1,1.056,1.056,0.886612,0.0212213,0.865391,35.5464,32.0849,4,10,6,0.56859,0.609117,0.0405264,0,0,0,0
20,507,2,0.675993,0.675993,-0.0815152,0.462941,0.544456,31.6739,33.8518,11,11,0,0.458338,0.583546,0.125208,0,0,0,0
20,507,3,1.24925,1.24925,0.771255,-0.00163305,0.772888,35.085,31.9935,15,9,-6,0.749365,0.666766,0.0825984,0,0,0,0
20.5,508,1,0.23427,0.23427,0.000378475,0.886612,0.886234,32.0015,35.5464,10,10,0,0.609117,0.677875,0.0687584,0,0,0,0
20.5,508,2,0.631899,0.631899,-0.623785,-0.0815152,0.54227,29.5049,31.6739,11,7,-4,0.583546,0.505854,0.0776912,0,0,0,0
20.5,508,3,1.22159,1.22159,0.856897,0.771255,0.0856411,35.4276,35.085,9,13,4,0.666766,0.713186,0.0464192,0,0,0,0
21,509,1,0.64084,0.64084,0.932382,0.000378475,0.932003,35.7295,32.0015,10,11,1,0.677875,0.581875,0.096,0,0,0,0
21,509,2,0.537398,0.537398,0.935143,-0.623785,1.55893,35.7406,29.5049,7,5,-2,0.505854,0.390026,0.115829,0,0,0,0
21,509,3,0.728845,0.728845,0.897133,0.856897,0.040236,35.5885,35.4276,13,14,1,0.713186,0.84231,0.129125,0,0,0,0
21.5,510,1,0.414177,0.414177,-0.878115,0.932382,1.8105,28.4875,35.7295,11,10,-1,0.581875,0.561387,0.020488,0,0,0,0
21.5,510,2,0.541537,0.541537,0.582738,0.935143,0.352404,34.331,35.7406,5,5,0,0.390026,0.50633,0.116304,0,0,0,0
21.5,510,3,0.160052,0.160052,0.0200676,0.897133,0.877065,32.0803,35.5885,14,15,1,0.84231,0.729864,0.112446,0,0,0,0
22,511,1,0.635571,0.635571,0.381835,-0.878115,1.25995,33.5273,28.4875,10,10,0,0.561387,0.422306,0.139082,0,0,0,0
22,511,2,1.64743,1.64743,0.152331,0.582738,0.430408,32.6093,34.331,5,8,3,0.50633,0.72093,0.2146,0,0,0,0
22,511,3,0.208478,0.208478,-0.0566052,0.0200676,0.0766727,31.7736,32.0803,15,12,-3,0.729864,0.674677,0.0551872,0,0,0,0
22.5,512,1,0.479566,0.479566,-0.76418,0.381835,1.14602,28.9433,33.5273,10,9,-1,0.422306,0.66819,0.245885,0,0,0,0
22.5,512,2,1.52037,1.52037,-0.234941,0.152331,0.387272,31.0602,32.6093,8,11,3,0.72093,0.576141,0.144789,0,0,0,0
22.5,512,3,0.12175,0.12175,0.169296,-0.0566052,0.225901,32.6772,31.7736,12,10,-2,0.674677,0.677845,0.003168,0,0,0,0
23,513,1,1.14743,1.14743,0.756507,-0.76418,1.52069,35.026,28.9433,9,8,-1,0.66819,0.499994,0.168197,0,0,0,0
23,513,2,0.0286332,0.0286332,0.654007,-0.234941,0.888948,34.616,31.0602,11,15,4,0.576141,0.549485,0.026656,0,0,0,0
23,513,3,0.439713,0.439713,0.323069,0.169296,0.153774,33.2923,32.6772,10,7,-3,0.677845,0.643128,0.0347168,0,0,0,0
23.5,514,1,1.01426,1.01426,0.414253,0.756507,0.342254,33.657,35.026,8,6,-2,0.499994,0.618515,0.118522,0,0,0,0
23.5,514,2,1.69904,1.69904,0.358387,0.654007,0.29562,33.4335,34.616,15,13,-2,0.549485,0.449237,0.100248,0,0,0,0
23.5,514,3,0.431083,0.431083,-0.394604,0.323069,0.717673,30.4216,33.2923,7,11,4,0.643128,0.661734,0.0186064,0,0,0,0
24,515,1,0.192072,0.192072,-0.226213,0.414253,0.640466,31.0951,33.657,6,11,5,0.618515,0.7026,0.0840848,0,0,0,0
24,515,2,0.478573,0.478573,0.342055,0.358387,0.0163321,33.3682,33.4335,13,7,-6,0.449237,0.589192,0.139955,0,0,1,0
24,515,3,0.49333,0.49333,0.863651,-0.394604,1.25825,35.4546,30.4216,11,12,1,0.661734,0.52231,0.139424,0,0,0,0
24.5,516,1,0.0545641,0.0545641,0.363221,-0.226213,0.589434,33.4529,31.0951,11,9,-2,0.7026,0.531168,0.171432,0,0,0,0
24.5,516,2,0.619844,0.619844,0.269235,0.342055,0.0728197,33.0769,33.3682,7,15,8,0.589192,0.471776,0.117416,0,0,0,0
24.5,516,3,0.0966724,0.0966724,0.919076,0.863651,0.0554245,35.6763,35.4546,12,6,-6,0.52231,0.861789,0.339478,0,0,0,0
25,517,1,0.882198,0.882198,0.859553,0.363221,0.496332,35.4382,33.4529,9,7,-2,0.531168,0.459928,0.07124,0,0,0,0
25,517,2,0.997351,0.997351,0.408626,0.269235,0.13939,33.6345,33.0769,15,14,-1,0.471776,0.407803,0.0639728,0,0,0,0
25,517,3,1.26913,1.26913,-0.196312,0.919076,1.11539,31.2148,35.6763,6,9,3,0.861789,0.821566,0.0402224,0,0,0,0
25.5,518,1,1.07889,1.07889,-0.68478,0.859553,1.54433,29.2609,35.4382,7,7,0,0.459928,0.729093,0.269165,0,0,0,0
25.5,518,2,0.553013,0.553013,0.774018,0.408626,0.365392,35.0961,33.6345,14,13,-1,0.407803,0.458766,0.0509632,0,0,0,0
25.5,518,3,0.106603,0.106603,0.0527789,-0.196312,0.24909,32.2111,31.2148,9,10,1,0.821566,0.630109,0.191458,0,0,0,0
26,519,1,0.933624,0.933624,0.568341,-0.68478,1.25312,34.2734,29.2609,7,9,2,0.729093,0.532227,0.196866,0,0,0,0
26,519,2,0.542381,0.542381,0.28117,0.774018,0.492848,33.1247,35.0961,13,10,-3,0.458766,0.691291,0.232525,0,0,0,0
26,519,3,0.504951,0.504951,0.142387,0.0527789,0.0896084,32.5695,32.2111,10,11,1,0.630109,0.56392,0.0661888,0,0,0,0
26.5,520,1,0.483089,0.483089,0.326456,0.568341,0.241885,33.3058,34.2734,9,5,-4,0.532227,0.563299,0.031072,0,0,0,0
26.5,520,2,0.172457,0.172457,-0.574779,0.28117,0.855949,29.7009,33.1247,10,12,2,0.691291,0.590963,0.100328,0,0,0,0
26.5,520,3,0.0793326,0.0793326,0.77644,0.142387,0.634053,35.1058,32.5695,11,13,2,0.56392,0.539838,0.0240816,0,0,0,0
27,521,1,0.746081,0.746081,-0.828471,0.326456,1.15493,28.6861,33.3058,5,9,4,0.563299,0.650501,0.0872016,0,0,0,0
27,521,2,0.830616,0.830616,0.858088,-0.574779,1.43287,35.4324,29.7009,12,13,1,0.590963,0.342139,0.248824,0,0,0,0
27,521,3,0.91708,0.91708,-0.10586,0.77644,0.8823,31.5766,35.1058,13,8,-5,0.539838,0.868686,0.328848,0,0,0,0
27.5,522,1,0.0479095,0.0479095,0.379559,-0.828471,1.20803,33.5182,28.6861,9,8,-1,0.650501,0.453854,0.196646,0,0,0,0
27.5,522,2,0.96554,0.96554,0.169524,0.858088,0.688564,32.6781,35.4324,13,9,-4,0.342139,0.652426,0.310286,0,0,0,0
27.5,522,3,1.69533,1.69533,-0.682575,-0.10586,0.576715,29.2697,31.5766,8,13,5,0.868686,0.744197,0.12449,0,0,0,0
28,523,1,0.637097,0.637097,0.343476,0.379559,0.0360829,33.3739,33.5182,8,9,1,0.453854,0.623797,0.169942,0,0,0,0
28,523,2,0.282022,0.282022,0.0941394,0.169524,0.0753846,32.3766,32.6781,9,14,5,0.652426,0.692722,0.040296,0,0,0,0
28,523,3,0.673096,0.673096,0.513771,-0.682575,1.19635,34.0551,29.2697,13,7,-6,0.744197,0.573565,0.170632,0,0,0,0
28.5,524,1,0.625724,0.625724,-0.675147,0.343476,1.01862,29.2994,33.3739,9,9,0,0.623797,0.670216,0.0464192,0,0,0,0
28.5,524,2,1.0804,1.0804,0.756445,0.0941394,0.662306,35.0258,32.3766,14,13,-1,0.692722,0.48199,0.210731,0,0,0,0
28.5,524,3,0.536625,0.536625,0.642069,0.513771,0.128298,34.5683,34.0551,7,8,1,0.573565,0.726242,0.152677,0,0,0,0
29,525,1,0.210445,0.210445,0.769077,-0.675147,1.44422,35.0763,29.2994,9,10,1,0.670216,0.433744,0.236472,0,0,0,0
29,525,2,0.351617,0.351617,0.0840994,0.756445,0.672346,32.3364,35.0258,13,10,-3,0.48199,0.585285,0.103294,0,0,0,0
29,525,3,0.196872,0.196872,0.325697,0.642069,0.316371,33.3028,34.5683,8,10,2,0.726242,0.686837,0.0394048,0,0,0,0
29.5,526,1,0.167393,0.167393,0.676075,0.769077,0.0930023,34.7043,35.0763,10,1,-9,0.433744,0.387117,0.0466272,0,0,0,0
29.5,526,2,0.16106,0.16106,0.703746,0.0840994,0.619647,34.815,32.3364,10,13,3,0.585285,0.550589,0.034696,0,0,0,0
29.5,526,3,0.105058,0.105058,0.820451,0.325697,0.494753,35.2818,33.3028,10,16,6,0.686837,0.641683,0.0451536,0,0,0,0
30,527,1,0.0702724,0.0702724,0.834981,0.676075,0.158906,35.3399,34.7043,1,5,4,0.387117,0.773882,0.386765,0,0,0,0
30,527,2,0.0722916,0.0722916,-0.272756,0.703746,0.976502,30.909,34.815,13,11,-2,0.550589,0.461107,0.0894816,0,0,0,0
30,527,3,1.16578,1.16578,0.716037,0.820451,0.104413,34.8641,35.2818,16,14,-2,0.641683,0.616826,0.0248576,0,0,0,0
30.5,528,1,1.01654,1.01654,-0.478853,0.834981,1.31383,30.0846,35.3399,5,5,0,0.773882,0.763469,0.0104128,0,0,0,0
30.5,528,2,1.00023,1.00023,0.716436,-0.272756,0.989192,34.8657,30.909,11,11,0,0.461107,0.356478,0.104629,0,0,0,0
30.5,528,3,1.48849,1.48849,0.602593,0.716037,0.113445,34.4104,34.8641,14,14,0,0.616826,0.70425,0.087424,0,0,0,0
31,529,1,0.324327,0.324327,0.300399,-0.478853,0.779252,33.2016,30.0846,5,9,4,0.763469,0.489072,0.274397,0,0,0,0
31,529,2,1.03377,1.03377,0.422564,0.716436,0.293872,33.6903,34.8657,11,12,1,0.356478,0.472778,0.116299,0,0,0,0
31,529,3,0.886121,0.886121,0.62215,0.602593,0.019557,34.4886,34.4104,14,9,-5,0.70425,0.758435,0.0541856,0,0,1,0
31.5,530,1,1.19855,1.19855,-0.509655,0.300399,0.810054,29.9614,33.2016,9,9,0,0.489072,0.539197,0.0501248,0,0,0,0
31.5,530,2,0.205034,0.205034,-0.223605,0.422564,0.646169,31.1056,33.6903,12,6,-6,0.472778,0.572608,0.0998304,0,0,0,0
31.5,530,3,0.911663,0.911663,-0.633669,0.62215,1.25582,29.4653,34.4886,9,15,6,0.758435,0.647534,0.110901,0,0,0,0
32,531,1,0.146936,0.146936,0.117219,-0.509655,0.626873,32.4689,29.9614,9,7,-2,0.539197,0.715205,0.176008,0,0,0,0
32,531,2,1.14871,1.14871,-0.56299,-0.223605,0.339385,29.748,31.1056,6,11,5,0.572608,0.56805,0.0045584,0,0,0,0
32,531,3,0.0775672,0.0775672,0.80984,-0.633669,1.44351,35.2394,29.4653,15,12,-3,0.647534,0.593299,0.0542352,0,0,0,0
32.5,532,1,0.292456,0.292456,0.574879,0.117219,0.45766,34.2995,32.4689,7,6,-1,0.715205,0.681747,0.0334576,0,0,0,0
32.5,532,2,0.257106,0.257106,-0.758261,-0.56299,0.195271,28.967,29.748,11,11,0,0.56805,0.400181,0.167869,0,0,0,0
32.5,532,3,0.958941,0.958941,-0.41061,0.80984,1.22045,30.3576,35.2394,12,13,1,0.593299,0.740925,0.147626,0,0,0,0
33,533,1,1.11815,1.11815,-0.664321,0.574879,1.2392,29.3427,34.2995,6,6,0,0.681747,0.925709,0.243962,0,0,0,0
33,533,2,0.134859,0.134859,-0.390145,-0.758261,0.368116,30.4394,28.967,11,5,-6,0.400181,0.250435,0.149746,0,0,0,0
33,533,3,0.716288,0.716288,0.564179,-0.41061,0.974789,34.2567,30.3576,13,19,6,0.740925,0.62068,0.120245,0,0,0,0
33.5,534,1,0.462411,0.462411,-0.839898,-0.664321,0.175577,28.6404,29.3427,6,12,6,0.925709,0.600544,0.325165,0,0,0,0
33.5,534,2,0.064725,0.064725,0.587009,-0.390145,0.977154,34.348,30.4394,5,5,0,0.250435,0.301634,0.0511984,0,0,0,0
33.5,534,3,0.0275056,0.0275056,-0.593573,0.564179,1.15775,29.6257,34.2567,19,13,-6,0.62068,0.755629,0.134949,0,0,0,0
34,535,1,0.986266,0.986266,0.760012,-0.839898,1.59991,35.04,28.6404,12,8,-4,0.600544,0.367456,0.233088,0,0,0,0
34,535,2,0.236328,0.236328,-0.537541,0.587009,1.12455,29.8498,34.348,5,7,2,0.301634,0.70899,0.407357,0,0,0,0
34,535,3,0.920563,0.920563,0.915305,-0.593573,1.50888,35.6612,29.6257,13,15,2,0.755629,0.660134,0.0954944,0,0,0,0
34.5,536,1,0.310253,0.310253,0.768415,0.760012,0.00840271,35.0737,35.04,8,5,-3,0.367456,0.672042,0.304586,0,0,1,0
34.5,536,2,0.225184,0.225184,0.643037,-0.537541,1.18058,34.5721,29.8498,7,15,8,0.70899,0.404979,0.304011,0,0,0,0
34.5,536,3,0.559551,0.559551,0.452558,0.915305,0.462747,33.8102,35.6612,15,10,-5,0.660134,0.669058,0.0089232,0,0,0,0
35,537,1,1.18952,1.18952,-0.0472319,0.768415,0.815647,31.8111,35.0737,5,9,4,0.672042,0.680166,0.0081248,0,0,0,0
35,537,2,0.760423,0.760423,-0.507901,0.643037,1.15094,29.9684,34.5721,15,6,-9,0.404979,0.419272,0.0142928,0,0,0,0
35,537,3,0.156238,0.156238,0.149799,0.452558,0.302759,32.5992,33.8102,10,15,5,0.669058,0.580126,0.0889312,0,0,0,0
35.5,538,1,1.69415,1.69415,-0.802907,-0.0472319,0.755675,28.7884,31.8111,9,9,0,0.680166,0.647912,0.0322544,0,0,0,0
35.5,538,2,0.711235,0.711235,-0.204668,-0.507901,0.303233,31.1813,29.9684,6,6,0,0.419272,0.417758,0.0015136,0,0,0,0
35.5,538,3,0.71413,0.71413,-0.121497,0.149799,0.271297,31.514,32.5992,15,15,0,0.580126,0.583408,0.0032816,0,0,0,0
36,539,1,0.722015,0.722015,0.364322,-0.802907,1.16723,33.4573,28.7884,9,6,-3,0.647912,0.535816,0.112096,0,0,0,0
36,539,2,0.545286,0.545286,-0.480374,-0.204668,0.275706,30.0785,31.1813,6,8,2,0.417758,0.473262,0.055504,0,0,0,0
36,539,3,0.615757,0.615757,0.54923,-0.121497,0.670727,34.1969,31.514,15,16,1,0.583408,0.659501,0.0760928,0,0,0,0
36.5,540,1,0.0944737,0.0944737,-0.824152,0.364322,1.18847,28.7034,33.4573,6,8,2,0.535816,0.564965,0.0291488,0,0,0,0
36.5,540,2,0.68926,0.68926,-0.851239,-0.480374,0.370865,28.595,30.0785,8,9,1,0.473262,0.41325,0.0600128,0,0,0,0
36.5,540,3,0.998729,0.998729,0.502747,0.54923,0.0464826,34.011,34.1969,16,13,-3,0.659501,0.774608,0.115107,0,0,0,0
37,541,1,0.365792,0.365792,0.707938,-0.824152,1.53209,34.8318,28.7034,8,7,-1,0.564965,0.514318,0.0506464,0,0,0,0
37,541,2,1.45912,1.45912,0.429798,-0.851239,1.28104,33.7192,28.595,9,10,1,0.41325,0.271315,0.141934,0,0,0,0
37,541,3,0.631927,0.631927,-0.506247,0.502747,1.00899,29.975,34.011,13,13,0,0.774608,0.97125,0.196642,0,0,0,0
37.5,542,1,0.742289,0.742289,-0.847539,0.707938,1.55548,28.6098,34.8318,7,7,0,0.514318,0.615654,0.101336,0,0,0,0
37.5,542,2,0.279389,0.279389,-0.447462,0.429798,0.87726,30.2102,33.7192,10,9,-1,0.271315,0.480509,0.209194,0,0,0,0
37.5,542,3,1.30561,1.30561,-0.375819,-0.506247,0.130428,30.4967,29.975,13,14,1,0.97125,0.737835,0.233414,0,0,0,0
38,543,1,0.21017,0.21017,0.845685,-0.847539,1.69322,35.3827,28.6098,7,12,5,0.615654,0.571754,0.0439008,0,0,0,0
38,543,2,0.163693,0.163693,-0.467432,-0.447462,0.0199701,30.1303,30.2102,9,6,-3,0.480509,0.629928,0.149419,0,0,1,0
38,543,3,0.712668,0.712668,0.833169,-0.375819,1.20899,35.3327,30.4967,14,12,-2,0.737835,0.617978,0.119858,0,0,0,0
38.5,544,1,0.51616,0.51616,-0.902494,0.845685,1.74818,28.39,35.3827,12,7,-5,0.571754,0.620138,0.048384,0,0,0,0
38.5,544,2,0.124666,0.124666,0.649385,-0.467432,1.11682,34.5975,30.1303,6,11,5,0.629928,0.36456,0.265368,0,0,0,0
38.5,544,3,0.984923,0.984923,0.180056,0.833169,0.653113,32.7202,35.3327,12,12,0,0.617978,0.753574,0.135597,0,0,0,0
39,545,1,0.379369,0.379369,0.418288,-0.902494,1.32078,33.6732,28.39,7,12,5,0.620138,0.423274,0.196864,0,0,0,0
39,545,2,0.180617,0.180617,0.92424,0.649385,0.274855,35.697,34.5975,11,3,-8,0.36456,0.56763,0.20307,0,0,0,0
39,545,3,0.0539593,0.0539593,-0.723089,0.180056,0.903145,29.1076,32.7202,12,14,2,0.753574,0.653237,0.100338,0,0,0,0
39.5,546,1,0.662539,0.662539,-0.699604,0.418288,1.11789,29.2016,33.6732,12,4,-8,0.423274,0.546406,0.123133,0,0,0,0
39.5,546,2,0.470718,0.470718,-0.308142,0.92424,1.23238,30.7674,35.697,3,9,6,0.56763,0.7662,0.19857,0,0,0,0
39.5,546,3,1.53319,1.53319,0.568957,-0.723089,1.29205,34.2758,29.1076,14,17,3,0.653237,0.500701,0.152536,0,0,0,0
40,547,1,0.0766676,0.0766676,0.527438,-0.699604,1.22704,34.1098,29.2016,4,7,3,0.546406,0.507773,0.0386336,0,0,0,0
40,547,2,0.456451,0.456451,-0.0937654,-0.308142,0.214377,31.6249,30.7674,9,10,1,0.7662,0.53344,0.23276,0,0,0,0
40,547,3,0.252891,0.252891,0.302722,0.568957,0.266234,33.2109,34.2758,17,13,-4,0.500701,0.862622,0.361922,0,0,0,0
40.5,548,1,0.739792,0.739792,-0.222705,0.527438,0.750143,31.1092,34.1098,7,7,0,0.507773,0.616021,0.108248,0,0,0,0
40.5,548,2,0.0704081,0.0704081,-0.425557,-0.0937654,0.331792,30.2978,31.6249,10,9,-1,0.53344,0.342174,0.191266,0,0,0,0
40.5,548,3,0.0243492,0.0243492,0.941344,0.302722,0.638622,35.7654,33.2109,13,14,1,0.862622,0.75843,0.104192,0,0,0,0
41,549,1,0.0103146,0.0103146,-0.91944,-0.222705,0.696735,28.3222,31.1092,7,10,3,0.616021,0.564832,0.0511888,0,1,0,0
41,549,2,0.797345,0.797345,0.84651,-0.425557,1.27207,35.386,30.2978,9,9,0,0.342174,0.305341,0.0368336,0,0,0,0
41,549,3,0.319154,0.319154,0.349091,0.941344,0.592254,33.3964,35.7654,14,11,-3,0.75843,0.80509,0.0466592,0,0,0,0
41.5,550,1,0.734813,0.734813,0.580067,-0.91944,1.49951,34.3203,28.3222,10,6,-4,0.564832,0.373734,0.191098,0,0,0,0
41.5,550,2,1.55009,1.55009,-0.656277,0.84651,1.50279,29.3749,35.386,9,8,-1,0.305341,0.576813,0.271472,0,0,0,0
41.5,550,3,0.0378909,0.0378909,0.860741,0.349091,0.51165,35.443,33.3964,11,16,5,0.80509,0.706074,0.099016,0,0,0,0
42,551,1,0.516967,0.516967,0.162833,0.580067,0.417235,32.6513,34.3203,6,3,-3,0.373734,0.626678,0.252944,0,0,0,0
42,551,2,1.73358,1.73358,0.171133,-0.656277,0.827409,32.6845,29.3749,8,11,3,0.576813,0.402723,0.17409,0,0,0,0
42,551,3,0.287277,0.287277,0.267402,0.860741,0.593339,33.0696,35.443,16,16,0,0.706074,0.739594,0.03352,0,0,0,0
42.5,552,1,1.48681,1.48681,0.828982,0.162833,0.666149,35.3159,32.6513,3,6,3,0.626678,0.685669,0.0589904,0,0,0,0
42.5,552,2,0.852518,0.852518,-0.502499,0.171133,0.673631,29.99,32.6845,11,10,-1,0.402723,0.377901,0.0248224,0,0,0,0
42.5,552,3,0.796174,0.796174,0.446449,0.267402,0.179047,33.7858,33.0696,16,14,-2,0.739594,0.694344,0.0452496,0,0,0,0
43,553,1,1.73688,1.73688,-0.675019,0.828982,1.504,29.2999,35.3159,6,9,3,0.685669,0.875262,0.189594,0,0,0,0
43,553,2,0.152378,0.152378,0.970399,-0.502499,1.4729,35.8816,29.99,10,2,-8,0.377901,0.308064,0.0698368,0,0,0,0
43,553,3,0.461435,0.461435,0.814442,0.446449,0.367994,35.2578,33.7858,14,19,5,0.694344,0.575107,0.119237,0,0,0,0
43.5,554,1,0.461944,0.461944,0.884258,-0.675019,1.55928,35.537,29.2999,9,8,-1,0.875262,0.555683,0.319579,0,0,0,0
43.5,554,2,0.858286,0.858286,-0.809134,0.970399,1.77953,28.7635,35.8816,2,7,5,0.308064,0.496562,0.188498,0,0,0,0
43.5,554,3,1.18306,1.18306,-0.0322697,0.814442,0.846712,31.8709,35.2578,19,15,-4,0.575107,0.619107,0.044,0,0,0,0
44,555,1,0.571357,0.571357,-0.115694,0.884258,0.999952,31.5372,35.537,8,5,-3,0.555683,0.662304,0.106621,0,0,0,0
44,555,2,0.870663,0.870663,0.599302,-0.809134,1.40844,34.3972,28.7635,7,8,1,0.496562,0.396306,0.100256,0,0,0,0
44,555,3,0.453763,0.453763,0.683737,-0.0322697,0.716007,34.7349,31.8709,15,17,2,0.619107,0.581178,0.0379296,0,0,0,0
44.5,556,1,0.254186,0.254186,-0.910272,-0.115694,0.794577,28.3589,31.5372,5,12,7,0.662304,0.644296,0.018008,0,0,0,0
44.5,556,2,0.0879231,0.0879231,-0.215324,0.599302,0.814626,31.1387,34.3972,8,10,2,0.396306,0.451952,0.0556464,0,0,0,0
44.5,556,3,0.315869,0.315869,-0.22682,0.683737,0.910557,31.0927,34.7349,17,8,-9,0.581178,0.65183,0.0706528,0,0,0,0
45,557,1,0.0605416,0.0605416,0.805405,-0.910272,1.71568,35.2216,28.3589,12,9,-3,0.644296,0.439427,0.204869,0,0,0,0
45,557,2,0.399185,0.399185,0.921653,-0.215324,1.13698,35.6866,31.1387,10,10,0,0.451952,0.632318,0.180366,0,0,0,0
45,557,3,0.902341,0.902341,-0.695219,-0.22682,0.4684,29.2191,31.0927,8,11,3,0.65183,0.750094,0.098264,0,0,0,0
45.5,558,1,0.738253,0.738253,-0.0986482,0.805405,0.904053,31.6054,35.2216,9,6,-3,0.439427,0.672733,0.233306,0,0,0,0
45.5,558,2,0.728872,0.728872,-0.121476,0.921653,1.04313,31.5141,35.6866,10,9,-1,0.632318,0.644779,0.0124608,0,0,0,0
45.5,558,3,0.0187332,0.0187332,0.14664,-0.695219,0.841859,32.5866,29.2191,11,15,4,0.750094,0.555262,0.194832,0,1,0,0
46,559,1,0.392043,0.392043,0.702141,-0.0986482,0.800789,34.8086,31.6054,6,11,5,0.672733,0.62508,0.0476528,0,0,0,0
46,559,2,0.694487,0.694487,0.613217,-0.121476,0.734693,34.4529,31.5141,9,12,3,0.644779,0.530064,0.114715,0,0,0,0
46,559,3,0.708196,0.708196,0.234043,0.14664,0.0874029,32.9362,32.5866,15,7,-8,0.555262,0.704573,0.14931,0,0,0,0
46.5,560,1,0.705791,0.705791,-0.10077,0.702141,0.802911,31.5969,34.8086,11,9,-2,0.62508,0.652846,0.0277664,0,0,0,0
46.5,560,2,0.762241,0.762241,-0.721808,0.613217,1.33502,29.1128,34.4529,12,9,-3,0.530064,0.582602,0.0525376,0,0,0,0
46.5,560,3,0.745126,0.745126,-0.372655,0.234043,0.606698,30.5094,32.9362,7,12,5,0.704573,0.569018,0.135555,0,0,0,0
47,561,1,1.0207,1.0207,0.738329,-0.10077,0.839099,34.9533,31.5969,9,10,1,0.652846,0.566171,0.0866752,0,0,0,0
47,561,2,0.0186747,0.0186747,0.870005,-0.721808,1.59181,35.48,29.1128,9,10,1,0.582602,0.517619,0.0649824,0,1,0,0
47,561,3,1.4598,1.4598,0.204157,-0.372655,0.576813,32.8166,30.5094,12,10,-2,0.569018,0.689456,0.120438,0,0,0,0
47.5,562,1,0.684187,0.684187,0.906579,0.738329,0.16825,35.6263,34.9533,10,10,0,0.566171,0.658494,0.0923232,0,0,0,0
47.5,562,2,0.239383,0.239383,0.598019,0.870005,0.271986,34.3921,35.48,10,10,0,0.517619,0.565589,0.0479696,0,0,0,0
47.5,562,3,0.865127,0.865127,0.742051,0.204157,0.537894,34.9682,32.8166,10,10,0,0.689456,0.597634,0.0918224,0,0,0,0
48,563,1,0.61184,0.61184,-0.239134,0.906579,1.14571,31.0435,35.6263,10,4,-6,0.658494,0.741056,0.0825616,0,0,0,0
48,563,2,1.14194,1.14194,0.410431,0.598019,0.187588,33.6417,34.3921,10,13,3,0.565589,0.540309,0.02528,0,0,0,0
48,563,3,0.0775748,0.0775748,-0.156452,0.742051,0.898502,31.3742,34.9682,10,13,3,0.597634,0.619888,0.0222544,0,0,0,0
48.5,564,1,0.247828,0.247828,0.85846,-0.239134,1.09759,35.4338,31.0435,4,10,6,0.741056,0.576755,0.164301,0,0,0,0
48.5,564,2,0.388698,0.388698,0.379881,0.410431,0.0305502,33.5195,33.6417,13,11,-2,0.540309,0.564789,0.02448,0,0,0,0
48.5,564,3,0.55335,0.55335,0.437407,-0.156452,0.593859,33.7496,31.3742,13,9,-4,0.619888,0.657515,0.0376272,0,0,0,0
49,565,1,1.52144,1.52144,-0.142322,0.85846,1.00078,31.4307,35.4338,10,7,-3,0.576755,0.60223,0.0254752,0,0,0,0
49,565,2,0.0531833,0.0531833,0.0209162,0.379881,0.358965,32.0837,33.5195,11,11,0,0.564789,0.510304,0.0544848,0,0,0,0
49,565,3,0.0470858,0.0470858,0.394688,0.437407,0.0427191,33.5788,33.7496,9,12,3,0.657515,0.616315,0.0412,0,0,0,0
49.5,566,1,1.79604,1.79604,0.939565,-0.142322,1.08189,35.7583,31.4307,7,14,7,0.60223,0.570918,0.031312,0,0,0,0
49.5,566,2,0.51391,0.51391,0.899097,0.0209162,0.878181,35.5964,32.0837,11,8,-3,0.510304,0.476067,0.0342368,0,0,0,0
49.5,566,3,0.721132,0.721132,-0.392004,0.394688,0.786692,30.432,33.5788,12,8,-4,0.616315,0.686427,0.070112,0,0,0,0
50,567,1,1.66237,1.66237,0.653138,0.939565,0.286427,34.6126,35.7583,14,16,2,0.570918,0.677046,0.106128,0,0,0,0
50,567,2,0.398787,0.398787,0.240451,0.899097,0.658646,32.9618,35.5964,8,4,-4,0.476067,0.605923,0.129856,0,0,0,0
50,567,3,0.649141,0.649141,-0.493147,-0.392004,0.101143,30.0274,30.432,8,10,2,0.686427,0.594667,0.09176,0,0,0,0
50.5,568,1,1.57181,1.57181,0.353098,0.653138,0.30004,33.4124,34.6126,16,13,-3,0.677046,0.723221,0.0461744,0,0,0,0
50.5,568,2,0.115781,0.115781,0.48462,0.240451,0.244169,33.9385,32.9618,4,10,6,0.605923,0.624131,0.018208,0,0,0,0
50.5,568,3,1.32238,1.32238,0.714278,-0.493147,1.20742,34.8571,30.0274,10,8,-2,0.594667,0.631742,0.0370752,0,0,0,0
51,569,1,1.36791,1.36791,0.959361,0.353098,0.606263,35.8374,33.4124,13,16,3,0.723221,0.594058,0.129163,0,0,0,0
51,569,2,1.52255,1.52255,-0.867762,0.48462,1.35238,28.529,33.9385,10,8,-2,0.624131,0.546594,0.0775376,0,0,0,0
51,569,3,0.15646,0.15646,0.941956,0.714278,0.227679,35.7678,34.8571,8,6,-2,0.631742,0.754093,0.12235,0,0,0,0
51.5,570,1,1.55395,1.55395,0.281959,0.959361,0.677402,33.1278,35.8374,16,8,-8,0.594058,0.742366,0.148309,0,0,0,0
51.5,570,2,0.0385742,0.0385742,-0.0519158,-0.867762,0.815846,31.7923,28.529,8,8,0,0.546594,0.325299,0.221294,0,0,0,0
51.5,570,3,0.545226,0.545226,0.0948509,0.941956,0.847106,32.3794,35.7678,6,14,8,0.754093,0.729501,0.024592,0,0,0,0
52,571,1,0.964902,0.964902,0.104842,0.281959,0.177117,32.4194,33.1278,8,8,0,0.742366,0.805382,0.063016,0,0,0,0
52,571,2,0.469992,0.469992,0.46032,-0.0519158,0.512235,33.8413,31.7923,8,8,0,0.325299,0.321669,0.0036304,0,0,0,0
52,571,3,0.184511,0.184511,-0.15112,0.0948509,0.245971,31.3955,32.3794,14,14,0,0.729501,0.675595,0.0539056,0,0,0,0
52.5,572,1,0.459454,0.459454,0.331965,0.104842,0.227123,33.3279,32.4194,8,10,2,0.805382,0.571504,0.233878,0,0,0,0
52.5,572,2,0.184542,0.184542,0.649479,0.46032,0.189159,34.5979,33.8413,8,8,0,0.321669,0.605525,0.283856,0,0,0,0
52.5,572,3,0.551945,0.551945,0.646387,-0.15112,0.797507,34.5855,31.3955,14,12,-2,0.675595,0.64368,0.0319152,0,0,0,0
53,573,1,0.953172,0.953172,-0.745161,0.331965,1.07713,29.0194,33.3279,10,10,0,0.571504,0.549008,0.022496,0,0,0,0
53,573,2,0.457811,0.457811,0.936613,0.649479,0.287135,35.7465,34.5979,8,9,1,0.605525,0.633314,0.0277888,0,0,0,0
53,573,3,0.373891,0.373891,-0.285204,0.646387,0.93159,30.8592,34.5855,12,11,-1,0.64368,0.683442,0.0397616,0,0,0,0
53.5,574,1,0.47079,0.47079,0.986423,-0.745161,1.73158,35.9457,29.0194,10,8,-2,0.549008,0.463374,0.0856336,0,0,0,0
53.5,574,2,0.0946519,0.0946519,0.884968,0.936613,0.0516456,35.5399,35.7465,9,9,0,0.633314,0.871358,0.238045,0,0,0,0
53.5,574,3,0.0358212,0.0358212,-0.00592571,-0.285204,0.279278,31.9763,30.8592,11,13,2,0.683442,0.594032,0.0894096,0,0,0,0
54,575,1,0.281693,0.281693,-0.614951,0.986423,1.60137,29.5402,35.9457,8,9,1,0.463374,0.594323,0.130949,0,0,0,0
54,575,2,0.211493,0.211493,-0.234607,0.884968,1.11957,31.0616,35.5399,9,11,2,0.871358,0.788546,0.0828128,0,0,0,0
54,575,3,1.00114,1.00114,0.746617,-0.00592571,0.752543,34.9865,31.9763,13,10,-3,0.594032,0.535083,0.0589488,0,0,0,0
54.5,576,1,0.493073,0.493073,-0.750806,-0.614951,0.135855,28.9968,29.5402,9,10,1,0.594323,0.545459,0.048864,0,0,0,0
54.5,576,2,0.506396,0.506396,0.388885,-0.234607,0.623492,33.5555,31.0616,11,11,0,0.788546,0.54204,0.246506,0,0,0,0
54.5,576,3,0.202828,0.202828,0.604692,0.746617,0.141925,34.4188,34.9865,10,9,-1,0.535083,0.819424,0.284341,0,0,0,0
55,577,1,0.0828043,0.0828043,-0.647559,-0.750806,0.103247,29.4098,28.9968,10,8,-2,0.545459,0.340837,0.204622,0,0,0,0
55,577,2,0.898098,0.898098,0.991293,0.388885,0.602408,35.9652,33.5555,11,10,-1,0.54204,0.568086,0.0260464,0,0,0,0
55,577,3,0.174591,0.174591,-0.466353,0.604692,1.07105,30.1346,34.4188,9,12,3,0.819424,0.889691,0.0702672,0,0,0,0
55.5,578,1,0.162877,0.162877,-0.572045,-0.647559,0.0755133,29.7118,29.4098,8,6,-2,0.340837,0.378832,0.0379952,0,0,0,0
55.5,578,2,0.827009,0.827009,0.363885,0.991293,0.627408,33.4555,35.9652,10,6,-4,0.568086,0.885168,0.317082,0,0,0,0
55.5,578,3,0.723384,0.723384,0.605881,-0.466353,1.07223,34.4235,30.1346,12,18,6,0.889691,0.637798,0.251893,0,0,0,0
56,579,1,0.327759,0.327759,0.866495,-0.572045,1.43854,35.466,29.7118,6,5,-1,0.378832,0.433542,0.0547104,0,0,0,0
56,579,2,0.177991,0.177991,0.586563,0.363885,0.222679,34.3463,33.4555,6,11,5,0.885168,0.728619,0.156549,0,0,0,0
56,579,3,0.668674,0.668674,-0.259404,0.605881,0.865284,30.9624,34.4235,18,14,-4,0.637798,0.740578,0.102779,0,0,0,0
56.5,580,1,0.0588612,0.0588612,0.747103,0.866495,0.119392,34.9884,35.466,5,5,0,0.433542,0.745819,0.312277,0,0,0,0
56.5,580,2,0.790898,0.790898,-0.0172545,0.586563,0.603818,31.931,34.3463,11,11,0,0.728619,0.603422,0.125197,0,0,0,0
56.5,580,3,0.21138,0.21138,-0.300579,-0.259404,0.0411756,30.7977,30.9624,14,14,0,0.740578,0.635298,0.10528,0,0,0,0
57,581,1,0.661795,0.661795,0.793749,0.747103,0.0466458,35.175,34.9884,5,8,3,0.745819,0.863803,0.117984,0,0,0,0
57,581,2,1.04383,1.04383,0.573698,-0.0172545,0.590952,34.2948,31.931,11,9,-2,0.603422,0.55873,0.0446928,0,0,0,0
57,581,3,0.532869,0.532869,-0.276477,-0.300579,0.0241024,30.8941,30.7977,14,13,-1,0.635298,0.506789,0.128509,0,0,0,0
57.5,582,1,0.00719494,0.00719494,0.898066,0.793749,0.104317,35.5923,35.175,8,11,3,0.863803,0.828878,0.0349248,0,1,0,0
57.5,582,2,1.37378,1.37378,-0.658206,0.573698,1.2319,29.3672,34.2948,9,9,0,0.55873,0.564837,0.0061072,0,0,0,0
57.5,582,3,0.0565116,0.0565116,0.281885,-0.276477,0.558362,33.1275,30.8941,13,10,-3,0.506789,0.493886,0.0129024,0,0,0,0
58,583,1,0.912577,0.912577,-0.956808,0.898066,1.85487,28.1728,35.5923,11,11,0,0.828878,0.852021,0.0231424,0,0,0,0
58,583,2,0.34244,0.34244,-0.671698,-0.658206,0.0134922,29.3132,29.3672,9,9,0,0.564837,0.443085,0.121752,0,0,1,0
58,583,3,1.8851,1.8851,-0.973348,0.281885,1.25523,28.1066,33.1275,10,10,0,0.493886,0.620149,0.126262,0,0,0,0
58.5,584,1,0.164508,0.164508,0.242919,-0.956808,1.19973,32.9717,28.1728,11,10,-1,0.852021,0.629582,0.222438,0,0,0,0
58.5,584,2,1.69072,1.69072,0.783409,-0.671698,1.45511,35.1336,29.3132,9,9,0,0.443085,0.52765,0.0845648,0,0,0,0
58.5,584,3,0.582191,0.582191,0.111032,-0.973348,1.08438,32.4441,28.1066,10,11,1,0.620149,0.760552,0.140403,0,0,0,0
1,586,1,-1,-1,0.649712,0.649712,-1,34.5988,34.5988,11,11,0,0,0,0,0,0,0,0
1,586,2,-1,-1,-0.0977163,-0.0977163,-1,31.6091,31.6091,10,10,0,0,0,0,0,0,0,0
1,586,3,-1,-1,-0.243901,-0.243901,-1,31.0244,31.0244,9,9,0,0,0,0,0,0,0,0
1.5,587,1,0.376551,0.376551,0.936421,0.649712,0.286709,35.7457,34.5988,11,10,-1,0,0.783558,0.783558,0,0,0,0
1.5,587,2,0.291514,0.291514,-0.175883,-0.0977163,0.0781666,31.2965,31.6091,10,10,0,0,0.422154,0.422154,0,0,0,0
1.5,587,3,1.36744,1.36744,-0.7506,-0.243901,0.506699,28.9976,31.0244,9,10,1,0,0.74857,0.74857,0,0,0,0
2,588,1,0.356184,0.356184,0.353854,0.936421,0.582567,33.4154,35.7457,10,11,1,0.783558,0.980262,0.196704,0,0,0,0
2,588,2,1.29576,1.29576,-0.941534,-0.175883,0.765651,28.2339,31.2965,10,10,0,0.422154,0.447466,0.025312,0,0,0,0
2,588,3,0.0345789,0.0345789,-0.433775,-0.7506,0.316825,30.2649,28.9976,10,9,-1,0.74857,0.602274,0.146296,0,0,0,0
2.5,589,1,0.301012,0.301012,-0.0276425,0.353854,0.381497,31.8894,33.4154,11,12,1,0.980262,0.872878,0.107384,0,0,0,0
2.5,589,2,1.11072,1.11072,0.715727,-0.941534,1.65726,34.8629,28.2339,10,10,0,0.447466,0.491715,0.0442496,0,0,0,0
2.5,589,3,0.423667,0.423667,-0.395918,-0.433775,0.0378571,30.4163,30.2649,9,8,-1,0.602274,0.67276,0.0704864,0,0,0,0
3,590,1,0.546852,0.546852,-0.00347965,-0.0276425,0.0241629,31.9861,31.8894,12,12,0,0.872878,0.659746,0.213133,0,0,0,0
3,590,2,0.925141,0.925141,0.337468,0.715727,0.378259,33.3499,34.8629,10,9,-1,0.491715,0.716406,0.224691,0,0,0,0
3,590,3,0.122813,0.122813,-0.598439,-0.395918,0.202521,29.6062,30.4163,8,9,1,0.67276,0.612226,0.0605344,0,0,0,0
3.5,591,1,1.48262,1.48262,0.323668,-0.00347965,0.327148,33.2947,31.9861,12,10,-2,0.659746,0.58881,0.070936,0,0,0,0
3.5,591,2,0.0744428,0.0744428,-0.868397,0.337468,1.20587,28.5264,33.3499,9,11,2,0.716406,0.771282,0.0548752,0,0,0,0
3.5,591,3,0.214193,0.214193,0.513858,-0.598439,1.1123,34.0554,29.6062,9,9,0,0.612226,0.537864,0.0743616,0,0,0,0
4,592,1,0.79495,0.79495,-0.65735,0.323668,0.981018,29.3706,33.2947,10,10,0,0.58881,0.651094,0.0622848,0,0,0,0
4,592,2,0.286737,0.286737,0.919577,-0.868397,1.78797,35.6783,28.5264,11,12,1,0.771282,0.557557,0.213725,0,0,0,0
4,592,3,1.50552,1.50552,0.981102,0.513858,0.467244,35.9244,34.0554,9,8,-1,0.537864,0.876421,0.338557,0,0,0,0
4.5,593,1,0.769648,0.769648,0.245846,-0.65735,0.903196,32.9834,29.3706,10,14,4,0.651094,0.360728,0.290366,0,0,0,0
4.5,593,2,0.0615099,0.0615099,0.705121,0.919577,0.214455,34.8205,35.6783,12,4,-8,0.557557,0.620432,0.0628752,0,0,0,0
4.5,593,3,0.985164,0.985164,0.603751,0.981102,0.37735,34.415,35.9244,8,12,4,0.876421,0.887155,0.0107344,0,0,0,0
5,594,1,0.0442677,0.0442677,0.767435,0.245846,0.521589,35.0697,32.9834,14,7,-7,0.360728,0.394333,0.0336048,0,0,0,0
5,594,2,1.28286,1.28286,-0.270533,0.705121,0.975655,30.9179,34.8205,4,8,4,0.620432,0.783832,0.1634,0,0,0,0
5,594,3,0.703063,0.703063,0.443017,0.603751,0.160734,33.7721,34.415,12,15,3,0.887155,0.660218,0.226938,0,0,0,0
5.5,595,1,1.35895,1.35895,-0.182585,0.767435,0.95002,31.2697,35.0697,7,9,2,0.394333,0.732749,0.338416,0,0,0,0
5.5,595,2,1.59678,1.59678,-0.289148,-0.270533,0.0186148,30.8434,30.9179,8,10,2,0.783832,0.504566,0.279266,0,0,1,0
5.5,595,3,1.56903,1.56903,0.854096,0.443017,0.411078,35.4164,33.7721,15,11,-4,0.660218,0.730066,0.069848,0,0,0,0
6,596,1,0.111295,0.111295,0.358191,-0.182585,0.540776,33.4328,31.2697,9,10,1,0.732749,0.602842,0.129907,0,0,0,0
6,596,2,1.15472,1.15472,0.701253,-0.289148,0.990401,34.805,30.8434,10,9,-1,0.504566,0.432824,0.0717424,0,0,0,0
6,596,3,1.59901,1.59901,-0.578187,0.854096,1.43228,29.6873,35.4164,11,11,0,0.730066,0.853021,0.122955,0,0,0,0
6.5,597,1,1.63647,1.63647,-0.229156,0.358191,0.587346,31.0834,33.4328,10,10,0,0.602842,0.575064,0.0277776,0,0,0,0
6.5,597,2,0.602783,0.602783,-0.684135,0.701253,1.38539,29.2635,34.805,9,4,-5,0.432824,0.726109,0.293285,0,0,0,0
6.5,597,3,1.07248,1.07248,-0.400526,-0.578187,0.17766,30.3979,29.6873,11,16,5,0.853021,0.621848,0.231173,0,0,0,0
7,598,1,0.450432,0.450432,0.578893,-0.229156,0.808049,34.3156,31.0834,10,7,-3,0.575064,0.702291,0.127227,0,0,0,0
7,598,2,0.160556,0.160556,-0.116241,-0.684135,0.567894,31.535,29.2635,4,9,5,0.726109,0.608395,0.117714,0,0,0,0
7,598,3,0.590537,0.590537,0.548922,-0.400526,0.949449,34.1957,30.3979,16,14,-2,0.621848,0.620875,0.0009728,0,0,0,0
7.5,599,1,0.381017,0.381017,0.443078,0.578893,0.135816,33.7723,34.3156,7,11,4,0.702291,0.68732,0.0149712,0,0,0,0
7.5,599,2,1.16432,1.16432,0.737245,-0.116241,0.853486,34.949,31.535,9,12,3,0.608395,0.446645,0.16175,0,0,0,0
7.5,599,3,0.982313,0.982313,-0.40603,0.548922,0.954953,30.3759,34.1957,14,7,-7,0.620875,0.997613,0.376738,0,0,0,0
8,600,1,0.40699,0.40699,0.0278365,0.443078,0.415241,32.1113,33.7723,11,11,0,0.68732,0.629843,0.0574768,0,0,0,0
8,600,2,0.381197,0.381197,0.406162,0.737245,0.331083,33.6246,34.949,12,12,0,0.446645,0.677502,0.230858,0,0,0,0
8,600,3,0.637106,0.637106,0.616344,-0.40603,1.02237,34.4654,30.3759,7,7,0,0.997613,0.712824,0.284789,0,0,0,0
8.5,601,1,1.09754,1.09754,0.371419,0.0278365,0.343582,33.4857,32.1113,11,12,1,0.629843,0.521381,0.108462,0,0,0,0
8.5,601,2,0.984239,0.984239,0.288233,0.406162,0.117929,33.1529,33.6246,12,13,1,0.677502,0.617677,0.0598256,0,0,0,0
8.5,601,3,0.714532,0.714532,-0.220042,0.616344,0.836386,31.1198,34.4654,7,5,-2,0.712824,0.863187,0.150363,0,0,0,0
9,602,1,1.40014,1.40014,-0.00948857,0.371419,0.380907,31.962,33.4857,12,9,-3,0.521381,0.620848,0.0994672,0,0,0,0
9,602,2,0.1153,0.1153,-0.974421,0.288233,1.26265,28.1023,33.1529,13,10,-3,0.617677,0.608978,0.0086992,0,0,0,0
9,602,3,1.42501,1.42501,0.808534,-0.220042,1.02858,35.2341,31.1198,5,11,6,0.863187,0.656917,0.20627,0,0,0,0
9.5,603,1,1.09346,1.09346,0.785337,-0.00948857,0.794826,35.1413,31.962,9,9,0,0.620848,0.572488,0.04836,0,0,0,0
9.5,603,2,1.07367,1.07367,0.214871,-0.974421,1.18929,32.8595,28.1023,10,10,0,0.608978,0.497776,0.111202,0,0,0,0
9.5,603,3,0.881589,0.881589,0.492226,0.808534,0.316308,33.9689,35.2341,11,11,0,0.656917,1.05965,0.402736,0,0,0,0
10,604,1,0.532256,0.532256,-0.641333,0.785337,1.42667,29.4347,35.1413,9,5,-4,0.572488,0.68865,0.116162,0,0,0,0
10,604,2,0.489352,0.489352,-0.0622389,0.214871,0.27711,31.751,32.8595,10,14,4,0.497776,0.505338,0.0075616,0,0,0,0
10,604,3,0.669486,0.669486,0.0314381,0.492226,0.460788,32.1258,33.9689,11,11,0,1.05965,0.755427,0.304226,0,0,0,0
10.5,605,1,0.465858,0.465858,-0.265628,-0.641333,0.375705,30.9375,29.4347,5,12,7,0.68865,0.513365,0.175285,0,0,0,0
10.5,605,2,0.104102,0.104102,-0.494195,-0.0622389,0.431956,30.0232,31.751,14,6,-8,0.505338,0.704094,0.198757,0,0,0,0
10.5,605,3,1.71115,1.71115,0.0170026,0.0314381,0.0144354,32.068,32.1258,11,12,1,0.755427,0.719069,0.0363584,0,0,1,0
11,606,1,0.0148757,0.0148757,0.675031,-0.265628,0.940659,34.7001,30.9375,12,10,-2,0.513365,0.454523,0.0588416,0,1,0,0
11,606,2,1.29427,1.29427,-0.103451,-0.494195,0.390744,31.5862,30.0232,6,8,2,0.704094,0.524845,0.17925,0,0,0,0
11,606,3,1.15274,1.15274,0.16296,0.0170026,0.145957,32.6518,32.068,12,12,0,0.719069,0.77945,0.0603808,0,0,0,0
11.5,607,1,0.165721,0.165721,0.0595868,0.675031,0.615444,32.2383,34.7001,10,10,0,0.454523,0.684906,0.230382,0,0,0,0
11.5,607,2,0.222418,0.222418,0.798597,-0.103451,0.902048,35.1944,31.5862,8,8,0,0.524845,0.514262,0.0105824,0,0,0,0
11.5,607,3,0.0888289,0.0888289,0.561376,0.16296,0.398416,34.2455,32.6518,12,12,0,0.77945,0.654502,0.124947,0,0,0,0
12,608,1,0.392763,0.392763,0.428942,0.0595868,0.369355,33.7158,32.2383,10,10,0,0.684906,0.573595,0.11131,0,0,0,0
12,608,2,1.67166,1.67166,0.571277,0.798597,0.227319,34.2851,35.1944,8,9,1,0.514262,0.650888,0.136626,0,0,0,0
12,608,3,0.530597,0.530597,0.0752323,0.561376,0.486144,32.3009,34.2455,12,11,-1,0.654502,0.660984,0.0064816,0,0,0,0
12.5,609,1,0.604998,0.604998,-0.424194,0.428942,0.853136,30.3032,33.7158,10,10,0,0.573595,0.520802,0.0527936,0,0,0,0
12.5,609,2,1.29239,1.29239,0.785306,0.571277,0.214029,35.1412,34.2851,9,9,0,0.650888,0.749736,0.098848,0,0,0,0
12.5,609,3,0.711317,0.711317,-0.16128,0.0752323,0.236513,31.3549,32.3009,11,11,0,0.660984,0.63175,0.0292336,0,0,0,0
13,610,1,0.703157,0.703157,0.833857,-0.424194,1.25805,35.3354,30.3032,10,12,2,0.520802,0.433835,0.0869664,0,0,0,0
13,610,2,0.253918,0.253918,0.234662,0.785306,0.550644,32.9386,35.1412,9,9,0,0.749736,0.842976,0.09324,0,0,0,0
13,610,3,0.517814,0.517814,0.57754,-0.16128,0.73882,34.3102,31.3549,11,9,-2,0.63175,0.614245,0.0175056,0,0,0,0
13.5,611,1,0.0840597,0.0840597,0.5543,0.833857,0.279558,34.2172,35.3354,12,8,-4,0.433835,0.618408,0.184573,0,0,0,0
13.5,611,2,0.717516,0.717516,-0.308777,0.234662,0.543438,30.7649,32.9386,9,13,4,0.842976,0.608781,0.234195,0,0,0,0
13.5,611,3,0.889495,0.889495,0.533725,0.57754,0.0438151,34.1349,34.3102,9,9,0,0.614245,0.727179,0.112934,0,0,0,0
14,612,1,0.12276,0.12276,0.913756,0.5543,0.359456,35.655,34.2172,8,6,-2,0.618408,0.724166,0.105758,0,0,0,0
14,612,2,0.843982,0.843982,-0.0136003,-0.308777,0.295176,31.9456,30.7649,13,14,1,0.608781,0.406371,0.20241,0,0,0,0
14,612,3,0.403584,0.403584,0.587137,0.533725,0.0534123,34.3485,34.1349,9,10,1,0.727179,0.846675,0.119496,0,0,0,0
14.5,613,1,1.47849,1.47849,0.781446,0.913756,0.13231,35.1258,35.655,6,11,5,0.724166,0.717029,0.0071376,0,0,0,0
14.5,613,2,0.510162,0.510162,0.573582,-0.0136003,0.587182,34.2943,31.9456,14,11,-3,0.406371,0.396544,0.0098272,0,0,0,0
14.5,613,3,0.129311,0.129311,0.960696,0.587137,0.373559,35.8428,34.3485,10,8,-2,0.846675,0.782261,0.0644144,0,0,0,0
15,614,1,0.311263,0.311263,0.779853,0.781446,0.00159305,35.1194,35.1258,11,13,2,0.717029,0.612614,0.104414,0,0,1,0
15,614,2,0.876351,0.876351,-0.269218,0.573582,0.842799,30.9231,34.2943,11,7,-4,0.396544,0.525472,0.128928,0,0,0,0
15,614,3,1.32929,1.32929,0.638406,0.960696,0.32229,34.5536,35.8428,8,10,2,0.782261,0.728158,0.0541024,0,0,0,0
15.5,615,1,0.737868,0.737868,0.818863,0.779853,0.0390102,35.2755,35.1194,13,14,1,0.612614,0.653835,0.0412208,0,0,0,0
15.5,615,2,0.586505,0.586505,0.640044,-0.269218,0.909262,34.5602,30.9231,7,8,1,0.525472,0.437555,0.0879168,0,0,0,0
15.5,615,3,0.584081,0.584081,0.0429297,0.638406,0.595476,32.1717,34.5536,10,8,-2,0.728158,0.76365,0.0354912,0,0,0,0
16,616,1,0.419356,0.419356,0.249482,0.818863,0.569382,32.9979,35.2755,14,14,0,0.653835,0.694909,0.0410736,0,0,0,0
16,616,2,1.26645,1.26645,0.366179,0.640044,0.273865,33.4647,34.5602,8,4,-4,0.437555,0.655346,0.21779,0,0,0,0
16,616,3,0.567729,0.567729,-0.37124,0.0429297,0.41417,30.515,32.1717,8,12,4,0.76365,0.573674,0.189976,0,0,0,0
16.5,617,1,0.433961,0.433961,-0.0875758,0.249482,0.337057,31.6497,32.9979,14,12,-2,0.694909,0.665418,0.0294912,0,0,0,0
16.5,617,2,0.634851,0.634851,0.351684,0.366179,0.014495,33.4067,33.4647,4,7,3,0.655346,0.68953,0.034184,0,0,1,0
16.5,617,3,0.685398,0.685398,0.825957,-0.37124,1.1972,35.3038,30.515,12,11,-1,0.573674,0.492378,0.081296,0,0,0,0
17,618,1,0.03628,0.03628,0.786926,-0.0875758,0.874502,35.1477,31.6497,12,11,-1,0.665418,0.461877,0.203541,0,0,0,0
17,618,2,0.00951046,0.00951046,0.592777,0.351684,0.241093,34.3711,33.4067,7,8,1,0.68953,0.612165,0.0773648,0,1,0,0
17,618,3,0.0551969,0.0551969,0.915323,0.825957,0.089366,35.6613,35.3038,11,11,0,0.492378,0.793317,0.300939,0,0,0,0
17.5,619,1,0.385422,0.385422,-0.126695,0.786926,0.913621,31.4932,35.1477,11,10,-1,0.461877,0.512363,0.0504864,0,0,0,0
17.5,619,2,0.8171,0.8171,-0.426572,0.592777,1.01935,30.2937,34.3711,8,8,0,0.612165,0.538728,0.0734368,0,0,0,0
17.5,619,3,0.698655,0.698655,-0.713983,0.915323,1.62931,29.1441,35.6613,11,12,1,0.793317,0.748446,0.0448704,0,0,0,0
18,620,1,0.277964,0.277964,-0.405434,-0.126695,0.278739,30.3783,31.4932,10,9,-1,0.512363,0.637334,0.124971,0,0,0,0
18,620,2,1.30403,1.30403,-0.718647,-0.426572,0.292075,29.1254,30.2937,8,10,2,0.538728,0.561582,0.0228544,0,0,0,0
18,620,3,0.457501,0.457501,0.973721,-0.713983,1.6877,35.8949,29.1441,12,11,-1,0.748446,0.612766,0.13568,0,0,0,0
18.5,621,1,0.7939,0.7939,0.846203,-0.405434,1.25164,35.3848,30.3783,9,12,3,0.637334,0.493792,0.143542,0,0,0,0
18.5,621,2,0.248281,0.248281,0.771713,-0.718647,1.49036,35.0869,29.1254,10,10,0,0.561582,0.45477,0.106813,0,0,0,0
18.5,621,3,1.50619,1.50619,0.464728,0.973721,0.508993,33.8589,35.8949,11,8,-3,0.612766,0.976187,0.363421,0,0,0,0
19,622,1,1.22675,1.22675,0.557027,0.846203,0.289176,34.2281,35.3848,12,10,-2,0.493792,0.525218,0.0314256,0,0,0,0
19,622,2,0.186468,0.186468,-0.204636,0.771713,0.976349,31.1815,35.0869,10,3,-7,0.45477,0.624053,0.169283,0,0,0,0
19,622,3,0.556021,0.556021,-0.0455524,0.464728,0.51028,31.8178,33.8589,8,17,9,0.976187,0.713702,0.262485,0,0,0,0
19.5,623,1,0.124934,0.124934,0.889517,0.557027,0.33249,35.5581,34.2281,10,11,1,0.525218,0.754272,0.229054,0,0,0,0
19.5,623,2,1.27384,1.27384,0.171427,-0.204636,0.376064,32.6857,31.1815,3,3,0,0.624053,0.616058,0.0079952,0,0,0,0
19.5,623,3,0.6957,0.6957,0.247713,-0.0455524,0.293265,32.9909,31.8178,17,16,-1,0.713702,0.507354,0.206349,0,0,0,0
20,624,1,1.8031,1.8031,-0.896238,0.889517,1.78575,28.415,35.5581,11,7,-4,0.754272,0.692328,0.061944,0,0,0,0
20,624,2,0.307218,0.307218,0.304435,0.171427,0.133007,33.2177,32.6857,3,12,9,0.616058,0.515898,0.10016,0,0,0,0
20,624,3,0.617282,0.617282,0.782978,0.247713,0.535265,35.1319,32.9909,16,11,-5,0.507354,0.53031,0.0229568,0,0,0,0
20.5,625,1,1.60933,1.60933,-0.863263,-0.896238,0.032975,28.5469,28.415,7,13,6,0.692328,0.452454,0.239874,0,0,0,0
20.5,625,2,0.70455,0.70455,0.750354,0.304435,0.445919,35.0014,33.2177,12,9,-3,0.515898,0.528456,0.0125584,0,0,0,0
20.5,625,3,0.892328,0.892328,0.30458,0.782978,0.478398,33.2183,35.1319,11,8,-3,0.53031,0.933525,0.403214,0,0,0,0
21,626,1,1.00226,1.00226,0.563668,-0.863263,1.42693,34.2547,28.5469,13,12,-1,0.452454,0.264784,0.18767,0,0,0,0
21,626,2,0.730323,0.730323,0.952857,0.750354,0.202503,35.8114,35.0014,9,9,0,0.528456,0.717517,0.189061,0,0,0,0
21,626,3,0.815044,0.815044,0.893583,0.30458,0.589003,35.5743,33.2183,8,9,1,0.933525,0.812424,0.121101,0,0,0,0
21.5,627,1,0.0802796,0.0802796,0.830981,0.563668,0.267313,35.3239,34.2547,12,5,-7,0.264784,0.428646,0.163862,0,0,0,0
21.5,627,2,1.69001,1.69001,0.313597,0.952857,0.63926,33.2544,35.8114,9,14,5,0.717517,0.605251,0.112266,0,0,0,0
21.5,627,3,0.425603,0.425603,-0.272201,0.893583,1.16578,30.9112,35.5743,9,11,2,0.812424,0.653331,0.159093,0,0,0,0
22,628,1,0.54872,0.54872,0.857023,0.830981,0.0260421,35.4281,35.3239,5,5,0,0.428646,0.758013,0.329366,0,0,0,0
22,628,2,0.821712,0.821712,-0.28788,0.313597,0.601477,30.8485,33.2544,14,15,1,0.605251,0.53785,0.0674016,0,0,0,0
22,628,3,0.463539,0.463539,0.70236,-0.272201,0.974561,34.8094,30.9112,11,10,-1,0.653331,0.58083,0.0725008,0,0,0,0
22.5,629,1,0.734764,0.734764,0.816262,0.857023,0.0407605,35.265,35.4281,5,12,7,0.758013,0.768086,0.0100736,0,0,0,0
22.5,629,2,0.700152,0.700152,0.692464,-0.28788,0.980344,34.7699,30.8485,15,12,-3,0.53785,0.37839,0.159459,0,0,0,0
22.5,629,3,0.109808,0.109808,-0.802642,0.70236,1.505,28.7894,34.8094,10,6,-4,0.58083,0.749846,0.169016,0,0,0,0
23,630,1,0.415227,0.415227,0.806014,0.816262,0.0102485,35.2241,35.265,12,13,1,0.768086,0.666805,0.101282,0,0,1,0
23,630,2,1.41405,1.41405,0.712804,0.692464,0.0203396,34.8512,34.7699,12,7,-5,0.37839,0.549885,0.171494,0,0,0,0
23,630,3,1.82702,1.82702,0.287046,-0.802642,1.08969,33.1482,28.7894,6,10,4,0.749846,0.48057,0.269277,0,0,0,0
23.5,631,1,0.196862,0.196862,-0.0215391,0.806014,0.827553,31.9138,35.2241,13,14,1,0.666805,0.682674,0.0158688,0,0,0,0
23.5,631,2,1.48242,1.48242,0.857652,0.712804,0.144848,35.4306,34.8512,7,12,5,0.549885,0.544106,0.0057792,0,0,0,0
23.5,631,3,1.6944,1.6944,0.940026,0.287046,0.65298,35.7601,33.1482,10,4,-6,0.48057,0.534574,0.0540048,0,0,0,0
24,632,1,0.68005,0.68005,0.511073,-0.0215391,0.532612,34.0443,31.9138,14,14,0,0.682674,0.478086,0.204587,0,0,0,0
24,632,2,1.10546,1.10546,-0.764559,0.857652,1.62221,28.9418,35.4306,12,8,-4,0.544106,0.572392,0.0282864,0,0,0,0
24,632,3,0.223628,0.223628,0.930668,0.940026,0.00935781,35.7227,35.7601,4,8,4,0.534574,0.796248,0.261674,0,0,1,0
24.5,633,1,0.942007,0.942007,0.0891932,0.511073,0.42188,32.3568,34.0443,14,7,-7,0.478086,0.579283,0.101197,0,0,0,0
24.5,633,2,0.281508,0.281508,0.631512,-0.764559,1.39607,34.526,28.9418,8,16,8,0.572392,0.360886,0.211506,0,0,0,0
24.5,633,3,0.606237,0.606237,0.454121,0.930668,0.476547,33.8165,35.7227,8,7,-1,0.796248,0.918501,0.122253,0,0,0,0
25,634,1,0.805528,0.805528,-0.818672,0.0891932,0.907865,28.7253,32.3568,7,12,5,0.579283,0.550496,0.0287872,0,0,0,0
25,634,2,0.915914,0.915914,0.954597,0.631512,0.323085,35.8184,34.526,16,3,-13,0.360886,0.536762,0.175875,0,0,0,0
25,634,3,0.597911,0.597911,0.180572,0.454121,0.273549,32.7223,33.8165,7,15,8,0.918501,0.695288,0.223213,0,0,0,0
25.5,635,1,1.02282,1.02282,0.342724,-0.818672,1.1614,33.3709,28.7253,12,8,-4,0.550496,0.37607,0.174426,0,0,0,0
25.5,635,2,0.0887222,0.0887222,-0.833528,0.954597,1.78813,28.6659,35.8184,3,9,6,0.536762,0.794586,0.257824,0,0,0,0
25.5,635,3,0.360462,0.360462,-0.52291,0.180572,0.703482,29.9084,32.7223,15,13,-2,0.695288,0.587829,0.107459,0,0,0,0
26,636,1,0.880328,0.880328,0.410592,0.342724,0.0678681,33.6424,33.3709,8,8,0,0.37607,0.713939,0.337869,0,0,0,0
26,636,2,0.721857,0.721857,0.366065,-0.833528,1.19959,33.4643,28.6659,9,7,-2,0.794586,0.561474,0.233112,0,0,0,0
26,636,3,1.21285,1.21285,0.571432,-0.52291,1.09434,34.2857,29.9084,13,15,2,0.587829,0.560037,0.027792,0,0,0,0
26.5,637,1,0.840677,0.840677,-0.621155,0.410592,1.03175,29.5154,33.6424,8,13,5,0.713939,0.658462,0.0554768,0,0,0,0
26.5,637,2,0.142421,0.142421,0.944336,0.366065,0.578272,35.7773,33.4643,7,5,-2,0.561474,0.458264,0.10321,0,0,0,0
26.5,637,3,0.520534,0.520534,0.972881,0.571432,0.401448,35.8915,34.2857,15,12,-3,0.560037,0.702141,0.142104,0,0,0,0
27,638,1,1.41314,1.41314,-0.145951,-0.621155,0.475205,31.4162,29.5154,13,11,-2,0.658462,0.402301,0.256162,0,0,0,0
27,638,2,0.74499,0.74499,0.401892,0.944336,0.542445,33.6076,35.7773,5,9,4,0.458264,0.586405,0.128141,0,0,0,0
27,638,3,0.297151,0.297151,0.224755,0.972881,0.748125,32.899,35.8915,12,10,-2,0.702141,0.794691,0.0925504,0,0,0,0
27.5,639,1,0.0921277,0.0921277,-0.0382697,-0.145951,0.107681,31.8469,31.4162,11,5,-6,0.402301,0.406413,0.004112,0,0,0,0
27.5,639,2,1.6156,1.6156,-0.0542326,0.401892,0.456124,31.7831,33.6076,9,13,4,0.586405,0.566597,0.019808,0,0,0,0
27.5,639,3,1.39565,1.39565,-0.14969,0.224755,0.374446,31.4012,32.899,10,12,2,0.794691,0.733522,0.0611696,0,0,0,0
28,640,1,1.45185,1.45185,-0.0786261,-0.0382697,0.0403565,31.6855,31.8469,5,7,2,0.406413,0.548805,0.142392,0,0,0,0
28,640,2,1.43361,1.43361,0.934176,-0.0542326,0.988409,35.7367,31.7831,13,16,3,0.566597,0.561219,0.0053776,0,0,0,0
28,640,3,0.270526,0.270526,0.0626591,-0.14969,0.212349,32.2506,31.4012,12,7,-5,0.733522,0.654848,0.0786736,0,0,0,0
28.5,641,1,1.43909,1.43909,-0.276603,-0.0786261,0.197977,30.8936,31.6855,7,12,5,0.548805,0.499339,0.0494656,0,0,0,0
28.5,641,2,0.00603402,0.00603402,0.96668,0.934176,0.0325038,35.8667,35.7367,16,5,-11,0.561219,0.654779,0.09356,0,1,0,0
28.5,641,3,1.76967,1.76967,0.176329,0.0626591,0.11367,32.7053,32.2506,7,13,6,0.654848,0.557979,0.0968688,0,0,0,0
29,642,1,0.269584,0.269584,0.817002,-0.276603,1.09361,35.268,30.8936,12,8,-4,0.499339,0.38529,0.11405,0,0,0,0
29,642,2,0.202196,0.202196,-0.924825,0.96668,1.8915,28.3007,35.8667,5,10,5,0.654779,0.669234,0.0144544,0,0,0,0
29,642,3,1.45353,1.45353,0.83262,0.176329,0.656291,35.3305,32.7053,13,12,-1,0.557979,0.712918,0.154939,0,0,0,0
29.5,643,1,0.931552,0.931552,0.83728,0.817002,0.0202778,35.3491,35.268,8,8,0,0.38529,0.623808,0.238518,0,0,0,0
29.5,643,2,1.18546,1.18546,0.658796,-0.924825,1.58362,34.6352,28.3007,10,17,7,0.669234,0.375557,0.293677,0,0,0,0
29.5,643,3,1.41509,1.41509,0.930266,0.83262,0.0976465,35.7211,35.3305,12,5,-7,0.712918,0.979026,0.266107,0,0,0,0
30,644,1,0.653548,0.653548,0.78123,0.83728,0.0560502,35.1249,35.3491,8,10,2,0.623808,0.677819,0.0540112,0,0,0,0
30,644,2,1.18934,1.18934,0.233423,0.658796,0.425373,32.9337,34.6352,17,10,-7,0.375557,0.356643,0.0189136,0,0,0,0
30,644,3,1.19473,1.19473,0.800537,0.930266,0.12973,35.2021,35.7211,5,10,5,0.979026,0.717086,0.261939,0,0,0,0
30.5,645,1,1.00786,1.00786,-0.901984,0.78123,1.68321,28.3921,35.1249,10,14,4,0.677819,0.633094,0.0447248,0,0,0,0
30.5,645,2,1.01439,1.01439,-0.100015,0.233423,0.333438,31.5999,32.9337,10,5,-5,0.356643,0.395211,0.038568,0,0,0,0
30.5,645,3,0.684215,0.684215,-0.382485,0.800537,1.18302,30.4701,35.2021,10,11,1,0.717086,0.693267,0.0238192,0,0,0,0
31,646,1,0.000643075,0.000643075,-0.752622,-0.901984,0.149362,28.9895,28.3921,14,11,-3,0.633094,0.516221,0.116874,0,1,0,0
31,646,2,1.45858,1.45858,-0.495467,-0.100015,0.395452,30.0181,31.5999,5,8,3,0.395211,0.546875,0.151664,0,0,0,0
31,646,3,0.275611,0.275611,-0.274531,-0.382485,0.107954,30.9019,30.4701,11,11,0,0.693267,0.672037,0.0212304,0,0,0,0
31.5,647,1,0.82303,0.82303,0.0273176,-0.752622,0.779939,32.1093,28.9895,11,10,-1,0.516221,0.424389,0.091832,0,0,0,0
31.5,647,2,0.195429,0.195429,-0.322934,-0.495467,0.172534,30.7083,30.0181,8,7,-1,0.546875,0.643682,0.0968064,0,0,0,0
31.5,647,3,0.27391,0.27391,0.0963307,-0.274531,0.370862,32.3853,30.9019,11,13,2,0.672037,0.683232,0.0111952,0,0,0,0
32,648,1,1.07228,1.07228,-0.551186,0.0273176,0.578503,29.7953,32.1093,10,9,-1,0.424389,0.618094,0.193706,0,0,0,0
32,648,2,0.605799,0.605799,0.10686,-0.322934,0.429794,32.4274,30.7083,7,11,4,0.643682,0.457062,0.186619,0,0,0,0
32,648,3,0.813615,0.813615,0.918136,0.0963307,0.821805,35.6725,32.3853,13,10,-3,0.683232,0.765304,0.082072,0,0,0,0
32.5,649,1,0.37341,0.37341,-0.480462,-0.551186,0.0707238,30.0782,29.7953,9,9,0,0.618094,0.487507,0.130587,0,0,0,0
32.5,649,2,0.84171,0.84171,-0.517549,0.10686,0.624409,29.9298,32.4274,11,11,0,0.457062,0.40241,0.0546528,0,0,0,0
32.5,649,3,0.500055,0.500055,-0.2186,0.918136,1.13674,31.1256,35.6725,10,10,0,0.765304,0.93717,0.171866,0,0,0,0
33,650,1,0.688336,0.688336,0.818518,-0.480462,1.29898,35.2741,30.0782,9,6,-3,0.487507,0.488584,0.0010768,0,0,0,0
33,650,2,1.44259,1.44259,-0.754148,-0.517549,0.236599,28.9834,29.9298,11,10,-1,0.40241,0.475634,0.073224,0,0,0,0
33,650,3,0.970294,0.970294,0.756715,-0.2186,0.975315,35.0269,31.1256,10,14,4,0.93717,0.704216,0.232954,0,0,0,0
33.5,651,1,0.594737,0.594737,-0.295557,0.818518,1.11407,30.8178,35.2741,6,7,1,0.488584,0.750256,0.261672,0,0,0,0
33.5,651,2,0.24446,0.24446,0.912493,-0.754148,1.66664,35.65,28.9834,10,9,-1,0.475634,0.284347,0.191286,0,0,0,0
33.5,651,3,0.546293,0.546293,0.691244,0.756715,0.0654705,34.765,35.0269,14,14,0,0.704216,0.706141,0.0019248,0,0,0,0
34,652,1,0.098694,0.098694,-0.689889,-0.295557,0.394331,29.2404,30.8178,7,8,1,0.750256,0.550195,0.200061,0,0,0,0
34,652,2,0.843125,0.843125,0.978172,0.912493,0.0656795,35.9127,35.65,9,8,-1,0.284347,0.503616,0.219269,0,0,0,0
34,652,3,0.0100782,0.0100782,0.778829,0.691244,0.0875849,35.1153,34.765,14,14,0,0.706141,0.72167,0.0155296,0,1,0,0
34.5,653,1,0.343913,0.343913,0.88085,-0.689889,1.57074,35.5234,29.2404,8,9,1,0.550195,0.302411,0.247784,0,0,0,0
34.5,653,2,0.335635,0.335635,0.811682,0.978172,0.16649,35.2467,35.9127,8,8,0,0.503616,0.725818,0.222202,0,0,0,0
34.5,653,3,0.282741,0.282741,-0.580766,0.778829,1.3596,29.6769,35.1153,14,13,-1,0.72167,0.69345,0.0282208,0,0,0,0
35,654,1,1.49881,1.49881,0.793752,0.88085,0.087097,35.175,35.5234,9,8,-1,0.302411,0.614963,0.312552,0,0,0,0
35,654,2,0.796119,0.796119,0.974443,0.811682,0.162761,35.8978,35.2467,8,8,0,0.725818,0.692422,0.0333952,0,0,0,0
35,654,3,0.893054,0.893054,0.435293,-0.580766,1.01606,33.7412,29.6769,13,14,1,0.69345,0.546275,0.147174,0,0,0,0
35.5,655,1,0.343976,0.343976,0.465742,0.793752,0.32801,33.863,35.175,8,9,1,0.614963,0.715541,0.100578,0,0,0,0
35.5,655,2,0.496228,0.496228,0.358952,0.974443,0.615491,33.4358,35.8978,8,12,4,0.692422,0.611414,0.081008,0,0,0,0
35.5,655,3,0.15776,0.15776,0.968457,0.435293,0.533164,35.8738,33.7412,14,9,-5,0.546275,0.540936,0.0053392,0,0,0,0
36,656,1,0.239677,0.239677,0.14536,0.465742,0.320383,32.5814,33.863,9,11,2,0.715541,0.504328,0.211213,0,0,0,0
36,656,2,0.296726,0.296726,0.559262,0.358952,0.200309,34.237,33.4358,12,16,4,0.611414,0.484445,0.12697,0,0,0,0
36,656,3,0.772702,0.772702,0.884379,0.968457,0.0840775,35.5375,35.8738,9,3,-6,0.540936,0.789773,0.248837,0,0,0,0
36.5,657,1,0.26939,0.26939,-0.757224,0.14536,0.902583,28.9711,32.5814,11,12,1,0.504328,0.503048,0.00128,0,0,0,0
36.5,657,2,0.130524,0.130524,-0.0807614,0.559262,0.640023,31.677,34.237,16,7,-9,0.484445,0.520405,0.03596,0,0,0,0
36.5,657,3,0.12949,0.12949,0.86565,0.884379,0.0187292,35.4626,35.5375,3,11,8,0.789773,0.683491,0.106282,0,0,1,0
37,658,1,0.208399,0.208399,0.907988,-0.757224,1.66521,35.632,28.9711,12,9,-3,0.503048,0.385878,0.11717,0,0,0,0
37,658,2,0.754248,0.754248,-0.699925,-0.0807614,0.619164,29.2003,31.677,7,5,-2,0.520405,0.505786,0.0146192,0,0,0,0
37,658,3,0.6942,0.6942,0.21433,0.86565,0.65132,32.8573,35.4626,11,16,5,0.683491,0.826898,0.143406,0,0,0,0
37.5,659,1,0.744306,0.744306,-0.231227,0.907988,1.13921,31.0751,35.632,9,6,-3,0.385878,0.734957,0.349078,0,0,0,0
37.5,659,2,0.380379,0.380379,0.349355,-0.699925,1.04928,33.3974,29.2003,5,5,0,0.505786,0.315211,0.190574,0,0,0,0
37.5,659,3,0.234367,0.234367,0.665965,0.21433,0.451635,34.6639,32.8573,16,19,3,0.826898,0.654147,0.17275,0,0,0,0
38,660,1,0.774376,0.774376,0.363255,-0.231227,0.594482,33.453,31.0751,6,8,2,0.734957,0.676854,0.0581024,0,0,0,0
38,660,2,0.0388436,0.0388436,0.145069,0.349355,0.204286,32.5803,33.3974,5,11,6,0.315211,0.442133,0.126922,0,0,0,0
38,660,3,1.45987,1.45987,0.947979,0.665965,0.282014,35.7919,34.6639,19,11,-8,0.654147,0.677739,0.023592,0,0,0,0
38.5,661,1,0.877169,0.877169,0.971617,0.363255,0.608362,35.8865,33.453,8,10,2,0.676854,0.501146,0.175709,0,0,0,0
38.5,661,2,0.573315,0.573315,0.233387,0.145069,0.088318,32.9335,32.5803,11,10,-1,0.442133,0.456674,0.0145408,0,0,0,0
38.5,661,3,0.81528,0.81528,-0.937441,0.947979,1.88542,28.2502,35.7919,11,10,-1,0.677739,0.82297,0.14523,0,0,0,0
39,662,1,0.316748,0.316748,0.622288,0.971617,0.34933,34.4892,35.8865,10,10,0,0.501146,0.810467,0.309322,0,0,0,0
39,662,2,1.27102,1.27102,0.484473,0.233387,0.251086,33.9379,32.9335,10,7,-3,0.456674,0.463021,0.0063472,0,0,0,0
39,662,3,0.730065,0.730065,0.514844,-0.937441,1.45229,34.0594,28.2502,10,13,3,0.82297,0.594392,0.228578,0,0,0,0
39.5,663,1,0.341177,0.341177,0.756541,0.622288,0.134254,35.0262,34.4892,10,17,7,0.810467,0.648056,0.162411,0,0,0,0
39.5,663,2,0.0290682,0.0290682,0.49698,0.484473,0.0125069,33.9879,33.9379,7,8,1,0.463021,0.462498,0.0005232,0,0,1,0
39.5,663,3,1.59688,1.59688,0.662276,0.514844,0.147432,34.6491,34.0594,13,5,-8,0.594392,0.725955,0.131563,0,0,0,0
40,664,1,0.670487,0.670487,0.924826,0.756541,0.168285,35.6993,35.0262,17,13,-4,0.648056,0.626259,0.0217968,0,0,0,0
40,664,2,0.143448,0.143448,-0.588772,0.49698,1.08575,29.6449,33.9879,8,11,3,0.462498,0.414317,0.0481808,0,0,0,0
40,664,3,1.74676,1.74676,-0.0328175,0.662276,0.695094,31.8687,34.6491,5,6,1,0.725955,0.73825,0.0122944,0,0,0,0
40.5,665,1,0.464915,0.464915,-0.565454,0.924826,1.49028,29.7382,35.6993,13,8,-5,0.626259,0.787397,0.161138,0,0,0,0
40.5,665,2,0.0986545,0.0986545,0.955581,-0.588772,1.54435,35.8223,29.6449,11,11,0,0.414317,0.29609,0.118227,0,0,0,0
40.5,665,3,1.18868,1.18868,-0.111454,-0.0328175,0.0786367,31.5542,31.8687,6,11,5,0.73825,0.745933,0.0076832,0,0,0,0
41,666,1,0.384953,0.384953,0.779473,-0.565454,1.34493,35.1179,29.7382,8,13,5,0.787397,0.584363,0.203034,0,0,0,0
41,666,2,1.35494,1.35494,0.509207,0.955581,0.446374,34.0368,35.8223,11,11,0,0.29609,0.629322,0.333232,0,0,0,0
41,666,3,0.231579,0.231579,0.471722,-0.111454,0.583176,33.8869,31.5542,11,6,-5,0.745933,0.646914,0.0990192,0,0,0,0
41.5,667,1,0.56907,0.56907,-0.341282,0.779473,1.12075,30.6349,35.1179,13,12,-1,0.584363,0.527307,0.057056,0,0,0,0
41.5,667,2,0.361172,0.361172,0.470836,0.509207,0.0383714,33.8833,34.0368,11,11,0,0.629322,0.703298,0.073976,0,0,0,0
41.5,667,3,0.602705,0.602705,0.529331,0.471722,0.057609,34.1173,33.8869,6,7,1,0.646914,0.67075,0.0238368,0,0,0,0
42,668,1,0.917048,0.917048,0.974204,-0.341282,1.31549,35.8968,30.6349,12,9,-3,0.527307,0.563797,0.0364896,0,0,0,0
42,668,2,0.836234,0.836234,0.336316,0.470836,0.13452,33.3453,33.8833,11,11,0,0.703298,0.544192,0.159106,0,0,0,0
42,668,3,1.31569,1.31569,0.86705,0.529331,0.337719,35.4682,34.1173,7,10,3,0.67075,0.748314,0.0775632,0,0,0,0
42.5,669,1,0.991367,0.991367,-0.252762,0.974204,1.22697,30.989,35.8968,9,5,-4,0.563797,0.585499,0.0217024,0,0,0,0
42.5,669,2,0.477684,0.477684,0.91189,0.336316,0.575574,35.6476,33.3453,11,12,1,0.544192,0.445814,0.0983776,0,0,0,0
42.5,669,3,0.119626,0.119626,-0.570864,0.86705,1.43791,29.7165,35.4682,10,13,3,0.748314,0.742365,0.0059488,0,0,0,0
43,670,1,1.15767,1.15767,0.128972,-0.252762,0.381734,32.5159,30.989,5,10,5,0.585499,0.49341,0.0920896,0,0,0,0
43,670,2,0.956486,0.956486,0.0930225,0.91189,0.818867,32.3721,35.6476,12,11,-1,0.445814,0.727358,0.281544,0,0,0,0
43,670,3,0.133965,0.133965,-0.212888,-0.570864,0.357976,31.1484,29.7165,13,9,-4,0.742365,0.654325,0.08804,0,0,0,0
43.5,671,1,0.119462,0.119462,0.918368,0.128972,0.789395,35.6735,32.5159,10,6,-4,0.49341,0.513467,0.0200576,0,0,0,0
43.5,671,2,0.723652,0.723652,0.78515,0.0930225,0.692128,35.1406,32.3721,11,15,4,0.727358,0.665082,0.0622768,0,0,0,0
43.5,671,3,1.20188,1.20188,0.246351,-0.212888,0.459239,32.9854,31.1484,9,9,0,0.654325,0.742712,0.0883872,0,0,0,0
44,672,1,0.530896,0.530896,0.758179,0.918368,0.160189,35.0327,35.6735,6,9,3,0.513467,0.625773,0.112306,0,0,0,0
44,672,2,0.554419,0.554419,0.225422,0.78515,0.559729,32.9017,35.1406,15,16,1,0.665082,0.567982,0.0970992,0,0,0,0
44,672,3,0.153539,0.153539,0.739466,0.246351,0.493115,34.9579,32.9854,9,5,-4,0.742712,0.716837,0.0258752,0,0,0,0
44.5,673,1,0.130521,0.130521,-0.489604,0.758179,1.24778,30.0416,35.0327,9,12,3,0.625773,0.637373,0.0116,0,0,0,0
44.5,673,2,0.336156,0.336156,0.567803,0.225422,0.342381,34.2712,32.9017,16,12,-4,0.567982,0.447883,0.120099,0,0,0,0
44.5,673,3,1.33756,1.33756,0.319306,0.739466,0.42016,33.2772,34.9579,5,6,1,0.716837,0.831267,0.11443,0,0,0,0
45,674,1,1.0885,1.0885,0.697655,-0.489604,1.18726,34.7906,30.0416,12,13,1,0.637373,0.480877,0.156496,0,0,0,0
45,674,2,0.310314,0.310314,0.710418,0.567803,0.142615,34.8417,34.2712,12,9,-3,0.447883,0.544408,0.0965248,0,0,0,0
45,674,3,1.86151,1.86151,0.941682,0.319306,0.622375,35.7667,33.2772,6,8,2,0.831267,0.771134,0.0601328,0,0,0,0
45.5,675,1,0.691797,0.691797,-0.163193,0.697655,0.860849,31.3472,34.7906,13,13,0,0.480877,0.490488,0.0096112,0,0,0,0
45.5,675,2,0.759763,0.759763,0.959557,0.710418,0.249138,35.8382,34.8417,9,11,2,0.544408,0.563315,0.0189072,0,0,0,0
45.5,675,3,0.924319,0.924319,0.250077,0.941682,0.691605,33.0003,35.7667,8,6,-2,0.771134,0.772518,0.001384,0,0,0,0
46,676,1,0.0592656,0.0592656,0.889998,-0.163193,1.05319,35.56,31.3472,13,8,-5,0.490488,0.559842,0.0693536,0,0,0,0
46,676,2,0.558014,0.558014,0.773982,0.959557,0.185575,35.0959,35.8382,11,10,-1,0.563315,0.604747,0.041432,0,0,0,0
46,676,3,0.454958,0.454958,-0.152994,0.250077,0.403071,31.388,33.0003,6,12,6,0.772518,0.63713,0.135389,0,0,0,0
46.5,677,1,0.0728563,0.0728563,0.954604,0.889998,0.0646054,35.8184,35.56,8,7,-1,0.559842,0.648541,0.0886992,0,0,0,0
46.5,677,2,0.0808914,0.0808914,-0.581177,0.773982,1.35516,29.6753,35.0959,10,13,3,0.604747,0.590824,0.0139232,0,0,0,0
46.5,677,3,1.07808,1.07808,0.743203,-0.152994,0.896197,34.9728,31.388,12,10,-2,0.63713,0.606218,0.030912,0,0,0,0
47,678,1,0.212149,0.212149,0.745669,0.954604,0.208935,34.9827,35.8184,7,11,4,0.648541,0.769056,0.120515,0,0,0,0
47,678,2,0.413391,0.413391,0.984002,-0.581177,1.56518,35.936,29.6753,13,12,-1,0.590824,0.392965,0.197859,0,0,0,0
47,678,3,0.0722818,0.0722818,0.0262347,0.743203,0.716968,32.1049,34.9728,10,7,-3,0.606218,0.677144,0.0709264,0,0,0,0
47.5,679,1,1.6376,1.6376,0.642961,0.745669,0.102708,34.5718,34.9827,11,12,1,0.769056,0.606386,0.16267,0,0,0,0
47.5,679,2,0.242708,0.242708,0.577316,0.984002,0.406686,34.3093,35.936,12,6,-6,0.392965,0.531493,0.138528,0,0,0,0
47.5,679,3,0.107692,0.107692,-0.73941,0.0262347,0.765644,29.0424,32.1049,7,12,5,0.677144,0.618414,0.0587296,0,0,0,0
48,680,1,1.38934,1.38934,0.331639,0.642961,0.311322,33.3266,34.5718,12,8,-4,0.606386,0.735381,0.128995,0,0,0,0
48,680,2,0.0323843,0.0323843,0.0246814,0.577316,0.552635,32.0987,34.3093,6,8,2,0.531493,0.701192,0.169699,0,0,0,0
48,680,3,0.0231971,0.0231971,-0.282167,-0.73941,0.457242,30.8713,29.0424,12,14,2,0.618414,0.491949,0.126466,0,0,0,0
48.5,681,1,1.3246,1.3246,0.958972,0.331639,0.627333,35.8359,33.3266,8,10,2,0.735381,0.754867,0.0194864,0,0,0,0
48.5,681,2,0.766368,0.766368,0.463678,0.0246814,0.438996,33.8547,32.0987,8,10,2,0.701192,0.649328,0.051864,0,0,0,0
48.5,681,3,1.34013,1.34013,0.273421,-0.282167,0.555589,33.0937,30.8713,14,10,-4,0.491949,0.530118,0.0381696,0,0,0,0
49,682,1,1.73405,1.73405,0.133894,0.958972,0.825079,32.5356,35.8359,10,11,1,0.754867,0.666334,0.0885328,0,0,0,0
49,682,2,0.0633029,0.0633029,-0.743344,0.463678,1.20702,29.0266,33.8547,10,11,1,0.649328,0.526536,0.122792,0,0,0,0
49,682,3,1.49559,1.49559,-0.220029,0.273421,0.49345,31.1199,33.0937,10,8,-2,0.530118,0.636789,0.10667,0,0,0,0
49.5,683,1,0.11085,0.11085,0.987088,0.133894,0.853194,35.9484,32.5356,11,17,6,0.666334,0.577194,0.0891408,0,0,0,0
49.5,683,2,1.57118,1.57118,-0.754607,-0.743344,0.0112625,28.9816,29.0266,11,6,-5,0.526536,0.425958,0.100578,0,0,1,0
49.5,683,3,1.36589,1.36589,-0.689583,-0.220029,0.469554,29.2417,31.1199,8,7,-1,0.636789,0.68059,0.0438016,0,0,0,0
50,684,1,0.816414,0.816414,0.847559,0.987088,0.139529,35.3902,35.9484,17,10,-7,0.577194,0.844986,0.267792,0,0,0,0
50,684,2,0.791301,0.791301,0.243716,-0.754607,0.998322,32.9749,28.9816,6,4,-2,0.425958,0.307699,0.118259,0,0,0,0
50,684,3,0.0447915,0.0447915,0.58436,-0.689583,1.27394,34.3374,29.2417,7,16,9,0.68059,0.611243,0.0693472,0,0,0,0
50.5,685,1,1.0017,1.0017,0.914092,0.847559,0.066533,35.6564,35.3902,10,12,2,0.844986,0.779698,0.065288,0,0,0,0
50.5,685,2,0.726226,0.726226,0.954961,0.243716,0.711245,35.8198,32.9749,4,10,6,0.307699,0.328739,0.02104,0,0,0,0
50.5,685,3,0.18544,0.18544,0.939347,0.58436,0.354987,35.7574,34.3374,16,8,-8,0.611243,0.837304,0.226061,0,0,0,0
51,686,1,0.41671,0.41671,0.0967816,0.914092,0.817311,32.3871,35.6564,12,13,1,0.779698,0.573344,0.206354,0,0,0,0
51,686,2,1.03463,1.03463,-0.217049,0.954961,1.17201,31.1318,35.8198,10,9,-1,0.328739,0.524728,0.195989,0,0,0,0
51,686,3,0.378703,0.378703,0.76684,0.939347,0.172507,35.0674,35.7574,8,8,0,0.837304,0.732771,0.104533,0,0,0,0
51.5,687,1,0.299345,0.299345,-0.613017,0.0967816,0.709799,29.5479,32.3871,13,11,-2,0.573344,0.513016,0.060328,0,0,0,0
51.5,687,2,0.0465217,0.0465217,-0.246908,-0.217049,0.0298588,31.0124,31.1318,9,12,3,0.524728,0.449814,0.0749136,0,0,0,0
51.5,687,3,1.76071,1.76071,0.579017,0.76684,0.187823,34.3161,35.0674,8,7,-1,0.732771,0.95,0.217229,0,0,0,0
52,688,1,1.6842,1.6842,0.904601,-0.613017,1.51762,35.6184,29.5479,11,12,1,0.513016,0.454219,0.0587968,0,0,0,0
52,688,2,0.31707,0.31707,-0.570671,-0.246908,0.323763,29.7173,31.0124,12,9,-3,0.449814,0.465693,0.0158784,0,0,0,0
52,688,3,1.63913,1.63913,0.919143,0.579017,0.340127,35.6766,34.3161,7,9,2,0.95,0.976315,0.0263152,0,0,0,0
52.5,689,1,0.0181859,0.0181859,0.824508,0.904601,0.0800925,35.298,35.6184,12,9,-3,0.454219,0.555413,0.101194,0,1,0,0
52.5,689,2,0.847681,0.847681,0.296022,-0.570671,0.866692,33.1841,29.7173,9,9,0,0.465693,0.33519,0.130502,0,0,0,0
52.5,689,3,1.06644,1.06644,-0.893386,0.919143,1.81253,28.4265,35.6766,9,12,3,0.976315,0.949917,0.0263984,0,0,0,0
53,690,1,1.09097,1.09097,0.498864,0.824508,0.325645,33.9955,35.298,9,12,3,0.555413,0.732901,0.177488,0,0,0,0
53,690,2,0.809126,0.809126,-0.367422,0.296022,0.663444,30.5303,33.1841,9,8,-1,0.33519,0.48575,0.15056,0,0,0,0
53,690,3,0.973963,0.973963,0.702393,-0.893386,1.59578,34.8096,28.4265,12,10,-2,0.949917,0.655506,0.294411,0,0,0,0
53.5,691,1,0.548012,0.548012,0.503126,0.498864,0.00426269,34.0125,33.9955,12,13,1,0.732901,0.666035,0.0668656,0,0,1,0
53.5,691,2,0.915447,0.915447,0.771123,-0.367422,1.13855,35.0845,30.5303,8,7,-1,0.48575,0.48959,0.00384,0,0,0,0
53.5,691,3,1.36001,1.36001,0.803769,0.702393,0.101376,35.2151,34.8096,10,10,0,0.655506,0.738853,0.0833472,0,0,0,0
54,692,1,0.647413,0.647413,0.391253,0.503126,0.111874,33.565,34.0125,13,14,1,0.666035,0.521099,0.144936,0,0,0,0
54,692,2,0.446661,0.446661,0.854481,0.771123,0.0833577,35.4179,35.0845,7,11,4,0.48959,0.524904,0.0353136,0,0,0,0
54,692,3,0.0304403,0.0304403,0.861852,0.803769,0.0580837,35.4474,35.2151,10,5,-5,0.738853,0.891637,0.152784,0,0,0,0
54.5,693,1,0.787896,0.787896,0.515178,0.391253,0.123925,34.0607,33.565,14,12,-2,0.521099,0.468366,0.0527328,0,0,0,0
54.5,693,2,0.436664,0.436664,-0.512275,0.854481,1.36676,29.9509,35.4179,11,7,-4,0.524904,0.665614,0.14071,0,0,0,0
54.5,693,3,0.180426,0.180426,0.897717,0.861852,0.0358641,35.5909,35.4474,5,11,6,0.891637,0.730149,0.161488,0,0,0,0
55,694,1,0.821384,0.821384,0.660233,0.515178,0.145055,34.6409,34.0607,12,10,-2,0.468366,0.566877,0.0985104,0,0,0,0
55,694,2,0.78632,0.78632,0.927976,-0.512275,1.44025,35.7119,29.9509,7,5,-2,0.665614,0.410464,0.25515,0,0,0,0
55,694,3,0.339363,0.339363,0.763973,0.897717,0.133743,35.0559,35.5909,11,15,4,0.730149,0.770746,0.0405968,0,0,0,0
55.5,695,1,0.229643,0.229643,-0.762484,0.660233,1.42272,28.9501,34.6409,10,11,1,0.566877,0.535253,0.031624,0,0,0,0
55.5,695,2,0.55673,0.55673,0.697525,0.927976,0.230452,34.7901,35.7119,5,4,-1,0.410464,0.538706,0.128242,0,0,0,0
55.5,695,3,1.82026,1.82026,0.881861,0.763973,0.117888,35.5274,35.0559,15,15,0,0.770746,0.735016,0.0357296,0,0,0,0
56,696,1,0.592242,0.592242,0.124434,-0.762484,0.886918,32.4977,28.9501,11,9,-2,0.535253,0.379248,0.156005,0,0,0,0
56,696,2,1.43203,1.43203,0.929552,0.697525,0.232027,35.7182,34.7901,4,4,0,0.538706,0.740493,0.201787,0,0,0,0
56,696,3,0.554206,0.554206,-0.821495,0.881861,1.70336,28.714,35.5274,15,16,1,0.735016,0.82139,0.0863744,0,0,0,0
56.5,697,1,1.39069,1.39069,0.231427,0.124434,0.106994,32.9257,32.4977,9,7,-2,0.379248,0.43876,0.059512,0,0,0,0
56.5,697,2,0.123016,0.123016,0.336376,0.929552,0.593176,33.3455,35.7182,4,13,9,0.740493,0.828971,0.0884784,0,0,0,0
56.5,697,3,0.581793,0.581793,0.493722,-0.821495,1.31522,33.9749,28.714,16,10,-6,0.82139,0.699163,0.122227,0,0,0,0
57,698,1,0.417582,0.417582,0.123859,0.231427,0.107568,32.4954,32.9257,7,10,3,0.43876,0.465994,0.0272336,0,0,0,0
57,698,2,1.58243,1.58243,0.517186,0.336376,0.18081,34.0687,33.3455,13,12,-1,0.828971,0.706877,0.122094,0,0,0,0
57,698,3,1.76047,1.76047,0.907859,0.493722,0.414137,35.6314,33.9749,10,8,-2,0.699163,0.741802,0.0426384,0,0,0,0
57.5,699,1,0.0280064,0.0280064,-0.0549165,0.123859,0.178776,31.7803,32.4954,10,10,0,0.465994,0.464792,0.0012016,0,0,0,0
57.5,699,2,1.22963,1.22963,0.899798,0.517186,0.382612,35.5992,34.0687,12,10,-2,0.706877,0.5742,0.132677,0,0,0,0
57.5,699,3,0.399204,0.399204,-0.012736,0.907859,0.920595,31.9491,35.6314,8,10,2,0.741802,0.889026,0.147224,0,0,0,0
58,700,1,0.584992,0.584992,0.823625,-0.0549165,0.878541,35.2945,31.7803,10,8,-2,0.464792,0.440638,0.0241536,0,0,0,0
58,700,2,0.433805,0.433805,0.528833,0.899798,0.370965,34.1153,35.5992,10,11,1,0.5742,0.789632,0.215432,0,0,0,0
58,700,3,0.255895,0.255895,-0.17236,-0.012736,0.159624,31.3106,31.9491,10,11,1,0.889026,0.673584,0.215442,0,0,0,0
58.5,701,1,0.811417,0.811417,0.514506,0.823625,0.309119,34.058,35.2945,8,9,1,0.440638,0.648766,0.208128,0,0,0,0
58.5,701,2,0.0360398,0.0360398,0.948179,0.528833,0.419345,35.7927,34.1153,11,10,-1,0.789632,0.751251,0.0383808,0,0,0,0
58.5,701,3,0.219127,0.219127,0.395716,-0.17236,0.568076,33.5829,31.3106,11,11,0,0.673584,0.546222,0.127362,0,0,0,0
1,703,1,-1,-1,0.689175,0.689175,-1,34.7567,34.7567,11,11,0,0,0,0,0,0,0,0
1,703,2,-1,-1,0.969687,0.969687,-1,35.8787,35.8787,10,10,0,0,0,0,0,0,0,0
1,703,3,-1,-1,0.324241,0.324241,-1,33.297,33.297,9,9,0,0,0,0,0,0,0,0
1.5,704,1,1.0273,1.0273,0.978976,0.689175,0.289801,35.9159,34.7567,11,11,0,0,0.559994,0.559994,0,0,0,0
1.5,704,2,1.04986,1.04986,0.559922,0.969687,0.409765,34.2397,35.8787,10,10,0,0,0.710886,0.710886,0,0,0,0
1.5,704,3,0.881526,0.881526,-0.549121,0.324241,0.873362,29.8035,33.297,9,9,0,0,0.766886,0.766886,0,0,0,0
2,705,1,1.30301,1.30301,0.890076,0.978976,0.0889,35.5603,35.9159,11,10,-1,0.559994,0.769899,0.209906,0,0,0,0
2,705,2,0.296082,0.296082,-0.706304,0.559922,1.26623,29.1748,34.2397,10,6,-4,0.710886,0.661214,0.049672,0,0,0,0
2,705,3,0.115478,0.115478,0.704489,-0.549121,1.25361,34.818,29.8035,9,14,5,0.766886,0.593365,0.173522,0,0,0,0
2.5,706,1,1.58547,1.58547,0.913694,0.890076,0.0236177,35.6548,35.5603,10,12,2,0.769899,0.857616,0.0877168,0,0,0,0
2.5,706,2,1.15632,1.15632,0.618015,-0.706304,1.32432,34.4721,29.1748,6,13,7,0.661214,0.473947,0.187267,0,0,0,0
2.5,706,3,0.486074,0.486074,-0.231046,0.704489,0.935535,31.0758,34.818,14,5,-9,0.593365,0.88699,0.293626,0,0,0,0
3,707,1,0.915667,0.915667,0.662322,0.913694,0.251372,34.6493,35.6548,12,12,0,0.857616,0.727886,0.12973,0,0,0,0
3,707,2,0.133735,0.133735,0.0698184,0.618015,0.548197,32.2793,34.4721,13,10,-3,0.473947,0.650354,0.176406,0,0,0,0
3,707,3,0.226413,0.226413,0.862127,-0.231046,1.09317,35.4485,31.0758,5,8,3,0.88699,0.731158,0.155832,0,0,0,0
3.5,708,1,0.677453,0.677453,0.966145,0.662322,0.303823,35.8646,34.6493,12,16,4,0.727886,0.595603,0.132283,0,0,0,0
3.5,708,2,0.472027,0.472027,-0.13856,0.0698184,0.208378,31.4458,32.2793,10,6,-4,0.650354,0.616909,0.0334448,0,0,0,0
3.5,708,3,0.256134,0.256134,0.011886,0.862127,0.850241,32.0475,35.4485,8,8,0,0.731158,0.764421,0.0332624,0,0,0,0
4,709,1,0.171015,0.171015,0.080476,0.966145,0.885669,32.3219,35.8646,16,14,-2,0.595603,0.710099,0.114496,0,0,0,0
4,709,2,0.454086,0.454086,-0.328982,-0.13856,0.190422,30.6841,31.4458,6,5,-1,0.616909,0.47944,0.137469,0,0,0,0
4,709,3,0.040174,0.040174,0.524235,0.011886,0.512349,34.0969,32.0475,8,11,3,0.764421,0.662246,0.102174,0,0,0,0
4.5,710,1,1.54854,1.54854,-0.635277,0.080476,0.715753,29.4589,32.3219,14,14,0,0.710099,0.665894,0.0442048,0,0,0,0
4.5,710,2,1.06622,1.06622,0.76843,-0.328982,1.09741,35.0737,30.6841,5,6,1,0.47944,0.448539,0.0309008,0,0,0,0
4.5,710,3,0.712087,0.712087,-0.205775,0.524235,0.73001,31.1769,34.0969,11,10,-1,0.662246,0.792184,0.129938,0,0,0,0
5,711,1,0.145091,0.145091,0.303266,-0.635277,0.938543,33.2131,29.4589,14,10,-4,0.665894,0.423798,0.242096,0,0,0,0
5,711,2,0.0494812,0.0494812,0.881243,0.76843,0.112812,35.525,35.0737,6,7,1,0.448539,0.669589,0.22105,0,0,0,0
5,711,3,0.267286,0.267286,0.882538,-0.205775,1.08831,35.5302,31.1769,10,13,3,0.792184,0.666219,0.125965,0,0,0,0
5.5,712,1,1.35232,1.35232,0.539484,0.303266,0.236218,34.1579,33.2131,10,10,0,0.423798,0.3686,0.0551984,0,0,0,0
5.5,712,2,1.7914,1.7914,-0.251261,0.881243,1.1325,30.995,35.525,7,6,-1,0.669589,0.979904,0.310315,0,0,0,0
5.5,712,3,0.773727,0.773727,0.718279,0.882538,0.164259,34.8731,35.5302,13,14,1,0.666219,0.598155,0.068064,0,0,0,0
6,713,1,0.124579,0.124579,0.895705,0.539484,0.356222,35.5828,34.1579,10,8,-2,0.3686,0.63809,0.26949,0,0,0,0
6,713,2,0.943798,0.943798,-0.749537,-0.251261,0.498277,29.0019,30.995,6,7,1,0.979904,0.549024,0.43088,0,0,0,0
6,713,3,0.622188,0.622188,0.60829,0.718279,0.109989,34.4332,34.8731,14,15,1,0.598155,0.73003,0.131875,0,0,0,0
6.5,714,1,1.27478,1.27478,0.514375,0.895705,0.381331,34.0575,35.5828,8,6,-2,0.63809,0.757717,0.119627,0,0,0,0
6.5,714,2,0.850645,0.850645,-0.0596753,-0.749537,0.689862,31.7613,29.0019,7,10,3,0.549024,0.385243,0.163781,0,0,0,0
6.5,714,3,0.133727,0.133727,0.677234,0.60829,0.0689433,34.7089,34.4332,15,14,-1,0.73003,0.789688,0.0596576,0,0,0,0
7,715,1,0.083274,0.083274,0.235252,0.514375,0.279123,32.941,34.0575,6,13,7,0.757717,0.667016,0.0907008,0,0,0,0
7,715,2,0.464807,0.464807,0.740567,-0.0596753,0.800242,34.9623,31.7613,10,4,-6,0.385243,0.504891,0.119648,0,0,0,0
7,715,3,0.767704,0.767704,0.371725,0.677234,0.305509,33.4869,34.7089,14,13,-1,0.789688,0.742138,0.0475504,0,0,0,0
7.5,716,1,0.88781,0.88781,0.704385,0.235252,0.469133,34.8175,32.941,13,17,4,0.667016,0.508181,0.158835,0,0,0,0
7.5,716,2,1.06742,1.06742,0.224621,0.740567,0.515946,32.8985,34.9623,4,2,-2,0.504891,0.793584,0.288693,0,0,0,0
7.5,716,3,0.840199,0.840199,0.887716,0.371725,0.515991,35.5509,33.4869,13,11,-2,0.742138,0.736702,0.0054352,0,0,0,0
8,717,1,0.24997,0.24997,0.871143,0.704385,0.166759,35.4846,34.8175,17,14,-3,0.508181,0.54984,0.0416592,0,0,0,0
8,717,2,0.173485,0.173485,0.286637,0.224621,0.0620158,33.1465,32.8985,2,5,3,0.793584,0.629245,0.164339,0,0,0,0
8,717,3,1.02327,1.02327,-0.429907,0.887716,1.31762,30.2804,35.5509,11,11,0,0.736702,0.839595,0.102893,0,0,0,0
8.5,718,1,0.0919395,0.0919395,0.0478322,0.871143,0.823311,32.1913,35.4846,14,10,-4,0.54984,0.811482,0.261642,0,0,0,0
8.5,718,2,1.01322,1.01322,0.621271,0.286637,0.334634,34.4851,33.1465,5,11,6,0.629245,0.492722,0.136523,0,0,0,0
8.5,718,3,0.451366,0.451366,0.893775,-0.429907,1.32368,35.5751,30.2804,11,9,-2,0.839595,0.705891,0.133704,0,0,0,0
9,719,1,0.919335,0.919335,-0.434117,0.0478322,0.481949,30.2635,32.1913,10,10,0,0.811482,0.613806,0.197675,0,0,0,0
9,719,2,0.136039,0.136039,-0.576077,0.621271,1.19735,29.6957,34.4851,11,11,0,0.492722,0.558077,0.0653552,0,0,0,0
9,719,3,0.534226,0.534226,0.703073,0.893775,0.190702,34.8123,35.5751,9,9,0,0.705891,0.75301,0.0471184,0,0,0,0
9.5,720,1,0.660313,0.660313,-0.0435923,-0.434117,0.390525,31.8256,30.2635,10,6,-4,0.613806,0.43929,0.174517,0,0,0,0
9.5,720,2,0.279825,0.279825,0.885278,-0.576077,1.46135,35.5411,29.6957,11,11,0,0.558077,0.523533,0.034544,0,0,0,0
9.5,720,3,1.10897,1.10897,-0.312895,0.703073,1.01597,30.7484,34.8123,9,13,4,0.75301,0.83105,0.07804,0,0,0,0
10,721,1,0.245584,0.245584,0.671709,-0.0435923,0.715301,34.6868,31.8256,6,11,5,0.43929,0.480946,0.041656,0,0,0,0
10,721,2,1.50562,1.50562,-0.120729,0.885278,1.00601,31.5171,35.5411,11,8,-3,0.523533,0.782722,0.259189,0,0,0,0
10,721,3,0.459302,0.459302,0.907128,-0.312895,1.22002,35.6285,30.7484,13,11,-2,0.83105,0.712645,0.118405,0,0,0,0
10.5,722,1,0.263704,0.263704,0.597204,0.671709,0.0745047,34.3888,34.6868,11,10,-1,0.480946,0.572968,0.0920224,0,0,0,0
10.5,722,2,0.411881,0.411881,0.870535,-0.120729,0.991263,35.4821,31.5171,8,8,0,0.782722,0.61833,0.164392,0,0,0,0
10.5,722,3,0.0259612,0.0259612,0.015468,0.907128,0.89166,32.0619,35.6285,11,12,1,0.712645,0.706547,0.0060976,0,0,0,0
11,723,1,0.804718,0.804718,0.697634,0.597204,0.10043,34.7905,34.3888,10,9,-1,0.572968,0.640554,0.0675856,0,0,0,0
11,723,2,1.0953,1.0953,-0.526576,0.870535,1.39711,29.8937,35.4821,8,9,1,0.61833,0.621562,0.003232,0,0,0,0
11,723,3,0.837049,0.837049,0.0281121,0.015468,0.0126441,32.1124,32.0619,12,12,0,0.706547,0.667826,0.0387216,0,0,1,0
11.5,724,1,1.03522,1.03522,0.955091,0.697634,0.257457,35.8204,34.7905,9,9,0,0.640554,0.745104,0.10455,0,0,0,0
11.5,724,2,1.54458,1.54458,0.442885,-0.526576,0.969461,33.7715,29.8937,9,9,0,0.621562,0.536754,0.084808,0,0,0,0
11.5,724,3,0.751791,0.751791,0.405495,0.0281121,0.377383,33.622,32.1124,12,12,0,0.667826,0.564262,0.103563,0,0,0,0
12,725,1,1.58762,1.58762,0.884346,0.955091,0.0707447,35.5374,35.8204,9,15,6,0.745104,0.664381,0.0807232,0,0,0,0
12,725,2,1.02858,1.02858,0.650468,0.442885,0.207583,34.6019,33.7715,9,4,-5,0.536754,0.577963,0.0412096,0,0,0,0
12,725,3,1.21577,1.21577,-0.265424,0.405495,0.670919,30.9383,33.622,12,11,-1,0.564262,0.598546,0.0342832,0,0,0,0
12.5,726,1,0.0167158,0.0167158,0.143244,0.884346,0.741102,32.573,35.5374,15,13,-2,0.664381,0.722128,0.0577472,0,1,0,0
12.5,726,2,0.477655,0.477655,0.996081,0.650468,0.345613,35.9843,34.6019,4,10,6,0.577963,0.654354,0.0763904,0,0,0,0
12.5,726,3,1.37916,1.37916,0.260155,-0.265424,0.525579,33.0406,30.9383,11,7,-4,0.598546,0.546229,0.0523168,0,0,0,0
13,727,1,0.118801,0.118801,0.772306,0.143244,0.629062,35.0892,32.573,13,13,0,0.722128,0.550027,0.172101,0,0,0,0
13,727,2,0.914095,0.914095,0.788158,0.996081,0.207923,35.1526,35.9843,10,7,-3,0.654354,0.776952,0.122598,0,0,0,0
13,727,3,1.47136,1.47136,0.855427,0.260155,0.595273,35.4217,33.0406,7,10,3,0.546229,0.567026,0.0207968,0,0,0,0
13.5,728,1,1.45014,1.45014,0.953277,0.772306,0.180971,35.8131,35.0892,13,14,1,0.550027,0.479907,0.07012,0,0,0,0
13.5,728,2,0.165506,0.165506,0.684212,0.788158,0.103946,34.7368,35.1526,7,11,4,0.776952,0.697533,0.0794192,0,0,0,0
13.5,728,3,1.07459,1.07459,0.139006,0.855427,0.716421,32.556,35.4217,10,5,-5,0.567026,0.70528,0.138254,0,0,0,0
14,729,1,0.322964,0.322964,-0.0400367,0.953277,0.993314,31.8399,35.8131,14,13,-1,0.479907,0.665414,0.185507,0,0,0,0
14,729,2,0.203346,0.203346,-0.347051,0.684212,1.03126,30.6118,34.7368,11,8,-3,0.697533,0.579118,0.118414,0,0,0,0
14,729,3,1.39463,1.39463,0.96036,0.139006,0.821354,35.8414,32.556,5,9,4,0.70528,0.625581,0.0796992,0,0,0,0
14.5,730,1,0.729511,0.729511,0.803883,-0.0400367,0.84392,35.2155,31.8399,13,13,0,0.665414,0.533045,0.13237,0,0,0,0
14.5,730,2,0.38691,0.38691,0.822592,-0.347051,1.16964,35.2904,30.6118,8,9,1,0.579118,0.464282,0.114837,0,0,0,0
14.5,730,3,0.0978324,0.0978324,0.76499,0.96036,0.19537,35.06,35.8414,9,8,-1,0.625581,0.866307,0.240726,0,0,0,0
15,731,1,0.413013,0.413013,0.484623,0.803883,0.31926,33.9385,35.2155,13,8,-5,0.533045,0.537688,0.0046432,0,0,0,0
15,731,2,1.6937,1.6937,0.969238,0.822592,0.146646,35.877,35.2904,9,5,-4,0.464282,0.679872,0.21559,0,0,0,0
15,731,3,0.496704,0.496704,0.745492,0.76499,0.019498,34.982,35.06,8,17,9,0.866307,0.689058,0.17725,0,0,1,0
15.5,732,1,0.032472,0.032472,0.202099,0.484623,0.282524,32.8084,33.9385,8,8,0,0.537688,0.543285,0.0055968,0,0,0,0
15.5,732,2,1.54397,1.54397,0.86957,0.969238,0.0996675,35.4783,35.877,5,5,0,0.679872,0.81169,0.131818,0,0,0,0
15.5,732,3,0.401709,0.401709,0.891458,0.745492,0.145967,35.5658,34.982,17,17,0,0.689058,0.57868,0.110378,0,0,0,0
16,733,1,0.854023,0.854023,0.943805,0.202099,0.741706,35.7752,32.8084,8,9,1,0.543285,0.42969,0.113595,0,0,0,0
16,733,2,0.259752,0.259752,0.857323,0.86957,0.0122469,35.4293,35.4783,5,10,5,0.81169,0.759926,0.0517632,0,0,1,0
16,733,3,0.309184,0.309184,0.969415,0.891458,0.0779568,35.8777,35.5658,17,11,-6,0.57868,0.67204,0.09336,0,0,0,0
16.5,734,1,0.0675807,0.0675807,0.473922,0.943805,0.469884,33.8957,35.7752,9,7,-2,0.42969,0.533686,0.103997,0,0,0,0
16.5,734,2,0.893548,0.893548,-0.539493,0.857323,1.39682,29.842,35.4293,10,11,1,0.759926,0.698645,0.0612816,0,0,0,0
16.5,734,3,0.294771,0.294771,0.563802,0.969415,0.405614,34.2552,35.8777,11,12,1,0.67204,0.615437,0.0566032,0,0,0,0
17,735,1,0.273845,0.273845,0.602937,0.473922,0.129015,34.4117,33.8957,7,10,3,0.533686,0.635387,0.101701,0,0,0,0
17,735,2,0.847677,0.847677,-0.476144,-0.539493,0.063349,30.0954,29.842,11,8,-3,0.698645,0.457074,0.241571,0,0,0,0
17,735,3,0.393176,0.393176,0.738333,0.563802,0.174532,34.9533,34.2552,12,12,0,0.615437,0.771899,0.156462,0,0,0,0
17.5,736,1,0.513861,0.513861,0.932272,0.602937,0.329335,35.7291,34.4117,10,12,2,0.635387,0.692354,0.0569664,0,0,0,0
17.5,736,2,0.220467,0.220467,0.767056,-0.476144,1.2432,35.0682,30.0954,8,7,-1,0.457074,0.352406,0.104667,0,0,0,0
17.5,736,3,0.119293,0.119293,0.721995,0.738333,0.0163387,34.888,34.9533,12,11,-1,0.771899,0.821442,0.0495424,0,0,1,0
18,737,1,1.5519,1.5519,0.539825,0.932272,0.392447,34.1593,35.7291,12,12,0,0.692354,0.656862,0.0354912,0,0,0,0
18,737,2,0.211235,0.211235,0.779827,0.767056,0.0127705,35.1193,35.0682,7,7,0,0.352406,0.590846,0.23844,0,0,1,0
18,737,3,1.32419,1.32419,-0.0482172,0.721995,0.770212,31.8071,34.888,11,11,0,0.821442,0.658101,0.163341,0,0,0,0
18.5,738,1,1.00209,1.00209,-0.0916664,0.539825,0.631491,31.6333,34.1593,12,12,0,0.656862,0.614195,0.0426672,0,0,0,0
18.5,738,2,1.20576,1.20576,0.860958,0.779827,0.081131,35.4438,35.1193,7,7,0,0.590846,0.75648,0.165634,0,0,0,0
18.5,738,3,1.56598,1.56598,-0.0436501,-0.0482172,0.00456708,31.8254,31.8071,11,11,0,0.658101,0.570704,0.0873968,0,0,1,0
19,739,1,0.963178,0.963178,-0.592558,-0.0916664,0.500891,29.6298,31.6333,12,9,-3,0.614195,0.540157,0.0740384,0,0,0,0
19,739,2,1.15906,1.15906,-0.0606588,0.860958,0.921616,31.7574,35.4438,7,15,8,0.75648,0.721458,0.0350224,0,0,0,0
19,739,3,1.03026,1.03026,-0.596339,-0.0436501,0.552689,29.6146,31.8254,11,6,-5,0.570704,0.629,0.058296,0,0,0,0
19.5,740,1,0.106021,0.106021,0.982914,-0.592558,1.57547,35.9317,29.6298,9,14,5,0.540157,0.475174,0.0649824,0,0,0,0
19.5,740,2,0.774858,0.774858,0.623249,-0.0606588,0.683908,34.493,31.7574,15,7,-8,0.721458,0.708157,0.0133008,0,0,0,0
19.5,740,3,0.744362,0.744362,-0.664545,-0.596339,0.0682064,29.3418,29.6146,6,9,3,0.629,0.632498,0.0034976,0,0,0,0
20,741,1,0.772869,0.772869,0.859382,0.982914,0.123532,35.4375,35.9317,14,6,-8,0.475174,0.722643,0.247469,0,0,0,0
20,741,2,0.206695,0.206695,0.860399,0.623249,0.23715,35.4416,34.493,7,16,9,0.708157,0.589789,0.118368,0,0,0,0
20,741,3,0.181107,0.181107,0.158596,-0.664545,0.823141,32.6344,29.3418,9,8,-1,0.632498,0.561952,0.0705456,0,0,0,0
20.5,742,1,0.2892,0.2892,0.0871385,0.859382,0.772244,32.3486,35.4375,6,11,5,0.722643,0.70063,0.0220128,0,0,0,0
20.5,742,2,0.272083,0.272083,-0.605583,0.860399,1.46598,29.5777,35.4416,16,12,-4,0.589789,0.632941,0.043152,0,0,0,0
20.5,742,3,1.24212,1.24212,0.25061,0.158596,0.0920143,33.0024,32.6344,8,7,-1,0.561952,0.471499,0.0904528,0,0,0,0
21,743,1,0.969804,0.969804,0.873058,0.0871385,0.785919,35.4922,32.3486,11,12,1,0.70063,0.595698,0.104933,0,0,0,0
21,743,2,0.958955,0.958955,0.052971,-0.605583,0.658554,32.2119,29.5777,12,11,-1,0.632941,0.45057,0.182371,0,0,0,0
21,743,3,0.301442,0.301442,0.96204,0.25061,0.71143,35.8482,33.0024,7,7,0,0.471499,0.823179,0.35168,0,0,0,0
21.5,744,1,0.713568,0.713568,0.749943,0.873058,0.123115,34.9998,35.4922,12,11,-1,0.595698,0.653267,0.0575696,0,0,0,0
21.5,744,2,1.49588,1.49588,0.920884,0.052971,0.867913,35.6835,32.2119,11,8,-3,0.45057,0.342048,0.108522,0,0,0,0
21.5,744,3,0.54929,0.54929,-0.887944,0.96204,1.84998,28.4482,35.8482,7,11,4,0.823179,0.771517,0.0516624,0,0,0,0
22,745,1,0.844613,0.844613,0.594364,0.749943,0.155579,34.3775,34.9998,11,11,0,0.653267,0.657104,0.0038368,0,0,0,0
22,745,2,0.672877,0.672877,0.735617,0.920884,0.185267,34.9425,35.6835,8,8,0,0.342048,0.690605,0.348557,0,0,0,0
22,745,3,1.22126,1.22126,0.987498,-0.887944,1.87544,35.95,28.4482,11,11,0,0.771517,0.47791,0.293606,0,0,0,0
22.5,746,1,1.16079,1.16079,0.984429,0.594364,0.390065,35.9377,34.3775,11,14,3,0.657104,0.57533,0.0817744,0,0,0,0
22.5,746,2,0.681131,0.681131,0.696166,0.735617,0.0394515,34.7847,34.9425,8,12,4,0.690605,0.560322,0.130283,0,0,0,0
22.5,746,3,0.854236,0.854236,0.700866,0.987498,0.286631,34.8035,35.95,11,4,-7,0.47791,0.644253,0.166342,0,0,0,0
23,747,1,0.950415,0.950415,0.339035,0.984429,0.645394,33.3561,35.9377,14,9,-5,0.57533,0.602765,0.0274352,0,0,0,0
23,747,2,0.312528,0.312528,-0.294521,0.696166,0.990687,30.8219,34.7847,12,10,-2,0.560322,0.505922,0.0544,0,0,0,0
23,747,3,1.26715,1.26715,0.106764,0.700866,0.594103,32.4271,34.8035,4,11,7,0.644253,0.684101,0.039848,0,0,0,0
23.5,748,1,0.235685,0.235685,0.0445542,0.339035,0.294481,32.1782,33.3561,9,12,3,0.602765,0.690136,0.0873712,0,0,0,0
23.5,748,2,1.00341,1.00341,0.216357,-0.294521,0.510878,32.8654,30.8219,10,10,0,0.505922,0.445294,0.0606272,0,0,0,0
23.5,748,3,0.442084,0.442084,0.868415,0.106764,0.761651,35.4737,32.4271,11,8,-3,0.684101,0.729902,0.0458016,0,0,0,0
24,749,1,0.0858834,0.0858834,-0.0706843,0.0445542,0.115239,31.7173,32.1782,12,9,-3,0.690136,0.580738,0.109398,0,0,0,0
24,749,2,0.782029,0.782029,0.858623,0.216357,0.642266,35.4345,32.8654,10,11,1,0.445294,0.392323,0.0529712,0,0,0,0
24,749,3,0.0318482,0.0318482,-0.588735,0.868415,1.45715,29.6451,35.4737,8,10,2,0.729902,0.832056,0.102154,0,0,0,0
24.5,750,1,0.294335,0.294335,-0.515373,-0.0706843,0.444688,29.9385,31.7173,9,8,-1,0.580738,0.511795,0.0689424,0,0,0,0
24.5,750,2,0.279345,0.279345,0.316969,0.858623,0.541654,33.2679,35.4345,11,8,-3,0.392323,0.796077,0.403754,0,0,0,0
24.5,750,3,0.487839,0.487839,0.431566,-0.588735,1.0203,33.7263,29.6451,10,14,4,0.832056,0.576883,0.255173,0,0,0,0
25,751,1,0.472702,0.472702,-0.0906116,-0.515373,0.424761,31.6376,29.9385,8,8,0,0.511795,0.437414,0.0743808,0,0,0,0
25,751,2,0.612849,0.612849,0.922817,0.316969,0.605849,35.6913,33.2679,8,9,1,0.796077,0.682114,0.113963,0,0,0,0
25,751,3,0.0914599,0.0914599,0.284648,0.431566,0.146918,33.1386,33.7263,14,13,-1,0.576883,0.685539,0.108656,0,0,0,0
25.5,752,1,0.964704,0.964704,0.825298,-0.0906116,0.915909,35.3012,31.6376,8,7,-1,0.437414,0.454256,0.0168416,0,0,0,0
25.5,752,2,1.07414,1.07414,0.580365,0.922817,0.342452,34.3215,35.6913,9,15,6,0.682114,0.597144,0.0849696,0,0,0,0
25.5,752,3,0.384008,0.384008,0.522758,0.284648,0.23811,34.091,33.1386,13,8,-5,0.685539,0.710976,0.0254368,0,0,0,0
26,753,1,1.2163,1.2163,0.28103,0.825298,0.544267,33.1241,35.3012,7,4,-3,0.454256,0.63097,0.176714,0,0,0,0
26,753,2,0.0533177,0.0533177,0.84004,0.580365,0.259675,35.3602,34.3215,15,15,0,0.597144,0.559398,0.0377456,0,0,0,0
26,753,3,0.116994,0.116994,0.880194,0.522758,0.357436,35.5208,34.091,8,11,3,0.710976,0.572747,0.138229,0,0,0,0
26.5,754,1,1.58681,1.58681,0.776909,0.28103,0.495879,35.1076,33.1241,4,10,6,0.63097,0.625387,0.0055824,0,0,0,0
26.5,754,2,0.21841,0.21841,0.3301,0.84004,0.50994,33.3204,35.3602,15,6,-9,0.559398,0.557706,0.0016928,0,0,0,0
26.5,754,3,0.00799984,0.00799984,0.979527,0.880194,0.0993336,35.9181,35.5208,11,14,3,0.572747,0.558419,0.014328,0,1,0,0
27,755,1,0.569436,0.569436,0.673481,0.776909,0.103428,34.6939,35.1076,10,8,-2,0.625387,0.620755,0.004632,0,0,0,0
27,755,2,1.57451,1.57451,0.0862715,0.3301,0.243829,32.3451,33.3204,6,6,0,0.557706,0.5036,0.0541056,0,0,0,0
27,755,3,1.27024,1.27024,0.976767,0.979527,0.00276005,35.9071,35.9181,14,16,2,0.558419,0.592539,0.03412,0,0,1,0
27.5,756,1,0.460582,0.460582,0.257532,0.673481,0.415948,33.0301,34.6939,8,10,2,0.620755,0.577824,0.0429312,0,0,0,0
27.5,756,2,1.33837,1.33837,0.450691,0.0862715,0.364419,33.8028,32.3451,6,6,0,0.5036,0.383326,0.120274,0,0,0,0
27.5,756,3,0.162419,0.162419,0.171124,0.976767,0.805643,32.6845,35.9071,16,14,-2,0.592539,0.75035,0.157811,0,0,0,0
28,757,1,0.95627,0.95627,-0.213258,0.257532,0.47079,31.147,33.0301,10,12,2,0.577824,0.576661,0.0011632,0,0,0,0
28,757,2,0.605597,0.605597,-0.529651,0.450691,0.980341,29.8814,33.8028,6,9,3,0.383326,0.51815,0.134824,0,0,0,0
28,757,3,1.62055,1.62055,0.337654,0.171124,0.166529,33.3506,32.6845,14,9,-5,0.75035,0.660526,0.089824,0,0,0,0
28.5,758,1,0.978498,0.978498,0.590699,-0.213258,0.803957,34.3628,31.147,12,13,1,0.576661,0.558043,0.0186176,0,0,0,0
28.5,758,2,0.708109,0.708109,0.918927,-0.529651,1.44858,35.6757,29.8814,9,11,2,0.51815,0.414701,0.10345,0,0,0,0
28.5,758,3,0.178412,0.178412,-0.56278,0.337654,0.900434,29.7489,33.3506,9,6,-3,0.660526,0.87904,0.218514,0,0,0,0
29,759,1,0.569557,0.569557,-0.313792,0.590699,0.904491,30.7448,34.3628,13,11,-2,0.558043,0.666374,0.108331,0,0,0,0
29,759,2,0.482719,0.482719,0.773601,0.918927,0.145326,35.0944,35.6757,11,10,-1,0.414701,0.583594,0.168893,0,0,0,0
29,759,3,0.867597,0.867597,0.815539,-0.56278,1.37832,35.2622,29.7489,6,9,3,0.87904,0.67623,0.20281,0,0,0,0
29.5,760,1,0.397528,0.397528,0.959369,-0.313792,1.27316,35.8375,30.7448,11,10,-1,0.666374,0.488515,0.177859,0,0,0,0
29.5,760,2,0.536382,0.536382,0.510656,0.773601,0.262945,34.0426,35.0944,10,10,0,0.583594,0.720125,0.136531,0,0,0,0
29.5,760,3,0.280598,0.280598,-0.00574272,0.815539,0.821282,31.977,35.2622,9,10,1,0.67623,0.657022,0.019208,0,0,0,0
30,761,1,0.0863412,0.0863412,0.924757,0.959369,0.0346119,35.699,35.8375,10,10,0,0.488515,0.624454,0.135939,0,0,0,0
30,761,2,0.27341,0.27341,0.27463,0.510656,0.236026,33.0985,34.0426,10,12,2,0.720125,0.591803,0.128322,0,0,0,0
30,761,3,0.0774478,0.0774478,0.390674,-0.00574272,0.396417,33.5627,31.977,10,8,-2,0.657022,0.67311,0.016088,0,0,0,0
30.5,762,1,0.494663,0.494663,0.932345,0.924757,0.00758815,35.7294,35.699,10,10,0,0.624454,0.734822,0.110368,0,0,1,0
30.5,762,2,0.080215,0.080215,0.798191,0.27463,0.523561,35.1928,33.0985,12,12,0,0.591803,0.486622,0.105181,0,0,0,0
30.5,762,3,0.370944,0.370944,-0.816947,0.390674,1.20762,28.7322,33.5627,8,8,0,0.67311,0.611742,0.061368,0,0,0,0
31,763,1,0.0526533,0.0526533,0.7952,0.932345,0.137144,35.1808,35.7294,10,11,1,0.734822,0.753454,0.018632,0,0,0,0
31,763,2,0.136685,0.136685,0.416862,0.798191,0.381328,33.6674,35.1928,12,11,-1,0.486622,0.588685,0.102062,0,0,0,0
31,763,3,0.15804,0.15804,0.959703,-0.816947,1.77665,35.8388,28.7322,8,8,0,0.611742,0.543272,0.0684704,0,0,0,0
31.5,764,1,1.00256,1.00256,0.284908,0.7952,0.510292,33.1396,35.1808,11,10,-1,0.753454,0.683646,0.069808,0,0,0,0
31.5,764,2,0.429583,0.429583,-0.226697,0.416862,0.64356,31.0932,33.6674,11,12,1,0.588685,0.494026,0.0946592,0,0,0,0
31.5,764,3,1.06167,1.06167,-0.331282,0.959703,1.29098,30.6749,35.8388,8,8,0,0.543272,0.715931,0.172659,0,0,0,0
32,765,1,1.22344,1.22344,0.896809,0.284908,0.611901,35.5872,33.1396,10,10,0,0.683646,0.668746,0.0149008,0,0,0,0
32,765,2,0.82829,0.82829,-0.309917,-0.226697,0.0832201,30.7603,31.0932,12,12,0,0.494026,0.44377,0.050256,0,0,0,0
32,765,3,1.32438,1.32438,0.464855,-0.331282,0.796136,33.8594,30.6749,8,8,0,0.715931,0.702056,0.0138752,0,0,0,0
32.5,766,1,0.0344328,0.0344328,0.257381,0.896809,0.639427,33.0295,35.5872,10,15,5,0.668746,0.775008,0.106262,0,0,0,0
32.5,766,2,0.99872,0.99872,0.95014,-0.309917,1.26006,35.8006,30.7603,12,10,-2,0.44377,0.349629,0.0941408,0,0,0,0
32.5,766,3,0.719265,0.719265,0.924776,0.464855,0.459921,35.6991,33.8594,8,5,-3,0.702056,0.684269,0.0177872,0,0,0,0
33,767,1,0.00958216,0.00958216,-0.528382,0.257381,0.785763,29.8865,33.0295,15,9,-6,0.775008,0.633677,0.141331,0,1,0,0
33,767,2,0.17543,0.17543,0.983808,0.95014,0.0336686,35.9352,35.8006,10,10,0,0.349629,0.456021,0.106392,0,0,0,0
33,767,3,0.451646,0.451646,0.0504529,0.924776,0.874323,32.2018,35.6991,5,11,6,0.684269,0.639878,0.0443904,0,0,0,0
33.5,768,1,1.09576,1.09576,0.946575,-0.528382,1.47496,35.7863,29.8865,9,6,-3,0.633677,0.424334,0.209342,0,0,0,0
33.5,768,2,0.0968861,0.0968861,-0.240744,0.983808,1.22455,31.037,35.9352,10,11,1,0.456021,0.697277,0.241256,0,0,0,0
33.5,768,3,0.603213,0.603213,0.542869,0.0504529,0.492416,34.1715,32.2018,11,13,2,0.639878,0.592669,0.0472096,0,0,0,0
34,769,1,0.710626,0.710626,0.736434,0.946575,0.210141,34.9457,35.7863,6,6,0,0.424334,0.664549,0.240214,0,0,0,0
34,769,2,0.645003,0.645003,0.552235,-0.240744,0.79298,34.2089,31.037,11,12,1,0.697277,0.47583,0.221446,0,0,0,0
34,769,3,1.58139,1.58139,0.40431,0.542869,0.138559,33.6172,34.1715,13,12,-1,0.592669,0.644179,0.0515104,0,0,0,0
34.5,770,1,0.473023,0.473023,0.893502,0.736434,0.157068,35.574,34.9457,6,7,1,0.664549,0.660435,0.0041136,0,0,0,0
34.5,770,2,1.20505,1.20505,-0.437157,0.552235,0.989392,30.2514,34.2089,12,10,-2,0.47583,0.448506,0.0273248,0,0,0,0
34.5,770,3,0.12024,0.12024,0.895828,0.40431,0.491518,35.5833,33.6172,12,13,1,0.644179,0.737016,0.0928368,0,0,0,0
35,771,1,0.511376,0.511376,0.829676,0.893502,0.0638266,35.3187,35.574,7,8,1,0.660435,0.625411,0.035024,0,0,0,0
35,771,2,1.2246,1.2246,0.888557,-0.437157,1.32571,35.5542,30.2514,10,11,1,0.448506,0.377091,0.0714144,0,0,0,0
35,771,3,0.306591,0.306591,0.196767,0.895828,0.699061,32.7871,35.5833,13,11,-2,0.737016,0.616422,0.120594,0,0,0,0
35.5,772,1,0.434311,0.434311,0.897496,0.829676,0.0678203,35.59,35.3187,8,9,1,0.625411,0.655512,0.0301008,0,0,0,0
35.5,772,2,0.181556,0.181556,0.0100743,0.888557,0.878483,32.0403,35.5542,11,8,-3,0.377091,0.441472,0.0643808,0,0,0,0
35.5,772,3,1.49515,1.49515,-0.919053,0.196767,1.11582,28.3238,32.7871,11,13,2,0.616422,0.606534,0.009888,0,0,0,0
36,773,1,0.882156,0.882156,0.846707,0.897496,0.0507897,35.3868,35.59,9,16,7,0.655512,0.81505,0.159538,0,0,0,0
36,773,2,0.997381,0.997381,0.605586,0.0100743,0.595512,34.4223,32.0403,8,11,3,0.441472,0.556962,0.11549,0,0,0,0
36,773,3,1.27244,1.27244,0.818674,-0.919053,1.73773,35.2747,28.3238,13,3,-10,0.606534,0.547122,0.0594128,0,0,0,0
36.5,774,1,0.866754,0.866754,0.072145,0.846707,0.774562,32.2886,35.3868,16,11,-5,0.81505,0.700872,0.114178,0,0,0,0
36.5,774,2,0.363423,0.363423,-0.666064,0.605586,1.27165,29.3357,34.4223,11,12,1,0.556962,0.460509,0.0964528,0,0,0,0
36.5,774,3,0.888691,0.888691,0.890146,0.818674,0.0714726,35.5606,35.2747,3,7,4,0.547122,0.753968,0.206846,0,0,0,0
37,775,1,0.48124,0.48124,0.435781,0.072145,0.363636,33.7431,32.2886,11,18,7,0.700872,0.504955,0.195917,0,0,0,0
37,775,2,0.474901,0.474901,0.102782,-0.666064,0.768846,32.4111,29.3357,12,9,-3,0.460509,0.311939,0.14857,0,0,0,0
37,775,3,0.0769211,0.0769211,0.929099,0.890146,0.0389527,35.7164,35.5606,7,3,-4,0.753968,0.936842,0.182874,0,0,0,0
37.5,776,1,0.245418,0.245418,0.871869,0.435781,0.436088,35.4875,33.7431,18,11,-7,0.504955,0.601146,0.0961904,0,0,0,0
37.5,776,2,1.01717,1.01717,0.876672,0.102782,0.77389,35.5067,32.4111,9,4,-5,0.311939,0.32089,0.0089504,0,0,0,0
37.5,776,3,1.08565,1.08565,0.174756,0.929099,0.754343,32.699,35.7164,3,15,12,0.936842,0.759051,0.17779,0,0,0,0
38,777,1,0.222079,0.222079,0.335286,0.871869,0.536583,33.3411,35.4875,11,9,-2,0.601146,0.615691,0.0145456,0,0,0,0
38,777,2,0.680085,0.680085,-0.127962,0.876672,1.00463,31.4882,35.5067,4,6,2,0.32089,0.530485,0.209595,0,0,0,0
38,777,3,1.28762,1.28762,0.197378,0.174756,0.0226217,32.7895,32.699,15,15,0,0.759051,0.653603,0.105448,0,0,0,0
38.5,778,1,0.022041,0.022041,0.514912,0.335286,0.179626,34.0596,33.3411,9,11,2,0.615691,0.630536,0.0148448,0,0,0,0
38.5,778,2,0.836586,0.836586,-0.0351261,-0.127962,0.0928359,31.8595,31.4882,6,12,6,0.530485,0.469757,0.060728,0,0,0,0
38.5,778,3,1.17535,1.17535,0.655869,0.197378,0.458491,34.6235,32.7895,15,7,-8,0.653603,0.668811,0.015208,0,0,0,0
39,779,1,0.161063,0.161063,0.94915,0.514912,0.434238,35.7966,34.0596,11,11,0,0.630536,0.552098,0.0784384,0,0,0,0
39,779,2,1.59799,1.59799,0.368136,-0.0351261,0.403262,33.4725,31.8595,12,11,-1,0.469757,0.328363,0.141394,0,0,0,0
39,779,3,0.0232477,0.0232477,0.882713,0.655869,0.226844,35.5309,34.6235,7,8,1,0.668811,0.732742,0.0639312,0,0,0,0
39.5,780,1,0.339376,0.339376,0.979589,0.94915,0.0304387,35.9184,35.7966,11,12,1,0.552098,0.538037,0.0140608,0,0,0,0
39.5,780,2,1.44314,1.44314,0.787874,0.368136,0.419738,35.1515,33.4725,11,9,-2,0.328363,0.345397,0.0170336,0,0,0,0
39.5,780,3,0.017602,0.017602,0.339639,0.882713,0.543074,33.3586,35.5309,8,9,1,0.732742,0.767117,0.0343744,0,1,0,0
40,781,1,0.304487,0.304487,-0.274233,0.979589,1.25382,30.9031,35.9184,12,11,-1,0.538037,0.543526,0.0054896,0,0,0,0
40,781,2,0.216176,0.216176,0.98816,0.787874,0.200287,35.9526,35.1515,9,10,1,0.345397,0.519395,0.173998,0,0,0,0
40,781,3,1.13716,1.13716,-0.103441,0.339639,0.44308,31.5862,33.3586,9,9,0,0.767117,0.748789,0.018328,0,0,0,0
40.5,782,1,0.950939,0.950939,0.675748,-0.274233,0.949982,34.703,30.9031,11,12,1,0.543526,0.463712,0.0798144,0,0,0,0
40.5,782,2,1.73587,1.73587,0.633323,0.98816,0.354837,34.5333,35.9526,10,11,1,0.519395,0.796803,0.277408,0,0,0,0
40.5,782,3,0.796538,0.796538,-0.101326,-0.103441,0.00211455,31.5947,31.5862,9,7,-2,0.748789,0.58881,0.159979,0,0,1,0
41,783,1,1.31946,1.31946,0.465448,0.675748,0.2103,33.8618,34.703,12,10,-2,0.463712,0.531573,0.0678608,0,0,0,0
41,783,2,0.0586407,0.0586407,-0.604443,0.633323,1.23777,29.5822,34.5333,11,12,1,0.796803,0.651456,0.145347,0,0,0,0
41,783,3,1.42868,1.42868,0.311518,-0.101326,0.412844,33.2461,31.5947,7,8,1,0.58881,0.615376,0.0265664,0,0,0,0
41.5,784,1,0.661913,0.661913,0.854219,0.465448,0.388771,35.4169,33.8618,10,12,2,0.531573,0.62363,0.0920576,0,0,0,0
41.5,784,2,0.657051,0.657051,0.818634,-0.604443,1.42308,35.2745,29.5822,12,12,0,0.651456,0.38171,0.269746,0,0,0,0
41.5,784,3,0.27452,0.27452,0.537488,0.311518,0.225969,34.15,33.2461,8,6,-2,0.615376,0.845408,0.230032,0,0,0,0
42,785,1,0.584141,0.584141,0.864021,0.854219,0.00980157,35.4561,35.4169,12,10,-2,0.62363,0.611592,0.0120384,0,0,1,0
42,785,2,0.916193,0.916193,0.974097,0.818634,0.155463,35.8964,35.2745,12,12,0,0.38171,0.446835,0.0651248,0,0,0,0
42,785,3,0.316646,0.316646,0.36244,0.537488,0.175047,33.4498,34.15,6,8,2,0.845408,0.812341,0.0330672,0,0,0,0
42.5,786,1,0.0440334,0.0440334,-0.612895,0.864021,1.47692,29.5484,35.4561,10,11,1,0.611592,0.589186,0.0224064,0,0,0,0
42.5,786,2,1.32014,1.32014,0.818231,0.974097,0.155866,35.2729,35.8964,12,11,-1,0.446835,0.61675,0.169915,0,0,0,0
42.5,786,3,0.412826,0.412826,0.912566,0.36244,0.550125,35.6503,33.4498,8,8,0,0.812341,0.647059,0.165282,0,0,0,0
43,787,1,0.380744,0.380744,-0.142118,-0.612895,0.470777,31.4315,29.5484,11,12,1,0.589186,0.418613,0.170573,0,0,0,0
43,787,2,0.288957,0.288957,0.244371,0.818231,0.57386,32.9775,35.2729,11,8,-3,0.61675,0.630251,0.0135008,0,0,0,0
43,787,3,0.944741,0.944741,0.0372448,0.912566,0.875321,32.149,35.6503,8,10,2,0.647059,0.79881,0.15175,0,0,0,0
43.5,788,1,1.1404,1.1404,0.402732,-0.142118,0.54485,33.6109,31.4315,12,9,-3,0.418613,0.431978,0.0133648,0,0,0,0
43.5,788,2,1.09441,1.09441,0.287363,0.244371,0.0429921,33.1495,32.9775,8,12,4,0.630251,0.54391,0.0863408,0,0,0,0
43.5,788,3,0.0701574,0.0701574,0.923205,0.0372448,0.88596,35.6928,32.149,10,9,-1,0.79881,0.798405,0.0004048,0,0,0,0
44,789,1,0.483758,0.483758,0.835866,0.402732,0.433135,35.3435,33.6109,9,7,-2,0.431978,0.522035,0.0900576,0,0,0,0
44,789,2,0.497892,0.497892,0.978954,0.287363,0.691591,35.9158,33.1495,12,14,2,0.54391,0.479533,0.0643776,0,0,0,0
44,789,3,0.301015,0.301015,0.548933,0.923205,0.374272,34.1957,35.6928,9,9,0,0.798405,0.728317,0.070088,0,0,0,0
44.5,790,1,1.33537,1.33537,-0.446793,0.835866,1.28266,30.2128,35.3435,7,10,3,0.522035,0.532717,0.0106816,0,0,0,0
44.5,790,2,0.086637,0.086637,0.885277,0.978954,0.0936772,35.5411,35.9158,14,11,-3,0.479533,0.521726,0.0421936,0,0,0,0
44.5,790,3,0.489687,0.489687,-0.105621,0.548933,0.654554,31.5775,34.1957,9,9,0,0.728317,0.69531,0.0330064,0,0,0,0
45,791,1,0.318784,0.318784,0.919392,-0.446793,1.36619,35.6776,30.2128,10,10,0,0.532717,0.487571,0.0451456,0,0,0,0
45,791,2,0.301182,0.301182,0.586136,0.885277,0.299141,34.3445,35.5411,11,11,0,0.521726,0.773504,0.251778,0,0,0,0
45,791,3,1.16107,1.16107,0.907014,-0.105621,1.01264,35.6281,31.5775,9,9,0,0.69531,0.615957,0.0793536,0,0,0,0
45.5,792,1,0.0821559,0.0821559,0.722977,0.919392,0.196416,34.8919,35.6776,10,10,0,0.487571,0.495523,0.007952,0,0,0,0
45.5,792,2,0.103316,0.103316,0.931098,0.586136,0.344962,35.7244,34.3445,11,11,0,0.773504,0.616763,0.156741,0,0,0,0
45.5,792,3,0.15206,0.15206,-0.0355627,0.907014,0.942577,31.8577,35.6281,9,9,0,0.615957,0.78036,0.164403,0,0,0,0
46,793,1,0.0924477,0.0924477,0.645341,0.722977,0.0776362,34.5814,34.8919,10,11,1,0.495523,0.52096,0.0254368,0,0,0,0
46,793,2,0.104166,0.104166,0.4542,0.931098,0.476897,33.8168,35.7244,11,11,0,0.616763,0.608771,0.007992,0,0,0,0
46,793,3,0.111273,0.111273,0.485675,-0.0355627,0.521238,33.9427,31.8577,9,8,-1,0.78036,0.73251,0.0478496,0,0,0,0
46.5,794,1,1.35049,1.35049,0.410134,0.645341,0.235206,33.6405,34.5814,11,14,3,0.52096,0.525875,0.0049152,0,0,0,0
46.5,794,2,0.797024,0.797024,0.513015,0.4542,0.0588149,34.0521,33.8168,11,11,0,0.608771,0.59451,0.0142608,0,0,0,0
46.5,794,3,0.517983,0.517983,0.651199,0.485675,0.165524,34.6048,33.9427,8,5,-3,0.73251,0.863896,0.131386,0,0,0,0
47,795,1,0.155988,0.155988,-0.812009,0.410134,1.22214,28.752,33.6405,14,14,0,0.525875,0.517176,0.0086992,0,0,0,0
47,795,2,0.0218933,0.0218933,0.771141,0.513015,0.258126,35.0846,34.0521,11,11,0,0.59451,0.57388,0.0206304,0,0,0,0
47,795,3,1.23053,1.23053,0.931141,0.651199,0.279942,35.7246,34.6048,5,5,0,0.863896,0.688512,0.175384,0,0,0,0
47.5,796,1,0.0733395,0.0733395,0.985978,-0.812009,1.79799,35.9439,28.752,14,10,-4,0.517176,0.372906,0.14427,0,0,0,0
47.5,796,2,0.10133,0.10133,0.267024,0.771141,0.504118,33.0681,35.0846,11,10,-1,0.57388,0.627901,0.0540208,0,0,0,0
47.5,796,3,0.366934,0.366934,0.809105,0.931141,0.122036,35.2364,35.7246,5,10,5,0.688512,0.805322,0.11681,0,0,0,0
48,797,1,1.23852,1.23852,0.94215,0.985978,0.043828,35.7686,35.9439,10,6,-4,0.372906,0.459693,0.0867872,0,0,0,0
48,797,2,0.592097,0.592097,-0.329444,0.267024,0.596468,30.6822,33.0681,10,9,-1,0.627901,0.505227,0.122674,0,0,0,0
48,797,3,0.641061,0.641061,0.680004,0.809105,0.129101,34.72,35.2364,10,15,5,0.805322,0.645504,0.159818,0,0,0,0
48.5,798,1,0.391537,0.391537,0.956664,0.94215,0.0145141,35.8267,35.7686,6,8,2,0.459693,0.718067,0.258374,0,0,1,0
48.5,798,2,0.72326,0.72326,0.0339782,-0.329444,0.363423,32.1359,30.6822,9,10,1,0.505227,0.292624,0.212603,0,0,0,0
48.5,798,3,0.454267,0.454267,-0.189449,0.680004,0.869453,31.2422,34.72,15,12,-3,0.645504,0.632429,0.0130752,0,0,0,0
49,799,1,0.328934,0.328934,0.792137,0.956664,0.164527,35.1685,35.8267,8,11,3,0.718067,0.731994,0.0139264,0,0,0,0
49,799,2,0.285311,0.285311,-0.224296,0.0339782,0.258274,31.1028,32.1359,10,10,0,0.292624,0.355126,0.0625024,0,0,0,0
49,799,3,0.719826,0.719826,0.925842,-0.189449,1.11529,35.7034,31.2422,12,9,-3,0.632429,0.63156,0.0008688,0,0,0,0
49.5,800,1,0.940866,0.940866,0.74173,0.792137,0.0504071,34.9669,35.1685,11,14,3,0.731994,0.64357,0.088424,0,0,0,0
49.5,800,2,0.763592,0.763592,0.713751,-0.224296,0.938047,34.855,31.1028,10,4,-6,0.355126,0.35019,0.004936,0,0,0,0
49.5,800,3,0.693588,0.693588,0.129802,0.925842,0.79604,32.5192,35.7034,9,12,3,0.63156,0.689846,0.0582864,0,0,0,0
50,801,1,0.351362,0.351362,0.798665,0.74173,0.056935,35.1947,34.9669,14,14,0,0.64357,0.574963,0.0686064,0,0,0,0
50,801,2,0.631731,0.631731,0.695203,0.713751,0.0185475,34.7808,34.855,4,6,2,0.35019,0.488856,0.138666,0,0,1,0
50,801,3,0.157127,0.157127,0.935614,0.129802,0.805812,35.7425,32.5192,12,10,-2,0.689846,0.705947,0.0161008,0,0,0,0
50.5,802,1,0.740304,0.740304,0.819211,0.798665,0.0205466,35.2768,35.1947,14,13,-1,0.574963,0.55953,0.0154336,0,0,0,0
50.5,802,2,0.07387,0.07387,0.839437,0.695203,0.144234,35.3577,34.7808,6,9,3,0.488856,0.552707,0.0638512,0,0,0,0
50.5,802,3,1.37026,1.37026,0.216283,0.935614,0.719331,32.8651,35.7425,10,8,-2,0.705947,0.767814,0.0618672,0,0,0,0
51,803,1,0.611351,0.611351,0.68724,0.819211,0.131971,34.749,35.2768,13,12,-1,0.55953,0.553614,0.0059152,0,0,0,0
51,803,2,0.251401,0.251401,-0.843909,0.839437,1.68335,28.6244,35.3577,9,10,1,0.552707,0.586907,0.0342,0,0,0,0
51,803,3,0.00946587,0.00946587,0.0637667,0.216283,0.152516,32.2551,32.8651,8,8,0,0.767814,0.814258,0.0464432,0,1,0,0
51.5,804,1,0.567965,0.567965,-0.140545,0.68724,0.827785,31.4378,34.749,12,12,0,0.553614,0.647482,0.0938672,0,0,0,0
51.5,804,2,0.0724084,0.0724084,0.426163,-0.843909,1.27007,33.7047,28.6244,10,11,1,0.586907,0.391021,0.195886,0,0,0,0
51.5,804,3,1.69625,1.69625,0.557194,0.0637667,0.493427,34.2288,32.2551,8,7,-1,0.814258,0.707878,0.106379,0,0,0,0
52,805,1,0.0250347,0.0250347,0.392437,-0.140545,0.532982,33.5697,31.4378,12,14,2,0.647482,0.537891,0.10959,0,0,0,0
52,805,2,0.365216,0.365216,0.595359,0.426163,0.169196,34.3814,33.7047,11,9,-2,0.391021,0.436674,0.0456528,0,0,0,0
52,805,3,0.54135,0.54135,0.878826,0.557194,0.321632,35.5153,34.2288,7,7,0,0.707878,0.849272,0.141394,0,0,0,0
52.5,806,1,1.16849,1.16849,0.577278,0.392437,0.184842,34.3091,33.5697,14,9,-5,0.537891,0.484754,0.0531376,0,0,0,0
52.5,806,2,1.12618,1.12618,0.138546,0.595359,0.456813,32.5542,34.3814,9,10,1,0.436674,0.563179,0.126506,0,0,0,0
52.5,806,3,0.301261,0.301261,0.710764,0.878826,0.168062,34.8431,35.5153,7,11,4,0.849272,0.795146,0.0541264,0,0,0,0
53,807,1,0.955895,0.955895,0.376148,0.577278,0.20113,33.5046,34.3091,9,9,0,0.484754,0.58129,0.096536,0,0,0,0
53,807,2,1.30054,1.30054,0.416796,0.138546,0.278249,33.6672,32.5542,10,10,0,0.563179,0.460674,0.102506,0,0,0,0
53,807,3,0.587738,0.587738,-0.270246,0.710764,0.98101,30.919,34.8431,11,11,0,0.795146,0.701117,0.0940288,0,0,0,0
53.5,808,1,0.939216,0.939216,-0.840881,0.376148,1.21703,28.6365,33.5046,9,11,2,0.58129,0.652973,0.0716832,0,0,0,0
53.5,808,2,0.241663,0.241663,0.604711,0.416796,0.187916,34.4188,33.6672,10,7,-3,0.460674,0.552757,0.0920832,0,0,0,0
53.5,808,3,0.416871,0.416871,0.217074,-0.270246,0.48732,32.8683,30.919,11,12,1,0.701117,0.65385,0.0472672,0,0,0,0
54,809,1,0.368853,0.368853,0.491925,-0.840881,1.33281,33.9677,28.6365,11,12,1,0.652973,0.436816,0.216157,0,0,0,0
54,809,2,0.284666,0.284666,0.366062,0.604711,0.238649,33.4642,34.4188,7,10,3,0.552757,0.752003,0.199246,0,0,0,0
54,809,3,0.143176,0.143176,-0.297487,0.217074,0.514561,30.8101,32.8683,12,8,-4,0.65385,0.807902,0.154053,0,0,0,0
54.5,810,1,1.25864,1.25864,0.790488,0.491925,0.298562,35.162,33.9677,12,13,1,0.436816,0.482381,0.0455648,0,0,0,0
54.5,810,2,1.27215,1.27215,0.880783,0.366062,0.514722,35.5231,33.4642,10,11,1,0.752003,0.720136,0.0318672,0,0,0,0
54.5,810,3,0.0431412,0.0431412,0.780383,-0.297487,1.07787,35.1215,30.8101,8,6,-2,0.807902,0.783718,0.024184,0,0,0,0
55,811,1,0.416132,0.416132,0.807528,0.790488,0.0170407,35.2301,35.162,13,12,-1,0.482381,0.583883,0.101502,0,0,1,0
55,811,2,0.688293,0.688293,0.98027,0.880783,0.0994866,35.9211,35.5231,11,11,0,0.720136,0.600787,0.119349,0,0,0,0
55,811,3,0.524869,0.524869,0.726958,0.780383,0.0534251,34.9078,35.1215,6,7,1,0.783718,0.77125,0.0124688,0,0,0,0
55.5,812,1,0.325288,0.325288,0.846222,0.807528,0.0386938,35.3849,35.2301,12,8,-4,0.583883,0.554454,0.0294288,0,0,0,0
55.5,812,2,1.11415,1.11415,0.304413,0.98027,0.675857,33.2177,35.9211,11,13,2,0.600787,0.584552,0.0162352,0,0,0,0
55.5,812,3,0.325052,0.325052,0.188099,0.726958,0.538859,32.7524,34.9078,7,9,2,0.77125,0.737675,0.0335744,0,0,0,0
56,813,1,1.37289,1.37289,0.778588,0.846222,0.0676342,35.1144,35.3849,8,12,4,0.554454,0.631498,0.0770432,0,0,0,0
56,813,2,0.5965,0.5965,0.757633,0.304413,0.45322,35.0305,33.2177,13,11,-2,0.584552,0.57655,0.0080016,0,0,0,0
56,813,3,1.04518,1.04518,-0.660488,0.188099,0.848587,29.358,32.7524,9,7,-2,0.737675,0.710502,0.0271728,0,0,0,0
56.5,814,1,1.4508,1.4508,0.74556,0.778588,0.0330285,34.9822,35.1144,12,10,-2,0.631498,0.733053,0.101555,0,0,0,0
56.5,814,2,0.6745,0.6745,0.708966,0.757633,0.0486667,34.8359,35.0305,11,11,0,0.57655,0.656203,0.0796528,0,0,0,0
56.5,814,3,0.367747,0.367747,-0.24583,-0.660488,0.414658,31.0167,29.358,7,9,2,0.710502,0.520488,0.190014,0,0,0,0
57,815,1,0.188605,0.188605,0.846809,0.74556,0.101249,35.3872,34.9822,10,13,3,0.733053,0.658082,0.0749712,0,0,0,0
57,815,2,0.605106,0.605106,0.878796,0.708966,0.169829,35.5152,34.8359,11,11,0,0.656203,0.65352,0.0026832,0,0,0,0
57,815,3,0.865435,0.865435,0.0227089,-0.24583,0.268539,32.0908,31.0167,9,6,-3,0.520488,0.548109,0.0276208,0,0,0,0
57.5,816,1,1.10926,1.10926,-0.127734,0.846809,0.974543,31.4891,35.3872,13,12,-1,0.658082,0.589136,0.0689456,0,0,0,0
57.5,816,2,0.601345,0.601345,0.797314,0.878796,0.0814818,35.1893,35.5152,11,11,0,0.65352,0.649338,0.0041824,0,0,0,0
57.5,816,3,0.349864,0.349864,0.853995,0.0227089,0.831286,35.416,32.0908,6,7,1,0.548109,0.602464,0.0543552,0,0,0,0
58,817,1,1.14584,1.14584,0.316601,-0.127734,0.444335,33.2664,31.4891,12,13,1,0.589136,0.451864,0.137272,0,0,0,0
58,817,2,0.420963,0.420963,0.970162,0.797314,0.172848,35.8806,35.1893,11,10,-1,0.649338,0.701763,0.0524256,0,0,0,0
58,817,3,1.30073,1.30073,0.921312,0.853995,0.0673177,35.6852,35.416,7,7,0,0.602464,0.932416,0.329952,0,0,0,0
58.5,818,1,1.63699,1.63699,0.474596,0.316601,0.157995,33.8984,33.2664,13,12,-1,0.451864,0.417411,0.0344528,0,0,0,0
58.5,818,2,1.52847,1.52847,0.653806,0.970162,0.316356,34.6152,35.8806,10,10,0,0.701763,0.645006,0.0567568,0,0,0,0
58.5,818,3,0.423812,0.423812,0.244607,0.921312,0.676705,32.9784,35.6852,7,8,1,0.932416,0.839398,0.0930176,0,0,0,0
