0.5,1001,1,-1,-1,0.779976,0.779976,-1,35.1199,35.1199,10,10,0,0.693947,0.693947,0,0,0,0,0
0.5,1001,2,-1,-1,0.752018,0.752018,-1,35.0081,35.0081,11,11,0,0.980733,0.980733,0,0,0,0,0
0.5,1001,3,-1,-1,0.685809,0.685809,-1,34.7432,34.7432,9,9,0,1.26833,1.26833,0,0,0,0,0
0.6,1002,1,0.00027224,0.00027224,0.780405,0.779976,0.000428498,35.1216,35.1199,10,10,0,0.693947,0.698763,0.004816,0,1,1,1
0.6,1002,2,0.00345013,0.00345013,0.750843,0.752018,0.00117493,35.0034,35.0081,11,11,0,0.980733,0.953925,0.026808,0,1,1,0
0.6,1002,3,0.00234748,0.00234748,0.679267,0.685809,0.00654238,34.7171,34.7432,9,9,0,1.26833,1.20644,0.061888,0,1,1,0
0.7,1003,1,0.000841606,0.000841606,0.782243,0.780405,0.00183851,35.129,35.1216,10,10,0,0.698763,0.738507,0.039744,0,1,1,0
0.7,1003,2,0.0145972,0.0145972,0.746992,0.750843,0.003851,34.988,35.0034,11,11,0,0.953925,1.04785,0.09392,0,1,1,0
0.7,1003,3,0.00985407,0.00985407,0.672,0.679267,0.007267,34.688,34.7171,9,9,0,1.20644,1.16194,0.044504,0,1,1,0
0.8,1004,1,0.00111581,0.00111581,0.780646,0.782243,0.00159752,35.1226,35.129,10,10,0,0.738507,0.756987,0.01848,0,1,1,0
0.8,1004,2,0.0121534,0.0121534,0.751676,0.746992,0.00468385,35.0067,34.988,11,11,0,1.04785,0.972917,0.074928,0,1,1,0
0.8,1004,3,0.00227918,0.00227918,0.670699,0.672,0.0013001,34.6828,34.688,9,9,0,1.16194,1.15646,0.005472,0,1,1,1
0.9,1005,1,0.000392145,0.000392145,0.781382,0.780646,0.000736475,35.1255,35.1226,10,10,0,0.756987,0.748667,0.00832,0,1,1,1
0.9,1005,2,0.00550805,0.00550805,0.750127,0.751676,0.0015496,35.0005,35.0067,11,11,0,0.972917,0.938029,0.034888,0,1,1,0
0.9,1005,3,0.010248,0.010248,0.678159,0.670699,0.00745994,34.7126,34.6828,9,9,0,1.15646,1.19146,0.035,0,1,1,0
1,1006,1,0.000717271,0.000717271,0.782239,0.781382,0.000856876,35.129,35.1255,10,10,0,0.748667,0.738555,0.010112,0,1,1,0
1,1006,2,0.0115857,0.0115857,0.750371,0.750127,0.000243962,35.0015,35.0005,11,11,0,0.938029,1.02017,0.082136,0,1,1,0
1,1006,3,0.00489073,0.00489073,0.673768,0.678159,0.00439179,34.6951,34.7126,9,9,0,1.19146,1.16944,0.022024,0,1,1,0
1.1,1007,1,0.000101525,0.000101525,0.782305,0.782239,6.61612e-05,35.1292,35.129,10,10,0,0.738555,0.737787,0.000768,0,1,1,1
1.1,1007,2,0.00696447,0.00696447,0.746412,0.750371,0.00395846,34.9856,35.0015,11,11,0,1.02017,1.05183,0.031664,0,1,1,0
1.1,1007,3,0.00570251,0.00570251,0.670504,0.673768,0.00326335,34.682,34.6951,9,9,0,1.16944,1.15563,0.013808,0,1,1,0
1.2,1008,1,0.00168374,0.00168374,0.780651,0.782305,0.00165445,35.1226,35.1292,10,10,0,0.737787,0.760971,0.023184,0,1,1,0
1.2,1008,2,0.0106141,0.0106141,0.752288,0.746412,0.0058763,35.0092,34.9856,11,11,0,1.05183,0.991197,0.060632,0,1,1,0
1.2,1008,3,0.00560183,0.00560183,0.673692,0.670504,0.00318825,34.6948,34.682,9,9,0,1.15563,1.16909,0.013456,0,1,1,0
1.3,1009,1,0.000471687,0.000471687,0.780644,0.780651,7.15256e-06,35.1226,35.1226,10,10,0,0.760971,0.757011,0.00396,0,1,1,1
1.3,1009,2,0.00754502,0.00754502,0.750608,0.752288,0.00168073,35.0024,35.0092,11,11,0,0.991197,0.941149,0.050048,0,1,1,0
1.3,1009,3,0.0061885,0.0061885,0.678914,0.673692,0.00522143,34.7157,34.6948,9,9,0,1.16909,1.19751,0.028424,0,1,1,0
1.4,1010,1,0.0011137,0.0011137,0.782241,0.780644,0.00159752,35.129,35.1226,10,10,0,0.757011,0.738531,0.01848,0,1,1,0
1.4,1010,2,0.0167887,0.0167887,0.747307,0.750608,0.00330114,34.9892,35.0024,11,11,0,0.941149,1.04569,0.104536,0,1,1,0
1.4,1010,3,0.0171117,0.0171117,0.667412,0.678914,0.0115016,34.6696,34.7157,9,9,0,1.19751,1.14082,0.056696,0,1,1,0
1.5,1011,1,0.00111181,0.00111181,0.780647,0.782241,0.00159401,35.1226,35.129,10,10,0,0.738531,0.756971,0.01844,0,1,1,0
1.5,1011,2,0.0110331,0.0110331,0.751893,0.747307,0.00458682,35.0076,34.9892,11,11,0,1.04569,0.977877,0.067808,0,1,1,0
1.5,1011,3,0.0193434,0.0193434,0.679733,0.667412,0.0123204,34.7189,34.6696,9,9,0,1.14082,1.22347,0.082656,0,1,1,0
1.6,1012,1,0.000615304,0.000615304,0.781802,0.780647,0.00115472,35.1272,35.1226,10,10,0,0.756971,0.743915,0.013056,0,1,1,0
1.6,1012,2,0.00194614,0.00194614,0.751231,0.751893,0.000662386,35.0049,35.0076,11,11,0,0.977877,0.962757,0.01512,0,1,1,0
1.6,1012,3,0.00451836,0.00451836,0.677438,0.679733,0.00229496,34.7098,34.7189,9,9,0,1.22347,1.18654,0.036936,0,1,1,0
1.7,1013,1,3.01301e-05,3.01301e-05,0.781858,0.781802,5.64456e-05,35.1274,35.1272,10,10,0,0.743915,0.743275,0.00064,0,1,1,1
1.7,1013,2,0.00668117,0.00668117,0.750779,0.751231,0.000451624,35.0031,35.0049,11,11,0,0.962757,1.01645,0.053696,0,1,1,0
1.7,1013,3,0.00626957,0.00626957,0.672347,0.677438,0.00509113,34.6894,34.7098,9,9,0,1.18654,1.1634,0.023136,0,1,1,0
1.8,1014,1,0.00056692,0.00056692,0.782307,0.781858,0.000448287,35.1292,35.1274,10,10,0,0.743275,0.737771,0.005504,0,1,1,1
1.8,1014,2,0.00717951,0.00717951,0.746732,0.750779,0.00404781,34.9869,35.0031,11,11,0,1.01645,1.04964,0.033184,0,1,1,0
1.8,1014,3,0.000499696,0.000499696,0.672062,0.672347,0.000284553,34.6882,34.6894,9,9,0,1.1634,1.1622,0.0012,0,1,1,1
1.9,1015,1,0.000989178,0.000989178,0.781067,0.782307,0.00123996,35.1243,35.1292,10,10,0,0.737771,0.752235,0.014464,0,1,1,0
1.9,1015,2,0.0122967,0.0122967,0.751763,0.746732,0.00503194,35.0071,34.9869,11,11,0,1.04964,0.974909,0.074728,0,1,1,0
1.9,1015,3,0.0109553,0.0109553,0.67958,0.672062,0.00751776,34.7183,34.6882,9,9,0,1.1622,1.21874,0.056544,0,1,1,0
2,1016,1,0.000168938,0.000168938,0.781384,0.781067,0.000316978,35.1255,35.1243,10,10,0,0.752235,0.748651,0.003584,0,1,1,1
2,1016,2,0.00530404,0.00530404,0.748286,0.751763,0.00347704,34.9931,35.0071,11,11,0,0.974909,0.928605,0.046304,0,1,1,0
2,1016,3,0.00683217,0.00683217,0.674685,0.67958,0.00489533,34.6987,34.7183,9,9,0,1.21874,1.17383,0.044912,0,1,1,0
2.1,1017,1,0.000863615,0.000863615,0.780651,0.781384,0.000733078,35.1226,35.1255,10,10,0,0.748651,0.760955,0.012304,0,1,1,0
2.1,1017,2,0.00876892,0.00876892,0.751947,0.748286,0.00366098,35.0078,34.9931,11,11,0,0.928605,1.00579,0.077184,0,1,1,0
2.1,1017,3,0.00736873,0.00736873,0.679836,0.674685,0.00515175,34.7193,34.6987,9,9,0,1.17383,1.22655,0.05272,0,1,1,0
2.2,1018,1,0.000469606,0.000469606,0.780644,0.780651,6.91414e-06,35.1226,35.1226,10,10,0,0.760955,0.757011,0.003944,0,1,1,1
2.2,1018,2,0.00950627,0.00950627,0.749273,0.751947,0.00267404,34.9971,35.0078,11,11,0,1.00579,0.933285,0.072504,0,1,1,0
2.2,1018,3,0.00727194,0.00727194,0.674761,0.679836,0.00507504,34.699,34.7193,9,9,0,1.22655,1.1742,0.052352,0,1,1,0
2.3,1019,1,0.000580968,0.000580968,0.780663,0.780644,1.91927e-05,35.1227,35.1226,10,10,0,0.757011,0.761819,0.004808,0,1,1,1
2.3,1019,2,0.00838567,0.00838567,0.752298,0.749273,0.00302482,35.0092,34.9971,11,11,0,0.933285,0.992405,0.05912,0,1,1,0
2.3,1019,3,0.00474821,0.00474821,0.67908,0.674761,0.00431889,34.7163,34.699,9,9,0,1.1742,1.20084,0.02664,0,1,1,0
2.4,1020,1,0.000459913,0.000459913,0.780612,0.780663,5.04851e-05,35.1224,35.1227,10,10,0,0.761819,0.758251,0.003568,0,1,1,1
2.4,1020,2,0.00789113,0.00789113,0.750446,0.752298,0.00185204,35.0018,35.0092,11,11,0,0.992405,0.939973,0.052432,0,1,1,0
2.4,1020,3,0.00219813,0.00219813,0.679668,0.67908,0.000587702,34.7187,34.7163,9,9,0,1.20084,1.22158,0.020736,0,1,1,0
2.5,1021,1,9.90219e-05,9.90219e-05,0.780623,0.780612,1.09076e-05,35.1225,35.1224,10,10,0,0.758251,0.759019,0.000768,0,1,1,1
2.5,1021,2,0.0167908,0.0167908,0.747418,0.750446,0.00302804,34.9897,35.0018,11,11,0,0.939973,1.04492,0.104944,0,1,1,0
2.5,1021,3,0.00123723,0.00123723,0.679302,0.679668,0.000366211,34.7172,34.7187,9,9,0,1.22158,1.20777,0.013808,0,1,1,0
2.6,1022,1,9.90219e-05,9.90219e-05,0.780612,0.780623,1.09076e-05,35.1224,35.1225,10,10,0,0.759019,0.758251,0.000768,0,1,1,1
2.6,1022,2,0.00909859,0.00909859,0.752287,0.747418,0.00486875,35.0091,34.9897,11,11,0,1.04492,0.991013,0.053904,0,1,1,0
2.6,1022,3,3.74243e-05,3.74243e-05,0.679312,0.679302,1.00732e-05,34.7172,34.7172,9,9,0,1.20777,1.20817,0.0004,0,1,1,1
2.7,1023,1,0.000363009,0.000363009,0.780652,0.780612,3.98159e-05,35.1226,35.1224,10,10,0,0.758251,0.761067,0.002816,0,1,1,1
2.7,1023,2,0.00781225,0.00781225,0.750272,0.752287,0.00201529,35.0011,35.0091,11,11,0,0.991013,0.938909,0.052104,0,1,1,0
2.7,1023,3,0.0026633,0.0026633,0.681212,0.679312,0.00189996,34.7248,34.7172,9,9,0,1.20817,1.24552,0.037352,0,1,1,0
2.8,1024,1,0.000150518,0.000150518,0.780669,0.780652,1.65105e-05,35.1227,35.1226,10,10,0,0.761067,0.762235,0.001168,0,1,1,1
2.8,1024,2,0.0102007,0.0102007,0.751138,0.750272,0.000866532,35.0046,35.0011,11,11,0,0.938909,1.01323,0.07432,0,1,1,0
2.8,1024,3,0.0190941,0.0190941,0.668636,0.681212,0.0125754,34.6745,34.7248,9,9,0,1.24552,1.14629,0.099232,0,1,1,0
2.9,1025,1,0.000195911,0.000195911,0.78069,0.780669,2.14577e-05,35.1228,35.1227,10,10,0,0.762235,0.763755,0.00152,0,1,1,1
2.9,1025,2,0.00614645,0.00614645,0.747785,0.751138,0.00335288,34.9911,35.0046,11,11,0,1.01323,1.04239,0.02916,0,1,1,0
2.9,1025,3,0.0149223,0.0149223,0.678522,0.668636,0.00988615,34.7141,34.6745,9,9,0,1.14629,1.19414,0.047856,0,1,1,0
3,1026,1,0.000709439,0.000709439,0.780612,0.78069,7.77841e-05,35.1224,35.1228,10,10,0,0.763755,0.758251,0.005504,0,1,1,1
3,1026,2,0.0100035,0.0100035,0.751993,0.747785,0.00420821,35.008,34.9911,11,11,0,1.04239,0.980165,0.062224,0,1,1,0
3,1026,3,0.003839,0.003839,0.679991,0.678522,0.00146902,34.72,34.7141,9,9,0,1.19414,1.2337,0.039552,0,1,1,0
3.1,1027,1,9.90219e-05,9.90219e-05,0.780623,0.780612,1.09076e-05,35.1225,35.1224,10,10,0,0.758251,0.759019,0.000768,0,1,1,1
3.1,1027,2,0.00658339,0.00658339,0.749727,0.751993,0.00226659,34.9989,35.008,11,11,0,0.980165,0.935797,0.044368,0,1,1,0
3.1,1027,3,0.00383721,0.00383721,0.678524,0.679991,0.00146788,34.7141,34.72,9,9,0,1.2337,1.19415,0.039544,0,1,1,0
3.2,1028,1,0.00430371,0.00430371,0.780446,0.780623,0.000177205,35.1218,35.1225,10,10,0,0.759019,0.780851,0.021832,0,1,1,0
3.2,1028,2,0.00904286,0.00904286,0.752058,0.749727,0.00233155,35.0082,34.9989,11,11,0,0.935797,1.00176,0.06596,0,1,1,0
3.2,1028,3,0.00400313,0.00400313,0.680045,0.678524,0.00152159,34.7202,34.7141,9,9,0,1.19415,1.2353,0.041152,0,1,1,0
3.3,1029,1,0.00359014,0.00359014,0.780701,0.780446,0.000255346,35.1228,35.1218,10,10,0,0.780851,0.764555,0.016296,0,1,1,0
3.3,1029,2,0.00840241,0.00840241,0.75062,0.752058,0.0014382,35.0025,35.0082,11,11,0,1.00176,0.941661,0.060096,0,1,1,0
3.3,1029,3,0.000162981,0.000162981,0.680874,0.680045,0.000829279,34.7235,34.7202,9,9,0,1.2353,1.2425,0.0072,0,1,1,1
3.4,1030,1,0.000103155,0.000103155,0.78069,0.780701,1.12653e-05,35.1228,35.1228,10,10,0,0.764555,0.763755,0.0008,0,1,1,1
3.4,1030,2,0.0118113,0.0118113,0.74995,0.75062,0.000670552,34.9998,35.0025,11,11,0,0.941661,1.02398,0.08232,0,1,1,0
3.4,1030,3,0.0140918,0.0140918,0.671226,0.680874,0.00964803,34.6849,34.7235,9,9,0,1.2425,1.15868,0.083824,0,1,1,0
3.5,1031,1,0.00361053,0.00361053,0.780223,0.78069,0.000467122,35.1209,35.1228,10,10,0,0.763755,0.786003,0.022248,0,1,1,0
3.5,1031,2,0.0035308,0.0035308,0.7521,0.74995,0.00214988,35.0084,34.9998,11,11,0,1.02398,1.00026,0.02372,0,1,1,0
3.5,1031,3,0.0140494,0.0140494,0.681868,0.671226,0.0106413,34.7275,34.6849,9,9,0,1.15868,1.2497,0.091016,0,1,1,0
3.6,1032,1,0.00432096,0.00432096,0.780612,0.780223,0.000389278,35.1224,35.1209,10,10,0,0.786003,0.758243,0.02776,0,1,1,0
3.6,1032,2,0.00687861,0.00687861,0.746274,0.7521,0.00582594,34.9851,35.0084,11,11,0,1.00026,0.920357,0.079904,0,1,1,0
3.6,1032,3,0.0119638,0.0119638,0.672415,0.681868,0.00945276,34.6897,34.7275,9,9,0,1.2497,1.16369,0.086008,0,1,1,0
3.7,1033,1,0.00357562,0.00357562,0.779822,0.780612,0.000790358,35.1193,35.1224,10,10,0,0.758243,0.794731,0.036488,0,1,1,0
3.7,1033,2,0.00850061,0.00850061,0.751058,0.746274,0.00478476,35.0042,34.9851,11,11,0,0.920357,1.01392,0.09356,0,1,1,0
3.7,1033,3,0.0119724,0.0119724,0.680475,0.672415,0.00806028,34.7219,34.6897,9,9,0,1.16369,1.23898,0.075288,0,1,1,0
3.8,1034,1,0.00391621,0.00391621,0.781058,0.779822,0.0012362,35.1242,35.1193,10,10,0,0.794731,0.752331,0.0424,0,1,1,0
3.8,1034,2,0.00932409,0.00932409,0.750671,0.751058,0.000387192,35.0027,35.0042,11,11,0,1.01392,0.944501,0.069416,0,1,1,0
3.8,1034,3,0.00333087,0.00333087,0.679197,0.680475,0.00127786,34.7168,34.7219,9,9,0,1.23898,1.20394,0.035032,0,1,1,0
3.9,1035,1,0.000476737,0.000476737,0.780627,0.781058,0.000430942,35.1225,35.1242,10,10,0,0.752331,0.759299,0.006968,0,1,1,1
3.9,1035,2,0.0185431,0.0185431,0.745718,0.750671,0.00495356,34.9829,35.0027,11,11,0,0.944501,1.05667,0.112168,0,1,1,0
3.9,1035,3,0.00423101,0.00423101,0.675598,0.679197,0.00359964,34.7024,34.7168,9,9,0,1.20394,1.17806,0.025888,0,1,1,0
4,1036,1,0.00425042,0.00425042,0.780258,0.780627,0.000369012,35.121,35.1225,10,10,0,0.759299,0.785235,0.025936,0,1,1,0
4,1036,2,0.0136946,0.0136946,0.751818,0.745718,0.00610054,35.0073,34.9829,11,11,0,1.05667,0.976157,0.080512,0,1,1,0
4,1036,3,0.00732897,0.00732897,0.680003,0.675598,0.00440568,34.72,34.7024,9,9,0,1.17806,1.23425,0.056192,0,1,1,0
4.1,1037,1,0.00296046,0.00296046,0.780769,0.780258,0.000510275,35.1231,35.121,10,10,0,0.785235,0.769307,0.015928,0,1,1,0
4.1,1037,2,0.00583576,0.00583576,0.75026,0.751818,0.00155836,35.001,35.0073,11,11,0,0.976157,0.938837,0.03732,0,1,1,0
4.1,1037,3,0.00196023,0.00196023,0.679429,0.680003,0.00057435,34.7177,34.72,9,9,0,1.23425,1.21279,0.021456,0,1,1,0
4.2,1038,1,0.00341567,0.00341567,0.782731,0.780769,0.00196272,35.1309,35.1231,10,10,0,0.769307,0.732579,0.036728,0,1,1,0
4.2,1038,2,0.0195354,0.0195354,0.745714,0.75026,0.00454527,34.9829,35.001,11,11,0,0.938837,1.05669,0.117856,0,1,1,0
4.2,1038,3,0.00471238,0.00471238,0.676293,0.679429,0.00313598,34.7052,34.7177,9,9,0,1.21279,1.18126,0.031536,0,1,1,0
4.3,1039,1,0.00272892,0.00272892,0.780693,0.782731,0.00203788,35.1228,35.1309,10,10,0,0.732579,0.763979,0.0314,0,1,1,0
4.3,1039,2,0.0150043,0.0150043,0.751374,0.745714,0.00565958,35.0055,34.9829,11,11,0,1.05669,0.966021,0.090672,0,1,1,0
4.3,1039,3,0.00622188,0.00622188,0.679917,0.676293,0.00362349,34.7197,34.7052,9,9,0,1.18126,1.23025,0.048992,0,1,1,0
4.4,1040,1,0.000465101,0.000465101,0.780744,0.780693,5.09024e-05,35.123,35.1228,10,10,0,0.763979,0.767587,0.003608,0,1,1,1
4.4,1040,2,0.00329284,0.00329284,0.750693,0.751374,0.000680745,35.0028,35.0055,11,11,0,0.966021,0.945733,0.020288,0,1,1,0
4.4,1040,3,0.00293622,0.00293622,0.679073,0.679917,0.000843942,34.7163,34.7197,9,9,0,1.23025,1.20069,0.02956,0,1,1,0
4.5,1041,1,0.00274506,0.00274506,0.782441,0.780744,0.00169671,35.1298,35.123,10,10,0,0.767587,0.736211,0.031376,0,1,1,0
4.5,1041,2,0.0181364,0.0181364,0.745814,0.750693,0.004879,34.9833,35.0028,11,11,0,0.945733,1.05593,0.110192,0,1,1,0
4.5,1041,3,8.71196e-05,8.71196e-05,0.678908,0.679073,0.000165045,34.7156,34.7163,9,9,0,1.20069,1.19738,0.003304,0,1,1,1
4.6,1042,1,0.00199638,0.00199638,0.780662,0.782441,0.00177872,35.1226,35.1298,10,10,0,0.736211,0.761779,0.025568,0,1,1,0
4.6,1042,2,0.0145274,0.0145274,0.751482,0.745814,0.00566739,35.0059,34.9833,11,11,0,1.05593,0.968477,0.087448,0,1,1,0
4.6,1042,3,0.00339792,0.00339792,0.680026,0.678908,0.00111884,34.7201,34.7156,9,9,0,1.19738,1.23514,0.03776,0,1,1,0
4.7,1043,1,0.0012104,0.0012104,0.781834,0.780662,0.00117218,35.1273,35.1226,10,10,0,0.761779,0.743547,0.018232,0,1,1,0
4.7,1043,2,0.00467479,0.00467479,0.75051,0.751482,0.000971317,35.002,35.0059,11,11,0,0.968477,0.940365,0.028112,0,1,1,0
4.7,1043,3,0.0030939,0.0030939,0.679212,0.680026,0.000814438,34.7168,34.7201,9,9,0,1.23514,1.20447,0.030672,0,1,1,0
4.8,1044,1,0.00128851,0.00128851,0.78276,0.781834,0.000925303,35.131,35.1273,10,10,0,0.743547,0.731203,0.012344,0,1,1,0
4.8,1044,2,0.0191987,0.0191987,0.745817,0.75051,0.00469375,34.9833,35.002,11,11,0,0.940365,1.05591,0.115544,0,1,1,0
4.8,1044,3,0.0037031,0.0037031,0.676265,0.679212,0.00294662,34.7051,34.7168,9,9,0,1.20447,1.18113,0.023344,0,1,1,0
4.9,1045,1,0.00187822,0.00187822,0.780728,0.78276,0.00203162,35.1229,35.131,10,10,0,0.731203,0.756059,0.024856,0,1,1,0
4.9,1045,2,0.0067623,0.0067623,0.749723,0.745817,0.00390685,34.9989,34.9833,11,11,0,1.05591,1.02603,0.02988,0,1,1,0
4.9,1045,3,0.00683846,0.00683846,0.682549,0.676265,0.00628376,34.7302,34.7051,9,9,0,1.18113,1.2529,0.071776,0,1,1,0
5,1046,1,0.00467788,0.00467788,0.780326,0.780728,0.000401914,35.1213,35.1229,10,10,0,0.756059,0.783755,0.027696,0,1,1,0
5,1046,2,0.0129071,0.0129071,0.749539,0.749723,0.000184596,34.9982,34.9989,11,11,0,1.02603,0.934749,0.09128,0,1,1,0
5,1046,3,0.000132807,0.000132807,0.681355,0.682549,0.0011943,34.7254,34.7302,9,9,0,1.2529,1.2468,0.006104,0,1,1,1
5.1,1047,1,0.00071392,0.00071392,0.779942,0.780326,0.000383914,35.1198,35.1213,10,10,0,0.783755,0.792115,0.00836,0,1,1,1
5.1,1047,2,0.00361162,0.00361162,0.750959,0.749539,0.00142002,35.0038,34.9982,11,11,0,0.934749,0.956557,0.021808,0,1,1,0
5.1,1047,3,0.0007625,0.0007625,0.68758,0.681355,0.00622475,34.7503,34.7254,9,9,0,1.2468,1.27676,0.02996,0,1,1,0
5.2,1048,1,0.000139419,0.000139419,0.780535,0.779942,0.000592828,35.1221,35.1198,10,10,0,0.792115,0.778115,0.014,0,1,1,0
5.2,1048,2,0.00117862,0.00117862,0.751361,0.750959,0.000401855,35.0054,35.0038,11,11,0,0.956557,0.965717,0.00916,0,1,1,1
5.2,1048,3,0.00499148,0.00499148,0.677552,0.68758,0.0100274,34.7102,34.7503,9,9,0,1.27676,1.18706,0.089696,0,1,1,0
5.3,1049,1,0.00573294,0.00573294,0.782776,0.780535,0.0022406,35.1311,35.1221,10,10,0,0.778115,0.730427,0.047688,0,1,1,0
5.3,1049,2,0.00820327,0.00820327,0.749673,0.751361,0.00168759,34.9987,35.0054,11,11,0,0.965717,1.02649,0.060768,0,1,1,0
5.3,1049,3,0.00266694,0.00266694,0.679238,0.677552,0.00168574,34.717,34.7102,9,9,0,1.18706,1.20541,0.018344,0,1,1,0
5.4,1050,1,0.00196378,0.00196378,0.780624,0.782776,0.00215185,35.1225,35.1311,10,10,0,0.730427,0.757235,0.026808,0,1,1,0
5.4,1050,2,0.00193936,0.00193936,0.7508,0.749673,0.0011273,35.0032,34.9987,11,11,0,1.02649,1.01626,0.010224,0,1,1,0
5.4,1050,3,0.00387763,0.00387763,0.676272,0.679238,0.00296563,34.7051,34.717,9,9,0,1.20541,1.18116,0.024248,0,1,1,0
5.5,1051,1,0.00361469,0.00361469,0.780554,0.780624,7.03335e-05,35.1222,35.1225,10,10,0,0.757235,0.777547,0.020312,0,1,1,0
5.5,1051,2,0.0105978,0.0105978,0.750489,0.7508,0.000311017,35.002,35.0032,11,11,0,1.01626,0.940237,0.076024,0,1,1,0
5.5,1051,3,0.00553384,0.00553384,0.679686,0.676272,0.00341398,34.7187,34.7051,9,9,0,1.18116,1.22211,0.040952,0,1,1,0
5.6,1052,1,0.00557847,0.00557847,0.782776,0.780554,0.00222218,35.1311,35.1222,10,10,0,0.777547,0.730427,0.04712,0,1,1,0
5.6,1052,2,0.019374,0.019374,0.745717,0.750489,0.0047729,34.9829,35.002,11,11,0,0.940237,1.05668,0.11644,0,1,1,0
5.6,1052,3,0.00683681,0.00683681,0.674891,0.679686,0.00479555,34.6996,34.7187,9,9,0,1.22211,1.17481,0.047304,0,1,1,0
5.7,1053,1,0.0017568,0.0017568,0.781013,0.782776,0.00176281,35.1241,35.1311,10,10,0,0.730427,0.752843,0.022416,0,1,1,0
5.7,1053,2,0.00760625,0.00760625,0.750121,0.745717,0.00440431,35.0005,34.9829,11,11,0,1.05668,1.02243,0.034248,0,1,1,0
5.7,1053,3,0.00658357,0.00658357,0.691402,0.674891,0.016511,34.7656,34.6996,9,9,0,1.17481,1.30286,0.128048,0,1,1,0
5.8,1054,1,0.00382167,0.00382167,0.780554,0.781013,0.000459373,35.1222,35.1241,10,10,0,0.752843,0.777547,0.024704,0,1,1,0
5.8,1054,2,0.0115561,0.0115561,0.748288,0.750121,0.00183249,34.9932,35.0005,11,11,0,1.02243,0.928613,0.093816,0,1,1,0
5.8,1054,3,0.00260038,0.00260038,0.678455,0.691402,0.0129464,34.7138,34.7656,9,9,0,1.30286,1.19365,0.109208,0,1,1,0
5.9,1055,1,0.0029731,0.0029731,0.780671,0.780554,0.000117123,35.1227,35.1222,10,10,0,0.777547,0.762371,0.015176,0,1,1,0
5.9,1055,2,0.0160587,0.0160587,0.747738,0.748288,0.000550807,34.991,34.9932,11,11,0,0.928613,1.04272,0.114104,0,1,1,0
5.9,1055,3,0.00343013,0.00343013,0.688308,0.678455,0.00985253,34.7532,34.7138,9,9,0,1.19365,1.28024,0.086592,0,1,1,0
6,1056,1,0.00336535,0.00336535,0.779995,0.780671,0.00067544,35.12,35.1227,10,10,0,0.762371,0.790963,0.028592,0,1,1,0
6,1056,2,0.0114247,0.0114247,0.751535,0.747738,0.00379741,35.0061,34.991,11,11,0,1.04272,0.969693,0.073024,0,1,1,0
6,1056,3,0.000713043,0.000713043,0.69135,0.688308,0.00304192,34.7654,34.7532,9,9,0,1.28024,1.30243,0.022192,0,1,1,0
6.1,1057,1,0.00285185,0.00285185,0.780727,0.779995,0.000731647,35.1229,35.12,10,10,0,0.790963,0.766355,0.024608,0,1,1,0
6.1,1057,2,0.00501454,0.00501454,0.750244,0.751535,0.00129098,35.001,35.0061,11,11,0,0.969693,0.938741,0.030952,0,1,1,0
6.1,1057,3,0.000164688,0.000164688,0.679701,0.69135,0.0116485,34.7188,34.7654,9,9,0,1.30243,1.22255,0.07988,0,1,1,0
6.2,1058,1,0.00182772,0.00182772,0.781886,0.780727,0.00115907,35.1275,35.1229,10,10,0,0.766355,0.742963,0.023392,0,1,1,0
6.2,1058,2,0.0143821,0.0143821,0.748819,0.750244,0.00142479,34.9953,35.001,11,11,0,0.938741,1.03445,0.095712,0,1,1,0
6.2,1058,3,0.00961341,0.00961341,0.672981,0.679701,0.00671989,34.6919,34.7188,9,9,0,1.22255,1.16608,0.056472,0,1,1,0
6.3,1059,1,0.000402361,0.000402361,0.781132,0.781886,0.000754118,35.1245,35.1275,10,10,0,0.742963,0.751499,0.008536,0,1,1,1
6.3,1059,2,0.00275664,0.00275664,0.750302,0.748819,0.00148255,35.0012,34.9953,11,11,0,1.03445,1.02079,0.013664,0,1,1,0
6.3,1059,3,0.0100175,0.0100175,0.689449,0.672981,0.0164673,34.7578,34.6919,9,9,0,1.16608,1.2857,0.119624,0,1,1,0
6.4,1060,1,0.00318428,0.00318428,0.780637,0.781132,0.00049448,35.1225,35.1245,10,10,0,0.751499,0.774971,0.023472,0,1,1,0
6.4,1060,2,0.00723797,0.00723797,0.751321,0.750302,0.00101966,35.0053,35.0012,11,11,0,1.02079,0.964821,0.055968,0,1,1,0
6.4,1060,3,0.00126689,0.00126689,0.69166,0.689449,0.00221151,34.7666,34.7578,9,9,0,1.2857,1.30497,0.019264,0,1,1,0
6.5,1061,1,0.00487779,0.00487779,0.782776,0.780637,0.00213838,35.1311,35.1225,10,10,0,0.774971,0.730427,0.044544,0,1,1,0
6.5,1061,2,0.00999461,0.00999461,0.748819,0.751321,0.0025022,34.9953,35.0053,11,11,0,0.964821,1.03445,0.069632,0,1,1,0
6.5,1061,3,0.00185943,0.00185943,0.68474,0.69166,0.00692016,34.739,34.7666,9,9,0,1.30497,1.26326,0.041712,0,1,1,0
6.6,1062,1,0.00346228,0.00346228,0.780764,0.782776,0.00201124,35.1231,35.1311,10,10,0,0.730427,0.769019,0.038592,0,1,1,0
6.6,1062,2,0.00195901,0.00195901,0.747801,0.748819,0.00101775,34.9912,34.9953,11,11,0,1.03445,1.04228,0.007824,0,1,1,1
6.6,1062,3,0.000402384,0.000402384,0.681049,0.68474,0.00369114,34.7242,34.739,9,9,0,1.26326,1.24406,0.019192,0,1,1,0
6.7,1063,1,0.000220671,0.000220671,0.779253,0.780764,0.00151181,35.117,35.1231,10,10,0,0.769019,0.808971,0.039952,0,1,1,0
6.7,1063,2,0.0147237,0.0147237,0.750726,0.747801,0.00292426,35.0029,34.9912,11,11,0,1.04228,0.947541,0.094736,0,1,1,0
6.7,1063,3,0.0044978,0.0044978,0.692652,0.681049,0.0116035,34.7706,34.7242,9,9,0,1.24406,1.31309,0.069024,0,1,1,0
6.8,1064,1,0.00276735,0.00276735,0.780016,0.779253,0.000763118,35.1201,35.117,10,10,0,0.808971,0.790515,0.018456,0,1,1,0
6.8,1064,2,0.00194915,0.00194915,0.749414,0.750726,0.00131166,34.9977,35.0029,11,11,0,0.947541,0.934053,0.013488,0,1,1,0
6.8,1064,3,0.00341638,0.00341638,0.690027,0.692652,0.00262511,34.7601,34.7706,9,9,0,1.31309,1.28955,0.023536,0,1,1,0
6.9,1065,1,0.000346281,0.000346281,0.780461,0.780016,0.000444949,35.1218,35.1201,10,10,0,0.790515,0.780403,0.010112,0,1,1,0
6.9,1065,2,0.01479,0.01479,0.748794,0.749414,0.000619709,34.9952,34.9977,11,11,0,0.934053,1.03472,0.100664,0,1,1,0
6.9,1065,3,3.23579e-05,3.23579e-05,0.689856,0.690027,0.000171065,34.7594,34.7601,9,9,0,1.28955,1.28786,0.001688,0,1,1,1
7,1066,1,0.00764025,0.00764025,0.779276,0.780461,0.00118506,35.1171,35.1218,10,10,0,0.780403,0.821771,0.041368,0,1,1,0
7,1066,2,0.0132972,0.0132972,0.750686,0.748794,0.0018912,35.0027,34.9952,11,11,0,1.03472,0.945301,0.089416,0,1,1,0
7,1066,3,0.00146386,0.00146386,0.691772,0.689856,0.00191557,34.7671,34.7594,9,9,0,1.28786,1.30588,0.018016,0,1,1,0
7.1,1067,1,0.00738126,0.00738126,0.780492,0.779276,0.00121593,35.122,35.1171,10,10,0,0.821771,0.779451,0.04232,0,1,1,0
7.1,1067,2,0.00128806,0.00128806,0.749991,0.750686,0.00069505,35,35.0027,11,11,0,0.945301,0.937269,0.008032,0,1,1,1
7.1,1067,3,0.00146492,0.00146492,0.689851,0.691772,0.00192124,34.7594,34.7671,9,9,0,1.30588,1.28781,0.018072,0,1,1,0
7.2,1068,1,0.000794392,0.000794392,0.779635,0.780492,0.000856519,35.1185,35.122,10,10,0,0.779451,0.798795,0.019344,0,1,1,0
7.2,1068,2,0.0217774,0.0217774,0.744404,0.749991,0.00558615,34.9776,35,11,11,0,0.937269,1.06674,0.129472,0,0,1,0
7.2,1068,3,0.000444166,0.000444166,0.686347,0.689851,0.00350314,34.7454,34.7594,9,9,0,1.28781,1.27089,0.01692,0,1,1,0
7.3,1069,1,0.00982908,0.00982908,0.77946,0.779635,0.000175238,35.1178,35.1185,10,10,0,0.798795,0.830347,0.031552,0,1,1,0
7.3,1069,2,0.0216062,0.0216062,0.750308,0.744404,0.00590396,35.0012,34.9776,11,11,0,1.06674,0.939133,0.127608,0,0,1,0
7.3,1069,3,0.00382787,0.00382787,0.692623,0.686347,0.00627565,34.7705,34.7454,9,9,0,1.27089,1.31285,0.04196,0,1,1,0
7.4,1070,1,0.00969653,0.00969653,0.779564,0.77946,0.000103772,35.1183,35.1178,10,10,0,0.830347,0.800347,0.03,0,1,1,0
7.4,1070,2,0.000601947,0.000601947,0.75064,0.750308,0.000331819,35.0026,35.0012,11,11,0,0.939133,0.942773,0.00364,0,1,1,1
7.4,1070,3,0.000211492,0.000211492,0.692529,0.692623,9.36985e-05,34.7701,34.7705,9,9,0,1.31285,1.31208,0.000768,0,1,1,1
7.5,1071,1,0.00516932,0.00516932,0.782776,0.779564,0.00321209,35.1311,35.1183,10,10,0,0.800347,0.730427,0.06992,0,1,1,0
7.5,1071,2,0.0123939,0.0123939,0.749479,0.75064,0.00116152,34.9979,35.0026,11,11,0,0.942773,1.02825,0.085472,0,1,1,0
7.5,1071,3,0.00421733,0.00421733,0.680801,0.692529,0.0117282,34.7232,34.7701,9,9,0,1.31208,1.24185,0.070232,0,1,1,0
7.6,1072,1,0.00570493,0.00570493,0.779852,0.782776,0.00292355,35.1194,35.1311,10,10,0,0.730427,0.794075,0.063648,0,1,1,0
7.6,1072,2,0.00233555,0.00233555,0.750837,0.749479,0.00135791,35.0033,34.9979,11,11,0,1.02825,1.01593,0.012312,0,1,1,0
7.6,1072,3,0.000347532,0.000347532,0.684324,0.680801,0.00352329,34.7373,34.7232,9,9,0,1.24185,1.26129,0.01944,0,1,1,0
7.7,1073,1,0.000778904,0.000778904,0.780271,0.779852,0.000418961,35.1211,35.1194,10,10,0,0.794075,0.784955,0.00912,0,1,1,1
7.7,1073,2,0.00607604,0.00607604,0.751404,0.750837,0.000566959,35.0056,35.0033,11,11,0,1.01593,0.966693,0.04924,0,1,1,0
7.7,1073,3,0.0096878,0.0096878,0.695098,0.684324,0.0107732,34.7804,34.7373,9,9,0,1.26129,1.33319,0.071904,0,1,1,0
7.8,1074,1,0.00648445,0.00648445,0.782776,0.780271,0.00250494,35.1311,35.1211,10,10,0,0.784955,0.730411,0.054544,0,1,1,0
7.8,1074,2,0.0104574,0.0104574,0.748552,0.751404,0.00285155,34.9942,35.0056,11,11,0,0.966693,1.03697,0.070272,0,1,1,0
7.8,1074,3,0.00862229,0.00862229,0.679692,0.695098,0.0154054,34.7188,34.7804,9,9,0,1.33319,1.22229,0.110904,0,1,1,0
7.9,1075,1,0.00312523,0.00312523,0.779241,0.782776,0.00353462,35.117,35.1311,10,10,0,0.730411,0.809347,0.078936,0,1,1,0
7.9,1075,2,0.000966266,0.000966266,0.747989,0.748552,0.000562549,34.992,34.9942,11,11,0,1.03697,1.04098,0.004016,0,1,1,1
7.9,1075,3,0.000548765,0.000548765,0.688438,0.679692,0.00874615,34.7538,34.7188,9,9,0,1.22229,1.28086,0.058576,0,1,1,0
8,1076,1,0.0157495,0.0157495,0.779674,0.779241,0.000432909,35.1187,35.117,10,10,0,0.809347,0.847371,0.038024,0,1,1,0
8,1076,2,0.0145945,0.0145945,0.750712,0.747989,0.0027222,35.0028,34.992,11,11,0,1.04098,0.946757,0.094224,0,1,1,0
8,1076,3,0.00192548,0.00192548,0.691896,0.688438,0.00345773,34.7676,34.7538,9,9,0,1.28086,1.3069,0.026032,0,1,1,0
8.1,1077,1,0.0187446,0.0187446,0.780075,0.779674,0.00040102,35.1203,35.1187,10,10,0,0.847371,0.789219,0.058152,0,1,1,0
8.1,1077,2,0.00180675,0.00180675,0.749365,0.750712,0.00134635,34.9975,35.0028,11,11,0,0.946757,0.933781,0.012976,0,1,1,0
8.1,1077,3,0.00565977,0.00565977,0.6944,0.691896,0.00250357,34.7776,34.7676,9,9,0,1.3069,1.32744,0.020544,0,1,1,0
8.2,1078,1,0.000259658,0.000259658,0.780215,0.780075,0.000139594,35.1209,35.1203,10,10,0,0.789219,0.786179,0.00304,0,1,1,1
8.2,1078,2,0.0189563,0.0189563,0.746323,0.749365,0.00304186,34.9853,34.9975,11,11,0,0.933781,1.05244,0.118656,0,1,1,0
8.2,1078,3,0.00748409,0.00748409,0.689238,0.6944,0.00516111,34.757,34.7776,9,9,0,1.32744,1.2847,0.042744,0,1,1,0
8.3,1079,1,0.00629544,0.00629544,0.779194,0.780215,0.00102091,35.1168,35.1209,10,10,0,0.786179,0.818187,0.032008,0,1,1,0
8.3,1079,2,0.0185215,0.0185215,0.750369,0.746323,0.00404531,35.0015,34.9853,11,11,0,1.05244,0.939501,0.112936,0,1,1,0
8.3,1079,3,0.0154974,0.0154974,0.697911,0.689238,0.00867254,34.7916,34.757,9,9,0,1.2847,1.35649,0.071792,0,1,1,0
8.4,1080,1,0.00343099,0.00343099,0.78077,0.779194,0.00157613,35.1231,35.1168,10,10,0,0.818187,0.769427,0.04876,0,1,1,0
8.4,1080,2,0.0033115,0.0033115,0.750984,0.750369,0.00061518,35.0039,35.0015,11,11,0,0.939501,0.957125,0.017624,0,1,1,0
8.4,1080,3,0.0137612,0.0137612,0.691857,0.697911,0.00605416,34.7674,34.7916,9,9,0,1.35649,1.30658,0.049912,0,1,1,0
8.5,1081,1,0.00351487,0.00351487,0.782776,0.78077,0.00200552,35.1311,35.1231,10,10,0,0.769427,0.730427,0.039,0,1,1,0
8.5,1081,2,0.0163667,0.0163667,0.745579,0.750984,0.00540471,34.9823,35.0039,11,11,0,0.957125,1.05773,0.100608,0,1,1,0
8.5,1081,3,0.00270037,0.00270037,0.680697,0.691857,0.0111597,34.7228,34.7674,9,9,0,1.30658,1.24092,0.065656,0,1,1,0
8.6,1082,1,0.00587577,0.00587577,0.779944,0.782776,0.00283158,35.1198,35.1311,10,10,0,0.730427,0.792075,0.061648,0,1,1,0
8.6,1082,2,0.0116179,0.0116179,0.752286,0.745579,0.00670731,35.0091,34.9823,11,11,0,1.05773,0.993461,0.064272,0,1,1,0
8.6,1082,3,0.00938114,0.00938114,0.69481,0.680697,0.0141132,34.7792,34.7228,9,9,0,1.24092,1.33082,0.089904,0,1,1,0
8.7,1083,1,0.00431083,0.00431083,0.781373,0.779944,0.0014289,35.1255,35.1198,10,10,0,0.792075,0.748771,0.043304,0,1,1,0
8.7,1083,2,0.0058028,0.0058028,0.750789,0.752286,0.00149763,35.0032,35.0091,11,11,0,0.993461,0.950965,0.042496,0,1,1,0
8.7,1083,3,0.00848248,0.00848248,0.688721,0.69481,0.00608957,34.7549,34.7792,9,9,0,1.33082,1.28222,0.048608,0,1,1,0
8.8,1084,1,0.00156555,0.00156555,0.782776,0.781373,0.00140303,35.1311,35.1255,10,10,0,0.748771,0.730411,0.01836,0,1,1,0
8.8,1084,2,0.0105633,0.0105633,0.749556,0.750789,0.00123239,34.9982,35.0032,11,11,0,0.950965,1.02754,0.076576,0,1,1,0
8.8,1084,3,0.000907376,0.000907376,0.681432,0.688721,0.0072884,34.7257,34.7549,9,9,0,1.28222,1.2475,0.03472,0,1,1,0
8.9,1085,1,0.00650696,0.00650696,0.780283,0.782776,0.00249279,35.1211,35.1311,10,10,0,0.730411,0.784691,0.05428,0,1,1,0
8.9,1085,2,0.00304042,0.00304042,0.748058,0.749556,0.00149858,34.9922,34.9982,11,11,0,1.02754,1.04051,0.012968,0,1,1,0
8.9,1085,3,0.021355,0.021355,0.699019,0.681432,0.0175867,34.7961,34.7257,9,9,0,1.2475,1.36923,0.121736,0,0,1,0
9,1086,1,0.000394193,0.000394193,0.780071,0.780283,0.000212014,35.1203,35.1211,10,10,0,0.784691,0.789307,0.004616,0,1,1,1
9,1086,2,0.0153757,0.0153757,0.750634,0.748058,0.0025757,35.0025,34.9922,11,11,0,1.04051,0.942405,0.098104,0,1,1,0
9,1086,3,0.00493775,0.00493775,0.697888,0.699019,0.00113112,34.7916,34.7961,9,9,0,1.36923,1.3563,0.012936,0,1,1,0
9.1,1087,1,0.00471202,0.00471202,0.781682,0.780071,0.00161064,35.1267,35.1203,10,10,0,0.789307,0.745275,0.044032,0,1,1,0
9.1,1087,2,0.000801086,0.000801086,0.749701,0.750634,0.000932574,34.9988,35.0025,11,11,0,0.942405,0.935653,0.006752,0,1,1,1
9.1,1087,3,0.00479486,0.00479486,0.695791,0.697888,0.00209665,34.7832,34.7916,9,9,0,1.3563,1.33892,0.017376,0,1,1,0
9.2,1088,1,0.00517111,0.00517111,0.780318,0.781682,0.00136369,35.1213,35.1267,10,10,0,0.745275,0.783931,0.038656,0,1,1,0
9.2,1088,2,0.0142151,0.0142151,0.748949,0.749701,0.000752211,34.9958,34.9988,11,11,0,0.935653,1.03308,0.097424,0,1,1,0
9.2,1088,3,0.00361311,0.00361311,0.694202,0.695791,0.00158906,34.7768,34.7832,9,9,0,1.33892,1.32582,0.013104,0,1,1,0
9.3,1089,1,0.000459088,0.000459088,0.780071,0.780318,0.000246942,35.1203,35.1213,10,10,0,0.783931,0.789307,0.005376,0,1,1,1
9.3,1089,2,0.0128307,0.0128307,0.750685,0.748949,0.0017361,35.0027,34.9958,11,11,0,1.03308,0.945269,0.087808,0,1,1,0
9.3,1089,3,0.01057,0.01057,0.698549,0.694202,0.00434667,34.7942,34.7768,9,9,0,1.32582,1.3627,0.036888,0,1,1,0
9.4,1090,1,0.00393984,0.00393984,0.780623,0.780071,0.000551939,35.1225,35.1203,10,10,0,0.789307,0.759011,0.030296,0,1,1,0
9.4,1090,2,0.00224274,0.00224274,0.750984,0.750685,0.000298977,35.0039,35.0027,11,11,0,0.945269,0.957125,0.011856,0,1,1,0
9.4,1090,3,0.0103138,0.0103138,0.699873,0.698549,0.00132358,34.7995,34.7942,9,9,0,1.3627,1.3868,0.024096,0,1,1,0
9.5,1091,1,0.000928942,0.000928942,0.781976,0.780623,0.00135231,35.1279,35.1225,10,10,0,0.759011,0.741947,0.017064,0,1,1,0
9.5,1091,2,0.00950922,0.00950922,0.749556,0.750984,0.00142741,34.9982,35.0039,11,11,0,0.957125,1.02754,0.070416,0,1,1,0
9.5,1091,3,0.0174516,0.0174516,0.695712,0.699873,0.00416064,34.7828,34.7995,9,9,0,1.3868,1.33826,0.048536,0,1,1,0
9.6,1092,1,0.00529166,0.00529166,0.780299,0.781976,0.0016768,35.1212,35.1279,10,10,0,0.741947,0.784355,0.042408,0,1,1,0
9.6,1092,2,0.00142671,0.00142671,0.750386,0.749556,0.000829935,35.0015,34.9982,11,11,0,1.02754,1.02002,0.00752,0,1,1,1
9.6,1092,3,0.0102355,0.0102355,0.690661,0.695712,0.00505054,34.7626,34.7828,9,9,0,1.33826,1.29582,0.042448,0,1,1,0
9.7,1093,1,0.000832576,0.000832576,0.780539,0.780299,0.000240028,35.1222,35.1212,10,10,0,0.784355,0.778003,0.006352,0,1,1,1
9.7,1093,2,0.00807944,0.00807944,0.750985,0.750386,0.00059849,35.0039,35.0015,11,11,0,1.02002,0.957149,0.062872,0,1,1,0
9.7,1093,3,0.019631,0.019631,0.69896,0.690661,0.00829899,34.7958,34.7626,9,9,0,1.29582,1.36802,0.072208,0,1,1,0
9.8,1094,1,0.000489566,0.000489566,0.780597,0.780539,5.85318e-05,35.1224,35.1222,10,10,0,0.778003,0.776203,0.0018,0,1,1,1
9.8,1094,2,0.00950615,0.00950615,0.749556,0.750985,0.00142843,34.9982,35.0039,11,11,0,0.957149,1.02754,0.070392,0,1,1,0
9.8,1094,3,0.00921677,0.00921677,0.69579,0.69896,0.00316995,34.7832,34.7958,9,9,0,1.36802,1.33891,0.029112,0,1,1,0
9.9,1095,1,0.00118342,0.00118342,0.780224,0.780597,0.000373125,35.1209,35.1224,10,10,0,0.776203,0.785979,0.009776,0,1,1,1
9.9,1095,2,0.00390245,0.00390245,0.751997,0.749556,0.00244039,35.008,34.9982,11,11,0,1.02754,1.00399,0.023552,0,1,1,0
9.9,1095,3,0.00119801,0.00119801,0.695264,0.69579,0.000526071,34.7811,34.7832,9,9,0,1.33891,1.33457,0.004344,0,1,1,1
10,1096,1,0.00117035,0.00117035,0.780596,0.780224,0.000371575,35.1224,35.1209,10,10,0,0.785979,0.776251,0.009728,0,1,1,1
10,1096,2,0.00895648,0.00895648,0.74875,0.751997,0.00324672,34.995,35.008,11,11,0,1.00399,0.930741,0.073248,0,1,1,0
10,1096,3,0.00588677,0.00588677,0.692667,0.695264,0.00259739,34.7707,34.7811,9,9,0,1.33457,1.31321,0.02136,0,1,1,0
10.1,1097,1,0.00117107,0.00117107,0.780225,0.780596,0.000371218,35.1209,35.1224,10,10,0,0.776251,0.785971,0.00972,0,1,1,1
10.1,1097,2,0.0143207,0.0143207,0.748824,0.74875,7.36117e-05,34.9953,34.995,11,11,0,0.930741,1.03441,0.103664,0,1,1,0
10.1,1097,3,0.0245225,0.0245225,0.699891,0.692667,0.0072242,34.7996,34.7707,9,9,0,1.31321,1.38718,0.073976,0,0,1,0
10.2,1098,1,0.000284871,0.000284871,0.780071,0.780225,0.000153244,35.1203,35.1209,10,10,0,0.785971,0.789307,0.003336,0,1,1,1
10.2,1098,2,0.0118275,0.0118275,0.745331,0.748824,0.00349295,34.9813,34.9953,11,11,0,1.03441,0.916997,0.117408,0,1,1,0
10.2,1098,3,0.0156281,0.0156281,0.696583,0.699891,0.00330782,34.7863,34.7996,9,9,0,1.38718,1.34547,0.041712,0,1,1,0
10.3,1099,1,0,0,0.780071,0.780071,0,35.1203,35.1203,10,10,0,0.789307,0.789307,0,0,1,1,1
10.3,1099,2,0.00120127,0.00120127,0.751101,0.745331,0.00577062,35.0044,34.9813,11,11,0,0.916997,0.959805,0.042808,0,1,1,0
10.3,1099,3,0.0126371,0.0126371,0.699553,0.696583,0.00296962,34.7982,34.7863,9,9,0,1.34547,1.38022,0.034744,0,1,1,0
10.4,1100,1,0.000335416,0.000335416,0.780252,0.780071,0.000180423,35.121,35.1203,10,10,0,0.789307,0.785379,0.003928,0,1,1,1
10.4,1100,2,0.00329223,0.00329223,0.748177,0.751101,0.00292426,34.9927,35.0044,11,11,0,0.959805,0.928157,0.031648,0,1,1,0
10.4,1100,3,0.0196141,0.0196141,0.693515,0.699553,0.00603765,34.7741,34.7982,9,9,0,1.38022,1.32017,0.060048,0,1,1,0
10.5,1101,1,0.00029253,0.00029253,0.780485,0.780252,0.000232935,35.1219,35.121,10,10,0,0.785379,0.779667,0.005712,0,1,1,1
10.5,1101,2,0.010417,0.010417,0.750742,0.748177,0.00256521,35.003,34.9927,11,11,0,0.928157,1.01679,0.088632,0,1,1,0
10.5,1101,3,0.0024132,0.0024132,0.692447,0.693515,0.001068,34.7698,34.7741,9,9,0,1.32017,1.31141,0.00876,0,1,1,1
10.6,1102,1,0.000533003,0.000533003,0.780381,0.780485,0.000103712,35.1215,35.1219,10,10,0,0.779667,0.782563,0.002896,0,1,1,1
10.6,1102,2,0.0092968,0.0092968,0.746514,0.750742,0.00422829,34.9861,35.003,11,11,0,1.01679,0.921317,0.095472,0,1,1,0
10.6,1102,3,0.0115252,0.0115252,0.697516,0.692447,0.00506896,34.7901,34.7698,9,9,0,1.31141,1.35321,0.0418,0,1,1,0
10.7,1103,1,0.000537343,0.000537343,0.780485,0.780381,0.000104249,35.1219,35.1215,10,10,0,0.782563,0.779651,0.002912,0,1,1,1
10.7,1103,2,0.00957905,0.00957905,0.750579,0.746514,0.00406444,35.0023,34.9861,11,11,0,0.921317,1.01828,0.09696,0,1,1,0
10.7,1103,3,0.0115252,0.0115252,0.692447,0.697516,0.00506896,34.7698,34.7901,9,9,0,1.35321,1.31141,0.0418,0,1,1,0
10.8,1104,1,0.000537343,0.000537343,0.780381,0.780485,0.000104249,35.1215,35.1219,10,10,0,0.779651,0.782563,0.002912,0,1,1,1
10.8,1104,2,0.0100336,0.0100336,0.750682,0.750579,0.000102997,35.0027,35.0023,11,11,0,1.01828,0.945077,0.0732,0,1,1,0
10.8,1104,3,0.0225046,0.0225046,0.699607,0.692447,0.00715959,34.7984,34.7698,9,9,0,1.31141,1.38133,0.06992,0,0,1,0
10.9,1105,1,0.00325049,0.00325049,0.780762,0.780381,0.000380874,35.123,35.1215,10,10,0,0.782563,0.768827,0.013736,0,1,1,0
10.9,1105,2,0.00800663,0.00800663,0.751957,0.750682,0.00127554,35.0078,35.0027,11,11,0,0.945077,1.00544,0.06036,0,1,1,0
10.9,1105,3,0.0173374,0.0173374,0.69473,0.699607,0.00487709,34.7789,34.7984,9,9,0,1.38133,1.33016,0.051168,0,1,1,0
11,1106,1,0,0,0.780762,0.780762,0,35.123,35.123,10,10,0,0.768827,0.768827,0,0,1,1,1
11,1106,2,0.0103353,0.0103353,0.74577,0.751957,0.00618744,34.9831,35.0078,11,11,0,1.00544,1.05627,0.050832,0,1,1,0
11,1106,3,0.00791907,0.00791907,0.691092,0.69473,0.00363743,34.7644,34.7789,9,9,0,1.33016,1.30008,0.03008,0,1,1,0
11.1,1107,1,0.00278385,0.00278385,0.78013,0.780762,0.00063163,35.1205,35.123,10,10,0,0.768827,0.788027,0.0192,0,1,1,0
11.1,1107,2,0.0112449,0.0112449,0.752264,0.74577,0.00649446,35.0091,34.9831,11,11,0,1.05627,0.994277,0.061992,0,1,1,0
11.1,1107,3,0.00174076,0.00174076,0.691999,0.691092,0.000906348,34.768,34.7644,9,9,0,1.30008,1.30774,0.007656,0,1,1,1
11.2,1108,1,0.00155253,0.00155253,0.780662,0.78013,0.00053215,35.1226,35.1205,10,10,0,0.788027,0.774203,0.013824,0,1,1,0
11.2,1108,2,0.00569719,0.00569719,0.750804,0.752264,0.00146043,35.0032,35.0091,11,11,0,0.994277,0.951741,0.042536,0,1,1,0
11.2,1108,3,0.00177956,0.00177956,0.690888,0.691999,0.00111085,34.7636,34.768,9,9,0,1.30774,1.29806,0.00968,0,1,1,1
11.3,1109,1,3.47979e-05,3.47979e-05,0.780658,0.780662,4.17233e-06,35.1226,35.1226,10,10,0,0.774203,0.774331,0.000128,0,1,1,1
11.3,1109,2,0.0122544,0.0122544,0.748693,0.750804,0.00211102,34.9948,35.0032,11,11,0,0.951741,1.0358,0.084056,0,1,1,0
11.3,1109,3,0.000376515,0.000376515,0.679594,0.690888,0.011294,34.7184,34.7636,9,9,0,1.29806,1.2193,0.07876,0,1,1,0
11.4,1110,1,0.00153282,0.00153282,0.780138,0.780658,0.000519931,35.1206,35.1226,10,10,0,0.774331,0.787851,0.01352,0,1,1,0
11.4,1110,2,0.00521298,0.00521298,0.751653,0.748693,0.00296068,35.0066,34.9948,11,11,0,1.0358,1.00878,0.027016,0,1,1,0
11.4,1110,3,0.0386395,0.0386395,0.701154,0.679594,0.0215605,34.8046,34.7184,9,9,0,1.2193,1.41326,0.193968,0,0,0,0
11.5,1111,1,0.00151979,0.00151979,0.780657,0.780138,0.000518322,35.1226,35.1206,10,10,0,0.787851,0.774379,0.013472,0,1,1,0
11.5,1111,2,0.00696157,0.00696157,0.750811,0.751653,0.00084275,35.0032,35.0066,11,11,0,1.00878,0.952101,0.05668,0,1,1,0
11.5,1111,3,0.0399966,0.0399966,0.683631,0.701154,0.0175236,34.7345,34.8046,9,9,0,1.41326,1.25801,0.155256,0,0,1,0
11.6,1112,1,0.00127915,0.00127915,0.780762,0.780657,0.000105262,35.123,35.1226,10,10,0,0.774379,0.768827,0.005552,0,1,1,1
11.6,1112,2,0.0109748,0.0109748,0.74917,0.750811,0.00164074,34.9967,35.0032,11,11,0,0.952101,1.03104,0.078936,0,1,1,0
11.6,1112,3,0.00026679,0.00026679,0.681294,0.683631,0.00233692,34.7252,34.7345,9,9,0,1.25801,1.24626,0.011752,0,1,1,0
11.7,1113,1,0.00279894,0.00279894,0.780138,0.780762,0.000623584,35.1206,35.123,10,10,0,0.768827,0.787851,0.019024,0,1,1,0
11.7,1113,2,0.00307782,0.00307782,0.75096,0.74917,0.00178999,35.0038,34.9967,11,11,0,1.03104,1.01481,0.016224,0,1,1,0
11.7,1113,3,0.0169126,0.0169126,0.698105,0.681294,0.0168106,34.7924,34.7252,9,9,0,1.24626,1.3581,0.11184,0,1,1,0
11.8,1114,1,1.84476e-05,1.84476e-05,0.780128,0.780138,9.95398e-06,35.1205,35.1206,10,10,0,0.787851,0.788067,0.000216,0,1,1,1
11.8,1114,2,0.00973843,0.00973843,0.75065,0.75096,0.000310183,35.0026,35.0038,11,11,0,1.01481,0.943301,0.071512,0,1,1,0
11.8,1114,3,0.0113739,0.0113739,0.693112,0.698105,0.0049926,34.7724,34.7924,9,9,0,1.3581,1.31686,0.04124,0,1,1,0
11.9,1115,1,0.00278049,0.00278049,0.780762,0.780128,0.000633538,35.123,35.1205,10,10,0,0.788067,0.768827,0.01924,0,1,1,0
11.9,1115,2,0.0108885,0.0108885,0.750292,0.75065,0.000357568,35.0012,35.0026,11,11,0,0.943301,1.02088,0.077576,0,1,1,0
11.9,1115,3,0.00487469,0.00487469,0.686803,0.693112,0.00630921,34.7472,34.7724,9,9,0,1.31686,1.27306,0.0438,0,1,1,0
12,1116,1,2.05263e-06,2.05263e-06,0.780762,0.780762,2.38419e-07,35.123,35.123,10,10,0,0.768827,0.768811,1.6e-05,0,1,1,1
12,1116,2,0.00151078,0.00151078,0.751207,0.750292,0.000914633,35.0048,35.0012,11,11,0,1.02088,1.01264,0.00824,0,1,1,1
12,1116,3,0.000260785,0.000260785,0.688871,0.686803,0.00206852,34.7555,34.7472,9,9,0,1.27306,1.28294,0.00988,0,1,1,1
12.1,1117,1,0.00053701,0.00053701,0.780745,0.780762,1.60933e-05,35.123,35.123,10,10,0,0.768811,0.771643,0.002832,1,1,1,1
12.1,1117,2,0.00850074,0.00850074,0.746307,0.751207,0.00489956,34.9852,35.0048,11,11,0,1.01264,1.05255,0.039912,1,1,1,0
12.1,1117,3,0.000212923,0.000212923,0.690309,0.688871,0.00143802,34.7612,34.7555,9,9,0,1.28294,1.29234,0.0094,1,1,1,1
12.2,1118,1,0.00196814,0.00196814,0.779979,0.780745,0.000766456,35.1199,35.123,10,10,0,0.771643,0.791315,0.019672,0,1,1,0
12.2,1118,2,0.014361,0.014361,0.751282,0.746307,0.00497466,35.0051,34.9852,11,11,0,1.05255,0.963917,0.088632,0,1,1,0
12.2,1118,3,0.0120456,0.0120456,0.696476,0.690309,0.00616688,34.7859,34.7612,9,9,0,1.29234,1.34458,0.052248,0,1,1,0
12.3,1119,1,0.000181694,0.000181694,0.779881,0.779979,9.77516e-05,35.1195,35.1199,10,10,0,0.791315,0.793443,0.002128,0,1,1,1
12.3,1119,2,0.00257871,0.00257871,0.752159,0.751282,0.000877082,35.0086,35.0051,11,11,0,0.963917,0.983949,0.020032,0,1,1,0
12.3,1119,3,0.0107577,0.0107577,0.691732,0.696476,0.00474453,34.7669,34.7859,9,9,0,1.34458,1.30555,0.039032,0,1,1,0
12.4,1120,1,0.0023214,0.0023214,0.780762,0.779881,0.000880539,35.123,35.1195,10,10,0,0.793443,0.768827,0.024616,0,1,1,0
12.4,1120,2,0.00306211,0.00306211,0.751377,0.752159,0.000781536,35.0055,35.0086,11,11,0,0.983949,1.01117,0.027216,0,1,1,0
12.4,1120,3,0.00118761,0.00118761,0.690839,0.691732,0.000892997,34.7634,34.7669,9,9,0,1.30555,1.29757,0.007984,0,1,1,1
12.5,1121,1,2.05263e-06,2.05263e-06,0.780762,0.780762,2.38419e-07,35.123,35.123,10,10,0,0.768827,0.768811,1.6e-05,0,1,1,1
12.5,1121,2,0.000200242,0.000200242,0.751533,0.751377,0.000155628,35.0061,35.0055,11,11,0,1.01117,1.00982,0.001344,0,1,1,1
12.5,1121,3,0.000354111,0.000354111,0.688547,0.690839,0.00229156,34.7542,34.7634,9,9,0,1.29757,1.28138,0.016184,0,1,1,0
12.6,1122,1,2.05263e-06,2.05263e-06,0.780762,0.780762,2.38419e-07,35.123,35.123,10,10,0,0.768811,0.768827,1.6e-05,0,1,1,1
12.6,1122,2,0.00853139,0.00853139,0.746561,0.751533,0.00497162,34.9862,35.0061,11,11,0,1.00982,1.05081,0.040984,0,1,1,0
12.6,1122,3,0.00132366,0.00132366,0.691635,0.688547,0.0030877,34.7665,34.7542,9,9,0,1.28138,1.30476,0.023376,0,1,1,0
12.7,1123,1,0.00203306,0.00203306,0.779726,0.780762,0.00103581,35.1189,35.123,10,10,0,0.768827,0.796819,0.027992,0,1,1,0
12.7,1123,2,0.0134366,0.0134366,0.751464,0.746561,0.00490284,35.0059,34.9862,11,11,0,1.05081,0.968077,0.082728,0,1,1,0
12.7,1123,3,0.00378964,0.00378964,0.693315,0.691635,0.0016799,34.7733,34.7665,9,9,0,1.30476,1.31852,0.01376,0,1,1,0
12.8,1124,1,0.000758365,0.000758365,0.780134,0.779726,0.000408173,35.1205,35.1189,10,10,0,0.796819,0.787939,0.00888,0,1,1,1
12.8,1124,2,0.00125122,0.00125122,0.75189,0.751464,0.000425637,35.0076,35.0059,11,11,0,0.968077,0.977797,0.00972,0,1,1,1
12.8,1124,3,0.00499128,0.00499128,0.689512,0.693315,0.0038026,34.758,34.7733,9,9,0,1.31852,1.28601,0.032512,0,1,1,0
12.9,1125,1,0.00279142,0.00279142,0.780762,0.780134,0.000627637,35.123,35.1205,10,10,0,0.787939,0.768827,0.019112,0,1,1,0
12.9,1125,2,0.00365403,0.00365403,0.751533,0.75189,0.000356853,35.0061,35.0076,11,11,0,0.977797,1.00982,0.032024,0,1,1,0
12.9,1125,3,0.000169367,0.000169367,0.688172,0.689512,0.00133967,34.7527,34.758,9,9,0,1.28601,1.27959,0.006416,0,1,1,1
13,1126,1,2.05263e-06,2.05263e-06,0.780762,0.780762,2.38419e-07,35.123,35.123,10,10,0,0.768827,0.768811,1.6e-05,0,1,1,1
13,1126,2,0.00221115,0.00221115,0.750129,0.751533,0.00140411,35.0005,35.0061,11,11,0,1.00982,1.02236,0.012536,0,1,1,0
13,1126,3,0.000388138,0.000388138,0.690768,0.688172,0.0025959,34.7631,34.7527,9,9,0,1.27959,1.29687,0.01728,0,1,1,0
13.1,1127,1,0.00225387,0.00225387,0.78054,0.780762,0.000221193,35.1222,35.123,10,10,0,0.768811,0.777955,0.009144,0,1,1,1
13.1,1127,2,0.00382422,0.00382422,0.748188,0.750129,0.00194108,34.9928,35.0005,11,11,0,1.02236,1.03961,0.017256,0,1,1,0
13.1,1127,3,0.000392795,0.000392795,0.688136,0.690768,0.00263268,34.7525,34.7631,9,9,0,1.29687,1.27942,0.017456,0,1,1,0
13.2,1128,1,0.000783054,0.000783054,0.779422,0.78054,0.00111854,35.1177,35.1222,10,10,0,0.777955,0.803427,0.025472,0,1,1,0
13.2,1128,2,0.0118734,0.0118734,0.751146,0.748188,0.0029586,35.0046,34.9928,11,11,0,1.03961,0.960829,0.078784,0,1,1,0
13.2,1128,3,0.000288382,0.000288382,0.690217,0.688136,0.00208133,34.7609,34.7525,9,9,0,1.27942,1.29142,0.012008,0,1,1,0
13.3,1129,1,0.0012017,0.0012017,0.780069,0.779422,0.000647306,35.1203,35.1177,10,10,0,0.803427,0.789355,0.014072,0,1,1,0
13.3,1129,2,0.00252181,0.00252181,0.752005,0.751146,0.000858247,35.008,35.0046,11,11,0,0.960829,0.980421,0.019592,0,1,1,0
13.3,1129,3,0.0033365,0.0033365,0.692633,0.690217,0.00241596,34.7705,34.7609,9,9,0,1.29142,1.31293,0.021504,0,1,1,0
13.4,1130,1,0.000775389,0.000775389,0.779652,0.780069,0.000417471,35.1186,35.1203,10,10,0,0.789355,0.798435,0.00908,0,1,1,1
13.4,1130,2,0.00373584,0.00373584,0.751207,0.752005,0.000797927,35.0048,35.008,11,11,0,0.980421,1.01264,0.032216,0,1,1,0
13.4,1130,3,0.00324144,0.00324144,0.690719,0.692633,0.00191402,34.7629,34.7705,9,9,0,1.31293,1.29638,0.016544,0,1,1,0
13.5,1131,1,0.000390079,0.000390079,0.779862,0.779652,0.000210047,35.1194,35.1186,10,10,0,0.798435,0.793867,0.004568,0,1,1,1
13.5,1131,2,0.00179149,0.00179149,0.750129,0.751207,0.00107783,35.0005,35.0048,11,11,0,1.01264,1.02236,0.00972,0,1,1,1
13.5,1131,3,0.000593632,0.000593632,0.691458,0.690719,0.00073868,34.7658,34.7629,9,9,0,1.29638,1.30331,0.006928,0,1,1,1
13.6,1132,1,8.0606e-05,8.0606e-05,0.779818,0.779862,4.33326e-05,35.1193,35.1194,10,10,0,0.793867,0.794811,0.000944,1,1,1,1
13.6,1132,2,0.00453767,0.00453767,0.747724,0.750129,0.00240517,34.9909,35.0005,11,11,0,1.02236,1.04281,0.020456,1,1,1,0
13.6,1132,3,0.000961229,0.000961229,0.688261,0.691458,0.00319648,34.753,34.7658,9,9,0,1.30331,1.28002,0.023296,1,1,1,0
13.7,1133,1,1.43982e-05,1.43982e-05,0.779826,0.779818,7.689e-06,35.1193,35.1193,10,10,0,0.794811,0.794643,0.000168,0,1,1,1
13.7,1133,2,0.0131271,0.0131271,0.750962,0.747724,0.00323838,35.0038,34.9909,11,11,0,1.04281,0.956629,0.086184,0,1,1,0
13.7,1133,3,0.000258103,0.000258103,0.690141,0.688261,0.00187963,34.7606,34.753,9,9,0,1.28002,1.29067,0.010656,0,1,1,0
13.8,1134,1,0.002283,0.002283,0.779265,0.779826,0.00056082,35.1171,35.1193,10,10,0,0.794643,0.808547,0.013904,0,1,1,0
13.8,1134,2,0.00364926,0.00364926,0.752204,0.750962,0.00124192,35.0088,35.0038,11,11,0,0.956629,0.984981,0.028352,0,1,1,0
13.8,1134,3,0.00204882,0.00204882,0.692055,0.690141,0.00191474,34.7682,34.7606,9,9,0,1.29067,1.3082,0.017528,0,1,1,0
13.9,1135,1,0.00273866,0.00273866,0.780071,0.779265,0.000806034,35.1203,35.1171,10,10,0,0.808547,0.789307,0.01924,0,1,1,0
13.9,1135,2,0.00314635,0.00314635,0.751209,0.752204,0.000995457,35.0048,35.0088,11,11,0,0.984981,1.01262,0.02764,0,1,1,0
13.9,1135,3,0.00291925,0.00291925,0.683378,0.692055,0.00867695,34.7335,34.7682,9,9,0,1.3082,1.25682,0.051384,0,1,1,0
14,1136,1,0,0,0.780071,0.780071,0,35.1203,35.1203,10,10,0,0.789307,0.789307,0,0,1,1,1
14,1136,2,0.00125669,0.00125669,0.750441,0.751209,0.000767529,35.0018,35.0048,11,11,0,1.01262,1.01953,0.006904,0,1,1,1
14,1136,3,0.0010054,0.0010054,0.679787,0.683378,0.003591,34.7191,34.7335,9,9,0,1.25682,1.22507,0.031744,0,1,1,0
14.1,1137,1,0,0,0.780071,0.780071,0,35.1203,35.1203,10,10,0,0.789307,0.789307,0,0,1,1,1
14.1,1137,2,0.00125553,0.00125553,0.751208,0.750441,0.000766635,35.0048,35.0018,11,11,0,1.01953,1.01263,0.006896,0,1,1,1
14.1,1137,3,0.000834636,0.000834636,0.684747,0.679787,0.00495929,34.739,34.7191,9,9,0,1.22507,1.26329,0.038216,0,1,1,0
14.2,1138,1,0.000240469,0.000240469,0.779942,0.780071,0.000129342,35.1198,35.1203,10,10,0,0.789307,0.792123,0.002816,0,1,1,1
14.2,1138,2,0.00849842,0.00849842,0.746309,0.751208,0.00489825,34.9852,35.0048,11,11,0,1.01263,1.05253,0.039904,0,1,1,0
14.2,1138,3,0.000173323,0.000173323,0.683358,0.684747,0.00138867,34.7334,34.739,9,9,0,1.26329,1.25672,0.006568,0,1,1,1
14.3,1139,1,0.0129592,0.0129592,0.779655,0.779942,0.000287056,35.1186,35.1198,10,10,0,0.792123,0.835995,0.043872,0,1,1,0
14.3,1139,2,0.0137881,0.0137881,0.751476,0.746309,0.00516635,35.0059,34.9852,11,11,0,1.05253,0.968341,0.084192,0,1,1,0
14.3,1139,3,0.00160474,0.00160474,0.69147,0.683358,0.00811219,34.7659,34.7334,9,9,0,1.25672,1.30342,0.046696,0,1,1,0
14.4,1140,1,0.0127958,0.0127958,0.779854,0.779655,0.000199139,35.1194,35.1186,10,10,0,0.835995,0.794035,0.04196,0,1,1,0
14.4,1140,2,0.00463465,0.00463465,0.750543,0.751476,0.000932515,35.0022,35.0059,11,11,0,0.968341,0.940565,0.027776,0,1,1,0
14.4,1140,3,0.00162878,0.00162878,0.683165,0.69147,0.00830537,34.7327,34.7659,9,9,0,1.30342,1.25581,0.047608,0,1,1,0
14.5,1141,1,0.00227286,0.00227286,0.780762,0.779854,0.00090754,35.123,35.1194,10,10,0,0.794035,0.768811,0.025224,0,1,1,0
14.5,1141,2,0.011714,0.011714,0.750131,0.750543,0.000412643,35.0005,35.0022,11,11,0,0.940565,1.02234,0.081776,0,1,1,0
14.5,1141,3,1.49682e-05,1.49682e-05,0.683285,0.683165,0.000120401,34.7331,34.7327,9,9,0,1.25581,1.25638,0.000568,0,1,1,1
14.6,1142,1,2.05263e-06,2.05263e-06,0.780762,0.780762,2.38419e-07,35.123,35.123,10,10,0,0.768811,0.768827,1.6e-05,0,1,1,1
14.6,1142,2,0.00454068,0.00454068,0.747724,0.750131,0.0024069,34.9909,35.0005,11,11,0,1.02234,1.04281,0.020472,0,1,1,0
14.6,1142,3,2.78726e-05,2.78726e-05,0.683061,0.683285,0.000223815,34.7322,34.7331,9,9,0,1.25638,1.25532,0.001056,0,1,1,1
14.7,1143,1,0.0107588,0.0107588,0.779678,0.780762,0.00108349,35.1187,35.123,10,10,0,0.768827,0.836427,0.0676,0,1,1,0
14.7,1143,2,0.0107221,0.0107221,0.751781,0.747724,0.00405759,35.0071,34.9909,11,11,0,1.04281,0.975317,0.067496,0,1,1,0
14.7,1143,3,2.00644e-05,2.00644e-05,0.683223,0.683061,0.000161111,34.7329,34.7322,9,9,0,1.25532,1.25608,0.00076,0,1,1,1
14.8,1144,1,0.013889,0.013889,0.780316,0.779678,0.000638068,35.1213,35.1187,10,10,0,0.836427,0.783971,0.052456,0,1,1,0
14.8,1144,2,0.00106604,0.00106604,0.752144,0.751781,0.000362217,35.0086,35.0071,11,11,0,0.975317,0.983597,0.00828,0,1,1,1
14.8,1144,3,0.000377752,0.000377752,0.686243,0.683223,0.00302047,34.745,34.7329,9,9,0,1.25608,1.27039,0.014312,0,1,1,0
14.9,1145,1,0.00313026,0.00313026,0.780762,0.780316,0.000445426,35.123,35.1213,10,10,0,0.783971,0.768827,0.015144,0,1,1,0
14.9,1145,2,0.00511539,0.00511539,0.750131,0.752144,0.00201291,35.0005,35.0086,11,11,0,0.983597,1.02234,0.038744,0,1,1,0
14.9,1145,3,0.000130661,0.000130661,0.685201,0.686243,0.00104243,34.7408,34.745,9,9,0,1.27039,1.26544,0.004952,0,1,1,1
15,1146,1,0,0,0.780762,0.780762,0,35.123,35.123,10,10,0,0.768827,0.768827,0,0,1,1,1
15,1146,2,0.00151277,0.00151277,0.751009,0.750131,0.000878453,35.004,35.0005,11,11,0,1.02234,1.01437,0.007976,0,1,1,1
15,1146,3,6.55726e-05,6.55726e-05,0.679954,0.685201,0.00524676,34.7198,34.7408,9,9,0,1.26544,1.23197,0.033472,0,1,1,0
15.1,1147,1,0,0,0.780762,0.780762,0,35.123,35.123,10,10,0,0.768827,0.768827,0,0,1,1,1
15.1,1147,2,0.00782883,0.00782883,0.746566,0.751009,0.00444305,34.9863,35.004,11,11,0,1.01437,1.05077,0.036408,0,1,1,0
15.1,1147,3,0.000399254,0.000399254,0.682527,0.679954,0.00257313,34.7301,34.7198,9,9,0,1.23197,1.2528,0.020832,0,1,1,0
15.2,1148,1,0.0118586,0.0118586,0.779788,0.780762,0.000973403,35.1192,35.123,10,10,0,0.768827,0.838459,0.069632,0,1,1,0
15.2,1148,2,0.00979593,0.00979593,0.752187,0.746566,0.00562131,35.0087,34.9863,11,11,0,1.05077,0.997069,0.053704,0,1,1,0
15.2,1148,3,7.65994e-05,7.65994e-05,0.68191,0.682527,0.000616908,34.7276,34.7301,9,9,0,1.2528,1.2499,0.002904,0,1,1,1
15.3,1149,1,0.0127401,0.0127401,0.779356,0.779788,0.00043273,35.1174,35.1192,10,10,0,0.838459,0.805507,0.032952,0,1,1,0
15.3,1149,2,0.0081784,0.0081784,0.750595,0.752187,0.00159276,35.0024,35.0087,11,11,0,0.997069,0.940941,0.056128,0,1,1,0
15.3,1149,3,0.000846535,0.000846535,0.688669,0.68191,0.00675893,34.7547,34.7276,9,9,0,1.2499,1.28197,0.032072,0,1,1,0
15.4,1150,1,0.00077513,0.00077513,0.779523,0.779356,0.000167489,35.1181,35.1174,10,10,0,0.805507,0.801227,0.00428,0,1,1,1
15.4,1150,2,0.0162008,0.0162008,0.747722,0.750595,0.00287211,34.9909,35.0024,11,11,0,0.940941,1.04282,0.10188,0,1,1,0
15.4,1150,3,0.000770345,0.000770345,0.682524,0.688669,0.00614542,34.7301,34.7547,9,9,0,1.28197,1.25278,0.029184,0,1,1,0
15.5,1151,1,0.0144745,0.0144745,0.779934,0.779523,0.000411034,35.1197,35.1181,10,10,0,0.801227,0.840219,0.038992,0,1,1,0
15.5,1151,2,0.00644308,0.00644308,0.751294,0.747722,0.00357139,35.0052,34.9909,11,11,0,1.04282,1.01189,0.030936,0,1,1,0
15.5,1151,3,7.61896e-05,7.61896e-05,0.68191,0.682524,0.000613511,34.7276,34.7301,9,9,0,1.25278,1.2499,0.002888,0,1,1,1
15.6,1152,1,0.0125075,0.0125075,0.779242,0.779934,0.000692487,35.117,35.1197,10,10,0,0.840219,0.809339,0.03088,0,1,1,0
15.6,1152,2,0.0034167,0.0034167,0.752075,0.751294,0.000781119,35.0083,35.0052,11,11,0,1.01189,0.982029,0.029856,0,1,1,0
15.6,1152,3,0.0004953,0.0004953,0.68588,0.68191,0.00396955,34.7435,34.7276,9,9,0,1.2499,1.26866,0.018768,0,1,1,0
15.7,1153,1,0.0019684,0.0019684,0.779524,0.779242,0.000282168,35.1181,35.117,10,10,0,0.809339,0.801211,0.008128,0,1,1,1
15.7,1153,2,0.00531729,0.00531729,0.750131,0.752075,0.00194436,35.0005,35.0083,11,11,0,0.982029,1.02234,0.040312,0,1,1,0
15.7,1153,3,0.000419743,0.000419743,0.682519,0.68588,0.00336111,34.7301,34.7435,9,9,0,1.26866,1.25276,0.015904,0,1,1,0
15.8,1154,1,0.00499336,0.00499336,0.779193,0.779524,0.000330925,35.1168,35.1181,10,10,0,0.801211,0.818139,0.016928,0,1,1,0
15.8,1154,2,0.00131148,0.00131148,0.749367,0.750131,0.000763357,34.9975,35.0005,11,11,0,1.02234,1.02925,0.006912,0,1,1,1
15.8,1154,3,0.000127561,0.000127561,0.681234,0.682519,0.00128448,34.7249,34.7301,9,9,0,1.25276,1.24572,0.00704,0,1,1,1
15.9,1155,1,0.00196777,0.00196777,0.77931,0.779193,0.000117362,35.1172,35.1168,10,10,0,0.818139,0.823291,0.005152,0,1,1,1
15.9,1155,2,0.00294617,0.00294617,0.751087,0.749367,0.00171983,35.0043,34.9975,11,11,0,1.02925,1.01367,0.015584,0,1,1,0
15.9,1155,3,0.000698499,0.000698499,0.687083,0.681234,0.005849,34.7483,34.7249,9,9,0,1.24572,1.27439,0.028672,0,1,1,0
16,1156,1,0.00221235,0.00221235,0.779442,0.77931,0.000131786,35.1178,35.1172,10,10,0,0.823291,0.829083,0.005792,0,1,1,1
16,1156,2,0.00578755,0.00578755,0.751359,0.751087,0.000271916,35.0054,35.0043,11,11,0,1.01367,0.965677,0.047992,0,1,1,0
16,1156,3,0.000213519,0.000213519,0.688776,0.687083,0.00169289,34.7551,34.7483,9,9,0,1.27439,1.28248,0.008088,0,1,1,1
16.1,1157,1,0.00917211,0.00917211,0.779523,0.779442,8.10623e-05,35.1181,35.1178,10,10,0,0.829083,0.801227,0.027856,0,1,1,0
16.1,1157,2,0.0142756,0.0142756,0.746215,0.751359,0.00514406,34.9849,35.0054,11,11,0,0.965677,1.05318,0.087504,0,1,1,0
16.1,1157,3,0.000913464,0.000913464,0.681356,0.688776,0.00742036,34.7254,34.7551,9,9,0,1.28248,1.24681,0.035672,0,1,1,0
16.2,1158,1,0.00691089,0.00691089,0.779307,0.779523,0.000215828,35.1172,35.1181,10,10,0,0.801227,0.823163,0.021936,0,1,1,0
16.2,1158,2,0.00896616,0.00896616,0.751459,0.746215,0.00524396,35.0058,34.9849,11,11,0,1.05318,1.01046,0.04272,0,1,1,0
16.2,1158,3,0.00119072,0.00119072,0.690585,0.681356,0.00922972,34.7623,34.7254,9,9,0,1.24681,1.29506,0.048256,0,1,1,0
16.3,1159,1,0.00123448,0.00123448,0.779381,0.779307,7.36117e-05,35.1175,35.1172,10,10,0,0.823163,0.826395,0.003232,0,1,1,1
16.3,1159,2,0.00476064,0.00476064,0.751546,0.751459,8.69632e-05,35.0062,35.0058,11,11,0,1.01046,0.969941,0.04052,0,1,1,0
16.3,1159,3,0.000556417,0.000556417,0.686561,0.690585,0.00402445,34.7462,34.7623,9,9,0,1.29506,1.2719,0.02316,0,1,1,0
16.4,1160,1,0.00814537,0.00814537,0.779523,0.779381,0.000142217,35.1181,35.1175,10,10,0,0.826395,0.801227,0.025168,0,1,1,0
16.4,1160,2,0.00671713,0.00671713,0.750221,0.751546,0.00132436,35.0009,35.0062,11,11,0,0.969941,1.02152,0.051576,0,1,1,0
16.4,1160,3,0.000585899,0.000585899,0.681869,0.686561,0.0046916,34.7275,34.7462,9,9,0,1.2719,1.2497,0.0222,0,1,1,0
16.5,1161,1,0,0,0.779523,0.779523,0,35.1181,35.1181,10,10,0,0.801227,0.801227,0,0,1,1,1
16.5,1161,2,0.00244778,0.00244778,0.748875,0.750221,0.00134653,34.9955,35.0009,11,11,0,1.02152,1.03386,0.012344,0,1,1,0
16.5,1161,3,0.00873339,0.00873339,0.674468,0.681869,0.00740165,34.6979,34.7275,9,9,0,1.2497,1.17279,0.076912,0,1,1,0
16.6,1162,1,0.00769311,0.00769311,0.779354,0.779523,0.000169158,35.1174,35.1181,10,10,0,0.801227,0.825211,0.023984,0,1,1,0
16.6,1162,2,0.00466056,0.00466056,0.751658,0.748875,0.002783,35.0066,34.9955,11,11,0,1.03386,1.00874,0.02512,0,1,1,0
16.6,1162,3,0.00781489,0.00781489,0.689198,0.674468,0.0147308,34.7568,34.6979,9,9,0,1.17279,1.2845,0.111712,0,1,1,0
16.7,1163,1,0.00273448,0.00273448,0.779482,0.779354,0.000128388,35.1179,35.1174,10,10,0,0.825211,0.832707,0.007496,0,1,1,1
16.7,1163,2,0.00968798,0.00968798,0.749962,0.751658,0.00169611,34.9998,35.0066,11,11,0,1.00874,0.937109,0.071632,0,1,1,0
16.7,1163,3,0.000358023,0.000358023,0.679743,0.689198,0.00945562,34.719,34.7568,9,9,0,1.2845,1.22377,0.060736,0,1,1,0
16.8,1164,1,0.00592752,0.00592752,0.779164,0.779482,0.000318766,35.1167,35.1179,10,10,0,0.832707,0.816851,0.015856,0,1,1,0
16.8,1164,2,0.00772493,0.00772493,0.752273,0.749962,0.00231117,35.0091,34.9998,11,11,0,0.937109,0.989309,0.0522,0,1,1,0
16.8,1164,3,0.00096751,0.00096751,0.684351,0.679743,0.00460863,34.7374,34.719,9,9,0,1.22377,1.26142,0.037648,0,1,1,0
16.9,1165,1,0.00592752,0.00592752,0.779482,0.779164,0.000318766,35.1179,35.1167,10,10,0,0.816851,0.832707,0.015856,0,1,1,0
16.9,1165,2,0.000677094,0.000677094,0.75218,0.752273,9.34601e-05,35.0087,35.0091,11,11,0,0.989309,0.984421,0.004888,0,1,1,1
16.9,1165,3,0.0010172,0.0010172,0.679716,0.684351,0.00463516,34.7189,34.7374,9,9,0,1.26142,1.22299,0.038424,0,1,1,0
17,1166,1,0.0104276,0.0104276,0.779523,0.779482,4.07696e-05,35.1181,35.1179,10,10,0,0.832707,0.801227,0.03148,0,1,1,0
17,1166,2,0.00562243,0.00562243,0.749774,0.75218,0.00240564,34.9991,35.0087,11,11,0,0.984421,1.02557,0.041152,0,1,1,0
17,1166,3,0.00143384,0.00143384,0.679278,0.679716,0.000438511,34.7171,34.7189,9,9,0,1.22299,1.20685,0.016144,0,1,1,0
17.1,1167,1,0.0109781,0.0109781,0.779534,0.779523,1.12057e-05,35.1181,35.1181,10,10,0,0.801227,0.833771,0.032544,0,1,1,0
17.1,1167,2,0.0114584,0.0114584,0.750678,0.749774,0.000903964,35.0027,34.9991,11,11,0,1.02557,0.944877,0.080696,0,1,1,0
17.1,1167,3,0.00209367,0.00209367,0.687201,0.679278,0.00792277,34.7488,34.7171,9,9,0,1.20685,1.27495,0.068104,0,1,1,0
17.2,1168,1,0.00688747,0.00688747,0.779139,0.779534,0.000395119,35.1166,35.1181,10,10,0,0.833771,0.815779,0.017992,0,1,1,0
17.2,1168,2,1.65403e-06,1.65403e-06,0.750678,0.750678,1.78814e-07,35.0027,35.0027,11,11,0,0.944877,0.944885,8e-06,0,1,1,1
17.2,1168,3,0.00151264,0.00151264,0.67943,0.687201,0.00777018,34.7177,34.7488,9,9,0,1.27495,1.21285,0.062104,0,1,1,0
17.3,1169,1,0.00409059,0.00409059,0.779523,0.779139,0.000383914,35.1181,35.1166,10,10,0,0.815779,0.801227,0.014552,0,1,1,0
17.3,1169,2,0.0166243,0.0166243,0.746916,0.750678,0.00376254,34.9877,35.0027,11,11,0,0.944885,1.04837,0.103488,0,1,1,0
17.3,1169,3,0.00452729,0.00452729,0.676494,0.67943,0.00293589,34.706,34.7177,9,9,0,1.21285,1.18218,0.030664,0,1,1,0
17.4,1170,1,0.016704,0.016704,0.779876,0.779523,0.00035274,35.1195,35.1181,10,10,0,0.801227,0.844955,0.043728,0,1,1,0
17.4,1170,2,0.0017368,0.0017368,0.733395,0.746916,0.0135203,34.9336,34.9877,11,11,0,1.04837,0.873701,0.174672,0,1,1,0
17.4,1170,3,0.00312345,0.00312345,0.679019,0.676494,0.00252497,34.7161,34.706,9,9,0,1.18218,1.19962,0.01744,0,1,1,0
17.5,1171,1,0.00662098,0.00662098,0.778471,0.779876,0.00140446,35.1139,35.1195,10,10,0,0.844955,0.868443,0.023488,0,1,1,0
17.5,1171,2,0.0249796,0.0249796,0.712914,0.733395,0.0204817,34.8517,34.9336,11,11,0,0.873701,0.814525,0.059176,0,0,0,0
17.5,1171,3,0.00295241,0.00295241,0.686915,0.679019,0.00789577,34.7477,34.7161,9,9,0,1.19962,1.27359,0.073968,0,1,1,0
17.6,1172,1,0.00028304,0.00028304,0.778419,0.778471,5.25713e-05,35.1137,35.1139,10,10,0,0.868443,0.869723,0.00128,0,1,1,1
17.6,1172,2,0.0154423,0.0154423,0.726707,0.712914,0.0137931,34.9068,34.8517,11,11,0,0.814525,0.851389,0.036864,0,1,1,0
17.6,1172,3,0.000485785,0.000485785,0.680019,0.686915,0.00689656,34.7201,34.7477,9,9,0,1.27359,1.23495,0.03864,0,1,1,0
17.7,1173,1,0.00124516,0.00124516,0.77865,0.778419,0.000231266,35.1146,35.1137,10,10,0,0.869723,0.864091,0.005632,0,1,1,1
17.7,1173,2,0.00619842,0.00619842,0.721635,0.726707,0.00507188,34.8865,34.9068,11,11,0,0.851389,0.840197,0.011192,0,1,1,0
17.7,1173,3,8.37445e-05,8.37445e-05,0.683705,0.680019,0.00368661,34.7348,34.7201,9,9,0,1.23495,1.25836,0.023408,0,1,1,0
17.8,1174,1,0.0020988,0.0020988,0.779104,0.77865,0.000454187,35.1164,35.1146,10,10,0,0.864091,0.854787,0.009304,0,1,1,1
17.8,1174,2,0.00802948,0.00802948,0.715708,0.721635,0.00592685,34.8628,34.8865,11,11,0,0.840197,0.824245,0.015952,0,1,1,0
17.8,1174,3,0.000379056,0.000379056,0.686732,0.683705,0.0030269,34.7469,34.7348,9,9,0,1.25836,1.27272,0.01436,0,1,1,0
17.9,1175,1,0.00294159,0.00294159,0.779753,0.779104,0.000648856,35.119,35.1164,10,10,0,0.854787,0.846427,0.00836,0,1,1,1
17.9,1175,2,0.0206212,0.0206212,0.73114,0.715708,0.0154317,34.9246,34.8628,11,11,0,0.824245,0.865997,0.041752,0,0,1,0
17.9,1175,3,0.000369526,0.000369526,0.68966,0.686732,0.00292826,34.7586,34.7469,9,9,0,1.27272,1.28672,0.014,0,1,1,0
18,1176,1,0,0,0.779753,0.779753,0,35.119,35.119,10,10,0,0.846427,0.846427,0,0,1,1,1
18,1176,2,0.0206212,0.0206212,0.715708,0.73114,0.0154317,34.8628,34.9246,11,11,0,0.865997,0.824245,0.041752,0,0,1,0
18,1176,3,9.40189e-05,9.40189e-05,0.690209,0.68966,0.000548303,34.7608,34.7586,9,9,0,1.28672,1.29134,0.004624,0,1,1,1
18.1,1177,1,0.00285077,0.00285077,0.77913,0.779753,0.000622809,35.1165,35.119,10,10,0,0.846427,0.854403,0.007976,0,1,1,1
18.1,1177,2,0.0206212,0.0206212,0.73114,0.715708,0.0154317,34.9246,34.8628,11,11,0,0.824245,0.865997,0.041752,0,0,1,0
18.1,1177,3,0.000154831,0.000154831,0.68918,0.690209,0.00102866,34.7567,34.7608,9,9,0,1.29134,1.28442,0.006928,0,1,1,1
18.2,1178,1,0.00285077,0.00285077,0.779753,0.77913,0.000622809,35.119,35.1165,10,10,0,0.854403,0.846427,0.007976,0,1,1,1
18.2,1178,2,0.0206212,0.0206212,0.715708,0.73114,0.0154317,34.8628,34.9246,11,11,0,0.865997,0.824245,0.041752,0,0,1,0
18.2,1178,3,0.000260904,0.000260904,0.690769,0.68918,0.00158894,34.7631,34.7567,9,9,0,1.28442,1.29688,0.012464,0,1,1,0
18.3,1179,1,0,0,0.779753,0.779753,0,35.119,35.119,10,10,0,0.846427,0.846427,0,0,1,1,1
18.3,1179,2,0.00707889,0.00707889,0.721007,0.715708,0.00529915,34.884,34.8628,11,11,0,0.824245,0.838853,0.014608,0,1,1,0
18.3,1179,3,0.000330165,0.000330165,0.688632,0.690769,0.00213677,34.7545,34.7631,9,9,0,1.29688,1.28179,0.015088,0,1,1,0
18.4,1180,1,0,0,0.779753,0.779753,0,35.119,35.119,10,10,0,0.846427,0.846427,0,0,1,1,1
18.4,1180,2,0.00803407,0.00803407,0.713873,0.721007,0.00713378,34.8555,34.884,11,11,0,0.838853,0.817909,0.020944,0,1,1,0
18.4,1180,3,0.000330165,0.000330165,0.690769,0.688632,0.00213677,34.7631,34.7545,9,9,0,1.28179,1.29688,0.015088,0,1,1,0
18.5,1181,1,0,0,0.779753,0.779753,0,35.119,35.119,10,10,0,0.846427,0.846427,0,0,1,1,1
18.5,1181,2,0.00225528,0.00225528,0.716812,0.713873,0.00293881,34.8672,34.8555,11,11,0,0.817909,0.827597,0.009688,0,1,1,1
18.5,1181,3,3.20673e-05,3.20673e-05,0.690938,0.690769,0.000168979,34.7638,34.7631,9,9,0,1.29688,1.29855,0.001672,0,1,1,1
18.6,1182,1,0,0,0.779753,0.779753,0,35.119,35.119,10,10,0,0.846427,0.846427,0,1,1,1,1
18.6,1182,2,0.000605807,0.000605807,0.709126,0.716812,0.00768572,34.8365,34.8672,11,11,0,0.827597,0.789685,0.037912,1,1,1,0
18.6,1182,3,0.000521876,0.000521876,0.687367,0.690938,0.00357139,34.7495,34.7638,9,9,0,1.29855,1.27574,0.022808,1,1,1,0
18.7,1183,1,0,0,0.779753,0.779753,0,35.119,35.119,10,10,0,0.846427,0.846427,0,0,1,1,1
18.7,1183,2,0.00222343,0.00222343,0.709434,0.709126,0.0003075,34.8377,34.8365,11,11,0,0.789685,0.777413,0.012272,0,1,1,0
18.7,1183,3,0.00336477,0.00336477,0.692475,0.687367,0.005108,34.7699,34.7495,9,9,0,1.27574,1.31163,0.035888,0,1,1,0
18.8,1184,1,0.0048777,0.0048777,0.77868,0.779753,0.00107288,35.1147,35.119,10,10,0,0.846427,0.863355,0.016928,0,1,1,0
18.8,1184,2,0.000202529,0.000202529,0.709389,0.709434,4.52995e-05,34.8376,34.8377,11,11,0,0.777413,0.778429,0.001016,0,1,1,1
18.8,1184,3,0.00311264,0.00311264,0.689364,0.692475,0.003111,34.7575,34.7699,9,9,0,1.31163,1.2853,0.026336,0,1,1,0
18.9,1185,1,0.00619446,0.00619446,0.776317,0.77868,0.00236332,35.1053,35.1147,10,10,0,0.863355,0.889499,0.026144,0,1,1,0
18.9,1185,2,0.00249808,0.00249808,0.709947,0.709389,0.000558317,34.8398,34.8376,11,11,0,0.778429,0.765893,0.012536,0,1,1,0
18.9,1185,3,0.000131972,0.000131972,0.68832,0.689364,0.00104403,34.7533,34.7575,9,9,0,1.2853,1.2803,0.005,0,1,1,1
19,1186,1,0.00306415,0.00306415,0.777863,0.776317,0.00154567,35.1115,35.1053,10,10,0,0.889499,0.877147,0.012352,0,1,1,0
19,1186,2,0.00445324,0.00445324,0.709113,0.709947,0.000834048,34.8365,34.8398,11,11,0,0.765893,0.789189,0.023296,0,1,1,0
19,1186,3,0.00318729,0.00318729,0.692449,0.68832,0.00412965,34.7698,34.7533,9,9,0,1.2803,1.31142,0.031128,0,1,1,0
19.1,1187,1,0.00383016,0.00383016,0.775929,0.777863,0.00193357,35.1037,35.1115,10,10,0,0.877147,0.892587,0.01544,0,1,1,0
19.1,1187,2,0.00195517,0.00195517,0.709389,0.709113,0.000275731,34.8376,34.8365,11,11,0,0.789189,0.778429,0.01076,0,1,1,0
19.1,1187,3,0.00341286,0.00341286,0.686529,0.692449,0.00592035,34.7461,34.7698,9,9,0,1.31142,1.27175,0.039672,0,1,1,0
19.2,1188,1,0.00383414,0.00383414,0.777865,0.775929,0.00193554,35.1115,35.1037,10,10,0,0.892587,0.877131,0.015456,0,1,1,0
19.2,1188,2,0.00223353,0.00223353,0.709888,0.709389,0.000499249,34.8396,34.8376,11,11,0,0.778429,0.767221,0.011208,0,1,1,0
19.2,1188,3,0.00097014,0.00097014,0.691364,0.686529,0.00483561,34.7655,34.7461,9,9,0,1.27175,1.30255,0.0308,0,1,1,0
19.3,1189,1,3.97861e-06,3.97861e-06,0.777863,0.777865,1.96695e-06,35.1115,35.1115,10,10,0,0.877131,0.877147,1.6e-05,0,1,1,1
19.3,1189,2,0.00167225,0.00167225,0.709514,0.709888,0.000373721,34.8381,34.8396,11,11,0,0.767221,0.775613,0.008392,0,1,1,1
19.3,1189,3,0.000679344,0.000679344,0.688836,0.691364,0.00252837,34.7553,34.7655,9,9,0,1.30255,1.28277,0.019784,0,1,1,0
19.4,1190,1,0,0,0.777863,0.777863,0,35.1115,35.1115,10,10,0,0.877147,0.877147,0,0,1,1,1
19.4,1190,2,0.000755802,0.000755802,0.709345,0.709514,0.000168979,34.8374,34.8381,11,11,0,0.775613,0.779405,0.003792,0,1,1,1
19.4,1190,3,0.00317722,0.00317722,0.692474,0.688836,0.00363761,34.7699,34.7553,9,9,0,1.28277,1.31162,0.028856,0,1,1,0
19.5,1191,1,0.000190481,0.000190481,0.777767,0.777863,9.58443e-05,35.1111,35.1115,10,10,0,0.877147,0.877915,0.000768,0,1,1,1
19.5,1191,2,0.000199296,0.000199296,0.709301,0.709345,4.45843e-05,34.8372,34.8374,11,11,0,0.779405,0.780405,0.001,0,1,1,1
19.5,1191,3,0.00370723,0.00370723,0.68462,0.692474,0.00785363,34.7385,34.7699,9,9,0,1.31162,1.26269,0.048936,0,1,1,0
19.6,1192,1,0.000194459,0.000194459,0.777865,0.777767,9.78112e-05,35.1115,35.1111,10,10,0,0.877915,0.877131,0.000784,0,1,1,1
19.6,1192,2,0.00488147,0.00488147,0.710435,0.709301,0.0011344,34.8417,34.8372,11,11,0,0.780405,0.751541,0.028864,0,1,1,0
19.6,1192,3,0.00379974,0.00379974,0.692515,0.68462,0.00789458,34.7701,34.7385,9,9,0,1.26269,1.31196,0.049272,0,1,1,0
19.7,1193,1,0.00496532,0.00496532,0.775355,0.777865,0.00250942,35.1014,35.1115,10,10,0,0.877131,0.897147,0.020016,0,1,1,0
19.7,1193,2,0.00672057,0.00672057,0.70917,0.710435,0.00126493,34.8367,34.8417,11,11,0,0.751541,0.791285,0.039744,0,1,1,0
19.7,1193,3,0.00369395,0.00369395,0.685465,0.692515,0.00704938,34.7419,34.7701,9,9,0,1.31196,1.2667,0.045264,0,1,1,0
19.8,1194,1,0.00496134,0.00496134,0.777863,0.775355,0.00250745,35.1115,35.1014,10,10,0,0.897147,0.877147,0.02,0,1,1,0
19.8,1194,2,0.00362638,0.00362638,0.7097,0.70917,0.000530124,34.8388,34.8367,11,11,0,0.791285,0.771437,0.019848,0,1,1,0
19.8,1194,3,0.000760414,0.000760414,0.690936,0.685465,0.00547117,34.7637,34.7419,9,9,0,1.2667,1.29854,0.03184,0,1,1,0
19.9,1195,1,0,0,0.777863,0.777863,0,35.1115,35.1115,10,10,0,0.877147,0.877147,0,0,1,1,1
19.9,1195,2,0.00191484,0.00191484,0.709272,0.7097,0.00042814,34.8371,34.8388,11,11,0,0.771437,0.781045,0.009608,0,1,1,1
19.9,1195,3,0.00157651,0.00157651,0.691913,0.690936,0.000976145,34.7677,34.7637,9,9,0,1.29854,1.30703,0.008496,0,1,1,1
20,1196,1,0.000698586,0.000698586,0.777511,0.777863,0.000351608,35.11,35.1115,10,10,0,0.877147,0.879963,0.002816,1,1,1,1
20,1196,2,0.00164706,0.00164706,0.70964,0.709272,0.000368237,34.8386,34.8371,11,11,0,0.781045,0.772781,0.008264,1,1,1,1
20,1196,3,0.00184219,0.00184219,0.689394,0.691913,0.00251895,34.7576,34.7677,9,9,0,1.30703,1.28544,0.021592,1,1,1,0
20.1,1197,1,0.000698586,0.000698586,0.777863,0.777511,0.000351608,35.1115,35.11,10,10,0,0.879963,0.877147,0.002816,0,1,1,1
20.1,1197,2,0.00164706,0.00164706,0.709272,0.70964,0.000368237,34.8371,34.8386,11,11,0,0.772781,0.781045,0.008264,0,1,1,1
20.1,1197,3,0.000299416,0.000299416,0.687021,0.689394,0.00237262,34.7481,34.7576,9,9,0,1.28544,1.2741,0.011344,0,1,1,0
20.2,1198,1,0,0,0.777863,0.777863,0,35.1115,35.1115,10,10,0,0.877147,0.877147,0,0,1,1,1
20.2,1198,2,0.00135686,0.00135686,0.709575,0.709272,0.000303388,34.8383,34.8371,11,11,0,0.781045,0.774237,0.006808,0,1,1,1
20.2,1198,3,0.000224873,0.000224873,0.685229,0.687021,0.00179178,34.7409,34.7481,9,9,0,1.2741,1.26558,0.00852,0,1,1,1
20.3,1199,1,0.00383016,0.00383016,0.775929,0.777863,0.00193357,35.1037,35.1115,10,10,0,0.877147,0.892587,0.01544,1,1,1,0
20.3,1199,2,0.00135852,0.00135852,0.709272,0.709575,0.000303745,34.8371,34.8383,11,11,0,0.774237,0.781053,0.006816,1,1,1,1
20.3,1199,3,6.46189e-05,6.46189e-05,0.685745,0.685229,0.000515699,34.743,34.7409,9,9,0,1.26558,1.26802,0.002448,1,1,1,1
20.4,1200,1,0.00383016,0.00383016,0.777863,0.775929,0.00193357,35.1115,35.1037,10,10,0,0.892587,0.877147,0.01544,0,1,1,0
20.4,1200,2,0.00191651,0.00191651,0.7097,0.709272,0.000428498,34.8388,34.8371,11,11,0,0.781053,0.771437,0.009616,0,1,1,1
20.4,1200,3,0.000399731,0.000399731,0.68892,0.685745,0.00317466,34.7557,34.743,9,9,0,1.26802,1.28317,0.015144,0,1,1,0
20.5,1201,1,3.97861e-06,3.97861e-06,0.777865,0.777863,1.96695e-06,35.1115,35.1115,10,10,0,0.877147,0.877131,1.6e-05,0,1,1,1
20.5,1201,2,0.0021844,0.0021844,0.709212,0.7097,0.0004884,34.8368,34.8388,11,11,0,0.771437,0.782397,0.01096,0,1,1,0
20.5,1201,3,0.000518002,0.000518002,0.684801,0.68892,0.00411886,34.7392,34.7557,9,9,0,1.28317,1.26354,0.019624,0,1,1,0
20.6,1202,1,0.00182983,0.00182983,0.776943,0.777865,0.000921845,35.1078,35.1115,10,10,0,0.877131,0.884507,0.007376,0,1,1,1
20.6,1202,2,0.00473405,0.00473405,0.710105,0.709212,0.000893593,34.8404,34.8368,11,11,0,0.782397,0.760565,0.021832,0,1,1,0
20.6,1202,3,8.91313e-05,8.91313e-05,0.684088,0.684801,0.000712991,34.7364,34.7392,9,9,0,1.26354,1.26017,0.003376,0,1,1,1
20.7,1203,1,0.00182585,0.00182585,0.777863,0.776943,0.000919878,35.1115,35.1078,10,10,0,0.884507,0.877147,0.00736,0,1,1,1
20.7,1203,2,0.00254965,0.00254965,0.7097,0.710105,0.000405192,34.8388,34.8404,11,11,0,0.760565,0.771437,0.010872,0,1,1,0
20.7,1203,3,0.00043714,0.00043714,0.687573,0.684088,0.00348502,34.7503,34.7364,9,9,0,1.26017,1.27673,0.01656,0,1,1,0
20.8,1204,1,0.00383016,0.00383016,0.775929,0.777863,0.00193357,35.1037,35.1115,10,10,0,0.877147,0.892587,0.01544,0,1,1,0
20.8,1204,2,0.00282556,0.00282556,0.709068,0.7097,0.000631869,34.8363,34.8388,11,11,0,0.771437,0.785613,0.014176,0,1,1,0
20.8,1204,3,0.000452936,0.000452936,0.683961,0.687573,0.00361192,34.7358,34.7503,9,9,0,1.27673,1.25957,0.01716,0,1,1,0
20.9,1205,1,0.00383016,0.00383016,0.777863,0.775929,0.00193357,35.1115,35.1037,10,10,0,0.892587,0.877147,0.01544,0,1,1,0
20.9,1205,2,0.00282556,0.00282556,0.7097,0.709068,0.000631869,34.8388,34.8363,11,11,0,0.785613,0.771437,0.014176,0,1,1,0
20.9,1205,3,0.00084535,0.00084535,0.690392,0.683961,0.00643098,34.7616,34.7358,9,9,0,1.25957,1.29315,0.033584,0,1,1,0
21,1206,1,0,0,0.777863,0.777863,0,35.1115,35.1115,10,10,0,0.877147,0.877147,0,0,1,1,1
21,1206,2,0.000154614,0.000154614,0.709665,0.7097,3.46303e-05,34.8387,34.8388,11,11,0,0.771437,0.772213,0.000776,0,1,1,1
21,1206,3,0.00062149,0.00062149,0.68575,0.690392,0.00464189,34.743,34.7616,9,9,0,1.29315,1.26805,0.025104,0,1,1,0
21.1,1207,1,0,0,0.777863,0.777863,0,35.1115,35.1115,10,10,0,0.877147,0.877147,0,0,1,1,1
21.1,1207,2,0.00257503,0.00257503,0.710094,0.709665,0.000428736,34.8404,34.8387,11,11,0,0.772213,0.761005,0.011208,0,1,1,0
21.1,1207,3,1.56015e-05,1.56015e-05,0.685875,0.68575,0.000124633,34.7435,34.743,9,9,0,1.26805,1.26864,0.000592,0,1,1,1
21.2,1208,1,0,0,0.777863,0.777863,0,35.1115,35.1115,10,10,0,0.877147,0.877147,0,0,1,1,1
21.2,1208,2,0.0022578,0.0022578,0.709736,0.710094,0.000357747,34.8389,34.8404,11,11,0,0.761005,0.770621,0.009616,0,1,1,1
21.2,1208,3,0.000133425,0.000133425,0.686937,0.685875,0.00106245,34.7477,34.7435,9,9,0,1.26864,1.2737,0.005056,0,1,1,1
21.3,1209,1,0.00383016,0.00383016,0.775929,0.777863,0.00193357,35.1037,35.1115,10,10,0,0.877147,0.892587,0.01544,1,1,1,0
21.3,1209,2,0.00272039,0.00272039,0.710648,0.709736,0.000911832,34.8426,34.8389,11,11,0,0.770621,0.747317,0.023304,1,1,1,0
21.3,1209,3,0.000143543,0.000143543,0.685794,0.686937,0.00114328,34.7432,34.7477,9,9,0,1.2737,1.26826,0.00544,1,1,1,1
21.4,1210,1,0.00383016,0.00383016,0.777863,0.775929,0.00193357,35.1115,35.1037,10,10,0,0.892587,0.877147,0.01544,0,1,1,0
21.4,1210,2,0.000460275,0.000460275,0.710094,0.710648,0.000553846,34.8404,34.8426,11,11,0,0.747317,0.760997,0.01368,0,1,1,0
21.4,1210,3,0.000498302,0.000498302,0.689747,0.685794,0.00395334,34.759,34.7432,9,9,0,1.26826,1.28714,0.01888,0,1,1,0
21.5,1211,1,0,0,0.777863,0.777863,0,35.1115,35.1115,10,10,0,0.877147,0.877147,0,0,1,1,1
21.5,1211,2,0.00161938,0.00161938,0.70988,0.710094,0.000214875,34.8395,34.8404,11,11,0,0.760997,0.767405,0.006408,0,1,1,1
21.5,1211,3,0.00088203,0.00088203,0.680093,0.689747,0.00965416,34.7204,34.759,9,9,0,1.28714,1.23571,0.051424,0,1,1,0
21.6,1212,1,0.00339553,0.00339553,0.776149,0.777863,0.00171345,35.1046,35.1115,10,10,0,0.877147,0.890835,0.013688,0,1,1,0
21.6,1212,2,0.00207965,0.00207965,0.710648,0.70988,0.000768721,34.8426,34.8395,11,11,0,0.767405,0.747317,0.020088,0,1,1,0
21.6,1212,3,0.00156447,0.00156447,0.679568,0.680093,0.00052464,34.7183,34.7204,9,9,0,1.23571,1.21829,0.017424,0,1,1,0
21.7,1213,1,0.00142092,0.00142092,0.776868,0.776149,0.000718415,35.1075,35.1046,10,10,0,0.890835,0.885107,0.005728,0,1,1,1
21.7,1213,2,0.000462584,0.000462584,0.710094,0.710648,0.000554085,34.8404,34.8426,11,11,0,0.747317,0.761005,0.013688,0,1,1,0
21.7,1213,3,0.000133857,0.000133857,0.679532,0.679568,3.62396e-05,34.7181,34.7183,9,9,0,1.21829,1.21686,0.001432,0,1,1,1
21.8,1214,1,0.0019786,0.0019786,0.777865,0.776868,0.000997007,35.1115,35.1075,10,10,0,0.885107,0.877131,0.007976,0,1,1,1
21.8,1214,2,0.000387825,0.000387825,0.710724,0.710094,0.000629604,34.8429,34.8404,11,11,0,0.761005,0.745821,0.015184,0,1,1,0
21.8,1214,3,0.00231197,0.00231197,0.678528,0.679532,0.00100416,34.7141,34.7181,9,9,0,1.21686,1.19418,0.022672,0,1,1,0
21.9,1215,1,0.00185557,0.00185557,0.77693,0.777865,0.000934899,35.1077,35.1115,10,10,0,0.877131,0.884611,0.00748,0,1,1,1
21.9,1215,2,0.00264244,0.00264244,0.709737,0.710724,0.000986695,34.8389,34.8429,11,11,0,0.745821,0.770605,0.024784,0,1,1,0
21.9,1215,3,0.0040407,0.0040407,0.680194,0.678528,0.00166625,34.7208,34.7141,9,9,0,1.19418,1.23658,0.042392,0,1,1,0
22,1216,1,0.00361778,0.00361778,0.775097,0.77693,0.00183266,35.1004,35.1077,10,10,0,0.884611,0.899195,0.014584,0,1,1,0
22,1216,2,0.00225925,0.00225925,0.710095,0.709737,0.000357568,34.8404,34.8389,11,11,0,0.770605,0.760989,0.009616,0,1,1,1
22,1216,3,0.00186036,0.00186036,0.679496,0.680194,0.000697851,34.718,34.7208,9,9,0,1.23658,1.21545,0.021128,0,1,1,0
22.1,1217,1,0.00160853,0.00160853,0.77329,0.775097,0.00180715,35.0932,35.1004,10,10,0,0.899195,0.910187,0.010992,0,1,1,0
22.1,1217,2,0.00045713,0.00045713,0.710649,0.710095,0.000554323,34.8426,34.8404,11,11,0,0.760989,0.747301,0.013688,0,1,1,0
22.1,1217,3,0.00130898,0.00130898,0.679926,0.679496,0.000429451,34.7197,34.718,9,9,0,1.21545,1.23067,0.015224,0,1,1,0
22.2,1218,1,0.00174711,0.00174711,0.771366,0.77329,0.00192344,35.0855,35.0932,10,10,0,0.910187,0.928931,0.018744,0,1,1,0
22.2,1218,2,0.00271638,0.00271638,0.709737,0.710649,0.000911891,34.8389,34.8426,11,11,0,0.747301,0.770605,0.023304,0,1,1,0
22.2,1218,3,0.00389884,0.00389884,0.67828,0.679926,0.00164604,34.7131,34.7197,9,9,0,1.23067,1.19235,0.03832,0,1,1,0
22.3,1219,1,0.000857495,0.000857495,0.771479,0.771366,0.000112116,35.0859,35.0855,10,10,0,0.928931,0.922723,0.006208,0,1,1,1
22.3,1219,2,0.00225692,0.00225692,0.710094,0.709737,0.00035733,34.8404,34.8389,11,11,0,0.770605,0.760997,0.009608,0,1,1,1
22.3,1219,3,0.00248284,0.00248284,0.679467,0.67828,0.00118762,34.7179,34.7131,9,9,0,1.19235,1.2143,0.021952,0,1,1,0
22.4,1220,1,0.000140385,0.000140385,0.771497,0.771479,1.84178e-05,35.086,35.0859,10,10,0,0.922723,0.921707,0.001016,0,1,1,1
22.4,1220,2,0.000202686,0.000202686,0.712515,0.710094,0.00242072,34.8501,34.8404,11,11,0,0.760997,0.718717,0.04228,0,1,1,0
22.4,1220,3,0.000651747,0.000651747,0.679682,0.679467,0.000214219,34.7187,34.7179,9,9,0,1.2143,1.22198,0.007672,0,1,1,1
22.5,1221,1,0.00132825,0.00132825,0.771323,0.771497,0.000173748,35.0853,35.086,10,10,0,0.921707,0.931323,0.009616,0,1,1,1
22.5,1221,2,0.000305846,0.000305846,0.711625,0.712515,0.000889897,34.8465,34.8501,11,11,0,0.718717,0.727941,0.009224,0,1,1,1
22.5,1221,3,0.000932209,0.000932209,0.679391,0.679682,0.000290275,34.7176,34.7187,9,9,0,1.22198,1.2113,0.010672,0,1,1,0
22.6,1222,1,6.74045e-05,6.74045e-05,0.771332,0.771323,8.82149e-06,35.0853,35.0853,10,10,0,0.931323,0.930835,0.000488,0,1,1,1
22.6,1222,2,0.000438452,0.000438452,0.712679,0.711625,0.00105327,34.8507,34.8465,11,11,0,0.727941,0.717565,0.010376,0,1,1,0
22.6,1222,3,0.000386707,0.000386707,0.679496,0.679391,0.000104845,34.718,34.7176,9,9,0,1.2113,1.21544,0.004136,0,1,1,1
22.7,1223,1,0.00126085,0.00126085,0.771497,0.771332,0.000164926,35.086,35.0853,10,10,0,0.930835,0.921707,0.009128,0,1,1,1
22.7,1223,2,3.07932e-05,3.07932e-05,0.711214,0.712679,0.00146407,34.8449,34.8507,11,11,0,0.717565,0.736093,0.018528,0,1,1,0
22.7,1223,3,0.00170469,0.00170469,0.67913,0.679496,0.000365973,34.7165,34.718,9,9,0,1.21544,1.20184,0.0136,0,1,1,0
22.8,1224,1,0,0,0.771497,0.771497,0,35.086,35.086,10,10,0,0.921707,0.921707,0,0,1,1,1
22.8,1224,2,0.000687249,0.000687249,0.713542,0.711214,0.00232744,34.8542,34.8449,11,11,0,0.736093,0.710765,0.025328,0,1,1,0
22.8,1224,3,8.56891e-05,8.56891e-05,0.678968,0.67913,0.000162244,34.7159,34.7165,9,9,0,1.20184,1.19859,0.003248,0,1,1,1
22.9,1225,1,0.00132825,0.00132825,0.771323,0.771497,0.000173748,35.0853,35.086,10,10,0,0.921707,0.931323,0.009616,0,1,1,1
22.9,1225,2,0.000754505,0.000754505,0.711282,0.713542,0.00225961,34.8451,34.8542,11,11,0,0.710765,0.734749,0.023984,0,1,1,0
22.9,1225,3,0.00110959,0.00110959,0.678195,0.678968,0.000772774,34.7128,34.7159,9,9,0,1.19859,1.19173,0.006864,0,1,1,1
23,1226,1,6.74045e-05,6.74045e-05,0.771332,0.771323,8.82149e-06,35.0853,35.0853,10,10,0,0.931323,0.930835,0.000488,0,1,1,1
23,1226,2,0.00194668,0.00194668,0.715249,0.711282,0.00396681,34.861,34.8451,11,11,0,0.734749,0.698421,0.036328,0,1,1,0
23,1226,3,0.0029455,0.0029455,0.679555,0.678195,0.00135982,34.7182,34.7128,9,9,0,1.19173,1.21776,0.026032,0,1,1,0
23.1,1227,1,0.00126085,0.00126085,0.771497,0.771332,0.000164926,35.086,35.0853,10,10,0,0.930835,0.921707,0.009128,0,1,1,1
23.1,1227,2,0.00126227,0.00126227,0.710592,0.715249,0.00465739,34.8424,34.861,11,11,0,0.698421,0.748437,0.050016,0,1,1,0
23.1,1227,3,0.00509154,0.00509154,0.676383,0.679555,0.00317156,34.7055,34.7182,9,9,0,1.21776,1.18167,0.036088,0,1,1,0
23.2,1228,1,0.00323332,0.00323332,0.771186,0.771497,0.000311315,35.0847,35.086,10,10,0,0.921707,0.945011,0.023304,0,1,1,0
23.2,1228,2,0.000586361,0.000586361,0.712679,0.710592,0.00208682,34.8507,34.8424,11,11,0,0.748437,0.717565,0.030872,0,1,1,0
23.2,1228,3,0.00143958,0.00143958,0.677767,0.676383,0.0013833,34.7111,34.7055,9,9,0,1.18167,1.18857,0.006896,0,1,1,1
23.3,1229,1,0.00323332,0.00323332,0.771497,0.771186,0.000311315,35.086,35.0847,10,10,0,0.945011,0.921707,0.023304,0,1,1,0
23.3,1229,2,0.000380419,0.000380419,0.713147,0.712679,0.000468135,34.8526,34.8507,11,11,0,0.717565,0.714261,0.003304,0,1,1,1
23.3,1229,3,0.00382326,0.00382326,0.679601,0.677767,0.00183469,34.7184,34.7111,9,9,0,1.18857,1.21959,0.031024,0,1,1,0
23.4,1230,1,0,0,0.771497,0.771497,0,35.086,35.086,10,10,0,0.921707,0.921707,0,0,1,1,1
23.4,1230,2,0.000652909,0.000652909,0.711458,0.713147,0.00168866,34.8458,34.8526,11,11,0,0.714261,0.731261,0.017,0,1,1,0
23.4,1230,3,0.00516932,0.00516932,0.676482,0.679601,0.00311905,34.7059,34.7184,9,9,0,1.21959,1.18213,0.037464,0,1,1,0
23.5,1231,1,0.00258905,0.00258905,0.771158,0.771497,0.000338733,35.0846,35.086,10,10,0,0.921707,0.940451,0.018744,0,1,1,0
23.5,1231,2,0.000498168,0.000498168,0.712956,0.711458,0.00149822,34.8518,34.8458,11,11,0,0.731261,0.715605,0.015656,0,1,1,0
23.5,1231,3,0.00604846,0.00604846,0.687224,0.676482,0.0107417,34.7489,34.7059,9,9,0,1.18213,1.27506,0.092936,0,1,1,0
23.6,1232,1,0.00259124,0.00259124,0.771497,0.771158,0.000339031,35.086,35.0846,10,10,0,0.940451,0.921691,0.01876,0,1,1,0
23.6,1232,2,0.000182949,0.000182949,0.71114,0.712956,0.00181592,34.8446,34.8518,11,11,0,0.715605,0.737565,0.02196,0,1,1,0
23.6,1232,3,0.000327498,0.000327498,0.684613,0.687224,0.00261062,34.7385,34.7489,9,9,0,1.27506,1.26266,0.012408,0,1,1,0
23.7,1233,1,2.19047e-06,2.19047e-06,0.771497,0.771497,2.98023e-07,35.086,35.086,10,10,0,0.921691,0.921707,1.6e-05,0,1,1,1
23.7,1233,2,0.000456817,0.000456817,0.711601,0.71114,0.000460327,34.8464,34.8446,11,11,0,0.737565,0.728429,0.009136,0,1,1,1
23.7,1233,3,8.78349e-05,8.78349e-05,0.685315,0.684613,0.000701904,34.7413,34.7385,9,9,0,1.26266,1.26598,0.003328,0,1,1,1
23.8,1234,1,0.00258905,0.00258905,0.771158,0.771497,0.000338733,35.0846,35.086,10,10,0,0.921707,0.940451,0.018744,1,1,1,0
23.8,1234,2,0.00047031,0.00047031,0.712748,0.711601,0.00114709,34.851,34.8464,11,11,0,0.728429,0.717077,0.011352,1,1,1,0
23.8,1234,3,2.66358e-05,2.66358e-05,0.685528,0.685315,0.000212371,34.7421,34.7413,9,9,0,1.26598,1.26699,0.001008,1,1,1,1
23.9,1235,1,0.00258905,0.00258905,0.771497,0.771158,0.000338733,35.086,35.0846,10,10,0,0.940451,0.921707,0.018744,0,1,1,0
23.9,1235,2,0.000113286,0.000113286,0.712887,0.712748,0.000139415,34.8515,34.851,11,11,0,0.717077,0.716093,0.000984,0,1,1,1
23.9,1235,3,7.72625e-05,7.72625e-05,0.686144,0.685528,0.000616193,34.7446,34.7421,9,9,0,1.26699,1.26992,0.002928,0,1,1,1
24,1236,1,0,0,0.771497,0.771497,0,35.086,35.086,10,10,0,0.921707,0.921707,0,0,1,1,1
24,1236,2,0.000607163,0.000607163,0.711624,0.712887,0.00126272,34.8465,34.8515,11,11,0,0.716093,0.727957,0.011864,0,1,1,0
24,1236,3,0.000449352,0.000449352,0.682547,0.686144,0.00359643,34.7302,34.7446,9,9,0,1.26992,1.2529,0.017024,0,1,1,0
24.1,1237,1,0.00189072,0.00189072,0.77125,0.771497,0.000247359,35.085,35.086,10,10,0,0.921707,0.935395,0.013688,0,1,1,0
24.1,1237,2,0.000113487,0.000113487,0.712279,0.711624,0.000654697,34.8491,34.8465,11,11,0,0.727957,0.720381,0.007576,0,1,1,1
24.1,1237,3,0.00037352,0.00037352,0.685539,0.682547,0.00299203,34.7422,34.7302,9,9,0,1.2529,1.26705,0.014152,0,1,1,0
24.2,1238,1,0.000562469,0.000562469,0.771323,0.77125,7.36117e-05,35.0853,35.085,10,10,0,0.935395,0.931323,0.004072,0,1,1,1
24.2,1238,2,0.000226118,0.000226118,0.711282,0.712279,0.000996828,34.8451,34.8491,11,11,0,0.720381,0.734749,0.014368,0,1,1,0
24.2,1238,3,0.000200205,0.000200205,0.687133,0.685539,0.00159401,34.7485,34.7422,9,9,0,1.26705,1.27463,0.007584,0,1,1,1
24.3,1239,1,6.74045e-05,6.74045e-05,0.771332,0.771323,8.82149e-06,35.0853,35.0853,10,10,0,0.931323,0.930835,0.000488,0,1,1,1
24.3,1239,2,0.000796199,0.000796199,0.71365,0.711282,0.00236732,34.8546,34.8451,11,11,0,0.734749,0.709293,0.025456,0,1,1,0
24.3,1239,3,0.000605159,0.000605159,0.682294,0.687133,0.00483918,34.7292,34.7485,9,9,0,1.27463,1.2517,0.022928,0,1,1,0
24.4,1240,1,0.00126085,0.00126085,0.771497,0.771332,0.000164926,35.086,35.0853,10,10,0,0.930835,0.921707,0.009128,0,1,1,1
24.4,1240,2,0.00065542,0.00065542,0.71114,0.71365,0.0025093,34.8446,34.8546,11,11,0,0.709293,0.737565,0.028272,0,1,1,0
24.4,1240,3,0.000667438,0.000667438,0.687628,0.682294,0.00533384,34.7505,34.7292,9,9,0,1.2517,1.27699,0.025288,0,1,1,0
24.5,1241,1,0.000691746,0.000691746,0.771406,0.771497,9.04799e-05,35.0856,35.086,10,10,0,0.921707,0.926715,0.005008,0,1,1,1
24.5,1241,2,0.000480816,0.000480816,0.711625,0.71114,0.000484526,34.8465,34.8446,11,11,0,0.737565,0.727949,0.009616,0,1,1,1
24.5,1241,3,0.000311017,0.000311017,0.685152,0.687628,0.00247633,34.7406,34.7505,9,9,0,1.27699,1.26521,0.011784,0,1,1,0
24.6,1242,1,0.00144097,0.00144097,0.77329,0.771406,0.00188339,35.0932,35.0856,10,10,0,0.926715,0.910187,0.016528,0,1,1,0
24.6,1242,2,0.000438087,0.000438087,0.712679,0.711625,0.00105369,34.8507,34.8465,11,11,0,0.727949,0.717565,0.010384,0,1,1,0
24.6,1242,3,0.000454418,0.000454418,0.681092,0.685152,0.00405991,34.7244,34.7406,9,9,0,1.26521,1.24445,0.02076,0,1,1,0
24.7,1243,1,0,0,0.77329,0.77329,0,35.0932,35.0932,10,10,0,0.910187,0.910187,0,0,1,1,1
24.7,1243,2,3.07932e-05,3.07932e-05,0.711214,0.712679,0.00146407,34.8449,34.8507,11,11,0,0.717565,0.736093,0.018528,0,1,1,0
24.7,1243,3,0.000359796,0.000359796,0.684395,0.681092,0.00330353,34.7376,34.7244,9,9,0,1.24445,1.26162,0.017176,0,1,1,0
24.8,1244,1,0.00174711,0.00174711,0.771366,0.77329,0.00192344,35.0855,35.0932,10,10,0,0.910187,0.928931,0.018744,0,1,1,0
24.8,1244,2,0.000767455,0.000767455,0.713749,0.711214,0.00253469,34.855,34.8449,11,11,0,0.736093,0.707933,0.02816,0,1,1,0
24.8,1244,3,0.000333443,0.000333443,0.687055,0.684395,0.00265914,34.7482,34.7376,9,9,0,1.26162,1.27426,0.012632,0,1,1,0
24.9,1245,1,0.00174711,0.00174711,0.77329,0.771366,0.00192344,35.0932,35.0855,10,10,0,0.928931,0.910187,0.018744,0,1,1,0
24.9,1245,2,0.000693932,0.000693932,0.71114,0.713749,0.00260884,34.8446,34.855,11,11,0,0.707933,0.737565,0.029632,0,1,1,0
24.9,1245,3,0.000190288,0.000190288,0.685539,0.687055,0.00151509,34.7422,34.7482,9,9,0,1.27426,1.26705,0.007208,0,1,1,1
25,1246,1,0.0102357,0.0102357,0.770146,0.77329,0.00314432,35.0806,35.0932,10,10,0,0.910187,0.993451,0.083264,0,1,1,0
25,1246,2,4.27291e-05,4.27291e-05,0.712679,0.71114,0.00153822,34.8507,34.8446,11,11,0,0.737565,0.717565,0.02,0,1,1,0
25,1246,3,0.000455305,0.000455305,0.680438,0.685539,0.00510174,34.7218,34.7422,9,9,0,1.26705,1.23866,0.028392,0,1,1,0
25.1,1247,1,0.00513335,0.00513335,0.771265,0.770146,0.00111932,35.0851,35.0806,10,10,0,0.993451,0.952907,0.040544,0,1,1,0
25.1,1247,2,0.000437655,0.000437655,0.711624,0.712679,0.00105411,34.8465,34.8507,11,11,0,0.717565,0.727957,0.010392,0,1,1,0
25.1,1247,3,0.000908256,0.000908256,0.689137,0.680438,0.008699,34.7565,34.7218,9,9,0,1.23866,1.28421,0.045552,0,1,1,0
25.2,1248,1,5.44079e-05,5.44079e-05,0.771269,0.771265,3.8743e-06,35.0851,35.0851,10,10,0,0.952907,0.953291,0.000384,0,1,1,1
25.2,1248,2,0.000282958,0.000282958,0.712488,0.711624,0.000863492,34.85,34.8465,11,11,0,0.727957,0.718909,0.009048,0,1,1,1
25.2,1248,3,0.00056801,0.00056801,0.68462,0.689137,0.0045166,34.7385,34.7565,9,9,0,1.28421,1.26269,0.02152,0,1,1,0
25.3,1249,1,0.00453354,0.00453354,0.771513,0.771269,0.000244677,35.0861,35.0851,10,10,0,0.953291,0.920795,0.032496,0,1,1,0
25.3,1249,2,0.000535116,0.000535116,0.713147,0.712488,0.000658751,34.8526,34.85,11,11,0,0.718909,0.714261,0.004648,0,1,1,1
25.3,1249,3,5.45084e-05,5.45084e-05,0.685056,0.68462,0.000435472,34.7402,34.7385,9,9,0,1.26269,1.26475,0.002064,0,1,1,1
25.4,1250,1,0.00437016,0.00437016,0.771257,0.771513,0.00025624,35.085,35.0861,10,10,0,0.920795,0.952139,0.031344,0,1,1,0
25.4,1250,2,0.000653267,0.000653267,0.711458,0.713147,0.00168824,34.8458,34.8526,11,11,0,0.714261,0.731253,0.016992,0,1,1,0
25.4,1250,3,0.000283375,0.000283375,0.687313,0.685056,0.00225735,34.7493,34.7402,9,9,0,1.26475,1.27549,0.010736,0,1,1,0
25.5,1251,1,0.000127067,0.000127067,0.771248,0.771257,8.9407e-06,35.085,35.085,10,10,0,0.952139,0.951243,0.000896,0,1,1,1
25.5,1251,2,0.000315577,0.000315577,0.71114,0.711458,0.00031811,34.8446,34.8458,11,11,0,0.731253,0.737565,0.006312,0,1,1,1
25.5,1251,3,0.000133842,0.000133842,0.679941,0.687313,0.00737172,34.7198,34.7493,9,9,0,1.27549,1.23138,0.044104,0,1,1,0
25.6,1252,1,0.00346028,0.00346028,0.770872,0.771248,0.000376701,35.0835,35.085,10,10,0,0.951243,0.977467,0.026224,0,1,1,0
25.6,1252,2,0.000507116,0.000507116,0.713355,0.71114,0.00221461,34.8534,34.8446,11,11,0,0.737565,0.712789,0.024776,0,1,1,0
25.6,1252,3,0.00035087,0.00035087,0.689033,0.679941,0.00909197,34.7561,34.7198,9,9,0,1.23138,1.28371,0.052328,0,1,1,0
25.7,1253,1,0.00215749,0.00215749,0.770051,0.770872,0.000820577,35.0802,35.0835,10,10,0,0.977467,0.995531,0.018064,0,1,1,0
25.7,1253,2,0.000634871,0.000634871,0.710081,0.713355,0.00327373,34.8403,34.8534,11,11,0,0.712789,0.761525,0.048736,0,1,1,0
25.7,1253,3,0.000486717,0.000486717,0.685165,0.689033,0.00386792,34.7407,34.7561,9,9,0,1.28371,1.26527,0.01844,0,1,1,0
25.8,1254,1,0.00449007,0.00449007,0.771328,0.770051,0.00127703,35.0853,35.0802,10,10,0,0.995531,0.959195,0.036336,0,1,1,0
25.8,1254,2,0.000690587,0.000690587,0.710572,0.710081,0.000491083,34.8423,34.8403,11,11,0,0.761525,0.748821,0.012704,0,1,1,0
25.8,1254,3,5.95674e-05,5.95674e-05,0.684689,0.685165,0.000475883,34.7388,34.7407,9,9,0,1.26527,1.26302,0.002256,0,1,1,1
25.9,1255,1,0.00435253,0.00435253,0.770103,0.771328,0.00122464,35.0804,35.0853,10,10,0,0.959195,0.994379,0.035184,0,1,1,0
25.9,1255,2,0.000392094,0.000392094,0.710107,0.710572,0.000465572,34.8404,34.8423,11,11,0,0.748821,0.760509,0.011688,0,1,1,0
25.9,1255,3,5.78985e-05,5.78985e-05,0.685152,0.684689,0.000462413,34.7406,34.7388,9,9,0,1.26302,1.26521,0.002192,0,1,1,1
26,1256,1,0.00247008,0.00247008,0.771042,0.770103,0.000939012,35.0842,35.0804,10,10,0,0.994379,0.973699,0.02068,0,1,1,0
26,1256,2,0.000364259,0.000364259,0.710138,0.710107,3.11136e-05,34.8406,34.8404,11,11,0,0.760509,0.759269,0.00124,0,1,1,1
26,1256,3,0.000454493,0.000454493,0.681091,0.685152,0.0040608,34.7244,34.7406,9,9,0,1.26521,1.24444,0.020768,0,1,1,0
26.1,1257,1,0.000871364,0.000871364,0.771373,0.771042,0.000330627,35.0855,35.0842,10,10,0,0.973699,0.966403,0.007296,0,1,1,1
26.1,1257,2,0.000384189,0.000384189,0.710212,0.710138,7.42674e-05,34.8408,34.8406,11,11,0,0.759269,0.755949,0.00332,0,1,1,1
26.1,1257,3,0.000956401,0.000956401,0.68914,0.681091,0.00804901,34.7566,34.7244,9,9,0,1.24444,1.28422,0.039784,0,1,1,0
26.2,1258,1,0.00323438,0.00323438,0.770144,0.771373,0.00122893,35.0806,35.0855,10,10,0,0.966403,0.993483,0.02708,0,1,1,0
26.2,1258,2,0.00133374,0.00133374,0.710057,0.710212,0.000155389,34.8402,34.8408,11,11,0,0.755949,0.762501,0.006552,0,1,1,1
26.2,1258,3,0.0004922,0.0004922,0.685229,0.68914,0.00391072,34.7409,34.7566,9,9,0,1.28422,1.26558,0.018648,0,1,1,0
26.3,1259,1,0.00323438,0.00323438,0.771373,0.770144,0.00122893,35.0855,35.0806,10,10,0,0.993483,0.966403,0.02708,0,1,1,0
26.3,1259,2,0.00120419,0.00120419,0.710343,0.710057,0.0002864,34.8414,34.8402,11,11,0,0.762501,0.753357,0.009144,0,1,1,1
26.3,1259,3,0.000464126,0.000464126,0.681092,0.685229,0.0041374,34.7244,34.7409,9,9,0,1.26558,1.24445,0.021128,0,1,1,0
26.4,1260,1,0.00347898,0.00347898,0.770051,0.771373,0.00132203,35.0802,35.0855,10,10,0,0.966403,0.995531,0.029128,0,1,1,0
26.4,1260,2,3.12403e-05,3.12403e-05,0.710375,0.710343,3.15905e-05,34.8415,34.8414,11,11,0,0.753357,0.752733,0.000624,0,1,1,1
26.4,1260,3,0.000359796,0.000359796,0.684395,0.681092,0.00330353,34.7376,34.7244,9,9,0,1.24445,1.26162,0.017176,0,1,1,0
26.5,1261,1,0.00274315,0.00274315,0.771094,0.770051,0.00104296,35.0844,35.0802,10,10,0,0.995531,0.972563,0.022968,0,1,1,0
26.5,1261,2,0.0011706,0.0011706,0.710057,0.710375,0.000317812,34.8402,34.8415,11,11,0,0.752733,0.762493,0.00976,0,1,1,1
26.5,1261,3,0.000219606,0.000219606,0.686149,0.684395,0.00175357,34.7446,34.7376,9,9,0,1.26162,1.26994,0.00832,0,1,1,1
26.6,1262,1,0.00100899,0.00100899,0.770711,0.771094,0.000383139,35.0828,35.0844,10,10,0,0.972563,0.981011,0.008448,0,1,1,1
26.6,1262,2,0.00133139,0.00133139,0.710212,0.710057,0.00015521,34.8408,34.8402,11,11,0,0.762493,0.755949,0.006544,0,1,1,1
26.6,1262,3,7.72923e-05,7.72923e-05,0.685533,0.686149,0.000616252,34.7421,34.7446,9,9,0,1.26994,1.26702,0.002928,0,1,1,1
26.7,1263,1,0.000871489,0.000871489,0.771042,0.770711,0.000330925,35.0842,35.0828,10,10,0,0.981011,0.973715,0.007296,1,1,1,1
26.7,1263,2,0.00020279,0.00020279,0.710417,0.710212,0.00020504,34.8417,34.8408,11,11,0,0.755949,0.751893,0.004056,1,1,1,1
26.7,1263,3,0.000404969,0.000404969,0.682288,0.685533,0.00324517,34.7292,34.7421,9,9,0,1.26702,1.25167,0.015344,1,1,1,0
26.8,1264,1,0.00246812,0.00246812,0.770103,0.771042,0.000938356,35.0804,35.0842,10,10,0,0.973715,0.994379,0.020664,0,1,1,0
26.8,1264,2,0.00184625,0.00184625,0.709983,0.710417,0.000434339,34.8399,34.8417,11,11,0,0.751893,0.765085,0.013192,0,1,1,0
26.8,1264,3,0.000628822,0.000628822,0.687315,0.682288,0.00502712,34.7493,34.7292,9,9,0,1.25167,1.2755,0.023824,0,1,1,0
26.9,1265,1,0.00345746,0.00345746,0.771391,0.770103,0.00128794,35.0856,35.0804,10,10,0,0.994379,0.965507,0.028872,0,1,1,0
26.9,1265,2,0.00191984,0.00191984,0.710343,0.709983,0.000359952,34.8414,34.8399,11,11,0,0.765085,0.753365,0.01172,0,1,1,0
26.9,1265,3,0.000223413,0.000223413,0.685536,0.687315,0.0017786,34.7421,34.7493,9,9,0,1.2755,1.26703,0.008464,0,1,1,1
27,1266,1,0.0109963,0.0109963,0.766949,0.771391,0.00444204,35.0678,35.0856,10,10,0,0.965507,1.02248,0.056976,0,1,1,0
27,1266,2,0.000543959,0.000543959,0.710892,0.710343,0.000549436,34.8436,34.8414,11,11,0,0.753365,0.742485,0.01088,0,1,1,0
27,1266,3,0.000405408,0.000405408,0.682288,0.685536,0.00324851,34.7292,34.7421,9,9,0,1.26703,1.25167,0.01536,0,1,1,0
27.1,1267,1,0.0107647,0.0107647,0.771329,0.766949,0.00437981,35.0853,35.0678,10,10,0,1.02248,0.967371,0.055112,0,1,1,0
27.1,1267,2,0.00289965,0.00289965,0.709642,0.710892,0.00124985,34.8386,34.8436,11,11,0,0.742485,0.772733,0.030248,0,1,1,0
27.1,1267,3,9.93907e-05,9.93907e-05,0.681278,0.682288,0.0010097,34.7251,34.7292,9,9,0,1.25167,1.24611,0.00556,0,1,1,1
27.2,1268,1,0.00365766,0.00365766,0.769939,0.771329,0.00139028,35.0798,35.0853,10,10,0,0.967371,0.997995,0.030624,0,1,1,0
27.2,1268,2,0.00344361,0.00344361,0.710343,0.709642,0.000700414,34.8414,34.8386,11,11,0,0.772733,0.753365,0.019368,0,1,1,0
27.2,1268,3,2.65613e-05,2.65613e-05,0.681701,0.681278,0.000423074,34.7268,34.7251,9,9,0,1.24611,1.24891,0.0028,0,1,1,1
27.3,1269,1,0.00602408,0.00602408,0.767435,0.769939,0.00250387,35.0697,35.0798,10,10,0,0.997995,1.01916,0.021168,0,1,1,0
27.3,1269,2,0.00054352,0.00054352,0.710892,0.710343,0.000549018,34.8436,34.8414,11,11,0,0.753365,0.742493,0.010872,0,1,1,0
27.3,1269,3,0.000325143,0.000325143,0.684313,0.681701,0.0026117,34.7373,34.7268,9,9,0,1.24891,1.26123,0.01232,0,1,1,0
27.4,1270,1,0.00636235,0.00636235,0.770068,0.767435,0.00263274,35.0803,35.0697,10,10,0,1.01916,0.995163,0.024,0,1,1,0
27.4,1270,2,0.00354417,0.00354417,0.709498,0.710892,0.00139338,34.838,34.8436,11,11,0,0.742493,0.775965,0.033472,0,1,1,0
27.4,1270,3,0.000347525,0.000347525,0.680926,0.684313,0.00338626,34.7237,34.7373,9,9,0,1.26123,1.24297,0.018264,0,1,1,0
27.5,1271,1,0.00464407,0.00464407,0.768317,0.770068,0.00175077,35.0733,35.0803,10,10,0,0.995163,1.01338,0.018216,0,1,1,0
27.5,1271,2,0.00338332,0.00338332,0.711054,0.709498,0.00155562,34.8442,34.838,11,11,0,0.775965,0.739277,0.036688,0,1,1,0
27.5,1271,3,2.32309e-05,2.32309e-05,0.681708,0.680926,0.000781357,34.7268,34.7237,9,9,0,1.24297,1.24894,0.005976,0,1,1,1
27.6,1272,1,0.00432209,0.00432209,0.769945,0.768317,0.0016281,35.0798,35.0733,10,10,0,1.01338,0.997859,0.01552,0,1,1,0
27.6,1272,2,0.00338011,0.00338011,0.709499,0.711054,0.00155497,34.838,34.8442,11,11,0,0.739277,0.775949,0.036672,0,1,1,0
27.6,1272,3,0.000333793,0.000333793,0.684389,0.681708,0.00268096,34.7376,34.7268,9,9,0,1.24894,1.26159,0.012648,0,1,1,0
27.7,1273,1,0.00191424,0.00191424,0.769405,0.769945,0.00053972,35.0776,35.0798,10,10,0,0.997859,1.00571,0.007856,0,1,1,1
27.7,1273,2,0.00308371,0.00308371,0.711353,0.709499,0.00185382,34.8454,34.838,11,11,0,0.775949,0.733349,0.0426,0,1,1,0
27.7,1273,3,0.000300914,0.000300914,0.686789,0.684389,0.00240064,34.7472,34.7376,9,9,0,1.26159,1.27299,0.0114,0,1,1,0
27.8,1274,1,0.00427998,0.00427998,0.770845,0.769405,0.00143981,35.0834,35.0776,10,10,0,1.00571,0.978051,0.027664,0,1,1,0
27.8,1274,2,0.000743426,0.000743426,0.710138,0.711353,0.00121522,34.8406,34.8454,11,11,0,0.733349,0.759277,0.025928,0,1,1,0
27.8,1274,3,6.22645e-05,6.22645e-05,0.687284,0.686789,0.000495195,34.7491,34.7472,9,9,0,1.27299,1.27535,0.00236,0,1,1,1
27.9,1275,1,0.00684949,0.00684949,0.768234,0.770845,0.00261098,35.0729,35.0834,10,10,0,0.978051,1.01392,0.035872,0,1,1,0
27.9,1275,2,0.000361905,0.000361905,0.710107,0.710138,3.09348e-05,34.8404,34.8406,11,11,0,0.759277,0.760509,0.001232,0,1,1,1
27.9,1275,3,0.000520445,0.000520445,0.690876,0.687284,0.0035913,34.7635,34.7491,9,9,0,1.27535,1.29794,0.022584,0,1,1,0
28,1276,1,0.00481142,0.00481142,0.77007,0.768234,0.00183576,35.0803,35.0729,10,10,0,1.01392,0.995115,0.018808,0,1,1,0
28,1276,2,0.00134679,0.00134679,0.709973,0.710107,0.00013423,34.8399,34.8404,11,11,0,0.760509,0.765317,0.004808,0,1,1,1
28,1276,3,1.84029e-05,1.84029e-05,0.690973,0.690876,9.70364e-05,34.7639,34.7635,9,9,0,1.29794,1.2989,0.00096,0,1,1,1
28.1,1277,1,0.0019137,0.0019137,0.769497,0.77007,0.000572562,35.078,35.0803,10,10,0,0.995115,1.00484,0.009728,0,1,1,1
28.1,1277,2,0.00173088,0.00173088,0.71058,0.709973,0.000607908,34.8423,34.8399,11,11,0,0.765317,0.748661,0.016656,0,1,1,0
28.1,1277,3,0.000197627,0.000197627,0.689929,0.690973,0.00104368,34.7597,34.7639,9,9,0,1.2989,1.28858,0.010312,0,1,1,0
28.2,1278,1,0.0022882,0.0022882,0.770212,0.769497,0.000715196,35.0808,35.078,10,10,0,1.00484,0.991979,0.012864,0,1,1,0
28.2,1278,2,0.00863494,0.00863494,0.710919,0.71058,0.000338793,34.8437,34.8423,11,11,0,0.748661,0.806853,0.058192,0,1,1,0
28.2,1278,3,0.000461258,0.000461258,0.691332,0.689929,0.00140303,34.7653,34.7597,9,9,0,1.28858,1.30229,0.013704,0,1,1,0
28.3,1279,1,0.00228519,0.00228519,0.769498,0.770212,0.000714302,35.078,35.0808,10,10,0,0.991979,1.00483,0.012856,0,1,1,0
28.3,1279,2,0.00361169,0.00361169,0.717371,0.710919,0.00645155,34.8695,34.8437,11,11,0,0.806853,0.829221,0.022368,0,1,1,0
28.3,1279,3,0.00133751,0.00133751,0.683011,0.691332,0.00832152,34.732,34.7653,9,9,0,1.30229,1.25508,0.047208,0,1,1,0
28.4,1280,1,0.000445765,0.000445765,0.769623,0.769498,0.00012511,35.0785,35.078,10,10,0,1.00483,1.00365,0.001184,0,1,1,1
28.4,1280,2,0.00146391,0.00146391,0.716258,0.717371,0.00111276,34.865,34.8695,11,11,0,0.829221,0.825989,0.003232,0,1,1,1
28.4,1280,3,0.00628585,0.00628585,0.693526,0.683011,0.0105153,34.7741,34.732,9,9,0,1.25508,1.32026,0.065176,0,1,1,0
28.5,1281,1,0.00100061,0.00100061,0.769893,0.769623,0.000269592,35.0796,35.0785,10,10,0,1.00365,0.999003,0.004648,0,1,1,1
28.5,1281,2,0.00036826,0.00036826,0.709227,0.716258,0.00703061,34.8369,34.865,11,11,0,0.825989,0.793389,0.0326,0,1,1,0
28.5,1281,3,0.00540426,0.00540426,0.689958,0.693526,0.00356841,34.7598,34.7741,9,9,0,1.32026,1.28886,0.031392,0,1,1,0
28.6,1282,1,0.00062293,0.00062293,0.77013,0.769893,0.000237346,35.0805,35.0796,10,10,0,0.999003,0.993787,0.005216,0,1,1,1
28.6,1282,2,0.0124244,0.0124244,0.725405,0.709227,0.0161777,34.9016,34.8369,11,11,0,0.793389,0.848133,0.054744,0,1,1,0
28.6,1282,3,0.00053744,0.00053744,0.685765,0.689958,0.00419235,34.7431,34.7598,9,9,0,1.28886,1.26812,0.020744,0,1,1,0
28.7,1283,1,0.000458626,0.000458626,0.770305,0.77013,0.000174642,35.0812,35.0805,10,10,0,0.993787,0.989947,0.00384,0,1,1,1
28.7,1283,2,0.0139305,0.0139305,0.709614,0.725405,0.0157915,34.8385,34.9016,11,11,0,0.848133,0.800093,0.04804,0,1,1,0
28.7,1283,3,0.000711031,0.000711031,0.690874,0.685765,0.00510895,34.7635,34.7431,9,9,0,1.26812,1.29792,0.0298,0,1,1,0
28.8,1284,1,0.00253399,0.00253399,0.769497,0.770305,0.000808358,35.078,35.0812,10,10,0,0.989947,1.00485,0.014904,0,1,1,0
28.8,1284,2,0.000277556,0.000277556,0.710963,0.709614,0.00134993,34.8439,34.8385,11,11,0,0.800093,0.807069,0.006976,0,1,1,1
28.8,1284,3,4.29153e-06,4.29153e-06,0.690897,0.690874,2.25902e-05,34.7636,34.7635,9,9,0,1.29792,1.29814,0.000224,0,1,1,1
28.9,1285,1,0.000445779,0.000445779,0.769622,0.769497,0.000125051,35.0785,35.078,10,10,0,1.00485,1.00367,0.001184,0,1,1,1
28.9,1285,2,0.0360424,0.0360424,0.739072,0.710963,0.0281081,34.9563,34.8439,11,11,0,0.807069,0.895045,0.087976,0,0,0,0
28.9,1285,3,0.000715494,0.000715494,0.685763,0.690897,0.00513327,34.7431,34.7636,9,9,0,1.29814,1.26811,0.030032,0,1,1,0
29,1286,1,0.00326826,0.00326826,0.770754,0.769622,0.00113201,35.083,35.0785,10,10,0,1.00367,0.980067,0.0236,0,1,1,0
29,1286,2,0.0318035,0.0318035,0.717843,0.739072,0.0212283,34.8714,34.9563,11,11,0,0.895045,0.830597,0.064448,0,0,0,0
29,1286,3,0.000718541,0.000718541,0.690913,0.685763,0.00514954,34.7637,34.7431,9,9,0,1.26811,1.2983,0.030192,0,1,1,0
29.1,1287,1,0.00626178,0.00626178,0.768412,0.770754,0.00234181,35.0736,35.083,10,10,0,0.980067,1.01275,0.032688,0,1,1,0
29.1,1287,2,0.0310685,0.0310685,0.738574,0.717843,0.020731,34.9543,34.8714,11,11,0,0.830597,0.893269,0.062672,0,0,0,0
29.1,1287,3,0.000368878,0.000368878,0.688542,0.690913,0.00237101,34.7542,34.7637,9,9,0,1.2983,1.28136,0.016944,0,1,1,0
29.2,1288,1,0.00432211,0.00432211,0.770016,0.768412,0.00160384,35.0801,35.0736,10,10,0,1.01275,0.996307,0.016448,0,1,1,0
29.2,1288,2,0.0310722,0.0310722,0.717841,0.738574,0.0207338,34.8714,34.9543,11,11,0,0.893269,0.830589,0.06268,0,0,0,0
29.2,1288,3,8.42512e-05,8.42512e-05,0.689208,0.688542,0.00066644,34.7568,34.7542,9,9,0,1.28136,1.28455,0.003192,0,1,1,1
29.3,1289,1,0.000903852,0.000903852,0.77036,0.770016,0.000344157,35.0814,35.0801,10,10,0,0.996307,0.988739,0.007568,0,1,1,1
29.3,1289,2,0.0243653,0.0243653,0.735004,0.717841,0.0171636,34.94,34.8714,11,11,0,0.830589,0.879437,0.048848,0,0,1,0
29.3,1289,3,0.000277422,0.000277422,0.690875,0.689208,0.00166649,34.7635,34.7568,9,9,0,1.28455,1.29793,0.013376,0,1,1,0
29.4,1290,1,0.0029154,0.0029154,0.771382,0.77036,0.00102222,35.0855,35.0814,10,10,0,0.988739,0.964579,0.02416,0,1,1,0
29.4,1290,2,0.0249667,0.0249667,0.717385,0.735004,0.0176197,34.8695,34.94,11,11,0,0.879437,0.829261,0.050176,0,0,1,0
29.4,1290,3,0.000362486,0.000362486,0.688535,0.690875,0.00233966,34.7541,34.7635,9,9,0,1.29793,1.28133,0.0166,0,1,1,0
29.5,1291,1,0.00141044,0.00141044,0.770932,0.771382,0.000450194,35.0837,35.0855,10,10,0,0.964579,0.976139,0.01156,0,1,1,0
29.5,1291,2,0.0265158,0.0265158,0.735765,0.717385,0.0183805,34.9431,34.8695,11,11,0,0.829261,0.882269,0.053008,0,0,1,0
29.5,1291,3,0.000196159,0.000196159,0.689996,0.688535,0.00146115,34.76,34.7541,9,9,0,1.28133,1.28925,0.00792,0,1,1,1
29.6,1292,1,1.725e-05,1.725e-05,0.770938,0.770932,6.49691e-06,35.0838,35.0837,10,10,0,0.976139,0.975995,0.000144,0,1,1,1
29.6,1292,2,0.0195331,0.0195331,0.722299,0.735765,0.0134664,34.8892,34.9431,11,11,0,0.882269,0.841621,0.040648,0,1,1,0
29.6,1292,3,0.000653304,0.000653304,0.691423,0.689996,0.00142682,34.7657,34.76,9,9,0,1.28925,1.30303,0.013784,0,1,1,0
29.7,1293,1,0.000963168,0.000963168,0.770572,0.770938,0.000365913,35.0823,35.0838,10,10,0,0.975995,0.984059,0.008064,0,1,1,1
29.7,1293,2,0.00418831,0.00418831,0.725938,0.722299,0.00363958,34.9038,34.8892,11,11,0,0.841621,0.849253,0.007632,0,1,1,1
29.7,1293,3,0.00108766,0.00108766,0.686645,0.691423,0.00477839,34.7466,34.7657,9,9,0,1.30303,1.2723,0.030728,0,1,1,0
29.8,1294,1,0.003585,0.003585,0.771295,0.770572,0.000722706,35.0852,35.0823,10,10,0,0.984059,0.955915,0.028144,0,1,1,0
29.8,1294,2,0.00578752,0.00578752,0.730016,0.725938,0.00407821,34.9201,34.9038,11,11,0,0.849253,0.862261,0.013008,0,1,1,0
29.8,1294,3,0.000434034,0.000434034,0.689995,0.686645,0.00334996,34.76,34.7466,9,9,0,1.2723,1.28923,0.016928,0,1,1,0
29.9,1295,1,0.00367772,0.00367772,0.770537,0.771295,0.000757933,35.0821,35.0852,10,10,0,0.955915,0.984835,0.02892,0,1,1,0
29.9,1295,2,0.00801715,0.00801715,0.735009,0.730016,0.00499231,34.94,34.9201,11,11,0,0.862261,0.879453,0.017192,0,1,1,0
29.9,1295,3,0.00155877,0.00155877,0.691826,0.689995,0.00183076,34.7673,34.76,9,9,0,1.28923,1.30632,0.017088,0,1,1,0
30,1296,1,9.932e-05,9.932e-05,0.770575,0.770537,3.77893e-05,35.0823,35.0821,10,10,0,0.984835,0.984003,0.000832,0,1,1,1
30,1296,2,0.0179873,0.0179873,0.722302,0.735009,0.0127064,34.8892,34.94,11,11,0,0.879453,0.841629,0.037824,0,1,1,0
30,1296,3,0.00198354,0.00198354,0.686719,0.691826,0.00510681,34.7469,34.7673,9,9,0,1.30632,1.27266,0.033664,0,1,1,0
30.1,1297,1,0.000341143,0.000341143,0.770705,0.770575,0.0001297,35.0828,35.0823,10,10,0,0.984003,0.981147,0.002856,0,1,1,1
30.1,1297,2,0.00418264,0.00418264,0.725938,0.722302,0.00363588,34.9038,34.8892,11,11,0,0.841629,0.849253,0.007624,0,1,1,1
30.1,1297,3,0.00059171,0.00059171,0.690877,0.686719,0.00415778,34.7635,34.7469,9,9,0,1.27266,1.29794,0.025288,0,1,1,0
30.2,1298,1,0.000898074,0.000898074,0.770363,0.770705,0.000341594,35.0815,35.0828,10,10,0,0.981147,0.988667,0.00752,0,1,1,1
30.2,1298,2,0.00578752,0.00578752,0.730016,0.725938,0.00407821,34.9201,34.9038,11,11,0,0.849253,0.862261,0.013008,0,1,1,0
30.2,1298,3,0.000520341,0.000520341,0.687286,0.690877,0.00359046,34.7491,34.7635,9,9,0,1.29794,1.27536,0.022584,0,1,1,0
30.3,1299,1,0.00738304,0.00738304,0.767309,0.770363,0.00305408,35.0692,35.0815,10,10,0,0.988667,1.01999,0.03132,0,1,1,0
30.3,1299,2,0.00801264,0.00801264,0.735006,0.730016,0.00499004,34.94,34.9201,11,11,0,0.862261,0.879445,0.017184,0,1,1,0
30.3,1299,3,0.00106861,0.00106861,0.691451,0.687286,0.00416458,34.7658,34.7491,9,9,0,1.27536,1.30326,0.027896,0,1,1,0
30.4,1300,1,0.000738407,0.000738407,0.766981,0.767309,0.000327706,35.0679,35.0692,10,10,0,1.01999,1.02223,0.002248,0,1,1,1
30.4,1300,2,0.0243662,0.0243662,0.717843,0.735006,0.0171631,34.8714,34.94,11,11,0,0.879445,0.830597,0.048848,0,0,1,0
30.4,1300,3,0.000727169,0.000727169,0.689932,0.691451,0.00151908,34.7597,34.7658,9,9,0,1.30326,1.28861,0.014648,0,1,1,0
30.5,1301,1,0.00837931,0.00837931,0.770461,0.766981,0.00347996,35.0818,35.0679,10,10,0,1.02223,0.986507,0.035728,0,1,1,0
30.5,1301,2,0.0310751,0.0310751,0.738579,0.717843,0.0207355,34.9543,34.8714,11,11,0,0.830597,0.893285,0.062688,0,0,0,0
30.5,1301,3,8.99583e-05,8.99583e-05,0.689278,0.689932,0.000653088,34.7571,34.7597,9,9,0,1.28861,1.28489,0.00372,0,1,1,1
30.6,1302,1,0.00838897,0.00838897,0.766978,0.770461,0.003483,35.0679,35.0818,10,10,0,0.986507,1.02226,0.035752,0,1,1,0
30.6,1302,2,0.0316837,0.0316837,0.717382,0.738579,0.0211971,34.8695,34.9543,11,11,0,0.893285,0.829253,0.064032,0,0,0,0
30.6,1302,3,0.000129648,0.000129648,0.690141,0.689278,0.000863016,34.7606,34.7571,9,9,0,1.28489,1.29068,0.005792,0,1,1,1
30.7,1303,1,0.00639666,0.00639666,0.769747,0.766978,0.00276875,35.079,35.0679,10,10,0,1.02226,1.00223,0.020032,0,1,1,0
30.7,1303,2,0.0111746,0.0111746,0.725938,0.717382,0.00855649,34.9038,34.8695,11,11,0,0.829253,0.849253,0.02,0,1,1,0
30.7,1303,3,0.000127107,0.000127107,0.690813,0.690141,0.000671208,34.7633,34.7606,9,9,0,1.29068,1.29731,0.006632,0,1,1,1
30.8,1304,1,0.00159085,0.00159085,0.769317,0.769747,0.00042969,35.0773,35.079,10,10,0,1.00223,1.00655,0.00432,0,1,1,1
30.8,1304,2,0.00514006,0.00514006,0.72957,0.725938,0.00363207,34.9183,34.9038,11,11,0,0.849253,0.860789,0.011536,0,1,1,0
30.8,1304,3,0.00048586,0.00048586,0.687464,0.690813,0.00334883,34.7499,34.7633,9,9,0,1.29731,1.27621,0.021104,0,1,1,0
30.9,1305,1,0.00266268,0.00266268,0.768026,0.769317,0.00129163,35.0721,35.0773,10,10,0,1.00655,1.01529,0.008744,0,1,1,1
30.9,1305,2,0.0203511,0.0203511,0.742766,0.72957,0.0131957,34.9711,34.9183,11,11,0,0.860789,0.907909,0.04712,0,0,1,0
30.9,1305,3,0.000442468,0.000442468,0.690584,0.687464,0.00311983,34.7623,34.7499,9,9,0,1.27621,1.29505,0.01884,0,1,1,0
31,1306,1,0.00328308,0.00328308,0.769491,0.768026,0.00146586,35.078,35.0721,10,10,0,1.01529,1.0049,0.010392,0,1,1,0
31,1306,2,0.00261548,0.00261548,0.740178,0.742766,0.00258845,34.9607,34.9711,11,11,0,0.907909,0.899005,0.008904,0,1,1,1
31,1306,3,0.000222854,0.000222854,0.691281,0.690584,0.000697553,34.7651,34.7623,9,9,0,1.29505,1.30187,0.006824,0,1,1,1
31.1,1307,1,0.00639443,0.00639443,0.766667,0.769491,0.00282437,35.0667,35.078,10,10,0,1.0049,1.02467,0.019768,0,1,1,0
31.1,1307,2,0.013378,0.013378,0.732683,0.740178,0.00749439,34.9307,34.9607,11,11,0,0.899005,0.871253,0.027752,0,1,1,0
31.1,1307,3,0.000954993,0.000954993,0.685157,0.691281,0.0061245,34.7406,34.7651,9,9,0,1.30187,1.26523,0.03664,0,1,1,0
31.2,1308,1,0.00855849,0.00855849,0.770157,0.766667,0.00349009,35.0806,35.0667,10,10,0,1.02467,0.993195,0.031472,0,1,1,0
31.2,1308,2,0.0169871,0.0169871,0.744078,0.732683,0.0113951,34.9763,34.9307,11,11,0,0.871253,0.912549,0.041296,0,1,1,0
31.2,1308,3,0.000405535,0.000405535,0.679889,0.685157,0.00526738,34.7196,34.7406,9,9,0,1.26523,1.229,0.036232,0,1,1,0
31.3,1309,1,0.00553987,0.00553987,0.767978,0.770157,0.00217915,35.0719,35.0806,10,10,0,0.993195,1.0156,0.022408,0,1,1,0
31.3,1309,2,0.00293086,0.00293086,0.740634,0.744078,0.00344402,34.9625,34.9763,11,11,0,0.912549,0.900645,0.011904,0,1,1,0
31.3,1309,3,0.000650294,0.000650294,0.683197,0.679889,0.00330776,34.7328,34.7196,9,9,0,1.229,1.25596,0.02696,0,1,1,0
31.4,1310,1,0.000373065,0.000373065,0.767787,0.767978,0.000191569,35.0711,35.0719,10,10,0,1.0156,1.01686,0.001256,0,1,1,1
31.4,1310,2,0.016132,0.016132,0.731158,0.740634,0.00947577,34.9246,34.9625,11,11,0,0.900645,0.866061,0.034584,0,1,1,0
31.4,1310,3,0.001711,0.001711,0.679513,0.683197,0.00368452,34.7181,34.7328,9,9,0,1.25596,1.21609,0.039872,0,1,1,0
31.5,1311,1,0.00129278,0.00129278,0.767122,0.767787,0.000664651,35.0685,35.0711,10,10,0,1.01686,1.02121,0.004352,0,1,1,1
31.5,1311,2,0.00720398,0.00720398,0.735414,0.731158,0.00425518,34.9417,34.9246,11,11,0,0.866061,0.880901,0.01484,0,1,1,0
31.5,1311,3,0.00160481,0.00160481,0.684049,0.679513,0.00453621,34.7362,34.7181,9,9,0,1.21609,1.25998,0.043896,0,1,1,0
31.6,1312,1,0.00631911,0.00631911,0.769819,0.767122,0.00269747,35.0793,35.0685,10,10,0,1.02121,1.00062,0.020592,0,1,1,0
31.6,1312,2,0.000659019,0.000659019,0.735736,0.735414,0.000322282,34.9429,34.9417,11,11,0,0.880901,0.882149,0.001248,0,1,1,1
31.6,1312,3,0.000319481,0.000319481,0.681339,0.684049,0.00271022,34.7254,34.7362,9,9,0,1.25998,1.24666,0.013328,0,1,1,0
31.7,1313,1,0.00244053,0.00244053,0.769111,0.769819,0.000708282,35.0764,35.0793,10,10,0,1.00062,1.00815,0.007536,0,1,1,1
31.7,1313,2,0.000259355,0.000259355,0.735862,0.735736,0.000126004,34.9434,34.9429,11,11,0,0.882149,0.882669,0.00052,0,1,1,1
31.7,1313,3,0.000130206,0.000130206,0.680173,0.681339,0.00116605,34.7207,34.7254,9,9,0,1.24666,1.23639,0.010264,0,1,1,0
31.8,1314,1,0.000156794,0.000156794,0.769191,0.769111,8.0049e-05,35.0768,35.0764,10,10,0,1.00815,1.00763,0.000528,0,1,1,1
31.8,1314,2,0.00881052,0.00881052,0.730668,0.735862,0.00519437,34.9227,34.9434,11,11,0,0.882669,0.864413,0.018256,0,1,1,0
31.8,1314,3,0.000300623,0.000300623,0.679973,0.680173,0.000199735,34.7199,34.7207,9,9,0,1.23639,1.23284,0.003552,0,1,1,1
31.9,1315,1,0.0107925,0.0107925,0.765304,0.769191,0.00388753,35.0612,35.0768,10,10,0,1.00763,1.04,0.032376,0,1,1,0
31.9,1315,2,0.00132473,0.00132473,0.731627,0.730668,0.000959218,34.9265,34.9227,11,11,0,0.864413,0.867653,0.00324,0,1,1,1
31.9,1315,3,0.000739835,0.000739835,0.679825,0.679973,0.000147641,34.7193,34.7199,9,9,0,1.23284,1.22618,0.006664,0,1,1,1
32,1316,1,0.000604268,0.000604268,0.764863,0.765304,0.000440717,35.0595,35.0612,10,10,0,1.04,1.04321,0.003208,0,1,1,1
32,1316,2,0.00306632,0.00306632,0.729468,0.731627,0.0021584,34.9179,34.9265,11,11,0,0.867653,0.860453,0.0072,0,1,1,1
32,1316,3,0.00087779,0.00087779,0.683836,0.679825,0.00401044,34.7353,34.7193,9,9,0,1.22618,1.25898,0.0328,0,1,1,0
32.1,1317,1,0.00290717,0.00290717,0.760451,0.764863,0.0044114,35.0418,35.0595,10,10,0,1.04321,1.07214,0.028928,0,1,1,0
32.1,1317,2,0.00480923,0.00480923,0.732906,0.729468,0.00343734,34.9316,34.9179,11,11,0,0.860453,0.872013,0.01156,0,1,1,0
32.1,1317,3,0.0002928,0.0002928,0.681335,0.683836,0.00250053,34.7253,34.7353,9,9,0,1.25898,1.24662,0.012352,0,1,1,0
32.2,1318,1,0.00179829,0.00179829,0.764052,0.760451,0.00360066,35.0562,35.0418,10,10,0,1.07214,1.0491,0.02304,0,1,1,0
32.2,1318,2,0.00547083,0.00547083,0.729012,0.732906,0.00389403,34.916,34.9316,11,11,0,0.872013,0.858949,0.013064,0,1,1,0
32.2,1318,3,0.000130415,0.000130415,0.680172,0.681335,0.00116348,34.7207,34.7253,9,9,0,1.24662,1.23638,0.01024,0,1,1,0
32.3,1319,1,0.00190939,0.00190939,0.759874,0.764052,0.00417829,35.0395,35.0562,10,10,0,1.0491,1.07564,0.026544,0,1,1,0
32.3,1319,2,0.00205252,0.00205252,0.727592,0.729012,0.00142014,34.9104,34.916,11,11,0,0.858949,0.854285,0.004664,0,1,1,1
32.3,1319,3,0.00246102,0.00246102,0.679332,0.680172,0.000840008,34.7173,34.7207,9,9,0,1.23638,1.20895,0.027432,0,1,1,0
32.4,1320,1,0.00197107,0.00197107,0.764097,0.759874,0.00422347,35.0564,35.0395,10,10,0,1.07564,1.04877,0.026872,0,1,1,0
32.4,1320,2,0.0107232,0.0107232,0.734612,0.727592,0.00702077,34.9384,34.9104,11,11,0,0.854285,0.878037,0.023752,0,1,1,0
32.4,1320,3,0.00256032,0.00256032,0.680502,0.679332,0.00117075,34.722,34.7173,9,9,0,1.20895,1.23921,0.030256,0,1,1,0
32.5,1321,1,0.00892418,0.00892418,0.767387,0.764097,0.00328988,35.0695,35.0564,10,10,0,1.04877,1.01947,0.029296,0,1,1,0
32.5,1321,2,0.00479567,0.00479567,0.731735,0.734612,0.00287741,34.9269,34.9384,11,11,0,0.878037,0.868021,0.010016,0,1,1,0
32.5,1321,3,0.00736485,0.00736485,0.675815,0.680502,0.00468725,34.7033,34.722,9,9,0,1.23921,1.17906,0.060152,0,1,1,0
32.6,1322,1,0.00886084,0.00886084,0.764144,0.767387,0.00324351,35.0566,35.0695,10,10,0,1.01947,1.04843,0.02896,0,1,1,0
32.6,1322,2,0.00321694,0.00321694,0.729466,0.731735,0.00226897,34.9179,34.9269,11,11,0,0.868021,0.860445,0.007576,0,1,1,1
32.6,1322,3,0.00697236,0.00697236,0.679974,0.675815,0.00415909,34.7199,34.7033,9,9,0,1.17906,1.2329,0.053848,0,1,1,0
32.7,1323,1,0.00147666,0.00147666,0.765222,0.764144,0.00107861,35.0609,35.0566,10,10,0,1.04843,1.04059,0.00784,0,1,1,1
32.7,1323,2,0.0083712,0.0083712,0.734789,0.729466,0.00532341,34.9392,34.9179,11,11,0,0.860445,0.878669,0.018224,0,1,1,0
32.7,1323,3,0.000418469,0.000418469,0.680899,0.679974,0.000924408,34.7236,34.7199,9,9,0,1.2329,1.24272,0.009816,0,1,1,1
32.8,1324,1,0.00457327,0.00457327,0.766364,0.765222,0.00114173,35.0655,35.0609,10,10,0,1.04059,1.02701,0.013584,0,1,1,0
32.8,1324,2,0.00570445,0.00570445,0.73133,0.734789,0.00345904,34.9253,34.9392,11,11,0,0.878669,0.866645,0.012024,0,1,1,0
32.8,1324,3,0.00122739,0.00122739,0.679792,0.680899,0.0011065,34.7192,34.7236,9,9,0,1.24272,1.22521,0.017512,0,1,1,0
32.9,1325,1,0.00410017,0.00410017,0.765567,0.766364,0.000796974,35.0623,35.0655,10,10,0,1.02701,1.03808,0.011072,0,1,1,0
32.9,1325,2,0.0217724,0.0217724,0.714107,0.73133,0.0172237,34.8564,34.9253,11,11,0,0.866645,0.818733,0.047912,0,0,1,0
32.9,1325,3,0.000382774,0.000382774,0.679596,0.679792,0.000195801,34.7184,34.7192,9,9,0,1.22521,1.21939,0.005816,0,1,1,1
33,1326,1,0.00194976,0.00194976,0.764144,0.765567,0.00142336,35.0566,35.0623,10,10,0,1.03808,1.04843,0.010352,0,1,1,0
33,1326,2,0.00314511,0.00314511,0.717536,0.714107,0.00342911,34.8701,34.8564,11,11,0,0.818733,0.829701,0.010968,0,1,1,0
33,1326,3,0.00161099,0.00161099,0.680968,0.679596,0.0013712,34.7239,34.7184,9,9,0,1.21939,1.24334,0.023944,0,1,1,0
33.1,1327,1,0.00663216,0.00663216,0.766551,0.764144,0.00240761,35.0662,35.0566,10,10,0,1.04843,1.02556,0.022872,0,1,1,0
33.1,1327,2,0.000970758,0.000970758,0.718271,0.717536,0.00073576,34.8731,34.8701,11,11,0,0.829701,0.831845,0.002144,0,1,1,1
33.1,1327,3,0.000960141,0.000960141,0.67987,0.680968,0.00109756,34.7195,34.7239,9,9,0,1.24334,1.2281,0.015232,0,1,1,0
33.2,1328,1,0.00542828,0.00542828,0.765023,0.766551,0.00152785,35.0601,35.0662,10,10,0,1.02556,1.04204,0.01648,0,1,1,0
33.2,1328,2,0.00163744,0.00163744,0.71703,0.718271,0.00124192,34.8681,34.8731,11,11,0,0.831845,0.828229,0.003616,0,1,1,1
33.2,1328,3,0.00120064,0.00120064,0.679447,0.67987,0.000422657,34.7178,34.7195,9,9,0,1.2281,1.21351,0.014592,0,1,1,0
33.3,1329,1,0.00530934,0.00530934,0.766513,0.765023,0.00148958,35.0661,35.0601,10,10,0,1.04204,1.02586,0.016184,0,1,1,0
33.3,1329,2,0.00186211,0.00186211,0.715387,0.71703,0.00164229,34.8615,34.8681,11,11,0,0.828229,0.823173,0.005056,0,1,1,1
33.3,1329,3,0.00019075,0.00019075,0.679499,0.679447,5.16772e-05,34.718,34.7178,9,9,0,1.21351,1.21555,0.00204,0,1,1,1
33.4,1330,1,0.00516463,0.00516463,0.765129,0.766513,0.00138414,35.0605,35.0661,10,10,0,1.02586,1.04127,0.015416,0,1,1,0
33.4,1330,2,0.00487571,0.00487571,0.719312,0.715387,0.00392473,34.8772,34.8615,11,11,0,0.823173,0.834885,0.011712,0,1,1,0
33.4,1330,3,0.00178054,0.00178054,0.683041,0.679499,0.00354218,34.7322,34.718,9,9,0,1.21555,1.25522,0.039672,0,1,1,0
33.5,1331,1,0.000836313,0.000836313,0.764518,0.765129,0.00061053,35.0581,35.0605,10,10,0,1.04127,1.04571,0.00444,0,1,1,1
33.5,1331,2,0.00515735,0.00515735,0.72283,0.719312,0.00351816,34.8913,34.8772,11,11,0,0.834885,0.842749,0.007864,0,1,1,1
33.5,1331,3,0.00239836,0.00239836,0.679331,0.683041,0.00370973,34.7173,34.7322,9,9,0,1.25522,1.20894,0.04628,0,1,1,0
33.6,1332,1,0.00858148,0.00858148,0.767507,0.764518,0.00298858,35.07,35.0581,10,10,0,1.04571,1.01869,0.027024,0,1,1,0
33.6,1332,2,0.00818175,0.00818175,0.717021,0.72283,0.00580883,34.8681,34.8913,11,11,0,0.842749,0.828205,0.014544,0,1,1,0
33.6,1332,3,0.000978351,0.000978351,0.679597,0.679331,0.0002653,34.7184,34.7173,9,9,0,1.20894,1.21941,0.010464,0,1,1,0
33.7,1333,1,0.00909679,0.00909679,0.764141,0.767507,0.00336546,35.0566,35.07,10,10,0,1.01869,1.04845,0.02976,0,1,1,0
33.7,1333,2,1.80453e-05,1.80453e-05,0.717035,0.717021,1.37687e-05,34.8681,34.8681,11,11,0,0.828205,0.828245,4e-05,0,1,1,1
33.7,1333,3,0.00151166,0.00151166,0.682305,0.679597,0.00270778,34.7292,34.7184,9,9,0,1.21941,1.25175,0.032344,0,1,1,0
33.8,1334,1,0.00664169,0.00664169,0.766553,0.764141,0.0024119,35.0662,35.0566,10,10,0,1.04845,1.02555,0.022904,0,1,1,0
33.8,1334,2,0.00186732,0.00186732,0.71539,0.717035,0.00164545,34.8616,34.8681,11,11,0,0.828245,0.823181,0.005064,0,1,1,1
33.8,1334,3,0.00151093,0.00151093,0.679597,0.682305,0.0027076,34.7184,34.7292,9,9,0,1.25175,1.21942,0.032336,0,1,1,0
33.9,1335,1,0.00625445,0.00625445,0.764425,0.766553,0.00212866,35.0577,35.0662,10,10,0,1.02555,1.04639,0.020848,0,1,1,0
33.9,1335,2,0.00366414,0.00366414,0.718398,0.71539,0.00300795,34.8736,34.8616,11,11,0,0.823181,0.832213,0.009032,0,1,1,1
33.9,1335,3,0.00602575,0.00602575,0.675558,0.679597,0.00403923,34.7022,34.7184,9,9,0,1.21942,1.17787,0.041544,0,1,1,0
34,1336,1,7.38166e-05,7.38166e-05,0.764371,0.764425,5.40018e-05,35.0575,35.0577,10,10,0,1.04639,1.04679,0.000392,0,1,1,1
34,1336,2,0.00349044,0.00349044,0.720876,0.718398,0.00247848,34.8835,34.8736,11,11,0,0.832213,0.838573,0.00636,0,1,1,1
34,1336,3,0.00398564,0.00398564,0.679061,0.675558,0.00350368,34.7162,34.7022,9,9,0,1.17787,1.20046,0.022592,0,1,1,0
34.1,1337,1,0.120442,0.120442,0.575812,0.764371,0.188559,34.3032,35.0575,10,9,-1,1.04679,1.04934,0.00255733,0,0,0,0
34.1,1337,2,0.0147355,0.0147355,0.706101,0.720876,0.0147756,34.8244,34.8835,11,12,1,0.838573,0.7304,0.108173,0,1,1,0
34.1,1337,3,0.00234654,0.00234654,0.677292,0.679061,0.00176907,34.7092,34.7162,9,9,0,1.20046,1.18586,0.0146,0,1,1,0
34.2,1338,1,0.0365689,0.0365689,0.489634,0.575812,0.0861772,33.9585,34.3032,9,9,0,1.04934,1.02946,0.01988,0,0,0,0
34.2,1338,2,0.00136471,0.00136471,0.707397,0.706101,0.00129658,34.8296,34.8244,12,12,0,0.7304,0.715808,0.014592,0,1,1,0
34.2,1338,3,8.82149e-05,8.82149e-05,0.693355,0.677292,0.0160623,34.7734,34.7092,9,9,0,1.18586,1.31885,0.132984,0,1,1,0
34.3,1339,1,0.00425008,0.00425008,0.469823,0.489634,0.0198117,33.8793,33.9585,9,9,0,1.02946,0.959536,0.069928,0,1,1,0
34.3,1339,2,0.00820592,0.00820592,0.691505,0.707397,0.0158921,34.766,34.8296,12,12,0,0.715808,0.800024,0.084216,0,1,1,0
34.3,1339,3,0.00101627,0.00101627,0.693803,0.693355,0.000448942,34.7752,34.7734,9,9,0,1.31885,1.32254,0.003688,0,1,1,1
34.4,1340,1,0.0141452,0.0141452,0.489726,0.469823,0.0199029,33.9589,33.8793,9,9,0,0.959536,0.91752,0.042016,0,1,1,0
34.4,1340,2,0.000884235,0.000884235,0.69149,0.691505,1.54376e-05,34.766,34.766,12,12,0,0.800024,0.82984,0.029816,0,1,1,0
34.4,1340,3,0.0341265,0.0341265,0.701263,0.693803,0.00745958,34.8051,34.7752,9,9,0,1.32254,1.41551,0.092976,0,0,1,0
34.5,1341,1,0.000804096,0.000804096,0.494195,0.489726,0.00446936,33.9768,33.9589,9,9,0,0.91752,0.91248,0.00504,0,1,1,1
34.5,1341,2,0.00154689,0.00154689,0.689841,0.69149,0.00164855,34.7594,34.766,12,12,0,0.82984,0.809824,0.020016,0,1,1,0
34.5,1341,3,0.0238161,0.0238161,0.698323,0.701263,0.00294024,34.7933,34.8051,9,9,0,1.41551,1.35991,0.0556,0,0,1,0
34.6,1342,1,0.000100702,0.000100702,0.495108,0.494195,0.000913113,33.9804,33.9768,9,9,0,0.91248,0.911432,0.001048,0,1,1,1
34.6,1342,2,0.0016724,0.0016724,0.690834,0.689841,0.000992537,34.7633,34.7594,12,12,0,0.809824,0.824456,0.014632,0,1,1,0
34.6,1342,3,0.00546952,0.00546952,0.699193,0.698323,0.000869751,34.7968,34.7933,9,9,0,1.35991,1.3728,0.012888,0,1,1,0
34.7,1343,1,0.000428326,0.000428326,0.498978,0.495108,0.00386992,33.9959,33.9804,9,9,0,0.911432,0.906976,0.004456,0,1,1,1
34.7,1343,2,0.000242829,0.000242829,0.692184,0.690834,0.00135022,34.7687,34.7633,12,12,0,0.824456,0.83896,0.014504,0,1,1,0
34.7,1343,3,0.00249749,0.00249749,0.698886,0.699193,0.000307024,34.7955,34.7968,9,9,0,1.3728,1.36697,0.005832,0,1,1,1
34.8,1344,1,0.00428374,0.00428374,0.482877,0.498978,0.0161012,33.9315,33.9959,9,9,0,0.906976,0.927008,0.020032,0,1,1,0
34.8,1344,2,0.00205736,0.00205736,0.69291,0.692184,0.000725746,34.7716,34.7687,12,12,0,0.83896,0.855744,0.016784,0,1,1,0
34.8,1344,3,0.005408,0.005408,0.697261,0.698886,0.0016247,34.789,34.7955,9,9,0,1.36697,1.35109,0.01588,0,1,1,0
34.9,1345,1,0.00339522,0.00339522,0.492322,0.482877,0.00944498,33.9693,33.9315,9,9,0,0.927008,0.914632,0.012376,0,1,1,0
34.9,1345,2,0.00225049,0.00225049,0.691081,0.69291,0.00182879,34.7643,34.7716,12,12,0,0.855744,0.82596,0.029784,0,1,1,0
34.9,1345,3,0.0123748,0.0123748,0.699699,0.697261,0.00243771,34.7988,34.789,9,9,0,1.35109,1.38322,0.032128,0,1,1,0
35,1346,1,0.000460193,0.000460193,0.495108,0.492322,0.00278634,33.9804,33.9693,9,9,0,0.914632,0.911432,0.0032,0,1,1,1
35,1346,2,0.000151694,0.000151694,0.691939,0.691081,0.00085777,34.7678,34.7643,12,12,0,0.82596,0.835736,0.009776,0,1,1,1
35,1346,3,0.000618108,0.000618108,0.699768,0.699699,6.99162e-05,34.7991,34.7988,9,9,0,1.38322,1.38466,0.00144,0,1,1,1
35.1,1347,1,0.000702187,0.000702187,0.49108,0.495108,0.00402841,33.9643,33.9804,9,9,0,0.911432,0.916032,0.0046,1,1,1,1
35.1,1347,2,0.00296624,0.00296624,0.692946,0.691939,0.00100791,34.7718,34.7678,12,12,0,0.835736,0.85896,0.023224,1,1,1,0
35.1,1347,3,0.00531386,0.00531386,0.699167,0.699768,0.00060159,34.7967,34.7991,9,9,0,1.38466,1.37227,0.012384,1,1,1,0
35.2,1348,1,0.000259273,0.000259273,0.489347,0.49108,0.00173309,33.9574,33.9643,9,9,0,0.916032,0.917936,0.001904,0,1,1,1
35.2,1348,2,0.00292486,0.00292486,0.692183,0.692946,0.000763237,34.7687,34.7718,12,12,0,0.85896,0.838952,0.020008,0,1,1,0
35.2,1348,3,0.0013724,0.0013724,0.699011,0.699167,0.000155568,34.796,34.7967,9,9,0,1.37227,1.36907,0.0032,0,1,1,1
35.3,1349,1,0.00374088,0.00374088,0.481846,0.489347,0.00750056,33.9274,33.9574,9,9,0,0.917936,0.928912,0.010976,0,1,1,0
35.3,1349,2,0.00252782,0.00252782,0.69293,0.692183,0.000746369,34.7717,34.7687,12,12,0,0.838952,0.857488,0.018536,0,1,1,0
35.3,1349,3,0.0106172,0.0106172,0.695373,0.699011,0.00363839,34.7815,34.796,9,9,0,1.36907,1.33546,0.033608,0,1,1,0
35.4,1350,1,0.00559833,0.00559833,0.504015,0.481846,0.0221692,34.0161,33.9274,9,9,0,0.928912,0.901176,0.027736,0,1,0,0
35.4,1350,2,0.0014779,0.0014779,0.690795,0.69293,0.00213408,34.7632,34.7717,12,12,0,0.857488,0.804208,0.05328,0,1,1,0
35.4,1350,3,0.000412457,0.000412457,0.695192,0.695373,0.000181258,34.7808,34.7815,9,9,0,1.33546,1.33397,0.001496,0,1,1,1
35.5,1351,1,0.0139832,0.0139832,0.49529,0.504015,0.00872517,33.9812,34.0161,9,9,0,0.901176,1.00278,0.1016,0,1,1,0
35.5,1351,2,0.000255853,0.000255853,0.690153,0.690795,0.000642836,34.7606,34.7632,12,12,0,0.804208,0.807992,0.003784,0,1,1,1
35.5,1351,3,0.0101013,0.0101013,0.680092,0.695192,0.0150997,34.7204,34.7808,9,9,0,1.33397,1.2357,0.098264,0,1,1,0
35.6,1352,1,0.0114068,0.0114068,0.52222,0.49529,0.0269299,34.0889,33.9812,9,9,0,1.00278,0.882336,0.12044,0,1,0,0
35.6,1352,2,0.00143579,0.00143579,0.691414,0.690153,0.00126135,34.7657,34.7606,12,12,0,0.807992,0.828848,0.020856,0,1,1,0
35.6,1352,3,0.0160807,0.0160807,0.697809,0.680092,0.0177171,34.7912,34.7204,9,9,0,1.2357,1.35564,0.119936,0,1,1,0
35.7,1353,1,0.0119137,0.0119137,0.496292,0.52222,0.0259277,33.9852,34.0889,9,9,0,0.882336,0.997944,0.115608,0,1,0,0
35.7,1353,2,0.00124481,0.00124481,0.690633,0.691414,0.000781476,34.7625,34.7657,12,12,0,0.828848,0.805168,0.02368,0,1,1,0
35.7,1353,3,0.0161977,0.0161977,0.681783,0.697809,0.0160265,34.7271,34.7912,9,9,0,1.35564,1.2493,0.106344,0,1,1,0
35.8,1354,1,0.0142169,0.0142169,0.500729,0.496292,0.00443718,34.0029,33.9852,9,9,0,0.997944,0.904952,0.092992,0,1,1,0
35.8,1354,2,0.000657395,0.000657395,0.689938,0.690633,0.000694335,34.7598,34.7625,12,12,0,0.805168,0.816464,0.011296,0,1,1,0
35.8,1354,3,0.0160541,0.0160541,0.697746,0.681783,0.0159639,34.791,34.7271,9,9,0,1.2493,1.35512,0.105824,0,1,1,0
35.9,1355,1,0.012583,0.012583,0.493057,0.500729,0.00767243,33.9722,34.0029,9,9,0,0.904952,1.01352,0.108568,0,1,1,0
35.9,1355,2,0.00398688,0.00398688,0.696281,0.689938,0.00634283,34.7851,34.7598,12,12,0,0.816464,0.778048,0.038416,0,1,1,0
35.9,1355,3,0.015344,0.015344,0.687462,0.697746,0.0102843,34.7498,34.791,9,9,0,1.35512,1.2762,0.07892,0,1,1,0
36,1356,1,0.00659149,0.00659149,0.508121,0.493057,0.0150645,34.0325,33.9722,9,9,0,1.01352,0.877648,0.135872,0,1,1,0
36,1356,2,0.00600551,0.00600551,0.692927,0.696281,0.00335366,34.7717,34.7851,12,12,0,0.778048,0.857296,0.079248,0,1,1,0
36,1356,3,0.0103553,0.0103553,0.695564,0.687462,0.00810164,34.7823,34.7498,9,9,0,1.2762,1.33704,0.06084,0,1,1,0
36.1,1357,1,0.00585707,0.00585707,0.491599,0.508121,0.0165229,33.9664,34.0325,9,9,0,0.877648,1.02052,0.142872,0,1,1,0
36.1,1357,2,0.00643221,0.00643221,0.696657,0.692927,0.0037297,34.7866,34.7717,12,12,0,0.857296,0.776448,0.080848,0,1,1,0
36.1,1357,3,0.0109347,0.0109347,0.682834,0.695564,0.0127296,34.7313,34.7823,9,9,0,1.33704,1.25425,0.082792,0,1,1,0
36.2,1358,1,0.0082315,0.0082315,0.501678,0.491599,0.0100794,34.0067,33.9664,9,9,0,1.02052,0.88556,0.13496,0,1,1,0
36.2,1358,2,0.00679478,0.00679478,0.692943,0.696657,0.00371426,34.7718,34.7866,12,12,0,0.776448,0.85864,0.082192,0,1,1,0
36.2,1358,3,0.000861749,0.000861749,0.689697,0.682834,0.00686288,34.7588,34.7313,9,9,0,1.25425,1.2869,0.032648,0,1,1,0
36.3,1359,1,0.00988073,0.00988073,0.49487,0.501678,0.00680822,33.9795,34.0067,9,9,0,0.88556,1.0048,0.11924,0,1,1,0
36.3,1359,2,0.00290526,0.00290526,0.691789,0.692943,0.00115347,34.7672,34.7718,12,12,0,0.85864,0.833776,0.024864,0,1,1,0
36.3,1359,3,0.000217691,0.000217691,0.690886,0.689697,0.00118917,34.7635,34.7588,9,9,0,1.2869,1.29804,0.011144,0,1,1,0
36.4,1360,1,0.0101205,0.0101205,0.500172,0.49487,0.00530255,34.0007,33.9795,9,9,0,1.0048,0.88692,0.11788,0,1,1,0
36.4,1360,2,0.000681549,0.000681549,0.691582,0.691789,0.000207365,34.7663,34.7672,12,12,0,0.833776,0.798768,0.035008,0,1,1,0
36.4,1360,3,0.00274698,0.00274698,0.692428,0.690886,0.0015415,34.7697,34.7635,9,9,0,1.29804,1.31125,0.013208,0,1,1,0
36.5,1361,1,0.0102304,0.0102304,0.495087,0.500172,0.00508493,33.9803,34.0007,9,9,0,0.88692,1.00375,0.116832,0,1,1,0
36.5,1361,2,0.000719413,0.000719413,0.691565,0.691582,1.68085e-05,34.7663,34.7663,12,12,0,0.798768,0.830832,0.032064,0,1,1,0
36.5,1361,3,0.0172736,0.0172736,0.699009,0.692428,0.0065816,34.796,34.7697,9,9,0,1.31125,1.36903,0.057784,0,1,1,0
36.6,1362,1,0.0117175,0.0117175,0.481027,0.495087,0.0140603,33.9241,33.9803,9,9,0,1.00375,0.905176,0.098576,0,1,1,0
36.6,1362,2,0.00122926,0.00122926,0.689708,0.691565,0.00185716,34.7588,34.7663,12,12,0,0.830832,0.813128,0.017704,0,1,1,0
36.6,1362,3,0.0212631,0.0212631,0.680908,0.699009,0.0181018,34.7236,34.796,9,9,0,1.36903,1.2428,0.126232,0,0,1,0
36.7,1363,1,0.00407939,0.00407939,0.508092,0.481027,0.0270647,34.0324,33.9241,9,9,0,0.905176,0.877696,0.02748,0,1,0,0
36.7,1363,2,0.00112468,0.00112468,0.692184,0.689708,0.0024758,34.7687,34.7588,12,12,0,0.813128,0.83896,0.025832,0,1,1,0
36.7,1363,3,0.00278224,0.00278224,0.691892,0.680908,0.0109845,34.7676,34.7236,9,9,0,1.2428,1.30686,0.064064,0,1,1,0
36.8,1364,1,0.00615677,0.00615677,0.492151,0.508092,0.0159412,33.9686,34.0324,9,9,0,0.877696,1.01787,0.140176,0,1,1,0
36.8,1364,2,0.000145912,0.000145912,0.69132,0.692184,0.000863731,34.7653,34.7687,12,12,0,0.83896,0.827616,0.011344,0,1,1,0
36.8,1364,3,0.0454487,0.0454487,0.702049,0.691892,0.010157,34.8082,34.7676,9,9,0,1.30686,1.43179,0.124928,0,0,1,0
36.9,1365,1,0.00467917,0.00467917,0.51029,0.492151,0.0181393,34.0412,33.9686,9,9,0,1.01787,0.873312,0.14456,0,1,1,0
36.9,1365,2,3.618e-05,3.618e-05,0.690186,0.69132,0.00113368,34.7607,34.7653,12,12,0,0.827616,0.819176,0.00844,0,1,1,1
36.9,1365,3,0.0482285,0.0482285,0.68071,0.702049,0.0213394,34.7228,34.8082,9,9,0,1.43179,1.24103,0.19076,0,0,0,0
37,1366,1,0.00394386,0.00394386,0.490689,0.51029,0.0196011,33.9628,34.0412,9,9,0,0.873312,1.02488,0.151568,0,1,1,0
37,1366,2,0.00144699,0.00144699,0.689674,0.690186,0.000511944,34.7587,34.7607,12,12,0,0.819176,0.812176,0.007,0,1,1,1
37,1366,3,0.0114881,0.0114881,0.695736,0.68071,0.0150264,34.7829,34.7228,9,9,0,1.24103,1.33846,0.097432,0,1,1,0
37.1,1367,1,0.00508556,0.00508556,0.477991,0.490689,0.012698,33.912,33.9628,9,9,0,1.02488,0.888392,0.136488,0,1,1,0
37.1,1367,2,0.00788058,0.00788058,0.698992,0.689674,0.00931716,34.796,34.7587,12,12,0,0.812176,0.76648,0.045696,0,1,1,0
37.1,1367,3,0.0110142,0.0110142,0.679963,0.695736,0.0157731,34.7199,34.7829,9,9,0,1.33846,1.23239,0.106072,0,1,1,0
37.2,1368,1,0.00201388,0.00201388,0.490119,0.477991,0.0121278,33.9605,33.912,9,9,0,0.888392,0.877408,0.010984,0,1,1,0
37.2,1368,2,0.00653768,0.00653768,0.691722,0.698992,0.00726926,34.7669,34.796,12,12,0,0.76648,0.832896,0.066416,0,1,1,0
37.2,1368,3,0.00325543,0.00325543,0.692313,0.679963,0.0123504,34.7693,34.7199,9,9,0,1.23239,1.31031,0.07792,0,1,1,0
37.3,1369,1,0.0018801,0.0018801,0.494256,0.490119,0.00413749,33.977,33.9605,9,9,0,0.877408,0.870824,0.006584,0,1,1,1
37.3,1369,2,0.000138134,0.000138134,0.690966,0.691722,0.000756025,34.7639,34.7669,12,12,0,0.832896,0.825264,0.007632,0,1,1,1
37.3,1369,3,0.00358358,0.00358358,0.693899,0.692313,0.00158542,34.7756,34.7693,9,9,0,1.31031,1.32332,0.013008,0,1,1,0
37.4,1370,1,0.0035694,0.0035694,0.480244,0.494256,0.0140117,33.921,33.977,9,9,0,0.870824,0.8864,0.015576,0,1,1,0
37.4,1370,2,0.00104633,0.00104633,0.691346,0.690966,0.000380099,34.7654,34.7639,12,12,0,0.825264,0.80096,0.024304,0,1,1,0
37.4,1370,3,0.0100059,0.0100059,0.698284,0.693899,0.00438547,34.7931,34.7756,9,9,0,1.32332,1.35959,0.036272,0,1,1,0
37.5,1371,1,0.00170519,0.00170519,0.4704,0.480244,0.00984451,33.8816,33.921,9,9,0,0.8864,0.896472,0.010072,0,1,1,0
37.5,1371,2,0.00100248,0.00100248,0.691185,0.691346,0.000161827,34.7647,34.7654,12,12,0,0.80096,0.826592,0.025632,0,1,1,0
37.5,1371,3,0.00867625,0.00867625,0.694485,0.698284,0.0037992,34.7779,34.7931,9,9,0,1.35959,1.32814,0.031448,0,1,1,0
37.6,1372,1,0.000111118,0.000111118,0.468493,0.4704,0.00190711,33.874,33.8816,9,9,0,0.896472,0.898272,0.0018,0,1,1,1
37.6,1372,2,3.55989e-05,3.55989e-05,0.691375,0.691185,0.000190377,34.7655,34.7647,12,12,0,0.826592,0.828336,0.001744,0,1,1,1
37.6,1372,3,0.000937343,0.000937343,0.694898,0.694485,0.000412643,34.7796,34.7779,9,9,0,1.32814,1.33154,0.0034,0,1,1,1
37.7,1373,1,0.00322777,0.00322777,0.489298,0.468493,0.0208055,33.9572,33.874,9,9,0,0.898272,0.878392,0.01988,1,1,0,0
37.7,1373,2,3.53605e-05,3.53605e-05,0.691186,0.691375,0.000189126,34.7647,34.7655,12,12,0,0.828336,0.8266,0.001736,1,1,1,1
37.7,1373,3,0.00958879,0.00958879,0.681467,0.694898,0.0134305,34.7259,34.7796,9,9,0,1.33154,1.24781,0.083736,1,1,1,0
37.8,1374,1,0.00115059,0.00115059,0.481926,0.489298,0.00737274,33.9277,33.9572,9,9,0,0.878392,0.88492,0.006528,0,1,1,1
37.8,1374,2,0.000957519,0.000957519,0.689811,0.691186,0.00137508,34.7592,34.7647,12,12,0,0.8266,0.815072,0.011528,0,1,1,0
37.8,1374,3,0.00102881,0.00102881,0.689677,0.681467,0.00820976,34.7587,34.7259,9,9,0,1.24781,1.2868,0.038992,0,1,1,0
37.9,1375,1,0.0034118,0.0034118,0.461776,0.481926,0.0201501,33.8471,33.9277,9,9,0,0.88492,0.88436,0.00056,0,1,0,0
37.9,1375,2,0.00109352,0.00109352,0.690475,0.689811,0.000664532,34.7619,34.7592,12,12,0,0.815072,0.822048,0.006976,0,1,1,1
37.9,1375,3,0.00011798,0.00011798,0.690346,0.689677,0.00066942,34.7614,34.7587,9,9,0,1.2868,1.2927,0.005904,0,1,1,1
38,1376,1,0.000316489,0.000316489,0.464671,0.461776,0.0028953,33.8587,33.8471,9,9,0,0.88436,0.881696,0.002664,0,1,1,1
38,1376,2,0.000171512,0.000171512,0.691376,0.690475,0.000900269,34.7655,34.7619,12,12,0,0.822048,0.828344,0.006296,0,1,1,1
38,1376,3,0.00201429,0.00201429,0.692057,0.690346,0.00171089,34.7682,34.7614,9,9,0,1.2927,1.30822,0.015512,0,1,1,0
38.1,1377,1,0.000124063,0.000124063,0.463855,0.464671,0.000816196,33.8554,33.8587,9,9,0,0.881696,0.8824,0.000704,0,1,1,1
38.1,1377,2,3.58522e-05,3.58522e-05,0.691588,0.691376,0.000212729,34.7664,34.7655,12,12,0,0.828344,0.831136,0.002792,0,1,1,1
38.1,1377,3,0.00275628,0.00275628,0.68472,0.692057,0.00733769,34.7389,34.7682,9,9,0,1.30822,1.26316,0.045056,0,1,1,0
38.2,1378,1,0.000259381,0.000259381,0.46556,0.463855,0.00170571,33.8622,33.8554,9,9,0,0.8824,0.880928,0.001472,0,1,1,1
38.2,1378,2,0.00141262,0.00141262,0.689663,0.691588,0.00192511,34.7587,34.7664,12,12,0,0.831136,0.811856,0.01928,0,1,1,0
38.2,1378,3,0.000782035,0.000782035,0.690558,0.68472,0.0058381,34.7622,34.7389,9,9,0,1.26316,1.29479,0.031632,0,1,1,0
38.3,1379,1,0.00137544,0.00137544,0.457811,0.46556,0.00774938,33.8312,33.8622,9,9,0,0.880928,0.888704,0.007776,0,1,1,1
38.3,1379,2,0.00152783,0.00152783,0.690968,0.689663,0.00130451,34.7639,34.7587,12,12,0,0.811856,0.825272,0.013416,0,1,1,0
38.3,1379,3,0.000581399,0.000581399,0.68632,0.690558,0.00423735,34.7453,34.7622,9,9,0,1.29479,1.27076,0.024032,0,1,1,0
38.4,1380,1,0.0012415,0.0012415,0.46468,0.457811,0.00686908,33.8587,33.8312,9,9,0,0.888704,0.881688,0.007016,0,1,1,1
38.4,1380,2,7.92146e-05,7.92146e-05,0.691375,0.690968,0.000407279,34.7655,34.7639,12,12,0,0.825272,0.828336,0.003064,0,1,1,1
38.4,1380,3,9.5427e-05,9.5427e-05,0.68708,0.68632,0.000759304,34.7483,34.7453,9,9,0,1.27076,1.27438,0.003616,0,1,1,1
38.5,1381,1,0.000124045,0.000124045,0.463864,0.46468,0.000816226,33.8555,33.8587,9,9,0,0.881688,0.882392,0.000704,1,1,1,1
38.5,1381,2,0.00084807,0.00084807,0.691557,0.691375,0.000181854,34.7662,34.7655,12,12,0,0.828336,0.799488,0.028848,1,1,1,0
38.5,1381,3,5.6833e-05,5.6833e-05,0.686628,0.68708,0.000451684,34.7465,34.7483,9,9,0,1.27438,1.27222,0.002152,1,1,1,1
38.6,1382,1,0.000259385,0.000259385,0.46557,0.463864,0.00170574,33.8623,33.8555,9,9,0,0.882392,0.88092,0.001472,0,1,1,1
38.6,1382,2,0.000984922,0.000984922,0.690681,0.691557,0.00087589,34.7627,34.7662,12,12,0,0.799488,0.823528,0.02404,0,1,1,0
38.6,1382,3,0.00815735,0.00815735,0.694551,0.686628,0.00792319,34.7782,34.7465,9,9,0,1.27222,1.32869,0.056464,0,1,1,0
38.7,1383,1,0.00186517,0.00186517,0.456622,0.46557,0.00894758,33.8265,33.8623,9,9,0,0.88092,0.8904,0.00948,0,1,1,1
38.7,1383,2,0.000136852,0.000136852,0.691375,0.690681,0.000694036,34.7655,34.7627,12,12,0,0.823528,0.828336,0.004808,0,1,1,1
38.7,1383,3,0.00816704,0.00816704,0.686551,0.694551,0.00800049,34.7462,34.7782,9,9,0,1.32869,1.27186,0.056832,0,1,1,0
38.8,1384,1,0.00277856,0.00277856,0.471621,0.456622,0.0149988,33.8865,33.8265,9,9,0,0.8904,0.875656,0.014744,0,1,1,0
38.8,1384,2,0.000195399,0.000195399,0.69253,0.691375,0.0011555,34.7701,34.7655,12,12,0,0.828336,0.84352,0.015184,0,1,1,0
38.8,1384,3,0.000140414,0.000140414,0.687667,0.686551,0.00111586,34.7507,34.7462,9,9,0,1.27186,1.27718,0.00532,0,1,1,1
38.9,1385,1,0.00178288,0.00178288,0.459964,0.471621,0.0116571,33.8399,33.8865,9,9,0,0.875656,0.886336,0.01068,0,1,1,0
38.9,1385,2,0.000178009,0.000178009,0.691478,0.69253,0.00105244,34.7659,34.7701,12,12,0,0.84352,0.829688,0.013832,0,1,1,0
38.9,1385,3,0.000218578,0.000218578,0.689397,0.687667,0.00173032,34.7576,34.7507,9,9,0,1.27718,1.28546,0.00828,0,1,1,1
39,1386,1,0.00173071,0.00173071,0.471209,0.459964,0.0112453,33.8848,33.8399,9,9,0,0.886336,0.876032,0.010304,0,1,1,0
39,1386,2,0.000218958,0.000218958,0.692001,0.691478,0.000523388,34.768,34.7659,12,12,0,0.829688,0.795072,0.034616,0,1,1,0
39,1386,3,0.000349902,0.000349902,0.686623,0.689397,0.00277394,34.7465,34.7576,9,9,0,1.28546,1.2722,0.013256,0,1,1,0
39.1,1387,1,0.000115555,0.000115555,0.470454,0.471209,0.000754654,33.8818,33.8848,9,9,0,0.876032,0.876688,0.000656,0,1,1,1
39.1,1387,2,0.000236645,0.000236645,0.691373,0.692001,0.000628293,34.7655,34.768,12,12,0,0.795072,0.828312,0.03324,0,1,1,0
39.1,1387,3,0.000503547,0.000503547,0.690347,0.686623,0.00372434,34.7614,34.7465,9,9,0,1.2722,1.29271,0.020512,0,1,1,0
39.2,1388,1,0.00441614,0.00441614,0.439523,0.470454,0.0309308,33.7581,33.8818,9,9,0,0.876688,0.91344,0.036752,0,1,0,0
39.2,1388,2,0.00144771,0.00144771,0.689663,0.691373,0.0017097,34.7587,34.7655,12,12,0,0.828312,0.811864,0.016448,0,1,1,0
39.2,1388,3,0.000972785,0.000972785,0.680031,0.690347,0.0103163,34.7201,34.7614,9,9,0,1.29271,1.23518,0.057528,0,1,1,0
39.3,1389,1,7.78474e-05,7.78474e-05,0.451716,0.439523,0.012193,33.8069,33.7581,9,9,0,0.91344,0.89728,0.01616,0,1,1,0
39.3,1389,2,0.00144741,0.00144741,0.691375,0.689663,0.00171155,34.7655,34.7587,12,12,0,0.811864,0.828336,0.016472,0,1,1,0
39.3,1389,3,7.11679e-05,7.11679e-05,0.680268,0.680031,0.000237048,34.7211,34.7201,9,9,0,1.23518,1.23721,0.002024,0,1,1,1
39.4,1390,1,0.00015993,0.00015993,0.441665,0.451716,0.0100512,33.7667,33.8069,9,9,0,0.89728,0.91056,0.01328,0,1,1,0
39.4,1390,2,3.24845e-06,3.24845e-06,0.691355,0.691375,1.95503e-05,34.7654,34.7655,12,12,0,0.828336,0.82808,0.000256,0,1,1,1
39.4,1390,3,0.000757538,0.000757538,0.67989,0.680268,0.000377834,34.7196,34.7211,9,9,0,1.23721,1.22904,0.008168,0,1,1,1
39.5,1391,1,9.59784e-05,9.59784e-05,0.448103,0.441665,0.0064373,33.7924,33.7667,9,9,0,0.91056,0.901856,0.008704,0,1,1,1
39.5,1391,2,8.06749e-05,8.06749e-05,0.690944,0.691355,0.000411451,34.7638,34.7654,12,12,0,0.82808,0.825128,0.002952,0,1,1,1
39.5,1391,3,0.000705756,0.000705756,0.682715,0.67989,0.00282514,34.7309,34.7196,9,9,0,1.22904,1.25369,0.024648,0,1,1,0
39.6,1392,1,7.95573e-05,7.95573e-05,0.439959,0.448103,0.00814351,33.7598,33.7924,9,9,0,0.901856,0.912864,0.011008,0,1,1,0
39.6,1392,2,0.00100608,0.00100608,0.689811,0.690944,0.0011332,34.7592,34.7638,12,12,0,0.825128,0.815072,0.010056,0,1,1,0
39.6,1392,3,0.00014437,0.00014437,0.680583,0.682715,0.00213194,34.7223,34.7309,9,9,0,1.25369,1.2399,0.013784,0,1,1,0
39.7,1393,1,8.91946e-05,8.91946e-05,0.449963,0.439959,0.010004,33.7999,33.7598,9,9,0,0.912864,0.899336,0.013528,0,1,1,0
39.7,1393,2,0.000637993,0.000637993,0.689651,0.689811,0.00015986,34.7586,34.7592,12,12,0,0.815072,0.811144,0.003928,0,1,1,1
39.7,1393,3,3.8594e-06,3.8594e-06,0.680908,0.680583,0.00032407,34.7236,34.7223,9,9,0,1.2399,1.2428,0.002896,0,1,1,1
39.8,1394,1,3.44254e-05,3.44254e-05,0.450806,0.449963,0.000843287,33.8032,33.7999,9,9,0,0.899336,0.898344,0.000992,0,1,1,1
39.8,1394,2,0.00154276,0.00154276,0.691478,0.689651,0.00182712,34.7659,34.7586,12,12,0,0.811144,0.829688,0.018544,0,1,1,0
39.8,1394,3,0.000142865,0.000142865,0.680114,0.680908,0.000793993,34.7205,34.7236,9,9,0,1.2428,1.23589,0.006912,0,1,1,1
39.9,1395,1,5.59166e-06,5.59166e-06,0.450936,0.450806,0.000129968,33.8037,33.8032,9,9,0,0.898344,0.898192,0.000152,0,1,1,1
39.9,1395,2,0.000141785,0.000141785,0.692316,0.691478,0.000838459,34.7693,34.7659,12,12,0,0.829688,0.840704,0.011016,0,1,1,0
39.9,1395,3,0.000371724,0.000371724,0.685649,0.680114,0.00553542,34.7426,34.7205,9,9,0,1.23589,1.26757,0.03168,0,1,1,0
40,1396,1,0.000707343,0.000707343,0.45367,0.450936,0.00273409,33.8147,33.8037,9,9,0,0.898192,0.8946,0.003592,0,1,1,1
40,1396,2,0.000508681,0.000508681,0.691604,0.692316,0.000712574,34.7664,34.7693,12,12,0,0.840704,0.798144,0.04256,0,1,1,0
40,1396,3,0.00236291,0.00236291,0.679267,0.685649,0.00638181,34.7171,34.7426,9,9,0,1.26757,1.20646,0.061104,0,1,1,0
40.1,1397,1,0.000833508,0.000833508,0.441671,0.45367,0.0119997,33.7667,33.8147,9,9,0,0.8946,0.910552,0.015952,0,1,1,0
40.1,1397,2,0.000671044,0.000671044,0.691356,0.691604,0.000247836,34.7654,34.7664,12,12,0,0.798144,0.828088,0.029944,0,1,1,0
40.1,1397,3,0.00266088,0.00266088,0.680013,0.679267,0.000745952,34.7201,34.7171,9,9,0,1.20646,1.2347,0.028232,0,1,1,0
40.2,1398,1,8.83266e-06,8.83266e-06,0.441246,0.441671,0.000424206,33.765,33.7667,9,9,0,0.910552,0.91116,0.000608,0,1,1,1
40.2,1398,2,8.10325e-05,8.10325e-05,0.690943,0.691356,0.000413418,34.7638,34.7654,12,12,0,0.828088,0.82512,0.002968,0,1,1,1
40.2,1398,3,0.000164032,0.000164032,0.681946,0.680013,0.00193268,34.7278,34.7201,9,9,0,1.2347,1.25006,0.015368,0,1,1,0
40.3,1399,1,0.00528638,0.00528638,0.475561,0.441246,0.0343147,33.9022,33.765,9,9,0,0.91116,0.871544,0.039616,0,1,0,0
40.3,1399,2,0.000302076,0.000302076,0.692663,0.690943,0.00172031,34.7707,34.7638,12,12,0,0.82512,0.845264,0.020144,0,1,1,0
40.3,1399,3,0.0059881,0.0059881,0.677244,0.681946,0.00470203,34.709,34.7278,9,9,0,1.25006,1.18564,0.064424,0,1,1,0
40.4,1400,1,0.00165142,0.00165142,0.463715,0.475561,0.0118458,33.8549,33.9022,9,9,0,0.871544,0.88252,0.010976,0,1,1,0
40.4,1400,2,0.000451133,0.000451133,0.691604,0.692663,0.00105935,34.7664,34.7707,12,12,0,0.845264,0.798152,0.047112,0,1,1,0
40.4,1400,3,0.00604177,0.00604177,0.681003,0.677244,0.0037595,34.724,34.709,9,9,0,1.18564,1.24366,0.058016,0,1,1,0
40.5,1401,1,0.000221834,0.000221834,0.461556,0.463715,0.00215971,33.8462,33.8549,9,9,0,0.88252,0.8846,0.00208,0,1,1,1
40.5,1401,2,0.000761673,0.000761673,0.690901,0.691604,0.000702977,34.7636,34.7664,12,12,0,0.798152,0.824864,0.026712,0,1,1,0
40.5,1401,3,0.000515662,0.000515662,0.685649,0.681003,0.00464571,34.7426,34.724,9,9,0,1.24366,1.26757,0.023912,0,1,1,0
40.6,1402,1,0.00155878,0.00155878,0.473256,0.461556,0.0117006,33.893,33.8462,9,9,0,0.8846,0.874056,0.010544,0,1,1,0
40.6,1402,2,9.24766e-05,9.24766e-05,0.691374,0.690901,0.000473082,34.7655,34.7636,12,12,0,0.824864,0.82832,0.003456,0,1,1,1
40.6,1402,3,0.00197608,0.00197608,0.679358,0.685649,0.00629139,34.7174,34.7426,9,9,0,1.26757,1.20998,0.057592,0,1,1,0
40.7,1403,1,0.00375174,0.00375174,0.454593,0.473256,0.0186627,33.8184,33.893,9,9,0,0.874056,0.893288,0.019232,0,1,1,0
40.7,1403,2,0.000920489,0.000920489,0.689811,0.691374,0.00156224,34.7592,34.7655,12,12,0,0.82832,0.81508,0.01324,0,1,1,0
40.7,1403,3,0.00239903,0.00239903,0.680284,0.679358,0.000926495,34.7211,34.7174,9,9,0,1.20998,1.23734,0.027368,0,1,1,0
40.8,1404,1,0.0031083,0.0031083,0.468269,0.454593,0.0136759,33.8731,33.8184,9,9,0,0.893288,0.878584,0.014704,0,1,1,0
40.8,1404,2,3.9041e-05,3.9041e-05,0.691365,0.689811,0.00155389,34.7655,34.7592,12,12,0,0.81508,0.800848,0.014232,0,1,1,0
40.8,1404,3,5.36069e-05,5.36069e-05,0.681828,0.680284,0.00154442,34.7273,34.7211,9,9,0,1.23734,1.24951,0.012168,0,1,1,0
40.9,1405,1,0.00407361,0.00407361,0.452233,0.468269,0.0160362,33.8089,33.8731,9,9,0,0.878584,0.89664,0.018056,0,1,1,0
40.9,1405,2,0.000915423,0.000915423,0.691635,0.691365,0.000269294,34.7665,34.7655,12,12,0,0.800848,0.831744,0.030896,0,1,1,0
40.9,1405,3,4.25726e-05,4.25726e-05,0.681294,0.681828,0.000534594,34.7252,34.7273,9,9,0,1.24951,1.24626,0.003256,0,1,1,1
41,1406,1,0.00781693,0.00781693,0.481665,0.452233,0.0294318,33.9267,33.8089,9,9,0,0.89664,0.862,0.03464,0,1,0,0
41,1406,2,0.000936732,0.000936732,0.689788,0.691635,0.00184667,34.7592,34.7665,12,12,0,0.831744,0.814824,0.01692,0,1,1,0
41,1406,3,0.00251391,0.00251391,0.679353,0.681294,0.00194138,34.7174,34.7252,9,9,0,1.24626,1.20978,0.03648,0,1,1,0
41.1,1407,1,0.00709812,0.00709812,0.453991,0.481665,0.0276736,33.816,33.9267,9,9,0,0.862,0.894144,0.032144,0,1,0,0
41.1,1407,2,0.00552143,0.00552143,0.697292,0.689788,0.00750393,34.7892,34.7592,12,12,0,0.814824,0.773744,0.04108,0,1,1,0
41.1,1407,3,0.00220764,0.00220764,0.683947,0.679353,0.0045948,34.7358,34.7174,9,9,0,1.20978,1.2595,0.049728,0,1,1,0
41.2,1408,1,0.000472274,0.000472274,0.452836,0.453991,0.00115484,33.8113,33.816,9,9,0,0.894144,0.895784,0.00164,0,1,1,1
41.2,1408,2,0.00473659,0.00473659,0.692533,0.697292,0.00475901,34.7701,34.7892,12,12,0,0.773744,0.843552,0.069808,0,1,1,0
41.2,1408,3,0.000303753,0.000303753,0.681078,0.683947,0.00286889,34.7243,34.7358,9,9,0,1.2595,1.24433,0.015176,0,1,1,0
41.3,1409,1,0.00383554,0.00383554,0.468325,0.452836,0.0154883,33.8733,33.8113,9,9,0,0.895784,0.878536,0.017248,0,1,1,0
41.3,1409,2,3.44813e-05,3.44813e-05,0.692329,0.692533,0.000203729,34.7693,34.7701,12,12,0,0.843552,0.840872,0.00268,0,1,1,1
41.3,1409,3,0.00180158,0.00180158,0.679545,0.681078,0.00153345,34.7182,34.7243,9,9,0,1.24433,1.21737,0.02696,0,1,1,0
41.4,1410,1,0.000506781,0.000506781,0.471776,0.468325,0.00345147,33.8871,33.8733,9,9,0,0.878536,0.875504,0.003032,0,1,1,1
41.4,1410,2,0.000105694,0.000105694,0.691704,0.692329,0.000625134,34.7668,34.7693,12,12,0,0.840872,0.832656,0.008216,0,1,1,1
41.4,1410,3,0.00170305,0.00170305,0.682299,0.679545,0.00275439,34.7292,34.7182,9,9,0,1.21737,1.25173,0.03436,0,1,1,0
41.5,1411,1,0.00142553,0.00142553,0.461578,0.471776,0.0101986,33.8463,33.8871,9,9,0,0.875504,0.884576,0.009072,0,1,1,1
41.5,1411,2,0.000206485,0.000206485,0.690611,0.691704,0.00109279,34.7624,34.7668,12,12,0,0.832656,0.823104,0.009552,0,1,1,1
41.5,1411,3,9.47863e-05,9.47863e-05,0.681536,0.682299,0.000763595,34.7261,34.7292,9,9,0,1.25173,1.24814,0.003592,0,1,1,1
41.6,1412,1,0.00201605,0.00201605,0.455038,0.461578,0.00653991,33.8202,33.8463,9,9,0,0.884576,0.892656,0.00808,1,1,1,1
41.6,1412,2,0.000206485,0.000206485,0.691704,0.690611,0.00109279,34.7668,34.7624,12,12,0,0.823104,0.832656,0.009552,1,1,1,1
41.6,1412,3,0.00088264,0.00088264,0.688587,0.681536,0.00705129,34.7543,34.7261,9,9,0,1.24814,1.28158,0.03344,1,1,1,0
41.7,1413,1,0.00284878,0.00284878,0.467761,0.455038,0.0127237,33.871,33.8202,9,9,0,0.892656,0.879024,0.013632,0,1,1,0
41.7,1413,2,2.77162e-05,2.77162e-05,0.69154,0.691704,0.000163913,34.7662,34.7668,12,12,0,0.832656,0.830504,0.002152,0,1,1,1
41.7,1413,3,0.000813492,0.000813492,0.680353,0.688587,0.00823367,34.7214,34.7543,9,9,0,1.28158,1.23794,0.04364,0,1,1,0
41.8,1414,1,8.60095e-05,8.60095e-05,0.468325,0.467761,0.000563323,33.8733,33.871,9,9,0,0.879024,0.878536,0.000488,0,1,1,1
41.8,1414,2,0.000271916,0.000271916,0.690052,0.69154,0.00148767,34.7602,34.7662,12,12,0,0.830504,0.817712,0.012792,0,1,1,0
41.8,1414,3,0.000111505,0.000111505,0.68002,0.680353,0.000333667,34.7201,34.7214,9,9,0,1.23794,1.235,0.002936,0,1,1,1
41.9,1415,1,0.00335637,0.00335637,0.454008,0.468325,0.0143166,33.816,33.8733,9,9,0,0.878536,0.89412,0.015584,0,1,1,0
41.9,1415,2,0.000289395,0.000289395,0.691437,0.690052,0.00138408,34.7657,34.7602,12,12,0,0.817712,0.829144,0.011432,0,1,1,0
41.9,1415,3,0.00126778,0.00126778,0.679673,0.68002,0.00034672,34.7187,34.7201,9,9,0,1.235,1.22173,0.013272,0,1,1,0
42,1416,1,0.000481475,0.000481475,0.452831,0.454008,0.00117731,33.8113,33.816,9,9,0,0.89412,0.895792,0.001672,0,1,1,1
42,1416,2,0.00294885,0.00294885,0.69588,0.691437,0.00444353,34.7835,34.7657,12,12,0,0.829144,0.779752,0.049392,0,1,1,0
42,1416,3,0.000767492,0.000767492,0.679923,0.679673,0.00025028,34.7197,34.7187,9,9,0,1.22173,1.23056,0.008832,0,1,1,1
42.1,1417,1,0.00731891,0.00731891,0.481131,0.452831,0.0283005,33.9245,33.8113,9,9,0,0.895792,0.862824,0.032968,0,1,0,0
42.1,1417,2,0.00295456,0.00295456,0.704796,0.69588,0.00891566,34.8192,34.7835,12,12,0,0.779752,0.74008,0.039672,0,1,1,0
42.1,1417,3,0.00037948,0.00037948,0.679996,0.679923,7.31349e-05,34.72,34.7197,9,9,0,1.23056,1.23393,0.003368,0,1,1,1
42.2,1418,1,0.00556127,0.00556127,0.457121,0.481131,0.02401,33.8285,33.9245,9,9,0,0.862824,0.889688,0.026864,0,1,0,0
42.2,1418,2,0.00229535,0.00229535,0.696462,0.704796,0.0083341,34.7858,34.8192,12,12,0,0.74008,0.77728,0.0372,0,1,1,0
42.2,1418,3,0.000305548,0.000305548,0.681112,0.679996,0.00111598,34.7244,34.72,9,9,0,1.23393,1.24463,0.010704,0,1,1,0
42.3,1419,1,0.00131338,0.00131338,0.463288,0.457121,0.00616691,33.8532,33.8285,9,9,0,0.889688,0.882888,0.0068,0,1,1,1
42.3,1419,2,0.00285608,0.00285608,0.70384,0.696462,0.0073784,34.8154,34.7858,12,12,0,0.77728,0.744928,0.032352,0,1,1,0
42.3,1419,3,0.00361361,0.00361361,0.678991,0.681112,0.00212097,34.716,34.7244,9,9,0,1.24463,1.19906,0.045568,0,1,1,0
42.4,1420,1,0.00331525,0.00331525,0.452233,0.463288,0.0110551,33.8089,33.8532,9,9,0,0.882888,0.89664,0.013752,0,1,1,0
42.4,1420,2,0.0045428,0.0045428,0.694715,0.70384,0.00912464,34.7789,34.8154,12,12,0,0.744928,0.784432,0.039504,0,1,1,0
42.4,1420,3,0.00351877,0.00351877,0.682267,0.678991,0.00327563,34.7291,34.716,9,9,0,1.19906,1.25158,0.052512,0,1,1,0
42.5,1421,1,0.00782681,0.00782681,0.481686,0.452233,0.0294526,33.9267,33.8089,9,9,0,0.89664,0.861968,0.034672,0,1,0,0
42.5,1421,2,0.00583383,0.00583383,0.701535,0.694715,0.00681931,34.8061,34.7789,12,12,0,0.784432,0.756536,0.027896,0,1,1,0
42.5,1421,3,5.31375e-05,5.31375e-05,0.680458,0.682267,0.00180876,34.7218,34.7291,9,9,0,1.25158,1.23883,0.012744,0,1,1,0
42.6,1422,1,0.00797355,0.00797355,0.447416,0.481686,0.0342693,33.7897,33.9267,9,9,0,0.861968,0.902784,0.040816,0,1,0,0
42.6,1422,2,0.00173604,0.00173604,0.706168,0.701535,0.00463349,34.8247,34.8061,12,12,0,0.756536,0.72964,0.026896,0,1,1,0
42.6,1422,3,0.0013054,0.0013054,0.679729,0.680458,0.000728905,34.7189,34.7218,9,9,0,1.23883,1.22338,0.015456,0,1,1,0
42.7,1423,1,0.00278419,0.00278419,0.459288,0.447416,0.0118713,33.8372,33.7897,9,9,0,0.902784,0.887072,0.015712,0,1,1,0
42.7,1423,2,0.000442043,0.000442043,0.706589,0.706168,0.000420511,34.8264,34.8247,12,12,0,0.72964,0.724912,0.004728,0,1,1,1
42.7,1423,3,0.00134136,0.00134136,0.680623,0.679729,0.000893474,34.7225,34.7189,9,9,0,1.22338,1.24026,0.01688,0,1,1,0
42.8,1424,1,0.00144602,0.00144602,0.468334,0.459288,0.00904623,33.8733,33.8372,9,9,0,0.887072,0.878528,0.008544,0,1,1,1
42.8,1424,2,0.000846043,0.000846043,0.702399,0.706589,0.00418997,34.8096,34.8264,12,12,0,0.724912,0.752216,0.027304,0,1,1,0
42.8,1424,3,0.000549845,0.000549845,0.685957,0.680623,0.0053342,34.7438,34.7225,9,9,0,1.24026,1.26903,0.028776,0,1,1,0
42.9,1425,1,0.000506118,0.000506118,0.471784,0.468334,0.00345048,33.8871,33.8733,9,9,0,0.878528,0.875496,0.003032,0,1,1,1
42.9,1425,2,0.00155142,0.00155142,0.705917,0.702399,0.0035187,34.8237,34.8096,12,12,0,0.752216,0.732456,0.01976,0,1,1,0
42.9,1425,3,0.00041429,0.00041429,0.682641,0.685957,0.0033164,34.7306,34.7438,9,9,0,1.26903,1.25334,0.015696,0,1,1,0
43,1426,1,0.00129351,0.00129351,0.463065,0.471784,0.00871933,33.8523,33.8871,9,9,0,0.875496,0.883088,0.007592,0,1,1,1
43,1426,2,0.000121698,0.000121698,0.70484,0.705917,0.00107765,34.8194,34.8237,12,12,0,0.732456,0.739856,0.0074,0,1,1,1
43,1426,3,0.000270262,0.000270262,0.684807,0.682641,0.00216681,34.7392,34.7306,9,9,0,1.25334,1.26358,0.01024,0,1,1,0
43.1,1427,1,0.00344131,0.00344131,0.447126,0.463065,0.0159387,33.7885,33.8523,9,9,0,0.883088,0.903176,0.020088,0,1,1,0
43.1,1427,2,4.81158e-05,4.81158e-05,0.704922,0.70484,8.18968e-05,34.8197,34.8194,12,12,0,0.739856,0.73944,0.000416,0,1,1,1
43.1,1427,3,9.6336e-05,9.6336e-05,0.685576,0.684807,0.000769019,34.7423,34.7392,9,9,0,1.26358,1.26722,0.003648,0,1,1,1
43.2,1428,1,0.00316865,0.00316865,0.460969,0.447126,0.0138427,33.8439,33.7885,9,9,0,0.903176,0.88524,0.017936,0,1,1,0
43.2,1428,2,0.00122607,0.00122607,0.70283,0.704922,0.002092,34.8113,34.8197,12,12,0,0.73944,0.75004,0.0106,0,1,1,0
43.2,1428,3,9.69246e-05,9.69246e-05,0.684802,0.685576,0.000774086,34.7392,34.7423,9,9,0,1.26722,1.26355,0.003672,0,1,1,1
43.3,1429,1,0.00600264,0.00600264,0.484699,0.460969,0.0237298,33.9388,33.8439,9,9,0,0.88524,0.857176,0.028064,0,1,0,0
43.3,1429,2,0.000157729,0.000157729,0.707303,0.70283,0.00447297,34.8292,34.8113,12,12,0,0.75004,0.716872,0.033168,0,1,1,0
43.3,1429,3,0.000203751,0.000203751,0.686428,0.684802,0.0016256,34.7457,34.7392,9,9,0,1.26355,1.27127,0.00772,0,1,1,1
43.4,1430,1,0.00165023,0.00165023,0.480737,0.484699,0.00396135,33.9229,33.9388,9,9,0,0.857176,0.863432,0.006256,0,1,1,1
43.4,1430,2,0.00133568,0.00133568,0.70484,0.707303,0.00246286,34.8194,34.8292,12,12,0,0.716872,0.739856,0.022984,0,1,1,0
43.4,1430,3,0.000473425,0.000473425,0.682641,0.686428,0.00378734,34.7306,34.7457,9,9,0,1.27127,1.25334,0.017936,0,1,1,0
43.5,1431,1,0.00141739,0.00141739,0.48405,0.480737,0.00331217,33.9362,33.9229,9,9,0,0.863432,0.858224,0.005208,0,1,1,1
43.5,1431,2,0.00175552,0.00175552,0.70184,0.70484,0.00299954,34.8074,34.8194,12,12,0,0.739856,0.755032,0.015176,0,1,1,0
43.5,1431,3,0.000271142,0.000271142,0.684814,0.682641,0.0021736,34.7393,34.7306,9,9,0,1.25334,1.26361,0.010272,0,1,1,0
43.6,1432,1,0.00471257,0.00471257,0.468316,0.48405,0.0157341,33.8733,33.9362,9,9,0,0.858224,0.878544,0.02032,0,1,1,0
43.6,1432,2,0.00175552,0.00175552,0.70484,0.70184,0.00299954,34.8194,34.8074,12,12,0,0.755032,0.739856,0.015176,0,1,1,0
43.6,1432,3,0.000179686,0.000179686,0.686248,0.684814,0.00143385,34.745,34.7393,9,9,0,1.26361,1.27042,0.006808,0,1,1,1
43.7,1433,1,0.00282693,0.00282693,0.479752,0.468316,0.0114363,33.919,33.8733,9,9,0,0.878544,0.864952,0.013592,0,1,1,0
43.7,1433,2,0.00133254,0.00133254,0.702565,0.70484,0.00227469,34.8103,34.8194,12,12,0,0.739856,0.751376,0.01152,0,1,1,0
43.7,1433,3,0.000265203,0.000265203,0.68413,0.686248,0.00211817,34.7365,34.745,9,9,0,1.27042,1.26037,0.010048,0,1,1,0
43.8,1434,1,0.000989616,0.000989616,0.463195,0.479752,0.0165565,33.8528,33.919,9,9,0,0.864952,0.865496,0.000544,0,1,1,1
43.8,1434,2,0.000129625,0.000129625,0.707423,0.702565,0.00485754,34.8297,34.8103,12,12,0,0.751376,0.71552,0.035856,0,1,1,0
43.8,1434,3,0.000456318,0.000456318,0.687767,0.68413,0.00363719,34.7511,34.7365,9,9,0,1.26037,1.27766,0.017288,0,1,1,0
43.9,1435,1,0.000244532,0.000244532,0.464628,0.463195,0.00143227,33.8585,33.8528,9,9,0,0.865496,0.8638,0.001696,0,1,1,1
43.9,1435,2,0.000415981,0.000415981,0.701483,0.707423,0.00593919,34.8059,34.8297,12,12,0,0.71552,0.756776,0.041256,0,1,1,0
43.9,1435,3,0.00078059,0.00078059,0.680886,0.687767,0.00688112,34.7235,34.7511,9,9,0,1.27766,1.24261,0.035048,0,1,1,0
44,1436,1,0.00252111,0.00252111,0.469208,0.464628,0.00458044,33.8768,33.8585,9,9,0,0.8638,0.855576,0.008224,0,1,1,1
44,1436,2,0.00208075,0.00208075,0.705184,0.701483,0.00370103,34.8207,34.8059,12,12,0,0.756776,0.738104,0.018672,0,1,1,0
44,1436,3,0.000753745,0.000753745,0.687554,0.680886,0.00666833,34.7502,34.7235,9,9,0,1.24261,1.27664,0.034032,0,1,1,0
44.1,1437,1,0.00318827,0.00318827,0.455569,0.469208,0.0136387,33.8223,33.8768,9,9,0,0.855576,0.872512,0.016936,0,1,1,0
44.1,1437,2,0.000421986,0.000421986,0.706242,0.705184,0.00105774,34.825,34.8207,12,12,0,0.738104,0.728808,0.009296,0,1,1,1
44.1,1437,3,9.03904e-05,9.03904e-05,0.688271,0.687554,0.000716746,34.7531,34.7502,9,9,0,1.27664,1.28006,0.003424,0,1,1,1
44.2,1438,1,6.89179e-06,6.89179e-06,0.455154,0.455569,0.000415087,33.8206,33.8223,9,9,0,0.872512,0.872856,0.000344,0,1,1,1
44.2,1438,2,0.000926271,0.000926271,0.707122,0.706242,0.000880182,34.8285,34.825,12,12,0,0.728808,0.718904,0.009904,0,1,1,1
44.2,1438,3,0.000581302,0.000581302,0.683638,0.688271,0.00463349,34.7346,34.7531,9,9,0,1.28006,1.25804,0.022024,0,1,1,0
44.3,1439,1,0.00241018,0.00241018,0.468487,0.455154,0.0133326,33.8739,33.8206,9,9,0,0.872856,0.857552,0.015304,0,1,1,0
44.3,1439,2,0.000310555,0.000310555,0.706828,0.707122,0.000294864,34.8273,34.8285,12,12,0,0.718904,0.722224,0.00332,0,1,1,1
44.3,1439,3,2.00644e-05,2.00644e-05,0.683477,0.683638,0.000160933,34.7339,34.7346,9,9,0,1.25804,1.25728,0.00076,0,1,1,1
44.4,1440,1,0.00313469,0.00313469,0.446127,0.468487,0.0223596,33.7845,33.8739,9,9,0,0.857552,0.880832,0.02328,0,1,0,0
44.4,1440,2,0.0017468,0.0017468,0.708482,0.706828,0.00165492,34.8339,34.8273,12,12,0,0.722224,0.703552,0.018672,0,1,1,0
44.4,1440,3,0.00034944,0.00034944,0.68627,0.683477,0.00279331,34.7451,34.7339,9,9,0,1.25728,1.27052,0.01324,0,1,1,0
44.5,1441,1,0.00788371,0.00788371,0.471586,0.446127,0.0254591,33.8863,33.7845,9,9,0,0.880832,0.847224,0.033608,0,1,0,0
44.5,1441,2,8.46386e-05,8.46386e-05,0.708402,0.708482,7.99894e-05,34.8336,34.8339,12,12,0,0.703552,0.704456,0.000904,0,1,1,1
44.5,1441,3,0.000121631,0.000121631,0.6853,0.68627,0.000969887,34.7412,34.7451,9,9,0,1.27052,1.26591,0.004608,0,1,1,1
44.6,1442,1,0.00715198,0.00715198,0.455589,0.471586,0.0159978,33.8224,33.8863,9,9,0,0.847224,0.872496,0.025272,0,1,1,0
44.6,1442,2,0.000557832,0.000557832,0.709403,0.708402,0.00100094,34.8376,34.8336,12,12,0,0.704456,0.697176,0.00728,0,1,1,1
44.6,1442,3,3.4444e-05,3.4444e-05,0.685575,0.6853,0.000274718,34.7423,34.7412,9,9,0,1.26591,1.26722,0.001304,0,1,1,1
44.7,1443,1,0.00135118,0.00135118,0.466562,0.455589,0.0109735,33.8662,33.8224,9,9,0,0.872496,0.861112,0.011384,0,1,1,0
44.7,1443,2,0.00281627,0.00281627,0.706261,0.709403,0.00314265,34.825,34.8376,12,12,0,0.697176,0.7286,0.031424,0,1,1,0
44.7,1443,3,0.000181578,0.000181578,0.684123,0.685575,0.00145161,34.7365,34.7423,9,9,0,1.26722,1.26034,0.00688,0,1,1,1
44.8,1444,1,0.00136672,0.00136672,0.454652,0.466562,0.0119099,33.8186,33.8662,9,9,0,0.861112,0.873272,0.01216,0,1,1,0
44.8,1444,2,0.00218064,0.00218064,0.708329,0.706261,0.00206816,34.8333,34.825,12,12,0,0.7286,0.705288,0.023312,0,1,1,0
44.8,1444,3,0.000258423,0.000258423,0.686188,0.684123,0.00206435,34.7448,34.7365,9,9,0,1.26034,1.27013,0.009792,0,1,1,1
44.9,1445,1,0.00716752,0.00716752,0.471586,0.454652,0.0169342,33.8863,33.8186,9,9,0,0.873272,0.847224,0.026048,0,1,1,0
44.9,1445,2,0.0014205,0.0014205,0.706983,0.708329,0.00134575,34.8279,34.8333,12,12,0,0.705288,0.720472,0.015184,0,1,1,0
44.9,1445,3,0.000328131,0.000328131,0.683565,0.686188,0.00262284,34.7343,34.7448,9,9,0,1.27013,1.2577,0.012432,0,1,1,0
45,1446,1,0.00735769,0.00735769,0.450157,0.471586,0.021429,33.8006,33.8863,9,9,0,0.847224,0.87684,0.029616,0,1,0,0
45,1446,2,0.00352744,0.00352744,0.712547,0.706983,0.00556397,34.8502,34.8279,12,12,0,0.720472,0.68064,0.039832,0,1,1,0
45,1446,3,4.05386e-05,4.05386e-05,0.68389,0.683565,0.000325024,34.7356,34.7343,9,9,0,1.2577,1.25923,0.001536,0,1,1,1
45.1,1447,1,0.000206012,0.000206012,0.455608,0.450157,0.00545058,33.8224,33.8006,9,9,0,0.87684,0.87248,0.00436,0,1,1,1
45.1,1447,2,0.00338674,0.00338674,0.707117,0.712547,0.00543046,34.8285,34.8502,12,12,0,0.68064,0.718968,0.038328,0,1,1,0
45.1,1447,3,0.000210747,0.000210747,0.685575,0.68389,0.00168508,34.7423,34.7356,9,9,0,1.25923,1.26722,0.007984,0,1,1,1
45.2,1448,1,0.00854013,0.00854013,0.472779,0.455608,0.0171708,33.8911,33.8224,9,9,0,0.87248,0.843904,0.028576,0,1,1,0
45.2,1448,2,0.00173993,0.00173993,0.708701,0.707117,0.00158465,34.8348,34.8285,12,12,0,0.718968,0.700704,0.018264,0,1,1,0
45.2,1448,3,9.64999e-05,9.64999e-05,0.684804,0.685575,0.000770688,34.7392,34.7423,9,9,0,1.26722,1.26356,0.003656,0,1,1,1
45.3,1449,1,0.00509017,0.00509017,0.477137,0.472779,0.00435823,33.9085,33.8911,9,9,0,0.843904,0.831728,0.012176,0,1,1,0
45.3,1449,2,0.000585116,0.000585116,0.708211,0.708701,0.000490606,34.8328,34.8348,12,12,0,0.700704,0.706624,0.00592,0,1,1,1
45.3,1449,3,0.000288248,0.000288248,0.687102,0.684804,0.0022974,34.7484,34.7392,9,9,0,1.26356,1.27448,0.01092,0,1,1,0
45.4,1450,1,0.00398957,0.00398957,0.473723,0.477137,0.00341418,33.8949,33.9085,9,9,0,0.831728,0.841272,0.009544,0,1,1,1
45.4,1450,2,0.00119147,0.00119147,0.707082,0.708211,0.00112879,34.8283,34.8328,12,12,0,0.706624,0.71936,0.012736,0,1,1,0
45.4,1450,3,0.00045424,0.00045424,0.679833,0.687102,0.00726867,34.7193,34.7484,9,9,0,1.27448,1.2264,0.04808,0,1,1,0
45.5,1451,1,0.00421914,0.00421914,0.470242,0.473723,0.0034804,33.881,33.8949,9,9,0,0.841272,0.851264,0.009992,0,1,1,1
45.5,1451,2,0.000378609,0.000378609,0.707441,0.707082,0.000359118,34.8298,34.8283,12,12,0,0.71936,0.715312,0.004048,0,1,1,1
45.5,1451,3,0.00097283,0.00097283,0.679457,0.679833,0.000375926,34.7178,34.7193,9,9,0,1.2264,1.2139,0.012504,0,1,1,0
45.6,1452,1,0.000812784,0.000812784,0.452845,0.470242,0.0173968,33.8114,33.881,9,9,0,0.851264,0.854256,0.002992,0,1,1,1
45.6,1452,2,0.000938579,0.000938579,0.70833,0.707441,0.000888586,34.8333,34.8298,12,12,0,0.715312,0.70528,0.010032,0,1,1,0
45.6,1452,3,0.000959523,0.000959523,0.679826,0.679457,0.000368834,34.7193,34.7178,9,9,0,1.2139,1.22619,0.012296,0,1,1,0
45.7,1453,1,0.00263874,0.00263874,0.441802,0.452845,0.0110435,33.7672,33.8114,9,9,0,0.854256,0.869056,0.0148,0,1,1,0
45.7,1453,2,0.00144367,0.00144367,0.706962,0.70833,0.00136775,34.8278,34.8333,12,12,0,0.70528,0.720712,0.015432,0,1,1,0
45.7,1453,3,0.000826411,0.000826411,0.679493,0.679826,0.000332713,34.718,34.7193,9,9,0,1.22619,1.21532,0.010872,0,1,1,0
45.8,1454,1,0.00596146,0.00596146,0.454379,0.441802,0.0125768,33.8175,33.7672,9,9,0,0.869056,0.848256,0.0208,0,1,1,0
45.8,1454,2,0.000590488,0.000590488,0.707522,0.706962,0.000560045,34.8301,34.8278,12,12,0,0.720712,0.7144,0.006312,0,1,1,1
45.8,1454,3,0.000302926,0.000302926,0.679411,0.679493,8.21352e-05,34.7176,34.718,9,9,0,1.21532,1.21208,0.00324,0,1,1,1
45.9,1455,1,0.005784,0.005784,0.443641,0.454379,0.010738,33.7746,33.8175,9,9,0,0.848256,0.867216,0.01896,0,1,1,0
45.9,1455,2,2.32756e-05,2.32756e-05,0.7075,0.707522,2.19941e-05,34.83,34.8301,12,12,0,0.7144,0.714648,0.000248,0,1,1,1
45.9,1455,3,0.000641741,0.000641741,0.679585,0.679411,0.000173986,34.7183,34.7176,9,9,0,1.21208,1.21894,0.006864,0,1,1,1
46,1456,1,1.53109e-06,1.53109e-06,0.443625,0.443641,1.58548e-05,33.7745,33.7746,9,9,0,0.867216,0.867232,1.6e-05,0,1,1,1
46,1456,2,0.000657156,0.000657156,0.708122,0.7075,0.000622272,34.8325,34.83,12,12,0,0.714648,0.707624,0.007024,0,1,1,1
46,1456,3,0.00119576,0.00119576,0.679967,0.679585,0.000382006,34.7199,34.7183,9,9,0,1.21894,1.23257,0.013624,0,1,1,0
46.1,1457,1,0.000147078,0.000147078,0.446888,0.443625,0.00326318,33.7876,33.7745,9,9,0,0.867232,0.864344,0.002888,0,1,1,1
46.1,1457,2,0.00143233,0.00143233,0.706764,0.708122,0.00135791,34.8271,34.8325,12,12,0,0.707624,0.722936,0.015312,0,1,1,0
46.1,1457,3,0.0015353,0.0015353,0.679493,0.679967,0.000474036,34.718,34.7199,9,9,0,1.23257,1.21531,0.017256,0,1,1,0
46.2,1458,1,0.0067825,0.0067825,0.455047,0.446888,0.0081591,33.8202,33.7876,9,9,0,0.864344,0.846088,0.018256,0,1,1,0
46.2,1458,2,0.000716805,0.000716805,0.707445,0.706764,0.000680327,34.8298,34.8271,12,12,0,0.722936,0.715272,0.007664,0,1,1,1
46.2,1458,3,0.000302203,0.000302203,0.679411,0.679493,8.19564e-05,34.7176,34.718,9,9,0,1.21531,1.21208,0.003232,0,1,1,1
46.3,1459,1,0.00715828,0.00715828,0.440866,0.455047,0.0141813,33.7635,33.8202,9,9,0,0.846088,0.870104,0.024016,0,1,1,0
46.3,1459,2,0.000794649,0.000794649,0.70669,0.707445,0.000754178,34.8268,34.8298,12,12,0,0.715272,0.723768,0.008496,0,1,1,1
46.3,1459,3,0.000641741,0.000641741,0.679585,0.679411,0.000173986,34.7183,34.7176,9,9,0,1.21208,1.21894,0.006864,0,1,1,1
46.4,1460,1,0.000845294,0.000845294,0.450232,0.440866,0.00936645,33.8009,33.7635,9,9,0,0.870104,0.859992,0.010112,0,1,1,0
46.4,1460,2,0.000359893,0.000359893,0.706348,0.70669,0.00034219,34.8254,34.8268,12,12,0,0.723768,0.727616,0.003848,0,1,1,1
46.4,1460,3,0.000642508,0.000642508,0.679411,0.679585,0.000174165,34.7176,34.7183,9,9,0,1.21894,1.21207,0.006872,0,1,1,1
46.5,1461,1,0.00108403,0.00108403,0.452493,0.450232,0.00226113,33.81,33.8009,9,9,0,0.859992,0.855632,0.00436,0,1,1,1
46.5,1461,2,0.00290275,0.00290275,0.710157,0.706348,0.00380909,34.8406,34.8254,12,12,0,0.727616,0.69344,0.034176,0,1,1,0
46.5,1461,3,0.00214902,0.00214902,0.680104,0.679411,0.00069344,34.7204,34.7176,9,9,0,1.21207,1.23581,0.023736,0,1,1,0
46.6,1462,1,0.000720553,0.000720553,0.451902,0.452493,0.000591069,33.8076,33.81,9,9,0,0.855632,0.85732,0.001688,0,1,1,1
46.6,1462,2,0.00290345,0.00290345,0.706348,0.710157,0.00380975,34.8254,34.8406,12,12,0,0.69344,0.727624,0.034184,0,1,1,0
46.6,1462,3,0.00214826,0.00214826,0.679411,0.680104,0.000693262,34.7176,34.7204,9,9,0,1.23581,1.21208,0.023728,0,1,1,0
46.7,1463,1,0.00153589,0.00153589,0.45287,0.451902,0.000967652,33.8115,33.8076,9,9,0,0.85732,0.85416,0.00316,0,1,1,1
46.7,1463,2,0.0024471,0.0024471,0.708667,0.706348,0.0023194,34.8347,34.8254,12,12,0,0.727624,0.701464,0.02616,0,1,1,0
46.7,1463,3,0.000641741,0.000641741,0.679585,0.679411,0.000173986,34.7183,34.7176,9,9,0,1.21208,1.21894,0.006864,0,1,1,1
46.8,1464,1,0.00414413,0.00414413,0.429318,0.45287,0.0235516,33.7173,33.8115,9,9,0,0.85416,0.88464,0.03048,0,1,0,0
46.8,1464,2,0.00142953,0.00142953,0.707314,0.708667,0.00135291,34.8293,34.8347,12,12,0,0.701464,0.716744,0.01528,0,1,1,0
46.8,1464,3,0.000641741,0.000641741,0.679411,0.679585,0.000173986,34.7176,34.7183,9,9,0,1.21894,1.21208,0.006864,0,1,1,1
46.9,1465,1,0.0121215,0.0121215,0.458462,0.429318,0.0291434,33.8338,33.7173,9,9,0,0.88464,0.837376,0.047264,0,1,0,0
46.9,1465,2,0.000519231,0.000519231,0.706821,0.707314,0.00049293,34.8273,34.8293,12,12,0,0.716744,0.722296,0.005552,0,1,1,1
46.9,1465,3,0.00138677,0.00138677,0.679123,0.679411,0.000288069,34.7165,34.7176,9,9,0,1.21208,1.2017,0.010384,0,1,1,0
47,1466,1,0.00987573,0.00987573,0.450237,0.458462,0.00822443,33.8009,33.8338,9,9,0,0.837376,0.859984,0.022608,0,1,1,0
47,1466,2,0.00049834,0.00049834,0.706348,0.706821,0.000473559,34.8254,34.8273,12,12,0,0.722296,0.727624,0.005328,0,1,1,1
47,1466,3,0.00425345,0.00425345,0.675239,0.679123,0.00388372,34.701,34.7165,9,9,0,1.2017,1.17641,0.025288,0,1,1,0
47.1,1467,1,0.000846602,0.000846602,0.440859,0.450237,0.00937849,33.7634,33.8009,9,9,0,0.859984,0.870112,0.010128,0,1,1,0
47.1,1467,2,0.000353262,0.000353262,0.704879,0.706348,0.00146842,34.8195,34.8254,12,12,0,0.727624,0.739656,0.012032,0,1,1,0
47.1,1467,3,0.00209524,0.00209524,0.677457,0.675239,0.00221771,34.7098,34.701,9,9,0,1.17641,1.18662,0.010216,0,1,1,0
47.2,1468,1,8.93511e-05,8.93511e-05,0.442178,0.440859,0.00131905,33.7687,33.7634,9,9,0,0.870112,0.86868,0.001432,0,1,1,1
47.2,1468,2,0.00397336,0.00397336,0.694665,0.704879,0.0102146,34.7787,34.8195,12,12,0,0.739656,0.784632,0.044976,0,1,1,0
47.2,1468,3,0.00128134,0.00128134,0.676102,0.677457,0.00135493,34.7044,34.7098,9,9,0,1.18662,1.18038,0.006248,0,1,1,1
47.3,1469,1,0.000756271,0.000756271,0.450232,0.442178,0.00805432,33.8009,33.7687,9,9,0,0.86868,0.859992,0.008688,0,1,1,1
47.3,1469,2,0.00531051,0.00531051,0.702597,0.694665,0.00793225,34.8104,34.7787,12,12,0,0.784632,0.751216,0.033416,0,1,1,0
47.3,1469,3,0.00133862,0.00133862,0.67472,0.676102,0.00138235,34.6989,34.7044,9,9,0,1.18038,1.174,0.006376,0,1,1,1
47.4,1470,1,0.00337483,0.00337483,0.453551,0.450232,0.00331879,33.8142,33.8009,9,9,0,0.859992,0.851496,0.008496,0,1,1,1
47.4,1470,2,0.00142793,0.00142793,0.698356,0.702597,0.00424075,34.7934,34.8104,12,12,0,0.751216,0.7692,0.017984,0,1,1,0
47.4,1470,3,0.00404916,0.00404916,0.678376,0.67472,0.00365663,34.7135,34.6989,9,9,0,1.174,1.19306,0.019064,0,1,1,0
47.5,1471,1,0.00337287,0.00337287,0.450243,0.453551,0.0033085,33.801,33.8142,9,9,0,0.851496,0.859976,0.00848,0,1,1,1
47.5,1471,2,0.00155382,0.00155382,0.696992,0.698356,0.00136453,34.788,34.7934,12,12,0,0.7692,0.775024,0.005824,0,1,1,1
47.5,1471,3,0.000405975,0.000405975,0.67813,0.678376,0.000246108,34.7125,34.7135,9,9,0,1.19306,1.19125,0.001816,0,1,1,1
47.6,1472,1,0.000907212,0.000907212,0.439589,0.450243,0.0106536,33.7584,33.801,9,9,0,0.859976,0.871568,0.011592,1,1,1,0
47.6,1472,2,0.00155593,0.00155593,0.698358,0.696992,0.00136644,34.7934,34.788,12,12,0,0.775024,0.769192,0.005832,1,1,1,1
47.6,1472,3,0.00230456,0.00230456,0.676102,0.67813,0.00202817,34.7044,34.7125,9,9,0,1.19125,1.18038,0.010872,1,1,1,0
47.7,1473,1,0.0107789,0.0107789,0.458458,0.439589,0.0188694,33.8338,33.7584,9,9,0,0.871568,0.837384,0.034184,0,1,1,0
47.7,1473,2,0.000211313,0.000211313,0.698543,0.698358,0.000185192,34.7942,34.7934,12,12,0,0.769192,0.7684,0.000792,0,1,1,1
47.7,1473,3,0.00130921,0.00130921,0.674743,0.676102,0.00135899,34.699,34.7044,9,9,0,1.18038,1.17411,0.006264,0,1,1,1
47.8,1474,1,0.00714567,0.00714567,0.434008,0.458458,0.0244507,33.736,33.8338,9,9,0,0.837384,0.858512,0.021128,0,1,0,0
47.8,1474,2,0.0026463,0.0026463,0.696217,0.698543,0.00232613,34.7849,34.7942,12,12,0,0.7684,0.77832,0.00992,0,1,1,1
47.8,1474,3,0.00622006,0.00622006,0.679434,0.674743,0.00469095,34.7177,34.699,9,9,0,1.17411,1.21298,0.038872,0,1,1,0
47.9,1475,1,9.96888e-05,9.96888e-05,0.419,0.434008,0.0150078,33.676,33.736,9,9,0,0.858512,0.880288,0.021776,0,1,1,0
47.9,1475,2,0.0033146,0.0033146,0.699128,0.696217,0.00291091,34.7965,34.7849,12,12,0,0.77832,0.765896,0.012424,0,1,1,0
47.9,1475,3,0.0073646,0.0073646,0.673834,0.679434,0.00559944,34.6953,34.7177,9,9,0,1.21298,1.16976,0.043224,0,1,1,0
48,1476,1,3.99351e-06,3.99351e-06,0.433499,0.419,0.0144988,33.734,33.676,9,9,0,0.880288,0.86,0.020288,0,1,1,0
48,1476,2,0.000881732,0.000881732,0.698356,0.699128,0.00077188,34.7934,34.7965,12,12,0,0.765896,0.7692,0.003304,0,1,1,1
48,1476,3,0.00774382,0.00774382,0.679537,0.673834,0.0057022,34.7181,34.6953,9,9,0,1.16976,1.21704,0.04728,0,1,1,0
48.1,1477,1,0.0022305,0.0022305,0.436322,0.433499,0.00282291,33.7453,33.734,9,9,0,0.86,0.851488,0.008512,0,1,1,1
48.1,1477,2,0.000683129,0.000683129,0.698954,0.698356,0.000598192,34.7958,34.7934,12,12,0,0.7692,0.76664,0.00256,0,1,1,1
48.1,1477,3,0.14343,0.14343,0.658397,0.679537,0.0211396,34.6336,34.7181,9,8,-1,1.21704,1.2667,0.0496613,0,0,0,0
48.2,1478,1,0.00222937,0.00222937,0.433504,0.436322,0.00281745,33.734,33.7453,9,9,0,0.851488,0.859984,0.008496,0,1,1,1
48.2,1478,2,0.000681013,0.000681013,0.698358,0.698954,0.000596285,34.7934,34.7958,12,12,0,0.76664,0.769192,0.002552,0,1,1,1
48.2,1478,3,0.000599559,0.000599559,0.658375,0.658397,2.20537e-05,34.6335,34.6336,8,8,0,1.2667,1.26214,0.00456,0,1,1,1
48.3,1479,1,5.62519e-07,5.62519e-07,0.433501,0.433504,2.74181e-06,33.734,33.734,9,9,0,0.859984,0.859992,8e-06,1,1,1,1
48.3,1479,2,0.0441861,0.0441861,0.736471,0.698358,0.038113,34.9459,34.7934,12,13,1,0.769192,0.669075,0.100117,1,0,0,0
48.3,1479,3,0.00125191,0.00125191,0.658435,0.658375,6.01411e-05,34.6337,34.6335,8,8,0,1.26214,1.25259,0.009552,1,1,1,1
48.4,1480,1,0.000460938,0.000460938,0.427387,0.433501,0.00611454,33.7095,33.734,9,9,0,0.859992,0.86836,0.008368,0,1,1,1
48.4,1480,2,0.0135523,0.0135523,0.738505,0.736471,0.00203389,34.954,34.9459,13,13,0,0.669075,0.715403,0.046328,0,1,1,0
48.4,1480,3,0.000613268,0.000613268,0.658468,0.658435,3.31402e-05,34.6339,34.6337,8,8,0,1.25259,1.24791,0.00468,0,1,1,1
48.5,1481,1,0.00042814,0.00042814,0.432462,0.427387,0.00507531,33.7298,33.7095,9,9,0,0.86836,0.86172,0.00664,0,1,1,1
48.5,1481,2,0.000586241,0.000586241,0.738623,0.738505,0.000118375,34.9545,34.954,13,13,0,0.715403,0.717507,0.002104,0,1,1,1
48.5,1481,3,0.0100021,0.0100021,0.656415,0.658468,0.00205284,34.6257,34.6339,8,8,0,1.24791,1.20585,0.042064,0,1,1,0
48.6,1482,1,0.00277989,0.00277989,0.436654,0.432462,0.00419191,33.7466,33.7298,9,9,0,0.86172,0.85044,0.01128,0,1,1,0
48.6,1482,2,0.00756392,0.00756392,0.737376,0.738623,0.00124741,34.9495,34.9545,13,13,0,0.717507,0.689947,0.02756,0,1,1,0
48.6,1482,3,0.000160035,0.000160035,0.656448,0.656415,3.29018e-05,34.6258,34.6257,8,8,0,1.20585,1.20648,0.000632,0,1,1,1
48.7,1483,1,0.00241646,0.00241646,0.427675,0.436654,0.00897875,33.7107,33.7466,9,9,0,0.85044,0.868008,0.017568,0,1,1,0
48.7,1483,2,0.0103016,0.0103016,0.739176,0.737376,0.00180006,34.9567,34.9495,13,13,0,0.689947,0.727339,0.037392,0,1,1,0
48.7,1483,3,0.00679427,0.00679427,0.6579,0.656448,0.00145167,34.6316,34.6258,8,8,0,1.20648,1.2342,0.02772,0,1,1,0
48.8,1484,1,0.000291973,0.000291973,0.434013,0.427675,0.00633791,33.7361,33.7107,9,9,0,0.868008,0.858496,0.009512,0,1,1,1
48.8,1484,2,0.00598483,0.00598483,0.737967,0.739176,0.00120866,34.9519,34.9567,13,13,0,0.727339,0.705859,0.02148,0,1,1,0
48.8,1484,3,0.0034427,0.0034427,0.657157,0.6579,0.00074327,34.6286,34.6316,8,8,0,1.2342,1.22002,0.014176,0,1,1,0
48.9,1485,1,0.00577726,0.00577726,0.438038,0.434013,0.00402445,33.7522,33.7361,9,9,0,0.858496,0.845488,0.013008,0,1,1,0
48.9,1485,2,0.00414518,0.00414518,0.738805,0.737967,0.000837386,34.9552,34.9519,13,13,0,0.705859,0.720731,0.014872,0,1,1,0
48.9,1485,3,0.00308419,0.00308419,0.656503,0.657157,0.000653446,34.626,34.6286,8,8,0,1.22002,1.20753,0.012488,0,1,1,0
49,1486,1,0.00572138,0.00572138,0.429806,0.438038,0.00823146,33.7192,33.7522,9,9,0,0.845488,0.865576,0.020088,0,1,1,0
49,1486,2,0.00143225,0.00143225,0.739094,0.738805,0.000289083,34.9564,34.9552,13,13,0,0.720731,0.725875,0.005144,0,1,1,1
49,1486,3,0.000723075,0.000723075,0.656652,0.656503,0.000148654,34.6266,34.626,8,8,0,1.20753,1.21039,0.002856,0,1,1,1
49.1,1487,1,5.42365e-05,5.42365e-05,0.431155,0.429806,0.0013487,33.7246,33.7192,9,9,0,0.865576,0.86372,0.001856,0,1,1,1
49.1,1487,2,0.00714672,0.00714672,0.73765,0.739094,0.00144368,34.9506,34.9564,13,13,0,0.725875,0.700235,0.02564,0,1,1,0
49.1,1487,3,0.00308779,0.00308779,0.657314,0.656652,0.00066179,34.6293,34.6266,8,8,0,1.21039,1.22301,0.012624,0,1,1,0
49.2,1488,1,0.0221306,0.0221306,0.449593,0.431155,0.0184385,33.7984,33.7246,9,9,0,0.86372,0.809568,0.054152,0,0,1,0
49.2,1488,2,0.00157373,0.00157373,0.737968,0.73765,0.00031811,34.9519,34.9506,13,13,0,0.700235,0.705875,0.00564,0,1,1,1
49.2,1488,3,0.00281239,0.00281239,0.656709,0.657314,0.000605166,34.6268,34.6293,8,8,0,1.22301,1.21148,0.011536,0,1,1,0
49.3,1489,1,0.019446,0.019446,0.436641,0.449593,0.012952,33.7466,33.7984,9,9,0,0.809568,0.85048,0.040912,0,1,1,0
49.3,1489,2,0.00414073,0.00414073,0.738805,0.737968,0.000836492,34.9552,34.9519,13,13,0,0.705875,0.720731,0.014856,0,1,1,0
49.3,1489,3,0.00363423,0.00363423,0.657491,0.656709,0.000782609,34.63,34.6268,8,8,0,1.21148,1.2264,0.01492,0,1,1,0
49.4,1490,1,0.00261674,0.00261674,0.41622,0.436641,0.020421,33.6649,33.7466,9,9,0,0.85048,0.883896,0.033416,0,1,0,0
49.4,1490,2,0.0037926,0.0037926,0.738038,0.738805,0.000766098,34.9522,34.9552,13,13,0,0.720731,0.707123,0.013608,0,1,1,0
49.4,1490,3,0.00174089,0.00174089,0.657115,0.657491,0.000376046,34.6285,34.63,8,8,0,1.2264,1.21923,0.007168,0,1,1,1
49.5,1491,1,0.00507942,0.00507942,0.437759,0.41622,0.0215384,33.751,33.6649,9,9,0,0.883896,0.846496,0.0374,0,1,0,0
49.5,1491,2,0.00189506,0.00189506,0.737655,0.738038,0.000383139,34.9506,34.9522,13,13,0,0.707123,0.700331,0.006792,0,1,1,1
49.5,1491,3,0.00214853,0.00214853,0.656656,0.657115,0.000459015,34.6266,34.6285,8,8,0,1.21923,1.21047,0.00876,0,1,1,1
49.6,1492,1,0.00465465,0.00465465,0.425601,0.437759,0.0121578,33.7024,33.751,9,9,0,0.846496,0.870824,0.024328,0,1,1,0
49.6,1492,2,0.00780562,0.00780562,0.73929,0.737655,0.00163484,34.9572,34.9506,13,13,0,0.700331,0.729075,0.028744,0,1,1,0
49.6,1492,3,0.000807736,0.000807736,0.656825,0.656656,0.000169158,34.6273,34.6266,8,8,0,1.21047,1.21371,0.00324,0,1,1,1
49.7,1493,1,0.000552259,0.000552259,0.432222,0.425601,0.00662079,33.7289,33.7024,9,9,0,0.870824,0.862088,0.008736,0,1,1,1
49.7,1493,2,0.00946099,0.00946099,0.737396,0.73929,0.00189435,34.9496,34.9572,13,13,0,0.729075,0.694203,0.034872,0,1,1,0
49.7,1493,3,0.00113286,0.00113286,0.65707,0.656825,0.000244915,34.6283,34.6273,8,8,0,1.21371,1.21837,0.004664,0,1,1,1
49.8,1494,1,0.000497613,0.000497613,0.424635,0.432222,0.00758705,33.6985,33.7289,9,9,0,0.862088,0.872296,0.010208,0,1,1,0
49.8,1494,2,0.00488658,0.00488658,0.738308,0.737396,0.000912607,34.9532,34.9496,13,13,0,0.694203,0.711915,0.017712,0,1,1,0
49.8,1494,3,0.00305626,0.00305626,0.65773,0.65707,0.000660121,34.6309,34.6283,8,8,0,1.21837,1.23096,0.012584,0,1,1,0
49.9,1495,1,0.000411723,0.000411723,0.43415,0.424635,0.00951529,33.7366,33.6985,9,9,0,0.872296,0.858096,0.0142,0,1,1,0
49.9,1495,2,0.00155839,0.00155839,0.738623,0.738308,0.000314772,34.9545,34.9532,13,13,0,0.711915,0.717507,0.005592,0,1,1,1
49.9,1495,3,0.00557612,0.00557612,0.656537,0.65773,0.00119328,34.6261,34.6309,8,8,0,1.23096,1.20818,0.022776,0,1,1,0
50,1496,1,0.000318188,0.000318188,0.422978,0.43415,0.0111716,33.6919,33.7366,9,9,0,0.858096,0.874816,0.01672,0,1,1,0
50,1496,2,0.00301793,0.00301793,0.739291,0.738623,0.000668108,34.9572,34.9545,13,13,0,0.717507,0.729091,0.011584,0,1,1,0
50,1496,3,0.001387,0.001387,0.656825,0.656537,0.000288248,34.6273,34.6261,8,8,0,1.20818,1.21371,0.005528,0,1,1,1
50.1,1497,1,0.000318188,0.000318188,0.43415,0.422978,0.0111716,33.7366,33.6919,9,9,0,0.874816,0.858096,0.01672,0,1,1,0
50.1,1497,2,0.0141003,0.0141003,0.736892,0.739291,0.00239974,34.9476,34.9572,13,13,0,0.729091,0.678771,0.05032,0,1,1,0
50.1,1497,3,0.00264063,0.00264063,0.657396,0.656825,0.000570714,34.6296,34.6273,8,8,0,1.21371,1.22458,0.010872,0,1,1,0
50.2,1498,1,0.00512102,0.00512102,0.437759,0.43415,0.00360876,33.751,33.7366,9,9,0,0.858096,0.846496,0.0116,0,1,1,0
50.2,1498,2,0.0140994,0.0140994,0.739291,0.736892,0.00239915,34.9572,34.9476,13,13,0,0.678771,0.729083,0.050312,0,1,1,0
50.2,1498,3,0.00145916,0.00145916,0.657081,0.657396,0.000315309,34.6283,34.6296,8,8,0,1.22458,1.21857,0.006008,0,1,1,1
50.3,1499,1,0.00470958,0.00470958,0.424629,0.437759,0.0131293,33.6985,33.751,9,9,0,0.846496,0.872304,0.025808,0,1,1,0
50.3,1499,2,0.00371467,0.00371467,0.738482,0.739291,0.000808418,34.9539,34.9572,13,13,0,0.729083,0.715003,0.01408,0,1,1,0
50.3,1499,3,0.00277255,0.00277255,0.65768,0.657081,0.000598848,34.6307,34.6283,8,8,0,1.21857,1.22999,0.011416,0,1,1,0
50.4,1500,1,0.000551436,0.000551436,0.433188,0.424629,0.00855881,33.7328,33.6985,9,9,0,0.872304,0.860608,0.011696,0,1,1,0
50.4,1500,2,0.00620514,0.00620514,0.737343,0.738482,0.00113958,34.9494,34.9539,13,13,0,0.715003,0.692459,0.022544,0,1,1,0
50.4,1500,3,0.00476175,0.00476175,0.656656,0.65768,0.00102341,34.6266,34.6307,8,8,0,1.22999,1.21047,0.01952,0,1,1,0
50.5,1501,1,0.00988064,0.00988064,0.440752,0.433188,0.00756413,33.763,33.7328,9,9,0,0.860608,0.838192,0.022416,0,1,1,0
50.5,1501,2,0.00652836,0.00652836,0.738548,0.737343,0.00120491,34.9542,34.9494,13,13,0,0.692459,0.716163,0.023704,0,1,1,0
50.5,1501,3,0.00078832,0.00078832,0.656821,0.656656,0.000164926,34.6273,34.6266,8,8,0,1.21047,1.21363,0.00316,0,1,1,1
50.6,1502,1,0.00895341,0.00895341,0.44869,0.440752,0.00793722,33.7948,33.763,9,9,0,0.838192,0.816624,0.021568,0,1,1,0
50.6,1502,2,0.00270477,0.00270477,0.739094,0.738548,0.000546038,34.9564,34.9542,13,13,0,0.716163,0.725875,0.009712,0,1,1,1
50.6,1502,3,0.00212186,0.00212186,0.65728,0.656821,0.000458658,34.6291,34.6273,8,8,0,1.21363,1.22237,0.008736,0,1,1,1
50.7,1503,1,0.00392447,0.00392447,0.445163,0.44869,0.00352612,33.7807,33.7948,9,9,0,0.816624,0.826224,0.0096,0,1,1,1
50.7,1503,2,0.00643672,0.00643672,0.737794,0.739094,0.00130016,34.9512,34.9564,13,13,0,0.725875,0.702779,0.023096,0,1,1,0
50.7,1503,3,0.0005887,0.0005887,0.657153,0.65728,0.000127196,34.6286,34.6291,8,8,0,1.22237,1.21994,0.002424,0,1,1,1
50.8,1504,1,0.00425218,0.00425218,0.441435,0.445163,0.0037286,33.7657,33.7807,9,9,0,0.826224,0.836344,0.01012,0,1,1,0
50.8,1504,2,0.000593692,0.000593692,0.737913,0.737794,0.000119984,34.9517,34.9512,13,13,0,0.702779,0.704907,0.002128,0,1,1,1
50.8,1504,3,0.00187996,0.00187996,0.656747,0.657153,0.00040561,34.627,34.6286,8,8,0,1.21994,1.21221,0.007728,0,1,1,1
50.9,1505,1,0.00517617,0.00517617,0.445972,0.441435,0.00453708,33.7839,33.7657,9,9,0,0.836344,0.824024,0.01232,0,1,1,0
50.9,1505,2,0.00728059,0.00728059,0.739715,0.737913,0.00180101,34.9589,34.9517,13,13,0,0.704907,0.735235,0.030328,0,1,1,0
50.9,1505,3,0.00283007,0.00283007,0.657358,0.656747,0.000610888,34.6294,34.627,8,8,0,1.21221,1.22385,0.01164,0,1,1,0
51,1506,1,0.0112289,0.0112289,0.452868,0.445972,0.00689629,33.8115,33.7839,9,9,0,0.824024,0.794528,0.029496,0,1,1,0
51,1506,2,0.00762878,0.00762878,0.737843,0.739715,0.00187135,34.9514,34.9589,13,13,0,0.735235,0.703659,0.031576,0,1,1,0
51,1506,3,0.00246576,0.00246576,0.656825,0.657358,0.000532866,34.6273,34.6294,8,8,0,1.22385,1.2137,0.010152,0,1,1,0
51.1,1507,1,0.00791515,0.00791515,0.459741,0.452868,0.00687292,33.839,33.8115,9,9,0,0.794528,0.76592,0.028608,0,1,1,0
51.1,1507,2,0.00772154,0.00772154,0.739767,0.737843,0.00192368,34.9591,34.9514,13,13,0,0.703659,0.735995,0.032336,0,1,1,0
51.1,1507,3,0.000615984,0.000615984,0.656958,0.656825,0.000133157,34.6278,34.6273,8,8,0,1.2137,1.21624,0.002536,0,1,1,1
51.2,1508,1,0.00355142,0.00355142,0.466004,0.459741,0.00626263,33.864,33.839,9,9,0,0.76592,0.754248,0.011672,0,1,1,0
51.2,1508,2,0.0121218,0.0121218,0.73728,0.739767,0.002487,34.9491,34.9591,13,13,0,0.735995,0.687731,0.048264,0,1,1,0
51.2,1508,3,0.00142181,0.00142181,0.656656,0.656958,0.000301957,34.6266,34.6278,8,8,0,1.21624,1.21047,0.005768,0,1,1,1
51.3,1509,1,0.00844332,0.00844332,0.455734,0.466004,0.0102697,33.8229,33.864,9,9,0,0.754248,0.779616,0.025368,0,1,1,0
51.3,1509,2,0.0121218,0.0121218,0.739767,0.73728,0.002487,34.9591,34.9491,13,13,0,0.687731,0.735995,0.048264,0,1,1,0
51.3,1509,3,0.00021467,0.00021467,0.6567,0.656656,4.41074e-05,34.6268,34.6266,8,8,0,1.21047,1.21132,0.000848,0,1,1,1
51.4,1510,1,0.0098313,0.0098313,0.468438,0.455734,0.0127038,33.8738,33.8229,9,9,0,0.779616,0.749688,0.029928,0,1,1,0
51.4,1510,2,0.00214949,0.00214949,0.738969,0.739767,0.000798166,34.9559,34.9591,13,13,0,0.735995,0.723651,0.012344,0,1,1,0
51.4,1510,3,0.00411552,0.00411552,0.653119,0.6567,0.00358099,34.6125,34.6268,8,8,0,1.21132,1.16288,0.04844,0,1,1,0
51.5,1511,1,0.00633234,0.00633234,0.457309,0.468438,0.0111288,33.8292,33.8738,9,9,0,0.749688,0.770472,0.020784,0,1,1,0
51.5,1511,2,0.00936319,0.00936319,0.737364,0.738969,0.00160503,34.9495,34.9559,13,13,0,0.723651,0.689667,0.033984,0,1,1,0
51.5,1511,3,0.00115006,0.00115006,0.653847,0.653119,0.000727892,34.6154,34.6125,8,8,0,1.16288,1.18173,0.018856,0,1,1,0
51.6,1512,1,7.00355e-06,7.00355e-06,0.457306,0.457309,3.03984e-06,33.8292,33.8292,9,9,0,0.770472,0.770488,1.6e-05,0,1,1,1
51.6,1512,2,0.0122633,0.0122633,0.74019,0.737364,0.00282639,34.9608,34.9495,13,13,0,0.689667,0.742147,0.05248,0,1,1,0
51.6,1512,3,0.00072474,0.00072474,0.653289,0.653847,0.000558078,34.6132,34.6154,8,8,0,1.18173,1.16696,0.014776,0,1,1,0
51.7,1513,1,0.00356126,0.00356126,0.463558,0.457306,0.00625238,33.8542,33.8292,9,9,0,0.770488,0.758816,0.011672,0,1,1,0
51.7,1513,2,0.0109491,0.0109491,0.737408,0.74019,0.00278181,34.9496,34.9608,13,13,0,0.742147,0.694611,0.047536,0,1,1,0
51.7,1513,3,0.000561029,0.000561029,0.653724,0.653289,0.000434637,34.6149,34.6132,8,8,0,1.16696,1.1779,0.010944,0,1,1,0
51.8,1514,1,0.00356126,0.00356126,0.457306,0.463558,0.00625238,33.8292,33.8542,9,9,0,0.758816,0.770488,0.011672,0,1,1,0
51.8,1514,2,0.010461,0.010461,0.739915,0.737408,0.00250667,34.9597,34.9496,13,13,0,0.694611,0.738147,0.043536,0,1,1,0
51.8,1514,3,0.00489819,0.00489819,0.65244,0.653724,0.00128347,34.6098,34.6149,8,8,0,1.1779,1.14868,0.029224,0,1,1,0
51.9,1515,1,0.00108964,0.00108964,0.456835,0.457306,0.000471056,33.8273,33.8292,9,9,0,0.770488,0.772992,0.002504,0,1,1,1
51.9,1515,2,0.000532016,0.000532016,0.739615,0.739915,0.000300109,34.9585,34.9597,13,13,0,0.738147,0.733787,0.00436,0,1,1,1
51.9,1515,3,0.0185808,0.0185808,0.658378,0.65244,0.00593746,34.6335,34.6098,8,8,0,1.14868,1.26269,0.114008,0,1,1,0
52,1516,1,0.00656939,0.00656939,0.466931,0.456835,0.0100964,33.8677,33.8273,9,9,0,0.772992,0.752512,0.02048,0,1,1,0
52,1516,2,0.00752342,0.00752342,0.737829,0.739615,0.00178611,34.9513,34.9585,13,13,0,0.733787,0.703403,0.030384,0,1,1,0
52,1516,3,0.0141936,0.0141936,0.653309,0.658378,0.00506872,34.6132,34.6335,8,8,0,1.26269,1.16744,0.095248,0,1,1,0
52.1,1517,1,0.00970513,0.00970513,0.455328,0.466931,0.011603,33.8213,33.8677,9,9,0,0.752512,0.78136,0.028848,0,1,1,0
52.1,1517,2,0.00703712,0.00703712,0.73934,0.737829,0.00151163,34.9574,34.9513,13,13,0,0.703403,0.729803,0.0264,0,1,1,0
52.1,1517,3,0.000545889,0.000545889,0.65375,0.653309,0.000441074,34.615,34.6132,8,8,0,1.16744,1.17872,0.01128,0,1,1,0
52.2,1518,1,0.0109278,0.0109278,0.469549,0.455328,0.0142204,33.8782,33.8213,9,9,0,0.78136,0.747176,0.034184,0,1,1,0
52.2,1518,2,0.000485301,0.000485301,0.739614,0.73934,0.000273943,34.9585,34.9574,13,13,0,0.729803,0.733779,0.003976,0,1,1,1
52.2,1518,3,0.000109958,0.000109958,0.654064,0.65375,0.00031364,34.6163,34.615,8,8,0,1.17872,1.18462,0.005904,0,1,1,1
52.3,1519,1,0.0070331,0.0070331,0.457163,0.469549,0.0123857,33.8287,33.8782,9,9,0,0.747176,0.771248,0.024072,0,1,1,0
52.3,1519,2,0.00763413,0.00763413,0.737806,0.739614,0.00180811,34.9512,34.9585,13,13,0,0.733779,0.703003,0.030776,0,1,1,0
52.3,1519,3,0.000109958,0.000109958,0.65375,0.654064,0.00031364,34.615,34.6163,8,8,0,1.18462,1.17872,0.005904,0,1,1,1
52.4,1520,1,0.000758916,0.000758916,0.456835,0.457163,0.000328124,33.8273,33.8287,9,9,0,0.771248,0.772992,0.001744,0,1,1,1
52.4,1520,2,0.00763513,0.00763513,0.739615,0.737806,0.00180864,34.9585,34.9512,13,13,0,0.703003,0.733787,0.030784,0,1,1,0
52.4,1520,3,0.000545889,0.000545889,0.653309,0.65375,0.000441074,34.6132,34.615,8,8,0,1.17872,1.16744,0.01128,0,1,1,0
52.5,1521,1,0.00779089,0.00779089,0.469545,0.456835,0.0127103,33.8782,33.8273,9,9,0,0.772992,0.747184,0.025808,0,1,1,0
52.5,1521,2,0.013905,0.013905,0.736997,0.739615,0.00261742,34.948,34.9585,13,13,0,0.733787,0.681211,0.052576,0,1,1,0
52.5,1521,3,0.000545889,0.000545889,0.65375,0.653309,0.000441074,34.615,34.6132,8,8,0,1.16744,1.17872,0.01128,0,1,1,0
52.6,1522,1,0.0109266,0.0109266,0.455328,0.469545,0.014217,33.8213,33.8782,9,9,0,0.747184,0.78136,0.034176,0,1,1,0
52.6,1522,2,0.00395709,0.00395709,0.737406,0.736997,0.000408649,34.9496,34.948,13,13,0,0.681211,0.694539,0.013328,0,1,1,0
52.6,1522,3,0.000163818,0.000163818,0.653574,0.65375,0.000175655,34.6143,34.615,8,8,0,1.17872,1.17374,0.004976,0,1,1,1
52.7,1523,1,0.00970754,0.00970754,0.466935,0.455328,0.0116073,33.8677,33.8213,9,9,0,0.78136,0.752504,0.028856,0,1,1,0
52.7,1523,2,0.0528086,0.0528086,0.706727,0.737406,0.0306794,34.8269,34.9496,13,12,-1,0.694539,0.72336,0.0288213,0,0,0,0
52.7,1523,3,0.000163483,0.000163483,0.65375,0.653574,0.000175357,34.615,34.6143,8,8,0,1.17374,1.17871,0.004968,0,1,1,1
52.8,1524,1,0.00408466,0.00408466,0.459737,0.466935,0.00719869,33.8389,33.8677,9,9,0,0.752504,0.765928,0.013424,0,1,1,0
52.8,1524,2,0.0011504,0.0011504,0.701359,0.706727,0.00536799,34.8054,34.8269,12,12,0,0.72336,0.75736,0.034,0,1,1,0
52.8,1524,3,0.000545554,0.000545554,0.653309,0.65375,0.000440776,34.6132,34.615,8,8,0,1.17871,1.16744,0.011272,0,1,1,0
52.9,1525,1,0.0336566,0.0336566,0.544593,0.459737,0.0848562,34.1784,33.8389,9,10,1,0.765928,0.673435,0.0924933,0,0,0,0
52.9,1525,2,0.000999331,0.000999331,0.703339,0.701359,0.00198054,34.8134,34.8054,12,12,0,0.75736,0.747464,0.009896,0,1,1,1
52.9,1525,3,0.000545889,0.000545889,0.65375,0.653309,0.000441074,34.615,34.6132,8,8,0,1.16744,1.17872,0.01128,0,1,1,0
53,1526,1,0.0176034,0.0176034,0.48342,0.544593,0.0611731,33.9337,34.1784,10,10,0,0.673435,0.770795,0.09736,0,1,0,0
53,1526,2,0.000334501,0.000334501,0.707188,0.703339,0.00384855,34.8288,34.8134,12,12,0,0.747464,0.718168,0.029296,0,1,1,0
53,1526,3,0.0135335,0.0135335,0.650184,0.65375,0.00356609,34.6007,34.615,8,8,0,1.17872,1.12671,0.052008,0,1,1,0
53.1,1527,1,0.0058053,0.0058053,0.476723,0.48342,0.00669706,33.9069,33.9337,10,10,0,0.770795,0.744739,0.026056,0,1,1,0
53.1,1527,2,0.000228226,0.000228226,0.706971,0.707188,0.000216603,34.8279,34.8288,12,12,0,0.718168,0.720608,0.00244,0,1,1,1
53.1,1527,3,0.0136534,0.0136534,0.65384,0.650184,0.00365651,34.6154,34.6007,8,8,0,1.12671,1.18153,0.054816,0,1,1,0
53.2,1528,1,0.00675928,0.00675928,0.510282,0.476723,0.0335594,34.0411,33.9069,10,10,0,0.744739,0.705739,0.039,0,1,0,0
53.2,1528,2,0.000392228,0.000392228,0.703827,0.706971,0.00314373,34.8153,34.8279,12,12,0,0.720608,0.744992,0.024384,0,1,1,0
53.2,1528,3,0.00219272,0.00219272,0.652912,0.65384,0.000928223,34.6116,34.6154,8,8,0,1.18153,1.15789,0.02364,0,1,1,0
53.3,1529,1,0.0130528,0.0130528,0.491365,0.510282,0.0189174,33.9655,34.0411,10,10,0,0.705739,0.761563,0.055824,0,1,1,0
53.3,1529,2,0.000962213,0.000962213,0.705466,0.703827,0.00163853,34.8219,34.8153,12,12,0,0.744992,0.736672,0.00832,0,1,1,1
53.3,1529,3,0.00812946,0.00812946,0.651154,0.652912,0.00175828,34.6046,34.6116,8,8,0,1.15789,1.13507,0.022816,0,1,1,0
53.4,1530,1,0.0052772,0.0052772,0.446839,0.491365,0.0445257,33.7874,33.9655,10,10,0,0.761563,0.782107,0.020544,0,1,0,0
53.4,1530,2,0.00352608,0.00352608,0.709838,0.705466,0.004372,34.8394,34.8219,12,12,0,0.736672,0.695024,0.041648,0,1,1,0
53.4,1530,3,0.00933195,0.00933195,0.65318,0.651154,0.00202554,34.6127,34.6046,8,8,0,1.13507,1.16433,0.029256,0,1,1,0
53.5,1531,1,0.00807778,0.00807778,0.511817,0.446839,0.0649781,34.0473,33.7874,10,10,0,0.782107,0.704267,0.07784,0,1,0,0
53.5,1531,2,0.00456527,0.00456527,0.697221,0.709838,0.0126173,34.7889,34.8394,12,12,0,0.695024,0.774048,0.079024,0,1,1,0
53.5,1531,3,0.000869645,0.000869645,0.653749,0.65318,0.00056994,34.615,34.6127,8,8,0,1.16433,1.1787,0.014376,0,1,1,0
53.6,1532,1,0.0133366,0.0133366,0.485612,0.511817,0.0262055,33.9424,34.0473,10,10,0,0.704267,0.768267,0.064,0,1,0,0
53.6,1532,2,0.00388221,0.00388221,0.708381,0.697221,0.0111607,34.8335,34.7889,12,12,0,0.774048,0.704696,0.069352,0,1,1,0
53.6,1532,3,0.0168089,0.0168089,0.648398,0.653749,0.0053519,34.5936,34.615,8,8,0,1.1787,1.11788,0.060824,0,1,1,0
53.7,1533,1,0.00517558,0.00517558,0.448174,0.485612,0.0374373,33.7927,33.9424,10,10,0,0.768267,0.779843,0.011576,0,1,0,0
53.7,1533,2,0.00290318,0.00290318,0.705568,0.708381,0.0028131,34.8223,34.8335,12,12,0,0.704696,0.736152,0.031456,0,1,1,0
53.7,1533,3,0.0164163,0.0164163,0.65337,0.648398,0.00497234,34.6135,34.5936,8,8,0,1.11788,1.1689,0.051024,0,1,1,0
53.8,1534,1,0.00903226,0.00903226,0.516603,0.448174,0.0684284,34.0664,33.7927,10,10,0,0.779843,0.699691,0.080152,0,1,0,0
53.8,1534,2,0.0013072,0.0013072,0.699225,0.705568,0.00634313,34.7969,34.8223,12,12,0,0.736152,0.76548,0.029328,0,1,1,0
53.8,1534,3,0.000166766,0.000166766,0.653436,0.65337,6.65188e-05,34.6137,34.6135,8,8,0,1.1689,1.1705,0.0016,0,1,1,1
53.9,1535,1,0.00520007,0.00520007,0.523266,0.516603,0.00666308,34.0931,34.0664,10,10,0,0.699691,0.724731,0.02504,0,1,1,0
53.9,1535,2,0.000999361,0.000999361,0.701478,0.699225,0.00225329,34.8059,34.7969,12,12,0,0.76548,0.7568,0.00868,0,1,1,1
53.9,1535,3,0.0125863,0.0125863,0.65054,0.653436,0.00289625,34.6022,34.6137,8,8,0,1.1705,1.12877,0.041736,0,1,1,0
54,1536,1,0.00958363,0.00958363,0.478695,0.523266,0.0445709,33.9148,34.0931,10,10,0,0.724731,0.767419,0.042688,0,1,0,0
54,1536,2,0.00104037,0.00104037,0.708826,0.701478,0.00734758,34.8353,34.8059,12,12,0,0.7568,0.700032,0.056768,0,1,1,0
54,1536,3,0.0046349,0.0046349,0.647984,0.65054,0.0025562,34.5919,34.6022,8,8,0,1.12877,1.11629,0.01248,0,1,1,0
54.1,1537,1,0.00500964,0.00500964,0.451061,0.478695,0.0276345,33.8042,33.9148,10,10,0,0.767419,0.774627,0.007208,0,1,0,0
54.1,1537,2,0.00235213,0.00235213,0.706572,0.708826,0.00225353,34.8263,34.8353,12,12,0,0.700032,0.725096,0.025064,0,1,1,0
54.1,1537,3,0.0157309,0.0157309,0.652948,0.647984,0.00496364,34.6118,34.5919,8,8,0,1.11629,1.15922,0.042936,0,1,1,0
54.2,1538,1,0.00378192,0.00378192,0.489031,0.451061,0.0379708,33.9561,33.8042,10,10,0,0.774627,0.724483,0.050144,0,1,0,0
54.2,1538,2,4.42117e-05,4.42117e-05,0.698913,0.706572,0.0076592,34.7957,34.8263,12,12,0,0.725096,0.766816,0.04172,0,1,1,0
54.2,1538,3,0.00149033,0.00149033,0.653436,0.652948,0.000488818,34.6137,34.6118,8,8,0,1.15922,1.1705,0.01128,0,1,1,0
54.3,1539,1,0.00426757,0.00426757,0.507599,0.489031,0.0185678,34.0304,33.9561,10,10,0,0.724483,0.701755,0.022728,0,1,1,0
54.3,1539,2,0.000358641,0.000358641,0.703338,0.698913,0.00442445,34.8134,34.7957,12,12,0,0.766816,0.747472,0.019344,0,1,1,0
54.3,1539,3,0.000226479,0.000226479,0.65375,0.653436,0.00031364,34.615,34.6137,8,8,0,1.1705,1.17872,0.008216,0,1,1,1
54.4,1540,1,0.00313282,0.00313282,0.524885,0.507599,0.0172855,34.0995,34.0304,10,10,0,0.701755,0.723235,0.02148,0,1,1,0
54.4,1540,2,0.000990361,0.000990361,0.701642,0.703338,0.00169593,34.8066,34.8134,12,12,0,0.747472,0.756032,0.00856,0,1,1,1
54.4,1540,3,0.0182654,0.0182654,0.647453,0.65375,0.00629669,34.5898,34.615,8,8,0,1.17872,1.11425,0.064472,0,1,1,0
54.5,1541,1,0.00739482,0.00739482,0.468711,0.524885,0.056174,33.8748,34.0995,10,10,0,0.723235,0.779787,0.056552,0,1,0,0
54.5,1541,2,0.00138932,0.00138932,0.706492,0.701642,0.00485027,34.826,34.8066,12,12,0,0.756032,0.726,0.030032,0,1,1,0
54.5,1541,3,0.000808139,0.000808139,0.647978,0.647453,0.000524342,34.5919,34.5898,8,8,0,1.11425,1.11626,0.002016,0,1,1,1
54.6,1542,1,0.00394568,0.00394568,0.458412,0.468711,0.0102988,33.8336,33.8748,10,10,0,0.779787,0.764523,0.015264,0,1,1,0
54.6,1542,2,0.00563946,0.00563946,0.6932,0.706492,0.0132924,34.7728,34.826,12,12,0,0.726,0.790384,0.064384,0,1,1,0
54.6,1542,3,0.0148771,0.0148771,0.652862,0.647978,0.00488424,34.6114,34.5919,8,8,0,1.11626,1.15598,0.03972,0,1,1,0
54.7,1543,1,0.00280798,0.00280798,0.49087,0.458412,0.0324581,33.9635,33.8336,10,10,0,0.764523,0.722243,0.04228,0,1,0,0
54.7,1543,2,0.00668718,0.00668718,0.702227,0.6932,0.00902778,34.8089,34.7728,12,12,0,0.790384,0.75308,0.037304,0,1,1,0
54.7,1543,3,0.00269016,0.00269016,0.654064,0.652862,0.00120175,34.6163,34.6114,8,8,0,1.15598,1.18462,0.02864,0,1,1,0
54.8,1544,1,0.00377539,0.00377539,0.507608,0.49087,0.0167377,34.0304,33.9635,10,10,0,0.722243,0.701747,0.020496,0,1,1,0
54.8,1544,2,0.000163943,0.000163943,0.699694,0.702227,0.00253308,34.7988,34.8089,12,12,0,0.75308,0.76352,0.01044,0,1,1,0
54.8,1544,3,0.000110628,0.000110628,0.653749,0.654064,0.000314236,34.615,34.6163,8,8,0,1.18462,1.1787,0.00592,0,1,1,1
54.9,1545,1,0.00668833,0.00668833,0.512098,0.507608,0.00449085,34.0484,34.0304,10,10,0,0.701747,0.734251,0.032504,0,1,1,0
54.9,1545,2,0.00148019,0.00148019,0.708696,0.699694,0.00900209,34.8348,34.7988,12,12,0,0.76352,0.70092,0.0626,0,1,1,0
54.9,1545,3,0.0211653,0.0211653,0.645427,0.653749,0.008322,34.5817,34.615,8,8,0,1.1787,1.10637,0.072328,0,0,1,0
55,1546,1,0.00584375,0.00584375,0.475666,0.512098,0.0364328,33.9027,34.0484,10,10,0,0.734251,0.771427,0.037176,0,1,0,0
55,1546,2,0.00236467,0.00236467,0.706491,0.708696,0.00220507,34.826,34.8348,12,12,0,0.70092,0.726008,0.025088,0,1,1,0
55,1546,3,0.00219328,0.00219328,0.643547,0.645427,0.00188011,34.5742,34.5817,8,8,0,1.10637,1.09766,0.008712,0,1,1,1
55.1,1547,1,0.00729937,0.00729937,0.460926,0.475666,0.0147396,33.8437,33.9027,10,10,0,0.771427,0.760539,0.010888,0,1,1,0
55.1,1547,2,0.00755432,0.00755432,0.690747,0.706491,0.0157447,34.763,34.826,12,12,0,0.726008,0.804496,0.078488,0,1,1,0
55.1,1547,3,0.0182155,0.0182155,0.652389,0.643547,0.00884151,34.6096,34.5742,8,8,0,1.09766,1.14813,0.050472,0,1,1,0
55.2,1548,1,0.000611983,0.000611983,0.487605,0.460926,0.0266786,33.9504,33.8437,10,10,0,0.760539,0.726227,0.034312,0,1,0,0
55.2,1548,2,0.00758757,0.00758757,0.703963,0.690747,0.0132167,34.8159,34.763,12,12,0,0.804496,0.744304,0.060192,0,1,1,0
55.2,1548,3,0.00510764,0.00510764,0.654443,0.652389,0.00205415,34.6178,34.6096,8,8,0,1.14813,1.18827,0.040136,0,1,1,0
55.3,1549,1,0.00285377,0.00285377,0.500373,0.487605,0.0127689,34.0015,33.9504,10,10,0,0.726227,0.710883,0.015344,0,1,1,0
55.3,1549,2,0.00360732,0.00360732,0.695735,0.703963,0.00822824,34.7829,34.8159,12,12,0,0.744304,0.780368,0.036064,0,1,1,0
55.3,1549,3,0.00204096,0.00204096,0.652912,0.654443,0.00153118,34.6116,34.6178,8,8,0,1.18827,1.15787,0.0304,0,1,1,0
55.4,1550,1,0.00910315,0.00910315,0.468879,0.500373,0.0314941,33.8755,34.0015,10,10,0,0.710883,0.770595,0.059712,0,1,0,0
55.4,1550,2,0.0049352,0.0049352,0.707783,0.695735,0.0120479,34.8311,34.7829,12,12,0,0.780368,0.711456,0.068912,0,1,1,0
55.4,1550,3,0.0273136,0.0273136,0.638675,0.652912,0.0142373,34.5547,34.6116,8,8,0,1.15787,1.07355,0.08432,0,0,1,0
55.5,1551,1,0.00644285,0.00644285,0.462422,0.468879,0.00645748,33.8497,33.8755,10,10,0,0.770595,0.758163,0.012432,0,1,1,0
55.5,1551,2,0.00574355,0.00574355,0.694785,0.707783,0.0129983,34.7791,34.8311,12,12,0,0.711456,0.78416,0.072704,0,1,1,0
55.5,1551,3,0.0268873,0.0268873,0.65287,0.638675,0.014195,34.6115,34.5547,8,8,0,1.07355,1.15627,0.08272,0,0,1,0
55.6,1552,1,0.00232074,0.00232074,0.498768,0.462422,0.0363463,33.9951,33.8497,10,10,0,0.758163,0.712819,0.045344,0,1,0,0
55.6,1552,2,0.000387624,0.000387624,0.694296,0.694785,0.000488281,34.7772,34.7791,12,12,0,0.78416,0.78608,0.00192,0,1,1,1
55.6,1552,3,0.00246735,0.00246735,0.654443,0.65287,0.00157344,34.6178,34.6115,8,8,0,1.15627,1.18827,0.032,0,1,1,0
55.7,1553,1,0.00318862,0.00318862,0.516177,0.498768,0.0174091,34.0647,33.9951,10,10,0,0.712819,0.694059,0.01876,0,1,1,0
55.7,1553,2,0.00609806,0.00609806,0.701748,0.694296,0.00745177,34.807,34.7772,12,12,0,0.78608,0.755496,0.030584,0,1,1,0
55.7,1553,3,0.000115171,0.000115171,0.653631,0.654443,0.000811934,34.6145,34.6178,8,8,0,1.18827,1.17507,0.0132,0,1,1,0
55.8,1554,1,0.0116668,0.0116668,0.46615,0.516177,0.050027,33.8646,34.0647,10,10,0,0.694059,0.774515,0.080456,0,1,0,0
55.8,1554,2,0.00654538,0.00654538,0.693732,0.701748,0.00801605,34.7749,34.807,12,12,0,0.755496,0.788296,0.0328,0,1,1,0
55.8,1554,3,0.0328978,0.0328978,0.634271,0.653631,0.0193604,34.5371,34.6145,8,8,0,1.17507,1.05509,0.119976,0,0,1,0
55.9,1555,1,0.00674049,0.00674049,0.463503,0.46615,0.0026471,33.854,33.8646,10,10,0,0.774515,0.756443,0.018072,0,1,1,0
55.9,1555,2,0.00224267,0.00224267,0.696264,0.693732,0.00253206,34.7851,34.7749,12,12,0,0.788296,0.77812,0.010176,0,1,1,0
55.9,1555,3,0.0327733,0.0327733,0.653417,0.634271,0.0191461,34.6137,34.5371,8,8,0,1.05509,1.17003,0.114936,0,0,1,0
56,1556,1,0.00173769,0.00173769,0.498768,0.463503,0.035265,33.9951,33.854,10,10,0,0.756443,0.712819,0.043624,0,1,0,0
56,1556,2,0.00410549,0.00410549,0.702086,0.696264,0.00582212,34.8083,34.7851,12,12,0,0.77812,0.753792,0.024328,0,1,1,0
56,1556,3,0.00172676,0.00172676,0.652919,0.653417,0.00049758,34.6117,34.6137,8,8,0,1.17003,1.15815,0.01188,0,1,1,0
56.1,1557,1,0.000495236,0.000495236,0.501089,0.498768,0.00232106,34.0044,33.9951,10,10,0,0.712819,0.710003,0.002816,0,1,1,1
56.1,1557,2,0.00420363,0.00420363,0.696178,0.702086,0.00590867,34.7847,34.8083,12,12,0,0.753792,0.778488,0.024696,0,1,1,0
56.1,1557,3,0.00199871,0.00199871,0.654359,0.652919,0.00143981,34.6174,34.6117,8,8,0,1.15815,1.18746,0.029312,0,1,1,0
56.2,1558,1,0.010848,0.010848,0.483416,0.501089,0.0176734,33.9337,34.0044,10,10,0,0.710003,0.753907,0.043904,0,1,1,0
56.2,1558,2,0.00406215,0.00406215,0.69285,0.696178,0.00332791,34.7714,34.7847,12,12,0,0.778488,0.850528,0.07204,0,1,1,0
56.2,1558,3,0.0115738,0.0115738,0.650854,0.654359,0.00350481,34.6034,34.6174,8,8,0,1.18746,1.13172,0.055744,0,1,1,0
56.3,1559,1,0.00988381,0.00988381,0.46675,0.483416,0.0166656,33.867,33.9337,10,10,0,0.753907,0.751883,0.002024,0,1,1,1
56.3,1559,2,0.00679608,0.00679608,0.706169,0.69285,0.0133192,34.8247,34.7714,12,12,0,0.850528,0.729632,0.120896,0,1,1,0
56.3,1559,3,0.00936414,0.00936414,0.64564,0.650854,0.0052138,34.5826,34.6034,8,8,0,1.13172,1.10722,0.024496,0,1,1,0
56.4,1560,1,0.000164203,0.000164203,0.497309,0.46675,0.0305589,33.9892,33.867,10,10,0,0.751883,0.714563,0.03732,0,1,0,0
56.4,1560,2,0.00473313,0.00473313,0.693915,0.706169,0.0122533,34.7757,34.8247,12,12,0,0.729632,0.787576,0.057944,0,1,1,0
56.4,1560,3,0.0182827,0.0182827,0.652854,0.64564,0.00721377,34.6114,34.5826,8,8,0,1.10722,1.15569,0.048464,0,1,1,0
56.5,1561,1,0.000304736,0.000304736,0.498768,0.497309,0.00145897,33.9951,33.9892,10,10,0,0.714563,0.712819,0.001744,0,1,1,1
56.5,1561,2,0.00631118,0.00631118,0.7019,0.693915,0.007985,34.8076,34.7757,12,12,0,0.787576,0.754728,0.032848,0,1,1,0
56.5,1561,3,0.000946509,0.000946509,0.652948,0.652854,9.38177e-05,34.6118,34.6114,8,8,0,1.15569,1.15924,0.003552,0,1,1,1
56.6,1562,1,0.00308034,0.00308034,0.515304,0.498768,0.0165356,34.0612,33.9951,10,10,0,0.712819,0.694843,0.017976,0,1,1,0
56.6,1562,2,0.00182156,0.00182156,0.698367,0.7019,0.00353318,34.7935,34.8076,12,12,0,0.754728,0.769152,0.014424,0,1,1,0
56.6,1562,3,0.0209434,0.0209434,0.64412,0.652948,0.00882775,34.5765,34.6118,8,8,0,1.15924,1.10052,0.05872,0,0,1,0
56.7,1563,1,0.0219059,0.0219059,0.426033,0.515304,0.089271,33.7041,34.0612,10,10,0,0.694843,0.843435,0.148592,0,0,0,0
56.7,1563,2,0.00331232,0.00331232,0.695398,0.698367,0.00296938,34.7816,34.7935,12,12,0,0.769152,0.781744,0.012592,0,1,1,0
56.7,1563,3,0.022241,0.022241,0.653361,0.64412,0.00924093,34.6134,34.5765,8,8,0,1.10052,1.16869,0.068176,0,0,1,0
56.8,1564,1,0.0309464,0.0309464,0.450008,0.426033,0.0239752,33.8,33.7041,10,10,0,0.843435,0.776339,0.067096,0,0,0,0
56.8,1564,2,9.36389e-05,9.36389e-05,0.69528,0.695398,0.000117719,34.7811,34.7816,12,12,0,0.781744,0.782208,0.000464,0,1,1,1
56.8,1564,3,0.0408868,0.0408868,0.628399,0.653361,0.0249618,34.5136,34.6134,8,8,0,1.16869,1.03847,0.130224,0,0,0,0
56.9,1565,1,0.0033934,0.0033934,0.483996,0.450008,0.0339879,33.936,33.8,10,10,0,0.776339,0.731003,0.045336,0,1,0,0
56.9,1565,2,0.00469805,0.00469805,0.702807,0.69528,0.00752729,34.8112,34.7811,12,12,0,0.782208,0.750152,0.032056,0,1,1,0
56.9,1565,3,0.0179523,0.0179523,0.643555,0.628399,0.0151559,34.5742,34.5136,8,8,0,1.03847,1.0977,0.059232,0,1,1,0
57,1566,1,6.77556e-05,6.77556e-05,0.482264,0.483996,0.00173205,33.9291,33.936,10,10,0,0.731003,0.733243,0.00224,0,1,1,1
57,1566,2,0.0023614,0.0023614,0.697429,0.702807,0.00537872,34.7897,34.8112,12,12,0,0.750152,0.77316,0.023008,0,1,1,0
57,1566,3,0.00427262,0.00427262,0.646926,0.643555,0.003371,34.5877,34.5742,8,8,0,1.0977,1.11222,0.01452,0,1,1,0
57.1,1567,1,0.00114274,0.00114274,0.476785,0.482264,0.00547922,33.9071,33.9291,10,10,0,0.733243,0.740259,0.007016,0,1,1,1
57.1,1567,2,0.00524966,0.00524966,0.691634,0.697429,0.00579488,34.7665,34.7897,12,12,0,0.77316,0.797288,0.024128,0,1,1,0
57.1,1567,3,0.00384116,0.00384116,0.643907,0.646926,0.00301945,34.5756,34.5877,8,8,0,1.11222,1.09945,0.012768,0,1,1,0
57.2,1568,1,2.25157e-05,2.25157e-05,0.476851,0.476785,6.61612e-05,33.9074,33.9071,10,10,0,0.740259,0.740171,8.8e-05,0,1,1,1
57.2,1568,2,0.00684485,0.00684485,0.704116,0.691634,0.0124824,34.8165,34.7665,12,12,0,0.797288,0.743528,0.05376,0,1,1,0
57.2,1568,3,0.000860944,0.000860944,0.643205,0.643907,0.000701725,34.5728,34.5756,8,8,0,1.09945,1.09596,0.003496,0,1,1,1
57.3,1569,1,0.00104257,0.00104257,0.484249,0.476851,0.00739843,33.937,33.9074,10,10,0,0.740171,0.730675,0.009496,0,1,1,1
57.3,1569,2,0.00444707,0.00444707,0.694632,0.704116,0.00948423,34.7785,34.8165,12,12,0,0.743528,0.78476,0.041232,0,1,1,0
57.3,1569,3,0.0047021,0.0047021,0.646926,0.643205,0.00372118,34.5877,34.5728,8,8,0,1.09596,1.11222,0.016264,0,1,1,0
57.4,1570,1,0.00100088,0.00100088,0.49129,0.484249,0.00704062,33.9652,33.937,10,10,0,0.730675,0.721723,0.008952,0,1,1,1
57.4,1570,2,0.000319853,0.000319853,0.695034,0.694632,0.000402391,34.7801,34.7785,12,12,0,0.78476,0.783176,0.001584,0,1,1,1
57.4,1570,3,0.00712927,0.00712927,0.641221,0.646926,0.0057053,34.5649,34.5877,8,8,0,1.11222,1.0861,0.02612,0,1,1,0
57.5,1571,1,0.000600405,0.000600405,0.474071,0.49129,0.0172189,33.8963,33.9652,10,10,0,0.721723,0.743539,0.021816,0,1,1,0
57.5,1571,2,0.00389126,0.00389126,0.704518,0.695034,0.00948399,34.8181,34.7801,12,12,0,0.783176,0.741488,0.041688,0,1,1,0
57.5,1571,3,0.00267344,0.00267344,0.643406,0.641221,0.00218499,34.5736,34.5649,8,8,0,1.0861,1.09696,0.010856,0,1,1,0
57.6,1572,1,0.00160128,0.00160128,0.484249,0.474071,0.0101783,33.937,33.8963,10,10,0,0.743539,0.730675,0.012864,0,1,1,0
57.6,1572,2,0.00660993,0.00660993,0.691634,0.704518,0.0128849,34.7665,34.8181,12,12,0,0.741488,0.797296,0.055808,0,1,1,0
57.6,1572,3,0.00445583,0.00445583,0.646926,0.643406,0.00352031,34.5877,34.5736,8,8,0,1.09696,1.11222,0.015264,0,1,1,0
57.7,1573,1,0.00193194,0.00193194,0.495774,0.484249,0.0115243,33.9831,33.937,10,10,0,0.730675,0.716395,0.01428,0,1,1,0
57.7,1573,2,0.00450592,0.00450592,0.696774,0.691634,0.00514007,34.7871,34.7665,12,12,0,0.797296,0.775952,0.021344,0,1,1,0
57.7,1573,3,0.00408547,0.00408547,0.643708,0.646926,0.00321841,34.5748,34.5877,8,8,0,1.11222,1.09846,0.01376,0,1,1,0
57.8,1574,1,0.000796862,0.000796862,0.491938,0.495774,0.00383571,33.9678,33.9831,10,10,0,0.716395,0.720955,0.00456,0,1,1,1
57.8,1574,2,0.00379296,0.00379296,0.701536,0.696774,0.00476277,34.8061,34.7871,12,12,0,0.775952,0.756528,0.019424,0,1,1,0
57.8,1574,3,0.000370357,0.000370357,0.643406,0.643708,0.000301898,34.5736,34.5748,8,8,0,1.09846,1.09696,0.001504,0,1,1,1
57.9,1575,1,0.00159871,0.00159871,0.461122,0.491938,0.0308154,33.8445,33.9678,10,10,0,0.720955,0.760227,0.039272,0,1,0,0
57.9,1575,2,0.00162767,0.00162767,0.706271,0.701536,0.00473493,34.8251,34.8061,12,12,0,0.756528,0.72848,0.028048,0,1,1,0
57.9,1575,3,0.000183213,0.000183213,0.643555,0.643406,0.00014931,34.5742,34.5736,8,8,0,1.09696,1.0977,0.000744,0,1,1,1
58,1576,1,0.00246741,0.00246741,0.452515,0.461122,0.0086073,33.8101,33.8445,10,10,0,0.760227,0.772579,0.012352,0,1,1,0
58,1576,2,0.00060311,0.00060311,0.703385,0.706271,0.00288635,34.8135,34.8251,12,12,0,0.72848,0.747232,0.018752,0,1,1,0
58,1576,3,0.00427262,0.00427262,0.646926,0.643555,0.003371,34.5877,34.5742,8,8,0,1.0977,1.11222,0.01452,0,1,1,0
58.1,1577,1,0.00291749,0.00291749,0.483903,0.452515,0.0313882,33.9356,33.8101,10,10,0,0.772579,0.731123,0.041456,0,1,0,0
58.1,1577,2,0.00107604,0.00107604,0.705219,0.703385,0.00183409,34.8209,34.8135,12,12,0,0.747232,0.737928,0.009304,0,1,1,1
58.1,1577,3,0.00426671,0.00426671,0.64356,0.646926,0.00336617,34.5742,34.5877,8,8,0,1.11222,1.09773,0.014496,0,1,1,0
58.2,1578,1,0.00148612,0.00148612,0.459195,0.483903,0.0247083,33.8368,33.9356,10,10,0,0.731123,0.763283,0.03216,0,1,0,0
58.2,1578,2,0.00199193,0.00199193,0.700766,0.705219,0.00445271,34.8031,34.8209,12,12,0,0.737928,0.759776,0.021848,0,1,1,0
58.2,1578,3,5.90831e-06,5.90831e-06,0.643555,0.64356,4.82798e-06,34.5742,34.5742,8,8,0,1.09773,1.0977,2.4e-05,0,1,1,1
58.3,1579,1,0.00244815,0.00244815,0.477127,0.459195,0.0179324,33.9085,33.8368,10,10,0,0.763283,0.739803,0.02348,0,1,1,0
58.3,1579,2,0.000239357,0.000239357,0.702227,0.700766,0.00146097,34.8089,34.8031,12,12,0,0.759776,0.75308,0.006696,0,1,1,1
58.3,1579,3,0.00426623,0.00426623,0.646922,0.643555,0.00336683,34.5877,34.5742,8,8,0,1.0977,1.11221,0.014504,0,1,1,0
58.4,1580,1,0.0056353,0.0056353,0.452746,0.477127,0.0243818,33.811,33.9085,10,10,0,0.739803,0.773099,0.033296,0,1,0,0
58.4,1580,2,0.000521049,0.000521049,0.703119,0.702227,0.000891924,34.8125,34.8089,12,12,0,0.75308,0.748576,0.004504,0,1,1,1
58.4,1580,3,0.00774546,0.00774546,0.640711,0.646922,0.00621146,34.5628,34.5877,8,8,0,1.11221,1.08357,0.028632,0,1,1,0
58.5,1581,1,0.00530586,0.00530586,0.480146,0.452746,0.0274005,33.9206,33.811,10,10,0,0.773099,0.732891,0.040208,0,1,0,0
58.5,1581,2,0.00138021,0.00138021,0.705679,0.703119,0.00256014,34.8227,34.8125,12,12,0,0.748576,0.735128,0.013448,0,1,1,0
58.5,1581,3,0.00759791,0.00759791,0.646826,0.640711,0.00611556,34.5873,34.5628,8,8,0,1.08357,1.11184,0.028264,0,1,1,0
58.6,1582,1,0.00300834,0.00300834,0.45912,0.480146,0.0210257,33.8365,33.9206,10,10,0,0.732891,0.763275,0.030384,0,1,0,0
58.6,1582,2,0.0015505,0.0015505,0.702828,0.705679,0.00285137,34.8113,34.8227,12,12,0,0.735128,0.750048,0.01492,0,1,1,0
58.6,1582,3,0.0049166,0.0049166,0.642905,0.646826,0.00392169,34.5716,34.5873,8,8,0,1.11184,1.09446,0.017376,0,1,1,0
58.7,1583,1,0.00574931,0.00574931,0.470263,0.45912,0.0111429,33.8811,33.8365,10,10,0,0.763275,0.745803,0.017472,0,1,1,0
58.7,1583,2,0.000509083,0.000509083,0.701956,0.702828,0.000871956,34.8078,34.8113,12,12,0,0.750048,0.754448,0.0044,0,1,1,1
58.7,1583,3,0.00169628,0.00169628,0.644287,0.642905,0.00138241,34.5771,34.5716,8,8,0,1.09446,1.10135,0.006888,0,1,1,1
58.8,1584,1,0.00652712,0.00652712,0.461836,0.470263,0.00842723,33.8473,33.8811,10,10,0,0.745803,0.761539,0.015736,0,1,1,0
58.8,1584,2,0.00143866,0.00143866,0.706271,0.701956,0.00431454,34.8251,34.8078,12,12,0,0.754448,0.728488,0.02596,0,1,1,0
58.8,1584,3,0.000462978,0.000462978,0.64391,0.644287,0.00037688,34.5756,34.5771,8,8,0,1.10135,1.09947,0.00188,0,1,1,1
58.9,1585,1,8.94703e-05,8.94703e-05,0.461664,0.461836,0.000172138,33.8467,33.8473,10,10,0,0.761539,0.761939,0.0004,0,1,1,1
58.9,1585,2,0.000929579,0.000929579,0.702828,0.706271,0.00344259,34.8113,34.8251,12,12,0,0.728488,0.750048,0.02156,0,1,1,0
58.9,1585,3,0.0018686,0.0018686,0.645542,0.64391,0.00163186,34.5822,34.5756,8,8,0,1.09947,1.10683,0.00736,0,1,1,1
59,1586,1,0.00402686,0.00402686,0.470499,0.461664,0.00883508,33.882,33.8467,10,10,0,0.761939,0.747171,0.014768,0,1,1,0
59,1586,2,0.000265211,0.000265211,0.699903,0.702828,0.0029251,34.7996,34.8113,12,12,0,0.750048,0.762792,0.012744,0,1,1,0
59,1586,3,0.00140562,0.00140562,0.644287,0.645542,0.00125498,34.5771,34.5822,8,8,0,1.10683,1.10135,0.00548,0,1,1,1
59.1,1587,1,0.0054225,0.0054225,0.459973,0.470499,0.0105257,33.8399,33.882,10,10,0,0.747171,0.765907,0.018736,0,1,1,0
59.1,1587,2,0.000249833,0.000249833,0.707169,0.699903,0.00726557,34.8287,34.7996,12,12,0,0.762792,0.718384,0.044408,0,1,1,0
59.1,1587,3,0.000466904,0.000466904,0.643907,0.644287,0.000380099,34.5756,34.5771,8,8,0,1.10135,1.09945,0.001896,0,1,1,1
59.2,1588,1,0.00330499,0.00330499,0.482945,0.459973,0.0229713,33.9318,33.8399,10,10,0,0.765907,0.728899,0.037008,0,1,0,0
59.2,1588,2,0.00101787,0.00101787,0.69861,0.707169,0.00855815,34.7944,34.8287,12,12,0,0.718384,0.768112,0.049728,0,1,1,0
59.2,1588,3,0.0195852,0.0195852,0.652787,0.643907,0.00888056,34.6111,34.5756,8,8,0,1.09945,1.15316,0.053704,0,1,1,0
59.3,1589,1,0.00232218,0.00232218,0.46108,0.482945,0.0218642,33.8443,33.9318,10,10,0,0.728899,0.763283,0.034384,0,1,0,0
59.3,1589,2,0.00067766,0.00067766,0.703383,0.69861,0.00477308,34.8135,34.7944,12,12,0,0.768112,0.74724,0.020872,0,1,1,0
59.3,1589,3,0.00708424,0.00708424,0.656839,0.652787,0.00405174,34.6274,34.6111,8,8,0,1.15316,1.21397,0.060816,0,1,1,0
59.4,1590,1,0.00231787,0.00231787,0.465694,0.46108,0.00461406,33.8628,33.8443,10,10,0,0.763283,0.754491,0.008792,0,1,1,1
59.4,1590,2,0.00107607,0.00107607,0.705217,0.703383,0.00183403,34.8209,34.8135,12,12,0,0.74724,0.737936,0.009304,0,1,1,1
59.4,1590,3,0.00344844,0.00344844,0.655719,0.656839,0.00112045,34.6229,34.6274,8,8,0,1.21397,1.19949,0.014488,0,1,1,0
59.5,1591,1,0.00329271,0.00329271,0.459984,0.465694,0.00571036,33.8399,33.8628,10,10,0,0.754491,0.765883,0.011392,0,1,1,0
59.5,1591,2,0.000614315,0.000614315,0.704172,0.705217,0.00104594,34.8167,34.8209,12,12,0,0.737936,0.743248,0.005312,0,1,1,1
59.5,1591,3,0.00254823,0.00254823,0.65665,0.655719,0.000931561,34.6266,34.6229,8,8,0,1.19949,1.21036,0.010872,0,1,1,0
59.6,1592,1,0.00462952,0.00462952,0.47966,0.459984,0.0196763,33.9186,33.8399,10,10,0,0.765883,0.733459,0.032424,0,1,1,0
59.6,1592,2,0.000245452,0.000245452,0.706173,0.704172,0.00200158,34.8247,34.8167,12,12,0,0.743248,0.729584,0.013664,0,1,1,0
59.6,1592,3,0.000475915,0.000475915,0.656748,0.65665,9.78708e-05,34.627,34.6266,8,8,0,1.21036,1.21224,0.00188,0,1,1,1
59.7,1593,1,0.00341697,0.00341697,0.461394,0.47966,0.0182666,33.8456,33.9186,10,10,0,0.733459,0.762563,0.029104,0,1,1,0
59.7,1593,2,0.0015825,0.0015825,0.700661,0.706173,0.00551188,34.8026,34.8247,12,12,0,0.729584,0.760144,0.03056,0,1,1,0
59.7,1593,3,0.000332993,0.000332993,0.656819,0.656748,7.12872e-05,34.6273,34.627,8,8,0,1.21224,1.2136,0.00136,0,1,1,1
59.8,1594,1,0.0051078,0.0051078,0.473618,0.461394,0.0122238,33.8945,33.8456,10,10,0,0.762563,0.741971,0.020592,0,1,1,0
59.8,1594,2,0.000876233,0.000876233,0.703385,0.700661,0.00272375,34.8135,34.8026,12,12,0,0.760144,0.747232,0.012912,0,1,1,0
59.8,1594,3,0.00349901,0.00349901,0.65393,0.656819,0.00288898,34.6157,34.6273,8,8,0,1.2136,1.18334,0.030256,0,1,1,0
59.9,1595,1,0.004845,0.004845,0.461833,0.473618,0.0117849,33.8473,33.8945,10,10,0,0.741971,0.761547,0.019576,0,1,1,0
59.9,1595,2,1.27554e-05,1.27554e-05,0.699191,0.703385,0.0041936,34.7968,34.8135,12,12,0,0.747232,0.765624,0.018392,0,1,1,0
59.9,1595,3,0.000389786,0.000389786,0.654943,0.65393,0.00101203,34.6198,34.6157,8,8,0,1.18334,1.19308,0.009736,0,1,1,1
60,1596,1,0.00487088,0.00487088,0.473712,0.461833,0.0118798,33.8948,33.8473,10,10,0,0.761547,0.741811,0.019736,0,1,1,0
60,1596,2,0.00061731,0.00061731,0.707418,0.699191,0.00822693,34.8297,34.7968,12,12,0,0.765624,0.715568,0.050056,0,1,1,0
60,1596,3,7.52751e-05,7.52751e-05,0.655138,0.654943,0.000195146,34.6206,34.6198,8,8,0,1.19308,1.19496,0.00188,0,1,1,1
60.1,1597,1,0.0068043,0.0068043,0.459366,0.473712,0.0143461,33.8375,33.8948,10,10,0,0.741811,0.767267,0.025456,0,1,1,0
60.1,1597,2,0.0469436,0.0469436,0.736634,0.707418,0.0292161,34.9465,34.8297,12,13,1,0.715568,0.672843,0.0427253,0,0,0,0
60.1,1597,3,0.088666,0.088666,0.655538,0.655138,0.000400364,34.6222,34.6206,8,7,-1,1.19496,1.22641,0.0314533,0,0,1,0
60.2,1598,1,0.00184932,0.00184932,0.461671,0.459366,0.00230449,33.8467,33.8375,10,10,0,0.767267,0.761923,0.005344,0,1,1,1
60.2,1598,2,0.00803365,0.00803365,0.73763,0.736634,0.000995159,34.9505,34.9465,13,13,0,0.672843,0.699875,0.027032,0,1,1,0
60.2,1598,3,0.00286442,0.00286442,0.614403,0.655538,0.0411351,34.4576,34.6222,7,7,0,1.22641,1.21669,0.00972,0,1,0,0
60.3,1599,1,0.00307299,0.00307299,0.48008,0.461671,0.0184096,33.9203,33.8467,10,10,0,0.761923,0.732883,0.02904,0,1,1,0
60.3,1599,2,0.00810681,0.00810681,0.736624,0.73763,0.00100523,34.9465,34.9505,13,13,0,0.699875,0.672611,0.027264,0,1,1,0
60.3,1599,3,0.000961117,0.000961117,0.615303,0.614403,0.000899732,34.4612,34.4576,7,7,0,1.21669,1.23003,0.013344,0,1,1,0
60.4,1600,1,0.00486693,0.00486693,0.451591,0.48008,0.0284891,33.8064,33.9203,10,10,0,0.732883,0.778827,0.045944,0,1,0,0
60.4,1600,2,0.0149308,0.0149308,0.739008,0.736624,0.00238395,34.956,34.9465,13,13,0,0.672611,0.724355,0.051744,0,1,1,0
60.4,1600,3,0.00143635,0.00143635,0.614137,0.615303,0.00116551,34.4565,34.4612,7,7,0,1.23003,1.2123,0.017736,0,1,1,0
60.5,1601,1,0.00740129,0.00740129,0.475724,0.451591,0.024133,33.9029,33.8064,10,10,0,0.778827,0.738939,0.039888,0,1,0,0
60.5,1601,2,0.00617203,0.00617203,0.737761,0.739008,0.00124687,34.951,34.956,13,13,0,0.724355,0.702211,0.022144,0,1,1,0
60.5,1601,3,0.00144566,0.00144566,0.615363,0.614137,0.00122607,34.4615,34.4565,7,7,0,1.2123,1.2308,0.018504,0,1,1,0
60.6,1602,1,0.00123575,0.00123575,0.465703,0.475724,0.0100212,33.8628,33.9029,10,10,0,0.738939,0.752859,0.01392,0,1,1,0
60.6,1602,2,0.000484586,0.000484586,0.737663,0.737761,9.799e-05,34.9507,34.951,13,13,0,0.702211,0.700475,0.001736,0,1,1,1
60.6,1602,3,3.06889e-05,3.06889e-05,0.615164,0.615363,0.000199437,34.4607,34.4615,7,7,0,1.2308,1.22827,0.002528,0,1,1,1
60.7,1603,1,0.0593692,0.0593692,0.686957,0.465703,0.221253,34.7478,33.8628,10,11,1,0.752859,0.681197,0.0716613,0,0,0,0
60.7,1603,2,0.119949,0.119949,0.631758,0.737663,0.105905,34.527,34.9507,13,12,-1,0.700475,0.761832,0.0613573,0,0,0,0
60.7,1603,3,0.0144402,0.0144402,0.614908,0.615164,0.000256121,34.4596,34.4607,7,7,0,1.22827,1.2264,0.001872,0,1,1,1
60.8,1604,1,0.0269508,0.0269508,0.702644,0.686957,0.0156875,34.8106,34.7478,11,11,0,0.681197,0.736077,0.05488,0,0,1,0
60.8,1604,2,0.0304048,0.0304048,0.6212,0.631758,0.010558,34.4848,34.527,12,12,0,0.761832,0.752768,0.009064,0,0,1,0
60.8,1604,3,0.00589624,0.00589624,0.585103,0.614908,0.0298042,34.3404,34.4596,7,7,0,1.2264,1.17423,0.052176,0,1,0,0
60.9,1605,1,0.0279851,0.0279851,0.745617,0.702644,0.0429725,34.9825,34.8106,11,12,1,0.736077,0.63232,0.103757,0,0,0,0
60.9,1605,2,0.0571558,0.0571558,0.619493,0.6212,0.00170714,34.478,34.4848,12,11,-1,0.752768,0.826717,0.0739493,0,0,1,0
60.9,1605,3,0.00252885,0.00252885,0.596615,0.585103,0.0115116,34.3865,34.3404,7,7,0,1.17423,1.13043,0.0438,0,1,1,0
61,1606,1,0.0179227,0.0179227,0.72466,0.745617,0.0209569,34.8986,34.9825,12,12,0,0.63232,0.656848,0.024528,0,1,0,0
61,1606,2,0.0281334,0.0281334,0.625639,0.619493,0.00614625,34.5026,34.478,11,11,0,0.826717,0.835669,0.008952,0,0,1,0
61,1606,3,1.60858e-05,1.60858e-05,0.59601,0.596615,0.000605285,34.384,34.3865,7,7,0,1.13043,1.12791,0.002512,0,1,1,1
61.1,1607,1,0.0263837,0.0263837,0.752661,0.72466,0.0280017,35.0106,34.8986,12,12,0,0.656848,0.679792,0.022944,0,0,0,0
61.1,1607,2,0.024233,0.024233,0.6113,0.625639,0.0143395,34.4452,34.5026,11,11,0,0.835669,0.846269,0.0106,0,0,1,0
61.1,1607,3,1.60411e-05,1.60411e-05,0.596613,0.59601,0.000603318,34.3865,34.384,7,7,0,1.12791,1.13042,0.002504,0,1,1,1
61.2,1608,1,0.017691,0.017691,0.756996,0.752661,0.00433457,35.028,35.0106,12,12,0,0.679792,0.723416,0.043624,0,1,1,0
61.2,1608,2,0.0106633,0.0106633,0.587936,0.6113,0.0233644,34.3517,34.4452,11,11,0,0.846269,0.863341,0.017072,0,1,0,0
61.2,1608,3,0.00105277,0.00105277,0.567206,0.596613,0.0294074,34.2688,34.3865,7,7,0,1.13042,1.08247,0.047952,0,1,0,0
61.3,1609,1,0.0196872,0.0196872,0.73756,0.756996,0.0194363,34.9502,35.028,12,12,0,0.723416,0.782824,0.059408,0,1,1,0
61.3,1609,2,0.0043276,0.0043276,0.597325,0.587936,0.00938934,34.3893,34.3517,11,11,0,0.863341,0.846269,0.017072,0,1,1,0
61.3,1609,3,0.000515781,0.000515781,0.564905,0.567206,0.00230056,34.2596,34.2688,7,7,0,1.08247,1.07031,0.01216,0,1,1,0
61.4,1610,1,0.0121638,0.0121638,0.725753,0.73756,0.0118062,34.903,34.9502,12,12,0,0.782824,0.759352,0.023472,0,1,1,0
61.4,1610,2,0.0131718,0.0131718,0.626263,0.597325,0.0289381,34.5051,34.3893,11,11,0,0.846269,0.820357,0.025912,0,1,0,0
61.4,1610,3,0.00150269,0.00150269,0.594132,0.564905,0.0292265,34.3765,34.2596,7,7,0,1.07031,1.12014,0.049832,0,1,0,0
61.5,1611,1,0.0260355,0.0260355,0.753727,0.725753,0.0279739,35.0149,34.903,12,12,0,0.759352,0.67736,0.081992,0,0,0,0
61.5,1611,2,0.00572354,0.00572354,0.6134,0.626263,0.0128632,34.4536,34.5051,11,11,0,0.820357,0.849557,0.0292,0,1,1,0
61.5,1611,3,0.000556592,0.000556592,0.588947,0.594132,0.00518441,34.3558,34.3765,7,7,0,1.12014,1.12071,0.000568,0,1,1,1
61.6,1612,1,0.00513287,0.00513287,0.768423,0.753727,0.0146958,35.0737,35.0149,12,12,0,0.67736,0.694928,0.017568,0,1,1,0
61.6,1612,2,0.00587497,0.00587497,0.599931,0.6134,0.013469,34.3997,34.4536,11,11,0,0.849557,0.839749,0.009808,0,1,1,1
61.6,1612,3,0.00156483,0.00156483,0.567021,0.588947,0.0219264,34.2681,34.3558,7,7,0,1.12071,1.0817,0.039008,0,1,0,0
61.7,1613,1,0.0329992,0.0329992,0.737735,0.768423,0.0306876,34.9509,35.0737,12,12,0,0.694928,0.781456,0.086528,0,0,0,0
61.7,1613,2,0.00159413,0.00159413,0.602559,0.599931,0.00262791,34.4102,34.3997,11,11,0,0.839749,0.833141,0.006608,0,1,1,1
61.7,1613,3,0.000956796,0.000956796,0.563718,0.567021,0.00330299,34.2549,34.2681,7,7,0,1.0817,1.05811,0.023584,0,1,1,0
61.8,1614,1,0.0154927,0.0154927,0.716834,0.737735,0.0209014,34.8673,34.9509,12,12,0,0.781456,0.782552,0.001096,0,1,0,0
61.8,1614,2,0.00146105,0.00146105,0.607005,0.602559,0.00444645,34.428,34.4102,11,11,0,0.833141,0.865429,0.032288,0,1,1,0
61.8,1614,3,0.00206912,0.00206912,0.584883,0.563718,0.0211653,34.3395,34.2549,7,7,0,1.05811,1.10186,0.043744,0,1,0,0
61.9,1615,1,0.0283369,0.0283369,0.757013,0.716834,0.0401788,35.0281,34.8673,12,12,0,0.782552,0.647168,0.135384,0,0,0,0
61.9,1615,2,0.00523207,0.00523207,0.618809,0.607005,0.0118044,34.4752,34.428,11,11,0,0.865429,0.835973,0.029456,0,1,1,0
61.9,1615,3,0.00892897,0.00892897,0.604057,0.584883,0.0191734,34.4162,34.3395,7,7,0,1.10186,1.07025,0.031608,0,1,1,0
62,1616,1,0.021074,0.021074,0.759822,0.757013,0.00280935,35.0393,35.0281,12,12,0,0.647168,0.715792,0.068624,0,0,1,0
62,1616,2,0.011307,0.011307,0.593069,0.618809,0.0257406,34.3723,34.4752,11,11,0,0.835973,0.856829,0.020856,0,1,0,0
62,1616,3,0.00634436,0.00634436,0.588218,0.604057,0.0158386,34.3529,34.4162,7,7,0,1.07025,1.08403,0.013784,0,1,1,0
62.1,1617,1,0.0232053,0.0232053,0.736558,0.759822,0.0232639,34.9462,35.0393,12,12,0,0.715792,0.7906,0.074808,0,0,0,0
62.1,1617,2,0.00844318,0.00844318,0.608821,0.593069,0.0157521,34.4353,34.3723,11,11,0,0.856829,0.817261,0.039568,0,1,1,0
62.1,1617,3,0.000529185,0.000529185,0.586795,0.588218,0.00142324,34.3472,34.3529,7,7,0,1.08403,1.03872,0.045312,0,1,1,0
62.2,1618,1,0.016514,0.016514,0.716775,0.736558,0.0197835,34.8671,34.9462,12,12,0,0.7906,0.778888,0.011712,0,1,1,0
62.2,1618,2,0.00165891,0.00165891,0.608621,0.608821,0.000200033,34.4345,34.4353,11,11,0,0.817261,0.861437,0.044176,0,1,1,0
62.2,1618,3,0.00574528,0.00574528,0.603125,0.586795,0.0163306,34.4125,34.3472,7,7,0,1.03872,1.04692,0.0082,0,1,1,1
62.3,1619,1,0.0269192,0.0269192,0.755699,0.716775,0.0389246,35.0228,34.8671,12,12,0,0.778888,0.649936,0.128952,0,0,0,0
62.3,1619,2,0.00055293,0.00055293,0.609877,0.608621,0.00125617,34.4395,34.4345,11,11,0,0.861437,0.858325,0.003112,0,1,1,1
62.3,1619,3,0.00098981,0.00098981,0.606526,0.603125,0.0034005,34.4261,34.4125,7,7,0,1.04692,1.0946,0.04768,0,1,1,0
62.4,1620,1,0.0202081,0.0202081,0.75984,0.755699,0.0041405,35.0394,35.0228,12,12,0,0.649936,0.715744,0.065808,0,0,1,0
62.4,1620,2,0.00628901,0.00628901,0.597119,0.609877,0.0127577,34.3885,34.4395,11,11,0,0.858325,0.855501,0.002824,0,1,1,1
62.4,1620,3,0.007056,0.007056,0.588866,0.606526,0.0176602,34.3555,34.4261,7,7,0,1.0946,1.09316,0.00144,0,1,1,1
62.5,1621,1,0.0230669,0.0230669,0.736973,0.75984,0.0228671,34.9479,35.0394,12,12,0,0.715744,0.787384,0.07164,0,0,0,0
62.5,1621,2,0.0113464,0.0113464,0.617672,0.597119,0.0205529,34.4707,34.3885,11,11,0,0.855501,0.806733,0.048768,0,1,0,0
62.5,1621,3,0.000555381,0.000555381,0.586708,0.588866,0.00215775,34.3468,34.3555,7,7,0,1.09316,1.03148,0.06168,0,1,1,0
62.6,1622,1,0.0195946,0.0195946,0.726161,0.736973,0.0108116,34.9046,34.9479,12,12,0,0.787384,0.736528,0.050856,0,1,1,0
62.6,1622,2,0.0048641,0.0048641,0.610315,0.617672,0.00735676,34.4413,34.4707,11,11,0,0.806733,0.857237,0.050504,0,1,1,0
62.6,1622,3,0.0057487,0.0057487,0.603205,0.586708,0.0164967,34.4128,34.3468,7,7,0,1.03148,1.0512,0.01972,0,1,1,0
62.7,1623,1,0.0193999,0.0193999,0.749548,0.726161,0.0233865,34.9982,34.9046,12,12,0,0.736528,0.674424,0.062104,0,1,0,0
62.7,1623,2,0.010727,0.010727,0.59405,0.610315,0.0162659,34.3762,34.4413,11,11,0,0.857237,0.893901,0.036664,0,1,1,0
62.7,1623,3,0.000813119,0.000813119,0.605435,0.603205,0.00223076,34.4217,34.4128,7,7,0,1.0512,1.08383,0.032632,0,1,1,0
62.8,1624,1,0.000477703,0.000477703,0.750974,0.749548,0.00142646,35.0039,34.9982,12,12,0,0.674424,0.671208,0.003216,0,1,1,1
62.8,1624,2,0.000361294,0.000361294,0.593655,0.59405,0.000394642,34.3746,34.3762,11,11,0,0.893901,0.894669,0.000768,0,1,1,1
62.8,1624,3,1.07661e-05,1.07661e-05,0.605628,0.605435,0.000192165,34.4225,34.4217,7,7,0,1.08383,1.08573,0.001896,0,1,1,1
62.9,1625,1,0.00099973,0.00099973,0.77393,0.750974,0.0229558,35.0957,35.0039,12,12,0,0.671208,0.68292,0.011712,1,1,0,0
62.9,1625,2,0.0119104,0.0119104,0.608674,0.593655,0.0150186,34.4347,34.3746,11,11,0,0.894669,0.817637,0.077032,1,1,1,0
62.9,1625,3,0.00737674,0.00737674,0.581436,0.605628,0.0241918,34.3257,34.4225,7,7,0,1.08573,1.07183,0.013896,1,1,0,0
63,1626,1,0.0404484,0.0404484,0.734365,0.77393,0.039565,34.9375,35.0957,12,12,0,0.68292,0.820792,0.137872,0,0,0,0
63,1626,2,0.00561663,0.00561663,0.599461,0.608674,0.00921202,34.3978,34.4347,11,11,0,0.817637,0.840925,0.023288,0,1,1,0
63,1626,3,0.00107326,0.00107326,0.579624,0.581436,0.00181192,34.3185,34.3257,7,7,0,1.07183,1.03323,0.038608,0,1,1,0
63.1,1627,1,0.0197637,0.0197637,0.724696,0.734365,0.00966871,34.8988,34.9375,12,12,0,0.820792,0.74452,0.076272,0,1,1,0
63.1,1627,2,0.00493946,0.00493946,0.610644,0.599461,0.0111825,34.4426,34.3978,11,11,0,0.840925,0.856421,0.015496,0,1,1,0
63.1,1627,3,0.00605518,0.00605518,0.60364,0.579624,0.0240158,34.4146,34.3185,7,7,0,1.03323,1.06206,0.028832,0,1,0,0
63.2,1628,1,0.0218208,0.0218208,0.755317,0.724696,0.0306208,35.0213,34.8988,12,12,0,0.74452,0.673656,0.070864,0,0,0,0
63.2,1628,2,0.014768,0.014768,0.58936,0.610644,0.0212842,34.3574,34.4426,11,11,0,0.856421,0.903021,0.0466,0,1,0,0
63.2,1628,3,0.000248291,0.000248291,0.605628,0.60364,0.00198787,34.4225,34.4146,7,7,0,1.06206,1.08573,0.023672,0,1,1,0
63.3,1629,1,0.00167115,0.00167115,0.773352,0.755317,0.0180354,35.0934,35.0213,12,12,0,0.673656,0.68408,0.010424,0,1,1,0
63.3,1629,2,0.0126996,0.0126996,0.605464,0.58936,0.0161045,34.4219,34.3574,11,11,0,0.903021,0.834733,0.068288,0,1,1,0
63.3,1629,3,0.00741038,0.00741038,0.58161,0.605628,0.0240176,34.3264,34.4225,7,7,0,1.08573,1.07531,0.010424,0,1,0,0
63.4,1630,1,0.0381334,0.0381334,0.736459,0.773352,0.0368932,34.9458,35.0934,12,12,0,0.68408,0.791368,0.107288,0,0,0,0
63.4,1630,2,0.00359677,0.00359677,0.612574,0.605464,0.00710946,34.4503,34.4219,11,11,0,0.834733,0.825525,0.009208,0,1,1,1
63.4,1630,3,0.00115518,0.00115518,0.579558,0.58161,0.00205171,34.3182,34.3264,7,7,0,1.07531,1.03148,0.043824,0,1,1,0
63.5,1631,1,0.0115588,0.0115588,0.724341,0.736459,0.012118,34.8974,34.9458,12,12,0,0.791368,0.767744,0.023624,0,1,1,0
63.5,1631,2,0.00546751,0.00546751,0.602009,0.612574,0.0105646,34.408,34.4503,11,11,0,0.825525,0.877501,0.051976,0,1,1,0
63.5,1631,3,0.00563783,0.00563783,0.60335,0.579558,0.0237916,34.4134,34.3182,7,7,0,1.03148,1.05483,0.023344,0,1,0,0
63.6,1632,1,0.027555,0.027555,0.754367,0.724341,0.030026,35.0175,34.8974,12,12,0,0.767744,0.675896,0.091848,0,0,0,0
63.6,1632,2,0.000673726,0.000673726,0.603193,0.602009,0.0011844,34.4128,34.408,11,11,0,0.877501,0.874797,0.002704,0,1,1,1
63.6,1632,3,0.000576265,0.000576265,0.606359,0.60335,0.0030092,34.4254,34.4134,7,7,0,1.05483,1.09295,0.038128,0,1,1,0
63.7,1633,1,0.00130429,0.00130429,0.777941,0.754367,0.0235735,35.1118,35.0175,12,12,0,0.675896,0.687296,0.0114,0,1,0,0
63.7,1633,2,0.00330886,0.00330886,0.610171,0.603193,0.00697762,34.4407,34.4128,11,11,0,0.874797,0.831685,0.043112,0,1,1,0
63.7,1633,3,0.00718176,0.00718176,0.580954,0.606359,0.0254055,34.3238,34.4254,7,7,0,1.09295,1.0627,0.030256,0,1,0,0
63.8,1634,1,0.0402107,0.0402107,0.740678,0.777941,0.0372621,34.9627,35.1118,12,12,0,0.687296,0.787384,0.100088,0,0,0,0
63.8,1634,2,0.00392842,0.00392842,0.603032,0.610171,0.00713956,34.4121,34.4407,11,11,0,0.831685,0.849629,0.017944,0,1,1,0
63.8,1634,3,0.00066746,0.00066746,0.579966,0.580954,0.000987411,34.3199,34.3238,7,7,0,1.0627,1.04234,0.02036,0,1,1,0
63.9,1635,1,0.00601732,0.00601732,0.66488,0.740678,0.0757985,34.6595,34.9627,12,12,0,0.787384,0.77732,0.010064,0,1,0,0
63.9,1635,2,0.00607649,0.00607649,0.595043,0.603032,0.00798845,34.3802,34.4121,11,11,0,0.849629,0.891965,0.042336,0,1,1,0
63.9,1635,3,0.00575306,0.00575306,0.603205,0.579966,0.0232385,34.4128,34.3199,7,7,0,1.04234,1.0512,0.008864,0,1,0,0
64,1636,1,0.0561409,0.0561409,0.712397,0.66488,0.0475165,34.8496,34.6595,12,12,0,0.77732,0.661752,0.115568,0,0,0,0
64,1636,2,0.0133501,0.0133501,0.618267,0.595043,0.0232241,34.4731,34.3802,11,11,0,0.891965,0.837341,0.054624,0,1,0,0
64,1636,3,0.000813067,0.000813067,0.605437,0.603205,0.00223231,34.4217,34.4128,7,7,0,1.0512,1.08385,0.032648,0,1,1,0
64.1,1637,1,0.0223299,0.0223299,0.752184,0.712397,0.0397879,35.0087,34.8496,12,12,0,0.661752,0.68088,0.019128,0,0,0,0
64.1,1637,2,0.00841263,0.00841263,0.60061,0.618267,0.0176576,34.4024,34.4731,11,11,0,0.837341,0.880629,0.043288,0,1,1,0
64.1,1637,3,0.000408404,0.000408404,0.603522,0.605437,0.00191456,34.4141,34.4217,7,7,0,1.08385,1.05913,0.02472,0,1,1,0
64.2,1638,1,0.0179222,0.0179222,0.76199,0.752184,0.0098052,35.048,35.0087,12,12,0,0.68088,0.724288,0.043408,0,1,1,0
64.2,1638,2,0.000635631,0.000635631,0.601873,0.60061,0.00126386,34.4075,34.4024,11,11,0,0.880629,0.852461,0.028168,0,1,1,0
64.2,1638,3,0.00592844,0.00592844,0.587138,0.603522,0.0163842,34.3486,34.4141,7,7,0,1.05913,1.06557,0.00644,0,1,1,1
64.3,1639,1,0.0244435,0.0244435,0.74449,0.76199,0.0174991,34.978,35.048,12,12,0,0.724288,0.786184,0.061896,0,0,1,0
64.3,1639,2,0.00320885,0.00320885,0.608184,0.601873,0.00631088,34.4327,34.4075,11,11,0,0.852461,0.836757,0.015704,0,1,1,0
64.3,1639,3,0.000283711,0.000283711,0.586743,0.587138,0.00039494,34.347,34.3486,7,7,0,1.06557,1.03321,0.03236,0,1,1,0
64.4,1640,1,0.0196291,0.0196291,0.727711,0.74449,0.0167791,34.9108,34.978,12,12,0,0.786184,0.74964,0.036544,0,1,1,0
64.4,1640,2,0.00303709,0.00303709,0.601426,0.608184,0.00675851,34.4057,34.4327,11,11,0,0.836757,0.870597,0.03384,0,1,1,0
64.4,1640,3,0.00457768,0.00457768,0.603205,0.586743,0.016462,34.4128,34.347,7,7,0,1.03321,1.03053,0.00268,0,1,1,1
64.5,1641,1,0.0196205,0.0196205,0.748451,0.727711,0.0207396,34.9938,34.9108,12,12,0,0.74964,0.689432,0.060208,0,1,0,0
64.5,1641,2,0.000166409,0.000166409,0.601042,0.601426,0.000383615,34.4042,34.4057,11,11,0,0.870597,0.871533,0.000936,0,1,1,1
64.5,1641,3,0.000877187,0.000877187,0.603135,0.603205,7.06315e-05,34.4125,34.4128,7,7,0,1.03053,1.04503,0.014496,0,1,1,0
64.6,1642,1,0.00619716,0.00619716,0.757027,0.748451,0.00857621,35.0281,34.9938,12,12,0,0.689432,0.66888,0.020552,0,1,1,0
64.6,1642,2,0.00208755,0.00208755,0.605836,0.601042,0.00479341,34.4233,34.4042,11,11,0,0.871533,0.859789,0.011744,0,1,1,0
64.6,1642,3,0.000311367,0.000311367,0.603172,0.603135,3.76105e-05,34.4127,34.4125,7,7,0,1.04503,1.05039,0.005368,0,1,1,1
64.7,1643,1,0.0287703,0.0287703,0.760585,0.757027,0.00355774,35.0423,35.0281,12,12,0,0.66888,0.742256,0.073376,0,0,1,0
64.7,1643,2,0.0022551,0.0022551,0.6015,0.605836,0.00433564,34.406,34.4233,11,11,0,0.859789,0.853373,0.006416,0,1,1,1
64.7,1643,3,0.00546886,0.00546886,0.58735,0.603172,0.015822,34.3494,34.4127,7,7,0,1.05039,1.06919,0.0188,0,1,1,0
64.8,1644,1,0.00926978,0.00926978,0.75237,0.760585,0.00821465,35.0095,35.0423,12,12,0,0.742256,0.762728,0.020472,0,1,1,0
64.8,1644,2,0.00316974,0.00316974,0.594286,0.6015,0.00721425,34.3771,34.406,11,11,0,0.853373,0.870573,0.0172,0,1,1,0
64.8,1644,3,0.00023859,0.00023859,0.586708,0.58735,0.0006423,34.3468,34.3494,7,7,0,1.06919,1.03148,0.037712,0,1,1,0
64.9,1645,1,0.0131574,0.0131574,0.717375,0.75237,0.034995,34.8695,35.0095,12,12,0,0.762728,0.732232,0.030496,0,1,0,0
64.9,1645,2,0.00236753,0.00236753,0.599648,0.594286,0.00536257,34.3986,34.3771,11,11,0,0.870573,0.857885,0.012688,0,1,1,0
64.9,1645,3,5.92768e-05,5.92768e-05,0.586743,0.586708,3.5584e-05,34.347,34.3468,7,7,0,1.03148,1.03323,0.001744,0,1,1,1
65,1646,1,0.00981101,0.00981101,0.665149,0.717375,0.0522261,34.6606,34.8695,12,12,0,0.732232,0.770792,0.03856,0,1,0,0
65,1646,2,0.00279436,0.00279436,0.594699,0.599648,0.00494945,34.3788,34.3986,11,11,0,0.857885,0.885661,0.027776,0,1,1,0
65,1646,3,0.00224015,0.00224015,0.597848,0.586743,0.0111049,34.3914,34.347,7,7,0,1.03323,1.02515,0.008072,0,1,1,1
65.1,1647,1,0.0256672,0.0256672,0.684221,0.665149,0.0190723,34.7369,34.6606,12,12,0,0.770792,0.705232,0.06556,0,0,1,0
65.1,1647,2,0.00320596,0.00320596,0.599976,0.594699,0.00527734,34.3999,34.3788,11,11,0,0.885661,0.874013,0.011648,0,1,1,0
65.1,1647,3,0.00142226,0.00142226,0.597733,0.597848,0.000115514,34.3909,34.3914,7,7,0,1.02515,1.04865,0.023496,0,1,1,0
65.2,1648,1,0.00127046,0.00127046,0.685279,0.684221,0.00105745,34.7411,34.7369,12,12,0,0.705232,0.703168,0.002064,0,1,1,1
65.2,1648,2,0.00675009,0.00675009,0.589379,0.599976,0.0105969,34.3575,34.3999,11,11,0,0.874013,0.896837,0.022824,0,1,1,0
65.2,1648,3,0.00011383,0.00011383,0.597742,0.597733,9.23872e-06,34.391,34.3909,7,7,0,1.04865,1.04677,0.00188,0,1,1,1
65.3,1649,1,0.00477722,0.00477722,0.746644,0.685279,0.0613655,34.9866,34.7411,12,12,0,0.703168,0.680184,0.022984,0,1,0,0
65.3,1649,2,0.00622177,0.00622177,0.59911,0.589379,0.0097307,34.3964,34.3575,11,11,0,0.896837,0.875933,0.020904,0,1,1,0
65.3,1649,3,0.000105515,0.000105515,0.597751,0.597742,8.58307e-06,34.391,34.391,7,7,0,1.04677,1.04503,0.001744,0,1,1,1
65.4,1650,1,0.00965122,0.00965122,0.735618,0.746644,0.011026,34.9425,34.9866,12,12,0,0.680184,0.70524,0.025056,0,1,1,0
65.4,1650,2,0.00886177,0.00886177,0.585665,0.59911,0.0134448,34.3427,34.3964,11,11,0,0.875933,0.904037,0.028104,0,1,1,0
65.4,1650,3,0.000113823,0.000113823,0.59776,0.597751,9.23872e-06,34.391,34.391,7,7,0,1.04503,1.04315,0.00188,0,1,1,1
65.5,1651,1,0.00960631,0.00960631,0.746573,0.735618,0.0109547,34.9863,34.9425,12,12,0,0.70524,0.68032,0.02492,0,1,1,0
65.5,1651,2,0.0018921,0.0018921,0.588329,0.585665,0.00266433,34.3533,34.3427,11,11,0,0.904037,0.898877,0.00516,0,1,1,1
65.5,1651,3,0.000771843,0.000771843,0.597697,0.59776,6.27637e-05,34.3908,34.391,7,7,0,1.04315,1.0559,0.012752,0,1,1,0
65.6,1652,1,0.000338126,0.000338126,0.742431,0.746573,0.00414175,34.9697,34.9863,12,12,0,0.68032,0.678832,0.001488,0,1,1,1
65.6,1652,2,0.00918677,0.00918677,0.603643,0.588329,0.015314,34.4146,34.3533,11,11,0,0.898877,0.865173,0.033704,0,1,1,0
65.6,1652,3,0.00065802,0.00065802,0.597751,0.597697,5.3525e-05,34.391,34.3908,7,7,0,1.0559,1.04503,0.010872,0,1,1,0
65.7,1653,1,0.00171372,0.00171372,0.734867,0.742431,0.00756478,34.9395,34.9697,12,12,0,0.678832,0.68356,0.004728,0,1,1,1
65.7,1653,2,0.00187592,0.00187592,0.599669,0.603643,0.00397402,34.3987,34.4146,11,11,0,0.865173,0.874693,0.00952,0,1,1,1
65.7,1653,3,0.000105515,0.000105515,0.597742,0.597751,8.58307e-06,34.391,34.391,7,7,0,1.04503,1.04677,0.001744,0,1,1,1
65.8,1654,1,5.54267e-05,5.54267e-05,0.734958,0.734867,9.14335e-05,34.9398,34.9395,12,12,0,0.68356,0.683392,0.000168,1,1,1,1
65.8,1654,2,0.00801478,0.00801478,0.58734,0.599669,0.0123299,34.3494,34.3987,11,11,0,0.874693,0.900797,0.026104,1,1,1,0
65.8,1654,3,0.00189901,0.00189901,0.592294,0.597742,0.00544786,34.3692,34.391,7,7,0,1.04677,1.04865,0.00188,1,1,1,1
65.9,1655,1,0.000137303,0.000137303,0.735184,0.734958,0.000226319,34.9407,34.9398,12,12,0,0.683392,0.682976,0.000416,0,1,1,1
65.9,1655,2,0.000422329,0.000422329,0.587934,0.58734,0.000594079,34.3517,34.3494,11,11,0,0.900797,0.899645,0.001152,0,1,1,1
65.9,1655,3,0,0,0.592294,0.592294,0,34.3692,34.3692,7,7,0,1.04865,1.04865,0,0,1,1,1
66,1656,1,0.00452957,0.00452957,0.746976,0.735184,0.0117922,34.9879,34.9407,12,12,0,0.682976,0.657936,0.02504,1,1,1,0
66,1656,2,0.00783903,0.00783903,0.600074,0.587934,0.0121399,34.4003,34.3517,11,11,0,0.899645,0.873797,0.025848,1,1,1,0
66,1656,3,0.00011377,0.00011377,0.592304,0.592294,9.35793e-06,34.3692,34.3692,7,7,0,1.04865,1.04677,0.00188,1,1,1,1
66.1,1657,1,0.00466687,0.00466687,0.734958,0.746976,0.0120185,34.9398,34.9879,12,12,0,0.657936,0.683392,0.025456,0,1,1,0
66.1,1657,2,0.0101357,0.0101357,0.58901,0.600074,0.0110635,34.356,34.4003,11,11,0,0.873797,0.903701,0.029904,0,1,1,0
66.1,1657,3,0.000105619,0.000105619,0.592312,0.592304,8.64267e-06,34.3692,34.3692,7,7,0,1.04677,1.04503,0.001744,0,1,1,1
66.2,1658,1,0.000381097,0.000381097,0.73055,0.734958,0.00440842,34.9222,34.9398,12,12,0,0.683392,0.682224,0.001168,0,1,1,1
66.2,1658,2,0.0123919,0.0123919,0.604661,0.58901,0.0156515,34.4186,34.356,11,11,0,0.903701,0.871197,0.032504,0,1,1,0
66.2,1658,3,0.000658229,0.000658229,0.592258,0.592312,5.40614e-05,34.369,34.3692,7,7,0,1.04503,1.0559,0.010872,0,1,1,0
66.3,1659,1,0.000138052,0.000138052,0.730847,0.73055,0.00029701,34.9234,34.9222,12,12,0,0.682224,0.681648,0.000576,0,1,1,1
66.3,1659,2,0.00998131,0.00998131,0.592152,0.604661,0.0125096,34.3686,34.4186,11,11,0,0.871197,0.897589,0.026392,0,1,1,0
66.3,1659,3,0.000772066,0.000772066,0.592322,0.592258,6.34193e-05,34.3693,34.369,7,7,0,1.0559,1.04315,0.012752,0,1,1,0
66.4,1660,1,0.0010584,0.0010584,0.728563,0.730847,0.00228399,34.9143,34.9234,12,12,0,0.681648,0.686064,0.004416,0,1,1,1
66.4,1660,2,0.00927749,0.00927749,0.603046,0.592152,0.0108945,34.4122,34.3686,11,11,0,0.897589,0.875157,0.022432,0,1,1,0
66.4,1660,3,0.000771567,0.000771567,0.592258,0.592322,6.33597e-05,34.369,34.3693,7,7,0,1.04315,1.05589,0.012744,0,1,1,0
66.5,1661,1,0.00159334,0.00159334,0.731931,0.728563,0.00336844,34.9277,34.9143,12,12,0,0.686064,0.679536,0.006528,0,1,1,1
66.5,1661,2,0.00988347,0.00988347,0.591488,0.603046,0.0115588,34.366,34.4122,11,11,0,0.875157,0.898877,0.02372,0,1,1,0
66.5,1661,3,0.00065773,0.00065773,0.592312,0.592258,5.40018e-05,34.3692,34.369,7,7,0,1.05589,1.04503,0.010864,0,1,1,0
66.6,1662,1,0.00382715,0.00382715,0.742966,0.731931,0.0110345,34.9719,34.9277,12,12,0,0.679536,0.65588,0.023656,0,1,1,0
66.6,1662,2,0.00129982,0.00129982,0.589718,0.591488,0.00177014,34.3589,34.366,11,11,0,0.898877,0.902325,0.003448,0,1,1,1
66.6,1662,3,0.000105619,0.000105619,0.592304,0.592312,8.64267e-06,34.3692,34.3692,7,7,0,1.04503,1.04677,0.001744,0,1,1,1
66.7,1663,1,0.00593425,0.00593425,0.727478,0.742966,0.0154878,34.9099,34.9719,12,12,0,0.65588,0.688128,0.032248,0,1,1,0
66.7,1663,2,0.0110049,0.0110049,0.602713,0.589718,0.0129954,34.4109,34.3589,11,11,0,0.902325,0.875933,0.026392,0,1,1,0
66.7,1663,3,0.00011377,0.00011377,0.592294,0.592304,9.35793e-06,34.3692,34.3692,7,7,0,1.04677,1.04865,0.00188,0,1,1,1
66.8,1664,1,0.00289258,0.00289258,0.734413,0.727478,0.00693482,34.9377,34.9099,12,12,0,0.688128,0.674248,0.01388,0,1,1,0
66.8,1664,2,0.00834638,0.00834638,0.592976,0.602713,0.0097369,34.3719,34.4109,11,11,0,0.875933,0.895989,0.020056,0,1,1,0
66.8,1664,3,0,0,0.592294,0.592294,0,34.3692,34.3692,7,7,0,1.04865,1.04865,0,0,1,1,1
66.9,1665,1,0.0028879,0.0028879,0.727487,0.734413,0.00692594,34.9099,34.9377,12,12,0,0.674248,0.688112,0.013864,0,1,1,0
66.9,1665,2,0.0103005,0.0103005,0.607112,0.592976,0.0141361,34.4284,34.3719,11,11,0,0.895989,0.865165,0.030824,0,1,1,0
66.9,1665,3,0.00011377,0.00011377,0.592304,0.592294,9.35793e-06,34.3692,34.3692,7,7,0,1.04865,1.04677,0.00188,0,1,1,1
67,1666,1,0.000798589,0.000798589,0.729189,0.727487,0.00170237,34.9168,34.9099,12,12,0,0.688112,0.684856,0.003256,0,1,1,1
67,1666,2,0.0148928,0.0148928,0.587002,0.607112,0.02011,34.348,34.4284,11,11,0,0.865165,0.907597,0.042432,0,1,0,0
67,1666,3,0.000105619,0.000105619,0.592312,0.592304,8.64267e-06,34.3692,34.3692,7,7,0,1.04677,1.04503,0.001744,0,1,1,1
67.1,1667,1,0.0065273,0.0065273,0.745226,0.729189,0.0160373,34.9809,34.9168,12,12,0,0.684856,0.651312,0.033544,0,1,1,0
67.1,1667,2,0.0140498,0.0140498,0.605186,0.587002,0.0181837,34.4207,34.348,11,11,0,0.907597,0.869909,0.037688,0,1,1,0
67.1,1667,3,0.000324979,0.000324979,0.592286,0.592312,2.66433e-05,34.3691,34.3692,7,7,0,1.04503,1.05039,0.005368,0,1,1,1
67.2,1668,1,0.0055705,0.0055705,0.73125,0.745226,0.0139759,34.925,34.9809,12,12,0,0.651312,0.680864,0.029552,0,1,1,0
67.2,1668,2,0.00999187,0.00999187,0.592391,0.605186,0.0127947,34.3696,34.4207,11,11,0,0.869909,0.897125,0.027216,0,1,1,0
67.2,1668,3,0.00010559,0.00010559,0.592294,0.592286,8.64267e-06,34.3692,34.3691,7,7,0,1.05039,1.04865,0.001744,0,1,1,1
67.3,1669,1,0.00124821,0.00124821,0.728558,0.73125,0.00269186,34.9142,34.925,12,12,0,0.680864,0.686072,0.005208,0,1,1,1
67.3,1669,2,0.00897986,0.00897986,0.602874,0.592391,0.0104832,34.4115,34.3696,11,11,0,0.897125,0.875573,0.021552,0,1,1,0
67.3,1669,3,0.000438839,0.000438839,0.592258,0.592294,3.60608e-05,34.369,34.3692,7,7,0,1.04865,1.0559,0.007248,0,1,1,1
67.4,1670,1,0.000251159,0.000251159,0.729102,0.728558,0.000543475,34.9164,34.9142,12,12,0,0.686072,0.685024,0.001048,0,1,1,1
67.4,1670,2,0.0117349,0.0117349,0.588833,0.602874,0.0140412,34.3553,34.4115,11,11,0,0.875573,0.904045,0.028472,0,1,1,0
67.4,1670,3,0.000658229,0.000658229,0.592312,0.592258,5.40614e-05,34.3692,34.369,7,7,0,1.0559,1.04503,0.010872,0,1,1,0
67.5,1671,1,0.000394961,0.000394961,0.729955,0.729102,0.000852764,34.9198,34.9164,12,12,0,0.685024,0.683376,0.001648,0,1,1,1
67.5,1671,2,0.0128977,0.0128977,0.605531,0.588833,0.0166975,34.4221,34.3553,11,11,0,0.904045,0.869061,0.034984,0,1,1,0
67.5,1671,3,0.000105619,0.000105619,0.592304,0.592312,8.64267e-06,34.3692,34.3692,7,7,0,1.04503,1.04677,0.001744,0,1,1,1
67.6,1672,1,4.41037e-05,4.41037e-05,0.72986,0.729955,9.50098e-05,34.9194,34.9198,12,12,0,0.683376,0.68356,0.000184,0,1,1,1
67.6,1672,2,0.0100109,0.0100109,0.592535,0.605531,0.0129953,34.3701,34.4221,11,11,0,0.869061,0.896845,0.027784,0,1,1,0
67.6,1672,3,0.00011377,0.00011377,0.592294,0.592304,9.35793e-06,34.3692,34.3692,7,7,0,1.04677,1.04865,0.00188,0,1,1,1
67.7,1673,1,0.00704568,0.00704568,0.74656,0.72986,0.0167007,34.9862,34.9194,12,12,0,0.68356,0.6486,0.03496,0,1,1,0
67.7,1673,2,0.00509366,0.00509366,0.585728,0.592535,0.00680691,34.3429,34.3701,11,11,0,0.896845,0.910061,0.013216,0,1,1,0
67.7,1673,3,0,0,0.592294,0.592294,0,34.3692,34.3692,7,7,0,1.04865,1.04865,0,0,1,1,1
67.8,1674,1,0.00764198,0.00764198,0.728571,0.74656,0.0179895,34.9143,34.9862,12,12,0,0.6486,0.686048,0.037448,0,1,1,0
67.8,1674,2,0.015433,0.015433,0.606281,0.585728,0.020553,34.4251,34.3429,11,11,0,0.910061,0.867213,0.042848,0,1,0,0
67.8,1674,3,0.00011377,0.00011377,0.592304,0.592294,9.35793e-06,34.3692,34.3692,7,7,0,1.04865,1.04677,0.00188,0,1,1,1
67.9,1675,1,0.00159189,0.00159189,0.731939,0.728571,0.00336766,34.9278,34.9143,12,12,0,0.686048,0.67952,0.006528,0,1,1,1
67.9,1675,2,0.0115135,0.0115135,0.594157,0.606281,0.0121247,34.3766,34.4251,11,11,0,0.867213,0.899869,0.032656,0,1,1,0
67.9,1675,3,0.000106126,0.000106126,0.592312,0.592304,8.70228e-06,34.3692,34.3692,7,7,0,1.04677,1.04502,0.001752,0,1,1,1
68,1676,1,0.00148068,0.00148068,0.728812,0.731939,0.00312686,34.9152,34.9278,12,12,0,0.67952,0.685584,0.006064,0,1,1,1
68,1676,2,0.0150139,0.0150139,0.613807,0.594157,0.0196502,34.4552,34.3766,11,11,0,0.899869,0.857061,0.042808,0,1,1,0
68,1676,3,0.000325486,0.000325486,0.592286,0.592312,2.67029e-05,34.3691,34.3692,7,7,0,1.04502,1.05039,0.005376,0,1,1,1
68.1,1677,1,0.00153769,0.00153769,0.732119,0.728812,0.0033077,34.9285,34.9152,12,12,0,0.685584,0.679136,0.006448,0,1,1,1
68.1,1677,2,0.0013741,0.0013741,0.610703,0.613807,0.00310433,34.4428,34.4552,11,11,0,0.857061,0.864797,0.007736,0,1,1,1
68.1,1677,3,0.00010559,0.00010559,0.592294,0.592286,8.64267e-06,34.3692,34.3691,7,7,0,1.05039,1.04865,0.001744,0,1,1,1
68.2,1678,1,0.00133329,0.00133329,0.736318,0.732119,0.00419825,34.9453,34.9285,12,12,0,0.679136,0.67016,0.008976,1,1,1,1
68.2,1678,2,0.00417563,0.00417563,0.604395,0.610703,0.00630724,34.4176,34.4428,11,11,0,0.864797,0.879741,0.014944,1,1,1,0
68.2,1678,3,0.000438839,0.000438839,0.592258,0.592294,3.60608e-05,34.369,34.3692,7,7,0,1.04865,1.0559,0.007248,1,1,1,1
68.3,1679,1,0.00167025,0.00167025,0.731382,0.736318,0.0049355,34.9255,34.9453,12,12,0,0.67016,0.680608,0.010448,0,1,1,0
68.3,1679,2,0.0066622,0.0066622,0.616307,0.604395,0.0119114,34.4652,34.4176,11,11,0,0.879741,0.850797,0.028944,0,1,1,0
68.3,1679,3,0.000662796,0.000662796,0.6163,0.592258,0.0240417,34.4652,34.369,7,7,0,1.0559,1.04503,0.010872,0,1,0,0
68.4,1680,1,0.00873111,0.00873111,0.749953,0.731382,0.018571,34.9998,34.9255,12,12,0,0.680608,0.641696,0.038912,0,1,1,0
68.4,1680,2,0.00451558,0.00451558,0.607107,0.616307,0.00919956,34.4284,34.4652,11,11,0,0.850797,0.873733,0.022936,0,1,1,0
68.4,1680,3,9.97186e-05,9.97186e-05,0.61635,0.6163,4.97699e-05,34.4654,34.4652,7,7,0,1.04503,1.04677,0.001744,0,1,1,1
68.5,1681,1,0.00629614,0.00629614,0.703429,0.749953,0.046524,34.8137,34.9998,12,11,-1,0.641696,0.771645,0.129949,0,1,0,0
68.5,1681,2,0.00436635,0.00436635,0.615972,0.607107,0.008865,34.4639,34.4284,11,11,0,0.873733,0.851637,0.022096,0,1,1,0
68.5,1681,3,0.0352373,0.0352373,0.56764,0.61635,0.0487099,34.2706,34.4654,7,8,1,1.04677,0.826101,0.220669,0,0,0,0
68.6,1682,1,0.00777614,0.00777614,0.720082,0.703429,0.0166527,34.8803,34.8137,11,11,0,0.771645,0.777677,0.006032,0,1,1,1
68.6,1682,2,0.0063137,0.0063137,0.604609,0.615972,0.0113633,34.4184,34.4639,11,11,0,0.851637,0.879317,0.02768,0,1,1,0
68.6,1682,3,0.0101896,0.0101896,0.575303,0.56764,0.00766355,34.3012,34.2706,8,8,0,0.826101,0.892813,0.066712,0,1,1,0
68.7,1683,1,0.0160711,0.0160711,0.715407,0.720082,0.00467515,34.8616,34.8803,11,11,0,0.777677,0.753381,0.024296,0,1,1,0
68.7,1683,2,0.00517304,0.00517304,0.613819,0.604609,0.00921017,34.4553,34.4184,11,11,0,0.879317,0.848509,0.030808,0,1,1,0
68.7,1683,3,0.0223877,0.0223877,0.592193,0.575303,0.0168897,34.3688,34.3012,8,8,0,0.892813,0.887309,0.005504,0,0,1,0
68.8,1684,1,0.011974,0.011974,0.698994,0.715407,0.016413,34.796,34.8616,11,11,0,0.753381,0.777653,0.024272,0,1,1,0
68.8,1684,2,0.00348078,0.00348078,0.605921,0.613819,0.00789839,34.4237,34.4553,11,11,0,0.848509,0.868101,0.019592,0,1,1,0
68.8,1684,3,0.00186215,0.00186215,0.592469,0.592193,0.000276327,34.3699,34.3688,8,8,0,0.887309,0.896437,0.009128,0,1,1,1
68.9,1685,1,0.00516305,0.00516305,0.705423,0.698994,0.0064289,34.8217,34.796,11,11,0,0.777653,0.768757,0.008896,0,1,1,1
68.9,1685,2,0.00253297,0.00253297,0.61168,0.605921,0.00575924,34.4467,34.4237,11,11,0,0.868101,0.853845,0.014256,0,1,1,0
68.9,1685,3,0.000805192,0.000805192,0.592288,0.592469,0.000181317,34.3692,34.3699,8,8,0,0.896437,0.892813,0.003624,0,1,1,1
69,1686,1,0.00627658,0.00627658,0.697469,0.705423,0.00795364,34.7899,34.8217,11,11,0,0.768757,0.779853,0.011096,0,1,1,0
69,1686,2,0.00415905,0.00415905,0.602397,0.61168,0.00928295,34.4096,34.4467,11,11,0,0.853845,0.876637,0.022792,0,1,1,0
69,1686,3,0.000383906,0.000383906,0.592374,0.592288,8.64863e-05,34.3695,34.3692,8,8,0,0.892813,0.894541,0.001728,0,1,1,1
69.1,1687,1,0.00775061,0.00775061,0.707608,0.697469,0.0101389,34.8304,34.7899,11,11,0,0.779853,0.765429,0.014424,0,1,1,0
69.1,1687,2,0.00156208,0.00156208,0.605774,0.602397,0.00337744,34.4231,34.4096,11,11,0,0.876637,0.868461,0.008176,0,1,1,1
69.1,1687,3,0.00143468,0.00143468,0.592697,0.592374,0.000322938,34.3708,34.3695,8,8,0,0.894541,0.900997,0.006456,0,1,1,1
69.2,1688,1,0.00938775,0.00938775,0.721209,0.707608,0.0136012,34.8848,34.8304,11,11,0,0.765429,0.744237,0.021192,0,1,1,0
69.2,1688,2,0.0110246,0.0110246,0.591541,0.605774,0.0142331,34.3662,34.4231,11,11,0,0.868461,0.898773,0.030312,0,1,1,0
69.2,1688,3,0.00101339,0.00101339,0.592469,0.592697,0.000228107,34.3699,34.3708,8,8,0,0.900997,0.896437,0.00456,0,1,1,1
69.3,1689,1,0.00776279,0.00776279,0.648753,0.721209,0.0724557,34.595,34.8848,11,11,0,0.744237,0.765429,0.021192,0,1,0,0
69.3,1689,2,0.00380197,0.00380197,0.58627,0.591541,0.0052709,34.3451,34.3662,11,11,0,0.898773,0.909013,0.01024,0,1,1,0
69.3,1689,3,0.000805192,0.000805192,0.592288,0.592469,0.000181317,34.3692,34.3699,8,8,0,0.896437,0.892813,0.003624,0,1,1,1
69.4,1690,1,0.0104348,0.0104348,0.639464,0.648753,0.00928956,34.5579,34.595,11,11,0,0.765429,0.779877,0.014448,0,1,1,0
69.4,1690,2,0.0135896,0.0135896,0.602938,0.58627,0.016668,34.4118,34.3451,11,11,0,0.909013,0.875421,0.033592,0,1,1,0
69.4,1690,3,0.00105695,0.00105695,0.592193,0.592288,9.50098e-05,34.3688,34.3692,8,8,0,0.892813,0.887309,0.005504,0,1,1,1
69.5,1691,1,0.012532,0.012532,0.650579,0.639464,0.0111154,34.6023,34.5579,11,11,0,0.779877,0.762533,0.017344,0,1,1,0
69.5,1691,2,0.00496758,0.00496758,0.596804,0.602938,0.00613451,34.3872,34.4118,11,11,0,0.875421,0.888525,0.013104,0,1,1,0
69.5,1691,3,0.00186037,0.00186037,0.592469,0.592193,0.00027591,34.3699,34.3688,8,8,0,0.887309,0.896429,0.00912,0,1,1,1
69.6,1692,1,0.00544915,0.00544915,0.645792,0.650579,0.0047875,34.5832,34.6023,11,11,0,0.762533,0.770069,0.007536,0,1,1,1
69.6,1692,2,0.00769432,0.00769432,0.60917,0.596804,0.0123662,34.4367,34.3872,11,11,0,0.888525,0.860077,0.028448,0,1,1,0
69.6,1692,3,0.000415988,0.000415988,0.592375,0.592469,9.35793e-05,34.3695,34.3699,8,8,0,0.896429,0.894557,0.001872,0,1,1,1
69.7,1693,1,0.0134066,0.0134066,0.662722,0.645792,0.0169304,34.6509,34.5832,11,11,0,0.770069,0.744661,0.025408,0,1,1,0
69.7,1693,2,0.00920278,0.00920278,0.595162,0.60917,0.0140082,34.3806,34.4367,11,11,0,0.860077,0.891733,0.031656,0,1,1,0
69.7,1693,3,0.000387423,0.000387423,0.592288,0.592375,8.73208e-05,34.3692,34.3695,8,8,0,0.894557,0.892813,0.001744,0,1,1,1
69.8,1694,1,0.0170017,0.0170017,0.650919,0.662722,0.0118028,34.6037,34.6509,11,11,0,0.744661,0.774805,0.030144,0,1,1,0
69.8,1694,2,0.0114721,0.0114721,0.61389,0.595162,0.0187281,34.4556,34.3806,11,11,0,0.891733,0.856853,0.03488,0,1,1,0
69.8,1694,3,0.000805192,0.000805192,0.592469,0.592288,0.000181317,34.3699,34.3692,8,8,0,0.892813,0.896437,0.003624,0,1,1,1
69.9,1695,1,0.00868024,0.00868024,0.658698,0.650919,0.00777912,34.6348,34.6037,11,11,0,0.774805,0.762493,0.012312,0,1,1,0
69.9,1695,2,0.00996342,0.00996342,0.599683,0.61389,0.0142071,34.3987,34.4556,11,11,0,0.856853,0.889053,0.0322,0,1,1,0
69.9,1695,3,0.00101339,0.00101339,0.592697,0.592469,0.000228107,34.3708,34.3699,8,8,0,0.896437,0.900997,0.00456,0,1,1,1
70,1696,1,0.0117998,0.0117998,0.648175,0.658698,0.010524,34.5927,34.6348,11,11,0,0.762493,0.779125,0.016632,0,1,1,0
70,1696,2,0.0102362,0.0102362,0.614504,0.599683,0.0148211,34.458,34.3987,11,11,0,0.889053,0.855317,0.033736,0,1,1,0
70,1696,3,0.00181858,0.00181858,0.592288,0.592697,0.000409424,34.3692,34.3708,8,8,0,0.900997,0.892813,0.008184,0,1,1,1
70.1,1697,1,0.0229751,0.0229751,0.676011,0.648175,0.0278364,34.704,34.5927,11,11,0,0.779125,0.736325,0.0428,0,0,0,0
70.1,1697,2,0.00997668,0.00997668,0.599963,0.614504,0.0145407,34.3999,34.458,11,11,0,0.855317,0.888501,0.033184,0,1,1,0
70.1,1697,3,0.00105695,0.00105695,0.592193,0.592288,9.50098e-05,34.3688,34.3692,8,8,0,0.892813,0.887309,0.005504,0,1,1,1
70.2,1698,1,0.0195551,0.0195551,0.651183,0.676011,0.0248281,34.6047,34.704,11,11,0,0.736325,0.774389,0.038064,0,1,0,0
70.2,1698,2,0.00913554,0.00913554,0.612608,0.599963,0.0126451,34.4504,34.3999,11,11,0,0.888501,0.860053,0.028448,0,1,1,0
70.2,1698,3,0.00347305,0.00347305,0.592832,0.592193,0.000638843,34.3713,34.3688,8,8,0,0.887309,0.903685,0.016376,0,1,1,0
70.3,1699,1,0.00517694,0.00517694,0.655697,0.651183,0.00451422,34.6228,34.6047,11,11,0,0.774389,0.767221,0.007168,0,1,1,1
70.3,1699,2,0.00154868,0.00154868,0.616093,0.612608,0.00348473,34.4644,34.4504,11,11,0,0.860053,0.851333,0.00872,0,1,1,1
70.3,1699,3,0.0016109,0.0016109,0.592469,0.592832,0.000362515,34.3699,34.3713,8,8,0,0.903685,0.896437,0.007248,0,1,1,1
70.4,1700,1,0.0049343,0.0049343,0.651395,0.655697,0.00430155,34.6056,34.6228,11,11,0,0.767221,0.774053,0.006832,1,1,1,1
70.4,1700,2,0.0135283,0.0135283,0.596882,0.616093,0.0192112,34.3875,34.4644,11,11,0,0.851333,0.894549,0.043216,1,1,1,0
70.4,1700,3,0.00254724,0.00254724,0.592142,0.592469,0.00032717,34.3686,34.3699,8,8,0,0.896437,0.883685,0.012752,1,1,1,0
70.5,1701,1,0.0142606,0.0142606,0.668055,0.651395,0.0166591,34.6722,34.6056,11,11,0,0.774053,0.748645,0.025408,0,1,1,0
70.5,1701,2,0.0128194,0.0128194,0.614501,0.596882,0.0176189,34.458,34.3875,11,11,0,0.894549,0.855325,0.039224,0,1,1,0
70.5,1701,3,0.00254724,0.00254724,0.592469,0.592142,0.00032717,34.3699,34.3686,8,8,0,0.883685,0.896437,0.012752,0,1,1,0
70.6,1702,1,0.0077025,0.0077025,0.657103,0.668055,0.0109513,34.6284,34.6722,11,11,0,0.748645,0.764973,0.016328,0,1,1,0
70.6,1702,2,0.0073881,0.0073881,0.602752,0.614501,0.0117485,34.411,34.458,11,11,0,0.855325,0.882997,0.027672,0,1,1,0
70.6,1702,3,0.00229767,0.00229767,0.592161,0.592469,0.000308633,34.3686,34.3699,8,8,0,0.896437,0.885005,0.011432,0,1,1,0
70.7,1703,1,0.000704946,0.000704946,0.657712,0.657103,0.0006091,34.6308,34.6284,11,11,0,0.764973,0.763997,0.000976,0,1,1,1
70.7,1703,2,0.00654976,0.00654976,0.612612,0.602752,0.00985938,34.4504,34.411,11,11,0,0.882997,0.860045,0.022952,0,1,1,0
70.7,1703,3,0.00173698,0.00173698,0.596256,0.592161,0.00409567,34.385,34.3686,8,8,0,0.885005,0.877837,0.007168,0,1,1,1
70.8,1704,1,0.0101515,0.0101515,0.648857,0.657712,0.00885504,34.5954,34.6308,11,11,0,0.763997,0.778053,0.014056,0,1,1,0
70.8,1704,2,0.00913695,0.00913695,0.599963,0.612612,0.0126483,34.3999,34.4504,11,11,0,0.860045,0.888501,0.028456,0,1,1,0
70.8,1704,3,0.00239724,0.00239724,0.596778,0.596256,0.000521481,34.3871,34.385,8,8,0,0.877837,0.888709,0.010872,0,1,1,0
70.9,1705,1,0.00764226,0.00764226,0.663629,0.648857,0.0147715,34.6545,34.5954,11,11,0,0.778053,0.767229,0.010824,0,1,1,0
70.9,1705,2,0.00913273,0.00913273,0.612602,0.599963,0.0126387,34.4504,34.3999,11,11,0,0.888501,0.860069,0.028432,0,1,1,0
70.9,1705,3,0.00321949,0.00321949,0.596196,0.596778,0.000582039,34.3848,34.3871,8,8,0,0.888709,0.873485,0.015224,0,1,1,0
71,1706,1,0.0118646,0.0118646,0.679952,0.663629,0.0163231,34.7198,34.6545,11,11,0,0.767229,0.742389,0.02484,0,1,1,0
71,1706,2,0.00787278,0.00787278,0.601323,0.612602,0.0112789,34.4053,34.4504,11,11,0,0.860069,0.885821,0.025752,0,1,1,0
71,1706,3,0.00160981,0.00160981,0.596418,0.596196,0.000222206,34.3857,34.3848,8,8,0,0.873485,0.881461,0.007976,0,1,1,1
71.1,1707,1,0.015002,0.015002,0.660949,0.679952,0.0190033,34.6438,34.7198,11,11,0,0.742389,0.771573,0.029184,0,1,1,0
71.1,1707,2,0.00871672,0.00871672,0.614504,0.601323,0.0131809,34.458,34.4053,11,11,0,0.885821,0.855317,0.030504,0,1,1,0
71.1,1707,3,0.000206061,0.000206061,0.596464,0.596418,4.60744e-05,34.3859,34.3857,8,8,0,0.881461,0.882389,0.000928,0,1,1,1
71.2,1708,1,0.00179106,0.00179106,0.659411,0.660949,0.00153774,34.6376,34.6438,11,11,0,0.771573,0.774053,0.00248,0,1,1,1
71.2,1708,2,0.00738949,0.00738949,0.602752,0.614504,0.0117517,34.411,34.458,11,11,0,0.855317,0.882997,0.02768,0,1,1,0
71.2,1708,3,0.000206061,0.000206061,0.596418,0.596464,4.60744e-05,34.3857,34.3859,8,8,0,0.882389,0.881461,0.000928,0,1,1,1
71.3,1709,1,0.00741903,0.00741903,0.665843,0.659411,0.00643265,34.6634,34.6376,11,11,0,0.774053,0.763653,0.0104,0,1,1,0
71.3,1709,2,0.00353147,0.00353147,0.606885,0.602752,0.00413251,34.4275,34.411,11,11,0,0.882997,0.874285,0.008712,0,1,1,1
71.3,1709,3,0.000161633,0.000161633,0.596382,0.596418,3.61204e-05,34.3855,34.3857,8,8,0,0.881461,0.880733,0.000728,0,1,1,1
71.4,1710,1,0.00920673,0.00920673,0.67971,0.665843,0.0138667,34.7188,34.6634,11,11,0,0.763653,0.742765,0.020888,0,1,1,0
71.4,1710,2,0.00412171,0.00412171,0.602117,0.606885,0.00476766,34.4085,34.4275,11,11,0,0.874285,0.884253,0.009968,0,1,1,1
71.4,1710,3,0.000161633,0.000161633,0.596418,0.596382,3.61204e-05,34.3857,34.3855,8,8,0,0.880733,0.881461,0.000728,0,1,1,1
71.5,1711,1,0.0145921,0.0145921,0.661156,0.67971,0.0185537,34.6446,34.7188,11,11,0,0.742765,0.771237,0.028472,0,1,1,0
71.5,1711,2,0.0107927,0.0107927,0.59038,0.602117,0.0117368,34.3615,34.4085,11,11,0,0.884253,0.907197,0.022944,0,1,1,0
71.5,1711,3,0.000787556,0.000787556,0.596256,0.596418,0.000161648,34.385,34.3857,8,8,0,0.881461,0.877837,0.003624,0,1,1,1
71.6,1712,1,0.00203371,0.00203371,0.659411,0.661156,0.00174564,34.6376,34.6446,11,11,0,0.771237,0.774053,0.002816,0,1,1,1
71.6,1712,2,0.00820901,0.00820901,0.599329,0.59038,0.00894862,34.3973,34.3615,11,11,0,0.907197,0.889749,0.017448,0,1,1,0
71.6,1712,3,0.00107764,0.00107764,0.596177,0.596256,7.9453e-05,34.3847,34.385,8,8,0,0.877837,0.872133,0.005704,0,1,1,1
71.7,1713,1,0.00868712,0.00868712,0.667787,0.659411,0.00837582,34.6711,34.6376,11,11,0,0.774053,0.760773,0.01328,0,1,1,0
71.7,1713,2,0.00820528,0.00820528,0.590385,0.599329,0.00894445,34.3615,34.3973,11,11,0,0.889749,0.907189,0.01744,0,1,1,0
71.7,1713,3,0.00490032,0.00490032,0.597096,0.596177,0.000919342,34.3884,34.3847,8,8,0,0.872133,0.895125,0.022992,0,1,1,0
71.8,1714,1,0.00268066,0.00268066,0.671864,0.667787,0.00407779,34.6875,34.6711,11,11,0,0.760773,0.754685,0.006088,0,1,1,1
71.8,1714,2,0.0130145,0.0130145,0.604508,0.590385,0.0141236,34.418,34.3615,11,11,0,0.907189,0.879517,0.027672,0,1,1,0
71.8,1714,3,0.00169084,0.00169084,0.597473,0.597096,0.000377178,34.3899,34.3884,8,8,0,0.895125,0.902733,0.007608,0,1,1,1
71.9,1715,1,0.00345206,0.00345206,0.666606,0.671864,0.0052588,34.6664,34.6875,11,11,0,0.754685,0.762525,0.00784,0,1,1,1
71.9,1715,2,0.0152673,0.0152673,0.58754,0.604508,0.0169683,34.3502,34.418,11,11,0,0.879517,0.912701,0.033184,0,1,1,0
71.9,1715,3,0.00254542,0.00254542,0.592252,0.597473,0.00522137,34.369,34.3899,8,8,0,0.902733,0.891517,0.011216,0,1,1,0
72,1716,1,0.0118497,0.0118497,0.656013,0.666606,0.0105923,34.6241,34.6664,11,11,0,0.762525,0.779501,0.016976,0,1,1,0
72,1716,2,0.0130417,0.0130417,0.602117,0.58754,0.0145774,34.4085,34.3502,11,11,0,0.912701,0.884253,0.028448,0,1,1,0
72,1716,3,0.000229351,0.000229351,0.592281,0.592252,2.87294e-05,34.3691,34.369,8,8,0,0.891517,0.892669,0.001152,0,1,1,1
72.1,1717,1,0.0126176,0.0126176,0.667781,0.656013,0.0117679,34.6711,34.6241,11,11,0,0.779501,0.760781,0.01872,0,1,1,0
72.1,1717,2,3.71784e-06,3.71784e-06,0.602121,0.602117,4.05312e-06,34.4085,34.4085,11,11,0,0.884253,0.884245,8e-06,0,1,1,1
72.1,1717,3,0.000230916,0.000230916,0.592252,0.592281,2.88486e-05,34.369,34.3691,8,8,0,0.892669,0.891509,0.00116,0,1,1,1
72.2,1718,1,0.0392284,0.0392284,0.630846,0.667781,0.0369352,34.5234,34.6711,11,11,0,0.760781,0.817829,0.057048,0,0,0,0
72.2,1718,2,0.0130425,0.0130425,0.587544,0.602121,0.0145773,34.3502,34.4085,11,11,0,0.884245,0.912693,0.028448,0,1,1,0
72.2,1718,3,0.00301691,0.00301691,0.592908,0.592252,0.00065589,34.3716,34.369,8,8,0,0.891509,0.905205,0.013696,0,1,1,0
72.3,1719,1,0.0368947,0.0368947,0.664837,0.630846,0.0339913,34.6593,34.5234,11,11,0,0.817829,0.765261,0.052568,0,0,0,0
72.3,1719,2,0.0152644,0.0152644,0.604508,0.587544,0.0169642,34.418,34.3502,11,11,0,0.912693,0.879517,0.033176,0,1,1,0
72.3,1719,3,0.00348278,0.00348278,0.592217,0.592908,0.00069052,34.3689,34.3716,8,8,0,0.905205,0.889045,0.01616,0,1,1,0
72.4,1720,1,0.0250203,0.0250203,0.64351,0.664837,0.0213276,34.574,34.6593,11,11,0,0.765261,0.798013,0.032752,0,0,0,0
72.4,1720,2,0.0130183,0.0130183,0.59038,0.604508,0.0141277,34.3615,34.418,11,11,0,0.879517,0.907197,0.02768,0,1,1,0
72.4,1720,3,0.00132554,0.00132554,0.597097,0.592217,0.00487971,34.3884,34.3689,8,8,0,0.889045,0.895141,0.006096,0,1,1,1
72.5,1721,1,0.0119333,0.0119333,0.630769,0.64351,0.0127405,34.5231,34.574,11,11,0,0.798013,0.817957,0.019944,0,1,1,0
72.5,1721,2,0.00820519,0.00820519,0.599325,0.59038,0.00894451,34.3973,34.3615,11,11,0,0.907197,0.889757,0.01744,0,1,1,0
72.5,1721,3,0.000344865,0.000344865,0.59702,0.597097,7.70092e-05,34.3881,34.3884,8,8,0,0.895141,0.893589,0.001552,0,1,1,1
72.6,1722,1,0.0176335,0.0176335,0.648466,0.630769,0.0176972,34.5939,34.5231,11,11,0,0.817957,0.790765,0.027192,0,1,1,0
72.6,1722,2,0.00820146,0.00820146,0.590385,0.599325,0.00894034,34.3615,34.3973,11,11,0,0.889757,0.907189,0.017432,0,1,1,0
72.6,1722,3,0.000344865,0.000344865,0.597097,0.59702,7.70092e-05,34.3884,34.3881,8,8,0,0.893589,0.895141,0.001552,0,1,1,1
72.7,1723,1,0.00919609,0.00919609,0.639899,0.648466,0.00856733,34.5596,34.5939,11,11,0,0.790765,0.803573,0.012808,0,1,1,0
72.7,1723,2,0.0107965,0.0107965,0.602125,0.590385,0.0117408,34.4085,34.3615,11,11,0,0.907189,0.884237,0.022952,0,1,1,0
72.7,1723,3,0.00135431,0.00135431,0.596794,0.597097,0.000302494,34.3872,34.3884,8,8,0,0.895141,0.889045,0.006096,0,1,1,1
72.8,1724,1,0.00778345,0.00778345,0.620478,0.639899,0.0194206,34.4819,34.5596,11,11,0,0.803573,0.821053,0.01748,0,1,1,0
72.8,1724,2,0.0142324,0.0142324,0.585874,0.602125,0.0162511,34.3435,34.4085,11,11,0,0.884237,0.915925,0.031688,0,1,1,0
72.8,1724,3,0.00359108,0.00359108,0.597596,0.596794,0.000801504,34.3904,34.3872,8,8,0,0.889045,0.905205,0.01616,0,1,1,0
72.9,1725,1,0.0238338,0.0238338,0.645849,0.620478,0.0253703,34.5834,34.4819,11,11,0,0.821053,0.782765,0.038288,0,0,0,0
72.9,1725,2,0.0177768,0.0177768,0.606053,0.585874,0.0201788,34.4242,34.3435,11,11,0,0.915925,0.876293,0.039632,0,1,0,0
72.9,1725,3,0.0157561,0.0157561,0.556542,0.597596,0.0410545,34.2262,34.3904,8,8,0,0.905205,0.892669,0.012536,0,1,0,0
73,1726,1,0.0191385,0.0191385,0.626373,0.645849,0.0194761,34.5055,34.5834,11,11,0,0.782765,0.811549,0.028784,0,1,1,0
73,1726,2,0.017774,0.017774,0.585878,0.606053,0.0201746,34.3435,34.4242,11,11,0,0.876293,0.915917,0.039624,0,1,0,0
73,1726,3,0.000293978,0.000293978,0.556427,0.556542,0.000114262,34.2257,34.2262,8,8,0,0.892669,0.891517,0.001152,0,1,1,1
73.1,1727,1,0.00183299,0.00183299,0.624278,0.626373,0.0020951,34.4971,34.5055,11,11,0,0.811549,0.814837,0.003288,0,1,1,1
73.1,1727,2,0.0142257,0.0142257,0.602121,0.585878,0.0162428,34.4085,34.3435,11,11,0,0.915917,0.884245,0.031672,0,1,1,0
73.1,1727,3,0.00349391,0.00349391,0.557784,0.556427,0.00135666,34.2311,34.2257,8,8,0,0.891517,0.905205,0.013688,0,1,1,0
73.2,1728,1,0.0225252,0.0225252,0.647225,0.624278,0.0229477,34.5889,34.4971,11,11,0,0.814837,0.780613,0.034224,0,0,0,0
73.2,1728,2,0.0130425,0.0130425,0.587544,0.602121,0.0145773,34.3502,34.4085,11,11,0,0.884245,0.912693,0.028448,0,1,1,0
73.2,1728,3,0.00412458,0.00412458,0.556182,0.557784,0.00160205,34.2247,34.2311,8,8,0,0.905205,0.889045,0.01616,0,1,1,0
73.3,1729,1,0.0225363,0.0225363,0.624263,0.647225,0.0229623,34.4971,34.5889,11,11,0,0.780613,0.814861,0.034248,0,0,0,0
73.3,1729,2,0.013035,0.013035,0.602113,0.587544,0.0145692,34.4085,34.3502,11,11,0,0.912693,0.884261,0.028432,0,1,1,0
73.3,1729,3,0.0130844,0.0130844,0.560968,0.556182,0.00478619,34.2439,34.2247,8,8,0,0.889045,0.941061,0.052016,0,1,1,0
73.4,1730,1,0.000313163,0.000313163,0.623849,0.624263,0.000414133,34.4954,34.4971,11,11,0,0.814861,0.815541,0.00068,0,1,1,1
73.4,1730,2,0.0111467,0.0111467,0.589987,0.602113,0.0121259,34.3599,34.4085,11,11,0,0.884261,0.907957,0.023696,0,1,1,0
73.4,1730,3,0.00147489,0.00147489,0.560451,0.560968,0.000517488,34.2418,34.2439,8,8,0,0.941061,0.934941,0.00612,0,1,1,1
73.5,1731,1,0.0205275,0.0205275,0.645167,0.623849,0.0213178,34.5807,34.4954,11,11,0,0.815541,0.783829,0.031712,0,0,0,0
73.5,1731,2,0.0111505,0.0111505,0.602117,0.589987,0.01213,34.4085,34.3599,11,11,0,0.907957,0.884253,0.023704,0,1,1,0
73.5,1731,3,0.0018834,0.0018834,0.56114,0.560451,0.000689745,34.2446,34.2418,8,8,0,0.934941,0.942765,0.007824,0,1,1,1
73.6,1732,1,0.015342,0.015342,0.629519,0.645167,0.0156481,34.5181,34.5807,11,11,0,0.783829,0.806837,0.023008,0,1,1,0
73.6,1732,2,0.010789,0.010789,0.590385,0.602117,0.0117326,34.3615,34.4085,11,11,0,0.884253,0.907189,0.022936,0,1,1,0
73.6,1732,3,0.00502437,0.00502437,0.559429,0.56114,0.00171107,34.2377,34.2446,8,8,0,0.942765,0.922421,0.020344,0,1,1,0
73.7,1733,1,0.00553918,0.00553918,0.62338,0.629519,0.00613803,34.4935,34.5181,11,11,0,0.806837,0.816309,0.009472,0,1,1,1
73.7,1733,2,0.0107927,0.0107927,0.602121,0.590385,0.0117367,34.4085,34.3615,11,11,0,0.907189,0.884245,0.022944,0,1,1,0
73.7,1733,3,0.0061177,0.0061177,0.561601,0.559429,0.0021717,34.2464,34.2377,8,8,0,0.922421,0.947325,0.024904,0,1,1,0
73.8,1734,1,0.0160555,0.0160555,0.641001,0.62338,0.017621,34.564,34.4935,11,11,0,0.816309,0.790021,0.026288,0,1,1,0
73.8,1734,2,0.0130484,0.0130484,0.587536,0.602121,0.0145856,34.3501,34.4085,11,11,0,0.884245,0.912709,0.028464,0,1,1,0
73.8,1734,3,0.0047529,0.0047529,0.559928,0.561601,0.00167274,34.2397,34.2464,8,8,0,0.947325,0.927925,0.0194,0,1,1,0
73.9,1735,1,0.00220985,0.00220985,0.6859,0.641001,0.0448982,34.7436,34.564,11,11,0,0.790021,0.811957,0.021936,0,1,0,0
73.9,1735,2,0.0130484,0.0130484,0.602121,0.587536,0.0145856,34.4085,34.3501,11,11,0,0.912709,0.884245,0.028464,0,1,1,0
73.9,1735,3,0.00237957,0.00237957,0.560549,0.559928,0.000620961,34.2422,34.2397,8,8,0,0.927925,0.937261,0.009336,0,1,1,1
74,1736,1,0.00154191,0.00154191,0.688094,0.6859,0.00219399,34.7524,34.7436,11,11,0,0.811957,0.807877,0.00408,0,1,1,1
74,1736,2,0.00222185,0.00222185,0.604508,0.602121,0.00238687,34.418,34.4085,11,11,0,0.884245,0.879517,0.004728,0,1,1,1
74,1736,3,0.000727646,0.000727646,0.560907,0.560549,0.000358224,34.2436,34.2422,8,8,0,0.937261,0.940461,0.0032,0,1,1,1
74.1,1737,1,0.00712127,0.00712127,0.701615,0.688094,0.0135216,34.8065,34.7524,11,11,0,0.807877,0.786077,0.0218,1,1,1,0
74.1,1737,2,0.0152644,0.0152644,0.587544,0.604508,0.0169642,34.3502,34.418,11,11,0,0.879517,0.912693,0.033176,1,1,1,0
74.1,1737,3,0.00277387,0.00277387,0.56005,0.560907,0.000857472,34.2402,34.2436,8,8,0,0.940461,0.929269,0.011192,1,1,1,0
74.2,1738,1,0.00977523,0.00977523,0.68424,0.701615,0.0173748,34.737,34.8065,11,11,0,0.786077,0.815189,0.029112,0,1,1,0
74.2,1738,2,0.0130425,0.0130425,0.602121,0.587544,0.0145773,34.4085,34.3502,11,11,0,0.912693,0.884245,0.028448,0,1,1,0
74.2,1738,3,0.00169718,0.00169718,0.560473,0.56005,0.000422835,34.2419,34.2402,8,8,0,0.929269,0.935885,0.006616,0,1,1,1
74.3,1739,1,0.00088175,0.00088175,0.685523,0.68424,0.00128293,34.7421,34.737,11,11,0,0.815189,0.812669,0.00252,0,1,1,1
74.3,1739,2,0.0108002,0.0108002,0.590376,0.602121,0.011745,34.3615,34.4085,11,11,0,0.884245,0.907205,0.02296,0,1,1,0
74.3,1739,3,0.00169322,0.00169322,0.560051,0.560473,0.000421405,34.2402,34.2419,8,8,0,0.935885,0.929285,0.0066,0,1,1,1
74.4,1740,1,0.00856044,0.00856044,0.701135,0.685523,0.015612,34.8045,34.7421,11,11,0,0.812669,0.786797,0.025872,0,1,1,0
74.4,1740,2,0.00821278,0.00821278,0.599329,0.590376,0.00895274,34.3973,34.3615,11,11,0,0.907205,0.889749,0.017456,0,1,1,0
74.4,1740,3,0.00276992,0.00276992,0.560907,0.560051,0.000856042,34.2436,34.2402,8,8,0,0.929285,0.940461,0.011176,0,1,1,0
74.5,1741,1,0.00663701,0.00663701,0.688286,0.701135,0.0128493,34.7531,34.8045,11,11,0,0.786797,0.807525,0.020728,0,1,1,0
74.5,1741,2,0.00820901,0.00820901,0.59038,0.599329,0.00894862,34.3615,34.3973,11,11,0,0.889749,0.907197,0.017448,0,1,1,0
74.5,1741,3,0.00281269,0.00281269,0.535367,0.560907,0.0255408,34.1415,34.2436,8,8,0,0.940461,0.934789,0.005672,0,1,0,0
74.6,1742,1,0.00387474,0.00387474,0.691457,0.688286,0.00317061,34.7658,34.7531,11,11,0,0.807525,0.818077,0.010552,0,1,1,0
74.6,1742,2,0.0130221,0.0130221,0.604512,0.59038,0.0141318,34.418,34.3615,11,11,0,0.907197,0.879509,0.027688,0,1,1,0
74.6,1742,3,0.000835709,0.000835709,0.541054,0.535367,0.0056873,34.1642,34.1415,8,8,0,0.934789,0.930397,0.004392,0,1,1,1
74.7,1743,1,0.0122808,0.0122808,0.711213,0.691457,0.0197567,34.8449,34.7658,11,11,0,0.818077,0.783885,0.034192,0,1,1,0
74.7,1743,2,0.0152682,0.0152682,0.587544,0.604512,0.0169683,34.3502,34.418,11,11,0,0.879509,0.912693,0.033184,0,1,1,0
74.7,1743,3,0.00443876,0.00443876,0.542379,0.541054,0.00132507,34.1695,34.1642,8,8,0,0.930397,0.947325,0.016928,0,1,1,0
74.8,1744,1,0.0196042,0.0196042,0.681547,0.711213,0.0296669,34.7262,34.8449,11,11,0,0.783885,0.838109,0.054224,0,1,0,0
74.8,1744,2,0.013035,0.013035,0.602113,0.587544,0.0145692,34.4085,34.3502,11,11,0,0.912693,0.884261,0.028432,0,1,1,0
74.8,1744,3,0.00328746,0.00328746,0.541398,0.542379,0.000981033,34.1656,34.1695,8,8,0,0.947325,0.934789,0.012536,0,1,1,0
74.9,1745,1,0.0212843,0.0212843,0.713177,0.681547,0.0316308,34.8527,34.7262,11,11,0,0.838109,0.781141,0.056968,0,0,0,0
74.9,1745,2,0.0142182,0.0142182,0.585878,0.602113,0.0162347,34.3435,34.4085,11,11,0,0.884261,0.915917,0.031656,0,1,1,0
74.9,1745,3,0.0011513,0.0011513,0.541054,0.541398,0.000344038,34.1642,34.1656,8,8,0,0.934789,0.930397,0.004392,0,1,1,1
75,1746,1,0.00251296,0.00251296,0.716094,0.713177,0.0029164,34.8644,34.8527,11,11,0,0.781141,0.777037,0.004104,0,1,1,1
75,1746,2,0.0142257,0.0142257,0.602121,0.585878,0.0162428,34.4085,34.3435,11,11,0,0.915917,0.884245,0.031672,0,1,1,0
75,1746,3,0.0011513,0.0011513,0.541398,0.541054,0.000344038,34.1656,34.1642,8,8,0,0.930397,0.934789,0.004392,0,1,1,1
75.1,1747,1,0.00567839,0.00567839,0.722592,0.716094,0.00649798,34.8904,34.8644,11,11,0,0.777037,0.767765,0.009272,0,1,1,1
75.1,1747,2,0.0111542,0.0111542,0.589987,0.602121,0.012134,34.3599,34.4085,11,11,0,0.884245,0.907957,0.023712,0,1,1,0
75.1,1747,3,3.98606e-05,3.98606e-05,0.54141,0.541398,1.19209e-05,34.1656,34.1656,8,8,0,0.934789,0.934941,0.000152,0,1,1,1
75.2,1748,1,0.0144822,0.0144822,0.702934,0.722592,0.0196578,34.8117,34.8904,11,11,0,0.767765,0.796885,0.02912,0,1,1,0
75.2,1748,2,0.0111542,0.0111542,0.602121,0.589987,0.012134,34.4085,34.3599,11,11,0,0.907957,0.884245,0.023712,0,1,1,0
75.2,1748,3,3.98606e-05,3.98606e-05,0.541398,0.54141,1.19209e-05,34.1656,34.1656,8,8,0,0.934941,0.934789,0.000152,0,1,1,1
75.3,1749,1,0.0140707,0.0140707,0.722125,0.702934,0.0191911,34.8885,34.8117,11,11,0,0.796885,0.768437,0.028448,0,1,1,0
75.3,1749,2,7.51764e-06,7.51764e-06,0.602113,0.602121,8.10623e-06,34.4085,34.4085,11,11,0,0.884245,0.884261,1.6e-05,0,1,1,1
75.3,1749,3,0.0011513,0.0011513,0.541054,0.541398,0.000344038,34.1642,34.1656,8,8,0,0.934789,0.930397,0.004392,0,1,1,1
75.4,1750,1,0,0,0.722125,0.722125,0,34.8885,34.8885,11,11,0,0.768437,0.768437,0,0,1,1,1
75.4,1750,2,0.0130379,0.0130379,0.58754,0.602113,0.0145733,34.3502,34.4085,11,11,0,0.884261,0.912701,0.02844,0,1,1,0
75.4,1750,3,0.00443876,0.00443876,0.542379,0.541054,0.00132507,34.1695,34.1642,8,8,0,0.930397,0.947325,0.016928,0,1,1,0
75.5,1751,1,0.0153453,0.0153453,0.700054,0.722125,0.0220711,34.8002,34.8885,11,11,0,0.768437,0.801445,0.033008,0,1,0,0
75.5,1751,2,0.0130455,0.0130455,0.602121,0.58754,0.0145814,34.4085,34.3502,11,11,0,0.912701,0.884245,0.028456,0,1,1,0
75.5,1751,3,0.00508668,0.00508668,0.54086,0.542379,0.00151885,34.1634,34.1695,8,8,0,0.947325,0.927925,0.0194,0,1,1,0
75.6,1752,1,0.0119745,0.0119745,0.718278,0.700054,0.0182235,34.8731,34.8002,11,11,0,0.801445,0.773941,0.027504,0,1,1,0
75.6,1752,2,0.0107927,0.0107927,0.590385,0.602121,0.0117367,34.3615,34.4085,11,11,0,0.884245,0.907189,0.022944,0,1,1,0
75.6,1752,3,0.00244737,0.00244737,0.541591,0.54086,0.000731349,34.1664,34.1634,8,8,0,0.927925,0.937261,0.009336,0,1,1,1
75.7,1753,1,0.0106998,0.0106998,0.702934,0.718278,0.0153436,34.8117,34.8731,11,11,0,0.773941,0.796885,0.022944,0,1,1,0
75.7,1753,2,0.0153023,0.0153023,0.607484,0.590385,0.0170993,34.4299,34.3615,11,11,0,0.907189,0.872797,0.034392,0,1,1,0
75.7,1753,3,0.00244737,0.00244737,0.54086,0.541591,0.000731349,34.1634,34.1664,8,8,0,0.937261,0.927925,0.009336,0,1,1,1
75.8,1754,1,0.0140707,0.0140707,0.722125,0.702934,0.0191911,34.8885,34.8117,11,11,0,0.796885,0.768437,0.028448,0,1,1,0
75.8,1754,2,0.0153098,0.0153098,0.590376,0.607484,0.0171075,34.3615,34.4299,11,11,0,0.872797,0.907205,0.034408,0,1,1,0
75.8,1754,3,0.00508668,0.00508668,0.542379,0.54086,0.00151885,34.1695,34.1634,8,8,0,0.927925,0.947325,0.0194,0,1,1,0
75.9,1755,1,0,0,0.722125,0.722125,0,34.8885,34.8885,11,11,0,0.768437,0.768437,0,0,1,1,1
75.9,1755,2,0.00820896,0.00820896,0.599325,0.590376,0.00894862,34.3973,34.3615,11,11,0,0.907205,0.889757,0.017448,0,1,1,0
75.9,1755,3,0.00444289,0.00444289,0.541053,0.542379,0.00132632,34.1642,34.1695,8,8,0,0.947325,0.930381,0.016944,0,1,1,0
76,1756,1,0.0140707,0.0140707,0.702934,0.722125,0.0191911,34.8117,34.8885,11,11,0,0.768437,0.796885,0.028448,0,1,1,0
76,1756,2,0.0082197,0.0082197,0.609197,0.599325,0.0098716,34.4368,34.3973,11,11,0,0.889757,0.868533,0.021224,0,1,1,0
76,1756,3,0.00115543,0.00115543,0.541398,0.541053,0.00034529,34.1656,34.1642,8,8,0,0.930381,0.934789,0.004408,0,1,1,1
76.1,1757,1,0.0106998,0.0106998,0.718278,0.702934,0.0153436,34.8731,34.8117,11,11,0,0.796885,0.773941,0.022944,0,1,1,0
76.1,1757,2,0.0109318,0.0109318,0.634081,0.609197,0.0248846,34.5363,34.4368,11,11,0,0.868533,0.811533,0.057,0,1,0,0
76.1,1757,3,4.40553e-05,4.40553e-05,0.541411,0.541398,1.3113e-05,34.1656,34.1656,8,8,0,0.934789,0.934957,0.000168,0,1,1,1
76.2,1758,1,0.00337084,0.00337084,0.722125,0.718278,0.00384754,34.8885,34.8731,11,11,0,0.773941,0.768437,0.005504,0,1,1,1
76.2,1758,2,0.00422215,0.00422215,0.624648,0.634081,0.00943273,34.4986,34.5363,11,11,0,0.811533,0.831469,0.019936,0,1,1,0
76.2,1758,3,4.40553e-05,4.40553e-05,0.541398,0.541411,1.3113e-05,34.1656,34.1656,8,8,0,0.934957,0.934789,0.000168,0,1,1,1
76.3,1759,1,0.0140707,0.0140707,0.702934,0.722125,0.0191911,34.8117,34.8885,11,11,0,0.768437,0.796885,0.028448,0,1,1,0
76.3,1759,2,0.000151932,0.000151932,0.624271,0.624648,0.000377417,34.4971,34.4986,11,11,0,0.831469,0.832253,0.000784,0,1,1,1
76.3,1759,3,0.0011513,0.0011513,0.541054,0.541398,0.000344038,34.1642,34.1656,8,8,0,0.934789,0.930397,0.004392,0,1,1,1
76.4,1760,1,0.0140707,0.0140707,0.722125,0.702934,0.0191911,34.8885,34.8117,11,11,0,0.796885,0.768437,0.028448,0,1,1,0
76.4,1760,2,0.00300977,0.00300977,0.617198,0.624271,0.0070734,34.4688,34.4971,11,11,0,0.832253,0.848557,0.016304,0,1,1,0
76.4,1760,3,0.00379037,0.00379037,0.542186,0.541054,0.00113171,34.1687,34.1642,8,8,0,0.930397,0.944853,0.014456,0,1,1,0
76.5,1761,1,0.0140707,0.0140707,0.702934,0.722125,0.0191911,34.8117,34.8885,11,11,0,0.768437,0.796885,0.028448,0,1,1,0
76.5,1761,2,0.00316171,0.00316171,0.624648,0.617198,0.00745082,34.4986,34.4688,11,11,0,0.848557,0.831469,0.017088,0,1,1,0
76.5,1761,3,0.00199091,0.00199091,0.541591,0.542186,0.000594139,34.1664,34.1687,8,8,0,0.944853,0.937261,0.007592,0,1,1,1
76.6,1762,1,0.00790741,0.00790741,0.715056,0.702934,0.0121223,34.8602,34.8117,11,11,0,0.796885,0.778501,0.018384,0,1,1,0
76.6,1762,2,0.00108992,0.00108992,0.621935,0.624648,0.00271344,34.4877,34.4986,11,11,0,0.831469,0.837093,0.005624,0,1,1,1
76.6,1762,3,0.00244737,0.00244737,0.54086,0.541591,0.000731349,34.1634,34.1664,8,8,0,0.937261,0.927925,0.009336,0,1,1,1
76.7,1763,1,0.00616326,0.00616326,0.722125,0.715056,0.00706881,34.8885,34.8602,11,11,0,0.778501,0.768437,0.010064,0,1,1,0
76.7,1763,2,0.00183877,0.00183877,0.617719,0.621935,0.00421625,34.4709,34.4877,11,11,0,0.837093,0.847245,0.010152,0,1,1,0
76.7,1763,3,0.00244737,0.00244737,0.541591,0.54086,0.000731349,34.1664,34.1634,8,8,0,0.927925,0.937261,0.009336,0,1,1,1
76.8,1764,1,0.0140707,0.0140707,0.702934,0.722125,0.0191911,34.8117,34.8885,11,11,0,0.768437,0.796885,0.028448,0,1,1,0
76.8,1764,2,0.00392091,0.00392091,0.608978,0.617719,0.00874043,34.4359,34.4709,11,11,0,0.847245,0.869077,0.021832,0,1,1,0
76.8,1764,3,0.00083489,0.00083489,0.541841,0.541591,0.000249267,34.1674,34.1664,8,8,0,0.937261,0.940445,0.003184,0,1,1,1
76.9,1765,1,0.00712654,0.00712654,0.700593,0.702934,0.00234103,34.8024,34.8117,11,10,-1,0.796885,0.868587,0.0717013,0,1,1,0
76.9,1765,2,0.00307994,0.00307994,0.615835,0.608978,0.00685686,34.4633,34.4359,11,11,0,0.869077,0.851981,0.017096,0,1,1,0
76.9,1765,3,0.010246,0.010246,0.543678,0.541841,0.00183731,34.1747,34.1674,8,9,1,0.940445,0.747088,0.193357,0,1,1,0
77,1766,1,0.0137995,0.0137995,0.728049,0.700593,0.0274565,34.9122,34.8024,10,10,0,0.868587,0.865491,0.003096,0,1,0,0
77,1766,2,0.000840977,0.000840977,0.617719,0.615835,0.00188357,34.4709,34.4633,11,11,0,0.851981,0.847245,0.004736,0,1,1,1
77,1766,3,0.00710686,0.00710686,0.519494,0.543678,0.0241835,34.078,34.1747,9,9,0,0.747088,0.806632,0.059544,0,1,0,0
77.1,1767,1,0.0151278,0.0151278,0.696728,0.728049,0.0313214,34.7869,34.9122,10,10,0,0.865491,0.876243,0.010752,0,1,0,0
77.1,1767,2,0.0039167,0.0039167,0.608985,0.617719,0.00873405,34.4359,34.4709,11,11,0,0.847245,0.869061,0.021816,0,1,1,0
77.1,1767,3,0.00548598,0.00548598,0.51379,0.519494,0.00570434,34.0552,34.078,9,9,0,0.806632,0.791072,0.01556,0,1,1,0
77.2,1768,1,0.000555575,0.000555575,0.720396,0.696728,0.0236684,34.8816,34.7869,10,10,0,0.876243,0.819347,0.056896,0,1,0,0
77.2,1768,2,0.00462398,0.00462398,0.619298,0.608985,0.0103132,34.4772,34.4359,11,11,0,0.869061,0.843261,0.0258,0,1,1,0
77.2,1768,3,0.00143445,0.00143445,0.5188,0.51379,0.00500953,34.0752,34.0552,9,9,0,0.791072,0.77944,0.011632,0,1,1,0
77.3,1769,1,0.00277772,0.00277772,0.711637,0.720396,0.00875926,34.8465,34.8816,10,10,0,0.819347,0.845019,0.025672,0,1,1,0
77.3,1769,2,0.000146143,0.000146143,0.619216,0.619298,8.18372e-05,34.4769,34.4772,11,11,0,0.843261,0.851989,0.008728,0,1,1,1
77.3,1769,3,0.000176392,0.000176392,0.521201,0.5188,0.00240171,34.0848,34.0752,9,9,0,0.77944,0.77488,0.00456,0,1,1,1
77.4,1770,1,0.00207002,0.00207002,0.715927,0.711637,0.00428963,34.8637,34.8465,10,10,0,0.845019,0.832803,0.012216,0,1,1,0
77.4,1770,2,0.000840627,0.000840627,0.621087,0.619216,0.00187093,34.4843,34.4769,11,11,0,0.851989,0.847253,0.004736,0,1,1,1
77.4,1770,3,0.000176392,0.000176392,0.5188,0.521201,0.00240171,34.0752,34.0848,9,9,0,0.77488,0.77944,0.00456,0,1,1,1
77.5,1771,1,0.00274393,0.00274393,0.710058,0.715927,0.00586838,34.8402,34.8637,10,10,0,0.832803,0.849379,0.016576,0,1,1,0
77.5,1771,2,0.00487804,0.00487804,0.612355,0.621087,0.00873148,34.4494,34.4843,11,11,0,0.847253,0.869061,0.021808,0,1,1,0
77.5,1771,3,6.63102e-07,6.63102e-07,0.518808,0.5188,8.46386e-06,34.0752,34.0752,9,9,0,0.77944,0.779424,1.6e-05,0,1,1,1
77.6,1772,1,0.00341941,0.00341941,0.718095,0.710058,0.00803649,34.8724,34.8402,10,10,0,0.849379,0.826355,0.023024,0,1,1,0
77.6,1772,2,0.00403878,0.00403878,0.619219,0.612355,0.00686371,34.4769,34.4494,11,11,0,0.869061,0.851981,0.01708,0,1,1,0
77.6,1772,3,6.63102e-07,6.63102e-07,0.5188,0.518808,8.46386e-06,34.0752,34.0752,9,9,0,0.779424,0.77944,1.6e-05,0,1,1,1
77.7,1773,1,0.00182004,0.00182004,0.71344,0.718095,0.004655,34.8538,34.8724,10,10,0,0.826355,0.839939,0.013584,0,1,1,0
77.7,1773,2,0.0120049,0.0120049,0.60411,0.619219,0.0151088,34.4164,34.4769,11,11,0,0.851981,0.832509,0.019472,0,1,1,0
77.7,1773,3,0,0,0.5188,0.5188,0,34.0752,34.0752,9,9,0,0.77944,0.77944,0,0,1,1,1
77.8,1774,1,0.00081031,0.00081031,0.715011,0.71344,0.00157064,34.86,34.8538,10,10,0,0.839939,0.835491,0.004448,0,1,1,1
77.8,1774,2,0.00508739,0.00508739,0.615212,0.60411,0.0111015,34.4608,34.4164,11,11,0,0.832509,0.811917,0.020592,0,1,1,0
77.8,1774,3,0.000433646,0.000433646,0.516148,0.5188,0.00265205,34.0646,34.0752,9,9,0,0.77944,0.784944,0.005504,0,1,1,1
77.9,1775,1,0.000643663,0.000643663,0.716879,0.715011,0.00186825,34.8675,34.86,10,10,0,0.835491,0.829979,0.005512,0,1,1,1
77.9,1775,2,0.00599516,0.00599516,0.602106,0.615212,0.0131063,34.4084,34.4608,11,11,0,0.811917,0.836181,0.024264,0,1,1,0
77.9,1775,3,0.000757344,0.000757344,0.523201,0.516148,0.0070532,34.0928,34.0646,9,9,0,0.784944,0.771072,0.013872,0,1,1,0
78,1776,1,0.00237797,0.00237797,0.71164,0.716879,0.00523877,34.8466,34.8675,10,10,0,0.829979,0.845011,0.015032,0,1,1,0
78,1776,2,0.00818915,0.00818915,0.622687,0.602106,0.020581,34.4907,34.4084,11,11,0,0.836181,0.803965,0.032216,0,1,0,0
78,1776,3,0.00456277,0.00456277,0.50747,0.523201,0.0157309,34.0299,34.0928,9,9,0,0.771072,0.807232,0.03616,0,1,1,0
78.1,1777,1,0.00275431,0.00275431,0.718832,0.71164,0.00719225,34.8753,34.8466,10,10,0,0.845011,0.824115,0.020896,0,1,1,0
78.1,1777,2,0.00659353,0.00659353,0.608461,0.622687,0.0142258,34.4338,34.4907,11,11,0,0.803965,0.830661,0.026696,0,1,1,0
78.1,1777,3,0.00197884,0.00197884,0.499089,0.50747,0.0083805,33.9964,34.0299,9,9,0,0.807232,0.8196,0.012368,0,1,1,0
78.2,1778,1,0.00145067,0.00145067,0.698628,0.718832,0.0202045,34.7945,34.8753,10,10,0,0.824115,0.889227,0.065112,0,1,0,0
78.2,1778,2,0.0203606,0.0203606,0.558818,0.608461,0.049643,34.2353,34.4338,11,11,0,0.830661,0.922221,0.09156,0,0,0,0
78.2,1778,3,0.00831955,0.00831955,0.509512,0.499089,0.0104227,34.038,33.9964,9,9,0,0.8196,0.766976,0.052624,0,1,1,0
78.3,1779,1,0.00489342,0.00489342,0.708338,0.698628,0.00970995,34.8334,34.7945,10,10,0,0.889227,0.853075,0.036152,0,1,1,0
78.3,1779,2,0.0144076,0.0144076,0.595289,0.558818,0.0364708,34.3812,34.2353,11,11,0,0.922221,0.854733,0.067488,0,1,0,0
78.3,1779,3,0.00144015,0.00144015,0.537974,0.509512,0.0284622,34.1519,34.038,9,9,0,0.766976,0.798368,0.031392,0,1,0,0
78.4,1780,1,0.00126848,0.00126848,0.712771,0.708338,0.00443327,34.8511,34.8334,10,10,0,0.853075,0.841827,0.011248,0,1,1,0
78.4,1780,2,0.00552421,0.00552421,0.604681,0.595289,0.00939262,34.4187,34.3812,11,11,0,0.854733,0.831461,0.023272,0,1,1,0
78.4,1780,3,0.00576457,0.00576457,0.533527,0.537974,0.00444752,34.1341,34.1519,9,9,0,0.798368,0.841008,0.04264,0,1,1,0
78.5,1781,1,0.00167961,0.00167961,0.716515,0.712771,0.00374407,34.8661,34.8511,10,10,0,0.841827,0.831059,0.010768,0,1,1,0
78.5,1781,2,0.00346116,0.00346116,0.612251,0.604681,0.00756967,34.449,34.4187,11,11,0,0.831461,0.817453,0.014008,0,1,1,0
78.5,1781,3,0.0019023,0.0019023,0.533162,0.533527,0.000365198,34.1326,34.1341,9,9,0,0.841008,0.856464,0.015456,0,1,1,0
78.6,1782,1,0.000267833,0.000267833,0.72521,0.716515,0.00869459,34.9008,34.8661,10,10,0,0.831059,0.805603,0.025456,0,1,1,0
78.6,1782,2,0.00816169,0.00816169,0.594232,0.612251,0.0180185,34.3769,34.449,11,11,0,0.817453,0.850469,0.033016,0,1,1,0
78.6,1782,3,0.00182224,0.00182224,0.533497,0.533162,0.000335515,34.134,34.1326,9,9,0,0.856464,0.841776,0.014688,0,1,1,0
78.7,1783,1,0.00269184,0.00269184,0.70708,0.72521,0.0181298,34.8283,34.9008,10,10,0,0.805603,0.834835,0.029232,0,1,1,0
78.7,1783,2,0.00025925,0.00025925,0.594814,0.594232,0.000581443,34.3793,34.3769,11,11,0,0.850469,0.849421,0.001048,0,1,1,1
78.7,1783,3,0.0108482,0.0108482,0.49367,0.533497,0.0398267,33.9747,34.134,9,9,0,0.841776,0.841024,0.000752,0,1,0,0
78.8,1784,1,0.00197553,0.00197553,0.719301,0.70708,0.0122209,34.8772,34.8283,10,10,0,0.834835,0.846147,0.011312,0,1,1,0
78.8,1784,2,0.000564538,0.000564538,0.599333,0.594814,0.0045197,34.3973,34.3793,11,11,0,0.849421,0.853573,0.004152,0,1,1,1
78.8,1784,3,0.00345524,0.00345524,0.519743,0.49367,0.0260729,34.079,33.9747,9,9,0,0.841024,0.752944,0.08808,0,1,0,0
78.9,1785,1,6.33821e-05,6.33821e-05,0.691584,0.719301,0.0277171,34.7663,34.8772,10,10,0,0.846147,0.868611,0.022464,0,1,0,0
78.9,1785,2,0.0107595,0.0107595,0.565475,0.599333,0.0338584,34.2619,34.3973,11,11,0,0.853573,0.899749,0.046176,0,1,0,0
78.9,1785,3,0.00461926,0.00461926,0.534585,0.519743,0.0148414,34.1383,34.079,9,9,0,0.752944,0.815528,0.062584,0,1,1,0
79,1786,1,0.000789866,0.000789866,0.709847,0.691584,0.0182633,34.8394,34.7663,10,10,0,0.868611,0.827051,0.04156,0,1,1,0
79,1786,2,0.0131169,0.0131169,0.598818,0.565475,0.0333428,34.3953,34.2619,11,11,0,0.899749,0.842173,0.057576,0,1,0,0
79,1786,3,0.000956856,0.000956856,0.53417,0.534585,0.000414729,34.1367,34.1383,9,9,0,0.815528,0.824352,0.008824,0,1,1,1
79.1,1787,1,0.000239246,0.000239246,0.714805,0.709847,0.00495803,34.8592,34.8394,10,10,0,0.827051,0.812987,0.014064,0,1,1,0
79.1,1787,2,0.000506505,0.000506505,0.597689,0.598818,0.00112844,34.3908,34.3953,11,11,0,0.842173,0.844221,0.002048,0,1,1,1
79.1,1787,3,0.00959257,0.00959257,0.494034,0.53417,0.0401356,33.9761,34.1367,9,9,0,0.824352,0.839008,0.014656,0,1,0,0
79.2,1788,1,0.000289831,0.000289831,0.713604,0.714805,0.00120091,34.8544,34.8592,10,10,0,0.812987,0.839475,0.026488,0,1,1,0
79.2,1788,2,0.00267829,0.00267829,0.597492,0.597689,0.000197828,34.39,34.3908,11,11,0,0.844221,0.856917,0.012696,0,1,1,0
79.2,1788,3,0.00513752,0.00513752,0.525571,0.494034,0.0315369,34.1023,33.9761,9,9,0,0.839008,0.740992,0.098016,0,1,0,0
79.3,1789,1,0.0030696,0.0030696,0.702698,0.713604,0.0109063,34.8108,34.8544,10,10,0,0.839475,0.846219,0.006744,0,1,1,1
79.3,1789,2,0.000886515,0.000886515,0.589684,0.597492,0.00780761,34.3587,34.39,11,11,0,0.856917,0.858629,0.001712,0,1,1,1
79.3,1789,3,0.0011031,0.0011031,0.540402,0.525571,0.0148311,34.1616,34.1023,9,9,0,0.740992,0.78828,0.047288,0,1,1,0
79.4,1790,1,0.000281895,0.000281895,0.72775,0.702698,0.0250525,34.911,34.8108,10,10,0,0.846219,0.785539,0.06068,0,1,0,0
79.4,1790,2,0.00739001,0.00739001,0.606155,0.589684,0.0164714,34.4246,34.3587,11,11,0,0.858629,0.828749,0.02988,0,1,1,0
79.4,1790,3,0.00708804,0.00708804,0.533603,0.540402,0.00679886,34.1344,34.1616,9,9,0,0.78828,0.839024,0.050744,0,1,1,0
79.5,1791,1,0.00251175,0.00251175,0.71457,0.72775,0.0131798,34.8583,34.911,10,10,0,0.785539,0.813651,0.028112,0,1,1,0
79.5,1791,2,0.000610918,0.000610918,0.604812,0.606155,0.00134355,34.4192,34.4246,11,11,0,0.828749,0.831221,0.002472,0,1,1,1
79.5,1791,3,0.00888626,0.00888626,0.492583,0.533603,0.0410199,33.9703,34.1344,9,9,0,0.839024,0.84704,0.008016,0,1,0,0
79.6,1792,1,0.00102249,0.00102249,0.707202,0.71457,0.00736862,34.8288,34.8583,10,10,0,0.813651,0.855371,0.04172,0,1,1,0
79.6,1792,2,0.000624388,0.000624388,0.611835,0.604812,0.00702333,34.4473,34.4192,11,11,0,0.831221,0.830565,0.000656,0,1,1,1
79.6,1792,3,0.00352373,0.00352373,0.534116,0.492583,0.0415321,34.1365,33.9703,9,9,0,0.84704,0.727456,0.119584,0,1,0,0
79.7,1793,1,0.000392761,0.000392761,0.69623,0.707202,0.0109719,34.7849,34.8288,10,10,0,0.855371,0.859123,0.003752,0,1,1,1
79.7,1793,2,0.0127549,0.0127549,0.574259,0.611835,0.037576,34.297,34.4473,11,11,0,0.830565,0.885325,0.05476,0,1,0,0
79.7,1793,3,0.00104956,0.00104956,0.53653,0.534116,0.00241458,34.1461,34.1365,9,9,0,0.727456,0.805472,0.078016,0,1,1,0
79.8,1794,1,0.00016005,0.00016005,0.71856,0.69623,0.0223299,34.8742,34.7849,10,10,0,0.859123,0.803051,0.056072,0,1,0,0
79.8,1794,2,0.0121305,0.0121305,0.604812,0.574259,0.0305526,34.4192,34.297,11,11,0,0.885325,0.831221,0.054104,0,1,0,0
79.8,1794,3,0.0029833,0.0029833,0.534096,0.53653,0.00243431,34.1364,34.1461,9,9,0,0.805472,0.826272,0.0208,0,1,1,0
79.9,1795,1,0.000451453,0.000451453,0.714878,0.71856,0.00368142,34.8595,34.8742,10,10,0,0.803051,0.812779,0.009728,0,1,1,1
79.9,1795,2,0.0060351,0.0060351,0.617939,0.604812,0.0131276,34.4718,34.4192,11,11,0,0.831221,0.806789,0.024432,0,1,1,0
79.9,1795,3,0.0121209,0.0121209,0.495112,0.534096,0.0389843,33.9804,34.1364,9,9,0,0.826272,0.832464,0.006192,0,1,0,0
80,1796,1,0.00405719,0.00405719,0.728477,0.714878,0.0135981,34.9139,34.8595,10,10,0,0.812779,0.818907,0.006128,0,1,1,1
80,1796,2,0.0131775,0.0131775,0.594482,0.617939,0.0234576,34.3779,34.4718,11,11,0,0.806789,0.862245,0.055456,0,1,0,0
80,1796,3,0.00422869,0.00422869,0.512758,0.495112,0.0176464,34.051,33.9804,9,9,0,0.832464,0.770672,0.061792,0,1,1,0
80.1,1797,1,0.00474919,0.00474919,0.696467,0.728477,0.0320098,34.7859,34.9139,10,10,0,0.818907,0.858659,0.039752,0,1,0,0
80.1,1797,2,0.000557072,0.000557072,0.593041,0.594482,0.00144047,34.3722,34.3779,11,11,0,0.862245,0.858781,0.003464,0,1,1,1
80.1,1797,3,0.0035428,0.0035428,0.538167,0.512758,0.0254093,34.1527,34.051,9,9,0,0.770672,0.797568,0.026896,0,1,0,0
80.2,1798,1,0.00113044,0.00113044,0.752225,0.696467,0.0557584,35.0089,34.7859,10,10,0,0.858659,0.742795,0.115864,0,1,0,0
80.2,1798,2,0.00742733,0.00742733,0.609493,0.593041,0.0164517,34.438,34.3722,11,11,0,0.858781,0.828749,0.030032,0,1,1,0
80.2,1798,3,0.00819919,0.00819919,0.533083,0.538167,0.00508463,34.1323,34.1527,9,9,0,0.797568,0.863872,0.066304,0,1,1,0
80.3,1799,1,0.0161286,0.0161286,0.700169,0.752225,0.0520564,34.8007,35.0089,10,10,0,0.742795,0.919603,0.176808,0,1,0,0
80.3,1799,2,0.000106066,0.000106066,0.60072,0.609493,0.00877273,34.4029,34.438,11,11,0,0.828749,0.826373,0.002376,0,1,1,1
80.3,1799,3,0.00210711,0.00210711,0.481999,0.533083,0.0510835,33.928,34.1323,9,9,0,0.863872,0.880632,0.01676,0,1,0,0
80.4,1800,1,0.0152417,0.0152417,0.707827,0.700169,0.00765866,34.8313,34.8007,10,10,0,0.919603,0.871475,0.048128,0,1,1,0
80.4,1800,2,0.00202098,0.00202098,0.619224,0.60072,0.0185043,34.4769,34.4029,11,11,0,0.826373,0.822869,0.003504,0,1,1,1
80.4,1800,3,0.00961859,0.00961859,0.523997,0.481999,0.0419982,34.096,33.928,9,9,0,0.880632,0.754672,0.12596,0,1,0,0
80.5,1801,1,0.00138642,0.00138642,0.708694,0.707827,0.000866354,34.8348,34.8313,10,10,0,0.871475,0.830347,0.041128,0,1,1,0
80.5,1801,2,0.0131298,0.0131298,0.578614,0.619224,0.0406108,34.3145,34.4769,11,11,0,0.822869,0.878069,0.0552,0,1,0,0
80.5,1801,3,0.00138354,0.00138354,0.541564,0.523997,0.0175667,34.1663,34.096,9,9,0,0.754672,0.78344,0.028768,0,1,1,0
80.6,1802,1,0.00148646,0.00148646,0.733951,0.708694,0.0252575,34.9358,34.8348,10,10,0,0.830347,0.775851,0.054496,0,1,0,0
80.6,1802,2,0.00878497,0.00878497,0.59843,0.578614,0.0198161,34.3937,34.3145,11,11,0,0.878069,0.836709,0.04136,0,1,1,0
80.6,1802,3,0.0102588,0.0102588,0.533187,0.541564,0.00837725,34.1327,34.1663,9,9,0,0.78344,0.866352,0.082912,0,1,1,0
80.7,1803,1,0.000288371,0.000288371,0.736743,0.733951,0.00279194,34.947,34.9358,10,10,0,0.775851,0.770987,0.004864,0,1,1,1
80.7,1803,2,0.00739413,0.00739413,0.614661,0.59843,0.0162311,34.4586,34.3937,11,11,0,0.836709,0.806781,0.029928,0,1,1,0
80.7,1803,3,0.00520782,0.00520782,0.488478,0.533187,0.0447092,33.9539,34.1327,9,9,0,0.866352,0.869376,0.003024,0,1,0,0
80.8,1804,1,0.00140798,0.00140798,0.716575,0.736743,0.0201683,34.8663,34.947,10,10,0,0.770987,0.853371,0.082384,0,1,0,0
80.8,1804,2,0.0126799,0.0126799,0.596516,0.614661,0.0181451,34.3861,34.4586,11,11,0,0.806781,0.863981,0.0572,0,1,1,0
80.8,1804,3,0.00263429,0.00263429,0.48334,0.488478,0.00513738,33.9334,33.9539,9,9,0,0.869376,0.848016,0.02136,0,1,1,0
80.9,1805,1,0.00368191,0.00368191,0.733328,0.716575,0.0167532,34.9333,34.8663,10,10,0,0.853371,0.806427,0.046944,0,1,1,0
80.9,1805,2,0.00559183,0.00559183,0.575861,0.596516,0.0206543,34.3034,34.3861,11,11,0,0.863981,0.899549,0.035568,0,1,0,0
80.9,1805,3,0.00404999,0.00404999,0.541302,0.48334,0.0579618,34.1652,33.9334,9,9,0,0.848016,0.768784,0.079232,0,1,0,0
81,1806,1,0.00613894,0.00613894,0.701189,0.733328,0.0321389,34.8048,34.9333,10,10,0,0.806427,0.849347,0.04292,0,1,0,0
81,1806,2,0.00373194,0.00373194,0.582287,0.575861,0.00642544,34.3291,34.3034,11,11,0,0.899549,0.865589,0.03396,0,1,1,0
81,1806,3,0.002468,0.002468,0.540243,0.541302,0.00105917,34.161,34.1652,9,9,0,0.768784,0.788944,0.02016,0,1,1,0
81.1,1807,1,0.000874551,0.000874551,0.722214,0.701189,0.0210246,34.8889,34.8048,10,10,0,0.849347,0.795611,0.053736,0,1,0,0
81.1,1807,2,0.00857547,0.00857547,0.601606,0.582287,0.0193192,34.4064,34.3291,11,11,0,0.865589,0.830925,0.034664,0,1,1,0
81.1,1807,3,0.0094546,0.0094546,0.533132,0.540243,0.00711083,34.1325,34.161,9,9,0,0.788944,0.859136,0.070192,0,1,1,0
81.2,1808,1,5.24297e-05,5.24297e-05,0.735162,0.722214,0.0129481,34.9406,34.8889,10,10,0,0.795611,0.773803,0.021808,0,1,1,0
81.2,1808,2,0.0032736,0.0032736,0.60881,0.601606,0.00720406,34.4352,34.4064,11,11,0,0.830925,0.817677,0.013248,0,1,1,0
81.2,1808,3,0.00182406,0.00182406,0.533365,0.533132,0.000233173,34.1335,34.1325,9,9,0,0.859136,0.845192,0.013944,0,1,1,0
81.3,1809,1,0.00106568,0.00106568,0.729404,0.735162,0.00575769,34.9176,34.9406,10,10,0,0.773803,0.783099,0.009296,0,1,1,1
81.3,1809,2,0.00111862,0.00111862,0.606359,0.60881,0.00245106,34.4254,34.4352,11,11,0,0.817677,0.822205,0.004528,0,1,1,1
81.3,1809,3,0.00310091,0.00310091,0.488077,0.533365,0.0452877,33.9523,34.1335,9,9,0,0.845192,0.871096,0.025904,0,1,0,0
81.4,1810,1,0.00451734,0.00451734,0.721357,0.729404,0.00804746,34.8854,34.9176,10,10,0,0.783099,0.840155,0.057056,0,1,1,0
81.4,1810,2,0.00927518,0.00927518,0.594954,0.606359,0.0114055,34.3798,34.4254,11,11,0,0.822205,0.866517,0.044312,0,1,1,0
81.4,1810,3,0.00404313,0.00404313,0.487409,0.488077,0.000668257,33.9496,33.9523,9,9,0,0.871096,0.851232,0.019864,0,1,1,0
81.5,1811,1,0.000860963,0.000860963,0.738349,0.721357,0.016992,34.9534,34.8854,10,10,0,0.840155,0.795691,0.044464,0,1,1,0
81.5,1811,2,0.0076457,0.0076457,0.570046,0.594954,0.0249079,34.2802,34.3798,11,11,0,0.866517,0.909149,0.042632,0,1,0,0
81.5,1811,3,0.00295451,0.00295451,0.541302,0.487409,0.0538928,34.1652,33.9496,9,9,0,0.851232,0.768784,0.082448,0,1,0,0
81.6,1812,1,0.000591263,0.000591263,0.755708,0.738349,0.017359,35.0228,34.9534,10,10,0,0.795691,0.749139,0.046552,0,1,1,0
81.6,1812,2,0.00722033,0.00722033,0.584641,0.570046,0.0145957,34.3386,34.2802,11,11,0,0.909149,0.861429,0.04772,0,1,1,0
81.6,1812,3,0.00754686,0.00754686,0.53431,0.541302,0.00699192,34.1372,34.1652,9,9,0,0.768784,0.82072,0.051936,0,1,1,0
81.7,1813,1,0.00192905,0.00192905,0.7362,0.755708,0.0195079,34.9448,35.0228,10,10,0,0.749139,0.843563,0.094424,0,1,1,0
81.7,1813,2,0.0167696,0.0167696,0.618901,0.584641,0.0342596,34.4756,34.3386,11,11,0,0.861429,0.792637,0.068792,0,1,0,0
81.7,1813,3,0.00422053,0.00422053,0.528288,0.53431,0.00602233,34.1132,34.1372,9,9,0,0.82072,0.89424,0.07352,0,1,1,0
81.8,1814,1,0.00357291,0.00357291,0.724923,0.7362,0.0112769,34.8997,34.9448,10,10,0,0.843563,0.806219,0.037344,0,1,1,0
81.8,1814,2,0.00645171,0.00645171,0.638371,0.618901,0.0194704,34.5535,34.4756,11,11,0,0.792637,0.767485,0.025152,0,1,1,0
81.8,1814,3,0.00155286,0.00155286,0.533322,0.528288,0.00503445,34.1333,34.1132,9,9,0,0.89424,0.846304,0.047936,0,1,1,0
81.9,1815,1,0.000638925,0.000638925,0.748086,0.724923,0.0231634,34.9923,34.8997,10,10,0,0.806219,0.763443,0.042776,0,1,0,0
81.9,1815,2,0.00661201,0.00661201,0.624071,0.638371,0.0143,34.4963,34.5535,11,11,0,0.767485,0.795157,0.027672,0,1,1,0
81.9,1815,3,0.00111938,0.00111938,0.486599,0.533322,0.0467227,33.9464,34.1333,9,9,0,0.846304,0.890264,0.04396,0,1,0,0
82,1816,1,0.00153435,0.00153435,0.728414,0.748086,0.0196718,34.9137,34.9923,10,10,0,0.763443,0.819091,0.055648,0,1,1,0
82,1816,2,0.0198389,0.0198389,0.580249,0.624071,0.0438223,34.321,34.4963,11,11,0,0.795157,0.897869,0.102712,0,1,0,0
82,1816,3,0.00427497,0.00427497,0.486189,0.486599,0.000409991,33.9448,33.9464,9,9,0,0.890264,0.857928,0.032336,0,1,1,0
82.1,1817,1,5.54323e-05,5.54323e-05,0.727733,0.728414,0.000681102,34.9109,34.9137,10,10,0,0.819091,0.821107,0.002016,0,1,1,1
82.1,1817,2,0.00223389,0.00223389,0.58581,0.580249,0.00556141,34.3432,34.321,11,11,0,0.897869,0.888485,0.009384,0,1,1,1
82.1,1817,3,0.00518944,0.00518944,0.529694,0.486189,0.0435041,34.1188,33.9448,9,9,0,0.857928,0.748784,0.109144,0,1,0,0
82.2,1818,1,0.00330525,0.00330525,0.774328,0.727733,0.046595,35.0973,34.9109,10,10,0,0.821107,0.723739,0.097368,0,1,0,0
82.2,1818,2,0.0092311,0.0092311,0.605982,0.58581,0.0201712,34.4239,34.3432,11,11,0,0.888485,0.829069,0.059416,0,1,0,0
82.2,1818,3,0.00507399,0.00507399,0.49703,0.529694,0.0326634,33.9881,34.1188,9,9,0,0.748784,0.82528,0.076496,0,1,0,0
82.3,1819,1,0.013522,0.013522,0.711385,0.774328,0.0629438,34.8455,35.0973,10,10,0,0.723739,0.931011,0.207272,0,1,0,0
82.3,1819,2,0.00541618,0.00541618,0.620521,0.605982,0.0145399,34.4821,34.4239,11,11,0,0.829069,0.808077,0.020992,0,1,1,0
82.3,1819,3,0.0151656,0.0151656,0.511031,0.49703,0.0140011,34.0441,33.9881,9,9,0,0.82528,0.813432,0.011848,0,1,1,0
82.4,1820,1,0.0175668,0.0175668,0.73654,0.711385,0.0251553,34.9462,34.8455,10,10,0,0.931011,0.799579,0.131432,0,1,0,0
82.4,1820,2,0.00386749,0.00386749,0.626,0.620521,0.00547808,34.504,34.4821,11,11,0,0.808077,0.791469,0.016608,0,1,1,0
82.4,1820,3,0.00178437,0.00178437,0.534165,0.511031,0.023134,34.1367,34.0441,9,9,0,0.813432,0.824472,0.01104,0,1,0,0
82.5,1821,1,0.00315266,0.00315266,0.769582,0.73654,0.033042,35.0783,34.9462,10,10,0,0.799579,0.734635,0.064944,0,1,0,0
82.5,1821,2,0.000258401,0.000258401,0.626546,0.626,0.000546575,34.5062,34.504,11,11,0,0.791469,0.790421,0.001048,0,1,1,1
82.5,1821,3,0.00290865,0.00290865,0.533935,0.534165,0.000230253,34.1357,34.1367,9,9,0,0.824472,0.90352,0.079048,0,1,1,0
82.6,1822,1,0.000510432,0.000510432,0.73937,0.769582,0.0302117,34.9575,35.0783,10,10,0,0.734635,0.834371,0.099736,0,1,0,0
82.6,1822,2,0.00164343,0.00164343,0.617535,0.626546,0.00901085,34.4701,34.5062,11,11,0,0.790421,0.795213,0.004792,0,1,1,1
82.6,1822,3,0.00153052,0.00153052,0.529435,0.533935,0.00449973,34.1177,34.1357,9,9,0,0.90352,0.909504,0.005984,0,1,1,1
82.7,1823,1,0.00587979,0.00587979,0.667672,0.73937,0.0716981,34.6707,34.9575,10,10,0,0.834371,0.820811,0.01356,0,1,0,0
82.7,1823,2,0.00286668,0.00286668,0.629125,0.617535,0.0115892,34.5165,34.4701,11,11,0,0.795213,0.785461,0.009752,0,1,1,1
82.7,1823,3,0.00436342,0.00436342,0.489733,0.529435,0.0397022,33.9589,34.1177,9,9,0,0.909504,0.862776,0.046728,0,1,0,0
82.8,1824,1,0.00107356,0.00107356,0.685616,0.667672,0.0179442,34.7425,34.6707,10,10,0,0.820811,0.796267,0.024544,0,1,1,0
82.8,1824,2,0.0178559,0.0178559,0.598474,0.629125,0.0306507,34.3939,34.5165,11,11,0,0.785461,0.865949,0.080488,0,1,0,0
82.8,1824,3,0.000275172,0.000275172,0.486283,0.489733,0.0034503,33.9451,33.9589,9,9,0,0.862776,0.857416,0.00536,0,1,1,1
82.9,1825,1,0.00938483,0.00938483,0.752422,0.685616,0.0668055,35.0097,34.7425,10,10,0,0.796267,0.767795,0.028472,0,1,0,0
82.9,1825,2,7.36713e-05,7.36713e-05,0.598043,0.598474,0.00043124,34.3922,34.3939,11,11,0,0.865949,0.866725,0.000776,0,1,1,1
82.9,1825,3,0.00584728,0.00584728,0.522982,0.486283,0.0366988,34.0919,33.9451,9,9,0,0.857416,0.761392,0.096024,0,1,0,0
83,1826,1,0.00348858,0.00348858,0.745473,0.752422,0.00694829,34.9819,35.0097,10,10,0,0.767795,0.838939,0.071144,0,1,1,0
83,1826,2,0.00854861,0.00854861,0.603333,0.598043,0.00529051,34.4133,34.3922,11,11,0,0.866725,0.821597,0.045128,0,1,1,0
83,1826,3,0.00282735,0.00282735,0.488256,0.522982,0.0347254,33.953,34.0919,9,9,0,0.761392,0.846576,0.085184,0,1,0,0
83.1,1827,1,0.00326748,0.00326748,0.660929,0.745473,0.0845445,34.6437,34.9819,10,10,0,0.838939,0.830939,0.008,0,1,0,0
83.1,1827,2,0.00229868,0.00229868,0.615256,0.603333,0.0119228,34.461,34.4133,11,11,0,0.821597,0.836509,0.014912,0,1,1,0
83.1,1827,3,0.00324826,0.00324826,0.533496,0.488256,0.0452402,34.134,33.953,9,9,0,0.846576,0.801128,0.045448,0,1,0,0
83.2,1828,1,0.000635553,0.000635553,0.697367,0.660929,0.0364381,34.7895,34.6437,10,10,0,0.830939,0.778659,0.05228,0,1,0,0
83.2,1828,2,0.00205904,0.00205904,0.608491,0.615256,0.00676531,34.434,34.461,11,11,0,0.836509,0.824437,0.012072,0,1,1,0
83.2,1828,3,0.00361124,0.00361124,0.529353,0.533496,0.00414371,34.1174,34.134,9,9,0,0.801128,0.822496,0.021368,0,1,1,0
83.3,1829,1,0.0116854,0.0116854,0.733691,0.697367,0.0363238,34.9348,34.7895,10,10,0,0.778659,0.787819,0.00916,0,1,0,0
83.3,1829,2,0.00123924,0.00123924,0.611194,0.608491,0.00270343,34.4448,34.434,11,11,0,0.824437,0.819421,0.005016,0,1,1,1
83.3,1829,3,0.00175989,0.00175989,0.528986,0.529353,0.000366926,34.1159,34.1174,9,9,0,0.822496,0.90352,0.081024,0,1,1,0
83.4,1830,1,0.00255328,0.00255328,0.749914,0.733691,0.0162234,34.9997,34.9348,10,10,0,0.787819,0.760123,0.027696,0,1,1,0
83.4,1830,2,0.00619719,0.00619719,0.624511,0.611194,0.013317,34.498,34.4448,11,11,0,0.819421,0.794317,0.025104,0,1,1,0
83.4,1830,3,0.000403367,0.000403367,0.529174,0.528986,0.000188768,34.1167,34.1159,9,9,0,0.90352,0.906032,0.002512,0,1,1,1
83.5,1831,1,0.00514046,0.00514046,0.729682,0.749914,0.0202321,34.9187,34.9997,10,10,0,0.760123,0.782659,0.022536,0,1,0,0
83.5,1831,2,0.00405543,0.00405543,0.615834,0.624511,0.00867665,34.4633,34.498,11,11,0,0.794317,0.810749,0.016432,0,1,1,0
83.5,1831,3,0.0019951,0.0019951,0.481233,0.529174,0.0479412,33.9249,34.1167,9,9,0,0.906032,0.90352,0.002512,0,1,0,0
83.6,1832,1,0.00572109,0.00572109,0.748648,0.729682,0.0189655,34.9946,34.9187,10,10,0,0.782659,0.774243,0.008416,0,1,1,1
83.6,1832,2,0.009597,0.009597,0.606086,0.615834,0.00974876,34.4243,34.4633,11,11,0,0.810749,0.853485,0.042736,0,1,1,0
83.6,1832,3,0.000119127,0.000119127,0.481599,0.481233,0.000366151,33.9264,33.9249,9,9,0,0.90352,0.910272,0.006752,0,1,1,1
83.7,1833,1,0.00134016,0.00134016,0.744307,0.748648,0.00434041,34.9772,34.9946,10,10,0,0.774243,0.782963,0.00872,0,1,1,1
83.7,1833,2,0.00194257,0.00194257,0.598922,0.606086,0.00716329,34.3957,34.4243,11,11,0,0.853485,0.865141,0.011656,0,1,1,0
83.7,1833,3,0.0137015,0.0137015,0.518351,0.481599,0.0367513,34.0734,33.9264,9,9,0,0.910272,0.77,0.140272,0,1,0,0
83.8,1834,1,0.00403477,0.00403477,0.724938,0.744307,0.0193691,34.8998,34.9772,10,10,0,0.782963,0.790219,0.007256,0,1,1,1
83.8,1834,2,0.00551505,0.00551505,0.602679,0.598922,0.00375611,34.4107,34.3957,11,11,0,0.865141,0.835133,0.030008,0,1,1,0
83.8,1834,3,0.00269955,0.00269955,0.498593,0.518351,0.019758,33.9944,34.0734,9,9,0,0.77,0.810288,0.040288,0,1,1,0
83.9,1835,1,0.00681261,0.00681261,0.753318,0.724938,0.0283801,35.0133,34.8998,10,10,0,0.790219,0.766251,0.023968,0,1,0,0
83.9,1835,2,0.000380985,0.000380985,0.612016,0.602679,0.00933737,34.4481,34.4107,11,11,0,0.835133,0.836397,0.001264,0,1,1,1
83.9,1835,3,0.0162969,0.0162969,0.481279,0.498593,0.0173135,33.9251,33.9944,9,9,0,0.810288,0.904368,0.09408,0,1,1,0
84,1836,1,0.00215732,0.00215732,0.750495,0.753318,0.00282305,35.002,35.0133,10,10,0,0.766251,0.861331,0.09508,0,1,1,0
84,1836,2,0.00271159,0.00271159,0.600383,0.612016,0.0116325,34.4015,34.4481,11,11,0,0.836397,0.845493,0.009096,0,1,1,1
84,1836,3,0.0120195,0.0120195,0.552552,0.481279,0.0712725,34.2102,33.9251,9,9,0,0.904368,0.658504,0.245864,0,1,0,0
84.1,1837,1,0.00796213,0.00796213,0.669875,0.750495,0.0806202,34.6795,35.002,10,10,0,0.861331,0.857163,0.004168,0,1,0,0
84.1,1837,2,0.0162349,0.0162349,0.630073,0.600383,0.0296897,34.5203,34.4015,11,11,0,0.845493,0.777477,0.068016,0,1,0,0
84.1,1837,3,0.00802252,0.00802252,0.529911,0.552552,0.0226402,34.1196,34.2102,9,9,0,0.658504,0.818336,0.159832,0,1,0,0
84.2,1838,1,0.00782371,0.00782371,0.632337,0.669875,0.0375379,34.5293,34.6795,10,10,0,0.857163,0.845379,0.011784,0,1,0,0
84.2,1838,2,0.00744925,0.00744925,0.616763,0.630073,0.0133106,34.4671,34.5203,11,11,0,0.777477,0.809005,0.031528,0,1,1,0
84.2,1838,3,0.00151036,0.00151036,0.529397,0.529911,0.000513971,34.1176,34.1196,9,9,0,0.818336,0.909,0.090664,0,1,1,0
84.3,1839,1,0.00232265,0.00232265,0.676363,0.632337,0.0440262,34.7055,34.5293,10,10,0,0.845379,0.780571,0.064808,0,1,0,0
84.3,1839,2,0.00264196,0.00264196,0.622421,0.616763,0.00565881,34.4897,34.4671,11,11,0,0.809005,0.798301,0.010704,0,1,1,0
84.3,1839,3,0.000919059,0.000919059,0.481812,0.529397,0.047586,33.9272,34.1176,9,9,0,0.909,0.885544,0.023456,0,1,0,0
84.4,1840,1,0.00158625,0.00158625,0.704959,0.676363,0.0285958,34.8198,34.7055,10,10,0,0.780571,0.765291,0.01528,0,1,0,0
84.4,1840,2,0.0119148,0.0119148,0.605026,0.622421,0.0173952,34.4201,34.4897,11,11,0,0.798301,0.849333,0.051032,0,1,1,0
84.4,1840,3,0.00174377,0.00174377,0.481821,0.481812,9.0301e-06,33.9273,33.9272,9,9,0,0.885544,0.914352,0.028808,0,1,1,0
84.5,1841,1,0.0019611,0.0019611,0.692669,0.704959,0.0122899,34.7707,34.8198,10,10,0,0.765291,0.785779,0.020488,0,1,1,0
84.5,1841,2,0.00252949,0.00252949,0.598577,0.605026,0.00644952,34.3943,34.4201,11,11,0,0.849333,0.860669,0.011336,0,1,1,0
84.5,1841,3,0.0154529,0.0154529,0.503693,0.481821,0.0218727,34.0148,33.9273,9,9,0,0.914352,0.797784,0.116568,0,1,0,0
84.6,1842,1,0.00356934,0.00356934,0.676496,0.692669,0.0161727,34.706,34.7707,10,10,0,0.785779,0.780339,0.00544,0,1,1,1
84.6,1842,2,0.00399429,0.00399429,0.59968,0.598577,0.00110358,34.3987,34.3943,11,11,0,0.860669,0.840605,0.020064,0,1,1,0
84.6,1842,3,0.00583278,0.00583278,0.487745,0.503693,0.0159478,33.951,34.0148,9,9,0,0.797784,0.849384,0.0516,0,1,1,0
84.7,1843,1,0.00226359,0.00226359,0.70046,0.676496,0.0239635,34.8018,34.706,10,10,0,0.780339,0.773267,0.007072,0,1,0,0
84.7,1843,2,0.00114027,0.00114027,0.605739,0.59968,0.00605917,34.423,34.3987,11,11,0,0.840605,0.848021,0.007416,0,1,1,1
84.7,1843,3,0.00770573,0.00770573,0.481883,0.487745,0.00586244,33.9275,33.951,9,9,0,0.849384,0.883672,0.034288,0,1,1,0
84.8,1844,1,0.00130574,0.00130574,0.692669,0.70046,0.0077908,34.7707,34.8018,10,10,0,0.773267,0.785779,0.012512,0,1,1,0
84.8,1844,2,0.00163564,0.00163564,0.604064,0.605739,0.00167572,34.4163,34.423,11,11,0,0.848021,0.856781,0.00876,0,1,1,1
84.8,1844,3,0.0137703,0.0137703,0.494711,0.481883,0.0128277,33.9788,33.9275,9,9,0,0.883672,0.820976,0.062696,0,1,1,0
84.9,1845,1,0.000131167,0.000131167,0.71028,0.692669,0.0176108,34.8411,34.7707,10,10,0,0.785779,0.772347,0.013432,0,1,1,0
84.9,1845,2,0.00282062,0.00282062,0.590474,0.604064,0.0135891,34.3619,34.4163,11,11,0,0.856781,0.880245,0.023464,0,1,1,0
84.9,1845,3,0.0084324,0.0084324,0.533654,0.494711,0.0389428,34.1346,33.9788,9,9,0,0.820976,0.80048,0.020496,0,1,0,0
85,1846,1,0.0024783,0.0024783,0.673624,0.71028,0.0366561,34.6945,34.8411,10,10,0,0.772347,0.784723,0.012376,0,1,0,0
85,1846,2,0.00926098,0.00926098,0.607764,0.590474,0.0172894,34.4311,34.3619,11,11,0,0.880245,0.825781,0.054464,0,1,1,0
85,1846,3,0.00685766,0.00685766,0.533467,0.533654,0.000186086,34.1339,34.1346,9,9,0,0.80048,0.875944,0.075464,0,1,1,0
85.1,1847,1,0.000759918,0.000759918,0.705422,0.673624,0.0317978,34.8217,34.6945,10,10,0,0.784723,0.738403,0.04632,0,1,0,0
85.1,1847,2,0.00538386,0.00538386,0.619427,0.607764,0.0116627,34.4777,34.4311,11,11,0,0.825781,0.803981,0.0218,0,1,1,0
85.1,1847,3,0.00692441,0.00692441,0.537539,0.533467,0.00407147,34.1502,34.1339,9,9,0,0.875944,0.950368,0.074424,0,1,1,0
85.2,1848,1,0.00064192,0.00064192,0.712802,0.705422,0.00738043,34.8512,34.8217,10,10,0,0.738403,0.724227,0.014176,0,1,1,0
85.2,1848,2,0.00751039,0.00751039,0.635558,0.619427,0.0161318,34.5422,34.4777,11,11,0,0.803981,0.772989,0.030992,0,1,1,0
85.2,1848,3,0.00300609,0.00300609,0.535757,0.537539,0.00178176,34.143,34.1502,9,9,0,0.950368,0.927,0.023368,0,1,1,0
85.3,1849,1,0.000683054,0.000683054,0.705026,0.712802,0.00777638,34.8201,34.8512,10,10,0,0.724227,0.739051,0.014824,0,1,1,0
85.3,1849,2,0.000790738,0.000790738,0.636397,0.635558,0.000839055,34.5456,34.5422,11,11,0,0.772989,0.777501,0.004512,0,1,1,1
85.3,1849,3,0.0027713,0.0027713,0.488028,0.535757,0.0477289,33.9521,34.143,9,9,0,0.927,0.93252,0.00552,0,1,0,0
85.4,1850,1,0.00192349,0.00192349,0.707734,0.705026,0.0027082,34.8309,34.8201,10,10,0,0.739051,0.776931,0.03788,0,1,1,0
85.4,1850,2,0.0164455,0.0164455,0.609585,0.636397,0.0268127,34.4383,34.5456,11,11,0,0.777501,0.847085,0.069584,0,1,0,0
85.4,1850,3,0.000565991,0.000565991,0.481964,0.488028,0.00606436,33.9279,33.9521,9,9,0,0.93252,0.881552,0.050968,0,1,1,0
85.5,1851,1,0.000627711,0.000627711,0.705031,0.707734,0.00270277,34.8201,34.8309,10,10,0,0.776931,0.781219,0.004288,0,1,1,1
85.5,1851,2,0.00348536,0.00348536,0.598918,0.609585,0.0106667,34.3957,34.4383,11,11,0,0.847085,0.865149,0.018064,0,1,1,0
85.5,1851,3,0.0140255,0.0140255,0.496921,0.481964,0.0149575,33.9877,33.9279,9,9,0,0.881552,0.814896,0.066656,0,1,1,0
85.6,1852,1,0.000585623,0.000585623,0.707394,0.705031,0.0023632,34.8296,34.8201,10,10,0,0.781219,0.777523,0.003696,0,1,1,1
85.6,1852,2,0.000834875,0.000834875,0.594016,0.598918,0.00490159,34.3761,34.3957,11,11,0,0.865149,0.873941,0.008792,0,1,1,1
85.6,1852,3,8.67695e-05,8.67695e-05,0.497348,0.496921,0.000426888,33.9894,33.9877,9,9,0,0.814896,0.81372,0.001176,0,1,1,1
85.7,1853,1,0.000994857,0.000994857,0.702082,0.707394,0.00531256,34.8083,34.8296,10,10,0,0.777523,0.785779,0.008256,1,1,1,1
85.7,1853,2,0.00222045,0.00222045,0.604059,0.594016,0.0100423,34.4162,34.3761,11,11,0,0.873941,0.856789,0.017152,1,1,1,0
85.7,1853,3,0.0101215,0.0101215,0.531976,0.497348,0.0346281,34.1279,33.9894,9,9,0,0.81372,0.807736,0.005984,1,1,0,0
85.8,1854,1,0.00375601,0.00375601,0.700232,0.702082,0.00184971,34.8009,34.8083,10,10,0,0.785779,0.746443,0.039336,0,1,1,0
85.8,1854,2,0.0115075,0.0115075,0.621508,0.604059,0.0174497,34.486,34.4162,11,11,0,0.856789,0.806205,0.050584,0,1,1,0
85.8,1854,3,0.0051109,0.0051109,0.538897,0.531976,0.00692022,34.1556,34.1279,9,9,0,0.807736,0.877016,0.06928,0,1,1,0
85.9,1855,1,0.00164998,0.00164998,0.713949,0.700232,0.0137165,34.8558,34.8009,10,10,0,0.746443,0.721883,0.02456,0,1,1,0
85.9,1855,2,0.00778717,0.00778717,0.638044,0.621508,0.0165359,34.5522,34.486,11,11,0,0.806205,0.774277,0.031928,0,1,1,0
85.9,1855,3,0.00474144,0.00474144,0.5425,0.538897,0.00360292,34.17,34.1556,9,9,0,0.877016,0.9496,0.072584,0,1,1,0
86,1856,1,0.00128717,0.00128717,0.701799,0.713949,0.0121491,34.8072,34.8558,10,10,0,0.721883,0.744211,0.022328,0,1,1,0
86,1856,2,0.00146683,0.00146683,0.641252,0.638044,0.00320745,34.565,34.5522,11,11,0,0.774277,0.767965,0.006312,0,1,1,1
86,1856,3,0.00276808,0.00276808,0.540678,0.5425,0.00182158,34.1627,34.17,9,9,0,0.9496,0.926312,0.023288,0,1,1,0
86.1,1857,1,0.00176635,0.00176635,0.717332,0.701799,0.015533,34.8693,34.8072,10,10,0,0.744211,0.714507,0.029704,0,1,1,0
86.1,1857,2,0.0033456,0.0033456,0.633961,0.641252,0.00729036,34.5358,34.565,11,11,0,0.767965,0.782253,0.014288,0,1,1,0
86.1,1857,3,0.000442415,0.000442415,0.493217,0.540678,0.0474609,33.9729,34.1627,9,9,0,0.926312,0.93252,0.006208,0,1,0,0
86.2,1858,1,0.00017466,0.00017466,0.725362,0.717332,0.00802916,34.9014,34.8693,10,10,0,0.714507,0.747659,0.033152,0,1,1,0
86.2,1858,2,0.0166894,0.0166894,0.607715,0.633961,0.0262467,34.4309,34.5358,11,11,0,0.782253,0.855813,0.07356,0,1,0,0
86.2,1858,3,0.00326884,0.00326884,0.481407,0.493217,0.0118098,33.9256,33.9729,9,9,0,0.93252,0.906728,0.025792,0,1,1,0
86.3,1859,1,0.00222875,0.00222875,0.731504,0.725362,0.0061425,34.926,34.9014,10,10,0,0.747659,0.736811,0.010848,0,1,1,0
86.3,1859,2,0.000853404,0.000853404,0.610792,0.607715,0.00307697,34.4432,34.4309,11,11,0,0.855813,0.850757,0.005056,0,1,1,1
86.3,1859,3,0.0157261,0.0157261,0.495578,0.481407,0.0141711,33.9823,33.9256,9,9,0,0.906728,0.818592,0.088136,0,1,1,0
86.4,1860,1,0.00163416,0.00163416,0.727334,0.731504,0.00417036,34.9093,34.926,10,10,0,0.736811,0.744483,0.007672,0,1,1,1
86.4,1860,2,0.00390901,0.00390901,0.593375,0.610792,0.0174162,34.3735,34.4432,11,11,0,0.850757,0.875085,0.024328,0,1,1,0
86.4,1860,3,0.00557864,0.00557864,0.488178,0.495578,0.00740072,33.9527,33.9823,9,9,0,0.818592,0.847008,0.028416,0,1,1,0
86.5,1861,1,0.000949908,0.000949908,0.714995,0.727334,0.0123392,34.86,34.9093,10,10,0,0.744483,0.763755,0.019272,0,1,1,0
86.5,1861,2,3.64482e-05,3.64482e-05,0.593591,0.593375,0.000215232,34.3744,34.3735,11,11,0,0.875085,0.874701,0.000384,0,1,1,1
86.5,1861,3,0.00468036,0.00468036,0.531444,0.488178,0.0432665,34.1258,33.9527,9,9,0,0.847008,0.810472,0.036536,0,1,0,0
86.6,1862,1,0.00182884,0.00182884,0.70075,0.714995,0.0142449,34.803,34.86,10,10,0,0.763755,0.745707,0.018048,0,1,1,0
86.6,1862,2,0.0150025,0.0150025,0.624067,0.593591,0.0304767,34.4963,34.3744,11,11,0,0.874701,0.801333,0.073368,0,1,0,0
86.6,1862,3,0.00404943,0.00404943,0.539749,0.531444,0.00830519,34.159,34.1258,9,9,0,0.810472,0.914464,0.103992,0,1,1,0
86.7,1863,1,0.000674892,0.000674892,0.705016,0.70075,0.00426614,34.8201,34.803,10,10,0,0.745707,0.739067,0.00664,0,1,1,1
86.7,1863,2,0.0020804,0.0020804,0.628465,0.624067,0.00439751,34.5139,34.4963,11,11,0,0.801333,0.792901,0.008432,0,1,1,1
86.7,1863,3,0.00175208,0.00175208,0.494204,0.539749,0.0455448,33.9768,34.159,9,9,0,0.914464,0.945984,0.03152,0,1,0,0
86.8,1864,1,0.00218367,0.00218367,0.727535,0.705016,0.0225189,34.9101,34.8201,10,10,0,0.739067,0.744115,0.005048,0,1,0,0
86.8,1864,2,0.00523093,0.00523093,0.625604,0.628465,0.00286072,34.5024,34.5139,11,11,0,0.792901,0.816901,0.024,0,1,1,0
86.8,1864,3,0.00727901,0.00727901,0.488389,0.494204,0.00581533,33.9536,33.9768,9,9,0,0.945984,0.845784,0.1002,0,1,1,0
86.9,1865,1,0.000434261,0.000434261,0.726295,0.727535,0.00123936,34.9052,34.9101,10,10,0,0.744115,0.746283,0.002168,0,1,1,1
86.9,1865,2,0.00689758,0.00689758,0.610808,0.625604,0.0147958,34.4432,34.5024,11,11,0,0.816901,0.844813,0.027912,0,1,1,0
86.9,1865,3,0.00567799,0.00567799,0.497551,0.488389,0.00916234,33.9902,33.9536,9,9,0,0.845784,0.81316,0.032624,0,1,1,0
87,1866,1,0.000763047,0.000763047,0.716104,0.726295,0.0101915,34.8644,34.9052,10,10,0,0.746283,0.761715,0.015432,0,1,1,0
87,1866,2,0.00473323,0.00473323,0.594894,0.610808,0.0159145,34.3796,34.4432,11,11,0,0.844813,0.872373,0.02756,0,1,1,0
87,1866,3,0.000198238,0.000198238,0.498526,0.497551,0.000974476,33.9941,33.9902,9,9,0,0.81316,0.810472,0.002688,0,1,1,1
87.1,1867,1,0.00469492,0.00469492,0.763013,0.716104,0.0469095,35.0521,34.8644,10,10,0,0.761715,0.761459,0.000256,0,1,0,0
87.1,1867,2,0.000684433,0.000684433,0.598909,0.594894,0.00401521,34.3956,34.3796,11,11,0,0.872373,0.865165,0.007208,0,1,1,1
87.1,1867,3,0.0134305,0.0134305,0.529161,0.498526,0.0306351,34.1166,33.9941,9,9,0,0.810472,0.827424,0.016952,0,1,0,0
87.2,1868,1,0.00146493,0.00146493,0.771197,0.763013,0.00818384,35.0848,35.0521,10,10,0,0.761459,0.773955,0.012496,0,1,1,0
87.2,1868,2,0.0150585,0.0150585,0.623367,0.598909,0.0244576,34.4935,34.3956,11,11,0,0.865165,0.796501,0.068664,0,1,0,0
87.2,1868,3,0.00249624,0.00249624,0.530709,0.529161,0.00154746,34.1228,34.1166,9,9,0,0.827424,0.9266,0.099176,0,1,1,0
87.3,1869,1,0.0060991,0.0060991,0.688347,0.771197,0.0828499,34.7534,35.0848,10,10,0,0.773955,0.830491,0.056536,0,1,0,0
87.3,1869,2,0.0140683,0.0140683,0.652226,0.623367,0.0288591,34.6089,34.4935,11,11,0,0.796501,0.740085,0.056416,0,1,0,0
87.3,1869,3,0.0035065,0.0035065,0.481927,0.530709,0.0487819,33.9277,34.1228,9,9,0,0.9266,0.882528,0.044072,0,1,0,0
87.4,1870,1,0.000581108,0.000581108,0.681896,0.688347,0.00645083,34.7276,34.7534,10,10,0,0.830491,0.813915,0.016576,0,1,1,0
87.4,1870,2,0.0194232,0.0194232,0.622969,0.652226,0.0292566,34.4919,34.6089,11,11,0,0.740085,0.821933,0.081848,0,1,0,0
87.4,1870,3,0.00704654,0.00704654,0.487383,0.481927,0.0054563,33.9495,33.9277,9,9,0,0.882528,0.851376,0.031152,0,1,1,0
87.5,1871,1,0.00147749,0.00147749,0.72648,0.681896,0.0445832,34.9059,34.7276,10,10,0,0.813915,0.746011,0.067904,0,1,0,0
87.5,1871,2,0.0090581,0.0090581,0.601352,0.622969,0.0216171,34.4054,34.4919,11,11,0,0.821933,0.861181,0.039248,0,1,0,0
87.5,1871,3,0.007209,0.007209,0.497615,0.487383,0.0102324,33.9905,33.9495,9,9,0,0.851376,0.812984,0.038392,0,1,1,0
87.6,1872,1,0.00193039,0.00193039,0.73146,0.72648,0.00498021,34.9258,34.9059,10,10,0,0.746011,0.736891,0.00912,0,1,1,1
87.6,1872,2,0.00132997,0.00132997,0.594894,0.601352,0.00645822,34.3796,34.4054,11,11,0,0.861181,0.872373,0.011192,0,1,1,0
87.6,1872,3,0.00437646,0.00437646,0.489355,0.497615,0.00826028,33.9574,33.9905,9,9,0,0.812984,0.840024,0.02704,0,1,1,0
87.7,1873,1,0.0022906,0.0022906,0.725079,0.73146,0.00638098,34.9003,34.9258,10,10,0,0.736891,0.748075,0.011184,0,1,1,0
87.7,1873,2,0.000265233,0.000265233,0.586791,0.594894,0.00810283,34.3472,34.3796,11,11,0,0.872373,0.858301,0.014072,0,1,1,0
87.7,1873,3,0.00602156,0.00602156,0.531738,0.489355,0.0423832,34.127,33.9574,9,9,0,0.840024,0.80896,0.031064,0,1,0,0
87.8,1874,1,0.000318728,0.000318728,0.715698,0.725079,0.00938082,34.8628,34.9003,10,10,0,0.748075,0.718291,0.029784,0,1,1,0
87.8,1874,2,0.00164964,0.00164964,0.583991,0.586791,0.00279993,34.336,34.3472,11,11,0,0.858301,0.849557,0.008744,0,1,1,1
87.8,1874,3,0.00493006,0.00493006,0.539349,0.531738,0.00761116,34.1574,34.127,9,9,0,0.80896,0.909368,0.100408,0,1,1,0
87.9,1875,1,0.00113882,0.00113882,0.71936,0.715698,0.00366241,34.8774,34.8628,10,10,0,0.718291,0.706563,0.011728,0,1,1,0
87.9,1875,2,0.00894109,0.00894109,0.604071,0.583991,0.0200804,34.4163,34.336,11,11,0,0.849557,0.813389,0.036168,0,1,0,0
87.9,1875,3,0.00336398,0.00336398,0.497576,0.539349,0.0417731,33.9903,34.1574,9,9,0,0.909368,0.966264,0.056896,0,1,0,0
88,1876,1,0.00367897,0.00367897,0.736647,0.71936,0.0172869,34.9466,34.8774,10,10,0,0.706563,0.741275,0.034712,0,1,1,0
88,1876,2,0.0127769,0.0127769,0.57849,0.604071,0.0255815,34.314,34.4163,11,11,0,0.813389,0.866093,0.052704,0,1,0,0
88,1876,3,0.00136435,0.00136435,0.485165,0.497576,0.0124114,33.9407,33.9903,9,9,0,0.966264,0.863544,0.10272,0,1,1,0
88.1,1877,1,0.00357768,0.00357768,0.777587,0.736647,0.0409401,35.1103,34.9466,10,10,0,0.741275,0.746019,0.004744,0,1,0,0
88.1,1877,2,0.00532766,0.00532766,0.567222,0.57849,0.011268,34.2689,34.314,11,11,0,0.866093,0.885645,0.019552,0,1,1,0
88.1,1877,3,0.0108969,0.0108969,0.500244,0.485165,0.0150791,34.001,33.9407,9,9,0,0.863544,0.805912,0.057632,0,1,1,0
88.2,1878,1,0.00234038,0.00234038,0.771156,0.777587,0.0064317,35.0846,35.1103,10,10,0,0.746019,0.774067,0.028048,0,1,1,0
88.2,1878,2,0.0232107,0.0232107,0.612406,0.567222,0.0451843,34.4496,34.2689,11,11,0,0.885645,0.790973,0.094672,0,0,0,0
88.2,1878,3,0.0158056,0.0158056,0.481402,0.500244,0.0188423,33.9256,34.001,9,9,0,0.805912,0.896272,0.09036,0,1,1,0
88.3,1879,1,0.00676796,0.00676796,0.687388,0.771156,0.0837682,34.7496,35.0846,10,10,0,0.774067,0.844067,0.07,0,1,0,0
88.3,1879,2,0.0133211,0.0133211,0.588917,0.612406,0.0234894,34.3557,34.4496,11,11,0,0.790973,0.847661,0.056688,0,1,0,0
88.3,1879,3,0.00884302,0.00884302,0.485918,0.481402,0.00451627,33.9437,33.9256,9,9,0,0.896272,0.81176,0.084512,0,1,1,0
88.4,1880,1,0.00225496,0.00225496,0.662525,0.687388,0.0248625,34.6501,34.7496,10,10,0,0.844067,0.854955,0.010888,0,1,0,0
88.4,1880,2,0.00762583,0.00762583,0.572324,0.588917,0.0165927,34.2893,34.3557,11,11,0,0.847661,0.877157,0.029496,0,1,1,0
88.4,1880,3,0.00603872,0.00603872,0.494527,0.485918,0.00860903,33.9781,33.9437,9,9,0,0.81176,0.82148,0.00972,0,1,1,1
88.5,1881,1,0.00174338,0.00174338,0.737474,0.662525,0.0749488,34.9499,34.6501,10,10,0,0.854955,0.739715,0.11524,0,1,0,0
88.5,1881,2,0.00295442,0.00295442,0.56557,0.572324,0.0067538,34.2623,34.2893,11,11,0,0.877157,0.888341,0.011184,0,1,1,0
88.5,1881,3,0.013764,0.013764,0.528734,0.494527,0.0342067,34.1149,33.9781,9,9,0,0.82148,0.838408,0.016928,0,1,0,0
88.6,1882,1,0.00773086,0.00773086,0.72341,0.737474,0.0140644,34.8936,34.9499,10,10,0,0.739715,0.695099,0.044616,0,1,1,0
88.6,1882,2,0.00617307,0.00617307,0.575519,0.56557,0.00994867,34.3021,34.2623,11,11,0,0.888341,0.864429,0.023912,0,1,1,0
88.6,1882,3,0.00323986,0.00323986,0.542101,0.528734,0.0133676,34.1684,34.1149,9,9,0,0.838408,0.944504,0.106096,0,1,1,0
88.7,1883,1,0.000517692,0.000517692,0.724599,0.72341,0.00118989,34.8984,34.8936,10,10,0,0.695099,0.691027,0.004072,0,1,1,1
88.7,1883,2,0.00761271,0.00761271,0.592908,0.575519,0.0173885,34.3716,34.3021,11,11,0,0.864429,0.833661,0.030768,0,1,1,0
88.7,1883,3,0.00128151,0.00128151,0.495571,0.542101,0.0465299,33.9823,34.1684,9,9,0,0.944504,0.954832,0.010328,0,1,0,0
88.8,1884,1,0.00610696,0.00610696,0.729845,0.724599,0.00524509,34.9194,34.8984,10,10,0,0.691027,0.752707,0.06168,0,1,1,0
88.8,1884,2,0.00312241,0.00312241,0.589105,0.592908,0.00380242,34.3564,34.3716,11,11,0,0.833661,0.847325,0.013664,0,1,1,0
88.8,1884,3,0.000882559,0.000882559,0.484543,0.495571,0.0110288,33.9382,33.9823,9,9,0,0.954832,0.866952,0.08788,0,1,1,0
88.9,1885,1,0.00175456,0.00175456,0.783379,0.729845,0.0535347,35.1335,34.9194,10,10,0,0.752707,0.733403,0.019304,0,1,0,0
88.9,1885,2,0.00997273,0.00997273,0.567222,0.589105,0.0218832,34.2689,34.3564,11,11,0,0.847325,0.885645,0.03832,0,1,0,0
88.9,1885,3,0.00654536,0.00654536,0.488894,0.484543,0.00435102,33.9556,33.9382,9,9,0,0.866952,0.842776,0.024176,0,1,1,0
89,1886,1,0.00257988,0.00257988,0.770599,0.783379,0.0127801,35.0824,35.1335,10,10,0,0.733403,0.775571,0.042168,0,1,1,0
89,1886,2,0.000612624,0.000612624,0.568684,0.567222,0.00146151,34.2747,34.2689,11,11,0,0.885645,0.883253,0.002392,0,1,1,1
89,1886,3,0.000776775,0.000776775,0.493816,0.488894,0.00492197,33.9753,33.9556,9,9,0,0.842776,0.7988,0.043976,0,1,1,0
89.1,1887,1,0.0057968,0.0057968,0.68265,0.770599,0.0879489,34.7306,35.0824,10,10,0,0.775571,0.838683,0.063112,0,1,0,0
89.1,1887,2,0.00315782,0.00315782,0.574889,0.568684,0.0062052,34.2996,34.2747,11,11,0,0.883253,0.872381,0.010872,0,1,1,0
89.1,1887,3,0.000892624,0.000892624,0.507336,0.493816,0.0135206,34.0293,33.9753,9,9,0,0.7988,0.775776,0.023024,0,1,1,0
89.2,1888,1,0.0029076,0.0029076,0.668391,0.68265,0.0142597,34.6736,34.7306,10,10,0,0.838683,0.792611,0.046072,0,1,1,0
89.2,1888,2,0.00766864,0.00766864,0.592417,0.574889,0.017528,34.3697,34.2996,11,11,0,0.872381,0.841397,0.030984,0,1,1,0
89.2,1888,3,0.00561413,0.00561413,0.497542,0.507336,0.00979441,33.9902,34.0293,9,9,0,0.775776,0.916904,0.141128,0,1,1,0
89.3,1889,1,0.00151619,0.00151619,0.728161,0.668391,0.0597699,34.9126,34.6736,10,10,0,0.792611,0.755779,0.036832,0,1,0,0
89.3,1889,2,0.005256,0.005256,0.583758,0.592417,0.00865865,34.335,34.3697,11,11,0,0.841397,0.863677,0.02228,0,1,1,0
89.3,1889,3,0.00502191,0.00502191,0.481298,0.497542,0.016244,33.9252,33.9902,9,9,0,0.916904,0.898992,0.017912,0,1,1,0
89.4,1890,1,0.00366885,0.00366885,0.742332,0.728161,0.014172,34.9693,34.9126,10,10,0,0.755779,0.730587,0.025192,0,1,1,0
89.4,1890,2,0.00340943,0.00340943,0.574699,0.583758,0.00905955,34.2988,34.335,11,11,0,0.863677,0.879597,0.01592,0,1,1,0
89.4,1890,3,0.0151302,0.0151302,0.49453,0.481298,0.0132322,33.9781,33.9252,9,9,0,0.898992,0.821472,0.07752,0,1,1,0
89.5,1891,1,0.00677721,0.00677721,0.772152,0.742332,0.0298192,35.0886,34.9693,10,10,0,0.730587,0.756899,0.026312,0,1,0,0
89.5,1891,2,0.000424013,0.000424013,0.573697,0.574699,0.00100118,34.2948,34.2988,11,11,0,0.879597,0.881253,0.001656,0,1,1,1
89.5,1891,3,0.00342358,0.00342358,0.489595,0.49453,0.00493506,33.9584,33.9781,9,9,0,0.821472,0.838592,0.01712,0,1,1,0
89.6,1892,1,0.00168056,0.00168056,0.778535,0.772152,0.00638372,35.1141,35.0886,10,10,0,0.756899,0.757035,0.000136,0,1,1,1
89.6,1892,2,0.000110604,0.000110604,0.572285,0.573697,0.00141191,34.2891,34.2948,11,11,0,0.881253,0.877229,0.004024,0,1,1,1
89.6,1892,3,0.00184155,0.00184155,0.487994,0.489595,0.0016011,33.952,33.9584,9,9,0,0.838592,0.808304,0.030288,0,1,1,0
89.7,1893,1,0.0036015,0.0036015,0.667989,0.778535,0.110546,34.672,35.1141,10,10,0,0.757035,0.860435,0.1034,0,1,0,0
89.7,1893,2,0.00938009,0.00938009,0.592822,0.572285,0.0205366,34.3713,34.2891,11,11,0,0.877229,0.840669,0.03656,0,1,0,0
89.7,1893,3,0.00400941,0.00400941,0.523535,0.487994,0.0355413,34.0941,33.952,9,9,0,0.808304,0.794616,0.013688,0,1,0,0
89.8,1894,1,0.00612422,0.00612422,0.678595,0.667989,0.0106051,34.7144,34.672,10,10,0,0.860435,0.776675,0.08376,0,1,1,0
89.8,1894,2,0.00147422,0.00147422,0.589495,0.592822,0.00332689,34.358,34.3713,11,11,0,0.840669,0.846629,0.00596,0,1,1,1
89.8,1894,3,0.0043674,0.0043674,0.545822,0.523535,0.0222867,34.1833,34.0941,9,9,0,0.794616,0.928968,0.134352,0,1,0,0
89.9,1895,1,0.0042835,0.0042835,0.730117,0.678595,0.0515229,34.9205,34.7144,10,10,0,0.776675,0.670771,0.105904,0,1,0,0
89.9,1895,2,0.00546326,0.00546326,0.601728,0.589495,0.0122333,34.4069,34.358,11,11,0,0.846629,0.824533,0.022096,0,1,1,0
89.9,1895,3,0.00464066,0.00464066,0.505969,0.545822,0.0398532,34.0239,34.1833,9,9,0,0.928968,0.974528,0.04556,0,1,0,0
90,1896,1,0.0001164,0.0001164,0.717477,0.730117,0.0126405,34.8699,34.9205,10,10,0,0.670771,0.685187,0.014416,0,1,1,0
90,1896,2,0.00108553,0.00108553,0.599319,0.601728,0.00240964,34.3973,34.4069,11,11,0,0.824533,0.828925,0.004392,0,1,1,1
90,1896,3,0.000132672,0.000132672,0.503297,0.505969,0.00267172,34.0132,34.0239,9,9,0,0.974528,0.957984,0.016544,0,1,1,0
90.1,1897,1,0.00626923,0.00626923,0.78573,0.717477,0.0682533,35.1429,34.8699,10,10,0,0.685187,0.659899,0.025288,0,1,0,0
90.1,1897,2,0.00186691,0.00186691,0.59515,0.599319,0.00416875,34.3806,34.3973,11,11,0,0.828925,0.836477,0.007552,0,1,1,1
90.1,1897,3,0.000194833,0.000194833,0.509388,0.503297,0.00609136,34.0376,34.0132,9,9,0,0.957984,0.993696,0.035712,0,1,1,0
90.2,1898,1,0.0109316,0.0109316,0.772413,0.78573,0.0133176,35.0897,35.1429,10,10,0,0.659899,0.770659,0.11076,0,1,1,0
90.2,1898,2,0.0120152,0.0120152,0.621787,0.59515,0.0266374,34.4871,34.3806,11,11,0,0.836477,0.771309,0.065168,0,1,0,0
90.2,1898,3,0.00285515,0.00285515,0.494731,0.509388,0.0146571,33.9789,34.0376,9,9,0,0.993696,0.949544,0.044152,0,1,1,0
90.3,1899,1,0.00694108,0.00694108,0.710792,0.772413,0.0616207,34.8432,35.0897,10,10,0,0.770659,0.811051,0.040392,0,1,0,0
90.3,1899,2,0.00637294,0.00637294,0.607655,0.621787,0.0141325,34.4306,34.4871,11,11,0,0.771309,0.813645,0.042336,0,1,1,0
90.3,1899,3,0.0085182,0.0085182,0.492512,0.494731,0.00221905,33.97,33.9789,9,9,0,0.949544,0.800792,0.148752,0,1,1,0
90.4,1900,1,0.00138996,0.00138996,0.698036,0.710792,0.0127559,34.7921,34.8432,10,10,0,0.811051,0.804331,0.00672,0,1,1,1
90.4,1900,2,0.0133779,0.0133779,0.583733,0.607655,0.0239214,34.3349,34.4306,11,11,0,0.813645,0.870413,0.056768,0,1,0,0
90.4,1900,3,0.00413327,0.00413327,0.483221,0.492512,0.00929108,33.9329,33.97,9,9,0,0.800792,0.84872,0.047928,0,1,1,0
90.5,1901,1,0.00432518,0.00432518,0.74635,0.698036,0.0483136,34.9854,34.7921,10,10,0,0.804331,0.722395,0.081936,0,1,0,0
90.5,1901,2,0.00316246,0.00316246,0.573186,0.583733,0.0105475,34.2927,34.3349,11,11,0,0.870413,0.888349,0.017936,0,1,1,0
90.5,1901,3,0.00335575,0.00335575,0.480736,0.483221,0.00248501,33.9229,33.9329,9,9,0,0.84872,0.863408,0.014688,0,1,1,0
90.6,1902,1,0.00441253,0.00441253,0.736753,0.74635,0.00959623,34.947,34.9854,10,10,0,0.722395,0.741075,0.01868,0,1,1,0
90.6,1902,2,0.00181256,0.00181256,0.577458,0.573186,0.00427186,34.3098,34.2927,11,11,0,0.888349,0.881269,0.00708,0,1,1,1
90.6,1902,3,0.00477868,0.00477868,0.484273,0.480736,0.00353691,33.9371,33.9229,9,9,0,0.863408,0.842488,0.02092,0,1,1,0
90.7,1903,1,0.00370369,0.00370369,0.788906,0.736753,0.0521528,35.1556,34.947,10,10,0,0.741075,0.720339,0.020736,0,1,0,0
90.7,1903,2,0.00181256,0.00181256,0.573186,0.577458,0.00427186,34.2927,34.3098,11,11,0,0.881269,0.888349,0.00708,0,1,1,1
90.7,1903,3,0.00588951,0.00588951,0.480005,0.484273,0.0042685,33.92,33.9371,9,9,0,0.842488,0.867392,0.024904,0,1,1,0
90.8,1904,1,0.000211012,0.000211012,0.772394,0.788906,0.0165124,35.0896,35.1556,10,10,0,0.720339,0.790099,0.06976,0,1,1,0
90.8,1904,2,0.00967547,0.00967547,0.592403,0.573186,0.0192173,34.3696,34.2927,11,11,0,0.888349,0.841421,0.046928,0,1,1,0
90.8,1904,3,0.00857355,0.00857355,0.492196,0.480005,0.0121913,33.9688,33.92,9,9,0,0.867392,0.80128,0.066112,0,1,1,0
90.9,1905,1,0.00158649,0.00158649,0.757454,0.772394,0.0149398,35.0298,35.0896,10,10,0,0.790099,0.825795,0.035696,0,1,1,0
90.9,1905,2,0.00213638,0.00213638,0.597194,0.592403,0.0047909,34.3888,34.3696,11,11,0,0.841421,0.832781,0.00864,0,1,1,1
90.9,1905,3,0.000182495,0.000182495,0.49568,0.492196,0.00348455,33.9827,33.9688,9,9,0,0.80128,0.795944,0.005336,0,1,1,1
91,1906,1,0.00476577,0.00476577,0.749907,0.757454,0.0075475,34.9996,35.0298,10,10,0,0.825795,0.846483,0.020688,0,1,1,0
91,1906,2,0.000886075,0.000886075,0.595212,0.597194,0.00198227,34.3808,34.3888,11,11,0,0.832781,0.836365,0.003584,0,1,1,1
91,1906,3,0.000705436,0.000705436,0.505143,0.49568,0.00946227,34.0206,33.9827,9,9,0,0.795944,0.779752,0.016192,0,1,1,0
91.1,1907,1,0.00117277,0.00117277,0.694009,0.749907,0.0558977,34.776,34.9996,10,10,0,0.846483,0.755211,0.091272,0,1,0,0
91.1,1907,2,0.00195622,0.00195622,0.596373,0.595212,0.00116128,34.3855,34.3808,11,11,0,0.836365,0.827413,0.008952,0,1,1,1
91.1,1907,3,0.00943451,0.00943451,0.545817,0.505143,0.0406743,34.1833,34.0206,9,9,0,0.779752,0.928904,0.149152,0,1,0,0
91.2,1908,1,0.00347375,0.00347375,0.728478,0.694009,0.0344687,34.9139,34.776,10,10,0,0.755211,0.676827,0.078384,0,1,0,0
91.2,1908,2,0.00740713,0.00740713,0.612702,0.596373,0.0163283,34.4508,34.3855,11,11,0,0.827413,0.797421,0.029992,0,1,1,0
91.2,1908,3,0.00607865,0.00607865,0.549559,0.545817,0.0037424,34.1982,34.1833,9,9,0,0.928904,0.978008,0.049104,0,1,1,0
91.3,1909,1,0.00657649,0.00657649,0.783332,0.728478,0.0548545,35.1333,34.9139,10,10,0,0.676827,0.668259,0.008568,0,1,0,0
91.3,1909,2,0.000404656,0.000404656,0.61358,0.612702,0.000878155,34.4543,34.4508,11,11,0,0.797421,0.795781,0.00164,0,1,1,1
91.3,1909,3,0.00155445,0.00155445,0.507265,0.549559,0.0422943,34.0291,34.1982,9,9,0,0.978008,0.981784,0.003776,0,1,0,0
91.4,1910,1,0.0142852,0.0142852,0.786994,0.783332,0.00366199,35.148,35.1333,10,10,0,0.668259,0.739595,0.071336,0,1,1,0
91.4,1910,2,0.000665016,0.000665016,0.609006,0.61358,0.00457358,34.436,34.4543,11,11,0,0.795781,0.797437,0.001656,0,1,1,1
91.4,1910,3,0.00304101,0.00304101,0.492979,0.507265,0.0142858,33.9719,34.0291,9,9,0,0.981784,0.928072,0.053712,0,1,1,0
91.5,1911,1,0.0054401,0.0054401,0.749815,0.786994,0.0371792,34.9993,35.148,10,10,0,0.739595,0.846691,0.107096,0,1,0,0
91.5,1911,2,0.00245593,0.00245593,0.631451,0.609006,0.0224444,34.5258,34.436,11,11,0,0.797437,0.793301,0.004136,0,1,0,0
91.5,1911,3,0.00536671,0.00536671,0.483083,0.492979,0.00989652,33.9323,33.9719,9,9,0,0.928072,0.817488,0.110584,0,1,1,0
91.6,1912,1,0.00225833,0.00225833,0.744808,0.749815,0.00500727,34.9792,34.9993,10,10,0,0.846691,0.799683,0.047008,0,1,1,0
91.6,1912,2,0.0292236,0.0292236,0.568262,0.631451,0.0631888,34.273,34.5258,11,11,0,0.793301,0.921565,0.128264,0,0,0,0
91.6,1912,3,0.00267565,0.00267565,0.492605,0.483083,0.00952229,33.9704,33.9323,9,9,0,0.817488,0.84692,0.029432,0,1,1,0
91.7,1913,1,0.0112993,0.0112993,0.736798,0.744808,0.00800914,34.9472,34.9792,10,10,0,0.799683,0.726659,0.073024,0,1,1,0
91.7,1913,2,0.000783168,0.000783168,0.558938,0.568262,0.00932372,34.2358,34.273,11,11,0,0.921565,0.911597,0.009968,0,1,1,1
91.7,1913,3,0.00933019,0.00933019,0.486278,0.492605,0.00632671,33.9451,33.9704,9,9,0,0.84692,0.89872,0.0518,0,1,1,0
91.8,1914,1,0.00160318,0.00160318,0.732637,0.736798,0.00416148,34.9305,34.9472,10,10,0,0.726659,0.734763,0.008104,0,1,1,1
91.8,1914,2,0.00432064,0.00432064,0.55152,0.558938,0.00741804,34.2061,34.2358,11,11,0,0.911597,0.925933,0.014336,0,1,1,0
91.8,1914,3,0.00401466,0.00401466,0.489148,0.486278,0.00286931,33.9566,33.9451,9,9,0,0.89872,0.866,0.03272,0,1,1,0
91.9,1915,1,0.00602576,0.00602576,0.777569,0.732637,0.0449317,35.1103,34.9305,10,10,0,0.734763,0.731523,0.00324,0,1,0,0
91.9,1915,2,0.00694268,0.00694268,0.565251,0.55152,0.0137306,34.261,34.2061,11,11,0,0.925933,0.901365,0.024568,0,1,1,0
91.9,1915,3,0.00403799,0.00403799,0.486269,0.489148,0.00287899,33.9451,33.9566,9,9,0,0.866,0.898976,0.032976,0,1,1,0
92,1916,1,0.00381357,0.00381357,0.767872,0.777569,0.00969696,35.0715,35.1103,10,10,0,0.731523,0.836083,0.10456,0,1,1,0
92,1916,2,0.0163934,0.0163934,0.599974,0.565251,0.0347233,34.3999,34.261,11,11,0,0.901365,0.827733,0.073632,0,1,0,0
92,1916,3,0.00705642,0.00705642,0.484893,0.486269,0.00137621,33.9396,33.9451,9,9,0,0.898976,0.813464,0.085512,0,1,1,0
92.1,1917,1,0.000320785,0.000320785,0.767423,0.767872,0.000449181,35.0697,35.0715,10,10,0,0.836083,0.837387,0.001304,0,1,1,1
92.1,1917,2,0.00188436,0.00188436,0.592543,0.599974,0.00743133,34.3702,34.3999,11,11,0,0.827733,0.834317,0.006584,0,1,1,1
92.1,1917,3,0.00194809,0.00194809,0.507152,0.484893,0.0222596,34.0286,33.9396,9,9,0,0.813464,0.776112,0.037352,0,1,0,0
92.2,1918,1,0.000874557,0.000874557,0.780947,0.767423,0.0135241,35.1238,35.0697,10,10,0,0.837387,0.767147,0.07024,0,1,1,0
92.2,1918,2,0.000443034,0.000443034,0.593539,0.592543,0.000996888,34.3742,34.3702,11,11,0,0.834317,0.832525,0.001792,0,1,1,1
92.2,1918,3,0.00929523,0.00929523,0.486996,0.507152,0.0201559,33.948,34.0286,9,9,0,0.776112,0.913344,0.137232,0,1,0,0
92.3,1919,1,0.00579331,0.00579331,0.716969,0.780947,0.0639779,34.8679,35.1238,10,10,0,0.767147,0.826755,0.059608,0,1,0,0
92.3,1919,2,0.0118216,0.0118216,0.630748,0.593539,0.0372086,34.523,34.3742,11,11,0,0.832525,0.788493,0.044032,0,1,0,0
92.3,1919,3,0.00497926,0.00497926,0.477192,0.486996,0.00980452,33.9088,33.948,9,9,0,0.913344,0.833128,0.080216,0,1,1,0
92.4,1920,1,0.00517702,0.00517702,0.714545,0.716969,0.00242329,34.8582,34.8679,10,10,0,0.826755,0.764579,0.062176,0,1,1,0
92.4,1920,2,0.0179536,0.0179536,0.594163,0.630748,0.0365853,34.3767,34.523,11,11,0,0.788493,0.879429,0.090936,0,1,0,0
92.4,1920,3,0.00245736,0.00245736,0.487234,0.477192,0.0100418,33.9489,33.9088,9,9,0,0.833128,0.87472,0.041592,0,1,1,0
92.5,1921,1,0.00319175,0.00319175,0.734353,0.714545,0.0198074,34.9374,34.8582,10,10,0,0.764579,0.731515,0.033064,0,1,1,0
92.5,1921,2,0.00269596,0.00269596,0.607329,0.594163,0.013166,34.4293,34.3767,11,11,0,0.879429,0.856445,0.022984,0,1,1,0
92.5,1921,3,0.00128627,0.00128627,0.486662,0.487234,0.000571281,33.9466,33.9489,9,9,0,0.87472,0.888608,0.013888,0,1,1,0
92.6,1922,1,0.00206343,0.00206343,0.738464,0.734353,0.00411159,34.9539,34.9374,10,10,0,0.731515,0.723163,0.008352,0,1,1,1
92.6,1922,2,0.00197956,0.00197956,0.59837,0.607329,0.00895864,34.3935,34.4293,11,11,0,0.856445,0.871885,0.01544,0,1,1,0
92.6,1922,3,0.000715189,0.000715189,0.48696,0.486662,0.000297695,33.9478,33.9466,9,9,0,0.888608,0.88076,0.007848,0,1,1,1
92.7,1923,1,0.0112328,0.0112328,0.770896,0.738464,0.0324314,35.0836,34.9539,10,10,0,0.723163,0.731947,0.008784,0,1,0,0
92.7,1923,2,0.00188453,0.00188453,0.586794,0.59837,0.0115756,34.3472,34.3935,11,11,0,0.871885,0.865149,0.006736,0,1,1,1
92.7,1923,3,0.00182154,0.00182154,0.486602,0.48696,0.000358373,33.9464,33.9478,9,9,0,0.88076,0.906016,0.025256,0,1,1,0
92.8,1924,1,0.00810742,0.00810742,0.789679,0.770896,0.0187834,35.1587,35.0836,10,10,0,0.731947,0.782747,0.0508,0,1,1,0
92.8,1924,2,0.00116193,0.00116193,0.5742,0.586794,0.0125943,34.2968,34.3472,11,11,0,0.865149,0.866725,0.001576,0,1,1,1
92.8,1924,3,0.00885934,0.00885934,0.489293,0.486602,0.00269181,33.9572,33.9464,9,9,0,0.906016,0.806136,0.09988,0,1,1,0
92.9,1925,1,0.00217595,0.00217595,0.778493,0.789679,0.0111862,35.114,35.1587,10,10,0,0.782747,0.811203,0.028456,0,1,1,0
92.9,1925,2,0.00162321,0.00162321,0.590123,0.5742,0.0159229,34.3605,34.2968,11,11,0,0.866725,0.864013,0.002712,0,1,1,1
92.9,1925,3,0.000143483,0.000143483,0.511045,0.489293,0.0217519,34.0442,33.9572,9,9,0,0.806136,0.768992,0.037144,0,1,0,0
93,1926,1,0.00749423,0.00749423,0.763147,0.778493,0.0153462,35.0526,35.114,10,10,0,0.811203,0.794123,0.01708,0,1,1,0
93,1926,2,0.00987293,0.00987293,0.611998,0.590123,0.021875,34.448,34.3605,11,11,0,0.864013,0.824093,0.03992,0,1,0,0
93,1926,3,0.00708005,0.00708005,0.492485,0.511045,0.0185606,33.9699,34.0442,9,9,0,0.768992,0.918816,0.149824,0,1,1,0
93.1,1927,1,0.00893092,0.00893092,0.710473,0.763147,0.0526738,34.8419,35.0526,10,10,0,0.794123,0.835419,0.041296,0,1,0,0
93.1,1927,2,3.94881e-06,3.94881e-06,0.611989,0.611998,8.58307e-06,34.448,34.448,11,11,0,0.824093,0.824109,1.6e-05,0,1,1,1
93.1,1927,3,0.00395335,0.00395335,0.478011,0.492485,0.014474,33.912,33.9699,9,9,0,0.918816,0.829784,0.089032,0,1,1,0
93.2,1928,1,0.00618998,0.00618998,0.697967,0.710473,0.0125056,34.7919,34.8419,10,10,0,0.835419,0.777635,0.057784,0,1,1,0
93.2,1928,2,0.00849964,0.00849964,0.598754,0.611989,0.0132357,34.395,34.448,11,11,0,0.824109,0.865445,0.041336,0,1,1,0
93.2,1928,3,0.00460382,0.00460382,0.486612,0.478011,0.00860131,33.9464,33.912,9,9,0,0.829784,0.889936,0.060152,0,1,1,0
93.3,1929,1,0.00292392,0.00292392,0.727328,0.697967,0.0293607,34.9093,34.7919,10,10,0,0.777635,0.729467,0.048168,0,1,0,0
93.3,1929,2,0.000799075,0.000799075,0.601816,0.598754,0.00306284,34.4073,34.395,11,11,0,0.865445,0.860429,0.005016,0,1,1,1
93.3,1929,3,0.000836328,0.000836328,0.486264,0.486612,0.00034827,33.9451,33.9464,9,9,0,0.889936,0.899112,0.009176,0,1,1,1
93.4,1930,1,0.000936195,0.000936195,0.724521,0.727328,0.00280756,34.8981,34.9093,10,10,0,0.729467,0.734763,0.005296,0,1,1,1
93.4,1930,2,0.00193488,0.00193488,0.592073,0.601816,0.00974345,34.3683,34.4073,11,11,0,0.860429,0.877405,0.016976,0,1,1,0
93.4,1930,3,0.000393018,0.000393018,0.487346,0.486264,0.00108284,33.9494,33.9451,9,9,0,0.899112,0.919848,0.020736,0,1,1,0
93.5,1931,1,0.00714104,0.00714104,0.772273,0.724521,0.0477525,35.0891,34.8981,10,10,0,0.734763,0.728707,0.006056,0,1,0,0
93.5,1931,2,0.000177823,0.000177823,0.593124,0.592073,0.00105107,34.3725,34.3683,11,11,0,0.877405,0.875533,0.001872,0,1,1,1
93.5,1931,3,0.000700764,0.000700764,0.486392,0.487346,0.000954717,33.9456,33.9494,9,9,0,0.919848,0.895736,0.024112,0,1,1,0
93.6,1932,1,0.00947396,0.00947396,0.781547,0.772273,0.00927389,35.1262,35.0891,10,10,0,0.728707,0.803579,0.074872,0,1,1,0
93.6,1932,2,0.00208825,0.00208825,0.582815,0.593124,0.010309,34.3313,34.3725,11,11,0,0.875533,0.876493,0.00096,0,1,1,1
93.6,1932,3,0.00589591,0.00589591,0.480706,0.486392,0.00568607,33.9228,33.9456,9,9,0,0.895736,0.823056,0.07268,0,1,1,0
93.7,1933,1,0.0019777,0.0019777,0.769707,0.781547,0.0118396,35.0788,35.1262,10,10,0,0.803579,0.830731,0.027152,0,1,1,0
93.7,1933,2,0.000476569,0.000476569,0.585674,0.582815,0.00285906,34.3427,34.3313,11,11,0,0.876493,0.871477,0.005016,0,1,1,1
93.7,1933,3,0.00374549,0.00374549,0.495049,0.480706,0.0143433,33.9802,33.9228,9,9,0,0.823056,0.796912,0.026144,0,1,1,0
93.8,1934,1,0.0032872,0.0032872,0.763969,0.769707,0.00573814,35.0559,35.0788,10,10,0,0.830731,0.846155,0.015424,0,1,1,0
93.8,1934,2,0.00307749,0.00307749,0.594348,0.585674,0.00867397,34.3774,34.3427,11,11,0,0.871477,0.856429,0.015048,0,1,1,0
93.8,1934,3,0.000801235,0.000801235,0.506095,0.495049,0.011046,34.0244,33.9802,9,9,0,0.796912,0.778032,0.01888,0,1,1,0
93.9,1935,1,0.00528633,0.00528633,0.705448,0.763969,0.0585215,34.8218,35.0559,10,10,0,0.846155,0.818651,0.027504,0,1,0,0
93.9,1935,2,0.00395766,0.00395766,0.580382,0.594348,0.0139657,34.3215,34.3774,11,11,0,0.856429,0.880741,0.024312,0,1,1,0
93.9,1935,3,0.00770216,0.00770216,0.492609,0.506095,0.0134858,33.9704,34.0244,9,9,0,0.778032,0.921144,0.143112,0,1,1,0
94,1936,1,0.00535529,0.00535529,0.70658,0.705448,0.00113267,34.8263,34.8218,10,10,0,0.818651,0.762443,0.056208,0,1,1,0
94,1936,2,0.0157996,0.0157996,0.628507,0.580382,0.048125,34.514,34.3215,11,11,0,0.880741,0.811325,0.069416,0,1,0,0
94,1936,3,0.00381648,0.00381648,0.482473,0.492609,0.0101362,33.9299,33.9704,9,9,0,0.921144,0.926392,0.005248,0,1,1,1
94.1,1937,1,0.00441961,0.00441961,0.769876,0.70658,0.0632953,35.0795,34.8263,10,10,0,0.762443,0.734035,0.028408,0,1,0,0
94.1,1937,2,0.0142514,0.0142514,0.587522,0.628507,0.0409853,34.3501,34.514,11,11,0,0.811325,0.885469,0.074144,0,1,0,0
94.1,1937,3,0.00128245,0.00128245,0.481529,0.482473,0.000943661,33.9261,33.9299,9,9,0,0.926392,0.892936,0.033456,0,1,1,0
94.2,1938,1,0.00843176,0.00843176,0.771522,0.769876,0.00164664,35.0861,35.0795,10,10,0,0.734035,0.826811,0.092776,0,1,1,0
94.2,1938,2,0.00146113,0.00146113,0.592217,0.587522,0.00469512,34.3689,34.3501,11,11,0,0.885469,0.860261,0.025208,0,1,1,0
94.2,1938,3,0.00893717,0.00893717,0.482571,0.481529,0.00104156,33.9303,33.9261,9,9,0,0.892936,0.829656,0.06328,0,1,1,0
94.3,1939,1,0.00658136,0.00658136,0.756762,0.771522,0.01476,35.027,35.0861,10,10,0,0.826811,0.863115,0.036304,0,1,1,0
94.3,1939,2,0.00296365,0.00296365,0.580658,0.592217,0.0115595,34.3226,34.3689,11,11,0,0.860261,0.880261,0.02,0,1,1,0
94.3,1939,3,0.00214183,0.00214183,0.509976,0.482571,0.027405,34.0399,33.9303,9,9,0,0.829656,0.775776,0.05388,0,1,0,0
94.4,1940,1,0.00452452,0.00452452,0.762738,0.756762,0.00597543,35.051,35.027,10,10,0,0.863115,0.813147,0.049968,0,1,1,0
94.4,1940,2,0.00542238,0.00542238,0.597725,0.580658,0.0170673,34.3909,34.3226,11,11,0,0.880261,0.850325,0.029936,0,1,1,0
94.4,1940,3,0.00842972,0.00842972,0.49226,0.509976,0.0177162,33.969,34.0399,9,9,0,0.775776,0.914608,0.138832,0,1,1,0
94.5,1941,1,0.00428548,0.00428548,0.690123,0.762738,0.0726144,34.7605,35.051,10,10,0,0.813147,0.852363,0.039216,0,1,0,0
94.5,1941,2,0.00942563,0.00942563,0.618347,0.597725,0.0206218,34.4734,34.3909,11,11,0,0.850325,0.812189,0.038136,0,1,0,0
94.5,1941,3,0.00756236,0.00756236,0.487363,0.49226,0.00489622,33.9495,33.969,9,9,0,0.914608,0.81776,0.096848,0,1,1,0
94.6,1942,1,0.00424399,0.00424399,0.710324,0.690123,0.0202008,34.8413,34.7605,10,10,0,0.852363,0.772267,0.080096,0,1,0,0
94.6,1942,2,0.0241926,0.0241926,0.565541,0.618347,0.052806,34.2622,34.4734,11,11,0,0.812189,0.921053,0.108864,0,0,0,0
94.6,1942,3,0.0107288,0.0107288,0.481313,0.487363,0.00605074,33.9253,33.9495,9,9,0,0.81776,0.898608,0.080848,0,1,1,0
94.7,1943,1,0.0316292,0.0316292,0.811151,0.710324,0.100827,35.2446,34.8413,10,9,-1,0.772267,0.824424,0.0521573,0,0,0,0
94.7,1943,2,0.0187955,0.0187955,0.632418,0.565541,0.0668771,34.5297,34.2622,11,12,1,0.921053,0.745056,0.175997,0,1,0,0
94.7,1943,3,0.000682019,0.000682019,0.482217,0.481313,0.000904649,33.9289,33.9253,9,9,0,0.898608,0.921672,0.023064,0,1,1,0
94.8,1944,1,0.0456129,0.0456129,0.811366,0.811151,0.000214458,35.2455,35.2446,9,9,0,0.824424,0.934888,0.110464,0,0,1,0
94.8,1944,2,0.00102714,0.00102714,0.619447,0.632418,0.0129712,34.4778,34.5297,12,12,0,0.745056,0.75796,0.012904,0,1,1,0
94.8,1944,3,0.0130012,0.0130012,0.493097,0.482217,0.0108796,33.9724,33.9289,9,9,0,0.921672,0.80496,0.116712,0,1,1,0
94.9,1945,1,0.0133951,0.0133951,0.764208,0.811366,0.0471576,35.0568,35.2455,9,9,0,0.934888,1.00303,0.068144,0,1,0,0
94.9,1945,2,0.00229507,0.00229507,0.604487,0.619447,0.0149601,34.4179,34.4778,12,12,0,0.75796,0.756448,0.001512,0,1,1,1
94.9,1945,3,0.000492975,0.000492975,0.500509,0.493097,0.0074124,34.002,33.9724,9,9,0,0.80496,0.792896,0.012064,0,1,1,0
95,1946,1,0.0175461,0.0175461,0.773128,0.764208,0.00891978,35.0925,35.0568,9,9,0,1.00303,0.964176,0.038856,0,1,1,0
95,1946,2,0.00385831,0.00385831,0.599336,0.604487,0.00515074,34.3973,34.4179,12,12,0,0.756448,0.7708,0.014352,0,1,1,0
95,1946,3,0.00954381,0.00954381,0.49195,0.500509,0.00855917,33.9678,34.002,9,9,0,0.792896,0.908824,0.115928,0,1,1,0
95.1,1947,1,0.0071892,0.0071892,0.692923,0.773128,0.0802053,34.7717,35.0925,9,9,0,0.964176,0.979408,0.015232,0,1,0,0
95.1,1947,2,0.0196977,0.0196977,0.615845,0.599336,0.0165091,34.4634,34.3973,12,12,0,0.7708,0.716704,0.054096,0,1,1,0
95.1,1947,3,0.00490813,0.00490813,0.481272,0.49195,0.0106778,33.9251,33.9678,9,9,0,0.908824,0.834832,0.073992,0,1,1,0
95.2,1948,1,0.0266393,0.0266393,0.709659,0.692923,0.016736,34.8386,34.7717,9,9,0,0.979408,0.879688,0.09972,0,0,1,0
95.2,1948,2,0.0201101,0.0201101,0.597932,0.615845,0.0179132,34.3917,34.4634,12,12,0,0.716704,0.793792,0.077088,0,0,1,0
95.2,1948,3,0.00710955,0.00710955,0.48176,0.481272,0.000487298,33.927,33.9251,9,9,0,0.834832,0.886904,0.052072,0,1,1,0
95.3,1949,1,0.00672639,0.00672639,0.796375,0.709659,0.0867162,35.1855,34.8386,9,9,0,0.879688,0.78692,0.092768,0,1,0,0
95.3,1949,2,0.000553288,0.000553288,0.592036,0.597932,0.00589597,34.3681,34.3917,12,12,0,0.793792,0.805696,0.011904,0,1,1,0
95.3,1949,3,0.00174909,0.00174909,0.482218,0.48176,0.000458121,33.9289,33.927,9,9,0,0.886904,0.92168,0.034776,0,1,1,0
95.4,1950,1,0.0301401,0.0301401,0.76447,0.796375,0.0319048,35.0579,35.1855,9,9,0,0.78692,0.923056,0.136136,0,0,0,0
95.4,1950,2,0.0103185,0.0103185,0.609014,0.592036,0.0169778,34.4361,34.3681,12,12,0,0.805696,0.74188,0.063816,0,1,1,0
95.4,1950,3,0.014608,0.014608,0.4975,0.482218,0.0152823,33.99,33.9289,9,9,0,0.92168,0.802952,0.118728,0,1,1,0
95.5,1951,1,0.016262,0.016262,0.773447,0.76447,0.00897712,35.0938,35.0579,9,9,0,0.923056,0.980128,0.057072,0,1,1,0
95.5,1951,2,0.0080855,0.0080855,0.602162,0.609014,0.00685167,34.4086,34.4361,12,12,0,0.74188,0.763824,0.021944,0,1,1,0
95.5,1951,3,6.99311e-05,6.99311e-05,0.495757,0.4975,0.00174254,33.983,33.99,9,9,0,0.802952,0.807416,0.004464,0,1,1,1
95.6,1952,1,0.00821417,0.00821417,0.778086,0.773447,0.00463897,35.1123,35.0938,9,9,0,0.980128,0.9664,0.013728,0,1,1,0
95.6,1952,2,0.00208314,0.00208314,0.590742,0.602162,0.0114205,34.363,34.4086,12,12,0,0.763824,0.788144,0.02432,0,1,1,0
95.6,1952,3,0.000218764,0.000218764,0.503201,0.495757,0.00744334,34.0128,33.983,9,9,0,0.807416,0.792872,0.014544,0,1,1,0
95.7,1953,1,0.00729045,0.00729045,0.749014,0.778086,0.0290717,34.9961,35.1123,9,9,0,0.9664,0.953736,0.012664,0,1,0,0
95.7,1953,2,0.00447157,0.00447157,0.604251,0.590742,0.0135098,34.417,34.363,12,12,0,0.788144,0.757104,0.03104,0,1,1,0
95.7,1953,3,0.0105649,0.0105649,0.492121,0.503201,0.0110799,33.9685,34.0128,9,9,0,0.792872,0.912016,0.119144,0,1,1,0
95.8,1954,1,0.0376944,0.0376944,0.777846,0.749014,0.0288311,35.1114,34.9961,9,9,0,0.953736,0.834016,0.11972,0,0,0,0
95.8,1954,2,0.00234419,0.00234419,0.615692,0.604251,0.0114409,34.4628,34.417,12,12,0,0.757104,0.757144,4e-05,0,1,1,1
95.8,1954,3,0.0038316,0.0038316,0.482025,0.492121,0.0100957,33.9281,33.9685,9,9,0,0.912016,0.918128,0.006112,0,1,1,1
95.9,1955,1,0.0140245,0.0140245,0.788578,0.777846,0.0107328,35.1543,35.1114,9,9,0,0.834016,0.928528,0.094512,0,1,1,0
95.9,1955,2,0.00233091,0.00233091,0.588576,0.615692,0.0271166,34.3543,34.4628,12,12,0,0.757144,0.792472,0.035328,0,1,0,0
95.9,1955,3,0.0087834,0.0087834,0.483863,0.482025,0.00183761,33.9355,33.9281,9,9,0,0.918128,0.84492,0.073208,0,1,1,0
96,1956,1,0.0177996,0.0177996,0.777477,0.788578,0.0111017,35.1099,35.1543,9,9,0,0.928528,0.968528,0.04,0,1,1,0
96,1956,2,0.000103466,0.000103466,0.589678,0.588576,0.00110203,34.3587,34.3543,12,12,0,0.792472,0.790272,0.0022,0,1,1,1
96,1956,3,0.00370862,0.00370862,0.518765,0.483863,0.0349019,34.0751,33.9355,9,9,0,0.84492,0.764408,0.080512,0,1,0,0
96.1,1957,1,0.0087392,0.0087392,0.777478,0.777477,9.53674e-07,35.1099,35.1099,9,9,0,0.968528,0.946896,0.021632,0,1,1,0
96.1,1957,2,0.0123874,0.0123874,0.610421,0.589678,0.0207436,34.4417,34.3587,12,12,0,0.790272,0.73672,0.053552,0,1,0,0
96.1,1957,3,0.00885317,0.00885317,0.492705,0.518765,0.0260594,33.9708,34.0751,9,9,0,0.764408,0.922944,0.158536,0,1,0,0
96.2,1958,1,0.0143324,0.0143324,0.77419,0.777478,0.00328732,35.0968,35.1099,9,9,0,0.946896,0.977944,0.031048,0,1,1,0
96.2,1958,2,0.00795158,0.00795158,0.604093,0.610421,0.00632787,34.4164,34.4417,12,12,0,0.73672,0.757544,0.020824,0,1,1,0
96.2,1958,3,0.00920226,0.00920226,0.487896,0.492705,0.00480938,33.9516,33.9708,9,9,0,0.922944,0.827312,0.095632,0,1,1,0
96.3,1959,1,0.0331194,0.0331194,0.724879,0.77419,0.0493111,34.8995,35.0968,9,9,0,0.977944,0.973264,0.00468,0,0,0,0
96.3,1959,2,0.0044148,0.0044148,0.589902,0.604093,0.0141917,34.3596,34.4164,12,12,0,0.757544,0.789824,0.03228,0,1,1,0
96.3,1959,3,0.00273543,0.00273543,0.48484,0.487896,0.00305623,33.9394,33.9516,9,9,0,0.827312,0.839128,0.011816,0,1,1,0
96.4,1960,1,0.0158307,0.0158307,0.741203,0.724879,0.016324,34.9648,34.8995,9,9,0,0.973264,0.888856,0.084408,0,1,1,0
96.4,1960,2,4.60893e-05,4.60893e-05,0.590861,0.589902,0.000959098,34.3634,34.3596,12,12,0,0.789824,0.808208,0.018384,0,1,1,0
96.4,1960,3,0.00901654,0.00901654,0.481509,0.48484,0.00333035,33.926,33.9394,9,9,0,0.839128,0.893456,0.054328,0,1,1,0
96.5,1961,1,0.00361206,0.00361206,0.809828,0.741203,0.0686249,35.2393,34.9648,9,9,0,0.888856,0.828312,0.060544,0,1,0,0
96.5,1961,2,0.000429936,0.000429936,0.596898,0.590861,0.00603694,34.3876,34.3634,12,12,0,0.808208,0.795888,0.01232,0,1,1,0
96.5,1961,3,0.00119953,0.00119953,0.482364,0.481509,0.00085485,33.9295,33.926,9,9,0,0.893456,0.924384,0.030928,0,1,1,0
96.6,1962,1,0.0213055,0.0213055,0.78939,0.809828,0.020438,35.1576,35.2393,9,9,0,0.828312,0.92588,0.097568,0,0,0,0
96.6,1962,2,6.50957e-05,6.50957e-05,0.593281,0.596898,0.00361693,34.3731,34.3876,12,12,0,0.795888,0.783048,0.01284,0,1,1,0
96.6,1962,3,0.00946952,0.00946952,0.487531,0.482364,0.00516722,33.9501,33.9295,9,9,0,0.924384,0.85056,0.073824,0,1,1,0
96.7,1963,1,0.0143449,0.0143449,0.779252,0.78939,0.0101383,35.117,35.1576,9,9,0,0.92588,0.961664,0.035784,0,1,1,0
96.7,1963,2,7.60108e-05,7.60108e-05,0.594084,0.593281,0.000802815,34.3763,34.3731,12,12,0,0.783048,0.781432,0.001616,0,1,1,1
96.7,1963,3,0.00537503,0.00537503,0.491473,0.487531,0.00394148,33.9659,33.9501,9,9,0,0.85056,0.829944,0.020616,0,1,1,0
96.8,1964,1,0.00710146,0.00710146,0.775784,0.779252,0.00346816,35.1031,35.117,9,9,0,0.961664,0.97324,0.011576,0,1,1,0
96.8,1964,2,0.00100619,0.00100619,0.58273,0.594084,0.0113532,34.3309,34.3763,12,12,0,0.781432,0.804136,0.022704,0,1,1,0
96.8,1964,3,0.000340573,0.000340573,0.503223,0.491473,0.0117501,34.0129,33.9659,9,9,0,0.829944,0.792832,0.037112,0,1,1,0
96.9,1965,1,0.0297326,0.0297326,0.802637,0.775784,0.0268536,35.2105,35.1031,9,10,1,0.97324,0.752411,0.220829,0,0,0,0
96.9,1965,2,0.00148557,0.00148557,0.59912,0.58273,0.0163891,34.3965,34.3309,12,12,0,0.804136,0.77124,0.032896,0,1,1,0
96.9,1965,3,0.0252157,0.0252157,0.517156,0.503223,0.0139326,34.0686,34.0129,9,8,-1,0.792832,1.00478,0.211949,0,0,1,0
97,1966,1,0.00678317,0.00678317,0.774605,0.802637,0.0280319,35.0984,35.2105,10,10,0,0.752411,0.808203,0.055792,0,1,0,0
97,1966,2,0.0197831,0.0197831,0.610259,0.59912,0.0111398,34.441,34.3965,12,12,0,0.77124,0.720968,0.050272,0,1,1,0
97,1966,3,0.00520727,0.00520727,0.513775,0.517156,0.00338036,34.0551,34.0686,8,8,0,1.00478,1.03089,0.026112,0,1,1,0
97.1,1967,1,0.0139884,0.0139884,0.799971,0.774605,0.0253656,35.1999,35.0984,10,9,-1,0.808203,0.88052,0.0723173,0,1,0,0
97.1,1967,2,0.00433049,0.00433049,0.613207,0.610259,0.00294721,34.4528,34.441,12,12,0,0.720968,0.710368,0.0106,0,1,1,0
97.1,1967,3,0.0187467,0.0187467,0.491759,0.513775,0.022016,33.967,34.0551,8,9,1,1.03089,0.932464,0.0984293,0,1,0,0
97.2,1968,1,0.0514251,0.0514251,0.797566,0.799971,0.00240445,35.1903,35.1999,9,9,0,0.88052,0.9806,0.10008,0,0,1,0
97.2,1968,2,0.0194409,0.0194409,0.610247,0.613207,0.00295973,34.441,34.4528,12,12,0,0.710368,0.75108,0.040712,0,1,1,0
97.2,1968,3,0.0245562,0.0245562,0.476075,0.491759,0.0156839,33.9043,33.967,9,9,0,0.932464,0.839672,0.092792,0,0,1,0
97.3,1969,1,0.0215887,0.0215887,0.779252,0.797566,0.0183146,35.117,35.1903,9,9,0,0.9806,0.961664,0.018936,0,0,1,0
97.3,1969,2,0.00511684,0.00511684,0.595433,0.610247,0.014814,34.3817,34.441,12,12,0,0.75108,0.785424,0.034344,0,1,1,0
97.3,1969,3,0.0361242,0.0361242,0.494129,0.476075,0.0180541,33.9765,33.9043,9,9,0,0.839672,0.811888,0.027784,0,0,1,0
97.4,1970,1,0.0108796,0.0108796,0.773453,0.779252,0.00579917,35.0938,35.117,9,9,0,0.961664,0.980112,0.018448,0,1,1,0
97.4,1970,2,6.11246e-05,6.11246e-05,0.595766,0.595433,0.000333309,34.3831,34.3817,12,12,0,0.785424,0.791464,0.00604,0,1,1,1
97.4,1970,3,0.000988722,0.000988722,0.48984,0.494129,0.00428927,33.9594,33.9765,9,9,0,0.811888,0.822568,0.01068,0,1,1,0
97.5,1971,1,0.0281445,0.0281445,0.78042,0.773453,0.00696725,35.1217,35.0938,9,10,1,0.980112,0.810667,0.169445,0,0,1,0
97.5,1971,2,0.00784469,0.00784469,0.618066,0.595766,0.0222998,34.4723,34.3831,12,12,0,0.791464,0.739648,0.051816,0,1,0,0
97.5,1971,3,0.0307267,0.0307267,0.481691,0.48984,0.00814903,33.9268,33.9594,9,8,-1,0.822568,0.881605,0.0590373,0,0,1,0
97.6,1972,1,0.00588982,0.00588982,0.746818,0.78042,0.0336017,34.9873,35.1217,10,10,0,0.810667,0.866027,0.05536,0,1,0,0
97.6,1972,2,0.00718541,0.00718541,0.602658,0.618066,0.0154081,34.4106,34.4723,12,12,0,0.739648,0.777448,0.0378,0,1,1,0
97.6,1972,3,0.033238,0.033238,0.491105,0.481691,0.00941399,33.9644,33.9268,8,8,0,0.881605,0.900525,0.01892,0,0,1,0
97.7,1973,1,0.0145264,0.0145264,0.779085,0.746818,0.0322663,35.1163,34.9873,10,10,0,0.866027,0.819659,0.046368,0,1,0,0
97.7,1973,2,0.000605114,0.000605114,0.611753,0.602658,0.00909507,34.447,34.4106,12,12,0,0.777448,0.778808,0.00136,0,1,1,1
97.7,1973,3,0.0255473,0.0255473,0.503806,0.491105,0.0127008,34.0152,33.9644,8,8,0,0.900525,0.974741,0.074216,0,0,1,0
97.8,1974,1,0.00282859,0.00282859,0.809492,0.779085,0.0304079,35.238,35.1163,10,10,0,0.819659,0.750115,0.069544,0,1,0,0
97.8,1974,2,0.00152848,0.00152848,0.590029,0.611753,0.0217237,34.3601,34.447,12,12,0,0.778808,0.782856,0.004048,0,1,0,0
97.8,1974,3,0.00619611,0.00619611,0.527095,0.503806,0.0232895,34.1084,34.0152,8,8,0,0.974741,1.05185,0.077112,0,1,0,0
97.9,1975,1,0.000380833,0.000380833,0.792916,0.809492,0.0165768,35.1717,35.238,10,10,0,0.750115,0.801355,0.05124,0,1,1,0
97.9,1975,2,0.0164313,0.0164313,0.607521,0.590029,0.0174913,34.4301,34.3601,12,12,0,0.782856,0.730992,0.051864,0,1,1,0
97.9,1975,3,0.00264655,0.00264655,0.522945,0.527095,0.00415009,34.0918,34.1084,8,8,0,1.05185,1.03142,0.020432,0,1,1,0
98,1976,1,0.000185788,0.000185788,0.78975,0.792916,0.00316536,35.159,35.1717,10,10,0,0.801355,0.809539,0.008184,0,1,1,1
98,1976,2,0.00790387,0.00790387,0.612821,0.607521,0.00530088,34.4513,34.4301,12,12,0,0.730992,0.71172,0.019272,0,1,1,0
98,1976,3,0.000415429,0.000415429,0.522291,0.522945,0.000653863,34.0892,34.0918,8,8,0,1.03142,1.02821,0.003208,0,1,1,1
98.1,1977,1,0.0109997,0.0109997,0.789036,0.78975,0.00071466,35.1561,35.159,10,9,-1,0.809539,0.892904,0.0833653,0,1,1,0
98.1,1977,2,0.0295593,0.0295593,0.589399,0.612821,0.0234226,34.3576,34.4513,12,11,-1,0.71172,0.799629,0.0879093,0,0,0,0
98.1,1977,3,0.0178125,0.0178125,0.537579,0.522291,0.0152874,34.1503,34.0892,8,10,2,1.02821,0.806563,0.221651,0,1,1,0
98.2,1978,1,0.0325325,0.0325325,0.804778,0.789036,0.0157421,35.2191,35.1561,9,9,0,0.892904,0.927896,0.034992,0,0,1,0
98.2,1978,2,0.00968287,0.00968287,0.58231,0.589399,0.0070892,34.3292,34.3576,11,11,0,0.799629,0.831341,0.031712,0,1,1,0
98.2,1978,3,0.00823021,0.00823021,0.52815,0.537579,0.00942844,34.1126,34.1503,10,10,0,0.806563,0.900067,0.093504,0,1,1,0
98.3,1979,1,0.0261952,0.0261952,0.77833,0.804778,0.0264474,35.1133,35.2191,9,10,1,0.927896,0.788123,0.139773,0,0,0,0
98.3,1979,2,0.00325666,0.00325666,0.575057,0.58231,0.00725228,34.3002,34.3292,11,11,0,0.831341,0.820885,0.010456,0,1,1,0
98.3,1979,3,0.0254376,0.0254376,0.476924,0.52815,0.051226,33.9077,34.1126,10,9,-1,0.900067,0.932112,0.0320453,0,0,0,0
98.4,1980,1,0.00255003,0.00255003,0.76511,0.77833,0.01322,35.0604,35.1133,10,10,0,0.788123,0.837611,0.049488,0,1,1,0
98.4,1980,2,0.00533432,0.00533432,0.573592,0.575057,0.00146484,34.2944,34.3002,11,11,0,0.820885,0.837181,0.016296,0,1,1,0
98.4,1980,3,0.0053718,0.0053718,0.459722,0.476924,0.0172024,33.8389,33.9077,9,9,0,0.932112,0.85196,0.080152,0,1,1,0
98.5,1981,1,0.00201072,0.00201072,0.795488,0.76511,0.0303779,35.182,35.0604,10,9,-1,0.837611,0.906888,0.0692773,0,1,0,0
98.5,1981,2,0.00543299,0.00543299,0.563069,0.573592,0.0105234,34.2523,34.2944,11,11,0,0.837181,0.854933,0.017752,0,1,1,0
98.5,1981,3,0.0051419,0.0051419,0.518557,0.459722,0.0588351,34.0742,33.8389,9,10,1,0.85196,0.704491,0.147469,0,1,0,0
98.6,1982,1,0.031729,0.031729,0.80403,0.795488,0.008542,35.2161,35.182,9,9,0,0.906888,0.93076,0.023872,0,0,1,0
98.6,1982,2,0.00592884,0.00592884,0.563363,0.563069,0.000293791,34.2535,34.2523,11,11,0,0.854933,0.839165,0.015768,0,1,1,0
98.6,1982,3,0.0115226,0.0115226,0.513719,0.518557,0.00483775,34.0549,34.0742,10,10,0,0.704491,0.805331,0.10084,0,1,1,0
98.7,1983,1,0.0144013,0.0144013,0.772971,0.80403,0.031059,35.0919,35.2161,9,9,0,0.93076,0.942992,0.012232,0,1,0,0
98.7,1983,2,0.00409271,0.00409271,0.573299,0.563363,0.00993645,34.2932,34.2535,11,11,0,0.839165,0.823573,0.015592,0,1,1,0
98.7,1983,3,0.0211974,0.0211974,0.477284,0.513719,0.036436,33.9091,34.0549,10,10,0,0.805331,0.927227,0.121896,0,0,0,0
98.8,1984,1,0.00925304,0.00925304,0.783452,0.772971,0.0104805,35.1338,35.0919,9,9,0,0.942992,0.926024,0.016968,0,1,1,0
98.8,1984,2,0.00518826,0.00518826,0.572031,0.573299,0.00126863,34.2881,34.2932,11,11,0,0.823573,0.839669,0.016096,0,1,1,0
98.8,1984,3,0.0358039,0.0358039,0.502654,0.477284,0.0253704,34.0106,33.9091,10,10,0,0.927227,0.773683,0.153544,0,0,0,0
98.9,1985,1,0.00193603,0.00193603,0.74347,0.783452,0.0399814,34.9739,35.1338,9,10,1,0.926024,0.791595,0.134429,0,1,0,0
98.9,1985,2,0.000768013,0.000768013,0.562751,0.572031,0.00928015,34.251,34.2881,11,11,0,0.839669,0.840197,0.000528,0,1,1,1
98.9,1985,3,0.00998764,0.00998764,0.499784,0.502654,0.00286976,33.9991,34.0106,10,9,-1,0.773683,0.940776,0.167093,0,1,1,0
99,1986,1,0.0014556,0.0014556,0.716223,0.74347,0.0272477,34.8649,34.9739,10,10,0,0.791595,0.818555,0.02696,0,1,0,0
99,1986,2,0.028935,0.028935,0.538849,0.562751,0.0239017,34.1554,34.251,11,11,0,0.840197,0.912541,0.072344,0,0,0,0
99,1986,3,0.00436389,0.00436389,0.509072,0.499784,0.00928745,34.0363,33.9991,9,9,0,0.940776,0.938296,0.00248,0,1,1,1
99.1,1987,1,0.0237937,0.0237937,0.794787,0.716223,0.0785646,35.1791,34.8649,10,9,-1,0.818555,0.818768,0.000213334,0,0,0,0
99.1,1987,2,0.0153649,0.0153649,0.545677,0.538849,0.00682807,34.1827,34.1554,11,11,0,0.912541,0.879853,0.032688,0,1,1,0
99.1,1987,3,0.0323856,0.0323856,0.518224,0.509072,0.00915247,34.0729,34.0363,9,10,1,0.938296,0.853883,0.0844133,0,0,1,0
99.2,1988,1,0.0177408,0.0177408,0.817835,0.794787,0.0230478,35.2713,35.1791,9,9,0,0.818768,0.864952,0.046184,0,1,0,0
99.2,1988,2,0.0143776,0.0143776,0.564259,0.545677,0.018582,34.257,34.1827,11,11,0,0.879853,0.837653,0.0422,0,1,1,0
99.2,1988,3,0.0139747,0.0139747,0.499986,0.518224,0.0182376,33.9999,34.0729,10,10,0,0.853883,0.945803,0.09192,0,1,1,0
99.3,1989,1,0.0054336,0.0054336,0.776251,0.817835,0.041584,35.105,35.2713,9,9,0,0.864952,0.929632,0.06468,0,1,0,0
99.3,1989,2,0.01748,0.01748,0.540268,0.564259,0.0239912,34.1611,34.257,11,11,0,0.837653,0.889141,0.051488,0,1,0,0
99.3,1989,3,0.0293913,0.0293913,0.477753,0.499986,0.022233,33.911,33.9999,10,10,0,0.945803,0.790299,0.155504,0,0,0,0
99.4,1990,1,0.00344492,0.00344492,0.774301,0.776251,0.00194985,35.0972,35.105,9,9,0,0.929632,0.937608,0.007976,0,1,1,1
99.4,1990,2,0.00614706,0.00614706,0.550944,0.540268,0.0106767,34.2038,34.1611,11,11,0,0.889141,0.870733,0.018408,0,1,1,0
99.4,1990,3,0.000614718,0.000614718,0.476762,0.477753,0.000991285,33.907,33.911,10,10,0,0.790299,0.794227,0.003928,0,1,1,1
99.5,1991,1,0.00168536,0.00168536,0.774982,0.774301,0.000681043,35.0999,35.0972,9,9,0,0.937608,0.934352,0.003256,0,1,1,1
99.5,1991,2,0.000694208,0.000694208,0.549747,0.550944,0.00119758,34.199,34.2038,11,11,0,0.870733,0.872813,0.00208,0,1,1,1
99.5,1991,3,0.00816705,0.00816705,0.507717,0.476762,0.0309553,34.0309,33.907,10,10,0,0.794227,0.762547,0.03168,0,1,0,0
99.6,1992,1,0.00310916,0.00310916,0.773689,0.774982,0.00129318,35.0948,35.0999,9,9,0,0.934352,0.940136,0.005784,0,1,1,1
99.6,1992,2,0.00398276,0.00398276,0.549103,0.549747,0.000643432,34.1964,34.199,11,11,0,0.872813,0.862957,0.009856,0,1,1,1
99.6,1992,3,0.0438456,0.0438456,0.483822,0.507717,0.0238952,33.9353,34.0309,10,10,0,0.762547,0.889219,0.126672,0,0,0,0
99.7,1993,1,0.00604536,0.00604536,0.749092,0.773689,0.0245973,34.9964,35.0948,9,10,1,0.940136,0.782619,0.157517,0,1,0,0
99.7,1993,2,0.00235941,0.00235941,0.552544,0.549103,0.00344026,34.2102,34.1964,11,11,0,0.862957,0.867949,0.004992,0,1,1,1
99.7,1993,3,0.0444915,0.0444915,0.477719,0.483822,0.00610343,33.9109,33.9353,10,9,-1,0.889219,0.877976,0.0112427,0,0,1,0
99.8,1994,1,0.00193331,0.00193331,0.713517,0.749092,0.0355745,34.8541,34.9964,10,10,0,0.782619,0.822555,0.039936,0,1,0,0
99.8,1994,2,0.0428874,0.0428874,0.518333,0.552544,0.034211,34.0733,34.2102,11,11,0,0.867949,1.04284,0.174888,0,0,0,0
99.8,1994,3,0.00820956,0.00820956,0.514053,0.477719,0.0363342,34.0562,33.9109,9,9,0,0.877976,0.93724,0.059264,0,1,0,0
99.9,1995,1,0.00334647,0.00334647,0.786872,0.713517,0.0733552,35.1475,34.8541,10,10,0,0.822555,0.751491,0.071064,0,1,0,0
99.9,1995,2,0.0374869,0.0374869,0.543194,0.518333,0.0248618,34.1728,34.0733,11,11,0,1.04284,0.884125,0.158712,0,0,0,0
99.9,1995,3,0.000446633,0.000446633,0.527506,0.514053,0.013453,34.11,34.0562,9,9,0,0.93724,1.00988,0.07264,0,1,1,0
100,1996,1,0.00533485,0.00533485,0.806885,0.786872,0.020013,35.2275,35.1475,10,10,0,0.751491,0.759219,0.007728,0,1,0,0
100,1996,2,0.00320558,0.00320558,0.541182,0.543194,0.00201273,34.1647,34.1728,11,11,0,0.884125,0.876605,0.00752,0,1,1,1
100,1996,3,0.00227212,0.00227212,0.520709,0.527506,0.0067966,34.0828,34.11,9,9,0,1.00988,1.01251,0.002632,0,1,1,1
100.1,1997,1,0.00132011,0.00132011,0.785046,0.806885,0.0218399,35.1402,35.2275,10,10,0,0.759219,0.820171,0.060952,0,1,0,0
100.1,1997,2,0.0069595,0.0069595,0.55365,0.541182,0.0124683,34.2146,34.1647,11,11,0,0.876605,0.855413,0.021192,0,1,1,0
100.1,1997,3,0.00305563,0.00305563,0.491956,0.520709,0.0287535,33.9678,34.0828,9,9,0,1.01251,1.01282,0.000312,0,1,0,0
100.2,1998,1,0.00215775,0.00215775,0.797377,0.785046,0.0123315,35.1895,35.1402,10,10,0,0.820171,0.819235,0.000936,0,1,1,1
100.2,1998,2,0.0191282,0.0191282,0.528748,0.55365,0.0249017,34.115,34.2146,11,11,0,0.855413,0.907981,0.052568,0,1,0,0
100.2,1998,3,0.0210209,0.0210209,0.455497,0.491956,0.0364592,33.822,33.9678,9,9,0,1.01282,0.87032,0.142504,0,0,0,0
100.3,1999,1,0.00540665,0.00540665,0.788592,0.797377,0.00878501,35.1544,35.1895,10,9,-1,0.819235,0.910104,0.0908693,0,1,1,0
100.3,1999,2,0.00303891,0.00303891,0.525047,0.528748,0.00370151,34.1002,34.115,11,11,0,0.907981,0.915325,0.007344,0,1,1,1
100.3,1999,3,0.000550825,0.000550825,0.497686,0.455497,0.0421891,33.9907,33.822,9,10,1,0.87032,0.739875,0.130445,0,1,0,0
100.4,2000,1,0.0278565,0.0278565,0.807332,0.788592,0.01874,35.2293,35.1544,9,9,0,0.910104,0.934368,0.024264,0,0,1,0
100.4,2000,2,0.00571951,0.00571951,0.520502,0.525047,0.00454479,34.082,34.1002,11,11,0,0.915325,0.933181,0.017856,0,1,1,0
100.4,2000,3,0.00832041,0.00832041,0.487983,0.497686,0.00970319,33.9519,33.9907,10,10,0,0.739875,0.809371,0.069496,0,1,1,0
100.5,2001,1,0.0280351,0.0280351,0.78464,0.807332,0.0226916,35.1386,35.2293,9,10,1,0.934368,0.788371,0.145997,0,0,0,0
100.5,2001,2,0.001159,0.001159,0.539664,0.520502,0.0191617,34.1587,34.082,11,11,0,0.933181,0.956845,0.023664,0,1,1,0
100.5,2001,3,0.0323072,0.0323072,0.482452,0.487983,0.00553071,33.9298,33.9519,10,9,-1,0.809371,0.853272,0.0439013,0,0,1,0
100.6,2002,1,0.000297349,0.000297349,0.757601,0.78464,0.0270393,35.0304,35.1386,10,10,0,0.788371,0.837363,0.048992,0,1,0,0
100.6,2002,2,0.0187438,0.0187438,0.560807,0.539664,0.0211434,34.2432,34.1587,11,11,0,0.956845,0.918677,0.038168,0,1,0,0
100.6,2002,3,0.0100018,0.0100018,0.498373,0.482452,0.0159214,33.9935,33.9298,9,9,0,0.853272,0.864064,0.010792,0,1,1,0
100.7,2003,1,0.00668271,0.00668271,0.793481,0.757601,0.0358802,35.1739,35.0304,10,10,0,0.837363,0.828235,0.009128,0,1,0,0
100.7,2003,2,0.0121928,0.0121928,0.546686,0.560807,0.0141216,34.1867,34.2432,11,11,0,0.918677,0.944309,0.025632,0,1,1,0
100.7,2003,3,0.0046944,0.0046944,0.478283,0.498373,0.0200908,33.9131,33.9935,9,9,0,0.864064,0.875584,0.01152,0,1,0,0
100.8,2004,1,0.00117009,0.00117009,0.789143,0.793481,0.00433868,35.1566,35.1739,10,10,0,0.828235,0.837611,0.009376,0,1,1,1
100.8,2004,2,0.00753593,0.00753593,0.555041,0.546686,0.00835526,34.2202,34.1867,11,11,0,0.944309,0.929341,0.014968,0,1,1,0
100.8,2004,3,0.00497659,0.00497659,0.482207,0.478283,0.00392452,33.9288,33.9131,9,9,0,0.875584,0.85472,0.020864,0,1,1,0
100.9,2005,1,0.00163346,0.00163346,0.794911,0.789143,0.00576824,35.1796,35.1566,10,10,0,0.837611,0.825019,0.012592,0,1,1,0
100.9,2005,2,0.00753593,0.00753593,0.546686,0.555041,0.00835526,34.1867,34.2202,11,11,0,0.929341,0.944309,0.014968,0,1,1,0
100.9,2005,3,0.00309212,0.00309212,0.483329,0.482207,0.00112188,33.9333,33.9288,9,9,0,0.85472,0.872768,0.018048,0,1,1,0
101,2006,1,0.000976074,0.000976074,0.791852,0.794911,0.00305933,35.1674,35.1796,10,10,0,0.825019,0.831859,0.00684,0,1,1,1
101,2006,2,0.008771,0.008771,0.556478,0.546686,0.00979233,34.2259,34.1867,11,11,0,0.944309,0.926637,0.017672,0,1,1,0
101,2006,3,0.000794679,0.000794679,0.482308,0.483329,0.00102147,33.9292,33.9333,9,9,0,0.872768,0.877128,0.00436,0,1,1,1
101.1,2007,1,0.000512708,0.000512708,0.793481,0.791852,0.00162977,35.1739,35.1674,10,10,0,0.831859,0.828235,0.003624,0,1,1,1
101.1,2007,2,0.000792883,0.000792883,0.555556,0.556478,0.000922203,34.2222,34.2259,11,11,0,0.926637,0.928373,0.001736,0,1,1,1
101.1,2007,3,0.00749385,0.00749385,0.48805,0.482308,0.00574201,33.9522,33.9292,9,9,0,0.877128,0.847712,0.029416,0,1,1,0
101.2,2008,1,0.00174534,0.00174534,0.786636,0.793481,0.00684547,35.1465,35.1739,10,10,0,0.828235,0.843115,0.01488,0,1,1,0
101.2,2008,2,0.00797812,0.00797812,0.546686,0.555556,0.00887012,34.1867,34.2222,11,11,0,0.928373,0.944309,0.015936,0,1,1,0
101.2,2008,3,0.00749385,0.00749385,0.482308,0.48805,0.00574201,33.9292,33.9522,9,9,0,0.847712,0.877128,0.029416,0,1,1,0
101.3,2009,1,0.00123263,0.00123263,0.791852,0.786636,0.0052157,35.1674,35.1465,10,10,0,0.843115,0.831859,0.011256,0,1,1,0
101.3,2009,2,0.0111783,0.0111783,0.55927,0.546686,0.0125847,34.2371,34.1867,11,11,0,0.944309,0.921365,0.022944,0,1,1,0
101.3,2009,3,0.000476331,0.000476331,0.481967,0.482308,0.000340283,33.9279,33.9292,9,9,0,0.877128,0.881464,0.004336,0,1,1,1
101.4,2010,1,0.000512708,0.000512708,0.793481,0.791852,0.00162977,35.1739,35.1674,10,10,0,0.831859,0.828235,0.003624,0,1,1,1
101.4,2010,2,0.0126375,0.0126375,0.545087,0.55927,0.0141836,34.1803,34.2371,11,11,0,0.921365,0.947109,0.025744,0,1,1,0
101.4,2010,3,0.00722814,0.00722814,0.487565,0.481967,0.00559765,33.9503,33.9279,9,9,0,0.881464,0.850376,0.031088,0,1,1,0
101.5,2011,1,0.0010324,0.0010324,0.790006,0.793481,0.00347519,35.16,35.1739,10,10,0,0.828235,0.835867,0.007632,0,1,1,1
101.5,2011,2,0.0115089,0.0115089,0.557963,0.545087,0.012876,34.2319,34.1803,11,11,0,0.947109,0.923837,0.023272,0,1,1,0
101.5,2011,3,0.00502755,0.00502755,0.484275,0.487565,0.00328982,33.9371,33.9503,9,9,0,0.850376,0.868416,0.01804,0,1,1,0
101.6,2012,1,0.0010324,0.0010324,0.793481,0.790006,0.00347519,35.1739,35.16,10,10,0,0.835867,0.828235,0.007632,0,1,1,1
101.6,2012,2,0.0115172,0.0115172,0.545077,0.557963,0.0128852,34.1803,34.2319,11,11,0,0.923837,0.947125,0.023288,0,1,1,0
101.6,2012,3,0.000646658,0.000646658,0.483692,0.484275,0.000582814,33.9348,33.9371,9,9,0,0.868416,0.871216,0.0028,0,1,1,1
101.7,2013,1,0.00899579,0.00899579,0.752731,0.793481,0.0407505,35.0109,35.1739,10,10,0,0.828235,0.839107,0.010872,0,1,0,0
101.7,2013,2,0.0115172,0.0115172,0.557963,0.545077,0.0128852,34.2319,34.1803,11,11,0,0.947125,0.923837,0.023288,0,1,1,0
101.7,2013,3,0.000312038,0.000312038,0.483292,0.483692,0.000400662,33.9332,33.9348,9,9,0,0.871216,0.872928,0.001712,0,1,1,1
101.8,2014,1,0.000986174,0.000986174,0.754184,0.752731,0.00145304,35.0167,35.0109,10,10,0,0.839107,0.835099,0.004008,0,1,1,1
101.8,2014,2,0.00095351,0.00095351,0.556856,0.557963,0.0011068,34.2274,34.2319,11,11,0,0.923837,0.925925,0.002088,0,1,1,1
101.8,2014,3,0.00194897,0.00194897,0.484924,0.483292,0.00163239,33.9397,33.9332,9,9,0,0.872928,0.864864,0.008064,0,1,1,1
101.9,2015,1,0.00150183,0.00150183,0.756383,0.754184,0.00219876,35.0255,35.0167,10,10,0,0.835099,0.828995,0.006104,1,1,1,1
101.9,2015,2,0.0130095,0.0130095,0.542065,0.556856,0.0147908,34.1683,34.2274,11,11,0,0.925925,0.952285,0.02636,1,1,1,0
101.9,2015,3,0.000234112,0.000234112,0.485077,0.484924,0.000153333,33.9403,33.9397,9,9,0,0.864864,0.864024,0.00084,1,1,1,1
102,2016,1,0.000704654,0.000704654,0.755353,0.756383,0.00102955,35.0214,35.0255,10,10,0,0.828995,0.831859,0.002864,0,1,1,1
102,2016,2,0.0161061,0.0161061,0.560807,0.542065,0.0187422,34.2432,34.1683,11,11,0,0.952285,0.918677,0.033608,0,1,1,0
102,2016,3,0.000807315,0.000807315,0.484549,0.485077,0.000528842,33.9382,33.9403,9,9,0,0.864024,0.86692,0.002896,0,1,1,1
102.1,2017,1,0.000891611,0.000891611,0.756655,0.755353,0.00130218,35.0266,35.0214,10,10,0,0.831859,0.828235,0.003624,0,1,1,1
102.1,2017,2,0.0178399,0.0178399,0.540301,0.560807,0.0205062,34.1612,34.2432,11,11,0,0.918677,0.955501,0.036824,0,1,0,0
102.1,2017,3,0.0042093,0.0042093,0.487303,0.484549,0.0027543,33.9492,33.9382,9,9,0,0.86692,0.851816,0.015104,0,1,1,0
102.2,2018,1,0.00230686,0.00230686,0.753274,0.756655,0.00338125,35.0131,35.0266,10,10,0,0.828235,0.837611,0.009376,0,1,1,1
102.2,2018,2,0.0180344,0.0180344,0.56112,0.540301,0.0208192,34.2445,34.1612,11,11,0,0.955501,0.918133,0.037368,0,1,0,0
102.2,2018,3,0.00682554,0.00682554,0.481968,0.487303,0.00533494,33.9279,33.9492,9,9,0,0.851816,0.881448,0.029632,0,1,1,0
102.3,2019,1,0.00282516,0.00282516,0.757696,0.753274,0.00442177,35.0308,35.0131,10,10,0,0.837611,0.825019,0.012592,0,1,1,0
102.3,2019,2,0.0330058,0.0330058,0.578446,0.56112,0.0173262,34.3138,34.2445,11,11,0,0.918133,0.948869,0.030736,0,0,1,0
102.3,2019,3,0.00260545,0.00260545,0.487643,0.481968,0.00567558,33.9506,33.9279,9,9,0,0.881448,0.87296,0.008488,0,1,1,1
102.4,2020,1,0.00923789,0.00923789,0.739397,0.757696,0.0182983,34.9576,35.0308,10,10,0,0.825019,0.887459,0.06244,0,1,1,0
102.4,2020,2,0.0109228,0.0109228,0.591357,0.578446,0.0129105,34.3654,34.3138,11,11,0,0.948869,0.923837,0.025032,0,1,1,0
102.4,2020,3,0.00291078,0.00291078,0.490076,0.487643,0.00243217,33.9603,33.9506,9,9,0,0.87296,0.860888,0.012072,0,1,1,0
102.5,2021,1,0.00260099,0.00260099,0.734278,0.739397,0.0051195,34.9371,34.9576,10,10,0,0.887459,0.825771,0.061688,0,1,1,0
102.5,2021,2,0.0328434,0.0328434,0.564937,0.591357,0.0264199,34.2597,34.3654,11,11,0,0.923837,0.993173,0.069336,0,0,0,0
102.5,2021,3,0.00170922,0.00170922,0.501308,0.490076,0.0112326,34.0052,33.9603,9,9,0,0.860888,0.948232,0.087344,0,1,1,0
102.6,2022,1,0.00843268,0.00843268,0.745517,0.734278,0.0112386,34.9821,34.9371,10,10,0,0.825771,0.742323,0.083448,0,1,1,0
102.6,2022,2,0.0117419,0.0117419,0.541214,0.564937,0.0237225,34.1649,34.2597,11,11,0,0.993173,1.03412,0.040944,0,1,0,0
102.6,2022,3,0.0038492,0.0038492,0.527326,0.501308,0.0260181,34.1093,34.0052,9,9,0,0.948232,1.00902,0.060784,0,1,0,0
102.7,2023,1,0.00281058,0.00281058,0.762758,0.745517,0.0172415,35.051,34.9821,10,10,0,0.742323,0.705123,0.0372,0,1,1,0
102.7,2023,2,0.0493485,0.0493485,0.596552,0.541214,0.0553373,34.3862,34.1649,11,11,0,1.03412,0.913725,0.120392,0,0,0,0
102.7,2023,3,0.000928104,0.000928104,0.530589,0.527326,0.00326246,34.1224,34.1093,9,9,0,1.00902,1.02474,0.01572,0,1,1,0
102.8,2024,1,0.011859,0.011859,0.781137,0.762758,0.0183791,35.1245,35.051,10,10,0,0.705123,0.751731,0.046608,0,1,1,0
102.8,2024,2,0.00828609,0.00828609,0.593996,0.596552,0.00255561,34.376,34.3862,11,11,0,0.913725,0.894005,0.01972,0,1,1,0
102.8,2024,3,0.0024638,0.0024638,0.521792,0.530589,0.00879651,34.0872,34.1224,9,9,0,1.02474,0.982376,0.04236,0,1,1,0
102.9,2025,1,0.00236425,0.00236425,0.819424,0.781137,0.0382869,35.2777,35.1245,10,9,-1,0.751731,0.893672,0.141941,0,1,0,0
102.9,2025,2,0.00458355,0.00458355,0.588326,0.593996,0.00566971,34.3533,34.376,11,11,0,0.894005,0.905029,0.011024,0,1,1,0
102.9,2025,3,0.0432239,0.0432239,0.52669,0.521792,0.00489771,34.1068,34.0872,9,10,1,0.982376,0.842155,0.140221,0,0,1,0
103,2026,1,0.0303197,0.0303197,0.831553,0.819424,0.0121289,35.3262,35.2777,9,9,0,0.893672,0.925688,0.032016,0,0,1,0
103,2026,2,0.0139794,0.0139794,0.607177,0.588326,0.0188505,34.4287,34.3533,11,11,0,0.905029,0.865005,0.040024,0,1,1,0
103,2026,3,0.0125491,0.0125491,0.515045,0.52669,0.0116454,34.0602,34.1068,10,10,0,0.842155,0.938267,0.096112,0,1,1,0
103.1,2027,1,0.026345,0.026345,0.753167,0.831553,0.0783861,35.0127,35.3262,9,9,0,0.925688,0.917712,0.007976,0,0,0,0
103.1,2027,2,0.00394333,0.00394333,0.600058,0.607177,0.00711912,34.4002,34.4287,11,11,0,0.865005,0.881861,0.016856,0,1,1,0
103.1,2027,3,0.0187918,0.0187918,0.491472,0.515045,0.0235723,33.9659,34.0602,10,10,0,0.938267,0.916355,0.021912,0,1,0,0
103.2,2028,1,0.0320058,0.0320058,0.729204,0.753167,0.0239629,34.9168,35.0127,9,9,0,0.917712,0.995624,0.077912,0,0,0,0
103.2,2028,2,0.0136858,0.0136858,0.596609,0.600058,0.00344878,34.3864,34.4002,11,11,0,0.881861,0.913613,0.031752,0,1,1,0
103.2,2028,3,0.0256551,0.0256551,0.484694,0.491472,0.00677788,33.9388,33.9659,10,10,0,0.916355,0.807723,0.108632,0,0,1,0
103.3,2029,1,0.0375134,0.0375134,0.724664,0.729204,0.00454021,34.8987,34.9168,9,10,1,0.995624,0.778283,0.217341,0,0,1,0
103.3,2029,2,0.0339132,0.0339132,0.568891,0.596609,0.0277183,34.2756,34.3864,11,11,0,0.913613,0.984773,0.07116,0,0,0,0
103.3,2029,3,0.00703007,0.00703007,0.47657,0.484694,0.00812444,33.9063,33.9388,10,9,-1,0.807723,0.90328,0.0955573,0,1,1,0
103.4,2030,1,0.00330629,0.00330629,0.73025,0.724664,0.00558662,34.921,34.8987,10,10,0,0.778283,0.750595,0.027688,0,1,1,0
103.4,2030,2,0.0218954,0.0218954,0.543008,0.568891,0.0258829,34.172,34.2756,11,11,0,0.984773,1.06073,0.075952,0,0,0,0
103.4,2030,3,0.000739455,0.000739455,0.470685,0.47657,0.0058848,33.8827,33.9063,9,9,0,0.90328,0.936208,0.032928,0,1,1,0
103.5,2031,1,0.0248619,0.0248619,0.804848,0.73025,0.074598,35.2194,34.921,10,10,0,0.750595,0.757467,0.006872,0,0,0,0
103.5,2031,2,0.00534977,0.00534977,0.547799,0.543008,0.0047909,34.1912,34.172,11,11,0,1.06073,1.02853,0.032192,0,1,1,0
103.5,2031,3,0.00718774,0.00718774,0.476709,0.470685,0.00602385,33.9068,33.8827,9,9,0,0.936208,0.930224,0.005984,0,1,1,1
103.6,2032,1,0.0124973,0.0124973,0.813126,0.804848,0.00827718,35.2525,35.2194,10,10,0,0.757467,0.822723,0.065256,0,1,1,0
103.6,2032,2,0.00825237,0.00825237,0.547897,0.547799,9.84669e-05,34.1916,34.1912,11,11,0,1.02853,1.01481,0.01372,0,1,1,0
103.6,2032,3,0.010128,0.010128,0.463268,0.476709,0.0134409,33.8531,33.9068,9,9,0,0.930224,0.899992,0.030232,0,1,1,0
103.7,2033,1,0.0140006,0.0140006,0.782478,0.813126,0.0306479,35.1299,35.2525,10,10,0,0.822723,0.912459,0.089736,0,1,0,0
103.7,2033,2,0.0210606,0.0210606,0.574063,0.547897,0.026166,34.2963,34.1916,11,11,0,1.01481,0.959565,0.055248,0,0,0,0
103.7,2033,3,0.0113342,0.0113342,0.486889,0.463268,0.0236211,33.9476,33.8531,9,9,0,0.899992,0.882624,0.017368,0,1,0,0
103.8,2034,1,0.00181025,0.00181025,0.787365,0.782478,0.00488716,35.1495,35.1299,10,10,0,0.912459,0.899115,0.013344,0,1,1,0
103.8,2034,2,0.0142,0.0142,0.589019,0.574063,0.0149556,34.3561,34.2963,11,11,0,0.959565,0.928357,0.031208,0,1,1,0
103.8,2034,3,0.00166328,0.00166328,0.486637,0.486889,0.000252366,33.9465,33.9476,9,9,0,0.882624,0.906672,0.024048,0,1,1,0
103.9,2035,1,0.00768266,0.00768266,0.743113,0.787365,0.0442516,34.9725,35.1495,10,10,0,0.899115,0.878939,0.020176,0,1,0,0
103.9,2035,2,0.0111037,0.0111037,0.601105,0.589019,0.0120866,34.4044,34.3561,11,11,0,0.928357,0.904781,0.023576,0,1,1,0
103.9,2035,3,0.000263423,0.000263423,0.486306,0.486637,0.000330508,33.9452,33.9465,9,9,0,0.906672,0.897984,0.008688,0,1,1,1
104,2036,1,0.00281054,0.00281054,0.718822,0.743113,0.0242915,34.8753,34.9725,10,10,0,0.878939,0.824147,0.054792,0,1,0,0
104,2036,2,0.03485,0.03485,0.57227,0.601105,0.0288354,34.2891,34.4044,11,11,0,0.904781,0.977549,0.072768,0,0,0,0
104,2036,3,0.00318673,0.00318673,0.499699,0.486306,0.0133926,33.9988,33.9452,9,9,0,0.897984,0.94036,0.042376,0,1,1,0
104.1,2037,1,0.0142593,0.0142593,0.804202,0.718822,0.0853801,35.2168,34.8753,10,10,0,0.824147,0.758963,0.065184,0,1,0,0
104.1,2037,2,0.0205924,0.0205924,0.546655,0.57227,0.0256148,34.1866,34.2891,11,11,0,0.977549,1.03175,0.0542,0,0,0,0
104.1,2037,3,0.000642829,0.000642829,0.50187,0.499699,0.0021711,34.0075,33.9988,9,9,0,0.94036,0.950984,0.010624,0,1,1,0
104.2,2038,1,0.0113419,0.0113419,0.826883,0.804202,0.0226808,35.3075,35.2168,10,10,0,0.758963,0.763491,0.004528,0,1,0,0
104.2,2038,2,0.0240882,0.0240882,0.551807,0.546655,0.00515217,34.2072,34.1866,11,11,0,1.03175,0.983365,0.048384,0,0,1,0
104.2,2038,3,0.0051276,0.0051276,0.522215,0.50187,0.0203446,34.0889,34.0075,9,9,0,0.950984,0.984536,0.033552,0,1,0,0
104.3,2039,1,0.00244449,0.00244449,0.818282,0.826883,0.00860029,35.2731,35.3075,10,10,0,0.763491,0.785539,0.022048,0,1,1,0
104.3,2039,2,0.0460791,0.0460791,0.609613,0.551807,0.0578058,34.4385,34.2072,11,11,0,0.983365,0.867501,0.115864,0,0,0,0
104.3,2039,3,0.0121794,0.0121794,0.544634,0.522215,0.0224196,34.1785,34.0889,9,9,0,0.984536,1.2111,0.226568,0,1,0,0
104.4,2040,1,0.000471663,0.000471663,0.820003,0.818282,0.00172061,35.28,35.2731,10,10,0,0.785539,0.779819,0.00572,0,1,1,1
104.4,2040,2,0.00995678,0.00995678,0.597642,0.609613,0.0119713,34.3906,34.4385,11,11,0,0.867501,0.893061,0.02556,0,1,1,0
104.4,2040,3,0.0186609,0.0186609,0.49599,0.544634,0.0486443,33.984,34.1785,9,9,0,1.2111,0.997976,0.213128,0,1,0,0
104.5,2041,1,0.0415898,0.0415898,0.699293,0.820003,0.12071,34.7972,35.28,10,10,0,0.779819,1.08568,0.305864,0,0,0,0
104.5,2041,2,0.0507879,0.0507879,0.562013,0.597642,0.0356284,34.2481,34.3906,11,11,0,0.893061,1.13295,0.239888,0,0,0,0
104.5,2041,3,0.0127998,0.0127998,0.463223,0.49599,0.0327667,33.8529,33.984,9,9,0,0.997976,0.898728,0.099248,0,1,0,0
104.6,2042,1,0.0409706,0.0409706,0.725915,0.699293,0.0266218,34.9037,34.7972,10,10,0,1.08568,0.788331,0.297352,0,0,0,0
104.6,2042,2,0.00333578,0.00333578,0.564018,0.562013,0.00200492,34.2561,34.2481,11,11,0,1.13295,0.995117,0.137832,0,1,1,0
104.6,2042,3,0.0137667,0.0137667,0.478929,0.463223,0.0157058,33.9157,33.8529,9,9,0,0.898728,0.947472,0.048744,0,1,1,0
104.7,2043,1,0.0286687,0.0286687,0.824784,0.725915,0.098869,35.2991,34.9037,10,9,-1,0.788331,0.858256,0.0699253,0,0,0,0
104.7,2043,2,0.0170738,0.0170738,0.542318,0.564018,0.0217005,34.1693,34.2561,11,11,0,0.995117,1.05585,0.060728,0,1,0,0
104.7,2043,3,0.0404819,0.0404819,0.514527,0.478929,0.0355978,34.0581,33.9157,9,10,1,0.947472,0.839547,0.107925,0,0,0,0
104.8,2044,1,0.0118103,0.0118103,0.867213,0.824784,0.0424299,35.4689,35.2991,9,9,0,0.858256,0.881768,0.023512,0,1,0,0
104.8,2044,2,0.0438953,0.0438953,0.570135,0.542318,0.027817,34.2805,34.1693,11,11,0,1.05585,0.944749,0.111096,0,0,0,0
104.8,2044,3,0.0121245,0.0121245,0.508621,0.514527,0.00590587,34.0345,34.0581,10,10,0,0.839547,0.933619,0.094072,0,1,1,0
104.9,2045,1,0.0133426,0.0133426,0.841004,0.867213,0.0262095,35.364,35.4689,9,10,1,0.881768,0.750995,0.130773,0,1,0,0
104.9,2045,2,0.0313109,0.0313109,0.611253,0.570135,0.0411182,34.445,34.2805,11,11,0,0.944749,0.863429,0.08132,0,0,0,0
104.9,2045,3,0.0271068,0.0271068,0.491244,0.508621,0.0173772,33.965,34.0345,10,9,-1,0.933619,1.00638,0.0727573,0,0,1,0
105,2046,1,0.0135202,0.0135202,0.787667,0.841004,0.0533367,35.1507,35.364,10,10,0,0.750995,0.896851,0.145856,0,1,0,0
105,2046,2,0.0263297,0.0263297,0.586329,0.611253,0.0249241,34.3453,34.445,11,11,0,0.863429,0.927357,0.063928,0,0,0,0
105,2046,3,0.0112611,0.0112611,0.460774,0.491244,0.0304702,33.8431,33.965,9,9,0,1.00638,0.895792,0.110584,0,1,0,0
105.1,2047,1,0.0355103,0.0355103,0.729865,0.787667,0.0578024,34.9195,35.1507,10,9,-1,0.896851,0.994624,0.0977733,0,0,0,0
105.1,2047,2,0.00820663,0.00820663,0.575253,0.586329,0.0110754,34.301,34.3453,11,11,0,0.927357,0.948557,0.0212,0,1,1,0
105.1,2047,3,0.0174985,0.0174985,0.508867,0.460774,0.0480932,34.0355,33.8431,9,10,1,0.895792,0.751083,0.144709,0,1,0,0
105.2,2048,1,0.0143481,0.0143481,0.763719,0.729865,0.0338544,35.0549,34.9195,9,9,0,0.994624,0.871936,0.122688,0,1,0,0
105.2,2048,2,0.00555137,0.00555137,0.578218,0.575253,0.00296462,34.3129,34.301,11,11,0,0.948557,0.935933,0.012624,0,1,1,0
105.2,2048,3,0.00495388,0.00495388,0.523007,0.508867,0.0141398,34.092,34.0355,10,10,0,0.751083,0.926243,0.17516,0,1,1,0
105.3,2049,1,0.0187182,0.0187182,0.815375,0.763719,0.0516558,35.2615,35.0549,9,9,0,0.871936,0.891488,0.019552,0,1,0,0
105.3,2049,2,0.00087684,0.00087684,0.574992,0.578218,0.0032264,34.3,34.3129,11,11,0,0.935933,0.935709,0.000224,0,1,1,1
105.3,2049,3,0.0241613,0.0241613,0.485678,0.523007,0.0373284,33.9427,34.092,10,10,0,0.926243,0.937531,0.011288,0,0,0,0
105.4,2050,1,0.0253946,0.0253946,0.800216,0.815375,0.0151588,35.2009,35.2615,9,9,0,0.891488,0.986224,0.094736,0,0,1,0
105.4,2050,2,0.00260032,0.00260032,0.587236,0.574992,0.0122448,34.3489,34.3,11,11,0,0.935709,0.925613,0.010096,0,1,1,0
105.4,2050,3,0.0278057,0.0278057,0.47923,0.485678,0.0064477,33.9169,33.9427,10,10,0,0.937531,0.826771,0.11076,0,0,1,0
105.5,2051,1,0.0278303,0.0278303,0.777019,0.800216,0.0231973,35.1081,35.2009,9,10,1,0.986224,0.838531,0.147693,0,0,0,0
105.5,2051,2,0.00459389,0.00459389,0.581061,0.587236,0.00617588,34.3242,34.3489,11,11,0,0.925613,0.936797,0.011184,0,1,1,0
105.5,2051,3,0.00176291,0.00176291,0.46568,0.47923,0.0135508,33.8627,33.9169,10,9,-1,0.826771,0.879672,0.0529013,0,1,1,0
105.6,2052,1,0.00646532,0.00646532,0.758739,0.777019,0.0182801,35.035,35.1081,10,10,0,0.838531,0.883659,0.045128,0,1,1,0
105.6,2052,2,0.00653716,0.00653716,0.573543,0.581061,0.00751746,34.2942,34.3242,11,11,0,0.936797,0.952717,0.01592,0,1,1,0
105.6,2052,3,0.00680076,0.00680076,0.460472,0.46568,0.00520718,33.8419,33.8627,9,9,0,0.879672,0.902536,0.022864,0,1,1,0
105.7,2053,1,0.00387017,0.00387017,0.73349,0.758739,0.0252484,34.934,35.035,10,10,0,0.883659,0.901587,0.017928,0,1,0,0
105.7,2053,2,0.00156101,0.00156101,0.57227,0.573543,0.00127274,34.2891,34.2942,11,11,0,0.952717,0.955805,0.003088,0,1,1,1
105.7,2053,3,0.00234996,0.00234996,0.4636,0.460472,0.00312749,33.8544,33.8419,9,9,0,0.902536,0.909328,0.006792,0,1,1,1
105.8,2054,1,0.00660173,0.00660173,0.727768,0.73349,0.00572288,34.9111,34.934,10,10,0,0.901587,0.785515,0.116072,0,1,1,0
105.8,2054,2,0.0227031,0.0227031,0.560335,0.57227,0.0119357,34.2413,34.2891,11,11,0,0.955805,1.00265,0.04684,0,0,1,0
105.8,2054,3,0.00983891,0.00983891,0.475442,0.4636,0.0118421,33.9018,33.8544,9,9,0,0.909328,0.967904,0.058576,0,1,1,0
105.9,2055,1,0.0122386,0.0122386,0.798842,0.727768,0.0710747,35.1954,34.9111,10,10,0,0.785515,0.758963,0.026552,0,1,0,0
105.9,2055,2,0.000381289,0.000381289,0.559649,0.560335,0.000686228,34.2386,34.2413,11,11,0,1.00265,1.004,0.001352,0,1,1,1
105.9,2055,3,0.00057292,0.00057292,0.472984,0.475442,0.00245783,33.8919,33.9018,9,9,0,0.967904,0.946208,0.021696,0,1,1,0
106,2056,1,0.0217453,0.0217453,0.798541,0.798842,0.000301242,35.1942,35.1954,10,10,0,0.758963,0.868035,0.109072,0,0,1,0
106,2056,2,0.00912205,0.00912205,0.555434,0.559649,0.00421435,34.2217,34.2386,11,11,0,1.004,0.991741,0.012256,0,1,1,0
106,2056,3,0.00756934,0.00756934,0.463842,0.472984,0.0091421,33.8554,33.8919,9,9,0,0.946208,0.918488,0.02772,0,1,1,0
106.1,2057,1,0.00204447,0.00204447,0.801728,0.798541,0.00318664,35.2069,35.1942,10,10,0,0.868035,0.858491,0.009544,0,1,1,1
106.1,2057,2,0.0136954,0.0136954,0.572053,0.555434,0.0166184,34.2882,34.2217,11,11,0,0.991741,0.956333,0.035408,0,1,1,0
106.1,2057,3,0.00828811,0.00828811,0.463822,0.463842,1.96993e-05,33.8553,33.8554,9,9,0,0.918488,0.89192,0.026568,0,1,1,0
106.2,2058,1,0.00302238,0.00302238,0.796863,0.801728,0.00486434,35.1875,35.2069,10,10,0,0.858491,0.872899,0.014408,0,1,1,0
106.2,2058,2,0.0156124,0.0156124,0.587228,0.572053,0.0151753,34.3489,34.2882,11,11,0,0.956333,0.919453,0.03688,0,1,1,0
106.2,2058,3,0.00162548,0.00162548,0.464492,0.463822,0.00066939,33.858,33.8553,9,9,0,0.89192,0.886904,0.005016,0,1,1,1
106.3,2059,1,0.000869956,0.000869956,0.795041,0.796863,0.00182194,35.1802,35.1875,10,10,0,0.872899,0.877915,0.005016,0,1,1,1
106.3,2059,2,0.0180475,0.0180475,0.566156,0.587228,0.0210721,34.2646,34.3489,11,11,0,0.919453,0.962437,0.042984,0,1,0,0
106.3,2059,3,0.00714016,0.00714016,0.463608,0.464492,0.000883937,33.8544,33.858,9,9,0,0.886904,0.909552,0.022648,0,1,1,0
106.4,2060,1,0.00320683,0.00320683,0.800664,0.795041,0.0056228,35.2027,35.1802,10,10,0,0.877915,0.861691,0.016224,0,1,1,0
106.4,2060,2,0.0058196,0.0058196,0.570936,0.566156,0.00477999,34.2837,34.2646,11,11,0,0.962437,0.950925,0.011512,0,1,1,0
106.4,2060,3,0.00409684,0.00409684,0.463238,0.463608,0.000369847,33.853,33.8544,9,9,0,0.909552,0.896296,0.013256,0,1,1,0
106.5,2061,1,0.000688922,0.000688922,0.79959,0.800664,0.00107384,35.1984,35.2027,10,10,0,0.861691,0.864907,0.003216,0,1,1,1
106.5,2061,2,0.010116,0.010116,0.584271,0.570936,0.0133357,34.3371,34.2837,11,11,0,0.950925,0.925165,0.02576,0,1,1,0
106.5,2061,3,0.00342184,0.00342184,0.464648,0.463238,0.00140956,33.8586,33.853,9,9,0,0.896296,0.885736,0.01056,0,1,1,0
106.6,2062,1,6.73532e-05,6.73532e-05,0.805459,0.79959,0.0058682,35.2218,35.1984,10,10,0,0.864907,0.865627,0.00072,0,1,1,1
106.6,2062,2,0.0113856,0.0113856,0.569896,0.584271,0.0143755,34.2796,34.3371,11,11,0,0.925165,0.953437,0.028272,0,1,1,0
106.6,2062,3,0.00945325,0.00945325,0.470378,0.464648,0.0057306,33.8815,33.8586,9,9,0,0.885736,0.913904,0.028168,0,1,1,0
106.7,2063,1,0.00158945,0.00158945,0.807888,0.805459,0.00242931,35.2316,35.2218,10,10,0,0.865627,0.858163,0.007464,0,1,1,1
106.7,2063,2,0.00704026,0.00704026,0.577717,0.569896,0.00782102,34.3109,34.2796,11,11,0,0.953437,0.936805,0.016632,0,1,1,0
106.7,2063,3,0.00491285,0.00491285,0.469816,0.470378,0.000561804,33.8793,33.8815,9,9,0,0.913904,0.897968,0.015936,0,1,1,0
106.8,2064,1,0.000679418,0.000679418,0.806839,0.807888,0.00104904,35.2274,35.2316,10,10,0,0.858163,0.861379,0.003216,0,1,1,1
106.8,2064,2,0.00194492,0.00194492,0.57459,0.577717,0.00312644,34.2984,34.3109,11,11,0,0.936805,0.942573,0.005768,0,1,1,1
106.8,2064,3,0.00529191,0.00529191,0.471102,0.469816,0.00128585,33.8844,33.8793,9,9,0,0.897968,0.881376,0.016592,0,1,1,0
106.9,2065,1,0.000910029,0.000910029,0.805459,0.806839,0.00138026,35.2218,35.2274,10,10,0,0.861379,0.865627,0.004248,0,1,1,1
106.9,2065,2,0.00509534,0.00509534,0.569896,0.57459,0.00469458,34.2796,34.2984,11,11,0,0.942573,0.953437,0.010864,0,1,1,0
106.9,2065,3,0.00845657,0.00845657,0.470178,0.471102,0.000923932,33.8807,33.8844,9,9,0,0.881376,0.908232,0.026856,0,1,1,0
107,2066,1,0.00305818,0.00305818,0.810305,0.805459,0.00484651,35.2412,35.2218,10,10,0,0.865627,0.850955,0.014672,0,1,1,0
107,2066,2,0.00138678,0.00138678,0.571032,0.569896,0.00113565,34.2841,34.2796,11,11,0,0.953437,0.950693,0.002744,0,1,1,1
107,2066,3,0.00327569,0.00327569,0.469804,0.470178,0.000374585,33.8792,33.8807,9,9,0,0.908232,0.897608,0.010624,0,1,1,0
107.1,2067,1,0.00146874,0.00146874,0.807888,0.810305,0.00241721,35.2316,35.2412,10,10,0,0.850955,0.858163,0.007208,0,1,1,1
107.1,2067,2,0.00883901,0.00883901,0.582586,0.571032,0.0115544,34.3303,34.2841,11,11,0,0.950693,0.928301,0.022392,0,1,1,0
107.1,2067,3,0.00553666,0.00553666,0.470437,0.469804,0.00063315,33.8817,33.8792,9,9,0,0.897608,0.915568,0.01796,0,1,1,0
107.2,2068,1,0.00158945,0.00158945,0.805459,0.807888,0.00242931,35.2218,35.2316,10,10,0,0.858163,0.865627,0.007464,0,1,1,1
107.2,2068,2,0.0107151,0.0107151,0.569495,0.582586,0.0130913,34.278,34.3303,11,11,0,0.928301,0.954405,0.026104,0,1,1,0
107.2,2068,3,0.00984629,0.00984629,0.470746,0.470437,0.000309587,33.883,33.8817,9,9,0,0.915568,0.884064,0.031504,0,1,1,0
107.3,2069,1,0.0014396,0.0014396,0.807638,0.805459,0.00217944,35.2306,35.2218,10,10,0,0.865627,0.858907,0.00672,0,1,1,1
107.3,2069,2,0.00217534,0.00217534,0.571276,0.569495,0.00178158,34.2851,34.278,11,11,0,0.954405,0.950101,0.004304,0,1,1,1
107.3,2069,3,0.00246022,0.00246022,0.469741,0.470746,0.00100583,33.879,33.883,9,9,0,0.884064,0.891656,0.007592,0,1,1,1
107.4,2070,1,0.000152998,0.000152998,0.807893,0.807638,0.000255287,35.2316,35.2306,10,10,0,0.858907,0.858147,0.00076,1,1,1,1
107.4,2070,2,0.0107042,0.0107042,0.585689,0.571276,0.0144129,34.3428,34.2851,11,11,0,0.950101,0.922429,0.027672,1,1,1,0
107.4,2070,3,0.00837404,0.00837404,0.470468,0.469741,0.000727504,33.8819,33.879,9,9,0,0.891656,0.91872,0.027064,1,1,1,0
107.5,2071,1,0.0015926,0.0015926,0.805459,0.807893,0.00243473,35.2218,35.2316,10,10,0,0.858147,0.865627,0.00748,0,1,1,1
107.5,2071,2,0.0172761,0.0172761,0.565879,0.585689,0.0198104,34.2635,34.3428,11,11,0,0.922429,0.963101,0.040672,0,1,1,0
107.5,2071,3,0.00236548,0.00236548,0.470003,0.470468,0.000465065,33.88,33.8819,9,9,0,0.91872,0.925952,0.007232,0,1,1,1
107.6,2072,1,0.000868812,0.000868812,0.804132,0.805459,0.00132614,35.2165,35.2218,10,10,0,0.865627,0.869683,0.004056,0,1,1,1
107.6,2072,2,0.016336,0.016336,0.584363,0.565879,0.0184839,34.3375,34.2635,11,11,0,0.963101,0.924989,0.038112,0,1,1,0
107.6,2072,3,0.0118282,0.0118282,0.470186,0.470003,0.000182897,33.8807,33.88,9,9,0,0.925952,0.888296,0.037656,0,1,1,0
107.7,2073,1,0.000858519,0.000858519,0.805443,0.804132,0.00131047,35.2218,35.2165,10,10,0,0.869683,0.865675,0.004008,0,1,1,1
107.7,2073,2,0.00869289,0.00869289,0.572152,0.584363,0.0122108,34.2886,34.3375,11,11,0,0.924989,0.947981,0.022992,0,1,1,0
107.7,2073,3,0.011215,0.011215,0.469933,0.470186,0.000252664,33.8797,33.8807,9,9,0,0.888296,0.924224,0.035928,0,1,1,0
107.8,2074,1,0.00132684,0.00132684,0.797598,0.805443,0.00784534,35.1904,35.2218,10,10,0,0.865675,0.870835,0.00516,0,1,1,1
107.8,2074,2,0.00265222,0.00265222,0.569982,0.572152,0.00216979,34.2799,34.2886,11,11,0,0.947981,0.953229,0.005248,0,1,1,1
107.8,2074,3,0.00605184,0.00605184,0.470058,0.469933,0.000124842,33.8802,33.8797,9,9,0,0.924224,0.904824,0.0194,0,1,1,0
107.9,2075,1,0.0011149,0.0011149,0.795321,0.797598,0.00227624,35.1813,35.1904,10,10,0,0.870835,0.877147,0.006312,0,1,1,1
107.9,2075,2,0.00319391,0.00319391,0.572594,0.569982,0.00261194,34.2904,34.2799,11,11,0,0.953229,0.946909,0.00632,0,1,1,1
107.9,2075,3,0.0100224,0.0100224,0.472549,0.470058,0.00249135,33.8902,33.8802,9,9,0,0.904824,0.871216,0.033608,0,1,1,0
108,2076,1,0.00136161,0.00136161,0.797986,0.795321,0.00266486,35.1919,35.1813,10,10,0,0.877147,0.869683,0.007464,0,1,1,1
108,2076,2,0.0109467,0.0109467,0.562593,0.572594,0.0100006,34.2504,34.2904,11,11,0,0.946909,0.970509,0.0236,0,1,1,0
108,2076,3,0.0190677,0.0190677,0.470599,0.472549,0.00195003,33.8824,33.8902,9,9,0,0.871216,0.933712,0.062496,0,1,1,0
108.1,2077,1,0.000534672,0.000534672,0.798826,0.797986,0.000839829,35.1953,35.1919,10,10,0,0.869683,0.867187,0.002496,0,1,1,1
108.1,2077,2,0.00461666,0.00461666,0.55645,0.562593,0.00614369,34.2258,34.2504,11,11,0,0.970509,0.983941,0.013432,0,1,1,0
108.1,2077,3,0.00106905,0.00106905,0.470216,0.470599,0.000383019,33.8809,33.8824,9,9,0,0.933712,0.92956,0.004152,0,1,1,1
108.2,2078,1,0.00184219,0.00184219,0.795435,0.798826,0.00339109,35.1817,35.1953,10,10,0,0.867187,0.876835,0.009648,0,1,1,1
108.2,2078,2,0.0148357,0.0148357,0.572,0.55645,0.0155502,34.288,34.2258,11,11,0,0.983941,0.948349,0.035592,0,1,1,0
108.2,2078,3,0.00516511,0.00516511,0.47038,0.470216,0.000163227,33.8815,33.8809,9,9,0,0.92956,0.913944,0.015616,0,1,1,0
108.3,2079,1,0.00185933,0.00185933,0.798853,0.795435,0.00341791,35.1954,35.1817,10,10,0,0.876835,0.867107,0.009728,0,1,1,1
108.3,2079,2,0.0167695,0.0167695,0.553863,0.572,0.0181374,34.2155,34.288,11,11,0,0.948349,0.989629,0.04128,0,1,1,0
108.3,2079,3,0.00350501,0.00350501,0.469946,0.47038,0.000433385,33.8798,33.8815,9,9,0,0.913944,0.924992,0.011048,0,1,1,0
108.4,2080,1,0.00611671,0.00611671,0.806884,0.798853,0.00803077,35.2275,35.1954,10,10,0,0.867107,0.843819,0.023288,0,1,1,0
108.4,2080,2,0.0194339,0.0194339,0.574826,0.553863,0.0209634,34.2993,34.2155,11,11,0,0.989629,0.942117,0.047512,0,1,0,0
108.4,2080,3,0.00350747,0.00350747,0.470379,0.469946,0.000433058,33.8815,33.8798,9,9,0,0.924992,0.913936,0.011056,0,1,1,0
108.5,2081,1,0.00707237,0.00707237,0.803173,0.806884,0.00371087,35.2127,35.2275,10,10,0,0.843819,0.872603,0.028784,0,1,1,0
108.5,2081,2,0.0116074,0.0116074,0.564258,0.574826,0.0105676,34.257,34.2993,11,11,0,0.942117,0.966805,0.024688,0,1,1,0
108.5,2081,3,0.00723694,0.00723694,0.471425,0.470379,0.00104538,33.8857,33.8815,9,9,0,0.913936,0.938288,0.024352,0,1,1,0
108.6,2082,1,0.00396416,0.00396416,0.80937,0.803173,0.00619704,35.2375,35.2127,10,10,0,0.872603,0.853755,0.018848,0,1,1,0
108.6,2082,2,0.00599336,0.00599336,0.556315,0.564258,0.00794297,34.2253,34.257,11,11,0,0.966805,0.984237,0.017432,0,1,1,0
108.6,2082,3,0.00153741,0.00153741,0.470303,0.471425,0.0011217,33.8812,33.8857,9,9,0,0.938288,0.931024,0.007264,0,1,1,1
108.7,2083,1,0.00129035,0.00129035,0.812557,0.80937,0.00318748,35.2502,35.2375,10,10,0,0.853755,0.843819,0.009936,0,1,1,1
108.7,2083,2,0.0138448,0.0138448,0.571108,0.556315,0.0147923,34.2844,34.2253,11,11,0,0.984237,0.950509,0.033728,0,1,1,0
108.7,2083,3,0.00272053,0.00272053,0.472891,0.470303,0.00258768,33.8916,33.8812,9,9,0,0.931024,0.945384,0.01436,0,1,1,0
108.8,2084,1,0.00162273,0.00162273,0.808812,0.812557,0.00374568,35.2352,35.2502,10,10,0,0.843819,0.855419,0.0116,0,1,1,0
108.8,2084,2,0.0100783,0.0100783,0.561299,0.571108,0.00980842,34.2452,34.2844,11,11,0,0.950509,0.973317,0.022808,0,1,1,0
108.8,2084,3,0.00197271,0.00197271,0.470758,0.472891,0.00213283,33.883,33.8916,9,9,0,0.945384,0.9348,0.010584,0,1,1,0
108.9,2085,1,0.000335593,0.000335593,0.809375,0.808812,0.000563502,35.2375,35.2352,10,10,0,0.855419,0.853739,0.00168,0,1,1,1
108.9,2085,2,0.00279827,0.00279827,0.557607,0.561299,0.00369221,34.2304,34.2452,11,11,0,0.973317,0.981389,0.008072,0,1,1,1
108.9,2085,3,0.00155362,0.00155362,0.47469,0.470758,0.00393185,33.8988,33.883,9,9,0,0.9348,0.961256,0.026456,0,1,1,0
109,2086,1,0.00132078,0.00132078,0.813011,0.809375,0.00363612,35.252,35.2375,10,10,0,0.853739,0.842347,0.011392,0,1,1,0
109,2086,2,0.0168863,0.0168863,0.575251,0.557607,0.0176442,34.301,34.2304,11,11,0,0.981389,0.941293,0.040096,0,1,1,0
109,2086,3,0.00478783,0.00478783,0.469938,0.47469,0.00475141,33.8798,33.8988,9,9,0,0.961256,0.924128,0.037128,0,1,1,0
109.1,2087,1,0.00320606,0.00320606,0.806351,0.813011,0.00666004,35.2254,35.252,10,10,0,0.842347,0.862883,0.020536,0,1,1,0
109.1,2087,2,0.0188364,0.0188364,0.555003,0.575251,0.0202484,34.22,34.301,11,11,0,0.941293,0.987125,0.045832,0,1,0,0
109.1,2087,3,0.00674207,0.00674207,0.469976,0.469938,3.74317e-05,33.8799,33.8798,9,9,0,0.924128,0.902488,0.02164,0,1,1,0
109.2,2088,1,0.00311586,0.00311586,0.811793,0.806351,0.00544149,35.2472,35.2254,10,10,0,0.862883,0.846291,0.016592,0,1,1,0
109.2,2088,2,0.0159101,0.0159101,0.571993,0.555003,0.0169905,34.288,34.22,11,11,0,0.987125,0.948365,0.03876,0,1,1,0
109.2,2088,3,0.00453721,0.00453721,0.470495,0.469976,0.000518948,33.882,33.8799,9,9,0,0.902488,0.917208,0.01472,0,1,1,0
109.3,2089,1,0.00123058,0.00123058,0.809375,0.811793,0.00241756,35.2375,35.2472,10,10,0,0.846291,0.853739,0.007448,0,1,1,1
109.3,2089,2,0.00965976,0.00965976,0.563313,0.571993,0.00868016,34.2533,34.288,11,11,0,0.948365,0.968909,0.020544,0,1,1,0
109.3,2089,3,0.00419705,0.00419705,0.470223,0.470495,0.000272065,33.8809,33.882,9,9,0,0.917208,0.929664,0.012456,0,1,1,0
109.4,2090,1,0.00342762,0.00342762,0.804001,0.809375,0.00537384,35.216,35.2375,10,10,0,0.853739,0.870083,0.016344,0,1,1,0
109.4,2090,2,0.00443355,0.00443355,0.557429,0.563313,0.00588375,34.2297,34.2533,11,11,0,0.968909,0.981781,0.012872,0,1,1,0
109.4,2090,3,0.0181444,0.0181444,0.472626,0.470223,0.00240353,33.8905,33.8809,9,9,0,0.929664,0.870672,0.058992,0,1,1,0
109.5,2091,1,0.00190362,0.00190362,0.801065,0.804001,0.00293595,35.2043,35.216,10,10,0,0.870083,0.878971,0.008888,0,1,1,1
109.5,2091,2,0.0101672,0.0101672,0.568778,0.557429,0.0113485,34.2751,34.2297,11,11,0,0.981781,0.956133,0.025648,0,1,1,0
109.5,2091,3,0.00753772,0.00753772,0.469762,0.472626,0.00286448,33.879,33.8905,9,9,0,0.870672,0.896416,0.025744,0,1,1,0
109.6,2092,1,0.000106234,0.000106234,0.80123,0.801065,0.000164926,35.2049,35.2043,10,10,0,0.878971,0.878475,0.000496,0,1,1,1
109.6,2092,2,0.00703457,0.00703457,0.561613,0.568778,0.00716478,34.2465,34.2751,11,11,0,0.956133,0.972685,0.016552,0,1,1,0
109.6,2092,3,0.00103388,0.00103388,0.469643,0.469762,0.000118256,33.8786,33.879,9,9,0,0.896416,0.893064,0.003352,0,1,1,1
109.7,2093,1,0.00135187,0.00135187,0.803318,0.80123,0.00208741,35.2133,35.2049,10,10,0,0.878475,0.872163,0.006312,0,1,1,1
109.7,2093,2,0.00114488,0.00114488,0.560019,0.561613,0.00159383,34.2401,34.2465,11,11,0,0.972685,0.976037,0.003352,0,1,1,1
109.7,2093,3,0.00170249,0.00170249,0.469838,0.469643,0.000194669,33.8794,33.8786,9,9,0,0.893064,0.898584,0.00552,0,1,1,1
109.8,2094,1,0.00460892,0.00460892,0.794969,0.803318,0.00834858,35.1799,35.2133,10,10,0,0.872163,0.896171,0.024008,1,1,1,0
109.8,2094,2,0.00859189,0.00859189,0.569117,0.560019,0.00909722,34.2765,34.2401,11,11,0,0.976037,0.955317,0.02072,1,1,1,0
109.8,2094,3,0.00247899,0.00247899,0.470122,0.469838,0.000283509,33.8805,33.8794,9,9,0,0.898584,0.906624,0.00804,1,1,1,1
109.9,2095,1,0.00325705,0.00325705,0.80123,0.794969,0.00626117,35.2049,35.1799,10,10,0,0.896171,0.878475,0.017696,0,1,1,0
109.9,2095,2,0.00684344,0.00684344,0.562403,0.569117,0.00671399,34.2496,34.2765,11,11,0,0.955317,0.970933,0.015616,0,1,1,0
109.9,2095,3,0.000828587,0.000828587,0.470216,0.470122,9.47714e-05,33.8809,33.8805,9,9,0,0.906624,0.909312,0.002688,0,1,1,1
110,2096,1,0.00135187,0.00135187,0.803318,0.80123,0.00208741,35.2133,35.2049,10,10,0,0.878475,0.872163,0.006312,0,1,1,1
110,2096,2,0.00679894,0.00679894,0.56908,0.562403,0.00667739,34.2763,34.2496,11,11,0,0.970933,0.955405,0.015528,0,1,1,0
110,2096,3,0.000236735,0.000236735,0.470243,0.470216,2.71201e-05,33.881,33.8809,9,9,0,0.909312,0.91008,0.000768,0,1,1,1
110.1,2097,1,0.00146153,0.00146153,0.80106,0.803318,0.00225759,35.2042,35.2133,10,10,0,0.872163,0.878987,0.006824,0,1,1,1
110.1,2097,2,0.00652885,0.00652885,0.562755,0.56908,0.00632459,34.251,34.2763,11,11,0,0.955405,0.970149,0.014744,0,1,1,0
110.1,2097,3,0.00116625,0.00116625,0.470377,0.470243,0.000133365,33.8815,33.881,9,9,0,0.91008,0.913864,0.003784,0,1,1,1
110.2,2098,1,0.000431791,0.000431791,0.801729,0.80106,0.00066936,35.2069,35.2042,10,10,0,0.878987,0.876971,0.002016,0,1,1,1
110.2,2098,2,0.00214766,0.00214766,0.559867,0.562755,0.00288868,34.2395,34.251,11,11,0,0.970149,0.976381,0.006232,0,1,1,1
110.2,2098,3,0.00874817,0.00874817,0.470512,0.470377,0.000135481,33.882,33.8815,9,9,0,0.913864,0.885832,0.028032,0,1,1,0
110.3,2099,1,0.00102974,0.00102974,0.803318,0.801729,0.00158823,35.2133,35.2069,10,10,0,0.876971,0.872163,0.004808,0,1,1,1
110.3,2099,2,0.00742693,0.00742693,0.568054,0.559867,0.008187,34.2722,34.2395,11,11,0,0.976381,0.957877,0.018504,0,1,1,0
110.3,2099,3,0.00821315,0.00821315,0.470316,0.470512,0.000196725,33.8813,33.882,9,9,0,0.885832,0.912128,0.026296,0,1,1,0
110.4,2100,1,0.00292359,0.00292359,0.798488,0.803318,0.00482994,35.194,35.2133,10,10,0,0.872163,0.886451,0.014288,0,1,1,0
110.4,2100,2,0.00639981,0.00639981,0.561227,0.568054,0.00682634,34.2449,34.2722,11,11,0,0.957877,0.973461,0.015584,0,1,1,0
110.4,2100,3,0.00132169,0.00132169,0.470165,0.470316,0.000151098,33.8807,33.8813,9,9,0,0.912128,0.90784,0.004288,0,1,1,1
110.5,2101,1,0.00317032,0.00317032,0.803697,0.798488,0.00520879,35.2148,35.194,10,10,0,0.886451,0.871011,0.01544,0,1,1,0
110.5,2101,2,0.00283683,0.00283683,0.557495,0.561227,0.00373268,34.23,34.2449,11,11,0,0.973461,0.981637,0.008176,0,1,1,1
110.5,2101,3,0.00511055,0.00511055,0.469784,0.470165,0.000380397,33.8791,33.8807,9,9,0,0.90784,0.891328,0.016512,0,1,1,0
110.6,2102,1,0.00505536,0.00505536,0.794548,0.803697,0.00914812,35.1782,35.2148,10,10,0,0.871011,0.897323,0.026312,0,1,1,0
110.6,2102,2,0.00408419,0.00408419,0.562921,0.557495,0.00542629,34.2517,34.23,11,11,0,0.981637,0.969781,0.011856,0,1,1,0
110.6,2102,3,0.00473321,0.00473321,0.470121,0.469784,0.000337273,33.8805,33.8791,9,9,0,0.891328,0.906616,0.015288,0,1,1,0
110.7,2103,1,0.00505536,0.00505536,0.803697,0.794548,0.00914812,35.2148,35.1782,10,10,0,0.897323,0.871011,0.026312,0,1,1,0
110.7,2103,2,0.0074696,0.0074696,0.569956,0.562921,0.0070346,34.2798,34.2517,11,11,0,0.969781,0.953293,0.016488,0,1,1,0
110.7,2103,3,0.0016004,0.0016004,0.470304,0.470121,0.000182986,33.8812,33.8805,9,9,0,0.906616,0.911808,0.005192,0,1,1,1
110.8,2104,1,0.0015952,0.0015952,0.801235,0.803697,0.00246102,35.2049,35.2148,10,10,0,0.871011,0.878459,0.007448,0,1,1,1
110.8,2104,2,0.011581,0.011581,0.557458,0.569956,0.0124971,34.2298,34.2798,11,11,0,0.953293,0.981717,0.028424,0,1,1,0
110.8,2104,3,9.86233e-05,9.86233e-05,0.470316,0.470304,1.12355e-05,33.8813,33.8812,9,9,0,0.911808,0.912128,0.00032,0,1,1,1
110.9,2105,1,0.000356354,0.000356354,0.800682,0.801235,0.000553489,35.2027,35.2049,10,10,0,0.878459,0.880123,0.001664,0,1,1,1
110.9,2105,2,0.0144434,0.0144434,0.572297,0.557458,0.0148387,34.2892,34.2298,11,11,0,0.981717,0.947629,0.034088,0,1,1,0
110.9,2105,3,0.000867963,0.000867963,0.470216,0.470316,9.92417e-05,33.8809,33.8813,9,9,0,0.912128,0.909312,0.002816,0,1,1,1
111,2106,1,0.00151846,0.00151846,0.797866,0.800682,0.0028159,35.1915,35.2027,10,10,0,0.880123,0.888179,0.008056,0,1,1,1
111,2106,2,0.0132931,0.0132931,0.55899,0.572297,0.013307,34.236,34.2892,11,11,0,0.947629,0.978333,0.030704,0,1,1,0
111,2106,3,0.00734781,0.00734781,0.470513,0.470216,0.00029704,33.8821,33.8809,9,9,0,0.909312,0.885824,0.023488,0,1,1,0
111.1,2107,1,0.00587096,0.00587096,0.807349,0.797866,0.00948262,35.2294,35.1915,10,10,0,0.888179,0.859803,0.028376,0,1,1,0
111.1,2107,2,0.00149245,0.00149245,0.56643,0.55899,0.00744003,34.2657,34.236,11,11,0,0.978333,0.969749,0.008584,0,1,1,1
111.1,2107,3,0.00776207,0.00776207,0.470264,0.470513,0.000249684,33.8811,33.8821,9,9,0,0.885824,0.910656,0.024832,0,1,1,0
111.2,2108,1,0.00770873,0.00770873,0.794016,0.807349,0.013333,35.1761,35.2294,10,10,0,0.859803,0.898779,0.038976,0,1,1,0
111.2,2108,2,0.00663329,0.00663329,0.571957,0.56643,0.00552666,34.2878,34.2657,11,11,0,0.969749,0.956565,0.013184,0,1,1,0
111.2,2108,3,0.000414267,0.000414267,0.470216,0.470264,4.73559e-05,33.8809,33.8811,9,9,0,0.910656,0.909312,0.001344,0,1,1,1
111.3,2109,1,0.00531469,0.00531469,0.803707,0.794016,0.00969136,35.2148,35.1761,10,10,0,0.898779,0.870979,0.0278,0,1,1,0
111.3,2109,2,0.0105476,0.0105476,0.560908,0.571957,0.0110492,34.2436,34.2878,11,11,0,0.956565,0.980989,0.024424,0,1,1,0
111.3,2109,3,0.00556427,0.00556427,0.469784,0.470216,0.000432253,33.8791,33.8809,9,9,0,0.909312,0.891328,0.017984,0,1,1,0
111.4,2110,1,0.00160036,0.00160036,0.801238,0.803707,0.00246882,35.205,35.2148,10,10,0,0.870979,0.878451,0.007472,0,1,1,1
111.4,2110,2,0.00454161,0.00454161,0.570724,0.560908,0.00981665,34.2829,34.2436,11,11,0,0.980989,0.967317,0.013672,0,1,1,0
111.4,2110,3,0.00696725,0.00696725,0.470377,0.469784,0.000592738,33.8815,33.8791,9,9,0,0.891328,0.913864,0.022536,0,1,1,0
111.5,2111,1,3.94024e-05,3.94024e-05,0.801177,0.801238,6.11544e-05,35.2047,35.205,10,10,0,0.878451,0.878635,0.000184,0,1,1,1
111.5,2111,2,0.00558146,0.00558146,0.57548,0.570724,0.0047555,34.3019,34.2829,11,11,0,0.967317,0.956117,0.0112,0,1,1,0
111.5,2111,3,0.00286295,0.00286295,0.470049,0.470377,0.000327438,33.8802,33.8815,9,9,0,0.913864,0.904576,0.009288,0,1,1,1
111.6,2112,1,0.00209236,0.00209236,0.797335,0.801177,0.00384182,35.1893,35.2047,10,10,0,0.878635,0.889651,0.011016,0,1,1,0
111.6,2112,2,0.0109331,0.0109331,0.565355,0.57548,0.0101252,34.2614,34.3019,11,11,0,0.956117,0.978845,0.022728,0,1,1,0
111.6,2112,3,0.00232793,0.00232793,0.470316,0.470049,0.000266194,33.8813,33.8802,9,9,0,0.904576,0.912128,0.007552,0,1,1,1
111.7,2113,1,0.00612617,0.00612617,0.807349,0.797335,0.0100135,35.2294,35.1893,10,10,0,0.889651,0.859803,0.029848,0,1,1,0
111.7,2113,2,0.0165439,0.0165439,0.580321,0.565355,0.0149669,34.3213,34.2614,11,11,0,0.978845,0.944565,0.03428,0,1,1,0
111.7,2113,3,0.000319459,0.000319459,0.476683,0.470316,0.00636744,33.9067,33.8813,9,9,0,0.912128,0.909312,0.002816,0,1,1,1
111.8,2114,1,0.00434908,0.00434908,0.800687,0.807349,0.00666142,35.2027,35.2294,10,10,0,0.859803,0.880107,0.020304,0,1,1,0
111.8,2114,2,0.0175068,0.0175068,0.564334,0.580321,0.015987,34.2573,34.3213,11,11,0,0.944565,0.981005,0.03644,0,1,1,0
111.8,2114,3,0.0131444,0.0131444,0.479029,0.476683,0.00234595,33.9161,33.9067,9,9,0,0.909312,0.864504,0.044808,0,1,1,0
111.9,2115,1,0.00152188,0.00152188,0.797866,0.800687,0.00282121,35.1915,35.2027,10,10,0,0.880107,0.888179,0.008072,0,1,1,1
111.9,2115,2,0.00238227,0.00238227,0.566855,0.564334,0.00252092,34.2674,34.2573,11,11,0,0.981005,0.975661,0.005344,0,1,1,1
111.9,2115,3,0.00148269,0.00148269,0.480072,0.479029,0.00104332,33.9203,33.9161,9,9,0,0.864504,0.85704,0.007464,0,1,1,1
112,2116,1,0.0032267,0.0032267,0.803323,0.797866,0.00545681,35.2133,35.1915,10,10,0,0.888179,0.872147,0.016032,1,1,1,0
112,2116,2,0.00891499,0.00891499,0.571121,0.566855,0.00426525,34.2845,34.2674,11,11,0,0.975661,0.958589,0.017072,1,1,1,0
112,2116,3,0.00266006,0.00266006,0.478199,0.480072,0.00187299,33.9128,33.9203,9,9,0,0.85704,0.870432,0.013392,1,1,1,0
112.1,2117,1,0.00292427,0.00292427,0.798494,0.803323,0.00482941,35.194,35.2133,10,10,0,0.872147,0.886435,0.014288,0,1,1,0
112.1,2117,2,0.00732301,0.00732301,0.564693,0.571121,0.00642717,34.2588,34.2845,11,11,0,0.958589,0.973461,0.014872,0,1,1,0
112.1,2117,3,0.000686392,0.000686392,0.478683,0.478199,0.000483781,33.9147,33.9128,9,9,0,0.870432,0.866976,0.003456,0,1,1,1
112.2,2118,1,0.00317103,0.00317103,0.803702,0.798494,0.00520831,35.2148,35.194,10,10,0,0.886435,0.870995,0.01544,0,1,1,0
112.2,2118,2,0.0013762,0.0013762,0.566103,0.564693,0.00140989,34.2644,34.2588,11,11,0,0.973461,0.970453,0.003008,0,1,1,1
112.2,2118,3,0.00203406,0.00203406,0.480115,0.478683,0.00143164,33.9205,33.9147,9,9,0,0.866976,0.856736,0.01024,0,1,1,0
112.3,2119,1,0.0036704,0.0036704,0.797457,0.803702,0.00624526,35.1898,35.2148,10,10,0,0.870995,0.889315,0.01832,0,1,1,0
112.3,2119,2,0.00902042,0.00902042,0.573629,0.566103,0.00752544,34.2945,34.2644,11,11,0,0.970453,0.952509,0.017944,0,1,1,0
112.3,2119,3,0.0149757,0.0149757,0.476664,0.480115,0.00345078,33.9067,33.9205,9,9,0,0.856736,0.910328,0.053592,0,1,1,0
112.4,2120,1,0.00196211,0.00196211,0.801065,0.797457,0.00360876,35.2043,35.1898,10,10,0,0.889315,0.878971,0.010344,0,1,1,0
112.4,2120,2,0.00890557,0.00890557,0.566215,0.573629,0.00741404,34.2649,34.2945,11,11,0,0.952509,0.970213,0.017704,0,1,1,0
112.4,2120,3,0.00747366,0.00747366,0.47633,0.476664,0.000334471,33.9053,33.9067,9,9,0,0.910328,0.885976,0.024352,0,1,1,0
112.5,2121,1,0.000109643,0.000109643,0.801235,0.801065,0.000170171,35.2049,35.2043,10,10,0,0.878971,0.878459,0.000512,0,1,1,1
112.5,2121,2,0.00399223,0.00399223,0.560368,0.566215,0.00584662,34.2415,34.2649,11,11,0,0.970213,0.982053,0.01184,0,1,1,0
112.5,2121,3,0.00192937,0.00192937,0.47618,0.47633,0.000149965,33.9047,33.9053,9,9,0,0.885976,0.89212,0.006144,0,1,1,1
112.6,2122,1,0.00204074,0.00204074,0.804379,0.801235,0.00314343,35.2175,35.2049,10,10,0,0.878459,0.868931,0.009528,0,1,1,1
112.6,2122,2,0.0124894,0.0124894,0.573296,0.560368,0.012928,34.2932,34.2415,11,11,0,0.982053,0.953317,0.028736,0,1,1,0
112.6,2122,3,0.00309122,0.00309122,0.47653,0.47618,0.000350684,33.9061,33.9047,9,9,0,0.89212,0.902144,0.010024,0,1,1,0
112.7,2123,1,0.000144474,0.000144474,0.798361,0.804379,0.00601822,35.1934,35.2175,10,10,0,0.868931,0.868571,0.00036,0,1,1,1
112.7,2123,2,0.00831725,0.00831725,0.566389,0.573296,0.00690687,34.2656,34.2932,11,11,0,0.953317,0.969837,0.01652,0,1,1,0
112.7,2123,3,0.00754346,0.00754346,0.477352,0.47653,0.000822246,33.9094,33.9061,9,9,0,0.902144,0.878192,0.023952,0,1,1,0
112.8,2124,1,0.000851672,0.000851672,0.799695,0.798361,0.00133413,35.1988,35.1934,10,10,0,0.868571,0.864595,0.003976,0,1,1,1
112.8,2124,2,0.00465466,0.00465466,0.559499,0.566389,0.00689018,34.238,34.2656,11,11,0,0.969837,0.983765,0.013928,0,1,1,0
112.8,2124,3,0.00744973,0.00744973,0.47652,0.477352,0.000832856,33.9061,33.9094,9,9,0,0.878192,0.90184,0.023648,0,1,1,0
112.9,2125,1,0.00478361,0.00478361,0.806023,0.799695,0.00632858,35.2241,35.1988,10,10,0,0.864595,0.846259,0.018336,0,1,1,0
112.9,2125,2,0.0181451,0.0181451,0.578394,0.559499,0.0188945,34.3136,34.238,11,11,0,0.983765,0.941757,0.042008,0,1,1,0
112.9,2125,3,0.00549202,0.00549202,0.476559,0.47652,3.91603e-05,33.9062,33.9061,9,9,0,0.90184,0.884232,0.017608,0,1,1,0
113,2126,1,0.00243593,0.00243593,0.803365,0.806023,0.00265843,35.2135,35.2241,10,10,0,0.846259,0.853739,0.00748,0,1,1,1
113,2126,2,0.018472,0.018472,0.55891,0.578394,0.019484,34.2356,34.3136,11,11,0,0.941757,0.984925,0.043168,0,1,1,0
113,2126,3,0.00249454,0.00249454,0.47618,0.476559,0.000379235,33.9047,33.9062,9,9,0,0.884232,0.89212,0.007888,0,1,1,1
113.1,2127,1,0.00395462,0.00395462,0.807995,0.803365,0.00462967,35.232,35.2135,10,10,0,0.853739,0.840587,0.013152,0,1,1,0
113.1,2127,2,0.0151144,0.0151144,0.574774,0.55891,0.0158642,34.2991,34.2356,11,11,0,0.984925,0.949725,0.0352,0,1,1,0
113.1,2127,3,0.00362644,0.00362644,0.476591,0.47618,0.000411451,33.9064,33.9047,9,9,0,0.89212,0.90388,0.01176,0,1,1,0
113.2,2128,1,0.00502206,0.00502206,0.801685,0.807995,0.00630939,35.2067,35.232,10,10,0,0.840587,0.858619,0.018032,0,1,1,0
113.2,2128,2,0.011109,0.011109,0.565442,0.574774,0.0093317,34.2618,34.2991,11,11,0,0.949725,0.971877,0.022152,0,1,1,0
113.2,2128,3,0.00679249,0.00679249,0.476831,0.476591,0.000240147,33.9073,33.9064,9,9,0,0.90388,0.88216,0.02172,0,1,1,0
113.3,2129,1,0.00154582,0.00154582,0.803891,0.801685,0.00220549,35.2156,35.2067,10,10,0,0.858619,0.852267,0.006352,0,1,1,1
113.3,2129,2,0.00339888,0.00339888,0.560003,0.565442,0.00543934,34.24,34.2618,11,11,0,0.971877,0.982773,0.010896,0,1,1,0
113.3,2129,3,0.00538407,0.00538407,0.476431,0.476831,0.000399947,33.9057,33.9073,9,9,0,0.88216,0.899312,0.017152,0,1,1,0
113.4,2130,1,0.000213724,0.000213724,0.803657,0.803891,0.000234187,35.2146,35.2156,10,10,0,0.852267,0.852923,0.000656,0,1,1,1
113.4,2130,2,0.0157612,0.0157612,0.575792,0.560003,0.015789,34.3032,34.24,11,11,0,0.982773,0.947245,0.035528,0,1,1,0
113.4,2130,3,0.00518964,0.00518964,0.476752,0.476431,0.00032109,33.907,33.9057,9,9,0,0.899312,0.88276,0.016552,0,1,1,0
113.5,2131,1,0.00482401,0.00482401,0.802066,0.803657,0.00159055,35.2083,35.2146,10,10,0,0.852923,0.875955,0.023032,0,1,1,0
113.5,2131,2,0.00776876,0.00776876,0.569455,0.575792,0.00633705,34.2778,34.3032,11,11,0,0.947245,0.962613,0.015368,0,1,1,0
113.5,2131,3,0.00543136,0.00543136,0.476459,0.476752,0.000293672,33.9058,33.907,9,9,0,0.88276,0.900096,0.017336,0,1,1,0
113.6,2132,1,0.00606652,0.00606652,0.813823,0.802066,0.0117569,35.2553,35.2083,10,10,0,0.875955,0.839707,0.036248,0,1,1,0
113.6,2132,2,0.0025363,0.0025363,0.571531,0.569455,0.00207591,34.2861,34.2778,11,11,0,0.962613,0.957597,0.005016,0,1,1,1
113.6,2132,3,0.00242417,0.00242417,0.469682,0.476459,0.00677651,33.8787,33.9058,9,9,0,0.900096,0.89416,0.005936,0,1,1,1
113.7,2133,1,0.00256892,0.00256892,0.808834,0.813823,0.00498897,35.2353,35.2553,10,10,0,0.839707,0.838043,0.001664,0,1,1,1
113.7,2133,2,0.0129759,0.0129759,0.58655,0.571531,0.0150191,34.3462,34.2861,11,11,0,0.957597,0.926933,0.030664,0,1,1,0
113.7,2133,3,0.00319382,0.00319382,0.476828,0.469682,0.00714594,33.9073,33.8787,9,9,0,0.89416,0.882184,0.011976,0,1,1,0
113.8,2134,1,4.42527e-05,4.42527e-05,0.810019,0.808834,0.00118464,35.2401,35.2353,10,10,0,0.838043,0.834019,0.004024,0,1,1,1
113.8,2134,2,0.0155041,0.0155041,0.569461,0.58655,0.0170883,34.2778,34.3462,11,11,0,0.926933,0.962597,0.035664,0,1,1,0
113.8,2134,3,0.00678711,0.00678711,0.476591,0.476828,0.000236779,33.9064,33.9073,9,9,0,0.882184,0.903888,0.021704,0,1,1,0
113.9,2135,1,0.0015125,0.0015125,0.806114,0.810019,0.00390482,35.2245,35.2401,10,10,0,0.834019,0.846003,0.011984,0,1,1,0
113.9,2135,2,0.00091831,0.00091831,0.570214,0.569461,0.000752389,34.2809,34.2778,11,11,0,0.962597,0.960781,0.001816,0,1,1,1
113.9,2135,3,0.00678711,0.00678711,0.476828,0.476591,0.000236779,33.9073,33.9064,9,9,0,0.903888,0.882184,0.021704,0,1,1,0
114,2136,1,0.00121798,0.00121798,0.812066,0.806114,0.00595194,35.2483,35.2245,10,10,0,0.846003,0.826595,0.019408,0,1,1,0
114,2136,2,0.0164782,0.0164782,0.588637,0.570214,0.0184231,34.3545,34.2809,11,11,0,0.960781,0.922917,0.037864,0,1,1,0
114,2136,3,0.0053812,0.0053812,0.476432,0.476828,0.000396341,33.9057,33.9073,9,9,0,0.882184,0.899328,0.017144,0,1,1,0
114.1,2137,1,0.00405356,0.00405356,0.802858,0.812066,0.00920796,35.2114,35.2483,10,10,0,0.826595,0.855147,0.028552,0,1,1,0
114.1,2137,2,0.0179791,0.0179791,0.568983,0.588637,0.0196533,34.2759,34.3545,11,11,0,0.922917,0.963749,0.040832,0,1,1,0
114.1,2137,3,0.000641346,0.000641346,0.476505,0.476432,7.28071e-05,33.906,33.9057,9,9,0,0.899328,0.901408,0.00208,0,1,1,1
114.2,2138,1,0.00439233,0.00439233,0.808834,0.802858,0.0059762,35.2353,35.2114,10,10,0,0.855147,0.838043,0.017104,0,1,1,0
114.2,2138,2,0.00406121,0.00406121,0.572307,0.568983,0.00332326,34.2892,34.2759,11,11,0,0.963749,0.955717,0.008032,0,1,1,1
114.2,2138,3,0.00522143,0.00522143,0.476503,0.476505,1.37091e-06,33.906,33.906,9,9,0,0.901408,0.884656,0.016752,0,1,1,0
114.3,2139,1,0.001867,0.001867,0.805777,0.808834,0.00305653,35.2231,35.2353,10,10,0,0.838043,0.846955,0.008912,0,1,1,1
114.3,2139,2,0.0131114,0.0131114,0.590675,0.572307,0.0183683,34.3627,34.2892,11,11,0,0.955717,0.925157,0.03056,0,1,1,0
114.3,2139,3,0.00498772,0.00498772,0.478646,0.476503,0.00214306,33.9146,33.906,9,9,0,0.884656,0.86724,0.017416,0,1,1,0
114.4,2140,1,0.00732595,0.00732595,0.794653,0.805777,0.0111244,35.1786,35.2231,10,10,0,0.846955,0.878979,0.032024,0,1,1,0
114.4,2140,2,0.0176095,0.0176095,0.572514,0.590675,0.0181606,34.2901,34.3627,11,11,0,0.925157,0.963325,0.038168,0,1,1,0
114.4,2140,3,0.00639655,0.00639655,0.483059,0.478646,0.00441319,33.9322,33.9146,9,9,0,0.86724,0.835296,0.031944,0,1,1,0
114.5,2141,1,0.00433395,0.00433395,0.802125,0.794653,0.00747216,35.2085,35.1786,10,10,0,0.878979,0.857291,0.021688,0,1,1,0
114.5,2141,2,0.00258911,0.00258911,0.574622,0.572514,0.00210786,34.2985,34.2901,11,11,0,0.963325,0.958205,0.00512,0,1,1,1
114.5,2141,3,0.00229582,0.00229582,0.484425,0.483059,0.00136548,33.9377,33.9322,9,9,0,0.835296,0.821288,0.014008,0,1,1,0
114.6,2142,1,0.00423548,0.00423548,0.79486,0.802125,0.00726473,35.1794,35.2085,10,10,0,0.857291,0.878411,0.02112,0,1,1,0
114.6,2142,2,0.0129769,0.0129769,0.58843,0.574622,0.0138073,34.3537,34.2985,11,11,0,0.958205,0.929493,0.028712,0,1,1,0
114.6,2142,3,0.000547629,0.000547629,0.484072,0.484425,0.000353247,33.9363,33.9377,9,9,0,0.821288,0.826264,0.004976,0,1,1,1
114.7,2143,1,0.000507731,0.000507731,0.793789,0.79486,0.00107104,35.1752,35.1794,10,10,0,0.878411,0.881339,0.002928,0,1,1,1
114.7,2143,2,0.011545,0.011545,0.575785,0.58843,0.0126446,34.3031,34.3537,11,11,0,0.929493,0.955373,0.02588,0,1,1,0
114.7,2143,3,0.000285164,0.000285164,0.485189,0.484072,0.00111708,33.9408,33.9363,9,9,0,0.826264,0.816136,0.010128,0,1,1,0
114.8,2144,1,0.00234563,0.00234563,0.79839,0.793789,0.004601,35.1936,35.1752,10,10,0,0.881339,0.868483,0.012856,0,1,1,0
114.8,2144,2,0.00218829,0.00218829,0.574007,0.575785,0.00177777,34.296,34.3031,11,11,0,0.955373,0.959701,0.004328,0,1,1,1
114.8,2144,3,0.00105812,0.00105812,0.4834,0.485189,0.00178823,33.9336,33.9408,9,9,0,0.816136,0.832896,0.01676,0,1,1,0
114.9,2145,1,0.00259816,0.00259816,0.793255,0.79839,0.00513542,35.173,35.1936,10,10,0,0.868483,0.882795,0.014312,0,1,1,0
114.9,2145,2,0.00809577,0.00809577,0.622494,0.574007,0.0484864,34.49,34.296,11,11,0,0.959701,0.934557,0.025144,0,1,0,0
114.9,2145,3,0.00142457,0.00142457,0.484858,0.4834,0.00145742,33.9394,33.9336,9,9,0,0.832896,0.818176,0.01472,0,1,1,0
115,2146,1,0.000497986,0.000497986,0.792197,0.793255,0.0010578,35.1688,35.173,10,10,0,0.882795,0.885667,0.002872,0,1,1,1
115,2146,2,0.00707048,0.00707048,0.61658,0.622494,0.00591314,34.4663,34.49,11,11,0,0.934557,0.953173,0.018616,0,1,1,0
115,2146,3,0.00050148,0.00050148,0.484358,0.484858,0.000500083,33.9374,33.9394,9,9,0,0.818176,0.823032,0.004856,0,1,1,1
115.1,2147,1,0.00691403,0.00691403,0.804065,0.792197,0.0118676,35.2163,35.1688,10,10,0,0.885667,0.851779,0.033888,0,1,1,0
115.1,2147,2,0.00245835,0.00245835,0.614506,0.61658,0.00207436,34.458,34.4663,11,11,0,0.953173,0.959301,0.006128,0,1,1,1
115.1,2147,3,0.00147212,0.00147212,0.483663,0.484358,0.000694931,33.9347,33.9374,9,9,0,0.823032,0.830552,0.00752,0,1,1,1
115.2,2148,1,0.0073732,0.0073732,0.791218,0.804065,0.0128472,35.1649,35.2163,10,10,0,0.851779,0.888315,0.036536,0,1,1,0
115.2,2148,2,0.0119684,0.0119684,0.626412,0.614506,0.0119058,34.5056,34.458,11,11,0,0.959301,0.924093,0.035208,0,1,1,0
115.2,2148,3,0.00177495,0.00177495,0.491317,0.483663,0.00765455,33.9653,33.9347,9,9,0,0.830552,0.810088,0.020464,0,1,1,0
115.3,2149,1,0.00542673,0.00542673,0.801311,0.791218,0.0100933,35.2052,35.1649,10,10,0,0.888315,0.859747,0.028568,0,1,1,0
115.3,2149,2,0.0148145,0.0148145,0.611871,0.626412,0.0145414,34.4475,34.5056,11,11,0,0.924093,0.965797,0.041704,0,1,1,0
115.3,2149,3,0.00325436,0.00325436,0.488274,0.491317,0.00304309,33.9531,33.9653,9,9,0,0.810088,0.837448,0.02736,0,1,1,0
115.4,2150,1,0.0044723,0.0044723,0.793249,0.801311,0.00806177,35.173,35.2052,10,10,0,0.859747,0.882811,0.023064,0,1,1,0
115.4,2150,2,0.0048327,0.0048327,0.616183,0.611871,0.00431246,34.4647,34.4475,11,11,0,0.965797,0.954349,0.011448,0,1,1,0
115.4,2150,3,0.00401715,0.00401715,0.490595,0.488274,0.00232056,33.9624,33.9531,9,9,0,0.837448,0.816136,0.021312,0,1,1,0
115.5,2151,1,9.12547e-05,9.12547e-05,0.785516,0.793249,0.00773305,35.1421,35.173,10,10,0,0.882811,0.885659,0.002848,0,1,1,1
115.5,2151,2,0.00963336,0.00963336,0.625203,0.616183,0.00901985,34.5008,34.4647,11,11,0,0.954349,0.926925,0.027424,0,1,1,0
115.5,2151,3,0.00311241,0.00311241,0.488903,0.490595,0.00169146,33.9556,33.9624,9,9,0,0.816136,0.832896,0.01676,0,1,1,0
115.6,2152,1,0.00266231,0.00266231,0.790677,0.785516,0.00516051,35.1627,35.1421,10,10,0,0.885659,0.872435,0.013224,0,1,1,0
115.6,2152,2,0.0133411,0.0133411,0.612949,0.625203,0.0122533,34.4518,34.5008,11,11,0,0.926925,0.963325,0.0364,0,1,1,0
115.6,2152,3,0.00304596,0.00304596,0.490486,0.488903,0.00158259,33.9619,33.9556,9,9,0,0.832896,0.818176,0.01472,0,1,1,0
115.7,2153,1,0.00430571,0.00430571,0.782648,0.790677,0.00802833,35.1306,35.1627,10,10,0,0.872435,0.894331,0.021896,0,1,1,0
115.7,2153,2,0.0132437,0.0132437,0.624864,0.612949,0.0119147,34.4995,34.4518,11,11,0,0.963325,0.927717,0.035608,0,1,1,0
115.7,2153,3,0.000336833,0.000336833,0.490328,0.490486,0.000157714,33.9613,33.9619,9,9,0,0.818176,0.819816,0.00164,0,1,1,1
115.8,2154,1,0.000692643,0.000692643,0.781357,0.782648,0.00129128,35.1254,35.1306,10,10,0,0.894331,0.898339,0.004008,0,1,1,1
115.8,2154,2,0.0205627,0.0205627,0.605891,0.624864,0.0189736,34.4236,34.4995,11,11,0,0.927717,0.979405,0.051688,0,0,1,0
115.8,2154,3,0.00164419,0.00164419,0.489569,0.490328,0.000759453,33.9583,33.9613,9,9,0,0.819816,0.827736,0.00792,0,1,1,1
115.9,2155,1,0.00434599,0.00434599,0.789422,0.781357,0.00806546,35.1577,35.1254,10,10,0,0.898339,0.875675,0.022664,0,1,1,0
115.9,2155,2,0.0092263,0.0092263,0.614663,0.605891,0.00877285,34.4587,34.4236,11,11,0,0.979405,0.958837,0.020568,0,1,1,0
115.9,2155,3,0.00023387,0.00023387,0.489479,0.489569,8.99136e-05,33.9579,33.9583,9,9,0,0.827736,0.82872,0.000984,0,1,1,1
116,2156,1,0.00237308,0.00237308,0.784894,0.789422,0.00452805,35.1396,35.1577,10,10,0,0.875675,0.887467,0.011792,0,1,1,0
116,2156,2,0.0102206,0.0102206,0.604924,0.614663,0.0097391,34.4197,34.4587,11,11,0,0.958837,0.981589,0.022752,0,1,1,0
116,2156,3,0.00448444,0.00448444,0.48636,0.489479,0.00311926,33.9454,33.9579,9,9,0,0.82872,0.85128,0.02256,0,1,1,0
116.1,2157,1,0.00237957,0.00237957,0.789435,0.784894,0.00454044,35.1577,35.1396,10,10,0,0.887467,0.875643,0.011824,0,1,1,0
116.1,2157,2,0.0207811,0.0207811,0.583257,0.604924,0.0216677,34.333,34.4197,11,11,0,0.981589,0.938829,0.04276,0,0,0,0
116.1,2157,3,0.00446599,0.00446599,0.489468,0.48636,0.0031082,33.9579,33.9454,9,9,0,0.85128,0.828808,0.022472,0,1,1,0
116.2,2158,1,0.00340546,0.00340546,0.783121,0.789435,0.00631404,35.1325,35.1577,10,10,0,0.875643,0.892859,0.017216,0,1,1,0
116.2,2158,2,0.0168938,0.0168938,0.566983,0.583257,0.0162733,34.2679,34.333,11,11,0,0.938829,0.975389,0.03656,0,1,1,0
116.2,2158,3,0.00355836,0.00355836,0.486993,0.489468,0.00247538,33.948,33.9579,9,9,0,0.828808,0.846712,0.017904,0,1,1,0
116.3,2159,1,0.000645638,0.000645638,0.78192,0.783121,0.00120115,35.1277,35.1325,10,10,0,0.892859,0.896595,0.003736,0,1,1,1
116.3,2159,2,0.00523491,0.00523491,0.572093,0.566983,0.00510997,34.2884,34.2679,11,11,0,0.975389,0.964341,0.011048,0,1,1,0
116.3,2159,3,0.00403664,0.00403664,0.467748,0.486993,0.0192449,33.871,33.948,9,9,0,0.846712,0.830856,0.015856,0,1,1,0
116.4,2160,1,0.00339715,0.00339715,0.788171,0.78192,0.00625139,35.1527,35.1277,10,10,0,0.896595,0.878891,0.017704,0,1,1,0
116.4,2160,2,0.00653305,0.00653305,0.565611,0.572093,0.00648195,34.2624,34.2884,11,11,0,0.964341,0.978301,0.01396,0,1,1,0
116.4,2160,3,0.00103941,0.00103941,0.467995,0.467748,0.000247747,33.872,33.871,9,9,0,0.830856,0.833648,0.002792,0,1,1,1
116.5,2161,1,0.00107585,0.00107585,0.786077,0.788171,0.00209403,35.1443,35.1527,10,10,0,0.878891,0.884235,0.005344,0,1,1,1
116.5,2161,2,0.0170653,0.0170653,0.581588,0.565611,0.015977,34.3264,34.2624,11,11,0,0.978301,0.942085,0.036216,0,1,1,0
116.5,2161,3,0.00239648,0.00239648,0.468441,0.467995,0.000446051,33.8738,33.872,9,9,0,0.833648,0.840392,0.006744,0,1,1,1
116.6,2162,1,0.00167152,0.00167152,0.783129,0.786077,0.00294846,35.1325,35.1443,10,10,0,0.884235,0.892835,0.0086,0,1,1,1
116.6,2162,2,0.0111446,0.0111446,0.571505,0.581588,0.0100835,34.286,34.3264,11,11,0,0.942085,0.965621,0.023536,0,1,1,0
116.6,2162,3,0.00420115,0.00420115,0.467565,0.468441,0.000876248,33.8703,33.8738,9,9,0,0.840392,0.8288,0.011592,0,1,1,0
116.7,2163,1,0.00339483,0.00339483,0.789422,0.783129,0.00629389,35.1577,35.1325,10,10,0,0.892835,0.875675,0.01716,0,1,1,0
116.7,2163,2,0.0033421,0.0033421,0.568284,0.571505,0.00322127,34.2731,34.286,11,11,0,0.965621,0.972605,0.006984,0,1,1,1
116.7,2163,3,0.00654065,0.00654065,0.468697,0.467565,0.00113219,33.8748,33.8703,9,9,0,0.8288,0.84672,0.01792,0,1,1,0
116.8,2164,1,0.00404461,0.00404461,0.78192,0.789422,0.00750279,35.1277,35.1577,10,10,0,0.875675,0.896595,0.02092,0,1,1,0
116.8,2164,2,0.00290313,0.00290313,0.565268,0.568284,0.0030157,34.2611,34.2731,11,11,0,0.972605,0.979029,0.006424,0,1,1,1
116.8,2164,3,0.00281422,0.00281422,0.473739,0.468697,0.00504127,33.895,33.8748,9,9,0,0.84672,0.833368,0.013352,0,1,1,0
116.9,2165,1,0.00339715,0.00339715,0.788171,0.78192,0.00625139,35.1527,35.1277,10,10,0,0.896595,0.878891,0.017704,0,1,1,0
116.9,2165,2,0.019026,0.019026,0.583875,0.565268,0.0186074,34.3355,34.2611,11,11,0,0.979029,0.937701,0.041328,0,1,1,0
116.9,2165,3,0.000325274,0.000325274,0.473703,0.473739,3.53456e-05,33.8948,33.895,9,9,0,0.833368,0.832488,0.00088,0,1,1,1
117,2166,1,0.00142852,0.00142852,0.785387,0.788171,0.00278389,35.1415,35.1527,10,10,0,0.878891,0.885987,0.007096,0,1,1,1
117,2166,2,0.0160885,0.0160885,0.568317,0.583875,0.0155585,34.2733,34.3355,11,11,0,0.937701,0.972533,0.034832,0,1,1,0
117,2166,3,0.007133,0.007133,0.472588,0.473703,0.00111532,33.8904,33.8948,9,9,0,0.832488,0.812584,0.019904,0,1,1,0
117.1,2167,1,0.00101743,0.00101743,0.783687,0.785387,0.00169986,35.1347,35.1415,10,10,0,0.885987,0.891091,0.005104,0,1,1,1
117.1,2167,2,0.000394348,0.000394348,0.567936,0.568317,0.000381052,34.2717,34.2733,11,11,0,0.972533,0.973357,0.000824,0,1,1,1
117.1,2167,3,0.00109787,0.00109787,0.472466,0.472588,0.000122309,33.8899,33.8904,9,9,0,0.812584,0.815832,0.003248,0,1,1,1
117.2,2168,1,0.0013379,0.0013379,0.786014,0.783687,0.00232685,35.1441,35.1347,10,10,0,0.891091,0.884395,0.006696,1,1,1,1
117.2,2168,2,0.0143711,0.0143711,0.5808,0.567936,0.0128642,34.3232,34.2717,11,11,0,0.973357,0.943629,0.029728,1,1,1,0
117.2,2168,3,0.00400379,0.00400379,0.472776,0.472466,0.000310063,33.8911,33.8899,9,9,0,0.815832,0.80628,0.009552,1,1,1,1
117.3,2169,1,0.0013379,0.0013379,0.783687,0.786014,0.00232685,35.1347,35.1441,10,10,0,0.884395,0.891091,0.006696,0,1,1,1
117.3,2169,2,0.00392152,0.00392152,0.577083,0.5808,0.00371718,34.3083,34.3232,11,11,0,0.943629,0.952205,0.008576,0,1,1,1
117.3,2169,3,0.00357088,0.00357088,0.472538,0.472776,0.000237942,33.8902,33.8911,9,9,0,0.80628,0.814336,0.008056,0,1,1,1
117.4,2170,1,0.000305563,0.000305563,0.783121,0.783687,0.000566483,35.1325,35.1347,10,10,0,0.891091,0.892859,0.001768,1,1,1,1
117.4,2170,2,0.0171687,0.0171687,0.596331,0.577083,0.019248,34.3853,34.3083,11,11,0,0.952205,0.914157,0.038048,1,1,1,0
117.4,2170,3,9.39071e-05,9.39071e-05,0.472529,0.472538,8.79169e-06,33.8901,33.8902,9,9,0,0.814336,0.814656,0.00032,1,1,1,1
117.5,2171,1,0.00229734,0.00229734,0.787289,0.783121,0.00416845,35.1492,35.1325,10,10,0,0.892859,0.881147,0.011712,0,1,1,0
117.5,2171,2,0.0129861,0.0129861,0.581233,0.596331,0.0150977,34.3249,34.3853,11,11,0,0.914157,0.942781,0.028624,0,1,1,0
117.5,2171,3,0.000755168,0.000755168,0.472588,0.472529,5.87404e-05,33.8904,33.8901,9,9,0,0.814656,0.812592,0.002064,0,1,1,1
117.6,2172,1,0.000483166,0.000483166,0.788227,0.787289,0.000937939,35.1529,35.1492,10,10,0,0.881147,0.878747,0.0024,0,1,1,1
117.6,2172,2,0.00334565,0.00334565,0.57776,0.581233,0.00347304,34.311,34.3249,11,11,0,0.942781,0.950549,0.007768,0,1,1,1
117.6,2172,3,0.00269292,0.00269292,0.472694,0.472588,0.000106812,33.8908,33.8904,9,9,0,0.812592,0.820392,0.0078,0,1,1,1
117.7,2173,1,0.00303488,0.00303488,0.782648,0.788227,0.00557894,35.1306,35.1529,10,10,0,0.878747,0.894331,0.015584,1,1,1,0
117.7,2173,2,0.000622731,0.000622731,0.578263,0.57776,0.000503361,34.3131,34.311,11,11,0,0.950549,0.949317,0.001232,1,1,1,1
117.7,2173,3,0.00269292,0.00269292,0.472588,0.472694,0.000106812,33.8904,33.8908,9,9,0,0.820392,0.812592,0.0078,1,1,1,1
117.8,2174,1,0.00255335,0.00255335,0.787292,0.782648,0.0046441,35.1492,35.1306,10,10,0,0.894331,0.881139,0.013192,0,1,1,0
117.8,2174,2,0.0137345,0.0137345,0.591274,0.578263,0.0130105,34.3651,34.3131,11,11,0,0.949317,0.917821,0.031496,0,1,1,0
117.8,2174,3,0.00109416,0.00109416,0.472466,0.472588,0.00012207,33.8899,33.8904,9,9,0,0.812592,0.815832,0.00324,0,1,1,1
117.9,2175,1,0.00229761,0.00229761,0.783123,0.787292,0.00416893,35.1325,35.1492,10,10,0,0.881139,0.892851,0.011712,0,1,1,0
117.9,2175,2,0.00887343,0.00887343,0.580132,0.591274,0.0111424,34.3205,34.3651,11,11,0,0.917821,0.938421,0.0206,0,1,1,0
117.9,2175,3,0.00400745,0.00400745,0.472776,0.472466,0.000310332,33.8911,33.8899,9,9,0,0.815832,0.806272,0.00956,0,1,1,1
118,2176,1,0.00229438,0.00229438,0.787286,0.783123,0.00416267,35.1491,35.1325,10,10,0,0.892851,0.881155,0.011696,0,1,1,0
118,2176,2,0.00537876,0.00537876,0.573991,0.580132,0.00614059,34.296,34.3205,11,11,0,0.938421,0.951629,0.013208,0,1,1,0
118,2176,3,0.00223463,0.00223463,0.472632,0.472776,0.000144422,33.8905,33.8911,9,9,0,0.806272,0.81112,0.004848,0,1,1,1
118.1,2177,1,0.000486378,0.000486378,0.78823,0.787286,0.000944257,35.1529,35.1491,10,10,0,0.881155,0.878739,0.002416,0,1,1,1
118.1,2177,2,0.000642922,0.000642922,0.573467,0.573991,0.000523508,34.2939,34.296,11,11,0,0.951629,0.952901,0.001272,0,1,1,1
118.1,2177,3,0.00243677,0.00243677,0.472473,0.472632,0.000158638,33.8899,33.8905,9,9,0,0.81112,0.81788,0.00676,0,1,1,1
118.2,2178,1,0.0030365,0.0030365,0.782648,0.78823,0.00558209,35.1306,35.1529,10,10,0,0.878739,0.894331,0.015592,1,1,1,0
118.2,2178,2,0.0186474,0.0186474,0.595372,0.573467,0.0219046,34.3815,34.2939,11,11,0,0.952901,0.909853,0.043048,1,1,0,0
118.2,2178,3,0.00175811,0.00175811,0.472588,0.472473,0.000114799,33.8904,33.8899,9,9,0,0.81788,0.812592,0.005288,1,1,1,1
118.3,2179,1,0.000692643,0.000692643,0.781357,0.782648,0.00129128,35.1254,35.1306,10,10,0,0.894331,0.898339,0.004008,0,1,1,1
118.3,2179,2,0.0148268,0.0148268,0.576572,0.595372,0.0188,34.3063,34.3815,11,11,0,0.909853,0.945341,0.035488,0,1,1,0
118.3,2179,3,0.00109191,0.00109191,0.472466,0.472588,0.000121564,33.8899,33.8904,9,9,0,0.812592,0.815824,0.003232,0,1,1,1
118.4,2180,1,0.00434599,0.00434599,0.789422,0.781357,0.00806546,35.1577,35.1254,10,10,0,0.898339,0.875675,0.022664,0,1,1,0
118.4,2180,2,0.00208187,0.00208187,0.574882,0.576572,0.00168979,34.2995,34.3063,11,11,0,0.945341,0.949461,0.00412,0,1,1,1
118.4,2180,3,0.0166032,0.0166032,0.474542,0.472466,0.0020763,33.8982,33.8899,9,9,0,0.815824,0.778464,0.03736,0,1,1,0
118.5,2181,1,0.0163382,0.0163382,0.766988,0.789422,0.0224344,35.068,35.1577,10,10,0,0.875675,0.844211,0.031464,0,1,0,0
118.5,2181,2,0.00776228,0.00776228,0.585332,0.574882,0.0104497,34.3413,34.2995,11,11,0,0.949461,0.929269,0.020192,0,1,1,0
118.5,2181,3,0.000422522,0.000422522,0.474634,0.474542,9.14931e-05,33.8985,33.8982,9,9,0,0.778464,0.777528,0.000936,0,1,1,1
118.6,2182,1,0.000181282,0.000181282,0.766727,0.766988,0.000261307,35.0669,35.068,10,10,0,0.844211,0.844955,0.000744,0,1,1,1
118.6,2182,2,0.00817071,0.00817071,0.57455,0.585332,0.0107818,34.2982,34.3413,11,11,0,0.929269,0.950269,0.021,0,1,1,0
118.6,2182,3,0.000259981,0.000259981,0.47469,0.474634,5.62966e-05,33.8988,33.8985,9,9,0,0.777528,0.776952,0.000576,0,1,1,1
118.7,2183,1,0.00244911,0.00244911,0.763453,0.766727,0.00327373,35.0538,35.0669,10,10,0,0.844955,0.853675,0.00872,0,1,1,1
118.7,2183,2,0.000464987,0.000464987,0.574928,0.57455,0.000378013,34.2997,34.2982,11,11,0,0.950269,0.949349,0.00092,0,1,1,1
118.7,2183,3,0.00285534,0.00285534,0.475308,0.47469,0.000617981,33.9012,33.8988,9,9,0,0.776952,0.770624,0.006328,0,1,1,1
118.8,2184,1,0.00323872,0.00323872,0.767863,0.763453,0.00440991,35.0715,35.0538,10,10,0,0.853675,0.841715,0.01196,1,1,1,0
118.8,2184,2,0.00630504,0.00630504,0.569783,0.574928,0.00514525,34.2791,34.2997,11,11,0,0.949349,0.961821,0.012472,1,1,1,0
118.8,2184,3,0.00285534,0.00285534,0.47469,0.475308,0.000617981,33.8988,33.9012,9,9,0,0.770624,0.776952,0.006328,1,1,1,1
118.9,2185,1,0.00781197,0.00781197,0.757702,0.767863,0.0101613,35.0308,35.0715,10,10,0,0.841715,0.867787,0.026072,0,1,1,0
118.9,2185,2,0.0170682,0.0170682,0.588707,0.569783,0.0189244,34.3548,34.2791,11,11,0,0.961821,0.922781,0.03904,0,1,1,0
118.9,2185,3,0.00205845,0.00205845,0.474245,0.47469,0.000445664,33.897,33.8988,9,9,0,0.776952,0.781512,0.00456,0,1,1,1
