time_s,step,cellId,cio_l2_change,max_cio_change,txp_raw_curr,txp_raw_prev,txp_raw_change,txp_dBm_curr,txp_dBm_prev,ue_count_prev,ue_count_curr,ue_count_change,reward_prev,reward_curr,reward_change,consecutive_stagnant_steps,cio_stagnant,txp_stagnant,is_stagnant
0.5,1001,1,-1,-1,0.907843,0.907843,-1,35.6314,35.6314,12,12,0,0.92032,0.92032,0,0,0,0,0
0.5,1001,2,-1,-1,0.70911,0.70911,-1,34.8364,34.8364,11,11,0,0.789077,0.789077,0,0,0,0,0
0.5,1001,3,-1,-1,0.642263,0.642263,-1,34.5691,34.5691,7,7,0,0.870339,0.870339,0,0,0,0,0
0.6,1002,1,0.0152627,0.0152627,0.899089,0.907843,0.00875455,35.5964,35.6314,12,12,0,0.92032,0.99608,0.07576,0,1,1,0
0.6,1002,2,0.00371637,0.00371637,0.709786,0.70911,0.000675678,34.8391,34.8364,11,11,0,0.789077,0.769517,0.01956,0,1,1,0
0.6,1002,3,0.0070108,0.0070108,0.641412,0.642263,0.000850976,34.5656,34.5691,7,7,0,0.870339,0.879035,0.008696,0,1,1,1
0.7,1003,1,0.0189665,0.0189665,0.895975,0.899089,0.00311422,35.5839,35.5964,12,12,0,0.99608,1.05922,0.063136,0,1,1,0
0.7,1003,2,0.00238351,0.00238351,0.709253,0.709786,0.000532806,34.837,34.8391,11,11,0,0.769517,0.781477,0.01196,0,1,1,0
0.7,1003,3,0.0206528,0.0206528,0.643816,0.641412,0.00240463,34.5753,34.5656,7,7,0,0.879035,0.852779,0.026256,0,0,1,0
0.8,1004,1,0.00166561,0.00166561,0.895699,0.895975,0.000276148,35.5828,35.5839,12,12,0,1.05922,1.06759,0.008376,0,1,1,1
0.8,1004,2,0.000613935,0.000613935,0.70939,0.709253,0.000137269,34.8376,34.837,11,11,0,0.781477,0.778397,0.00308,0,1,1,1
0.8,1004,3,0.00378484,0.00378484,0.644266,0.643816,0.0004493,34.5771,34.5753,7,7,0,0.852779,0.847779,0.005,0,1,1,1
0.9,1005,1,0.00660784,0.00660784,0.89679,0.895699,0.00109124,35.5872,35.5828,12,12,0,1.06759,1.03437,0.033224,1,1,1,0
0.9,1005,2,0.000398569,0.000398569,0.709479,0.70939,8.91089e-05,34.8379,34.8376,11,11,0,0.778397,0.776397,0.002,1,1,1,1
0.9,1005,3,0.0200966,0.0200966,0.64194,0.644266,0.00232583,34.5678,34.5771,7,7,0,0.847779,0.873659,0.02588,1,0,1,0
1,1006,1,0.00569787,0.00569787,0.89585,0.89679,0.000940263,35.5834,35.5872,12,12,0,1.03437,1.06302,0.028648,0,1,1,0
1,1006,2,0.00399062,0.00399062,0.710528,0.709479,0.0010488,34.8421,34.8379,11,11,0,0.776397,0.749701,0.026696,0,1,1,0
1,1006,3,0.0257855,0.0257855,0.644947,0.64194,0.00300723,34.5798,34.5678,7,7,0,0.873659,0.840227,0.033432,0,0,1,0
1.1,1007,1,0.000599798,0.000599798,0.895949,0.89585,9.93609e-05,35.5838,35.5834,12,12,0,1.06302,1.06,0.003016,0,1,1,1
1.1,1007,2,0.00479107,0.00479107,0.7093,0.710528,0.00122774,34.8372,34.8421,11,11,0,0.749701,0.780413,0.030712,0,1,1,0
1.1,1007,3,0.0125522,0.0125522,0.643466,0.644947,0.00148124,34.5739,34.5798,7,7,0,0.840227,0.856747,0.01652,0,1,1,0
1.2,1008,1,0.00150976,0.00150976,0.895699,0.895949,0.00025034,35.5828,35.5838,12,12,0,1.06,1.06759,0.007592,0,1,1,1
1.2,1008,2,0.000523016,0.000523016,0.709417,0.7093,0.000116944,34.8377,34.8372,11,11,0,0.780413,0.777789,0.002624,0,1,1,1
1.2,1008,3,0.00927159,0.00927159,0.644551,0.643466,0.00108564,34.5782,34.5739,7,7,0,0.856747,0.844595,0.012152,0,1,1,0
1.3,1009,1,0.0017197,0.0017197,0.895984,0.895699,0.000285089,35.5839,35.5828,12,12,0,1.06759,1.05894,0.008648,0,1,1,1
1.3,1009,2,0.00431967,0.00431967,0.710476,0.709417,0.00105858,34.8419,34.8377,11,11,0,0.777789,0.750733,0.027056,0,1,1,0
1.3,1009,3,0.00517826,0.00517826,0.645246,0.644551,0.000694752,34.581,34.5782,7,7,0,0.844595,0.837291,0.007304,0,1,1,1
1.4,1010,1,0.00115657,0.00115657,0.895792,0.895984,0.000191629,35.5832,35.5839,12,12,0,1.05894,1.06476,0.005816,0,1,1,1
1.4,1010,2,0.00567839,0.00567839,0.709113,0.710476,0.00136244,34.8365,34.8419,11,11,0,0.750733,0.784605,0.033872,0,1,1,0
1.4,1010,3,0.00870641,0.00870641,0.644133,0.645246,0.00111347,34.5765,34.581,7,7,0,0.837291,0.849259,0.011968,0,1,1,0
1.5,1011,1,0.0018583,0.0018583,0.8961,0.895792,0.000307739,35.5844,35.5832,12,12,0,1.06476,1.05542,0.009344,0,1,1,1
1.5,1011,2,0.00128536,0.00128536,0.709401,0.709113,0.000287473,34.8376,34.8365,11,11,0,0.784605,0.778157,0.006448,0,1,1,1
1.5,1011,3,0.0014109,0.0014109,0.643965,0.644133,0.000167489,34.5759,34.5765,7,7,0,0.849259,0.851123,0.001864,0,1,1,1
1.6,1012,1,0.0029178,0.0029178,0.895616,0.8961,0.000483572,35.5825,35.5844,12,12,0,1.05542,1.07009,0.014672,1,1,1,0
1.6,1012,2,0.000546917,0.000546917,0.709278,0.709401,0.000122309,34.8371,34.8376,11,11,0,0.778157,0.780901,0.002744,1,1,1,1
1.6,1012,3,0.010431,0.010431,0.645294,0.643965,0.00132853,34.5812,34.5759,7,7,0,0.851123,0.836723,0.0144,1,1,1,0
1.7,1013,1,0.00565764,0.00565764,0.896552,0.895616,0.000935674,35.5862,35.5825,12,12,0,1.07009,1.04164,0.028448,0,1,1,0
1.7,1013,2,0.00319792,0.00319792,0.709993,0.709278,0.000714779,34.84,34.8371,11,11,0,0.780901,0.764853,0.016048,0,1,1,0
1.7,1013,3,0.0205237,0.0205237,0.64281,0.645294,0.00248402,34.5712,34.5812,7,7,0,0.836723,0.864163,0.02744,0,0,1,0
1.8,1014,1,0.00224033,0.00224033,0.896182,0.896552,0.000369549,35.5847,35.5862,12,12,0,1.04164,1.0529,0.011264,0,1,1,0
1.8,1014,2,0.00435829,0.00435829,0.709051,0.709993,0.000942528,34.8362,34.84,11,11,0,0.764853,0.786909,0.022056,0,1,1,0
1.8,1014,3,0.0228552,0.0228552,0.645648,0.64281,0.00283796,34.5826,34.5712,7,7,0,0.864163,0.832499,0.031664,0,0,1,0
1.9,1015,1,0.0016022,0.0016022,0.895917,0.896182,0.000265002,35.5837,35.5847,12,12,0,1.0529,1.06096,0.008056,0,1,1,1
1.9,1015,2,0.000193976,0.000193976,0.709091,0.709051,3.99351e-05,34.8364,34.8362,11,11,0,0.786909,0.788373,0.001464,0,1,1,1
1.9,1015,3,0.011733,0.011733,0.644087,0.645648,0.00156027,34.5763,34.5826,7,7,0,0.832499,0.849763,0.017264,0,1,1,0
2,1016,1,0.00203027,0.00203027,0.896253,0.895917,0.000335753,35.585,35.5837,12,12,0,1.06096,1.05075,0.010208,0,1,1,0
2,1016,2,0.0065537,0.0065537,0.710154,0.709091,0.00106353,34.8406,34.8364,11,11,0,0.788373,0.757653,0.03072,0,1,1,0
2,1016,3,0.00341901,0.00341901,0.643687,0.644087,0.000400364,34.5747,34.5763,7,7,0,0.849763,0.854243,0.00448,0,1,1,1
2.1,1017,1,0.0051673,0.0051673,0.895396,0.896253,0.000856698,35.5816,35.585,12,12,0,1.05075,1.07674,0.025984,0,1,1,0
2.1,1017,2,0.00645934,0.00645934,0.709071,0.710154,0.0010829,34.8363,34.8406,11,11,0,0.757653,0.787661,0.030008,0,1,1,0
2.1,1017,3,0.00341304,0.00341304,0.644087,0.643687,0.000399649,34.5763,34.5747,7,7,0,0.854243,0.849771,0.004472,0,1,1,1
2.2,1018,1,0.00535384,0.00535384,0.895454,0.895396,5.78165e-05,35.5818,35.5816,12,12,0,1.07674,1.0935,0.01676,0,1,1,0
2.2,1018,2,0.00097359,0.00097359,0.709275,0.709071,0.000203788,34.8371,34.8363,11,11,0,0.787661,0.794773,0.007112,0,1,1,1
2.2,1018,3,0.00225928,0.00225928,0.643818,0.644087,0.000268161,34.5753,34.5763,7,7,0,0.849771,0.852755,0.002984,0,1,1,1
2.3,1019,1,0.00884094,0.00884094,0.895975,0.895454,0.000521064,35.5839,35.5818,12,12,0,1.0935,1.0592,0.034296,0,1,1,0
2.3,1019,2,0.00737912,0.00737912,0.710268,0.709275,0.000992954,34.8411,34.8371,11,11,0,0.794773,0.754845,0.039928,0,1,1,0
2.3,1019,3,0.0012358,0.0012358,0.643965,0.643818,0.000146687,34.5759,34.5753,7,7,0,0.852755,0.851123,0.001632,0,1,1,1
2.4,1020,1,0.00827866,0.00827866,0.895429,0.895975,0.0005458,35.5817,35.5839,12,12,0,1.0592,1.09217,0.032968,0,1,1,0
2.4,1020,2,0.00648294,0.00648294,0.709087,0.710268,0.00118089,34.8363,34.8411,11,11,0,0.754845,0.788245,0.0334,0,1,1,0
2.4,1020,3,0.00566778,0.00566778,0.643314,0.643965,0.000651538,34.5733,34.5759,7,7,0,0.851123,0.858467,0.007344,0,1,1,1
2.5,1021,1,0.00191387,0.00191387,0.895345,0.895429,8.40425e-05,35.5814,35.5817,12,12,0,1.09217,1.08765,0.00452,0,1,1,1
2.5,1021,2,0.00100727,0.00100727,0.709205,0.709087,0.000117481,34.8368,34.8363,11,11,0,0.788245,0.782557,0.005688,0,1,1,1
2.5,1021,3,0.00988691,0.00988691,0.644466,0.643314,0.00115234,34.5779,34.5733,7,7,0,0.858467,0.845547,0.01292,0,1,1,0
2.6,1022,1,0.0027425,0.0027425,0.895374,0.895345,2.84314e-05,35.5815,35.5814,12,12,0,1.08765,1.07742,0.010232,0,1,1,0
2.6,1022,2,0.00155532,0.00155532,0.7092,0.709205,4.64916e-06,34.8368,34.8368,11,11,0,0.782557,0.792381,0.009824,0,1,1,1
2.6,1022,3,0.00318359,0.00318359,0.644088,0.644466,0.000377893,34.5764,34.5779,7,7,0,0.845547,0.849755,0.004208,0,1,1,1
2.7,1023,1,0.00103557,0.00103557,0.895546,0.895374,0.000172257,35.5822,35.5815,12,12,0,1.07742,1.07221,0.005208,0,1,1,1
2.7,1023,2,0.00483794,0.00483794,0.709938,0.7092,0.000738442,34.8398,34.8368,11,11,0,0.792381,0.766085,0.026296,0,1,1,0
2.7,1023,3,0.0031776,0.0031776,0.644465,0.644088,0.000377178,34.5779,34.5764,7,7,0,0.849755,0.845555,0.0042,0,1,1,1
2.8,1024,1,0.0115055,0.0115055,0.895708,0.895546,0.000162303,35.5828,35.5822,12,12,0,1.07221,1.10761,0.0354,0,1,1,0
2.8,1024,2,0.00497997,0.00497997,0.709229,0.709938,0.000709236,34.8369,34.8398,11,11,0,0.766085,0.793453,0.027368,0,1,1,0
2.8,1024,3,0.0151392,0.0151392,0.642715,0.644465,0.00175047,34.5709,34.5779,7,7,0,0.845555,0.865235,0.01968,0,1,1,0
2.9,1025,1,0.0140922,0.0140922,0.895975,0.895708,0.00026685,35.5839,35.5828,12,12,0,1.10761,1.0592,0.048408,0,1,1,0
2.9,1025,2,0.00289494,0.00289494,0.709472,0.709229,0.000243247,34.8379,34.8369,11,11,0,0.793453,0.776549,0.016904,0,1,1,0
2.9,1025,3,0.00381075,0.00381075,0.643149,0.642715,0.000433981,34.5726,34.5709,7,7,0,0.865235,0.860331,0.004904,0,1,1,1
3,1026,1,0.00754023,0.00754023,0.895397,0.895975,0.000578165,35.5816,35.5839,12,12,0,1.0592,1.09042,0.031224,0,1,1,0
3,1026,2,0.00260554,0.00260554,0.70917,0.709472,0.000302792,34.8367,34.8379,11,11,0,0.776549,0.791269,0.01472,0,1,1,0
3,1026,3,0.00537213,0.00537213,0.642537,0.643149,0.000611842,34.5701,34.5726,7,7,0,0.860331,0.867243,0.006912,0,1,1,1
3.1,1027,1,0.00117543,0.00117543,0.895345,0.895397,5.16772e-05,35.5814,35.5816,12,12,0,1.09042,1.08765,0.002776,0,1,1,1
3.1,1027,2,0.000239588,0.000239588,0.709219,0.70917,4.9293e-05,34.8369,34.8367,11,11,0,0.791269,0.793077,0.001808,0,1,1,1
3.1,1027,3,0.0011325,0.0011325,0.642408,0.642537,0.000128984,34.5696,34.5701,7,7,0,0.867243,0.868699,0.001456,0,1,1,1
3.2,1028,1,0.00239574,0.00239574,0.895316,0.895345,2.93255e-05,35.5813,35.5814,12,12,0,1.08765,1.07916,0.008488,1,1,1,1
3.2,1028,2,0.00167801,0.00167801,0.709651,0.709219,0.000432312,34.8386,34.8369,11,11,0,0.793077,0.800605,0.007528,1,1,1,1
3.2,1028,3,0.00576702,0.00576702,0.641718,0.642408,0.000689685,34.5669,34.5696,7,7,0,0.868699,0.875915,0.007216,1,1,1,1
3.3,1029,1,0.0013839,0.0013839,0.895546,0.895316,0.000230312,35.5822,35.5813,12,12,0,1.07916,1.0722,0.00696,2,1,1,1
3.3,1029,2,0.00580011,0.00580011,0.709758,0.709651,0.000106633,34.839,34.8386,11,11,0,0.800605,0.770141,0.030464,2,1,1,0
3.3,1029,3,0.0220267,0.0220267,0.644278,0.641718,0.0025602,34.5771,34.5669,7,7,0,0.875915,0.847635,0.02828,2,0,1,0
3.4,1030,1,0.0115071,0.0115071,0.895708,0.895546,0.000162005,35.5828,35.5822,12,12,0,1.0722,1.10761,0.035408,0,1,1,0
3.4,1030,2,0.00388677,0.00388677,0.70917,0.709758,0.000587344,34.8367,34.839,11,11,0,0.770141,0.791301,0.02116,0,1,1,0
3.4,1030,3,0.025251,0.025251,0.641326,0.644278,0.0029524,34.5653,34.5771,7,7,0,0.847635,0.879907,0.032272,0,0,1,0
3.5,1031,1,0.0144391,0.0144391,0.896033,0.895708,0.000324249,35.5841,35.5828,12,12,0,1.10761,1.05746,0.050152,0,1,1,0
3.5,1031,2,0.000365742,0.000365742,0.709246,0.70917,7.52807e-05,34.837,34.8367,11,11,0,0.791301,0.794061,0.00276,0,1,1,1
3.5,1031,3,0.0285421,0.0285421,0.644669,0.641326,0.00334305,34.5787,34.5653,7,7,0,0.879907,0.843283,0.036624,0,0,1,0
3.6,1032,1,0.00862554,0.00862554,0.895429,0.896033,0.000603199,35.5817,35.5841,12,12,0,1.05746,1.09217,0.034712,0,1,1,0
3.6,1032,2,0.00454415,0.00454415,0.709823,0.709246,0.000577271,34.8393,34.837,11,11,0,0.794061,0.768677,0.025384,0,1,1,0
3.6,1032,3,0.0320598,0.0320598,0.640898,0.644669,0.00377107,34.5636,34.5787,7,7,0,0.843283,0.884259,0.040976,0,0,1,0
3.7,1033,1,0.00191387,0.00191387,0.895345,0.895429,8.40425e-05,35.5814,35.5817,12,12,0,1.09217,1.08765,0.00452,0,1,1,1
3.7,1033,2,0.00599784,0.00599784,0.709624,0.709823,0.000198901,34.8385,34.8393,11,11,0,0.768677,0.800237,0.03156,0,1,1,0
3.7,1033,3,0.0136601,0.0136601,0.642539,0.640898,0.00164098,34.5702,34.5636,7,7,0,0.884259,0.867219,0.01704,0,1,1,0
3.8,1034,1,0.00239574,0.00239574,0.895316,0.895345,2.93255e-05,35.5813,35.5814,12,12,0,1.08765,1.07916,0.008488,0,1,1,1
3.8,1034,2,0.000687525,0.000687525,0.709439,0.709624,0.00018543,34.8378,34.8385,11,11,0,0.800237,0.797445,0.002792,0,1,1,1
3.8,1034,3,0.00846528,0.00846528,0.643503,0.642539,0.000964165,34.574,34.5702,7,7,0,0.867219,0.856323,0.010896,0,1,1,0
3.9,1035,1,0.00173228,0.00173228,0.895604,0.895316,0.000288188,35.5824,35.5813,12,12,0,1.07916,1.07045,0.008712,0,1,1,1
3.9,1035,2,0.00501547,0.00501547,0.709757,0.709439,0.000318408,34.839,34.8378,11,11,0,0.797445,0.770157,0.027288,0,1,1,0
3.9,1035,3,0.0253673,0.0253673,0.640503,0.643503,0.00299966,34.562,34.574,7,7,0,0.856323,0.888267,0.031944,0,0,1,0
4,1036,1,0.0118555,0.0118555,0.895708,0.895604,0.000104129,35.5828,35.5824,12,12,0,1.07045,1.10761,0.03716,0,1,1,0
4,1036,2,0.00372034,0.00372034,0.709137,0.709757,0.000620246,34.8365,34.839,11,11,0,0.770157,0.790069,0.019912,0,1,1,0
4,1036,3,0.0353017,0.0353017,0.644669,0.640503,0.00416559,34.5787,34.562,7,7,0,0.888267,0.843283,0.044984,0,0,1,0
4.1,1037,1,0.0140922,0.0140922,0.895975,0.895708,0.00026685,35.5839,35.5828,12,12,0,1.10761,1.0592,0.048408,0,1,1,0
4.1,1037,2,0.00121074,0.00121074,0.709417,0.709137,0.000280261,34.8377,34.8365,11,11,0,0.790069,0.797093,0.007024,0,1,1,1
4.1,1037,3,0.0320533,0.0320533,0.640899,0.644669,0.00377029,34.5636,34.5787,7,7,0,0.843283,0.884251,0.040968,0,0,1,0
4.2,1038,1,0.00827866,0.00827866,0.895429,0.895975,0.0005458,35.5817,35.5839,12,12,0,1.0592,1.09217,0.032968,0,1,1,0
4.2,1038,2,0.00381192,0.00381192,0.709507,0.709417,8.98242e-05,34.838,34.8377,11,11,0,0.797093,0.775773,0.02132,0,1,1,0
4.2,1038,3,0.0320593,0.0320593,0.64467,0.640899,0.00377107,34.5787,34.5636,7,7,0,0.884251,0.843275,0.040976,0,0,1,0
4.3,1039,1,0.0028359,0.0028359,0.895323,0.895429,0.000106633,35.5813,35.5817,12,12,0,1.09217,1.08514,0.007032,0,1,1,1
4.3,1039,2,0.00228635,0.00228635,0.709072,0.709507,0.000434875,34.8363,34.838,11,11,0,0.775773,0.787693,0.01192,0,1,1,0
4.3,1039,3,0.0288455,0.0288455,0.64129,0.64467,0.00338006,34.5652,34.5787,7,7,0,0.843275,0.880275,0.037,0,0,1,0
4.4,1040,1,0.00132097,0.00132097,0.895291,0.895323,3.21865e-05,35.5812,35.5813,12,12,0,1.08514,1.07993,0.005208,0,1,1,1
4.4,1040,2,0.0021158,0.0021158,0.709469,0.709072,0.000396729,34.8379,34.8363,11,11,0,0.787693,0.776629,0.011064,0,1,1,0
4.4,1040,3,0.00731159,0.00731159,0.642179,0.64129,0.000889361,34.5687,34.5652,7,7,0,0.880275,0.871219,0.009056,0,1,1,1
4.5,1041,1,0.00153507,0.00153507,0.895546,0.895291,0.000255466,35.5822,35.5812,12,12,0,1.07993,1.07221,0.00772,0,1,1,1
4.5,1041,2,0.00200234,0.00200234,0.709049,0.709469,0.000420094,34.8362,34.8379,11,11,0,0.776629,0.786837,0.010208,0,1,1,0
4.5,1041,3,0.0215339,0.0215339,0.64467,0.642179,0.0024907,34.5787,34.5687,7,7,0,0.871219,0.843275,0.027944,0,0,1,0
4.6,1042,1,0.0115055,0.0115055,0.895708,0.895546,0.000162303,35.5828,35.5822,12,12,0,1.07221,1.10761,0.0354,0,1,1,0
4.6,1042,2,0.00087776,0.00087776,0.709229,0.709049,0.000180662,34.8369,34.8362,11,11,0,0.786837,0.793461,0.006624,0,1,1,1
4.6,1042,3,0.0353012,0.0353012,0.640504,0.64467,0.00416559,34.562,34.5787,7,7,0,0.843275,0.888259,0.044984,0,0,1,0
4.7,1043,1,0.00864947,0.00864947,0.895323,0.895708,0.000385582,35.5813,35.5828,12,12,0,1.10761,1.08514,0.022472,0,1,1,0
4.7,1043,2,0.00232041,0.00232041,0.709344,0.709229,0.000114322,34.8374,34.8369,11,11,0,0.793461,0.779437,0.014024,0,1,1,0
4.7,1043,3,0.0253546,0.0253546,0.643502,0.640504,0.00299817,34.574,34.562,7,7,0,0.888259,0.856331,0.031928,0,0,1,0
4.8,1044,1,0.00439114,0.00439114,0.895801,0.895323,0.000478148,35.5832,35.5813,12,12,0,1.08514,1.06449,0.020648,0,1,1,0
4.8,1044,2,0.00232355,0.00232355,0.70923,0.709344,0.000113666,34.8369,34.8374,11,11,0,0.779437,0.793485,0.014048,0,1,1,0
4.8,1044,3,0.00847156,0.00847156,0.642538,0.643502,0.00096482,34.5702,34.574,7,7,0,0.856331,0.867235,0.010904,0,1,1,0
4.9,1045,1,0.00531317,0.00531317,0.895345,0.895801,0.000455558,35.5814,35.5832,12,12,0,1.06449,1.08765,0.02316,0,1,1,0
4.9,1045,2,0.000245921,0.000245921,0.709179,0.70923,5.06043e-05,34.8367,34.8369,11,11,0,0.793485,0.791629,0.001856,0,1,1,1
4.9,1045,3,0.00538461,0.00538461,0.643151,0.642538,0.000613272,34.5726,34.5702,7,7,0,0.867235,0.860307,0.006928,0,1,1,1
5,1046,1,0.00239574,0.00239574,0.895316,0.895345,2.93255e-05,35.5813,35.5814,12,12,0,1.08765,1.07916,0.008488,0,1,1,1
5,1046,2,0.00497733,0.00497733,0.709992,0.709179,0.000812292,34.84,34.8367,11,11,0,0.791629,0.764885,0.026744,0,1,1,0
5,1046,3,0.0158055,0.0158055,0.641291,0.643151,0.00186026,34.5652,34.5726,7,7,0,0.860307,0.880267,0.01996,0,1,1,0
5.1,1047,1,0.00172916,0.00172916,0.895604,0.895316,0.000287652,35.5824,35.5813,12,12,0,1.07916,1.07046,0.008696,0,1,1,1
5.1,1047,2,0.00580106,0.00580106,0.709371,0.709992,0.000620604,34.8375,34.84,11,11,0,0.764885,0.796341,0.031456,0,1,1,0
5.1,1047,3,0.0148609,0.0148609,0.643043,0.641291,0.00175267,34.5722,34.5652,7,7,0,0.880267,0.861523,0.018744,0,1,1,0
5.2,1048,1,0.0115571,0.0115571,0.895692,0.895604,8.83937e-05,35.5828,35.5824,12,12,0,1.07046,1.10667,0.036208,0,1,1,0
5.2,1048,2,0.00762783,0.00762783,0.71386,0.709371,0.00448871,34.8554,34.8375,11,11,0,0.796341,0.706421,0.08992,0,1,1,0
5.2,1048,3,0.000111908,0.000111908,0.643031,0.643043,1.27554e-05,34.5721,34.5722,7,7,0,0.861523,0.861667,0.000144,0,1,1,1
5.3,1049,1,0.0068326,0.0068326,0.895372,0.895692,0.000320315,35.5815,35.5828,12,12,0,1.10667,1.08906,0.017608,0,1,1,0
5.3,1049,2,0.000219963,0.000219963,0.714241,0.71386,0.000380933,34.857,34.8554,11,11,0,0.706421,0.702717,0.003704,0,1,1,1
5.3,1049,3,0.00431564,0.00431564,0.642539,0.643031,0.00049156,34.5702,34.5721,7,7,0,0.861667,0.867219,0.005552,0,1,1,1
5.4,1050,1,0.00967961,0.00967961,0.895865,0.895372,0.000493348,35.5835,35.5815,12,12,0,1.08906,1.11711,0.028048,0,1,1,0
5.4,1050,2,0.0012695,0.0012695,0.711456,0.714241,0.00278515,34.8458,34.857,11,11,0,0.702717,0.731309,0.028592,0,1,1,0
5.4,1050,3,0.00113245,0.00113245,0.64241,0.642539,0.000128925,34.5696,34.5702,7,7,0,0.867219,0.868675,0.001456,0,1,1,1
5.5,1051,1,0.00230702,0.00230702,0.895722,0.895865,0.00014323,35.5829,35.5835,12,12,0,1.11711,1.10838,0.008728,0,1,1,1
5.5,1051,2,0.000139624,0.000139624,0.711596,0.711456,0.000140607,34.8464,34.8458,11,11,0,0.731309,0.728517,0.002792,0,1,1,1
5.5,1051,3,0.00113245,0.00113245,0.642539,0.64241,0.000128925,34.5702,34.5696,7,7,0,0.868675,0.867219,0.001456,0,1,1,1
5.6,1052,1,0.00827704,0.00827704,0.895332,0.895722,0.000389874,35.5813,35.5829,12,12,0,1.10838,1.08693,0.021456,1,1,1,0
5.6,1052,2,0.00117304,0.00117304,0.713818,0.711596,0.00222206,34.8553,34.8464,11,11,0,0.728517,0.706989,0.021528,1,1,1,0
5.6,1052,3,0.00181091,0.00181091,0.642333,0.642539,0.000206232,34.5693,34.5702,7,7,0,0.867219,0.869547,0.002328,1,1,1,1
5.7,1053,1,0.00827704,0.00827704,0.895722,0.895332,0.000389874,35.5829,35.5813,12,12,0,1.08693,1.10838,0.021456,0,1,1,0
5.7,1053,2,0.00117304,0.00117304,0.711596,0.713818,0.00222206,34.8464,34.8553,11,11,0,0.706989,0.728517,0.021528,0,1,1,0
5.7,1053,3,0.0125609,0.0125609,0.640811,0.642333,0.00152135,34.5632,34.5693,7,7,0,0.869547,0.885139,0.015592,0,1,1,0
5.8,1054,1,0.00370986,0.00370986,0.895964,0.895722,0.000241876,35.5839,35.5829,12,12,0,1.10838,1.12344,0.015056,0,1,1,0
5.8,1054,2,0.00110169,0.00110169,0.713634,0.711596,0.0020377,34.8545,34.8464,11,11,0,0.728517,0.709509,0.019008,0,1,1,0
5.8,1054,3,0.00652975,0.00652975,0.641606,0.640811,0.00079447,34.5664,34.5632,7,7,0,0.885139,0.877059,0.00808,0,1,1,1
5.9,1055,1,0.0110824,0.0110824,0.895372,0.895964,0.000591993,35.5815,35.5839,12,12,0,1.12344,1.08906,0.034376,0,1,1,0
5.9,1055,2,0.00122691,0.00122691,0.711722,0.713634,0.00191158,34.8469,34.8545,11,11,0,0.709509,0.726013,0.016504,0,1,1,0
5.9,1055,3,0.00651681,0.00651681,0.640813,0.641606,0.000792921,34.5633,34.5664,7,7,0,0.877059,0.885123,0.008064,0,1,1,1
6,1056,1,0.00670135,0.00670135,0.895685,0.895372,0.000313103,35.5827,35.5815,12,12,0,1.08906,1.10626,0.017192,0,1,1,0
6,1056,2,0.00122714,0.00122714,0.713634,0.711722,0.00191212,34.8545,34.8469,11,11,0,0.726013,0.709501,0.016512,0,1,1,0
6,1056,3,0.0133052,0.0133052,0.638943,0.640813,0.00186944,34.5558,34.5633,7,7,0,0.885123,0.901627,0.016504,0,1,1,0
6.1,1057,1,0.00306699,0.00306699,0.895871,0.895685,0.000186503,35.5835,35.5827,12,12,0,1.10626,1.11751,0.011256,0,1,1,0
6.1,1057,2,0.00130115,0.00130115,0.711797,0.713634,0.00183767,34.8472,34.8545,11,11,0,0.709501,0.724533,0.015032,0,1,1,0
6.1,1057,3,0.0132793,0.0132793,0.64081,0.638943,0.00186628,34.5632,34.5558,7,7,0,0.901627,0.885155,0.016472,0,1,1,0
6.2,1058,1,0.00725845,0.00725845,0.895482,0.895871,0.000389397,35.5819,35.5835,12,12,0,1.11751,1.09499,0.02252,0,1,1,0
6.2,1058,2,0.00125948,0.00125948,0.713527,0.711797,0.00172997,34.8541,34.8472,11,11,0,0.724533,0.710973,0.01356,0,1,1,0
6.2,1058,3,0.00321644,0.00321644,0.640418,0.64081,0.000391364,34.5617,34.5632,7,7,0,0.885155,0.889131,0.003976,0,1,1,1
6.3,1059,1,0.00287177,0.00287177,0.895612,0.895482,0.000130117,35.5824,35.5819,12,12,0,1.09499,1.10207,0.00708,0,1,1,1
6.3,1059,2,0.00125948,0.00125948,0.711797,0.713527,0.00172997,34.8472,34.8541,11,11,0,0.710973,0.724533,0.01356,0,1,1,0
6.3,1059,3,0.0267431,0.0267431,0.64358,0.640418,0.00316179,34.5743,34.5617,7,7,0,0.889131,0.855451,0.03368,0,0,1,0
6.4,1060,1,0.00228862,0.00228862,0.895738,0.895612,0.000126183,35.583,35.5824,12,12,0,1.10207,1.10933,0.007256,0,1,1,1
6.4,1060,2,0.00130115,0.00130115,0.713634,0.711797,0.00183767,34.8545,34.8472,11,11,0,0.724533,0.709501,0.015032,0,1,1,0
6.4,1060,3,0.00387544,0.00387544,0.643139,0.64358,0.000441372,34.5726,34.5743,7,7,0,0.855451,0.860443,0.004992,0,1,1,1
6.5,1061,1,0.00249056,0.00249056,0.895601,0.895738,0.000137329,35.5824,35.583,12,12,0,1.10933,1.10143,0.007896,0,1,1,1
6.5,1061,2,0.00122714,0.00122714,0.711722,0.713634,0.00191212,34.8469,34.8545,11,11,0,0.709501,0.726013,0.016512,0,1,1,0
6.5,1061,3,0.00386926,0.00386926,0.643579,0.643139,0.000440657,34.5743,34.5726,7,7,0,0.860443,0.855459,0.004984,0,1,1,1
6.6,1062,1,0.00207183,0.00207183,0.895715,0.895601,0.000114262,35.5829,35.5824,12,12,0,1.10143,1.108,0.006568,0,1,1,1
6.6,1062,2,0.00122691,0.00122691,0.713634,0.711722,0.00191158,34.8545,34.8469,11,11,0,0.726013,0.709509,0.016504,0,1,1,0
6.6,1062,3,0.0106355,0.0106355,0.642368,0.643579,0.00121129,34.5695,34.5743,7,7,0,0.855459,0.869147,0.013688,0,1,1,0
6.7,1063,1,0.00251679,0.00251679,0.895871,0.895715,0.000156164,35.5835,35.5829,12,12,0,1.108,1.11751,0.009512,0,1,1,1
6.7,1063,2,0.00122729,0.00122729,0.711723,0.713634,0.00191116,34.8469,34.8545,11,11,0,0.709509,0.726005,0.016496,0,1,1,0
6.7,1063,3,0.00844971,0.00844971,0.643331,0.642368,0.000962377,34.5733,34.5695,7,7,0,0.869147,0.858275,0.010872,0,1,1,0
6.8,1064,1,0.00209805,0.00209805,0.895738,0.895871,0.000133097,35.583,35.5835,12,12,0,1.11751,1.10933,0.008184,0,1,1,1
6.8,1064,2,0.00122752,0.00122752,0.713634,0.711723,0.0019117,34.8545,34.8469,11,11,0,0.726005,0.709501,0.016504,0,1,1,0
6.8,1064,3,0.00782562,0.00782562,0.644239,0.643331,0.000908375,34.577,34.5733,7,7,0,0.858275,0.848075,0.0102,0,1,1,0
6.9,1065,1,0.00890847,0.00890847,0.895325,0.895738,0.00041306,35.5813,35.583,12,12,0,1.10933,1.08599,0.023336,0,1,1,0
6.9,1065,2,0.00130155,0.00130155,0.711797,0.713634,0.00183725,34.8472,34.8545,11,11,0,0.709501,0.724525,0.015024,0,1,1,0
6.9,1065,3,0.0257004,0.0257004,0.641231,0.644239,0.00300813,34.5649,34.577,7,7,0,0.848075,0.880875,0.0328,0,0,1,0
7,1066,1,0.00945348,0.00945348,0.895768,0.895325,0.000443101,35.5831,35.5813,12,12,0,1.08599,1.11106,0.025064,0,1,1,0
7,1066,2,0.00728777,0.00728777,0.720929,0.711797,0.00913203,34.8837,34.8472,11,11,0,0.724525,0.673797,0.050728,0,1,1,0
7,1066,3,0.0347608,0.0347608,0.645436,0.641231,0.00420499,34.5817,34.5649,7,7,0,0.880875,0.835027,0.045848,0,0,1,0
7.1,1067,1,0.00412449,0.00412449,0.896052,0.895768,0.000283778,35.5842,35.5831,12,12,0,1.11106,1.12911,0.018056,0,1,1,0
7.1,1067,2,0.00307513,0.00307513,0.717324,0.720929,0.00360501,34.8693,34.8837,11,11,0,0.673797,0.689541,0.015744,0,1,1,0
7.1,1067,3,0.0270418,0.0270418,0.64217,0.645436,0.00326604,34.5687,34.5817,7,7,0,0.835027,0.871315,0.036288,0,0,1,0
7.2,1068,1,0.0154513,0.0154513,0.895335,0.896052,0.000716686,35.5813,35.5842,12,12,0,1.12911,1.07858,0.050536,0,1,1,0
7.2,1068,2,0.00297911,0.00297911,0.720819,0.717324,0.00349432,34.8833,34.8693,11,11,0,0.689541,0.674365,0.015176,0,1,1,0
7.2,1068,3,0.00846602,0.00846602,0.643138,0.64217,0.000968337,34.5726,34.5687,7,7,0,0.871315,0.860451,0.010864,0,1,1,0
7.3,1069,1,0.0127095,0.0127095,0.895859,0.895335,0.000523984,35.5834,35.5813,12,12,0,1.07858,1.11674,0.038168,0,1,1,0
7.3,1069,2,0.00067316,0.00067316,0.721594,0.720819,0.000775516,34.8864,34.8833,11,11,0,0.674365,0.670381,0.003984,0,1,1,1
7.3,1069,3,0.00388167,0.00388167,0.64358,0.643138,0.000442088,34.5743,34.5726,7,7,0,0.860451,0.855451,0.005,0,1,1,1
7.4,1070,1,0.00113546,0.00113546,0.895782,0.895859,7.74264e-05,35.5831,35.5834,12,12,0,1.11674,1.11184,0.004904,0,1,1,1
7.4,1070,2,0.00189168,0.00189168,0.723764,0.721594,0.00217026,34.8951,34.8864,11,11,0,0.670381,0.659181,0.0112,0,1,1,0
7.4,1070,3,0.00594527,0.00594527,0.642903,0.64358,0.000677109,34.5716,34.5743,7,7,0,0.855451,0.863107,0.007656,0,1,1,1
7.5,1071,1,0.00970073,0.00970073,0.895325,0.895782,0.00045675,35.5813,35.5831,12,12,0,1.11184,1.08599,0.025848,0,1,1,0
7.5,1071,2,0.0025635,0.0025635,0.72082,0.723764,0.00294417,34.8833,34.8951,11,11,0,0.659181,0.674357,0.015176,0,1,1,0
7.5,1071,3,0.00126185,0.00126185,0.643047,0.642903,0.000143707,34.5722,34.5716,7,7,0,0.863107,0.861483,0.001624,0,1,1,1
7.6,1072,1,0.00890847,0.00890847,0.895738,0.895325,0.00041306,35.583,35.5813,12,12,0,1.08599,1.10933,0.023336,0,1,1,0
7.6,1072,2,0.0016529,0.0016529,0.722721,0.72082,0.00190109,34.8909,34.8833,11,11,0,0.674357,0.664573,0.009784,0,1,1,1
7.6,1072,3,0.00817978,0.00817978,0.643985,0.643047,0.000938416,34.5759,34.5722,7,7,0,0.861483,0.850899,0.010584,0,1,1,0
7.7,1073,1,0.0046695,0.0046695,0.896052,0.895738,0.000313818,35.5842,35.583,12,12,0,1.10933,1.12911,0.019784,0,1,1,0
7.7,1073,2,0.0063248,0.0063248,0.715324,0.722721,0.00739712,34.8613,34.8909,11,11,0,0.664573,0.698101,0.033528,0,1,1,0
7.7,1073,3,0.0153342,0.0153342,0.642232,0.643985,0.00175345,34.5689,34.5759,7,7,0,0.850899,0.870683,0.019784,0,1,1,0
7.8,1074,1,0.0105446,0.0105446,0.895451,0.896052,0.00060153,35.5818,35.5842,12,12,0,1.12911,1.0933,0.035808,0,1,1,0
7.8,1074,2,0.000643432,0.000643432,0.716086,0.715324,0.000762165,34.8643,34.8613,11,11,0,0.698101,0.694845,0.003256,0,1,1,1
7.8,1074,3,0.0196319,0.0196319,0.644495,0.642232,0.00226355,34.578,34.5689,7,7,0,0.870683,0.845219,0.025464,0,1,1,0
7.9,1075,1,0.016189,0.016189,0.896448,0.895451,0.000997424,35.5858,35.5818,12,12,0,1.0933,1.15458,0.06128,0,1,1,0
7.9,1075,2,0.0038067,0.0038067,0.720563,0.716086,0.00447637,34.8823,34.8643,11,11,0,0.694845,0.675573,0.019272,0,1,1,0
7.9,1075,3,0.0300075,0.0300075,0.64097,0.644495,0.00352573,34.5639,34.578,7,7,0,0.845219,0.883531,0.038312,0,0,1,0
8,1076,1,0.0020043,0.0020043,0.896588,0.896448,0.00014025,35.5864,35.5858,12,12,0,1.15458,1.16363,0.009048,0,1,1,1
8,1076,2,0.00380351,0.00380351,0.71609,0.720563,0.00447261,34.8644,34.8823,11,11,0,0.675573,0.694829,0.019256,0,1,1,0
8,1076,3,0.0232563,0.0232563,0.643699,0.64097,0.00272942,34.5748,34.5639,7,7,0,0.883531,0.854107,0.029424,0,0,1,0
8.1,1077,1,0.00492367,0.00492367,0.896243,0.896588,0.000344872,35.585,35.5864,12,12,0,1.16363,1.14141,0.022224,0,1,1,0
8.1,1077,2,0.00289996,0.00289996,0.719505,0.71609,0.00341511,34.878,34.8644,11,11,0,0.694829,0.680149,0.01468,0,1,1,0
8.1,1077,3,0.039188,0.039188,0.638738,0.643699,0.00496107,34.555,34.5748,7,7,0,0.854107,0.903291,0.049184,0,0,1,0
8.2,1078,1,0.000769369,0.000769369,0.896297,0.896243,5.39422e-05,35.5852,35.585,12,12,0,1.14141,1.14488,0.003472,0,1,1,1
8.2,1078,2,0.000995182,0.000995182,0.72067,0.719505,0.00116456,34.8827,34.878,11,11,0,0.680149,0.675109,0.00504,0,1,1,1
8.2,1078,3,0.0119498,0.0119498,0.637309,0.638738,0.00142872,34.5492,34.555,7,7,0,0.903291,0.918867,0.015576,0,1,1,0
8.3,1079,1,0.00592075,0.00592075,0.896712,0.896297,0.000414431,35.5868,35.5852,12,12,0,1.14488,1.17161,0.026728,0,1,1,0
8.3,1079,2,0.00282066,0.00282066,0.723909,0.72067,0.00323981,34.8956,34.8827,11,11,0,0.675109,0.658429,0.01668,0,1,1,0
8.3,1079,3,0.0244524,0.0244524,0.640552,0.637309,0.00324309,34.5622,34.5492,7,7,0,0.918867,0.887771,0.031096,0,0,1,0
8.4,1080,1,0.00806948,0.00806948,0.896147,0.896712,0.000565171,35.5846,35.5868,12,12,0,1.17161,1.13518,0.036424,0,1,1,0
8.4,1080,2,0.00360889,0.00360889,0.719748,0.723909,0.00416189,34.879,34.8956,11,11,0,0.658429,0.679101,0.020672,0,1,1,0
8.4,1080,3,0.0173682,0.0173682,0.638035,0.640552,0.00251752,34.5521,34.5622,7,7,0,0.887771,0.909299,0.021528,0,1,1,0
8.5,1081,1,0.00494377,0.00494377,0.896493,0.896147,0.000346541,35.586,35.5846,12,12,0,1.13518,1.1575,0.022312,0,1,1,0
8.5,1081,2,0.00159018,0.00159018,0.721594,0.719748,0.00184643,34.8864,34.879,11,11,0,0.679101,0.670381,0.00872,0,1,1,1
8.5,1081,3,0.00089138,0.00089138,0.637953,0.638035,8.19564e-05,34.5518,34.5521,7,7,0,0.909299,0.910363,0.001064,0,1,1,1
8.6,1082,1,0.000223186,0.000223186,0.896478,0.896493,1.56164e-05,35.5859,35.586,12,12,0,1.1575,1.15649,0.001008,0,1,1,1
8.6,1082,2,0.000950016,0.000950016,0.722686,0.721594,0.0010916,34.8907,34.8864,11,11,0,0.670381,0.664757,0.005624,0,1,1,1
8.6,1082,3,0.0114208,0.0114208,0.639607,0.637953,0.00165415,34.5584,34.5518,7,7,0,0.910363,0.896251,0.014112,0,1,1,0
8.7,1083,1,0.000779711,0.000779711,0.896532,0.896478,5.45979e-05,35.5861,35.5859,12,12,0,1.15649,1.16001,0.00352,0,1,1,1
8.7,1083,2,0.00486465,0.00486465,0.717015,0.722686,0.00567091,34.8681,34.8907,11,11,0,0.664757,0.690869,0.026112,0,1,1,0
8.7,1083,3,0.00581851,0.00581851,0.638714,0.639607,0.000892758,34.5549,34.5584,7,7,0,0.896251,0.903483,0.007232,0,1,1,1
8.8,1084,1,0.00656941,0.00656941,0.896072,0.896532,0.000460565,35.5843,35.5861,12,12,0,1.16001,1.13036,0.029648,0,1,1,0
8.8,1084,2,0.000259191,0.000259191,0.716709,0.717015,0.000306129,34.8668,34.8681,11,11,0,0.690869,0.692181,0.001312,0,1,1,1
8.8,1084,3,0.00683576,0.00683576,0.637839,0.638714,0.000874758,34.5514,34.5549,7,7,0,0.903483,0.911835,0.008352,0,1,1,1
8.9,1085,1,0.00612469,0.00612469,0.896501,0.896072,0.000429392,35.586,35.5843,12,12,0,1.13036,1.158,0.02764,0,1,1,0
8.9,1085,2,0.000259191,0.000259191,0.717015,0.716709,0.000306129,34.8681,34.8668,11,11,0,0.692181,0.690869,0.001312,0,1,1,1
8.9,1085,3,0.0126543,0.0126543,0.639607,0.637839,0.00176752,34.5584,34.5514,7,7,0,0.911835,0.896251,0.015584,0,1,1,0
9,1086,1,0.00461579,0.00461579,0.896177,0.896501,0.000323474,35.5847,35.586,12,12,0,1.158,1.13717,0.020832,0,1,1,0
9,1086,2,0.00394434,0.00394434,0.721628,0.717015,0.00461346,34.8865,34.8681,11,11,0,0.690869,0.670205,0.020664,0,1,1,0
9,1086,3,0.00118348,0.00118348,0.639789,0.639607,0.000181556,34.5592,34.5584,7,7,0,0.896251,0.894779,0.001472,0,1,1,1
9.1,1087,1,0.00168798,0.00168798,0.896059,0.896177,0.000118494,35.5842,35.5847,12,12,0,1.13717,1.12955,0.007616,0,1,1,1
9.1,1087,2,0.00423515,0.00423515,0.716671,0.721628,0.0049569,34.8667,34.8865,11,11,0,0.670205,0.692341,0.022136,0,1,1,0
9.1,1087,3,0.0227943,0.0227943,0.636861,0.639789,0.00292772,34.5474,34.5592,7,7,0,0.894779,0.924891,0.030112,0,0,1,0
9.2,1088,1,0.00622743,0.00622743,0.896496,0.896059,0.000436664,35.586,35.5842,12,12,0,1.12955,1.15766,0.028104,0,1,1,0
9.2,1088,2,3.47123e-05,3.47123e-05,0.716712,0.716671,4.10676e-05,34.8668,34.8667,11,11,0,0.692341,0.692165,0.000176,0,1,1,1
9.2,1088,3,0.0157988,0.0157988,0.638715,0.636861,0.00185442,34.5549,34.5474,7,7,0,0.924891,0.903475,0.021416,0,1,1,0
9.3,1089,1,0.0040767,0.0040767,0.89621,0.896496,0.000285685,35.5848,35.586,12,12,0,1.15766,1.13926,0.0184,0,1,1,0
9.3,1089,2,0.000256091,0.000256091,0.717015,0.716712,0.000302374,34.8681,34.8668,11,11,0,0.692165,0.690869,0.001296,0,1,1,1
9.3,1089,3,0.00581846,0.00581846,0.639608,0.638715,0.000892758,34.5584,34.5549,7,7,0,0.903475,0.896243,0.007232,0,1,1,1
9.4,1090,1,0.00352028,0.00352028,0.896457,0.89621,0.000246704,35.5858,35.5848,12,12,0,1.13926,1.15514,0.015888,0,1,1,0
9.4,1090,2,0.00394434,0.00394434,0.721628,0.717015,0.00461346,34.8865,34.8681,11,11,0,0.690869,0.670205,0.020664,0,1,1,0
9.4,1090,3,0.011434,0.011434,0.637952,0.639608,0.00165582,34.5518,34.5584,7,7,0,0.896243,0.910371,0.014128,0,1,1,0
9.5,1091,1,0.00550082,0.00550082,0.896071,0.896457,0.000385702,35.5843,35.5858,12,12,0,1.15514,1.13032,0.024824,0,1,1,0
9.5,1091,2,0.00423515,0.00423515,0.716671,0.721628,0.0049569,34.8667,34.8865,11,11,0,0.670205,0.692341,0.022136,0,1,1,0
9.5,1091,3,0.0114276,0.0114276,0.639607,0.637952,0.0016548,34.5584,34.5518,7,7,0,0.910371,0.896251,0.01412,0,1,1,0
9.6,1092,1,0.0058871,0.0058871,0.896484,0.896071,0.000412762,35.5859,35.5843,12,12,0,1.13032,1.15689,0.026568,0,1,1,0
9.6,1092,2,0.00122489,0.00122489,0.718115,0.716671,0.00144404,34.8725,34.8667,11,11,0,0.692341,0.686141,0.0062,0,1,1,1
9.6,1092,3,0.00366801,0.00366801,0.639044,0.639607,0.000562727,34.5562,34.5584,7,7,0,0.896251,0.900811,0.00456,0,1,1,1
9.7,1093,1,0.00373639,0.00373639,0.896222,0.896484,0.000261843,35.5849,35.5859,12,12,0,1.15689,1.14002,0.016864,0,1,1,0
9.7,1093,2,0.00212604,0.00212604,0.715605,0.718115,0.00251007,34.8624,34.8725,11,11,0,0.686141,0.696901,0.01076,0,1,1,0
9.7,1093,3,0.0139345,0.0139345,0.63731,0.639044,0.00173384,34.5492,34.5562,7,7,0,0.900811,0.918851,0.01804,0,1,1,0
9.8,1094,1,0.00295388,0.00295388,0.896015,0.896222,0.000207365,35.5841,35.5849,12,12,0,1.14002,1.1267,0.013328,0,1,1,0
9.8,1094,2,0.00212604,0.00212604,0.718115,0.715605,0.00251007,34.8725,34.8624,11,11,0,0.696901,0.686141,0.01076,0,1,1,0
9.8,1094,3,0.0175961,0.0175961,0.639606,0.63731,0.00229561,34.5584,34.5492,7,7,0,0.918851,0.896259,0.022592,0,1,1,0
9.9,1095,1,0.00648295,0.00648295,0.896469,0.896015,0.000454724,35.5859,35.5841,12,12,0,1.1267,1.15595,0.029256,0,1,1,0
9.9,1095,2,0.00192113,0.00192113,0.720369,0.718115,0.00225347,34.8815,34.8725,11,11,0,0.686141,0.676413,0.009728,0,1,1,1
9.9,1095,3,0.00366808,0.00366808,0.639043,0.639606,0.000562727,34.5562,34.5584,7,7,0,0.896259,0.900819,0.00456,0,1,1,1
10,1096,1,0.000831053,0.000831053,0.896527,0.896469,5.81741e-05,35.5861,35.5859,12,12,0,1.15595,1.1597,0.003752,0,1,1,1
10,1096,2,0.0019196,0.0019196,0.718117,0.720369,0.00225157,34.8725,34.8815,11,11,0,0.676413,0.686133,0.00972,0,1,1,1
10,1096,3,0.0109119,0.0109119,0.637638,0.639043,0.0014053,34.5506,34.5562,7,7,0,0.900819,0.914499,0.01368,0,1,1,0
10.1,1097,1,0.00501256,0.00501256,0.896176,0.896527,0.00035131,35.5847,35.5861,12,12,0,1.1597,1.13708,0.022624,0,1,1,0
10.1,1097,2,0.000401393,0.000401393,0.717645,0.718117,0.000472605,34.8706,34.8725,11,11,0,0.686133,0.688165,0.002032,0,1,1,1
10.1,1097,3,0.0214316,0.0214316,0.640553,0.637638,0.00291508,34.5622,34.5506,7,7,0,0.914499,0.887763,0.026736,0,0,1,0
10.2,1098,1,0.000820898,0.000820898,0.896119,0.896176,5.75781e-05,35.5845,35.5847,12,12,0,1.13708,1.13338,0.003704,0,1,1,1
10.2,1098,2,0.00131987,0.00131987,0.716086,0.717645,0.00155836,34.8643,34.8706,11,11,0,0.688165,0.694845,0.00668,0,1,1,1
10.2,1098,3,0.0248914,0.0248914,0.637262,0.640553,0.00329089,34.549,34.5622,7,7,0,0.887763,0.919491,0.031728,0,0,1,0
10.3,1099,1,0.00202683,0.00202683,0.895976,0.896119,0.000142395,35.5839,35.5845,12,12,0,1.13338,1.12423,0.009144,0,1,1,1
10.3,1099,2,0.00102436,0.00102436,0.717296,0.716086,0.00120997,34.8692,34.8643,11,11,0,0.694845,0.689661,0.005184,0,1,1,1
10.3,1099,3,0.00482569,0.00482569,0.636665,0.637262,0.000596821,34.5467,34.549,7,7,0,0.919491,0.926715,0.007224,0,1,1,1
10.4,1100,1,0.0051842,0.0051842,0.89634,0.895976,0.000363827,35.5854,35.5839,12,12,0,1.12423,1.14762,0.023392,1,1,1,0
10.4,1100,2,0.00325148,0.00325148,0.721105,0.717296,0.00380903,34.8844,34.8692,11,11,0,0.689661,0.672893,0.016768,1,1,1,0
10.4,1100,3,0.00758635,0.00758635,0.635112,0.636665,0.00155342,34.5404,34.5467,7,7,0,0.926715,0.939075,0.01236,1,1,1,0
10.5,1101,1,0.0158969,0.0158969,0.895396,0.89634,0.000944257,35.5816,35.5854,12,12,0,1.14762,1.09035,0.057272,0,1,1,0
10.5,1101,2,0.0029607,0.0029607,0.717639,0.721105,0.00346625,34.8706,34.8844,11,11,0,0.672893,0.688189,0.015296,0,1,1,0
10.5,1101,3,0.00996108,0.00996108,0.636988,0.635112,0.00187564,34.548,34.5404,7,7,0,0.939075,0.923179,0.015896,0,1,1,0
10.6,1102,1,0.0081872,0.0081872,0.895798,0.895396,0.000402749,35.5832,35.5816,12,12,0,1.09035,1.11284,0.022488,0,1,1,0
10.6,1102,2,0.000818707,0.000818707,0.716673,0.717639,0.000965893,34.8667,34.8706,11,11,0,0.688189,0.692333,0.004144,0,1,1,1
10.6,1102,3,0.00362663,0.00362663,0.63739,0.636988,0.000402272,34.5496,34.548,7,7,0,0.923179,0.917795,0.005384,0,1,1,1
10.7,1103,1,0.000578217,0.000578217,0.895839,0.895798,4.071e-05,35.5834,35.5832,12,12,0,1.11284,1.11545,0.002608,0,1,1,1
10.7,1103,2,0.000390492,0.000390492,0.716212,0.716673,0.000461519,34.8648,34.8667,11,11,0,0.692333,0.694309,0.001976,0,1,1,1
10.7,1103,3,0.013929,0.013929,0.635022,0.63739,0.00236833,34.5401,34.5496,7,7,0,0.917795,0.939763,0.021968,0,1,1,0
10.8,1104,1,0.00253369,0.00253369,0.895689,0.895839,0.000150084,35.5828,35.5834,12,12,0,1.11545,1.1065,0.008952,0,1,1,1
10.8,1104,2,0.00444972,0.00444972,0.721428,0.716212,0.00521594,34.8857,34.8648,11,11,0,0.694309,0.671237,0.023072,0,1,1,0
10.8,1104,3,0.0232936,0.0232936,0.638455,0.635022,0.00343364,34.5538,34.5401,7,7,0,0.939763,0.905579,0.034184,0,0,1,0
10.9,1105,1,0.00462646,0.00462646,0.895986,0.895689,0.000297248,35.5839,35.5828,12,12,0,1.1065,1.12489,0.018392,0,1,1,0
10.9,1105,2,0.00286572,0.00286572,0.724712,0.721428,0.0032841,34.8988,34.8857,11,11,0,0.671237,0.654269,0.016968,0,1,1,0
10.9,1105,3,0.0229523,0.0229523,0.635112,0.638455,0.00334322,34.5404,34.5538,7,7,0,0.905579,0.939075,0.033496,0,0,1,0
11,1106,1,0.0058452,0.0058452,0.895622,0.895986,0.000364482,35.5825,35.5839,12,12,0,1.12489,1.10263,0.022256,0,1,1,0
11,1106,2,0.00301572,0.00301572,0.721255,0.724712,0.00345689,34.885,34.8988,11,11,0,0.654269,0.672125,0.017856,0,1,1,0
11,1106,3,0.00391444,0.00391444,0.634103,0.635112,0.00100881,34.5364,34.5404,7,7,0,0.939075,0.947131,0.008056,0,1,1,1
11.1,1107,1,0.00858821,0.00858821,0.896179,0.895622,0.000557125,35.5847,35.5825,12,12,0,1.10263,1.13726,0.034632,0,1,1,0
11.1,1107,2,0.00785477,0.00785477,0.730189,0.721255,0.00893384,34.9208,34.885,11,11,0,0.672125,0.625589,0.046536,0,1,1,0
11.1,1107,3,0.0291338,0.0291338,0.638803,0.634103,0.00470001,34.5552,34.5364,7,7,0,0.947131,0.902763,0.044368,0,0,1,0
11.2,1108,1,0.00657706,0.00657706,0.895733,0.896179,0.0004462,35.5829,35.5847,12,12,0,1.13726,1.10901,0.028256,0,1,1,0
11.2,1108,2,0.00250178,0.00250178,0.727368,0.730189,0.00282085,34.9095,34.9208,11,11,0,0.625589,0.640421,0.014832,0,1,1,0
11.2,1108,3,0.0252194,0.0252194,0.635112,0.638803,0.0036912,34.5404,34.5552,7,7,0,0.902763,0.939075,0.036312,0,0,1,0
11.3,1109,1,0.00344922,0.00344922,0.895959,0.895733,0.000226557,35.5838,35.5829,12,12,0,1.10901,1.12315,0.014144,0,1,1,0
11.3,1109,2,0.00225628,0.00225628,0.729913,0.727368,0.002545,34.9197,34.9095,11,11,0,0.640421,0.627045,0.013376,0,1,1,0
11.3,1109,3,0.00189371,0.00189371,0.635594,0.635112,0.000481725,34.5424,34.5404,7,7,0,0.939075,0.935403,0.003672,0,1,1,1
11.4,1110,1,0.00865097,0.00865097,0.895476,0.895959,0.000483632,35.5819,35.5838,12,12,0,1.12315,1.09466,0.028496,0,1,1,0
11.4,1110,2,0.0012292,0.0012292,0.728529,0.729913,0.0013842,34.9141,34.9197,11,11,0,0.627045,0.634333,0.007288,0,1,1,1
11.4,1110,3,0.0173314,0.0173314,0.63797,0.635594,0.00237644,34.5519,34.5424,7,7,0,0.935403,0.910139,0.025264,0,1,1,0
11.5,1111,1,0.0108054,0.0108054,0.896111,0.895476,0.000634968,35.5844,35.5819,12,12,0,1.09466,1.13287,0.038216,0,1,1,0
11.5,1111,2,0.000948809,0.000948809,0.727456,0.728529,0.00107223,34.9098,34.9141,11,11,0,0.634333,0.639957,0.005624,0,1,1,1
11.5,1111,3,0.0172121,0.0172121,0.635621,0.63797,0.0023492,34.5425,34.5519,7,7,0,0.910139,0.935195,0.025056,0,1,1,0
11.6,1112,1,0.00448671,0.00448671,0.895795,0.896111,0.000315428,35.5832,35.5844,12,12,0,1.13287,1.11263,0.02024,0,1,1,0
11.6,1112,2,0.00306392,0.00306392,0.723971,0.727456,0.00348502,34.8959,34.9098,11,11,0,0.639957,0.658109,0.018152,0,1,1,0
11.6,1112,3,0.0114249,0.0114249,0.637374,0.635621,0.00175273,34.5495,34.5425,7,7,0,0.935195,0.918011,0.017184,0,1,1,0
11.7,1113,1,0.000698216,0.000698216,0.895756,0.895795,3.93987e-05,35.583,35.5832,12,12,0,1.11263,1.11034,0.002296,0,1,1,1
11.7,1113,2,0.000690341,0.000690341,0.723181,0.723971,0.00079006,34.8927,34.8959,11,11,0,0.658109,0.662197,0.004088,0,1,1,1
11.7,1113,3,0.0117508,0.0117508,0.635547,0.637374,0.00182706,34.5422,34.5495,7,7,0,0.918011,0.935763,0.017752,0,1,1,0
11.8,1114,1,0.00132253,0.00132253,0.895839,0.895756,8.33273e-05,35.5834,35.583,12,12,0,1.11034,1.11545,0.005112,0,1,1,1
11.8,1114,2,0.00326831,0.00326831,0.726906,0.723181,0.00372463,34.9076,34.8927,11,11,0,0.662197,0.642837,0.01936,0,1,1,0
11.8,1114,3,0.0089451,0.0089451,0.637064,0.635547,0.00151747,34.5483,34.5422,7,7,0,0.935763,0.922147,0.013616,0,1,1,0
11.9,1115,1,0.00340848,0.00340848,0.896079,0.895839,0.000239611,35.5843,35.5834,12,12,0,1.11545,1.13082,0.015376,0,1,1,0
11.9,1115,2,0.00292245,0.00292245,0.723577,0.726906,0.00332856,34.8943,34.9076,11,11,0,0.642837,0.660149,0.017312,0,1,1,0
11.9,1115,3,0.0102077,0.0102077,0.635224,0.637064,0.00183964,34.5409,34.5483,7,7,0,0.922147,0.938219,0.016072,0,1,1,0
12,1116,1,0.00340848,0.00340848,0.895839,0.896079,0.000239611,35.5834,35.5843,12,12,0,1.13082,1.11545,0.015376,0,1,1,0
12,1116,2,0.00235139,0.00235139,0.726258,0.723577,0.0026806,34.905,34.8943,11,11,0,0.660149,0.646221,0.013928,0,1,1,0
12,1116,3,0.0248012,0.0248012,0.638804,0.635224,0.00357974,34.5552,34.5409,7,7,0,0.938219,0.902755,0.035464,0,0,1,0
12.1,1117,1,0.015179,0.015179,0.895794,0.895839,4.55379e-05,35.5832,35.5834,12,12,0,1.11545,1.06471,0.050736,0,1,1,0
12.1,1117,2,0.00200556,0.00200556,0.723973,0.726258,0.00228512,34.8959,34.905,11,11,0,0.646221,0.658101,0.01188,0,1,1,0
12.1,1117,3,0.044754,0.044754,0.625689,0.638804,0.0131149,34.5028,34.5552,7,7,0,0.902755,0.998523,0.095768,0,0,1,0
12.2,1118,1,0.00963814,0.00963814,0.895537,0.895794,0.00025636,35.5821,35.5832,12,12,0,1.06471,1.09797,0.033256,0,1,1,0
12.2,1118,2,0.000693038,0.000693038,0.72318,0.723973,0.00079304,34.8927,34.8959,11,11,0,0.658101,0.662205,0.004104,0,1,1,1
12.2,1118,3,0.0117801,0.0117801,0.631449,0.625689,0.00575972,34.5258,34.5028,7,7,0,0.998523,0.961635,0.036888,0,1,1,0
12.3,1119,1,0.00589376,0.00589376,0.895299,0.895537,0.000238478,35.5812,35.5821,12,12,0,1.09797,1.08302,0.014944,0,1,1,0
12.3,1119,2,0.00326966,0.00326966,0.726906,0.72318,0.00372612,34.9076,34.8927,11,11,0,0.662205,0.642837,0.019368,0,1,1,0
12.3,1119,3,0.00189793,0.00189793,0.629311,0.631449,0.00213814,34.5172,34.5258,7,7,0,0.961635,0.972531,0.010896,0,1,1,0
12.4,1120,1,0.000858722,0.000858722,0.895314,0.895299,1.51992e-05,35.5813,35.5812,12,12,0,1.08302,1.07922,0.0038,0,1,1,1
12.4,1120,2,0.00292245,0.00292245,0.723577,0.726906,0.00332856,34.8943,34.9076,11,11,0,0.642837,0.660149,0.017312,0,1,1,0
12.4,1120,3,0.00165414,0.00165414,0.628081,0.629311,0.00122964,34.5123,34.5172,7,7,0,0.972531,0.978819,0.006288,0,1,1,1
12.5,1121,1,0.00603106,0.00603106,0.895506,0.895314,0.000191629,35.582,35.5813,12,12,0,1.07922,1.09626,0.01704,0,1,1,0
12.5,1121,2,0.00235139,0.00235139,0.726258,0.723577,0.0026806,34.905,34.8943,11,11,0,0.660149,0.646221,0.013928,0,1,1,0
12.5,1121,3,0.00259656,0.00259656,0.627287,0.628081,0.000794291,34.5091,34.5123,7,7,0,0.978819,0.985155,0.006336,0,1,1,1
12.6,1122,1,0.00537378,0.00537378,0.895284,0.895506,0.000221908,35.5811,35.582,12,12,0,1.09626,1.08221,0.014056,0,1,1,0
12.6,1122,2,0.00200556,0.00200556,0.723973,0.726258,0.00228512,34.8959,34.905,11,11,0,0.646221,0.658101,0.01188,0,1,1,0
12.6,1122,3,0.00541472,0.00541472,0.63081,0.627287,0.00352299,34.5232,34.5091,7,7,0,0.985155,0.965363,0.019792,0,1,1,0
12.7,1123,1,0.00146215,0.00146215,0.895448,0.895284,0.00016427,35.5818,35.5811,12,12,0,1.08221,1.07518,0.007032,0,1,1,1
12.7,1123,2,0.00268459,0.00268459,0.727028,0.723973,0.00305551,34.9081,34.8959,11,11,0,0.658101,0.642197,0.015904,0,1,1,0
12.7,1123,3,0.00393235,0.00393235,0.627707,0.63081,0.0031032,34.5108,34.5232,7,7,0,0.965363,0.981635,0.016272,0,1,1,0
12.8,1124,1,0.0129315,0.0129315,0.895827,0.895448,0.000379503,35.5833,35.5818,12,12,0,1.07518,1.1147,0.03952,0,1,1,0
12.8,1124,2,0.00348575,0.00348575,0.723056,0.727028,0.00397241,34.8922,34.9081,11,11,0,0.642197,0.662845,0.020648,0,1,1,0
12.8,1124,3,0.000474986,0.000474986,0.627572,0.627707,0.000134528,34.5103,34.5108,7,7,0,0.981635,0.982763,0.001128,0,1,1,1
12.9,1125,1,0.00406773,0.00406773,0.895595,0.895827,0.00023222,35.5824,35.5833,12,12,0,1.1147,1.1011,0.013592,0,1,1,0
12.9,1125,2,0.00258932,0.00258932,0.726011,0.723056,0.00295502,34.904,34.8922,11,11,0,0.662845,0.647509,0.015336,0,1,1,0
12.9,1125,3,0.00432701,0.00432701,0.63074,0.627572,0.00316763,34.523,34.5103,7,7,0,0.982763,0.965771,0.016992,0,1,1,0
13,1126,1,0.00254613,0.00254613,0.895736,0.895595,0.000140429,35.5829,35.5824,12,12,0,1.1011,1.10918,0.008072,0,1,1,1
13,1126,2,0.00191513,0.00191513,0.723828,0.726011,0.0021832,34.8953,34.904,11,11,0,0.647509,0.658853,0.011344,0,1,1,0
13,1126,3,0.0266273,0.0266273,0.622149,0.63074,0.00859028,34.4886,34.523,7,7,0,0.965771,1.04059,0.074816,0,0,1,0
13.1,1127,1,0.00359524,0.00359524,0.895549,0.895736,0.000187099,35.5822,35.5829,12,12,0,1.10918,1.09858,0.0106,0,1,1,0
13.1,1127,2,0.000126973,0.000126973,0.723973,0.723828,0.000145078,34.8959,34.8953,11,11,0,0.658853,0.658101,0.000752,0,1,1,1
13.1,1127,3,0.0104003,0.0104003,0.62431,0.622149,0.00216031,34.4972,34.4886,7,7,0,1.04059,1.01131,0.029272,0,1,1,0
13.2,1128,1,0.000792567,0.000792567,0.895514,0.895549,3.48091e-05,35.5821,35.5822,12,12,0,1.09858,1.0967,0.001872,0,1,1,1
13.2,1128,2,0.00268459,0.00268459,0.727028,0.723973,0.00305551,34.9081,34.8959,11,11,0,0.658101,0.642197,0.015904,0,1,1,0
13.2,1128,3,0.0109197,0.0109197,0.627294,0.62431,0.0029847,34.5092,34.4972,7,7,0,1.01131,0.985091,0.026224,0,1,1,0
13.3,1129,1,0.0068831,0.0068831,0.895896,0.895514,0.000382185,35.5836,35.5821,12,12,0,1.0967,1.11909,0.022384,0,1,1,0
13.3,1129,2,0.00348436,0.00348436,0.723057,0.727028,0.00397086,34.8922,34.9081,11,11,0,0.642197,0.662837,0.02064,0,1,1,0
13.3,1129,3,0.0199304,0.0199304,0.622509,0.627294,0.00478524,34.49,34.5092,7,7,0,0.985091,1.03644,0.051352,0,1,1,0
13.4,1130,1,0.0068831,0.0068831,0.895514,0.895896,0.000382185,35.5821,35.5836,12,12,0,1.11909,1.0967,0.022384,0,1,1,0
13.4,1130,2,0.00258386,0.00258386,0.726006,0.723057,0.00294888,34.904,34.8922,11,11,0,0.662837,0.647533,0.015304,0,1,1,0
13.4,1130,3,0.00340716,0.00340716,0.621627,0.622509,0.000882566,34.4865,34.49,7,7,0,1.03644,1.0466,0.01016,0,1,1,0
13.5,1131,1,0.00361319,0.00361319,0.895693,0.895514,0.000179172,35.5828,35.5821,12,12,0,1.0967,1.10672,0.010016,0,1,1,0
13.5,1131,2,0.000211999,0.000211999,0.725765,0.726006,0.000240982,34.9031,34.904,11,11,0,0.647533,0.648789,0.001256,0,1,1,1
13.5,1131,3,0.00352522,0.00352522,0.62254,0.621627,0.000913143,34.4902,34.4865,7,7,0,1.0466,1.03609,0.010512,0,1,1,0
13.6,1132,1,0.0103634,0.0103634,0.895403,0.895693,0.000290275,35.5816,35.5828,12,12,0,1.10672,1.07654,0.030176,0,1,1,0
13.6,1132,2,0.000106655,0.000106655,0.725887,0.725765,0.000121295,34.9035,34.9031,11,11,0,0.648789,0.648157,0.000632,0,1,1,1
13.6,1132,3,0.0162639,0.0162639,0.626288,0.62254,0.00374854,34.5052,34.4902,7,7,0,1.03609,0.993515,0.042576,0,1,1,0
13.7,1133,1,0.00493487,0.00493487,0.895434,0.895403,3.14116e-05,35.5817,35.5816,12,12,0,1.07654,1.09242,0.015872,0,1,1,0
13.7,1133,2,0.00237043,0.00237043,0.723181,0.725887,0.0027054,34.8927,34.9035,11,11,0,0.648157,0.662197,0.01404,0,1,1,0
13.7,1133,3,0.0226081,0.0226081,0.621167,0.626288,0.00512105,34.4847,34.5052,7,7,0,0.993515,1.05449,0.060976,0,0,1,0
13.8,1134,1,0.00454184,0.00454184,0.895337,0.895434,9.68575e-05,35.5813,35.5817,12,12,0,1.09242,1.07852,0.013896,0,1,1,0
13.8,1134,2,0.000108086,0.000108086,0.723057,0.723181,0.000123799,34.8922,34.8927,11,11,0,0.662197,0.662837,0.00064,0,1,1,1
13.8,1134,3,0.0132748,0.0132748,0.623962,0.621167,0.00279456,34.4958,34.4847,7,7,0,1.05449,1.01664,0.037848,0,1,1,0
13.9,1135,1,0.00341048,0.00341048,0.895384,0.895337,4.72069e-05,35.5815,35.5813,12,12,0,1.07852,1.08974,0.011224,0,1,1,0
13.9,1135,2,0.00382996,0.00382996,0.72742,0.723057,0.00436217,34.9097,34.8922,11,11,0,0.662837,0.640149,0.022688,0,1,1,0
13.9,1135,3,0.00912769,0.00912769,0.621971,0.623962,0.00199103,34.4879,34.4958,7,7,0,1.01664,1.04264,0.026,0,1,1,0
14,1136,1,0.00375728,0.00375728,0.895395,0.895384,1.055e-05,35.5816,35.5815,12,12,0,1.08974,1.07678,0.012968,0,1,1,0
14,1136,2,0.00417721,0.00417721,0.722659,0.72742,0.00476038,34.8906,34.9097,11,11,0,0.640149,0.664893,0.024744,0,1,1,0
14,1136,3,0.00633428,0.00633428,0.623466,0.621971,0.00149542,34.4939,34.4879,7,7,0,1.04264,1.02423,0.018416,0,1,1,0
14.1,1137,1,0.00489541,0.00489541,0.895434,0.895395,3.93987e-05,35.5817,35.5816,12,12,0,1.07678,1.09243,0.015656,0,1,1,0
14.1,1137,2,0.004296,0.004296,0.727554,0.722659,0.00489491,34.9102,34.8906,11,11,0,0.664893,0.639445,0.025448,0,1,1,0
14.1,1137,3,0.00447273,0.00447273,0.62426,0.623466,0.000793397,34.497,34.4939,7,7,0,1.02423,1.01208,0.012144,0,1,1,0
14.2,1138,1,0.0041415,0.0041415,0.895269,0.895434,0.000164926,35.5811,35.5817,12,12,0,1.09243,1.08057,0.011864,0,1,1,0
14.2,1138,2,0.00384066,0.00384066,0.723181,0.727554,0.00437289,34.8927,34.9102,11,11,0,0.639445,0.662197,0.022752,0,1,1,0
14.2,1138,3,0.0106084,0.0106084,0.622022,0.62426,0.00223738,34.4881,34.497,7,7,0,1.01208,1.04205,0.029968,0,1,1,0
14.3,1139,1,0.0021361,0.0021361,0.895346,0.895269,7.68304e-05,35.5814,35.5811,12,12,0,1.08057,1.0877,0.007128,0,1,1,1
14.3,1139,2,0.00238396,0.00238396,0.725902,0.723181,0.00272071,34.9036,34.8927,11,11,0,0.662197,0.648077,0.01412,0,1,1,0
14.3,1139,3,0.0106114,0.0106114,0.62426,0.622022,0.00223792,34.497,34.4881,7,7,0,1.04205,1.01207,0.029976,0,1,1,0
14.4,1140,1,0.000632431,0.000632431,0.895325,0.895346,2.0802e-05,35.5813,35.5814,12,12,0,1.0877,1.08607,0.001624,0,1,1,1
14.4,1140,2,0.00574041,0.00574041,0.719298,0.725902,0.00660425,34.8772,34.9036,11,11,0,0.648077,0.681045,0.032968,0,1,1,0
14.4,1140,3,0.0153859,0.0153859,0.621118,0.62426,0.00314176,34.4845,34.497,7,7,0,1.01207,1.05565,0.043576,0,1,1,0
14.5,1141,1,0.0041602,0.0041602,0.895711,0.895325,0.000385761,35.5828,35.5813,12,12,0,1.08607,1.06721,0.018864,0,1,1,0
14.5,1141,2,0.00661395,0.00661395,0.726894,0.719298,0.00759596,34.9076,34.8772,11,11,0,0.681045,0.642901,0.038144,0,1,1,0
14.5,1141,3,0.0155774,0.0155774,0.624294,0.621118,0.00317568,34.4972,34.4845,7,7,0,1.05565,1.01155,0.044096,0,1,1,0
14.6,1142,1,0.00680474,0.00680474,0.895435,0.895711,0.000276566,35.5817,35.5828,12,12,0,1.06721,1.09245,0.02524,0,1,1,0
14.6,1142,2,0.00290217,0.00290217,0.723588,0.726894,0.00330555,34.8944,34.9076,11,11,0,0.642901,0.660093,0.017192,0,1,1,0
14.6,1142,3,0.0071251,0.0071251,0.622974,0.624294,0.00131983,34.4919,34.4972,7,7,0,1.01155,1.03108,0.019528,0,1,1,0
14.7,1143,1,0.00456177,0.00456177,0.895338,0.895435,9.63211e-05,35.5814,35.5817,12,12,0,1.09245,1.07849,0.01396,0,1,1,0
14.7,1143,2,0.0121043,0.0121043,0.73847,0.723588,0.0148817,34.9539,34.8944,11,11,0,0.660093,0.588501,0.071592,0,1,1,0
14.7,1143,3,0.00115876,0.00115876,0.622675,0.622974,0.000299752,34.4907,34.4919,7,7,0,1.03108,1.03454,0.003456,0,1,1,1
14.8,1144,1,0.00342367,0.00342367,0.895385,0.895338,4.63724e-05,35.5815,35.5814,12,12,0,1.07849,1.08976,0.011272,0,1,1,0
14.8,1144,2,0.00414109,0.00414109,0.732506,0.73847,0.00596368,34.93,34.9539,11,11,0,0.588501,0.613205,0.024704,0,1,1,0
14.8,1144,3,0.00689331,0.00689331,0.624048,0.622675,0.00137305,34.4962,34.4907,7,7,0,1.03454,1.01533,0.019208,0,1,1,0
14.9,1145,1,0.00376724,0.00376724,0.895396,0.895385,1.07884e-05,35.5816,35.5815,12,12,0,1.08976,1.07676,0.013,0,1,1,0
14.9,1145,2,0.00268039,0.00268039,0.729582,0.732506,0.00292408,34.9183,34.93,11,11,0,0.613205,0.628789,0.015584,0,1,1,0
14.9,1145,3,0.000580385,0.000580385,0.623945,0.624048,0.000102937,34.4958,34.4962,7,7,0,1.01533,1.01691,0.001576,0,1,1,1
15,1146,1,4.93377e-05,4.93377e-05,0.895404,0.895396,8.22544e-06,35.5816,35.5816,12,12,0,1.07676,1.07651,0.000248,0,1,1,1
15,1146,2,0.00181006,0.00181006,0.731608,0.729582,0.00202638,34.9264,34.9183,11,11,0,0.628789,0.618069,0.01072,0,1,1,0
15,1146,3,0.00802977,0.00802977,0.62223,0.623945,0.00171459,34.4889,34.4958,7,7,0,1.01691,1.03966,0.022752,0,1,1,0
15.1,1147,1,0.00666173,0.00666173,0.89551,0.895404,0.000105858,35.582,35.5816,12,12,0,1.07651,1.09648,0.019968,0,1,1,0
15.1,1147,2,0.00171629,0.00171629,0.733478,0.731608,0.00186962,34.9339,34.9264,11,11,0,0.618069,0.609229,0.00884,0,1,1,1
15.1,1147,3,0.00733146,0.00733146,0.623821,0.62223,0.00159073,34.4953,34.4889,7,7,0,1.03966,1.0188,0.020856,0,1,1,0
15.2,1148,1,0.00706733,0.00706733,0.895471,0.89551,3.83258e-05,35.5819,35.582,12,12,0,1.09648,1.07447,0.022008,0,1,1,0
15.2,1148,2,0.00169334,0.00169334,0.731632,0.733478,0.00184602,34.9265,34.9339,11,11,0,0.609229,0.617941,0.008712,0,1,1,1
15.2,1148,3,0.00688612,0.00688612,0.622345,0.623821,0.00147539,34.4894,34.4953,7,7,0,1.0188,1.03833,0.019528,0,1,1,0
15.3,1149,1,0.00825944,0.00825944,0.895562,0.895471,9.06587e-05,35.5822,35.5819,12,12,0,1.07447,1.0993,0.024824,0,1,1,0
15.3,1149,2,0.000847384,0.000847384,0.732506,0.731632,0.000874102,34.93,34.9265,11,11,0,0.617941,0.613205,0.004736,0,1,1,1
15.3,1149,3,0.0128754,0.0128754,0.625112,0.622345,0.00276697,34.5004,34.4894,7,7,0,1.03833,1.00334,0.034992,0,1,1,0
15.4,1150,1,0.0097039,0.0097039,0.895711,0.895562,0.00014931,35.5828,35.5822,12,12,0,1.0993,1.06721,0.032088,0,1,1,0
15.4,1150,2,0.00560918,0.00560918,0.726272,0.732506,0.00623447,34.9051,34.93,11,11,0,0.613205,0.646149,0.032944,0,1,1,0
15.4,1150,3,0.00387688,0.00387688,0.624195,0.625112,0.000916898,34.4968,34.5004,7,7,0,1.00334,1.01307,0.009728,0,1,1,1
15.5,1151,1,0.00680474,0.00680474,0.895435,0.895711,0.000276566,35.5817,35.5828,12,12,0,1.06721,1.09245,0.02524,0,1,1,0
15.5,1151,2,0.00147682,0.00147682,0.727945,0.726272,0.00167316,34.9118,34.9051,11,11,0,0.646149,0.637397,0.008752,0,1,1,1
15.5,1151,3,0.0155846,0.0155846,0.621061,0.624195,0.00313455,34.4842,34.4968,7,7,0,1.01307,1.05715,0.044088,0,1,1,0
15.6,1152,1,0.00456019,0.00456019,0.895338,0.895435,9.66191e-05,35.5814,35.5817,12,12,0,1.09245,1.0785,0.013952,0,1,1,0
15.6,1152,2,0.00127564,0.00127564,0.7265,0.727945,0.00144476,34.906,34.9118,11,11,0,0.637397,0.644957,0.00756,0,1,1,1
15.6,1152,3,0.00387633,0.00387633,0.621643,0.621061,0.000582457,34.4866,34.4842,7,7,0,1.05715,1.04641,0.010744,0,1,1,0
15.7,1153,1,0.00342209,0.00342209,0.895385,0.895338,4.66704e-05,35.5815,35.5814,12,12,0,1.0785,1.08976,0.011264,0,1,1,0
15.7,1153,2,0.000476561,0.000476561,0.727041,0.7265,0.000540435,34.9082,34.906,11,11,0,0.644957,0.642133,0.002824,0,1,1,1
15.7,1153,3,0.0171393,0.0171393,0.625554,0.621643,0.00391078,34.5022,34.4866,7,7,0,1.04641,0.999651,0.04676,0,1,1,0
15.8,1154,1,0.0021777,0.0021777,0.895317,0.895385,6.79493e-05,35.5813,35.5815,12,12,0,1.08976,1.084,0.00576,0,1,1,1
15.8,1154,2,0.000799075,0.000799075,0.727945,0.727041,0.000904322,34.9118,34.9082,11,11,0,0.642133,0.637397,0.004736,0,1,1,1
15.8,1154,3,0.0169006,0.0169006,0.621705,0.625554,0.00384891,34.4868,34.5022,7,7,0,0.999651,1.0457,0.046048,0,1,1,0
15.9,1155,1,0.00308013,0.00308013,0.895643,0.895317,0.000326574,35.5826,35.5813,12,12,0,1.084,1.06926,0.014736,0,1,1,0
15.9,1155,2,0.00195753,0.00195753,0.725725,0.727945,0.00221944,34.9029,34.9118,11,11,0,0.637397,0.648997,0.0116,0,1,1,0
15.9,1155,3,0.00326226,0.00326226,0.62255,0.621705,0.000844955,34.4902,34.4868,7,7,0,1.0457,1.03597,0.009728,0,1,1,1
16,1156,1,0.000790602,0.000790602,0.895775,0.895643,0.000131249,35.5831,35.5826,12,12,0,1.06926,1.06529,0.003976,0,1,1,1
16,1156,2,0.00195753,0.00195753,0.727945,0.725725,0.00221944,34.9118,34.9029,11,11,0,0.648997,0.637397,0.0116,0,1,1,0
16,1156,3,0.00660448,0.00660448,0.623911,0.62255,0.00136101,34.4956,34.4902,7,7,0,1.03597,1.01742,0.018552,0,1,1,0
16.1,1157,1,0.00302291,0.00302291,0.896275,0.895775,0.000500202,35.5851,35.5831,12,12,0,1.06529,1.05009,0.0152,0,1,1,0
16.1,1157,2,0.00156997,0.00156997,0.726166,0.727945,0.00177896,34.9047,34.9118,11,11,0,0.637397,0.646701,0.009304,0,1,1,1
16.1,1157,3,0.000990044,0.000990044,0.623736,0.623911,0.000175655,34.4949,34.4956,7,7,0,1.01742,1.02011,0.002688,0,1,1,1
16.2,1158,1,0.00346518,0.00346518,0.895701,0.896275,0.000573575,35.5828,35.5851,12,12,0,1.05009,1.06751,0.017424,0,1,1,0
16.2,1158,2,0.000770897,0.000770897,0.727041,0.726166,0.000874639,34.9082,34.9047,11,11,0,0.646701,0.642133,0.004568,0,1,1,1
16.2,1158,3,0.00640579,0.00640579,0.622345,0.623736,0.00139016,34.4894,34.4949,7,7,0,1.02011,1.03833,0.018224,0,1,1,0
16.3,1159,1,0.00843357,0.00843357,0.897024,0.895701,0.00132251,35.5881,35.5828,12,12,0,1.06751,1.0296,0.037912,0,1,1,0
16.3,1159,2,0.000799075,0.000799075,0.727945,0.727041,0.000904322,34.9118,34.9082,11,11,0,0.642133,0.637397,0.004736,0,1,1,1
16.3,1159,3,0.00393632,0.00393632,0.623297,0.622345,0.000951827,34.4932,34.4894,7,7,0,1.03833,1.02681,0.01152,0,1,1,0
16.4,1160,1,0.00828086,0.00828086,0.895727,0.897024,0.00129718,35.5829,35.5881,12,12,0,1.0296,1.06674,0.037144,0,1,1,0
16.4,1160,2,0.00208714,0.00208714,0.725578,0.727945,0.0023669,34.9023,34.9118,11,11,0,0.637397,0.649765,0.012368,0,1,1,0
16.4,1160,3,0.00184129,0.00184129,0.622888,0.623297,0.000409663,34.4916,34.4932,7,7,0,1.02681,1.03208,0.005272,0,1,1,1
16.5,1161,1,0.00174372,0.00174372,0.896016,0.895727,0.000288963,35.5841,35.5829,12,12,0,1.06674,1.05798,0.008768,0,1,1,1
16.5,1161,2,0.00174162,0.00174162,0.727554,0.725578,0.00197619,34.9102,34.9023,11,11,0,0.649765,0.639445,0.01032,0,1,1,0
16.5,1161,3,0.00448756,0.00448756,0.623767,0.622888,0.000879407,34.4951,34.4916,7,7,0,1.03208,1.01963,0.012456,0,1,1,0
16.6,1162,1,0.00324743,0.00324743,0.896552,0.896016,0.000536084,35.5862,35.5841,12,12,0,1.05798,1.04165,0.016328,0,1,1,0
16.6,1162,2,0.000449479,0.000449479,0.727045,0.727554,0.000509024,34.9082,34.9102,11,11,0,0.639445,0.642109,0.002664,0,1,1,1
16.6,1162,3,0.0107235,0.0107235,0.621333,0.623767,0.00243419,34.4853,34.4951,7,7,0,1.01963,1.05056,0.030936,0,1,1,0
16.7,1163,1,0.00309473,0.00309473,0.896041,0.896552,0.000510812,35.5842,35.5862,12,12,0,1.04165,1.05721,0.01556,0,1,1,0
16.7,1163,2,1.40816e-06,1.40816e-06,0.727044,0.727045,1.54972e-06,34.9082,34.9082,11,11,0,0.642109,0.642117,8e-06,0,1,1,1
16.7,1163,3,0.00950947,0.00950947,0.623551,0.621333,0.00221872,34.4942,34.4853,7,7,0,1.05056,1.02292,0.02764,0,1,1,0
16.8,1164,1,0.000350025,0.000350025,0.896099,0.896041,5.78761e-05,35.5844,35.5842,12,12,0,1.05721,1.05545,0.00176,0,1,1,1
16.8,1164,2,0.00195697,0.00195697,0.729254,0.727044,0.00221056,34.917,34.9082,11,11,0,0.642117,0.630517,0.0116,0,1,1,0
16.8,1164,3,0.00948584,0.00948584,0.625675,0.623551,0.00212336,34.5027,34.4942,7,7,0,1.02292,0.998643,0.02428,0,1,1,0
16.9,1165,1,0.00274149,0.00274149,0.896551,0.896099,0.000452399,35.5862,35.5844,12,12,0,1.05545,1.04166,0.013784,0,1,1,0
16.9,1165,2,0.00271972,0.00271972,0.726178,0.729254,0.00307596,34.9047,34.917,11,11,0,0.630517,0.646637,0.01612,0,1,1,0
16.9,1165,3,0.00151687,0.00151687,0.626106,0.625675,0.000430703,34.5044,34.5027,7,7,0,0.998643,0.995043,0.0036,0,1,1,1
17,1166,1,0.00418286,0.00418286,0.89586,0.896551,0.000691056,35.5834,35.5862,12,12,0,1.04166,1.0627,0.021032,0,1,1,0
17,1166,2,0.00339969,0.00339969,0.730019,0.726178,0.00384074,34.9201,34.9047,11,11,0,0.646637,0.626485,0.020152,0,1,1,0
17,1166,3,0.00071454,0.00071454,0.626308,0.626106,0.000202835,34.5052,34.5044,7,7,0,0.995043,0.993347,0.001696,0,1,1,1
17.1,1167,1,0.00144137,0.00144137,0.895621,0.89586,0.000239074,35.5825,35.5834,12,12,0,1.0627,1.06994,0.007248,0,1,1,1
17.1,1167,2,0.00240069,0.00240069,0.727311,0.730019,0.00270772,34.9092,34.9201,11,11,0,0.626485,0.640717,0.014232,0,1,1,0
17.1,1167,3,0.00920675,0.00920675,0.623997,0.626308,0.00231147,34.496,34.5052,7,7,0,0.993347,1.01611,0.02276,0,1,1,0
17.2,1168,1,0.0017706,0.0017706,0.895915,0.895621,0.000293672,35.5837,35.5825,12,12,0,1.06994,1.06104,0.008904,0,1,1,1
17.2,1168,2,0.00172881,0.00172881,0.729263,0.727311,0.00195199,34.9171,34.9092,11,11,0,0.640717,0.630469,0.010248,0,1,1,0
17.2,1168,3,0.00455468,0.00455468,0.624987,0.623997,0.000989795,34.4999,34.496,7,7,0,1.01611,1.00439,0.01172,0,1,1,0
17.3,1169,1,0.00180247,0.00180247,0.895616,0.895915,0.000298977,35.5825,35.5837,12,12,0,1.06104,1.0701,0.009064,0,1,1,1
17.3,1169,2,0.00195426,0.00195426,0.727056,0.729263,0.00220734,34.9082,34.9171,11,11,0,0.630469,0.642053,0.011584,0,1,1,0
17.3,1169,3,0.00241054,0.00241054,0.625672,0.624987,0.000685275,34.5027,34.4999,7,7,0,1.00439,0.998667,0.00572,0,1,1,1
17.4,1170,1,0.00321623,0.00321623,0.895322,0.895616,0.000293434,35.5813,35.5825,12,12,0,1.0701,1.08496,0.014856,0,1,1,0
17.4,1170,2,0.000657409,0.000657409,0.7278,0.727056,0.000744104,34.9112,34.9082,11,11,0,0.642053,0.638157,0.003896,0,1,1,1
17.4,1170,3,0.00180699,0.00180699,0.625158,0.625672,0.000513613,34.5006,34.5027,7,7,0,0.998667,1.00295,0.004288,0,1,1,1
17.5,1171,1,0.00296654,0.00296654,0.895574,0.895322,0.000251949,35.5823,35.5813,12,12,0,1.08496,1.07136,0.0136,0,1,1,0
17.5,1171,2,0.00140263,0.00140263,0.72621,0.7278,0.0015896,34.9048,34.9112,11,11,0,0.638157,0.646469,0.008312,0,1,1,1
17.5,1171,3,0.00329019,0.00329019,0.626093,0.625158,0.00093478,34.5044,34.5006,7,7,0,1.00295,0.995147,0.007808,0,1,1,1
17.6,1172,1,0.00036584,0.00036584,0.895635,0.895574,6.07371e-05,35.5825,35.5823,12,12,0,1.07136,1.06952,0.00184,0,1,1,1
17.6,1172,2,0.000473872,0.000473872,0.726748,0.72621,0.000537872,34.907,34.9048,11,11,0,0.646469,0.643661,0.002808,0,1,1,1
17.6,1172,3,0.00874304,0.00874304,0.623945,0.626093,0.00214851,34.4958,34.5044,7,7,0,0.995147,1.01691,0.02176,0,1,1,0
17.7,1173,1,0.00113096,0.00113096,0.895447,0.895635,0.000187993,35.5818,35.5825,12,12,0,1.06952,1.07521,0.005688,0,1,1,1
17.7,1173,2,0.000927567,0.000927567,0.725695,0.726748,0.00105357,34.9028,34.907,11,11,0,0.643661,0.649157,0.005496,0,1,1,1
17.7,1173,3,0.00847674,0.00847674,0.626018,0.623945,0.00207293,34.5041,34.4958,7,7,0,1.01691,0.995779,0.021128,0,1,1,0
17.8,1174,1,0.000264123,0.000264123,0.895403,0.895447,4.39286e-05,35.5816,35.5818,12,12,0,1.07521,1.07654,0.001328,0,1,1,1
17.8,1174,2,2.68966e-06,2.68966e-06,0.725698,0.725695,3.03984e-06,34.9028,34.9028,11,11,0,0.649157,0.649141,1.6e-05,0,1,1,1
17.8,1174,3,0.00338359,0.00338359,0.626978,0.626018,0.000959933,34.5079,34.5041,7,7,0,0.995779,0.987747,0.008032,0,1,1,1
17.9,1175,1,3.49097e-05,3.49097e-05,0.895397,0.895403,5.84126e-06,35.5816,35.5816,12,12,0,1.07654,1.07671,0.000176,1,1,1,1
17.9,1175,2,0.000924878,0.000924878,0.726748,0.725698,0.00105053,34.907,34.9028,11,11,0,0.649141,0.643661,0.00548,1,1,1,1
17.9,1175,3,0.0108056,0.0108056,0.624132,0.626978,0.00284582,34.4965,34.5079,7,7,0,0.987747,1.01404,0.026296,1,1,1,0
18,1176,1,0.00013845,0.00013845,0.895374,0.895397,2.3067e-05,35.5815,35.5816,12,12,0,1.07671,1.07741,0.000696,0,1,1,1
18,1176,2,0.000128217,0.000128217,0.726603,0.726748,0.000145495,34.9064,34.907,11,11,0,0.643661,0.644421,0.00076,0,1,1,1
18,1176,3,0.00745233,0.00745233,0.626026,0.624132,0.00189453,34.5041,34.4965,7,7,0,1.01404,0.995707,0.018336,0,1,1,0
18.1,1177,1,0.00216189,0.00216189,0.895733,0.895374,0.000359356,35.5829,35.5815,12,12,0,1.07741,1.06654,0.010872,0,1,1,0
18.1,1177,2,0.000128217,0.000128217,0.726748,0.726603,0.000145495,34.907,34.9064,11,11,0,0.644421,0.643661,0.00076,0,1,1,1
18.1,1177,3,0.000360694,0.000360694,0.626129,0.626026,0.000102341,34.5045,34.5041,7,7,0,0.995707,0.994851,0.000856,0,1,1,1
18.2,1178,1,0.00120427,0.00120427,0.895533,0.895733,0.000199974,35.5821,35.5829,12,12,0,1.06654,1.07259,0.006056,0,1,1,1
18.2,1178,2,0.00310491,0.00310491,0.723209,0.726748,0.00353909,34.8928,34.907,11,11,0,0.643661,0.662053,0.018392,0,1,1,0
18.2,1178,3,0.0049356,0.0049356,0.624726,0.626129,0.00140274,34.4989,34.5045,7,7,0,0.994851,1.00656,0.011712,0,1,1,0
18.3,1179,1,0.00143012,0.00143012,0.895295,0.895533,0.000238061,35.5812,35.5821,12,12,0,1.07259,1.07978,0.007192,0,1,1,1
18.3,1179,2,0.00310626,0.00310626,0.72675,0.723209,0.00354064,34.907,34.8928,11,11,0,0.662053,0.643653,0.0184,0,1,1,0
18.3,1179,3,0.010071,0.010071,0.627585,0.624726,0.00285876,34.5103,34.4989,7,7,0,1.00656,0.982659,0.023904,0,1,1,0
18.4,1180,1,0.00371616,0.00371616,0.895913,0.895295,0.000617385,35.5837,35.5812,12,12,0,1.07978,1.0611,0.018688,0,1,1,0
18.4,1180,2,0.00158656,0.00158656,0.724946,0.72675,0.00180399,34.8998,34.907,11,11,0,0.643653,0.653053,0.0094,0,1,1,1
18.4,1180,3,0.0150168,0.0150168,0.623765,0.627585,0.0038197,34.4951,34.5103,7,7,0,0.982659,1.01966,0.037,0,1,1,0
18.5,1181,1,0.00371616,0.00371616,0.895295,0.895913,0.000617385,35.5812,35.5837,12,12,0,1.0611,1.07978,0.018688,0,1,1,0
18.5,1181,2,0.00439499,0.00439499,0.72992,0.724946,0.0049746,34.9197,34.8998,11,11,0,0.653053,0.627005,0.026048,0,1,1,0
18.5,1181,3,0.00185328,0.00185328,0.624094,0.623765,0.00032866,34.4964,34.4951,7,7,0,1.01966,1.01463,0.005032,0,1,1,1
18.6,1182,1,1.10399e-05,1.10399e-05,0.895294,0.895295,1.84774e-06,35.5812,35.5812,12,12,0,1.07978,1.07984,5.6e-05,0,1,1,1
18.6,1182,2,0.000899911,0.000899911,0.728907,0.72992,0.00101292,34.9156,34.9197,11,11,0,0.627005,0.632341,0.005336,0,1,1,1
18.6,1182,3,0.00922454,0.00922454,0.626468,0.624094,0.00237459,34.5059,34.4964,7,7,0,1.01463,0.992011,0.022616,0,1,1,0
18.7,1183,1,0.0040852,0.0040852,0.895972,0.895294,0.000678539,35.5839,35.5812,12,12,0,1.07984,1.0593,0.020544,0,1,1,0
18.7,1183,2,0.00231485,0.00231485,0.731507,0.728907,0.00259936,34.926,34.9156,11,11,0,0.632341,0.618613,0.013728,0,1,1,0
18.7,1183,3,0.00119308,0.00119308,0.62613,0.626468,0.000338614,34.5045,34.5059,7,7,0,0.992011,0.994843,0.002832,0,1,1,1
18.8,1184,1,0.00620015,0.00620015,0.895339,0.895972,0.000633061,35.5814,35.5839,12,12,0,1.0593,1.0873,0.028008,0,1,1,0
18.8,1184,2,0.00310299,0.00310299,0.728018,0.731507,0.00348872,34.9121,34.926,11,11,0,0.618613,0.637013,0.0184,0,1,1,0
18.8,1184,3,0.0145268,0.0145268,0.622845,0.62613,0.00328499,34.4914,34.5045,7,7,0,0.994843,1.03258,0.037736,0,1,1,0
18.9,1185,1,0.00417337,0.00417337,0.895636,0.895339,0.00029695,35.5825,35.5814,12,12,0,1.0873,1.06949,0.017816,0,1,1,0
18.9,1185,2,0.00183378,0.00183378,0.730084,0.728018,0.0020659,34.9203,34.9121,11,11,0,0.637013,0.626141,0.010872,0,1,1,0
18.9,1185,3,0.00146531,0.00146531,0.623201,0.622845,0.000356495,34.4928,34.4914,7,7,0,1.03258,1.02828,0.004296,0,1,1,1
19,1186,1,0.00503376,0.00503376,0.895377,0.895636,0.000259161,35.5815,35.5825,12,12,0,1.06949,1.08934,0.019848,0,1,1,0
19,1186,2,0.00101835,0.00101835,0.731226,0.730084,0.00114208,34.9249,34.9203,11,11,0,0.626141,0.620101,0.00604,0,1,1,1
19,1186,3,0.00183604,0.00183604,0.623527,0.623201,0.000325918,34.4941,34.4928,7,7,0,1.02828,1.0233,0.004984,0,1,1,1
19.1,1187,1,0.00553164,0.00553164,0.895719,0.895377,0.000341892,35.5829,35.5815,12,12,0,1.08934,1.06698,0.022352,0,1,1,0
19.1,1187,2,0,0,0.731226,0.731226,0,34.9249,34.9249,11,11,0,0.620101,0.620101,0,0,1,1,1
19.1,1187,3,0.00054225,0.00054225,0.623431,0.623527,9.62615e-05,34.4937,34.4941,7,7,0,1.0233,1.02477,0.001472,0,1,1,1
19.2,1188,1,0.00102601,0.00102601,0.895548,0.895719,0.000170469,35.5822,35.5829,12,12,0,1.06698,1.07214,0.00516,0,1,1,1
19.2,1188,2,0.000927985,0.000927985,0.730186,0.731226,0.00104052,34.9207,34.9249,11,11,0,0.620101,0.625605,0.005504,0,1,1,1
19.2,1188,3,0.00262499,0.00262499,0.622879,0.623431,0.000551462,34.4915,34.4937,7,7,0,1.02477,1.03218,0.007408,0,1,1,1
19.3,1189,1,0.00223883,0.00223883,0.895297,0.895548,0.000251472,35.5812,35.5822,12,12,0,1.07214,1.08291,0.010768,1,1,1,0
19.3,1189,2,0.000926673,0.000926673,0.731225,0.730186,0.00103903,34.9249,34.9207,11,11,0,0.625605,0.620109,0.005496,1,1,1,1
19.3,1189,3,0.00843225,0.00843225,0.624461,0.622879,0.00158143,34.4978,34.4915,7,7,0,1.03218,1.009,0.023176,1,1,1,0
19.4,1190,1,0.00505788,0.00505788,0.896016,0.895297,0.000719011,35.5841,35.5812,12,12,0,1.08291,1.05797,0.024944,0,1,1,0
19.4,1190,2,0.00544972,0.00544972,0.725069,0.731225,0.00615567,34.9003,34.9249,11,11,0,0.620109,0.652413,0.032304,0,1,1,0
19.4,1190,3,0.00510298,0.00510298,0.623556,0.624461,0.000904918,34.4942,34.4978,7,7,0,1.009,1.02286,0.013856,0,1,1,0
19.5,1191,1,0.00505788,0.00505788,0.895297,0.896016,0.000719011,35.5812,35.5841,12,12,0,1.05797,1.08291,0.024944,0,1,1,0
19.5,1191,2,0.00169864,0.00169864,0.726999,0.725069,0.00193036,34.908,34.9003,11,11,0,0.652413,0.642349,0.010064,0,1,1,0
19.5,1191,3,0.0041662,0.0041662,0.624295,0.623556,0.000738978,34.4972,34.4942,7,7,0,1.02286,1.01155,0.011312,0,1,1,0
19.6,1192,1,0.00965152,0.00965152,0.896773,0.895297,0.00147659,35.5871,35.5812,12,12,0,1.08291,1.03487,0.04804,0,1,1,0
19.6,1192,2,0.00147175,0.00147175,0.725327,0.726999,0.00167191,34.9013,34.908,11,11,0,0.642349,0.651069,0.00872,0,1,1,1
19.6,1192,3,0.0094644,0.0094644,0.62237,0.624295,0.00192505,34.4895,34.4972,7,7,0,1.01155,1.03805,0.026504,0,1,1,0
19.7,1193,1,0.00542102,0.00542102,0.895879,0.896773,0.000894606,35.5835,35.5871,12,12,0,1.03487,1.06213,0.027256,0,1,1,0
19.7,1193,2,0.00147037,0.00147037,0.726998,0.725327,0.00167036,34.908,34.9013,11,11,0,0.651069,0.642357,0.008712,0,1,1,1
19.7,1193,3,0.0023069,0.0023069,0.622967,0.62237,0.000596941,34.4919,34.4895,7,7,0,1.03805,1.03117,0.00688,0,1,1,1
19.8,1194,1,0.00545125,0.00545125,0.896778,0.895879,0.000899553,35.5871,35.5835,12,12,0,1.06213,1.03472,0.027408,0,1,1,0
19.8,1194,2,0.00211457,0.00211457,0.724593,0.726998,0.00240469,34.8984,34.908,11,11,0,0.642357,0.654885,0.012528,0,1,1,0
19.8,1194,3,0.00227226,0.00227226,0.623428,0.622967,0.000461459,34.4937,34.4919,7,7,0,1.03117,1.02481,0.00636,0,1,1,1
19.9,1195,1,0.00836244,0.00836244,0.895395,0.896778,0.00138301,35.5816,35.5871,12,12,0,1.03472,1.07677,0.042048,0,1,1,0
19.9,1195,2,0.00211595,0.00211595,0.726999,0.724593,0.00240624,34.908,34.8984,11,11,0,0.654885,0.642349,0.012536,0,1,1,0
19.9,1195,3,0.00971607,0.00971607,0.62123,0.623428,0.00219804,34.4849,34.4937,7,7,0,1.02481,1.053,0.028192,0,1,1,0
20,1196,1,0.00152875,0.00152875,0.895649,0.895395,0.000254154,35.5826,35.5816,12,12,0,1.07677,1.06908,0.007688,0,1,1,1
20,1196,2,0,0,0.726999,0.726999,0,34.908,34.908,11,11,0,0.642349,0.642349,0,0,1,1,1
20,1196,3,0.00172156,0.00172156,0.621485,0.62123,0.000254691,34.4859,34.4849,7,7,0,1.053,1.04823,0.004768,0,1,1,1
20.1,1197,1,0.001104,0.001104,0.895833,0.895649,0.000183165,35.5833,35.5826,12,12,0,1.06908,1.06353,0.005552,1,1,1,1
20.1,1197,2,0.00208754,0.00208754,0.724625,0.726999,0.00237393,34.8985,34.908,11,11,0,0.642349,0.654717,0.012368,1,1,1,0
20.1,1197,3,0.00763951,0.00763951,0.621281,0.621485,0.000203669,34.4851,34.4859,7,7,0,1.04823,1.06857,0.020336,1,1,1,0
20.2,1198,1,0.00512975,0.00512975,0.89668,0.895833,0.000847101,35.5867,35.5833,12,12,0,1.06353,1.03774,0.025792,0,1,1,0
20.2,1198,2,0.00208754,0.00208754,0.726999,0.724625,0.00237393,34.908,34.8985,11,11,0,0.654717,0.642349,0.012368,0,1,1,0
20.2,1198,3,0.00443296,0.00443296,0.621061,0.621281,0.00022012,34.4842,34.4851,7,7,0,1.06857,1.05702,0.011552,0,1,1,0
20.3,1199,1,0.00184902,0.00184902,0.896375,0.89668,0.00030458,35.5855,35.5867,12,12,0,1.03774,1.04703,0.009296,0,1,1,1
20.3,1199,2,0.00124489,0.00124489,0.725586,0.726999,0.0014137,34.9023,34.908,11,11,0,0.642349,0.649725,0.007376,0,1,1,1
20.3,1199,3,0.000304842,0.000304842,0.621095,0.621061,3.45707e-05,34.4844,34.4842,7,7,0,1.05702,1.05619,0.000824,0,1,1,1
20.4,1200,1,0.00707457,0.00707457,0.897338,0.896375,0.000963032,35.5894,35.5855,12,12,0,1.04703,1.0239,0.023128,1,1,1,0
20.4,1200,2,0.00124489,0.00124489,0.726999,0.725586,0.0014137,34.908,34.9023,11,11,0,0.649725,0.642349,0.007376,1,1,1,1
20.4,1200,3,0.000245549,0.000245549,0.621123,0.621095,2.80142e-05,34.4845,34.4844,7,7,0,1.05619,1.05553,0.000664,1,1,1,1
20.5,1201,1,0.00658281,0.00658281,0.896456,0.897338,0.00088197,35.5858,35.5894,12,12,0,1.0239,1.04456,0.020656,0,1,1,0
20.5,1201,2,0.00054276,0.00054276,0.726384,0.726999,0.000615597,34.9055,34.908,11,11,0,0.642349,0.645565,0.003216,0,1,1,1
20.5,1201,3,0.00338595,0.00338595,0.621674,0.621123,0.000550449,34.4867,34.4845,7,7,0,1.05553,1.04606,0.009472,0,1,1,1
20.6,1202,1,0.00108193,0.00108193,0.896634,0.896456,0.000178218,35.5865,35.5858,12,12,0,1.04456,1.03912,0.00544,0,1,1,1
20.6,1202,2,0.00080476,0.00080476,0.725469,0.726384,0.000914872,34.9019,34.9055,11,11,0,0.645565,0.650333,0.004768,0,1,1,1
20.6,1202,3,0.0117016,0.0117016,0.621627,0.621674,4.72665e-05,34.4865,34.4867,7,7,0,1.04606,1.07728,0.031224,0,1,1,0
20.7,1203,1,0.00157047,0.00157047,0.896376,0.896634,0.000258744,35.5855,35.5865,12,12,0,1.03912,1.04702,0.007896,0,1,1,1
20.7,1203,2,0.00134752,0.00134752,0.726999,0.725469,0.00153047,34.908,34.9019,11,11,0,0.650333,0.642349,0.007984,0,1,1,1
20.7,1203,3,0.00333527,0.00333527,0.621281,0.621627,0.000345826,34.4851,34.4865,7,7,0,1.07728,1.06856,0.00872,0,1,1,1
20.8,1204,1,0.00117591,0.00117591,0.896569,0.896376,0.000193775,35.5863,35.5855,12,12,0,1.04702,1.0411,0.005912,1,1,1,1
20.8,1204,2,0.00788432,0.00788432,0.717914,0.726999,0.00908482,34.8717,34.908,11,11,0,0.642349,0.687005,0.044656,1,1,1,0
20.8,1204,3,0.00884384,0.00884384,0.621798,0.621281,0.000516891,34.4872,34.4851,7,7,0,1.06856,1.04463,0.023928,1,1,1,0
20.9,1205,1,0.00426413,0.00426413,0.897152,0.896569,0.000583053,35.5886,35.5863,12,12,0,1.0411,1.02736,0.013744,0,1,1,0
20.9,1205,2,0.00321607,0.00321607,0.721669,0.717914,0.00375414,34.8867,34.8717,11,11,0,0.687005,0.669997,0.017008,0,1,1,0
20.9,1205,3,0.00591122,0.00591122,0.621092,0.621798,0.000705957,34.4844,34.4872,7,7,0,1.04463,1.06069,0.016056,0,1,1,0
21,1206,1,0.0058505,0.0058505,0.896308,0.897152,0.000844538,35.5852,35.5886,12,12,0,1.02736,1.04908,0.02172,0,1,1,0
21,1206,2,0.00532319,0.00532319,0.715425,0.721669,0.00624323,34.8617,34.8867,11,11,0,0.669997,0.697669,0.027672,0,1,1,0
21,1206,3,0.00131726,0.00131726,0.621177,0.621092,8.49366e-05,34.4847,34.4844,7,7,0,1.06069,1.06423,0.003536,0,1,1,1
21.1,1207,1,0.00500763,0.00500763,0.897052,0.896308,0.000744343,35.5882,35.5852,12,12,0,1.04908,1.0291,0.019976,0,1,1,0
21.1,1207,2,0.000687741,0.000687741,0.71624,0.715425,0.000814259,34.865,34.8617,11,11,0,0.697669,0.694189,0.00348,0,1,1,1
21.1,1207,3,0.00701652,0.00701652,0.621743,0.621177,0.000566065,34.487,34.4847,7,7,0,1.06423,1.04527,0.01896,0,1,1,0
21.2,1208,1,0.00500763,0.00500763,0.896308,0.897052,0.000744343,35.5852,35.5882,12,12,0,1.0291,1.04908,0.019976,0,1,1,0
21.2,1208,2,0.00184412,0.00184412,0.714018,0.71624,0.00222129,34.8561,34.865,11,11,0,0.694189,0.704253,0.010064,0,1,1,0
21.2,1208,3,0.00322271,0.00322271,0.621172,0.621743,0.000570476,34.4847,34.487,7,7,0,1.04527,1.05437,0.009104,0,1,1,1
21.3,1209,1,0.00140167,0.00140167,0.896539,0.896308,0.000231087,35.5862,35.5852,12,12,0,1.04908,1.04203,0.007048,0,1,1,1
21.3,1209,2,0.0018473,0.0018473,0.716243,0.714018,0.00222498,34.865,34.8561,11,11,0,0.704253,0.694173,0.01008,0,1,1,0
21.3,1209,3,0.000736525,0.000736525,0.621088,0.621172,8.39233e-05,34.4844,34.4847,7,7,0,1.05437,1.05636,0.001992,0,1,1,1
21.4,1210,1,0.00151656,0.00151656,0.896788,0.896539,0.000249445,35.5872,35.5862,12,12,0,1.04203,1.03441,0.007624,0,1,1,1
21.4,1210,2,0.00199954,0.00199954,0.713625,0.716243,0.00261825,34.8545,34.865,11,11,0,0.694173,0.709629,0.015456,0,1,1,0
21.4,1210,3,0.00850246,0.00850246,0.621699,0.621088,0.000610292,34.4868,34.4844,7,7,0,1.05636,1.07854,0.022176,0,1,1,0
21.5,1211,1,0.00186018,0.00186018,0.896482,0.896788,0.00030607,35.5859,35.5872,12,12,0,1.03441,1.04376,0.009352,0,1,1,1
21.5,1211,2,0.00109354,0.00109354,0.71517,0.713625,0.00154531,34.8607,34.8545,11,11,0,0.709629,0.698757,0.010872,0,1,1,0
21.5,1211,3,0.0151042,0.0151042,0.622427,0.621699,0.000728607,34.4897,34.4868,7,7,0,1.07854,1.03739,0.041152,0,1,1,0
21.6,1212,1,0.00064921,0.00064921,0.896375,0.896482,0.00010699,35.5855,35.5859,12,12,0,1.04376,1.04702,0.003264,0,1,1,1
21.6,1212,2,0.000902809,0.000902809,0.71624,0.71517,0.00106925,34.865,34.8607,11,11,0,0.698757,0.694189,0.004568,0,1,1,1
21.6,1212,3,0.0112953,0.0112953,0.621282,0.622427,0.00114506,34.4851,34.4897,7,7,0,1.03739,1.06862,0.031232,0,1,1,0
21.7,1213,1,0.00445179,0.00445179,0.897035,0.896375,0.000659347,35.5881,35.5855,12,12,0,1.04702,1.02941,0.017616,0,1,1,0
21.7,1213,2,0.00187605,0.00187605,0.713936,0.71624,0.00230378,34.8557,34.865,11,11,0,0.694189,0.705381,0.011192,0,1,1,0
21.7,1213,3,2.98768e-06,2.98768e-06,0.621282,0.621282,1.78814e-07,34.4851,34.4851,7,7,0,1.06862,1.06861,8e-06,0,1,1,1
21.8,1214,1,0.00335865,0.00335865,0.896556,0.897035,0.000479221,35.5862,35.5881,12,12,0,1.02941,1.04153,0.01212,0,1,1,0
21.8,1214,2,0.000120305,0.000120305,0.713625,0.713936,0.000310779,34.8545,34.8557,11,11,0,0.705381,0.709629,0.004248,0,1,1,1
21.8,1214,3,0.00390864,0.00390864,0.621061,0.621282,0.000221133,34.4842,34.4851,7,7,0,1.06861,1.05828,0.010328,0,1,1,0
21.9,1215,1,0.000357967,0.000357967,0.896614,0.896556,5.8949e-05,35.5865,35.5862,12,12,0,1.04153,1.03973,0.0018,0,1,1,1
21.9,1215,2,0.00199477,0.00199477,0.716238,0.713625,0.00261265,34.865,34.8545,11,11,0,0.709629,0.694197,0.015432,0,1,1,0
21.9,1215,3,0.0030978,0.0030978,0.621352,0.621061,0.000291407,34.4854,34.4842,7,7,0,1.05828,1.0501,0.008184,0,1,1,1
22,1216,1,0.000838496,0.000838496,0.896476,0.896614,0.000138104,35.5859,35.5865,12,12,0,1.03973,1.04394,0.004216,0,1,1,1
22,1216,2,0.00184253,0.00184253,0.714018,0.716238,0.00221938,34.8561,34.865,11,11,0,0.694197,0.704253,0.010056,0,1,1,0
22,1216,3,0.00539407,0.00539407,0.621178,0.621352,0.000174284,34.4847,34.4854,7,7,0,1.0501,1.06428,0.014184,0,1,1,0
22.1,1217,1,0.00235452,0.00235452,0.896858,0.896476,0.000381589,35.5874,35.5859,12,12,0,1.04394,1.03248,0.011464,0,1,1,0
22.1,1217,2,0.00184412,0.00184412,0.71624,0.714018,0.00222129,34.865,34.8561,11,11,0,0.704253,0.694189,0.010064,0,1,1,0
22.1,1217,3,0.00160048,0.00160048,0.621281,0.621178,0.000103176,34.4851,34.4847,7,7,0,1.06428,1.06858,0.004296,0,1,1,1
22.2,1218,1,0.00126293,0.00126293,0.896656,0.896858,0.000201881,35.5866,35.5874,12,12,0,1.03248,1.03846,0.005976,0,1,1,1
22.2,1218,2,0.00199635,0.00199635,0.713625,0.71624,0.00261456,34.8545,34.865,11,11,0,0.694189,0.709629,0.01544,0,1,1,0
22.2,1218,3,0.00564586,0.00564586,0.621199,0.621281,8.2612e-05,34.4848,34.4851,7,7,0,1.06858,1.05375,0.014832,0,1,1,0
22.3,1219,1,0.000253096,0.000253096,0.896614,0.896656,4.1604e-05,35.5865,35.5866,12,12,0,1.03846,1.03973,0.001272,0,1,1,1
22.3,1219,2,0.00199635,0.00199635,0.71624,0.713625,0.00261456,34.865,34.8545,11,11,0,0.709629,0.694189,0.01544,0,1,1,0
22.3,1219,3,0.00264467,0.00264467,0.621088,0.621199,0.000110924,34.4844,34.4848,7,7,0,1.05375,1.06052,0.006776,0,1,1,1
22.4,1220,1,0.00281471,0.00281471,0.89615,0.896614,0.000464261,35.5846,35.5865,12,12,0,1.03973,1.05388,0.014152,0,1,1,0
22.4,1220,2,0.000637136,0.000637136,0.715485,0.71624,0.000754297,34.8619,34.865,11,11,0,0.694189,0.697413,0.003224,0,1,1,1
22.4,1220,3,0.00568497,0.00568497,0.621755,0.621088,0.000667572,34.487,34.4844,7,7,0,1.06052,1.04512,0.0154,0,1,1,0
22.5,1221,1,0.0107861,0.0107861,0.897717,0.89615,0.00156671,35.5909,35.5846,12,12,0,1.05388,1.01706,0.036824,0,1,1,0
22.5,1221,2,0.0012063,0.0012063,0.71402,0.715485,0.00146526,34.8561,34.8619,11,11,0,0.697413,0.704229,0.006816,0,1,1,1
22.5,1221,3,0.0120091,0.0120091,0.621626,0.621755,0.000129521,34.4865,34.487,7,7,0,1.04512,1.07727,0.032144,0,1,1,0
22.6,1222,1,0.0112538,0.0112538,0.896073,0.897717,0.00164402,35.5843,35.5909,12,12,0,1.01706,1.05623,0.039176,0,1,1,0
22.6,1222,2,0.000152916,0.000152916,0.713625,0.71402,0.000395,34.8545,34.8561,11,11,0,0.704229,0.709629,0.0054,0,1,1,1
22.6,1222,3,0.0112257,0.0112257,0.621552,0.621626,7.35521e-05,34.4862,34.4865,7,7,0,1.07727,1.04746,0.029808,0,1,1,0
22.7,1223,1,0.000639576,0.000639576,0.895967,0.896073,0.000105858,35.5839,35.5843,12,12,0,1.05623,1.05945,0.003216,0,1,1,1
22.7,1223,2,0.000419915,0.000419915,0.71437,0.713625,0.000745356,34.8575,34.8545,11,11,0,0.709629,0.702165,0.007464,0,1,1,1
22.7,1223,3,0.00167426,0.00167426,0.621265,0.621552,0.000287175,34.4851,34.4862,7,7,0,1.04746,1.05217,0.004712,0,1,1,1
22.8,1224,1,0.00420219,0.00420219,0.896661,0.895967,0.0006935,35.5866,35.5839,12,12,0,1.05945,1.03832,0.021128,1,1,1,0
22.8,1224,2,0.00157485,0.00157485,0.716238,0.71437,0.00186729,34.865,34.8575,11,11,0,0.702165,0.694197,0.007968,1,1,1,1
22.8,1224,3,0.0062285,0.0062285,0.621281,0.621265,1.62125e-05,34.4851,34.4851,7,7,0,1.05217,1.06858,0.016408,1,1,1,0
22.9,1225,1,0.00203992,0.00203992,0.896324,0.896661,0.000336111,35.5853,35.5866,12,12,0,1.03832,1.04858,0.010256,0,1,1,0
22.9,1225,2,0.000899605,0.000899605,0.715172,0.716238,0.00106549,34.8607,34.865,11,11,0,0.694197,0.698749,0.004552,0,1,1,1
22.9,1225,3,0.00178283,0.00178283,0.621401,0.621281,0.000120163,34.4856,34.4851,7,7,0,1.06858,1.07335,0.004776,0,1,1,1
23,1226,1,0.000224354,0.000224354,0.896362,0.896324,3.70741e-05,35.5854,35.5853,12,12,0,1.04858,1.04745,0.001128,0,1,1,1
23,1226,2,0.00109516,0.00109516,0.713625,0.715172,0.00154716,34.8545,34.8607,11,11,0,0.698749,0.709629,0.01088,0,1,1,0
23,1226,3,0.00668332,0.00668332,0.621114,0.621401,0.000287712,34.4845,34.4856,7,7,0,1.07335,1.05576,0.017592,0,1,1,0
23.1,1227,1,0.00238178,0.00238178,0.895968,0.896362,0.000393689,35.5839,35.5854,12,12,0,1.04745,1.05942,0.011976,0,1,1,0
23.1,1227,2,0.00136083,0.00136083,0.715487,0.713625,0.00186217,34.8619,34.8545,11,11,0,0.709629,0.697405,0.012224,0,1,1,0
23.1,1227,3,0.0039467,0.0039467,0.621797,0.621114,0.000683367,34.4872,34.4845,7,7,0,1.05576,1.04464,0.01112,0,1,1,0
23.2,1228,1,0.00127913,0.00127913,0.896179,0.895968,0.000211596,35.5847,35.5839,12,12,0,1.05942,1.05299,0.006432,0,1,1,1
23.2,1228,2,0.000633933,0.000633933,0.716238,0.715487,0.000750482,34.865,34.8619,11,11,0,0.697405,0.694197,0.003208,0,1,1,1
23.2,1228,3,0.0072318,0.0072318,0.621177,0.621797,0.000619948,34.4847,34.4872,7,7,0,1.04464,1.06424,0.0196,0,1,1,0
23.3,1229,1,0.00379662,0.00379662,0.896805,0.896179,0.000625491,35.5872,35.5847,12,12,0,1.05299,1.0339,0.019088,0,1,1,0
23.3,1229,2,0.00108614,0.00108614,0.714951,0.716238,0.00128686,34.8598,34.865,11,11,0,0.694197,0.699693,0.005496,0,1,1,1
23.3,1229,3,0.00387961,0.00387961,0.621181,0.621177,4.35114e-06,34.4847,34.4847,7,7,0,1.06424,1.05415,0.010088,0,1,1,0
23.4,1230,1,0.00561193,0.00561193,0.895879,0.896805,0.000925839,35.5835,35.5872,12,12,0,1.0339,1.06212,0.028216,0,1,1,0
23.4,1230,2,0.00120861,0.00120861,0.713157,0.714951,0.00179404,34.8526,34.8598,11,11,0,0.699693,0.714189,0.014496,0,1,1,0
23.4,1230,3,0.00735969,0.00735969,0.621413,0.621181,0.000231922,34.4857,34.4847,7,7,0,1.05415,1.07356,0.019408,0,1,1,0
23.5,1231,1,0.002194,0.002194,0.896242,0.895879,0.000362873,35.585,35.5835,12,12,0,1.06212,1.05109,0.011032,0,1,1,0
23.5,1231,2,0.00229634,0.00229634,0.71624,0.713157,0.00308281,34.865,34.8526,11,11,0,0.714189,0.694189,0.02,0,1,1,0
23.5,1231,3,0.00918517,0.00918517,0.621401,0.621413,1.21593e-05,34.4856,34.4857,7,7,0,1.07356,1.04919,0.024368,0,1,1,0
23.6,1232,1,0.000876693,0.000876693,0.896387,0.896242,0.00014472,35.5855,35.585,12,12,0,1.05109,1.04668,0.004408,0,1,1,1
23.6,1232,2,0.00157644,0.00157644,0.71437,0.71624,0.0018692,34.8575,34.865,11,11,0,0.694189,0.702165,0.007976,0,1,1,1
23.6,1232,3,6.97672e-05,6.97672e-05,0.621419,0.621401,1.81198e-05,34.4857,34.4856,7,7,0,1.04919,1.04899,0.000208,0,1,1,1
23.7,1233,1,3.02121e-05,3.02121e-05,0.896392,0.896387,4.94719e-06,35.5856,35.5855,12,12,0,1.04668,1.04653,0.000152,1,1,1,1
23.7,1233,2,0.000942431,0.000942431,0.715489,0.71437,0.0011186,34.862,34.8575,11,11,0,0.702165,0.697397,0.004768,1,1,1,1
23.7,1233,3,0.00933683,0.00933683,0.621425,0.621419,5.90086e-06,34.4857,34.4857,7,7,0,1.04899,1.07377,0.024784,1,1,1,0
23.8,1234,1,0.00120127,0.00120127,0.896193,0.896392,0.000198245,35.5848,35.5856,12,12,0,1.04653,1.05257,0.00604,0,1,1,1
23.8,1234,2,0.00136235,0.00136235,0.713625,0.715489,0.00186396,34.8545,34.862,11,11,0,0.697397,0.709629,0.012232,0,1,1,0
23.8,1234,3,0.0098359,0.0098359,0.621549,0.621425,0.000123501,34.4862,34.4857,7,7,0,1.07377,1.0475,0.026272,0,1,1,0
23.9,1235,1,0.00189338,0.00189338,0.896506,0.896193,0.000312328,35.586,35.5848,12,12,0,1.05257,1.04305,0.00952,0,1,1,1
23.9,1235,2,0.0321821,0.0321821,0.752553,0.713625,0.038928,35.0102,34.8545,11,13,2,0.709629,0.539243,0.170387,0,0,0,0
23.9,1235,3,0.0629695,0.0629695,0.679085,0.621549,0.0575364,34.7163,34.4862,7,5,-2,1.0475,1.13471,0.0872133,0,0,0,0
24,1236,1,0.0190487,0.0190487,0.901248,0.896506,0.00474215,35.605,35.586,12,12,0,1.04305,0.972632,0.070416,0,1,1,0
24,1236,2,0.0205765,0.0205765,0.738004,0.752553,0.0145492,34.952,35.0102,13,13,0,0.539243,0.644939,0.105696,0,0,1,0
24,1236,3,0.0869087,0.0869087,0.652996,0.679085,0.0260891,34.612,34.7163,5,5,0,1.13471,1.13942,0.004704,0,0,0,0
24.1,1237,1,0.0064548,0.0064548,0.898491,0.901248,0.00275648,35.594,35.605,12,12,0,0.972632,1.00543,0.0328,0,1,1,0
24.1,1237,2,0.00559442,0.00559442,0.739436,0.738004,0.00143188,34.9577,34.952,13,13,0,0.644939,0.622699,0.02224,0,1,1,0
24.1,1237,3,0.002758,0.002758,0.652825,0.652996,0.000171244,34.6113,34.612,5,5,0,1.13942,1.12614,0.013272,0,1,1,0
24.2,1238,1,0.00745189,0.00745189,0.897211,0.898491,0.00128049,35.5888,35.594,12,12,0,1.00543,1.02634,0.020912,0,1,1,0
24.2,1238,2,0.0079492,0.0079492,0.745108,0.739436,0.00567216,34.9804,34.9577,13,13,0,0.622699,0.583299,0.0394,0,1,1,0
24.2,1238,3,0.000155527,0.000155527,0.652896,0.652825,7.16448e-05,34.6116,34.6113,5,5,0,1.12614,1.12762,0.00148,0,1,1,1
24.3,1239,1,0.00514267,0.00514267,0.898086,0.897211,0.000875294,35.5923,35.5888,12,12,0,1.02634,1.01162,0.014728,0,1,1,0
24.3,1239,2,3.82215e-05,3.82215e-05,0.74642,0.745108,0.00131214,34.9857,34.9804,13,13,0,0.583299,0.577595,0.005704,0,1,1,1
24.3,1239,3,0.00327707,0.00327707,0.653732,0.652896,0.000835419,34.6149,34.6116,5,5,0,1.12762,1.14888,0.021256,0,1,1,0
24.4,1240,1,0.00886203,0.00886203,0.89674,0.898086,0.00134635,35.587,35.5923,12,12,0,1.01162,1.0359,0.02428,0,1,1,0
24.4,1240,2,3.02494e-06,3.02494e-06,0.745852,0.74642,0.00056833,34.9834,34.9857,13,13,0,0.577595,0.580083,0.002488,0,1,1,1
24.4,1240,3,0.0176076,0.0176076,0.65774,0.653732,0.00400847,34.631,34.6149,5,5,0,1.14888,1.22274,0.073856,0,1,1,0
24.5,1241,1,0.00117131,0.00117131,0.896908,0.89674,0.000167906,35.5876,35.587,12,12,0,1.0359,1.03162,0.00428,0,1,1,1
24.5,1241,2,0.000409305,0.000409305,0.744002,0.745852,0.00184977,34.976,34.9834,13,13,0,0.580083,0.587723,0.00764,0,1,1,1
24.5,1241,3,0.0104559,0.0104559,0.654769,0.65774,0.00297111,34.6191,34.631,5,5,0,1.22274,1.18058,0.042152,0,1,1,0
24.6,1242,1,0.00150865,0.00150865,0.896684,0.896908,0.000223339,35.5867,35.5876,12,12,0,1.03162,1.03759,0.005976,0,1,1,1
24.6,1242,2,0.000180647,0.000180647,0.744536,0.744002,0.000534475,34.9781,34.976,13,13,0,0.587723,0.585587,0.002136,0,1,1,1
24.6,1242,3,0.00297266,0.00297266,0.655822,0.654769,0.00105321,34.6233,34.6191,5,5,0,1.18058,1.19426,0.013672,0,1,1,0
24.7,1243,1,0.000975385,0.000975385,0.896524,0.896684,0.000160575,35.5861,35.5867,12,12,0,1.03759,1.0425,0.004904,0,1,1,1
24.7,1243,2,0.000194073,0.000194073,0.74511,0.744536,0.000573456,34.9804,34.9781,13,13,0,0.585587,0.583291,0.002296,0,1,1,1
24.7,1243,3,0.000367105,0.000367105,0.655952,0.655822,0.000129819,34.6238,34.6233,5,5,0,1.19426,1.19594,0.001688,0,1,1,1
24.8,1244,1,0.00747074,0.00747074,0.897478,0.896524,0.000954211,35.5899,35.5861,12,12,0,1.0425,1.02056,0.021936,1,1,1,0
24.8,1244,2,0.000341564,0.000341564,0.7441,0.74511,0.00100982,34.9764,34.9804,13,13,0,0.583291,0.587331,0.00404,1,1,1,1
24.8,1244,3,0.000935953,0.000935953,0.655621,0.655952,0.000331163,34.6225,34.6238,5,5,0,1.19594,1.19164,0.004304,1,1,1,1
24.9,1245,1,0.00240942,0.00240942,0.898025,0.897478,0.000546813,35.5921,35.5899,12,12,0,1.02056,1.01253,0.008032,0,1,1,1
24.9,1245,2,6.4075e-07,6.4075e-07,0.744102,0.7441,1.96695e-06,34.9764,34.9764,13,13,0,0.587331,0.587323,8e-06,0,1,1,1
24.9,1245,3,0.0093133,0.0093133,0.658135,0.655621,0.00251395,34.6325,34.6225,5,5,0,1.19164,1.22656,0.03492,0,1,1,0
25,1246,1,0.0062361,0.0062361,0.897046,0.898025,0.000979006,35.5882,35.5921,12,12,0,1.01253,1.02922,0.016688,0,1,1,0
25,1246,2,0.00738533,0.00738533,0.739493,0.744102,0.00460923,34.958,34.9764,13,13,0,0.587323,0.621811,0.034488,0,1,1,0
25,1246,3,0.0111953,0.0111953,0.654954,0.658135,0.00318074,34.6198,34.6325,5,5,0,1.22656,1.18298,0.043576,0,1,1,0
25.1,1247,1,0.0153819,0.0153819,0.901297,0.897046,0.00425106,35.6052,35.5882,12,12,0,1.02922,0.97228,0.056936,0,1,1,0
25.1,1247,2,0.00647728,0.00647728,0.741195,0.739493,0.00170249,34.9648,34.958,13,13,0,0.621811,0.598451,0.02336,0,1,1,0
25.1,1247,3,0.00378176,0.00378176,0.656293,0.654954,0.00133872,34.6252,34.6198,5,5,0,1.18298,1.20038,0.017392,0,1,1,0
25.2,1248,1,0.00423264,0.00423264,0.898895,0.901297,0.00240183,35.5956,35.6052,12,12,0,0.97228,0.999248,0.026968,0,1,1,0
25.2,1248,2,0.000113845,0.000113845,0.741464,0.741195,0.000269115,34.9659,34.9648,13,13,0,0.598451,0.597515,0.000936,0,1,1,1
25.2,1248,3,0.00277644,0.00277644,0.655311,0.656293,0.000982404,34.6212,34.6252,5,5,0,1.20038,1.18761,0.012768,0,1,1,0
25.3,1249,1,0.00136315,0.00136315,0.89934,0.898895,0.000445366,35.5974,35.5956,12,12,0,0.999248,0.99292,0.006328,0,1,1,1
25.3,1249,2,0.000674531,0.000674531,0.743747,0.741464,0.00228292,34.975,34.9659,13,13,0,0.597515,0.588739,0.008776,0,1,1,1
25.3,1249,3,0.00111504,0.00111504,0.655706,0.655311,0.000394881,34.6228,34.6212,5,5,0,1.18761,1.19274,0.005128,0,1,1,1
25.4,1250,1,0.00139219,0.00139219,0.900141,0.89934,0.000800908,35.6006,35.5974,12,12,0,0.99292,0.983808,0.009112,1,1,1,1
25.4,1250,2,0.000356451,0.000356451,0.742689,0.743747,0.0010587,34.9708,34.975,13,13,0,0.588739,0.592955,0.004216,1,1,1,1
25.4,1250,3,0.00163852,0.00163852,0.655125,0.655706,0.00058037,34.6205,34.6228,5,5,0,1.19274,1.1852,0.007536,1,1,1,1
25.5,1251,1,0.00139219,0.00139219,0.89934,0.900141,0.000800908,35.5974,35.6006,12,12,0,0.983808,0.99292,0.009112,2,1,1,1
25.5,1251,2,0.00729389,0.00729389,0.739395,0.742689,0.00329399,34.9576,34.9708,13,13,0,0.592955,0.623339,0.030384,2,1,1,0
25.5,1251,3,0.00478065,0.00478065,0.654121,0.655125,0.00100464,34.6165,34.6205,5,5,0,1.1852,1.16382,0.021384,2,1,1,0
25.6,1252,1,0.00166111,0.00166111,0.900295,0.89934,0.000954866,35.6012,35.5974,12,12,0,0.99292,0.982048,0.010872,0,1,1,0
25.6,1252,2,0.000136971,0.000136971,0.73943,0.739395,3.49283e-05,34.9577,34.9576,13,13,0,0.623339,0.622795,0.000544,0,1,1,1
25.6,1252,3,0.00150813,0.00150813,0.654297,0.654121,0.000176311,34.6172,34.6165,5,5,0,1.16382,1.17049,0.006672,0,1,1,1
25.7,1253,1,0.00123205,0.00123205,0.899588,0.900295,0.000707448,35.5984,35.6012,12,12,0,0.982048,0.990112,0.008064,0,1,1,1
25.7,1253,2,0.00244826,0.00244826,0.740053,0.73943,0.000623822,34.9602,34.9577,13,13,0,0.622795,0.613075,0.00972,0,1,1,1
25.7,1253,3,0.00214635,0.00214635,0.654047,0.654297,0.000249743,34.6162,34.6172,5,5,0,1.17049,1.16099,0.009496,0,1,1,1
25.8,1254,1,0.00178322,0.00178322,0.898897,0.899588,0.000691235,35.5956,35.5984,12,12,0,0.990112,0.999224,0.009112,1,1,1,1
25.8,1254,2,0.000741154,0.000741154,0.740228,0.740053,0.000174761,34.9609,34.9602,13,13,0,0.613075,0.610259,0.002816,1,1,1,1
25.8,1254,3,0.000790056,0.000790056,0.654138,0.654047,9.08971e-05,34.6166,34.6162,5,5,0,1.16099,1.16449,0.003496,1,1,1,1
25.9,1255,1,0.00323711,0.00323711,0.900452,0.898897,0.00155526,35.6018,35.5956,12,12,0,0.999224,0.980312,0.018912,2,1,1,0
25.9,1255,2,0.001362,0.001362,0.739895,0.740228,0.000332832,34.9596,34.9609,13,13,0,0.610259,0.615539,0.00528,2,1,1,1
25.9,1255,3,0.000160903,0.000160903,0.654119,0.654138,1.84774e-05,34.6165,34.6166,5,5,0,1.16449,1.16378,0.000712,2,1,1,1
26,1256,1,0.0013096,0.0013096,0.899671,0.900452,0.000781,35.5987,35.6018,12,12,0,0.980312,0.989168,0.008856,0,1,1,1
26,1256,2,0.00111835,0.00111835,0.73961,0.739895,0.00028491,34.9584,34.9596,13,13,0,0.615539,0.619979,0.00444,0,1,1,1
26,1256,3,0.000119325,0.000119325,0.654133,0.654119,1.37091e-05,34.6165,34.6165,5,5,0,1.16378,1.1643,0.000528,0,1,1,1
26.1,1257,1,0.000575777,0.000575777,0.899339,0.899671,0.000331879,35.5974,35.5987,12,12,0,0.989168,0.992936,0.003768,1,1,1,1
26.1,1257,2,0.000269949,0.000269949,0.739542,0.73961,6.87838e-05,34.9582,34.9584,13,13,0,0.619979,0.621051,0.001072,1,1,1,1
26.1,1257,3,0.000643607,0.000643607,0.654207,0.654133,7.40886e-05,34.6168,34.6165,5,5,0,1.1643,1.16715,0.002848,1,1,1,1
26.2,1258,1,0.000558604,0.000558604,0.899661,0.899339,0.000322104,35.5986,35.5974,12,12,0,0.992936,0.98928,0.003656,2,1,1,1
26.2,1258,2,0.00156972,0.00156972,0.739942,0.739542,0.000399888,34.9598,34.9582,13,13,0,0.621051,0.614819,0.006232,2,1,1,1
26.2,1258,3,0.00174272,0.00174272,0.654007,0.654207,0.00020057,34.616,34.6168,5,5,0,1.16715,1.15944,0.007712,2,1,1,1
26.3,1259,1,0.000558604,0.000558604,0.899339,0.899661,0.000322104,35.5974,35.5986,12,12,0,0.98928,0.992936,0.003656,3,1,1,1
26.3,1259,2,0.000860572,0.000860572,0.739722,0.739942,0.000219166,34.9589,34.9598,13,13,0,0.614819,0.618235,0.003416,3,1,1,1
26.3,1259,3,0.000916507,0.000916507,0.654112,0.654007,0.0001055,34.6164,34.616,5,5,0,1.15944,1.1635,0.004056,3,1,1,1
26.4,1260,1,0.000121046,0.000121046,0.899269,0.899339,6.99162e-05,35.5971,35.5974,12,12,0,0.992936,0.993728,0.000792,4,1,1,1
26.4,1260,2,0.00286771,0.00286771,0.740376,0.739722,0.000654042,34.9615,34.9589,13,13,0,0.618235,0.607547,0.010688,4,1,1,0
26.4,1260,3,0.000945404,0.000945404,0.654003,0.654112,0.000108898,34.616,34.6164,5,5,0,1.1635,1.15931,0.004184,4,1,1,1
26.5,1261,1,0.00611369,0.00611369,0.90304,0.899269,0.00377065,35.6122,35.5971,12,12,0,0.993728,0.959672,0.034056,0,1,1,0
26.5,1261,2,0.00286771,0.00286771,0.739722,0.740376,0.000654042,34.9589,34.9615,13,13,0,0.607547,0.618235,0.010688,0,1,1,0
26.5,1261,3,0.00335205,0.00335205,0.654426,0.654003,0.000422418,34.6177,34.616,5,5,0,1.15931,1.17412,0.014808,0,1,1,0
26.6,1262,1,0.00058414,0.00058414,0.902716,0.90304,0.000323951,35.6109,35.6122,12,12,0,0.959672,0.962032,0.00236,0,1,1,1
26.6,1262,2,0.00114827,0.00114827,0.73943,0.739722,0.000292778,34.9577,34.9589,13,13,0,0.618235,0.622795,0.00456,0,1,1,1
26.6,1262,3,0.00183898,0.00183898,0.654177,0.654426,0.000248253,34.6167,34.6177,5,5,0,1.17412,1.16601,0.008112,0,1,1,1
26.7,1263,1,0.000109009,0.000109009,0.902655,0.902716,6.04987e-05,35.6106,35.6109,12,12,0,0.962032,0.962472,0.00044,1,1,1,1
26.7,1263,2,0.00244826,0.00244826,0.740053,0.73943,0.000623822,34.9602,34.9577,13,13,0,0.622795,0.613075,0.00972,1,1,1,1
26.7,1263,3,0.000497174,0.000497174,0.65412,0.654177,5.72205e-05,34.6165,34.6167,5,5,0,1.16601,1.16381,0.0022,1,1,1,1
26.8,1264,1,0.00123769,0.00123769,0.903341,0.902655,0.000685632,35.6134,35.6106,12,12,0,0.962472,0.957472,0.005,2,1,1,1
26.8,1264,2,8.66652e-05,8.66652e-05,0.740075,0.740053,2.19941e-05,34.9603,34.9602,13,13,0,0.613075,0.612731,0.000344,2,1,1,1
26.8,1264,3,0.00258118,0.00258118,0.653823,0.65412,0.000297189,34.6153,34.6165,5,5,0,1.16381,1.15238,0.011424,2,1,1,0
26.9,1265,1,0.00193067,0.00193067,0.902269,0.903341,0.00107163,35.6091,35.6134,12,12,0,0.957472,0.965272,0.0078,0,1,1,1
26.9,1265,2,0.00253493,0.00253493,0.73943,0.740075,0.000645816,34.9577,34.9603,13,13,0,0.612731,0.622795,0.010064,0,1,1,0
26.9,1265,3,0.00776193,0.00776193,0.655266,0.653823,0.00144321,34.6211,34.6153,5,5,0,1.15238,1.18703,0.034648,0,1,1,0
27,1266,1,0.00149897,0.00149897,0.903102,0.902269,0.000832975,35.6124,35.6091,12,12,0,0.965272,0.959216,0.006056,0,1,1,1
27,1266,2,0.00319189,0.00319189,0.740229,0.73943,0.00079906,34.9609,34.9577,13,13,0,0.622795,0.610251,0.012544,0,1,1,0
27,1266,3,0.00956379,0.00956379,0.653615,0.655266,0.00165081,34.6145,34.6211,5,5,0,1.18703,1.14441,0.042624,0,1,1,0
27.1,1267,1,0.001503,0.001503,0.902267,0.903102,0.00083518,35.6091,35.6124,12,12,0,0.959216,0.965288,0.006072,0,1,1,1
27.1,1267,2,0.00275277,0.00275277,0.739542,0.740229,0.000687003,34.9582,34.9609,13,13,0,0.610251,0.621051,0.0108,0,1,1,0
27.1,1267,3,0.00574074,0.00574074,0.654276,0.653615,0.000661016,34.6171,34.6145,5,5,0,1.14441,1.16982,0.025408,0,1,1,0
27.2,1268,1,0.0019347,0.0019347,0.903341,0.902267,0.00107384,35.6134,35.6091,12,12,0,0.965288,0.957472,0.007816,0,1,1,1
27.2,1268,2,0.000439122,0.000439122,0.73943,0.739542,0.000112057,34.9577,34.9582,13,13,0,0.621051,0.622795,0.001744,0,1,1,1
27.2,1268,3,4.87864e-05,4.87864e-05,0.654271,0.654276,5.54323e-06,34.6171,34.6171,5,5,0,1.16982,1.1696,0.000216,0,1,1,1
27.3,1269,1,0.000568329,0.000568329,0.903027,0.903341,0.000314295,35.6121,35.6134,12,12,0,0.957472,0.959768,0.002296,1,1,1,1
27.3,1269,2,0.000173256,0.000173256,0.739385,0.73943,4.4167e-05,34.9575,34.9577,13,13,0,0.622795,0.623483,0.000688,1,1,1,1
27.3,1269,3,0.00373469,0.00373469,0.653841,0.654271,0.000429988,34.6154,34.6171,5,5,0,1.1696,1.15307,0.016528,1,1,1,0
27.4,1270,1,0.00122963,0.00122963,0.902343,0.903027,0.000683308,35.6094,35.6121,12,12,0,0.959768,0.964736,0.004968,0,1,1,1
27.4,1270,2,0.000173256,0.000173256,0.73943,0.739385,4.4167e-05,34.9577,34.9575,13,13,0,0.623483,0.622795,0.000688,0,1,1,1
27.4,1270,3,0.00317605,0.00317605,0.654207,0.653841,0.000365734,34.6168,34.6154,5,5,0,1.15307,1.16713,0.014056,0,1,1,0
27.5,1271,1,0.000132717,0.000132717,0.902269,0.902343,7.4029e-05,35.6091,35.6094,12,12,0,0.964736,0.965272,0.000536,0,1,1,1
27.5,1271,2,0.00681067,0.00681067,0.741398,0.73943,0.00196815,34.9656,34.9577,13,13,0,0.622795,0.597747,0.025048,0,1,1,0
27.5,1271,3,0.00102138,0.00102138,0.654089,0.654207,0.0001176,34.6164,34.6168,5,5,0,1.16713,1.16261,0.00452,0,1,1,1
27.6,1272,1,0.00290508,0.00290508,0.900317,0.902269,0.00195223,35.6013,35.6091,12,12,0,0.965272,0.9818,0.016528,0,1,1,0
27.6,1272,2,0.00480182,0.00480182,0.739942,0.741398,0.0014562,34.9598,34.9656,13,13,0,0.597747,0.614819,0.017072,0,1,1,0
27.6,1272,3,0.0016288,0.0016288,0.654276,0.654089,0.000187397,34.6171,34.6164,5,5,0,1.16261,1.16982,0.007208,0,1,1,1
27.7,1273,1,0.00716037,0.00716037,0.904616,0.900317,0.00429934,35.6185,35.6013,12,12,0,0.9818,0.94808,0.03372,0,1,1,0
27.7,1273,2,0.00200884,0.00200884,0.73943,0.739942,0.000511944,34.9577,34.9598,13,13,0,0.614819,0.622795,0.007976,0,1,1,1
27.7,1273,3,3.79607e-05,3.79607e-05,0.654272,0.654276,4.29153e-06,34.6171,34.6171,5,5,0,1.16982,1.16965,0.000168,0,1,1,1
27.8,1274,1,0.00123758,0.00123758,0.903939,0.904616,0.000677049,35.6158,35.6185,12,12,0,0.94808,0.95308,0.005,0,1,1,1
27.8,1274,2,0.000267908,0.000267908,0.739498,0.73943,6.83665e-05,34.958,34.9577,13,13,0,0.622795,0.621731,0.001064,0,1,1,1
27.8,1274,3,0.00231213,0.00231213,0.654006,0.654272,0.000266075,34.616,34.6171,5,5,0,1.16965,1.15942,0.010232,0,1,1,0
27.9,1275,1,0.000572236,0.000572236,0.904253,0.903939,0.00031364,35.617,35.6158,12,12,0,0.95308,0.950768,0.002312,0,1,1,1
27.9,1275,2,0.000267908,0.000267908,0.73943,0.739498,6.83665e-05,34.9577,34.958,13,13,0,0.621731,0.622795,0.001064,0,1,1,1
27.9,1275,3,0.000310916,0.000310916,0.654042,0.654006,3.57628e-05,34.6162,34.616,5,5,0,1.15942,1.16079,0.001376,0,1,1,1
28,1276,1,0.00014065,0.00014065,0.904176,0.904253,7.70092e-05,35.6167,35.617,12,12,0,0.950768,0.951336,0.000568,1,1,1,1
28,1276,2,0.00655299,0.00655299,0.740929,0.73943,0.001499,34.9637,34.9577,13,13,0,0.622795,0.599491,0.023304,1,1,1,0
28,1276,3,0.00260814,0.00260814,0.654362,0.654042,0.000319958,34.6174,34.6162,5,5,0,1.16079,1.17232,0.011528,1,1,1,0
28.1,1277,1,0.00188501,0.00188501,0.903138,0.904176,0.00103754,35.6126,35.6167,12,12,0,0.951336,0.958952,0.007616,0,1,1,1
28.1,1277,2,0.00926295,0.00926295,0.738737,0.740929,0.00219142,34.9549,34.9637,13,13,0,0.599491,0.633563,0.034072,0,1,1,0
28.1,1277,3,0.000963032,0.000963032,0.654231,0.654362,0.000130653,34.6169,34.6174,5,5,0,1.17232,1.16807,0.004248,0,1,1,1
28.2,1278,1,0.00435574,0.00435574,0.905429,0.903138,0.00229067,35.6217,35.6126,12,12,0,0.958952,0.9422,0.016752,0,1,1,0
28.2,1278,2,0.00992706,0.00992706,0.742868,0.738737,0.00413054,34.9715,34.9549,13,13,0,0.633563,0.592243,0.04132,0,1,1,0
28.2,1278,3,0.000470039,0.000470039,0.654177,0.654231,5.4121e-05,34.6167,34.6169,5,5,0,1.16807,1.16599,0.00208,0,1,1,1
28.3,1279,1,0.00322707,0.00322707,0.903761,0.905429,0.00166816,35.615,35.6217,12,12,0,0.9422,0.954392,0.012192,0,1,1,0
28.3,1279,2,0.00721711,0.00721711,0.73943,0.742868,0.00343812,34.9577,34.9715,13,13,0,0.592243,0.622795,0.030552,0,1,1,0
28.3,1279,3,0.000475429,0.000475429,0.654232,0.654177,5.47767e-05,34.6169,34.6167,5,5,0,1.16599,1.1681,0.002104,0,1,1,1
28.4,1280,1,0.00193457,0.00193457,0.902692,0.903761,0.00106937,35.6108,35.615,12,12,0,0.954392,0.962208,0.007816,0,1,1,1
28.4,1280,2,0.00270995,0.00270995,0.738737,0.73943,0.000692427,34.9549,34.9577,13,13,0,0.622795,0.633563,0.010768,0,1,1,0
28.4,1280,3,0.00045377,0.00045377,0.65418,0.654232,5.22137e-05,34.6167,34.6169,5,5,0,1.1681,1.16609,0.002008,0,1,1,1
28.5,1281,1,0.00269492,0.00269492,0.904178,0.902692,0.0014866,35.6167,35.6108,12,12,0,0.962208,0.95132,0.010888,0,1,1,0
28.5,1281,2,0.00385822,0.00385822,0.739722,0.738737,0.000985205,34.9589,34.9549,13,13,0,0.633563,0.618235,0.015328,0,1,1,0
28.5,1281,3,0.00410311,0.00410311,0.653707,0.65418,0.000472546,34.6148,34.6167,5,5,0,1.16609,1.14793,0.01816,0,1,1,0
28.6,1282,1,0.000295085,0.000295085,0.904017,0.904178,0.000161648,35.6161,35.6167,12,12,0,0.95132,0.952512,0.001192,0,1,1,1
28.6,1282,2,0.001304,0.001304,0.740054,0.739722,0.000331998,34.9602,34.9589,13,13,0,0.618235,0.613059,0.005176,0,1,1,1
28.6,1282,3,0.00531262,0.00531262,0.65433,0.653707,0.000623226,34.6173,34.6148,5,5,0,1.14793,1.17143,0.023504,0,1,1,0
28.7,1283,1,0.000291076,0.000291076,0.904176,0.904017,0.000159442,35.6167,35.6161,12,12,0,0.952512,0.951336,0.001176,0,1,1,1
28.7,1283,2,8.26567e-05,8.26567e-05,0.740075,0.740054,2.10404e-05,34.9603,34.9602,13,13,0,0.613059,0.612731,0.000328,0,1,1,1
28.7,1283,3,0.000374284,0.000374284,0.654276,0.65433,5.45979e-05,34.6171,34.6173,5,5,0,1.17143,1.16978,0.001648,0,1,1,1
28.8,1284,1,0.000805993,0.000805993,0.904616,0.904176,0.000440419,35.6185,35.6167,12,12,0,0.951336,0.94808,0.003256,1,1,1,1
28.8,1284,2,0.00253493,0.00253493,0.73943,0.740075,0.000645816,34.9577,34.9603,13,13,0,0.612731,0.622795,0.010064,1,1,1,0
28.8,1284,3,0.00124735,0.00124735,0.654132,0.654276,0.000143468,34.6165,34.6171,5,5,0,1.16978,1.16426,0.00552,1,1,1,1
28.9,1285,1,0.0034969,0.0034969,0.902692,0.904616,0.00192481,35.6108,35.6185,12,12,0,0.94808,0.962208,0.014128,0,1,1,0
28.9,1285,2,0,0,0.73943,0.73943,0,34.9577,34.9577,13,13,0,0.622795,0.622795,0,0,1,1,1
28.9,1285,3,0.00268908,0.00268908,0.654633,0.654132,0.00050056,34.6185,34.6165,5,5,0,1.16426,1.15675,0.007512,0,1,1,1
29,1286,1,0.0011327,0.0011327,0.903319,0.902692,0.000627398,35.6133,35.6108,12,12,0,0.962208,0.957632,0.004576,0,1,1,1
29,1286,2,0.00372097,0.00372097,0.740323,0.73943,0.000893891,34.9613,34.9577,13,13,0,0.622795,0.608515,0.01428,0,1,1,0
29,1286,3,2.55555e-06,2.55555e-06,0.654631,0.654633,1.37091e-06,34.6185,34.6185,5,5,0,1.15675,1.15673,2.4e-05,0,1,1,1
29.1,1287,1,0.00192851,0.00192851,0.904379,0.903319,0.00105959,35.6175,35.6133,12,12,0,0.957632,0.94984,0.007792,0,1,1,1
29.1,1287,2,0.00148234,0.00148234,0.74,0.740323,0.000323474,34.96,34.9613,13,13,0,0.608515,0.613907,0.005392,0,1,1,1
29.1,1287,3,0.00240058,0.00240058,0.655114,0.654631,0.00048238,34.6205,34.6185,5,5,0,1.15673,1.16868,0.011952,0,1,1,0
29.2,1288,1,0.000366296,0.000366296,0.904178,0.904379,0.000200391,35.6167,35.6175,12,12,0,0.94984,0.95132,0.00148,0,1,1,1
29.2,1288,2,0.000383019,0.000383019,0.739903,0.74,9.74536e-05,34.9596,34.96,13,13,0,0.613907,0.615427,0.00152,0,1,1,1
29.2,1288,3,0.00134487,0.00134487,0.654904,0.655114,0.00020963,34.6196,34.6205,5,5,0,1.16868,1.16277,0.005912,0,1,1,1
29.3,1289,1,0.000132581,0.000132581,0.904251,0.904178,7.25985e-05,35.617,35.6167,12,12,0,0.95132,0.950784,0.000536,1,1,1,1
29.3,1289,2,0.00383496,0.00383496,0.738924,0.739903,0.00097847,34.9557,34.9596,13,13,0,0.615427,0.630659,0.015232,1,1,1,0
29.3,1289,3,0.000393048,0.000393048,0.654843,0.654904,6.12736e-05,34.6194,34.6196,5,5,0,1.16277,1.16104,0.001728,1,1,1,1
29.4,1290,1,0.00126127,0.00126127,0.903558,0.904251,0.000692606,35.6142,35.617,12,12,0,0.950784,0.95588,0.005096,0,1,1,1
29.4,1290,2,0.000632003,0.000632003,0.738762,0.738924,0.000161707,34.955,34.9557,13,13,0,0.630659,0.633171,0.002512,0,1,1,1
29.4,1290,3,0.00416781,0.00416781,0.655492,0.654843,0.000649273,34.622,34.6194,5,5,0,1.16104,1.17936,0.01832,0,1,1,0
29.5,1291,1,0.00266517,0.00266517,0.904998,0.903558,0.00143981,35.62,35.6142,12,12,0,0.95588,0.94528,0.0106,0,1,1,0
29.5,1291,2,0.000183091,0.000183091,0.738716,0.738762,4.68493e-05,34.9549,34.955,13,13,0,0.633171,0.633899,0.000728,0,1,1,1
29.5,1291,3,0.00486372,0.00486372,0.654613,0.655492,0.000878811,34.6185,34.622,5,5,0,1.17936,1.15642,0.022944,0,1,1,0
29.6,1292,1,0.00153649,0.00153649,0.904178,0.904998,0.000819802,35.6167,35.62,12,12,0,0.94528,0.95132,0.00604,0,1,1,1
29.6,1292,2,0.0125937,0.0125937,0.736986,0.738716,0.00172961,34.9479,34.9549,13,13,0,0.633899,0.680947,0.047048,0,1,1,0
29.6,1292,3,0.00131284,0.00131284,0.654939,0.654613,0.00032568,34.6198,34.6185,5,5,0,1.15642,1.16375,0.007336,0,1,1,1
29.7,1293,1,0.00425723,0.00425723,0.90182,0.904178,0.00235844,35.6073,35.6167,12,12,0,0.95132,0.96852,0.0172,0,1,1,0
29.7,1293,2,0.00681581,0.00681581,0.737232,0.736986,0.00024569,34.9489,34.9479,13,13,0,0.680947,0.656891,0.024056,0,1,1,0
29.7,1293,3,0.00232048,0.00232048,0.655301,0.654939,0.000361562,34.6212,34.6198,5,5,0,1.16375,1.17395,0.0102,0,1,1,0
29.8,1294,1,0.00506116,0.00506116,0.904617,0.90182,0.00279772,35.6185,35.6073,12,12,0,0.96852,0.948072,0.020448,0,1,1,0
29.8,1294,2,0.00291762,0.00291762,0.737982,0.737232,0.000750601,34.9519,34.9489,13,13,0,0.656891,0.645275,0.011616,0,1,1,0
29.8,1294,3,0.0032995,0.0032995,0.654786,0.655301,0.000514209,34.6191,34.6212,5,5,0,1.17395,1.15945,0.014504,0,1,1,0
29.9,1295,1,0.000807938,0.000807938,0.904176,0.904617,0.000441492,35.6167,35.6185,12,12,0,0.948072,0.951336,0.003264,0,1,1,1
29.9,1295,2,0.000430107,0.000430107,0.737872,0.737982,0.000110507,34.9515,34.9519,13,13,0,0.645275,0.646987,0.001712,0,1,1,1
29.9,1295,3,0.00415133,0.00415133,0.653998,0.654786,0.000788212,34.616,34.6191,5,5,0,1.15945,1.15911,0.000336,0,1,1,1
30,1296,1,0.000291076,0.000291076,0.904017,0.904176,0.000159442,35.6161,35.6167,12,12,0,0.951336,0.952512,0.001176,1,1,1,1
30,1296,2,0.00165389,0.00165389,0.737446,0.737872,0.000425398,34.9498,34.9515,13,13,0,0.646987,0.653571,0.006584,1,1,1,1
30,1296,3,0.00536685,0.00536685,0.652999,0.653998,0.00099951,34.612,34.616,5,5,0,1.15911,1.12974,0.029376,1,1,1,0
30.1,1297,1,0.000295085,0.000295085,0.904178,0.904017,0.000161648,35.6167,35.6161,12,12,0,0.952512,0.95132,0.001192,0,1,1,1
30.1,1297,2,0.00221466,0.00221466,0.738016,0.737446,0.000569403,34.9521,34.9498,13,13,0,0.653571,0.644755,0.008816,0,1,1,1
30.1,1297,3,0.00520778,0.00520778,0.65398,0.652999,0.000981152,34.6159,34.612,5,5,0,1.12974,1.15841,0.028672,0,1,1,0
30.2,1298,1,0.00189297,0.00189297,0.903136,0.904178,0.00104195,35.6125,35.6167,12,12,0,0.95132,0.958968,0.007648,0,1,1,1
30.2,1298,2,0.00743409,0.00743409,0.736651,0.738016,0.00136423,34.9466,34.9521,13,13,0,0.644755,0.673235,0.02848,0,1,1,0
30.2,1298,3,0.000441037,0.000441037,0.654031,0.65398,5.07832e-05,34.6161,34.6159,5,5,0,1.15841,1.16036,0.001952,0,1,1,1
30.3,1299,1,0.00189297,0.00189297,0.904178,0.903136,0.00104195,35.6167,35.6125,12,12,0,0.958968,0.95132,0.007648,0,1,1,1
30.3,1299,2,0.00632054,0.00632054,0.73773,0.736651,0.00107813,34.9509,34.9466,13,13,0,0.673235,0.649187,0.024048,0,1,1,0
30.3,1299,3,0.00296967,0.00296967,0.654403,0.654031,0.000372469,34.6176,34.6161,5,5,0,1.16036,1.17348,0.01312,0,1,1,0
30.4,1300,1,0.00153649,0.00153649,0.904998,0.904178,0.000819802,35.62,35.6167,12,12,0,0.95132,0.94528,0.00604,0,1,1,1
30.4,1300,2,0.00196421,0.00196421,0.738234,0.73773,0.000504434,34.9529,34.9509,13,13,0,0.649187,0.641371,0.007816,0,1,1,1
30.4,1300,3,0.00171325,0.00171325,0.654175,0.654403,0.000227809,34.6167,34.6176,5,5,0,1.17348,1.16592,0.00756,0,1,1,1
30.5,1301,1,0.00422743,0.00422743,0.902694,0.904998,0.0023042,35.6108,35.62,12,12,0,0.94528,0.962192,0.016912,1,1,1,0
30.5,1301,2,0.000213191,0.000213191,0.738289,0.738234,5.46575e-05,34.9532,34.9529,13,13,0,0.641371,0.640523,0.000848,1,1,1,1
30.5,1301,3,0.00161318,0.00161318,0.654387,0.654175,0.000212133,34.6175,34.6167,5,5,0,1.16592,1.17304,0.00712,1,1,1,1
30.6,1302,1,0.00268896,0.00268896,0.904177,0.902694,0.00148332,35.6167,35.6108,12,12,0,0.962192,0.951328,0.010864,0,1,1,0
30.6,1302,2,0.00417218,0.00417218,0.739356,0.738289,0.0010674,34.9574,34.9532,13,13,0,0.640523,0.623939,0.016584,0,1,1,0
30.6,1302,3,0.000101902,0.000101902,0.654403,0.654387,1.59144e-05,34.6176,34.6175,5,5,0,1.17304,1.17349,0.000448,0,1,1,1
30.7,1303,1,0.000138631,0.000138631,0.904253,0.904177,7.58767e-05,35.617,35.6167,12,12,0,0.951328,0.950768,0.00056,0,1,1,1
30.7,1303,2,0.000799641,0.000799641,0.73956,0.739356,0.000204027,34.9582,34.9574,13,13,0,0.623939,0.620763,0.003176,0,1,1,1
30.7,1303,3,0.000729654,0.000729654,0.654289,0.654403,0.000113904,34.6172,34.6176,5,5,0,1.17349,1.17028,0.003208,0,1,1,1
30.8,1304,1,0.000572236,0.000572236,0.903939,0.904253,0.00031364,35.6158,35.617,12,12,0,0.950768,0.95308,0.002312,1,1,1,1
30.8,1304,2,0.000648603,0.000648603,0.739395,0.73956,0.000165462,34.9576,34.9582,13,13,0,0.620763,0.623339,0.002576,1,1,1,1
30.8,1304,3,1.83284e-06,1.83284e-06,0.654289,0.654289,2.98023e-07,34.6172,34.6172,5,5,0,1.17028,1.17027,8e-06,1,1,1,1
30.9,1305,1,0.00123758,0.00123758,0.904616,0.903939,0.000677049,35.6185,35.6158,12,12,0,0.95308,0.94808,0.005,2,1,1,1
30.9,1305,2,0.00406782,0.00406782,0.738354,0.739395,0.00104046,34.9534,34.9576,13,13,0,0.623339,0.639507,0.016168,2,1,1,0
30.9,1305,3,0.00136469,0.00136469,0.654502,0.654289,0.000213087,34.618,34.6172,5,5,0,1.17027,1.17627,0.006,2,1,1,1
31,1306,1,0.0034969,0.0034969,0.902692,0.904616,0.00192481,35.6108,35.6185,12,12,0,0.94808,0.962208,0.014128,0,1,1,0
31,1306,2,0.00427726,0.00427726,0.739448,0.738354,0.00109392,34.9578,34.9534,13,13,0,0.639507,0.622507,0.017,0,1,1,0
31,1306,3,0.00431324,0.00431324,0.653949,0.654502,0.000553131,34.6158,34.618,5,5,0,1.17627,1.15722,0.019048,0,1,1,0
31.1,1307,1,0.00347952,0.00347952,0.900452,0.902692,0.0022397,35.6018,35.6108,12,12,0,0.962208,0.980312,0.018104,0,1,1,0
31.1,1307,2,0.000229672,0.000229672,0.739507,0.739448,5.85318e-05,34.958,34.9578,13,13,0,0.622507,0.621595,0.000912,0,1,1,1
31.1,1307,3,0.00491168,0.00491168,0.654643,0.653949,0.000694275,34.6186,34.6158,5,5,0,1.15722,1.17895,0.021728,0,1,1,0
31.2,1308,1,1.55715e-05,1.55715e-05,0.900434,0.900452,1.75238e-05,35.6017,35.6018,12,12,0,0.980312,0.980496,0.000184,0,1,1,1
31.2,1308,2,0.000209495,0.000209495,0.73956,0.739507,5.34654e-05,34.9582,34.958,13,13,0,0.621595,0.620763,0.000832,0,1,1,1
31.2,1308,3,0.000796627,0.000796627,0.654926,0.654643,0.000282645,34.6197,34.6186,5,5,0,1.17895,1.18262,0.003664,0,1,1,1
31.3,1309,1,0.000702545,0.000702545,0.900011,0.900434,0.000423431,35.6,35.6017,12,12,0,0.980496,0.985296,0.0048,1,1,1,1
31.3,1309,2,0.0120589,0.0120589,0.736464,0.73956,0.00309646,34.9459,34.9582,13,13,0,0.620763,0.668747,0.047984,1,1,1,0
31.3,1309,3,0.00419352,0.00419352,0.654123,0.654926,0.000802577,34.6165,34.6197,5,5,0,1.18262,1.16393,0.018688,1,1,1,0
31.4,1310,1,0.000977998,0.000977998,0.900743,0.900011,0.000732124,35.603,35.6,12,12,0,0.985296,0.97724,0.008056,0,1,1,1
31.4,1310,2,0.0011137,0.0011137,0.736751,0.736464,0.000287771,34.947,34.9459,13,13,0,0.668747,0.664307,0.00444,0,1,1,1
31.4,1310,3,0.00281455,0.00281455,0.65466,0.654123,0.000536144,34.6186,34.6165,5,5,0,1.16393,1.15722,0.006712,0,1,1,1
31.5,1311,1,0.00190569,0.00190569,0.899477,0.900743,0.00126582,35.5979,35.603,12,12,0,0.97724,0.991368,0.014128,1,1,1,0
31.5,1311,2,0.0103448,0.0103448,0.739407,0.736751,0.00265557,34.9576,34.947,13,13,0,0.664307,0.623147,0.04116,1,1,1,0
31.5,1311,3,0.00551935,0.00551935,0.655608,0.65466,0.000948012,34.6224,34.6186,5,5,0,1.15722,1.18262,0.0254,1,1,1,0
31.6,1312,1,0.00310363,0.00310363,0.901562,0.899477,0.00208473,35.6062,35.5979,12,12,0,0.991368,0.970376,0.020992,0,1,1,0
31.6,1312,2,0.0125315,0.0125315,0.736605,0.739407,0.00280207,34.9464,34.9576,13,13,0,0.623147,0.672163,0.049016,0,1,1,0
31.6,1312,3,0.00424813,0.00424813,0.654946,0.655608,0.000661731,34.6198,34.6224,5,5,0,1.18262,1.16394,0.018672,0,1,1,0
31.7,1313,1,0.00156599,0.00156599,0.90036,0.901562,0.00120163,35.6014,35.6062,12,12,0,0.970376,0.981304,0.010928,0,1,1,0
31.7,1313,2,0.00418353,0.00418353,0.737181,0.736605,0.00057584,34.9487,34.9464,13,13,0,0.672163,0.685443,0.01328,0,1,1,0
31.7,1313,3,0.00144144,0.00144144,0.655171,0.654946,0.00022465,34.6207,34.6198,5,5,0,1.16394,1.17028,0.006336,0,1,1,1
31.8,1314,1,8.48598e-06,8.48598e-06,0.900365,0.90036,4.88758e-06,35.6015,35.6014,12,12,0,0.981304,0.981248,5.6e-05,0,1,1,1
31.8,1314,2,0.00534685,0.00534685,0.736487,0.737181,0.000693798,34.9459,34.9487,13,13,0,0.685443,0.668387,0.017056,0,1,1,0
31.8,1314,3,0.00181459,0.00181459,0.655453,0.655171,0.000282705,34.6218,34.6207,5,5,0,1.17028,1.17826,0.007976,0,1,1,1
31.9,1315,1,8.41089e-05,8.41089e-05,0.900434,0.900365,6.91414e-05,35.6017,35.6015,12,12,0,0.981248,0.980496,0.000752,0,1,1,1
31.9,1315,2,0.00301315,0.00301315,0.737265,0.736487,0.000777781,34.9491,34.9459,13,13,0,0.668387,0.656379,0.012008,0,1,1,0
31.9,1315,3,0.00389109,0.00389109,0.654847,0.655453,0.000606298,34.6194,34.6218,5,5,0,1.17826,1.16115,0.017104,0,1,1,0
32,1316,1,0.00189545,0.00189545,0.899324,0.900434,0.0011102,35.5973,35.6017,12,12,0,0.980496,0.993104,0.012608,0,1,1,0
32,1316,2,0.00118881,0.00118881,0.736958,0.737265,0.000306547,34.9478,34.9491,13,13,0,0.656379,0.661115,0.004736,0,1,1,1
32,1316,3,0.00488319,0.00488319,0.655608,0.654847,0.000760674,34.6224,34.6194,5,5,0,1.16115,1.18262,0.021464,0,1,1,0
32.1,1317,1,0.0081172,0.0081172,0.904196,0.899324,0.00487137,35.6168,35.5973,12,12,0,0.993104,0.951192,0.041912,0,1,1,0
32.1,1317,2,0.00662212,0.00662212,0.737105,0.736958,0.000146985,34.9484,34.9478,13,13,0,0.661115,0.683699,0.022584,0,1,1,0
32.1,1317,3,0.00217156,0.00217156,0.65527,0.655608,0.000338078,34.6211,34.6224,5,5,0,1.18262,1.17307,0.009544,0,1,1,1
32.2,1318,1,0.00537802,0.00537802,0.901208,0.904196,0.00298786,35.6048,35.6168,12,12,0,0.951192,0.97292,0.021728,0,1,1,0
32.2,1318,2,0.00571276,0.00571276,0.736723,0.737105,0.000381768,34.9469,34.9484,13,13,0,0.683699,0.664739,0.01896,0,1,1,0
32.2,1318,3,0.00271351,0.00271351,0.654847,0.65527,0.000422895,34.6194,34.6211,5,5,0,1.17307,1.16114,0.011928,0,1,1,0
32.3,1319,1,0.00429285,0.00429285,0.9036,0.901208,0.00239199,35.6144,35.6048,12,12,0,0.97292,0.955576,0.017344,0,1,1,0
32.3,1319,2,0.000632063,0.000632063,0.73656,0.736723,0.000163317,34.9462,34.9469,13,13,0,0.664739,0.667259,0.00252,0,1,1,1
32.3,1319,3,0.00488147,0.00488147,0.655607,0.654847,0.000760376,34.6224,34.6194,5,5,0,1.16114,1.1826,0.021456,0,1,1,0
32.4,1320,1,0.00210874,0.00210874,0.902432,0.9036,0.00116807,35.6097,35.6144,12,12,0,0.955576,0.964096,0.00852,0,1,1,1
32.4,1320,2,0.00154541,0.00154541,0.736959,0.73656,0.000399113,34.9478,34.9462,13,13,0,0.667259,0.661099,0.00616,0,1,1,1
32.4,1320,3,0.00379686,0.00379686,0.655016,0.655607,0.000591278,34.6201,34.6224,5,5,0,1.1826,1.16591,0.016688,0,1,1,0
32.5,1321,1,0.000689104,0.000689104,0.902047,0.902432,0.000384629,35.6082,35.6097,12,12,0,0.964096,0.96688,0.002784,0,1,1,1
32.5,1321,2,0.00434314,0.00434314,0.736791,0.736959,0.000168204,34.9472,34.9478,13,13,0,0.661099,0.676451,0.015352,0,1,1,0
32.5,1321,3,0.00193037,0.00193037,0.654545,0.655016,0.000470698,34.6182,34.6201,5,5,0,1.16591,1.15523,0.01068,0,1,1,0
32.6,1322,1,0.00291667,0.00291667,0.903665,0.902047,0.00161809,35.6147,35.6082,12,12,0,0.96688,0.955096,0.011784,0,1,1,0
32.6,1322,2,0.00342979,0.00342979,0.736723,0.736791,6.75917e-05,34.9469,34.9472,13,13,0,0.676451,0.664739,0.011712,0,1,1,0
32.6,1322,3,0.0077297,0.0077297,0.655898,0.654545,0.00135285,34.6236,34.6182,5,5,0,1.15523,1.19131,0.03608,0,1,1,0
32.7,1323,1,0.00123751,0.00123751,0.902982,0.903665,0.000683427,35.6119,35.6147,12,12,0,0.955096,0.960096,0.005,0,1,1,1
32.7,1323,2,0.00209817,0.00209817,0.737265,0.736723,0.000541329,34.9491,34.9469,13,13,0,0.664739,0.656379,0.00836,0,1,1,1
32.7,1323,3,0.00481106,0.00481106,0.65517,0.655898,0.00072819,34.6207,34.6236,5,5,0,1.19131,1.17026,0.021056,0,1,1,0
32.8,1324,1,0.00373289,0.00373289,0.905009,0.902982,0.00202757,35.62,35.6119,12,12,0,0.960096,0.9452,0.014896,0,1,1,0
32.8,1324,2,0.00412853,0.00412853,0.736598,0.737265,0.00066638,34.9464,34.9491,13,13,0,0.656379,0.672011,0.015632,0,1,1,0
32.8,1324,3,0.00136872,0.00136872,0.655383,0.65517,0.000213265,34.6215,34.6207,5,5,0,1.17026,1.17627,0.006016,0,1,1,1
32.9,1325,1,0.00174483,0.00174483,0.904077,0.905009,0.000931919,35.6163,35.62,12,12,0,0.9452,0.952064,0.006864,0,1,1,1
32.9,1325,2,0.00482318,0.00482318,0.737262,0.736598,0.000663817,34.949,34.9464,13,13,0,0.672011,0.687323,0.015312,0,1,1,0
32.9,1325,3,0.00407497,0.00407497,0.65466,0.655383,0.000722945,34.6186,34.6215,5,5,0,1.17627,1.15722,0.019048,0,1,1,0
33,1326,1,0.00179802,0.00179802,0.903087,0.904077,0.000990331,35.6123,35.6163,12,12,0,0.952064,0.959328,0.007264,0,1,1,1
33,1326,2,0.00895171,0.00895171,0.737265,0.737262,2.563e-06,34.9491,34.949,13,13,0,0.687323,0.656379,0.030944,0,1,1,0
33,1326,3,0.00270807,0.00270807,0.65517,0.65466,0.000509977,34.6207,34.6186,5,5,0,1.15722,1.17026,0.01304,0,1,1,0
33.1,1327,1,0.00219,0.00219,0.904292,0.903087,0.00120503,35.6172,35.6123,12,12,0,0.959328,0.95048,0.008848,0,1,1,1
33.1,1327,2,0.00118881,0.00118881,0.736958,0.737265,0.000306547,34.9478,34.9491,13,13,0,0.656379,0.661115,0.004736,0,1,1,1
33.1,1327,3,0.000254825,0.000254825,0.65513,0.65517,3.96967e-05,34.6205,34.6207,5,5,0,1.17026,1.16914,0.00112,0,1,1,1
33.2,1328,1,0.00214836,0.00214836,0.90311,0.904292,0.00118202,35.6124,35.6172,12,12,0,0.95048,0.95916,0.00868,1,1,1,1
33.2,1328,2,0.00831926,0.00831926,0.737339,0.736958,0.000380516,34.9494,34.9478,13,13,0,0.661115,0.689091,0.027976,1,1,1,0
33.2,1328,3,0.000888269,0.000888269,0.655269,0.65513,0.000138342,34.6211,34.6205,5,5,0,1.16914,1.17305,0.003904,1,1,1,1
33.3,1329,1,0.00251672,0.00251672,0.904493,0.90311,0.0013833,35.618,35.6124,12,12,0,0.95916,0.948992,0.010168,0,1,1,0
33.3,1329,2,0.0074099,0.0074099,0.736723,0.737339,0.000615299,34.9469,34.9494,13,13,0,0.689091,0.664739,0.024352,0,1,1,0
33.3,1329,3,0.000635263,0.000635263,0.65517,0.655269,9.89437e-05,34.6207,34.6211,5,5,0,1.17305,1.17026,0.002792,0,1,1,1
33.4,1330,1,0.00613061,0.00613061,0.907852,0.904493,0.0033589,35.6314,35.618,12,12,0,0.948992,0.920232,0.02876,0,1,1,0
33.4,1330,2,0.00253601,0.00253601,0.737378,0.736723,0.000654101,34.9495,34.9469,13,13,0,0.664739,0.654635,0.010104,0,1,1,0
33.4,1330,3,0.000737131,0.000737131,0.655285,0.65517,0.000114858,34.6211,34.6207,5,5,0,1.17026,1.1735,0.00324,0,1,1,1
33.5,1331,1,0.000959131,0.000959131,0.907323,0.907852,0.000529408,35.6293,35.6314,12,12,0,0.920232,0.925592,0.00536,0,1,1,1
33.5,1331,2,0.00162666,0.00162666,0.736958,0.737378,0.000419319,34.9478,34.9495,13,13,0,0.654635,0.661115,0.00648,0,1,1,1
33.5,1331,3,0.000737131,0.000737131,0.65517,0.655285,0.000114858,34.6207,34.6211,5,5,0,1.1735,1.17026,0.00324,0,1,1,1
33.6,1332,1,0.00133859,0.00133859,0.906345,0.907323,0.000978112,35.6254,35.6293,12,12,0,0.925592,0.935456,0.009864,1,1,1,1
33.6,1332,2,0,0,0.736958,0.736958,0,34.9478,34.9478,13,13,0,0.661115,0.661115,0,1,1,1,1
33.6,1332,3,0.000637043,0.000637043,0.655269,0.65517,9.92417e-05,34.6211,34.6207,5,5,0,1.17026,1.17306,0.0028,1,1,1,1
33.7,1333,1,0.00163451,0.00163451,0.907512,0.906345,0.00116765,35.63,35.6254,12,12,0,0.935456,0.923672,0.011784,2,1,1,0
33.7,1333,2,0.00931688,0.00931688,0.73735,0.736958,0.000392258,34.9494,34.9478,13,13,0,0.661115,0.692715,0.0316,2,1,1,0
33.7,1333,3,9.46671e-05,9.46671e-05,0.655284,0.655269,1.47223e-05,34.6211,34.6211,5,5,0,1.17306,1.17347,0.000416,2,1,1,1
33.8,1334,1,0.000810477,0.000810477,0.906948,0.907512,0.000564396,35.6278,35.63,12,12,0,0.923672,0.929384,0.005712,0,1,1,1
33.8,1334,2,0.0105057,0.0105057,0.737265,0.73735,8.57115e-05,34.9491,34.9494,13,13,0,0.692715,0.656379,0.036336,0,1,1,0
33.8,1334,3,0.00171629,0.00171629,0.655016,0.655284,0.000267386,34.6201,34.6211,5,5,0,1.17347,1.16593,0.007544,0,1,1,1
33.9,1335,1,0.00150917,0.00150917,0.90787,0.906948,0.000922382,35.6315,35.6278,12,12,0,0.929384,0.920048,0.009336,0,1,1,1
33.9,1335,2,0.00118881,0.00118881,0.736958,0.737265,0.000306547,34.9478,34.9491,13,13,0,0.656379,0.661115,0.004736,0,1,1,1
33.9,1335,3,0.00379503,0.00379503,0.655607,0.655016,0.00059104,34.6224,34.6201,5,5,0,1.16593,1.18261,0.01668,0,1,1,0
34,1336,1,0.00127468,0.00127468,0.907119,0.90787,0.000751376,35.6285,35.6315,12,12,0,0.920048,0.927656,0.007608,0,1,1,1
34,1336,2,0.00662212,0.00662212,0.737105,0.736958,0.000146985,34.9484,34.9478,13,13,0,0.661115,0.683699,0.022584,0,1,1,0
34,1336,3,0.00280493,0.00280493,0.655171,0.655607,0.000436783,34.6207,34.6224,5,5,0,1.18261,1.17028,0.012328,0,1,1,0
34.1,1337,1,7.81137e-05,7.81137e-05,0.907176,0.907119,5.69224e-05,35.6287,35.6285,12,12,0,0.927656,0.92708,0.000576,0,1,1,1
34.1,1337,2,0.00571276,0.00571276,0.736723,0.737105,0.000381768,34.9469,34.9484,13,13,0,0.683699,0.664739,0.01896,0,1,1,0
34.1,1337,3,0.00338731,0.00338731,0.654294,0.655171,0.000876427,34.6172,34.6207,5,5,0,1.17028,1.15089,0.019392,0,1,1,0
34.2,1338,1,0.00167038,0.00167038,0.908114,0.907176,0.000938058,35.6325,35.6287,12,12,0,0.92708,0.917616,0.009464,0,1,1,1
34.2,1338,2,0.00209817,0.00209817,0.737265,0.736723,0.000541329,34.9491,34.9469,13,13,0,0.664739,0.656379,0.00836,0,1,1,1
34.2,1338,3,0.00920403,0.00920403,0.65603,0.654294,0.00173575,34.6241,34.6172,5,5,0,1.15089,1.19565,0.04476,0,1,1,0
34.3,1339,1,0.00133161,0.00133161,0.907422,0.908114,0.000691712,35.6297,35.6325,12,12,0,0.917616,0.924584,0.006968,0,1,1,1
34.3,1339,2,0.0109992,0.0109992,0.737408,0.737265,0.000142932,34.9496,34.9491,13,13,0,0.656379,0.694595,0.038216,0,1,1,0
34.3,1339,3,0.00852678,0.00852678,0.654661,0.65603,0.00136888,34.6186,34.6241,5,5,0,1.19565,1.15724,0.038408,0,1,1,0
34.4,1340,1,0.00135171,0.00135171,0.906435,0.907422,0.000986695,35.6257,35.6297,12,12,0,0.924584,0.934544,0.00996,0,1,1,1
34.4,1340,2,0.01163,0.01163,0.737427,0.737408,1.95503e-05,34.9497,34.9496,13,13,0,0.694595,0.653867,0.040728,0,1,1,0
34.4,1340,3,0.00126678,0.00126678,0.654946,0.654661,0.000284672,34.6198,34.6186,5,5,0,1.15724,1.16394,0.006696,0,1,1,1
34.5,1341,1,0.000934828,0.000934828,0.907119,0.906435,0.000683427,35.6285,35.6257,12,12,0,0.934544,0.927656,0.006888,0,1,1,1
34.5,1341,2,0.00272889,0.00272889,0.736723,0.737427,0.000703812,34.9469,34.9497,13,13,0,0.653867,0.664739,0.010872,0,1,1,0
34.5,1341,3,0.00325977,0.00325977,0.655453,0.654946,0.000507832,34.6218,34.6198,5,5,0,1.16394,1.17826,0.014328,0,1,1,0
34.6,1342,1,0.00237822,0.00237822,0.908446,0.907119,0.00132668,35.6338,35.6285,12,12,0,0.927656,0.914544,0.013112,0,1,1,0
34.6,1342,2,0.00209817,0.00209817,0.737265,0.736723,0.000541329,34.9491,34.9469,13,13,0,0.664739,0.656379,0.00836,0,1,1,1
34.6,1342,3,0.00182385,0.00182385,0.655169,0.655453,0.000284016,34.6207,34.6218,5,5,0,1.17826,1.17025,0.008016,0,1,1,1
34.7,1343,1,0.00336182,0.00336182,0.9064,0.908446,0.00204593,35.6256,35.6338,12,12,0,0.914544,0.934904,0.02036,0,1,1,0
34.7,1343,2,0.00412853,0.00412853,0.736598,0.737265,0.00066638,34.9464,34.9491,13,13,0,0.656379,0.672011,0.015632,0,1,1,0
34.7,1343,3,7.35372e-06,7.35372e-06,0.655171,0.655169,1.07288e-06,34.6207,34.6207,5,5,0,1.17025,1.17028,3.2e-05,0,1,1,1
34.8,1344,1,0.00278625,0.00278625,0.908142,0.9064,0.00174272,35.6326,35.6256,12,12,0,0.934904,0.917352,0.017552,0,1,1,0
34.8,1344,2,0.00482318,0.00482318,0.737262,0.736598,0.000663817,34.949,34.9464,13,13,0,0.672011,0.687323,0.015312,0,1,1,0
34.8,1344,3,0.00136504,0.00136504,0.655383,0.655171,0.000212669,34.6215,34.6207,5,5,0,1.17028,1.17628,0.006,0,1,1,1
34.9,1345,1,0.00786442,0.00786442,0.903852,0.908142,0.00429004,35.6154,35.6326,12,12,0,0.917352,0.95372,0.036368,0,1,1,0
34.9,1345,2,0.00895371,0.00895371,0.737265,0.737262,3.03984e-06,34.9491,34.949,13,13,0,0.687323,0.656371,0.030952,0,1,1,0
34.9,1345,3,0.00167286,0.00167286,0.655644,0.655383,0.000260353,34.6226,34.6215,5,5,0,1.17628,1.18363,0.007352,0,1,1,1
35,1346,1,0.00250989,0.00250989,0.905174,0.903852,0.00132167,35.6207,35.6154,12,12,0,0.95372,0.944024,0.009696,0,1,1,1
35,1346,2,0.00118878,0.00118878,0.736959,0.737265,0.000306487,34.9478,34.9491,13,13,0,0.656371,0.661107,0.004736,0,1,1,1
35,1346,3,0.00395698,0.00395698,0.655027,0.655644,0.000616193,34.6201,34.6226,5,5,0,1.18363,1.16624,0.017392,0,1,1,0
35.1,1347,1,0.000694065,0.000694065,0.904845,0.905174,0.000329018,35.6194,35.6207,12,12,0,0.944024,0.946384,0.00236,0,1,1,1
35.1,1347,2,2.02656e-06,2.02656e-06,0.736958,0.736959,5.36442e-07,34.9478,34.9478,13,13,0,0.661107,0.661115,8e-06,0,1,1,1
35.1,1347,3,0.00717248,0.00717248,0.656087,0.655027,0.00105935,34.6243,34.6201,5,5,0,1.16624,1.19752,0.03128,0,1,1,0
35.2,1348,1,0.000591998,0.000591998,0.904522,0.904845,0.00032258,35.6181,35.6194,12,12,0,0.946384,0.948776,0.002392,0,1,1,1
35.2,1348,2,0.00776289,0.00776289,0.737262,0.736958,0.000303984,34.949,34.9478,13,13,0,0.661115,0.687323,0.026208,0,1,1,0
35.2,1348,3,0.00420578,0.00420578,0.655489,0.656087,0.000597239,34.622,34.6243,5,5,0,1.19752,1.17928,0.01824,0,1,1,0
35.3,1349,1,0.000675282,0.000675282,0.904153,0.904522,0.000369191,35.6166,35.6181,12,12,0,0.948776,0.951504,0.002728,0,1,1,1
35.3,1349,2,0.00803594,0.00803594,0.737029,0.737262,0.000233531,34.9481,34.949,13,13,0,0.687323,0.660027,0.027296,0,1,1,0
35.3,1349,3,0.00218332,0.00218332,0.655823,0.655489,0.000333428,34.6233,34.622,5,5,0,1.17928,1.18885,0.009568,0,1,1,1
35.4,1350,1,0.00121386,0.00121386,0.903486,0.904153,0.000667036,35.6139,35.6166,12,12,0,0.951504,0.956408,0.004904,0,1,1,1
35.4,1350,2,0.00673644,0.00673644,0.737083,0.737029,5.47171e-05,34.9483,34.9481,13,13,0,0.660027,0.683195,0.023168,0,1,1,0
35.4,1350,3,0.00218154,0.00218154,0.65549,0.655823,0.00033319,34.622,34.6233,5,5,0,1.18885,1.17929,0.00956,0,1,1,1
35.5,1351,1,0.00317039,0.00317039,0.905172,0.903486,0.00168556,35.6207,35.6139,12,12,0,0.956408,0.94404,0.012368,0,1,1,0
35.5,1351,2,0.00577685,0.00577685,0.737833,0.737083,0.00074935,34.9513,34.9483,13,13,0,0.683195,0.703475,0.02028,0,1,1,0
35.5,1351,3,0.00218339,0.00218339,0.655823,0.65549,0.000333428,34.6233,34.622,5,5,0,1.17929,1.18886,0.009568,0,1,1,1
35.6,1352,1,5.31655e-05,5.31655e-05,0.905196,0.905172,2.46763e-05,35.6208,35.6207,12,12,0,0.94404,0.943864,0.000176,0,1,1,1
35.6,1352,2,0.00421296,0.00421296,0.737299,0.737833,0.000534177,34.9492,34.9513,13,13,0,0.703475,0.688163,0.015312,0,1,1,0
35.6,1352,3,0.00217968,0.00217968,0.65549,0.655823,0.000332832,34.622,34.6233,5,5,0,1.18886,1.1793,0.009552,0,1,1,1
35.7,1353,1,0.0019562,0.0019562,0.904183,0.905196,0.00101388,35.6167,35.6208,12,12,0,0.943864,0.951288,0.007424,0,1,1,1
35.7,1353,2,0.00378136,0.00378136,0.736778,0.737299,0.000520408,34.9471,34.9492,13,13,0,0.688163,0.676155,0.012008,0,1,1,0
35.7,1353,3,0.00217782,0.00217782,0.655823,0.65549,0.000332594,34.6233,34.622,5,5,0,1.1793,1.18885,0.009544,0,1,1,1
35.8,1354,1,0.00317877,0.00317877,0.905762,0.904183,0.00157899,35.623,35.6167,12,12,0,0.951288,0.939816,0.011472,0,1,1,0
35.8,1354,2,0.00227037,0.00227037,0.737091,0.736778,0.000312448,34.9484,34.9471,13,13,0,0.676155,0.683363,0.007208,0,1,1,1
35.8,1354,3,0.00109888,0.00109888,0.655966,0.655823,0.000143349,34.6239,34.6233,5,5,0,1.18885,1.19356,0.004712,0,1,1,1
35.9,1355,1,0.00126151,0.00126151,0.906373,0.905762,0.000611842,35.6255,35.623,12,12,0,0.939816,0.935168,0.004648,0,1,1,1
35.9,1355,2,0.00572395,0.00572395,0.737833,0.737091,0.000742137,34.9513,34.9484,13,13,0,0.683363,0.703475,0.020112,0,1,1,0
35.9,1355,3,0.00237382,0.00237382,0.655631,0.655966,0.000335455,34.6225,34.6239,5,5,0,1.19356,1.18327,0.010288,0,1,1,0
36,1356,1,0.000628504,0.000628504,0.906053,0.906373,0.000320494,35.6242,35.6255,12,12,0,0.935168,0.93772,0.002552,0,1,1,1
36,1356,2,0.00536118,0.00536118,0.737141,0.737833,0.000692189,34.9486,34.9513,13,13,0,0.703475,0.684515,0.01896,0,1,1,0
36,1356,3,0.00035863,0.00035863,0.655687,0.655631,5.58496e-05,34.6227,34.6225,5,5,0,1.18327,1.18485,0.001576,0,1,1,1
36.1,1357,1,0.00113557,0.00113557,0.90553,0.906053,0.000523269,35.6221,35.6242,12,12,0,0.93772,0.94148,0.00376,0,1,1,1
36.1,1357,2,0.0015761,0.0015761,0.737357,0.737141,0.000216901,34.9494,34.9486,13,13,0,0.684515,0.689523,0.005008,0,1,1,1
36.1,1357,3,0.000914462,0.000914462,0.655823,0.655687,0.000136018,34.6233,34.6227,5,5,0,1.18485,1.18884,0.003992,0,1,1,1
36.2,1358,1,0.000925387,0.000925387,0.905101,0.90553,0.000428438,35.6204,35.6221,12,12,0,0.94148,0.944544,0.003064,1,1,1,1
36.2,1358,2,0.00271729,0.00271729,0.736983,0.737357,0.00037396,34.9479,34.9494,13,13,0,0.689523,0.680891,0.008632,1,1,1,1
36.2,1358,3,0.00217782,0.00217782,0.65549,0.655823,0.000332654,34.622,34.6233,5,5,0,1.18884,1.1793,0.009544,1,1,1,1
36.3,1359,1,0.00315089,0.00315089,0.906712,0.905101,0.00161034,35.6268,35.6204,12,12,0,0.944544,0.931768,0.012776,2,1,1,0
36.3,1359,2,0.00496621,0.00496621,0.737522,0.736983,0.000538647,34.9501,34.9479,13,13,0,0.680891,0.697971,0.01708,2,1,1,0
36.3,1359,3,0.00217782,0.00217782,0.655823,0.65549,0.000332654,34.6233,34.622,5,5,0,1.1793,1.18884,0.009544,2,1,1,1
36.4,1360,1,0.000729986,0.000729986,0.906218,0.906712,0.000493348,35.6249,35.6268,12,12,0,0.931768,0.936528,0.00476,0,1,1,1
36.4,1360,2,0.00358333,0.00358333,0.737174,0.737522,0.00034833,34.9487,34.9501,13,13,0,0.697971,0.685283,0.012688,0,1,1,0
36.4,1360,3,0.000507366,0.000507366,0.655889,0.655823,6.62208e-05,34.6236,34.6233,5,5,0,1.18884,1.19102,0.002176,0,1,1,1
36.5,1361,1,0.00283408,0.00283408,0.904909,0.906218,0.00130886,35.6196,35.6249,12,12,0,0.936528,0.945912,0.009384,0,1,1,1
36.5,1361,2,0.0116827,0.0116827,0.739158,0.737174,0.00198454,34.9566,34.9487,13,13,0,0.685283,0.727027,0.041744,0,1,1,0
36.5,1361,3,0.00928532,0.00928532,0.653664,0.655889,0.00222474,34.6147,34.6236,5,5,0,1.19102,1.13999,0.051024,0,1,1,0
36.6,1362,1,0.00310264,0.00310264,0.906373,0.904909,0.00146407,35.6255,35.6196,12,12,0,0.945912,0.935168,0.010744,0,1,1,0
36.6,1362,2,0.00563253,0.00563253,0.738021,0.739158,0.0011375,34.9521,34.9566,13,13,0,0.727027,0.706811,0.020216,0,1,1,0
36.6,1362,3,0.000692498,0.000692498,0.65404,0.653664,0.000375688,34.6162,34.6147,5,5,0,1.13999,1.14649,0.006496,0,1,1,1
36.7,1363,1,0.0030374,0.0030374,0.90494,0.906373,0.00143373,35.6198,35.6255,12,12,0,0.935168,0.945696,0.010528,0,1,1,0
36.7,1363,2,0.00427395,0.00427395,0.738884,0.738021,0.000863314,34.9555,34.9521,13,13,0,0.706811,0.722147,0.015336,0,1,1,0
36.7,1363,3,0.000566296,0.000566296,0.654347,0.65404,0.000307024,34.6174,34.6162,5,5,0,1.14649,1.1518,0.005312,0,1,1,1
36.8,1364,1,0.00326541,0.00326541,0.906541,0.90494,0.00160092,35.6262,35.6198,12,12,0,0.945696,0.933488,0.012208,0,1,1,0
36.8,1364,2,0.00158595,0.00158595,0.739212,0.738884,0.000328183,34.9568,34.9555,13,13,0,0.722147,0.727947,0.0058,0,1,1,1
36.8,1364,3,0.001391,0.001391,0.653592,0.654347,0.000754476,34.6144,34.6174,5,5,0,1.1518,1.13875,0.013048,0,1,1,0
36.9,1365,1,0.000181306,0.000181306,0.906408,0.906541,0.000132978,35.6256,35.6262,12,12,0,0.933488,0.934824,0.001336,0,1,1,1
36.9,1365,2,0.00310491,0.00310491,0.739862,0.739212,0.000649691,34.9594,34.9568,13,13,0,0.727947,0.764003,0.036056,0,1,1,0
36.9,1365,3,0.000823803,0.000823803,0.654039,0.653592,0.000446975,34.6162,34.6144,5,5,0,1.13875,1.14648,0.007728,0,1,1,1
37,1366,1,0.00182285,0.00182285,0.905524,0.906408,0.00088352,35.6221,35.6256,12,12,0,0.934824,0.94152,0.006696,0,1,1,1
37,1366,2,0.0195081,0.0195081,0.718298,0.739862,0.0215635,34.8732,34.9594,13,13,0,0.764003,0.873235,0.109232,0,1,0,0
37,1366,3,0.000823803,0.000823803,0.653592,0.654039,0.000446975,34.6144,34.6162,5,5,0,1.14648,1.13875,0.007728,0,1,1,1
37.1,1367,1,0.000154699,0.000154699,0.905453,0.905524,7.15256e-05,35.6218,35.6221,12,12,0,0.94152,0.942032,0.000512,0,1,1,1
37.1,1367,2,0.0197971,0.0197971,0.734035,0.718298,0.0157362,34.9361,34.8732,13,13,0,0.873235,0.820443,0.052792,0,1,1,0
37.1,1367,3,0.00181831,0.00181831,0.654578,0.653592,0.00098592,34.6183,34.6144,5,5,0,1.13875,1.15581,0.017056,0,1,1,0
37.2,1368,1,0.00101965,0.00101965,0.905923,0.905453,0.00047034,35.6237,35.6218,12,12,0,0.942032,0.938656,0.003376,0,1,1,1
37.2,1368,2,0.00220582,0.00220582,0.735053,0.734035,0.00101787,34.9402,34.9361,13,13,0,0.820443,0.811403,0.00904,0,1,1,1
37.2,1368,3,0.00326092,0.00326092,0.652899,0.654578,0.00167954,34.6116,34.6183,5,5,0,1.15581,1.12508,0.030728,0,1,1,0
37.3,1369,1,0.000526693,0.000526693,0.906165,0.905923,0.000242114,35.6247,35.6237,12,12,0,0.938656,0.936912,0.001744,0,1,1,1
37.3,1369,2,0.00220582,0.00220582,0.734035,0.735053,0.00101787,34.9361,34.9402,13,13,0,0.811403,0.820443,0.00904,0,1,1,1
37.3,1369,3,0.00381972,0.00381972,0.654811,0.652899,0.00191265,34.6192,34.6116,5,5,0,1.12508,1.16015,0.035072,0,1,1,0
37.4,1370,1,0.000274822,0.000274822,0.906293,0.906165,0.000127852,35.6252,35.6247,12,12,0,0.936912,0.935976,0.000936,0,1,1,1
37.4,1370,2,0.00216769,0.00216769,0.734964,0.734035,0.000928819,34.9399,34.9361,13,13,0,0.820443,0.812387,0.008056,0,1,1,1
37.4,1370,3,0.00237711,0.00237711,0.653592,0.654811,0.00121903,34.6144,34.6192,5,5,0,1.16015,1.13875,0.0214,0,1,1,0
37.5,1371,1,0.00369308,0.00369308,0.904531,0.906293,0.00176179,35.6181,35.6252,12,12,0,0.935976,0.948712,0.012736,0,1,1,0
37.5,1371,2,0.000323117,0.000323117,0.73472,0.734964,0.000243604,34.9389,34.9399,13,13,0,0.812387,0.815043,0.002656,0,1,1,1
37.5,1371,3,0.000823803,0.000823803,0.654039,0.653592,0.000446975,34.6162,34.6144,5,5,0,1.13875,1.14648,0.007728,0,1,1,1
37.6,1372,1,0.00330225,0.00330225,0.906112,0.904531,0.00158066,35.6244,35.6181,12,12,0,0.948712,0.937296,0.011416,0,1,1,0
37.6,1372,2,0.00184457,0.00184457,0.734035,0.73472,0.000685215,34.9361,34.9389,13,13,0,0.815043,0.820443,0.0054,0,1,1,1
37.6,1372,3,0.000270423,0.000270423,0.654186,0.654039,0.000146627,34.6167,34.6162,5,5,0,1.14648,1.14902,0.002536,0,1,1,1
37.7,1373,1,0.00106175,0.00106175,0.906785,0.906112,0.000672817,35.6271,35.6244,12,12,0,0.937296,0.931032,0.006264,0,1,1,1
37.7,1373,2,0.00220582,0.00220582,0.735053,0.734035,0.00101787,34.9402,34.9361,13,13,0,0.820443,0.811403,0.00904,0,1,1,1
37.7,1373,3,0.000201337,0.000201337,0.654077,0.654186,0.000109196,34.6163,34.6167,5,5,0,1.14902,1.14713,0.001888,0,1,1,1
37.8,1374,1,0.00325071,0.00325071,0.905101,0.906785,0.00168335,35.6204,35.6271,12,12,0,0.931032,0.944544,0.013512,1,1,1,0
37.8,1374,2,0.00220582,0.00220582,0.734035,0.735053,0.00101787,34.9361,34.9402,13,13,0,0.811403,0.820443,0.00904,1,1,1,1
37.8,1374,3,0.00142352,0.00142352,0.653318,0.654077,0.00075829,34.6133,34.6163,5,5,0,1.14713,1.13375,0.013376,1,1,1,0
37.9,1375,1,0.00177587,0.00177587,0.905922,0.905101,0.000820577,35.6237,35.6204,12,12,0,0.944544,0.938664,0.00588,0,1,1,1
37.9,1375,2,0.00184712,0.00184712,0.734721,0.734035,0.00068593,34.9389,34.9361,13,13,0,0.820443,0.815035,0.005408,0,1,1,1
37.9,1375,3,0.00142096,0.00142096,0.654075,0.653318,0.000756919,34.6163,34.6133,5,5,0,1.13375,1.1471,0.013352,0,1,1,0
38,1376,1,0.00222767,0.00222767,0.904891,0.905922,0.00103045,35.6196,35.6237,12,12,0,0.938664,0.94604,0.007376,0,1,1,1
38,1376,2,0.0152397,0.0152397,0.72635,0.734721,0.0083704,34.9054,34.9389,13,13,0,0.815035,0.851803,0.036768,0,1,1,0
38,1376,3,0.000502385,0.000502385,0.654348,0.654075,0.000272274,34.6174,34.6163,5,5,0,1.1471,1.15182,0.004712,0,1,1,1
38.1,1377,1,0.00318907,0.00318907,0.906408,0.904891,0.00151712,35.6256,35.6196,12,12,0,0.94604,0.934816,0.011224,0,1,1,0
38.1,1377,2,0.00726582,0.00726582,0.715659,0.72635,0.0106916,34.8626,34.9054,13,13,0,0.851803,0.883467,0.031664,0,1,1,0
38.1,1377,3,0.00195705,0.00195705,0.653303,0.654348,0.00104475,34.6132,34.6174,5,5,0,1.15182,1.13343,0.018384,0,1,1,0
38.2,1378,1,0.00398123,0.00398123,0.908777,0.906408,0.00236857,35.6351,35.6256,12,12,0,0.934816,0.911464,0.023352,0,1,1,0
38.2,1378,2,0.00129454,0.00129454,0.719618,0.715659,0.00395918,34.8785,34.8626,13,13,0,0.883467,0.868091,0.015376,0,1,1,0
38.2,1378,3,0.00195533,0.00195533,0.654347,0.653303,0.00104392,34.6174,34.6132,5,5,0,1.13343,1.1518,0.018368,0,1,1,0
38.3,1379,1,0.00168401,0.00168401,0.907896,0.908777,0.000880659,35.6316,35.6351,12,12,0,0.911464,0.919784,0.00832,0,1,1,1
38.3,1379,2,0.00245877,0.00245877,0.713929,0.719618,0.00568879,34.8557,34.8785,13,13,0,0.868091,0.893147,0.025056,0,1,1,0
38.3,1379,3,0.000335194,0.000335194,0.654165,0.654347,0.000181735,34.6167,34.6174,5,5,0,1.1518,1.14866,0.003144,0,1,1,1
38.4,1380,1,0.0011193,0.0011193,0.907269,0.907896,0.000627279,35.6291,35.6316,12,12,0,0.919784,0.926136,0.006352,0,1,1,1
38.4,1380,2,0.00116423,0.00116423,0.715659,0.713929,0.00172961,34.8626,34.8557,13,13,0,0.893147,0.883467,0.00968,0,1,1,1
38.4,1380,3,0.00151668,0.00151668,0.65335,0.654165,0.000814617,34.6134,34.6167,5,5,0,1.14866,1.13442,0.01424,0,1,1,0
38.5,1381,1,0.00363307,0.00363307,0.909211,0.907269,0.00194186,35.6368,35.6291,12,12,0,0.926136,0.907416,0.01872,0,1,1,0
38.5,1381,2,0.00145084,0.00145084,0.720093,0.715659,0.00443393,34.8804,34.8626,13,13,0,0.883467,0.866235,0.017232,0,1,1,0
38.5,1381,3,0.000854742,0.000854742,0.652957,0.65335,0.000393271,34.6118,34.6134,5,5,0,1.13442,1.12629,0.008128,0,1,1,1
38.6,1382,1,0.00322021,0.00322021,0.907534,0.909211,0.00167644,35.6301,35.6368,12,12,0,0.907416,0.923448,0.016032,0,1,1,0
38.6,1382,2,0.00309476,0.00309476,0.713799,0.720093,0.00629318,34.8552,34.8804,13,13,0,0.866235,0.895835,0.0296,0,1,1,0
38.6,1382,3,0.00168142,0.00168142,0.653791,0.652957,0.00083369,34.6152,34.6118,5,5,0,1.12629,1.14218,0.015896,0,1,1,0
38.7,1383,1,0.00583227,0.00583227,0.910564,0.907534,0.00302958,35.6423,35.6301,12,12,0,0.923448,0.894672,0.028776,0,1,1,0
38.7,1383,2,0.00207825,0.00207825,0.716992,0.713799,0.00319308,34.868,34.8552,13,13,0,0.895835,0.878307,0.017528,0,1,1,0
38.7,1383,3,0.00294664,0.00294664,0.654957,0.653791,0.00116634,34.6198,34.6152,5,5,0,1.14218,1.16426,0.02208,0,1,1,0
38.8,1384,1,0.00157241,0.00157241,0.911369,0.910564,0.000805318,35.6455,35.6423,12,12,0,0.894672,0.887,0.007672,0,1,1,1
38.8,1384,2,0.00065206,0.00065206,0.718984,0.716992,0.00199199,34.8759,34.868,13,13,0,0.878307,0.870563,0.007744,0,1,1,1
38.8,1384,3,0.00249034,0.00249034,0.654038,0.654957,0.000918806,34.6162,34.6198,5,5,0,1.16426,1.14646,0.0178,0,1,1,0
38.9,1385,1,0.000575397,0.000575397,0.911662,0.911369,0.000292242,35.6466,35.6455,12,12,0,0.887,0.884208,0.002792,0,1,1,1
38.9,1385,2,0.00108638,0.00108638,0.715659,0.718984,0.00332582,34.8626,34.8759,13,13,0,0.870563,0.883467,0.012904,0,1,1,0
38.9,1385,3,0.00262135,0.00262135,0.654978,0.654038,0.00093925,34.6199,34.6162,5,5,0,1.14646,1.16484,0.018376,0,1,1,0
39,1386,1,0.00280371,0.00280371,0.910226,0.911662,0.00143552,35.6409,35.6466,12,12,0,0.884208,0.897872,0.013664,0,1,1,0
39,1386,2,0.00287515,0.00287515,0.72206,0.715659,0.00640106,34.8882,34.8626,13,13,0,0.883467,0.860827,0.02264,0,1,1,0
39,1386,3,0.00371294,0.00371294,0.653446,0.654978,0.0015316,34.6138,34.6199,5,5,0,1.16484,1.13622,0.028616,0,1,1,0
39.1,1387,1,0.00299879,0.00299879,0.911753,0.910226,0.00152707,35.647,35.6409,12,12,0,0.897872,0.883416,0.014456,0,1,1,0
39.1,1387,2,0.00548327,0.00548327,0.713542,0.72206,0.00851774,34.8542,34.8882,13,13,0,0.860827,0.901227,0.0404,0,1,1,0
39.1,1387,3,0.00272659,0.00272659,0.654824,0.653446,0.00137782,34.6193,34.6138,5,5,0,1.13622,1.1605,0.02428,0,1,1,0
39.2,1388,1,0.00429251,0.00429251,0.909556,0.911753,0.00219727,35.6382,35.647,12,12,0,0.883416,0.904184,0.020768,0,1,1,0
39.2,1388,2,0.00237113,0.00237113,0.714928,0.713542,0.00138646,34.8597,34.8542,13,13,0,0.901227,0.886283,0.014944,0,1,1,0
39.2,1388,3,0.00106611,0.00106611,0.654347,0.654824,0.000477076,34.6174,34.6193,5,5,0,1.1605,1.1518,0.008704,0,1,1,1
39.3,1389,1,0.00593162,0.00593162,0.912519,0.909556,0.00296301,35.6501,35.6382,12,12,0,0.904184,0.87676,0.027424,0,1,1,0
39.3,1389,2,0.00235228,0.00235228,0.72126,0.714928,0.0063318,34.885,34.8597,13,13,0,0.886283,0.862587,0.023696,0,1,1,0
39.3,1389,3,0.000269517,0.000269517,0.654201,0.654347,0.000146091,34.6168,34.6174,5,5,0,1.1518,1.14927,0.002528,0,1,1,1
39.4,1390,1,0.00393943,0.00393943,0.910586,0.912519,0.00193292,35.6423,35.6501,12,12,0,0.87676,0.894464,0.017704,0,1,1,0
39.4,1390,2,0.00196846,0.00196846,0.71611,0.72126,0.0051502,34.8644,34.885,13,13,0,0.862587,0.881723,0.019136,0,1,1,0
39.4,1390,3,0.000270415,0.000270415,0.654347,0.654201,0.000146508,34.6174,34.6168,5,5,0,1.14927,1.15181,0.002536,0,1,1,1
39.5,1391,1,0.001015,0.001015,0.911106,0.910586,0.000520468,35.6444,35.6423,12,12,0,0.894464,0.889512,0.004952,0,1,1,1
39.5,1391,2,0.0011477,0.0011477,0.719618,0.71611,0.00350779,34.8785,34.8644,13,13,0,0.881723,0.868091,0.013632,0,1,1,0
39.5,1391,3,0.0011625,0.0011625,0.653717,0.654347,0.000630438,34.6149,34.6174,5,5,0,1.15181,1.1409,0.010904,0,1,1,0
39.6,1392,1,4.0954e-05,4.0954e-05,0.911086,0.911106,2.09212e-05,35.6443,35.6444,12,12,0,0.889512,0.889712,0.0002,0,1,1,1
39.6,1392,2,0.00342084,0.00342084,0.713669,0.719618,0.0059489,34.8547,34.8785,13,13,0,0.868091,0.898539,0.030448,0,1,1,0
39.6,1392,3,0.00164426,0.00164426,0.652912,0.653717,0.000805259,34.6116,34.6149,5,5,0,1.1409,1.12534,0.01556,0,1,1,0
39.7,1393,1,0.000185277,0.000185277,0.910991,0.911086,9.4831e-05,35.644,35.6443,12,12,0,0.889712,0.890616,0.000904,0,1,1,1
39.7,1393,2,0.00212696,0.00212696,0.715661,0.713669,0.00199175,34.8626,34.8547,13,13,0,0.898539,0.883459,0.01508,0,1,1,0
39.7,1393,3,0.000480402,0.000480402,0.653133,0.652912,0.000221074,34.6125,34.6116,5,5,0,1.12534,1.12991,0.004568,0,1,1,1
39.8,1394,1,0.00111821,0.00111821,0.911561,0.910991,0.000570774,35.6462,35.644,12,12,0,0.890616,0.88516,0.005456,0,1,1,1
39.8,1394,2,0.00129388,0.00129388,0.719618,0.715661,0.00395715,34.8785,34.8626,13,13,0,0.883459,0.868091,0.015368,0,1,1,0
39.8,1394,3,0.000795458,0.000795458,0.653517,0.653133,0.000384271,34.6141,34.6125,5,5,0,1.12991,1.13745,0.007536,0,1,1,1
39.9,1395,1,0.00241356,0.00241356,0.910325,0.911561,0.00123638,35.6413,35.6462,12,12,0,0.88516,0.896936,0.011776,0,1,1,0
39.9,1395,2,0.0122353,0.0122353,0.731014,0.719618,0.0113965,34.9241,34.8785,13,13,0,0.868091,0.839843,0.028248,0,1,1,0
39.9,1395,3,0.00118333,0.00118333,0.652954,0.653517,0.000562727,34.6118,34.6141,5,5,0,1.13745,1.12622,0.011224,0,1,1,0
40,1396,1,0.00152159,0.00152159,0.911106,0.910325,0.000781357,35.6444,35.6413,12,12,0,0.896936,0.889512,0.007424,0,1,1,1
40,1396,2,0.00173543,0.00173543,0.730154,0.731014,0.000860274,34.9206,34.9241,13,13,0,0.839843,0.843323,0.00348,0,1,1,1
40,1396,3,0.000386197,0.000386197,0.653132,0.652954,0.000177681,34.6125,34.6118,5,5,0,1.12622,1.1299,0.003672,0,1,1,1
40.1,1397,1,4.0954e-05,4.0954e-05,0.911086,0.911106,2.09212e-05,35.6443,35.6444,12,12,0,0.889512,0.889712,0.0002,1,1,1,1
40.1,1397,2,0.00184543,0.00184543,0.728625,0.730154,0.00152886,34.9145,34.9206,13,13,0,0.843323,0.846755,0.003432,1,1,1,1
40.1,1397,3,0.000119463,0.000119463,0.653077,0.653132,5.48959e-05,34.6123,34.6125,5,5,0,1.1299,1.12876,0.001136,1,1,1,1
40.2,1398,1,0.00179905,0.00179905,0.911975,0.911086,0.000889182,35.6479,35.6443,12,12,0,0.889712,0.881496,0.008216,2,1,1,1
40.2,1398,2,0.000907466,0.000907466,0.729378,0.728625,0.000752866,34.9175,34.9145,13,13,0,0.846755,0.845067,0.001688,2,1,1,1
40.2,1398,3,0.000520699,0.000520699,0.653316,0.653077,0.000239491,34.6133,34.6123,5,5,0,1.12876,1.13371,0.004952,2,1,1,1
40.3,1399,1,0.00328789,0.00328789,0.910321,0.911975,0.00165385,35.6413,35.6479,12,12,0,0.881496,0.896976,0.01548,3,1,1,0
40.3,1399,2,0.0064448,0.0064448,0.723569,0.729378,0.00580955,34.8943,34.9175,13,13,0,0.845067,0.857667,0.0126,3,1,1,0
40.3,1399,3,0.000364307,0.000364307,0.6535,0.653316,0.000183284,34.614,34.6133,5,5,0,1.13371,1.13715,0.00344,3,1,1,1
40.4,1400,1,0.00221189,0.00221189,0.911455,0.910321,0.00113374,35.6458,35.6413,12,12,0,0.896976,0.886184,0.010792,0,1,1,0
40.4,1400,2,0.00279963,0.00279963,0.726297,0.723569,0.00272882,34.9052,34.8943,13,13,0,0.857667,0.851915,0.005752,0,1,1,1
40.4,1400,3,0.00357078,0.00357078,0.651839,0.6535,0.00166076,34.6074,34.614,5,5,0,1.13715,1.10322,0.033936,0,1,1,0
40.5,1401,1,0.00753926,0.00753926,0.914951,0.911455,0.00349593,35.6598,35.6458,12,12,0,0.886184,0.855248,0.030936,0,1,1,0
40.5,1401,2,0.00213149,0.00213149,0.728121,0.726297,0.00182378,34.9125,34.9052,13,13,0,0.851915,0.847883,0.004032,0,1,1,1
40.5,1401,3,0.00311397,0.00311397,0.653274,0.651839,0.00143498,34.6131,34.6074,5,5,0,1.10322,1.13283,0.029616,0,1,1,0
40.6,1402,1,0.00431776,0.00431776,0.912973,0.914951,0.00197726,35.6519,35.6598,12,12,0,0.855248,0.872784,0.017536,0,1,1,0
40.6,1402,2,0.00926211,0.00926211,0.73322,0.728121,0.00509882,34.9329,34.9125,13,13,0,0.847883,0.826283,0.0216,0,1,1,0
40.6,1402,3,0.00174222,0.00174222,0.652472,0.653274,0.000802159,34.6099,34.6131,5,5,0,1.13283,1.11626,0.016568,0,1,1,0
40.7,1403,1,0.0017217,0.0017217,0.913767,0.912973,0.000793576,35.6551,35.6519,12,12,0,0.872784,0.865792,0.006992,0,1,1,1
40.7,1403,2,0.0150608,0.0150608,0.722718,0.73322,0.0105024,34.8909,34.9329,13,13,0,0.826283,0.859451,0.033168,0,1,1,0
40.7,1403,3,0.000821017,0.000821017,0.65285,0.652472,0.000378191,34.6114,34.6099,5,5,0,1.11626,1.12407,0.007808,0,1,1,1
40.8,1404,1,0.000697337,0.000697337,0.914086,0.913767,0.000319481,35.6563,35.6551,12,12,0,0.865792,0.86296,0.002832,0,1,1,1
40.8,1404,2,0.0140291,0.0140291,0.732752,0.722718,0.0100345,34.931,34.8909,13,13,0,0.859451,0.829563,0.029888,0,1,1,0
40.8,1404,3,0.000551011,0.000551011,0.653104,0.65285,0.000253677,34.6124,34.6114,5,5,0,1.12407,1.12931,0.00524,0,1,1,1
40.9,1405,1,0.00106757,0.00106757,0.914573,0.914086,0.00048691,35.6583,35.6563,12,12,0,0.86296,0.858624,0.004336,0,1,1,1
40.9,1405,2,0.00159039,0.00159039,0.73206,0.732752,0.000692189,34.9282,34.931,13,13,0,0.829563,0.834467,0.004904,0,1,1,1
40.9,1405,3,0.00135431,0.00135431,0.65248,0.653104,0.000623763,34.6099,34.6124,5,5,0,1.12931,1.11643,0.01288,0,1,1,0
41,1406,1,0.00130205,0.00130205,0.913979,0.914573,0.000594139,35.6559,35.6583,12,12,0,0.858624,0.863912,0.005288,0,1,1,1
41,1406,2,0.00226915,0.00226915,0.733063,0.73206,0.00100309,34.9323,34.9282,13,13,0,0.834467,0.827387,0.00708,0,1,1,1
41,1406,3,0.000860527,0.000860527,0.652876,0.65248,0.000396371,34.6115,34.6099,5,5,0,1.11643,1.12462,0.008184,0,1,1,1
41.1,1407,1,0.000640251,0.000640251,0.914272,0.913979,0.000292599,35.6571,35.6559,12,12,0,0.863912,0.861312,0.0026,1,1,1,1
41.1,1407,2,0.00182393,0.00182393,0.733804,0.733063,0.000740945,34.9352,34.9323,13,13,0,0.827387,0.822099,0.005288,1,1,1,1
41.1,1407,3,0.000568703,0.000568703,0.653138,0.652876,0.000261784,34.6126,34.6115,5,5,0,1.12462,1.13002,0.005408,1,1,1,1
41.2,1408,1,0.000252061,0.000252061,0.914387,0.914272,0.000115037,35.6575,35.6571,12,12,0,0.861312,0.860288,0.001024,2,1,1,1
41.2,1408,2,0.000377029,0.000377029,0.733654,0.733804,0.000149488,34.9346,34.9352,13,13,0,0.822099,0.823171,0.001072,2,1,1,1
41.2,1408,3,0.00120715,0.00120715,0.652582,0.653138,0.000555813,34.6103,34.6126,5,5,0,1.13002,1.11854,0.01148,2,1,1,0
41.3,1409,1,0.00033096,0.00033096,0.914537,0.914387,0.000150681,35.6581,35.6575,12,12,0,0.860288,0.858944,0.001344,0,1,1,1
41.3,1409,2,0.000377029,0.000377029,0.733804,0.733654,0.000149488,34.9352,34.9346,13,13,0,0.823171,0.822099,0.001072,0,1,1,1
41.3,1409,3,0.000281766,0.000281766,0.652712,0.652582,0.000129879,34.6108,34.6103,5,5,0,1.11854,1.12122,0.00268,0,1,1,1
41.4,1410,1,0.00188485,0.00188485,0.915391,0.914537,0.000853717,35.6616,35.6581,12,12,0,0.858944,0.851288,0.007656,1,1,1,1
41.4,1410,2,0.00312848,0.00312848,0.732465,0.733804,0.00133902,34.9299,34.9352,13,13,0,0.822099,0.831779,0.00968,1,1,1,1
41.4,1410,3,0.000386931,0.000386931,0.652534,0.652712,0.000178277,34.6101,34.6108,5,5,0,1.12122,1.11754,0.00368,1,1,1,1
41.5,1411,1,0.00155174,0.00155174,0.916113,0.915391,0.000721753,35.6645,35.6616,12,12,0,0.851288,0.844416,0.006872,2,1,1,1
41.5,1411,2,0.000474498,0.000474498,0.732683,0.732465,0.000217736,34.9307,34.9299,13,13,0,0.831779,0.830075,0.001704,2,1,1,1
41.5,1411,3,0.00111622,0.00111622,0.653048,0.652534,0.00051403,34.6122,34.6101,5,5,0,1.11754,1.12816,0.010616,2,1,1,0
41.6,1412,1,0.00394488,0.00394488,0.914306,0.916113,0.00180703,35.6572,35.6645,12,12,0,0.844416,0.861008,0.016592,0,1,1,0
41.6,1412,2,0.00502811,0.00502811,0.734704,0.732683,0.00202131,34.9388,34.9307,13,13,0,0.830075,0.815211,0.014864,0,1,1,0
41.6,1412,3,0.000354927,0.000354927,0.652884,0.653048,0.000163436,34.6115,34.6122,5,5,0,1.12816,1.12478,0.003376,0,1,1,1
41.7,1413,1,0.00313958,0.00313958,0.915727,0.914306,0.00142103,35.6629,35.6572,12,12,0,0.861008,0.848256,0.012752,0,1,1,0
41.7,1413,2,0.00502811,0.00502811,0.732683,0.734704,0.00202131,34.9307,34.9388,13,13,0,0.815211,0.830075,0.014864,0,1,1,0
41.7,1413,3,0.000894252,0.000894252,0.652472,0.652884,0.000411928,34.6099,34.6115,5,5,0,1.12478,1.11628,0.008504,0,1,1,1
41.8,1414,1,0.00107136,0.00107136,0.915245,0.915727,0.00048238,35.661,35.6629,12,12,0,0.848256,0.852608,0.004352,0,1,1,1
41.8,1414,2,0.00054352,0.00054352,0.732433,0.732683,0.000249386,34.9297,34.9307,13,13,0,0.830075,0.832027,0.001952,0,1,1,1
41.8,1414,3,0.000822771,0.000822771,0.652852,0.652472,0.000379026,34.6114,34.6099,5,5,0,1.11628,1.1241,0.007824,0,1,1,1
41.9,1415,1,0.000104405,0.000104405,0.915197,0.915245,4.71473e-05,35.6608,35.661,12,12,0,0.852608,0.853032,0.000424,1,1,1,1
41.9,1415,2,0.00333251,0.00333251,0.733857,0.732433,0.00142419,34.9354,34.9297,13,13,0,0.832027,0.821715,0.010312,1,1,1,0
41.9,1415,3,0.000155527,0.000155527,0.652923,0.652852,7.16448e-05,34.6117,34.6114,5,5,0,1.1241,1.12558,0.00148,1,1,1,1
42,1416,1,0.000766067,0.000766067,0.915543,0.915197,0.000345409,35.6622,35.6608,12,12,0,0.853032,0.84992,0.003112,0,1,1,1
42,1416,2,0.019778,0.019778,0.716988,0.733857,0.0168691,34.868,34.9354,13,13,0,0.821715,0.878323,0.056608,0,1,1,0
42,1416,3,0.000853904,0.000853904,0.653316,0.652923,0.000392914,34.6133,34.6117,5,5,0,1.12558,1.1337,0.00812,0,1,1,1
42.1,1417,1,0.0040732,0.0040732,0.913691,0.915543,0.00185186,35.6548,35.6622,12,12,0,0.84992,0.866464,0.016544,0,1,1,0
42.1,1417,2,0.00109743,0.00109743,0.714064,0.716988,0.00292432,34.8563,34.868,13,13,0,0.878323,0.890347,0.012024,0,1,1,0
42.1,1417,3,0.00314005,0.00314005,0.651869,0.653316,0.00144678,34.6075,34.6133,5,5,0,1.1337,1.10384,0.029864,0,1,1,0
42.2,1418,1,0.000338836,0.000338836,0.913535,0.913691,0.000155807,35.6541,35.6548,12,12,0,0.866464,0.86784,0.001376,0,1,1,1
42.2,1418,2,0.00530714,0.00530714,0.71293,0.714064,0.00113398,34.8517,34.8563,13,13,0,0.890347,0.918955,0.028608,0,1,1,0
42.2,1418,3,0.00990959,0.00990959,0.653958,0.651869,0.0020889,34.6158,34.6075,5,5,0,1.10384,1.13718,0.033336,0,1,1,0
42.3,1419,1,0.00462679,0.00462679,0.915639,0.913535,0.00210422,35.6626,35.6541,12,12,0,0.86784,0.849048,0.018792,0,1,1,0
42.3,1419,2,0.054617,0.054617,0.694781,0.71293,0.0181491,34.7791,34.8517,13,12,-1,0.918955,0.973464,0.0545093,0,0,1,0
42.3,1419,3,0.00215929,0.00215929,0.652786,0.653958,0.0011723,34.6111,34.6158,5,5,0,1.13718,1.11693,0.020248,0,1,1,0
42.4,1420,1,0.000976913,0.000976913,0.915199,0.915639,0.00044018,35.6608,35.6626,12,12,0,0.849048,0.853016,0.003968,0,1,1,1
42.4,1420,2,0.000565767,0.000565767,0.694691,0.694781,9.04202e-05,34.7788,34.7791,12,12,0,0.973464,0.972464,0.001,0,1,1,1
42.4,1420,3,0.0002295,0.0002295,0.652911,0.652786,0.000124753,34.6116,34.6111,5,5,0,1.11693,1.11908,0.002152,0,1,1,1
42.5,1421,1,0.000145694,0.000145694,0.915133,0.915199,6.58631e-05,35.6605,35.6608,12,12,0,0.853016,0.853608,0.000592,1,1,1,1
42.5,1421,2,0.00104716,0.00104716,0.694476,0.694691,0.000214875,34.7779,34.7788,12,12,0,0.972464,0.970256,0.002208,1,1,1,1
42.5,1421,3,0.00645198,0.00645198,0.568478,0.652911,0.0844325,34.2739,34.6116,5,6,1,1.11908,1.05128,0.0678,1,1,0,0
42.6,1422,1,0.00112465,0.00112465,0.914623,0.915133,0.000509858,35.6585,35.6605,12,12,0,0.853608,0.858176,0.004568,0,1,1,1
42.6,1422,2,0.00543302,0.00543302,0.69295,0.694476,0.00152552,34.7718,34.7779,12,12,0,0.970256,0.954336,0.01592,0,1,1,0
42.6,1422,3,0.00131306,0.00131306,0.571595,0.568478,0.00311732,34.2864,34.2739,6,6,0,1.05128,1.10899,0.057712,0,1,1,0
42.7,1423,1,0.00335724,0.00335724,0.916166,0.914623,0.00154215,35.6647,35.6585,12,12,0,0.858176,0.843888,0.014288,0,1,1,0
42.7,1423,2,0.000193641,0.000193641,0.692723,0.69295,0.000227153,34.7709,34.7718,12,12,0,0.954336,0.95152,0.002816,0,1,1,1
42.7,1423,3,0.00144076,0.00144076,0.573415,0.571595,0.00181991,34.2937,34.2864,6,6,0,1.10899,1.12206,0.013072,0,1,1,0
42.8,1424,1,0.00448002,0.00448002,0.914112,0.916166,0.00205404,35.6564,35.6647,12,12,0,0.843888,0.862736,0.018848,0,1,1,0
42.8,1424,2,0.0100917,0.0100917,0.695189,0.692723,0.0024665,34.7808,34.7709,12,12,0,0.95152,0.978152,0.026632,0,1,1,0
42.8,1424,3,0.00218942,0.00218942,0.570638,0.573415,0.00277776,34.2826,34.2937,6,6,0,1.12206,1.09574,0.026328,0,1,1,0
42.9,1425,1,0.00308638,0.00308638,0.915512,0.914112,0.00140023,35.662,35.6564,12,12,0,0.862736,0.8502,0.012536,0,1,1,0
42.9,1425,2,0.00446123,0.00446123,0.694476,0.695189,0.000712991,34.7779,34.7808,12,12,0,0.978152,0.970264,0.007888,0,1,1,1
42.9,1425,3,0.000373621,0.000373621,0.571116,0.570638,0.000478208,34.2845,34.2826,6,6,0,1.09574,1.10235,0.006616,0,1,1,1
43,1426,1,0.00040767,0.00040767,0.915328,0.915512,0.000183761,35.6613,35.662,12,12,0,0.8502,0.851856,0.001656,0,1,1,1
43,1426,2,0.0055777,0.0055777,0.692785,0.694476,0.00169152,34.7711,34.7779,12,12,0,0.970264,0.952288,0.017976,0,1,1,0
43,1426,3,0.000332519,0.000332519,0.571541,0.571116,0.000425339,34.2862,34.2845,6,6,0,1.10235,1.10824,0.005888,0,1,1,1
43.1,1427,1,0.00198536,0.00198536,0.914428,0.915328,0.00090003,35.6577,35.6613,12,12,0,0.851856,0.85992,0.008064,0,1,1,1
43.1,1427,2,0.0148252,0.0148252,0.696195,0.692785,0.00341004,34.7848,34.7711,12,12,0,0.952288,0.984936,0.032648,0,1,1,0
43.1,1427,3,0.000135936,0.000135936,0.571367,0.571541,0.000173867,34.2855,34.2862,6,6,0,1.10824,1.10583,0.002408,0,1,1,1
43.2,1428,1,0.00169978,0.00169978,0.915199,0.914428,0.000771165,35.6608,35.6577,12,12,0,0.85992,0.853016,0.006904,0,1,1,1
43.2,1428,2,0.0148252,0.0148252,0.692785,0.696195,0.00341004,34.7711,34.7848,12,12,0,0.984936,0.952288,0.032648,0,1,1,0
43.2,1428,3,0.000137784,0.000137784,0.571544,0.571367,0.000176191,34.2862,34.2855,6,6,0,1.10583,1.10827,0.00244,0,1,1,1
43.3,1429,1,0.00098085,0.00098085,0.915641,0.915199,0.000441968,35.6626,35.6608,12,12,0,0.853016,0.849032,0.003984,0,1,1,1
43.3,1429,2,0.000473157,0.000473157,0.693087,0.692785,0.0003016,34.7723,34.7711,12,12,0,0.952288,0.957024,0.004736,0,1,1,1
43.3,1429,3,0.000184815,0.000184815,0.569443,0.571544,0.00210088,34.2778,34.2862,6,6,0,1.10827,1.09079,0.01748,0,1,1,0
43.4,1430,1,0.00336999,0.00336999,0.914113,0.915641,0.00152779,35.6565,35.6626,12,12,0,0.849032,0.86272,0.013688,0,1,1,0
43.4,1430,2,0.00509694,0.00509694,0.694475,0.693087,0.00138837,34.7779,34.7723,12,12,0,0.957024,0.970248,0.013224,0,1,1,0
43.4,1430,3,0.000677552,0.000677552,0.571062,0.569443,0.00161958,34.2842,34.2778,6,6,0,1.09079,1.10826,0.017464,0,1,1,0
43.5,1431,1,0.00447604,0.00447604,0.916166,0.914113,0.00205225,35.6647,35.6565,12,12,0,0.86272,0.843888,0.018832,0,1,1,0
43.5,1431,2,0.00155987,0.00155987,0.694155,0.694475,0.000320017,34.7766,34.7779,12,12,0,0.970248,0.96696,0.003288,0,1,1,1
43.5,1431,3,0.000304513,0.000304513,0.570335,0.571062,0.000727296,34.2813,34.2842,6,6,0,1.10826,1.10041,0.007848,0,1,1,1
43.6,1432,1,0.00335724,0.00335724,0.914623,0.916166,0.00154215,35.6585,35.6647,12,12,0,0.843888,0.858176,0.014288,0,1,1,0
43.6,1432,2,0.000655338,0.000655338,0.693943,0.694155,0.000212371,34.7758,34.7766,12,12,0,0.96696,0.96552,0.00144,0,1,1,1
43.6,1432,3,0.000177529,0.000177529,0.570759,0.570335,0.000424206,34.283,34.2813,6,6,0,1.10041,1.10498,0.004576,0,1,1,1
43.7,1433,1,0.000841016,0.000841016,0.915005,0.914623,0.000381529,35.66,35.6585,12,12,0,0.858176,0.85476,0.003416,0,1,1,1
43.7,1433,2,0.00222281,0.00222281,0.694476,0.693943,0.000533938,34.7779,34.7758,12,12,0,0.96552,0.970264,0.004744,0,1,1,1
43.7,1433,3,0.000152659,0.000152659,0.570394,0.570759,0.00036484,34.2816,34.283,6,6,0,1.10498,1.10105,0.003936,0,1,1,1
43.8,1434,1,0.000712942,0.000712942,0.915327,0.915005,0.000322163,35.6613,35.66,12,12,0,0.85476,0.851864,0.002896,1,1,1,1
43.8,1434,2,0.00157505,0.00157505,0.694153,0.694476,0.000323176,34.7766,34.7779,12,12,0,0.970264,0.966944,0.00332,1,1,1,1
43.8,1434,3,0.000155471,0.000155471,0.570766,0.570394,0.000371516,34.2831,34.2816,6,6,0,1.10105,1.10506,0.004008,1,1,1,1
43.9,1435,1,0.000198923,0.000198923,0.915237,0.915327,8.97646e-05,35.6609,35.6613,12,12,0,0.851864,0.852672,0.000808,2,1,1,1
43.9,1435,2,0.00157505,0.00157505,0.694476,0.694153,0.000323176,34.7779,34.7766,12,12,0,0.966944,0.970264,0.00332,2,1,1,1
43.9,1435,3,0.00158571,0.00158571,0.570446,0.570766,0.000320137,34.2818,34.2831,6,6,0,1.10506,1.09284,0.012216,2,1,1,0
44,1436,1,0.000382083,0.000382083,0.91541,0.915237,0.000172377,35.6616,35.6609,12,12,0,0.852672,0.85112,0.001552,0,1,1,1
44,1436,2,0.0055777,0.0055777,0.692785,0.694476,0.00169152,34.7711,34.7779,12,12,0,0.970264,0.952288,0.017976,0,1,1,0
44,1436,3,0.00521949,0.00521949,0.577041,0.570446,0.00659549,34.3082,34.2818,6,6,0,1.09284,1.14318,0.050336,0,1,1,0
44.1,1437,1,0.00173712,0.00173712,0.914623,0.91541,0.000786304,35.6585,35.6616,12,12,0,0.85112,0.858176,0.007056,0,1,1,1
44.1,1437,2,5.27948e-05,5.27948e-05,0.692723,0.692785,6.19888e-05,34.7709,34.7711,12,12,0,0.952288,0.95152,0.000768,0,1,1,1
44.1,1437,3,0.00468513,0.00468513,0.571143,0.577041,0.00589806,34.2846,34.3082,6,6,0,1.14318,1.10273,0.040448,0,1,1,0
44.2,1438,1,0.00127034,0.00127034,0.915199,0.914623,0.000575721,35.6608,35.6585,12,12,0,0.858176,0.853016,0.00516,0,1,1,1
44.2,1438,2,0.0161873,0.0161873,0.696563,0.692723,0.00384009,34.7863,34.7709,12,12,0,0.95152,0.98656,0.03504,0,1,1,0
44.2,1438,3,0.000422936,0.000422936,0.571684,0.571143,0.000540793,34.2867,34.2846,6,6,0,1.10273,1.11022,0.007488,0,1,1,1
44.3,1439,1,0.000145694,0.000145694,0.915133,0.915199,6.58631e-05,35.6605,35.6608,12,12,0,0.853016,0.853608,0.000592,0,1,1,1
44.3,1439,2,0.00801274,0.00801274,0.698845,0.696563,0.00228161,34.7954,34.7863,12,12,0,0.98656,0.997144,0.010584,0,1,1,0
44.3,1439,3,0.000782516,0.000782516,0.570683,0.571684,0.00100112,34.2827,34.2867,6,6,0,1.11022,1.09636,0.013856,0,1,1,0
44.4,1440,1,0.000230385,0.000230385,0.915237,0.915133,0.00010407,35.6609,35.6605,12,12,0,0.853608,0.852672,0.000936,0,1,1,1
44.4,1440,2,0.00117342,0.00117342,0.698511,0.698845,0.000333667,34.794,34.7954,12,12,0,0.997144,0.995592,0.001552,0,1,1,1
44.4,1440,3,0.000896864,0.000896864,0.57183,0.570683,0.00114721,34.2873,34.2827,6,6,0,1.09636,1.11224,0.01588,0,1,1,0
44.5,1441,1,0.000807513,0.000807513,0.915601,0.915237,0.000363886,35.6624,35.6609,12,12,0,0.852672,0.849392,0.00328,0,1,1,1
44.5,1441,2,0.000127107,0.000127107,0.698475,0.698511,3.61204e-05,34.7939,34.794,12,12,0,0.995592,0.995424,0.000168,0,1,1,1
44.5,1441,3,2.16924e-05,2.16924e-05,0.571802,0.57183,2.77162e-05,34.2872,34.2873,6,6,0,1.11224,1.11186,0.000384,0,1,1,1
44.6,1442,1,0.00258802,0.00258802,0.91443,0.915601,0.00117147,35.6577,35.6624,12,12,0,0.849392,0.859904,0.010512,1,1,1,0
44.6,1442,2,0.0156887,0.0156887,0.704279,0.698475,0.00580394,34.8171,34.7939,12,12,0,0.995424,1.0186,0.023176,1,1,1,0
44.6,1442,3,0.000855297,0.000855297,0.570708,0.571802,0.00109404,34.2828,34.2872,6,6,0,1.11186,1.09671,0.015144,1,1,1,0
44.7,1443,1,0.0016978,0.0016978,0.9152,0.91443,0.000770271,35.6608,35.6577,12,12,0,0.859904,0.853008,0.006896,0,1,1,1
44.7,1443,2,0.0156887,0.0156887,0.698475,0.704279,0.00580394,34.7939,34.8171,12,12,0,1.0186,0.995424,0.023176,0,1,1,0
44.7,1443,3,0.000718784,0.000718784,0.571628,0.570708,0.00091964,34.2865,34.2828,6,6,0,1.09671,1.10944,0.012728,0,1,1,0
44.8,1444,1,0.000281632,0.000281632,0.915327,0.9152,0.000127077,35.6613,35.6608,12,12,0,0.853008,0.851864,0.001144,0,1,1,1
44.8,1444,2,0.0117218,0.0117218,0.702659,0.698475,0.00418419,34.8106,34.7939,12,12,0,0.995424,1.01188,0.016456,0,1,1,0
44.8,1444,3,0.000287779,0.000287779,0.57126,0.571628,0.000367999,34.285,34.2865,6,6,0,1.10944,1.10434,0.005096,0,1,1,1
44.9,1445,1,0.000198923,0.000198923,0.915237,0.915327,8.97646e-05,35.6609,35.6613,12,12,0,0.851864,0.852672,0.000808,0,1,1,1
44.9,1445,2,0.000743449,0.000743449,0.702435,0.702659,0.000223875,34.8097,34.8106,12,12,0,1.01188,1.01086,0.001016,0,1,1,1
44.9,1445,3,2.80067e-05,2.80067e-05,0.571224,0.57126,3.5882e-05,34.2849,34.285,6,6,0,1.10434,1.10385,0.000496,0,1,1,1
45,1446,1,0.00037815,0.00037815,0.915408,0.915237,0.000170588,35.6616,35.6609,12,12,0,0.852672,0.851136,0.001536,1,1,1,1
45,1446,2,0.00161049,0.00161049,0.70195,0.702435,0.00048542,34.8078,34.8097,12,12,0,1.01086,1.00866,0.0022,1,1,1,1
45,1446,3,9.16794e-05,9.16794e-05,0.571341,0.571224,0.000117362,34.2854,34.2849,6,6,0,1.10385,1.10547,0.001624,1,1,1,1
45.1,1447,1,0.00173319,0.00173319,0.914623,0.915408,0.000784516,35.6585,35.6616,12,12,0,0.851136,0.858176,0.00704,2,1,1,1
45.1,1447,2,0.00665253,0.00665253,0.699247,0.70195,0.00270301,34.797,34.8078,12,12,0,1.00866,0.999016,0.009648,2,1,1,1
45.1,1447,3,8.85166e-05,8.85166e-05,0.571228,0.571341,0.000113308,34.2849,34.2854,6,6,0,1.10547,1.1039,0.001568,2,1,1,1
45.2,1448,1,0.000841016,0.000841016,0.915005,0.914623,0.000381529,35.66,35.6585,12,12,0,0.858176,0.85476,0.003416,3,1,1,1
45.2,1448,2,0.00437538,0.00437538,0.701031,0.699247,0.00178456,34.8041,34.797,12,12,0,0.999016,1.00536,0.006344,3,1,1,1
45.2,1448,3,0.00103375,0.00103375,0.572541,0.571228,0.00131297,34.2902,34.2849,6,6,0,1.1039,1.11699,0.013088,3,1,1,0
45.3,1449,1,0.000712942,0.000712942,0.915327,0.915005,0.000322163,35.6613,35.66,12,12,0,0.85476,0.851864,0.002896,0,1,1,1
45.3,1449,2,0.00227715,0.00227715,0.70195,0.701031,0.000918448,34.8078,34.8041,12,12,0,1.00536,1.00866,0.003304,0,1,1,1
45.3,1449,3,0.000643861,0.000643861,0.571727,0.572541,0.000814319,34.2869,34.2902,6,6,0,1.11699,1.11081,0.006184,0,1,1,1
45.4,1450,1,0.000198923,0.000198923,0.915237,0.915327,8.97646e-05,35.6609,35.6613,12,12,0,0.851864,0.852672,0.000808,1,1,1,1
45.4,1450,2,0.01354,0.01354,0.697287,0.70195,0.00466257,34.7891,34.8078,12,12,0,1.00866,0.989912,0.018752,1,1,1,0
45.4,1450,3,0.000401609,0.000401609,0.571213,0.571727,0.000513673,34.2849,34.2869,6,6,0,1.11081,1.1037,0.007112,1,1,1,1
45.5,1451,1,0.000809412,0.000809412,0.915602,0.915237,0.00036478,35.6624,35.6609,12,12,0,0.852672,0.849384,0.003288,0,1,1,1
45.5,1451,2,0.0425462,0.0425462,0.747743,0.697287,0.0504562,34.991,34.7891,12,11,-1,0.989912,1.04268,0.0527653,0,0,0,0
45.5,1451,3,0.000202794,0.000202794,0.571472,0.571213,0.000259459,34.2859,34.2849,6,6,0,1.1037,1.10729,0.003592,0,1,1,1
45.6,1452,1,0.00259388,0.00259388,0.914428,0.915602,0.00117415,35.6577,35.6624,12,12,0,0.849384,0.85992,0.010536,0,1,1,0
45.6,1452,2,0.00015159,0.00015159,0.747842,0.747743,9.87053e-05,34.9914,34.991,11,11,0,1.04268,1.042,0.00068,0,1,1,1
45.6,1452,3,0.00110299,0.00110299,0.569431,0.571472,0.00204104,34.2777,34.2859,6,6,0,1.10729,1.06682,0.040472,0,1,1,0
45.7,1453,1,0.00169978,0.00169978,0.915199,0.914428,0.000771165,35.6608,35.6577,12,12,0,0.85992,0.853016,0.006904,0,1,1,1
45.7,1453,2,0.00314142,0.00314142,0.749422,0.747842,0.00157994,34.9977,34.9914,11,11,0,1.042,1.02876,0.01324,0,1,1,0
45.7,1453,3,0.0122166,0.0122166,0.47861,0.569431,0.0908213,33.9144,34.2777,6,7,1,1.06682,0.908411,0.158405,0,1,0,0
45.8,1454,1,0.00111476,0.00111476,0.915701,0.915199,0.00050211,35.6628,35.6608,12,12,0,0.853016,0.848488,0.004528,0,1,1,1
45.8,1454,2,0.0107563,0.0107563,0.742822,0.749422,0.00659978,34.9713,34.9977,11,11,0,1.02876,1.07837,0.049608,0,1,1,0
45.8,1454,3,0.00204967,0.00204967,0.484604,0.47861,0.00599337,33.9384,33.9144,7,7,0,0.908411,1.04757,0.13916,0,1,1,0
45.9,1455,1,0.00230241,0.00230241,0.914661,0.915701,0.00104022,35.6586,35.6628,12,12,0,0.848488,0.85784,0.009352,0,1,1,1
45.9,1455,2,0.00050503,0.00050503,0.743318,0.742822,0.00049603,34.9733,34.9713,11,11,0,1.07837,1.07504,0.003328,0,1,1,1
45.9,1455,3,0.0046497,0.0046497,0.469937,0.484604,0.0146662,33.8797,33.9384,7,7,0,1.04757,0.977891,0.06968,0,1,1,0
46,1456,1,0.00351814,0.00351814,0.913048,0.914661,0.00161302,35.6522,35.6586,12,12,0,0.85784,0.872128,0.014288,0,1,1,0
46,1456,2,5.05149e-06,5.05149e-06,0.743321,0.743318,3.15905e-06,34.9733,34.9733,11,11,0,1.07504,1.07501,2.4e-05,0,1,1,1
46,1456,3,3.36841e-05,3.36841e-05,0.472019,0.469937,0.00208196,33.8881,33.8797,7,7,0,0.977891,0.987691,0.0098,0,1,1,1
46.1,1457,1,0.0039475,0.0039475,0.914856,0.913048,0.00180793,35.6594,35.6522,12,12,0,0.872128,0.856096,0.016032,0,1,1,0
46.1,1457,2,0.00130337,0.00130337,0.742109,0.743321,0.001212,34.9684,34.9733,11,11,0,1.07501,1.08375,0.008736,0,1,1,1
46.1,1457,3,7.69645e-06,7.69645e-06,0.471365,0.472019,0.000654101,33.8855,33.8881,7,7,0,0.987691,0.984771,0.00292,0,1,1,1
46.2,1458,1,0.0025922,0.0025922,0.913673,0.914856,0.00118315,35.6547,35.6594,12,12,0,0.856096,0.866624,0.010528,0,1,1,0
46.2,1458,2,0.00130172,0.00130172,0.74332,0.742109,0.00121099,34.9733,34.9684,11,11,0,1.08375,1.07502,0.008728,0,1,1,1
46.2,1458,3,1.47708e-05,1.47708e-05,0.470055,0.471365,0.0013105,33.8802,33.8855,7,7,0,0.984771,0.978675,0.006096,0,1,1,1
46.3,1459,1,0.00216283,0.00216283,0.914661,0.913673,0.000988245,35.6586,35.6547,12,12,0,0.866624,0.85784,0.008784,0,1,1,1
46.3,1459,2,0.0027736,0.0027736,0.745052,0.74332,0.00173134,34.9802,34.9733,11,11,0,1.07502,1.06178,0.01324,0,1,1,0
46.3,1459,3,6.18398e-06,6.18398e-06,0.470637,0.470055,0.000582278,33.8825,33.8802,7,7,0,0.978675,0.981523,0.002848,0,1,1,1
46.4,1460,1,0.00173332,0.00173332,0.91387,0.914661,0.000791192,35.6555,35.6586,12,12,0,0.85784,0.86488,0.00704,0,1,1,1
46.4,1460,2,0.00277025,0.00277025,0.743323,0.745052,0.00172925,34.9733,34.9802,11,11,0,1.06178,1.07501,0.013224,0,1,1,0
46.4,1460,3,8.58679e-06,8.58679e-06,0.471365,0.470637,0.00072822,33.8855,33.8825,7,7,0,0.981523,0.984771,0.003248,0,1,1,1
46.5,1461,1,0.000514142,0.000514142,0.913634,0.91387,0.000235975,35.6545,35.6555,12,12,0,0.86488,0.866968,0.002088,0,1,1,1
46.5,1461,2,3.35276e-06,3.35276e-06,0.74332,0.743323,2.08616e-06,34.9733,34.9733,11,11,0,1.07501,1.07502,1.6e-05,0,1,1,1
46.5,1461,3,2.51941e-05,2.51941e-05,0.469938,0.471365,0.00142738,33.8798,33.8855,7,7,0,0.984771,0.977907,0.006864,0,1,1,1
46.6,1462,1,0.000976989,0.000976989,0.914082,0.913634,0.000447929,35.6563,35.6545,12,12,0,0.866968,0.863,0.003968,1,1,1,1
46.6,1462,2,0,0,0.74332,0.74332,0,34.9733,34.9733,11,11,0,1.07502,1.07502,0,1,1,1,1
46.6,1462,3,3.2898e-05,3.2898e-05,0.472017,0.469938,0.00207964,33.8881,33.8798,7,7,0,0.977907,0.987683,0.009776,1,1,1,1
46.7,1463,1,0.00158569,0.00158569,0.913354,0.914082,0.000728071,35.6534,35.6563,12,12,0,0.863,0.86944,0.00644,2,1,1,1
46.7,1463,2,0.00175986,0.00175986,0.742151,0.74332,0.00116944,34.9686,34.9733,11,11,0,1.07502,1.08737,0.012344,2,1,1,0
46.7,1463,3,6.82473e-06,6.82473e-06,0.472598,0.472017,0.000580221,33.8904,33.8881,7,7,0,0.987683,0.990275,0.002592,2,1,1,1
46.8,1464,1,0.00397881,0.00397881,0.91517,0.913354,0.00181603,35.6607,35.6534,12,12,0,0.86944,0.85328,0.01616,0,1,1,0
46.8,1464,2,0.00175986,0.00175986,0.74332,0.742151,0.00116944,34.9733,34.9686,11,11,0,1.08737,1.07502,0.012344,0,1,1,0
46.8,1464,3,0.000276741,0.000276741,0.46979,0.472598,0.00280774,33.8792,33.8904,7,7,0,0.990275,0.973171,0.017104,0,1,1,0
46.9,1465,1,0.00201495,0.00201495,0.914255,0.91517,0.00091517,35.657,35.6607,12,12,0,0.85328,0.861464,0.008184,0,1,1,1
46.9,1465,2,0.00376523,0.00376523,0.745669,0.74332,0.00234818,34.9827,34.9733,11,11,0,1.07502,1.05705,0.017976,0,1,1,0
46.9,1465,3,0.00025364,0.00025364,0.470639,0.46979,0.0008488,33.8826,33.8792,7,7,0,0.973171,0.981531,0.00836,0,1,1,1
47,1466,1,0.00107156,0.00107156,0.913764,0.914255,0.000490427,35.6551,35.657,12,12,0,0.861464,0.865816,0.004352,0,1,1,1
47,1466,2,0.00376523,0.00376523,0.74332,0.745669,0.00234818,34.9733,34.9827,11,11,0,1.05705,1.07502,0.017976,0,1,1,0
47,1466,3,2.31005e-05,2.31005e-05,0.472598,0.470639,0.00195894,33.8904,33.8826,7,7,0,0.981531,0.990275,0.008744,0,1,1,1
47.1,1467,1,0.00019305,0.00019305,0.913676,0.913764,8.86321e-05,35.6547,35.6551,12,12,0,0.865816,0.8666,0.000784,0,1,1,1
47.1,1467,2,1.65403e-06,1.65403e-06,0.743321,0.74332,1.01328e-06,34.9733,34.9733,11,11,0,1.07502,1.07501,8e-06,0,1,1,1
47.1,1467,3,0.000277121,0.000277121,0.46979,0.472598,0.00280803,33.8792,33.8904,7,7,0,0.990275,0.973163,0.017112,0,1,1,0
47.2,1468,1,0.00258628,0.00258628,0.914856,0.913676,0.00118041,35.6594,35.6547,12,12,0,0.8666,0.856096,0.010504,0,1,1,0
47.2,1468,2,0,0,0.743321,0.743321,0,34.9733,34.9733,11,11,0,1.07501,1.07501,0,0,1,1,1
47.2,1468,3,0.000300873,0.000300873,0.474613,0.46979,0.00482306,33.8985,33.8792,7,7,0,0.973163,0.999291,0.026128,0,1,1,0
47.3,1469,1,0.0025922,0.0025922,0.913673,0.914856,0.00118315,35.6547,35.6594,12,12,0,0.856096,0.866624,0.010528,0,1,1,0
47.3,1469,2,0.0234711,0.0234711,0.802916,0.743321,0.0595947,35.2117,34.9733,11,10,-1,1.07501,1.08961,0.0145973,0,0,0,0
47.3,1469,3,6.34752e-05,6.34752e-05,0.469938,0.474613,0.00467488,33.8798,33.8985,7,7,0,0.999291,0.977907,0.021384,0,1,1,0
47.4,1470,1,0.010611,0.010611,0.917696,0.913673,0.00402284,35.6708,35.6547,12,12,0,0.866624,0.822928,0.043696,0,1,1,0
47.4,1470,2,0.00454009,0.00454009,0.802365,0.802916,0.000551522,35.2095,35.2117,10,10,0,1.08961,1.12375,0.034144,0,1,1,0
47.4,1470,3,0.00512709,0.00512709,0.48705,0.469938,0.0171125,33.9482,33.8798,7,7,0,0.977907,1.07268,0.094776,0,1,1,0
47.5,1471,1,0.0232941,0.0232941,0.939088,0.917696,0.0213928,35.7564,35.6708,12,13,1,0.822928,0.707715,0.115213,0,0,0,0
47.5,1471,2,0.00339751,0.00339751,0.802814,0.802365,0.000449598,35.2113,35.2095,10,10,0,1.12375,1.17155,0.047792,0,1,1,0
47.5,1471,3,0.00387259,0.00387259,0.478151,0.48705,0.00889915,33.9126,33.9482,7,7,0,1.07268,1.03996,0.03272,0,1,1,0
47.6,1472,1,0.00331791,0.00331791,0.93905,0.939088,3.79682e-05,35.7562,35.7564,13,13,0,0.707715,0.742475,0.03476,0,1,1,0
47.6,1472,2,0.000504479,0.000504479,0.802744,0.802814,7.03931e-05,35.211,35.2113,10,10,0,1.17155,1.16349,0.008056,0,1,1,1
47.6,1472,3,0.00149041,0.00149041,0.475216,0.478151,0.00293547,33.9009,33.9126,7,7,0,1.03996,1.02909,0.010872,0,1,1,0
47.7,1473,1,0.000225578,0.000225578,0.939064,0.93905,1.32322e-05,35.7563,35.7562,13,13,0,0.742475,0.738715,0.00376,0,1,1,1
47.7,1473,2,1.90735e-05,1.90735e-05,0.802741,0.802744,2.6226e-06,35.211,35.211,10,10,0,1.16349,1.16319,0.000304,0,1,1,1
47.7,1473,3,0,0,0.475216,0.475216,0,33.9009,33.9009,7,7,0,1.02909,1.02909,0,0,1,1,1
47.8,1474,1,0.000225578,0.000225578,0.93905,0.939064,1.32322e-05,35.7562,35.7563,13,13,0,0.738715,0.742475,0.00376,1,1,1,1
47.8,1474,2,0.000157312,0.000157312,0.802719,0.802741,2.19345e-05,35.2109,35.211,10,10,0,1.16319,1.16067,0.002512,1,1,1,1
47.8,1474,3,0.00193455,0.00193455,0.479024,0.475216,0.00380823,33.9161,33.9009,7,7,0,1.02909,1.0432,0.014112,1,1,1,0
47.9,1475,1,0.000168953,0.000168953,0.93906,0.93905,9.89437e-06,35.7562,35.7562,13,13,0,0.742475,0.739659,0.002816,0,1,1,1
47.9,1475,2,0.000344753,0.000344753,0.802767,0.802719,4.81009e-05,35.2111,35.2109,10,10,0,1.16067,1.16618,0.005504,0,1,1,1
47.9,1475,3,0.000739116,0.000739116,0.477571,0.479024,0.00145295,33.9103,33.9161,7,7,0,1.0432,1.03781,0.005392,0,1,1,1
48,1476,1,0.000273678,0.000273678,0.939044,0.93906,1.60336e-05,35.7562,35.7562,13,13,0,0.739659,0.744219,0.00456,1,1,1,1
48,1476,2,0.000187442,0.000187442,0.802741,0.802767,2.61664e-05,35.211,35.2111,10,10,0,1.16618,1.16319,0.002992,1,1,1,1
48,1476,3,0.000851046,0.000851046,0.475895,0.477571,0.00167608,33.9036,33.9103,7,7,0,1.03781,1.0316,0.006208,1,1,1,1
48.1,1477,1,0.000435438,0.000435438,0.93907,0.939044,2.55108e-05,35.7563,35.7562,13,13,0,0.744219,0.736963,0.007256,2,1,1,1
48.1,1477,2,0.000987649,0.000987649,0.802604,0.802741,0.000137687,35.2104,35.211,10,10,0,1.16319,1.14742,0.015768,2,1,1,0
48.1,1477,3,0.000344392,0.000344392,0.475216,0.475895,0.000679195,33.9009,33.9036,7,7,0,1.0316,1.02909,0.002512,2,1,1,1
48.2,1478,1,0.000435438,0.000435438,0.939044,0.93907,2.55108e-05,35.7562,35.7563,13,13,0,0.736963,0.744219,0.007256,0,1,1,1
48.2,1478,2,0.000830337,0.000830337,0.802719,0.802604,0.000115752,35.2109,35.2104,10,10,0,1.14742,1.16067,0.013256,0,1,1,0
48.2,1478,3,0.00149041,0.00149041,0.478151,0.475216,0.00293547,33.9126,33.9009,7,7,0,1.02909,1.03996,0.010872,0,1,1,0
48.3,1479,1,0.000273678,0.000273678,0.93906,0.939044,1.60336e-05,35.7562,35.7562,13,13,0,0.744219,0.739659,0.00456,0,1,1,1
48.3,1479,2,0.00329651,0.00329651,0.802827,0.802719,0.000107825,35.2113,35.2109,10,10,0,1.16067,1.21333,0.052656,0,1,1,0
48.3,1479,3,0.00149041,0.00149041,0.475216,0.478151,0.00293547,33.9009,33.9126,7,7,0,1.03996,1.02909,0.010872,0,1,1,0
48.4,1480,1,0.000273678,0.000273678,0.939044,0.93906,1.60336e-05,35.7562,35.7562,13,13,0,0.739659,0.744219,0.00456,0,1,1,1
48.4,1480,2,0.000892207,0.000892207,0.802884,0.802827,5.70416e-05,35.2115,35.2113,10,10,0,1.21333,1.19907,0.014256,0,1,1,0
48.4,1480,3,0.000421185,0.000421185,0.476046,0.475216,0.000830531,33.9042,33.9009,7,7,0,1.02909,1.03216,0.003072,0,1,1,1
48.5,1481,1,0.000435069,0.000435069,0.93907,0.939044,2.55108e-05,35.7563,35.7562,13,13,0,0.744219,0.736971,0.007248,0,1,1,1
48.5,1481,2,0.000839829,0.000839829,0.802937,0.802884,5.32269e-05,35.2117,35.2115,10,10,0,1.19907,1.18566,0.013416,0,1,1,0
48.5,1481,3,0.0019136,0.0019136,0.47981,0.476046,0.00376341,33.9192,33.9042,7,7,0,1.03216,1.04612,0.01396,0,1,1,0
48.6,1482,1,0.00043463,0.00043463,0.939044,0.93907,2.55108e-05,35.7562,35.7563,13,13,0,0.736971,0.744211,0.00724,0,1,1,1
48.6,1482,2,0.000839829,0.000839829,0.802884,0.802937,5.32269e-05,35.2115,35.2117,10,10,0,1.18566,1.19907,0.013416,0,1,1,0
48.6,1482,3,0.00158335,0.00158335,0.483072,0.47981,0.0032627,33.9323,33.9192,7,7,0,1.04612,1.05847,0.012344,0,1,1,0
48.7,1483,1,0.000104286,0.000104286,0.93905,0.939044,6.13928e-06,35.7562,35.7562,13,13,0,0.744211,0.742475,0.001736,0,1,1,1
48.7,1483,2,0.000780702,0.000780702,0.802934,0.802884,4.99487e-05,35.2117,35.2115,10,10,0,1.19907,1.1866,0.012472,0,1,1,0
48.7,1483,3,0.00043752,0.00043752,0.482055,0.483072,0.00101736,33.9282,33.9323,7,7,0,1.05847,1.05448,0.003984,0,1,1,1
48.8,1484,1,0.000330344,0.000330344,0.93907,0.93905,1.93715e-05,35.7563,35.7562,13,13,0,0.742475,0.736971,0.005504,0,1,1,1
48.8,1484,2,0.00230263,0.00230263,0.802787,0.802934,0.000147283,35.2111,35.2117,10,10,0,1.1866,1.22339,0.036792,0,1,1,0
48.8,1484,3,0.00043752,0.00043752,0.483072,0.482055,0.00101736,33.9323,33.9282,7,7,0,1.05448,1.05847,0.003984,0,1,1,1
48.9,1485,1,0.000435069,0.000435069,0.939044,0.93907,2.55108e-05,35.7562,35.7563,13,13,0,0.736971,0.744219,0.007248,0,1,1,1
48.9,1485,2,0.00235078,0.00235078,0.802937,0.802787,0.000150383,35.2117,35.2111,10,10,0,1.22339,1.18583,0.03756,0,1,1,0
48.9,1485,3,0.00278191,0.00278191,0.477454,0.483072,0.00561789,33.9098,33.9323,7,7,0,1.05847,1.03738,0.021088,0,1,1,0
49,1486,1,0.000435069,0.000435069,0.93907,0.939044,2.55108e-05,35.7563,35.7562,13,13,0,0.744219,0.736971,0.007248,0,1,1,1
49,1486,2,0.00022684,0.00022684,0.802923,0.802937,1.44839e-05,35.2117,35.2117,10,10,0,1.18583,1.18946,0.003624,0,1,1,1
49,1486,3,0.00278191,0.00278191,0.483072,0.477454,0.00561789,33.9323,33.9098,7,7,0,1.03738,1.05847,0.021088,0,1,1,0
49.1,1487,1,0.000435069,0.000435069,0.939044,0.93907,2.55108e-05,35.7562,35.7563,13,13,0,0.736971,0.744219,0.007248,0,1,1,1
49.1,1487,2,0.0022705,0.0022705,0.802319,0.802923,0.000603616,35.2093,35.2117,10,10,0,1.18946,1.23655,0.047088,0,1,1,0
49.1,1487,3,0.00158335,0.00158335,0.47981,0.483072,0.0032627,33.9192,33.9323,7,7,0,1.05847,1.04612,0.012344,0,1,1,0
49.2,1488,1,0.000104725,0.000104725,0.93905,0.939044,6.13928e-06,35.7562,35.7562,13,13,0,0.744219,0.742475,0.001744,0,1,1,1
49.2,1488,2,0.00111824,0.00111824,0.802849,0.802319,0.000529885,35.2114,35.2093,10,10,0,1.23655,1.20787,0.02868,0,1,1,0
49.2,1488,3,0.0110163,0.0110163,0.497197,0.47981,0.0173876,33.9888,33.9192,7,7,0,1.04612,1.11527,0.069152,0,1,1,0
49.3,1489,1,0.000104725,0.000104725,0.939044,0.93905,6.13928e-06,35.7562,35.7562,13,13,0,0.742475,0.744219,0.001744,0,1,1,1
49.3,1489,2,0.00108609,0.00108609,0.802645,0.802849,0.000204384,35.2106,35.2114,10,10,0,1.20787,1.23061,0.022744,0,1,1,0
49.3,1489,3,0.00951618,0.00951618,0.482761,0.497197,0.0144363,33.931,33.9888,7,7,0,1.11527,1.05713,0.058144,0,1,1,0
49.4,1490,1,0.000435974,0.000435974,0.93907,0.939044,2.55704e-05,35.7563,35.7562,13,13,0,0.744219,0.736955,0.007264,0,1,1,1
49.4,1490,2,0.00224575,0.00224575,0.802923,0.802645,0.000278592,35.2117,35.2106,10,10,0,1.23061,1.18934,0.041272,0,1,1,0
49.4,1490,3,0.000591699,0.000591699,0.484608,0.482761,0.00184697,33.9384,33.931,7,7,0,1.05713,1.06431,0.007184,0,1,1,1
49.5,1491,1,0.000347655,0.000347655,0.939049,0.93907,2.03848e-05,35.7562,35.7563,13,13,0,0.736955,0.742747,0.005792,0,1,1,1
49.5,1491,2,0.00107715,0.00107715,0.802854,0.802923,6.89626e-05,35.2114,35.2117,10,10,0,1.18934,1.20655,0.017208,0,1,1,0
49.5,1491,3,0.000129815,0.000129815,0.484947,0.484608,0.000339061,33.9398,33.9384,7,7,0,1.06431,1.06547,0.00116,0,1,1,1
49.6,1492,1,0.000530075,0.000530075,0.939081,0.939049,3.1054e-05,35.7563,35.7562,13,13,0,0.742747,0.733915,0.008832,0,1,1,1
49.6,1492,2,0.000875816,0.000875816,0.80291,0.802854,5.6088e-05,35.2116,35.2114,10,10,0,1.20655,1.19255,0.013992,0,1,1,0
49.6,1492,3,0.00013072,0.00013072,0.484605,0.484947,0.000341445,33.9384,33.9398,7,7,0,1.06547,1.06431,0.001168,0,1,1,1
49.7,1493,1,0.00110678,0.00110678,0.939145,0.939081,6.47902e-05,35.7566,35.7563,13,13,0,0.733915,0.715475,0.01844,0,1,1,0
49.7,1493,2,0.00116411,0.00116411,0.802836,0.80291,7.45058e-05,35.2113,35.2116,10,10,0,1.19255,1.21115,0.0186,0,1,1,0
49.7,1493,3,0.000366557,0.000366557,0.4836,0.484605,0.00100559,33.9344,33.9384,7,7,0,1.06431,1.06073,0.003576,0,1,1,1
49.8,1494,1,0.00337926,0.00337926,0.939018,0.939145,0.000127017,35.7561,35.7566,13,13,0,0.715475,0.701819,0.013656,0,1,1,0
49.8,1494,2,0.00141355,0.00141355,0.802926,0.802836,9.04202e-05,35.2117,35.2113,10,10,0,1.21115,1.18857,0.022584,0,1,1,0
49.8,1494,3,2.33836e-05,2.33836e-05,0.483512,0.4836,8.7589e-05,33.934,33.9344,7,7,0,1.06073,1.06035,0.000376,0,1,1,1
49.9,1495,1,0.0732404,0.0732404,0.688061,0.939018,0.250958,34.7522,35.7561,13,13,0,0.701819,0.705163,0.003344,0,0,0,0
49.9,1495,2,0.000240386,0.000240386,0.802929,0.802926,2.98023e-06,35.2117,35.2117,10,10,0,1.18857,1.18473,0.00384,0,1,1,1
49.9,1495,3,0.000968289,0.000968289,0.486115,0.483512,0.00260261,33.9445,33.934,7,7,0,1.06035,1.06947,0.00912,0,1,1,1
50,1496,1,0.00789532,0.00789532,0.682856,0.688061,0.00520426,34.7314,34.7522,13,13,0,0.705163,0.650139,0.055024,0,1,1,0
50,1496,2,0.00396413,0.00396413,0.795688,0.802929,0.00724119,35.1828,35.2117,10,10,0,1.18473,1.32162,0.136888,0,1,1,0
50,1496,3,0.00175299,0.00175299,0.488248,0.486115,0.00213319,33.953,33.9445,7,7,0,1.06947,1.06123,0.00824,0,1,1,1
50.1,1497,1,0.000933586,0.000933586,0.702857,0.682856,0.0200009,34.8114,34.7314,13,13,0,0.650139,0.598363,0.051776,0,1,0,0
50.1,1497,2,1.9148e-05,1.9148e-05,0.796036,0.795688,0.000347793,35.1841,35.1828,10,10,0,1.32162,1.31384,0.007776,0,1,1,1
50.1,1497,3,0.00738537,0.00738537,0.498109,0.488248,0.00986102,33.9924,33.953,7,7,0,1.06123,1.0993,0.038064,0,1,1,0
50.2,1498,1,0.00058879,0.00058879,0.69876,0.702857,0.00409698,34.795,34.8114,13,13,0,0.598363,0.605611,0.007248,0,1,1,1
50.2,1498,2,8.71718e-05,8.71718e-05,0.795321,0.796036,0.0007146,35.1813,35.1841,10,10,0,1.31384,1.33071,0.016872,0,1,1,0
50.2,1498,3,0.000420421,0.000420421,0.498509,0.498109,0.00039953,33.994,33.9924,7,7,0,1.0993,1.10115,0.001848,0,1,1,1
50.3,1499,1,0.000142263,0.000142263,0.699755,0.69876,0.000994563,34.799,34.795,13,13,0,0.605611,0.603859,0.001752,0,1,1,1
50.3,1499,2,0.000311509,0.000311509,0.796466,0.795321,0.00114471,35.1859,35.1813,10,10,0,1.33071,1.3069,0.023816,0,1,1,0
50.3,1499,3,0.00299858,0.00299858,0.49576,0.498509,0.00274894,33.983,33.994,7,7,0,1.10115,1.08821,0.012936,0,1,1,0
50.4,1500,1,0.000142263,0.000142263,0.69876,0.699755,0.000994563,34.795,34.799,13,13,0,0.603859,0.605611,0.001752,0,1,1,1
50.4,1500,2,0.000434175,0.000434175,0.795744,0.796466,0.000721812,35.183,35.1859,10,10,0,1.3069,1.32023,0.013328,0,1,1,0
50.4,1500,3,0.000813864,0.000813864,0.496459,0.49576,0.000699311,33.9858,33.983,7,7,0,1.08821,1.09161,0.0034,0,1,1,1
50.5,1501,1,0.000119606,0.000119606,0.697922,0.69876,0.000837803,34.7917,34.795,13,13,0,0.605611,0.607083,0.001472,0,1,1,1
50.5,1501,2,3.67314e-05,3.67314e-05,0.795871,0.795744,0.0001266,35.1835,35.183,10,10,0,1.32023,1.31708,0.003144,0,1,1,1
50.5,1501,3,0.00114548,0.00114548,0.497521,0.496459,0.00106165,33.9901,33.9858,7,7,0,1.09161,1.09658,0.004968,0,1,1,1
50.6,1502,1,0.000119606,0.000119606,0.69876,0.697922,0.000837803,34.795,34.7917,13,13,0,0.607083,0.605611,0.001472,1,1,1,1
50.6,1502,2,0.000800118,0.000800118,0.797071,0.795871,0.00120062,35.1883,35.1835,10,10,0,1.31708,1.2965,0.020584,1,1,1,0
50.6,1502,3,0.00103015,0.00103015,0.4985,0.497521,0.000979275,33.994,33.9901,7,7,0,1.09658,1.10111,0.004528,1,1,1,1
50.7,1503,1,0.000141647,0.000141647,0.69975,0.69876,0.000989974,34.799,34.795,13,13,0,0.605611,0.603867,0.001744,0,1,1,1
50.7,1503,2,0.000498459,0.000498459,0.794829,0.797071,0.00224191,35.1793,35.1883,10,10,0,1.2965,1.34289,0.046392,0,1,1,0
50.7,1503,3,0.00366424,0.00366424,0.495209,0.4985,0.0032905,33.9808,33.994,7,7,0,1.10111,1.0857,0.015408,0,1,1,0
50.8,1504,1,0.000141647,0.000141647,0.69876,0.69975,0.000989974,34.795,34.799,13,13,0,0.603867,0.605611,0.001744,0,1,1,1
50.8,1504,2,0.000179544,0.000179544,0.796103,0.794829,0.00127375,35.1844,35.1793,10,10,0,1.34289,1.31267,0.030224,0,1,1,0
50.8,1504,3,0.00324563,0.00324563,0.498102,0.495209,0.00289273,33.9924,33.9808,7,7,0,1.0857,1.09927,0.013568,0,1,1,0
50.9,1505,1,0.000141647,0.000141647,0.69975,0.69876,0.000989974,34.799,34.795,13,13,0,0.605611,0.603867,0.001744,0,1,1,1
50.9,1505,2,0.000723734,0.000723734,0.796993,0.796103,0.000890017,35.188,35.1844,10,10,0,1.31267,1.29834,0.014328,0,1,1,0
50.9,1505,3,0.00324799,0.00324799,0.495208,0.498102,0.00289458,33.9808,33.9924,7,7,0,1.09927,1.08569,0.013576,0,1,1,0
51,1506,1,0.000141647,0.000141647,0.69876,0.69975,0.000989974,34.795,34.799,13,13,0,0.603867,0.605611,0.001744,0,1,1,1
51,1506,2,0.000689894,0.000689894,0.795333,0.796993,0.00166029,35.1813,35.188,10,10,0,1.29834,1.33043,0.032088,0,1,1,0
51,1506,3,0.00217778,0.00217778,0.497084,0.495208,0.00187668,33.9883,33.9808,7,7,0,1.08569,1.09456,0.008872,0,1,1,1
51.1,1507,1,0.00258228,0.00258228,0.702399,0.69876,0.00363928,34.8096,34.795,13,13,0,0.605611,0.607083,0.001472,0,1,1,1
51.1,1507,2,4.60297e-05,4.60297e-05,0.796087,0.795333,0.00075382,35.1843,35.1813,10,10,0,1.33043,1.31295,0.017472,0,1,1,0
51.1,1507,3,5.64083e-05,5.64083e-05,0.497138,0.497084,5.37336e-05,33.9886,33.9883,7,7,0,1.09456,1.09481,0.000248,0,1,1,1
51.2,1508,1,0.000119556,0.000119556,0.703227,0.702399,0.000827491,34.8129,34.8096,13,13,0,0.607083,0.605611,0.001472,0,1,1,1
51.2,1508,2,8.44896e-06,8.44896e-06,0.796098,0.796087,1.13845e-05,35.1844,35.1843,10,10,0,1.31295,1.31275,0.0002,0,1,1,1
51.2,1508,3,0.000327647,0.000327647,0.496826,0.497138,0.000311792,33.9873,33.9886,7,7,0,1.09481,1.09337,0.00144,0,1,1,1
51.3,1509,1,0.000141695,0.000141695,0.704205,0.703227,0.000977933,34.8168,34.8129,13,13,0,0.605611,0.603867,0.001744,1,1,1,1
51.3,1509,2,1.10269e-05,1.10269e-05,0.795425,0.796098,0.000673234,35.1817,35.1844,10,10,0,1.31275,1.32815,0.015392,1,1,1,0
51.3,1509,3,0.000513244,0.000513244,0.496375,0.496826,0.000451088,33.9855,33.9873,7,7,0,1.09337,1.0912,0.002168,1,1,1,1
51.4,1510,1,0.000141695,0.000141695,0.703227,0.704205,0.000977933,34.8129,34.8168,13,13,0,0.603867,0.605611,0.001744,0,1,1,1
51.4,1510,2,0.000570536,0.000570536,0.797242,0.795425,0.00181729,35.189,35.1817,10,10,0,1.32815,1.29247,0.035672,0,1,1,0
51.4,1510,3,0.000953652,0.000953652,0.495556,0.496375,0.000819534,33.9822,33.9855,7,7,0,1.0912,1.08722,0.003984,0,1,1,1
51.5,1511,1,0.000204138,0.000204138,0.704635,0.703227,0.00140774,34.8185,34.8129,13,13,0,0.605611,0.603099,0.002512,0,1,1,1
51.5,1511,2,0.000434875,0.000434875,0.794956,0.797242,0.00228596,35.1798,35.189,10,10,0,1.29247,1.33975,0.04728,0,1,1,0
51.5,1511,3,0.00285725,0.00285725,0.491554,0.495556,0.00400135,33.9662,33.9822,7,7,0,1.08722,1.07326,0.01396,0,1,1,0
51.6,1512,1,0.000266515,0.000266515,0.702796,0.704635,0.00183922,34.8112,34.8185,13,13,0,0.603099,0.606379,0.00328,0,1,1,1
51.6,1512,2,0.000187442,0.000187442,0.795603,0.794956,0.000647068,35.1824,35.1798,10,10,0,1.33975,1.32372,0.016032,0,1,1,0
51.6,1512,3,0.00683573,0.00683573,0.499214,0.491554,0.00765944,33.9969,33.9662,7,7,0,1.07326,1.10441,0.031152,0,1,1,0
51.7,1513,1,5.71795e-05,5.71795e-05,0.702399,0.702796,0.000396013,34.8096,34.8112,13,13,0,0.606379,0.607083,0.000704,0,1,1,1
51.7,1513,2,4.51207e-05,4.51207e-05,0.795982,0.795603,0.000378907,35.1839,35.1824,10,10,0,1.32372,1.31478,0.008944,0,1,1,1
51.7,1513,3,0.00330443,0.00330443,0.496135,0.499214,0.00307873,33.9845,33.9969,7,7,0,1.10441,1.09003,0.014376,0,1,1,0
51.8,1514,1,0.000120837,0.000120837,0.703236,0.702399,0.000836432,34.8129,34.8096,13,13,0,0.607083,0.605595,0.001488,0,1,1,1
51.8,1514,2,0.000130236,0.000130236,0.79531,0.795982,0.000672519,35.1812,35.1839,10,10,0,1.31478,1.331,0.016224,0,1,1,0
51.8,1514,3,0.00212882,0.00212882,0.498097,0.496135,0.0019621,33.9924,33.9845,7,7,0,1.09003,1.09924,0.009208,0,1,1,1
51.9,1515,1,0.00256085,0.00256085,0.699755,0.703236,0.00348115,34.799,34.8129,13,13,0,0.605595,0.603859,0.001736,0,1,1,1
51.9,1515,2,0.000107497,0.000107497,0.794938,0.79531,0.000371218,35.1798,35.1812,10,10,0,1.331,1.34019,0.009192,0,1,1,1
51.9,1515,3,0.00576742,0.00576742,0.49135,0.498097,0.00674665,33.9654,33.9924,7,7,0,1.09924,1.07261,0.026632,0,1,1,0
52,1516,1,0.000142263,0.000142263,0.69876,0.699755,0.000994563,34.795,34.799,13,13,0,0.603859,0.605611,0.001752,0,1,1,1
52,1516,2,0.000188082,0.000188082,0.795588,0.794938,0.000649333,35.1824,35.1798,10,10,0,1.34019,1.32411,0.016088,0,1,1,0
52,1516,3,0.00694852,0.00694852,0.499219,0.49135,0.0078685,33.9969,33.9654,7,7,0,1.07261,1.10443,0.031824,0,1,1,0
52.1,1517,1,0.000204075,0.000204075,0.700185,0.69876,0.00142515,34.8007,34.795,13,13,0,0.605611,0.603099,0.002512,0,1,1,1
52.1,1517,2,9.04202e-05,9.04202e-05,0.795276,0.795588,0.000311732,35.1811,35.1824,10,10,0,1.32411,1.33183,0.007728,0,1,1,1
52.1,1517,3,0.002255,0.002255,0.497076,0.499219,0.00214317,33.9883,33.9969,7,7,0,1.10443,1.09452,0.009912,0,1,1,1
52.2,1518,1,0.000527743,0.000527743,0.696488,0.700185,0.00369698,34.786,34.8007,13,13,0,0.603099,0.609595,0.006496,1,1,1,1
52.2,1518,2,4.79668e-05,4.79668e-05,0.795441,0.795276,0.000165284,35.1818,35.1811,10,10,0,1.33183,1.32774,0.004096,1,1,1,1
52.2,1518,3,0.00459022,0.00459022,0.491547,0.497076,0.00552908,33.9662,33.9883,7,7,0,1.09452,1.07323,0.021288,1,1,1,0
52.3,1519,1,0.000465315,0.000465315,0.69975,0.696488,0.0032618,34.799,34.786,13,13,0,0.609595,0.603867,0.005728,0,1,1,1
52.3,1519,2,9.60827e-05,9.60827e-05,0.795773,0.795441,0.000331223,35.1831,35.1818,10,10,0,1.32774,1.31952,0.008216,0,1,1,1
52.3,1519,3,0.00648309,0.00648309,0.498875,0.491547,0.00732848,33.9955,33.9662,7,7,0,1.07323,1.10284,0.029608,0,1,1,0
52.4,1520,1,0.000141647,0.000141647,0.69876,0.69975,0.000989974,34.795,34.799,13,13,0,0.603867,0.605611,0.001744,0,1,1,1
52.4,1520,2,2.71946e-05,2.71946e-05,0.795679,0.795773,9.38773e-05,35.1827,35.1831,10,10,0,1.31952,1.32185,0.002328,0,1,1,1
52.4,1520,3,0.00407324,0.00407324,0.495199,0.498875,0.00367653,33.9808,33.9955,7,7,0,1.10284,1.08565,0.017192,0,1,1,0
52.5,1521,1,6.10948e-07,6.10948e-07,0.698765,0.69876,4.52995e-06,34.7951,34.795,13,13,0,0.605611,0.605603,8e-06,0,1,1,1
52.5,1521,2,7.31647e-05,7.31647e-05,0.795426,0.795679,0.000252187,35.1817,35.1827,10,10,0,1.32185,1.32811,0.006256,0,1,1,1
52.5,1521,3,0.00325794,0.00325794,0.4981,0.495199,0.00290188,33.9924,33.9808,7,7,0,1.08565,1.09926,0.013608,0,1,1,0
52.6,1522,1,0.000141036,0.000141036,0.69975,0.698765,0.000985444,34.799,34.7951,13,13,0,0.605603,0.603867,0.001736,0,1,1,1
52.6,1522,2,7.98702e-05,7.98702e-05,0.795702,0.795426,0.000275493,35.1828,35.1817,10,10,0,1.32811,1.32127,0.006832,0,1,1,1
52.6,1522,3,0.00270504,0.00270504,0.495643,0.4981,0.00245762,33.9826,33.9924,7,7,0,1.09926,1.08764,0.011616,0,1,1,0
52.7,1523,1,6.24284e-05,6.24284e-05,0.700185,0.69975,0.000435174,34.8007,34.799,13,13,0,0.603867,0.603099,0.000768,0,1,1,1
52.7,1523,2,0.000209555,0.000209555,0.794452,0.795702,0.00125039,35.1778,35.1828,10,10,0,1.32127,1.35228,0.031008,0,1,1,0
52.7,1523,3,0.00427374,0.00427374,0.49959,0.495643,0.00394735,33.9984,33.9826,7,7,0,1.08764,1.10615,0.018512,0,1,1,0
52.8,1524,1,0.000527743,0.000527743,0.696488,0.700185,0.00369698,34.786,34.8007,13,13,0,0.603099,0.609595,0.006496,0,1,1,1
52.8,1524,2,0.000109002,0.000109002,0.79614,0.794452,0.0016886,35.1846,35.1778,10,10,0,1.35228,1.31202,0.040264,0,1,1,0
52.8,1524,3,0.00710268,0.00710268,0.491801,0.49959,0.00778946,33.9672,33.9984,7,7,0,1.10615,1.07404,0.032112,0,1,1,0
52.9,1525,1,0.000465931,0.000465931,0.699755,0.696488,0.00326639,34.799,34.786,13,13,0,0.609595,0.603859,0.005736,0,1,1,1
52.9,1525,2,6.85453e-05,6.85453e-05,0.795118,0.79614,0.00102174,35.1805,35.1846,10,10,0,1.31202,1.33574,0.02372,0,1,1,0
52.9,1525,3,0.00427259,0.00427259,0.496901,0.491801,0.00509992,33.9876,33.9672,7,7,0,1.07404,1.09371,0.019672,0,1,1,0
53,1526,1,0.000142263,0.000142263,0.69876,0.699755,0.000994563,34.795,34.799,13,13,0,0.603859,0.605611,0.001752,0,1,1,1
53,1526,2,0.000184968,0.000184968,0.795983,0.795118,0.000864685,35.1839,35.1805,10,10,0,1.33574,1.31476,0.020976,0,1,1,0
53,1526,3,0.000403848,0.000403848,0.496536,0.496901,0.000364333,33.9861,33.9876,7,7,0,1.09371,1.09199,0.001728,0,1,1,1
53.1,1527,1,0,0,0.69876,0.69876,0,34.795,34.795,13,13,0,0.605611,0.605611,0,0,1,1,1
53.1,1527,2,0.000729993,0.000729993,0.797134,0.795983,0.00115103,35.1885,35.1839,10,10,0,1.31476,1.29502,0.019744,0,1,1,0
53.1,1527,3,0.00158328,0.00158328,0.495206,0.496536,0.00133052,33.9808,33.9861,7,7,0,1.09199,1.08568,0.006304,0,1,1,1
53.2,1528,1,0.000141647,0.000141647,0.69975,0.69876,0.000989974,34.799,34.795,13,13,0,0.605611,0.603867,0.001744,0,1,1,1
53.2,1528,2,0.000129178,0.000129178,0.797771,0.797134,0.000637233,35.1911,35.1885,10,10,0,1.29502,1.28227,0.012752,0,1,1,0
53.2,1528,3,0.0030847,0.0030847,0.497945,0.495206,0.00273895,33.9918,33.9808,7,7,0,1.08568,1.09854,0.012856,0,1,1,0
53.3,1529,1,0.000365179,0.000365179,0.685893,0.69975,0.0138573,34.7436,34.799,13,13,0,0.603867,0.631851,0.027984,0,1,1,0
53.3,1529,2,5.80549e-05,5.80549e-05,0.797454,0.797771,0.000317872,35.1898,35.1911,10,10,0,1.28227,1.28749,0.005224,0,1,1,1
53.3,1529,3,0.00150524,0.00150524,0.496533,0.497945,0.00141171,33.9861,33.9918,7,7,0,1.09854,1.09197,0.006568,0,1,1,1
53.4,1530,1,0.000101922,0.000101922,0.687337,0.685893,0.00144416,34.7493,34.7436,13,13,0,0.631851,0.628587,0.003264,0,1,1,1
53.4,1530,2,0.000188738,0.000188738,0.797132,0.797454,0.000321746,35.1885,35.1898,10,10,0,1.28749,1.29507,0.007584,0,1,1,1
53.4,1530,3,0.00323777,0.00323777,0.49959,0.496533,0.00305715,33.9984,33.9861,7,7,0,1.09197,1.10615,0.014184,0,1,1,0
53.5,1531,1,2.32439e-05,2.32439e-05,0.687665,0.687337,0.000328362,34.7507,34.7493,13,13,0,0.628587,0.627843,0.000744,0,1,1,1
53.5,1531,2,3.40044e-05,3.40044e-05,0.797074,0.797132,5.80549e-05,35.1883,35.1885,10,10,0,1.29507,1.29644,0.001368,0,1,1,1
53.5,1531,3,0.0077899,0.0077899,0.490489,0.49959,0.00910157,33.962,33.9984,7,7,0,1.10615,1.06967,0.036488,0,1,1,0
53.6,1532,1,0.000155823,0.000155823,0.689059,0.687665,0.0013932,34.7562,34.7507,13,13,0,0.627843,0.624587,0.003256,0,1,1,1
53.6,1532,2,0.000567973,0.000567973,0.79625,0.797074,0.000824034,35.185,35.1883,10,10,0,1.29644,1.31011,0.013664,0,1,1,0
53.6,1532,3,0.00320488,0.00320488,0.484257,0.490489,0.00623158,33.937,33.962,7,7,0,1.06967,1.04627,0.023392,0,1,1,0
53.7,1533,1,0.000129588,0.000129588,0.687988,0.689059,0.00107098,34.752,34.7562,13,13,0,0.624587,0.627107,0.00252,0,1,1,1
53.7,1533,2,0.000206932,0.000206932,0.799579,0.79625,0.00332975,35.1983,35.185,10,10,0,1.31011,1.26376,0.046344,0,1,1,0
53.7,1533,3,0.00137721,0.00137721,0.481076,0.484257,0.00318074,33.9243,33.937,7,7,0,1.04627,1.03211,0.014168,0,1,1,0
53.8,1534,1,9.01148e-05,9.01148e-05,0.688733,0.687988,0.000744939,34.7549,34.752,13,13,0,0.627107,0.625355,0.001752,0,1,1,1
53.8,1534,2,0.000417992,0.000417992,0.796976,0.799579,0.00260299,35.1879,35.1983,10,10,0,1.26376,1.29873,0.034968,0,1,1,0
53.8,1534,3,0.00257203,0.00257203,0.486586,0.481076,0.00550953,33.9463,33.9243,7,7,0,1.03211,1.05499,0.022888,0,1,1,0
53.9,1535,1,0.000217812,0.000217812,0.68623,0.688733,0.00250292,34.7449,34.7549,13,13,0,0.625355,0.631091,0.005736,0,1,1,1
53.9,1535,2,0.000758678,0.000758678,0.796069,0.796976,0.000907183,35.1843,35.1879,10,10,0,1.29873,1.31326,0.014528,0,1,1,0
53.9,1535,3,0.000953648,0.000953648,0.484728,0.486586,0.0018582,33.9389,33.9463,7,7,0,1.05499,1.04803,0.00696,0,1,1,1
54,1536,1,0.000257285,0.000257285,0.689059,0.68623,0.00282896,34.7562,34.7449,13,13,0,0.631091,0.624587,0.006504,0,1,1,1
54,1536,2,0.000709534,0.000709534,0.799147,0.796069,0.00307781,35.1966,35.1843,10,10,0,1.31326,1.26812,0.045136,0,1,1,0
54,1536,3,0.000948314,0.000948314,0.482831,0.484728,0.00189629,33.9313,33.9389,7,7,0,1.04803,1.04074,0.007296,0,1,1,1
54.1,1537,1,0.000364048,0.000364048,0.692052,0.689059,0.00299293,34.7682,34.7562,13,13,0,0.624587,0.617507,0.00708,0,1,1,1
54.1,1537,2,7.60406e-05,7.60406e-05,0.796931,0.799147,0.00221646,35.1877,35.1966,10,10,0,1.26812,1.29981,0.031688,0,1,1,0
54.1,1537,3,0.000623807,0.000623807,0.484094,0.482831,0.00126308,33.9364,33.9313,7,7,0,1.04074,1.04567,0.004928,0,1,1,1
54.2,1538,1,0.000595588,0.000595588,0.696845,0.692052,0.00479364,34.7874,34.7682,13,13,0,0.617507,0.608971,0.008536,0,1,1,1
54.2,1538,2,0.000613853,0.000613853,0.794944,0.796931,0.00198668,35.1798,35.1877,10,10,0,1.29981,1.34006,0.040248,0,1,1,0
54.2,1538,3,0.000415456,0.000415456,0.484905,0.484094,0.000810683,33.9396,33.9364,7,7,0,1.04567,1.0487,0.003032,0,1,1,1
54.3,1539,1,0.000141656,0.000141656,0.695847,0.696845,0.000997961,34.7834,34.7874,13,13,0,0.608971,0.610715,0.001744,0,1,1,1
54.3,1539,2,0.000140086,0.000140086,0.796112,0.794944,0.00116795,35.1844,35.1798,10,10,0,1.34006,1.31251,0.027544,0,1,1,0
54.3,1539,3,3.7279e-05,3.7279e-05,0.484832,0.484905,7.26879e-05,33.9393,33.9396,7,7,0,1.0487,1.04843,0.000272,0,1,1,1
54.4,1540,1,0.000588126,0.000588126,0.699972,0.695847,0.00412518,34.7999,34.7834,13,13,0,0.610715,0.603475,0.00724,0,1,1,1
54.4,1540,2,0.00082238,0.00082238,0.796814,0.796112,0.000701725,35.1873,35.1844,10,10,0,1.31251,1.30256,0.009952,0,1,1,1
54.4,1540,3,0.000554703,0.000554703,0.48375,0.484832,0.00108263,33.935,33.9393,7,7,0,1.04843,1.04438,0.004048,0,1,1,1
54.5,1541,1,0.000707045,0.000707045,0.695007,0.699972,0.00496495,34.78,34.7999,13,13,0,0.603475,0.612179,0.008704,1,1,1,1
54.5,1541,2,0.000862971,0.000862971,0.795568,0.796814,0.0012458,35.1823,35.1873,10,10,0,1.30256,1.3246,0.02204,1,1,1,0
54.5,1541,3,0.000891257,0.000891257,0.485489,0.48375,0.00173879,33.942,33.935,7,7,0,1.04438,1.05088,0.006504,1,1,1,1
54.6,1542,1,0.000327569,0.000327569,0.692685,0.695007,0.00232261,34.7707,34.78,13,13,0,0.612179,0.616211,0.004032,0,1,1,1
54.6,1542,2,0.000129476,0.000129476,0.796232,0.795568,0.000663996,35.1849,35.1823,10,10,0,1.3246,1.31042,0.014184,0,1,1,0
54.6,1542,3,0.00139871,0.00139871,0.482674,0.485489,0.00281492,33.9307,33.942,7,7,0,1.05088,1.03996,0.01092,0,1,1,0
54.7,1543,1,0.00169043,0.00169043,0.704517,0.692685,0.0118323,34.8181,34.7707,13,13,0,0.616211,0.595403,0.020808,0,1,1,0
54.7,1543,2,0.000733078,0.000733078,0.796814,0.796232,0.000582576,35.1873,35.1849,10,10,0,1.31042,1.30255,0.007872,0,1,1,1
54.7,1543,3,0.010516,0.010516,0.56443,0.482674,0.0817567,34.2577,33.9307,7,6,-1,1.03996,1.07898,0.0390213,0,1,0,0
54.8,1544,1,0.000554467,0.000554467,0.722301,0.704517,0.0177834,34.8892,34.8181,13,13,0,0.595403,0.559739,0.035664,0,1,1,0
54.8,1544,2,0.000108451,0.000108451,0.797,0.796814,0.000185192,35.188,35.1873,10,10,0,1.30255,1.29819,0.00436,0,1,1,1
54.8,1544,3,0.00709301,0.00709301,0.571349,0.56443,0.00691831,34.2854,34.2577,6,6,0,1.07898,1.15613,0.077144,0,1,1,0
54.9,1545,1,0.0158457,0.0158457,0.754466,0.722301,0.0321656,35.0179,34.8892,13,13,0,0.559739,0.503611,0.056128,0,1,0,0
54.9,1545,2,0.0385807,0.0385807,0.742136,0.797,0.0548638,34.9685,35.188,10,11,1,1.29819,1.08604,0.212149,0,0,0,0
54.9,1545,3,0.00199026,0.00199026,0.574521,0.571349,0.00317258,34.2981,34.2854,6,6,0,1.15613,1.17982,0.023696,0,1,1,0
55,1546,1,0.00284454,0.00284454,0.716596,0.754466,0.0378701,34.8664,35.0179,13,13,0,0.503611,0.645955,0.142344,0,1,0,0
55,1546,2,0.0152699,0.0152699,0.751537,0.742136,0.0094009,35.0061,34.9685,11,11,0,1.08604,1.00979,0.076248,0,1,1,0
55,1546,3,0.000758585,0.000758585,0.572887,0.574521,0.00163406,34.2915,34.2981,6,6,0,1.17982,1.17137,0.008456,0,1,1,1
55.1,1547,1,0.0201465,0.0201465,0.712241,0.716596,0.00435495,34.849,34.8664,13,13,0,0.645955,0.575755,0.0702,0,0,1,0
55.1,1547,2,0.0161406,0.0161406,0.742545,0.751537,0.00899196,34.9702,35.0061,11,11,0,1.00979,1.09714,0.087352,0,1,1,0
55.1,1547,3,0.000759035,0.000759035,0.574524,0.572887,0.00163656,34.2981,34.2915,6,6,0,1.17137,1.17984,0.008472,0,1,1,1
55.2,1548,1,0.00668653,0.00668653,0.709308,0.712241,0.00293344,34.8372,34.849,13,13,0,0.575755,0.602395,0.02664,0,1,1,0
55.2,1548,2,0.0221332,0.0221332,0.751092,0.742545,0.00854725,35.0044,34.9702,11,11,0,1.09714,0.959589,0.137552,0,0,1,0
55.2,1548,3,0.00475946,0.00475946,0.572559,0.574524,0.00196421,34.2902,34.2981,6,6,0,1.17984,1.14559,0.034248,0,1,1,0
55.3,1549,1,0.00900208,0.00900208,0.712179,0.709308,0.00287133,34.8487,34.8372,13,13,0,0.602395,0.568467,0.033928,0,1,1,0
55.3,1549,2,0.00684543,0.00684543,0.741476,0.751092,0.0096162,34.9659,35.0044,11,11,0,0.959589,1.18134,0.221752,0,1,1,0
55.3,1549,3,0.00892798,0.00892798,0.57954,0.572559,0.00698042,34.3182,34.2902,6,6,0,1.14559,1.2221,0.076504,0,1,1,0
55.4,1550,1,0.00932398,0.00932398,0.714163,0.712179,0.00198388,34.8567,34.8487,13,13,0,0.568467,0.594843,0.026376,0,1,1,0
55.4,1550,2,0.0036758,0.0036758,0.75217,0.741476,0.0106947,35.0087,34.9659,11,11,0,1.18134,0.984213,0.197128,0,1,1,0
55.4,1550,3,0.00656047,0.00656047,0.578636,0.57954,0.000904322,34.3145,34.3182,6,6,0,1.2221,1.16581,0.056288,0,1,1,0
55.5,1551,1,0.010368,0.010368,0.69579,0.714163,0.018373,34.7832,34.8567,13,13,0,0.594843,0.595003,0.00016,0,1,1,1
55.5,1551,2,0.00621742,0.00621742,0.741297,0.75217,0.0108732,34.9652,35.0087,11,11,0,0.984213,1.16503,0.180816,0,1,1,0
55.5,1551,3,0.00212955,0.00212955,0.573718,0.578636,0.00491798,34.2949,34.3145,6,6,0,1.16581,1.17521,0.0094,0,1,1,1
55.6,1552,1,0.0100556,0.0100556,0.709393,0.69579,0.0136036,34.8376,34.7832,13,13,0,0.595003,0.602267,0.007264,0,1,1,1
55.6,1552,2,0.00441936,0.00441936,0.752106,0.741297,0.0108084,35.0084,34.9652,11,11,0,1.16503,1.00004,0.164992,0,1,1,0
55.6,1552,3,0.00273456,0.00273456,0.58187,0.573718,0.00815237,34.3275,34.2949,6,6,0,1.17521,1.19106,0.015856,0,1,1,0
55.7,1553,1,0.00960858,0.00960858,0.698931,0.709393,0.0104629,34.7957,34.8376,13,13,0,0.602267,0.589499,0.012768,0,1,1,0
55.7,1553,2,0.0022682,0.0022682,0.741428,0.752106,0.0106773,34.9657,35.0084,11,11,0,1.00004,1.17646,0.176424,0,1,1,0
55.7,1553,3,0.00299901,0.00299901,0.574534,0.58187,0.00733614,34.2981,34.3275,6,6,0,1.19106,1.1799,0.01116,0,1,1,0
55.8,1554,1,0.010016,0.010016,0.716886,0.698931,0.0179555,34.8675,34.7957,13,13,0,0.589499,0.590459,0.00096,0,1,1,1
55.8,1554,2,0.00534764,0.00534764,0.751735,0.741428,0.0103067,35.0069,34.9657,11,11,0,1.17646,0.974261,0.2022,0,1,1,0
55.8,1554,3,0.00186901,0.00186901,0.580719,0.574534,0.00618547,34.3229,34.2981,6,6,0,1.1799,1.18318,0.00328,0,1,1,1
55.9,1555,1,0.0104006,0.0104006,0.69623,0.716886,0.0206563,34.7849,34.8675,13,13,0,0.590459,0.594235,0.003776,0,1,0,0
55.9,1555,2,0.0084392,0.0084392,0.741476,0.751735,0.0102592,34.9659,35.0069,11,11,0,0.974261,1.16061,0.186344,0,1,1,0
55.9,1555,3,0.00239118,0.00239118,0.577173,0.580719,0.00354636,34.3087,34.3229,6,6,0,1.18318,1.19659,0.013408,0,1,1,0
56,1556,1,0.0103086,0.0103086,0.714248,0.69623,0.0180179,34.857,34.7849,13,13,0,0.594235,0.594707,0.000472,0,1,1,1
56,1556,2,0.00578812,0.00578812,0.75225,0.741476,0.0107744,35.009,34.9659,11,11,0,1.16061,0.994781,0.165824,0,1,1,0
56,1556,3,0.00221284,0.00221284,0.580311,0.577173,0.00313824,34.3212,34.3087,6,6,0,1.19659,1.18003,0.01656,0,1,1,0
56.1,1557,1,0.00945558,0.00945558,0.70843,0.714248,0.00581723,34.8337,34.857,13,13,0,0.594707,0.574411,0.020296,0,1,1,0
56.1,1557,2,0.00275411,0.00275411,0.74108,0.75225,0.0111704,34.9643,35.009,11,11,0,0.994781,1.19325,0.198464,0,1,1,0
56.1,1557,3,0.00213144,0.00213144,0.576763,0.580311,0.00354856,34.3071,34.3212,6,6,0,1.18003,1.19399,0.01396,0,1,1,0
56.2,1558,1,0.00933028,0.00933028,0.711104,0.70843,0.00267351,34.8444,34.8337,13,13,0,0.574411,0.599707,0.025296,0,1,1,0
56.2,1558,2,0.00159042,0.00159042,0.751762,0.74108,0.0106819,35.007,34.9643,11,11,0,1.19325,1.00785,0.1854,0,1,1,0
56.2,1558,3,0.00220989,0.00220989,0.580085,0.576763,0.00332284,34.3203,34.3071,6,6,0,1.19399,1.178,0.015992,0,1,1,0
56.3,1559,1,0.00911618,0.00911618,0.714644,0.711104,0.00354004,34.8586,34.8444,13,13,0,0.599707,0.564523,0.035184,0,1,1,0
56.3,1559,2,0.00606352,0.00606352,0.741749,0.751762,0.0100128,34.967,35.007,11,11,0,1.00785,1.15384,0.145992,0,1,1,0
56.3,1559,3,0.00235285,0.00235285,0.577483,0.580085,0.00260198,34.3099,34.3203,6,6,0,1.178,1.19856,0.02056,0,1,1,0
56.4,1560,1,0.0091455,0.0091455,0.711473,0.714644,0.00317073,34.8459,34.8586,13,13,0,0.564523,0.599139,0.034616,0,1,1,0
56.4,1560,2,0.00679432,0.00679432,0.752104,0.741749,0.0103552,35.0084,34.967,11,11,0,1.15384,1.00009,0.153744,0,1,1,0
56.4,1560,3,0.0026647,0.0026647,0.579187,0.577483,0.00170314,34.3167,34.3099,6,6,0,1.19856,1.16992,0.02864,0,1,1,0
56.5,1561,1,0.00846549,0.00846549,0.718215,0.711473,0.00674194,34.8729,34.8459,13,13,0,0.599139,0.558891,0.040248,0,1,1,0
56.5,1561,2,0.00425667,0.00425667,0.741267,0.752104,0.0108368,34.9651,35.0084,11,11,0,1.00009,1.16577,0.16568,0,1,1,0
56.5,1561,3,0.00442527,0.00442527,0.578631,0.579187,0.000555158,34.3145,34.3167,6,6,0,1.16992,1.21079,0.040872,0,1,1,0
56.6,1562,1,0.00864488,0.00864488,0.716639,0.718215,0.00157666,34.8666,34.8729,13,13,0,0.558891,0.590859,0.031968,0,1,1,0
56.6,1562,2,0.00654653,0.00654653,0.752005,0.741267,0.0107377,35.008,34.9651,11,11,0,1.16577,0.980429,0.185344,0,1,1,0
56.6,1562,3,0.00503855,0.00503855,0.578261,0.578631,0.000370204,34.313,34.3145,6,6,0,1.21079,1.16362,0.047176,0,1,1,0
56.7,1563,1,0.00125849,0.00125849,0.732257,0.716639,0.0156186,34.929,34.8666,13,13,0,0.590859,0.544091,0.046768,0,1,1,0
56.7,1563,2,0.00678971,0.00678971,0.741313,0.752005,0.0106915,34.9653,35.008,11,11,0,0.980429,1.16463,0.1842,0,1,1,0
56.7,1563,3,0.005817,0.005817,0.578964,0.578261,0.00070262,34.3159,34.313,6,6,0,1.16362,1.21512,0.051504,0,1,1,0
56.8,1564,1,0.001376,0.001376,0.71998,0.732257,0.0122771,34.8799,34.929,13,13,0,0.544091,0.585435,0.041344,0,1,1,0
56.8,1564,2,0.00413339,0.00413339,0.75198,0.741313,0.010667,35.0079,34.9653,11,11,0,1.16463,1.00459,0.16004,0,1,1,0
56.8,1564,3,0.00523924,0.00523924,0.579084,0.578964,0.000120342,34.3163,34.3159,6,6,0,1.21512,1.169,0.04612,0,1,1,0
56.9,1565,1,0.00188883,0.00188883,0.731107,0.71998,0.0111272,34.9244,34.8799,13,13,0,0.585435,0.545923,0.039512,0,1,1,0
56.9,1565,2,0.00281103,0.00281103,0.741188,0.75198,0.0107921,34.9648,35.0079,11,11,0,1.00459,1.17166,0.167072,0,1,1,0
56.9,1565,3,0.00289411,0.00289411,0.577962,0.579084,0.0011223,34.3118,34.3163,6,6,0,1.169,1.20208,0.03308,0,1,1,0
57,1566,1,0.00211616,0.00211616,0.726353,0.731107,0.00475448,34.9054,34.9244,13,13,0,0.545923,0.574939,0.029016,0,1,1,0
57,1566,2,0.00659822,0.00659822,0.75162,0.741188,0.0104322,35.0065,34.9648,11,11,0,1.17166,0.971645,0.200016,0,1,1,0
57,1566,3,0.00268198,0.00268198,0.579696,0.577962,0.0017339,34.3188,34.3118,6,6,0,1.20208,1.1745,0.027584,0,1,1,0
57.1,1567,1,0.000882188,0.000882188,0.733867,0.726353,0.00751424,34.9355,34.9054,13,13,0,0.574939,0.541515,0.033424,0,1,1,0
57.1,1567,2,0.0089273,0.0089273,0.741505,0.75162,0.0101159,34.966,35.0065,11,11,0,0.971645,1.15989,0.188248,0,1,1,0
57.1,1567,3,0.0024003,0.0024003,0.57704,0.579696,0.00265539,34.3082,34.3188,6,6,0,1.1745,1.19575,0.021256,0,1,1,0
57.2,1568,1,0.000840645,0.000840645,0.725196,0.733867,0.00867075,34.9008,34.9355,13,13,0,0.541515,0.576859,0.035344,0,1,1,0
57.2,1568,2,2.78205e-05,2.78205e-05,0.74889,0.741505,0.00738543,34.9956,34.966,11,11,0,1.15989,1.0337,0.126192,0,1,1,0
57.2,1568,3,0.00316231,0.00316231,0.581531,0.57704,0.00449103,34.3261,34.3082,6,6,0,1.19575,1.18874,0.007008,0,1,1,1
57.3,1569,1,0.000354573,0.000354573,0.715169,0.725196,0.0100271,34.8607,34.9008,13,13,0,0.576859,0.593227,0.016368,0,1,1,0
57.3,1569,2,0.00364126,0.00364126,0.750941,0.74889,0.00205129,35.0038,34.9956,11,11,0,1.0337,1.01498,0.01872,0,1,1,0
57.3,1569,3,0.000201948,0.000201948,0.581737,0.581531,0.000205457,34.3269,34.3261,6,6,0,1.18874,1.19015,0.001408,0,1,1,1
57.4,1570,1,0.00873691,0.00873691,0.71788,0.715169,0.00271088,34.8715,34.8607,13,13,0,0.593227,0.559403,0.033824,0,1,1,0
57.4,1570,2,0.0113036,0.0113036,0.742396,0.750941,0.00854492,34.9696,35.0038,11,11,0,1.01498,1.12669,0.111712,0,1,1,0
57.4,1570,3,0.00485305,0.00485305,0.578478,0.581737,0.003259,34.3139,34.3269,6,6,0,1.19015,1.20879,0.01864,0,1,1,0
57.5,1571,1,0.00911329,0.00911329,0.725804,0.71788,0.0079239,34.9032,34.8715,13,13,0,0.559403,0.575851,0.016448,0,1,1,0
57.5,1571,2,0.0083396,0.0083396,0.749218,0.742396,0.00682122,34.9969,34.9696,11,11,0,1.12669,1.03061,0.096088,0,1,1,0
57.5,1571,3,0.00399717,0.00399717,0.579384,0.578478,0.000906408,34.3175,34.3139,6,6,0,1.20879,1.1717,0.037096,0,1,1,0
57.6,1572,1,0.000468979,0.000468979,0.712502,0.725804,0.0133015,34.85,34.9032,13,13,0,0.575851,0.597499,0.021648,0,1,1,0
57.6,1572,2,0.00206728,0.00206728,0.750421,0.749218,0.00120318,35.0017,34.9969,11,11,0,1.03061,1.01971,0.010896,0,1,1,0
57.6,1572,3,0.00131521,0.00131521,0.580426,0.579384,0.00104195,34.3217,34.3175,6,6,0,1.1717,1.20051,0.028816,0,1,1,0
57.7,1573,1,0.0091618,0.0091618,0.715197,0.712502,0.00269407,34.8608,34.85,13,13,0,0.597499,0.563635,0.033864,0,1,1,0
57.7,1573,2,0.00457914,0.00457914,0.741847,0.750421,0.00857359,34.9674,35.0017,11,11,0,1.01971,1.1514,0.131688,0,1,1,0
57.7,1573,3,0.000785068,0.000785068,0.574979,0.580426,0.00544751,34.2999,34.3217,6,6,0,1.20051,1.18271,0.0178,0,1,1,0
57.8,1574,1,0.0117888,0.0117888,0.732251,0.715197,0.0170542,34.929,34.8608,13,13,0,0.563635,0.565499,0.001864,0,1,1,1
57.8,1574,2,0.00357749,0.00357749,0.749838,0.741847,0.00799114,34.9994,34.9674,11,11,0,1.1514,1.02499,0.126408,0,1,1,0
57.8,1574,3,0.00151143,0.00151143,0.579228,0.574979,0.00424939,34.3169,34.2999,6,6,0,1.18271,1.18875,0.00604,0,1,1,1
57.9,1575,1,0.00329054,0.00329054,0.707063,0.732251,0.0251875,34.8283,34.929,13,13,0,0.565499,0.606339,0.04084,0,1,0,0
57.9,1575,2,0.000300512,0.000300512,0.749663,0.749838,0.00017494,34.9987,34.9994,11,11,0,1.02499,1.02657,0.001584,0,1,1,1
57.9,1575,3,8.64789e-05,8.64789e-05,0.579371,0.579228,0.000142753,34.3175,34.3169,6,6,0,1.18875,1.19015,0.0014,0,1,1,1
58,1576,1,0.000490004,0.000490004,0.710127,0.707063,0.00306344,34.8405,34.8283,13,13,0,0.606339,0.601171,0.005168,0,1,1,1
58,1576,2,0.00220039,0.00220039,0.750942,0.749663,0.00127876,35.0038,34.9987,11,11,0,1.02657,1.01497,0.0116,0,1,1,0
58,1576,3,0.000415046,0.000415046,0.580056,0.579371,0.000684738,34.3202,34.3175,6,6,0,1.19015,1.19687,0.00672,0,1,1,1
58.1,1577,1,0.00924861,0.00924861,0.707638,0.710127,0.00248843,34.8306,34.8405,13,13,0,0.601171,0.575659,0.025512,0,1,1,0
58.1,1577,2,0.00395639,0.00395639,0.741559,0.750942,0.00938338,34.9662,35.0038,11,11,0,1.01497,1.15855,0.143576,0,1,1,0
58.1,1577,3,0.00144373,0.00144373,0.57717,0.580056,0.00288516,34.3087,34.3202,6,6,0,1.19687,1.19658,0.000296,0,1,1,1
58.2,1578,1,0.0121543,0.0121543,0.732486,0.707638,0.024848,34.9299,34.8306,13,13,0,0.575659,0.565123,0.010536,0,1,0,0
58.2,1578,2,0.00256498,0.00256498,0.750134,0.741559,0.00857532,35.0005,34.9662,11,11,0,1.15855,1.02231,0.13624,0,1,1,0
58.2,1578,3,0.00214993,0.00214993,0.58161,0.57717,0.00443965,34.3264,34.3087,6,6,0,1.19658,1.20935,0.012776,0,1,1,0
58.3,1579,1,0.0119969,0.0119969,0.712229,0.732486,0.0202571,34.8489,34.9299,13,13,0,0.565123,0.568387,0.003264,0,1,0,0
58.3,1579,2,0.00978446,0.00978446,0.742381,0.750134,0.0077529,34.9695,35.0005,11,11,0,1.02231,1.12735,0.10504,0,1,1,0
58.3,1579,3,0.000245187,0.000245187,0.571477,0.58161,0.0101334,34.2859,34.3264,6,6,0,1.20935,1.15784,0.051512,0,1,1,0
58.4,1580,1,0.0107135,0.0107135,0.729603,0.712229,0.0173741,34.9184,34.8489,13,13,0,0.568387,0.569707,0.00132,0,1,1,1
58.4,1580,2,0.0108831,0.0108831,0.750772,0.742381,0.00839108,35.0031,34.9695,11,11,0,1.12735,1.01652,0.110832,0,1,1,0
58.4,1580,3,8.07196e-05,8.07196e-05,0.581797,0.571477,0.0103204,34.3272,34.2859,6,6,0,1.15784,1.21072,0.05288,0,1,1,0
58.5,1581,1,0.0131917,0.0131917,0.707413,0.729603,0.0221907,34.8297,34.9184,13,13,0,0.569707,0.568627,0.00108,0,1,0,0
58.5,1581,2,0.00413306,0.00413306,0.741648,0.750772,0.0091244,34.9666,35.0031,11,11,0,1.01652,1.15634,0.139824,0,1,1,0
58.5,1581,3,0.000480637,0.000480637,0.572078,0.581797,0.0097186,34.2883,34.3272,6,6,0,1.21072,1.16589,0.044832,0,1,1,0
58.6,1582,1,0.0122312,0.0122312,0.726343,0.707413,0.0189306,34.9054,34.8297,13,13,0,0.568627,0.574955,0.006328,0,1,1,1
58.6,1582,2,0.00492419,0.00492419,0.75129,0.741648,0.00964224,35.0052,34.9666,11,11,0,1.15634,1.01192,0.144424,0,1,1,0
58.6,1582,3,0.000480637,0.000480637,0.581797,0.572078,0.0097186,34.3272,34.2883,6,6,0,1.16589,1.21072,0.044832,0,1,1,0
58.7,1583,1,0.00979287,0.00979287,0.711073,0.726343,0.01527,34.8443,34.9054,13,13,0,0.574955,0.570227,0.004728,0,1,1,1
58.7,1583,2,0.0122967,0.0122967,0.742454,0.75129,0.00883573,34.9698,35.0052,11,11,0,1.01192,1.12419,0.112272,0,1,1,0
58.7,1583,3,0.000202861,0.000202861,0.571346,0.581797,0.0104514,34.2854,34.3272,6,6,0,1.21072,1.15609,0.054632,0,1,1,0
58.8,1584,1,0.0113469,0.0113469,0.73094,0.711073,0.0198666,34.9238,34.8443,13,13,0,0.570227,0.567587,0.00264,0,1,1,1
58.8,1584,2,0.00781876,0.00781876,0.74878,0.742454,0.0063256,34.9951,34.9698,11,11,0,1.12419,1.03487,0.08932,0,1,1,0
58.8,1584,3,0.000281729,0.000281729,0.581707,0.571346,0.0103618,34.3268,34.2854,6,6,0,1.15609,1.21006,0.053976,0,1,1,0
58.9,1585,1,7.99019e-05,7.99019e-05,0.714859,0.73094,0.0160805,34.8594,34.9238,13,13,0,0.567587,0.600795,0.033208,0,1,1,0
58.9,1585,2,0.00234686,0.00234686,0.749994,0.74878,0.00121379,35,34.9951,11,11,0,1.03487,1.02358,0.011288,0,1,1,0
58.9,1585,3,0.00141164,0.00141164,0.583656,0.581707,0.00194854,34.3346,34.3268,6,6,0,1.21006,1.22494,0.014872,0,1,1,0
59,1586,1,0.000359887,0.000359887,0.711648,0.714859,0.00321144,34.8466,34.8594,13,13,0,0.600795,0.605643,0.004848,0,1,1,1
59,1586,2,0.00191405,0.00191405,0.751121,0.749994,0.0011276,35.0045,35,11,11,0,1.02358,1.01337,0.010208,0,1,1,0
59,1586,3,0.000867259,0.000867259,0.585776,0.583656,0.00212049,34.3431,34.3346,6,6,0,1.22494,1.23519,0.010256,0,1,1,0
59.1,1587,1,0.0122845,0.0122845,0.716402,0.711648,0.00475425,34.8656,34.8466,13,13,0,0.605643,0.554523,0.05112,0,1,1,0
59.1,1587,2,0.00994475,0.00994475,0.742203,0.751121,0.00891799,34.9688,35.0045,11,11,0,1.01337,1.13503,0.121656,0,1,1,0
59.1,1587,3,0.00196788,0.00196788,0.573674,0.585776,0.0121025,34.2947,34.3431,6,6,0,1.23519,1.17501,0.060184,0,1,1,0
59.2,1588,1,0.0204085,0.0204085,0.745404,0.716402,0.0290021,34.9816,34.8656,13,13,0,0.554523,0.551171,0.003352,0,0,0,0
59.2,1588,2,0.00566535,0.00566535,0.748774,0.742203,0.00657058,34.9951,34.9688,11,11,0,1.13503,1.03493,0.100096,0,1,1,0
59.2,1588,3,0.000748344,0.000748344,0.579863,0.573674,0.00618947,34.3195,34.2947,6,6,0,1.17501,1.19498,0.019976,0,1,1,0
59.3,1589,1,0.00345171,0.00345171,0.737926,0.745404,0.00747806,34.9517,34.9816,13,13,0,0.551171,0.563491,0.01232,0,1,1,0
59.3,1589,2,0.00723453,0.00723453,0.752256,0.748774,0.00348181,35.009,34.9951,11,11,0,1.03493,0.987197,0.047736,0,1,1,0
59.3,1589,3,0.000956669,0.000956669,0.586384,0.579863,0.00652021,34.3455,34.3195,6,6,0,1.19498,1.238,0.043016,0,1,1,0
59.4,1590,1,0.0171243,0.0171243,0.71893,0.737926,0.0189957,34.8757,34.9517,13,13,0,0.563491,0.543531,0.01996,0,1,1,0
59.4,1590,2,0.0123294,0.0123294,0.742157,0.752256,0.0100991,34.9686,35.009,11,11,0,0.987197,1.13729,0.150096,0,1,1,0
59.4,1590,3,0.000606813,0.000606813,0.571997,0.586384,0.014387,34.288,34.3455,6,6,0,1.238,1.16479,0.073208,0,1,1,0
59.5,1591,1,0.0195705,0.0195705,0.743254,0.71893,0.0243241,34.973,34.8757,13,13,0,0.543531,0.554755,0.011224,0,1,0,0
59.5,1591,2,0.0125337,0.0125337,0.752238,0.742157,0.0100809,35.009,34.9686,11,11,0,1.13729,0.985749,0.151544,0,1,1,0
59.5,1591,3,0.000466805,0.000466805,0.586707,0.571997,0.0147103,34.3468,34.288,6,6,0,1.16479,1.2395,0.074704,0,1,1,0
59.6,1592,1,0.0172985,0.0172985,0.724188,0.743254,0.0190662,34.8968,34.973,13,13,0,0.554755,0.535411,0.019344,0,1,1,0
59.6,1592,2,0.0137343,0.0137343,0.742278,0.752238,0.00996011,34.9691,35.009,11,11,0,0.985749,1.13183,0.14608,0,1,1,0
59.6,1592,3,0.00198476,0.00198476,0.575189,0.586707,0.0115178,34.3008,34.3468,6,6,0,1.2395,1.18404,0.055456,0,1,1,0
59.7,1593,1,0.0159745,0.0159745,0.740382,0.724188,0.0161939,34.9615,34.8968,13,13,0,0.535411,0.559483,0.024072,0,1,1,0
59.7,1593,2,0.0200215,0.0200215,0.750653,0.742278,0.00837576,35.0026,34.9691,11,11,0,1.13183,0.943501,0.188328,0,0,1,0
59.7,1593,3,0.0026761,0.0026761,0.58511,0.575189,0.00992048,34.3404,34.3008,6,6,0,1.18404,1.23211,0.048072,0,1,1,0
59.8,1594,1,0.0185802,0.0185802,0.718152,0.740382,0.0222307,34.8726,34.9615,13,13,0,0.559483,0.544723,0.01476,0,1,0,0
59.8,1594,2,0.0165315,0.0165315,0.74716,0.750653,0.00349337,34.9886,35.0026,11,11,0,0.943501,1.04669,0.103192,0,1,1,0
59.8,1594,3,0.00224391,0.00224391,0.573653,0.58511,0.0114567,34.2946,34.3404,6,6,0,1.23211,1.17491,0.0572,0,1,1,0
59.9,1595,1,0.0172629,0.0172629,0.737498,0.718152,0.0193461,34.95,34.8726,13,13,0,0.544723,0.564187,0.019464,0,1,1,0
59.9,1595,2,0.00816014,0.00816014,0.751942,0.74716,0.00478238,35.0078,34.9886,11,11,0,1.04669,1.00597,0.04072,0,1,1,0
59.9,1595,3,0.000848427,0.000848427,0.588329,0.573653,0.014676,34.3533,34.2946,6,6,0,1.17491,1.24702,0.072104,0,1,1,0
60,1596,1,0.0195992,0.0195992,0.715596,0.737498,0.0219021,34.8624,34.95,13,13,0,0.564187,0.541483,0.022704,0,1,0,0
60,1596,2,0.00697017,0.00697017,0.747935,0.751942,0.0040074,34.9917,35.0078,11,11,0,1.00597,1.04136,0.035384,0,1,1,0
60,1596,3,0.000518531,0.000518531,0.571695,0.588329,0.0166338,34.2868,34.3533,6,6,0,1.24702,1.16076,0.086256,0,1,1,0
60.1,1597,1,0.015935,0.015935,0.732135,0.715596,0.0165399,34.9285,34.8624,13,13,0,0.541483,0.565683,0.0242,0,1,1,0
60.1,1597,2,0.00723295,0.00723295,0.752031,0.747935,0.00409615,35.0081,34.9917,11,11,0,1.04136,1.00275,0.038608,0,1,1,0
60.1,1597,3,0.000796169,0.000796169,0.580136,0.571695,0.00844043,34.3205,34.2868,6,6,0,1.16076,1.19766,0.036896,0,1,1,0
60.2,1598,1,0.0159506,0.0159506,0.715559,0.732135,0.0165768,34.8622,34.9285,13,13,0,0.565683,0.541539,0.024144,0,1,1,0
60.2,1598,2,0.0071741,0.0071741,0.747973,0.752031,0.00405777,34.9919,35.0081,11,11,0,1.00275,1.04109,0.038344,0,1,1,0
60.2,1598,3,0.000278432,0.000278432,0.57225,0.580136,0.00788552,34.289,34.3205,6,6,0,1.19766,1.16818,0.029472,0,1,1,0
60.3,1599,1,0.0150569,0.0150569,0.730129,0.715559,0.0145699,34.9205,34.8622,13,13,0,0.541539,0.568875,0.027336,0,1,1,0
60.3,1599,2,0.0078626,0.0078626,0.752263,0.747973,0.00429016,35.0091,34.9919,11,11,0,1.04109,0.994301,0.046792,0,1,1,0
60.3,1599,3,0.000561841,0.000561841,0.581707,0.57225,0.00945741,34.3268,34.289,6,6,0,1.16818,1.21006,0.04188,0,1,1,0
60.4,1600,1,0.0141125,0.0141125,0.717777,0.730129,0.0123517,34.8711,34.9205,13,13,0,0.568875,0.538163,0.030712,0,1,1,0
60.4,1600,2,0.0135197,0.0135197,0.744352,0.752263,0.00791132,34.9774,35.0091,11,11,0,0.994301,1.06714,0.07284,0,1,1,0
60.4,1600,3,0.00147955,0.00147955,0.573768,0.581707,0.0079391,34.2951,34.3268,6,6,0,1.21006,1.17544,0.034624,0,1,1,0
60.5,1601,1,0.0141125,0.0141125,0.730129,0.717777,0.0123517,34.9205,34.8711,13,13,0,0.538163,0.568875,0.030712,0,1,1,0
60.5,1601,2,0.0157393,0.0157393,0.751868,0.744352,0.00751638,35.0075,34.9774,11,11,0,1.06714,0.977309,0.089832,0,1,1,0
60.5,1601,3,0.00102923,0.00102923,0.579492,0.573768,0.00572413,34.318,34.2951,6,6,0,1.17544,1.19134,0.015904,0,1,1,0
60.6,1602,1,0.0136604,0.0136604,0.718833,0.730129,0.0112951,34.8753,34.9205,13,13,0,0.568875,0.536547,0.032328,0,1,1,0
60.6,1602,2,0.0128712,0.0128712,0.746154,0.751868,0.0057143,34.9846,35.0075,11,11,0,0.977309,1.0536,0.076288,0,1,1,0
60.6,1602,3,0.000385642,0.000385642,0.572693,0.579492,0.00679994,34.2908,34.318,6,6,0,1.19134,1.17046,0.02088,0,1,1,0
60.7,1603,1,0.013692,0.013692,0.732999,0.718833,0.0141654,34.932,34.8753,13,13,0,0.536547,0.557171,0.020624,0,1,1,0
60.7,1603,2,0.0697958,0.0697958,0.510256,0.746154,0.235898,34.041,34.9846,11,11,0,1.0536,0.982685,0.070912,0,0,0,0
60.7,1603,3,0.0479586,0.0479586,0.621568,0.572693,0.0488757,34.4863,34.2908,6,6,0,1.17046,1.21258,0.042112,0,0,0,0
60.8,1604,1,0.00629578,0.00629578,0.713825,0.732999,0.0191742,34.8553,34.932,13,13,0,0.557171,0.580611,0.02344,0,1,1,0
60.8,1604,2,0.00320968,0.00320968,0.515579,0.510256,0.00532252,34.0623,34.041,11,11,0,0.982685,0.954789,0.027896,0,1,1,0
60.8,1604,3,0.00316603,0.00316603,0.622647,0.621568,0.00107896,34.4906,34.4863,6,6,0,1.21258,1.22215,0.009576,0,1,1,1
60.9,1605,1,0.0799604,0.0799604,0.748507,0.713825,0.0346819,34.994,34.8553,13,13,0,0.580611,0.574443,0.006168,0,0,0,0
60.9,1605,2,0.000520706,0.000520706,0.526106,0.515579,0.010527,34.1044,34.0623,11,11,0,0.954789,0.960765,0.005976,0,1,1,1
60.9,1605,3,0.00482407,0.00482407,0.624346,0.622647,0.00169927,34.4974,34.4906,6,6,0,1.22215,1.23798,0.015832,0,1,1,0
61,1606,1,0.00118257,0.00118257,0.747658,0.748507,0.00084883,34.9906,34.994,13,13,0,0.574443,0.568195,0.006248,0,1,1,1
61,1606,2,0.000904698,0.000904698,0.534686,0.526106,0.00857997,34.1387,34.1044,11,11,0,0.960765,0.940125,0.02064,0,1,1,0
61,1606,3,0.00479168,0.00479168,0.622657,0.624346,0.00168967,34.4906,34.4974,6,6,0,1.23798,1.22226,0.015728,0,1,1,0
61.1,1607,1,0.00316143,0.00316143,0.754618,0.747658,0.00695986,35.0185,34.9906,13,13,0,0.568195,0.556315,0.01188,0,1,1,0
61.1,1607,2,0.00140424,0.00140424,0.52892,0.534686,0.00576556,34.1157,34.1387,11,11,0,0.940125,0.964389,0.024264,0,1,1,0
61.1,1607,3,0.00157851,0.00157851,0.623123,0.622657,0.000466228,34.4925,34.4906,6,6,0,1.22226,1.22734,0.005088,0,1,1,1
61.2,1608,1,0.000551194,0.000551194,0.745993,0.754618,0.00862461,34.984,35.0185,13,13,0,0.556315,0.622323,0.066008,0,1,1,0
61.2,1608,2,4.55454e-05,4.55454e-05,0.521644,0.52892,0.007276,34.0866,34.1157,11,11,0,0.964389,0.965757,0.001368,0,1,1,1
61.2,1608,3,0.00567675,0.00567675,0.609251,0.623123,0.0138718,34.437,34.4925,6,6,0,1.22734,1.19969,0.027656,0,1,1,0
61.3,1609,1,0.0516508,0.0516508,0.746767,0.745993,0.000774145,34.9871,34.984,13,14,1,0.622323,0.529605,0.0927173,0,0,1,0
61.3,1609,2,0.0200088,0.0200088,0.559945,0.521644,0.0383005,34.2398,34.0866,11,10,-1,0.965757,1.00567,0.0399093,0,0,0,0
61.3,1609,3,0.0062302,0.0062302,0.623286,0.609251,0.0140352,34.4931,34.437,6,6,0,1.19969,1.22913,0.02944,0,1,1,0
61.4,1610,1,0.0101347,0.0101347,0.762915,0.746767,0.016148,35.0517,34.9871,14,14,0,0.529605,0.493837,0.035768,0,1,1,0
61.4,1610,2,0.0102849,0.0102849,0.543417,0.559945,0.016528,34.1737,34.2398,10,10,0,1.00567,1.06149,0.055824,0,1,1,0
61.4,1610,3,0.00144164,0.00144164,0.617321,0.623286,0.00596559,34.4693,34.4931,6,6,0,1.22913,1.21863,0.010496,0,1,1,0
61.5,1611,1,0.0124483,0.0124483,0.772985,0.762915,0.0100695,35.0919,35.0517,14,14,0,0.493837,0.558901,0.065064,0,1,1,0
61.5,1611,2,0.0243041,0.0243041,0.544322,0.543417,0.000905871,34.1773,34.1737,10,10,0,1.06149,1.06735,0.005864,0,0,1,0
61.5,1611,3,0.0056759,0.0056759,0.608719,0.617321,0.0086019,34.4349,34.4693,6,6,0,1.21863,1.19702,0.021616,0,1,1,0
61.6,1612,1,0.0243422,0.0243422,0.751367,0.772985,0.0216178,35.0055,35.0919,14,14,0,0.558901,0.609301,0.0504,0,0,0,0
61.6,1612,2,0.0128805,0.0128805,0.546497,0.544322,0.00217468,34.186,34.1773,10,10,0,1.06735,1.03014,0.037216,0,1,1,0
61.6,1612,3,0.00366108,0.00366108,0.606517,0.608719,0.00220233,34.4261,34.4349,6,6,0,1.19702,1.18599,0.011024,0,1,1,0
61.7,1613,1,0.0113917,0.0113917,0.746987,0.751367,0.00438023,34.9879,35.0055,14,14,0,0.609301,0.627533,0.018232,0,1,1,0
61.7,1613,2,0.00957727,0.00957727,0.544212,0.546497,0.00228477,34.1768,34.186,10,10,0,1.03014,1.06046,0.03032,0,1,1,0
61.7,1613,3,0.00223709,0.00223709,0.605166,0.606517,0.00135022,34.4207,34.4261,6,6,0,1.18599,1.17926,0.006736,0,1,1,1
61.8,1614,1,0.0175163,0.0175163,0.751768,0.746987,0.00478166,35.0071,34.9879,14,14,0,0.627533,0.550781,0.076752,0,1,1,0
61.8,1614,2,0.0062028,0.0062028,0.552775,0.544212,0.00856227,34.2111,34.1768,10,10,0,1.06046,1.05108,0.009376,0,1,1,1
61.8,1614,3,0.0135831,0.0135831,0.618523,0.605166,0.013357,34.4741,34.4207,6,6,0,1.17926,1.22478,0.04552,0,1,1,0
61.9,1615,1,0.00188518,0.00188518,0.755319,0.751768,0.00355059,35.0213,35.0071,14,14,0,0.550781,0.593845,0.043064,0,1,1,0
61.9,1615,2,0.00723739,0.00723739,0.544247,0.552775,0.00852782,34.177,34.2111,10,10,0,1.05108,1.06262,0.011536,0,1,1,0
61.9,1615,3,0.0108518,0.0108518,0.606815,0.618523,0.0117089,34.4273,34.4741,6,6,0,1.22478,1.18748,0.037296,0,1,1,0
62,1616,1,0.0255431,0.0255431,0.744545,0.755319,0.0107739,34.9782,35.0213,14,14,0,0.593845,0.636285,0.04244,0,0,1,0
62,1616,2,0.00999222,0.00999222,0.544736,0.544247,0.000488698,34.1789,34.177,10,10,0,1.06262,1.0385,0.02412,0,1,1,0
62,1616,3,0.00356276,0.00356276,0.608956,0.606815,0.00214189,34.4358,34.4273,6,6,0,1.18748,1.19821,0.010728,0,1,1,0
62.1,1617,1,0.0203937,0.0203937,0.747867,0.744545,0.00332212,34.9915,34.9782,14,14,0,0.636285,0.560341,0.075944,0,0,1,0
62.1,1617,2,0.00275483,0.00275483,0.552775,0.544736,0.00803912,34.2111,34.1789,10,10,0,1.0385,1.05108,0.012584,0,1,1,0
62.1,1617,3,0.00818542,0.00818542,0.619063,0.608956,0.0101062,34.4763,34.4358,6,6,0,1.19821,1.22754,0.029328,0,1,1,0
62.2,1618,1,0.0181469,0.0181469,0.777184,0.747867,0.0293171,35.1087,34.9915,14,14,0,0.560341,0.501485,0.058856,0,1,0,0
62.2,1618,2,0.00838265,0.00838265,0.55305,0.552775,0.000275731,34.2122,34.2111,10,10,0,1.05108,1.06859,0.017504,0,1,1,0
62.2,1618,3,0.00148097,0.00148097,0.618171,0.619063,0.000891149,34.4727,34.4763,6,6,0,1.22754,1.22298,0.00456,0,1,1,1
62.3,1619,1,0.0178358,0.0178358,0.753045,0.777184,0.0241395,35.0122,35.1087,14,14,0,0.501485,0.602805,0.10132,0,1,0,0
62.3,1619,2,0.0023269,0.0023269,0.544363,0.55305,0.00868779,34.1775,34.2122,10,10,0,1.06859,1.06987,0.00128,0,1,1,1
62.3,1619,3,0.00710296,0.00710296,0.608717,0.618171,0.00945413,34.4349,34.4727,6,6,0,1.22298,1.19701,0.025968,0,1,1,0
62.4,1620,1,0.00307092,0.00307092,0.751421,0.753045,0.00162375,35.0057,35.0122,14,14,0,0.602805,0.609093,0.006288,0,1,1,1
62.4,1620,2,0.014084,0.014084,0.546497,0.544363,0.00213456,34.186,34.1775,10,10,0,1.06987,1.03014,0.039728,0,1,1,0
62.4,1620,3,0.00806684,0.00806684,0.604114,0.608717,0.00460309,34.4165,34.4349,6,6,0,1.19701,1.17293,0.02408,0,1,1,0
62.5,1621,1,0.00231827,0.00231827,0.750241,0.751421,0.00117981,35.001,35.0057,14,14,0,0.609093,0.613637,0.004544,0,1,1,1
62.5,1621,2,0,0,0.546497,0.546497,0,34.186,34.186,10,10,0,1.03014,1.03014,0,0,1,1,1
62.5,1621,3,0.00505674,0.00505674,0.606907,0.604114,0.00279301,34.4276,34.4165,6,6,0,1.17293,1.18794,0.015016,0,1,1,0
62.6,1622,1,0.00998246,0.00998246,0.746666,0.750241,0.00357479,34.9867,35.001,14,14,0,0.613637,0.628685,0.015048,0,1,1,0
62.6,1622,2,0.00886456,0.00886456,0.544189,0.546497,0.00230855,34.1768,34.186,10,10,0,1.03014,1.05897,0.028832,0,1,1,0
62.6,1622,3,0.00261428,0.00261428,0.60848,0.606907,0.00157237,34.4339,34.4276,6,6,0,1.18794,1.19582,0.007872,0,1,1,1
62.7,1623,1,0.0167473,0.0167473,0.749153,0.746666,0.00248682,34.9966,34.9867,14,14,0,0.628685,0.556821,0.071864,0,1,1,0
62.7,1623,2,0.00942828,0.00942828,0.553304,0.544189,0.00911587,34.2132,34.1768,10,10,0,1.05897,1.04021,0.01876,0,1,1,0
62.7,1623,3,0.00834837,0.00834837,0.618683,0.60848,0.0102032,34.4747,34.4339,6,6,0,1.19582,1.22559,0.029776,0,1,1,0
62.8,1624,1,0.0148846,0.0148846,0.774844,0.749153,0.0256912,35.0994,34.9966,14,14,0,0.556821,0.506221,0.0506,0,1,0,0
62.8,1624,2,0.0175335,0.0175335,0.553222,0.553304,8.28505e-05,34.2129,34.2132,10,10,0,1.04021,1.07947,0.039256,0,1,1,0
62.8,1624,3,0.000212967,0.000212967,0.618555,0.618683,0.00012821,34.4742,34.4747,6,6,0,1.22559,1.22494,0.000656,0,1,1,1
62.9,1625,1,0.00453678,0.00453678,0.76128,0.774844,0.0135642,35.0451,35.0994,14,14,0,0.506221,0.588061,0.08184,0,1,1,0
62.9,1625,2,0.0126985,0.0126985,0.544035,0.553222,0.00918615,34.1761,34.2129,10,10,0,1.07947,1.04938,0.030088,0,1,1,0
62.9,1625,3,0.00983046,0.00983046,0.607461,0.618555,0.011094,34.4298,34.4742,6,6,0,1.22494,1.19071,0.034224,0,1,1,0
63,1626,1,0.0174227,0.0174227,0.751141,0.76128,0.0101388,35.0046,35.0451,14,14,0,0.588061,0.619685,0.031624,0,1,1,0
63,1626,2,0.000605207,0.000605207,0.544015,0.544035,2.02656e-05,34.1761,34.1761,10,10,0,1.04938,1.04811,0.001264,0,1,1,1
63,1626,3,0.0038075,0.0038075,0.605165,0.607461,0.00229579,34.4207,34.4298,6,6,0,1.19071,1.17925,0.011464,0,1,1,0
63.1,1627,1,0.00518403,0.00518403,0.749136,0.751141,0.00200486,34.9965,35.0046,14,14,0,0.619685,0.627533,0.007848,0,1,1,1
63.1,1627,2,0.00304646,0.00304646,0.544736,0.544015,0.000720322,34.1789,34.1761,10,10,0,1.04811,1.0385,0.009616,0,1,1,1
63.1,1627,3,0.00433365,0.00433365,0.607777,0.605165,0.00261229,34.4311,34.4207,6,6,0,1.17925,1.1923,0.013048,0,1,1,0
63.2,1628,1,0.0176122,0.0176122,0.759194,0.749136,0.0100573,35.0368,34.9965,14,14,0,0.627533,0.536845,0.090688,0,1,1,0
63.2,1628,2,0.0141253,0.0141253,0.548782,0.544736,0.00404608,34.1951,34.1789,10,10,0,1.0385,1.07303,0.034536,0,1,1,0
63.2,1628,3,0.00924965,0.00924965,0.618522,0.607777,0.0107447,34.4741,34.4311,6,6,0,1.1923,1.22477,0.032472,0,1,1,0
63.3,1629,1,0.00593058,0.00593058,0.762518,0.759194,0.00332409,35.0501,35.0368,14,14,0,0.536845,0.585733,0.048888,0,1,1,0
63.3,1629,2,0.0139658,0.0139658,0.544281,0.548782,0.00450021,34.1771,34.1951,10,10,0,1.07303,1.04065,0.032384,0,1,1,0
63.3,1629,3,0.00978117,0.00978117,0.607458,0.618522,0.0110644,34.4298,34.4741,6,6,0,1.22477,1.1907,0.034072,0,1,1,0
63.4,1630,1,0.0170025,0.0170025,0.751668,0.762518,0.0108494,35.0067,35.0501,14,14,0,0.585733,0.617621,0.031888,0,1,1,0
63.4,1630,2,0.00879816,0.00879816,0.544212,0.544281,6.90222e-05,34.1768,34.1771,10,10,0,1.04065,1.06046,0.019808,0,1,1,0
63.4,1630,3,0.00380475,0.00380475,0.605163,0.607458,0.00229436,34.4207,34.4298,6,6,0,1.1907,1.17924,0.011456,0,1,1,0
63.5,1631,1,0.00492072,0.00492072,0.749751,0.751668,0.00191724,34.999,35.0067,14,14,0,0.617621,0.625109,0.007488,0,1,1,1
63.5,1631,2,0.00904064,0.00904064,0.544972,0.544212,0.000759482,34.1799,34.1768,10,10,0,1.06046,1.03738,0.02308,0,1,1,0
63.5,1631,3,0.00224253,0.00224253,0.606517,0.605163,0.00135344,34.4261,34.4207,6,6,0,1.17924,1.18599,0.006752,0,1,1,1
63.6,1632,1,0.0144341,0.0144341,0.756152,0.749751,0.00640112,35.0246,34.999,14,14,0,0.625109,0.542597,0.082512,0,1,1,0
63.6,1632,2,0.00717629,0.00717629,0.548549,0.544972,0.00357699,34.1942,34.1799,10,10,0,1.03738,1.05835,0.020976,0,1,1,0
63.6,1632,3,0.0146783,0.0146783,0.620313,0.606517,0.0137967,34.4813,34.4261,6,6,0,1.18599,1.23542,0.049432,0,1,1,0
63.7,1633,1,0.00431249,0.00431249,0.754019,0.756152,0.00213283,35.0161,35.0246,14,14,0,0.542597,0.608245,0.065648,0,1,1,0
63.7,1633,2,0.00709509,0.00709509,0.544741,0.548549,0.0038082,34.179,34.1942,10,10,0,1.05835,1.03847,0.01988,0,1,1,0
63.7,1633,3,0.0136687,0.0136687,0.607125,0.620313,0.0131884,34.4285,34.4813,6,6,0,1.23542,1.18903,0.046392,0,1,1,0
63.8,1634,1,0.028648,0.028648,0.744606,0.754019,0.0094133,34.9784,35.0161,14,14,0,0.608245,0.649853,0.041608,0,0,1,0
63.8,1634,2,0.00424327,0.00424327,0.544055,0.544741,0.000685513,34.1762,34.179,10,10,0,1.03847,1.05061,0.012136,0,1,1,0
63.8,1634,3,0.0010814,0.0010814,0.607776,0.607125,0.000650704,34.4311,34.4285,6,6,0,1.18903,1.19229,0.003256,0,1,1,1
63.9,1635,1,0.0474338,0.0474338,0.777603,0.744606,0.0329965,35.1104,34.9784,14,14,0,0.649853,0.514829,0.135024,0,0,0,0
63.9,1635,2,0.00551749,0.00551749,0.550967,0.544055,0.00691134,34.2039,34.1762,10,10,0,1.05061,1.03012,0.020488,0,1,1,0
63.9,1635,3,0.00522731,0.00522731,0.616128,0.607776,0.00835222,34.4645,34.4311,6,6,0,1.19229,1.21255,0.020264,0,1,1,0
64,1636,1,0.0195378,0.0195378,0.753669,0.777603,0.0239339,35.0147,35.1104,14,14,0,0.514829,0.609653,0.094824,0,1,0,0
64,1636,2,0.0103776,0.0103776,0.539789,0.550967,0.0111776,34.1592,34.2039,10,10,0,1.03012,1.05897,0.028848,0,1,1,0
64,1636,3,0.00486339,0.00486339,0.607994,0.616128,0.00813341,34.432,34.4645,6,6,0,1.21255,1.19338,0.019168,0,1,1,0
64.1,1637,1,0.0272897,0.0272897,0.74471,0.753669,0.00895852,34.9788,35.0147,14,14,0,0.609653,0.649101,0.039448,0,0,1,0
64.1,1637,2,0.00844757,0.00844757,0.540229,0.539789,0.000440598,34.1609,34.1592,10,10,0,1.05897,1.03848,0.020488,0,1,1,0
64.1,1637,3,0.003252,0.003252,0.606036,0.607994,0.00195843,34.4241,34.432,6,6,0,1.19338,1.18359,0.009792,0,1,1,1
64.2,1638,1,0.0414549,0.0414549,0.770707,0.74471,0.0259965,35.0828,34.9788,14,14,0,0.649101,0.521589,0.127512,0,0,0,0
64.2,1638,2,0.00157894,0.00157894,0.549976,0.540229,0.00974667,34.1999,34.1609,10,10,0,1.03848,1.03486,0.003624,0,1,1,1
64.2,1638,3,0.0162527,0.0162527,0.62064,0.606036,0.0146038,34.4826,34.4241,6,6,0,1.18359,1.23782,0.054232,0,1,1,0
64.3,1639,1,0.000553401,0.000553401,0.763911,0.770707,0.00679612,35.0556,35.0828,14,14,0,0.521589,0.583101,0.061512,0,1,1,0
64.3,1639,2,0.00602286,0.00602286,0.539654,0.549976,0.0103217,34.1586,34.1999,10,10,0,1.03486,1.05061,0.015752,0,1,1,0
64.3,1639,3,0.0138908,0.0138908,0.607459,0.62064,0.0131807,34.4298,34.4826,6,6,0,1.23782,1.1907,0.04712,0,1,1,0
64.4,1640,1,0.0321488,0.0321488,0.746207,0.763911,0.0177031,34.9848,35.0556,14,14,0,0.583101,0.638245,0.055144,0,0,1,0
64.4,1640,2,0.00444392,0.00444392,0.540229,0.539654,0.000575006,34.1609,34.1586,10,10,0,1.05061,1.03848,0.012128,0,1,1,0
64.4,1640,3,0.0037994,0.0037994,0.605168,0.607459,0.00229102,34.4207,34.4298,6,6,0,1.1907,1.17926,0.01144,0,1,1,0
64.5,1641,1,0.034874,0.034874,0.773978,0.746207,0.0277706,35.0959,34.9848,14,14,0,0.638245,0.515061,0.123184,0,0,0,0
64.5,1641,2,0.00152856,0.00152856,0.548386,0.540229,0.00815672,34.1935,34.1609,10,10,0,1.03848,1.0481,0.009616,0,1,1,1
64.5,1641,3,0.0176849,0.0176849,0.620638,0.605168,0.0154696,34.4826,34.4207,6,6,0,1.17926,1.23781,0.058544,0,1,1,0
64.6,1642,1,0.00115424,0.00115424,0.768392,0.773978,0.00558579,35.0736,35.0959,14,14,0,0.515061,0.574565,0.059504,0,1,1,0
64.6,1642,2,0.00196201,0.00196201,0.541471,0.548386,0.00691539,34.1659,34.1935,10,10,0,1.0481,1.03263,0.015464,0,1,1,0
64.6,1642,3,0.0164016,0.0164016,0.605943,0.620638,0.0146947,34.4238,34.4826,6,6,0,1.23781,1.18313,0.05468,0,1,1,0
64.7,1643,1,0.0189184,0.0189184,0.753002,0.768392,0.0153904,35.012,35.0736,14,14,0,0.574565,0.612325,0.03776,0,1,1,0
64.7,1643,2,0.00958609,0.00958609,0.539813,0.541471,0.00165826,34.1593,34.1659,10,10,0,1.03263,1.06044,0.027808,0,1,1,0
64.7,1643,3,0.00211493,0.00211493,0.607218,0.605943,0.0012747,34.4289,34.4238,6,6,0,1.18313,1.1895,0.006368,0,1,1,1
64.8,1644,1,0.00598616,0.00598616,0.755789,0.753002,0.0027867,35.0232,35.012,14,14,0,0.612325,0.601117,0.011208,0,1,1,0
64.8,1644,2,0.00915264,0.00915264,0.540229,0.539813,0.000416934,34.1609,34.1593,10,10,0,1.06044,1.03848,0.02196,0,1,1,0
64.8,1644,3,0.00340629,0.00340629,0.605163,0.607218,0.00205451,34.4207,34.4289,6,6,0,1.1895,1.17924,0.010256,0,1,1,0
64.9,1645,1,0.00975436,0.00975436,0.751378,0.755789,0.00441021,35.0055,35.0232,14,14,0,0.601117,0.618757,0.01764,0,1,1,0
64.9,1645,2,0.00671193,0.00671193,0.539731,0.540229,0.000498891,34.1589,34.1609,10,10,0,1.03848,1.05535,0.016864,0,1,1,0
64.9,1645,3,0.00117442,0.00117442,0.605872,0.605163,0.000709295,34.4235,34.4207,6,6,0,1.17924,1.18278,0.003536,0,1,1,1
65,1646,1,0.00512277,0.00512277,0.753635,0.751378,0.00225639,35.0145,35.0055,14,14,0,0.618757,0.609789,0.008968,0,1,1,1
65,1646,2,0.00733161,0.00733161,0.542003,0.539731,0.00227278,34.168,34.1589,10,10,0,1.05535,1.03012,0.025224,0,1,1,0
65,1646,3,0.0134455,0.0134455,0.599853,0.605872,0.00601977,34.3994,34.4235,6,6,0,1.18278,1.14366,0.039112,0,1,1,0
65.1,1647,1,0.00672548,0.00672548,0.756875,0.753635,0.00323975,35.0275,35.0145,14,14,0,0.609789,0.597781,0.012008,0,1,1,0
65.1,1647,2,0.0109591,0.0109591,0.559683,0.542003,0.0176798,34.2387,34.168,10,10,0,1.03012,1.0481,0.017976,0,1,1,0
65.1,1647,3,0.00188343,0.00188343,0.60757,0.599853,0.00771773,34.4303,34.3994,6,6,0,1.14366,1.1552,0.011536,0,1,1,0
65.2,1648,1,0.00863978,0.00863978,0.75274,0.756875,0.0041346,35.011,35.0275,14,14,0,0.597781,0.613373,0.015592,0,1,1,0
65.2,1648,2,0.000466228,0.000466228,0.558743,0.559683,0.000940382,34.235,34.2387,10,10,0,1.0481,1.04099,0.007112,0,1,1,1
65.2,1648,3,0.00296027,0.00296027,0.605866,0.60757,0.00170463,34.4235,34.4303,6,6,0,1.1552,1.14445,0.010752,0,1,1,0
65.3,1649,1,0.00343534,0.00343534,0.754344,0.75274,0.00160402,35.0174,35.011,14,14,0,0.613373,0.606941,0.006432,0,1,1,1
65.3,1649,2,0.00192196,0.00192196,0.556835,0.558743,0.00190765,34.2273,34.235,10,10,0,1.04099,1.03012,0.010864,0,1,1,0
65.3,1649,3,0.00155109,0.00155109,0.606994,0.605866,0.00112849,34.428,34.4235,6,6,0,1.14445,1.15118,0.006728,0,1,1,1
65.4,1650,1,0.00423824,0.00423824,0.756364,0.754344,0.00201964,35.0255,35.0174,14,14,0,0.606941,0.599269,0.007672,0,1,1,1
65.4,1650,2,0.00176296,0.00176296,0.555266,0.556835,0.00156945,34.2211,34.2273,10,10,0,1.03012,1.01564,0.01448,0,1,1,0
65.4,1650,3,0.00416321,0.00416321,0.608694,0.606994,0.00170022,34.4348,34.428,6,6,0,1.15118,1.16306,0.011888,0,1,1,0
65.5,1651,1,0.00767357,0.00767357,0.75274,0.756364,0.00362366,35.011,35.0255,14,14,0,0.599269,0.613373,0.014104,0,1,1,0
65.5,1651,2,0.000244744,0.000244744,0.555469,0.555266,0.000203729,34.2219,34.2211,10,10,0,1.01564,1.019,0.00336,0,1,1,1
65.5,1651,3,0.00515986,0.00515986,0.606356,0.608694,0.00233853,34.4254,34.4348,6,6,0,1.16306,1.14726,0.015808,0,1,1,0
65.6,1652,1,0.00556325,0.00556325,0.755333,0.75274,0.00259304,35.0213,35.011,14,14,0,0.613373,0.602957,0.010416,0,1,1,0
65.6,1652,2,0.00267522,0.00267522,0.556538,0.555469,0.00106901,34.2262,34.2219,10,10,0,1.019,0.997083,0.02192,0,1,1,0
65.6,1652,3,0.002352,0.002352,0.604273,0.606356,0.00208265,34.4171,34.4254,6,6,0,1.14726,1.13534,0.011912,0,1,1,0
65.7,1653,1,0.000632305,0.000632305,0.755626,0.755333,0.000293314,35.0225,35.0213,14,14,0,0.602957,0.601773,0.001184,0,1,1,1
65.7,1653,2,0.0010687,0.0010687,0.555569,0.556538,0.00096935,34.2223,34.2262,10,10,0,0.997083,1.00544,0.00836,0,1,1,1
65.7,1653,3,0.00555915,0.00555915,0.607898,0.604273,0.00362444,34.4316,34.4171,6,6,0,1.13534,1.15749,0.022144,0,1,1,0
65.8,1654,1,0.00809727,0.00809727,0.751038,0.755626,0.00458813,35.0042,35.0225,14,14,0,0.601773,0.610565,0.008792,0,1,1,1
65.8,1654,2,0.0012604,0.0012604,0.555181,0.555569,0.000387788,34.2207,34.2223,10,10,0,1.00544,1.01425,0.008808,0,1,1,1
65.8,1654,3,0.00335881,0.00335881,0.606222,0.607898,0.00167578,34.4249,34.4316,6,6,0,1.15749,1.14649,0.011,0,1,1,0
65.9,1655,1,0.00567543,0.00567543,0.753929,0.751038,0.00289041,35.0157,35.0042,14,14,0,0.610565,0.599261,0.011304,0,1,1,0
65.9,1655,2,0.0023291,0.0023291,0.556538,0.555181,0.00135714,34.2262,34.2207,10,10,0,1.01425,0.997083,0.017168,0,1,1,0
65.9,1655,3,0.00183747,0.00183747,0.607276,0.606222,0.00105423,34.4291,34.4249,6,6,0,1.14649,1.15314,0.006656,0,1,1,1
66,1656,1,0.000880245,0.000880245,0.753518,0.753929,0.000410736,35.0141,35.0157,14,14,0,0.599261,0.600909,0.001648,0,1,1,1
66,1656,2,0.0014464,0.0014464,0.555295,0.556538,0.00124377,34.2212,34.2262,10,10,0,0.997083,1.00715,0.010064,0,1,1,0
66,1656,3,0.00153822,0.00153822,0.607905,0.607276,0.000628412,34.4316,34.4291,6,6,0,1.15314,1.15754,0.004392,0,1,1,1
66.1,1657,1,0.00623363,0.00623363,0.750307,0.753518,0.0032112,35.0012,35.0141,14,14,0,0.600909,0.613381,0.012472,0,1,1,0
66.1,1657,2,0.00186561,0.00186561,0.560389,0.555295,0.00509471,34.2416,34.2212,10,10,0,1.00715,1.00364,0.003504,0,1,1,1
66.1,1657,3,0.00393018,0.00393018,0.605732,0.607905,0.00217301,34.4229,34.4316,6,6,0,1.15754,1.14368,0.013856,0,1,1,0
66.2,1658,1,0.00470639,0.00470639,0.752791,0.750307,0.0024848,35.0112,35.0012,14,14,0,0.613381,0.603805,0.009576,0,1,1,1
66.2,1658,2,0.000193324,0.000193324,0.561761,0.560389,0.0013721,34.247,34.2416,10,10,0,1.00364,0.990299,0.013344,0,1,1,0
66.2,1658,3,0.000709227,0.000709227,0.606359,0.605732,0.00062716,34.4254,34.4229,6,6,0,1.14368,1.14727,0.003592,0,1,1,1
66.3,1659,1,0.000741059,0.000741059,0.75315,0.752791,0.000359058,35.0126,35.0112,14,14,0,0.603805,0.602381,0.001424,0,1,1,1
66.3,1659,2,0.000196982,0.000196982,0.560576,0.561761,0.00118524,34.2423,34.247,10,10,0,0.990299,1.00023,0.009936,0,1,1,1
66.3,1659,3,0.000214878,0.000214878,0.606549,0.606359,0.000189841,34.4262,34.4254,6,6,0,1.14727,1.14836,0.001088,0,1,1,1
66.4,1660,1,0.00245263,0.00245263,0.754295,0.75315,0.00114447,35.0172,35.0126,14,14,0,0.602381,0.597789,0.004592,1,1,1,1
66.4,1660,2,0.00029397,0.00029397,0.56219,0.560576,0.00161326,34.2488,34.2423,10,10,0,1.00023,0.988075,0.01216,1,1,1,0
66.4,1660,3,0.000216398,0.000216398,0.606357,0.606549,0.000191271,34.4254,34.4262,6,6,0,1.14836,1.14726,0.001096,1,1,1,1
66.5,1661,1,0.0115635,0.0115635,0.747851,0.754295,0.00644368,34.9914,35.0172,14,14,0,0.597789,0.613381,0.015592,0,1,1,0
66.5,1661,2,0.000296444,0.000296444,0.560704,0.56219,0.00148571,34.2428,34.2488,10,10,0,0.988075,0.997907,0.009832,0,1,1,1
66.5,1661,3,0.000223863,0.000223863,0.613041,0.606357,0.00668371,34.4522,34.4254,6,6,0,1.14726,1.15237,0.005104,0,1,1,1
66.6,1662,1,0.0189992,0.0189992,0.764239,0.747851,0.0163876,35.057,34.9914,14,14,0,0.613381,0.534261,0.07912,0,1,1,0
66.6,1662,2,0.0244435,0.0244435,0.566427,0.560704,0.0057233,34.2657,34.2428,10,10,0,0.997907,1.1011,0.103192,0,0,1,0
66.6,1662,3,0.0348424,0.0348424,0.626955,0.613041,0.0139142,34.5078,34.4522,6,6,0,1.15237,1.25718,0.104816,0,0,1,0
66.7,1663,1,0.000613461,0.000613461,0.761179,0.764239,0.0030598,35.0447,35.057,14,14,0,0.534261,0.574717,0.040456,0,1,1,0
66.7,1663,2,0.0241617,0.0241617,0.562125,0.566427,0.00430226,34.2485,34.2657,10,10,0,1.1011,0.988411,0.112688,0,0,1,0
66.7,1663,3,0.0232147,0.0232147,0.617946,0.626955,0.009009,34.4718,34.5078,6,6,0,1.25718,1.18665,0.070536,0,0,1,0
66.8,1664,1,0.0196074,0.0196074,0.747853,0.761179,0.0133262,34.9914,35.0447,14,14,0,0.574717,0.613373,0.038656,0,1,1,0
66.8,1664,2,0.000495248,0.000495248,0.564307,0.562125,0.00218195,34.2572,34.2485,10,10,0,0.988411,0.977051,0.01136,0,1,1,0
66.8,1664,3,0.0131915,0.0131915,0.611675,0.617946,0.00627112,34.4467,34.4718,6,6,0,1.18665,1.14445,0.0422,0,1,1,0
66.9,1665,1,0.00882099,0.00882099,0.748587,0.747853,0.00073421,34.9943,34.9914,14,14,0,0.613373,0.566005,0.047368,0,1,1,0
66.9,1665,2,0.00809117,0.00809117,0.571771,0.564307,0.00746387,34.2871,34.2572,10,10,0,0.977051,1.05046,0.073408,0,1,1,0
66.9,1665,3,0.0385895,0.0385895,0.62786,0.611675,0.0161846,34.5114,34.4467,6,6,0,1.14445,1.26393,0.11948,0,0,1,0
67,1666,1,0.0218181,0.0218181,0.781816,0.748587,0.0332295,35.1273,34.9943,14,14,0,0.566005,0.499077,0.066928,0,0,0,0
67,1666,2,0.013913,0.013913,0.571419,0.571771,0.000352144,34.2857,34.2871,10,10,0,1.05046,1.09137,0.040912,0,1,1,0
67,1666,3,0.00218048,0.00218048,0.628761,0.62786,0.000901759,34.515,34.5114,6,6,0,1.26393,1.27066,0.006736,0,1,1,1
67.1,1667,1,0.00268982,0.00268982,0.771152,0.781816,0.010664,35.0846,35.1273,14,14,0,0.499077,0.555701,0.056624,0,1,1,0
67.1,1667,2,0.022687,0.022687,0.561296,0.571419,0.0101224,34.2452,34.2857,10,10,0,1.09137,0.992715,0.098656,0,0,1,0
67.1,1667,3,0.0320169,0.0320169,0.609431,0.628761,0.0193307,34.4377,34.515,6,6,0,1.27066,1.16822,0.10244,0,0,1,0
67.2,1668,1,0.0205238,0.0205238,0.751515,0.771152,0.0196378,35.0061,35.0846,14,14,0,0.555701,0.599277,0.043576,0,0,1,0
67.2,1668,2,0.00099713,0.00099713,0.560556,0.561296,0.000740588,34.2422,34.2452,10,10,0,0.992715,0.975795,0.01692,0,1,1,0
67.2,1668,3,0.0052838,0.0052838,0.607275,0.609431,0.00215572,34.4291,34.4377,6,6,0,1.16822,1.15314,0.015088,0,1,1,0
67.3,1669,1,0.00608075,0.00608075,0.748375,0.751515,0.00313956,34.9935,35.0061,14,14,0,0.599277,0.611325,0.012048,0,1,1,0
67.3,1669,2,1.73077e-05,1.73077e-05,0.561924,0.560556,0.00136799,34.2477,34.2422,10,10,0,0.975795,0.968331,0.007464,0,1,1,1
67.3,1669,3,0.00183155,0.00183155,0.606225,0.607275,0.00105029,34.4249,34.4291,6,6,0,1.15314,1.1465,0.006632,0,1,1,1
67.4,1670,1,0.0108113,0.0108113,0.751639,0.748375,0.00326425,35.0066,34.9935,14,14,0,0.611325,0.565237,0.046088,0,1,1,0
67.4,1670,2,0.00218561,0.00218561,0.570706,0.561924,0.00878298,34.2828,34.2477,10,10,0,0.968331,1.0348,0.066472,0,1,1,0
67.4,1670,3,0.0360376,0.0360376,0.627481,0.606225,0.0212564,34.5099,34.4249,6,6,0,1.1465,1.2611,0.1146,0,0,0,0
67.5,1671,1,0.014329,0.014329,0.76949,0.751639,0.0178505,35.078,35.0066,14,14,0,0.565237,0.558917,0.00632,0,1,1,1
67.5,1671,2,0.00264785,0.00264785,0.557391,0.570706,0.0133158,34.2296,34.2828,10,10,0,1.0348,0.992419,0.042384,0,1,1,0
67.5,1671,3,0.0270339,0.0270339,0.610199,0.627481,0.0172822,34.4408,34.5099,6,6,0,1.2611,1.17362,0.087488,0,0,1,0
67.6,1672,1,0.0233369,0.0233369,0.749208,0.76949,0.0202824,34.9968,35.078,14,14,0,0.558917,0.608125,0.049208,0,0,0,0
67.6,1672,2,0.000476904,0.000476904,0.560767,0.557391,0.00337613,34.2431,34.2296,10,10,0,0.992419,0.974643,0.017776,0,1,1,0
67.6,1672,3,0.00941283,0.00941283,0.605863,0.610199,0.00433594,34.4235,34.4408,6,6,0,1.17362,1.14443,0.029184,0,1,1,0
67.7,1673,1,0.00722032,0.00722032,0.738386,0.749208,0.0108217,34.9535,34.9968,14,14,0,0.608125,0.565365,0.04276,0,1,1,0
67.7,1673,2,0.00327708,0.00327708,0.571448,0.560767,0.0106807,34.2858,34.2431,10,10,0,0.974643,1.0395,0.064856,0,1,1,0
67.7,1673,3,0.0388605,0.0388605,0.62848,0.605863,0.022617,34.5139,34.4235,6,6,0,1.14443,1.26856,0.124128,0,0,0,0
67.8,1674,1,0.0196954,0.0196954,0.764188,0.738386,0.0258026,35.0568,34.9535,14,14,0,0.565365,0.503237,0.062128,0,1,0,0
67.8,1674,2,0.0131024,0.0131024,0.572387,0.571448,0.00093925,34.2895,34.2858,10,10,0,1.0395,1.07138,0.03188,0,1,1,0
67.8,1674,3,0.000191614,0.000191614,0.628401,0.62848,7.92742e-05,34.5136,34.5139,6,6,0,1.26856,1.26797,0.000592,0,1,1,1
67.9,1675,1,0.0134617,0.0134617,0.771897,0.764188,0.00770897,35.0876,35.0568,14,14,0,0.503237,0.561021,0.057784,0,1,1,0
67.9,1675,2,0.0149328,0.0149328,0.554999,0.572387,0.0173879,34.22,34.2895,10,10,0,1.07138,1.01124,0.060136,0,1,1,0
67.9,1675,3,0.0204205,0.0204205,0.613779,0.628401,0.0146221,34.4551,34.5136,6,6,0,1.26797,1.19885,0.06912,0,0,1,0
68,1676,1,0.0104017,0.0104017,0.759339,0.771897,0.0125588,35.0374,35.0876,14,14,0,0.561021,0.584925,0.023904,0,1,1,0
68,1676,2,0.00146136,0.00146136,0.561924,0.554999,0.00692457,34.2477,34.22,10,10,0,1.01124,0.968331,0.042912,0,1,1,0
68,1676,3,0.00533924,0.00533924,0.611618,0.613779,0.00216025,34.4465,34.4551,6,6,0,1.19885,1.1836,0.015248,0,1,1,0
68.1,1677,1,0.0165839,0.0165839,0.745476,0.759339,0.0138628,34.9819,35.0374,14,14,0,0.584925,0.584637,0.000288,0,1,1,1
68.1,1677,2,0,0,0.561924,0.561924,0,34.2477,34.2477,10,10,0,0.968331,0.968331,0,0,1,1,1
68.1,1677,3,0.00830096,0.00830096,0.608242,0.611618,0.00337631,34.433,34.4465,6,6,0,1.1836,1.1599,0.023704,0,1,1,0
68.2,1678,1,0.00134457,0.00134457,0.740535,0.745476,0.00494057,34.9621,34.9819,14,14,0,0.584637,0.555549,0.029088,0,1,1,0
68.2,1678,2,0.00477185,0.00477185,0.575332,0.561924,0.0134085,34.3013,34.2477,10,10,0,0.968331,1.04332,0.074992,0,1,1,0
68.2,1678,3,0.0360701,0.0360701,0.629231,0.608242,0.0209888,34.5169,34.433,6,6,0,1.1599,1.27418,0.11428,0,0,0,0
68.3,1679,1,0.0210729,0.0210729,0.772926,0.740535,0.0323905,35.0917,34.9621,14,14,0,0.555549,0.486853,0.068696,0,0,0,0
68.3,1679,2,0.0159792,0.0159792,0.576225,0.575332,0.000892699,34.3049,34.3013,10,10,0,1.04332,1.0824,0.03908,0,1,1,0
68.3,1679,3,0.0101972,0.0101972,0.625004,0.629231,0.00422657,34.5,34.5169,6,6,0,1.27418,1.24268,0.031496,0,1,1,0
68.4,1680,1,0.00694586,0.00694586,0.756403,0.772926,0.0165226,35.0256,35.0917,14,14,0,0.486853,0.548677,0.061824,0,1,1,0
68.4,1680,2,0.0158501,0.0158501,0.563137,0.576225,0.0130877,34.2525,34.3049,10,10,0,1.0824,1.04059,0.041808,0,1,1,0
68.4,1680,3,0.020606,0.020606,0.610387,0.625004,0.0146175,34.4415,34.5,6,6,0,1.24268,1.17494,0.067744,0,0,1,0
68.5,1681,1,0.0191681,0.0191681,0.741854,0.756403,0.014549,34.9674,35.0256,14,14,0,0.548677,0.590933,0.042256,0,1,1,0
68.5,1681,2,0.00513968,0.00513968,0.565908,0.563137,0.00277096,34.2636,34.2525,10,10,0,1.04059,0.968347,0.072248,0,1,1,0
68.5,1681,3,0.000568799,0.000568799,0.610618,0.610387,0.000231147,34.4425,34.4415,6,6,0,1.17494,1.17656,0.001624,0,1,1,1
68.6,1682,1,0.00273358,0.00273358,0.736881,0.741854,0.00497335,34.9475,34.9674,14,14,0,0.590933,0.572389,0.018544,0,1,1,0
68.6,1682,2,0.0053293,0.0053293,0.575355,0.565908,0.0094468,34.3014,34.2636,10,10,0,0.968347,1.0441,0.075752,0,1,1,0
68.6,1682,3,0.0191468,0.0191468,0.624627,0.610618,0.0140091,34.4985,34.4425,6,6,0,1.17656,1.2399,0.063344,0,1,1,0
68.7,1683,1,0.0244708,0.0244708,0.766933,0.736881,0.030052,35.0677,34.9475,14,14,0,0.572389,0.498045,0.074344,0,0,0,0
68.7,1683,2,0.0139314,0.0139314,0.576287,0.575355,0.000932395,34.3051,34.3014,10,10,0,1.0441,1.07801,0.033912,0,1,1,0
68.7,1683,3,0.00356396,0.00356396,0.626116,0.624627,0.00148875,34.5045,34.4985,6,6,0,1.2399,1.25094,0.011032,0,1,1,0
68.8,1684,1,0.00496948,0.00496948,0.768435,0.766933,0.00150198,35.0737,35.0677,14,14,0,0.498045,0.533173,0.035128,0,1,1,0
68.8,1684,2,0.0182999,0.0182999,0.5596,0.576287,0.0166873,34.2384,34.3051,10,10,0,1.07801,1.01471,0.063296,0,1,1,0
68.8,1684,3,0.0240695,0.0240695,0.610066,0.626116,0.0160501,34.4403,34.5045,6,6,0,1.25094,1.17268,0.078256,0,0,1,0
68.9,1685,1,0.0115461,0.0115461,0.707575,0.768435,0.0608601,34.8303,35.0737,14,13,-1,0.533173,0.656235,0.123061,0,1,0,0
68.9,1685,2,0.0010198,0.0010198,0.564304,0.5596,0.00470388,34.2572,34.2384,10,10,0,1.01471,0.977067,0.037648,0,1,1,0
68.9,1685,3,0.0676963,0.0676963,0.552213,0.610066,0.0578523,34.2089,34.4403,6,7,1,1.17268,0.993459,0.179221,0,0,0,0
69,1686,1,0.0370274,0.0370274,0.695118,0.707575,0.0124568,34.7805,34.8303,13,13,0,0.656235,0.647291,0.008944,0,0,1,0
69,1686,2,0.00446805,0.00446805,0.575289,0.564304,0.0109856,34.3012,34.2572,10,10,0,0.977067,1.04186,0.064792,0,1,1,0
69,1686,3,0.0127909,0.0127909,0.563075,0.552213,0.0108619,34.2523,34.2089,7,7,0,0.993459,1.08119,0.087728,0,1,1,0
69.1,1687,1,0.0468381,0.0468381,0.730712,0.695118,0.0355943,34.9228,34.7805,13,13,0,0.647291,0.571131,0.07616,0,0,0,0
69.1,1687,2,0.0134589,0.0134589,0.576248,0.575289,0.000958383,34.305,34.3012,10,10,0,1.04186,1.0746,0.032744,0,1,1,0
69.1,1687,3,0.000494078,0.000494078,0.563912,0.563075,0.000837207,34.2556,34.2523,7,7,0,1.08119,1.13868,0.057496,0,1,1,0
69.2,1688,1,0.00856873,0.00856873,0.716572,0.730712,0.01414,34.8663,34.9228,13,13,0,0.571131,0.594107,0.022976,0,1,1,0
69.2,1688,2,0.00215521,0.00215521,0.576269,0.576248,2.11596e-05,34.3051,34.305,10,10,0,1.0746,1.07989,0.005288,0,1,1,1
69.2,1688,3,0.000152223,0.000152223,0.563854,0.563912,5.81741e-05,34.2554,34.2556,7,7,0,1.13868,1.13825,0.000432,0,1,1,1
69.3,1689,1,0.00110628,0.00110628,0.753072,0.716572,0.0364997,35.0123,34.8663,13,13,0,0.594107,0.590123,0.003984,0,1,0,0
69.3,1689,2,0.00419174,0.00419174,0.576103,0.576269,0.000165999,34.3044,34.3051,10,10,0,1.07989,1.06965,0.01024,0,1,1,0
69.3,1689,3,0.00473145,0.00473145,0.562043,0.563854,0.00181109,34.2482,34.2554,7,7,0,1.13825,1.12482,0.013432,0,1,1,0
69.4,1690,1,0.0281064,0.0281064,0.743655,0.753072,0.00941646,34.9746,35.0123,13,13,0,0.590123,0.660475,0.070352,0,0,1,0
69.4,1690,2,0.0106918,0.0106918,0.563137,0.576103,0.0129658,34.2525,34.3044,10,10,0,1.06965,1.04059,0.029056,0,1,1,0
69.4,1690,3,0.00725398,0.00725398,0.551493,0.562043,0.0105506,34.206,34.2482,7,7,0,1.12482,1.08026,0.04456,0,1,1,0
69.5,1691,1,0.0262906,0.0262906,0.714984,0.743655,0.028671,34.8599,34.9746,13,13,0,0.660475,0.596715,0.06376,0,0,0,0
69.5,1691,2,0.00256439,0.00256439,0.570842,0.563137,0.00770473,34.2834,34.2525,10,10,0,1.04059,1.03555,0.005048,0,1,1,1
69.5,1691,3,0.00148857,0.00148857,0.559775,0.551493,0.00828218,34.2391,34.206,7,7,0,1.08026,1.09956,0.019304,0,1,1,0
69.6,1692,1,0.00398966,0.00398966,0.72263,0.714984,0.00764591,34.8905,34.8599,13,13,0,0.596715,0.584019,0.012696,0,1,1,0
69.6,1692,2,0.0150828,0.0150828,0.572369,0.570842,0.00152677,34.2895,34.2834,10,10,0,1.03555,1.0746,0.039056,0,1,1,0
69.6,1692,3,0.0116871,0.0116871,0.563171,0.559775,0.00339633,34.2527,34.2391,7,7,0,1.09956,1.13318,0.033616,0,1,1,0
69.7,1693,1,0.00878111,0.00878111,0.745807,0.72263,0.0231766,34.9832,34.8905,13,13,0,0.584019,0.594107,0.010088,0,1,0,0
69.7,1693,2,0.000975985,0.000975985,0.57239,0.572369,2.18749e-05,34.2896,34.2895,10,10,0,1.0746,1.0715,0.003104,0,1,1,1
69.7,1693,3,0.000662323,0.000662323,0.563424,0.563171,0.00025332,34.2537,34.2527,7,7,0,1.13318,1.13506,0.00188,0,1,1,1
69.8,1694,1,0.01609,0.01609,0.7646,0.745807,0.0187926,35.0584,34.9832,13,13,0,0.594107,0.563923,0.030184,0,1,1,0
69.8,1694,2,0.00530307,0.00530307,0.571407,0.57239,0.000983059,34.2856,34.2896,10,10,0,1.0715,1.09153,0.020032,0,1,1,0
69.8,1694,3,0.00514502,0.00514502,0.561453,0.563424,0.00197124,34.2458,34.2537,7,7,0,1.13506,1.12045,0.014608,0,1,1,0
69.9,1695,1,0.0553658,0.0553658,0.735419,0.7646,0.029181,34.9417,35.0584,13,13,0,0.563923,0.682827,0.118904,0,0,0,0
69.9,1695,2,0.0210363,0.0210363,0.564718,0.571407,0.00668973,34.2589,34.2856,10,10,0,1.09153,1.02592,0.065608,0,0,1,0
69.9,1695,3,0.00230843,0.00230843,0.543354,0.561453,0.0180991,34.1734,34.2458,7,7,0,1.12045,1.07188,0.048568,0,1,1,0
70,1696,1,0.0373674,0.0373674,0.743433,0.735419,0.0080139,34.9737,34.9417,13,13,0,0.682827,0.598299,0.084528,0,0,1,0
70,1696,2,0.001113,0.001113,0.568973,0.564718,0.00425524,34.2759,34.2589,10,10,0,1.02592,1.02583,9.6e-05,0,1,1,1
70,1696,3,0.00300991,0.00300991,0.561722,0.543354,0.0183682,34.2469,34.1734,7,7,0,1.07188,1.12244,0.05056,0,1,1,0
70.1,1697,1,0.0031901,0.0031901,0.747392,0.743433,0.003959,34.9896,34.9737,13,13,0,0.598299,0.591291,0.007008,0,1,1,1
70.1,1697,2,0.0203779,0.0203779,0.571915,0.568973,0.00294262,34.2877,34.2759,10,10,0,1.02583,1.08431,0.05848,0,0,1,0
70.1,1697,3,0.00220589,0.00220589,0.562568,0.561722,0.00084579,34.2503,34.2469,7,7,0,1.12244,1.12871,0.006264,0,1,1,1
70.2,1698,1,0.00658756,0.00658756,0.755235,0.747392,0.00784326,35.0209,34.9896,13,13,0,0.591291,0.578507,0.012784,0,1,1,0
70.2,1698,2,0.00352171,0.00352171,0.572391,0.571915,0.000475585,34.2896,34.2877,10,10,0,1.08431,1.07152,0.012784,0,1,1,0
70.2,1698,3,0.0137201,0.0137201,0.559309,0.562568,0.00325888,34.2372,34.2503,7,7,0,1.12871,1.07899,0.049712,0,1,1,0
70.3,1699,1,0.0416546,0.0416546,0.737986,0.755235,0.0172483,34.9519,35.0209,13,13,0,0.578507,0.675923,0.097416,0,0,1,0
70.3,1699,2,0.00650047,0.00650047,0.568125,0.572391,0.00426596,34.2725,34.2896,10,10,0,1.07152,1.05549,0.016032,0,1,1,0
70.3,1699,3,0.0126071,0.0126071,0.544006,0.559309,0.0153036,34.176,34.2372,7,7,0,1.07899,1.09616,0.017168,0,1,1,0
70.4,1700,1,0.0281614,0.0281614,0.739102,0.737986,0.00111562,34.9564,34.9519,13,13,0,0.675923,0.589843,0.08608,0,0,1,0
70.4,1700,2,0.0035312,0.0035312,0.57545,0.568125,0.00732458,34.3018,34.2725,10,10,0,1.05549,1.04734,0.008152,0,1,1,1
70.4,1700,3,0.00679,0.00679,0.560198,0.544006,0.0161921,34.2408,34.176,7,7,0,1.09616,1.10676,0.0106,0,1,1,0
70.5,1701,1,0.00221068,0.00221068,0.742052,0.739102,0.00294983,34.9682,34.9564,13,13,0,0.589843,0.584739,0.005104,0,1,1,1
70.5,1701,2,0.0148003,0.0148003,0.576091,0.57545,0.000640988,34.3044,34.3018,10,10,0,1.04734,1.08432,0.036984,0,1,1,0
70.5,1701,3,0.00699496,0.00699496,0.552785,0.560198,0.00741237,34.2111,34.2408,7,7,0,1.10676,1.11297,0.006208,0,1,1,1
70.6,1702,1,0.00594159,0.00594159,0.749841,0.742052,0.00778908,34.9994,34.9682,13,13,0,0.584739,0.571019,0.01372,0,1,1,0
70.6,1702,2,0.00485601,0.00485601,0.576158,0.576091,6.71148e-05,34.3046,34.3044,10,10,0,1.08432,1.07153,0.012792,0,1,1,0
70.6,1702,3,0.00677355,0.00677355,0.555312,0.552785,0.00252688,34.2212,34.2111,7,7,0,1.11297,1.13324,0.020272,0,1,1,0
70.7,1703,1,0.00471845,0.00471845,0.743672,0.749841,0.00616914,34.9747,34.9994,13,13,0,0.571019,0.581915,0.010896,0,1,1,0
70.7,1703,2,0.0016319,0.0016319,0.576274,0.576158,0.00011605,34.3051,34.3046,10,10,0,1.07153,1.0755,0.003968,0,1,1,1
70.7,1703,3,0.00777889,0.00777889,0.558469,0.555312,0.00315642,34.2339,34.2212,7,7,0,1.13324,1.15628,0.02304,0,1,1,0
70.8,1704,1,0.000509378,0.000509378,0.744344,0.743672,0.000672102,34.9774,34.9747,13,13,0,0.581915,0.580739,0.001176,0,1,1,1
70.8,1704,2,0.000660922,0.000660922,0.576296,0.576274,2.21133e-05,34.3052,34.3051,10,10,0,1.0755,1.07711,0.001616,0,1,1,1
70.8,1704,3,0.0106116,0.0106116,0.554203,0.558469,0.00426561,34.2168,34.2339,7,7,0,1.15628,1.1248,0.03148,0,1,1,0
70.9,1705,1,0.0323647,0.0323647,0.725889,0.744344,0.0184548,34.9036,34.9774,13,12,-1,0.580739,0.652432,0.0716933,0,0,1,0
70.9,1705,2,0.0362102,0.0362102,0.577311,0.576296,0.00101554,34.3092,34.3052,10,11,1,1.07711,0.884333,0.192781,0,0,1,0
70.9,1705,3,0.00690449,0.00690449,0.556903,0.554203,0.00269973,34.2276,34.2168,7,7,0,1.1248,1.14537,0.020568,0,1,1,0
71,1706,1,0.0492269,0.0492269,0.729002,0.725889,0.00311321,34.916,34.9036,12,12,0,0.652432,0.665232,0.0128,0,0,1,0
71,1706,2,0.0137665,0.0137665,0.553075,0.577311,0.0242361,34.2123,34.3092,11,11,0,0.884333,0.943965,0.059632,0,1,0,0
71,1706,3,0.00639171,0.00639171,0.554404,0.556903,0.00249875,34.2176,34.2276,7,7,0,1.14537,1.12633,0.01904,0,1,1,0
71.1,1707,1,0.0423816,0.0423816,0.719409,0.729002,0.00959349,34.8776,34.916,12,12,0,0.665232,0.665608,0.000376,0,0,1,0
71.1,1707,2,0.0104755,0.0104755,0.554155,0.553075,0.00107968,34.2166,34.2123,11,11,0,0.943965,0.938997,0.004968,0,1,1,1
71.1,1707,3,0.00643607,0.00643607,0.56146,0.554404,0.00705558,34.2458,34.2176,7,7,0,1.12633,1.1205,0.005832,0,1,1,1
71.2,1708,1,0.0042959,0.0042959,0.716718,0.719409,0.00269049,34.8669,34.8776,12,12,0,0.665608,0.671232,0.005624,0,1,1,1
71.2,1708,2,0.00881702,0.00881702,0.544974,0.554155,0.0091809,34.1799,34.2166,11,11,0,0.938997,0.955549,0.016552,0,1,1,0
71.2,1708,3,0.000566233,0.000566233,0.561677,0.56146,0.000217259,34.2467,34.2458,7,7,0,1.1205,1.12211,0.001608,0,1,1,1
71.3,1709,1,0.00430855,0.00430855,0.719421,0.716718,0.00270265,34.8777,34.8669,12,12,0,0.671232,0.665584,0.005648,0,1,1,1
71.3,1709,2,0.00576201,0.00576201,0.550841,0.544974,0.00586671,34.2034,34.1799,11,11,0,0.955549,0.944861,0.010688,0,1,1,0
71.3,1709,3,0.00819037,0.00819037,0.559723,0.561677,0.00195408,34.2389,34.2467,7,7,0,1.12211,1.09727,0.02484,0,1,1,0
71.4,1710,1,0.00361453,0.00361453,0.717116,0.719421,0.00230497,34.8685,34.8777,12,12,0,0.665584,0.670392,0.004808,0,1,1,1
71.4,1710,2,0.00194232,0.00194232,0.55295,0.550841,0.00210899,34.2118,34.2034,11,11,0,0.944861,0.941133,0.003728,0,1,1,1
71.4,1710,3,0.00636512,0.00636512,0.560976,0.559723,0.00125325,34.2439,34.2389,7,7,0,1.09727,1.11692,0.019656,0,1,1,0
71.5,1711,1,0.000541881,0.000541881,0.717426,0.717116,0.000310183,34.8697,34.8685,12,12,0,0.670392,0.669736,0.000656,0,1,1,1
71.5,1711,2,0.0128611,0.0128611,0.541367,0.55295,0.0115824,34.1655,34.2118,11,11,0,0.941133,0.963149,0.022016,0,1,1,0
71.5,1711,3,0.00015777,0.00015777,0.561037,0.560976,6.05583e-05,34.2441,34.2439,7,7,0,1.11692,1.11737,0.000448,0,1,1,1
71.6,1712,1,0.0124242,0.0124242,0.710632,0.717426,0.00679374,34.8425,34.8697,12,12,0,0.669736,0.684224,0.014488,0,1,1,0
71.6,1712,2,0.00117175,0.00117175,0.540569,0.541367,0.000798941,34.1623,34.1655,11,11,0,0.963149,0.964725,0.001576,0,1,1,1
71.6,1712,3,0.0008508,0.0008508,0.560827,0.561037,0.000209928,34.2433,34.2441,7,7,0,1.11737,1.11504,0.002328,0,1,1,1
71.7,1713,1,0.0205075,0.0205075,0.700012,0.710632,0.0106202,34.8,34.8425,12,12,0,0.684224,0.707224,0.023,0,0,1,0
71.7,1713,2,0.0148564,0.0148564,0.530746,0.540569,0.00982273,34.123,34.1623,11,11,0,0.964725,0.987221,0.022496,0,1,1,0
71.7,1713,3,0.00279157,0.00279157,0.561782,0.560827,0.000955105,34.2471,34.2433,7,7,0,1.11504,1.12288,0.00784,0,1,1,1
71.8,1714,1,0.000274118,0.000274118,0.700137,0.700012,0.000124633,34.8005,34.8,12,12,0,0.707224,0.706936,0.000288,0,1,1,1
71.8,1714,2,0.0141605,0.0141605,0.540094,0.530746,0.00934786,34.1604,34.123,11,11,0,0.987221,0.965661,0.02156,0,1,1,0
71.8,1714,3,0.00279157,0.00279157,0.560827,0.561782,0.000955105,34.2433,34.2471,7,7,0,1.12288,1.11504,0.00784,0,1,1,1
71.9,1715,1,0.021572,0.021572,0.717359,0.700137,0.0172217,34.8694,34.8005,12,12,0,0.706936,0.684576,0.02236,0,0,1,0
71.9,1715,2,3.58969e-05,3.58969e-05,0.553387,0.540094,0.0132937,34.2135,34.1604,11,11,0,0.965661,0.965661,0,0,1,1,1
71.9,1715,3,0.00211261,0.00211261,0.561521,0.560827,0.000694573,34.2461,34.2433,7,7,0,1.11504,1.12095,0.005912,0,1,1,1
72,1716,1,0.0204896,0.0204896,0.707738,0.717359,0.00962085,34.831,34.8694,12,12,0,0.684576,0.706456,0.02188,0,0,1,0
72,1716,2,0.0122481,0.0122481,0.545393,0.553387,0.00799465,34.1816,34.2135,11,11,0,0.965661,0.984725,0.019064,0,1,1,0
72,1716,3,0.00665122,0.00665122,0.559894,0.561521,0.0016275,34.2396,34.2461,7,7,0,1.12095,1.10276,0.018192,0,1,1,0
72.1,1717,1,0.00115745,0.00115745,0.707222,0.707738,0.000515461,34.8289,34.831,12,12,0,0.706456,0.707672,0.001216,0,1,1,1
72.1,1717,2,0.000865065,0.000865065,0.515381,0.545393,0.0300118,34.0615,34.1816,11,11,0,0.984725,0.979773,0.004952,0,1,0,0
72.1,1717,3,0.0063639,0.0063639,0.561411,0.559894,0.00151724,34.2456,34.2396,7,7,0,1.10276,1.12014,0.017376,0,1,1,0
72.2,1718,1,0.0080071,0.0080071,0.710776,0.707222,0.00355381,34.8431,34.8289,12,12,0,0.707672,0.699264,0.008408,0,1,1,1
72.2,1718,2,0.00483372,0.00483372,0.518681,0.515381,0.00329995,34.0747,34.0615,11,11,0,0.979773,0.973109,0.006664,0,1,1,1
72.2,1718,3,0.00214173,0.00214173,0.560762,0.561411,0.000649273,34.243,34.2456,7,7,0,1.12014,1.11419,0.005952,0,1,1,1
72.3,1719,1,0.00924077,0.00924077,0.706672,0.710776,0.0041039,34.8267,34.8431,12,12,0,0.699264,0.708968,0.009704,1,1,1,1
72.3,1719,2,0.0065493,0.0065493,0.553387,0.518681,0.0347065,34.2135,34.0747,11,11,0,0.973109,0.965661,0.007448,1,1,0,0
72.3,1719,3,0.00130522,0.00130522,0.56109,0.560762,0.000327945,34.2444,34.243,7,7,0,1.11419,1.11776,0.003576,1,1,1,1
72.4,1720,1,0.0247222,0.0247222,0.718285,0.706672,0.0116132,34.8731,34.8267,12,12,0,0.708968,0.682528,0.02644,0,0,1,0
72.4,1720,2,0.0138321,0.0138321,0.563664,0.553387,0.0102763,34.2547,34.2135,11,11,0,0.965661,0.944157,0.021504,0,1,1,0
72.4,1720,3,0.00120174,0.00120174,0.560783,0.56109,0.000306726,34.2431,34.2444,7,7,0,1.11776,1.11447,0.003296,0,1,1,1
72.5,1721,1,0.0223311,0.0223311,0.707738,0.718285,0.0105477,34.831,34.8731,12,12,0,0.682528,0.706456,0.023928,0,0,1,0
72.5,1721,2,0.00289653,0.00289653,0.535497,0.563664,0.0281669,34.142,34.2547,11,11,0,0.944157,0.942389,0.001768,0,1,0,0
72.5,1721,3,0.00363842,0.00363842,0.562025,0.560783,0.00124198,34.2481,34.2431,7,7,0,1.11447,1.12468,0.010216,0,1,1,0
72.6,1722,1,0.00120316,0.00120316,0.708273,0.707738,0.000534952,34.8331,34.831,12,12,0,0.706456,0.705192,0.001264,0,1,1,1
72.6,1722,2,0.00776917,0.00776917,0.547454,0.535497,0.0119572,34.1898,34.142,11,11,0,0.942389,0.927837,0.014552,0,1,1,0
72.6,1722,3,0.0100969,0.0100969,0.559594,0.562025,0.00243104,34.2384,34.2481,7,7,0,1.12468,1.09157,0.033112,0,1,1,0
72.7,1723,1,0.00326642,0.00326642,0.709721,0.708273,0.00144851,34.8389,34.8331,12,12,0,0.705192,0.70176,0.003432,0,1,1,1
72.7,1723,2,0.00613362,0.00613362,0.539721,0.547454,0.00773281,34.1589,34.1898,11,11,0,0.927837,0.942213,0.014376,0,1,1,0
72.7,1723,3,0.00411353,0.00411353,0.560301,0.559594,0.000707209,34.2412,34.2384,7,7,0,1.09157,1.10812,0.016552,0,1,1,0
72.8,1724,1,0.0044848,0.0044848,0.707731,0.709721,0.00199026,34.8309,34.8389,12,12,0,0.70176,0.706472,0.004712,0,1,1,1
72.8,1724,2,0.0103631,0.0103631,0.553836,0.539721,0.014115,34.2153,34.1589,11,11,0,0.942213,0.915045,0.027168,0,1,1,0
72.8,1724,3,0.00355233,0.00355233,0.561092,0.560301,0.000790775,34.2444,34.2412,7,7,0,1.10812,1.11778,0.009656,0,1,1,1
72.9,1725,1,0.0223463,0.0223463,0.718285,0.707731,0.0105545,34.8731,34.8309,12,12,0,0.706472,0.682528,0.023944,0,0,1,0
72.9,1725,2,0.00215686,0.00215686,0.550291,0.553836,0.00354511,34.2012,34.2153,11,11,0,0.915045,0.922253,0.007208,0,1,1,1
72.9,1725,3,0.00156223,0.00156223,0.56071,0.561092,0.000381768,34.2428,34.2444,7,7,0,1.11778,1.11351,0.004272,0,1,1,1
73,1726,1,0.0223311,0.0223311,0.707738,0.718285,0.0105477,34.831,34.8731,12,12,0,0.682528,0.706456,0.023928,0,0,1,0
73,1726,2,0.00263562,0.00263562,0.546748,0.550291,0.0035432,34.187,34.2012,11,11,0,0.922253,0.929157,0.006904,0,1,1,1
73,1726,3,0.00144956,0.00144956,0.561049,0.56071,0.000338495,34.2442,34.2428,7,7,0,1.11351,1.11746,0.003952,0,1,1,1
73.1,1727,1,0.00391424,0.00391424,0.705992,0.707738,0.001746,34.824,34.831,12,12,0,0.706456,0.710568,0.004112,0,1,1,1
73.1,1727,2,0.00479248,0.00479248,0.553836,0.546748,0.0070883,34.2153,34.187,11,11,0,0.929157,0.915045,0.014112,0,1,1,0
73.1,1727,3,0.000562817,0.000562817,0.552285,0.561049,0.00876379,34.2091,34.2442,7,7,0,1.11746,1.10579,0.011672,0,1,1,0
73.2,1728,1,0.0122547,0.0122547,0.70047,0.705992,0.00552148,34.8019,34.824,12,12,0,0.710568,0.72344,0.012872,0,1,1,0
73.2,1728,2,0.00215404,0.00215404,0.550295,0.553836,0.00354117,34.2012,34.2153,11,11,0,0.915045,0.922245,0.0072,0,1,1,1
73.2,1728,3,0.00146769,0.00146769,0.552589,0.552285,0.000304222,34.2104,34.2091,7,7,0,1.10579,1.10979,0.004,0,1,1,1
73.3,1729,1,0.00102831,0.00102831,0.700003,0.70047,0.000467062,34.8,34.8019,12,12,0,0.72344,0.72452,0.00108,0,1,1,1
73.3,1729,2,0.00156032,0.00156032,0.5481,0.550295,0.00219536,34.1924,34.2012,11,11,0,0.922245,0.926629,0.004384,0,1,1,1
73.3,1729,3,0.00226544,0.00226544,0.553145,0.552589,0.000555575,34.2126,34.2104,7,7,0,1.10979,1.11676,0.006976,0,1,1,1
73.4,1730,1,0.00211748,0.00211748,0.700964,0.700003,0.000961244,34.8039,34.8,12,12,0,0.72452,0.722296,0.002224,1,1,1,1
73.4,1730,2,3.41982e-06,3.41982e-06,0.548095,0.5481,4.29153e-06,34.1924,34.1924,11,11,0,0.926629,0.926637,8e-06,1,1,1,1
73.4,1730,3,0.00128178,0.00128178,0.552778,0.553145,0.000366628,34.2111,34.2126,7,7,0,1.11676,1.11285,0.003912,1,1,1,1
73.5,1731,1,0.00474516,0.00474516,0.70311,0.700964,0.00214505,34.8124,34.8039,12,12,0,0.722296,0.717312,0.004984,2,1,1,1
73.5,1731,2,0.000698805,0.000698805,0.549049,0.548095,0.000953376,34.1962,34.1924,11,11,0,0.926637,0.924765,0.001872,2,1,1,1
73.5,1731,3,0.000210639,0.000210639,0.552818,0.552778,4.04716e-05,34.2113,34.2111,7,7,0,1.11285,1.11351,0.000656,2,1,1,1
73.6,1732,1,0.00686265,0.00686265,0.700003,0.70311,0.0031063,34.8,34.8124,12,12,0,0.717312,0.72452,0.007208,3,1,1,1
73.6,1732,2,0.000702202,0.000702202,0.548091,0.549049,0.000957608,34.1924,34.1962,11,11,0,0.924765,0.926645,0.00188,3,1,1,1
73.6,1732,3,0.00488608,0.00488608,0.551884,0.552818,0.000934005,34.2075,34.2113,7,7,0,1.11351,1.09735,0.016152,3,1,1,0
73.7,1733,1,0.0021479,0.0021479,0.700978,0.700003,0.000975072,34.8039,34.8,12,12,0,0.72452,0.722264,0.002256,0,1,1,1
73.7,1733,2,0.00214478,0.00214478,0.551212,0.548091,0.00312084,34.2048,34.1924,11,11,0,0.926645,0.920373,0.006272,0,1,1,1
73.7,1733,3,0.00488608,0.00488608,0.552818,0.551884,0.000934005,34.2113,34.2075,7,7,0,1.09735,1.11351,0.016152,0,1,1,0
73.8,1734,1,0.0194201,0.0194201,0.709677,0.700978,0.00869912,34.8387,34.8039,12,12,0,0.722264,0.701864,0.0204,0,1,1,0
73.8,1734,2,0.00058046,0.00058046,0.550291,0.551212,0.000920892,34.2012,34.2048,11,11,0,0.920373,0.922253,0.00188,0,1,1,1
73.8,1734,3,0.000243969,0.000243969,0.552865,0.552818,4.68493e-05,34.2115,34.2113,7,7,0,1.11351,1.11427,0.00076,0,1,1,1
73.9,1735,1,0.0186431,0.0186431,0.70133,0.709677,0.00834703,34.8053,34.8387,12,12,0,0.701864,0.721448,0.019584,0,1,1,0
73.9,1735,2,0.0015575,0.0015575,0.5481,0.550291,0.00219142,34.1924,34.2012,11,11,0,0.922253,0.926629,0.004376,0,1,1,1
73.9,1735,3,0.003702,0.003702,0.554272,0.552865,0.00140721,34.2171,34.2115,7,7,0,1.11427,1.12533,0.011064,0,1,1,0
74,1736,1,0.00816475,0.00816475,0.70501,0.70133,0.00367928,34.82,34.8053,12,12,0,0.721448,0.712872,0.008576,0,1,1,1
74,1736,2,0.00464463,0.00464463,0.542257,0.5481,0.00584233,34.169,34.1924,11,11,0,0.926629,0.937517,0.010888,0,1,1,0
74,1736,3,0.00829123,0.00829123,0.551955,0.554272,0.00231743,34.2078,34.2171,7,7,0,1.12533,1.10043,0.024896,0,1,1,0
74.1,1737,1,0.00162219,0.00162219,0.705736,0.70501,0.00072664,34.8229,34.82,12,12,0,0.712872,0.711168,0.001704,0,1,1,1
74.1,1737,2,0.00511765,0.00511765,0.548728,0.542257,0.00647056,34.1949,34.169,11,11,0,0.937517,0.925413,0.012104,0,1,1,0
74.1,1737,3,0.00247901,0.00247901,0.55245,0.551955,0.000495374,34.2098,34.2078,7,7,0,1.10043,1.10794,0.007504,0,1,1,1
74.2,1738,1,0.00613098,0.00613098,0.702982,0.705736,0.00275385,34.8119,34.8229,12,12,0,0.711168,0.717608,0.00644,0,1,1,1
74.2,1738,2,0.00490254,0.00490254,0.542529,0.548728,0.00619894,34.1701,34.1949,11,11,0,0.925413,0.937013,0.0116,0,1,1,0
74.2,1738,3,0.00245702,0.00245702,0.552956,0.55245,0.000505447,34.2118,34.2098,7,7,0,1.10794,1.11533,0.007392,0,1,1,1
74.3,1739,1,0.00211736,0.00211736,0.703936,0.702982,0.000953436,34.8157,34.8119,12,12,0,0.717608,0.715384,0.002224,0,1,1,1
74.3,1739,2,0.00236528,0.00236528,0.545509,0.542529,0.00298017,34.182,34.1701,11,11,0,0.937013,0.931469,0.005544,0,1,1,1
74.3,1739,3,0.00123721,0.00123721,0.553442,0.552956,0.000485837,34.2138,34.2118,7,7,0,1.11533,1.11902,0.003688,0,1,1,1
74.4,1740,1,0.0111262,0.0111262,0.708905,0.703936,0.004969,34.8356,34.8157,12,12,0,0.715384,0.703696,0.011688,1,1,1,0
74.4,1740,2,0.00505502,0.00505502,0.552583,0.545509,0.00707418,34.2103,34.182,11,11,0,0.931469,0.917565,0.013904,1,1,1,0
74.4,1740,3,0.00475616,0.00475616,0.552229,0.553442,0.0012123,34.2089,34.2138,7,7,0,1.11902,1.10507,0.013952,1,1,1,0
74.5,1741,1,0.00636621,0.00636621,0.70607,0.708905,0.0028348,34.8243,34.8356,12,12,0,0.703696,0.710384,0.006688,0,1,1,1
74.5,1741,2,0.00250425,0.00250425,0.557867,0.552583,0.00528347,34.2315,34.2103,11,11,0,0.917565,0.907853,0.009712,0,1,1,1
74.5,1741,3,0.00373368,0.00373368,0.55304,0.552229,0.000810862,34.2122,34.2089,7,7,0,1.10507,1.11597,0.010904,0,1,1,0
74.6,1742,1,0.00236854,0.00236854,0.70501,0.70607,0.00106043,34.82,34.8243,12,12,0,0.710384,0.712872,0.002488,0,1,1,1
74.6,1742,2,0.00297254,0.00297254,0.565031,0.557867,0.00716412,34.2601,34.2315,11,11,0,0.907853,0.896253,0.0116,0,1,1,0
74.6,1742,3,0.00529548,0.00529548,0.551936,0.55304,0.00110412,34.2077,34.2122,7,7,0,1.11597,1.09961,0.01636,0,1,1,0
74.7,1743,1,0.00763157,0.00763157,0.701572,0.70501,0.00343794,34.8063,34.82,12,12,0,0.712872,0.720888,0.008016,0,1,1,1
74.7,1743,2,0.0043444,0.0043444,0.554719,0.565031,0.0103121,34.2189,34.2601,11,11,0,0.896253,0.913357,0.017104,0,1,1,0
74.7,1743,3,0.00555313,0.00555313,0.553141,0.551936,0.00120533,34.2126,34.2077,7,7,0,1.09961,1.11674,0.017128,0,1,1,0
74.8,1744,1,0.0149675,0.0149675,0.692748,0.701572,0.00882357,34.771,34.8063,12,12,0,0.720888,0.739056,0.018168,0,1,1,0
74.8,1744,2,0.00155845,0.00155845,0.558319,0.554719,0.00360012,34.2333,34.2189,11,11,0,0.913357,0.907125,0.006232,0,1,1,1
74.8,1744,3,0.000378408,0.000378408,0.55329,0.553141,0.000148535,34.2132,34.2126,7,7,0,1.11674,1.11787,0.001128,0,1,1,1
74.9,1745,1,0.0027021,0.0027021,0.69091,0.692748,0.00183773,34.7636,34.771,12,12,0,0.739056,0.742608,0.003552,0,1,1,1
74.9,1745,2,0.000186592,0.000186592,0.557867,0.558319,0.000452101,34.2315,34.2333,11,11,0,0.907125,0.907853,0.000728,0,1,1,1
74.9,1745,3,0.00286406,0.00286406,0.552543,0.55329,0.000747263,34.2102,34.2132,7,7,0,1.11787,1.10914,0.008728,0,1,1,1
75,1746,1,0.00129632,0.00129632,0.691793,0.69091,0.000882804,34.7672,34.7636,12,12,0,0.742608,0.740904,0.001704,1,1,1,1
75,1746,2,4.08292e-06,4.08292e-06,0.557877,0.557867,9.95398e-06,34.2315,34.2315,11,11,0,0.907853,0.907837,1.6e-05,1,1,1,1
75,1746,3,0.00463882,0.00463882,0.560425,0.552543,0.0078823,34.2417,34.2102,7,7,0,1.10914,1.10975,0.000616,1,1,1,1
75.1,1747,1,0.00478625,0.00478625,0.688456,0.691793,0.00333768,34.7538,34.7672,12,12,0,0.740904,0.747344,0.00644,2,1,1,1
75.1,1747,2,0.00296846,0.00296846,0.565031,0.557877,0.00715417,34.2601,34.2315,11,11,0,0.907837,0.896253,0.011584,2,1,1,0
75.1,1747,3,0.00304351,0.00304351,0.55981,0.560425,0.000615358,34.2392,34.2417,7,7,0,1.10975,1.10111,0.008648,2,1,1,1
75.2,1748,1,0.000920961,0.000920961,0.681852,0.688456,0.00660342,34.7274,34.7538,12,12,0,0.747344,0.74512,0.002224,0,1,1,1
75.2,1748,2,0.00297254,0.00297254,0.557867,0.565031,0.00716412,34.2315,34.2601,11,11,0,0.896253,0.907853,0.0116,0,1,1,0
75.2,1748,3,0.00782077,0.00782077,0.561794,0.55981,0.00198388,34.2472,34.2392,7,7,0,1.10111,1.12297,0.021864,0,1,1,0
75.3,1749,1,0.0113993,0.0113993,0.689728,0.681852,0.00787556,34.7589,34.7274,12,12,0,0.74512,0.730136,0.014984,0,1,1,0
75.3,1749,2,0.00409122,0.00409122,0.55007,0.557867,0.00779706,34.2003,34.2315,11,11,0,0.907853,0.922701,0.014848,0,1,1,0
75.3,1749,3,0.00121687,0.00121687,0.561327,0.561794,0.000466943,34.2453,34.2472,7,7,0,1.12297,1.11951,0.003456,0,1,1,1
75.4,1750,1,0.00760801,0.00760801,0.68449,0.689728,0.00523812,34.738,34.7589,12,12,0,0.730136,0.740136,0.01,0,1,1,1
75.4,1750,2,0.00145567,0.00145567,0.545945,0.55007,0.0041244,34.1838,34.2003,11,11,0,0.922701,0.923045,0.000344,0,1,1,1
75.4,1750,3,0.00681342,0.00681342,0.563936,0.561327,0.00260949,34.2557,34.2453,7,7,0,1.11951,1.13886,0.019344,0,1,1,0
75.5,1751,1,0.00188049,0.00188049,0.683184,0.68449,0.00130594,34.7327,34.738,12,12,0,0.740136,0.742608,0.002472,0,1,1,1
75.5,1751,2,0.00254065,0.00254065,0.550099,0.545945,0.00415415,34.2004,34.1838,11,11,0,0.923045,0.914685,0.00836,0,1,1,1
75.5,1751,3,0.000428502,0.000428502,0.563772,0.563936,0.000163674,34.2551,34.2557,7,7,0,1.13886,1.13764,0.001216,0,1,1,1
75.6,1752,1,0.00498753,0.00498753,0.679144,0.683184,0.00403929,34.7166,34.7327,12,12,0,0.742608,0.750624,0.008016,1,1,1,1
75.6,1752,2,0.00390088,0.00390088,0.544209,0.550099,0.00589049,34.1768,34.2004,11,11,0,0.914685,0.926285,0.0116,1,1,1,0
75.6,1752,3,0.00305491,0.00305491,0.562604,0.563772,0.00116879,34.2504,34.2551,7,7,0,1.13764,1.12897,0.008672,1,1,1,1
75.7,1753,1,0.00688016,0.00688016,0.684498,0.679144,0.00535363,34.738,34.7166,12,12,0,0.750624,0.74012,0.010504,0,1,1,0
75.7,1753,2,3.43472e-06,3.43472e-06,0.544213,0.544209,4.35114e-06,34.1769,34.1768,11,11,0,0.926285,0.926277,8e-06,0,1,1,1
75.7,1753,3,0.00613062,0.00613062,0.564946,0.562604,0.00234288,34.2598,34.2504,7,7,0,1.12897,1.14637,0.0174,0,1,1,0
75.8,1754,1,0.00542921,0.00542921,0.680417,0.684498,0.00408119,34.7217,34.738,12,12,0,0.74012,0.748112,0.007992,0,1,1,1
75.8,1754,2,0.00332133,0.00332133,0.549068,0.544213,0.00485492,34.1963,34.1769,11,11,0,0.926277,0.916733,0.009544,0,1,1,1
75.8,1754,3,0.00460046,0.00460046,0.563189,0.564946,0.00175714,34.2528,34.2598,7,7,0,1.14637,1.13331,0.013056,0,1,1,0
75.9,1755,1,0.00295239,0.00295239,0.682777,0.680417,0.00236022,34.7311,34.7217,12,12,0,0.748112,0.743376,0.004736,0,1,1,1
75.9,1755,2,0.0056728,0.0056728,0.541244,0.549068,0.00782388,34.165,34.1963,11,11,0,0.916733,0.931789,0.015056,0,1,1,0
75.9,1755,3,0.00130488,0.00130488,0.563688,0.563189,0.00049901,34.2548,34.2528,7,7,0,1.13331,1.13702,0.003704,0,1,1,1
76,1756,1,0.00246469,0.00246469,0.68449,0.682777,0.00171256,34.738,34.7311,12,12,0,0.743376,0.740136,0.00324,0,1,1,1
76,1756,2,0.00265847,0.00265847,0.5446,0.541244,0.00335562,34.1784,34.165,11,11,0,0.931789,0.925557,0.006232,0,1,1,1
76,1756,3,0.00642135,0.00642135,0.561228,0.563688,0.0024603,34.2449,34.2548,7,7,0,1.13702,1.11879,0.018232,0,1,1,0
76.1,1757,1,0.00122232,0.00122232,0.69091,0.68449,0.00642085,34.7636,34.738,12,12,0,0.740136,0.742608,0.002472,0,1,1,1
76.1,1757,2,0.000310443,0.000310443,0.544209,0.5446,0.000391006,34.1768,34.1784,11,11,0,0.925557,0.926285,0.000728,0,1,1,1
76.1,1757,3,0.0052912,0.0052912,0.563256,0.561228,0.00202811,34.253,34.2449,7,7,0,1.11879,1.13381,0.015024,0,1,1,0
76.2,1758,1,0.00575298,0.00575298,0.686646,0.69091,0.00426406,34.7466,34.7636,12,12,0,0.742608,0.750624,0.008016,0,1,1,1
76.2,1758,2,0,0,0.544209,0.544209,0,34.1768,34.1768,11,11,0,0.926285,0.926285,0,0,1,1,1
76.2,1758,3,0.00387872,0.00387872,0.564738,0.563256,0.00148171,34.259,34.253,7,7,0,1.13381,1.14482,0.011008,0,1,1,0
76.3,1759,1,0.00763962,0.00763962,0.692195,0.686646,0.00554818,34.7688,34.7466,12,12,0,0.750624,0.740128,0.010496,0,1,1,0
76.3,1759,2,0.00332477,0.00332477,0.549068,0.544209,0.00485927,34.1963,34.1768,11,11,0,0.926285,0.916733,0.009552,0,1,1,1
76.3,1759,3,0.0056344,0.0056344,0.562584,0.564738,0.00215369,34.2503,34.259,7,7,0,1.14482,1.12883,0.015992,0,1,1,0
76.4,1760,1,0.00187443,0.00187443,0.690919,0.692195,0.00127572,34.7637,34.7688,12,12,0,0.740128,0.742592,0.002464,0,1,1,1
76.4,1760,2,0.000456885,0.000456885,0.54833,0.549068,0.000738263,34.1933,34.1963,11,11,0,0.916733,0.918237,0.001504,0,1,1,1
76.4,1760,3,0.0127292,0.0127292,0.567458,0.562584,0.00487369,34.2698,34.2503,7,7,0,1.12883,1.16572,0.036896,0,1,1,0
76.5,1761,1,0.00456194,0.00456194,0.687609,0.690919,0.00330943,34.7504,34.7637,12,12,0,0.742592,0.74888,0.006288,0,1,1,1
76.5,1761,2,0.0120807,0.0120807,0.532134,0.54833,0.0161957,34.1285,34.1933,11,11,0,0.918237,0.948445,0.030208,0,1,1,0
76.5,1761,3,0.00512574,0.00512574,0.56549,0.567458,0.00196797,34.262,34.2698,7,7,0,1.16572,1.15046,0.015264,0,1,1,0
76.6,1762,1,0.00641198,0.00641198,0.692178,0.687609,0.00456858,34.7687,34.7504,12,12,0,0.74888,0.74016,0.00872,0,1,1,1
76.6,1762,2,0.00316025,0.00316025,0.536542,0.532134,0.00440735,34.1462,34.1285,11,11,0,0.948445,0.940469,0.007976,0,1,1,1
76.6,1762,3,0.00459772,0.00459772,0.573144,0.56549,0.00765371,34.2926,34.262,7,7,0,1.15046,1.15109,0.000632,0,1,1,1
76.7,1763,1,0.010765,0.010765,0.699282,0.692178,0.00710434,34.7971,34.7687,12,12,0,0.74016,0.726184,0.013976,1,1,1,0
76.7,1763,2,0.00845787,0.00845787,0.525582,0.536542,0.0109597,34.1023,34.1462,11,11,0,0.940469,0.959869,0.0194,1,1,1,0
76.7,1763,3,0.000659563,0.000659563,0.573392,0.573144,0.000248075,34.2936,34.2926,7,7,0,1.15109,1.15296,0.001872,1,1,1,1
76.8,1764,1,0.00752713,0.00752713,0.694371,0.699282,0.00491095,34.7775,34.7971,12,12,0,0.726184,0.735904,0.00972,0,1,1,1
76.8,1764,2,0.00529761,0.00529761,0.532134,0.525582,0.00655234,34.1285,34.1023,11,11,0,0.959869,0.948445,0.011424,0,1,1,0
76.8,1764,3,0.000394661,0.000394661,0.57354,0.573392,0.000148416,34.2942,34.2936,7,7,0,1.15296,1.15408,0.00112,0,1,1,1
76.9,1765,1,0.0049486,0.0049486,0.697699,0.694371,0.00332731,34.7908,34.7775,12,12,0,0.735904,0.7294,0.006504,0,1,1,1
76.9,1765,2,0.00486083,0.00486083,0.538704,0.532134,0.00656998,34.1548,34.1285,11,11,0,0.948445,0.936485,0.01196,0,1,1,0
76.9,1765,3,0.00112763,0.00112763,0.573964,0.57354,0.00042367,34.2959,34.2942,7,7,0,1.15408,1.15728,0.0032,0,1,1,1
77,1766,1,0.00553289,0.00553289,0.693977,0.697699,0.00372213,34.7759,34.7908,12,12,0,0.7294,0.736672,0.007272,0,1,1,1
77,1766,2,0.00307164,0.00307164,0.534775,0.538704,0.0039295,34.1391,34.1548,11,11,0,0.936485,0.943709,0.007224,0,1,1,1
77,1766,3,0.00236227,0.00236227,0.573076,0.573964,0.00088799,34.2923,34.2959,7,7,0,1.15728,1.15058,0.006704,0,1,1,1
77.1,1767,1,0.00811142,0.00811142,0.699282,0.693977,0.00530577,34.7971,34.7759,12,12,0,0.736672,0.726184,0.010488,1,1,1,0
77.1,1767,2,0.0027168,0.0027168,0.503237,0.534775,0.0315382,34.0129,34.1391,11,11,0,0.943709,0.945757,0.002048,1,1,0,0
77.1,1767,3,0.00255608,0.00255608,0.572113,0.573076,0.000962734,34.2885,34.2923,7,7,0,1.15058,1.14332,0.007256,1,1,1,1
77.2,1768,1,0.00752713,0.00752713,0.694371,0.699282,0.00491095,34.7775,34.7971,12,12,0,0.726184,0.735904,0.00972,0,1,1,1
77.2,1768,2,0.000469714,0.000469714,0.502418,0.503237,0.000818133,34.0097,34.0129,11,11,0,0.945757,0.948445,0.002688,0,1,1,1
77.2,1768,3,0.000659429,0.000659429,0.571864,0.572113,0.000248611,34.2875,34.2885,7,7,0,1.14332,1.14145,0.001872,0,1,1,1
77.3,1769,1,0.000584291,0.000584291,0.693977,0.694371,0.000394821,34.7759,34.7775,12,12,0,0.735904,0.736672,0.000768,1,1,1,1
77.3,1769,2,0.000805765,0.000805765,0.504788,0.502418,0.00236911,34.0192,34.0097,11,11,0,0.948445,0.940469,0.007976,1,1,1,1
77.3,1769,3,0.000662185,0.000662185,0.572114,0.571864,0.000249684,34.2885,34.2875,7,7,0,1.14145,1.14333,0.00188,1,1,1,1
77.4,1770,1,0.00418766,0.00418766,0.696797,0.693977,0.00282061,34.7872,34.7759,12,12,0,0.736672,0.731168,0.005504,2,1,1,1
77.4,1770,2,6.96629e-06,6.96629e-06,0.505,0.504788,0.000212789,34.02,34.0192,11,11,0,0.940469,0.939725,0.000744,2,1,1,1
77.4,1770,3,0.0112987,0.0112987,0.576523,0.572114,0.00440937,34.3061,34.2885,7,7,0,1.14333,1.17662,0.033288,2,1,1,0
77.5,1771,1,0.00267257,0.00267257,0.68399,0.696797,0.0128071,34.736,34.7872,12,12,0,0.731168,0.726184,0.004984,0,1,1,1
77.5,1771,2,0.000329085,0.000329085,0.503237,0.505,0.00176376,34.0129,34.02,11,11,0,0.939725,0.945757,0.006032,0,1,1,1
77.5,1771,3,0.0020654,0.0020654,0.578291,0.576523,0.00176716,34.3132,34.3061,7,7,0,1.17662,1.18766,0.01104,0,1,1,0
77.6,1772,1,0.00817678,0.00817678,0.678492,0.68399,0.00549793,34.714,34.736,12,12,0,0.726184,0.736672,0.010488,0,1,1,0
77.6,1772,2,0.00046549,0.00046549,0.502426,0.503237,0.000810802,34.0097,34.0129,11,11,0,0.945757,0.948421,0.002664,0,1,1,1
77.6,1772,3,0.00127306,0.00127306,0.577028,0.578291,0.00126237,34.3081,34.3132,7,7,0,1.18766,1.18039,0.007264,0,1,1,1
77.7,1773,1,0.00609881,0.00609881,0.682762,0.678492,0.00426942,34.731,34.714,12,12,0,0.736672,0.728656,0.008016,0,1,1,1
77.7,1773,2,0.00125257,0.00125257,0.500578,0.502426,0.00184751,34.0023,34.0097,11,11,0,0.948421,0.940461,0.00796,0,1,1,1
77.7,1773,3,0.00127306,0.00127306,0.578291,0.577028,0.00126237,34.3132,34.3081,7,7,0,1.18039,1.18766,0.007264,0,1,1,1
77.8,1774,1,0.00309303,0.00309303,0.673137,0.682762,0.00962424,34.6925,34.731,12,12,0,0.728656,0.731856,0.0032,1,1,1,1
77.8,1774,2,0.00229395,0.00229395,0.496167,0.500578,0.00441122,33.9847,34.0023,11,11,0,0.940461,0.955293,0.014832,1,1,1,0
77.8,1774,3,0.00438506,0.00438506,0.575488,0.578291,0.00280303,34.302,34.3132,7,7,0,1.18766,1.16881,0.018848,1,1,1,0
77.9,1775,1,0.0326369,0.0326369,0.692772,0.673137,0.0196343,34.7711,34.6925,12,12,0,0.731856,0.776376,0.04452,0,0,1,0
77.9,1775,2,0.00183076,0.00183076,0.486569,0.496167,0.00959849,33.9463,33.9847,11,11,0,0.955293,0.945037,0.010256,0,1,1,0
77.9,1775,3,0.00233641,0.00233641,0.576534,0.575488,0.00104654,34.3061,34.302,7,7,0,1.16881,1.1767,0.007888,0,1,1,1
78,1776,1,0.0264803,0.0264803,0.673288,0.692772,0.0194833,34.6932,34.7711,12,12,0,0.776376,0.813136,0.03676,0,0,1,0
78,1776,2,0.0207269,0.0207269,0.518853,0.486569,0.0322847,34.0754,33.9463,11,11,0,0.945037,0.881293,0.063744,0,0,0,0
78,1776,3,0.00220001,0.00220001,0.57849,0.576534,0.00195628,34.314,34.3061,7,7,0,1.1767,1.18869,0.011992,0,1,1,0
78.1,1777,1,0.0538404,0.0538404,0.669356,0.673288,0.00393248,34.6774,34.6932,12,12,0,0.813136,0.738792,0.074344,0,0,1,0
78.1,1777,2,0.0144323,0.0144323,0.537616,0.518853,0.0187629,34.1505,34.0754,11,11,0,0.881293,0.930885,0.049592,0,1,1,0
78.1,1777,3,0.00119073,0.00119073,0.580343,0.57849,0.00185245,34.3214,34.314,7,7,0,1.18869,1.19871,0.010016,0,1,1,0
78.2,1778,1,0.011242,0.011242,0.660293,0.669356,0.00906271,34.6412,34.6774,12,12,0,0.738792,0.760024,0.021232,0,1,1,0
78.2,1778,2,0.0152697,0.0152697,0.518938,0.537616,0.0186779,34.0758,34.1505,11,11,0,0.930885,0.964485,0.0336,0,1,1,0
78.2,1778,3,0.00313221,0.00313221,0.576699,0.580343,0.00364393,34.3068,34.3214,7,7,0,1.19871,1.17793,0.020776,0,1,1,0
78.3,1779,1,0.00226043,0.00226043,0.662045,0.660293,0.00175154,34.6482,34.6412,12,12,0,0.760024,0.756344,0.00368,0,1,1,1
78.3,1779,2,0.00181567,0.00181567,0.517557,0.518938,0.00138134,34.0702,34.0758,11,11,0,0.964485,0.967357,0.002872,0,1,1,1
78.3,1779,3,0.0026066,0.0026066,0.579479,0.576699,0.0027799,34.3179,34.3068,7,7,0,1.17793,1.19397,0.01604,0,1,1,0
78.4,1780,1,0.0169759,0.0169759,0.651926,0.662045,0.010119,34.6077,34.6482,12,12,0,0.756344,0.779,0.022656,0,1,1,0
78.4,1780,2,0.0152002,0.0152002,0.508225,0.517557,0.009332,34.0329,34.0702,11,11,0,0.967357,0.990573,0.023216,0,1,1,0
78.4,1780,3,0.00208955,0.00208955,0.577028,0.579479,0.00245059,34.3081,34.3179,7,7,0,1.19397,1.18039,0.013576,0,1,1,0
78.5,1781,1,0.00812364,0.00812364,0.655941,0.651926,0.00401521,34.6238,34.6077,12,12,0,0.779,0.769184,0.009816,0,1,1,1
78.5,1781,2,0.0114337,0.0114337,0.514797,0.508225,0.00657177,34.0592,34.0329,11,11,0,0.990573,0.972837,0.017736,0,1,1,0
78.5,1781,3,0.00191045,0.00191045,0.575937,0.577028,0.00109088,34.3037,34.3081,7,7,0,1.18039,1.17222,0.008176,0,1,1,1
78.6,1782,1,0.00409098,0.00409098,0.65837,0.655941,0.0024296,34.6335,34.6238,12,12,0,0.769184,0.763816,0.005368,0,1,1,1
78.6,1782,2,0.00117281,0.00117281,0.513966,0.514797,0.000830531,34.0559,34.0592,11,11,0,0.972837,0.974413,0.001576,0,1,1,1
78.6,1782,3,0.00139512,0.00139512,0.5767,0.575937,0.000762582,34.3068,34.3037,7,7,0,1.17222,1.17794,0.00572,0,1,1,1
78.7,1783,1,0.0341493,0.0341493,0.697147,0.65837,0.0387765,34.7886,34.6335,12,12,0,0.763816,0.77468,0.010864,1,0,0,0
78.7,1783,2,0.0074877,0.0074877,0.490329,0.513966,0.0236372,33.9613,34.0559,11,11,0,0.974413,0.982933,0.00852,1,1,0,0
78.7,1783,3,0.00260299,0.00260299,0.579476,0.5767,0.00277597,34.3179,34.3068,7,7,0,1.17794,1.19395,0.016016,1,1,1,0
78.8,1784,1,0.00902372,0.00902372,0.724631,0.697147,0.027484,34.8985,34.7886,12,12,0,0.77468,0.799416,0.024736,0,1,0,0
78.8,1784,2,0.00750793,0.00750793,0.49034,0.490329,1.12355e-05,33.9614,33.9613,11,11,0,0.982933,0.945733,0.0372,0,1,1,0
78.8,1784,3,0.00208428,0.00208428,0.57703,0.579476,0.00244552,34.3081,34.3179,7,7,0,1.19395,1.18041,0.013544,0,1,1,0
78.9,1785,1,0.0174744,0.0174744,0.709335,0.724631,0.0152955,34.8373,34.8985,12,12,0,0.799416,0.845896,0.04648,0,1,1,0
78.9,1785,2,0.0146839,0.0146839,0.547344,0.49034,0.0570034,34.1894,33.9614,11,11,0,0.945733,0.897469,0.048264,0,1,0,0
78.9,1785,3,0.00191384,0.00191384,0.575937,0.57703,0.00109303,34.3037,34.3081,7,7,0,1.18041,1.17222,0.008192,0,1,1,1
79,1786,1,0.0380998,0.0380998,0.708956,0.709335,0.000379086,34.8358,34.8373,12,12,0,0.845896,0.74968,0.096216,0,0,1,0
79,1786,2,0.00624207,0.00624207,0.541547,0.547344,0.00579709,34.1662,34.1894,11,11,0,0.897469,0.931229,0.03376,0,1,1,0
79,1786,3,0.00930418,0.00930418,0.572444,0.575937,0.00349301,34.2898,34.3037,7,7,0,1.17222,1.14582,0.0264,0,1,1,0
79.1,1787,1,0.00756318,0.00756318,0.701552,0.708956,0.00740391,34.8062,34.8358,12,12,0,0.74968,0.764928,0.015248,0,1,1,0
79.1,1787,2,0.0179689,0.0179689,0.521687,0.541547,0.0198592,34.0867,34.1662,11,11,0,0.931229,0.967357,0.036128,0,1,1,0
79.1,1787,3,0.0049163,0.0049163,0.570589,0.572444,0.00185549,34.2824,34.2898,7,7,0,1.14582,1.13186,0.01396,0,1,1,0
79.2,1788,1,0.00404127,0.00404127,0.697144,0.701552,0.0044089,34.7886,34.8062,12,12,0,0.764928,0.774688,0.00976,0,1,1,1
79.2,1788,2,0.0178137,0.0178137,0.511068,0.521687,0.0106199,34.0443,34.0867,11,11,0,0.967357,0.995141,0.027784,0,1,1,0
79.2,1788,3,0.0034228,0.0034228,0.571881,0.570589,0.00129259,34.2875,34.2824,7,7,0,1.13186,1.14158,0.00972,0,1,1,1
79.3,1789,1,0.00460054,0.00460054,0.702105,0.697144,0.00496191,34.8084,34.7886,12,12,0,0.774688,0.7638,0.010888,0,1,1,0
79.3,1789,2,0.0178055,0.0178055,0.517954,0.511068,0.00688612,34.0718,34.0443,11,11,0,0.995141,0.966533,0.028608,0,1,1,0
79.3,1789,3,0.00576581,0.00576581,0.569702,0.571881,0.00217932,34.2788,34.2875,7,7,0,1.14158,1.1252,0.016376,0,1,1,0
79.4,1790,1,0.00460054,0.00460054,0.697144,0.702105,0.00496191,34.7886,34.8084,12,12,0,0.7638,0.774688,0.010888,0,1,1,0
79.4,1790,2,0.00546031,0.00546031,0.513966,0.517954,0.00398737,34.0559,34.0718,11,11,0,0.966533,0.974413,0.00788,0,1,1,1
79.4,1790,3,0.00079127,0.00079127,0.570002,0.569702,0.000299633,34.28,34.2788,7,7,0,1.1252,1.12745,0.002248,0,1,1,1
79.5,1791,1,0.0116481,0.0116481,0.708999,0.697144,0.011855,34.836,34.7886,12,12,0,0.774688,0.749592,0.025096,0,1,1,0
79.5,1791,2,0.00748412,0.00748412,0.490329,0.513966,0.0236377,33.9613,34.0559,11,11,0,0.974413,0.982941,0.008528,0,1,0,0
79.5,1791,3,0.00497454,0.00497454,0.571881,0.570002,0.00187969,34.2875,34.28,7,7,0,1.12745,1.14158,0.014128,0,1,1,0
79.6,1792,1,0.0342138,0.0342138,0.700428,0.708999,0.00857043,34.8017,34.836,12,12,0,0.749592,0.839528,0.089936,0,0,1,0
79.6,1792,2,0.00720677,0.00720677,0.4898,0.490329,0.000528216,33.9592,33.9613,11,11,0,0.982941,0.947477,0.035464,0,1,1,0
79.6,1792,3,0.00989849,0.00989849,0.585775,0.571881,0.0138939,34.3431,34.2875,7,7,0,1.14158,1.18914,0.04756,0,1,1,0
79.7,1793,1,0.00359491,0.00359491,0.700065,0.700428,0.000363111,34.8003,34.8017,12,12,0,0.839528,0.84756,0.008032,0,1,1,1
79.7,1793,2,0.0119084,0.0119084,0.540588,0.4898,0.0507877,34.1624,33.9592,11,11,0,0.947477,0.910181,0.037296,0,1,0,0
79.7,1793,3,0.00621427,0.00621427,0.591759,0.585775,0.00598347,34.367,34.3431,7,7,0,1.18914,1.18041,0.008728,0,1,1,1
79.8,1794,1,0.00332273,0.00332273,0.686955,0.700065,0.01311,34.7478,34.8003,12,12,0,0.84756,0.862672,0.015112,0,1,1,0
79.8,1794,2,0.00305476,0.00305476,0.549463,0.540588,0.00887519,34.1979,34.1624,11,11,0,0.910181,0.908413,0.001768,0,1,1,1
79.8,1794,3,0.00384631,0.00384631,0.56239,0.591759,0.029369,34.2496,34.367,7,7,0,1.18041,1.12739,0.053024,0,1,0,0
79.9,1795,1,0.00891837,0.00891837,0.685983,0.686955,0.000971794,34.7439,34.7478,12,12,0,0.862672,0.827464,0.035208,0,1,1,0
79.9,1795,2,0.0351635,0.0351635,0.51068,0.549463,0.0387831,34.0427,34.1979,11,11,0,0.908413,0.982773,0.07436,0,0,0,0
79.9,1795,3,0.000642445,0.000642445,0.562636,0.56239,0.000246048,34.2505,34.2496,7,7,0,1.12739,1.12921,0.001824,0,1,1,1
80,1796,1,0.00163285,0.00163285,0.685711,0.685983,0.000272691,34.7428,34.7439,12,12,0,0.827464,0.820216,0.007248,0,1,1,1
80,1796,2,0.000102241,0.000102241,0.510627,0.51068,5.27501e-05,34.0425,34.0427,11,11,0,0.982773,0.982941,0.000168,0,1,1,1
80,1796,3,0.000932734,0.000932734,0.562993,0.562636,0.000357151,34.252,34.2505,7,7,0,1.12921,1.13186,0.002648,0,1,1,1
80.1,1797,1,0.000427157,0.000427157,0.685639,0.685711,7.14064e-05,34.7426,34.7428,12,12,0,0.820216,0.81832,0.001896,1,1,1,1
80.1,1797,2,0.0181885,0.0181885,0.492993,0.510627,0.0176345,33.972,34.0425,11,11,0,0.982941,0.966525,0.016416,1,1,1,0
80.1,1797,3,0.00341895,0.00341895,0.5643,0.562993,0.00130695,34.2572,34.252,7,7,0,1.13186,1.14156,0.009704,1,1,1,1
80.2,1798,1,0.00329394,0.00329394,0.711995,0.685639,0.0263555,34.848,34.7426,12,12,0,0.81832,0.814088,0.004232,0,1,0,0
80.2,1798,2,0.01116,0.01116,0.5009,0.492993,0.00790754,34.0036,33.972,11,11,0,0.966525,0.920157,0.046368,0,1,1,0
80.2,1798,3,0.0202582,0.0202582,0.584627,0.5643,0.0203274,34.3385,34.2572,7,7,0,1.14156,1.1252,0.01636,0,0,0,0
80.3,1799,1,0.00846417,0.00846417,0.686895,0.711995,0.0250996,34.7476,34.848,12,12,0,0.814088,0.864424,0.050336,0,1,0,0
80.3,1799,2,0.000957705,0.000957705,0.538575,0.5009,0.0376749,34.1543,34.0036,11,11,0,0.920157,0.929117,0.00896,0,1,0,0
80.3,1799,3,0.0202638,0.0202638,0.564302,0.584627,0.0203253,34.2572,34.3385,7,7,0,1.1252,1.14158,0.016376,0,0,0,0
80.4,1800,1,0.011331,0.011331,0.685711,0.686895,0.00118452,34.7428,34.7476,12,12,0,0.864424,0.820216,0.044208,0,1,1,0
80.4,1800,2,0.0302717,0.0302717,0.509656,0.538575,0.028919,34.0386,34.1543,11,11,0,0.929117,0.986029,0.056912,0,0,0,0
80.4,1800,3,0.00497157,0.00497157,0.562401,0.564302,0.00190151,34.2496,34.2572,7,7,0,1.14158,1.12747,0.014112,0,1,1,0
80.5,1801,1,0.00163285,0.00163285,0.685983,0.685711,0.000272691,34.7439,34.7428,12,12,0,0.820216,0.827464,0.007248,0,1,1,1
80.5,1801,2,0.0190143,0.0190143,0.491231,0.509656,0.018425,33.9649,34.0386,11,11,0,0.986029,0.972853,0.013176,0,1,1,0
80.5,1801,3,0.00216139,0.00216139,0.563228,0.562401,0.000827551,34.2529,34.2496,7,7,0,1.12747,1.1336,0.006136,0,1,1,1
80.6,1802,1,0.00538061,0.00538061,0.706705,0.685983,0.0207221,34.8268,34.7439,12,12,0,0.827464,0.828496,0.001032,0,1,0,0
80.6,1802,2,0.0109473,0.0109473,0.499185,0.491231,0.0079537,33.9967,33.9649,11,11,0,0.972853,0.923717,0.049136,0,1,1,0
80.6,1802,3,0.011813,0.011813,0.586708,0.563228,0.0234793,34.3468,34.2529,7,7,0,1.1336,1.14124,0.00764,0,1,0,0
80.7,1803,1,0.0107571,0.0107571,0.704076,0.706705,0.00262916,34.8163,34.8268,12,12,0,0.828496,0.856192,0.027696,0,1,1,0
80.7,1803,2,0.0210808,0.0210808,0.570592,0.499185,0.0714065,34.2824,33.9967,11,11,0,0.923717,0.856701,0.067016,0,0,0,0
80.7,1803,3,0.00123278,0.00123278,0.587161,0.586708,0.000453353,34.3486,34.3468,7,7,0,1.14124,1.14475,0.003504,0,1,1,1
80.8,1804,1,0.00117756,0.00117756,0.687517,0.704076,0.0165592,34.7501,34.8163,12,12,0,0.856192,0.880736,0.024544,0,1,1,0
80.8,1804,2,0.0240588,0.0240588,0.534386,0.570592,0.0362055,34.1375,34.2824,11,11,0,0.856701,0.936821,0.08012,0,0,0,0
80.8,1804,3,0.0122037,0.0122037,0.563849,0.587161,0.023312,34.2554,34.3486,7,7,0,1.14475,1.13821,0.006536,0,1,0,0
80.9,1805,1,0.0174131,0.0174131,0.685573,0.687517,0.00194347,34.7423,34.7501,12,12,0,0.880736,0.816576,0.06416,0,1,1,0
80.9,1805,2,0.04058,0.04058,0.503198,0.534386,0.0311884,34.0128,34.1375,11,11,0,0.936821,1.01368,0.076856,0,0,0,0
80.9,1805,3,0.0022378,0.0022378,0.562993,0.563849,0.000855803,34.252,34.2554,7,7,0,1.13821,1.13186,0.006352,0,1,1,1
81,1806,1,0.000659183,0.000659183,0.68246,0.685573,0.00311393,34.7298,34.7423,12,12,0,0.816576,0.82196,0.005384,0,1,1,1
81,1806,2,0.00159604,0.00159604,0.504079,0.503198,0.000881016,34.0163,34.0128,11,11,0,1.01368,1.01044,0.00324,0,1,1,1
81,1806,3,0.00341611,0.00341611,0.564299,0.562993,0.00130588,34.2572,34.252,7,7,0,1.13186,1.14155,0.009696,0,1,1,1
81.1,1807,1,0.0125679,0.0125679,0.736829,0.68246,0.0543694,34.9473,34.7298,12,12,0,0.82196,0.824928,0.002968,1,1,0,0
81.1,1807,2,0.0281364,0.0281364,0.509761,0.504079,0.00568235,34.039,34.0163,11,11,0,1.01044,0.989453,0.020984,1,0,1,0
81.1,1807,3,0.0105979,0.0105979,0.569701,0.564299,0.00540209,34.2788,34.2572,7,7,0,1.14155,1.12519,0.01636,1,1,1,0
81.2,1808,1,0.000424981,0.000424981,0.736769,0.736829,6.03795e-05,34.9471,34.9473,12,12,0,0.824928,0.827464,0.002536,0,1,1,1
81.2,1808,2,0.00298439,0.00298439,0.509449,0.509761,0.00031215,34.0378,34.039,11,11,0,0.989453,0.998093,0.00864,0,1,1,1
81.2,1808,3,0.00576867,0.00576867,0.571881,0.569701,0.00218046,34.2875,34.2788,7,7,0,1.12519,1.14158,0.016384,0,1,1,0
81.3,1809,1,0.00174132,0.00174132,0.737163,0.736769,0.000394344,34.9487,34.9471,12,12,0,0.827464,0.816592,0.010872,0,1,1,0
81.3,1809,2,0.00358304,0.00358304,0.490487,0.509449,0.0189615,33.9619,34.0378,11,11,0,0.998093,1.00681,0.00872,0,1,1,1
81.3,1809,3,0.00496886,0.00496886,0.570004,0.571881,0.00187755,34.28,34.2875,7,7,0,1.14158,1.12747,0.014112,0,1,1,0
81.4,1810,1,0.0192424,0.0192424,0.755179,0.737163,0.0180156,35.0207,34.9487,12,12,0,0.816592,0.832728,0.016136,0,1,1,0
81.4,1810,2,0.00907008,0.00907008,0.483526,0.490487,0.00696129,33.9341,33.9619,11,11,0,1.00681,0.971885,0.034928,0,1,1,0
81.4,1810,3,0.00459286,0.00459286,0.581023,0.570004,0.0110188,34.3241,34.28,7,7,0,1.12747,1.15424,0.026776,0,1,1,0
81.5,1811,1,0.0148276,0.0148276,0.766245,0.755179,0.0110664,35.065,35.0207,12,12,0,0.832728,0.885624,0.052896,0,1,1,0
81.5,1811,2,0.0393653,0.0393653,0.546157,0.483526,0.062631,34.1846,33.9341,11,11,0,0.971885,0.837541,0.134344,0,0,0,0
81.5,1811,3,0.000197023,0.000197023,0.562383,0.581023,0.0186393,34.2495,34.3241,7,7,0,1.15424,1.12734,0.026904,0,1,1,0
81.6,1812,1,0.00520523,0.00520523,0.761985,0.766245,0.00426024,35.0479,35.065,12,12,0,0.885624,0.913808,0.028184,0,1,1,0
81.6,1812,2,0.0151628,0.0151628,0.526653,0.546157,0.0195046,34.1066,34.1846,11,11,0,0.837541,0.882013,0.044472,0,1,1,0
81.6,1812,3,0.0115284,0.0115284,0.566796,0.562383,0.00441301,34.2672,34.2495,7,7,0,1.12734,1.16059,0.033248,0,1,1,0
81.7,1813,1,0.014609,0.014609,0.673824,0.761985,0.0881604,34.6953,35.0479,12,12,0,0.913808,0.884776,0.029032,0,1,0,0
81.7,1813,2,0.0243713,0.0243713,0.535662,0.526653,0.00900966,34.1426,34.1066,11,11,0,0.882013,0.960733,0.07872,0,0,1,0
81.7,1813,3,0.0144976,0.0144976,0.561244,0.566796,0.00555205,34.245,34.2672,7,7,0,1.16059,1.11891,0.04168,0,1,1,0
81.8,1814,1,0.00116271,0.00116271,0.634624,0.673824,0.0392,34.5385,34.6953,12,12,0,0.884776,0.896456,0.01168,0,1,0,0
81.8,1814,2,0.0268217,0.0268217,0.523042,0.535662,0.0126202,34.0922,34.1426,11,11,0,0.960733,1.00472,0.043984,0,0,1,0
81.8,1814,3,0.00991772,0.00991772,0.567814,0.561244,0.00656968,34.2713,34.245,7,7,0,1.11891,1.10513,0.013776,0,1,1,0
81.9,1815,1,0.0410899,0.0410899,0.638757,0.634624,0.00413311,34.555,34.5385,12,12,0,0.896456,0.82196,0.074496,0,0,1,0
81.9,1815,2,0.0249925,0.0249925,0.509872,0.523042,0.0131698,34.0395,34.0922,11,11,0,1.00472,0.988157,0.01656,0,0,1,0
81.9,1815,3,0.00615985,0.00615985,0.56927,0.567814,0.00145608,34.2771,34.2713,7,7,0,1.10513,1.12196,0.016832,0,1,1,0
82,1816,1,0.0018196,0.0018196,0.638123,0.638757,0.000634253,34.5525,34.555,12,12,0,0.82196,0.824952,0.002992,0,1,1,1
82,1816,2,0.00723477,0.00723477,0.509567,0.509872,0.000305176,34.0383,34.0395,11,11,0,0.988157,1.01325,0.025088,0,1,1,0
82,1816,3,0.00207103,0.00207103,0.579364,0.56927,0.0100943,34.3175,34.2771,7,7,0,1.12196,1.14158,0.019616,0,1,1,0
82.1,1817,1,0.000652291,0.000652291,0.682668,0.638123,0.0445452,34.7307,34.5525,12,12,0,0.824952,0.827464,0.002512,0,1,0,0
82.1,1817,2,0.000863682,0.000863682,0.490403,0.509567,0.0191638,33.9616,34.0383,11,11,0,1.01325,1.00208,0.011168,0,1,1,0
82.1,1817,3,0.0301781,0.0301781,0.551579,0.579364,0.0277851,34.2063,34.3175,7,7,0,1.14158,1.13186,0.00972,0,0,0,0
82.2,1818,1,0.0169026,0.0169026,0.699935,0.682668,0.0172663,34.7997,34.7307,12,12,0,0.827464,0.854056,0.026592,0,1,1,0
82.2,1818,2,0.000756938,0.000756938,0.481811,0.490403,0.00859249,33.9272,33.9616,11,11,0,1.00208,0.994013,0.008064,0,1,1,1
82.2,1818,3,0.00170253,0.00170253,0.5606,0.551579,0.00902086,34.2424,34.2063,7,7,0,1.13186,1.14759,0.015736,0,1,1,0
82.3,1819,1,0.0153868,0.0153868,0.75087,0.699935,0.050935,35.0035,34.7997,12,12,0,0.854056,0.838296,0.01576,0,1,0,0
82.3,1819,2,0.033816,0.033816,0.525361,0.481811,0.0435505,34.1014,33.9272,11,11,0,0.994013,0.877317,0.116696,0,0,0,0
82.3,1819,3,0.00416191,0.00416191,0.559101,0.5606,0.00149888,34.2364,34.2424,7,7,0,1.14759,1.13668,0.010912,0,1,1,0
82.4,1820,1,0.0148295,0.0148295,0.763492,0.75087,0.012622,35.054,35.0035,12,12,0,0.838296,0.881216,0.04292,0,1,1,0
82.4,1820,2,0.0136215,0.0136215,0.506031,0.525361,0.0193306,34.0241,34.1014,11,11,0,0.877317,0.918341,0.041024,0,1,1,0
82.4,1820,3,0.0165949,0.0165949,0.539507,0.559101,0.0195943,34.158,34.2364,7,7,0,1.13668,1.14765,0.010968,0,1,1,0
82.5,1821,1,0.0136496,0.0136496,0.718979,0.763492,0.0445122,34.8759,35.054,12,12,0,0.881216,0.885096,0.00388,0,1,0,0
82.5,1821,2,0.0043893,0.0043893,0.543767,0.506031,0.0377364,34.1751,34.0241,11,11,0,0.918341,0.946045,0.027704,0,1,0,0
82.5,1821,3,0.0257528,0.0257528,0.530866,0.539507,0.00864094,34.1235,34.158,7,7,0,1.14765,1.06856,0.079088,0,0,1,0
82.6,1822,1,0.00514604,0.00514604,0.688613,0.718979,0.0303664,34.7545,34.8759,12,12,0,0.885096,0.912256,0.02716,0,1,0,0
82.6,1822,2,0.0453392,0.0453392,0.519323,0.543767,0.0244446,34.0773,34.1751,11,11,0,0.946045,1.0309,0.084856,0,0,0,0
82.6,1822,3,0.00485194,0.00485194,0.549349,0.530866,0.0184827,34.1974,34.1235,7,7,0,1.06856,1.10764,0.03908,0,1,1,0
82.7,1823,1,0.0197227,0.0197227,0.68352,0.688613,0.00509351,34.7341,34.7545,12,12,0,0.912256,0.849696,0.06256,0,1,1,0
82.7,1823,2,0.019986,0.019986,0.509802,0.519323,0.00952011,34.0392,34.0773,11,11,0,1.0309,1.04977,0.018872,0,1,1,0
82.7,1823,3,0.00328237,0.00328237,0.575398,0.549349,0.0260495,34.3016,34.1974,7,7,0,1.10764,1.14156,0.03392,0,1,0,0
82.8,1824,1,0.00254562,0.00254562,0.683101,0.68352,0.000418544,34.7324,34.7341,12,12,0,0.849696,0.83884,0.010856,0,1,1,0
82.8,1824,2,0.00535046,0.00535046,0.509547,0.509802,0.000255108,34.0382,34.0392,11,11,0,1.04977,1.03022,0.019552,0,1,1,0
82.8,1824,3,0.00537152,0.00537152,0.573509,0.575398,0.00188959,34.294,34.3016,7,7,0,1.14156,1.12747,0.014096,0,1,1,0
82.9,1825,1,0.0111289,0.0111289,0.737359,0.683101,0.0542584,34.9494,34.7324,12,12,0,0.83884,0.848928,0.010088,0,1,0,0
82.9,1825,2,0.00527272,0.00527272,0.509792,0.509547,0.000244439,34.0392,34.0382,11,11,0,1.03022,1.04952,0.019296,0,1,1,0
82.9,1825,3,0.00180418,0.00180418,0.572872,0.573509,0.00063628,34.2915,34.294,7,7,0,1.12747,1.12273,0.004736,0,1,1,1
83,1826,1,0.000229433,0.000229433,0.737321,0.737359,3.82066e-05,34.9493,34.9494,12,12,0,0.848928,0.847968,0.00096,0,1,1,1
83,1826,2,0.00120712,0.00120712,0.513753,0.509792,0.00396091,34.055,34.0392,11,11,0,1.04952,1.05229,0.002768,0,1,1,1
83,1826,3,0.00718183,0.00718183,0.5754,0.572872,0.00252789,34.3016,34.2915,7,7,0,1.12273,1.14158,0.018848,0,1,1,0
83.1,1827,1,0.000416785,0.000416785,0.737391,0.737321,6.93798e-05,34.9496,34.9493,12,12,0,0.847968,0.849712,0.001744,0,1,1,1
83.1,1827,2,0.00844049,0.00844049,0.51332,0.513753,0.000432551,34.0533,34.055,11,11,0,1.05229,1.01788,0.034408,0,1,1,0
83.1,1827,3,0.00276538,0.00276538,0.574428,0.5754,0.000971854,34.2977,34.3016,7,7,0,1.14158,1.13432,0.007256,0,1,1,1
83.2,1828,1,0.00445244,0.00445244,0.736688,0.737391,0.000703096,34.9468,34.9496,12,12,0,0.849712,0.830864,0.018848,0,1,1,0
83.2,1828,2,0.0114247,0.0114247,0.51416,0.51332,0.000839651,34.0566,34.0533,11,11,0,1.01788,1.06212,0.04424,0,1,1,0
83.2,1828,3,0.00194779,0.00194779,0.573743,0.574428,0.000685632,34.295,34.2977,7,7,0,1.13432,1.12921,0.005112,0,1,1,1
83.3,1829,1,0.00444861,0.00444861,0.73739,0.736688,0.000702441,34.9496,34.9468,12,12,0,0.830864,0.849696,0.018832,0,1,1,0
83.3,1829,2,0.0101534,0.0101534,0.494265,0.51416,0.0198947,33.9771,34.0566,11,11,0,1.06212,1.02474,0.037376,0,1,1,0
83.3,1829,3,0.00276486,0.00276486,0.574716,0.573743,0.000972986,34.2989,34.295,7,7,0,1.12921,1.13647,0.007256,0,1,1,1
83.4,1830,1,0.0097715,0.0097715,0.751884,0.73739,0.0144942,35.0075,34.9496,12,12,0,0.849696,0.831704,0.017992,0,1,1,0
83.4,1830,2,0.0140717,0.0140717,0.48853,0.494265,0.00573558,33.9541,33.9771,11,11,0,1.02474,0.951813,0.072928,0,1,1,0
83.4,1830,3,0.015656,0.015656,0.587117,0.574716,0.0124017,34.3485,34.2989,7,7,0,1.13647,1.18682,0.050352,0,1,1,0
83.5,1831,1,0.0118693,0.0118693,0.812868,0.751884,0.0609833,35.2515,35.0075,12,12,0,0.831704,0.879104,0.0474,0,1,0,0
83.5,1831,2,0.017966,0.017966,0.526191,0.48853,0.0376617,34.1048,33.9541,11,11,0,0.951813,0.890405,0.061408,0,1,0,0
83.5,1831,3,0.00178106,0.00178106,0.572553,0.587117,0.014565,34.2902,34.3485,7,7,0,1.18682,1.16356,0.023256,0,1,1,0
83.6,1832,1,0.000538856,0.000538856,0.807355,0.812868,0.00551254,35.2294,35.2515,12,12,0,0.879104,0.915344,0.03624,0,1,1,0
83.6,1832,2,0.00407188,0.00407188,0.536163,0.526191,0.00997204,34.1447,34.1048,11,11,0,0.890405,0.897869,0.007464,0,1,1,1
83.6,1832,3,0.0179698,0.0179698,0.550257,0.572553,0.0222952,34.201,34.2902,7,7,0,1.16356,1.07432,0.08924,0,1,0,0
83.7,1833,1,0.0203966,0.0203966,0.718063,0.807355,0.0892925,34.8723,35.2294,12,12,0,0.915344,0.895464,0.01988,0,0,0,0
83.7,1833,2,0.0149562,0.0149562,0.508784,0.536163,0.0273791,34.0351,34.1447,11,11,0,0.897869,0.965965,0.068096,0,1,0,0
83.7,1833,3,0.00126116,0.00126116,0.549887,0.550257,0.000370264,34.1995,34.201,7,7,0,1.07432,1.07029,0.004032,0,1,1,1
83.8,1834,1,0.00798781,0.00798781,0.691203,0.718063,0.02686,34.7648,34.8723,12,12,0,0.895464,0.912056,0.016592,0,1,0,0
83.8,1834,2,0.0119885,0.0119885,0.513352,0.508784,0.00456768,34.0534,34.0351,11,11,0,0.965965,1.01949,0.05352,0,1,1,0
83.8,1834,3,0.00952041,0.00952041,0.566048,0.549887,0.0161611,34.2642,34.1995,7,7,0,1.07029,1.06683,0.003456,0,1,1,1
83.9,1835,1,0.0214009,0.0214009,0.686476,0.691203,0.00472659,34.7459,34.7648,12,12,0,0.912056,0.840568,0.071488,0,0,1,0
83.9,1835,2,0.00297892,0.00297892,0.513049,0.513352,0.000303388,34.0522,34.0534,11,11,0,1.01949,1.0351,0.015616,0,1,1,0
83.9,1835,3,0.00728324,0.00728324,0.571393,0.566048,0.00534445,34.2856,34.2642,7,7,0,1.06683,1.11291,0.04608,0,1,1,0
84,1836,1,0.00214189,0.00214189,0.686825,0.686476,0.000349343,34.7473,34.7459,12,12,0,0.840568,0.849712,0.009144,0,1,1,1
84,1836,2,0.00119404,0.00119404,0.513437,0.513049,0.000388801,34.0537,34.0522,11,11,0,1.0351,1.03022,0.00488,0,1,1,1
84,1836,3,0.000639755,0.000639755,0.571905,0.571393,0.000511885,34.2876,34.2856,7,7,0,1.11291,1.11655,0.00364,0,1,1,1
84.1,1837,1,0.0136385,0.0136385,0.739544,0.686825,0.0527188,34.9582,34.7473,12,12,0,0.849712,0.8472,0.002512,1,1,0,0
84.1,1837,2,0.005648,0.005648,0.513649,0.513437,0.000211954,34.0546,34.0537,11,11,0,1.03022,1.04979,0.019568,1,1,1,0
84.1,1837,3,0.000638183,0.000638183,0.571395,0.571905,0.000509858,34.2856,34.2876,7,7,0,1.11655,1.11293,0.003624,1,1,1,1
84.2,1838,1,0.000600107,0.000600107,0.739643,0.739544,9.91821e-05,34.9586,34.9582,12,12,0,0.8472,0.849712,0.002512,0,1,1,1
84.2,1838,2,0.00668016,0.00668016,0.513448,0.513649,0.000201583,34.0538,34.0546,11,11,0,1.04979,1.02433,0.025464,0,1,1,0
84.2,1838,3,0.00347655,0.00347655,0.573267,0.571395,0.00187224,34.2931,34.2856,7,7,0,1.11293,1.12567,0.012736,0,1,1,0
84.3,1839,1,0.00962865,0.00962865,0.787591,0.739643,0.0479473,35.1504,34.9586,12,12,0,0.849712,0.839992,0.00972,0,1,0,0
84.3,1839,2,0.00429402,0.00429402,0.513323,0.513448,0.000124216,34.0533,34.0538,11,11,0,1.02433,1.04193,0.0176,0,1,1,0
84.3,1839,3,0.00347655,0.00347655,0.571395,0.573267,0.00187224,34.2856,34.2931,7,7,0,1.12567,1.11293,0.012736,0,1,1,0
84.4,1840,1,0.0207848,0.0207848,0.810542,0.787591,0.0229518,35.2422,35.1504,12,12,0,0.839992,0.837056,0.002936,0,0,0,0
84.4,1840,2,0.00310862,0.00310862,0.506137,0.513323,0.00718617,34.0245,34.0533,11,11,0,1.04193,1.05459,0.012664,0,1,1,0
84.4,1840,3,0.00818032,0.00818032,0.560821,0.571395,0.0105738,34.2433,34.2856,7,7,0,1.11293,1.11775,0.004816,0,1,1,1
84.5,1841,1,0.0141327,0.0141327,0.761284,0.810542,0.0492584,35.0451,35.2422,12,12,0,0.837056,0.89768,0.060624,0,1,0,0
84.5,1841,2,0.0215809,0.0215809,0.512193,0.506137,0.00605577,34.0488,34.0245,11,11,0,1.05459,0.953621,0.100968,0,0,1,0
84.5,1841,3,0.0184989,0.0184989,0.553017,0.560821,0.00780386,34.2121,34.2433,7,7,0,1.11775,1.02824,0.089504,0,1,1,0
84.6,1842,1,0.00256012,0.00256012,0.76092,0.761284,0.000363946,35.0437,35.0451,12,12,0,0.89768,0.88932,0.00836,0,1,1,1
84.6,1842,2,0.0018269,0.0018269,0.507217,0.512193,0.00497591,34.0289,34.0488,11,11,0,0.953621,0.972381,0.01876,0,1,1,0
84.6,1842,3,0.00143262,0.00143262,0.552792,0.553017,0.000224888,34.2112,34.2121,7,7,0,1.02824,1.03911,0.010872,0,1,1,0
84.7,1843,1,0.0237238,0.0237238,0.674229,0.76092,0.0866913,34.6969,35.0437,12,12,0,0.88932,0.888552,0.000768,0,0,0,0
84.7,1843,2,0.000851832,0.000851832,0.509882,0.507217,0.00266457,34.0395,34.0289,11,11,0,0.972381,0.961997,0.010384,0,1,1,0
84.7,1843,3,0.00262271,0.00262271,0.553215,0.552792,0.000422835,34.2129,34.2112,7,7,0,1.03911,1.01911,0.02,0,1,1,0
84.8,1844,1,0.00301463,0.00301463,0.636693,0.674229,0.037536,34.5468,34.6969,12,12,0,0.888552,0.88284,0.005712,0,1,0,0
84.8,1844,2,0.0117823,0.0117823,0.513267,0.509882,0.00338525,34.0531,34.0395,11,11,0,0.961997,1.01519,0.053192,0,1,1,0
84.8,1844,3,0.00223516,0.00223516,0.565251,0.553215,0.0120359,34.261,34.2129,7,7,0,1.01911,1.05435,0.03524,0,1,1,0
84.9,1845,1,0.0325378,0.0325378,0.686477,0.636693,0.0497838,34.7459,34.5468,12,12,0,0.88284,0.840584,0.042256,0,0,0,0
84.9,1845,2,0.00664694,0.00664694,0.513451,0.513267,0.00018388,34.0538,34.0531,11,11,0,1.01519,1.045,0.029808,0,1,1,0
84.9,1845,3,0.00991172,0.00991172,0.571905,0.565251,0.00665367,34.2876,34.261,7,7,0,1.05435,1.11655,0.0622,0,1,1,0
85,1846,1,0.000136912,0.000136912,0.686454,0.686477,2.28286e-05,34.7458,34.7459,12,12,0,0.840584,0.839976,0.000608,0,1,1,1
85,1846,2,0.00221156,0.00221156,0.513753,0.513451,0.000301838,34.055,34.0538,11,11,0,1.045,1.05229,0.007288,0,1,1,1
85,1846,3,0.00146393,0.00146393,0.572782,0.571905,0.0008775,34.2911,34.2876,7,7,0,1.11655,1.12206,0.005504,0,1,1,1
85.1,1847,1,0.00174875,0.00174875,0.740416,0.686454,0.0539623,34.9617,34.7458,12,12,0,0.839976,0.877376,0.0374,1,1,0,0
85.1,1847,2,0.00412661,0.00412661,0.513189,0.513753,0.000563443,34.0528,34.055,11,11,0,1.05229,1.03869,0.0136,1,1,1,0
85.1,1847,3,0.00210292,0.00210292,0.571394,0.572782,0.00138837,34.2856,34.2911,7,7,0,1.12206,1.11292,0.009136,1,1,1,1
85.2,1848,1,0.00901452,0.00901452,0.739643,0.740416,0.000772774,34.9586,34.9617,12,12,0,0.877376,0.849712,0.027664,0,1,1,0
85.2,1848,2,0.00276466,0.00276466,0.513567,0.513189,0.000377536,34.0543,34.0528,11,11,0,1.03869,1.0478,0.009112,0,1,1,1
85.2,1848,3,0.00965662,0.00965662,0.575441,0.571394,0.00404739,34.3018,34.2856,7,7,0,1.11292,1.14188,0.02896,0,1,1,0
85.3,1849,1,0.00971293,0.00971293,0.787667,0.739643,0.0480241,35.1507,34.9586,12,12,0,0.849712,0.838832,0.01088,0,1,0,0
85.3,1849,2,0.000152983,0.000152983,0.513588,0.513567,2.09212e-05,34.0544,34.0543,11,11,0,1.0478,1.0483,0.000504,0,1,1,1
85.3,1849,3,0.00887306,0.00887306,0.578547,0.575441,0.00310594,34.3142,34.3018,7,7,0,1.14188,1.16515,0.023272,0,1,1,0
85.4,1850,1,0.0195561,0.0195561,0.807198,0.787667,0.0195311,35.2288,35.1507,12,12,0,0.838832,0.838208,0.000624,0,1,1,1
85.4,1850,2,0.0028667,0.0028667,0.505423,0.513588,0.008165,34.0217,34.0544,11,11,0,1.0483,1.04065,0.007656,0,1,1,1
85.4,1850,3,0.00734623,0.00734623,0.568914,0.578547,0.00963253,34.2757,34.3142,7,7,0,1.16515,1.13659,0.02856,0,1,1,0
85.5,1851,1,0.00669771,0.00669771,0.757845,0.807198,0.0493531,35.0314,35.2288,12,12,0,0.838208,0.869232,0.031024,0,1,0,0
85.5,1851,2,0.0157123,0.0157123,0.507377,0.505423,0.00195414,34.0295,34.0217,11,11,0,1.04065,0.971613,0.069032,0,1,1,0
85.5,1851,3,0.0243803,0.0243803,0.559372,0.568914,0.00954258,34.2375,34.2757,7,7,0,1.13659,1.01809,0.118504,0,0,1,0
85.6,1852,1,0.00503658,0.00503658,0.758484,0.757845,0.000638187,35.0339,35.0314,12,12,0,0.869232,0.889312,0.02008,0,1,1,0
85.6,1852,2,0.000475544,0.000475544,0.508986,0.507377,0.00160885,34.0359,34.0295,11,11,0,0.971613,0.965237,0.006376,0,1,1,1
85.6,1852,3,0.0018104,0.0018104,0.559074,0.559372,0.000298142,34.2363,34.2375,7,7,0,1.01809,1.03198,0.013888,0,1,1,0
85.7,1853,1,0.0235257,0.0235257,0.670892,0.758484,0.0875912,34.6836,35.0339,12,12,0,0.889312,0.888552,0.00076,0,0,0,0
85.7,1853,2,1.74642e-05,1.74642e-05,0.510839,0.508986,0.00185364,34.0434,34.0359,11,11,0,0.965237,0.974117,0.00888,0,1,1,1
85.7,1853,3,0,0,0.559074,0.559074,0,34.2363,34.2363,7,7,0,1.03198,1.03198,0,0,1,1,1
85.8,1854,1,0.00889367,0.00889367,0.645411,0.670892,0.0254813,34.5816,34.6836,12,12,0,0.888552,0.913032,0.02448,0,1,0,0
85.8,1854,2,0.00231826,0.00231826,0.514079,0.510839,0.00323981,34.0563,34.0434,11,11,0,0.974117,0.985405,0.011288,0,1,1,0
85.8,1854,3,0.00638531,0.00638531,0.567148,0.559074,0.0080744,34.2686,34.2363,7,7,0,1.03198,1.07793,0.045952,0,1,1,0
85.9,1855,1,0.0389549,0.0389549,0.645086,0.645411,0.000324667,34.5803,34.5816,12,12,0,0.913032,0.83884,0.074192,0,0,1,0
85.9,1855,2,0.0170263,0.0170263,0.494079,0.514079,0.0199999,33.9763,34.0563,11,11,0,0.985405,1.05381,0.0684,0,1,1,0
85.9,1855,3,0.0345037,0.0345037,0.555127,0.567148,0.0120213,34.2205,34.2686,7,7,0,1.07793,1.15829,0.08036,0,0,1,0
86,1856,1,0.00124362,0.00124362,0.650286,0.645086,0.00519967,34.6011,34.5803,12,12,0,0.83884,0.836872,0.001968,0,1,1,1
86,1856,2,0.00705533,0.00705533,0.481898,0.494079,0.0121814,33.9276,33.9763,11,11,0,1.05381,1.01305,0.040752,0,1,1,0
86,1856,3,0.00260422,0.00260422,0.556071,0.555127,0.00094378,34.2243,34.2205,7,7,0,1.15829,1.16511,0.006824,0,1,1,1
86.1,1857,1,0.0134131,0.0134131,0.791605,0.650286,0.141319,35.1664,34.6011,12,12,0,0.836872,0.877112,0.04024,0,1,0,0
86.1,1857,2,0.0337664,0.0337664,0.563874,0.481898,0.0819764,34.2555,33.9276,11,11,0,1.01305,0.903605,0.109448,0,0,0,0
86.1,1857,3,0.0161948,0.0161948,0.577633,0.556071,0.021562,34.3105,34.2243,7,7,0,1.16511,1.15829,0.006824,0,1,0,0
86.2,1858,1,0.00847498,0.00847498,0.800795,0.791605,0.00919062,35.2032,35.1664,12,12,0,0.877112,0.885056,0.007944,0,1,1,1
86.2,1858,2,0.0293735,0.0293735,0.535069,0.563874,0.0288057,34.1403,34.2555,11,11,0,0.903605,0.968709,0.065104,0,0,0,0
86.2,1858,3,0.00212313,0.00212313,0.57689,0.577633,0.000742853,34.3076,34.3105,7,7,0,1.15829,1.15272,0.005568,0,1,1,1
86.3,1859,1,0.00443945,0.00443945,0.755093,0.800795,0.045702,35.0204,35.2032,12,12,0,0.885056,0.860104,0.024952,0,1,0,0
86.3,1859,2,0.0106963,0.0106963,0.542568,0.535069,0.00749946,34.1703,34.1403,11,11,0,0.968709,0.953637,0.015072,0,1,1,0
86.3,1859,3,0.0254915,0.0254915,0.564675,0.57689,0.012215,34.2587,34.3076,7,7,0,1.15272,1.04285,0.109872,0,0,1,0
86.4,1860,1,0.00713122,0.00713122,0.756026,0.755093,0.000933051,35.0241,35.0204,12,12,0,0.860104,0.88932,0.029216,0,1,1,0
86.4,1860,2,0.00310956,0.00310956,0.543644,0.542568,0.00107616,34.1746,34.1703,11,11,0,0.953637,0.958373,0.004736,0,1,1,1
86.4,1860,3,0.0012403,0.0012403,0.565151,0.564675,0.000476122,34.2606,34.2587,7,7,0,1.04285,1.03197,0.01088,0,1,1,0
86.5,1861,1,0.0244802,0.0244802,0.666764,0.756026,0.0892628,34.6671,35.0241,12,12,0,0.88932,0.88932,0,0,0,0,0
86.5,1861,2,0.0095523,0.0095523,0.537066,0.543644,0.00657856,34.1483,34.1746,11,11,0,0.958373,0.971613,0.01324,0,1,1,0
86.5,1861,3,0.0051419,0.0051419,0.541665,0.565151,0.0234855,34.1667,34.2606,7,7,0,1.03197,1.02567,0.006304,0,1,0,0
86.6,1862,1,0.0112259,0.0112259,0.651305,0.666764,0.0154582,34.6052,34.6671,12,12,0,0.88932,0.920328,0.031008,0,1,1,0
86.6,1862,2,0.0165109,0.0165109,0.527577,0.537066,0.00948858,34.1103,34.1483,11,11,0,0.971613,0.999509,0.027896,0,1,1,0
86.6,1862,3,0.0116454,0.0116454,0.545119,0.541665,0.0034532,34.1805,34.1667,7,7,0,1.02567,1.06975,0.044088,0,1,1,0
86.7,1863,1,0.0352525,0.0352525,0.693457,0.651305,0.0421519,34.7738,34.6052,12,12,0,0.920328,0.86008,0.060248,0,0,0,0
86.7,1863,2,0.00730566,0.00730566,0.513587,0.527577,0.01399,34.0543,34.1103,11,11,0,0.999509,1.04829,0.048776,0,1,1,0
86.7,1863,3,0.0282746,0.0282746,0.556075,0.545119,0.0109565,34.2243,34.1805,7,7,0,1.06975,1.16515,0.095392,0,0,1,0
86.8,1864,1,0.00429983,0.00429983,0.693332,0.693457,0.000125706,34.7733,34.7738,12,12,0,0.86008,0.849192,0.010888,0,1,1,0
86.8,1864,2,0.0148495,0.0148495,0.51542,0.513587,0.00183249,34.0617,34.0543,11,11,0,1.04829,1.09445,0.04616,0,1,1,0
86.8,1864,3,0.00261642,0.00261642,0.555127,0.556075,0.00094825,34.2205,34.2243,7,7,0,1.16515,1.15829,0.006856,0,1,1,1
86.9,1865,1,0.0189372,0.0189372,0.791324,0.693332,0.0979929,35.1653,34.7733,12,12,0,0.849192,0.859296,0.010104,0,1,0,0
86.9,1865,2,0.00837327,0.00837327,0.51447,0.51542,0.000949323,34.0579,34.0617,11,11,0,1.09445,1.06962,0.024824,0,1,1,0
86.9,1865,3,0.010976,0.010976,0.578546,0.555127,0.0234191,34.3142,34.2205,7,7,0,1.15829,1.16515,0.006856,0,1,0,0
87,1866,1,0.00671122,0.00671122,0.802164,0.791324,0.0108395,35.2087,35.1653,12,12,0,0.859296,0.83256,0.026736,0,1,1,0
87,1866,2,0.00611447,0.00611447,0.513636,0.51447,0.000833809,34.0545,34.0579,11,11,0,1.06962,1.04948,0.020144,0,1,1,0
87,1866,3,0.0126169,0.0126169,0.575953,0.578546,0.0025928,34.3038,34.3142,7,7,0,1.16515,1.18892,0.023776,0,1,1,0
87.1,1867,1,0.0027535,0.0027535,0.798519,0.802164,0.00364476,35.1941,35.2087,12,12,0,0.83256,0.885472,0.052912,0,1,1,0
87.1,1867,2,0.0200104,0.0200104,0.519525,0.513636,0.00588894,34.0781,34.0545,11,11,0,1.04948,0.953637,0.09584,0,0,1,0
87.1,1867,3,0.0320088,0.0320088,0.561897,0.575953,0.0140566,34.2476,34.3038,7,7,0,1.18892,1.08058,0.108344,0,0,1,0
87.2,1868,1,0.00124169,0.00124169,0.798692,0.798519,0.000172913,35.1948,35.1941,12,12,0,0.885472,0.875368,0.010104,0,1,1,0
87.2,1868,2,9.47788e-05,9.47788e-05,0.515316,0.519525,0.00420976,34.0613,34.0781,11,11,0,0.953637,0.971613,0.017976,0,1,1,0
87.2,1868,3,0.000692718,0.000692718,0.562252,0.561897,0.00035584,34.249,34.2476,7,7,0,1.08058,1.08382,0.00324,0,1,1,1
87.3,1869,1,0.0250731,0.0250731,0.703554,0.798692,0.0951379,34.8142,35.1948,12,12,0,0.875368,0.876344,0.000976,0,0,0,0
87.3,1869,2,8.05408e-06,8.05408e-06,0.516625,0.515316,0.00130939,34.0665,34.0613,11,11,0,0.971613,0.965237,0.006376,0,1,1,1
87.3,1869,3,0.00964335,0.00964335,0.539814,0.562252,0.0224385,34.1593,34.249,7,7,0,1.08382,1.08058,0.00324,0,1,0,0
87.4,1870,1,0.00488291,0.00488291,0.693337,0.703554,0.0102171,34.7733,34.8142,12,12,0,0.876344,0.8748,0.001544,0,1,1,1
87.4,1870,2,0.0146679,0.0146679,0.513345,0.516625,0.00327963,34.0534,34.0665,11,11,0,0.965237,1.03162,0.066384,0,1,1,0
87.4,1870,3,0.00879591,0.00879591,0.5438,0.539814,0.003986,34.1752,34.1593,7,7,0,1.08058,1.06078,0.0198,0,1,1,0
87.5,1871,1,0.00273118,0.00273118,0.693801,0.693337,0.000463426,34.7752,34.7733,12,12,0,0.8748,0.886016,0.011216,0,1,1,0
87.5,1871,2,0.0171105,0.0171105,0.495639,0.513345,0.0177064,33.9826,34.0534,11,11,0,1.03162,1.0879,0.05628,0,1,1,0
87.5,1871,3,0.0213305,0.0213305,0.579759,0.5438,0.0359588,34.319,34.1752,7,7,0,1.06078,1.17427,0.113488,0,0,0,0
87.6,1872,1,0.0159572,0.0159572,0.692717,0.693801,0.00108373,34.7709,34.7752,12,12,0,0.886016,0.83256,0.053456,0,1,1,0
87.6,1872,2,0.0171697,0.0171697,0.475795,0.495639,0.0198439,33.9032,33.9826,11,11,0,1.0879,1.03164,0.056264,0,1,1,0
87.6,1872,3,0.00609639,0.00609639,0.577632,0.579759,0.00212699,34.3105,34.319,7,7,0,1.17427,1.15828,0.015984,0,1,1,0
87.7,1873,1,0.0102024,0.0102024,0.791715,0.692717,0.0989982,35.1669,34.7709,12,12,0,0.83256,0.885472,0.052912,0,1,0,0
87.7,1873,2,0.0301597,0.0301597,0.551128,0.475795,0.0753333,34.2045,33.9032,11,11,0,1.03164,0.919653,0.111984,0,0,0,0
87.7,1873,3,0.0162131,0.0162131,0.556076,0.577632,0.0215554,34.2243,34.3105,7,7,0,1.15828,1.16515,0.006872,0,1,0,0
87.8,1874,1,0.00191022,0.00191022,0.796252,0.791715,0.00453728,35.185,35.1669,12,12,0,0.885472,0.8806,0.004872,0,1,1,1
87.8,1874,2,0.0316102,0.0316102,0.533134,0.551128,0.0179942,34.1325,34.2045,11,11,0,0.919653,0.979949,0.060296,0,0,1,0
87.8,1874,3,0.00398866,0.00398866,0.549015,0.556076,0.0070613,34.1961,34.2243,7,7,0,1.16515,1.16476,0.000392,0,1,1,1
87.9,1875,1,0.000534251,0.000534251,0.79627,0.796252,1.74642e-05,35.1851,35.185,12,12,0,0.8806,0.877112,0.003488,0,1,1,1
87.9,1875,2,0.0151068,0.0151068,0.525445,0.533134,0.00768965,34.1018,34.1325,11,11,0,0.979949,1.01001,0.030064,0,1,1,0
87.9,1875,3,0.0270976,0.0270976,0.539468,0.549015,0.00954688,34.1579,34.1961,7,7,0,1.16476,1.07857,0.086192,0,0,1,0
88,1876,1,0.00150134,0.00150134,0.797245,0.79627,0.00097543,35.189,35.1851,12,12,0,0.877112,0.85528,0.021832,0,1,1,0
88,1876,2,0.0105087,0.0105087,0.530476,0.525445,0.00503117,34.1219,34.1018,11,11,0,1.01001,0.988197,0.021816,0,1,1,0
88,1876,3,0.00393405,0.00393405,0.534077,0.539468,0.00539082,34.1363,34.1579,7,7,0,1.07857,1.0877,0.009128,0,1,1,1
88.1,1877,1,0.0272404,0.0272404,0.700101,0.797245,0.0971442,34.8004,35.189,12,12,0,0.85528,0.877112,0.021832,0,0,0,0
88.1,1877,2,0.0112656,0.0112656,0.525156,0.530476,0.00531989,34.1006,34.1219,11,11,0,0.988197,1.01186,0.023664,0,1,1,0
88.1,1877,3,0.00528731,0.00528731,0.530737,0.534077,0.00334066,34.1229,34.1363,7,7,0,1.0877,1.0677,0.02,0,1,1,0
88.2,1878,1,0.00426628,0.00426628,0.696311,0.700101,0.00379008,34.7852,34.8004,12,12,0,0.877112,0.906232,0.02912,0,1,1,0
88.2,1878,2,0.00634877,0.00634877,0.523372,0.525156,0.00178403,34.0935,34.1006,11,11,0,1.01186,1.02699,0.015128,0,1,1,0
88.2,1878,3,0.00266746,0.00266746,0.548157,0.530737,0.0174203,34.1926,34.1229,7,7,0,1.0677,1.09647,0.028776,0,1,1,0
88.3,1879,1,0.0185956,0.0185956,0.693141,0.696311,0.00317007,34.7726,34.7852,12,12,0,0.906232,0.84404,0.062192,0,1,1,0
88.3,1879,2,0.00780784,0.00780784,0.527769,0.523372,0.00439769,34.1111,34.0935,11,11,0,1.02699,1.09532,0.068328,0,1,1,0
88.3,1879,3,0.0205583,0.0205583,0.555628,0.548157,0.00747144,34.2225,34.1926,7,7,0,1.09647,1.16191,0.06544,0,0,1,0
88.4,1880,1,0.0019589,0.0019589,0.693332,0.693141,0.000191212,34.7733,34.7726,12,12,0,0.84404,0.851424,0.007384,0,1,1,1
88.4,1880,2,0.000145765,0.000145765,0.527501,0.527769,0.0002684,34.11,34.1111,11,11,0,1.09532,1.09105,0.004264,0,1,1,1
88.4,1880,3,0.0033341,0.0033341,0.556835,0.555628,0.00120699,34.2273,34.2225,7,7,0,1.16191,1.17065,0.008736,0,1,1,1
88.5,1881,1,0.0201682,0.0201682,0.791705,0.693332,0.0983731,35.1668,34.7733,12,12,0,0.851424,0.853168,0.001744,1,0,0,0
88.5,1881,2,0.000259459,0.000259459,0.527813,0.527501,0.000312388,34.1113,34.11,11,11,0,1.09105,1.09697,0.00592,1,1,1,1
88.5,1881,3,0.00209757,0.00209757,0.556076,0.556835,0.000759065,34.2243,34.2273,7,7,0,1.17065,1.16515,0.005496,1,1,1,1
88.6,1882,1,0.00812037,0.00812037,0.799919,0.791705,0.008214,35.1997,35.1668,12,12,0,0.853168,0.859456,0.006288,0,1,1,1
88.6,1882,2,0.00360818,0.00360818,0.534025,0.527813,0.0062114,34.1361,34.1113,11,11,0,1.09697,1.13065,0.033672,0,1,1,0
88.6,1882,3,0.0122695,0.0122695,0.534768,0.556076,0.0213084,34.1391,34.2243,7,7,0,1.16515,1.16477,0.000384,0,1,0,0
88.7,1883,1,0.000411078,0.000411078,0.800678,0.799919,0.000758469,35.2027,35.1997,12,12,0,0.859456,0.848664,0.010792,0,1,1,0
88.7,1883,2,0.0266288,0.0266288,0.533205,0.534025,0.000819981,34.1328,34.1361,11,11,0,1.13065,0.979749,0.150896,0,0,1,0
88.7,1883,3,0.0587662,0.0587662,0.551454,0.534768,0.0166863,34.2058,34.1391,7,7,0,1.16477,1.07859,0.086184,0,0,1,0
88.8,1884,1,0.00219428,0.00219428,0.798519,0.800678,0.0021584,35.1941,35.2027,12,12,0,0.848664,0.885472,0.036808,0,1,1,0
88.8,1884,2,0.0097772,0.0097772,0.528128,0.533205,0.00507665,34.1125,34.1328,11,11,0,0.979749,0.996829,0.01708,0,1,1,0
88.8,1884,3,0.00139996,0.00139996,0.551637,0.551454,0.000182927,34.2065,34.2058,7,7,0,1.07859,1.08656,0.007976,0,1,1,1
88.9,1885,1,0.0235221,0.0235221,0.703581,0.798519,0.094938,34.8143,35.1941,12,12,0,0.885472,0.875368,0.010104,0,0,0,0
88.9,1885,2,0.00104879,0.00104879,0.528609,0.528128,0.000480592,34.1144,34.1125,11,11,0,0.996829,0.994957,0.001872,0,1,1,1
88.9,1885,3,0.00170605,0.00170605,0.551414,0.551637,0.000222921,34.2057,34.2065,7,7,0,1.08656,1.07684,0.00972,0,1,1,1
89,1886,1,0.00337929,0.00337929,0.696311,0.703581,0.00727028,34.7852,34.8143,12,12,0,0.875368,0.906232,0.030864,0,1,1,0
89,1886,2,0.0212629,0.0212629,0.527643,0.528609,0.000965476,34.1106,34.1144,11,11,0,0.994957,1.09264,0.09768,0,0,1,0
89,1886,3,0.013442,0.013442,0.573845,0.551414,0.0224313,34.2954,34.2057,7,7,0,1.07684,1.07374,0.003104,0,1,0,0
89.1,1887,1,0.0308398,0.0308398,0.74397,0.696311,0.0476595,34.9759,34.7852,12,12,0,0.906232,0.84404,0.062192,0,0,0,0
89.1,1887,2,0.00205278,0.00205278,0.531146,0.527643,0.00350314,34.1246,34.1106,11,11,0,1.09264,1.11805,0.025408,0,1,1,0
89.1,1887,3,0.0201492,0.0201492,0.58034,0.573845,0.00649488,34.3214,34.2954,7,7,0,1.07374,1.14903,0.075288,0,0,1,0
89.2,1888,1,0.00170487,0.00170487,0.744183,0.74397,0.000212848,34.9767,34.9759,12,12,0,0.84404,0.851424,0.007384,0,1,1,1
89.2,1888,2,0.000614457,0.000614457,0.532499,0.531146,0.00135207,34.13,34.1246,11,11,0,1.11805,1.12396,0.005912,0,1,1,1
89.2,1888,3,0.00282215,0.00282215,0.57929,0.58034,0.00105035,34.3172,34.3214,7,7,0,1.14903,1.14101,0.008016,0,1,1,1
89.3,1889,1,0.00767007,0.00767007,0.791705,0.744183,0.0475219,35.1668,34.9767,12,12,0,0.851424,0.853168,0.001744,1,1,0,0
89.3,1889,2,0.00153328,0.00153328,0.53586,0.532499,0.00336194,34.1434,34.13,11,11,0,1.12396,1.13871,0.014752,1,1,1,0
89.3,1889,3,0.00756998,0.00756998,0.582102,0.57929,0.00281227,34.3284,34.3172,7,7,0,1.14101,1.16251,0.021496,1,1,1,0
89.4,1890,1,0.00824898,0.00824898,0.799681,0.791705,0.00797623,35.1987,35.1668,12,12,0,0.853168,0.862832,0.009664,0,1,1,1
89.4,1890,2,0.0019373,0.0019373,0.524972,0.53586,0.010888,34.0999,34.1434,11,11,0,1.13871,1.05969,0.079024,0,1,1,0
89.4,1890,3,0.0121102,0.0121102,0.558769,0.582102,0.0233331,34.2351,34.3284,7,7,0,1.16251,1.15833,0.004176,0,1,0,0
89.5,1891,1,0.0184834,0.0184834,0.754227,0.799681,0.0454547,35.0169,35.1987,12,12,0,0.862832,0.904528,0.041696,0,1,0,0
89.5,1891,2,0.0220231,0.0220231,0.530011,0.524972,0.00503808,34.12,34.0999,11,11,0,1.05969,0.989877,0.069808,0,0,1,0
89.5,1891,3,0.0235652,0.0235652,0.551414,0.558769,0.00735497,34.2057,34.2351,7,7,0,1.15833,1.07684,0.081488,0,0,1,0
89.6,1892,1,0.000693358,0.000693358,0.754126,0.754227,0.00010103,35.0165,35.0169,12,12,0,0.904528,0.902264,0.002264,0,1,1,1
89.6,1892,2,0.00195501,0.00195501,0.530916,0.530011,0.000905693,34.1237,34.12,11,11,0,0.989877,0.986605,0.003272,0,1,1,1
89.6,1892,3,0.000303283,0.000303283,0.551454,0.551414,3.96371e-05,34.2058,34.2057,7,7,0,1.07684,1.07857,0.001728,0,1,1,1
89.7,1893,1,0.0012275,0.0012275,0.754304,0.754126,0.000178814,35.0172,35.0165,12,12,0,0.902264,0.906272,0.004008,1,1,1,1
89.7,1893,2,0.00176106,0.00176106,0.531844,0.530916,0.000927448,34.1274,34.1237,11,11,0,0.986605,0.983373,0.003232,1,1,1,1
89.7,1893,3,0.0003061,0.0003061,0.551414,0.551454,3.99351e-05,34.2057,34.2058,7,7,0,1.07857,1.07683,0.001744,1,1,1,1
89.8,1894,1,0.00202548,0.00202548,0.754599,0.754304,0.000294924,35.0184,35.0172,12,12,0,0.906272,0.912888,0.006616,2,1,1,1
89.8,1894,2,0.0235284,0.0235284,0.523232,0.531844,0.0086115,34.0929,34.1274,11,11,0,0.983373,1.03995,0.056576,2,0,1,0
89.8,1894,3,0.00518421,0.00518421,0.543509,0.551414,0.00790453,34.174,34.2057,7,7,0,1.07683,1.07857,0.001744,2,1,1,1
89.9,1895,1,0.0115144,0.0115144,0.704514,0.754599,0.0500857,34.8181,35.0184,12,12,0,0.912888,0.903032,0.009856,0,1,0,0
89.9,1895,2,0.000976754,0.000976754,0.524002,0.523232,0.000769436,34.096,34.0929,11,11,0,1.03995,1.04867,0.00872,0,1,1,1
89.9,1895,3,0.000309125,0.000309125,0.543468,0.543509,4.08888e-05,34.1739,34.174,7,7,0,1.07857,1.07681,0.00176,0,1,1,1
90,1896,1,0.00704241,0.00704241,0.694851,0.704514,0.00966299,34.7794,34.8181,12,12,0,0.903032,0.894456,0.008576,0,1,1,1
90,1896,2,0.00373281,0.00373281,0.528412,0.524002,0.0044108,34.1136,34.096,11,11,0,1.04867,1.10569,0.057016,0,1,1,0
90,1896,3,0.0107099,0.0107099,0.567506,0.543468,0.0240375,34.27,34.1739,7,7,0,1.07681,1.09914,0.022328,0,1,0,0
90.1,1897,1,0.0260979,0.0260979,0.744183,0.694851,0.0493319,34.9767,34.7794,12,12,0,0.894456,0.851408,0.043048,0,0,0,0
90.1,1897,2,0.00228839,0.00228839,0.531146,0.528412,0.00273407,34.1246,34.1136,11,11,0,1.10569,1.11805,0.01236,0,1,1,0
90.1,1897,3,0.0147576,0.0147576,0.571881,0.567506,0.00437558,34.2875,34.27,7,7,0,1.09914,1.14158,0.04244,0,1,1,0
90.2,1898,1,0.000437498,0.000437498,0.744248,0.744183,6.54459e-05,34.977,34.9767,12,12,0,0.851408,0.853168,0.00176,0,1,1,1
90.2,1898,2,0.00131208,0.00131208,0.53403,0.531146,0.00288379,34.1361,34.1246,11,11,0,1.11805,1.13067,0.012624,0,1,1,0
90.2,1898,3,0.000408627,0.000408627,0.572036,0.571881,0.000154078,34.2881,34.2875,7,7,0,1.14158,1.14274,0.00116,0,1,1,1
90.3,1899,1,0.00237077,0.00237077,0.744001,0.744248,0.000247359,34.976,34.977,12,12,0,0.853168,0.842296,0.010872,0,1,1,0
90.3,1899,2,0.00372367,0.00372367,0.543163,0.53403,0.00913244,34.1727,34.1361,11,11,0,1.13067,1.16138,0.030712,0,1,1,0
90.3,1899,3,0.00517761,0.00517761,0.57008,0.572036,0.00195593,34.2803,34.2881,7,7,0,1.14274,1.12803,0.014704,0,1,1,0
90.4,1900,1,0.0023668,0.0023668,0.744247,0.744001,0.000246763,34.977,34.976,12,12,0,0.842296,0.853152,0.010856,0,1,1,0
90.4,1900,2,0.00460165,0.00460165,0.532102,0.543163,0.0110609,34.1284,34.1727,11,11,0,1.16138,1.12222,0.03916,0,1,1,0
90.4,1900,3,0.00385239,0.00385239,0.568716,0.57008,0.0013634,34.2749,34.2803,7,7,0,1.12803,1.11716,0.010872,0,1,1,0
90.5,1901,1,0.00830211,0.00830211,0.79203,0.744247,0.0477824,35.1681,34.977,12,12,0,0.853152,0.849272,0.00388,0,1,0,0
90.5,1901,2,0.0171207,0.0171207,0.527874,0.532102,0.00422823,34.1115,34.1284,11,11,0,1.12222,1.13254,0.01032,0,1,1,0
90.5,1901,3,0.000634231,0.000634231,0.56886,0.568716,0.000143826,34.2754,34.2749,7,7,0,1.11716,1.11889,0.001728,0,1,1,1
90.6,1902,1,0.00885935,0.00885935,0.798728,0.79203,0.00669765,35.1949,35.1681,12,12,0,0.849272,0.87504,0.025768,0,1,1,0
90.6,1902,2,0.00426211,0.00426211,0.516533,0.527874,0.011341,34.0661,34.1115,11,11,0,1.13254,1.10557,0.026968,0,1,1,0
90.6,1902,3,0.00544414,0.00544414,0.543667,0.56886,0.0251927,34.1747,34.2754,7,7,0,1.11889,1.08538,0.033512,0,1,0,0
90.7,1903,1,0.0249041,0.0249041,0.75522,0.798728,0.0435072,35.0209,35.1949,12,12,0,0.87504,0.92684,0.0518,0,0,0,0
90.7,1903,2,0.0128556,0.0128556,0.524794,0.516533,0.00826162,34.0992,34.0661,11,11,0,1.10557,1.05766,0.047912,0,1,1,0
90.7,1903,3,0.000994775,0.000994775,0.543864,0.543667,0.000196397,34.1755,34.1747,7,7,0,1.08538,1.09094,0.00556,0,1,1,1
90.8,1904,1,0.0150618,0.0150618,0.753026,0.75522,0.00219464,35.0121,35.0209,12,12,0,0.92684,0.877664,0.049176,0,1,1,0
90.8,1904,2,0.00199832,0.00199832,0.523221,0.524794,0.00157326,34.0929,34.0992,11,11,0,1.05766,1.03982,0.01784,0,1,1,0
90.8,1904,3,0.00499308,0.00499308,0.543153,0.543864,0.000710428,34.1726,34.1755,7,7,0,1.09094,1.06447,0.026472,0,1,1,0
90.9,1905,1,0.0150569,0.0150569,0.75522,0.753026,0.00219393,35.0209,35.0121,12,12,0,0.877664,0.926824,0.04916,0,1,1,0
90.9,1905,2,0.00444425,0.00444425,0.527188,0.523221,0.00396663,34.1088,34.0929,11,11,0,1.03982,1.08757,0.047744,0,1,1,0
90.9,1905,3,0.00499597,0.00499597,0.543864,0.543153,0.000711083,34.1755,34.1726,7,7,0,1.06447,1.09095,0.026488,0,1,1,0
91,1906,1,0.0035441,0.0035441,0.754704,0.75522,0.000515461,35.0188,35.0209,12,12,0,0.926824,0.91524,0.011584,0,1,1,0
91,1906,2,0.0012432,0.0012432,0.525739,0.527188,0.00144833,34.103,34.1088,11,11,0,1.08757,1.0684,0.019168,0,1,1,0
91,1906,3,0.00249678,0.00249678,0.543469,0.543864,0.000395238,34.1739,34.1755,7,7,0,1.09095,1.07684,0.014112,0,1,1,0
91.1,1907,1,0.0209539,0.0209539,0.757311,0.754704,0.00260699,35.0292,35.0188,12,13,1,0.91524,0.756627,0.158613,0,0,1,0
91.1,1907,2,0.00260869,0.00260869,0.551907,0.525739,0.0261682,34.2076,34.103,11,10,-1,1.0684,1.14567,0.0772693,0,1,0,0
91.1,1907,3,0.000306267,0.000306267,0.54351,0.543469,4.05908e-05,34.174,34.1739,7,7,0,1.07684,1.07859,0.001744,0,1,1,1
91.2,1908,1,0.0280708,0.0280708,0.752408,0.757311,0.00490296,35.0096,35.0292,13,13,0,0.756627,0.807083,0.050456,0,0,1,0
91.2,1908,2,0.0650072,0.0650072,0.565369,0.551907,0.0134611,34.2615,34.2076,10,10,0,1.14567,1.1936,0.047936,0,0,1,0
91.2,1908,3,0.00554978,0.00554978,0.542829,0.54351,0.000680327,34.1713,34.174,7,7,0,1.07859,1.05382,0.024768,0,1,1,0
91.3,1909,1,0.0192676,0.0192676,0.752932,0.752408,0.000524282,35.0117,35.0096,13,12,-1,0.807083,0.875584,0.0685013,0,1,1,0
91.3,1909,2,0.0213954,0.0213954,0.529774,0.565369,0.0355949,34.1191,34.2615,10,11,1,1.1936,0.978077,0.215525,0,0,0,0
91.3,1909,3,0.00108315,0.00108315,0.541868,0.542829,0.000961542,34.1675,34.1713,7,7,0,1.05382,1.03976,0.014056,0,1,1,0
91.4,1910,1,0.00480571,0.00480571,0.78586,0.752932,0.0329278,35.1434,35.0117,12,12,0,0.875584,0.91524,0.039656,0,1,0,0
91.4,1910,2,0.0336456,0.0336456,0.530244,0.529774,0.00047034,34.121,34.1191,11,11,0,0.978077,1.08475,0.106672,0,0,1,0
91.4,1910,3,0.000693545,0.000693545,0.542694,0.541868,0.000826359,34.1708,34.1675,7,7,0,1.03976,1.05063,0.010872,0,1,1,0
91.5,1911,1,0.0177056,0.0177056,0.754813,0.78586,0.031047,35.0193,35.1434,12,12,0,0.91524,0.917688,0.002448,0,1,0,0
91.5,1911,2,0.0108094,0.0108094,0.524352,0.530244,0.0058924,34.0974,34.121,11,11,0,1.08475,1.05264,0.032112,0,1,1,0
91.5,1911,3,0.00127579,0.00127579,0.541173,0.542694,0.00152099,34.1647,34.1708,7,7,0,1.05063,1.03063,0.02,0,1,1,0
91.6,1912,1,0.000749134,0.000749134,0.754704,0.754813,0.000109017,35.0188,35.0193,12,12,0,0.917688,0.91524,0.002448,0,1,1,1
91.6,1912,2,0.00301867,0.00301867,0.526723,0.524352,0.00237113,34.1069,34.0974,11,11,0,1.05264,1.07959,0.026952,0,1,1,0
91.6,1912,3,0.00127579,0.00127579,0.542694,0.541173,0.00152099,34.1708,34.1647,7,7,0,1.03063,1.05063,0.02,0,1,1,0
91.7,1913,1,0.0385253,0.0385253,0.761393,0.754704,0.00668836,35.0456,35.0188,12,13,1,0.91524,0.727467,0.187773,0,0,1,0
91.7,1913,2,0.000945499,0.000945499,0.552482,0.526723,0.0257598,34.2099,34.1069,11,10,-1,1.07959,1.17948,0.0998933,0,1,0,0
91.7,1913,3,0.00127579,0.00127579,0.541173,0.542694,0.00152099,34.1647,34.1708,7,7,0,1.05063,1.03063,0.02,0,1,1,0
91.8,1914,1,0.045433,0.045433,0.752443,0.761393,0.00894988,35.0098,35.0456,13,13,0,0.727467,0.806315,0.078848,0,0,1,0
91.8,1914,2,0.067032,0.067032,0.558044,0.552482,0.00556129,34.2322,34.2099,10,10,0,1.17948,1.16699,0.012496,0,0,1,0
91.8,1914,3,0.00683131,0.00683131,0.534956,0.541173,0.00621682,34.1398,34.1647,7,7,0,1.03063,1.05063,0.02,0,1,1,0
91.9,1915,1,0.0138929,0.0138929,0.753687,0.752443,0.00124389,35.0147,35.0098,13,12,-1,0.806315,0.892432,0.0861173,0,1,1,0
91.9,1915,2,0.0209429,0.0209429,0.525517,0.558044,0.0325271,34.1021,34.2322,10,11,1,1.16699,0.977357,0.189629,0,0,0,0
91.9,1915,3,0.00144971,0.00144971,0.534368,0.534956,0.000588119,34.1375,34.1398,7,7,0,1.05063,1.03975,0.01088,0,1,1,0
92,1916,1,0.00613748,0.00613748,0.78612,0.753687,0.032433,35.1445,35.0147,12,12,0,0.892432,0.92684,0.034408,0,1,0,0
92,1916,2,0.0352305,0.0352305,0.526343,0.525517,0.000826716,34.1054,34.1021,11,11,0,0.977357,1.09277,0.115416,0,0,1,0
92,1916,3,0.000778623,0.000778623,0.533611,0.534368,0.000757337,34.1344,34.1375,7,7,0,1.03975,1.03063,0.00912,0,1,1,1
92.1,1917,1,0.0054019,0.0054019,0.753579,0.78612,0.0325403,35.0143,35.1445,12,12,0,0.92684,0.890032,0.036808,0,1,0,0
92.1,1917,2,0.0091759,0.0091759,0.525342,0.526343,0.00100136,34.1014,34.1054,11,11,0,1.09277,1.10326,0.010488,0,1,1,0
92.1,1917,3,0.00222833,0.00222833,0.534956,0.533611,0.00134546,34.1398,34.1344,7,7,0,1.03063,1.05063,0.02,0,1,1,0
92.2,1918,1,0.00748567,0.00748567,0.75467,0.753579,0.00109071,35.0187,35.0143,12,12,0,0.890032,0.914472,0.02444,0,1,1,0
92.2,1918,2,0.000902459,0.000902459,0.521347,0.525342,0.00399464,34.0854,34.1014,11,11,0,1.10326,1.06376,0.039504,0,1,1,0
92.2,1918,3,0.00222884,0.00222884,0.53361,0.534956,0.00134623,34.1344,34.1398,7,7,0,1.05063,1.03063,0.020008,0,1,1,0
92.3,1919,1,0.0202134,0.0202134,0.757234,0.75467,0.00256443,35.0289,35.0187,12,13,1,0.914472,0.757395,0.157077,0,0,1,0
92.3,1919,2,0.00156555,0.00156555,0.548559,0.521347,0.0272118,34.1942,34.0854,11,10,-1,1.06376,1.18806,0.124301,0,1,0,0
92.3,1919,3,0.00222781,0.00222781,0.534956,0.53361,0.00134581,34.1398,34.1344,7,7,0,1.03063,1.05063,0.02,0,1,1,0
92.4,1920,1,0.0275654,0.0275654,0.752408,0.757234,0.00482619,35.0096,35.0289,13,13,0,0.757395,0.807083,0.049688,0,0,1,0
92.4,1920,2,0.0688745,0.0688745,0.561723,0.548559,0.013164,34.2469,34.1942,10,10,0,1.18806,1.18762,0.00044,0,0,1,0
92.4,1920,3,0.0014476,0.0014476,0.534369,0.534956,0.000587225,34.1375,34.1398,7,7,0,1.05063,1.03976,0.010864,0,1,1,0
92.5,1921,1,0.026624,0.026624,0.739621,0.752408,0.0127872,34.9585,35.0096,13,12,-1,0.807083,0.875584,0.0685013,0,0,1,0
92.5,1921,2,0.0382681,0.0382681,0.523641,0.561723,0.0380818,34.0946,34.2469,10,11,1,1.18762,1.01705,0.170573,0,0,0,0
92.5,1921,3,0.000232376,0.000232376,0.534463,0.534369,9.42349e-05,34.1379,34.1375,7,7,0,1.03976,1.04151,0.001744,0,1,1,1
92.6,1922,1,0.00436979,0.00436979,0.770191,0.739621,0.0305702,35.0808,34.9585,12,12,0,0.875584,0.944112,0.068528,0,1,0,0
92.6,1922,2,0.0291927,0.0291927,0.531256,0.523641,0.00761437,34.125,34.0946,11,11,0,1.01705,1.11181,0.09476,0,0,1,0
92.6,1922,3,0.0172737,0.0172737,0.567022,0.534463,0.0325592,34.2681,34.1379,7,7,0,1.04151,1.16234,0.120832,0,1,0,0
92.7,1923,1,0.000461563,0.000461563,0.752354,0.770191,0.0178374,35.0094,35.0808,12,12,0,0.944112,0.865664,0.078448,0,1,1,0
92.7,1923,2,0.00310977,0.00310977,0.52372,0.531256,0.00753629,34.0949,34.125,11,11,0,1.11181,1.09121,0.0206,0,1,1,0
92.7,1923,3,0.0156981,0.0156981,0.535102,0.567022,0.0319201,34.1404,34.2681,7,7,0,1.16234,1.05333,0.109008,0,1,0,0
92.8,1924,1,0.0154323,0.0154323,0.754814,0.752354,0.00246048,35.0193,35.0094,12,12,0,0.865664,0.917712,0.052048,0,1,1,0
92.8,1924,2,0.00047666,0.00047666,0.522034,0.52372,0.0016855,34.0881,34.0949,11,11,0,1.09121,1.07305,0.018152,0,1,1,0
92.8,1924,3,0.00180795,0.00180795,0.534369,0.535102,0.000733256,34.1375,34.1404,7,7,0,1.05333,1.03976,0.013568,0,1,1,0
92.9,1925,1,0.0235288,0.0235288,0.737528,0.754814,0.0172862,34.9501,35.0193,12,13,1,0.917712,0.757395,0.160317,0,0,1,0
92.9,1925,2,0.0417143,0.0417143,0.538956,0.522034,0.0169216,34.1558,34.0881,11,10,-1,1.07305,1.21651,0.143453,0,0,1,0
92.9,1925,3,0.000232376,0.000232376,0.534463,0.534369,9.42349e-05,34.1379,34.1375,7,7,0,1.03976,1.04151,0.001744,0,1,1,1
93,1926,1,0.0235016,0.0235016,0.733614,0.737528,0.00391394,34.9345,34.9501,13,13,0,0.757395,0.822371,0.064976,0,0,1,0
93,1926,2,0.0519897,0.0519897,0.543876,0.538956,0.00492072,34.1755,34.1558,10,10,0,1.21651,1.24911,0.032608,0,0,1,0
93,1926,3,0.00200619,0.00200619,0.570624,0.534463,0.0361611,34.2825,34.1379,7,7,0,1.04151,1.13212,0.090616,0,1,0,0
93.1,1927,1,0.0204434,0.0204434,0.746863,0.733614,0.0132489,34.9875,34.9345,13,12,-1,0.822371,0.85644,0.0340693,0,0,1,0
93.1,1927,2,0.0345738,0.0345738,0.528928,0.543876,0.0149482,34.1157,34.1755,10,11,1,1.24911,1.02381,0.225309,0,0,1,0
93.1,1927,3,0.00148426,0.00148426,0.570063,0.570624,0.000561535,34.2803,34.2825,7,7,0,1.13212,1.12791,0.004216,0,1,1,1
93.2,1928,1,0.0209537,0.0209537,0.78148,0.746863,0.0346165,35.1259,34.9875,12,12,0,0.85644,0.854264,0.002176,0,0,0,0
93.2,1928,2,0.0588567,0.0588567,0.524546,0.528928,0.00438201,34.0982,34.1157,11,11,0,1.02381,1.15927,0.135464,0,0,1,0
93.2,1928,3,0.000613853,0.000613853,0.56983,0.570063,0.000232339,34.2793,34.2803,7,7,0,1.12791,1.12616,0.001744,0,1,1,1
93.3,1929,1,0.0251497,0.0251497,0.752171,0.78148,0.0293088,35.0087,35.1259,12,12,0,0.854264,0.86216,0.007896,0,0,0,0
93.3,1929,2,0.036493,0.036493,0.485525,0.524546,0.0390214,33.9421,34.0982,11,11,0,1.15927,1.06267,0.0966,0,0,0,0
93.3,1929,3,0.00978022,0.00978022,0.53689,0.56983,0.0329403,34.1476,34.2793,7,7,0,1.12616,1.10081,0.025352,0,1,0,0
93.4,1930,1,0.0273898,0.0273898,0.769888,0.752171,0.0177174,35.0796,35.0087,12,12,0,0.86216,0.931576,0.069416,0,0,1,0
93.4,1930,2,0.0011578,0.0011578,0.4766,0.485525,0.00892478,33.9064,33.9421,11,11,0,1.06267,1.06513,0.002456,0,1,1,1
93.4,1930,3,0.00503978,0.00503978,0.544029,0.53689,0.00713867,34.1761,34.1476,7,7,0,1.10081,1.09707,0.003744,0,1,1,1
93.5,1931,1,0.00518081,0.00518081,0.753154,0.769888,0.0167341,35.0126,35.0796,12,13,1,0.931576,0.804947,0.126629,0,1,1,0
93.5,1931,2,0.00640867,0.00640867,0.537422,0.4766,0.0608223,34.1497,33.9064,11,10,-1,1.06513,1.09996,0.0348373,0,1,0,0
93.5,1931,3,0.00218714,0.00218714,0.543624,0.544029,0.000405014,34.1745,34.1761,7,7,0,1.09707,1.08349,0.013576,0,1,1,0
93.6,1932,1,0.00190445,0.00190445,0.740347,0.753154,0.0128066,34.9614,35.0126,13,13,0,0.804947,0.828659,0.023712,0,1,1,0
93.6,1932,2,0.0310577,0.0310577,0.541365,0.537422,0.00394273,34.1655,34.1497,10,10,0,1.09996,1.13404,0.03408,0,0,1,0
93.6,1932,3,0.00489124,0.00489124,0.536448,0.543624,0.00717545,34.1458,34.1745,7,7,0,1.08349,1.08363,0.000136,0,1,1,1
93.7,1933,1,0.0289677,0.0289677,0.779881,0.740347,0.0395336,35.1195,34.9614,13,13,0,0.828659,0.850819,0.02216,0,0,0,0
93.7,1933,2,0.0645329,0.0645329,0.557599,0.541365,0.0162345,34.2304,34.1655,10,10,0,1.13404,1.20989,0.075848,0,0,1,0
93.7,1933,3,0.00786356,0.00786356,0.560558,0.536448,0.0241101,34.2422,34.1458,7,7,0,1.08363,1.11151,0.02788,0,1,0,0
93.8,1934,1,0.013681,0.013681,0.774601,0.779881,0.00527996,35.0984,35.1195,13,13,0,0.850819,0.741643,0.109176,0,1,1,0
93.8,1934,2,0.0090695,0.0090695,0.54507,0.557599,0.0125297,34.1803,34.2304,10,10,0,1.20989,1.21102,0.001128,0,1,1,1
93.8,1934,3,0.0093652,0.0093652,0.536732,0.560558,0.0238261,34.1469,34.2422,7,7,0,1.11151,1.09467,0.016832,0,1,0,0
93.9,1935,1,0.0142922,0.0142922,0.739314,0.774601,0.0352866,34.9573,35.0984,13,12,-1,0.741643,0.863976,0.122333,0,1,0,0
93.9,1935,2,0.031993,0.031993,0.519603,0.54507,0.0254669,34.0784,34.1803,10,11,1,1.21102,1.00719,0.203829,0,0,0,0
93.9,1935,3,0.00531478,0.00531478,0.535737,0.536732,0.000995457,34.1429,34.1469,7,7,0,1.09467,1.06543,0.029248,0,1,1,0
94,1936,1,0.0191935,0.0191935,0.775278,0.739314,0.035964,35.1011,34.9573,12,12,0,0.863976,0.974448,0.110472,0,1,0,0
94,1936,2,0.0281311,0.0281311,0.53512,0.519603,0.0155167,34.1405,34.0784,11,11,0,1.00719,1.10155,0.09436,0,0,1,0
94,1936,3,0.012255,0.012255,0.559227,0.535737,0.0234906,34.2369,34.1429,7,7,0,1.06543,1.07538,0.009952,0,1,0,0
94.1,1937,1,0.0220509,0.0220509,0.739165,0.775278,0.0361135,34.9567,35.1011,12,12,0,0.974448,0.855392,0.119056,0,0,0,0
94.1,1937,2,0.0130585,0.0130585,0.502831,0.53512,0.0322883,34.0113,34.1405,11,11,0,1.10155,1.06838,0.033168,0,1,0,0
94.1,1937,3,0.0172262,0.0172262,0.536667,0.559227,0.0225602,34.1467,34.2369,7,7,0,1.07538,1.09215,0.016768,0,1,0,0
94.2,1938,1,0.0335778,0.0335778,0.744122,0.739165,0.00495684,34.9765,34.9567,12,12,0,0.855392,0.967632,0.11224,0,0,1,0
94.2,1938,2,0.0154933,0.0154933,0.515904,0.502831,0.0130728,34.0636,34.0113,11,11,0,1.06838,1.10894,0.04056,0,1,1,0
94.2,1938,3,0.0220973,0.0220973,0.566303,0.536667,0.0296364,34.2652,34.1467,7,7,0,1.09215,1.06908,0.023064,0,0,0,0
94.3,1939,1,0.0532305,0.0532305,0.732478,0.744122,0.0116441,34.9299,34.9765,12,13,1,0.967632,0.710475,0.257157,0,0,1,0
94.3,1939,2,0.046154,0.046154,0.540353,0.515904,0.0244486,34.1614,34.0636,11,10,-1,1.10894,1.20571,0.0967733,0,0,0,0
94.3,1939,3,0.00183994,0.00183994,0.567205,0.566303,0.000901818,34.2688,34.2652,7,7,0,1.06908,1.08584,0.01676,0,1,1,0
94.4,1940,1,0.0245833,0.0245833,0.729699,0.732478,0.00277913,34.9188,34.9299,13,13,0,0.710475,0.764475,0.054,0,0,1,0
94.4,1940,2,0.0602041,0.0602041,0.534656,0.540353,0.00569671,34.1386,34.1614,10,10,0,1.20571,1.21716,0.011448,0,0,1,0
94.4,1940,3,0.000300951,0.000300951,0.56705,0.567205,0.000154972,34.2682,34.2688,7,7,0,1.08584,1.08318,0.002664,0,1,1,1
94.5,1941,1,0.0217955,0.0217955,0.781909,0.729699,0.0522107,35.1276,34.9188,13,12,-1,0.764475,0.839512,0.0750373,0,0,0,0
94.5,1941,2,0.0299344,0.0299344,0.528526,0.534656,0.00613004,34.1141,34.1386,10,11,1,1.21716,1.00381,0.213357,0,0,1,0
94.5,1941,3,0.000234082,0.000234082,0.567171,0.56705,0.000120521,34.2687,34.2682,7,7,0,1.08318,1.08525,0.002072,0,1,1,1
94.6,1942,1,0.00251755,0.00251755,0.81051,0.781909,0.0286008,35.242,35.1276,12,12,0,0.839512,0.884824,0.045312,0,1,0,0
94.6,1942,2,0.0339802,0.0339802,0.514863,0.528526,0.0136631,34.0595,34.1141,11,11,0,1.00381,1.09628,0.092472,0,0,1,0
94.6,1942,3,0.0183133,0.0183133,0.536286,0.567171,0.0308853,34.1451,34.2687,7,7,0,1.08525,1.07741,0.00784,0,1,0,0
94.7,1943,1,0.0279375,0.0279375,0.78703,0.81051,0.0234802,35.1481,35.242,12,12,0,0.884824,0.926808,0.041984,0,0,0,0
94.7,1943,2,0.00224531,0.00224531,0.485385,0.514863,0.029478,33.9415,34.0595,11,11,0,1.09628,1.09601,0.000264,0,1,0,0
94.7,1943,3,0.00301059,0.00301059,0.535728,0.536286,0.000558019,34.1429,34.1451,7,7,0,1.07741,1.06523,0.012176,0,1,1,0
94.8,1944,1,0.00976481,0.00976481,0.793109,0.78703,0.00607866,35.1724,35.1481,12,12,0,0.926808,0.950736,0.023928,0,1,1,0
94.8,1944,2,0.00665252,0.00665252,0.480399,0.485385,0.00498548,33.9216,33.9415,11,11,0,1.09601,1.10889,0.01288,0,1,1,0
94.8,1944,3,0.00292148,0.00292148,0.543373,0.535728,0.00764561,34.1735,34.1429,7,7,0,1.06523,1.07271,0.007472,0,1,1,1
94.9,1945,1,0.00669348,0.00669348,0.743577,0.793109,0.0495312,34.9743,35.1724,12,13,1,0.950736,0.813323,0.137413,0,1,0,0
94.9,1945,2,0.01056,0.01056,0.511255,0.480399,0.0308559,34.045,33.9216,11,10,-1,1.10889,1.06359,0.0453067,0,1,0,0
94.9,1945,3,0.00181231,0.00181231,0.543613,0.543373,0.00023967,34.1745,34.1735,7,7,0,1.07271,1.08303,0.01032,0,1,1,0
95,1946,1,0.00196303,0.00196303,0.740524,0.743577,0.00305367,34.9621,34.9743,13,13,0,0.813323,0.850483,0.03716,0,1,1,0
95,1946,2,0.00727103,0.00727103,0.525983,0.511255,0.0147274,34.1039,34.045,10,10,0,1.06359,1.16658,0.102992,0,1,1,0
95,1946,3,0.0138424,0.0138424,0.567246,0.543613,0.023633,34.269,34.1745,7,7,0,1.08303,1.0875,0.004472,0,1,0,0
95.1,1947,1,0.0527044,0.0527044,0.767248,0.740524,0.0267239,35.069,34.9621,13,13,0,0.850483,0.747691,0.102792,0,0,0,0
95.1,1947,2,0.0250764,0.0250764,0.554207,0.525983,0.0282248,34.2168,34.1039,10,10,0,1.16658,1.23436,0.067784,0,0,0,0
95.1,1947,3,0.000284232,0.000284232,0.567205,0.567246,4.05312e-05,34.2688,34.269,7,7,0,1.0875,1.08584,0.001656,0,1,1,1
95.2,1948,1,0.0199041,0.0199041,0.778676,0.767248,0.0114282,35.1147,35.069,13,13,0,0.747691,0.774499,0.026808,0,1,1,0
95.2,1948,2,0.0093572,0.0093572,0.54456,0.554207,0.00964725,34.1782,34.2168,10,10,0,1.23436,1.19502,0.039344,0,1,1,0
95.2,1948,3,0.0192342,0.0192342,0.536474,0.567205,0.0307317,34.1459,34.2688,7,7,0,1.08584,1.08462,0.001224,0,1,0,0
95.3,1949,1,0.0129609,0.0129609,0.78297,0.778676,0.0042938,35.1319,35.1147,13,13,0,0.774499,0.831659,0.05716,0,1,1,0
95.3,1949,2,0.0410082,0.0410082,0.531503,0.54456,0.0130571,34.126,34.1782,10,10,0,1.19502,1.19222,0.0028,0,0,1,0
95.3,1949,3,0.00512933,0.00512933,0.535419,0.536474,0.00105435,34.1417,34.1459,7,7,0,1.08462,1.0592,0.025416,0,1,1,0
95.4,1950,1,0.00274658,0.00274658,0.782162,0.78297,0.000807941,35.1286,35.1319,13,13,0,0.831659,0.817971,0.013688,0,1,1,0
95.4,1950,2,0.00136854,0.00136854,0.532792,0.531503,0.00128871,34.1312,34.126,10,10,0,1.19222,1.19948,0.007264,0,1,1,1
95.4,1950,3,0.000689805,0.000689805,0.53514,0.535419,0.000279486,34.1406,34.1417,7,7,0,1.0592,1.05403,0.005176,0,1,1,1
95.5,1951,1,0.0144355,0.0144355,0.742983,0.782162,0.0391786,34.9719,35.1286,13,12,-1,0.817971,0.925368,0.107397,0,1,0,0
95.5,1951,2,0.0841687,0.0841687,0.523706,0.532792,0.00908548,34.0948,34.1312,10,11,1,1.19948,0.978613,0.220869,0,0,1,0
95.5,1951,3,0.000760194,0.000760194,0.535448,0.53514,0.000308037,34.1418,34.1406,7,7,0,1.05403,1.05973,0.005704,0,1,1,1
95.6,1952,1,0.0138065,0.0138065,0.769985,0.742983,0.0270021,35.0799,34.9719,12,12,0,0.925368,0.941216,0.015848,0,1,0,0
95.6,1952,2,0.0265039,0.0265039,0.525548,0.523706,0.00184119,34.1022,34.0948,11,11,0,0.978613,1.08988,0.111264,0,0,1,0
95.6,1952,3,0.0161619,0.0161619,0.566234,0.535448,0.030786,34.2649,34.1418,7,7,0,1.05973,1.06772,0.007992,0,1,0,0
95.7,1953,1,0.0142714,0.0142714,0.738516,0.769985,0.0314695,34.9541,35.0799,12,12,0,0.941216,0.838256,0.10296,0,1,0,0
95.7,1953,2,0.000106554,0.000106554,0.502889,0.525548,0.0226585,34.0116,34.1022,11,11,0,1.08988,1.06976,0.02012,0,1,0,0
95.7,1953,3,0.0204424,0.0204424,0.536326,0.566234,0.0299075,34.1453,34.2649,7,7,0,1.06772,1.07889,0.011168,0,0,0,0
95.8,1954,1,0.035478,0.035478,0.7431,0.738516,0.00458413,34.9724,34.9541,12,12,0,0.838256,0.960096,0.12184,0,0,1,0
95.8,1954,2,0.00390984,0.00390984,0.514858,0.502889,0.0119694,34.0594,34.0116,11,11,0,1.06976,1.07901,0.009248,0,1,1,1
95.8,1954,3,0.0153312,0.0153312,0.567633,0.536326,0.0313064,34.2705,34.1453,7,7,0,1.07889,1.10271,0.023824,0,1,0,0
95.9,1955,1,0.0608317,0.0608317,0.736455,0.7431,0.00664467,34.9458,34.9724,12,13,1,0.960096,0.687803,0.272293,0,0,1,0
95.9,1955,2,0.0578302,0.0578302,0.540802,0.514858,0.0259433,34.1632,34.0594,11,10,-1,1.07901,1.20852,0.129517,0,0,0,0
95.9,1955,3,0.00355018,0.00355018,0.566986,0.567633,0.000646651,34.2679,34.2705,7,7,0,1.10271,1.08207,0.02064,0,1,1,0
96,1956,1,0.020002,0.020002,0.730758,0.736455,0.00569743,34.923,34.9458,13,13,0,0.687803,0.735491,0.047688,0,0,1,0
96,1956,2,0.057265,0.057265,0.5384,0.540802,0.00240195,34.1536,34.1632,10,10,0,1.20852,1.23008,0.02156,0,0,1,0
96,1956,3,0.00482641,0.00482641,0.567892,0.566986,0.00090605,34.2716,34.2679,7,7,0,1.08207,1.10617,0.024096,0,1,1,0
96.1,1957,1,0.00915179,0.00915179,0.781987,0.730758,0.0512294,35.1279,34.923,13,12,-1,0.735491,0.828536,0.0930453,0,1,0,0
96.1,1957,2,0.0293646,0.0293646,0.52893,0.5384,0.00947016,34.1157,34.1536,10,11,1,1.23008,1.02437,0.205709,0,0,1,0
96.1,1957,3,0.00313614,0.00313614,0.567371,0.567892,0.000521243,34.2695,34.2716,7,7,0,1.10617,1.09309,0.01308,0,1,1,0
96.2,1958,1,0.00249134,0.00249134,0.811548,0.781987,0.0295607,35.2462,35.1279,12,12,0,0.828536,0.863736,0.0352,0,1,0,0
96.2,1958,2,0.0147879,0.0147879,0.516636,0.52893,0.0122934,34.0665,34.1157,11,11,0,1.02437,1.06579,0.041416,0,1,1,0
96.2,1958,3,0.0171911,0.0171911,0.536326,0.567371,0.0310446,34.1453,34.2695,7,7,0,1.09309,1.07889,0.0142,0,1,0,0
96.3,1959,1,0.034548,0.034548,0.787013,0.811548,0.0245351,35.1481,35.2462,12,12,0,0.863736,0.92604,0.062304,0,0,0,0
96.3,1959,2,0.00257365,0.00257365,0.501583,0.516636,0.0150531,34.0063,34.0665,11,11,0,1.06579,1.04391,0.02188,0,1,1,0
96.3,1959,3,0.00451298,0.00451298,0.535354,0.536326,0.000972688,34.1414,34.1453,7,7,0,1.07889,1.05799,0.020904,0,1,1,0
96.4,1960,1,0.00458588,0.00458588,0.787385,0.787013,0.000371933,35.1495,35.1481,12,12,0,0.92604,0.939816,0.013776,0,1,1,0
96.4,1960,2,0.00566297,0.00566297,0.502631,0.501583,0.00104761,34.0105,34.0063,11,11,0,1.04391,1.06361,0.019704,0,1,1,0
96.4,1960,3,0.00475819,0.00475819,0.542993,0.535354,0.00763965,34.172,34.1414,7,7,0,1.05799,1.0592,0.001216,0,1,1,1
96.5,1961,1,0.00415692,0.00415692,0.736343,0.787385,0.0510414,34.9454,35.1495,12,13,1,0.939816,0.793571,0.146245,0,1,0,0
96.5,1961,2,0.043874,0.043874,0.523714,0.502631,0.0210835,34.0949,34.0105,11,10,-1,1.06361,1.14415,0.0805413,0,0,0,0
96.5,1961,3,0.00124938,0.00124938,0.542846,0.542993,0.000147521,34.1714,34.172,7,7,0,1.0592,1.05435,0.004848,0,1,1,1
96.6,1962,1,0.000880741,0.000880741,0.743874,0.736343,0.00753039,34.9755,34.9454,13,13,0,0.793571,0.887339,0.093768,0,1,1,0
96.6,1962,2,0.0395266,0.0395266,0.533785,0.523714,0.0100706,34.1351,34.0949,10,10,0,1.14415,1.20427,0.060112,0,0,1,0
96.6,1962,3,0.00629316,0.00629316,0.567419,0.542846,0.0245731,34.2697,34.1714,7,7,0,1.05435,1.09524,0.040888,0,1,0,0
96.7,1963,1,0.0324754,0.0324754,0.72858,0.743874,0.0152937,34.9143,34.9755,13,12,-1,0.887339,0.847024,0.0403147,0,0,1,0
96.7,1963,2,0.0258559,0.0258559,0.533148,0.533785,0.000637054,34.1326,34.1351,10,11,1,1.20427,1.03101,0.173253,0,0,1,0
96.7,1963,3,0.00761866,0.00761866,0.560152,0.567419,0.0072667,34.2406,34.2697,7,7,0,1.09524,1.10616,0.01092,0,1,1,0
96.8,1964,1,0.00904039,0.00904039,0.763678,0.72858,0.035098,35.0547,34.9143,12,12,0,0.847024,0.877248,0.030224,0,1,0,0
96.8,1964,2,0.0282517,0.0282517,0.530072,0.533148,0.00307584,34.1203,34.1326,11,11,0,1.03101,1.10277,0.071752,0,0,1,0
96.8,1964,3,0.00520106,0.00520106,0.55936,0.560152,0.000792086,34.2374,34.2406,7,7,0,1.10616,1.08124,0.02492,0,1,1,0
96.9,1965,1,0.00910494,0.00910494,0.786738,0.763678,0.0230599,35.147,35.0547,12,12,0,0.877248,0.841432,0.035816,0,1,0,0
96.9,1965,2,0.00068327,0.00068327,0.507326,0.530072,0.0227463,34.0293,34.1203,11,11,0,1.10277,1.08457,0.0182,0,1,0,0
96.9,1965,3,0.00959914,0.00959914,0.543551,0.55936,0.0158092,34.1742,34.2374,7,7,0,1.08124,1.08036,0.00088,0,1,1,1
97,1966,1,0.0258253,0.0258253,0.787099,0.786738,0.000360906,35.1484,35.147,12,12,0,0.841432,0.929904,0.088472,0,0,1,0
97,1966,2,0.00629672,0.00629672,0.50662,0.507326,0.000705719,34.0265,34.0293,11,11,0,1.08457,1.06613,0.01844,0,1,1,0
97,1966,3,0.00127,0.00127,0.543383,0.543551,0.000167906,34.1735,34.1742,7,7,0,1.08036,1.07313,0.007232,0,1,1,1
97.1,1967,1,0.00308998,0.00308998,0.78686,0.787099,0.000238836,35.1474,35.1484,12,13,1,0.929904,0.802699,0.127205,0,1,1,0
97.1,1967,2,0.0416345,0.0416345,0.52718,0.50662,0.0205604,34.1087,34.0265,11,10,-1,1.06613,1.14015,0.0740293,0,0,0,0
97.1,1967,3,0.00498999,0.00498999,0.542684,0.543383,0.000699103,34.1707,34.1735,7,7,0,1.07313,1.0505,0.022632,0,1,1,0
97.2,1968,1,0.00740033,0.00740033,0.78844,0.78686,0.00157958,35.1538,35.1474,13,13,0,0.802699,0.831651,0.028952,0,1,1,0
97.2,1968,2,0.0452899,0.0452899,0.521064,0.52718,0.00611639,34.0843,34.1087,10,10,0,1.14015,1.15367,0.01352,0,0,1,0
97.2,1968,3,0.00192806,0.00192806,0.54301,0.542684,0.000326157,34.172,34.1707,7,7,0,1.0505,1.05975,0.009256,0,1,1,1
97.3,1969,1,0.00879033,0.00879033,0.782369,0.78844,0.00607038,35.1295,35.1538,13,13,0,0.831651,0.821483,0.010168,0,1,1,0
97.3,1969,2,0.0595982,0.0595982,0.533532,0.521064,0.0124685,34.1341,34.0843,10,10,0,1.15367,1.1848,0.031128,0,0,1,0
97.3,1969,3,0.00136302,0.00136302,0.543171,0.54301,0.000160754,34.1727,34.172,7,7,0,1.05975,1.06504,0.005288,0,1,1,1
97.4,1970,1,0.0109228,0.0109228,0.78901,0.782369,0.00664049,35.156,35.1295,13,13,0,0.821483,0.886539,0.065056,0,1,1,0
97.4,1970,2,0.0146491,0.0146491,0.527053,0.533532,0.0064795,34.1082,34.1341,10,10,0,1.1848,1.13903,0.045776,0,1,1,0
97.4,1970,3,0.00222692,0.00222692,0.542908,0.543171,0.000262737,34.1716,34.1727,7,7,0,1.06504,1.0564,0.00864,0,1,1,1
97.5,1971,1,0.0101979,0.0101979,0.782582,0.78901,0.00642806,35.1303,35.156,13,13,0,0.886539,0.825083,0.061456,0,1,1,0
97.5,1971,2,0.00864805,0.00864805,0.530981,0.527053,0.00392795,34.1239,34.1082,10,10,0,1.13903,1.16561,0.026584,0,1,1,0
97.5,1971,3,0.00112165,0.00112165,0.54304,0.542908,0.000132382,34.1722,34.1716,7,7,0,1.0564,1.06075,0.004352,0,1,1,1
97.6,1972,1,0.0101695,0.0101695,0.788882,0.782582,0.00630003,35.1555,35.1303,13,13,0,0.825083,0.885771,0.060688,0,1,1,0
97.6,1972,2,0.00349885,0.00349885,0.529657,0.530981,0.00132334,34.1186,34.1239,10,10,0,1.16561,1.15462,0.010992,0,1,1,0
97.6,1972,3,0.00213921,0.00213921,0.542731,0.54304,0.000309467,34.1709,34.1722,7,7,0,1.06075,1.05115,0.0096,0,1,1,1
97.7,1973,1,0.0101695,0.0101695,0.782582,0.788882,0.00630003,35.1303,35.1555,13,13,0,0.885771,0.825083,0.060688,0,1,1,0
97.7,1973,2,0.00123638,0.00123638,0.526158,0.529657,0.00349975,34.1046,34.1186,10,10,0,1.15462,1.15842,0.0038,0,1,1,1
97.7,1973,3,0.00174333,0.00174333,0.542994,0.542731,0.000262737,34.172,34.1709,7,7,0,1.05115,1.05922,0.008064,0,1,1,1
97.8,1974,1,0.00986089,0.00986089,0.787484,0.782582,0.00490201,35.1499,35.1303,13,13,0,0.825083,0.877411,0.052328,0,1,1,0
97.8,1974,2,0.00220126,0.00220126,0.527058,0.526158,0.000899971,34.1082,34.1046,10,10,0,1.15842,1.16523,0.006816,0,1,1,1
97.8,1974,3,0.00115458,0.00115458,0.542857,0.542994,0.000136316,34.1714,34.172,7,7,0,1.05922,1.05474,0.00448,0,1,1,1
97.9,1975,1,0.00461747,0.00461747,0.785163,0.787484,0.00232029,35.1407,35.1499,13,13,0,0.877411,0.853531,0.02388,0,1,1,0
97.9,1975,2,0.0032886,0.0032886,0.525744,0.527058,0.00131387,34.103,34.1082,10,10,0,1.16523,1.155,0.010232,0,1,1,0
97.9,1975,3,0.0037015,0.0037015,0.543297,0.542857,0.000439167,34.1732,34.1714,7,7,0,1.05474,1.06941,0.014672,0,1,1,0
98,1976,1,0.000817552,0.000817552,0.785496,0.785163,0.000332594,35.142,35.1407,13,13,0,0.853531,0.857307,0.003776,0,1,1,1
98,1976,2,0.00446356,0.00446356,0.527558,0.525744,0.00181401,34.1102,34.103,10,10,0,1.155,1.16886,0.013856,0,1,1,0
98,1976,3,0.000352815,0.000352815,0.543252,0.543297,4.40478e-05,34.173,34.1732,7,7,0,1.06941,1.06773,0.00168,0,1,1,1
98.1,1977,1,0.000817552,0.000817552,0.785163,0.785496,0.000332594,35.1407,35.142,13,13,0,0.857307,0.853531,0.003776,0,1,1,1
98.1,1977,2,0.00648149,0.00648149,0.524694,0.527558,0.00286371,34.0988,34.1102,10,10,0,1.16886,1.14928,0.019576,0,1,1,0
98.1,1977,3,0.00108128,0.00108128,0.534754,0.543252,0.00849843,34.139,34.173,7,7,0,1.06773,1.04689,0.02084,0,1,1,0
98.2,1978,1,0.000989862,0.000989862,0.785561,0.785163,0.00039798,35.1422,35.1407,13,13,0,0.853531,0.858091,0.00456,0,1,1,1
98.2,1978,2,0.00248137,0.00248137,0.52592,0.524694,0.00122613,34.1037,34.0988,10,10,0,1.14928,1.15646,0.007176,0,1,1,1
98.2,1978,3,0.000679076,0.000679076,0.535029,0.534754,0.000275433,34.1401,34.139,7,7,0,1.04689,1.05199,0.005096,0,1,1,1
98.3,1979,1,0.00276465,0.00276465,0.784077,0.785561,0.00148457,35.1363,35.1422,13,13,0,0.858091,0.844403,0.013688,1,1,1,0
98.3,1979,2,0.00235734,0.00235734,0.526861,0.52592,0.0009408,34.1074,34.1037,10,10,0,1.15646,1.16379,0.007336,1,1,1,1
98.3,1979,3,0.00376938,0.00376938,0.536029,0.535029,0.00099957,34.1441,34.1401,7,7,0,1.05199,1.07163,0.01964,1,1,1,0
98.4,1980,1,0.00276465,0.00276465,0.785561,0.784077,0.00148457,35.1422,35.1363,13,13,0,0.844403,0.858091,0.013688,0,1,1,0
98.4,1980,2,0.00847519,0.00847519,0.522749,0.526861,0.00411224,34.091,34.1074,10,10,0,1.16379,1.13903,0.024768,0,1,1,0
98.4,1980,3,0.00102198,0.00102198,0.535845,0.536029,0.000183761,34.1434,34.1441,7,7,0,1.07163,1.06773,0.003896,0,1,1,1
98.5,1981,1,0.00113919,0.00113919,0.785072,0.785561,0.000489235,35.1403,35.1422,13,13,0,0.858091,0.852763,0.005328,0,1,1,1
98.5,1981,2,0.0126306,0.0126306,0.528835,0.522749,0.00608581,34.1153,34.091,10,10,0,1.13903,1.17684,0.037816,0,1,1,0
98.5,1981,3,0.00416091,0.00416091,0.534456,0.535845,0.00138915,34.1378,34.1434,7,7,0,1.06773,1.04138,0.026352,0,1,1,0
98.6,1982,1,0.00113565,0.00113565,0.78556,0.785072,0.000487924,35.1422,35.1403,13,13,0,0.852763,0.858075,0.005312,0,1,1,1
98.6,1982,2,0.00193103,0.00193103,0.527854,0.528835,0.000981033,34.1114,34.1153,10,10,0,1.17684,1.17071,0.006136,0,1,1,1
98.6,1982,3,0.00392797,0.00392797,0.535803,0.534456,0.0013473,34.1432,34.1378,7,7,0,1.04138,1.06684,0.025464,0,1,1,0
98.7,1983,1,0.000986323,0.000986323,0.785163,0.78556,0.000396669,35.1407,35.1422,13,13,0,0.858075,0.853531,0.004544,0,1,1,1
98.7,1983,2,0.0104486,0.0104486,0.52288,0.527854,0.00497359,34.0915,34.1114,10,10,0,1.17071,1.13979,0.030912,0,1,1,0
98.7,1983,3,0.00021201,0.00021201,0.535765,0.535803,3.82066e-05,34.1431,34.1432,7,7,0,1.06684,1.06603,0.000808,0,1,1,1
98.8,1984,1,0.000888087,0.000888087,0.78462,0.785163,0.000543177,35.1385,35.1407,13,13,0,0.853531,0.848963,0.004568,0,1,1,1
98.8,1984,2,0.0124853,0.0124853,0.528888,0.52288,0.00600833,34.1156,34.0915,10,10,0,1.13979,1.17718,0.037384,0,1,1,0
98.8,1984,3,0.00241222,0.00241222,0.534985,0.535765,0.000780284,34.1399,34.1431,7,7,0,1.06603,1.05116,0.014872,0,1,1,0
98.9,1985,1,0.000888087,0.000888087,0.785163,0.78462,0.000543177,35.1407,35.1385,13,13,0,0.848963,0.853531,0.004568,0,1,1,1
98.9,1985,2,0.0169654,0.0169654,0.527355,0.528888,0.00153327,34.1094,34.1156,10,10,0,1.17718,1.12999,0.047184,0,1,1,0
98.9,1985,3,0.00165267,0.00165267,0.535629,0.534985,0.000643671,34.1425,34.1399,7,7,0,1.05116,1.06314,0.011976,0,1,1,0
99,1986,1,0.00456747,0.00456747,0.787257,0.785163,0.00209343,35.149,35.1407,13,13,0,0.853531,0.876059,0.022528,0,1,1,0
99,1986,2,0.0148604,0.0148604,0.531595,0.527355,0.00424027,34.1264,34.1094,10,10,0,1.12999,1.17072,0.040728,0,1,1,0
99,1986,3,0.00435894,0.00435894,0.536438,0.535629,0.000809133,34.1458,34.1425,7,7,0,1.06314,1.08323,0.020088,0,1,1,0
99.1,1987,1,0.00357761,0.00357761,0.785561,0.787257,0.00169545,35.1422,35.149,13,13,0,0.876059,0.858091,0.017968,0,1,1,0
99.1,1987,2,0.00174928,0.00174928,0.530935,0.531595,0.000660717,34.1237,34.1264,10,10,0,1.17072,1.16523,0.005496,0,1,1,1
99.1,1987,3,0.00275994,0.00275994,0.535916,0.536438,0.000521541,34.1437,34.1458,7,7,0,1.08323,1.06923,0.013992,0,1,1,0
99.2,1988,1,0.00276465,0.00276465,0.784077,0.785561,0.00148457,35.1363,35.1422,13,13,0,0.858091,0.844403,0.013688,0,1,1,0
99.2,1988,2,0.00463442,0.00463442,0.529023,0.530935,0.00191194,34.1161,34.1237,10,10,0,1.16523,1.15102,0.014208,0,1,1,0
99.2,1988,3,0.00161575,0.00161575,0.535626,0.535916,0.000290632,34.1425,34.1437,7,7,0,1.06923,1.06307,0.00616,0,1,1,1
99.3,1989,1,0.00276465,0.00276465,0.785561,0.784077,0.00148457,35.1422,35.1363,13,13,0,0.844403,0.858091,0.013688,0,1,1,0
99.3,1989,2,0.00121964,0.00121964,0.529643,0.529023,0.000620306,34.1186,34.1161,10,10,0,1.15102,1.1545,0.00348,0,1,1,1
99.3,1989,3,0.0065134,0.0065134,0.551175,0.535626,0.0155491,34.2047,34.1425,7,7,0,1.06307,1.07369,0.010616,0,1,1,0
99.4,1990,1,0.00113919,0.00113919,0.785072,0.785561,0.000489235,35.1403,35.1422,13,13,0,0.858091,0.852763,0.005328,0,1,1,1
99.4,1990,2,0.00868778,0.00868778,0.533137,0.529643,0.00349385,34.1325,34.1186,10,10,0,1.1545,1.18204,0.027544,0,1,1,0
99.4,1990,3,0.000457771,0.000457771,0.546967,0.551175,0.00420737,34.1879,34.2047,7,7,0,1.07369,1.05768,0.016008,0,1,1,0
99.5,1991,1,0.000149325,0.000149325,0.785163,0.785072,9.12547e-05,35.1407,35.1403,13,13,0,0.852763,0.853531,0.000768,0,1,1,1
99.5,1991,2,0.000892278,0.000892278,0.533552,0.533137,0.000414968,34.1342,34.1325,10,10,0,1.18204,1.18494,0.002896,0,1,1,1
99.5,1991,3,0.00033582,0.00033582,0.553389,0.546967,0.00642139,34.2136,34.1879,7,7,0,1.05768,1.08239,0.024712,0,1,1,0
99.6,1992,1,0.000989862,0.000989862,0.785561,0.785163,0.00039798,35.1422,35.1407,13,13,0,0.853531,0.858091,0.00456,0,1,1,1
99.6,1992,2,0.0113164,0.0113164,0.528748,0.533552,0.00480396,34.115,34.1342,10,10,0,1.18494,1.14957,0.035368,0,1,1,0
99.6,1992,3,0.00020279,0.00020279,0.549703,0.553389,0.00368547,34.1988,34.2136,7,7,0,1.08239,1.06792,0.014472,0,1,1,0
99.7,1993,1,0.00276465,0.00276465,0.784077,0.785561,0.00148457,35.1363,35.1422,13,13,0,0.858091,0.844403,0.013688,0,1,1,0
99.7,1993,2,0.00341954,0.00341954,0.53028,0.528748,0.00153214,34.1211,34.115,10,10,0,1.14957,1.15979,0.010216,0,1,1,0
99.7,1993,3,6.94394e-06,6.94394e-06,0.549577,0.549703,0.000126719,34.1983,34.1988,7,7,0,1.06792,1.06743,0.000496,0,1,1,1
99.8,1994,1,0.00276465,0.00276465,0.785561,0.784077,0.00148457,35.1422,35.1363,13,13,0,0.844403,0.858091,0.013688,0,1,1,0
99.8,1994,2,0.00644256,0.00644256,0.532875,0.53028,0.00259537,34.1315,34.1211,10,10,0,1.15979,1.18022,0.020432,0,1,1,0
99.8,1994,3,4.88535e-05,4.88535e-05,0.548668,0.549577,0.000908554,34.1947,34.1983,7,7,0,1.06743,1.06395,0.003472,0,1,1,1
99.9,1995,1,0,0,0.785561,0.785561,0,35.1422,35.1422,13,13,0,0.858091,0.858091,0,0,1,1,1
99.9,1995,2,0.00410963,0.00410963,0.535078,0.532875,0.00220227,34.1403,34.1315,10,10,0,1.18022,1.19511,0.014896,0,1,1,0
99.9,1995,3,0.00108974,0.00108974,0.542902,0.548668,0.00576574,34.1716,34.1947,7,7,0,1.06395,1.017,0.046952,0,1,1,0
100,1996,1,0.00113919,0.00113919,0.785072,0.785561,0.000489235,35.1403,35.1422,13,13,0,0.858091,0.852763,0.005328,0,1,1,1
100,1996,2,0.00118393,0.00118393,0.536127,0.535078,0.00104928,34.1445,34.1403,10,10,0,1.19511,1.20163,0.006512,0,1,1,1
100,1996,3,9.3624e-05,9.3624e-05,0.544197,0.542902,0.00129485,34.1768,34.1716,7,7,0,1.017,1.03415,0.017152,0,1,1,0
100.1,1997,1,0.00113919,0.00113919,0.785561,0.785072,0.000489235,35.1422,35.1403,13,13,0,0.852763,0.858091,0.005328,0,1,1,1
100.1,1997,2,0.00388861,0.00388861,0.533529,0.536127,0.00259799,34.1341,34.1445,10,10,0,1.20163,1.18478,0.016848,0,1,1,0
100.1,1997,3,4.85107e-05,4.85107e-05,0.543526,0.544197,0.000670671,34.1741,34.1768,7,7,0,1.03415,1.02527,0.008888,0,1,1,1
100.2,1998,1,0.00276768,0.00276768,0.784075,0.785561,0.0014866,35.1363,35.1422,13,13,0,0.858091,0.844387,0.013704,0,1,1,0
100.2,1998,2,0.00337083,0.00337083,0.535668,0.533529,0.00213933,34.1427,34.1341,10,10,0,1.18478,1.19878,0.014,0,1,1,0
100.2,1998,3,0.000436917,0.000436917,0.546049,0.543526,0.00252259,34.1842,34.1741,7,7,0,1.02527,1.05288,0.027616,0,1,1,0
100.3,1999,1,0.00649953,0.00649953,0.787957,0.784075,0.00388211,35.1518,35.1363,13,13,0,0.844387,0.880235,0.035848,0,1,1,0
100.3,1999,2,0.00440104,0.00440104,0.547146,0.535668,0.0114774,34.1886,34.1427,10,10,0,1.19878,1.18151,0.017264,0,1,1,0
100.3,1999,3,0.000405058,0.000405058,0.543085,0.546049,0.0029636,34.1723,34.1842,7,7,0,1.05288,1.01943,0.033456,0,1,1,0
100.4,2000,1,0.00620866,0.00620866,0.784253,0.787957,0.00370359,35.137,35.1518,13,13,0,0.880235,0.845883,0.034352,0,1,1,0
100.4,2000,2,0.0102519,0.0102519,0.551431,0.547146,0.00428575,34.2057,34.1886,10,10,0,1.18151,1.21435,0.03284,0,1,1,0
100.4,2000,3,7.61449e-06,7.61449e-06,0.54298,0.543085,0.000105143,34.1719,34.1723,7,7,0,1.01943,1.01803,0.001392,0,1,1,1
100.5,2001,1,0.000547573,0.000547573,0.783917,0.784253,0.000335991,35.1357,35.137,13,13,0,0.845883,0.843067,0.002816,0,1,1,1
100.5,2001,2,0.00747173,0.00747173,0.54817,0.551431,0.00326139,34.1927,34.2057,10,10,0,1.21435,1.19025,0.024104,0,1,1,0
100.5,2001,3,0.000128239,0.000128239,0.545342,0.54298,0.00236213,34.1814,34.1719,7,7,0,1.01803,1.04656,0.028528,0,1,1,0
100.6,2002,1,0.0044606,0.0044606,0.786106,0.783917,0.00218904,35.1444,35.1357,13,13,0,0.843067,0.864627,0.02156,0,1,1,0
100.6,2002,2,0.00636552,0.00636552,0.550931,0.54817,0.00276059,34.2037,34.1927,10,10,0,1.19025,1.21076,0.020512,0,1,1,0
100.6,2002,3,0.000166737,0.000166737,0.543512,0.545342,0.00182992,34.174,34.1814,7,7,0,1.04656,1.02508,0.02148,0,1,1,0
100.7,2003,1,0.00494919,0.00494919,0.783617,0.786106,0.00248909,35.1345,35.1444,13,13,0,0.864627,0.840555,0.024072,0,1,1,0
100.7,2003,2,0.012852,0.012852,0.545793,0.550931,0.0051378,34.1832,34.2037,10,10,0,1.21076,1.16972,0.04104,0,1,1,0
100.7,2003,3,6.89998e-05,6.89998e-05,0.544697,0.543512,0.00118494,34.1788,34.174,7,7,0,1.02508,1.04063,0.015552,0,1,1,0
100.8,2004,1,0.000149444,0.000149444,0.783709,0.783617,9.17315e-05,35.1348,35.1345,13,13,0,0.840555,0.841323,0.000768,0,1,1,1
100.8,2004,2,0.00601043,0.00601043,0.547995,0.545793,0.00220191,34.192,34.1832,10,10,0,1.16972,1.18875,0.019032,0,1,1,0
100.8,2004,3,4.38541e-05,4.38541e-05,0.543861,0.544697,0.000836432,34.1754,34.1788,7,7,0,1.04063,1.0297,0.010936,0,1,1,0
100.9,2005,1,0.00122582,0.00122582,0.784461,0.783709,0.000752091,35.1378,35.1348,13,13,0,0.841323,0.847627,0.006304,0,1,1,1
100.9,2005,2,0.00326392,0.00326392,0.546792,0.547995,0.00120306,34.1872,34.192,10,10,0,1.18875,1.1785,0.010256,0,1,1,0
100.9,2005,3,0.00230295,0.00230295,0.534547,0.543861,0.00931436,34.1382,34.1754,7,7,0,1.0297,1.02369,0.006008,0,1,1,1
101,2006,1,0.00122738,0.00122738,0.783708,0.784461,0.000753045,35.1348,35.1378,13,13,0,0.847627,0.841315,0.006312,0,1,1,1
101,2006,2,0.00218205,0.00218205,0.545986,0.546792,0.000805497,34.1839,34.1872,10,10,0,1.1785,1.17164,0.006856,0,1,1,1
101,2006,3,5.45532e-05,5.45532e-05,0.535311,0.534547,0.000764191,34.1412,34.1382,7,7,0,1.02369,1.03368,0.009992,0,1,1,1
101.1,2007,1,0.0128669,0.0128669,0.826945,0.783708,0.0432371,35.3078,35.1348,13,13,0,0.841315,0.878539,0.037224,1,1,0,0
101.1,2007,2,0.00128329,0.00128329,0.54646,0.545986,0.000473797,34.1858,34.1839,10,10,0,1.17164,1.17567,0.004032,1,1,1,1
101.1,2007,3,1.84178e-05,1.84178e-05,0.535052,0.535311,0.000258684,34.1402,34.1412,7,7,0,1.03368,1.0303,0.003384,1,1,1,1
101.2,2008,1,0.00110111,0.00110111,0.826526,0.826945,0.000419378,35.3061,35.3078,13,13,0,0.878539,0.873787,0.004752,0,1,1,1
101.2,2008,2,0.0001324,0.0001324,0.546411,0.54646,4.88758e-05,34.1856,34.1858,10,10,0,1.17567,1.17526,0.000416,0,1,1,1
101.2,2008,3,5.96382e-05,5.96382e-05,0.534217,0.535052,0.000835001,34.1369,34.1402,7,7,0,1.0303,1.01939,0.010912,0,1,1,0
101.3,2009,1,0.00839995,0.00839995,0.828289,0.826526,0.00176293,35.3132,35.3061,13,13,0,0.873787,0.900491,0.026704,0,1,1,0
101.3,2009,2,0.00707219,0.00707219,0.545887,0.546411,0.000523865,34.1835,34.1856,10,10,0,1.17526,1.14637,0.028888,0,1,1,0
101.3,2009,3,0.000156026,0.000156026,0.536213,0.534217,0.00199586,34.1449,34.1369,7,7,0,1.01939,1.04271,0.02332,0,1,1,0
101.4,2010,1,0.00995725,0.00995725,0.825891,0.828289,0.00239784,35.3036,35.3132,13,13,0,0.900491,0.864395,0.036096,0,1,1,0
101.4,2010,2,0.00343664,0.00343664,0.546552,0.545887,0.000664949,34.1862,34.1835,10,10,0,1.14637,1.13851,0.007864,0,1,1,1
101.4,2010,3,0.000148486,0.000148486,0.534111,0.536213,0.00210184,34.1364,34.1449,7,7,0,1.04271,1.018,0.024704,0,1,1,0
101.5,2011,1,0.000417277,0.000417277,0.825753,0.825891,0.000138283,35.303,35.3036,13,13,0,0.864395,0.861579,0.002816,0,1,1,1
101.5,2011,2,0.00224031,0.00224031,0.547143,0.546552,0.000590622,34.1886,34.1862,10,10,0,1.13851,1.13374,0.004768,0,1,1,1
101.5,2011,3,0.000243299,0.000243299,0.536455,0.534111,0.00234413,34.1458,34.1364,7,7,0,1.018,1.04478,0.026776,0,1,1,0
101.6,2012,1,0.000258431,0.000258431,0.825667,0.825753,8.56519e-05,35.3027,35.303,13,13,0,0.861579,0.859835,0.001744,0,1,1,1
101.6,2012,2,0.0087839,0.0087839,0.54556,0.547143,0.0015828,34.1822,34.1886,10,10,0,1.13374,1.15709,0.023352,0,1,1,0
101.6,2012,3,0.000243008,0.000243008,0.534107,0.536455,0.00234842,34.1364,34.1458,7,7,0,1.04478,1.01795,0.026832,0,1,1,0
101.7,2013,1,0.000675708,0.000675708,0.825891,0.825667,0.000223935,35.3036,35.3027,13,13,0,0.859835,0.864395,0.00456,0,1,1,1
101.7,2013,2,0.00775023,0.00775023,0.54687,0.54556,0.00131041,34.1875,34.1822,10,10,0,1.15709,1.13594,0.021152,0,1,1,0
101.7,2013,3,6.40862e-05,6.40862e-05,0.535006,0.534107,0.000898719,34.14,34.1364,7,7,0,1.01795,1.02969,0.011744,0,1,1,0
101.8,2014,1,0.000451609,0.000451609,0.82604,0.825891,0.000149548,35.3042,35.3036,13,13,0,0.864395,0.867443,0.003048,0,1,1,1
101.8,2014,2,0.00831491,0.00831491,0.549059,0.54687,0.00218832,34.1962,34.1875,10,10,0,1.13594,1.11824,0.017696,0,1,1,0
101.8,2014,3,0.00110287,0.00110287,0.537678,0.535006,0.00267255,34.1507,34.14,7,7,0,1.02969,1.05129,0.0216,0,1,1,0
101.9,2015,1,0.000868887,0.000868887,0.825753,0.82604,0.000287831,35.303,35.3042,13,13,0,0.867443,0.861579,0.005864,0,1,1,1
101.9,2015,2,0.0148272,0.0148272,0.545536,0.549059,0.00352234,34.1821,34.1962,10,10,0,1.11824,1.15065,0.032408,0,1,1,0
101.9,2015,3,0.00107057,0.00107057,0.534553,0.537678,0.00312543,34.1382,34.1507,7,7,0,1.05129,1.02377,0.02752,0,1,1,0
102,2016,1,0.000417277,0.000417277,0.825891,0.825753,0.000138283,35.3036,35.303,13,13,0,0.861579,0.864395,0.002816,0,1,1,1
102,2016,2,0.0136543,0.0136543,0.548751,0.545536,0.00321418,34.195,34.1821,10,10,0,1.15065,1.12074,0.029912,0,1,1,0
102,2016,3,3.98606e-07,3.98606e-07,0.534559,0.534553,6.13928e-06,34.1382,34.1382,7,7,0,1.02377,1.02385,8e-05,0,1,1,1
102.1,2017,1,0.000789419,0.000789419,0.825629,0.825891,0.000261605,35.3025,35.3036,13,13,0,0.864395,0.859067,0.005328,0,1,1,1
102.1,2017,2,0.000695446,0.000695446,0.548568,0.548751,0.000182867,34.1943,34.195,10,10,0,1.12074,1.12222,0.00148,0,1,1,1
102.1,2017,3,0.00173976,0.00173976,0.538599,0.534559,0.0040403,34.1544,34.1382,7,7,0,1.02385,1.05564,0.031792,0,1,1,0
102.2,2018,1,0.000372142,0.000372142,0.825753,0.825629,0.000123322,35.303,35.3025,13,13,0,0.859067,0.861579,0.002512,0,1,1,1
102.2,2018,2,0.0137622,0.0137622,0.545602,0.548568,0.00296611,34.1824,34.1943,10,10,0,1.12222,1.15393,0.031712,0,1,1,0
102.2,2018,3,0.00171562,0.00171562,0.53422,0.538599,0.00437891,34.1369,34.1544,7,7,0,1.05564,1.01943,0.036216,0,1,1,0
102.3,2019,1,0.00783248,0.00783248,0.827822,0.825753,0.00206912,35.3113,35.303,13,13,0,0.861579,0.892843,0.031264,0,1,1,0
102.3,2019,2,0.0134014,0.0134014,0.548473,0.545602,0.00287116,34.1939,34.1824,10,10,0,1.15393,1.12299,0.030944,0,1,1,0
102.3,2019,3,4.79333e-05,4.79333e-05,0.534892,0.53422,0.000671625,34.1396,34.1369,7,7,0,1.01943,1.0282,0.008776,0,1,1,1
102.4,2020,1,0.00783248,0.00783248,0.825753,0.827822,0.00206912,35.303,35.3113,13,13,0,0.892843,0.861579,0.031264,0,1,1,0
102.4,2020,2,0.0067098,0.0067098,0.546706,0.548473,0.00176686,34.1868,34.1939,10,10,0,1.12299,1.13727,0.01428,0,1,1,0
102.4,2020,3,3.44515e-05,3.44515e-05,0.535374,0.534892,0.000482619,34.1415,34.1396,7,7,0,1.0282,1.03451,0.006312,0,1,1,1
102.5,2021,1,0.000258431,0.000258431,0.825667,0.825753,8.56519e-05,35.3027,35.303,13,13,0,0.861579,0.859835,0.001744,0,1,1,1
102.5,2021,2,0.00707059,0.00707059,0.548568,0.546706,0.00186181,34.1943,34.1868,10,10,0,1.13727,1.12222,0.015048,0,1,1,0
102.5,2021,3,0.000153016,0.000153016,0.535976,0.535374,0.000601113,34.1439,34.1415,7,7,0,1.03451,1.04055,0.00604,0,1,1,1
102.6,2022,1,0.000675708,0.000675708,0.825891,0.825667,0.000223935,35.3036,35.3027,13,13,0,0.859835,0.864395,0.00456,0,1,1,1
102.6,2022,2,0.000333498,0.000333498,0.543342,0.548568,0.00522578,34.1734,34.1943,10,10,0,1.12222,1.12299,0.000768,0,1,1,1
102.6,2022,3,0.000144102,0.000144102,0.535249,0.535976,0.000726521,34.141,34.1439,7,7,0,1.04055,1.03287,0.00768,0,1,1,1
102.7,2023,1,0.0148467,0.0148467,0.829184,0.825891,0.00329345,35.3167,35.3036,13,13,0,0.864395,0.915211,0.050816,1,1,1,0
102.7,2023,2,0.0033868,0.0033868,0.542444,0.543342,0.000898421,34.1698,34.1734,10,10,0,1.12299,1.13019,0.007208,1,1,1,1
102.7,2023,3,4.03337e-05,4.03337e-05,0.534685,0.535249,0.000564158,34.1387,34.141,7,7,0,1.03287,1.0255,0.007376,1,1,1,1
102.8,2024,1,0.00294654,0.00294654,0.828645,0.829184,0.000539243,35.3146,35.3167,13,13,0,0.915211,0.906339,0.008872,0,1,1,1
102.8,2024,2,0.00620434,0.00620434,0.541244,0.542444,0.00119954,34.165,34.1698,10,10,0,1.13019,1.1448,0.014608,0,1,1,0
102.8,2024,3,0.000103381,0.000103381,0.535975,0.534685,0.00128978,34.1439,34.1387,7,7,0,1.0255,1.04055,0.015048,0,1,1,0
102.9,2025,1,0.00209451,0.00209451,0.828261,0.828645,0.000384212,35.313,35.3146,13,13,0,0.906339,0.900035,0.006304,0,1,1,1
102.9,2025,2,0.00566301,0.00566301,0.5423,0.541244,0.0010559,34.1692,34.165,10,10,0,1.1448,1.13135,0.013456,0,1,1,0
102.9,2025,3,8.72724e-05,8.72724e-05,0.536216,0.535975,0.000241756,34.1449,34.1439,7,7,0,1.04055,1.04274,0.002192,0,1,1,1
103,2026,1,0.00432394,0.00432394,0.829053,0.828261,0.000792265,35.3162,35.313,13,13,0,0.900035,0.913051,0.013016,0,1,1,0
103,2026,2,0.00426205,0.00426205,0.541509,0.5423,0.000791192,34.166,34.1692,10,10,0,1.13135,1.14159,0.010248,0,1,1,0
103,2026,3,0.000160702,0.000160702,0.534264,0.536216,0.00195217,34.1371,34.1449,7,7,0,1.04274,1.02,0.022736,0,1,1,0
103.1,2027,1,0.00209388,0.00209388,0.82867,0.829053,0.000383258,35.3147,35.3162,13,13,0,0.913051,0.906747,0.006304,0,1,1,1
103.1,2027,2,0.00855483,0.00855483,0.543439,0.541509,0.00193,34.1738,34.166,10,10,0,1.14159,1.12221,0.019384,0,1,1,0
103.1,2027,3,8.73506e-05,8.73506e-05,0.535488,0.534264,0.00122392,34.142,34.1371,7,7,0,1.02,1.036,0.016,0,1,1,0
103.2,2028,1,0.0104409,0.0104409,0.830027,0.82867,0.00135756,35.3201,35.3147,13,13,0,0.906747,0.936939,0.030192,0,1,1,0
103.2,2028,2,0.0018682,0.0018682,0.542943,0.543439,0.000495434,34.1718,34.1738,10,10,0,1.12221,1.12619,0.003976,0,1,1,1
103.2,2028,3,0.000255972,0.000255972,0.536239,0.535488,0.000750363,34.145,34.142,7,7,0,1.036,1.04294,0.006936,0,1,1,1
103.3,2029,1,0.00918129,0.00918129,0.828901,0.830027,0.00112689,35.3156,35.3201,13,13,0,0.936939,0.910539,0.0264,0,1,1,0
103.3,2029,2,0.00996574,0.00996574,0.541032,0.542943,0.0019114,34.1641,34.1718,10,10,0,1.12619,1.14991,0.023728,0,1,1,0
103.3,2029,3,0.00016427,0.00016427,0.534204,0.536239,0.0020349,34.1368,34.145,7,7,0,1.04294,1.01921,0.023728,0,1,1,0
103.4,2030,1,0.00801034,0.00801034,0.829923,0.828901,0.00102222,35.3197,35.3156,13,13,0,0.910539,0.933659,0.02312,0,1,1,0
103.4,2030,2,0.0101236,0.0101236,0.542985,0.541032,0.0019533,34.1719,34.1641,10,10,0,1.14991,1.12585,0.024064,0,1,1,0
103.4,2030,3,0.00028434,0.00028434,0.533301,0.534204,0.000902832,34.1332,34.1368,7,7,0,1.01921,1.00574,0.013472,0,1,1,0
103.5,2031,1,0.0107345,0.0107345,0.828401,0.829923,0.00152135,35.3136,35.3197,13,13,0,0.933659,0.902339,0.03132,0,1,1,0
103.5,2031,2,0.00134567,0.00134567,0.543342,0.542985,0.000356793,34.1734,34.1719,10,10,0,1.12585,1.12299,0.002864,0,1,1,1
103.5,2031,3,0.00110007,0.00110007,0.532835,0.533301,0.000466287,34.1313,34.1332,7,7,0,1.00574,0.991467,0.014272,0,1,1,0
103.6,2032,1,0.0107174,0.0107174,0.829921,0.828401,0.00151986,35.3197,35.3136,13,13,0,0.902339,0.933611,0.031272,0,1,1,0
103.6,2032,2,0.00818669,0.00818669,0.541509,0.543342,0.00183254,34.166,34.1734,10,10,0,1.12299,1.14159,0.0186,0,1,1,0
103.6,2032,3,0.0013827,0.0013827,0.53418,0.532835,0.00134522,34.1367,34.1313,7,7,0,0.991467,1.0189,0.027432,0,1,1,0
103.7,2033,1,0.0107147,0.0107147,0.828402,0.829921,0.00151938,35.3136,35.3197,13,13,0,0.933611,0.902347,0.031264,0,1,1,0
103.7,2033,2,0.00855134,0.00855134,0.543439,0.541509,0.00192928,34.1738,34.166,10,10,0,1.14159,1.12221,0.019376,0,1,1,0
103.7,2033,3,0.000219718,0.000219718,0.533328,0.53418,0.000852227,34.1333,34.1367,7,7,0,1.0189,1.00655,0.012344,0,1,1,0
103.8,2034,1,0.000579551,0.000579551,0.828296,0.828402,0.000106275,35.3132,35.3136,13,13,0,0.902347,0.900603,0.001744,0,1,1,1
103.8,2034,2,0.00151485,0.00151485,0.54384,0.543439,0.000401318,34.1754,34.1738,10,10,0,1.12221,1.11899,0.003224,0,1,1,1
103.8,2034,3,0.000493322,0.000493322,0.533118,0.533328,0.000209093,34.1325,34.1333,7,7,0,1.00655,1.00015,0.0064,0,1,1,1
103.9,2035,1,0.0119168,0.0119168,0.829977,0.828296,0.00168127,35.3199,35.3132,13,13,0,0.900603,0.935355,0.034752,1,1,1,0
103.9,2035,2,0.00991949,0.00991949,0.541537,0.54384,0.00230294,34.1661,34.1754,10,10,0,1.11899,1.14125,0.022264,1,1,1,0
103.9,2035,3,0.000581514,0.000581514,0.532872,0.533118,0.000246465,34.1315,34.1325,7,7,0,1.00015,0.992611,0.007544,1,1,1,1
104,2036,1,0.0119168,0.0119168,0.828296,0.829977,0.00168127,35.3132,35.3199,13,13,0,0.935355,0.900603,0.034752,0,1,1,0
104,2036,2,0.00328665,0.00328665,0.542148,0.541537,0.000611126,34.1686,34.1661,10,10,0,1.14125,1.13343,0.007824,0,1,1,1
104,2036,3,0.00160382,0.00160382,0.532205,0.532872,0.000666499,34.1288,34.1315,7,7,0,0.992611,0.972075,0.020536,0,1,1,0
104.1,2037,1,0.00479588,0.00479588,0.827045,0.828296,0.00125098,35.3082,35.3132,13,13,0,0.900603,0.900595,8e-06,0,1,1,1
104.1,2037,2,0.000821463,0.000821463,0.542299,0.542148,0.000150621,34.1692,34.1686,10,10,0,1.13343,1.13135,0.002072,0,1,1,1
104.1,2037,3,0.000918753,0.000918753,0.531981,0.532205,0.000224173,34.1279,34.1288,7,7,0,0.972075,0.963411,0.008664,0,1,1,1
104.2,2038,1,0.0124581,0.0124581,0.828583,0.827045,0.0015381,35.3143,35.3082,13,13,0,0.900595,0.935355,0.03476,1,1,1,0
104.2,2038,2,0.0042548,0.0042548,0.541509,0.542299,0.000789404,34.166,34.1692,10,10,0,1.13135,1.14159,0.010232,1,1,1,0
104.2,2038,3,0.00443043,0.00443043,0.530762,0.531981,0.00121897,34.123,34.1279,7,7,0,0.963411,0.933099,0.030312,1,1,1,0
104.3,2039,1,0.0124554,0.0124554,0.827045,0.828583,0.00153762,35.3082,35.3143,13,13,0,0.935355,0.900603,0.034752,0,1,1,0
104.3,2039,2,0.0104233,0.0104233,0.543935,0.541509,0.00242519,34.1757,34.166,10,10,0,1.14159,1.11823,0.02336,0,1,1,0
104.3,2039,3,0.0102285,0.0102285,0.564432,0.530762,0.0336701,34.2577,34.123,7,7,0,0.933099,1.16476,0.231664,0,1,0,0
104.4,2040,1,0.000579938,0.000579938,0.827152,0.827045,0.00010705,35.3086,35.3082,13,13,0,0.900603,0.902347,0.001744,0,1,1,1
104.4,2040,2,0.00561211,0.00561211,0.542447,0.543935,0.00148803,34.1698,34.1757,10,10,0,1.11823,1.13017,0.011944,0,1,1,0
104.4,2040,3,0.00815973,0.00815973,0.531361,0.564432,0.0330709,34.1254,34.2577,7,7,0,1.16476,0.944771,0.219992,0,1,0,0
104.5,2041,1,0.0600003,0.0600003,0.864805,0.827152,0.0376533,35.4592,35.3086,13,13,0,0.902347,1.14797,0.245624,0,0,0,0
104.5,2041,2,0.0132014,0.0132014,0.62806,0.542447,0.0856137,34.5122,34.1698,10,10,0,1.13017,1.39741,0.26724,0,1,0,0
104.5,2041,3,0.00111902,0.00111902,0.531678,0.531361,0.00031656,34.1267,34.1254,7,7,0,0.944771,0.951691,0.00692,0,1,1,1
104.6,2042,1,0.0454985,0.0454985,0.829831,0.864805,0.0349741,35.3193,35.4592,13,13,0,1.14797,0.930795,0.217176,0,0,0,0
104.6,2042,2,0.0155657,0.0155657,0.543074,0.62806,0.0849864,34.1723,34.5122,10,10,0,1.39741,1.12514,0.272272,0,1,0,0
104.6,2042,3,0.000296041,0.000296041,0.53175,0.531678,7.23004e-05,34.127,34.1267,7,7,0,0.951691,0.954483,0.002792,0,1,1,1
104.7,2043,1,0.0136902,0.0136902,0.816826,0.829831,0.0130057,35.2673,35.3193,13,14,1,0.930795,0.771613,0.159181,0,1,1,0
104.7,2043,2,0.00783717,0.00783717,0.545149,0.543074,0.00207508,34.1806,34.1723,10,10,0,1.12514,1.10846,0.01668,0,1,1,0
104.7,2043,3,0.0468376,0.0468376,0.600631,0.53175,0.0688807,34.4025,34.127,7,6,-1,0.954483,1.04685,0.0923653,0,0,0,0
104.8,2044,1,0.0107281,0.0107281,0.82199,0.816826,0.00516433,35.288,35.2673,14,14,0,0.771613,0.812013,0.0404,0,1,1,0
104.8,2044,2,0.0184333,0.0184333,0.541083,0.545149,0.00406623,34.1643,34.1806,10,10,0,1.10846,1.15067,0.042208,0,1,1,0
104.8,2044,3,0.000115236,0.000115236,0.576237,0.600631,0.0243936,34.3049,34.4025,6,6,0,1.04685,1.06488,0.018032,0,1,0,0
104.9,2045,1,0.0292649,0.0292649,0.856818,0.82199,0.0348277,35.4273,35.288,14,14,0,0.812013,0.822613,0.0106,0,0,0,0
104.9,2045,2,0.0076829,0.0076829,0.542301,0.541083,0.00121808,34.1692,34.1643,10,10,0,1.15067,1.13134,0.019328,0,1,1,0
104.9,2045,3,0.00281976,0.00281976,0.601225,0.576237,0.0249876,34.4049,34.3049,6,6,0,1.06488,1.06018,0.004696,0,1,0,0
105,2046,1,0.0032815,0.0032815,0.854722,0.856818,0.00209552,35.4189,35.4273,14,14,0,0.822613,0.806773,0.01584,0,1,1,0
105,2046,2,0.0344237,0.0344237,0.548566,0.542301,0.00626558,34.1943,34.1692,10,10,0,1.13134,1.05946,0.07188,0,0,1,0
105,2046,3,0.000591638,0.000591638,0.601345,0.601225,0.000119686,34.4054,34.4049,6,6,0,1.06018,1.06287,0.002688,0,1,1,1
105.1,2047,1,0.0103801,0.0103801,0.849546,0.854722,0.00517613,35.3982,35.4189,14,14,0,0.806773,0.754861,0.051912,0,1,1,0
105.1,2047,2,0.020318,0.020318,0.551152,0.548566,0.00258559,34.2046,34.1943,10,10,0,1.05946,1.10126,0.0418,0,0,1,0
105.1,2047,3,0.00147025,0.00147025,0.601047,0.601345,0.000297427,34.4042,34.4054,6,6,0,1.06287,1.05619,0.00668,0,1,1,1
105.2,2048,1,0.00341515,0.00341515,0.850858,0.849546,0.00131172,35.4034,35.3982,14,14,0,0.754861,0.767877,0.013016,0,1,1,0
105.2,2048,2,0.00544234,0.00544234,0.549725,0.551152,0.00142699,34.1989,34.2046,10,10,0,1.10126,1.11284,0.011584,0,1,1,0
105.2,2048,3,0.00402166,0.00402166,0.60186,0.601047,0.000813127,34.4074,34.4042,6,6,0,1.05619,1.07446,0.018272,0,1,1,0
105.3,2049,1,0.00400154,0.00400154,0.852427,0.850858,0.00156873,35.4097,35.4034,14,14,0,0.767877,0.767917,4e-05,0,1,1,1
105.3,2049,2,0.00480764,0.00480764,0.548462,0.549725,0.00126308,34.1938,34.1989,10,10,0,1.11284,1.12307,0.010232,0,1,1,0
105.3,2049,3,0.0035903,0.0035903,0.601135,0.60186,0.000725865,34.4045,34.4074,6,6,0,1.07446,1.05815,0.016312,0,1,1,0
105.4,2050,1,0.00226682,0.00226682,0.853485,0.852427,0.0010584,35.4139,35.4097,14,14,0,0.767917,0.778741,0.010824,0,1,1,0
105.4,2050,2,0.00686355,0.00686355,0.550264,0.548462,0.00180256,34.2011,34.1938,10,10,0,1.12307,1.10847,0.014608,0,1,1,0
105.4,2050,3,0.000603965,0.000603965,0.601257,0.601135,0.00012219,34.405,34.4045,6,6,0,1.05815,1.0609,0.002744,0,1,1,1
105.5,2051,1,0.00263308,0.00263308,0.852293,0.853485,0.00119191,35.4092,35.4139,14,14,0,0.778741,0.766573,0.012168,0,1,1,0
105.5,2051,2,0.00374723,0.00374723,0.551246,0.550264,0.000981987,34.205,34.2011,10,10,0,1.10847,1.10049,0.007976,0,1,1,1
105.5,2051,3,0.000154987,0.000154987,0.601225,0.601257,3.12924e-05,34.4049,34.405,6,6,0,1.0609,1.06019,0.000704,0,1,1,1
105.6,2052,1,0.00148426,0.00148426,0.852876,0.852293,0.000582933,35.4115,35.4092,14,14,0,0.766573,0.772437,0.005864,0,1,1,1
105.6,2052,2,0.00428838,0.00428838,0.550122,0.551246,0.00112396,34.2005,34.205,10,10,0,1.10049,1.10962,0.009128,0,1,1,1
105.6,2052,3,0.00242108,0.00242108,0.601715,0.601225,0.000489473,34.4069,34.4049,6,6,0,1.06019,1.07119,0.011,0,1,1,0
105.7,2053,1,0.00193997,0.00193997,0.85392,0.852876,0.00104433,35.4157,35.4115,14,14,0,0.772437,0.783309,0.010872,0,1,1,0
105.7,2053,2,0.00428838,0.00428838,0.551246,0.550122,0.00112396,34.205,34.2005,10,10,0,1.10962,1.10049,0.009128,0,1,1,1
105.7,2053,3,0.00322042,0.00322042,0.601064,0.601715,0.00065124,34.4043,34.4069,6,6,0,1.07119,1.05656,0.014632,0,1,1,0
105.8,2054,1,0.00555712,0.00555712,0.851514,0.85392,0.0024066,35.4061,35.4157,14,14,0,0.783309,0.758749,0.02456,0,1,1,0
105.8,2054,2,0.00428838,0.00428838,0.550122,0.551246,0.00112396,34.2005,34.205,10,10,0,1.10049,1.10962,0.009128,0,1,1,1
105.8,2054,3,0.000801157,0.000801157,0.601226,0.601064,0.000162125,34.4049,34.4043,6,6,0,1.05656,1.0602,0.00364,0,1,1,1
105.9,2055,1,0.00153325,0.00153325,0.852074,0.851514,0.000560522,35.4083,35.4061,14,14,0,0.758749,0.764373,0.005624,0,1,1,1
105.9,2055,2,0.00392759,0.00392759,0.551152,0.550122,0.00102949,34.2046,34.2005,10,10,0,1.10962,1.10126,0.00836,0,1,1,1
105.9,2055,3,0.00242105,0.00242105,0.601715,0.601226,0.000489414,34.4069,34.4049,6,6,0,1.0602,1.0712,0.011,0,1,1,0
106,2056,1,0.00633878,0.00633878,0.855187,0.852074,0.00311321,35.4207,35.4083,14,14,0,0.764373,0.796677,0.032304,0,1,1,0
106,2056,2,0.00150337,0.00150337,0.550758,0.551152,0.000393927,34.203,34.2046,10,10,0,1.10126,1.10446,0.0032,0,1,1,1
106,2056,3,0.00303381,0.00303381,0.601102,0.601715,0.000613451,34.4044,34.4069,6,6,0,1.0712,1.05742,0.013784,0,1,1,0
106.1,2057,1,0.0140963,0.0140963,0.849218,0.855187,0.00596917,35.3969,35.4207,14,14,0,0.796677,0.735925,0.060752,0,1,1,0
106.1,2057,2,0.00242422,0.00242422,0.550122,0.550758,0.000635564,34.2005,34.203,10,10,0,1.10446,1.10962,0.00516,0,1,1,1
106.1,2057,3,0.00348281,0.00348281,0.601806,0.601102,0.000704229,34.4072,34.4044,6,6,0,1.05742,1.07324,0.015824,0,1,1,0
106.2,2058,1,0.0121583,0.0121583,0.854127,0.849218,0.00490898,35.4165,35.3969,14,14,0,0.735925,0.785485,0.04956,0,1,1,0
106.2,2058,2,0.0063224,0.0063224,0.548462,0.550122,0.00166059,34.1938,34.2005,10,10,0,1.10962,1.12307,0.013456,0,1,1,0
106.2,2058,3,0.00603744,0.00603744,0.600585,0.601806,0.0012213,34.4023,34.4072,6,6,0,1.07324,1.04581,0.027432,0,1,1,0
106.3,2059,1,0.00998277,0.00998277,0.850024,0.854127,0.00410312,35.4001,35.4165,14,14,0,0.785485,0.743901,0.041584,0,1,1,0
106.3,2059,2,0.0171911,0.0171911,0.552799,0.548462,0.00433683,34.2112,34.1938,10,10,0,1.12307,1.08703,0.03604,0,1,1,0
106.3,2059,3,0.00603744,0.00603744,0.601806,0.600585,0.0012213,34.4072,34.4023,6,6,0,1.04581,1.07324,0.027432,0,1,1,0
106.4,2060,1,0.0102377,0.0102377,0.854267,0.850024,0.00424296,35.4171,35.4001,14,14,0,0.743901,0.786957,0.043056,0,1,1,0
106.4,2060,2,0.0226041,0.0226041,0.547037,0.552799,0.00576192,34.1881,34.2112,10,10,0,1.08703,1.13459,0.04756,0,0,1,0
106.4,2060,3,0.00287004,0.00287004,0.601226,0.601806,0.000580192,34.4049,34.4072,6,6,0,1.07324,1.0602,0.01304,0,1,1,0
106.5,2061,1,0.00921014,0.00921014,0.850403,0.854267,0.00386369,35.4016,35.4171,14,14,0,0.786957,0.747669,0.039288,0,1,1,0
106.5,2061,2,0.0106115,0.0106115,0.549828,0.547037,0.00279081,34.1993,34.1881,10,10,0,1.13459,1.11201,0.022584,0,1,1,0
106.5,2061,3,0.00125716,0.00125716,0.600971,0.601226,0.000254393,34.4039,34.4049,6,6,0,1.0602,1.05449,0.005712,0,1,1,1
106.6,2062,1,0.00959622,0.00959622,0.847222,0.850403,0.00318152,35.3889,35.4016,14,14,0,0.747669,0.727789,0.01988,0,1,1,0
106.6,2062,2,0.0180251,0.0180251,0.553176,0.549828,0.00334853,34.2127,34.1993,10,10,0,1.11201,1.07658,0.035432,0,1,1,0
106.6,2062,3,0.0010599,0.0010599,0.600757,0.600971,0.000214577,34.403,34.4039,6,6,0,1.05449,1.04967,0.004816,0,1,1,1
106.7,2063,1,0.00984893,0.00984893,0.850341,0.847222,0.00311875,35.4014,35.3889,14,14,0,0.727789,0.762741,0.034952,0,1,1,0
106.7,2063,2,0.00694036,0.00694036,0.552948,0.553176,0.000228107,34.2118,34.2127,10,10,0,1.07658,1.06209,0.014488,0,1,1,0
106.7,2063,3,0.000167219,0.000167219,0.600791,0.600757,3.38554e-05,34.4032,34.403,6,6,0,1.04967,1.05043,0.00076,0,1,1,1
106.8,2064,1,0.0108902,0.0108902,0.846945,0.850341,0.00339514,35.3878,35.4014,14,14,0,0.762741,0.724213,0.038528,0,1,1,0
106.8,2064,2,0.0115859,0.0115859,0.552936,0.552948,1.18017e-05,34.2117,34.2118,10,10,0,1.06209,1.08482,0.022728,0,1,1,0
106.8,2064,3,0.00169905,0.00169905,0.601135,0.600791,0.000343859,34.4045,34.4032,6,6,0,1.05043,1.05815,0.00772,0,1,1,1
106.9,2065,1,0.000316825,0.000316825,0.84703,0.846945,8.41618e-05,35.3881,35.3878,14,14,0,0.724213,0.725301,0.001088,0,1,1,1
106.9,2065,2,0.0112181,0.0112181,0.55296,0.552936,2.39015e-05,34.2118,34.2117,10,10,0,1.08482,1.06286,0.02196,0,1,1,0
106.9,2065,3,0.00060217,0.00060217,0.601256,0.601135,0.000121832,34.405,34.4045,6,6,0,1.05815,1.06089,0.002736,0,1,1,1
107,2066,1,0.00594548,0.00594548,0.848625,0.84703,0.00159532,35.3945,35.3881,14,14,0,0.725301,0.745773,0.020472,0,1,1,0
107,2066,2,0.00872494,0.00872494,0.553183,0.55296,0.000223041,34.2127,34.2118,10,10,0,1.06286,1.08083,0.017976,0,1,1,0
107,2066,3,0.000149683,0.000149683,0.601226,0.601256,3.03388e-05,34.4049,34.405,6,6,0,1.06089,1.06021,0.00068,0,1,1,1
107.1,2067,1,0.00405643,0.00405643,0.84753,0.848625,0.00109446,35.3901,35.3945,14,14,0,0.745773,0.731789,0.013984,0,1,1,0
107.1,2067,2,0.00909276,0.00909276,0.552948,0.553183,0.00023514,34.2118,34.2127,10,10,0,1.08083,1.06209,0.018744,0,1,1,0
107.1,2067,3,0.00145971,0.00145971,0.601521,0.601226,0.000295222,34.4061,34.4049,6,6,0,1.06021,1.06684,0.006632,0,1,1,1
107.2,2068,1,0.00421176,0.00421176,0.846412,0.84753,0.00111872,35.3856,35.3901,14,14,0,0.731789,0.717325,0.014464,0,1,1,0
107.2,2068,2,0.00437233,0.00437233,0.553092,0.552948,0.000143707,34.2124,34.2118,10,10,0,1.06209,1.07122,0.009128,0,1,1,1
107.2,2068,3,0.00417989,0.00417989,0.600676,0.601521,0.00084573,34.4027,34.4061,6,6,0,1.06684,1.04785,0.018992,0,1,1,0
107.3,2069,1,0.0104438,0.0104438,0.849434,0.846412,0.00302184,35.3977,35.3856,14,14,0,0.717325,0.753749,0.036424,0,1,1,0
107.3,2069,2,0.00672298,0.00672298,0.552985,0.553092,0.000106931,34.2119,34.2124,10,10,0,1.07122,1.08403,0.012816,0,1,1,0
107.3,2069,3,0.00558852,0.00558852,0.601806,0.600676,0.00113046,34.4072,34.4027,6,6,0,1.04785,1.07324,0.025392,0,1,1,0
107.4,2070,1,0.00813041,0.00813041,0.847027,0.849434,0.00240648,35.3881,35.3977,14,14,0,0.753749,0.725269,0.02848,0,1,1,0
107.4,2070,2,0.00727481,0.00727481,0.553074,0.552985,8.88109e-05,34.2123,34.2119,10,10,0,1.08403,1.07007,0.013968,0,1,1,0
107.4,2070,3,0.000569321,0.000569321,0.596124,0.601806,0.00568193,34.3845,34.4072,6,6,0,1.07324,1.06841,0.004832,0,1,1,1
107.5,2071,1,0.000419319,0.000419319,0.846916,0.847027,0.000111341,35.3877,35.3881,14,14,0,0.725269,0.723829,0.00144,0,1,1,1
107.5,2071,2,0.00967778,0.00967778,0.547727,0.553074,0.00534636,34.1909,34.2123,10,10,0,1.07007,1.08766,0.017592,0,1,1,0
107.5,2071,3,0.00180656,0.00180656,0.595755,0.596124,0.000369072,34.383,34.3845,6,6,0,1.06841,1.0602,0.008208,0,1,1,1
107.6,2072,1,0.00637411,0.00637411,0.848625,0.846916,0.00170916,35.3945,35.3877,14,14,0,0.723829,0.745773,0.021944,0,1,1,0
107.6,2072,2,0.0119481,0.0119481,0.548631,0.547727,0.000903785,34.1945,34.1909,10,10,0,1.08766,1.06354,0.02412,0,1,1,0
107.6,2072,3,0.00154238,0.00154238,0.59607,0.595755,0.00031513,34.3843,34.383,6,6,0,1.0602,1.06721,0.007008,0,1,1,1
107.7,2073,1,0.0036278,0.0036278,0.847644,0.848625,0.000981092,35.3906,35.3945,14,14,0,0.745773,0.733261,0.012512,0,1,1,0
107.7,2073,2,0.00523529,0.00523529,0.544325,0.548631,0.00430596,34.1773,34.1945,10,10,0,1.06354,1.07315,0.009616,0,1,1,1
107.7,2073,3,0.00338056,0.00338056,0.595379,0.59607,0.000690877,34.3815,34.3843,6,6,0,1.06721,1.05185,0.01536,0,1,1,0
107.8,2074,1,0.00464039,0.00464039,0.846412,0.847644,0.00123209,35.3856,35.3906,14,14,0,0.733261,0.717325,0.015936,0,1,1,0
107.8,2074,2,0.00875038,0.00875038,0.544116,0.544325,0.000209272,34.1765,34.1773,10,10,0,1.07315,1.05441,0.018744,0,1,1,0
107.8,2074,3,0.00375037,0.00375037,0.596146,0.595379,0.000766397,34.3846,34.3815,6,6,0,1.05185,1.06889,0.01704,0,1,1,0
107.9,2075,1,0.0100423,0.0100423,0.849285,0.846412,0.00287288,35.3971,35.3856,14,14,0,0.717325,0.752277,0.034952,0,1,1,0
107.9,2075,2,0.000488698,0.000488698,0.548499,0.544116,0.00438267,34.194,34.1765,10,10,0,1.05441,1.05518,0.000768,0,1,1,1
107.9,2075,3,0.00191219,0.00191219,0.595755,0.596146,0.000390649,34.383,34.3846,6,6,0,1.06889,1.0602,0.008688,0,1,1,1
108,2076,1,0.00854424,0.00854424,0.846811,0.849285,0.00247413,35.3872,35.3971,14,14,0,0.752277,0.722469,0.029808,0,1,1,0
108,2076,2,0.00861035,0.00861035,0.548784,0.548499,0.000285089,34.1951,34.194,10,10,0,1.05518,1.07315,0.017976,0,1,1,0
108,2076,3,0.000299384,0.000299384,0.595694,0.595755,6.11544e-05,34.3828,34.383,6,6,0,1.0602,1.05884,0.00136,0,1,1,1
108.1,2077,1,0.000316776,0.000316776,0.846895,0.846811,8.41618e-05,35.3876,35.3872,14,14,0,0.722469,0.723557,0.001088,0,1,1,1
108.1,2077,2,0.000755142,0.000755142,0.548809,0.548784,2.49147e-05,34.1952,34.1951,10,10,0,1.07315,1.07473,0.001576,0,1,1,1
108.1,2077,3,0.00439858,0.00439858,0.596592,0.595694,0.000898182,34.3864,34.3828,6,6,0,1.05884,1.07882,0.019984,0,1,1,0
108.2,2078,1,0.00645336,0.00645336,0.848625,0.846895,0.00173026,35.3945,35.3876,14,14,0,0.723557,0.745773,0.022216,0,1,1,0
108.2,2078,2,0.000755142,0.000755142,0.548784,0.548809,2.49147e-05,34.1951,34.1952,10,10,0,1.07473,1.07315,0.001576,0,1,1,1
108.2,2078,3,0.00455176,0.00455176,0.595663,0.596592,0.000929534,34.3827,34.3864,6,6,0,1.07882,1.05814,0.02068,0,1,1,0
108.3,2079,1,0.0120457,0.0120457,0.845557,0.848625,0.00306761,35.3822,35.3945,14,14,0,0.745773,0.703317,0.042456,0,1,1,0
108.3,2079,2,0.00460656,0.00460656,0.548631,0.548784,0.000152528,34.1945,34.1951,10,10,0,1.07315,1.06354,0.009616,0,1,1,1
108.3,2079,3,0.000524729,0.000524729,0.59577,0.595663,0.000107229,34.3831,34.3827,6,6,0,1.05814,1.06053,0.002384,0,1,1,1
108.4,2080,1,0.0120435,0.0120435,0.848624,0.845557,0.00306678,35.3945,35.3822,14,14,0,0.703317,0.745765,0.042448,0,1,1,0
108.4,2080,2,0,0,0.548631,0.548631,0,34.1945,34.1945,10,10,0,1.06354,1.06354,0,0,1,1,1
108.4,2080,3,0.000950784,0.000950784,0.595575,0.59577,0.000194311,34.3823,34.3831,6,6,0,1.06053,1.05621,0.00432,0,1,1,1
108.5,2081,1,0.00312481,0.00312481,0.847776,0.848624,0.000847816,35.3911,35.3945,14,14,0,0.745765,0.734981,0.010784,0,1,1,0
108.5,2081,2,0.00460656,0.00460656,0.548784,0.548631,0.000152528,34.1951,34.1945,10,10,0,1.06354,1.07315,0.009616,0,1,1,1
108.5,2081,3,0.00154708,0.00154708,0.590882,0.595575,0.00469345,34.3635,34.3823,6,6,0,1.05621,1.05815,0.001944,0,1,1,1
108.6,2082,1,0.00312481,0.00312481,0.848624,0.847776,0.000847816,35.3945,35.3911,14,14,0,0.734981,0.745765,0.010784,0,1,1,0
108.6,2082,2,0.00861035,0.00861035,0.548499,0.548784,0.000285089,34.194,34.1951,10,10,0,1.07315,1.05518,0.017976,0,1,1,0
108.6,2082,3,0.000767165,0.000767165,0.590878,0.590882,4.11272e-06,34.3635,34.3635,6,6,0,1.05815,1.06489,0.006736,0,1,1,1
108.7,2083,1,0.00688439,0.00688439,0.84678,0.848624,0.00184453,35.3871,35.3945,14,14,0,0.745765,0.722069,0.023696,0,1,1,0
108.7,2083,2,0.00861035,0.00861035,0.548784,0.548499,0.000285089,34.1951,34.194,10,10,0,1.05518,1.07315,0.017976,0,1,1,0
108.7,2083,3,0.00292255,0.00292255,0.592191,0.590878,0.00131309,34.3688,34.3635,6,6,0,1.06489,1.07881,0.01392,0,1,1,0
108.8,2084,1,0.00688439,0.00688439,0.848624,0.84678,0.00184453,35.3945,35.3871,14,14,0,0.722069,0.745765,0.023696,0,1,1,0
108.8,2084,2,0.0089781,0.0089781,0.548486,0.548784,0.000297248,34.1939,34.1951,10,10,0,1.07315,1.05441,0.018744,0,1,1,0
108.8,2084,3,0.00459517,0.00459517,0.591934,0.592191,0.000256717,34.3677,34.3688,6,6,0,1.07881,1.04582,0.032992,0,1,1,0
108.9,2085,1,0.00312249,0.00312249,0.847777,0.848624,0.00084722,35.3911,35.3945,14,14,0,0.745765,0.734989,0.010776,0,1,1,0
108.9,2085,2,0.00973711,0.00973711,0.548809,0.548486,0.000322282,34.1952,34.1939,10,10,0,1.05441,1.07474,0.020328,0,1,1,0
108.9,2085,3,0.00342614,0.00342614,0.591666,0.591934,0.000268221,34.3667,34.3677,6,6,0,1.04582,1.07324,0.027424,0,1,1,0
109,2086,1,0.00647389,0.00647389,0.846057,0.847777,0.00171989,35.3842,35.3911,14,14,0,0.734989,0.712757,0.022232,0,1,1,0
109,2086,2,0.000759007,0.000759007,0.548784,0.548809,2.5034e-05,34.1951,34.1952,10,10,0,1.07474,1.07315,0.001584,0,1,1,1
109,2086,3,0.000912039,0.000912039,0.591256,0.591666,0.000409782,34.365,34.3667,6,6,0,1.07324,1.0689,0.004344,0,1,1,1
109.1,2087,1,0.00647621,0.00647621,0.847778,0.846057,0.00172055,35.3911,35.3842,14,14,0,0.712757,0.734997,0.02224,0,1,1,0
109.1,2087,2,0.00461039,0.00461039,0.548631,0.548784,0.000152588,34.1945,34.1951,10,10,0,1.07315,1.06353,0.009624,0,1,1,1
109.1,2087,3,0.00251551,0.00251551,0.591935,0.591256,0.000679076,34.3677,34.365,6,6,0,1.0689,1.0458,0.023096,0,1,1,0
109.2,2088,1,0.00608706,0.00608706,0.846161,0.847778,0.00161678,35.3846,35.3911,14,14,0,0.734997,0.714093,0.020904,0,1,1,0
109.2,2088,2,0.00461039,0.00461039,0.548784,0.548631,0.000152588,34.1951,34.1945,10,10,0,1.06353,1.07315,0.009624,0,1,1,1
109.2,2088,3,0.00103365,0.00103365,0.590776,0.591935,0.00115895,34.3631,34.3677,6,6,0,1.0458,1.06019,0.014392,0,1,1,0
109.3,2089,1,0.0113829,0.0113829,0.849433,0.846161,0.003272,35.3977,35.3846,14,14,0,0.714093,0.753741,0.039648,0,1,1,0
109.3,2089,2,0.00460656,0.00460656,0.548631,0.548784,0.000152528,34.1945,34.1951,10,10,0,1.07315,1.06354,0.009616,0,1,1,1
109.3,2089,3,0.0023955,0.0023955,0.591667,0.590776,0.000890434,34.3667,34.3631,6,6,0,1.06019,1.07325,0.013056,0,1,1,0
109.4,2090,1,0.00762046,0.00762046,0.847162,0.849433,0.00227088,35.3886,35.3977,14,14,0,0.753741,0.727013,0.026728,0,1,1,0
109.4,2090,2,0.00460656,0.00460656,0.548784,0.548631,0.000152528,34.1951,34.1945,10,10,0,1.06354,1.07315,0.009616,0,1,1,1
109.4,2090,3,0.00252282,0.00252282,0.590882,0.591667,0.000784397,34.3635,34.3667,6,6,0,1.07325,1.05814,0.015104,0,1,1,0
109.5,2091,1,0.00050078,0.00050078,0.847029,0.847162,0.000132918,35.3881,35.3886,14,14,0,0.727013,0.725293,0.00172,0,1,1,1
109.5,2091,2,0.00861799,0.00861799,0.548498,0.548784,0.000285327,34.194,34.1951,10,10,0,1.07315,1.05516,0.017992,0,1,1,0
109.5,2091,3,0.00109855,0.00109855,0.591027,0.590882,0.000144303,34.3641,34.3635,6,6,0,1.05814,1.06646,0.00832,0,1,1,1
109.6,2092,1,0.00537315,0.00537315,0.84845,0.847029,0.0014208,35.3938,35.3881,14,14,0,0.725293,0.743749,0.018456,0,1,1,0
109.6,2092,2,0.000360113,0.000360113,0.548486,0.548498,1.19209e-05,34.1939,34.194,10,10,0,1.05516,1.05441,0.000752,0,1,1,1
109.6,2092,3,7.72979e-05,7.72979e-05,0.591061,0.591027,3.46899e-05,34.3642,34.3641,6,6,0,1.06646,1.06683,0.000368,0,1,1,1
109.7,2093,1,0.000923727,0.000923727,0.848755,0.84845,0.000305176,35.395,35.3938,14,14,0,0.743749,0.747053,0.003304,0,1,1,1
109.7,2093,2,0.0190515,0.0190515,0.547007,0.548486,0.00147897,34.188,34.1939,10,10,0,1.05441,1.09347,0.039064,0,1,1,0
109.7,2093,3,0.00161066,0.00161066,0.591413,0.591061,0.000352025,34.3657,34.3642,6,6,0,1.06683,1.05183,0.015,0,1,1,0
109.8,2094,1,0.00245935,0.00245935,0.849668,0.848755,0.000913143,35.3987,35.395,14,14,0,0.747053,0.756069,0.009016,0,1,1,1
109.8,2094,2,0.0190515,0.0190515,0.548486,0.547007,0.00147897,34.1939,34.188,10,10,0,1.09347,1.05441,0.039064,0,1,1,0
109.8,2094,3,0.00295602,0.00295602,0.591666,0.591413,0.000252604,34.3667,34.3657,6,6,0,1.05183,1.07324,0.021408,0,1,1,0
109.9,2095,1,0.00575378,0.00575378,0.847824,0.849668,0.00184381,35.3913,35.3987,14,14,0,0.756069,0.735605,0.020464,0,1,1,0
109.9,2095,2,0.00511494,0.00511494,0.548656,0.548486,0.000169396,34.1946,34.1939,10,10,0,1.05441,1.06509,0.01068,0,1,1,0
109.9,2095,3,0.002787,0.002787,0.591178,0.591666,0.000488102,34.3647,34.3667,6,6,0,1.07324,1.05417,0.019072,0,1,1,0
110,2096,1,0.00498786,0.00498786,0.849384,0.847824,0.00155997,35.3975,35.3913,14,14,0,0.735605,0.753261,0.017656,0,1,1,0
110,2096,2,0.00626027,0.00626027,0.548448,0.548656,0.000207365,34.1938,34.1946,10,10,0,1.06509,1.05202,0.013072,0,1,1,0
110,2096,3,0.00103015,0.00103015,0.590876,0.591178,0.0003016,34.3635,34.3647,6,6,0,1.05417,1.06487,0.010704,0,1,1,0
110.1,2097,1,0.00216921,0.00216921,0.848578,0.849384,0.00080651,35.3943,35.3975,14,14,0,0.753261,0.745309,0.007952,0,1,1,1
110.1,2097,2,0.00562101,0.00562101,0.553359,0.548448,0.00491047,34.2134,34.1938,10,10,0,1.05202,1.01891,0.033112,0,1,1,0
110.1,2097,3,0.000636524,0.000636524,0.590776,0.590876,0.000100434,34.3631,34.3635,6,6,0,1.06487,1.0602,0.004672,0,1,1,1
110.2,2098,1,0.00828122,0.00828122,0.846375,0.848578,0.00220317,35.3855,35.3943,14,14,0,0.745309,0.716845,0.028464,0,1,1,0
110.2,2098,2,9.69432e-05,9.69432e-05,0.554544,0.553359,0.00118554,34.2182,34.2134,10,10,0,1.01891,1.01445,0.004456,0,1,1,1
110.2,2098,3,0.00313237,0.00313237,0.591998,0.590776,0.00122207,34.368,34.3631,6,6,0,1.0602,1.07676,0.01656,0,1,1,0
110.3,2099,1,0.00423285,0.00423285,0.847499,0.846375,0.00112444,35.39,35.3855,14,14,0,0.716845,0.731381,0.014536,0,1,1,0
110.3,2099,2,4.85554e-05,4.85554e-05,0.55366,0.554544,0.000884533,34.2146,34.2182,10,10,0,1.01445,1.01753,0.00308,0,1,1,1
110.3,2099,3,0.00335977,0.00335977,0.590965,0.591998,0.00103265,34.3639,34.368,6,6,0,1.07676,1.05654,0.020216,0,1,1,0
110.4,2100,1,0.0026789,0.0026789,0.846788,0.847499,0.000710845,35.3872,35.39,14,14,0,0.731381,0.722181,0.0092,0,1,1,1
110.4,2100,2,0.000743713,0.000743713,0.549537,0.55366,0.00412256,34.1981,34.2146,10,10,0,1.01753,1.03695,0.019424,0,1,1,0
110.4,2100,3,0.000226379,0.000226379,0.590777,0.590965,0.000188589,34.3631,34.3639,6,6,0,1.05654,1.06018,0.00364,0,1,1,1
110.5,2101,1,0.00135346,0.00135346,0.847148,0.846788,0.000359535,35.3886,35.3872,14,14,0,0.722181,0.726829,0.004648,0,1,1,1
110.5,2101,2,0.000849675,0.000849675,0.551934,0.549537,0.00239635,34.2077,34.1981,10,10,0,1.03695,1.02549,0.011464,0,1,1,0
110.5,2101,3,0.000126299,0.000126299,0.590882,0.590777,0.000105262,34.3635,34.3631,6,6,0,1.06018,1.05815,0.002032,0,1,1,1
110.6,2102,1,0.00516045,0.00516045,0.845827,0.847148,0.00132054,35.3833,35.3886,14,14,0,0.726829,0.709173,0.017656,0,1,1,0
110.6,2102,2,0.000105962,0.000105962,0.55366,0.551934,0.00172621,34.2146,34.2077,10,10,0,1.02549,1.01753,0.00796,0,1,1,1
110.6,2102,3,0.00017055,0.00017055,0.59074,0.590882,0.000142157,34.363,34.3635,6,6,0,1.05815,1.0609,0.002744,0,1,1,1
110.7,2103,1,0.00148408,0.00148408,0.84617,0.845827,0.000342369,35.3847,35.3833,14,14,0,0.709173,0.714205,0.005032,0,1,1,1
110.7,2103,2,1.9379e-05,1.9379e-05,0.55169,0.55366,0.00196993,34.2068,34.2146,10,10,0,1.01753,1.02666,0.009128,0,1,1,1
110.7,2103,3,4.32348e-05,4.32348e-05,0.590776,0.59074,3.60608e-05,34.3631,34.363,6,6,0,1.0609,1.0602,0.000696,0,1,1,1
110.8,2104,1,0.00732604,0.00732604,0.848113,0.84617,0.00194389,35.3925,35.3847,14,14,0,0.714205,0.739365,0.02516,1,1,1,0
110.8,2104,2,0.000467755,0.000467755,0.550371,0.55169,0.00131881,34.2015,34.2068,10,10,0,1.02666,1.03297,0.006312,1,1,1,1
110.8,2104,3,0.00196334,0.00196334,0.591473,0.590776,0.000696957,34.3659,34.3631,6,6,0,1.0602,1.07119,0.010992,1,1,1,0
110.9,2105,1,0.00881012,0.00881012,0.845827,0.848113,0.00228626,35.3833,35.3925,14,14,0,0.739365,0.709173,0.030192,0,1,1,0
110.9,2105,2,0.000448376,0.000448376,0.55366,0.550371,0.00328875,34.2146,34.2015,10,10,0,1.03297,1.01753,0.01544,0,1,1,0
110.9,2105,3,0.00106821,0.00106821,0.590993,0.591473,0.000480175,34.364,34.3659,6,6,0,1.07119,1.0661,0.005088,0,1,1,1
111,2106,1,0.000141053,0.000141053,0.845855,0.845827,2.73585e-05,35.3834,35.3833,14,14,0,0.709173,0.709645,0.000472,0,1,1,1
111,2106,2,0.0014653,0.0014653,0.544872,0.55366,0.00878751,34.1795,34.2146,10,10,0,1.01753,1.03785,0.02032,0,1,1,0
111,2106,3,0.000895663,0.000895663,0.590776,0.590993,0.000216305,34.3631,34.364,6,6,0,1.0661,1.06019,0.005912,0,1,1,1
111.1,2107,1,0.00866677,0.00866677,0.848113,0.845855,0.0022583,35.3925,35.3834,14,14,0,0.709645,0.739357,0.029712,0,1,1,0
111.1,2107,2,0.000361718,0.000361718,0.545901,0.544872,0.00102866,34.1836,34.1795,10,10,0,1.03785,1.03297,0.00488,0,1,1,1
111.1,2107,3,8.30675e-05,8.30675e-05,0.590846,0.590776,6.9201e-05,34.3634,34.3631,6,6,0,1.06019,1.05886,0.001336,0,1,1,1
111.2,2108,1,0.00282747,0.00282747,0.847365,0.848113,0.00074774,35.3895,35.3925,14,14,0,0.739357,0.729645,0.009712,0,1,1,1
111.2,2108,2,0.000482202,0.000482202,0.549533,0.545901,0.00363177,34.1981,34.1836,10,10,0,1.03297,1.01753,0.01544,0,1,1,0
111.2,2108,3,8.40584e-05,8.40584e-05,0.590775,0.590846,7.00951e-05,34.3631,34.3634,6,6,0,1.05886,1.06021,0.001352,0,1,1,1
111.3,2109,1,0.00977786,0.00977786,0.845365,0.847365,0.00200015,35.3815,35.3895,14,14,0,0.729645,0.693733,0.035912,0,1,1,0
111.3,2109,2,1.03861e-05,1.03861e-05,0.549304,0.549533,0.000228286,34.1972,34.1981,10,10,0,1.01753,1.0183,0.000768,0,1,1,1
111.3,2109,3,0.00239291,0.00239291,0.591666,0.590775,0.000890553,34.3667,34.3631,6,6,0,1.06021,1.07324,0.013032,0,1,1,0
111.4,2110,1,0.00977554,0.00977554,0.847364,0.845365,0.00199956,35.3895,35.3815,14,14,0,0.693733,0.729637,0.035904,0,1,1,0
111.4,2110,2,0,0,0.549304,0.549304,0,34.1972,34.1972,10,10,0,1.0183,1.0183,0,0,1,1,1
111.4,2110,3,0.00342755,0.00342755,0.591935,0.591666,0.000269294,34.3677,34.3667,6,6,0,1.07324,1.0458,0.02744,0,1,1,0
111.5,2111,1,0.00283208,0.00283208,0.848113,0.847364,0.000748932,35.3925,35.3895,14,14,0,0.729637,0.739365,0.009728,0,1,1,1
111.5,2111,2,1.08257e-05,1.08257e-05,0.549542,0.549304,0.000237763,34.1982,34.1972,10,10,0,1.0183,1.0175,0.0008,0,1,1,1
111.5,2111,3,0.00103418,0.00103418,0.590776,0.591935,0.00115943,34.3631,34.3677,6,6,0,1.0458,1.0602,0.0144,0,1,1,0
111.6,2112,1,0.0126132,0.0126132,0.845365,0.848113,0.00274837,35.3815,35.3925,14,14,0,0.739365,0.693717,0.045648,0,1,1,0
111.6,2112,2,0.00203838,0.00203838,0.543952,0.549542,0.00559032,34.1758,34.1982,10,10,0,1.0175,1.04415,0.026648,0,1,1,0
111.6,2112,3,0.00239337,0.00239337,0.591666,0.590776,0.000890136,34.3667,34.3631,6,6,0,1.0602,1.07324,0.01304,0,1,1,0
111.7,2113,1,0.0103052,0.0103052,0.847503,0.845365,0.00213826,35.39,35.3815,14,14,0,0.693717,0.731437,0.03772,0,1,1,0
111.7,2113,2,0.00203882,0.00203882,0.549533,0.543952,0.00558084,34.1981,34.1758,10,10,0,1.04415,1.01753,0.026616,0,1,1,0
111.7,2113,3,0.0019282,0.0019282,0.590799,0.591666,0.000866711,34.3632,34.3667,6,6,0,1.07324,1.06406,0.009184,0,1,1,1
111.8,2114,1,0.00387066,0.00387066,0.848525,0.847503,0.00102186,35.3941,35.39,14,14,0,0.731437,0.744733,0.013296,0,1,1,0
111.8,2114,2,8.34875e-05,8.34875e-05,0.547506,0.549533,0.00202632,34.19,34.1981,10,10,0,1.01753,1.02534,0.007808,0,1,1,1
111.8,2114,3,0.000712928,0.000712928,0.590982,0.590799,0.000182927,34.3639,34.3632,6,6,0,1.06406,1.05622,0.00784,0,1,1,1
111.9,2115,1,0.0147953,0.0147953,0.845371,0.848525,0.00315434,35.3815,35.3941,14,14,0,0.744733,0.691893,0.05284,0,1,1,0
111.9,2115,2,0.000614703,0.000614703,0.552585,0.547506,0.00507873,34.2103,34.19,10,10,0,1.02534,1.00287,0.022464,0,1,1,0
111.9,2115,3,0.0022128,0.0022128,0.591474,0.590982,0.00049144,34.3659,34.3639,6,6,0,1.05622,1.0712,0.014984,0,1,1,0
112,2116,1,0.01429,0.01429,0.848392,0.845371,0.0030213,35.3936,35.3815,14,14,0,0.691893,0.742997,0.051104,0,1,1,0
112,2116,2,0.00159169,0.00159169,0.558156,0.552585,0.00557071,34.2326,34.2103,10,10,0,1.00287,0.985899,0.016976,0,1,1,0
112,2116,3,0.0025277,0.0025277,0.591413,0.591474,6.02603e-05,34.3657,34.3659,6,6,0,1.0712,1.05183,0.019368,0,1,1,0
112.1,2117,1,0.00159052,0.00159052,0.847973,0.848392,0.000419557,35.3919,35.3936,14,14,0,0.742997,0.737533,0.005464,0,1,1,1
112.1,2117,2,0.000307098,0.000307098,0.557188,0.558156,0.000968099,34.2288,34.2326,10,10,0,0.985899,0.990635,0.004736,0,1,1,1
112.1,2117,3,0.00211953,0.00211953,0.59129,0.591413,0.000123203,34.3652,34.3657,6,6,0,1.05183,1.06926,0.017424,0,1,1,0
112.2,2118,1,0.0104528,0.0104528,0.845402,0.847973,0.00257063,35.3816,35.3919,14,14,0,0.737533,0.699109,0.038424,0,1,1,0
112.2,2118,2,0.000968266,0.000968266,0.556497,0.557188,0.000691056,34.226,34.2288,10,10,0,0.990635,1.00057,0.009936,0,1,1,1
112.2,2118,3,0.00168473,0.00168473,0.590882,0.59129,0.000407815,34.3635,34.3652,6,6,0,1.06926,1.05814,0.011112,0,1,1,0
112.3,2119,1,0.00912511,0.00912511,0.847622,0.845402,0.00221974,35.3905,35.3816,14,14,0,0.699109,0.732973,0.033864,0,1,1,0
112.3,2119,2,0.00062279,0.00062279,0.556789,0.556497,0.00029254,34.2272,34.226,10,10,0,1.00057,0.994259,0.006312,0,1,1,1
112.3,2119,3,0.000766014,0.000766014,0.590877,0.590882,5.30481e-06,34.3635,34.3635,6,6,0,1.05814,1.06488,0.006736,0,1,1,1
112.4,2120,1,0.00949948,0.00949948,0.844978,0.847622,0.00264341,35.3799,35.3905,14,14,0,0.732973,0.714549,0.018424,0,1,1,0
112.4,2120,2,0,0,0.556789,0.556789,0,34.2272,34.2272,10,10,0,0.994259,0.994259,0,0,1,1,1
112.4,2120,3,0.00201213,0.00201213,0.591781,0.590877,0.000904381,34.3671,34.3635,6,6,0,1.06488,1.07446,0.009584,0,1,1,1
112.5,2121,1,0.00170999,0.00170999,0.845377,0.844978,0.000398993,35.3815,35.3799,14,14,0,0.714549,0.720349,0.0058,0,1,1,1
112.5,2121,2,0.000137988,0.000137988,0.556835,0.556789,4.57168e-05,34.2273,34.2272,10,10,0,0.994259,0.993091,0.001168,0,1,1,1
112.5,2121,3,0.00277815,0.00277815,0.590882,0.591781,0.000899076,34.3635,34.3671,6,6,0,1.07446,1.05814,0.01632,0,1,1,0
112.6,2122,1,0.00710355,0.00710355,0.847271,0.845377,0.00189376,35.3891,35.3815,14,14,0,0.720349,0.744741,0.024392,0,1,1,0
112.6,2122,2,0.00093253,0.00093253,0.552724,0.556835,0.00411141,34.2109,34.2273,10,10,0,0.993091,1.00057,0.00748,0,1,1,1
112.6,2122,3,0.000172549,0.000172549,0.590739,0.590882,0.000143766,34.363,34.3635,6,6,0,1.05814,1.06092,0.002776,0,1,1,1
112.7,2123,1,0.0157032,0.0157032,0.805906,0.847271,0.0413647,35.2236,35.3891,14,14,0,0.744741,0.725341,0.0194,0,1,0,0
112.7,2123,2,0.00134058,0.00134058,0.554837,0.552724,0.00211334,34.2193,34.2109,10,10,0,1.00057,0.985131,0.01544,0,1,1,0
112.7,2123,3,4.52306e-05,4.52306e-05,0.590776,0.590739,3.77297e-05,34.3631,34.363,6,6,0,1.06092,1.06019,0.000728,0,1,1,1
112.8,2124,1,0.0261725,0.0261725,0.807676,0.805906,0.0017693,35.2307,35.2236,14,14,0,0.725341,0.670629,0.054712,0,0,1,0
112.8,2124,2,0.00165937,0.00165937,0.552446,0.554837,0.00239092,34.2098,34.2193,10,10,0,0.985131,1.00455,0.019416,0,1,1,0
112.8,2124,3,0.0019622,0.0019622,0.591472,0.590776,0.000695765,34.3659,34.3631,6,6,0,1.06019,1.07118,0.010992,0,1,1,0
112.9,2125,1,0.0190359,0.0190359,0.806009,0.807676,0.00166708,35.224,35.2307,14,14,0,0.670629,0.708181,0.037552,0,1,1,0
112.9,2125,2,0.00130346,0.00130346,0.553709,0.552446,0.00126296,34.2148,34.2098,10,10,0,1.00455,0.990619,0.013928,0,1,1,0
112.9,2125,3,0.005476,0.005476,0.595199,0.591472,0.00372708,34.3808,34.3659,6,6,0,1.07118,1.04785,0.023336,0,1,1,0
113,2126,1,0.0120173,0.0120173,0.807063,0.806009,0.00105417,35.2283,35.224,14,14,0,0.708181,0.684469,0.023712,0,1,1,0
113,2126,2,0.000742063,0.000742063,0.552805,0.553709,0.000903666,34.2112,34.2148,10,10,0,0.990619,0.998507,0.007888,0,1,1,1
113,2126,3,0.00559043,0.00559043,0.596342,0.595199,0.00114232,34.3854,34.3808,6,6,0,1.04785,1.07325,0.0254,0,1,1,0
113.1,2127,1,0.00216994,0.00216994,0.806873,0.807063,0.0001899,35.2275,35.2283,14,14,0,0.684469,0.688749,0.00428,0,1,1,1
113.1,2127,2,0.000303432,0.000303432,0.552906,0.552805,0.000101149,34.2116,34.2112,10,10,0,0.998507,0.995939,0.002568,0,1,1,1
113.1,2127,3,0.00331913,0.00331913,0.595664,0.596342,0.000677943,34.3827,34.3854,6,6,0,1.07325,1.05817,0.01508,0,1,1,0
113.2,2128,1,0.00984735,0.00984735,0.806009,0.806873,0.000864267,35.224,35.2275,14,14,0,0.688749,0.708181,0.019432,0,1,1,0
113.2,2128,2,0.000136103,0.000136103,0.552952,0.552906,4.52995e-05,34.2118,34.2116,10,10,0,0.995939,0.994787,0.001152,0,1,1,1
113.2,2128,3,0.00174495,0.00174495,0.59602,0.595664,0.000356615,34.3841,34.3827,6,6,0,1.05817,1.0661,0.007928,0,1,1,1
113.3,2129,1,0.0198474,0.0198474,0.807746,0.806009,0.00173777,35.231,35.224,14,14,0,0.708181,0.669029,0.039152,0,1,1,0
113.3,2129,2,0.000549477,0.000549477,0.554492,0.552952,0.00154012,34.218,34.2118,10,10,0,0.994787,0.986811,0.007976,0,1,1,1
113.3,2129,3,0.000285342,0.000285342,0.590687,0.59602,0.00533277,34.3627,34.3841,6,6,0,1.0661,1.06287,0.003224,0,1,1,1
113.4,2130,1,0.0198474,0.0198474,0.806009,0.807746,0.00173777,35.224,35.231,14,14,0,0.669029,0.708181,0.039152,0,1,1,0
113.4,2130,2,0.00106837,0.00106837,0.552779,0.554492,0.00171304,34.2111,34.218,10,10,0,0.986811,0.999179,0.012368,0,1,1,0
113.4,2130,3,0.000466292,0.000466292,0.590984,0.590687,0.000296533,34.3639,34.3627,6,6,0,1.06287,1.05618,0.006688,0,1,1,1
113.5,2131,1,0.0108499,0.0108499,0.771061,0.806009,0.0349477,35.0842,35.224,14,14,0,0.708181,0.681253,0.026928,0,1,0,0
113.5,2131,2,0.0010196,0.0010196,0.554337,0.552779,0.00155848,34.2173,34.2111,10,10,0,0.999179,0.987563,0.011616,0,1,1,0
113.5,2131,3,0.000817306,0.000817306,0.590845,0.590984,0.000138581,34.3634,34.3639,6,6,0,1.05618,1.06454,0.00836,0,1,1,1
113.6,2132,1,0.00480603,0.00480603,0.77012,0.771061,0.00094074,35.0805,35.0842,14,14,0,0.681253,0.692725,0.011472,0,1,1,0
113.6,2132,2,4.97811e-05,4.97811e-05,0.554495,0.554337,0.000157833,34.218,34.2173,10,10,0,0.987563,0.986795,0.000768,0,1,1,1
113.6,2132,3,0.000912031,0.000912031,0.591255,0.590845,0.00041008,34.365,34.3634,6,6,0,1.06454,1.06889,0.004344,0,1,1,1
113.7,2133,1,0.00763353,0.00763353,0.768689,0.77012,0.00143063,35.0748,35.0805,14,14,0,0.692725,0.682117,0.010608,0,1,1,0
113.7,2133,2,0.000357911,0.000357911,0.55336,0.554495,0.00113517,34.2134,34.218,10,10,0,0.986795,0.992315,0.00552,0,1,1,1
113.7,2133,3,0.00184779,0.00184779,0.591143,0.591255,0.000112951,34.3646,34.365,6,6,0,1.06889,1.05452,0.014368,0,1,1,0
113.8,2134,1,0.00349707,0.00349707,0.769281,0.768689,0.000591338,35.0771,35.0748,14,14,0,0.682117,0.668725,0.013392,0,1,1,0
113.8,2134,2,0.000711471,0.000711471,0.552779,0.55336,0.000581145,34.2111,34.2134,10,10,0,0.992315,0.999179,0.006864,0,1,1,1
113.8,2134,3,0.000368168,0.000368168,0.590776,0.591143,0.000366628,34.3631,34.3646,6,6,0,1.05452,1.0602,0.00568,0,1,1,1
113.9,2135,1,0.00773188,0.00773188,0.770682,0.769281,0.00140089,35.0827,35.0771,14,14,0,0.668725,0.639549,0.029176,0,1,1,0
113.9,2135,2,0.000875745,0.000875745,0.552066,0.552779,0.00071317,34.2083,34.2111,10,10,0,0.999179,1.00713,0.007952,0,1,1,1
113.9,2135,3,0.00239497,0.00239497,0.591667,0.590776,0.000890911,34.3667,34.3631,6,6,0,1.0602,1.07325,0.013048,0,1,1,0
114,2136,1,0.0126158,0.0126158,0.768423,0.770682,0.00225878,35.0737,35.0827,14,14,0,0.639549,0.685517,0.045968,0,1,1,0
114,2136,2,0.00194412,0.00194412,0.554492,0.552066,0.00242621,34.218,34.2083,10,10,0,1.00713,0.986811,0.02032,0,1,1,0
114,2136,3,0.00299172,0.00299172,0.591461,0.591667,0.000205874,34.3658,34.3667,6,6,0,1.07325,1.05136,0.021888,0,1,1,0
114.1,2137,1,0.0122235,0.0122235,0.770611,0.768423,0.00218791,35.0824,35.0737,14,14,0,0.685517,0.641029,0.044488,0,1,1,0
114.1,2137,2,0.00106837,0.00106837,0.552779,0.554492,0.00171304,34.2111,34.218,10,10,0,0.986811,0.999179,0.012368,0,1,1,0
114.1,2137,3,0.00565757,0.00565757,0.592778,0.591461,0.00131685,34.3711,34.3658,6,6,0,1.05136,1.08557,0.034208,0,1,1,0
114.2,2138,1,0.0110971,0.0110971,0.768645,0.770611,0.0019657,35.0746,35.0824,14,14,0,0.641029,0.682829,0.0418,0,1,1,0
114.2,2138,2,0.00101853,0.00101853,0.554334,0.552779,0.0015552,34.2173,34.2111,10,10,0,0.999179,0.987579,0.0116,0,1,1,0
114.2,2138,3,0.00417989,0.00417989,0.594066,0.592778,0.00128788,34.3763,34.3711,6,6,0,1.08557,1.10289,0.01732,0,1,1,0
114.3,2139,1,0.00269343,0.00269343,0.769087,0.768645,0.000442266,35.0763,35.0746,14,14,0,0.682829,0.672741,0.010088,0,1,1,0
114.3,2139,2,0.000307057,0.000307057,0.55336,0.554334,0.000974059,34.2134,34.2173,10,10,0,0.987579,0.992315,0.004736,0,1,1,1
114.3,2139,3,0.00041899,0.00041899,0.593937,0.594066,0.000128984,34.3757,34.3763,6,6,0,1.10289,1.10115,0.001736,0,1,1,1
114.4,2140,1,0.00466149,0.00466149,0.769934,0.769087,0.000846207,35.0797,35.0763,14,14,0,0.672741,0.655149,0.017592,0,1,1,0
114.4,2140,2,0.000356901,0.000356901,0.554492,0.55336,0.00113189,34.218,34.2134,10,10,0,0.992315,0.986811,0.005504,0,1,1,1
114.4,2140,3,0.00278596,0.00278596,0.593078,0.593937,0.000858247,34.3723,34.3757,6,6,0,1.10115,1.08961,0.011544,0,1,1,0
114.5,2141,1,0.00551348,0.00551348,0.768932,0.769934,0.00100112,35.0757,35.0797,14,14,0,0.655149,0.675957,0.020808,0,1,1,0
114.5,2141,2,0.00106742,0.00106742,0.552779,0.554492,0.00171268,34.2111,34.218,10,10,0,0.986811,0.999171,0.01236,0,1,1,0
114.5,2141,3,0.00459312,0.00459312,0.594493,0.593078,0.00141424,34.378,34.3723,6,6,0,1.08961,1.10864,0.019032,0,1,1,0
114.6,2142,1,0.00125261,0.00125261,0.76916,0.768932,0.000227749,35.0766,35.0757,14,14,0,0.675957,0.671229,0.004728,0,1,1,1
114.6,2142,2,0.000383731,0.000383731,0.552907,0.552779,0.000127852,34.2116,34.2111,10,10,0,0.999171,0.995923,0.003248,0,1,1,1
114.6,2142,3,0.00583059,0.00583059,0.592697,0.594493,0.00179589,34.3708,34.378,6,6,0,1.10864,1.08448,0.02416,0,1,1,0
114.7,2143,1,0.00386227,0.00386227,0.769861,0.76916,0.000701129,35.0794,35.0766,14,14,0,0.671229,0.656653,0.014576,0,1,1,0
114.7,2143,2,0.000134215,0.000134215,0.552952,0.552907,4.47035e-05,34.2118,34.2116,10,10,0,0.995923,0.994787,0.001136,0,1,1,1
114.7,2143,3,9.64692e-05,9.64692e-05,0.592727,0.592697,2.98023e-05,34.3709,34.3708,6,6,0,1.08448,1.08488,0.0004,0,1,1,1
114.8,2144,1,0.00386227,0.00386227,0.76916,0.769861,0.000701129,35.0766,35.0794,14,14,0,0.656653,0.671229,0.014576,0,1,1,0
114.8,2144,2,0.000549477,0.000549477,0.554492,0.552952,0.00154012,34.218,34.2118,10,10,0,0.994787,0.986811,0.007976,0,1,1,1
114.8,2144,3,0.00525334,0.00525334,0.594345,0.592727,0.00161827,34.3774,34.3709,6,6,0,1.08488,1.10665,0.021768,0,1,1,0
114.9,2145,1,0.0030873,0.0030873,0.768646,0.76916,0.000513852,35.0746,35.0766,14,14,0,0.671229,0.682813,0.011584,0,1,1,0
114.9,2145,2,0.00106837,0.00106837,0.552779,0.554492,0.00171304,34.2111,34.218,10,10,0,0.986811,0.999179,0.012368,0,1,1,0
114.9,2145,3,0.00478414,0.00478414,0.592871,0.594345,0.00147355,34.3715,34.3774,6,6,0,1.10665,1.08682,0.019824,0,1,1,0
115,2146,1,0.0105856,0.0105856,0.77052,0.768646,0.0018732,35.0821,35.0746,14,14,0,0.682813,0.642933,0.03988,0,1,1,0
115,2146,2,0.000198849,0.000198849,0.552689,0.552779,8.93474e-05,34.2108,34.2111,10,10,0,0.999179,1.00114,0.00196,0,1,1,1
115,2146,3,0.00373389,0.00373389,0.594022,0.592871,0.00115037,34.3761,34.3715,6,6,0,1.08682,1.1023,0.015472,0,1,1,0
115.1,2147,1,0.00664621,0.00664621,0.769315,0.77052,0.00120443,35.0773,35.0821,14,14,0,0.642933,0.668013,0.02508,0,1,1,0
115.1,2147,2,0.000102434,0.000102434,0.552747,0.552689,5.72801e-05,34.211,34.2108,10,10,0,1.00114,0.999995,0.001144,0,1,1,1
115.1,2147,3,0.00420496,0.00420496,0.592726,0.594022,0.00129569,34.3709,34.3761,6,6,0,1.1023,1.08487,0.017424,0,1,1,0
115.2,2148,1,0.00624923,0.00624923,0.768191,0.769315,0.00112444,35.0728,35.0773,14,14,0,0.668013,0.688325,0.020312,0,1,1,0
115.2,2148,2,0.00088039,0.00088039,0.55148,0.552747,0.0012666,34.2059,34.211,10,10,0,0.999995,1.01007,0.01008,0,1,1,0
115.2,2148,3,0.00660095,0.00660095,0.594759,0.592726,0.00203264,34.379,34.3709,6,6,0,1.08487,1.11222,0.027352,0,1,1,0
115.3,2149,1,0.0129357,0.0129357,0.770527,0.768191,0.00233614,35.0821,35.0728,14,14,0,0.688325,0.642781,0.045544,0,1,1,0
115.3,2149,2,0.00088039,0.00088039,0.552747,0.55148,0.0012666,34.211,34.2059,10,10,0,1.01007,0.999995,0.01008,0,1,1,0
115.3,2149,3,0.0044927,0.0044927,0.593376,0.594759,0.00138259,34.3735,34.379,6,6,0,1.11222,1.09361,0.018616,0,1,1,0
115.4,2150,1,0.00975771,0.00975771,0.768757,0.770527,0.00177032,35.075,35.0821,14,14,0,0.642781,0.679605,0.036824,0,1,1,0
115.4,2150,2,0.000769965,0.000769965,0.55212,0.552747,0.000626981,34.2085,34.211,10,10,0,0.999995,1.00686,0.006864,0,1,1,1
115.4,2150,3,0.00220285,0.00220285,0.592697,0.593376,0.000679255,34.3708,34.3735,6,6,0,1.09361,1.08448,0.009128,0,1,1,1
115.5,2151,1,0.00829895,0.00829895,0.770263,0.768757,0.00150645,35.0811,35.075,14,14,0,0.679605,0.648285,0.03132,0,1,1,0
115.5,2151,2,0.00142027,0.00142027,0.552963,0.55212,0.000843585,34.2119,34.2085,10,10,0,1.00686,0.994491,0.012368,0,1,1,0
115.5,2151,3,0.00114483,0.00114483,0.59305,0.592697,0.000353098,34.3722,34.3708,6,6,0,1.08448,1.08922,0.004744,0,1,1,1
115.6,2152,1,0.00867495,0.00867495,0.7687,0.770263,0.00156265,35.0748,35.0811,14,14,0,0.648285,0.681077,0.032792,0,1,1,0
115.6,2152,2,0.000939958,0.000939958,0.556121,0.552963,0.00315797,34.2245,34.2119,10,10,0,0.994491,1.00686,0.012368,0,1,1,0
115.6,2152,3,0.00449849,0.00449849,0.594435,0.59305,0.00138527,34.3777,34.3722,6,6,0,1.08922,1.10786,0.01864,0,1,1,0
115.7,2153,1,0.00134039,0.00134039,0.768932,0.7687,0.000231743,35.0757,35.0748,14,14,0,0.681077,0.675965,0.005112,0,1,1,1
115.7,2153,2,0.000899263,0.000899263,0.55675,0.556121,0.000628829,34.227,34.2245,10,10,0,1.00686,0.995259,0.0116,0,1,1,0
115.7,2153,3,0.00344048,0.00344048,0.593376,0.594435,0.00105911,34.3735,34.3777,6,6,0,1.10786,1.09361,0.014256,0,1,1,0
115.8,2154,1,0.0061843,0.0061843,0.772532,0.768932,0.00360036,35.0901,35.0757,14,14,0,0.675965,0.639557,0.036408,0,1,1,0
115.8,2154,2,0.000607718,0.000607718,0.552747,0.55675,0.00400275,34.211,34.227,10,10,0,0.995259,0.999979,0.00472,0,1,1,1
115.8,2154,3,0.000884227,0.000884227,0.593103,0.593376,0.000272572,34.3724,34.3735,6,6,0,1.09361,1.08994,0.003664,0,1,1,1
115.9,2155,1,0.0112477,0.0112477,0.770932,0.772532,0.00159997,35.0837,35.0901,14,14,0,0.639557,0.682821,0.043264,0,1,1,0
115.9,2155,2,0.000648413,0.000648413,0.552963,0.552747,0.000215948,34.2119,34.211,10,10,0,0.999979,0.994491,0.005488,0,1,1,1
115.9,2155,3,0.00108307,0.00108307,0.593437,0.593103,0.000333786,34.3737,34.3724,6,6,0,1.08994,1.09443,0.004488,0,1,1,1
116,2156,1,0.00174816,0.00174816,0.771128,0.770932,0.000195742,35.0845,35.0837,14,14,0,0.682821,0.676733,0.006088,0,1,1,1
116,2156,2,0.00142027,0.00142027,0.55212,0.552963,0.000843585,34.2085,34.2119,10,10,0,0.994491,1.00686,0.012368,0,1,1,0
116,2156,3,0.0019905,0.0019905,0.59405,0.593437,0.000612915,34.3762,34.3737,6,6,0,1.09443,1.10268,0.008248,0,1,1,1
116.1,2157,1,0.00678179,0.00678179,0.772044,0.771128,0.000916064,35.0882,35.0845,14,14,0,0.676733,0.649813,0.02692,0,1,1,0
116.1,2157,2,0.00134028,0.00134028,0.565863,0.55212,0.0137437,34.2635,34.2085,10,10,0,1.00686,0.999995,0.006864,0,1,1,1
116.1,2157,3,0.0021913,0.0021913,0.593375,0.59405,0.000674784,34.3735,34.3762,6,6,0,1.10268,1.0936,0.00908,0,1,1,1
116.2,2158,1,0.00660565,0.00660565,0.771136,0.772044,0.000908136,35.0845,35.0882,14,14,0,0.649813,0.675965,0.026152,0,1,1,0
116.2,2158,2,0.000280213,0.000280213,0.565236,0.565863,0.000627935,34.2609,34.2635,10,10,0,0.999995,1.00686,0.006864,0,1,1,1
116.2,2158,3,0.00292454,0.00292454,0.592421,0.593375,0.000954628,34.3697,34.3735,6,6,0,1.0936,1.08125,0.012352,0,1,1,0
116.3,2159,1,0.00182578,0.00182578,0.771218,0.771136,8.22544e-05,35.0849,35.0845,14,14,0,0.675965,0.668005,0.00796,0,1,1,1
116.3,2159,2,0.000625566,0.000625566,0.566187,0.565236,0.00095135,34.2647,34.2609,10,10,0,1.00686,0.994491,0.012368,0,1,1,0
116.3,2159,3,0.00522785,0.00522785,0.594085,0.592421,0.00166392,34.3763,34.3697,6,6,0,1.08125,1.10314,0.021896,0,1,1,0
116.4,2160,1,0.00211115,0.00211115,0.771564,0.771218,0.000345707,35.0863,35.0849,14,14,0,0.668005,0.659885,0.00812,0,1,1,1
116.4,2160,2,0.000625566,0.000625566,0.565236,0.566187,0.00095135,34.2609,34.2647,10,10,0,0.994491,1.00686,0.012368,0,1,1,0
116.4,2160,3,0.0026779,0.0026779,0.59326,0.594085,0.00082469,34.373,34.3763,6,6,0,1.10314,1.09205,0.011096,0,1,1,0
116.5,2161,1,0.0177464,0.0177464,0.727718,0.771564,0.0438458,34.9109,35.0863,14,14,0,0.659885,0.671221,0.011336,0,1,0,0
116.5,2161,2,0.0475974,0.0475974,0.587273,0.565236,0.0220379,34.3491,34.2609,10,9,-1,1.00686,1.10643,0.0995733,0,0,0,0
116.5,2161,3,0.0515062,0.0515062,0.53349,0.59326,0.05977,34.134,34.373,6,7,1,1.09205,0.937115,0.154933,0,0,0,0
116.6,2162,1,0.0309533,0.0309533,0.728709,0.727718,0.000991106,34.9148,34.9109,14,14,0,0.671221,0.627565,0.043656,0,0,1,0
116.6,2162,2,0.0232796,0.0232796,0.559036,0.587273,0.0282376,34.2361,34.3491,9,9,0,1.10643,1.15861,0.052176,0,0,0,0
116.6,2162,3,0.0140673,0.0140673,0.55351,0.53349,0.0200196,34.214,34.134,7,7,0,0.937115,1.01821,0.081096,0,1,0,0
116.7,2163,1,0.0237286,0.0237286,0.725407,0.728709,0.00330263,34.9016,34.9148,14,13,-1,0.627565,0.691595,0.0640293,0,0,1,0
116.7,2163,2,0.0299652,0.0299652,0.587956,0.559036,0.0289204,34.3518,34.2361,9,9,0,1.15861,1.18223,0.023624,0,0,0,0
116.7,2163,3,0.0211985,0.0211985,0.498903,0.55351,0.0546067,33.9956,34.214,7,8,1,1.01821,0.845277,0.172933,0,0,0,0
116.8,2164,1,0.00267869,0.00267869,0.759081,0.725407,0.0336742,35.0363,34.9016,13,13,0,0.691595,0.742067,0.050472,0,1,0,0
116.8,2164,2,0.0111512,0.0111512,0.592823,0.587956,0.00486702,34.3713,34.3518,9,9,0,1.18223,1.22238,0.040152,0,1,1,0
116.8,2164,3,0.0122899,0.0122899,0.472328,0.498903,0.0265754,33.8893,33.9956,8,8,0,0.845277,0.894077,0.0488,0,1,0,0
116.9,2165,1,0.034881,0.034881,0.834108,0.759081,0.0750273,35.3364,35.0363,13,13,0,0.742067,0.764827,0.02276,0,0,0,0
116.9,2165,2,0.0172367,0.0172367,0.571198,0.592823,0.0216248,34.2848,34.3713,9,9,0,1.22238,1.19984,0.022544,0,1,0,0
116.9,2165,3,0.0311021,0.0311021,0.485698,0.472328,0.0133707,33.9428,33.8893,8,8,0,0.894077,0.803237,0.09084,0,0,1,0
117,2166,1,0.00260202,0.00260202,0.8342,0.834108,9.20892e-05,35.3368,35.3364,13,13,0,0.764827,0.782771,0.017944,0,1,1,0
117,2166,2,0.00756675,0.00756675,0.570213,0.571198,0.000985503,34.2809,34.2848,9,9,0,1.19984,1.17097,0.028872,0,1,1,0
117,2166,3,0.00186865,0.00186865,0.484273,0.485698,0.00142485,33.9371,33.9428,8,8,0,0.803237,0.814157,0.01092,0,1,1,0
117.1,2167,1,0.00948805,0.00948805,0.794368,0.8342,0.0398328,35.1775,35.3368,13,13,0,0.782771,0.782755,1.6e-05,0,1,0,0
117.1,2167,2,0.033098,0.033098,0.587214,0.570213,0.0170014,34.3489,34.2809,9,10,1,1.17097,0.961203,0.209765,0,0,1,0
117.1,2167,3,0.0267078,0.0267078,0.516565,0.484273,0.0322912,34.0663,33.9371,8,7,-1,0.814157,0.845155,0.0309973,0,0,0,0
117.2,2168,1,0.00163604,0.00163604,0.787785,0.794368,0.00658268,35.1511,35.1775,13,13,0,0.782755,0.798851,0.016096,0,1,1,0
117.2,2168,2,0.00317199,0.00317199,0.574081,0.587214,0.013133,34.2963,34.3489,10,10,0,0.961203,0.966307,0.005104,0,1,1,1
117.2,2168,3,0.00467391,0.00467391,0.522843,0.516565,0.00627851,34.0914,34.0663,7,7,0,0.845155,0.986659,0.141504,0,1,1,0
117.3,2169,1,0.00343633,0.00343633,0.739218,0.787785,0.0485671,34.9569,35.1511,13,13,0,0.798851,0.764411,0.03444,0,1,0,0
117.3,2169,2,0.0120861,0.0120861,0.538003,0.574081,0.0360785,34.152,34.2963,10,10,0,0.966307,0.974475,0.008168,0,1,0,0
117.3,2169,3,0.00136739,0.00136739,0.515843,0.522843,0.00700003,34.0634,34.0914,7,7,0,0.986659,0.943899,0.04276,0,1,1,0
117.4,2170,1,0.0268927,0.0268927,0.719405,0.739218,0.0198128,34.8776,34.9569,13,13,0,0.764411,0.731939,0.032472,0,0,1,0
117.4,2170,2,0.00345871,0.00345871,0.542142,0.538003,0.00413948,34.1686,34.152,10,10,0,0.974475,1.02947,0.054992,0,1,1,0
117.4,2170,3,0.00283833,0.00283833,0.532945,0.515843,0.0171023,34.1318,34.0634,7,7,0,0.943899,0.994859,0.05096,0,1,1,0
117.5,2171,1,0.0139393,0.0139393,0.72254,0.719405,0.00313467,34.8902,34.8776,13,13,0,0.731939,0.697611,0.034328,0,1,1,0
117.5,2171,2,0.000358831,0.000358831,0.539176,0.542142,0.00296599,34.1567,34.1686,10,10,0,1.02947,1.02267,0.0068,0,1,1,1
117.5,2171,3,0.00119366,0.00119366,0.532439,0.532945,0.000506341,34.1298,34.1318,7,7,0,0.994859,0.979371,0.015488,0,1,1,0
117.6,2172,1,0.0146891,0.0146891,0.71923,0.72254,0.00330925,34.8769,34.8902,13,13,0,0.697611,0.733731,0.03612,0,1,1,0
117.6,2172,2,0.0125891,0.0125891,0.533832,0.539176,0.00534463,34.1353,34.1567,10,10,0,1.02267,1.06955,0.04688,0,1,1,0
117.6,2172,3,0.00243183,0.00243183,0.531754,0.532439,0.000684619,34.127,34.1298,7,7,0,0.979371,0.954643,0.024728,0,1,1,0
117.7,2173,1,0.0250257,0.0250257,0.813475,0.71923,0.0942447,35.2539,34.8769,13,13,0,0.733731,0.694419,0.039312,0,0,0,0
117.7,2173,2,0.0363146,0.0363146,0.584115,0.533832,0.050283,34.3365,34.1353,10,9,-1,1.06955,1.17592,0.106373,0,0,0,0
117.7,2173,3,0.0107459,0.0107459,0.494584,0.531754,0.0371701,33.9783,34.127,7,8,1,0.954643,0.872421,0.0822213,0,1,0,0
117.8,2174,1,0.0409676,0.0409676,0.833329,0.813475,0.0198539,35.3333,35.2539,13,13,0,0.694419,0.744547,0.050128,0,0,1,0
117.8,2174,2,0.0408677,0.0408677,0.539339,0.584115,0.0447757,34.1574,34.3365,9,9,0,1.17592,1.15042,0.025496,0,0,0,0
117.8,2174,3,0.00906848,0.00906848,0.465224,0.494584,0.0293601,33.8609,33.9783,8,8,0,0.872421,0.839605,0.032816,0,1,0,0
117.9,2175,1,0.00412901,0.00412901,0.832525,0.833329,0.000804186,35.3301,35.3333,13,13,0,0.744547,0.784515,0.039968,0,1,1,0
117.9,2175,2,0.0301955,0.0301955,0.577026,0.539339,0.0376871,34.3081,34.1574,9,9,0,1.15042,1.13691,0.013512,0,0,0,0
117.9,2175,3,0.0376233,0.0376233,0.488984,0.465224,0.0237598,33.9559,33.8609,8,8,0,0.839605,0.819925,0.01968,0,0,0,0
118,2176,1,0.00413921,0.00413921,0.833341,0.832525,0.000816643,35.3334,35.3301,13,13,0,0.784515,0.813659,0.029144,0,1,1,0
118,2176,2,0,0,0.577026,0.577026,0,34.3081,34.3081,9,9,0,1.13691,1.13691,0,0,1,1,1
118,2176,3,0.00179137,0.00179137,0.490644,0.488984,0.00166035,33.9626,33.9559,8,8,0,0.819925,0.809861,0.010064,0,1,1,0
118.1,2177,1,0.00815703,0.00815703,0.748292,0.833341,0.0850492,34.9932,35.3334,13,13,0,0.813659,0.770387,0.043272,0,1,0,0
118.1,2177,2,0.000121942,0.000121942,0.577045,0.577026,1.8537e-05,34.3082,34.3081,9,9,0,1.13691,1.1373,0.000384,0,1,1,1
118.1,2177,3,0.00303823,0.00303823,0.493158,0.490644,0.00251308,33.9726,33.9626,8,8,0,0.809861,0.792757,0.017104,0,1,1,0
118.2,2178,1,0.0162273,0.0162273,0.726778,0.748292,0.0215146,34.9071,34.9932,13,13,0,0.770387,0.753235,0.017152,0,1,0,0
118.2,2178,2,0.0249917,0.0249917,0.592967,0.577045,0.0159225,34.3719,34.3082,9,9,0,1.1373,1.22328,0.085984,0,0,1,0
118.2,2178,3,0.00692202,0.00692202,0.490686,0.493158,0.00247103,33.9627,33.9726,8,8,0,0.792757,0.851701,0.058944,0,1,1,0
118.3,2179,1,0.00267183,0.00267183,0.685025,0.726778,0.0417524,34.7401,34.9071,13,12,-1,0.753235,0.7898,0.0365653,0,1,0,0
118.3,2179,2,0.0845726,0.0845726,0.579495,0.592967,0.0134725,34.318,34.3719,9,11,2,1.22328,0.877373,0.345907,0,0,1,0
118.3,2179,3,0.0403431,0.0403431,0.504234,0.490686,0.0135478,34.0169,33.9627,8,7,-1,0.851701,0.933307,0.0816053,0,0,1,0
118.4,2180,1,0.0251101,0.0251101,0.714336,0.685025,0.0293105,34.8573,34.7401,12,12,0,0.7898,0.79308,0.00328,0,0,0,0
118.4,2180,2,0.00202731,0.00202731,0.566218,0.579495,0.0132767,34.2649,34.318,11,11,0,0.877373,0.912541,0.035168,0,1,1,0
118.4,2180,3,0.00538392,0.00538392,0.5355,0.504234,0.0312655,34.142,34.0169,7,7,0,0.933307,0.992795,0.059488,0,1,0,0
118.5,2181,1,0.00456117,0.00456117,0.780949,0.714336,0.0666131,35.1238,34.8573,12,12,0,0.79308,0.789864,0.003216,0,1,0,0
118.5,2181,2,0.00838322,0.00838322,0.506168,0.566218,0.0600504,34.0247,34.2649,11,11,0,0.912541,0.925829,0.013288,0,1,0,0
118.5,2181,3,0.00617991,0.00617991,0.532723,0.5355,0.00277686,34.1309,34.142,7,7,0,0.992795,0.988051,0.004744,0,1,1,1
118.6,2182,1,0.0208975,0.0208975,0.793757,0.780949,0.0128083,35.175,35.1238,12,12,0,0.789864,0.83248,0.042616,0,0,1,0
118.6,2182,2,0.00874057,0.00874057,0.504156,0.506168,0.0020119,34.0166,34.0247,11,11,0,0.925829,0.905397,0.020432,0,1,1,0
118.6,2182,3,0.000685513,0.000685513,0.515358,0.532723,0.0173649,34.0614,34.1309,7,7,0,0.988051,0.960131,0.02792,0,1,1,0
118.7,2183,1,0.0039722,0.0039722,0.791604,0.793757,0.00215364,35.1664,35.175,12,12,0,0.83248,0.87728,0.0448,0,1,1,0
118.7,2183,2,0.0188834,0.0188834,0.558348,0.504156,0.0541924,34.2334,34.0166,11,11,0,0.905397,0.842525,0.062872,0,1,0,0
118.7,2183,3,0.000229508,0.000229508,0.51536,0.515358,2.26498e-06,34.0614,34.0614,7,7,0,0.960131,0.962451,0.00232,0,1,1,1
118.8,2184,1,0.000609569,0.000609569,0.791562,0.791604,4.14848e-05,35.1662,35.1664,12,12,0,0.87728,0.880272,0.002992,0,1,1,1
118.8,2184,2,0.00144257,0.00144257,0.555625,0.558348,0.00272316,34.2225,34.2334,11,11,0,0.842525,0.847069,0.004544,0,1,1,1
118.8,2184,3,0.00124393,0.00124393,0.515671,0.51536,0.000310719,34.0627,34.0614,7,7,0,0.962451,0.974179,0.011728,0,1,1,0
118.9,2185,1,0.0236095,0.0236095,0.693352,0.791562,0.0982101,34.7734,35.1662,12,12,0,0.880272,0.870416,0.009856,0,0,0,0
118.9,2185,2,0.00247979,0.00247979,0.550918,0.555625,0.0047071,34.2037,34.2225,11,11,0,0.847069,0.854877,0.007808,0,1,1,1
118.9,2185,3,0.00404651,0.00404651,0.516057,0.515671,0.000386357,34.0642,34.0627,7,7,0,0.974179,0.937195,0.036984,0,1,1,0
