time_s,ueIndex,x,y,servingCellId
0,0,619.735,695.482,1
0,1,352.69,722.375,1
0,2,250.733,381.162,2
0,3,215.119,533.544,2
0,4,398.729,246.494,2
0,5,534.655,620.362,1
0,6,230.699,524.331,2
0,7,512.058,415.842,3
0,8,444.479,378.992,2
0,9,716.309,363.423,3
0,10,681.298,592.548,3
0,11,450.348,747.598,1
0,12,432.988,501.254,2
0,13,599.353,349.231,3
0,14,284.207,465.141,2
0,15,291.51,690.802,1
0,16,268.484,541.497,2
0,17,627.151,414.694,3
0,18,639.062,640.723,1
0,19,384.518,657.053,1
0,20,464.906,315.125,2
0,21,507.714,225.271,3
0,22,494.282,772.375,1
0,23,494.331,718.492,1
0,24,482.257,289.975,2
0,25,663.206,352.327,3
0,26,291.173,678.765,1
0,27,538.761,722.324,1
0,28,258.954,470.664,2
0,29,285.234,635.735,1
0.5,0,620.223,696.9,1
0.5,1,353.721,723.464,1
0.5,2,249.325,381.679,2
0.5,3,213.697,533.067,2
0.5,4,397.24,246.676,2
0.5,5,533.342,621.087,1
0.5,6,230.504,522.843,2
0.5,7,510.56,415.923,3
0.5,8,445.901,378.514,2
0.5,9,717.568,364.238,3
0.5,10,682.461,591.601,3
0.5,11,451.829,747.36,1
0.5,12,431.601,500.683,2
0.5,13,600.698,348.568,3
0.5,14,284.015,466.629,2
0.5,15,291.931,692.242,1
0.5,16,269.583,542.519,2
0.5,17,625.724,415.159,3
0.5,18,637.862,639.823,1
0.5,19,384.349,658.543,1
0.5,20,464.091,313.866,2
0.5,21,506.841,226.491,3
0.5,22,492.784,772.461,1
0.5,23,495.372,717.412,1
0.5,24,483.103,291.214,2
0.5,25,664.668,352.663,3
0.5,26,290.345,680.015,1
0.5,27,537.261,722.352,1
0.5,28,259.993,469.582,2
0.5,29,284.152,636.773,1
1,0,620.711,698.318,1
1,1,354.751,724.554,1
1,2,247.917,382.196,2
1,3,212.275,532.589,2
1,4,395.751,246.859,2
1,5,532.029,621.813,1
1,6,230.308,521.356,2
1,7,509.062,416.003,3
1,8,447.322,378.036,2
1,9,718.828,365.053,3
1,10,683.624,590.653,3
1,11,453.31,747.123,1
1,12,430.213,500.113,2
1,13,602.044,347.905,3
1,14,283.822,468.116,2
1,15,292.351,693.682,1
1,16,270.682,543.54,2
1,17,624.298,415.624,3
1,18,636.662,638.923,1
1,19,384.18,660.034,1
1,20,463.275,312.607,2
1,21,505.969,227.711,3
1,22,491.287,772.547,1
1,23,496.412,716.331,1
1,24,483.948,292.453,2
1,25,666.129,353,3
1,26,289.517,681.266,1
1,27,535.761,722.38,1
1,28,261.032,468.501,2
1,29,283.069,637.811,1
1.5,0,621.2,699.737,1
1.5,1,355.782,725.643,1
1.5,2,246.509,382.714,2
1.5,3,210.853,532.112,2
1.5,4,394.262,247.041,2
1.5,5,530.716,622.538,1
1.5,6,230.113,519.869,2
1.5,7,507.564,416.084,3
1.5,8,448.744,377.557,2
1.5,9,720.087,365.868,3
1.5,10,684.787,589.706,3
1.5,11,454.792,746.885,1
1.5,12,428.826,499.542,2
1.5,13,603.389,347.241,3
1.5,14,283.629,469.604,2
1.5,15,292.771,695.122,1
1.5,16,271.78,544.561,2
1.5,17,622.872,416.089,3
1.5,18,635.462,638.023,1
1.5,19,384.011,661.524,1
1.5,20,462.46,311.348,2
1.5,21,505.097,228.932,3
1.5,22,489.789,772.633,1
1.5,23,497.452,715.25,1
1.5,24,484.794,293.691,2
1.5,25,667.591,353.336,3
1.5,26,288.688,682.516,1
1.5,27,534.262,722.408,1
1.5,28,262.072,467.419,2
1.5,29,281.986,638.849,1
2,0,621.688,701.155,1
2,1,356.813,726.733,1
2,2,245.101,383.231,2
2,3,209.431,531.635,2
2,4,392.773,247.224,2
2,5,529.403,623.263,1
2,6,229.918,518.382,2
2,7,506.067,416.165,3
2,8,450.166,377.079,2
2,9,721.346,366.683,3
2,10,685.95,588.759,3
2,11,456.273,746.648,1
2,12,427.439,498.972,2
2,13,604.735,346.578,3
2,14,283.437,471.091,2
2,15,293.192,696.562,1
2,16,272.879,545.582,2
2,17,621.446,416.553,3
2,18,634.262,637.123,1
2,19,383.842,663.015,1
2,20,461.645,310.089,2
2,21,504.225,230.152,3
2,22,488.292,772.719,1
2,23,498.493,714.17,1
2,24,485.639,294.93,2
2,25,669.053,353.673,3
2,26,287.86,683.767,1
2,27,532.762,722.436,1
2,28,263.111,466.337,2
2,29,280.903,639.887,1
2.5,0,622.176,702.573,1
2.5,1,357.844,727.823,1
2.5,2,243.693,383.748,2
2.5,3,208.009,531.157,2
2.5,4,391.284,247.406,2
2.5,5,528.09,623.988,1
2.5,6,229.722,516.894,2
2.5,7,504.569,416.245,3
2.5,8,451.587,376.601,2
2.5,9,722.606,367.497,3
2.5,10,687.113,587.811,3
2.5,11,457.754,746.41,1
2.5,12,426.051,498.402,2
2.5,13,606.08,345.915,3
2.5,14,283.244,472.579,2
2.5,15,293.612,698.002,1
2.5,16,273.978,546.604,2
2.5,17,620.02,417.018,3
2.5,18,633.062,636.223,1
2.5,19,383.673,664.505,1
2.5,20,460.829,308.83,2
2.5,21,503.353,231.372,3
2.5,22,486.794,772.805,1
2.5,23,499.533,713.089,1
2.5,24,486.485,296.169,2
2.5,25,670.515,354.009,3
2.5,26,287.031,685.017,1
2.5,27,531.262,722.464,1
2.5,28,264.15,465.255,2
2.5,29,279.82,640.925,1
3,0,622.664,703.992,1
3,1,358.875,728.912,1
3,2,242.285,384.265,2
3,3,206.587,530.68,2
3,4,389.795,247.588,2
3,5,526.777,624.713,1
3,6,229.527,515.407,2
3,7,503.071,416.326,3
3,8,453.009,376.122,2
3,9,723.865,368.312,3
3,10,688.276,586.864,3
3,11,459.235,746.173,1
3,12,424.664,497.831,2
3,13,607.425,345.252,3
3,14,283.052,474.066,2
3,15,294.033,699.442,1
3,16,275.076,547.625,2
3,17,618.594,417.483,3
3,18,631.862,635.323,1
3,19,383.504,665.995,1
3,20,460.014,307.571,2
3,21,502.48,232.593,3
3,22,485.297,772.891,1
3,23,500.573,712.009,1
3,24,487.331,297.408,2
3,25,671.976,354.346,3
3,26,286.203,686.268,1
3,27,529.762,722.492,1
3,28,265.189,464.173,2
3,29,278.737,641.963,1
3.5,0,623.153,705.41,1
3.5,1,359.906,730.002,1
3.5,2,240.877,384.783,2
3.5,3,205.165,530.202,2
3.5,4,388.307,247.771,2
3.5,5,525.463,625.438,1
3.5,6,229.331,513.92,2
3.5,7,501.573,416.406,3
3.5,8,454.431,375.644,2
3.5,9,725.124,369.127,3
3.5,10,689.439,585.916,3
3.5,11,460.716,745.936,1
3.5,12,423.277,497.261,2
3.5,13,608.771,344.588,3
3.5,14,282.859,475.554,2
3.5,15,294.453,700.881,1
3.5,16,276.175,548.646,2
3.5,17,617.167,417.948,3
3.5,18,630.662,634.423,1
3.5,19,383.335,667.486,1
3.5,20,459.199,306.312,2
3.5,21,501.608,233.813,3
3.5,22,483.799,772.977,1
3.5,23,501.614,710.928,1
3.5,24,488.176,298.647,2
3.5,25,673.438,354.682,3
3.5,26,285.375,687.518,1
3.5,27,528.263,722.52,1
3.5,28,266.228,463.092,2
3.5,29,277.654,643.001,1
4,0,623.641,706.828,1
4,1,360.937,731.092,1
4,2,239.469,385.3,2
4,3,203.743,529.725,2
4,4,386.818,247.953,2
4,5,524.15,626.163,1
4,6,229.136,512.433,2
4,7,500.075,416.487,3
4,8,455.852,375.166,2
4,9,726.384,369.942,3
4,10,690.602,584.969,3
4,11,462.197,745.698,1
4,12,421.889,496.69,2
4,13,610.116,343.925,3
4,14,282.666,477.042,2
4,15,294.873,702.321,1
4,16,277.273,549.668,2
4,17,615.741,418.413,3
4,18,629.462,633.523,1
4,19,383.166,668.976,1
4,20,458.383,305.053,2
4,21,500.736,235.033,3
4,22,482.302,773.063,1
4,23,502.654,709.847,1
4,24,489.022,299.886,2
4,25,674.9,355.019,3
4,26,284.546,688.769,1
4,27,526.763,722.548,1
4,28,267.267,462.01,2
4,29,276.571,644.039,1
4.5,0,624.129,708.247,1
4.5,1,361.968,732.181,1
4.5,2,238.061,385.817,2
4.5,3,202.321,529.248,2
4.5,4,385.329,248.135,2
4.5,5,522.837,626.888,1
4.5,6,228.94,510.946,2
4.5,7,498.577,416.568,3
4.5,8,457.274,374.687,2
4.5,9,727.643,370.757,3
4.5,10,691.765,584.022,3
4.5,11,463.678,745.461,1
4.5,12,420.502,496.12,2
4.5,13,611.462,343.262,3
4.5,14,282.474,478.529,2
4.5,15,295.294,703.761,1
4.5,16,278.372,550.689,2
4.5,17,614.315,418.877,3
4.5,18,628.262,632.623,1
4.5,19,382.996,670.467,1
4.5,20,457.568,303.794,2
4.5,21,499.864,236.254,3
4.5,22,480.804,773.149,1
4.5,23,503.694,708.767,1
4.5,24,489.868,301.125,2
4.5,25,676.362,355.355,3
4.5,26,283.718,690.019,1
4.5,27,525.263,722.576,1
4.5,28,268.306,460.928,2
4.5,29,275.488,645.077,1
5,0,624.617,709.665,1
5,1,362.999,733.271,1
5,2,236.653,386.334,2
5,3,201.474,528.901,2
5,4,383.84,248.318,2
5,5,521.524,627.613,1
5,6,228.745,509.458,2
5,7,497.08,416.648,3
5,8,458.696,374.209,2
5,9,728.902,371.572,3
5,10,692.928,583.074,3
5,11,465.159,745.223,1
5,12,419.115,495.55,2
5,13,612.807,342.599,3
5,14,282.281,480.017,2
5,15,295.714,705.201,1
5,16,279.471,551.71,2
5,17,612.889,419.342,3
5,18,627.062,631.723,1
5,19,382.827,671.957,1
5,20,456.753,302.535,2
5,21,498.991,237.474,3
5,22,479.307,773.235,1
5,23,504.734,707.686,1
5,24,490.713,302.364,2
5,25,677.823,355.692,3
5,26,282.89,691.27,1
5,27,523.763,722.604,1
5,28,269.345,459.846,2
5,29,274.405,646.115,1
5.5,0,625.105,711.083,1
5.5,1,364.029,734.36,1
5.5,2,235.245,386.852,2
5.5,3,202.969,528.783,2
5.5,4,382.351,248.5,2
5.5,5,520.211,628.338,1
5.5,6,228.55,507.971,2
5.5,7,495.582,416.729,3
5.5,8,460.117,373.731,2
5.5,9,730.162,372.387,3
5.5,10,694.091,582.127,3
5.5,11,466.64,744.986,1
5.5,12,417.727,494.979,2
5.5,13,614.152,341.935,3
5.5,14,282.088,481.504,2
5.5,15,296.135,706.641,1
5.5,16,280.569,552.731,2
5.5,17,611.463,419.807,3
5.5,18,625.862,630.823,1
5.5,19,382.658,673.448,1
5.5,20,455.937,301.276,2
5.5,21,498.119,238.694,3
5.5,22,477.809,773.321,1
5.5,23,505.775,706.605,1
5.5,24,491.559,303.603,2
5.5,25,679.285,356.028,3
5.5,26,282.061,692.52,1
5.5,27,522.264,722.632,1
5.5,28,270.384,458.764,2
5.5,29,273.322,647.152,1
6,0,625.594,712.502,1
6,1,365.06,735.45,1
6,2,233.837,387.369,2
6,3,204.464,528.665,2
6,4,380.862,248.683,2
6,5,518.898,629.063,1
6,6,228.354,506.484,2
6,7,494.084,416.809,3
6,8,461.539,373.252,2
6,9,731.421,373.202,3
6,10,695.253,581.18,3
6,11,468.121,744.749,1
6,12,416.34,494.409,2
6,13,615.498,341.272,3
6,14,281.896,482.992,2
6,15,296.555,708.081,1
6,16,281.668,553.753,2
6,17,610.037,420.272,3
6,18,624.662,629.923,1
6,19,382.489,674.938,1
6,20,455.122,300.017,2
6,21,497.247,239.915,3
6,22,476.311,773.407,1
6,23,506.815,705.525,1
6,24,492.405,304.842,2
6,25,680.747,356.365,3
6,26,281.233,693.771,1
6,27,520.764,722.66,1
6,28,271.423,457.683,2
6,29,272.239,648.19,1
6.5,0,626.082,713.92,1
6.5,1,366.091,736.54,1
6.5,2,232.429,387.886,2
6.5,3,205.96,528.547,2
6.5,4,379.373,248.865,2
6.5,5,517.585,629.788,1
6.5,6,228.159,504.997,2
6.5,7,492.586,416.89,3
6.5,8,462.961,372.774,2
6.5,9,732.68,374.017,3
6.5,10,696.416,580.232,3
6.5,11,469.602,744.511,1
6.5,12,414.953,493.838,2
6.5,13,616.843,340.609,3
6.5,14,281.703,484.479,2
6.5,15,296.975,709.521,1
6.5,16,282.767,554.774,2
6.5,17,608.61,420.737,3
6.5,18,623.462,629.023,1
6.5,19,382.32,676.428,1
6.5,20,454.307,298.758,2
6.5,21,496.375,241.135,3
6.5,22,474.814,773.493,1
6.5,23,507.855,704.444,1
6.5,24,493.25,306.08,2
6.5,25,682.209,356.701,3
6.5,26,280.404,695.021,1
6.5,27,519.264,722.688,1
6.5,28,272.463,456.601,2
6.5,29,271.156,649.228,1
7,0,626.57,715.338,1
7,1,367.122,737.629,1
7,2,231.021,388.403,2
7,3,207.455,528.429,2
7,4,377.884,249.047,2
7,5,516.272,630.513,1
7,6,227.963,503.509,2
7,7,491.088,416.971,3
7,8,464.383,372.296,2
7,9,733.94,374.832,3
7,10,697.579,579.285,3
7,11,471.084,744.274,1
7,12,413.566,493.268,2
7,13,618.188,339.946,3
7,14,281.511,485.967,2
7,15,297.396,710.961,1
7,16,283.865,555.795,2
7,17,607.184,421.201,3
7,18,622.262,628.123,1
7,19,382.151,677.919,1
7,20,453.491,297.499,2
7,21,495.503,242.355,3
7,22,473.316,773.58,1
7,23,508.896,703.364,1
7,24,494.096,307.319,2
7,25,683.671,357.038,3
7,26,279.576,696.272,1
7,27,517.765,722.716,1
7,28,273.502,455.519,2
7,29,270.073,650.266,1
7.5,0,627.058,716.757,1
7.5,1,368.153,738.719,1
7.5,2,229.613,388.921,2
7.5,3,208.95,528.311,2
7.5,4,376.396,249.23,2
7.5,5,514.959,631.239,1
7.5,6,227.768,502.022,2
7.5,7,489.59,417.051,3
7.5,8,465.804,371.817,2
7.5,9,735.199,375.646,3
7.5,10,698.742,578.337,3
7.5,11,472.565,744.036,1
7.5,12,412.178,492.698,2
7.5,13,619.534,339.282,3
7.5,14,281.318,487.455,2
7.5,15,297.816,712.401,1
7.5,16,284.964,556.816,2
7.5,17,605.758,421.666,3
7.5,18,621.062,627.223,1
7.5,19,381.982,679.409,1
7.5,20,452.676,296.24,2
7.5,21,494.63,243.576,3
7.5,22,471.819,773.666,1
7.5,23,509.936,702.283,1
7.5,24,494.942,308.558,2
7.5,25,685.132,357.375,3
7.5,26,278.748,697.522,1
7.5,27,516.265,722.744,1
7.5,28,274.541,454.437,2
7.5,29,268.99,651.304,1
8,0,627.546,718.175,1
8,1,369.184,739.808,1
8,2,228.205,389.438,2
8,3,210.446,528.193,2
8,4,374.907,249.412,2
8,5,513.645,631.964,1
8,6,227.573,500.535,2
8,7,488.093,417.132,3
8,8,467.226,371.339,2
8,9,736.458,376.461,3
8,10,699.905,577.39,3
8,11,474.046,743.799,1
8,12,410.791,492.127,2
8,13,620.879,338.619,3
8,14,281.125,488.942,2
8,15,298.237,713.84,1
8,16,286.063,557.838,2
8,17,604.332,422.131,3
8,18,619.862,626.323,1
8,19,381.813,680.9,1
8,20,451.861,294.98,2
8,21,493.758,244.796,3
8,22,470.321,773.752,1
8,23,510.976,701.202,1
8,24,495.787,309.797,2
8,25,686.594,357.711,3
8,26,277.919,698.773,1
8,27,514.765,722.772,1
8,28,275.58,453.355,2
8,29,267.908,652.342,1
8.5,0,628.035,719.593,1
8.5,1,370.215,740.898,1
8.5,2,226.797,389.955,2
8.5,3,211.941,528.075,2
8.5,4,373.418,249.595,2
8.5,5,512.332,632.689,1
8.5,6,227.377,499.048,2
8.5,7,486.595,417.212,3
8.5,8,468.648,370.861,2
8.5,9,737.718,377.276,3
8.5,10,701.068,576.443,3
8.5,11,475.527,743.561,1
8.5,12,409.404,491.557,2
8.5,13,622.225,337.956,3
8.5,14,280.933,490.43,2
8.5,15,298.657,715.28,1
8.5,16,287.161,558.859,2
8.5,17,602.906,422.596,3
8.5,18,618.662,625.423,1
8.5,19,381.644,682.39,1
8.5,20,451.045,293.721,2
8.5,21,492.886,246.016,3
8.5,22,468.824,773.838,1
8.5,23,512.017,700.122,1
8.5,24,496.633,311.036,2
8.5,25,688.056,358.048,3
8.5,26,277.091,700.023,1
8.5,27,513.265,722.8,1
8.5,28,276.619,452.274,2
8.5,29,266.825,653.38,1
9,0,628.523,721.012,1
9,1,371.246,741.988,1
9,2,225.389,390.472,2
9,3,213.436,527.957,2
9,4,371.929,249.777,2
9,5,511.019,633.414,1
9,6,227.182,497.561,2
9,7,485.097,417.293,3
9,8,470.069,370.382,2
9,9,738.977,378.091,3
9,10,702.231,575.495,3
9,11,477.008,743.324,1
9,12,408.016,490.986,2
9,13,623.57,337.292,3
9,14,280.74,491.917,2
9,15,299.077,716.72,1
9,16,288.26,559.88,2
9,17,601.479,423.061,3
9,18,617.462,624.523,1
9,19,381.475,683.881,1
9,20,450.23,292.462,2
9,21,492.014,247.237,3
9,22,467.326,773.924,1
9,23,513.057,699.041,1
9,24,497.479,312.275,2
9,25,689.518,358.384,3
9,26,276.263,701.274,1
9,27,511.766,722.828,1
9,28,277.658,451.192,2
9,29,265.742,654.418,1
9.5,0,629.011,722.43,1
9.5,1,372.277,743.077,1
9.5,2,223.981,390.99,2
9.5,3,214.932,527.839,2
9.5,4,370.44,249.959,2
9.5,5,509.706,634.139,1
9.5,6,226.986,496.073,2
9.5,7,483.599,417.374,3
9.5,8,471.491,369.904,2
9.5,9,740.236,378.906,3
9.5,10,703.394,574.548,3
9.5,11,478.489,743.087,1
9.5,12,406.629,490.416,2
9.5,13,624.915,336.629,3
9.5,14,280.547,493.405,2
9.5,15,299.498,718.16,1
9.5,16,289.358,560.902,2
9.5,17,600.053,423.525,3
9.5,18,616.262,623.623,1
9.5,19,381.305,685.371,1
9.5,20,449.415,291.203,2
9.5,21,491.141,248.457,3
9.5,22,465.829,774.01,1
9.5,23,514.097,697.96,1
9.5,24,498.324,313.514,2
9.5,25,690.979,358.721,3
9.5,26,275.434,702.524,1
9.5,27,510.266,722.856,1
9.5,28,278.697,450.11,2
9.5,29,264.659,655.456,1
10,0,629.499,723.848,1
10,1,373.307,744.167,1
10,2,222.573,391.507,2
10,3,216.427,527.721,2
10,4,368.951,250.142,2
10,5,508.393,634.864,1
10,6,226.791,494.586,2
10,7,482.101,417.454,3
10,8,472.913,369.426,2
10,9,741.496,379.721,3
10,10,704.557,573.601,3
10,11,479.97,742.849,1
10,12,405.242,489.845,2
10,13,626.261,335.966,3
10,14,280.355,494.893,2
10,15,299.918,719.6,1
10,16,290.457,561.923,2
10,17,598.627,423.99,3
10,18,615.062,622.723,1
10,19,381.136,686.862,1
10,20,448.599,289.944,2
10,21,490.269,249.677,3
10,22,464.331,774.096,1
10,23,515.137,696.88,1
10,24,499.17,314.753,2
10,25,692.441,359.057,3
10,26,274.606,703.775,1
10,27,508.766,722.884,1
10,28,279.736,449.028,2
10,29,263.576,656.494,1
10.5,0,629.987,725.267,1
10.5,1,374.338,745.257,1
10.5,2,221.165,392.024,2
10.5,3,217.922,527.603,2
10.5,4,367.462,250.324,2
10.5,5,507.08,635.589,1
10.5,6,226.595,493.099,2
10.5,7,480.603,417.535,3
10.5,8,474.334,368.947,2
10.5,9,742.755,380.536,3
10.5,10,705.72,572.653,3
10.5,11,481.451,742.612,1
10.5,12,403.854,489.275,2
10.5,13,627.606,335.303,3
10.5,14,280.162,496.38,2
10.5,15,300.339,721.04,1
10.5,16,291.556,562.944,2
10.5,17,597.201,424.455,3
10.5,18,613.862,621.823,1
10.5,19,380.967,688.352,1
10.5,20,447.784,288.685,2
10.5,21,489.397,250.898,3
10.5,22,462.834,774.182,1
10.5,23,516.178,695.799,1
10.5,24,500.016,315.992,2
10.5,25,693.903,359.394,3
10.5,26,273.777,705.025,1
10.5,27,507.266,722.912,1
10.5,28,280.775,447.946,2
10.5,29,262.493,657.532,1
11,0,630.476,726.685,1
11,1,375.369,746.346,1
11,2,219.757,392.541,2
11,3,219.418,527.485,2
11,4,365.974,250.506,2
11,5,505.767,636.314,1
11,6,226.4,491.612,2
11,7,479.106,417.615,3
11,8,475.756,368.469,2
11,9,744.014,381.351,3
11,10,706.883,571.706,3
11,11,482.932,742.374,1
11,12,402.467,488.705,2
11,13,628.952,334.639,3
11,14,279.97,497.868,2
11,15,300.759,722.48,1
11,16,292.654,563.965,2
11,17,595.775,424.92,3
11,18,612.662,620.923,1
11,19,380.798,689.842,1
11,20,446.969,287.426,2
11,21,488.525,252.118,3
11,22,461.336,774.268,1
11,23,517.218,694.718,1
11,24,500.861,317.231,2
11,25,695.365,359.73,3
11,26,272.949,706.276,1
11,27,505.767,722.94,1
11,28,281.814,446.865,2
11,29,261.41,658.569,1
11.5,0,630.964,728.103,1
11.5,1,376.4,747.436,1
11.5,2,218.349,393.059,2
11.5,3,220.913,527.367,2
11.5,4,364.485,250.689,2
11.5,5,504.454,637.039,1
11.5,6,226.205,490.125,2
11.5,7,477.608,417.696,3
11.5,8,477.178,367.991,2
11.5,9,745.274,382.166,3
11.5,10,708.046,570.758,3
11.5,11,484.413,742.137,1
11.5,12,401.08,488.134,2
11.5,13,630.297,333.976,3
11.5,14,279.777,499.355,2
11.5,15,301.179,723.92,1
11.5,16,293.753,564.987,2
11.5,17,594.349,425.385,3
11.5,18,611.462,620.023,1
11.5,19,380.629,691.333,1
11.5,20,446.153,286.167,2
11.5,21,487.653,253.338,3
11.5,22,459.839,774.354,1
11.5,23,518.258,693.638,1
11.5,24,501.707,318.469,2
11.5,25,696.826,360.067,3
11.5,26,272.121,707.526,1
11.5,27,504.267,722.968,1
11.5,28,282.854,445.783,2
11.5,29,260.327,659.607,1
12,0,631.452,729.522,1
12,1,377.431,748.525,1
12,2,216.941,393.576,2
12,3,222.408,527.249,2
12,4,362.996,250.871,2
12,5,503.141,637.764,1
12,6,226.009,488.637,2
12,7,476.11,417.777,3
12,8,478.599,367.512,2
12,9,746.533,382.981,3
12,10,709.209,569.811,3
12,11,485.894,741.899,1
12,12,399.692,487.564,2
12,13,631.642,333.313,3
12,14,279.584,500.843,2
12,15,301.6,725.359,1
12,16,294.852,566.008,2
12,17,592.922,425.849,3
12,18,610.262,619.123,1
12,19,380.46,692.823,1
12,20,445.338,284.908,2
12,21,486.78,254.559,3
12,22,458.341,774.44,1
12,23,519.299,692.557,1
12,24,502.552,319.708,2
12,25,698.288,360.403,3
12,26,271.292,708.777,1
12,27,502.767,722.996,1
12,28,283.893,444.701,2
12,29,259.244,660.645,1
12.5,0,631.94,730.94,1
12.5,1,378.462,749.615,1
12.5,2,215.533,394.093,2
12.5,3,223.904,527.131,2
12.5,4,361.507,251.054,2
12.5,5,501.827,638.489,1
12.5,6,225.814,487.15,2
12.5,7,474.612,417.857,3
12.5,8,480.021,367.034,2
12.5,9,747.792,383.795,3
12.5,10,710.372,568.864,3
12.5,11,487.376,741.662,1
12.5,12,398.305,486.993,2
12.5,13,632.988,332.65,3
12.5,14,279.392,502.33,2
12.5,15,302.02,726.799,1
12.5,16,295.95,567.029,2
12.5,17,591.496,426.314,3
12.5,18,609.062,618.223,1
12.5,19,380.291,694.314,1
12.5,20,444.523,283.649,2
12.5,21,485.908,255.779,3
12.5,22,456.844,774.526,1
12.5,23,520.339,691.477,1
12.5,24,503.398,320.947,2
12.5,25,699.75,360.74,3
12.5,26,270.464,710.028,1
12.5,27,501.267,723.024,1
12.5,28,284.932,443.619,2
12.5,29,258.161,661.683,1
13,0,632.429,732.358,1
13,1,379.493,750.705,1
13,2,214.125,394.61,2
13,3,225.399,527.013,2
13,4,360.018,251.236,2
13,5,500.514,639.214,1
13,6,225.618,485.663,2
13,7,473.114,417.938,3
13,8,481.443,366.556,2
13,9,749.052,384.61,3
13,10,711.535,567.916,3
13,11,488.857,741.425,1
13,12,396.918,486.423,2
13,13,634.333,331.986,3
13,14,279.199,503.818,2
13,15,302.441,728.239,1
13,16,297.049,568.05,2
13,17,590.07,426.779,3
13,18,607.862,617.323,1
13,19,380.122,695.804,1
13,20,443.707,282.39,2
13,21,485.036,256.999,3
13,22,455.346,774.612,1
13,23,521.379,690.396,1
13,24,504.244,322.186,2
13,25,701.212,361.076,3
13,26,269.636,711.278,1
13,27,499.768,723.052,1
13,28,285.971,442.538,2
13,29,257.078,662.721,1
13.5,0,632.917,733.777,1
13.5,1,380.524,751.794,1
13.5,2,212.717,395.128,2
13.5,3,226.894,526.895,2
13.5,4,358.529,251.418,2
13.5,5,499.201,639.939,1
13.5,6,225.423,484.176,2
13.5,7,471.616,418.018,3
13.5,8,482.864,366.077,2
13.5,9,750.311,385.425,3
13.5,10,712.698,566.969,3
13.5,11,490.338,741.187,1
13.5,12,395.53,485.853,2
13.5,13,635.679,331.323,3
13.5,14,279.007,505.306,2
13.5,15,302.861,729.679,1
13.5,16,298.147,569.072,2
13.5,17,588.644,427.244,3
13.5,18,606.662,616.423,1
13.5,19,379.953,697.295,1
13.5,20,442.892,281.131,2
13.5,21,484.164,258.22,3
13.5,22,453.849,774.698,1
13.5,23,522.42,689.315,1
13.5,24,505.089,323.425,2
13.5,25,702.673,361.413,3
13.5,26,268.807,712.529,1
13.5,27,498.268,723.08,1
13.5,28,287.01,441.456,2
13.5,29,255.995,663.759,1
14,0,633.405,735.195,1
14,1,381.555,752.884,1
14,2,211.309,395.645,2
14,3,228.39,526.777,2
14,4,357.04,251.601,2
14,5,497.888,640.664,1
14,6,225.227,482.688,2
14,7,470.119,418.099,3
14,8,484.286,365.599,2
14,9,751.571,386.24,3
14,10,713.861,566.021,3
14,11,491.819,740.95,1
14,12,394.143,485.282,2
14,13,637.024,330.66,3
14,14,278.814,506.793,2
14,15,303.281,731.119,1
14,16,299.246,570.093,2
14,17,587.218,427.709,3
14,18,605.462,615.523,1
14,19,379.784,698.785,1
14,20,442.077,279.872,2
14,21,483.291,259.44,3
14,22,452.351,774.784,1
14,23,523.46,688.235,1
14,24,505.935,324.664,2
14,25,704.135,361.749,3
14,26,267.979,713.779,1
14,27,496.768,723.108,1
14,28,288.049,440.374,2
14,29,254.912,664.797,1
14.5,0,633.893,736.613,1
14.5,1,382.585,753.974,1
14.5,2,209.901,396.162,2
14.5,3,229.885,526.659,2
14.5,4,355.551,251.783,2
14.5,5,496.575,641.39,1
14.5,6,225.032,481.201,2
14.5,7,468.621,418.18,3
14.5,8,485.708,365.121,2
14.5,9,752.83,387.055,3
14.5,10,715.024,565.074,3
14.5,11,493.3,740.712,1
14.5,12,392.756,484.712,2
14.5,13,638.369,329.997,3
14.5,14,278.621,508.281,2
14.5,15,303.702,732.559,1
14.5,16,300.345,571.114,2
14.5,17,585.792,428.173,3
14.5,18,604.262,614.623,1
14.5,19,379.615,700.275,1
14.5,20,441.261,278.613,2
14.5,21,482.419,260.66,3
14.5,22,450.853,774.871,1
14.5,23,524.5,687.154,1
14.5,24,506.781,325.903,2
14.5,25,705.597,362.086,3
14.5,26,267.15,715.03,1
14.5,27,495.268,723.136,1
14.5,28,289.088,439.292,2
14.5,29,253.829,665.835,1
15,0,634.381,738.032,1
15,1,383.616,755.063,1
15,2,208.493,396.679,2
15,3,231.381,526.541,2
15,4,354.063,251.966,2
15,5,495.262,642.115,1
15,6,224.837,479.714,2
15,7,467.123,418.26,3
15,8,487.13,364.642,2
15,9,754.089,387.87,3
15,10,716.187,564.127,3
15,11,494.781,740.475,1
15,12,391.369,484.141,2
15,13,639.715,329.333,3
15,14,278.429,509.768,2
15,15,304.122,733.999,1
15,16,301.443,572.136,2
15,17,584.365,428.638,3
15,18,603.062,613.723,1
15,19,379.445,701.766,1
15,20,440.446,277.354,2
15,21,481.547,261.881,3
15,22,449.356,774.957,1
15,23,525.541,686.073,1
15,24,507.626,327.142,2
15,25,707.059,362.423,3
15,26,266.322,716.28,1
15,27,493.769,723.164,1
15,28,290.127,438.21,2
15,29,252.746,666.873,1
15.5,0,634.87,739.45,1
15.5,1,384.647,756.153,1
15.5,2,207.085,397.197,2
15.5,3,232.876,526.423,2
15.5,4,352.574,252.148,2
15.5,5,493.949,642.84,1
15.5,6,224.641,478.227,2
15.5,7,465.625,418.341,3
15.5,8,488.551,364.164,2
15.5,9,755.349,388.685,3
15.5,10,717.35,563.179,3
15.5,11,496.262,740.237,1
15.5,12,389.981,483.571,2
15.5,13,641.06,328.67,3
15.5,14,278.236,511.256,2
15.5,15,304.543,735.439,1
15.5,16,302.542,573.157,2
15.5,17,582.939,429.103,3
15.5,18,601.862,612.823,1
15.5,19,379.276,703.256,1
15.5,20,439.631,276.095,2
15.5,21,480.675,263.101,3
15.5,22,447.858,775.043,1
15.5,23,526.581,684.993,1
15.5,24,508.472,328.381,2
15.5,25,708.52,362.759,3
15.5,26,265.494,717.531,1
15.5,27,492.269,723.192,1
15.5,28,291.166,437.129,2
15.5,29,251.663,667.911,1
16,0,635.358,740.868,1
16,1,385.678,757.242,1
16,2,205.677,397.714,2
16,3,234.371,526.305,2
16,4,351.085,252.33,2
16,5,492.636,643.565,1
16,6,224.446,476.74,2
16,7,464.127,418.421,3
16,8,489.973,363.686,2
16,9,756.608,389.5,3
16,10,718.513,562.232,3
16,11,497.743,740,1
16,12,388.594,483.001,2
16,13,642.406,328.007,3
16,14,278.043,512.744,2
16,15,304.963,736.879,1
16,16,303.641,574.178,2
16,17,581.513,429.568,3
16,18,600.662,611.923,1
16,19,379.107,704.747,1
16,20,438.815,274.835,2
16,21,479.803,264.321,3
16,22,446.361,775.129,1
16,23,527.621,683.912,1
16,24,509.318,329.62,2
16,25,709.982,363.096,3
16,26,264.665,718.781,1
16,27,490.769,723.22,1
16,28,292.205,436.047,2
16,29,250.581,668.949,1
16.5,0,635.846,742.287,1
16.5,1,386.709,758.332,1
16.5,2,204.269,398.231,2
16.5,3,235.867,526.186,2
16.5,4,349.596,252.513,2
16.5,5,491.323,644.29,1
16.5,6,224.25,475.252,2
16.5,7,462.629,418.502,3
16.5,8,491.395,363.207,2
16.5,9,757.867,390.315,3
16.5,10,719.676,561.285,3
16.5,11,499.224,739.763,1
16.5,12,387.207,482.43,2
16.5,13,643.751,327.343,3
16.5,14,277.851,514.231,2
16.5,15,305.383,738.318,1
16.5,16,304.739,575.199,2
16.5,17,580.087,430.032,3
16.5,18,599.462,611.023,1
16.5,19,378.938,706.237,1
16.5,20,438,273.576,2
16.5,21,478.93,265.542,3
16.5,22,444.863,775.215,1
16.5,23,528.661,682.832,1
16.5,24,510.163,330.858,2
16.5,25,711.444,363.432,3
16.5,26,263.837,720.032,1
16.5,27,489.269,723.248,1
16.5,28,293.245,434.965,2
16.5,29,249.498,669.986,1
17,0,636.334,743.705,1
17,1,387.74,759.422,1
17,2,202.861,398.748,2
17,3,237.362,526.068,2
17,4,348.107,252.695,2
17,5,490.009,645.015,1
17,6,224.055,473.765,2
17,7,461.132,418.583,3
17,8,492.816,362.729,2
17,9,759.127,391.13,3
17,10,720.839,560.337,3
17,11,500.705,739.525,1
17,12,385.819,481.86,2
17,13,645.096,326.68,3
17,14,277.658,515.719,2
17,15,305.804,739.758,1
17,16,305.838,576.221,2
17,17,578.661,430.497,3
17,18,598.262,610.123,1
17,19,378.769,707.728,1
17,20,437.185,272.317,2
17,21,478.058,266.762,3
17,22,443.366,775.301,1
17,23,529.702,681.751,1
17,24,511.009,332.097,2
17,25,712.906,363.769,3
17,26,263.008,721.282,1
17,27,487.77,723.276,1
17,28,294.284,433.883,2
17,29,248.415,671.024,1
17.5,0,636.822,745.123,1
17.5,1,388.771,760.511,1
17.5,2,201.453,399.266,2
17.5,3,238.857,525.95,2
17.5,4,346.618,252.877,2
17.5,5,488.696,645.74,1
17.5,6,223.86,472.278,2
17.5,7,459.634,418.663,3
17.5,8,494.238,362.251,2
17.5,9,760.386,391.944,3
17.5,10,722.002,559.39,3
17.5,11,502.186,739.288,1
17.5,12,384.432,481.289,2
17.5,13,646.442,326.017,3
17.5,14,277.466,517.206,2
17.5,15,306.224,741.198,1
17.5,16,306.937,577.242,2
17.5,17,577.235,430.962,3
17.5,18,597.062,609.223,1
17.5,19,378.6,709.218,1
17.5,20,436.369,271.058,2
17.5,21,477.186,267.982,3
17.5,22,441.868,775.387,1
17.5,23,530.742,680.67,1
17.5,24,511.855,333.336,2
17.5,25,714.368,364.105,3
17.5,26,262.18,722.533,1
17.5,27,486.27,723.304,1
17.5,28,295.323,432.801,2
17.5,29,247.332,672.062,1
18,0,637.311,746.542,1
18,1,389.802,761.601,1
18,2,201.552,398.274,2
18,3,240.353,525.832,2
18,4,345.129,253.06,2
18,5,487.383,646.465,1
18,6,223.664,470.791,2
18,7,458.136,418.744,3
18,8,495.66,361.772,2
18,9,761.645,392.759,3
18,10,723.165,558.442,3
18,11,503.668,739.05,1
18,12,383.045,480.719,2
18,13,647.787,325.354,3
18,14,277.273,518.694,2
18,15,306.645,742.638,1
18,16,308.035,578.263,2
18,17,575.808,431.427,3
18,18,595.862,608.323,1
18,19,378.431,710.709,1
18,20,435.554,269.799,2
18,21,476.314,269.203,3
18,22,440.371,775.473,1
18,23,531.782,679.59,1
18,24,512.7,334.575,2
18,25,715.829,364.442,3
18,26,261.352,723.783,1
18,27,484.77,723.332,1
18,28,296.362,431.72,2
18,29,246.249,673.1,1
18.5,0,637.799,747.96,1
18.5,1,390.833,762.69,1
18.5,2,201.871,396.808,2
18.5,3,241.848,525.714,2
18.5,4,343.64,253.242,2
18.5,5,486.07,647.19,1
18.5,6,223.469,469.304,2
18.5,7,456.638,418.824,3
18.5,8,497.081,361.294,2
18.5,9,762.905,393.574,3
18.5,10,724.327,557.495,3
18.5,11,505.149,738.813,1
18.5,12,381.657,480.148,2
18.5,13,649.133,324.69,3
18.5,14,277.08,520.181,2
18.5,15,307.065,744.078,1
18.5,16,309.134,579.284,2
18.5,17,574.382,431.892,3
18.5,18,594.662,607.423,1
18.5,19,378.262,712.199,1
18.5,20,434.739,268.54,2
18.5,21,475.441,270.423,3
18.5,22,438.873,775.559,1
18.5,23,532.823,678.509,1
18.5,24,513.546,335.814,2
18.5,25,717.291,364.778,3
18.5,26,260.523,725.034,1
18.5,27,483.271,723.36,1
18.5,28,297.401,430.638,2
18.5,29,245.166,674.138,1
19,0,638.287,749.378,1
19,1,391.863,763.78,1
19,2,202.191,395.343,2
19,3,243.343,525.596,2
19,4,342.152,253.425,2
19,5,484.757,647.915,1
19,6,223.273,467.816,2
19,7,455.14,418.905,3
19,8,498.503,360.816,2
19,9,764.164,394.389,3
19,10,725.49,556.548,3
19,11,506.63,738.575,1
19,12,380.27,479.578,2
19,13,650.478,324.027,3
19,14,276.888,521.669,2
19,15,307.485,745.518,1
19,16,310.232,580.306,2
19,17,572.956,432.356,3
19,18,593.462,606.523,1
19,19,378.093,713.689,1
19,20,433.923,267.281,2
19,21,474.569,271.643,3
19,22,437.376,775.645,1
19,23,533.863,677.428,1
19,24,514.392,337.053,2
19,25,718.753,365.115,3
19,26,259.695,726.284,1
19,27,481.771,723.388,1
19,28,298.44,429.556,2
19,29,244.083,675.176,1
19.5,0,638.775,750.796,1
19.5,1,392.894,764.87,1
19.5,2,202.511,393.877,2
19.5,3,244.839,525.478,2
19.5,4,340.663,253.607,2
19.5,5,483.444,648.64,1
19.5,6,223.078,466.329,2
19.5,7,453.642,418.985,3
19.5,8,499.925,360.337,2
19.5,9,765.423,395.204,3
19.5,10,726.653,555.6,3
19.5,11,508.111,738.338,1
19.5,12,378.883,479.008,2
19.5,13,651.823,323.364,3
19.5,14,276.695,523.157,2
19.5,15,307.906,746.958,1
19.5,16,311.331,581.327,2
19.5,17,571.53,432.821,3
19.5,18,592.262,605.623,1
19.5,19,377.924,715.18,1
19.5,20,433.108,266.022,2
19.5,21,473.697,272.864,3
19.5,22,435.878,775.731,1
19.5,23,534.903,676.348,1
19.5,24,515.237,338.292,2
19.5,25,720.215,365.451,3
19.5,26,258.867,727.535,1
19.5,27,480.271,723.416,1
19.5,28,299.479,428.474,2
19.5,29,243,676.214,1
20,0,639.263,752.215,1
20,1,393.925,765.959,1
20,2,202.831,392.412,2
20,3,246.334,525.36,2
20,4,339.174,253.789,2
20,5,482.131,649.365,1
20,6,222.882,464.842,2
20,7,452.145,419.066,3
20,8,501.346,359.859,2
20,9,766.683,396.019,3
20,10,727.816,554.653,3
20,11,509.592,738.101,1
20,12,377.495,478.437,2
20,13,653.169,322.701,3
20,14,276.502,524.644,2
20,15,308.326,748.398,1
20,16,312.43,582.348,2
20,17,570.104,433.286,3
20,18,591.062,604.723,1
20,19,377.754,716.67,1
20,20,432.293,264.763,2
20,21,472.825,274.084,3
20,22,434.381,775.817,1
20,23,535.944,675.267,1
20,24,516.083,339.531,2
20,25,721.676,365.788,3
20,26,258.038,728.785,1
20,27,478.771,723.444,1
20,28,300.518,427.392,2
20,29,241.917,677.252,1
20.5,0,639.752,753.633,1
20.5,1,394.956,767.049,1
20.5,2,203.151,390.946,2
20.5,3,247.829,525.242,2
20.5,4,337.685,253.972,2
20.5,5,480.818,650.09,1
20.5,6,222.687,463.355,2
20.5,7,450.647,419.147,3
20.5,8,502.768,359.381,2
20.5,9,767.942,396.834,3
20.5,10,728.979,553.706,3
20.5,11,511.073,737.863,1
20.5,12,376.108,477.867,2
20.5,13,654.514,322.037,3
20.5,14,276.31,526.132,2
20.5,15,308.747,749.837,1
20.5,16,313.528,583.37,2
20.5,17,568.678,433.751,3
20.5,18,589.862,603.823,1
20.5,19,377.585,718.161,1
20.5,20,431.477,263.504,2
20.5,21,471.952,275.304,3
20.5,22,432.883,775.903,1
20.5,23,536.984,674.187,1
20.5,24,516.928,340.77,2
20.5,25,723.138,366.124,3
20.5,26,257.21,730.036,1
20.5,27,477.272,723.472,1
20.5,28,301.557,426.311,2
20.5,29,240.834,678.29,1
21,0,640.24,755.051,1
21,1,395.987,768.139,1
21,2,203.471,389.481,2
21,3,249.325,525.124,2
21,4,336.196,254.154,2
21,5,479.504,650.816,1
21,6,222.492,461.867,2
21,7,449.149,419.227,3
21,8,504.19,358.902,2
21,9,769.201,397.649,3
21,10,730.142,552.758,3
21,11,512.554,737.626,1
21,12,374.721,477.296,2
21,13,655.859,321.374,3
21,14,276.117,527.619,2
21,15,309.167,751.277,1
21,16,314.627,584.391,2
21,17,567.251,434.216,3
21,18,588.662,602.923,1
21,19,377.416,719.651,1
21,20,430.662,262.245,2
21,21,471.08,276.525,3
21,22,431.386,775.989,1
21,23,538.024,673.106,1
21,24,517.774,342.009,2
21,25,724.6,366.461,3
21,26,256.381,731.286,1
21,27,475.772,723.5,1
21,28,302.596,425.229,2
21,29,239.751,679.328,1
21.5,0,640.728,756.47,1
21.5,1,397.018,769.228,1
21.5,2,203.791,388.015,2
21.5,3,250.82,525.006,2
21.5,4,334.707,254.337,2
21.5,5,478.191,651.541,1
21.5,6,222.296,460.38,2
21.5,7,447.651,419.308,3
21.5,8,505.612,358.424,2
21.5,9,770.461,398.464,3
21.5,10,731.305,551.811,3
21.5,11,514.035,737.388,1
21.5,12,373.334,476.726,2
21.5,13,657.205,320.711,3
21.5,14,275.925,529.107,2
21.5,15,309.587,752.717,1
21.5,16,315.726,585.412,2
21.5,17,565.825,434.68,3
21.5,18,587.462,602.023,1
21.5,19,377.247,721.142,1
21.5,20,429.847,260.986,2
21.5,21,470.208,277.745,3
21.5,22,429.888,776.076,1
21.5,23,539.065,672.025,1
21.5,24,518.62,343.247,2
21.5,25,726.062,366.797,3
21.5,26,255.553,732.537,1
21.5,27,474.272,723.528,1
21.5,28,303.636,424.147,2
21.5,29,238.668,680.366,1
22,0,641.216,757.888,1
22,1,398.049,770.318,1
22,2,204.11,386.55,2
22,3,252.315,524.888,2
22,4,333.218,254.519,2
22,5,476.878,652.266,1
22,6,222.101,458.893,2
22,7,446.153,419.388,3
22,8,507.033,357.946,2
22,9,771.72,399.279,3
22,10,732.468,550.863,3
22,11,515.516,737.151,1
22,12,371.946,476.156,2
22,13,658.55,320.048,3
22,14,275.732,530.594,2
22,15,310.008,754.157,1
22,16,316.824,586.433,2
22,17,564.399,435.145,3
22,18,586.262,601.123,1
22,19,377.078,722.632,1
22,20,429.031,259.727,2
22,21,469.336,278.965,3
22,22,428.391,776.162,1
22,23,540.105,670.945,1
22,24,519.465,344.486,2
22,25,727.523,367.134,3
22,26,254.725,733.787,1
22,27,472.772,723.556,1
22,28,304.675,423.065,2
22,29,237.585,681.403,1
22.5,0,641.705,759.306,1
22.5,1,399.08,771.407,1
22.5,2,204.43,385.084,2
22.5,3,253.811,524.77,2
22.5,4,331.729,254.701,2
22.5,5,475.565,652.991,1
22.5,6,221.905,457.406,2
22.5,7,444.655,419.469,3
22.5,8,508.455,357.467,2
22.5,9,772.979,400.093,3
22.5,10,733.631,549.916,3
22.5,11,516.997,736.913,1
22.5,12,370.559,475.585,2
22.5,13,659.896,319.384,3
22.5,14,275.539,532.082,2
22.5,15,310.428,755.597,1
22.5,16,317.923,587.455,2
22.5,17,562.973,435.61,3
22.5,18,585.062,600.223,1
22.5,19,376.909,724.123,1
22.5,20,428.216,258.468,2
22.5,21,468.464,280.186,3
22.5,22,426.893,776.248,1
22.5,23,541.145,669.864,1
22.5,24,520.311,345.725,2
22.5,25,728.985,367.47,3
22.5,26,253.896,735.038,1
22.5,27,471.273,723.584,1
22.5,28,305.714,421.983,2
22.5,29,236.502,682.441,1
23,0,642.193,760.725,1
23,1,400.111,772.497,1
23,2,204.75,383.619,2
23,3,255.306,524.652,2
23,4,330.241,254.884,2
23,5,474.252,653.716,1
23,6,221.71,455.919,2
23,7,443.158,419.55,3
23,8,509.877,356.989,2
23,9,774.239,400.908,3
23,10,734.794,548.969,3
23,11,518.478,736.676,1
23,12,369.172,475.015,2
23,13,661.241,318.721,3
23,14,275.347,533.57,2
23,15,310.849,757.037,1
23,16,319.022,588.476,2
23,17,561.547,436.075,3
23,18,583.862,599.323,1
23,19,376.74,725.613,1
23,20,427.401,257.209,2
23,21,467.591,281.406,3
23,22,425.395,776.334,1
23,23,542.185,668.783,1
23,24,521.157,346.964,2
23,25,730.447,367.807,3
23,26,253.068,736.288,1
23,27,469.773,723.612,1
23,28,306.753,420.902,2
23,29,235.419,683.479,1
23.5,0,642.681,762.143,1
23.5,1,401.141,773.587,1
23.5,2,205.07,382.153,2
23.5,3,256.801,524.534,2
23.5,4,328.752,255.066,2
23.5,5,472.939,654.441,1
23.5,6,221.515,454.431,2
23.5,7,441.66,419.63,3
23.5,8,511.298,356.511,2
23.5,9,775.498,401.723,3
23.5,10,735.957,548.021,3
23.5,11,519.96,736.439,1
23.5,12,367.784,474.444,2
23.5,13,662.586,318.058,3
23.5,14,275.154,535.057,2
23.5,15,311.269,758.477,1
23.5,16,320.12,589.497,2
23.5,17,560.121,436.54,3
23.5,18,582.662,598.423,1
23.5,19,376.571,727.103,1
23.5,20,426.586,255.949,2
23.5,21,466.719,282.626,3
23.5,22,423.898,776.42,1
23.5,23,543.226,667.703,1
23.5,24,522.002,348.203,2
23.5,25,731.909,368.144,3
23.5,26,252.24,737.539,1
23.5,27,468.273,723.64,1
23.5,28,307.792,419.82,2
23.5,29,234.337,684.517,1
24,0,643.169,763.561,1
24,1,402.172,774.676,1
24,2,205.39,380.688,2
24,3,258.297,524.416,2
24,4,327.263,255.248,2
24,5,471.626,655.166,1
24,6,221.319,452.944,2
24,7,440.162,419.711,2
24,8,512.72,356.032,2
24,9,776.757,402.538,3
24,10,737.12,547.074,3
24,11,521.441,736.201,1
24,12,366.397,473.874,2
24,13,663.932,317.395,3
24,14,274.961,536.545,2
24,15,311.689,759.917,1
24,16,321.219,590.518,2
24,17,558.694,437.004,3
24,18,581.462,597.523,1
24,19,376.402,728.594,1
24,20,425.77,254.69,2
24,21,465.847,283.847,2
24,22,422.4,776.506,1
24,23,544.266,666.622,1
24,24,522.848,349.442,2
24,25,733.37,368.48,3
24,26,251.411,738.789,1
24,27,466.773,723.668,1
24,28,308.831,418.738,2
24,29,233.254,685.555,1
24.5,0,643.657,764.98,1
24.5,1,403.203,775.766,1
24.5,2,205.71,379.222,2
24.5,3,259.792,524.298,2
24.5,4,325.774,255.431,2
24.5,5,470.313,655.891,1
24.5,6,221.124,451.457,2
24.5,7,438.664,419.791,2
24.5,8,514.142,355.554,2
24.5,9,778.017,403.353,3
24.5,10,738.283,546.127,3
24.5,11,522.922,735.964,1
24.5,12,365.01,473.304,2
24.5,13,665.277,316.731,3
24.5,14,274.769,538.032,2
24.5,15,312.11,761.357,1
24.5,16,322.317,591.54,2
24.5,17,557.268,437.469,3
24.5,18,580.262,596.623,1
24.5,19,376.233,730.084,1
24.5,20,424.955,253.431,2
24.5,21,464.975,285.067,2
24.5,22,420.903,776.592,1
24.5,23,545.306,665.541,1
24.5,24,523.694,350.681,2
24.5,25,734.832,368.817,3
24.5,26,250.583,740.04,1
24.5,27,465.274,723.696,1
24.5,28,309.87,417.656,2
24.5,29,232.171,686.593,1
25,0,644.146,766.398,1
25,1,404.234,776.856,1
25,2,206.03,377.757,2
25,3,261.287,524.18,2
25,4,324.285,255.613,2
25,5,469,656.616,1
25,6,220.928,449.97,2
25,7,437.166,419.872,2
25,8,515.563,355.076,2
25,9,779.276,404.168,3
25,10,739.446,545.179,3
25,11,524.403,735.726,1
25,12,363.622,472.733,2
25,13,666.623,316.068,3
25,14,274.576,539.52,2
25,15,312.53,762.796,1
25,16,323.416,592.561,2
25,17,555.842,437.934,3
25,18,579.062,595.723,1
25,19,376.063,731.575,1
25,20,424.14,252.172,2
25,21,464.102,286.287,2
25,22,419.405,776.678,1
25,23,546.347,664.461,1
25,24,524.539,351.92,2
25,25,736.294,369.153,3
25,26,249.754,741.29,1
25,27,463.774,723.724,1
25,28,310.909,416.575,2
25,29,231.088,687.631,1
25.5,0,644.634,767.816,1
25.5,1,405.265,777.945,1
25.5,2,206.35,376.291,2
25.5,3,262.783,524.062,2
25.5,4,322.796,255.796,2
25.5,5,467.686,657.341,1
25.5,6,220.733,448.482,2
25.5,7,435.668,419.953,2
25.5,8,516.985,354.597,2
25.5,9,780.535,404.983,3
25.5,10,740.609,544.232,3
25.5,11,525.884,735.489,1
25.5,12,362.235,472.163,2
25.5,13,667.968,315.405,3
25.5,14,274.384,541.008,2
25.5,15,312.951,764.236,1
25.5,16,324.515,593.582,2
25.5,17,554.416,438.399,3
25.5,18,577.862,594.823,1
25.5,19,375.894,733.065,1
25.5,20,423.324,250.913,2
25.5,21,463.23,287.508,2
25.5,22,417.908,776.764,1
25.5,23,547.387,663.38,1
25.5,24,525.385,353.159,2
25.5,25,737.756,369.49,3
25.5,26,248.926,742.541,1
25.5,27,462.274,723.752,1
25.5,28,311.948,415.493,2
25.5,29,230.005,688.669,1
26,0,645.122,769.235,1
26,1,406.296,779.035,1
26,2,206.669,374.826,2
26,3,264.278,523.944,2
26,4,321.307,255.978,2
26,5,466.373,658.066,1
26,6,220.537,446.995,2
26,7,434.171,420.033,2
26,8,518.407,354.119,2
26,9,781.795,405.798,3
26,10,741.772,543.284,3
26,11,527.365,735.251,1
26,12,360.848,471.592,2
26,13,669.313,314.741,3
26,14,274.191,542.495,2
26,15,313.371,765.676,1
26,16,325.613,594.604,2
26,17,552.99,438.864,3
26,18,576.662,593.923,1
26,19,375.725,734.556,1
26,20,422.509,249.654,2
26,21,462.358,288.728,2
26,22,416.41,776.85,1
26,23,548.427,662.3,1
26,24,526.231,354.398,2
26,25,739.217,369.826,3
26,26,248.098,743.791,1
26,27,460.774,723.78,1
26,28,312.987,414.411,2
26,29,228.922,689.707,1
26.5,0,645.61,770.653,1
26.5,1,407.327,780.124,1
26.5,2,206.989,373.36,2
26.5,3,265.774,523.826,2
26.5,4,319.819,256.16,2
26.5,5,465.06,658.791,1
26.5,6,220.342,445.508,2
26.5,7,432.673,420.114,2
26.5,8,519.828,353.641,2
26.5,9,783.054,406.613,3
26.5,10,742.935,542.337,3
26.5,11,528.846,735.014,1
26.5,12,359.46,471.022,2
26.5,13,670.659,314.078,3
26.5,14,273.998,543.983,2
26.5,15,313.791,767.116,1
26.5,16,326.712,595.625,2
26.5,17,551.563,439.328,3
26.5,18,575.462,593.023,1
26.5,19,375.556,736.046,1
26.5,20,421.694,248.395,2
26.5,21,461.486,289.949,2
26.5,22,414.913,776.936,1
26.5,23,549.468,661.219,1
26.5,24,527.076,355.637,2
26.5,25,740.679,370.163,3
26.5,26,247.269,745.042,1
26.5,27,459.275,723.808,1
26.5,28,314.027,413.329,2
26.5,29,227.839,690.745,1
27,0,646.098,772.071,1
27,1,408.358,781.214,1
27,2,207.309,371.895,2
27,3,267.269,523.708,2
27,4,318.33,256.343,2
27,5,463.747,659.516,1
27,6,220.147,444.021,2
27,7,431.175,420.194,2
27,8,521.25,353.162,2
27,9,784.313,407.428,3
27,10,744.098,541.39,3
27,11,530.327,734.777,1
27,12,358.073,470.451,2
27,13,672.004,313.415,3
27,14,273.806,545.47,2
27,15,314.212,768.556,1
27,16,327.811,596.646,2
27,17,550.137,439.793,3
27,18,574.262,592.123,1
27,19,375.387,737.536,1
27,20,420.878,247.136,2
27,21,460.614,291.169,2
27,22,413.415,777.022,1
27,23,550.508,660.138,1
27,24,527.922,356.875,2
27,25,742.141,370.499,3
27,26,246.441,746.292,1
27,27,457.775,723.836,1
27,28,315.066,412.247,2
27,29,226.756,691.782,1
27.5,0,646.587,773.49,1
27.5,1,409.389,782.304,1
27.5,2,207.629,370.429,2
27.5,3,268.764,523.59,2
27.5,4,316.841,256.525,2
27.5,5,462.434,660.242,1
27.5,6,219.951,442.534,2
27.5,7,429.677,420.275,2
27.5,8,522.672,352.684,2
27.5,9,785.573,408.242,3
27.5,10,745.261,540.442,3
27.5,11,531.808,734.539,1
27.5,12,356.686,469.881,2
27.5,13,673.35,312.752,3
27.5,14,273.613,546.958,2
27.5,15,314.632,769.996,1
27.5,16,328.909,597.667,2
27.5,17,548.711,440.258,3
27.5,18,573.062,591.223,1
27.5,19,375.218,739.027,1
27.5,20,420.063,245.877,2
27.5,21,459.741,292.389,2
27.5,22,411.918,777.108,1
27.5,23,551.548,659.058,1
27.5,24,528.768,358.114,2
27.5,25,743.603,370.836,3
27.5,26,245.613,747.543,1
27.5,27,456.275,723.864,1
27.5,28,316.105,411.166,2
27.5,29,225.673,692.82,1
28,0,647.075,774.908,1
28,1,410.419,783.393,1
28,2,207.949,368.964,2
28,3,270.26,523.472,2
28,4,315.352,256.708,2
28,5,461.121,660.967,1
28,6,219.756,441.046,2
28,7,428.179,420.356,2
28,8,524.093,352.206,2
28,9,786.832,409.057,3
28,10,746.424,539.495,3
28,11,533.289,734.302,1
28,12,355.298,469.311,2
28,13,674.695,312.088,3
28,14,273.42,548.445,2
28,15,315.053,771.436,1
28,16,330.008,598.689,2
28,17,547.285,440.723,3
28,18,571.862,590.323,1
28,19,375.049,740.517,1
28,20,419.248,244.618,2
28,21,458.869,293.61,2
28,22,410.42,777.194,1
28,23,552.588,657.977,1
28,24,529.613,359.353,2
28,25,745.065,371.172,3
28,26,244.784,748.794,1
28,27,454.775,723.892,1
28,28,317.144,410.084,2
28,29,224.59,693.858,1
28.5,0,647.563,776.326,1
28.5,1,411.45,784.483,1
28.5,2,208.269,367.498,2
28.5,3,271.755,523.354,2
28.5,4,313.863,256.89,2
28.5,5,459.808,661.692,1
28.5,6,219.56,439.559,2
28.5,7,426.681,420.436,2
28.5,8,525.515,351.727,2
28.5,9,788.091,409.872,3
28.5,10,747.587,538.548,3
28.5,11,534.77,734.064,1
28.5,12,353.911,468.74,2
28.5,13,676.04,311.425,3
28.5,14,273.228,549.933,2
28.5,15,315.473,772.876,1
28.5,16,331.107,599.71,2
28.5,17,545.859,441.188,3
28.5,18,570.662,589.423,1
28.5,19,374.88,742.008,1
28.5,20,418.432,243.359,2
28.5,21,457.997,294.83,2
28.5,22,408.923,777.28,1
28.5,23,553.629,656.896,1
28.5,24,530.459,360.592,2
28.5,25,746.526,371.509,3
28.5,26,243.956,750.044,1
28.5,27,453.276,723.92,1
28.5,28,318.183,409.002,2
28.5,29,223.507,694.896,1
29,0,648.051,777.745,1
29,1,412.481,785.572,1
29,2,208.589,366.033,2
29,3,273.25,523.235,2
29,4,312.374,257.072,2
29,5,458.495,662.417,1
29,6,219.365,438.072,2
29,7,425.184,420.517,2
29,8,526.937,351.249,2
29,9,789.351,410.687,3
29,10,748.75,537.6,3
29,11,536.252,733.827,1
29,12,352.524,468.17,2
29,13,677.386,310.762,3
29,14,273.035,551.421,2
29,15,315.893,774.315,1
29,16,332.205,600.731,2
29,17,544.433,441.652,3
29,18,569.462,588.523,1
29,19,374.711,743.498,1
29,20,417.617,242.1,2
29,21,457.125,296.05,2
29,22,407.425,777.367,1
29,23,554.669,655.816,1
29,24,531.305,361.831,2
29,25,747.988,371.845,3
29,26,243.127,751.295,1
29,27,451.776,723.948,1
29,28,319.222,407.92,2
29,29,222.424,695.934,1
29.5,0,648.539,779.163,1
29.5,1,413.512,786.662,1
29.5,2,208.908,364.567,2
29.5,3,274.746,523.117,2
29.5,4,310.885,257.255,2
29.5,5,457.182,663.142,1
29.5,6,219.17,436.585,2
29.5,7,423.686,420.597,2
29.5,8,528.359,350.771,2
29.5,9,790.61,411.502,3
29.5,10,749.913,536.653,3
29.5,11,537.733,733.59,1
29.5,12,351.137,467.599,2
29.5,13,678.731,310.099,3
29.5,14,272.843,552.908,2
29.5,15,316.314,775.755,1
29.5,16,333.304,601.752,2
29.5,17,543.006,442.117,3
29.5,18,568.262,587.623,1
29.5,19,374.542,744.989,1
29.5,20,416.802,240.841,2
29.5,21,456.252,297.271,2
29.5,22,405.928,777.453,1
29.5,23,555.709,654.735,1
29.5,24,532.15,363.07,2
29.5,25,749.45,372.182,3
29.5,26,242.299,752.545,1
29.5,27,450.276,723.976,1
29.5,28,320.261,406.838,2
29.5,29,221.341,696.972,1
30,0,649.028,780.581,1
30,1,414.543,787.752,1
30,2,209.228,363.102,2
30,3,276.241,522.999,2
30,4,309.396,257.437,2
30,5,455.868,663.867,1
30,6,218.974,435.098,2
30,7,422.188,420.678,2
30,8,529.78,350.293,2
30,9,791.869,412.317,3
30,10,751.076,535.705,3
30,11,539.214,733.352,1
30,12,349.749,467.029,2
30,13,680.077,309.435,3
30,14,272.65,554.396,2
30,15,316.734,777.195,1
30,16,334.402,602.774,2
30,17,541.58,442.582,3
30,18,567.062,586.723,1
30,19,374.372,746.479,1
30,20,415.986,239.582,2
30,21,455.38,298.491,2
30,22,404.43,777.539,1
30,23,556.75,653.655,1
30,24,532.996,364.309,2
30,25,750.912,372.518,3
30,26,241.471,753.796,1
30,27,448.777,724.004,1
30,28,321.3,405.757,2
30,29,220.258,698.01,1
30.5,0,649.516,782,1
30.5,1,415.574,788.841,1
30.5,2,209.548,361.636,2
30.5,3,277.736,522.881,2
30.5,4,307.908,257.619,2
30.5,5,454.555,664.592,1
30.5,6,218.779,433.61,2
30.5,7,420.69,420.759,2
30.5,8,531.202,349.814,2
30.5,9,793.129,413.132,3
30.5,10,752.239,534.758,3
30.5,11,540.695,733.115,1
30.5,12,348.362,466.459,2
30.5,13,681.422,308.772,3
30.5,14,272.457,555.883,2
30.5,15,317.155,778.635,1
30.5,16,335.501,603.795,2
30.5,17,540.154,443.047,3
30.5,18,565.862,585.823,1
30.5,19,374.203,747.97,1
30.5,20,415.171,238.323,2
30.5,21,454.508,299.711,2
30.5,22,402.933,777.625,1
30.5,23,557.79,652.574,1
30.5,24,533.841,365.548,2
30.5,25,752.373,372.855,3
30.5,26,240.642,755.046,1
30.5,27,447.277,724.032,1
30.5,28,322.339,404.675,2
30.5,29,219.175,699.048,1
31,0,650.004,783.418,1
31,1,416.605,789.931,1
31,2,209.868,360.171,2
31,3,279.232,522.763,2
31,4,306.419,257.802,2
31,5,453.242,665.317,1
31,6,218.583,432.123,2
31,7,419.192,420.839,2
31,8,532.624,349.336,2
31,9,794.388,413.947,3
31,10,753.401,533.811,3
31,11,542.176,732.877,1
31,12,346.975,465.888,2
31,13,682.767,308.109,3
31,14,272.265,557.371,2
31,15,317.575,780.075,1
31,16,336.6,604.816,2
31,17,538.728,443.512,3
31,18,564.662,584.923,1
31,19,374.034,749.46,1
31,20,414.356,237.064,2
31,21,453.636,300.932,2
31,22,401.435,777.711,1
31,23,558.83,651.493,1
31,24,534.687,366.787,2
31,25,753.835,373.192,3
31,26,239.814,756.297,1
31,27,445.777,724.06,1
31,28,323.378,403.593,2
31,29,218.093,700.086,1
31.5,0,650.492,784.836,1
31.5,1,417.636,791.021,1
31.5,2,210.188,358.705,2
31.5,3,280.727,522.645,2
31.5,4,304.93,257.984,2
31.5,5,451.929,666.042,1
31.5,6,218.388,430.636,2
31.5,7,417.694,420.92,2
31.5,8,534.045,348.858,2
31.5,9,795.647,414.762,3
31.5,10,754.564,532.863,3
31.5,11,543.657,732.64,1
31.5,12,345.587,465.318,2
31.5,13,684.113,307.446,3
31.5,14,272.072,558.859,2
31.5,15,317.995,781.515,1
31.5,16,337.698,605.838,2
31.5,17,537.302,443.976,3
31.5,18,563.462,584.023,1
31.5,19,373.865,750.95,1
31.5,20,413.54,235.804,2
31.5,21,452.764,302.152,2
31.5,22,399.937,777.797,1
31.5,23,559.871,650.413,1
31.5,24,535.533,368.026,2
31.5,25,755.297,373.528,3
31.5,26,238.986,757.547,1
31.5,27,444.277,724.088,1
31.5,28,324.418,402.511,2
31.5,29,217.01,701.124,1
32,0,650.981,786.255,1
32,1,418.667,792.11,1
32,2,210.508,357.24,2
32,3,282.222,522.527,2
32,4,303.441,258.167,2
32,5,450.616,666.767,1
32,6,218.192,429.149,2
32,7,416.197,421,2
32,8,535.467,348.379,2
32,9,796.907,415.577,3
32,10,755.727,531.916,3
32,11,545.138,732.402,1
32,12,344.2,464.747,2
32,13,685.458,306.782,3
32,14,271.879,560.346,2
32,15,318.416,782.955,1
32,16,338.797,606.859,2
32,17,535.876,444.441,3
32,18,562.262,583.123,1
32,19,373.696,752.441,1
32,20,412.725,234.545,2
32,21,451.891,303.372,2
32,22,398.44,777.883,1
32,23,560.911,649.332,1
32,24,536.378,369.264,2
32,25,756.759,373.865,3
32,26,238.157,758.798,1
32,27,442.778,724.116,1
32,28,325.457,401.429,2
32,29,215.927,702.162,1
32.5,0,651.469,787.673,1
32.5,1,419.697,793.2,1
32.5,2,210.828,355.775,2
32.5,3,283.718,522.409,2
32.5,4,301.952,258.349,2
32.5,5,449.303,667.492,1
32.5,6,217.997,427.661,2
32.5,7,414.699,421.081,2
32.5,8,536.889,347.901,2
32.5,9,798.166,416.391,3
32.5,10,756.89,530.969,3
32.5,11,546.619,732.165,1
32.5,12,342.813,464.177,2
32.5,13,686.803,306.119,3
32.5,14,271.687,561.834,2
32.5,15,318.836,784.395,1
32.5,16,339.896,607.88,2
32.5,17,534.449,444.906,3
32.5,18,561.062,582.223,1
32.5,19,373.527,753.931,1
32.5,20,411.91,233.286,2
32.5,21,451.019,304.593,2
32.5,22,396.942,777.969,1
32.5,23,561.951,648.251,1
32.5,24,537.224,370.503,2
32.5,25,758.22,374.201,3
32.5,26,237.329,760.048,1
32.5,27,441.278,724.144,1
32.5,28,326.496,400.348,2
32.5,29,214.844,703.199,1
33,0,651.957,789.091,1
33,1,420.728,794.289,1
33,2,211.147,354.309,2
33,3,285.213,522.291,2
33,4,300.463,258.531,2
33,5,447.99,668.217,1
33,6,217.802,426.174,2
33,7,413.201,421.162,2
33,8,538.31,347.423,2
33,9,798.356,417.221,3
33,10,758.053,530.021,3
33,11,548.1,731.928,1
33,12,341.425,463.607,2
33,13,688.149,305.456,3
33,14,271.494,563.321,2
33,15,319.257,785.835,1
33,16,340.994,608.901,2
33,17,533.023,445.371,3
33,18,559.862,581.323,1
33,19,373.358,755.422,1
33,20,411.094,232.027,2
33,21,450.147,305.813,2
33,22,395.445,778.055,1
33,23,562.992,647.171,1
33,24,538.07,371.742,2
33,25,759.682,374.538,3
33,26,236.5,761.299,1
33,27,439.778,724.172,1
33,28,327.535,399.266,2
33,29,213.761,704.237,1
33.5,0,652.445,790.51,1
33.5,1,421.759,795.379,1
33.5,2,211.467,352.844,2
33.5,3,286.708,522.173,2
33.5,4,298.974,258.714,2
33.5,5,446.677,668.942,1
33.5,6,217.606,424.687,2
33.5,7,411.703,421.242,2
33.5,8,539.732,346.944,2
33.5,9,797.549,418.486,3
33.5,10,759.216,529.074,3
33.5,11,549.581,731.69,1
33.5,12,340.038,463.036,2
33.5,13,689.494,304.792,3
33.5,14,271.302,564.809,2
33.5,15,319.677,787.274,1
33.5,16,342.093,609.923,2
33.5,17,531.597,445.836,3
33.5,18,558.662,580.423,1
33.5,19,373.189,756.912,1
33.5,20,410.279,230.768,2
33.5,21,449.275,307.033,2
33.5,22,393.947,778.141,1
33.5,23,564.032,646.09,1
33.5,24,538.915,372.981,2
33.5,25,761.144,374.874,3
33.5,26,235.672,762.549,1
33.5,27,438.278,724.2,1
33.5,28,328.574,398.184,2
33.5,29,212.678,705.275,1
34,0,652.933,791.928,1
34,1,422.79,796.469,1
34,2,211.787,351.378,2
34,3,288.204,522.055,2
34,4,297.485,258.896,2
34,5,445.364,669.668,1
34,6,217.411,423.2,2
34,7,410.205,421.323,2
34,8,541.154,346.466,2
34,9,796.743,419.751,3
34,10,760.379,528.126,3
34,11,551.062,731.453,1
34,12,338.651,462.466,2
34,13,690.84,304.129,3
34,14,271.109,566.296,2
34,15,320.097,788.714,1
34,16,343.192,610.944,2
34,17,530.171,446.3,3
34,18,557.462,579.523,1
34,19,373.02,758.403,1
34,20,409.464,229.509,2
34,21,448.402,308.254,2
34,22,392.45,778.227,1
34,23,565.072,645.009,1
34,24,539.761,374.22,2
34,25,762.606,375.211,3
34,26,234.844,763.8,1
34,27,436.779,724.228,1
34,28,329.613,397.102,2
34,29,211.595,706.313,1
34.5,0,653.422,793.346,1
34.5,1,423.821,797.558,1
34.5,2,212.107,349.913,2
34.5,3,289.699,521.937,2
34.5,4,295.997,259.079,2
34.5,5,444.05,670.393,1
34.5,6,217.215,421.713,2
34.5,7,408.707,421.403,2
34.5,8,542.575,345.988,2
34.5,9,795.936,421.015,3
34.5,10,761.542,527.179,3
34.5,11,552.544,731.215,1
34.5,12,337.263,461.895,2
34.5,13,692.185,303.466,3
34.5,14,270.916,567.784,2
34.5,15,320.518,790.154,1
34.5,16,344.29,611.965,2
34.5,17,528.745,446.765,3
34.5,18,556.262,578.623,1
34.5,19,372.851,759.893,1
34.5,20,408.648,228.25,2
34.5,21,447.53,309.474,2
34.5,22,390.952,778.313,1
34.5,23,566.112,643.929,1
34.5,24,540.607,375.459,2
34.5,25,764.067,375.547,3
34.5,26,234.015,765.05,1
34.5,27,435.279,724.256,1
34.5,28,330.652,396.02,2
34.5,29,210.512,707.351,1
35,0,653.91,794.765,1
35,1,424.852,798.648,1
35,2,212.427,348.447,2
35,3,291.194,521.819,2
35,4,294.508,259.261,2
35,5,442.737,671.118,1
35,6,217.02,420.225,2
35,7,407.21,421.484,2
35,8,543.997,345.509,2
35,9,795.13,422.28,3
35,10,762.705,526.232,3
35,11,554.025,730.978,1
35,12,335.876,461.325,2
35,13,693.53,302.803,3
35,14,270.724,569.272,2
35,15,320.938,791.594,1
35,16,345.389,612.986,2
35,17,527.319,447.23,3
35,18,555.062,577.723,1
35,19,372.682,761.383,1
35,20,407.833,226.991,2
35,21,446.658,310.694,2
35,22,389.455,778.399,1
35,23,567.153,642.848,1
35,24,541.452,376.698,2
35,25,765.529,375.884,3
35,26,233.187,766.301,1
35,27,433.779,724.284,1
35,28,331.691,394.939,2
35,29,209.429,708.389,1
35.5,0,654.398,796.183,1
35.5,1,423.924,798.01,1
35.5,2,212.747,346.982,2
35.5,3,292.69,521.701,2
35.5,4,293.019,259.443,2
35.5,5,441.424,671.843,1
35.5,6,216.825,418.738,2
35.5,7,405.712,421.565,2
35.5,8,545.419,345.031,2
35.5,9,794.323,423.545,3
35.5,10,763.868,525.284,3
35.5,11,555.506,730.74,1
35.5,12,334.489,460.754,2
35.5,13,694.876,302.139,3
35.5,14,270.531,570.759,2
35.5,15,321.359,793.034,1
35.5,16,346.487,614.008,2
35.5,17,525.892,447.695,3
35.5,18,553.862,576.823,1
35.5,19,372.512,762.874,1
35.5,20,407.018,225.732,2
35.5,21,445.786,311.915,2
35.5,22,387.957,778.485,1
35.5,23,568.193,641.768,1
35.5,24,542.298,377.937,2
35.5,25,766.991,376.22,3
35.5,26,232.358,767.551,1
35.5,27,432.279,724.312,1
35.5,28,332.73,393.857,2
35.5,29,208.346,709.427,1
36,0,654.886,797.601,1
36,1,422.694,797.151,1
36,2,213.067,345.516,2
36,3,294.185,521.583,2
36,4,291.53,259.626,2
36,5,440.111,672.568,1
36,6,216.629,417.251,2
36,7,404.214,421.645,2
36,8,546.84,344.553,2
36,9,793.517,424.81,3
36,10,765.031,524.337,3
36,11,556.987,730.503,1
36,12,333.102,460.184,2
36,13,696.221,301.476,3
36,14,270.338,572.247,2
36,15,321.779,794.474,1
36,16,347.586,615.029,2
36,17,524.466,448.159,3
36,18,552.662,575.923,1
36,19,372.343,764.364,1
36,20,406.202,224.473,2
36,21,444.914,313.135,2
36,22,386.46,778.571,1
36,23,569.233,640.687,1
36,24,543.144,379.176,2
36,25,768.453,376.557,3
36,26,231.53,768.802,1
36,27,430.78,724.34,1
36,28,333.769,392.775,2
36,29,207.263,710.465,1
36.5,0,655.315,798.651,1
36.5,1,421.465,796.293,1
36.5,2,213.387,344.051,2
36.5,3,295.68,521.465,2
36.5,4,290.041,259.808,2
36.5,5,438.798,673.293,1
36.5,6,216.434,415.764,2
36.5,7,402.716,421.726,2
36.5,8,548.262,344.074,2
36.5,9,792.71,426.074,3
36.5,10,766.194,523.39,3
36.5,11,558.468,730.266,1
36.5,12,331.714,459.614,2
36.5,13,697.567,300.813,3
36.5,14,270.146,573.734,2
36.5,15,322.199,795.914,1
36.5,16,348.685,616.05,2
36.5,17,523.04,448.624,3
36.5,18,551.462,575.023,1
36.5,19,372.174,765.855,1
36.5,20,405.387,223.214,2
36.5,21,444.041,314.355,2
36.5,22,384.962,778.658,1
36.5,23,570.274,639.606,1
36.5,24,543.989,380.415,2
36.5,25,769.914,376.893,3
36.5,26,230.702,770.052,1
36.5,27,429.28,724.368,1
36.5,28,334.809,391.693,2
36.5,29,206.18,711.503,1
37,0,656.702,798.079,1
37,1,420.235,795.434,1
37,2,213.706,342.585,2
37,3,297.176,521.347,2
37,4,288.552,259.99,2
37,5,437.485,674.018,1
37,6,216.238,414.277,2
37,7,401.218,421.806,2
37,8,549.684,343.596,2
37,9,791.903,427.339,3
37,10,767.357,522.442,3
37,11,559.949,730.028,1
37,12,330.327,459.043,2
37,13,698.912,300.15,3
37,14,269.953,575.222,2
37,15,322.62,797.354,1
37,16,349.783,617.072,2
37,17,521.614,449.089,3
37,18,550.262,574.123,1
37,19,372.005,767.345,1
37,20,404.572,221.955,2
37,21,443.169,315.576,2
37,22,383.465,778.744,1
37,23,571.314,638.526,1
37,24,544.835,381.653,2
37,25,771.376,377.23,3
37,26,229.873,771.303,1
37,27,427.78,724.396,1
37,28,335.848,390.612,2
37,29,205.097,712.541,1
37.5,0,658.089,797.507,1
37.5,1,419.005,794.575,1
37.5,2,214.026,341.12,2
37.5,3,298.671,521.229,2
37.5,4,287.063,260.173,2
37.5,5,436.172,674.743,1
37.5,6,216.043,412.789,2
37.5,7,399.72,421.887,2
37.5,8,551.106,343.118,2
37.5,9,791.097,428.604,3
37.5,10,768.52,521.495,3
37.5,11,561.43,729.791,1
37.5,12,328.94,458.473,2
37.5,13,700.257,299.486,3
37.5,14,269.761,576.709,2
37.5,15,323.006,798.675,1
37.5,16,350.882,618.093,2
37.5,17,520.188,449.554,3
37.5,18,549.062,573.223,1
37.5,19,371.836,768.836,1
37.5,20,403.756,220.696,2
37.5,21,442.297,316.796,2
37.5,22,381.967,778.83,1
37.5,23,572.354,637.445,1
37.5,24,545.681,382.892,2
37.5,25,772.838,377.566,3
37.5,26,229.045,772.553,1
37.5,27,426.28,724.424,1
37.5,28,336.887,389.53,2
37.5,29,204.014,713.579,1
38,0,659.475,796.935,1
38,1,417.775,793.717,1
38,2,214.346,339.654,2
38,3,300.167,521.111,2
38,4,285.574,260.355,2
38,5,434.859,675.468,1
38,6,215.847,411.302,2
38,7,398.223,421.968,2
38,8,552.527,342.639,2
38,9,790.29,429.868,3
38,10,769.683,520.547,3
38,11,562.911,729.553,1
38,12,327.552,457.902,2
38,13,701.603,298.823,3
38,14,269.568,578.197,2
38,15,324.161,798.03,1
38,16,351.981,619.114,2
38,17,518.762,450.019,3
38,18,547.862,572.323,1
38,19,371.667,770.326,1
38,20,402.941,219.437,2
38,21,441.425,318.016,2
38,22,380.47,778.916,1
38,23,573.395,636.364,1
38,24,546.526,384.131,2
38,25,774.3,377.903,3
38,26,228.217,773.804,1
38,27,424.781,724.452,1
38,28,337.926,388.448,2
38,29,202.931,714.616,1
38.5,0,660.862,796.363,1
38.5,1,416.545,792.858,1
38.5,2,214.666,338.189,2
38.5,3,301.662,520.993,2
38.5,4,284.086,260.538,2
38.5,5,433.546,676.193,1
38.5,6,215.652,409.815,2
38.5,7,396.725,422.048,2
38.5,8,553.949,342.161,2
38.5,9,789.484,431.133,3
38.5,10,770.846,519.6,3
38.5,11,564.392,729.316,1
38.5,12,326.165,457.332,2
38.5,13,702.948,298.16,3
38.5,14,269.375,579.685,2
38.5,15,325.471,797.299,1
38.5,16,353.079,620.135,2
38.5,17,517.335,450.483,3
38.5,18,546.662,571.423,1
38.5,19,371.498,771.817,1
38.5,20,402.126,218.178,2
38.5,21,440.552,319.237,2
38.5,22,378.972,779.002,1
38.5,23,574.435,635.284,1
38.5,24,547.372,385.37,2
38.5,25,775.762,378.239,3
38.5,26,227.388,775.054,1
38.5,27,423.281,724.48,1
38.5,28,338.965,387.366,2
38.5,29,201.848,715.654,1
39,0,662.249,795.791,1
39,1,415.315,792,1
39,2,214.986,336.723,2
39,3,303.157,520.875,2
39,4,282.597,260.72,2
39,5,432.232,676.918,1
39,6,215.457,408.328,2
39,7,395.227,422.129,2
39,8,555.371,341.683,2
39,9,788.677,432.398,3
39,10,772.009,518.653,3
39,11,565.873,729.078,1
39,12,324.778,456.762,2
39,13,704.294,297.497,3
39,14,269.183,581.172,2
39,15,326.781,796.568,1
39,16,354.178,621.157,2
39,17,515.909,450.948,3
39,18,545.462,570.523,1
39,19,371.329,773.307,1
39,20,401.31,216.918,2
39,21,439.68,320.457,2
39,22,377.475,779.088,1
39,23,575.475,634.203,1
39,24,548.218,386.609,2
39,25,777.223,378.576,3
39,26,226.56,776.305,1
39,27,421.781,724.508,1
39,28,340.004,386.284,2
39,29,201.401,716.625,1
39.5,0,663.635,795.219,1
39.5,1,414.085,791.141,1
39.5,2,215.306,335.258,2
39.5,3,304.653,520.757,2
39.5,4,281.108,260.902,2
39.5,5,430.919,677.643,1
39.5,6,215.261,406.84,2
39.5,7,393.729,422.209,2
39.5,8,556.792,341.204,2
39.5,9,787.871,433.662,3
39.5,10,773.172,517.705,3
39.5,11,567.354,728.841,1
39.5,12,323.39,456.191,2
39.5,13,705.639,296.833,3
39.5,14,268.99,582.66,2
39.5,15,328.091,795.837,1
39.5,16,355.277,622.178,2
39.5,17,514.483,451.413,3
39.5,18,544.262,569.623,1
39.5,19,371.16,774.797,1
39.5,20,400.495,215.659,2
39.5,21,438.808,321.677,2
39.5,22,375.977,779.174,1
39.5,23,576.516,633.123,1
39.5,24,549.063,387.848,2
39.5,25,778.685,378.913,3
39.5,26,225.731,777.555,1
39.5,27,420.281,724.536,1
39.5,28,341.043,385.203,2
39.5,29,201.64,718.106,1
40,0,665.022,794.647,1
40,1,412.855,790.282,1
40,2,215.626,333.792,2
40,3,306.148,520.639,2
40,4,279.619,261.085,2
40,5,429.606,678.368,1
40,6,215.066,405.353,2
40,7,392.231,422.29,2
40,8,558.214,340.726,2
40,9,787.064,434.927,3
40,10,774.335,516.758,3
40,11,568.835,728.604,1
40,12,322.003,455.621,2
40,13,706.984,296.17,3
40,14,268.797,584.147,2
40,15,329.4,795.106,1
40,16,356.375,623.199,2
40,17,513.057,451.878,3
40,18,543.062,568.723,1
40,19,370.991,776.288,1
40,20,399.68,214.4,2
40,21,437.936,322.898,2
40,22,374.479,779.26,1
40,23,577.556,632.042,1
40,24,549.909,389.087,2
40,25,780.147,379.249,3
40,26,224.903,778.806,1
40,27,418.782,724.564,1
40,28,342.082,384.121,2
40,29,201.879,719.586,1
40.5,0,666.409,794.075,1
40.5,1,411.625,789.424,1
40.5,2,215.945,332.327,2
40.5,3,307.643,520.521,2
40.5,4,278.13,261.267,2
40.5,5,428.293,679.094,1
40.5,6,214.87,403.866,2
40.5,7,390.733,422.37,2
40.5,8,559.636,340.248,2
40.5,9,786.257,436.192,3
40.5,10,775.498,515.811,3
40.5,11,570.317,728.366,1
40.5,12,320.616,455.05,2
40.5,13,708.33,295.507,3
40.5,14,268.605,585.635,2
40.5,15,330.71,794.375,1
40.5,16,357.474,624.22,2
40.5,17,511.631,452.343,3
40.5,18,541.862,567.823,1
40.5,19,370.821,777.778,1
40.5,20,398.864,213.141,2
40.5,21,437.064,324.118,2
40.5,22,372.982,779.346,1
40.5,23,578.596,630.961,1
40.5,24,550.754,390.326,2
40.5,25,781.609,379.586,3
40.5,26,224.075,780.056,1
40.5,27,417.282,724.592,1
40.5,28,343.121,383.039,2
40.5,29,202.118,721.067,1
41,0,667.796,793.503,1
41,1,410.395,788.565,1
41,2,216.265,330.861,2
41,3,309.139,520.402,2
41,4,276.641,261.45,2
41,5,426.98,679.819,1
41,6,214.675,402.379,2
41,7,389.236,422.451,2
41,8,561.057,339.769,2
41,9,785.451,437.457,3
41,10,776.661,514.863,3
41,11,571.798,728.129,1
41,12,319.228,454.48,2
41,13,709.675,294.844,3
41,14,268.412,587.123,2
41,15,332.02,793.644,1
41,16,358.572,625.242,2
41,17,510.204,452.807,3
41,18,540.662,566.923,1
41,19,370.652,779.269,1
41,20,398.049,211.882,2
41,21,436.191,325.338,2
41,22,371.484,779.432,1
41,23,579.636,629.881,1
41,24,551.6,391.565,2
41,25,783.07,379.922,3
41,26,223.246,781.307,1
41,27,415.782,724.62,1
41,28,344.16,381.957,2
41,29,202.357,722.548,1
41.5,0,669.182,792.932,1
41.5,1,409.165,787.707,1
41.5,2,216.585,329.396,2
41.5,3,310.634,520.284,2
41.5,4,275.152,261.632,2
41.5,5,425.667,680.544,1
41.5,6,214.48,400.892,2
41.5,7,387.738,422.532,2
41.5,8,562.479,339.291,2
41.5,9,784.644,438.721,3
41.5,10,777.824,513.916,3
41.5,11,573.279,727.891,1
41.5,12,317.841,453.91,2
41.5,13,711.021,294.18,3
41.5,14,268.22,588.61,2
41.5,15,333.33,792.913,1
41.5,16,359.671,626.263,2
41.5,17,508.778,453.272,3
41.5,18,539.462,566.023,1
41.5,19,370.483,780.759,1
41.5,20,397.234,210.623,2
41.5,21,435.319,326.559,2
41.5,22,369.987,779.518,1
41.5,23,580.677,628.8,1
41.5,24,552.446,392.804,2
41.5,25,784.532,380.259,3
41.5,26,222.418,782.557,1
41.5,27,414.283,724.648,1
41.5,28,345.2,380.875,2
41.5,29,202.596,724.029,1
42,0,670.569,792.36,1
42,1,407.935,786.848,1
42,2,216.905,327.93,2
42,3,312.129,520.166,2
42,4,273.664,261.814,2
42,5,424.354,681.269,1
42,6,214.284,399.404,2
42,7,386.24,422.612,2
42,8,563.901,338.813,2
42,9,783.838,439.986,3
42,10,778.987,512.968,3
42,11,574.76,727.654,1
42,12,316.454,453.339,2
42,13,712.366,293.517,3
42,14,268.027,590.098,2
42,15,334.64,792.182,1
42,16,360.77,627.284,2
42,17,507.352,453.737,3
42,18,538.262,565.123,1
42,19,370.314,782.25,1
42,20,396.418,209.364,2
42,21,434.447,327.779,2
42,22,368.489,779.604,1
42,23,581.717,627.719,1
42,24,553.291,394.042,2
42,25,785.994,380.595,3
42,26,221.59,783.808,1
42,27,412.783,724.676,1
42,28,346.239,379.794,2
42,29,202.835,725.51,1
42.5,0,671.956,791.788,1
42.5,1,406.705,785.989,1
42.5,2,217.225,326.465,2
42.5,3,313.625,520.048,2
42.5,4,272.175,261.997,2
42.5,5,423.041,681.994,1
42.5,6,214.089,397.917,2
42.5,7,384.742,422.693,2
42.5,8,565.322,338.334,3
42.5,9,783.031,441.251,3
42.5,10,780.15,512.021,3
42.5,11,576.241,727.416,1
42.5,12,315.066,452.769,2
42.5,13,713.711,292.854,3
42.5,14,267.834,591.585,2
42.5,15,335.949,791.451,1
42.5,16,361.868,628.306,2
42.5,17,505.926,454.202,3
42.5,18,537.062,564.223,1
42.5,19,370.145,783.74,1
42.5,20,395.603,208.105,2
42.5,21,433.575,328.999,2
42.5,22,366.992,779.69,1
42.5,23,582.757,626.639,1
42.5,24,554.137,395.281,2
42.5,25,787.456,380.932,3
42.5,26,220.761,785.058,1
42.5,27,411.283,724.704,1
42.5,28,347.278,378.712,2
42.5,29,203.075,726.991,1
43,0,673.342,791.216,1
43,1,405.475,785.131,1
43,2,217.545,324.999,2
43,3,315.12,519.93,2
43,4,270.686,262.179,2
43,5,421.728,682.719,1
43,6,213.893,396.43,2
43,7,383.244,422.773,2
43,8,566.744,337.856,3
43,9,782.225,442.515,3
43,10,781.313,511.074,3
43,11,577.722,727.179,1
43,12,313.679,452.198,2
43,13,715.057,292.19,3
43,14,267.642,593.073,2
43,15,337.259,790.72,1
43,16,362.967,629.327,2
43,17,504.5,454.667,3
43,18,535.862,563.323,1
43,19,369.976,785.23,1
43,20,394.788,206.846,2
43,21,432.702,330.22,2
43,22,365.494,779.776,1
43,23,583.798,625.558,1
43,24,554.983,396.52,2
43,25,788.917,381.268,3
43,26,219.933,786.309,1
43,27,409.783,724.732,1
43,28,348.317,377.63,2
43,29,203.314,728.471,1
43.5,0,674.729,790.644,1
43.5,1,404.245,784.272,1
43.5,2,217.865,323.534,2
43.5,3,316.615,519.812,2
43.5,4,269.197,262.361,2
43.5,5,420.414,683.444,1
43.5,6,213.698,394.943,2
43.5,7,381.746,422.854,2
43.5,8,568.166,337.378,3
43.5,9,781.418,443.78,3
43.5,10,782.476,510.126,3
43.5,11,579.203,726.942,1
43.5,12,312.292,451.628,2
43.5,13,716.402,291.527,3
43.5,14,267.449,594.56,2
43.5,15,338.569,789.989,1
43.5,16,364.066,630.348,2
43.5,17,503.074,455.131,3
43.5,18,534.662,562.423,1
43.5,19,369.807,786.721,1
43.5,20,393.972,205.587,2
43.5,21,431.83,331.44,2
43.5,22,363.997,779.863,1
43.5,23,584.838,624.477,1
43.5,24,555.828,397.759,2
43.5,25,790.379,381.605,3
43.5,26,219.104,787.559,1
43.5,27,408.284,724.76,1
43.5,28,349.356,376.548,2
43.5,29,203.553,729.952,1
44,0,676.116,790.072,1
44,1,403.015,783.414,1
44,2,218.184,322.068,2
44,3,318.111,519.694,2
44,4,267.708,262.544,2
44,5,419.101,684.169,1
44,6,213.502,393.455,2
44,7,380.249,422.935,2
44,8,569.588,336.899,3
44,9,780.612,445.045,3
44,10,783.638,509.179,3
44,11,580.684,726.704,1
44,12,310.905,451.057,2
44,13,717.748,290.864,3
44,14,267.256,596.048,2
44,15,339.879,789.258,1
44,16,365.164,631.369,2
44,17,501.647,455.596,3
44,18,533.462,561.523,1
44,19,369.638,788.211,1
44,20,393.157,204.328,2
44,21,430.958,332.66,2
44,22,362.499,779.949,1
44,23,585.878,623.397,1
44,24,556.674,398.998,2
44,25,791.841,381.941,3
44,26,218.276,788.81,1
44,27,406.784,724.788,1
44,28,350.395,375.466,2
44,29,203.792,731.433,1
44.5,0,677.502,789.5,1
44.5,1,401.785,782.555,1
44.5,2,218.504,320.603,2
44.5,3,319.606,519.576,2
44.5,4,266.219,262.726,2
44.5,5,417.788,684.894,1
44.5,6,213.307,391.968,2
44.5,7,378.751,423.015,2
44.5,8,571.009,336.421,3
44.5,9,779.805,446.309,3
44.5,10,784.801,508.232,3
44.5,11,582.165,726.467,1
44.5,12,309.517,450.487,2
44.5,13,719.093,290.201,3
44.5,14,267.064,597.536,2
44.5,15,341.189,788.527,1
44.5,16,366.263,632.391,2
44.5,17,500.221,456.061,3
44.5,18,532.262,560.623,1
44.5,19,369.469,789.702,1
44.5,20,392.342,203.069,2
44.5,21,430.086,333.881,2
44.5,22,361.002,780.035,1
44.5,23,586.919,622.316,1
44.5,24,557.52,400.237,2
44.5,25,793.303,382.278,3
44.5,26,217.448,790.061,1
44.5,27,405.284,724.816,1
44.5,28,351.434,374.385,2
44.5,29,204.031,732.914,1
45,0,678.889,788.928,1
45,1,400.555,781.696,1
45,2,218.824,319.137,2
45,3,321.101,519.458,2
45,4,264.73,262.909,2
45,5,416.475,685.619,1
45,6,213.112,390.481,2
45,7,377.253,423.096,2
45,8,572.431,335.943,3
45,9,778.998,447.574,3
45,10,785.964,507.284,3
45,11,583.646,726.229,1
45,12,308.13,449.917,2
45,13,720.438,289.537,3
45,14,266.871,599.023,2
45,15,342.498,787.796,1
45,16,367.362,633.412,2
45,17,498.795,456.526,3
45,18,531.062,559.723,1
45,19,369.3,791.192,1
45,20,391.526,201.81,2
45,21,429.213,335.101,2
45,22,359.504,780.121,1
45,23,587.959,621.236,1
45,24,558.365,401.476,2
45,25,794.764,382.614,3
45,26,216.619,791.311,1
45,27,403.784,724.844,1
45,28,352.473,373.303,2
45,29,204.27,734.395,1
45.5,0,680.276,788.356,1
45.5,1,399.325,780.838,1
45.5,2,219.144,317.672,2
45.5,3,322.597,519.34,2
45.5,4,263.241,263.091,2
45.5,5,415.162,686.344,1
45.5,6,212.916,388.994,2
45.5,7,375.755,423.176,2
45.5,8,573.853,335.464,3
45.5,9,778.192,448.839,3
45.5,10,787.127,506.337,3
45.5,11,585.127,725.992,1
45.5,12,306.743,449.346,2
45.5,13,721.784,288.874,3
45.5,14,266.679,600.511,2
45.5,15,343.808,787.065,1
45.5,16,368.46,634.433,2
45.5,17,497.369,456.991,3
45.5,18,529.862,558.822,1
45.5,19,369.13,792.683,1
45.5,20,391.245,201.946,2
45.5,21,428.341,336.321,2
45.5,22,358.007,780.207,1
45.5,23,588.999,620.155,1
45.5,24,559.211,402.715,0
45.5,25,796.226,382.951,3
45.5,26,215.791,792.562,1
45.5,27,402.285,724.872,1
45.5,28,353.512,372.221,2
45.5,29,204.51,735.875,1
46,0,681.662,787.784,1
46,1,398.095,779.979,1
46,2,219.464,316.206,2
46,3,324.092,519.222,2
46,4,261.753,263.273,2
46,5,413.849,687.069,1
46,6,212.721,387.507,2
46,7,374.257,423.257,2
46,8,575.274,334.986,3
46,9,777.385,450.104,3
46,10,788.29,505.389,3
46,11,586.609,725.754,1
46,12,305.355,448.776,2
46,13,723.129,288.211,3
46,14,266.486,601.998,2
46,15,345.118,786.334,1
46,16,369.559,635.455,2
46,17,495.943,457.455,3
46,18,528.662,557.922,1
46,19,368.961,794.173,1
46,20,391.324,203.444,2
46,21,427.469,337.542,2
46,22,356.509,780.293,1
46,23,590.04,619.074,1
46,24,560.057,403.954,3
46,25,797.688,383.287,3
46,26,214.963,793.812,1
46,27,400.785,724.9,1
46,28,354.551,371.139,2
46,29,204.749,737.356,1
46.5,0,683.049,787.212,1
46.5,1,396.865,779.121,1
46.5,2,219.784,314.741,2
46.5,3,325.587,519.104,2
46.5,4,260.264,263.456,2
46.5,5,412.536,687.794,1
46.5,6,212.525,386.019,2
46.5,7,372.759,423.338,2
46.5,8,576.696,334.508,3
46.5,9,776.579,451.368,3
46.5,10,789.453,504.442,3
46.5,11,588.09,725.517,1
46.5,12,303.968,448.205,2
46.5,13,724.474,287.548,3
46.5,14,266.293,603.486,2
46.5,15,346.428,785.603,1
46.5,16,370.657,636.476,2
46.5,17,494.517,457.92,3
46.5,18,527.462,557.022,1
46.5,19,368.792,795.664,1
46.5,20,391.403,204.942,2
46.5,21,426.597,338.762,2
46.5,22,355.012,780.379,1
46.5,23,591.08,617.994,1
46.5,24,560.902,405.193,3
46.5,25,798.488,383.507,3
46.5,26,214.134,795.063,1
46.5,27,399.285,724.928,1
46.5,28,355.591,370.057,2
46.5,29,204.988,738.837,1
47,0,684.436,786.641,1
47,1,395.635,778.262,1
47,2,220.104,313.275,2
47,3,327.083,518.986,2
47,4,258.775,263.638,2
47,5,411.223,688.52,1
47,6,212.33,384.532,2
47,7,371.262,423.418,2
47,8,578.118,334.029,3
47,9,775.772,452.633,3
47,10,790.616,503.495,3
47,11,589.571,725.28,1
47,12,302.581,447.635,2
47,13,725.82,286.884,3
47,14,266.101,604.974,2
47,15,347.738,784.872,1
47,16,371.756,637.497,2
47,17,493.09,458.385,3
47,18,526.262,556.122,1
47,19,368.623,797.154,1
47,20,391.483,206.44,2
47,21,425.725,339.982,2
47,22,353.514,780.465,1
47,23,592.12,616.913,1
47,24,561.748,406.431,3
47,25,796.99,383.442,3
47,26,213.306,796.313,1
47,27,397.785,724.956,1
47,28,356.63,368.976,2
47,29,205.227,740.318,1
47.5,0,685.823,786.069,1
47.5,1,394.405,777.403,1
47.5,2,220.423,311.81,2
47.5,3,328.578,518.868,2
47.5,4,257.286,263.82,2
47.5,5,409.91,689.245,1
47.5,6,212.135,383.045,2
47.5,7,369.764,423.499,2
47.5,8,579.539,333.551,3
47.5,9,774.966,453.898,3
47.5,10,791.779,502.547,3
47.5,11,591.052,725.042,1
47.5,12,301.193,447.065,2
47.5,13,727.165,286.221,3
47.5,14,265.908,606.461,2
47.5,15,349.048,784.141,1
47.5,16,372.855,638.518,1
47.5,17,491.664,458.85,3
47.5,18,525.062,555.222,1
47.5,19,368.454,798.644,1
47.5,20,391.562,207.938,2
47.5,21,424.852,341.203,2
47.5,22,352.017,780.551,1
47.5,23,593.16,615.832,1
47.5,24,562.594,407.67,3
47.5,25,795.491,383.378,3
47.5,26,212.477,797.564,1
47.5,27,396.286,724.984,1
47.5,28,357.669,367.894,2
47.5,29,205.466,741.799,1
48,0,687.209,785.497,1
48,1,393.175,776.545,1
48,2,220.743,310.344,2
48,3,330.073,518.75,2
48,4,255.797,264.003,2
48,5,408.596,689.97,1
48,6,211.939,381.558,2
48,7,368.266,423.579,2
48,8,580.961,333.073,3
48,9,774.159,455.162,3
48,10,792.942,501.6,3
48,11,592.533,724.805,1
48,12,299.806,446.494,2
48,13,728.511,285.558,3
48,14,265.715,607.949,2
48,15,350.357,783.41,1
48,16,373.953,639.54,1
48,17,490.238,459.315,3
48,18,523.862,554.322,1
48,19,369.615,798.573,1
48,20,391.641,209.436,2
48,21,423.98,342.423,2
48,22,350.519,780.637,1
48,23,594.201,614.752,1
48,24,563.439,408.909,3
48,25,793.992,383.313,3
48,26,211.741,798.675,1
48,27,394.786,725.012,1
48,28,358.708,366.812,2
48,29,205.705,743.279,1
48.5,0,688.596,784.925,1
48.5,1,391.945,775.686,1
48.5,2,221.063,308.879,2
48.5,3,331.569,518.632,2
48.5,4,254.308,264.185,2
48.5,5,407.283,690.695,1
48.5,6,211.744,380.071,2
48.5,7,366.768,423.66,2
48.5,8,582.383,332.594,3
48.5,9,773.352,456.427,3
48.5,10,794.105,500.652,3
48.5,11,594.014,724.567,1
48.5,12,298.419,445.924,2
48.5,13,729.856,284.895,3
48.5,14,265.523,609.436,2
48.5,15,351.667,782.679,1
48.5,16,375.052,640.561,1
48.5,17,488.812,459.779,3
48.5,18,522.662,553.422,1
48.5,19,371.109,798.442,1
48.5,20,391.72,210.934,2
48.5,21,423.108,343.643,2
48.5,22,349.022,780.723,1
48.5,23,595.241,613.671,1
48.5,24,564.285,410.148,3
48.5,25,792.494,383.249,3
48.5,26,212.721,797.723,1
48.5,27,393.286,725.04,1
48.5,28,359.747,365.73,2
48.5,29,205.944,744.76,1
49,0,689.983,784.353,1
49,1,390.715,774.828,1
49,2,221.383,307.413,2
49,3,333.064,518.514,2
49,4,252.819,264.368,2
49,5,405.97,691.42,1
49,6,211.548,378.583,2
49,7,365.27,423.741,2
49,8,583.804,332.116,3
49,9,772.546,457.692,3
49,10,795.268,499.705,3
49,11,595.495,724.33,1
49,12,297.031,445.353,2
49,13,731.201,284.231,3
49,14,265.33,610.924,2
49,15,352.977,781.948,1
49,16,376.151,641.582,1
49,17,487.386,460.244,3
49,18,521.462,552.522,1
49,19,372.604,798.311,1
49,20,391.799,212.432,2
49,21,422.236,344.864,2
49,22,347.524,780.809,1
49,23,596.281,612.591,1
49,24,565.13,411.387,3
49,25,790.995,383.184,3
49,26,213.797,796.677,1
49,27,391.786,725.068,1
49,28,360.786,364.649,2
49,29,206.184,746.241,1
49.5,0,691.369,783.781,1
49.5,1,389.485,773.969,1
49.5,2,221.703,305.948,2
49.5,3,334.56,518.396,2
49.5,4,251.33,264.55,2
49.5,5,404.657,692.145,1
49.5,6,211.353,377.096,2
49.5,7,363.772,423.821,2
49.5,8,585.226,331.638,3
49.5,9,771.739,458.956,3
49.5,10,796.431,498.758,3
49.5,11,596.976,724.092,1
49.5,12,295.644,444.783,2
49.5,13,732.547,283.568,3
49.5,14,265.138,612.411,2
49.5,15,354.287,781.217,1
49.5,16,377.249,642.603,1
49.5,17,485.96,460.709,3
49.5,18,520.262,551.622,1
49.5,19,374.098,798.18,1
49.5,20,391.878,213.93,2
49.5,21,421.363,346.084,2
49.5,22,346.026,780.895,1
49.5,23,597.322,611.51,1
49.5,24,565.976,412.626,3
49.5,25,789.497,383.12,3
49.5,26,214.873,795.632,1
49.5,27,390.287,725.096,1
49.5,28,361.825,363.567,2
49.5,29,206.423,747.722,1
50,0,692.756,783.209,1
50,1,388.256,773.11,1
50,2,222.023,304.482,2
50,3,336.055,518.278,2
50,4,249.842,264.732,2
50,5,403.344,692.87,1
50,6,211.157,375.609,2
50,7,362.275,423.902,2
50,8,586.648,331.159,3
50,9,770.933,460.221,3
50,10,797.594,497.81,3
50,11,598.457,723.855,1
50,12,294.257,444.212,2
50,13,733.892,282.905,3
50,14,264.945,613.899,2
50,15,355.597,780.486,1
50,16,378.348,643.625,1
50,17,484.533,461.174,3
50,18,519.062,550.722,1
50,19,375.592,798.049,1
50,20,391.957,215.428,2
50,21,420.491,347.304,2
50,22,344.529,780.981,1
50,23,598.362,610.429,1
50,24,566.822,413.865,3
50,25,787.998,383.055,3
50,26,215.948,794.586,1
50,27,388.787,725.124,1
50,28,362.864,362.485,2
50,29,206.662,749.203,1
50.5,0,694.143,782.637,1
50.5,1,387.026,772.252,1
50.5,2,222.343,303.017,2
50.5,3,337.55,518.16,2
50.5,4,248.353,264.915,2
50.5,5,402.031,693.595,1
50.5,6,210.962,374.122,2
50.5,7,360.777,423.982,2
50.5,8,588.069,330.681,3
50.5,9,770.126,461.486,3
50.5,10,798.675,496.93,3
50.5,11,599.938,723.618,1
50.5,12,292.87,443.642,2
50.5,13,735.238,282.241,3
50.5,14,264.752,615.387,2
50.5,15,356.906,779.755,1
50.5,16,379.447,644.646,1
50.5,17,483.107,461.639,3
50.5,18,517.862,549.822,1
50.5,19,377.087,797.918,1
50.5,20,392.036,216.925,2
50.5,21,419.619,348.525,2
50.5,22,343.031,781.067,1
50.5,23,599.402,609.349,1
50.5,24,567.667,415.104,3
50.5,25,786.499,382.991,3
50.5,26,217.024,793.541,1
50.5,27,387.287,725.152,1
50.5,28,363.903,361.403,2
50.5,29,206.901,750.684,1
51,0,695.529,782.065,1
51,1,385.796,771.393,1
51,2,222.663,301.551,2
51,3,339.046,518.042,2
51,4,246.864,265.097,2
51,5,400.718,694.32,1
51,6,210.767,372.634,2
51,7,359.279,424.063,2
51,8,589.491,330.203,3
51,9,769.32,462.75,3
51,10,797.458,496.458,3
51,11,601.419,723.38,1
51,12,291.482,443.072,2
51,13,736.583,281.578,3
51,14,264.56,616.874,2
51,15,358.216,779.024,1
51,16,380.545,645.667,1
51,17,481.681,462.103,3
51,18,516.662,548.922,1
51,19,378.581,797.786,1
51,20,392.115,218.423,2
51,21,418.747,349.745,2
51,22,341.534,781.154,1
51,23,600.443,608.268,1
51,24,568.513,416.343,3
51,25,785.001,382.926,3
51,26,218.1,792.496,1
51,27,385.787,725.18,1
51,28,364.942,360.321,2
51,29,207.14,752.164,1
51.5,0,696.916,781.493,1
51.5,1,384.566,770.535,1
51.5,2,222.982,300.086,2
51.5,3,340.541,517.924,2
51.5,4,245.375,265.28,2
51.5,5,399.405,695.045,1
51.5,6,210.571,371.147,2
51.5,7,357.781,424.144,2
51.5,8,590.913,329.724,3
51.5,9,768.513,464.015,3
51.5,10,796.059,495.915,3
51.5,11,602.901,723.143,1
51.5,12,290.095,442.501,2
51.5,13,737.928,280.915,3
51.5,14,264.367,618.362,2
51.5,15,359.526,778.292,1
51.5,16,381.644,646.689,1
51.5,17,480.255,462.568,3
51.5,18,515.462,548.022,1
51.5,19,380.075,797.655,1
51.5,20,392.194,219.921,2
51.5,21,417.875,350.965,2
51.5,22,340.036,781.24,1
51.5,23,601.483,607.187,1
51.5,24,569.359,417.582,3
51.5,25,783.502,382.862,3
51.5,26,219.175,791.45,1
51.5,27,384.288,725.208,1
51.5,28,365.981,359.24,2
51.5,29,207.379,753.645,1
52,0,698.303,780.921,1
52,1,383.336,769.676,1
52,2,223.302,298.62,2
52,3,342.036,517.806,2
52,4,243.886,265.462,2
52,5,398.092,695.77,1
52,6,210.376,369.66,2
52,7,356.283,424.224,2
52,8,592.335,329.246,3
52,9,767.707,465.28,3
52,10,794.661,495.373,3
52,11,604.382,722.905,1
52,12,288.708,441.931,2
52,13,739.274,280.252,3
52,14,264.174,619.849,2
52,15,360.836,777.561,1
52,16,382.742,647.71,1
52,17,478.829,463.033,3
52,18,514.262,547.122,1
52,19,381.569,797.524,1
52,20,392.273,221.419,2
52,21,417.002,352.186,2
52,22,338.539,781.326,1
52,23,602.523,606.107,1
52,24,570.204,418.82,3
52,25,782.004,382.797,3
52,26,220.251,790.405,1
52,27,382.788,725.236,1
52,28,367.021,358.158,2
52,29,207.618,755.126,1
52.5,0,699.69,780.35,1
52.5,1,382.106,768.817,1
52.5,2,223.622,297.155,2
52.5,3,343.532,517.688,2
52.5,4,242.397,265.644,2
52.5,5,396.778,696.495,1
52.5,6,210.18,368.173,2
52.5,7,354.785,424.305,2
52.5,8,593.756,328.768,3
52.5,9,766.9,466.545,3
52.5,10,793.262,494.83,3
52.5,11,605.863,722.668,1
52.5,12,287.32,441.36,2
52.5,13,740.619,279.588,3
52.5,14,263.982,621.337,2
52.5,15,362.146,776.83,1
52.5,16,383.841,648.731,1
52.5,17,477.403,463.498,3
52.5,18,513.062,546.222,1
52.5,19,383.064,797.393,1
52.5,20,392.352,222.917,2
52.5,21,416.13,353.406,2
52.5,22,337.041,781.412,1
52.5,23,603.563,605.026,1
52.5,24,571.05,420.059,3
52.5,25,780.505,382.733,3
52.5,26,221.327,789.359,1
52.5,27,381.288,725.264,1
52.5,28,368.06,357.076,2
52.5,29,207.858,756.607,1
53,0,701.076,779.778,1
53,1,380.876,767.959,1
53,2,223.942,295.689,2
53,3,345.027,517.57,2
53,4,240.908,265.827,2
53,5,395.465,697.22,1
53,6,209.985,366.686,2
53,7,353.288,424.385,2
53,8,595.178,328.289,3
53,9,766.093,467.809,3
53,10,791.864,494.288,3
53,11,607.344,722.431,1
53,12,285.933,440.79,2
53,13,741.965,278.925,3
53,14,263.789,622.824,2
53,15,363.455,776.099,1
53,16,384.94,649.752,1
53,17,475.976,463.963,3
53,18,511.862,545.322,1
53,19,384.558,797.262,1
53,20,392.432,224.415,2
53,21,415.258,354.626,2
53,22,335.544,781.498,1
53,23,604.604,603.945,1
53,24,571.896,421.298,3
53,25,779.006,382.668,3
53,26,222.403,788.314,1
53,27,379.789,725.292,1
53,28,369.099,355.994,2
53,29,208.097,758.088,1
53.5,0,702.463,779.206,1
53.5,1,379.646,767.1,1
53.5,2,224.262,294.224,2
53.5,3,346.522,517.451,2
53.5,4,239.419,266.009,2
53.5,5,394.152,697.945,1
53.5,6,209.79,365.198,2
53.5,7,351.79,424.466,2
53.5,8,596.6,327.811,3
53.5,9,765.287,469.074,3
53.5,10,790.465,493.746,3
53.5,11,608.825,722.193,1
53.5,12,284.546,440.22,2
53.5,13,743.31,278.262,3
53.5,14,263.597,624.312,2
53.5,15,364.765,775.368,1
53.5,16,386.038,650.774,1
53.5,17,474.55,464.427,3
53.5,18,510.662,544.422,1
53.5,19,386.052,797.131,1
53.5,20,392.511,225.913,2
53.5,21,414.386,355.847,2
53.5,22,334.046,781.584,1
53.5,23,605.644,602.865,1
53.5,24,572.741,422.537,3
53.5,25,777.508,382.604,3
53.5,26,223.478,787.269,1
53.5,27,378.289,725.32,1
53.5,28,370.138,354.912,2
53.5,29,208.336,759.568,1
54,0,703.85,778.634,1
54,1,378.416,766.242,1
54,2,224.582,292.758,2
54,3,348.018,517.333,2
54,4,237.931,266.191,2
54,5,392.839,698.671,1
54,6,209.594,363.711,2
54,7,350.292,424.547,2
54,8,598.021,327.333,3
54,9,764.48,470.339,3
54,10,789.067,493.203,3
54,11,610.306,721.956,1
54,12,283.158,439.649,2
54,13,744.655,277.599,3
54,14,263.404,625.8,2
54,15,366.075,774.637,1
54,16,387.137,651.795,1
54,17,473.124,464.892,3
54,18,509.462,543.522,1
54,19,387.546,797,1
54,20,392.59,227.411,2
54,21,413.513,357.067,2
54,22,332.549,781.67,1
54,23,606.684,601.784,1
54,24,573.587,423.776,3
54,25,776.009,382.539,3
54,26,224.554,786.223,1
54,27,376.789,725.348,1
54,28,371.177,353.831,2
54,29,208.575,761.049,1
54.5,0,705.236,778.062,1
54.5,1,377.186,765.383,1
54.5,2,224.902,291.293,2
54.5,3,349.513,517.215,2
54.5,4,236.442,266.374,2
54.5,5,391.526,699.396,1
54.5,6,209.399,362.224,2
54.5,7,348.794,424.627,2
54.5,8,599.443,326.854,3
54.5,9,763.674,471.603,3
54.5,10,787.668,492.661,3
54.5,11,611.787,721.718,1
54.5,12,281.771,439.079,2
54.5,13,746.001,276.935,3
54.5,14,263.211,627.287,2
54.5,15,367.385,773.906,1
54.5,16,388.236,652.816,1
54.5,17,471.698,465.357,3
54.5,18,508.262,542.622,1
54.5,19,389.041,796.869,1
54.5,20,392.669,228.909,2
54.5,21,412.641,358.287,2
54.5,22,331.051,781.756,1
54.5,23,607.725,600.704,1
54.5,24,574.433,425.015,3
54.5,25,774.511,382.475,3
54.5,26,225.63,785.178,1
54.5,27,375.289,725.376,1
54.5,28,372.216,352.749,2
54.5,29,208.814,762.53,1
55,0,706.623,777.49,1
55,1,375.956,764.524,1
55,2,225.221,289.827,2
55,3,351.008,517.097,2
55,4,234.953,266.556,2
55,5,390.213,700.121,1
55,6,209.203,360.737,2
55,7,347.296,424.708,2
55,8,600.865,326.376,3
55,9,762.867,472.868,3
55,10,786.27,492.119,3
55,11,613.268,721.481,1
55,12,280.384,438.508,2
55,13,747.346,276.272,3
55,14,263.019,628.775,2
55,15,368.695,773.175,1
55,16,389.334,653.837,1
55,17,470.272,465.822,2
55,18,507.062,541.722,1
55,19,390.535,796.738,1
55,20,392.748,230.407,2
55,21,411.769,359.508,2
55,22,329.554,781.842,1
55,23,608.765,599.623,1
55,24,575.278,426.254,3
55,25,773.012,382.41,3
55,26,226.705,784.132,1
55,27,373.79,725.404,1
55,28,373.255,351.667,2
55,29,209.053,764.011,1
55.5,0,708.01,776.918,1
55.5,1,374.726,763.666,1
55.5,2,225.541,288.362,2
55.5,3,352.504,516.979,2
55.5,4,233.464,266.739,2
55.5,5,388.9,700.846,1
55.5,6,209.008,359.25,2
55.5,7,345.798,424.788,2
55.5,8,602.286,325.898,3
55.5,9,762.061,474.133,3
55.5,10,784.871,491.576,3
55.5,11,614.749,721.243,1
55.5,12,278.996,437.938,2
55.5,13,748.692,275.609,3
55.5,14,262.826,630.262,2
55.5,15,370.004,772.444,1
55.5,16,390.433,654.859,1
55.5,17,468.846,466.286,2
55.5,18,505.862,540.822,1
55.5,19,392.029,796.607,1
55.5,20,392.827,231.905,2
55.5,21,410.897,360.728,2
55.5,22,328.056,781.928,1
55.5,23,609.805,598.542,1
55.5,24,576.124,427.493,3
55.5,25,771.513,382.346,3
55.5,26,227.781,783.087,1
55.5,27,372.29,725.432,1
55.5,28,374.294,350.585,2
55.5,29,209.293,765.492,1
56,0,709.396,776.346,1
56,1,373.496,762.807,1
56,2,225.861,286.896,2
56,3,353.999,516.861,2
56,4,231.975,266.921,2
56,5,387.587,701.571,1
56,6,208.812,357.762,2
56,7,344.301,424.869,2
56,8,603.708,325.419,3
56,9,761.254,475.397,3
56,10,783.473,491.034,3
56,11,616.23,721.006,1
56,12,277.609,437.368,2
56,13,750.037,274.946,3
56,14,262.633,631.75,2
56,15,371.314,771.713,1
56,16,391.532,655.88,1
56,17,467.419,466.751,2
56,18,504.662,539.922,1
56,19,393.523,796.476,1
56,20,392.906,233.403,2
56,21,410.025,361.948,2
56,22,326.559,782.014,1
56,23,610.846,597.462,1
56,24,576.97,428.732,3
56,25,770.015,382.281,3
56,26,228.857,782.042,1
56,27,370.79,725.46,1
56,28,375.333,349.503,2
56,29,209.532,766.973,1
56.5,0,710.783,775.774,1
56.5,1,372.266,761.949,1
56.5,2,226.181,285.431,2
56.5,3,355.494,516.743,2
56.5,4,230.486,267.103,2
56.5,5,386.273,702.296,1
56.5,6,208.617,356.275,2
56.5,7,342.803,424.95,2
56.5,8,605.13,324.941,3
56.5,9,760.447,476.662,3
56.5,10,782.074,490.491,3
56.5,11,617.711,720.769,1
56.5,12,276.222,436.797,2
56.5,13,751.382,274.282,3
56.5,14,262.441,633.238,2
56.5,15,372.624,770.982,1
56.5,16,392.63,656.901,1
56.5,17,465.993,467.216,2
56.5,18,503.462,539.022,1
56.5,19,395.018,796.345,1
56.5,20,392.985,234.9,2
56.5,21,409.152,363.169,2
56.5,22,325.061,782.1,1
56.5,23,611.886,596.381,1
56.5,24,577.815,429.971,3
56.5,25,768.516,382.217,3
56.5,26,229.933,780.996,1
56.5,27,369.29,725.488,1
56.5,28,376.372,348.422,2
56.5,29,209.771,768.453,1
57,0,712.17,775.202,1
57,1,371.036,761.09,1
57,2,226.501,283.965,2
57,3,356.99,516.625,2
57,4,228.997,267.286,2
57,5,384.96,703.021,1
57,6,208.422,354.788,2
57,7,341.305,425.03,2
57,8,606.551,324.463,3
57,9,759.641,477.927,3
57,10,780.676,489.949,3
57,11,619.193,720.531,1
57,12,274.834,436.227,2
57,13,752.728,273.619,3
57,14,262.248,634.725,2
57,15,373.934,770.251,1
57,16,393.729,657.923,1
57,17,464.567,467.681,2
57,18,502.262,538.122,1
57,19,396.512,796.214,1
57,20,393.064,236.398,2
57,21,408.28,364.389,2
57,22,323.564,782.186,1
57,23,612.926,595.3,1
57,24,578.661,431.21,3
57,25,767.017,382.152,3
57,26,231.008,779.951,1
57,27,367.791,725.516,1
57,28,377.412,347.34,2
57,29,210.01,769.934,1
57.5,0,713.556,774.63,1
57.5,1,369.806,760.231,1
57.5,2,226.821,282.5,2
57.5,3,358.485,516.507,2
57.5,4,227.509,267.468,2
57.5,5,383.647,703.746,1
57.5,6,208.226,353.301,2
57.5,7,339.807,425.111,2
57.5,8,607.973,323.984,3
57.5,9,758.834,479.192,3
57.5,10,779.277,489.407,3
57.5,11,620.674,720.294,1
57.5,12,273.447,435.656,2
57.5,13,754.073,272.956,3
57.5,14,262.056,636.213,2
57.5,15,375.244,769.52,1
57.5,16,394.827,658.944,1
57.5,17,463.141,468.146,2
57.5,18,501.062,537.222,1
57.5,19,398.006,796.082,1
57.5,20,393.143,237.896,2
57.5,21,407.408,365.609,2
57.5,22,322.066,782.272,1
57.5,23,613.967,594.22,1
57.5,24,579.507,432.448,3
57.5,25,765.519,382.088,3
57.5,26,232.084,778.905,1
57.5,27,366.291,725.544,1
57.5,28,378.451,346.258,2
57.5,29,210.249,771.415,1
58,0,714.943,774.059,1
58,1,368.576,759.373,1
58,2,227.141,281.034,2
58,3,359.98,516.389,2
58,4,226.02,267.651,2
58,5,382.334,704.471,1
58,6,208.031,351.813,2
58,7,338.309,425.191,2
58,8,609.395,323.506,3
58,9,758.028,480.456,3
58,10,777.879,488.864,3
58,11,622.155,720.056,1
58,12,272.06,435.086,2
58,13,755.418,272.293,3
58,14,261.863,637.7,2
58,15,376.554,768.789,1
58,16,395.926,659.965,1
58,17,461.715,468.61,2
58,18,499.862,536.322,1
58,19,399.5,795.951,1
58,20,393.222,239.394,2
58,21,406.536,366.83,2
58,22,320.568,782.358,1
58,23,615.007,593.139,1
58,24,580.352,433.687,3
58,25,764.02,382.023,3
58,26,233.16,777.86,1
58,27,364.791,725.572,1
58,28,379.49,345.176,2
58,29,210.488,772.896,1
58.5,0,716.33,773.487,1
58.5,1,367.346,758.514,1
58.5,2,227.46,279.569,2
58.5,3,361.476,516.271,2
58.5,4,224.531,267.833,2
58.5,5,381.021,705.196,1
58.5,6,207.835,350.326,2
58.5,7,336.811,425.272,2
58.5,8,610.816,323.028,3
58.5,9,757.221,481.721,3
58.5,10,776.48,488.322,3
58.5,11,623.636,719.819,1
58.5,12,270.673,434.515,2
58.5,13,756.764,271.629,3
58.5,14,261.67,639.188,2
58.5,15,377.863,768.058,1
58.5,16,397.025,660.986,1
58.5,17,460.288,469.075,2
58.5,18,498.662,535.422,1
58.5,19,400.995,795.82,1
58.5,20,393.302,240.892,2
58.5,21,405.663,368.05,2
58.5,22,319.071,782.445,1
58.5,23,616.047,592.059,1
58.5,24,581.198,434.926,3
58.5,25,762.522,381.959,3
58.5,26,234.235,776.815,1
58.5,27,363.291,725.6,1
58.5,28,380.529,344.094,2
58.5,29,210.727,774.377,1
59,0,717.717,772.915,1
59,1,366.116,757.656,1
59,2,227.78,278.103,2
59,3,362.971,516.153,2
59,4,223.042,268.015,2
59,5,379.708,705.921,1
59,6,207.64,348.839,2
59,7,335.314,425.353,2
59,8,612.238,322.549,3
59,9,756.415,482.986,3
59,10,775.082,487.779,3
59,11,625.117,719.581,1
59,12,269.285,433.945,2
59,13,758.109,270.966,3
59,14,261.478,640.675,2
59,15,379.173,767.327,1
59,16,398.123,662.008,1
59,17,458.862,469.54,2
59,18,497.462,534.522,1
59,19,402.489,795.689,1
59,20,393.381,242.39,2
59,21,404.791,369.27,2
59,22,317.573,782.531,1
59,23,617.087,590.978,1
59,24,582.043,436.165,3
59,25,761.023,381.894,3
59,26,235.311,775.769,1
59,27,361.792,725.628,1
59,28,381.568,343.013,2
59,29,210.967,775.857,1
59.5,0,719.103,772.343,1
59.5,1,364.886,756.797,1
59.5,2,228.1,276.638,2
59.5,3,364.467,516.035,2
59.5,4,221.553,268.198,2
59.5,5,378.395,706.646,1
59.5,6,207.445,347.352,2
59.5,7,333.816,425.433,2
59.5,8,613.66,322.071,3
59.5,9,755.608,484.25,3
59.5,10,773.683,487.237,3
59.5,11,626.598,719.344,1
59.5,12,267.898,433.375,2
59.5,13,759.455,270.303,3
59.5,14,261.285,642.163,2
59.5,15,380.483,766.596,1
59.5,16,399.222,663.029,1
59.5,17,457.436,470.005,2
59.5,18,496.262,533.622,1
59.5,19,403.983,795.558,1
59.5,20,393.46,243.888,2
59.5,21,403.919,370.491,2
59.5,22,316.076,782.617,1
59.5,23,618.128,589.897,1
59.5,24,582.889,437.404,3
59.5,25,759.524,381.83,3
59.5,26,236.387,774.724,1
59.5,27,360.292,725.656,1
59.5,28,382.607,341.931,2
59.5,29,211.206,777.338,1
60,0,720.49,771.771,1
60,1,363.656,755.938,1
60,2,228.42,275.172,2
60,3,365.962,515.917,2
60,4,220.064,268.38,2
60,5,377.082,707.371,1
60,6,207.249,345.865,2
60,7,332.318,425.514,2
60,8,615.082,321.593,3
60,9,754.802,485.515,3
60,10,772.285,486.695,3
60,11,628.079,719.107,1
60,12,266.511,432.804,2
60,13,760.8,269.639,3
60,14,261.093,643.651,2
60,15,381.793,765.865,1
60,16,400.321,664.05,1
60,17,456.01,470.47,2
60,18,495.062,532.722,1
60,19,405.478,795.427,1
60,20,393.539,245.386,2
60,21,403.047,371.711,2
60,22,314.578,782.703,1
60,23,619.168,588.817,1
60,24,583.735,438.643,3
60,25,758.026,381.765,3
60,26,237.462,773.678,1
60,27,358.792,725.684,1
60,28,383.646,340.849,2
60,29,211.445,778.819,1
60.5,0,721.877,771.199,1
60.5,1,362.426,755.08,1
60.5,2,228.74,273.707,2
60.5,3,367.457,515.799,2
60.5,4,218.575,268.562,2
60.5,5,375.769,708.097,1
60.5,6,207.054,344.377,2
60.5,7,330.82,425.594,2
60.5,8,616.503,321.114,3
60.5,9,753.995,486.78,3
60.5,10,770.886,486.152,3
60.5,11,629.56,718.869,1
60.5,12,265.123,432.234,2
60.5,13,762.145,268.976,3
60.5,14,260.9,645.138,2
60.5,15,383.103,765.134,1
60.5,16,401.419,665.071,1
60.5,17,454.584,470.934,2
60.5,18,493.862,531.822,1
60.5,19,406.972,795.296,1
60.5,20,393.618,246.884,2
60.5,21,402.175,372.931,2
60.5,22,313.081,782.789,1
60.5,23,620.208,587.736,1
60.5,24,584.58,439.882,3
60.5,25,756.527,381.701,3
60.5,26,238.538,772.633,1
60.5,27,357.292,725.711,1
60.5,28,384.685,339.767,2
60.5,29,211.684,780.3,1
61,0,723.263,770.627,1
61,1,361.196,754.221,1
61,2,229.06,272.241,2
61,3,368.953,515.681,2
61,4,217.086,268.745,2
61,5,374.455,708.822,1
61,6,206.858,342.89,2
61,7,329.322,425.675,2
61,8,617.925,320.636,3
61,9,753.188,488.044,3
61,10,769.488,485.61,3
61,11,631.041,718.632,1
61,12,263.736,431.663,2
61,13,763.491,268.313,3
61,14,260.707,646.626,2
61,15,384.412,764.403,1
61,16,402.518,666.093,1
61,17,453.158,471.399,2
61,18,492.662,530.922,1
61,19,408.466,795.165,1
61,20,393.697,248.382,2
61,21,401.302,374.152,2
61,22,311.583,782.875,1
61,23,621.249,586.655,1
61,24,585.426,441.121,3
61,25,755.029,381.636,3
61,26,239.614,771.588,1
61,27,355.793,725.739,1
61,28,385.724,338.686,2
61,29,211.923,781.781,1
61.5,0,724.65,770.055,1
61.5,1,359.966,753.363,1
61.5,2,229.38,270.776,2
61.5,3,370.448,515.563,2
61.5,4,215.598,268.927,2
61.5,5,373.142,709.547,1
61.5,6,206.663,341.403,2
61.5,7,327.824,425.755,2
61.5,8,619.347,320.158,3
61.5,9,752.382,489.309,3
61.5,10,768.089,485.068,3
61.5,11,632.522,718.394,1
61.5,12,262.349,431.093,2
61.5,13,764.836,267.65,3
61.5,14,260.515,648.113,1
61.5,15,385.722,763.672,1
61.5,16,403.617,667.114,1
61.5,17,451.731,471.864,2
61.5,18,491.462,530.022,1
61.5,19,409.96,795.034,1
61.5,20,393.776,249.88,2
61.5,21,400.43,375.372,2
61.5,22,310.086,782.961,1
61.5,23,622.289,585.575,1
61.5,24,586.272,442.36,3
61.5,25,753.53,381.572,3
61.5,26,240.69,770.542,1
61.5,27,354.293,725.767,1
61.5,28,386.763,337.604,2
61.5,29,212.162,783.261,1
62,0,726.037,769.483,1
62,1,358.736,752.504,1
62,2,229.7,269.31,2
62,3,371.943,515.445,2
62,4,214.109,269.11,2
62,5,371.829,710.272,1
62,6,206.467,339.916,2
62,7,326.327,425.836,2
62,8,620.768,319.679,3
62,9,751.575,490.574,3
62,10,766.691,484.525,3
62,11,634.003,718.157,1
62,12,260.961,430.523,2
62,13,766.182,266.986,3
62,14,260.322,649.601,1
62,15,387.032,762.941,1
62,16,404.715,668.135,1
62,17,450.305,472.329,2
62,18,490.262,529.122,1
62,19,411.455,794.903,1
62,20,393.855,251.377,2
62,21,399.558,376.592,2
62,22,308.588,783.047,1
62,23,623.329,584.494,1
62,24,587.117,443.599,3
62,25,752.031,381.507,3
62,26,241.765,769.497,1
62,27,352.793,725.795,1
62,28,387.803,336.522,2
62,29,212.402,784.742,1
62.5,0,727.423,768.911,1
62.5,1,357.506,751.645,1
62.5,2,230.019,267.845,2
62.5,3,373.439,515.327,2
62.5,4,212.62,269.292,2
62.5,5,370.516,710.997,1
62.5,6,206.272,338.428,2
62.5,7,324.829,425.917,2
62.5,8,622.19,319.201,3
62.5,9,750.769,491.838,3
62.5,10,765.292,483.983,3
62.5,11,635.485,717.919,1
62.5,12,259.574,429.952,2
62.5,13,767.527,266.323,3
62.5,14,260.129,651.089,1
62.5,15,388.342,762.21,1
62.5,16,405.814,669.157,1
62.5,17,448.879,472.794,2
62.5,18,489.062,528.222,1
62.5,19,412.949,794.772,1
62.5,20,393.934,252.875,2
62.5,21,398.686,377.813,2
62.5,22,307.091,783.133,1
62.5,23,624.37,583.413,1
62.5,24,587.963,444.837,3
62.5,25,750.533,381.443,3
62.5,26,242.841,768.451,1
62.5,27,351.293,725.823,1
62.5,28,388.842,335.44,2
62.5,29,212.641,786.223,1
63,0,728.81,768.339,1
63,1,356.276,750.787,1
63,2,230.339,266.379,2
63,3,374.934,515.209,2
63,4,211.131,269.474,2
63,5,369.203,711.722,1
63,6,206.077,336.941,2
63,7,323.331,425.997,2
63,8,623.612,318.723,3
63,9,749.962,493.103,3
63,10,763.894,483.44,3
63,11,636.966,717.682,1
63,12,258.187,429.382,2
63,13,768.872,265.66,3
63,14,259.937,652.576,1
63,15,389.652,761.479,1
63,16,406.912,670.178,1
63,17,447.453,473.258,2
63,18,487.862,527.322,1
63,19,414.443,794.641,1
63,20,394.013,254.373,2
63,21,397.813,379.033,2
63,22,305.593,783.219,1
63,23,625.41,582.333,1
63,24,588.809,446.076,3
63,25,749.034,381.378,3
63,26,243.917,767.406,1
63,27,349.794,725.851,1
63,28,389.881,334.358,2
63,29,212.88,787.704,1
63.5,0,730.197,767.768,1
63.5,1,355.047,749.928,1
63.5,2,230.659,264.914,2
63.5,3,376.429,515.091,2
63.5,4,209.642,269.657,2
63.5,5,367.89,712.447,1
63.5,6,205.881,335.454,2
63.5,7,321.833,426.078,2
63.5,8,625.033,318.244,3
63.5,9,749.156,494.368,3
63.5,10,762.495,482.898,3
63.5,11,638.447,717.445,1
63.5,12,256.799,428.811,2
63.5,13,770.218,264.997,3
63.5,14,259.744,654.064,1
63.5,15,390.961,760.748,1
63.5,16,408.011,671.199,1
63.5,17,446.027,473.723,2
63.5,18,486.662,526.422,1
63.5,19,415.937,794.51,1
63.5,20,394.092,255.871,2
63.5,21,396.941,380.253,2
63.5,22,304.096,783.305,1
63.5,23,626.45,581.252,1
63.5,24,589.654,447.315,3
63.5,25,747.536,381.314,3
63.5,26,244.992,766.361,1
63.5,27,348.294,725.879,1
63.5,28,390.92,333.277,2
63.5,29,213.119,789.185,1
64,0,731.583,767.196,1
64,1,353.817,749.07,1
64,2,230.979,263.448,2
64,3,377.925,514.973,2
64,4,208.153,269.839,2
64,5,366.577,713.172,1
64,6,205.686,333.967,2
64,7,320.335,426.158,2
64,8,626.455,317.766,3
64,9,748.349,495.633,3
64,10,761.097,482.356,3
64,11,639.928,717.207,1
64,12,255.412,428.241,2
64,13,771.563,264.333,3
64,14,259.552,655.551,1
64,15,392.271,760.017,1
64,16,409.11,672.22,1
64,17,444.601,474.188,2
64,18,485.462,525.522,1
64,19,417.432,794.378,1
64,20,394.172,257.369,2
64,21,396.069,381.474,2
64,22,302.598,783.391,1
64,23,627.491,580.172,1
64,24,590.5,448.554,3
64,25,746.037,381.249,3
64,26,246.068,765.315,1
64,27,346.794,725.907,1
64,28,391.959,332.195,2
64,29,213.358,790.666,1
64.5,0,732.97,766.624,1
64.5,1,352.587,748.211,1
64.5,2,231.299,261.983,2
64.5,3,379.42,514.855,2
64.5,4,206.664,270.022,2
64.5,5,365.264,713.897,1
64.5,6,205.49,332.48,2
64.5,7,318.837,426.239,2
64.5,8,627.877,317.288,3
64.5,9,747.542,496.897,3
64.5,10,759.698,481.813,3
64.5,11,641.409,716.97,1
64.5,12,254.025,427.671,2
64.5,13,772.909,263.67,3
64.5,14,259.359,657.039,1
64.5,15,393.581,759.286,1
64.5,16,410.208,673.242,1
64.5,17,443.174,474.653,2
64.5,18,484.262,524.622,1
64.5,19,418.926,794.247,1
64.5,20,394.251,258.867,2
64.5,21,395.197,382.694,2
64.5,22,301.101,783.477,1
64.5,23,628.531,579.091,1
64.5,24,591.346,449.793,3
64.5,25,744.538,381.185,3
64.5,26,247.144,764.27,1
64.5,27,345.295,725.935,1
64.5,28,392.998,331.113,2
64.5,29,213.597,792.146,1
65,0,734.357,766.052,1
65,1,351.357,747.352,1
65,2,231.619,260.517,2
65,3,380.915,514.737,2
65,4,205.175,270.204,2
65,5,363.951,714.622,1
65,6,205.295,330.992,2
65,7,317.34,426.32,2
65,8,629.298,316.809,3
65,9,746.736,498.162,3
65,10,758.3,481.271,3
65,11,642.89,716.732,1
65,12,252.638,427.1,2
65,13,774.254,263.007,3
65,14,259.166,658.526,1
65,15,394.891,758.555,1
65,16,411.307,674.263,1
65,17,441.748,475.118,2
65,18,483.062,523.722,1
65,19,420.42,794.116,1
65,20,394.33,260.365,2
65,21,394.324,383.914,2
65,22,299.603,783.563,1
65,23,629.571,578.01,1
65,24,592.191,451.032,3
65,25,743.04,381.12,3
65,26,248.219,763.224,1
65,27,343.795,725.963,1
65,28,394.037,330.031,2
65,29,213.836,793.627,1
65.5,0,735.744,765.48,1
65.5,1,350.127,746.494,1
65.5,2,231.939,259.052,2
65.5,3,382.411,514.619,2
65.5,4,203.687,270.386,2
65.5,5,362.637,715.347,1
65.5,6,205.1,329.505,2
65.5,7,315.842,426.4,2
65.5,8,630.72,316.331,3
65.5,9,745.929,499.427,3
65.5,10,756.901,480.728,3
65.5,11,644.371,716.495,1
65.5,12,251.25,426.53,2
65.5,13,775.599,262.344,3
65.5,14,258.974,660.014,1
65.5,15,396.201,757.824,1
65.5,16,412.406,675.284,1
65.5,17,440.322,475.582,2
65.5,18,481.862,522.822,1
65.5,19,421.914,793.985,1
65.5,20,394.409,261.863,2
65.5,21,393.452,385.135,2
65.5,22,298.106,783.649,1
65.5,23,630.611,576.93,1
65.5,24,593.037,452.271,3
65.5,25,741.541,381.056,3
65.5,26,249.295,762.179,1
65.5,27,342.295,725.991,1
65.5,28,395.076,328.949,2
65.5,29,214.076,795.108,1
66,0,737.13,764.908,1
66,1,348.897,745.635,1
66,2,232.258,257.586,2
66,3,383.906,514.5,2
66,4,202.198,270.569,2
66,5,361.324,716.072,1
66,6,204.904,328.018,2
66,7,314.344,426.481,2
66,8,632.142,315.853,3
66,9,745.123,500.691,3
66,10,755.503,480.186,3
66,11,645.852,716.257,1
66,12,249.863,425.959,2
66,13,776.945,261.68,3
66,14,258.781,661.502,1
66,15,397.51,757.093,1
66,16,413.504,676.305,1
66,17,438.896,476.047,2
66,18,480.662,521.922,1
66,19,423.409,793.854,1
66,20,394.488,263.361,2
66,21,392.58,386.355,2
66,22,296.608,783.736,1
66,23,631.652,575.849,1
66,24,593.883,453.51,3
66,25,740.042,380.991,3
66,26,250.371,761.134,1
66,27,340.795,726.019,1
66,28,396.115,327.868,2
66,29,214.315,796.589,1
66.5,0,738.517,764.336,1
66.5,1,347.667,744.777,1
66.5,2,232.578,256.121,2
66.5,3,385.401,514.382,2
66.5,4,201.55,270.904,2
66.5,5,360.011,716.797,1
66.5,6,204.709,326.531,2
66.5,7,312.846,426.561,2
66.5,8,633.563,315.374,3
66.5,9,744.316,501.956,3
66.5,10,754.104,479.644,3
66.5,11,647.333,716.02,1
66.5,12,248.476,425.389,2
66.5,13,778.29,261.017,3
66.5,14,258.588,662.989,1
66.5,15,398.82,756.362,1
66.5,16,414.603,677.327,1
66.5,17,437.47,476.512,2
66.5,18,479.462,521.022,1
66.5,19,424.903,793.723,1
66.5,20,394.567,264.859,2
66.5,21,391.708,387.576,2
66.5,22,295.11,783.822,1
66.5,23,632.692,574.768,1
66.5,24,594.728,454.749,3
66.5,25,738.544,380.927,3
66.5,26,251.447,760.088,1
66.5,27,339.296,726.047,1
66.5,28,397.154,326.786,2
66.5,29,214.554,798.07,1
67,0,739.904,763.764,1
67,1,346.437,743.918,1
67,2,232.898,254.655,2
67,3,386.897,514.264,2
67,4,202.603,271.972,2
67,5,358.698,717.523,1
67,6,204.513,325.044,2
67,7,311.348,426.642,2
67,8,634.985,314.896,3
67,9,743.51,503.221,3
67,10,752.706,479.101,3
67,11,648.814,715.783,1
67,12,247.088,424.818,2
67,13,779.636,260.354,3
67,14,258.396,664.477,1
67,15,400.13,755.631,1
67,16,415.702,678.348,1
67,17,436.044,476.977,2
67,18,478.262,520.122,1
67,19,426.397,793.592,1
67,20,394.646,266.357,2
67,21,390.836,388.796,2
67,22,293.613,783.908,1
67,23,633.732,573.688,1
67,24,595.574,455.988,3
67,25,737.045,380.862,3
67,26,252.522,759.043,1
67,27,337.796,726.075,1
67,28,398.194,325.704,2
67,29,214.454,798.123,1
67.5,0,741.29,763.192,1
67.5,1,345.207,743.059,1
67.5,2,233.218,253.19,2
67.5,3,388.392,514.146,2
67.5,4,203.656,273.04,2
67.5,5,357.385,718.248,1
67.5,6,204.318,323.556,2
67.5,7,309.85,426.723,2
67.5,8,636.407,314.418,3
67.5,9,742.703,504.485,3
67.5,10,751.307,478.559,3
67.5,11,650.295,715.545,1
67.5,12,245.701,424.248,2
67.5,13,780.981,259.69,3
67.5,14,258.203,665.964,1
67.5,15,401.44,754.9,1
67.5,16,416.8,679.369,1
67.5,17,434.617,477.442,2
67.5,18,477.062,519.222,1
67.5,19,427.891,793.461,1
67.5,20,394.725,267.855,2
67.5,21,389.963,390.016,2
67.5,22,292.115,783.994,1
67.5,23,634.773,572.607,1
67.5,24,596.419,457.226,3
67.5,25,735.547,380.798,3
67.5,26,253.598,757.997,1
67.5,27,336.296,726.103,1
67.5,28,399.233,324.622,2
67.5,29,213.95,796.71,1
68,0,742.677,762.62,1
68,1,343.977,742.201,1
68,2,233.538,251.724,2
68,3,389.887,514.028,2
68,4,204.71,274.108,2
68,5,356.072,718.973,1
68,6,204.122,322.069,2
68,7,308.353,426.803,2
68,8,637.829,313.939,3
68,9,741.897,505.75,3
68,10,749.909,478.017,3
68,11,651.777,715.308,1
68,12,244.314,423.678,2
68,13,782.326,259.027,3
68,14,258.011,667.452,1
68,15,402.75,754.169,1
68,16,417.899,680.391,1
68,17,433.191,477.906,2
68,18,475.862,518.322,1
68,19,429.386,793.33,1
68,20,394.804,269.352,2
68,21,389.091,391.237,2
68,22,290.618,784.08,1
68,23,635.813,571.527,1
68,24,597.265,458.465,3
68,25,734.048,380.733,3
68,26,254.674,756.952,1
68,27,334.796,726.131,1
68,28,400.272,323.54,2
68,29,213.445,795.298,1
68.5,0,744.064,762.048,1
68.5,1,342.747,741.342,1
68.5,2,233.858,250.259,2
68.5,3,391.383,513.91,2
68.5,4,205.763,275.176,2
68.5,5,354.759,719.698,1
68.5,6,203.927,320.582,2
68.5,7,306.855,426.884,2
68.5,8,639.25,313.461,3
68.5,9,741.09,507.015,3
68.5,10,748.51,477.474,3
68.5,11,653.258,715.07,1
68.5,12,242.926,423.107,2
68.5,13,783.672,258.364,3
68.5,14,257.818,668.939,1
68.5,15,404.06,753.438,1
68.5,16,418.997,681.412,1
68.5,17,431.765,478.371,2
68.5,18,474.662,517.422,1
68.5,19,430.88,793.199,1
68.5,20,394.883,270.85,2
68.5,21,388.219,392.457,2
68.5,22,289.12,784.166,1
68.5,23,636.853,570.446,1
68.5,24,598.111,459.704,3
68.5,25,732.549,380.669,3
68.5,26,255.749,755.907,1
68.5,27,333.297,726.159,1
68.5,28,401.311,322.459,2
68.5,29,212.941,793.885,1
69,0,745.45,761.477,1
69,1,341.517,740.484,1
69,2,234.178,248.793,2
69,3,392.878,513.792,2
69,4,206.816,276.244,2
69,5,353.446,720.423,1
69,6,203.732,319.095,2
69,7,305.357,426.964,2
69,8,640.672,312.983,3
69,9,740.283,508.28,3
69,10,747.112,476.932,3
69,11,654.739,714.833,1
69,12,241.539,422.537,2
69,13,785.017,257.701,3
69,14,257.625,670.427,1
69,15,405.369,752.707,1
69,16,420.096,682.433,1
69,17,430.339,478.836,2
69,18,473.462,516.522,1
69,19,432.374,793.068,1
69,20,394.962,272.348,2
69,21,387.347,393.677,2
69,22,287.623,784.252,1
69,23,637.894,569.365,3
69,24,598.956,460.943,3
69,25,731.051,380.604,3
69,26,256.825,754.861,1
69,27,331.797,726.187,1
69,28,402.35,321.377,2
69,29,212.436,792.472,1
69.5,0,746.837,760.905,1
69.5,1,340.287,739.625,1
69.5,2,234.497,247.328,2
69.5,3,394.373,513.674,2
69.5,4,207.869,277.312,2
69.5,5,352.133,721.148,1
69.5,6,203.536,317.607,2
69.5,7,303.859,427.045,2
69.5,8,642.094,312.504,3
69.5,9,739.477,509.544,3
69.5,10,745.713,476.389,3
69.5,11,656.22,714.595,1
69.5,12,240.152,421.966,2
69.5,13,786.362,257.037,3
69.5,14,257.433,671.915,1
69.5,15,406.679,751.976,1
69.5,16,421.195,683.454,1
69.5,17,428.913,479.301,2
69.5,18,472.262,515.622,1
69.5,19,433.868,792.937,1
69.5,20,395.041,273.846,2
69.5,21,386.474,394.898,2
69.5,22,286.125,784.338,1
69.5,23,638.934,568.285,3
69.5,24,599.802,462.182,3
69.5,25,729.552,380.54,3
69.5,26,257.901,753.816,1
69.5,27,330.297,726.215,1
69.5,28,403.389,320.295,2
69.5,29,211.932,791.06,1
70,0,748.224,760.333,1
70,1,339.057,738.766,1
70,2,234.817,245.862,2
70,3,395.869,513.556,2
70,4,208.922,278.38,2
70,5,350.819,721.873,1
70,6,203.341,316.12,2
70,7,302.361,427.126,2
70,8,643.515,312.026,3
70,9,738.67,510.809,3
70,10,744.315,475.847,3
70,11,657.701,714.358,1
70,12,238.764,421.396,2
70,13,787.708,256.374,3
70,14,257.24,673.402,1
70,15,407.989,751.245,1
70,16,422.293,684.476,1
70,17,427.487,479.766,2
70,18,471.062,514.722,1
70,19,435.363,792.805,1
70,20,395.121,275.344,2
70,21,385.602,396.118,2
70,22,284.628,784.424,1
70,23,639.974,567.204,3
70,24,600.648,463.421,3
70,25,728.054,380.475,3
70,26,258.977,752.77,1
70,27,328.797,726.243,1
70,28,404.428,319.213,2
70,29,211.427,789.647,1
70.5,0,749.611,759.761,1
70.5,1,337.827,737.908,1
70.5,2,235.137,244.397,2
70.5,3,397.364,513.438,2
70.5,4,209.976,279.448,2
70.5,5,349.506,722.598,1
70.5,6,203.145,314.633,2
70.5,7,300.863,427.206,2
70.5,8,644.937,311.548,3
70.5,9,737.864,512.074,3
70.5,10,742.916,475.305,3
70.5,11,659.182,714.121,1
70.5,12,237.377,420.826,2
70.5,13,789.053,255.711,3
70.5,14,257.047,674.89,1
70.5,15,409.299,750.513,1
70.5,16,423.392,685.497,1
70.5,17,426.06,480.23,2
70.5,18,469.862,513.822,1
70.5,19,436.857,792.674,1
70.5,20,395.2,276.842,2
70.5,21,384.73,397.338,2
70.5,22,283.13,784.51,1
70.5,23,641.014,566.123,3
70.5,24,601.493,464.66,3
70.5,25,726.555,380.411,3
70.5,26,260.052,751.725,1
70.5,27,327.298,726.271,1
70.5,28,405.467,318.131,2
70.5,29,210.923,788.235,1
71,0,750.997,759.189,1
71,1,336.597,737.049,1
71,2,235.457,242.931,2
71,3,398.86,513.32,2
71,4,211.029,280.516,2
71,5,348.193,723.323,1
71,6,202.95,313.146,2
71,7,299.366,427.287,2
71,8,646.359,311.069,3
71,9,737.057,513.338,3
71,10,741.518,474.762,3
71,11,660.663,713.883,1
71,12,235.99,420.255,2
71,13,790.399,255.048,3
71,14,256.855,676.377,1
71,15,410.609,749.782,1
71,16,424.491,686.518,1
71,17,424.634,480.695,2
71,18,468.662,512.922,2
71,19,438.351,792.543,1
71,20,395.279,278.34,2
71,21,383.858,398.559,2
71,22,281.633,784.596,1
71,23,642.055,565.043,3
71,24,602.339,465.899,3
71,25,725.056,380.346,3
71,26,261.128,750.68,1
71,27,325.798,726.299,1
71,28,406.506,317.05,2
71,29,210.418,786.822,1
71.5,0,752.384,758.617,1
71.5,1,335.367,736.191,1
71.5,2,235.777,241.466,2
71.5,3,400.355,513.202,2
71.5,4,212.082,281.585,2
71.5,5,346.88,724.048,1
71.5,6,202.755,311.659,2
71.5,7,297.868,427.367,2
71.5,8,647.78,310.591,3
71.5,9,736.251,514.603,3
71.5,10,740.119,474.22,3
71.5,11,662.144,713.646,1
71.5,12,234.602,419.685,2
71.5,13,791.744,254.384,3
71.5,14,256.662,677.865,1
71.5,15,411.918,749.051,1
71.5,16,425.589,687.539,1
71.5,17,423.208,481.16,2
71.5,18,467.462,512.022,2
71.5,19,439.846,792.412,1
71.5,20,395.358,279.838,2
71.5,21,382.986,399.779,2
71.5,22,280.135,784.682,1
71.5,23,643.095,563.962,3
71.5,24,603.185,467.138,3
71.5,25,723.558,380.282,3
71.5,26,262.204,749.634,1
71.5,27,324.298,726.327,1
71.5,28,407.545,315.968,2
71.5,29,209.913,785.409,1
72,0,753.771,758.045,1
72,1,334.137,735.332,1
72,2,236.097,240,2
72,3,401.85,513.084,2
72,4,213.135,282.653,2
72,5,345.567,724.773,1
72,6,202.559,310.171,2
72,7,296.37,427.448,2
72,8,649.202,310.113,3
72,9,735.444,515.868,3
72,10,738.721,473.678,3
72,11,663.625,713.408,1
72,12,233.215,419.114,2
72,13,793.089,253.721,3
72,14,256.47,679.353,1
72,15,413.228,748.32,1
72,16,426.688,688.561,1
72,17,421.782,481.625,2
72,18,466.262,511.122,2
72,19,441.34,792.281,1
72,20,395.437,281.336,2
72,21,382.113,400.999,2
72,22,278.638,784.768,1
72,23,644.135,562.881,3
72,24,604.03,468.377,3
72,25,722.059,380.217,3
72,26,263.279,748.589,1
72,27,322.798,726.355,1
72,28,408.585,314.886,2
72,29,209.409,783.997,1
72.5,0,755.157,757.473,1
72.5,1,332.907,734.473,1
72.5,2,236.417,238.535,2
72.5,3,403.346,512.966,2
72.5,4,214.188,283.721,2
72.5,5,344.254,725.498,1
72.5,6,202.364,308.684,2
72.5,7,294.872,427.529,2
72.5,8,650.624,309.634,3
72.5,9,734.637,517.132,3
72.5,10,737.322,473.135,3
72.5,11,665.106,713.171,1
72.5,12,231.828,418.544,2
72.5,13,794.435,253.058,3
72.5,14,256.277,680.84,1
72.5,15,414.538,747.589,1
72.5,16,427.787,689.582,1
72.5,17,420.356,482.09,2
72.5,18,465.062,510.222,2
72.5,19,442.834,792.15,1
72.5,20,395.516,282.834,2
72.5,21,381.241,402.22,2
72.5,22,277.14,784.854,1
72.5,23,645.176,561.801,3
72.5,24,604.876,469.615,3
72.5,25,720.56,380.153,3
72.5,26,264.355,747.543,1
72.5,27,321.299,726.383,1
72.5,28,409.624,313.804,2
72.5,29,208.904,782.584,1
73,0,756.544,756.901,1
73,1,331.677,733.615,1
73,2,236.736,237.069,2
73,3,404.841,512.848,2
73,4,215.242,284.789,2
73,5,342.941,726.223,1
73,6,202.168,307.197,2
73,7,293.374,427.609,2
73,8,652.045,309.156,3
73,9,733.831,518.397,3
73,10,735.924,472.593,3
73,11,666.587,712.933,1
73,12,230.441,417.974,2
73,13,795.78,252.395,3
73,14,256.084,682.328,1
73,15,415.848,746.858,1
73,16,428.885,690.603,1
73,17,418.93,482.554,2
73,18,463.862,509.322,2
73,19,444.328,792.019,1
73,20,395.595,284.332,2
73,21,380.369,403.44,2
73,22,275.643,784.941,1
73,23,646.216,560.72,3
73,24,605.722,470.854,3
73,25,719.062,380.088,3
73,26,265.431,746.498,1
73,27,319.799,726.411,1
73,28,410.663,312.723,2
73,29,208.4,781.172,1
73.5,0,757.931,756.329,1
73.5,1,330.447,732.756,1
73.5,2,237.056,235.604,2
73.5,3,406.336,512.73,2
73.5,4,216.295,285.857,2
73.5,5,341.628,726.949,1
73.5,6,201.973,305.71,2
73.5,7,291.876,427.69,2
73.5,8,653.467,308.678,3
73.5,9,733.024,519.662,3
73.5,10,734.525,472.05,3
73.5,11,668.069,712.696,1
73.5,12,229.053,417.403,2
73.5,13,797.126,251.731,3
73.5,14,255.892,683.815,1
73.5,15,417.158,746.127,1
73.5,16,429.984,691.625,1
73.5,17,417.503,483.019,2
73.5,18,462.662,508.422,2
73.5,19,445.823,791.888,1
73.5,20,395.674,285.83,2
73.5,21,379.497,404.66,2
73.5,22,274.145,785.027,1
73.5,23,647.256,559.64,3
73.5,24,606.567,472.093,3
73.5,25,717.563,380.024,3
73.5,26,266.506,745.453,1
73.5,27,318.299,726.439,1
73.5,28,411.702,311.641,2
73.5,29,207.895,779.759,1
74,0,759.317,755.757,1
74,1,329.217,731.898,1
74,2,237.376,234.138,2
74,3,407.832,512.612,2
74,4,217.348,286.925,2
74,5,340.315,727.674,1
74,6,201.777,304.223,2
74,7,290.379,427.77,2
74,8,654.889,308.199,3
74,9,732.218,520.927,3
74,10,733.127,471.508,3
74,11,669.55,712.459,1
74,12,227.666,416.833,2
74,13,798.471,251.068,3
74,14,255.699,685.303,1
74,15,418.467,745.396,1
74,16,431.082,692.646,1
74,17,416.077,483.484,2
74,18,461.462,507.522,2
74,19,447.317,791.757,1
74,20,395.753,287.327,2
74,21,378.624,405.881,2
74,22,272.648,785.113,1
74,23,648.297,558.559,3
74,24,607.413,473.332,3
74,25,716.065,379.959,3
74,26,267.582,744.407,1
74,27,316.8,726.467,1
74,28,412.741,310.559,2
74,29,207.391,778.346,1
74.5,0,760.704,755.186,1
74.5,1,327.987,731.039,1
74.5,2,237.696,232.673,2
74.5,3,409.327,512.494,2
74.5,4,218.401,287.993,2
74.5,5,339.001,728.399,1
74.5,6,201.582,302.735,2
74.5,7,288.881,427.851,2
74.5,8,656.311,307.721,3
74.5,9,731.411,522.191,3
74.5,10,731.728,470.966,3
74.5,11,671.031,712.221,1
74.5,12,226.279,416.262,2
74.5,13,798.474,251.919,3
74.5,14,255.506,686.79,1
74.5,15,419.777,744.665,1
74.5,16,432.181,693.667,1
74.5,17,414.651,483.949,2
74.5,18,460.262,506.622,2
74.5,19,448.811,791.626,1
74.5,20,395.832,288.825,2
74.5,21,377.752,407.101,2
74.5,22,271.15,785.199,1
74.5,23,649.337,557.478,3
74.5,24,608.259,474.571,3
74.5,25,714.566,379.895,3
74.5,26,268.658,743.362,1
74.5,27,315.3,726.495,1
74.5,28,413.78,309.477,2
74.5,29,206.886,776.934,1
75,0,762.091,754.614,1
75,1,326.757,730.18,1
75,2,238.016,231.207,2
75,3,410.822,512.376,2
75,4,219.455,289.061,2
75,5,337.688,729.124,1
75,6,201.387,301.248,2
75,7,287.383,427.932,2
75,8,657.732,307.243,3
75,9,730.605,523.456,3
75,10,730.33,470.423,3
75,11,672.512,711.984,1
75,12,224.891,415.692,2
75,13,798.163,253.386,3
75,14,255.314,688.278,1
75,15,421.087,743.934,1
75,16,433.28,694.688,1
75,17,413.225,484.413,2
75,18,459.062,505.722,2
75,19,450.305,791.495,1
75,20,395.911,290.323,2
75,21,376.88,408.321,2
75,22,269.652,785.285,1
75,23,650.377,556.398,3
75,24,609.104,475.81,3
75,25,713.067,379.83,3
75,26,269.734,742.316,1
75,27,313.8,726.523,1
75,28,414.819,308.395,2
75,29,206.382,775.521,1
75.5,0,763.477,754.042,1
75.5,1,325.527,729.322,1
75.5,2,238.336,229.742,2
75.5,3,412.318,512.258,2
75.5,4,220.508,290.129,2
75.5,5,336.375,729.849,1
75.5,6,202.044,300.68,2
75.5,7,285.885,428.012,2
75.5,8,659.154,306.764,3
75.5,9,729.798,524.721,3
75.5,10,728.931,469.881,3
75.5,11,673.993,711.746,1
75.5,12,223.504,415.121,2
75.5,13,797.852,254.854,3
75.5,14,255.121,689.766,1
75.5,15,422.397,743.203,1
75.5,16,434.378,695.71,1
75.5,17,411.799,484.878,2
75.5,18,457.862,504.822,2
75.5,19,451.8,791.364,1
75.5,20,395.991,291.821,2
75.5,21,376.008,409.542,2
75.5,22,268.155,785.371,1
75.5,23,651.418,555.317,3
75.5,24,609.95,477.049,3
75.5,25,711.569,379.766,3
75.5,26,270.809,741.271,1
75.5,27,312.3,726.551,1
75.5,28,415.858,307.314,2
75.5,29,205.877,774.109,1
76,0,764.864,753.47,1
76,1,324.297,728.463,1
76,2,238.656,228.276,2
76,3,413.813,512.14,2
76,4,221.561,291.197,2
76,5,335.062,730.574,1
76,6,203.531,300.478,2
76,7,284.387,428.093,2
76,8,660.576,306.286,3
76,9,728.992,525.985,3
76,10,727.533,469.338,3
76,11,675.474,711.509,1
76,12,222.117,414.551,2
76,13,797.541,256.321,3
76,14,254.929,691.253,1
76,15,423.707,742.472,1
76,16,435.477,696.731,1
76,17,410.372,485.343,2
76,18,456.662,503.922,2
76,19,453.294,791.233,1
76,20,396.07,293.319,2
76,21,375.136,410.762,2
76,22,266.657,785.457,1
76,23,652.458,554.236,3
76,24,610.796,478.288,3
76,25,710.07,379.701,3
76,26,271.885,740.226,1
76,27,310.801,726.579,1
76,28,416.897,306.232,2
76,29,205.373,772.696,1
76.5,0,766.251,752.898,1
76.5,1,323.068,727.605,1
76.5,2,238.976,226.811,2
76.5,3,415.308,512.022,2
76.5,4,222.614,292.265,2
76.5,5,333.749,731.299,1
76.5,6,205.017,300.276,2
76.5,7,282.889,428.173,2
76.5,8,661.997,305.808,3
76.5,9,728.185,527.25,3
76.5,10,726.134,468.796,3
76.5,11,676.955,711.272,1
76.5,12,220.729,413.981,2
76.5,13,797.23,257.788,3
76.5,14,254.736,692.741,1
76.5,15,425.016,741.741,1
76.5,16,436.576,697.752,1
76.5,17,408.946,485.808,2
76.5,18,455.462,503.022,2
76.5,19,454.788,791.101,1
76.5,20,396.149,294.817,2
76.5,21,374.263,411.982,2
76.5,22,265.16,785.543,1
76.5,23,653.498,553.156,3
76.5,24,611.641,479.527,3
76.5,25,708.572,379.637,3
76.5,26,272.961,739.18,1
76.5,27,309.301,726.607,1
76.5,28,417.936,305.15,2
76.5,29,204.868,771.283,1
77,0,767.638,752.326,1
77,1,321.838,726.746,1
77,2,239.295,225.345,2
77,3,416.804,511.904,2
77,4,223.667,293.333,2
77,5,332.436,732.024,1
77,6,206.503,300.074,2
77,7,281.392,428.254,2
77,8,663.419,305.329,3
77,9,727.378,528.515,3
77,10,724.736,468.254,3
77,11,678.436,711.034,1
77,12,219.342,413.41,2
77,13,796.919,259.256,3
77,14,254.543,694.228,1
77,15,426.326,741.01,1
77,16,437.674,698.773,1
77,17,407.52,486.273,2
77,18,454.262,502.122,2
77,19,456.282,790.97,1
77,20,396.228,296.315,2
77,21,373.391,413.203,2
77,22,263.662,785.629,1
77,23,654.538,552.075,3
77,24,612.487,480.766,3
77,25,707.073,379.572,3
77,26,274.036,738.135,1
77,27,307.801,726.635,1
77,28,418.976,304.068,2
77,29,204.363,769.871,1
77.5,0,769.024,751.754,1
77.5,1,320.608,725.887,1
77.5,2,239.615,223.88,2
77.5,3,418.299,511.786,2
77.5,4,224.721,294.401,2
77.5,5,331.123,732.749,1
77.5,6,207.99,299.872,2
77.5,7,279.894,428.335,2
77.5,8,664.841,304.851,3
77.5,9,726.572,529.779,3
77.5,10,723.337,467.711,3
77.5,11,679.917,710.797,1
77.5,12,217.955,412.84,2
77.5,13,796.608,260.723,3
77.5,14,254.351,695.716,1
77.5,15,427.636,740.279,1
77.5,16,438.773,699.795,1
77.5,17,406.094,486.737,2
77.5,18,453.062,501.222,2
77.5,19,457.777,790.839,1
77.5,20,396.307,297.813,2
77.5,21,372.519,414.423,2
77.5,22,262.165,785.715,1
77.5,23,655.579,550.995,3
77.5,24,613.332,482.004,3
77.5,25,705.574,379.508,3
77.5,26,275.112,737.089,1
77.5,27,306.301,726.663,1
77.5,28,420.015,302.986,2
77.5,29,203.859,768.458,1
78,0,770.411,751.182,1
78,1,319.378,725.029,1
78,2,239.935,222.414,2
78,3,419.794,511.667,2
78,4,225.774,295.469,2
78,5,329.81,733.474,1
78,6,209.476,299.669,2
78,7,278.396,428.415,2
78,8,666.262,304.373,3
78,9,725.765,531.044,3
78,10,721.939,467.169,3
78,11,681.398,710.559,1
78,12,216.567,412.269,2
78,13,796.297,262.191,3
78,14,254.158,697.204,1
78,15,428.946,739.548,1
78,16,439.872,700.816,1
78,17,404.668,487.202,2
78,18,451.862,500.322,2
78,19,459.271,790.708,1
78,20,396.386,299.311,2
78,21,371.647,415.643,2
78,22,260.667,785.801,1
78,23,656.619,549.914,3
78,24,614.178,483.243,3
78,25,704.076,379.443,3
78,26,276.188,736.044,1
78,27,304.802,726.691,1
78,28,421.054,301.905,2
78,29,203.354,767.046,1
78.5,0,771.798,750.61,1
78.5,1,318.148,724.17,1
78.5,2,240.255,220.949,2
78.5,3,421.29,511.549,2
78.5,4,226.827,296.537,2
78.5,5,328.497,734.199,1
78.5,6,210.962,299.467,2
78.5,7,276.898,428.496,2
78.5,8,667.684,303.894,3
78.5,9,724.959,532.309,3
78.5,10,720.54,466.627,3
78.5,11,682.879,710.322,1
78.5,12,215.18,411.699,2
78.5,13,795.986,263.658,3
78.5,14,253.965,698.691,1
78.5,15,430.256,738.817,1
78.5,16,440.97,701.837,1
78.5,17,403.242,487.667,2
78.5,18,450.662,499.422,2
78.5,19,460.765,790.577,1
78.5,20,396.465,300.809,2
78.5,21,370.774,416.864,2
78.5,22,259.17,785.887,1
78.5,23,657.659,548.833,3
78.5,24,615.024,484.482,3
78.5,25,702.577,379.379,3
78.5,26,277.264,734.999,1
78.5,27,303.302,726.719,1
78.5,28,422.093,300.823,2
78.5,29,202.85,765.633,1
79,0,773.184,750.038,1
79,1,316.918,723.312,1
79,2,240.575,219.483,2
79,3,422.785,511.431,2
79,4,227.88,297.605,2
79,5,327.183,734.924,1
79,6,212.449,299.265,2
79,7,275.4,428.576,2
79,8,669.106,303.416,3
79,9,724.152,533.573,3
79,10,719.142,466.084,3
79,11,684.361,710.084,1
79,12,213.793,411.129,2
79,13,795.675,265.125,3
79,14,253.773,700.179,1
79,15,431.566,738.086,1
79,16,442.069,702.859,1
79,17,401.815,488.132,2
79,18,449.462,498.522,2
79,19,462.259,790.446,1
79,20,396.544,302.307,2
79,21,369.902,418.084,2
79,22,257.672,785.973,1
79,23,658.7,547.753,3
79,24,615.869,485.721,3
79,25,701.079,379.314,3
79,26,278.339,733.953,1
79,27,301.802,726.747,1
79,28,423.132,299.741,2
79,29,202.345,764.22,1
79.5,0,774.571,749.466,1
79.5,1,315.688,722.453,1
79.5,2,240.895,218.018,2
79.5,3,424.28,511.313,2
79.5,4,228.933,298.673,2
79.5,5,325.87,735.649,1
79.5,6,213.935,299.063,2
79.5,7,273.902,428.657,2
79.5,8,670.527,302.938,3
79.5,9,723.346,534.838,3
79.5,10,717.743,465.542,3
79.5,11,685.842,709.847,1
79.5,12,212.406,410.558,2
79.5,13,795.364,266.593,3
79.5,14,253.58,701.666,1
79.5,15,432.875,737.355,1
79.5,16,443.167,703.88,1
79.5,17,400.389,488.597,2
79.5,18,448.262,497.622,2
79.5,19,463.754,790.315,1
79.5,20,396.623,303.804,2
79.5,21,369.03,419.304,2
79.5,22,256.175,786.059,1
79.5,23,659.74,546.672,3
79.5,24,616.715,486.96,3
79.5,25,699.58,379.25,3
79.5,26,279.415,732.908,1
79.5,27,300.302,726.775,1
79.5,28,424.171,298.659,2
79.5,29,201.841,762.808,1
80,0,775.958,748.895,1
80,1,314.458,721.594,1
80,2,241.215,216.552,2
80,3,425.776,511.195,2
80,4,229.987,299.742,2
80,5,324.557,736.375,1
80,6,215.421,298.86,2
80,7,272.405,428.737,2
80,8,671.949,302.459,3
80,9,722.539,536.103,3
80,10,716.345,464.999,3
80,11,687.323,709.61,1
80,12,211.018,409.988,2
80,13,795.053,268.06,3
80,14,253.388,703.154,1
80,15,434.185,736.624,1
80,16,444.266,704.901,1
80,17,398.963,489.061,2
80,18,447.062,496.722,2
80,19,465.248,790.184,1
80,20,396.702,305.302,2
80,21,368.158,420.525,2
80,22,254.677,786.145,1
80,23,660.78,545.591,3
80,24,617.561,488.199,3
80,25,698.081,379.185,3
80,26,280.491,731.862,1
80,27,298.803,726.803,1
80,28,425.21,297.577,2
80,29,201.336,761.395,1
80.5,0,777.344,748.323,1
80.5,1,313.228,720.736,1
80.5,2,241.534,215.087,2
80.5,3,427.271,511.077,2
80.5,4,231.04,300.81,2
80.5,5,323.244,737.1,1
80.5,6,216.908,298.658,2
80.5,7,270.907,428.818,2
80.5,8,673.371,301.981,3
80.5,9,721.732,537.368,3
80.5,10,714.946,464.457,3
80.5,11,688.804,709.372,1
80.5,12,209.631,409.417,2
80.5,13,794.742,269.528,3
80.5,14,253.195,704.641,1
80.5,15,435.495,735.893,1
80.5,16,445.365,705.922,1
80.5,17,397.537,489.526,2
80.5,18,445.862,495.822,2
80.5,19,466.742,790.053,1
80.5,20,396.781,306.8,2
80.5,21,367.286,421.745,2
80.5,22,253.18,786.232,1
80.5,23,661.821,544.511,3
80.5,24,618.406,489.438,3
80.5,25,696.583,379.121,3
80.5,26,281.566,730.817,1
80.5,27,297.303,726.831,1
80.5,28,426.249,296.496,2
80.5,29,202.316,760.749,1
81,0,778.731,747.751,1
81,1,311.998,719.877,1
81,2,241.854,213.621,2
81,3,428.766,510.959,2
81,4,232.093,301.878,2
81,5,321.931,737.825,1
81,6,218.394,298.456,2
81,7,269.409,428.899,2
81,8,674.792,301.503,3
81,9,720.926,538.632,3
81,10,713.548,463.915,3
81,11,690.285,709.135,1
81,12,208.244,408.847,2
81,13,794.431,270.995,3
81,14,253.002,706.129,1
81,15,436.805,735.162,1
81,16,446.463,706.944,1
81,17,396.111,489.991,2
81,18,444.662,494.922,2
81,19,468.236,789.922,1
81,20,396.86,308.298,2
81,21,366.413,422.965,2
81,22,251.682,786.318,1
81,23,662.861,543.43,3
81,24,619.252,490.677,3
81,25,695.084,379.056,3
81,26,282.642,729.772,1
81,27,295.803,726.859,1
81,28,427.288,295.414,2
81,29,203.591,759.958,1
81.5,0,780.118,747.179,1
81.5,1,310.768,719.019,1
81.5,2,242.174,212.156,2
81.5,3,430.262,510.841,2
81.5,4,233.146,302.946,2
81.5,5,320.618,738.55,1
81.5,6,219.88,298.254,2
81.5,7,267.911,428.979,2
81.5,8,676.214,301.024,3
81.5,9,720.119,539.897,3
81.5,10,712.149,463.372,3
81.5,11,691.766,708.897,1
81.5,12,206.856,408.277,2
81.5,13,794.12,272.463,3
81.5,14,252.81,707.617,1
81.5,15,438.115,734.431,1
81.5,16,447.562,707.965,1
81.5,17,394.685,490.456,2
81.5,18,443.462,494.022,2
81.5,19,469.731,789.791,1
81.5,20,396.94,309.796,2
81.5,21,365.541,424.186,2
81.5,22,250.185,786.404,1
81.5,23,663.901,542.35,3
81.5,24,620.098,491.916,3
81.5,25,693.585,378.992,3
81.5,26,283.718,728.726,1
81.5,27,294.303,726.887,1
81.5,28,428.327,294.332,2
81.5,29,204.865,759.167,1
82,0,781.504,746.607,1
82,1,309.538,718.16,1
82,2,242.494,210.69,2
82,3,431.757,510.723,2
82,4,234.199,304.014,2
82,5,319.305,739.275,1
82,6,221.366,298.052,2
82,7,266.413,429.06,2
82,8,677.636,300.546,3
82,9,719.313,541.162,3
82,10,710.751,462.83,3
82,11,693.247,708.66,1
82,12,205.469,407.706,2
82,13,793.809,273.93,3
82,14,252.617,709.104,1
82,15,439.424,733.7,1
82,16,448.661,708.986,1
82,17,393.258,490.921,2
82,18,442.262,493.122,2
82,19,471.225,789.66,1
82,20,397.019,311.294,2
82,21,364.669,425.406,2
82,22,248.687,786.49,1
82,23,664.942,541.269,3
82,24,620.943,493.155,3
82,25,692.087,378.927,3
82,26,284.793,727.681,1
82,27,292.804,726.915,1
82,28,429.367,293.25,2
82,29,206.14,758.377,1
82.5,0,782.891,746.035,1
82.5,1,308.308,717.301,1
82.5,2,242.814,209.225,2
82.5,3,433.253,510.605,2
82.5,4,235.253,305.082,2
82.5,5,317.992,740,1
82.5,6,222.853,297.849,2
82.5,7,264.915,429.14,2
82.5,8,679.058,300.068,3
82.5,9,718.506,542.426,3
82.5,10,709.352,462.287,3
82.5,11,694.728,708.422,1
82.5,12,204.082,407.136,2
82.5,13,793.499,275.397,3
82.5,14,252.424,710.592,1
82.5,15,440.734,732.969,1
82.5,16,449.759,710.007,1
82.5,17,391.832,491.385,2
82.5,18,441.062,492.222,2
82.5,19,472.719,789.528,1
82.5,20,397.098,312.792,2
82.5,21,363.797,426.626,2
82.5,22,247.19,786.576,1
82.5,23,665.982,540.188,3
82.5,24,621.789,494.394,3
82.5,25,690.588,378.863,3
82.5,26,285.869,726.635,1
82.5,27,291.304,726.943,1
82.5,28,430.406,292.168,2
82.5,29,207.415,757.586,1
83,0,784.278,745.463,1
83,1,307.078,716.443,1
83,2,243.134,207.759,2
83,3,434.748,510.487,2
83,4,236.306,306.15,2
83,5,316.679,740.725,1
83,6,224.339,297.647,2
83,7,263.418,429.221,2
83,8,680.479,299.589,3
83,9,717.7,543.691,3
83,10,707.953,461.745,3
83,11,696.209,708.185,1
83,12,202.694,406.565,2
83,13,793.188,276.865,3
83,14,252.232,712.079,1
83,15,442.044,732.238,1
83,16,450.858,711.029,1
83,17,390.406,491.85,2
83,18,439.862,491.322,2
83,19,474.214,789.397,1
83,20,397.177,314.29,2
83,21,362.924,427.847,2
83,22,245.692,786.662,1
83,23,667.022,539.108,3
83,24,622.635,495.632,3
83,25,689.09,378.798,3
83,26,286.945,725.59,1
83,27,289.804,726.971,1
83,28,431.445,291.087,2
83,29,208.689,756.795,1
83.5,0,785.665,744.891,1
83.5,1,305.848,715.584,1
83.5,2,243.454,206.294,2
83.5,3,436.243,510.369,2
83.5,4,237.359,307.218,2
83.5,5,315.365,741.45,1
83.5,6,225.825,297.445,2
83.5,7,261.92,429.302,2
83.5,8,681.901,299.111,3
83.5,9,716.893,544.956,3
83.5,10,706.555,461.203,3
83.5,11,697.69,707.948,1
83.5,12,201.325,406.002,2
83.5,13,792.877,278.332,3
83.5,14,252.039,713.567,1
83.5,15,443.354,731.507,1
83.5,16,451.957,712.05,1
83.5,17,388.98,492.315,2
83.5,18,438.662,490.422,2
83.5,19,475.708,789.266,1
83.5,20,397.256,315.788,2
83.5,21,362.052,429.067,2
83.5,22,244.194,786.748,1
83.5,23,668.062,538.027,3
83.5,24,623.48,496.871,3
83.5,25,687.591,378.734,3
83.5,26,288.021,724.545,1
83.5,27,288.304,726.999,1
83.5,28,432.484,290.005,2
83.5,29,209.964,756.005,1
84,0,787.051,744.319,1
84,1,304.618,714.726,1
84,2,243.773,204.828,2
84,3,437.739,510.251,2
84,4,238.412,308.286,2
84,5,314.052,742.175,1
84,6,227.312,297.243,2
84,7,260.422,429.382,2
84,8,683.323,298.633,3
84,9,716.087,546.22,3
84,10,705.156,460.66,3
84,11,699.171,707.71,1
84,12,202.435,406.506,2
84,13,792.566,279.8,3
84,14,251.847,715.054,1
84,15,444.664,730.776,1
84,16,453.055,713.071,1
84,17,387.554,492.78,2
84,18,437.462,489.522,2
84,19,477.202,789.135,1
84,20,397.335,317.286,2
84,21,361.18,430.287,2
84,22,242.697,786.834,1
84,23,669.103,536.946,3
84,24,624.326,498.11,3
84,25,686.092,378.669,3
84,26,289.096,723.499,1
84,27,286.805,727.027,1
84,28,433.523,288.923,2
84,29,211.239,755.214,1
84.5,0,788.438,743.747,1
84.5,1,303.388,713.867,1
84.5,2,244.093,203.363,2
84.5,3,439.234,510.133,2
84.5,4,239.465,309.354,2
84.5,5,312.739,742.9,1
84.5,6,228.798,297.041,2
84.5,7,258.924,429.463,2
84.5,8,684.744,298.154,3
84.5,9,715.28,547.485,3
84.5,10,703.758,460.118,3
84.5,11,700.653,707.473,1
84.5,12,203.801,407.126,2
84.5,13,792.255,281.267,3
84.5,14,251.654,716.542,1
84.5,15,445.973,730.045,1
84.5,16,454.154,714.093,1
84.5,17,386.128,493.245,2
84.5,18,436.262,488.622,2
84.5,19,478.696,789.004,1
84.5,20,397.414,318.784,2
84.5,21,360.308,431.508,2
84.5,22,241.199,786.92,1
84.5,23,670.143,535.866,3
84.5,24,625.172,499.349,3
84.5,25,684.594,378.605,3
84.5,26,290.172,722.454,1
84.5,27,285.305,727.055,1
84.5,28,434.562,287.841,2
84.5,29,212.514,754.424,1
85,0,789.825,743.176,1
85,1,302.158,713.008,1
85,2,244.413,201.897,2
85,3,440.729,510.015,2
85,4,240.519,310.422,2
85,5,311.426,743.625,1
85,6,230.284,296.838,2
85,7,257.426,429.543,2
85,8,686.166,297.676,3
85,9,714.473,548.75,3
85,10,702.359,459.576,3
85,11,702.134,707.235,1
85,12,205.167,407.746,2
85,13,791.944,282.735,3
85,14,251.461,718.03,1
85,15,447.283,729.314,1
85,16,455.252,715.114,1
85,17,384.701,493.709,2
85,18,435.062,487.722,2
85,19,480.191,788.873,1
85,20,397.493,320.282,2
85,21,359.435,432.728,2
85,22,239.702,787.006,1
85,23,671.183,534.785,3
85,24,626.017,500.588,3
85,25,683.095,378.54,3
85,26,291.248,721.409,1
85,27,283.805,727.083,1
85,28,435.601,286.76,2
85,29,213.788,753.633,1
85.5,0,791.211,742.604,1
85.5,1,300.928,712.15,1
85.5,2,244.72,201.912,2
85.5,3,442.225,509.897,2
85.5,4,241.572,311.49,2
85.5,5,310.113,744.35,1
85.5,6,231.771,296.636,2
85.5,7,255.928,429.624,2
85.5,8,687.588,297.198,3
85.5,9,713.667,550.015,3
85.5,10,700.961,459.033,3
85.5,11,703.615,706.998,1
85.5,12,206.533,408.366,2
85.5,13,791.633,284.202,3
85.5,14,251.269,719.517,1
85.5,15,448.593,728.583,1
85.5,16,456.351,716.135,1
85.5,17,383.275,494.174,2
85.5,18,433.862,486.822,2
85.5,19,481.685,788.742,1
85.5,20,397.572,321.779,2
85.5,21,358.563,433.948,2
85.5,22,238.204,787.092,1
85.5,23,672.224,533.704,3
85.5,24,626.863,501.827,3
85.5,25,681.597,378.476,3
85.5,26,292.323,720.363,1
85.5,27,282.306,727.111,1
85.5,28,436.64,285.678,2
85.5,29,215.063,752.842,1
86,0,792.598,742.032,1
86,1,299.698,711.291,1
86,2,245.164,203.344,2
86,3,443.72,509.779,2
86,4,242.625,312.558,2
86,5,308.8,745.075,1
86,6,233.257,296.434,2
86,7,254.431,429.705,2
86,8,689.009,296.719,3
86,9,712.86,551.279,3
86,10,699.562,458.491,3
86,11,705.096,706.76,1
86,12,207.899,408.986,2
86,13,791.322,285.669,3
86,14,251.076,721.005,1
86,15,449.903,727.852,1
86,16,457.45,717.156,1
86,17,381.849,494.639,2
86,18,432.662,485.922,2
86,19,483.179,788.611,1
86,20,397.651,323.277,2
86,21,357.691,435.169,2
86,22,236.707,787.178,1
86,23,673.264,532.624,3
86,24,627.709,503.066,3
86,25,680.098,378.411,3
86,26,293.399,719.318,1
86,27,280.806,727.139,1
86,28,437.679,284.596,2
86,29,216.338,752.052,1
86.5,0,793.985,741.46,1
86.5,1,298.468,710.433,1
86.5,2,245.608,204.777,2
86.5,3,445.215,509.661,2
86.5,4,243.678,313.626,2
86.5,5,307.487,745.8,1
86.5,6,234.743,296.232,2
86.5,7,252.933,429.785,2
86.5,8,690.431,296.241,3
86.5,9,712.054,552.544,3
86.5,10,698.164,457.948,3
86.5,11,706.577,706.523,1
86.5,12,209.265,409.606,2
86.5,13,791.011,287.137,3
86.5,14,250.883,722.492,1
86.5,15,451.213,727.121,1
86.5,16,458.548,718.178,1
86.5,17,380.423,495.104,2
86.5,18,431.462,485.022,2
86.5,19,484.673,788.48,1
86.5,20,397.73,324.775,2
86.5,21,356.819,436.389,2
86.5,22,235.209,787.264,1
86.5,23,674.304,531.543,3
86.5,24,628.554,504.305,3
86.5,25,678.599,378.347,3
86.5,26,294.475,718.272,1
86.5,27,279.306,727.167,1
86.5,28,438.718,283.514,2
86.5,29,217.612,751.261,1
87,0,795.371,740.888,1
87,1,297.238,709.574,1
87,2,246.052,206.21,2
87,3,446.711,509.543,2
87,4,244.732,314.694,2
87,5,306.174,746.526,1
87,6,236.23,296.029,2
87,7,251.435,429.866,2
87,8,691.853,295.763,3
87,9,711.247,553.809,3
87,10,696.765,457.406,3
87,11,708.058,706.286,1
87,12,210.63,410.226,2
87,13,790.7,288.604,3
87,14,250.691,723.98,1
87,15,452.522,726.39,1
87,16,459.647,719.199,1
87,17,378.997,495.569,2
87,18,430.262,484.122,2
87,19,486.168,788.349,1
87,20,397.81,326.273,2
87,21,355.947,437.609,2
87,22,233.712,787.35,1
87,23,675.345,530.463,3
87,24,629.4,505.544,3
87,25,677.101,378.282,3
87,26,295.551,717.227,1
87,27,277.806,727.195,1
87,28,439.758,282.432,2
87,29,218.887,750.47,1
87.5,0,796.758,740.316,1
87.5,1,296.008,708.715,1
87.5,2,246.496,207.643,2
87.5,3,448.206,509.425,2
87.5,4,245.785,315.762,2
87.5,5,304.861,747.251,1
87.5,6,237.716,295.827,2
87.5,7,249.937,429.946,2
87.5,8,693.274,295.284,3
87.5,9,710.441,555.073,3
87.5,10,695.367,456.864,3
87.5,11,709.539,706.048,1
87.5,12,211.996,410.846,2
87.5,13,790.389,290.072,3
87.5,14,250.498,725.468,1
87.5,15,453.832,725.659,1
87.5,16,460.746,720.22,1
87.5,17,377.571,496.033,2
87.5,18,429.062,483.222,2
87.5,19,487.662,788.218,1
87.5,20,397.889,327.771,2
87.5,21,355.074,438.83,2
87.5,22,232.214,787.436,1
87.5,23,676.385,529.382,3
87.5,24,630.245,506.783,3
87.5,25,675.602,378.218,3
87.5,26,296.626,716.182,1
87.5,27,276.307,727.223,1
87.5,28,440.797,281.351,2
87.5,29,220.162,749.68,1
88,0,798.145,739.744,1
88,1,294.778,707.857,1
88,2,246.94,209.076,2
88,3,449.701,509.307,2
88,4,246.838,316.83,2
88,5,303.547,747.976,1
88,6,239.202,295.625,2
88,7,248.439,430.027,2
88,8,694.696,294.806,3
88,9,709.634,556.338,3
88,10,693.968,456.321,3
88,11,711.02,705.811,1
88,12,213.362,411.466,2
88,13,790.078,291.539,3
88,14,250.306,726.955,1
88,15,455.142,724.928,1
88,16,461.844,721.241,1
88,17,376.144,496.498,2
88,18,427.862,482.322,2
88,19,489.156,788.087,1
88,20,397.968,329.269,2
88,21,354.202,440.05,2
88,22,230.717,787.523,1
88,23,677.425,528.301,3
88,24,631.091,508.021,3
88,25,674.103,378.153,3
88,26,297.702,715.136,1
88,27,274.807,727.251,1
88,28,441.836,280.269,2
88,29,221.437,748.889,1
88.5,0,798.09,739.748,1
88.5,1,293.548,706.998,1
88.5,2,247.384,210.508,2
88.5,3,451.197,509.189,2
88.5,4,247.891,317.899,2
88.5,5,302.234,748.701,1
88.5,6,240.688,295.423,2
88.5,7,246.941,430.108,2
88.5,8,696.118,294.328,3
88.5,9,708.827,557.603,3
88.5,10,692.57,455.779,3
88.5,11,712.501,705.573,1
88.5,12,214.728,412.086,2
88.5,13,789.767,293.006,3
88.5,14,250.113,728.443,1
88.5,15,456.452,724.197,1
88.5,16,462.943,722.263,1
88.5,17,374.718,496.963,2
88.5,18,426.662,481.422,2
88.5,19,490.65,787.956,1
88.5,20,398.047,330.767,2
88.5,21,353.33,441.27,2
88.5,22,229.219,787.609,1
88.5,23,678.466,527.221,3
88.5,24,631.937,509.26,3
88.5,25,672.605,378.089,3
88.5,26,298.778,714.091,1
88.5,27,273.307,727.279,1
88.5,28,442.875,279.187,2
88.5,29,222.711,748.098,1
89,0,796.688,740.283,1
89,1,292.318,706.14,1
89,2,247.828,211.941,2
89,3,452.692,509.071,2
89,4,248.944,318.967,2
89,5,300.921,749.426,1
89,6,242.175,295.221,2
89,7,245.444,430.188,2
89,8,697.539,293.849,3
89,9,708.021,558.867,3
89,10,691.171,455.237,3
89,11,713.982,705.336,1
89,12,216.094,412.706,2
89,13,789.456,294.474,3
89,14,249.92,729.93,1
89,15,457.762,723.465,1
89,16,464.042,723.284,1
89,17,373.292,497.428,2
89,18,425.462,480.522,2
89,19,492.145,787.824,1
89,20,398.126,332.265,2
89,21,352.458,442.491,2
89,22,227.722,787.695,1
89,23,679.506,526.14,3
89,24,632.782,510.499,3
89,25,671.106,378.024,3
89,26,299.853,713.045,1
89,27,271.807,727.307,1
89,28,443.914,278.105,2
89,29,223.986,747.308,1
89.5,0,795.287,740.817,1
89.5,1,291.088,705.281,1
89.5,2,248.271,213.374,2
89.5,3,454.187,508.953,2
89.5,4,249.998,320.035,2
89.5,5,299.608,750.151,1
89.5,6,243.661,295.018,2
89.5,7,243.946,430.269,2
89.5,8,698.961,293.371,3
89.5,9,707.214,560.132,3
89.5,10,689.773,454.694,3
89.5,11,715.463,705.098,1
89.5,12,217.46,413.326,2
89.5,13,789.145,295.941,3
89.5,14,249.728,731.418,1
89.5,15,459.071,722.734,1
89.5,16,465.14,724.305,1
89.5,17,371.866,497.893,2
89.5,18,424.262,479.622,2
89.5,19,493.639,787.693,1
89.5,20,398.205,333.763,2
89.5,21,351.585,443.711,2
89.5,22,226.224,787.781,1
89.5,23,680.546,525.059,3
89.5,24,633.628,511.738,3
89.5,25,669.608,377.96,3
89.5,26,300.929,712,1
89.5,27,270.308,727.335,1
89.5,28,444.953,277.023,2
89.5,29,225.261,746.517,1
90,0,793.885,741.352,1
90,1,289.859,704.422,1
90,2,248.715,214.807,2
90,3,455.683,508.835,2
90,4,251.051,321.103,2
90,5,298.295,750.876,1
90,6,245.147,294.816,2
90,7,242.448,430.349,2
90,8,700.383,292.893,3
90,9,706.408,561.397,3
90,10,688.374,454.152,3
90,11,716.945,704.861,1
90,12,218.826,413.946,2
90,13,788.834,297.409,3
90,14,249.535,732.905,1
90,15,460.381,722.003,1
90,16,466.239,725.327,1
90,17,370.44,498.357,2
90,18,423.062,478.722,2
90,19,495.133,787.562,1
90,20,398.284,335.261,2
90,21,350.713,444.931,2
90,22,224.727,787.867,1
90,23,681.586,523.979,3
90,24,634.474,512.977,3
90,25,668.109,377.895,3
90,26,302.005,710.955,1
90,27,268.808,727.363,1
90,28,445.992,275.942,2
90,29,226.535,745.727,1
90.5,0,792.484,741.886,1
90.5,1,288.629,703.564,1
90.5,2,249.159,216.24,2
90.5,3,457.178,508.716,2
90.5,4,252.104,322.171,2
90.5,5,296.982,751.601,1
90.5,6,246.634,294.614,2
90.5,7,240.95,430.43,2
90.5,8,701.805,292.414,3
90.5,9,705.601,562.661,3
90.5,10,686.976,453.609,3
90.5,11,718.426,704.624,1
90.5,12,220.192,414.566,2
90.5,13,788.524,298.876,3
90.5,14,249.342,734.393,1
90.5,15,461.691,721.272,1
90.5,16,467.337,726.348,1
90.5,17,369.013,498.822,2
90.5,18,421.862,477.822,2
90.5,19,496.627,787.431,1
90.5,20,398.363,336.759,2
90.5,21,349.841,446.152,2
90.5,22,223.229,787.953,1
90.5,23,682.627,522.898,3
90.5,24,635.319,514.216,3
90.5,25,666.61,377.831,3
90.5,26,303.08,709.909,1
90.5,27,267.308,727.391,1
90.5,28,447.031,274.86,2
90.5,29,227.81,744.936,1
91,0,791.082,742.421,1
91,1,287.399,702.705,1
91,2,249.603,217.672,2
91,3,458.673,508.598,2
91,4,253.157,323.239,2
91,5,295.669,752.326,1
91,6,248.12,294.412,2
91,7,239.452,430.511,2
91,8,703.226,291.936,3
91,9,704.795,563.926,3
91,10,685.577,453.067,3
91,11,719.907,704.386,1
91,12,221.558,415.186,2
91,13,788.213,300.344,3
91,14,249.15,735.881,1
91,15,463.001,720.541,1
91,16,468.436,727.369,1
91,17,367.587,499.287,2
91,18,420.662,476.922,2
91,19,498.122,787.3,1
91,20,398.442,338.256,2
91,21,348.969,447.372,2
91,22,221.732,788.039,1
91,23,683.667,521.818,3
91,24,636.165,515.455,3
91,25,665.112,377.766,3
91,26,304.156,708.864,1
91,27,265.808,727.419,1
91,28,448.07,273.778,2
91,29,229.085,744.145,1
91.5,0,789.681,742.955,1
91.5,1,286.169,701.847,1
91.5,2,250.047,219.105,2
91.5,3,460.169,508.48,2
91.5,4,254.21,324.307,2
91.5,5,294.356,753.051,1
91.5,6,249.606,294.21,2
91.5,7,237.954,430.591,2
91.5,8,704.648,291.458,3
91.5,9,703.988,565.191,3
91.5,10,684.179,452.525,3
91.5,11,721.388,704.149,1
91.5,12,222.923,415.805,2
91.5,13,787.902,301.811,3
91.5,14,248.957,737.368,1
91.5,15,464.311,719.81,1
91.5,16,469.535,728.39,1
91.5,17,366.161,499.752,2
91.5,18,419.462,476.022,2
91.5,19,499.616,787.169,1
91.5,20,398.521,339.754,2
91.5,21,348.097,448.592,2
91.5,22,220.234,788.125,1
91.5,23,684.707,520.737,3
91.5,24,637.011,516.694,3
91.5,25,663.613,377.702,3
91.5,26,305.232,707.818,1
91.5,27,264.309,727.447,1
91.5,28,449.109,272.696,2
91.5,29,230.36,743.355,1
92,0,788.279,743.49,1
92,1,284.939,700.988,1
92,2,250.491,220.538,2
92,3,461.664,508.362,2
92,4,255.264,325.375,2
92,5,293.042,753.776,1
92,6,251.093,294.007,2
92,7,236.457,430.672,2
92,8,706.07,290.979,3
92,9,703.182,566.456,3
92,10,682.78,451.982,3
92,11,722.869,703.911,1
92,12,224.289,416.425,2
92,13,787.591,303.278,3
92,14,248.765,738.856,1
92,15,465.621,719.079,1
92,16,470.633,729.412,1
92,17,364.735,500.217,2
92,18,418.262,475.122,2
92,19,501.11,787.038,1
92,20,398.6,341.252,2
92,21,347.224,449.813,2
92,22,218.737,788.211,1
92,23,685.748,519.656,3
92,24,637.856,517.933,3
92,25,662.115,377.637,3
92,26,306.308,706.773,1
92,27,262.809,727.475,1
92,28,450.149,271.614,2
92,29,231.634,742.564,1
92.5,0,786.877,744.024,1
92.5,1,283.709,700.129,1
92.5,2,250.935,221.971,2
92.5,3,463.159,508.244,2
92.5,4,256.317,326.443,2
92.5,5,291.729,754.501,1
92.5,6,252.579,293.805,2
92.5,7,234.959,430.752,2
92.5,8,707.491,290.501,3
92.5,9,702.375,567.72,3
92.5,10,681.382,451.44,3
92.5,11,724.35,703.674,1
92.5,12,225.655,417.045,2
92.5,13,787.28,304.746,3
92.5,14,248.572,740.343,1
92.5,15,466.93,718.348,1
92.5,16,471.732,730.433,1
92.5,17,363.309,500.681,2
92.5,18,417.062,474.222,2
92.5,19,502.605,786.907,1
92.5,20,398.679,342.75,2
92.5,21,346.352,451.033,2
92.5,22,217.239,788.297,1
92.5,23,686.788,518.576,3
92.5,24,638.702,519.172,3
92.5,25,660.616,377.573,3
92.5,26,307.383,705.728,1
92.5,27,261.309,727.503,1
92.5,28,451.188,270.533,2
92.5,29,232.909,741.773,1
93,0,785.476,744.559,1
93,1,282.479,699.271,1
93,2,251.379,223.404,2
93,3,464.655,508.126,1
93,4,257.37,327.511,2
93,5,290.416,755.226,1
93,6,254.065,293.603,2
93,7,233.461,430.833,2
93,8,708.913,290.023,3
93,9,701.568,568.985,3
93,10,679.983,450.897,3
93,11,725.831,703.436,1
93,12,227.021,417.665,2
93,13,786.969,306.213,3
93,14,248.379,741.831,1
93,15,468.24,717.617,1
93,16,472.831,731.454,1
93,17,361.883,501.146,2
93,18,415.862,473.322,2
93,19,504.099,786.776,1
93,20,398.759,344.248,2
93,21,345.48,452.253,2
93,22,215.741,788.383,1
93,23,687.828,517.495,3
93,24,639.548,520.41,3
93,25,659.117,377.508,3
93,26,308.459,704.682,1
93,27,259.809,727.531,1
93,28,452.227,269.451,2
93,29,234.184,740.983,1
93.5,0,784.074,745.093,1
93.5,1,281.249,698.412,1
93.5,2,251.823,224.836,2
93.5,3,466.15,508.008,1
93.5,4,258.423,328.579,2
93.5,5,289.103,755.952,1
93.5,6,255.552,293.401,2
93.5,7,231.963,430.914,2
93.5,8,710.335,289.544,3
93.5,9,700.762,570.25,3
93.5,10,678.585,450.355,3
93.5,11,727.312,703.199,1
93.5,12,228.387,418.285,2
93.5,13,786.658,307.681,3
93.5,14,248.187,743.319,1
93.5,15,469.55,716.886,1
93.5,16,473.929,732.475,1
93.5,17,360.456,501.611,2
93.5,18,414.662,472.422,2
93.5,19,505.593,786.645,1
93.5,20,398.838,345.746,2
93.5,21,344.608,453.474,2
93.5,22,214.244,788.469,1
93.5,23,688.869,516.414,3
93.5,24,640.393,521.649,3
93.5,25,657.619,377.444,3
93.5,26,309.535,703.637,1
93.5,27,258.31,727.559,1
93.5,28,453.266,268.369,2
93.5,29,235.458,740.192,1
94,0,782.673,745.627,1
94,1,280.019,697.554,1
94,2,252.267,226.269,2
94,3,467.646,507.89,2
94,4,259.476,329.647,2
94,5,287.79,756.677,1
94,6,257.038,293.198,2
94,7,230.465,430.994,2
94,8,711.756,289.066,3
94,9,699.955,571.514,3
94,10,677.186,449.813,3
94,11,728.793,702.962,1
94,12,229.753,418.905,2
94,13,786.347,309.148,3
94,14,247.994,744.806,1
94,15,470.86,716.155,1
94,16,475.028,733.497,1
94,17,359.03,502.076,2
94,18,413.462,471.522,2
94,19,507.087,786.514,1
94,20,398.917,347.244,2
94,21,343.735,454.694,2
94,22,212.746,788.555,1
94,23,689.909,515.334,3
94,24,641.239,522.888,3
94,25,656.12,377.379,3
94,26,310.61,702.591,1
94,27,256.81,727.587,1
94,28,454.305,267.287,2
94,29,236.733,739.401,1
94.5,0,781.271,746.162,1
94.5,1,278.789,696.695,1
94.5,2,252.711,227.702,2
94.5,3,469.141,507.772,2
94.5,4,260.53,330.715,2
94.5,5,286.477,757.402,1
94.5,6,258.524,292.996,2
94.5,7,228.967,431.075,2
94.5,8,713.178,288.588,3
94.5,9,699.149,572.779,3
94.5,10,675.788,449.27,3
94.5,11,730.274,702.724,1
94.5,12,231.119,419.525,2
94.5,13,786.036,310.615,3
94.5,14,247.801,746.294,1
94.5,15,472.17,715.424,1
94.5,16,476.127,734.518,1
94.5,17,357.604,502.54,2
94.5,18,412.262,470.622,2
94.5,19,508.582,786.383,1
94.5,20,398.996,348.742,2
94.5,21,342.863,455.914,2
94.5,22,211.249,788.641,1
94.5,23,690.949,514.253,3
94.5,24,642.085,524.127,3
94.5,25,654.622,377.315,3
94.5,26,311.686,701.546,1
94.5,27,255.31,727.615,1
94.5,28,455.344,266.205,2
94.5,29,238.008,738.611,1
95,0,779.87,746.696,1
95,1,277.559,695.836,1
95,2,253.155,229.135,2
95,3,470.636,507.654,1
95,4,261.583,331.783,2
95,5,285.164,758.127,1
95,6,260.01,292.794,2
95,7,227.47,431.155,2
95,8,714.6,288.109,3
95,9,698.342,574.044,3
95,10,674.389,448.728,3
95,11,731.755,702.487,1
95,12,232.485,420.145,2
95,13,785.725,312.083,3
95,14,247.609,747.781,1
95,15,473.479,714.693,1
95,16,477.225,735.539,1
95,17,356.178,503.005,2
95,18,411.062,469.722,2
95,19,510.076,786.251,1
95,20,399.075,350.24,2
95,21,341.991,457.135,2
95,22,209.751,788.728,1
95,23,691.989,513.172,3
95,24,642.93,525.366,3
95,25,653.123,377.25,3
95,26,312.762,700.501,1
95,27,253.81,727.643,1
95,28,456.383,265.124,2
95,29,239.283,737.82,1
95.5,0,778.468,747.231,1
95.5,1,276.329,694.978,1
95.5,2,253.599,230.568,2
95.5,3,472.132,507.536,2
95.5,4,262.636,332.851,2
95.5,5,283.851,758.852,1
95.5,6,261.497,292.592,2
95.5,7,225.972,431.236,2
95.5,8,716.021,287.631,3
95.5,9,697.536,575.308,3
95.5,10,672.991,448.186,3
95.5,11,733.237,702.249,1
95.5,12,233.851,420.765,2
95.5,13,785.414,313.55,3
95.5,14,247.416,749.269,1
95.5,15,474.789,713.962,1
95.5,16,478.324,736.561,1
95.5,17,354.752,503.47,2
95.5,18,409.862,468.822,2
95.5,19,511.57,786.12,1
95.5,20,399.154,351.738,2
95.5,21,341.119,458.355,2
95.5,22,208.254,788.814,1
95.5,23,693.03,512.092,3
95.5,24,643.776,526.605,3
95.5,25,651.624,377.186,3
95.5,26,313.837,699.455,1
95.5,27,252.311,727.671,1
95.5,28,457.422,264.042,2
95.5,29,240.557,737.03,1
96,0,777.067,747.765,1
96,1,275.099,694.119,1
96,2,254.043,232,2
96,3,473.627,507.418,1
96,4,263.689,333.919,2
96,5,282.538,759.577,1
96,6,262.983,292.39,2
96,7,224.474,431.317,2
96,8,717.443,287.153,3
96,9,696.729,576.573,3
96,10,671.592,447.643,3
96,11,734.718,702.012,1
96,12,235.216,421.385,2
96,13,785.103,315.018,3
96,14,247.224,750.756,1
96,15,476.099,713.231,1
96,16,479.422,737.582,1
96,17,353.326,503.935,2
96,18,408.662,467.922,2
96,19,513.064,785.989,1
96,20,399.233,353.236,2
96,21,340.247,459.575,2
96,22,206.756,788.9,1
96,23,694.07,511.011,3
96,24,644.621,527.844,3
96,25,650.126,377.121,3
96,26,314.913,698.41,1
96,27,250.811,727.699,1
96,28,458.461,262.96,2
96,29,241.832,736.239,1
96.5,0,775.665,748.3,1
96.5,1,273.869,693.261,1
96.5,2,254.487,233.433,2
96.5,3,475.122,507.3,1
96.5,4,264.742,334.987,2
96.5,5,281.224,760.302,1
96.5,6,264.469,292.187,2
96.5,7,222.976,431.397,2
96.5,8,718.865,286.674,3
96.5,9,695.922,577.838,3
96.5,10,670.194,447.101,3
96.5,11,736.199,701.774,1
96.5,12,236.582,422.005,2
96.5,13,784.792,316.485,3
96.5,14,247.031,752.244,1
96.5,15,477.409,712.5,1
96.5,16,480.521,738.603,1
96.5,17,351.899,504.4,2
96.5,18,407.462,467.022,2
96.5,19,514.559,785.858,1
96.5,20,399.312,354.734,2
96.5,21,339.374,460.796,2
96.5,22,205.259,788.986,1
96.5,23,695.11,509.931,3
96.5,24,645.467,529.083,3
96.5,25,648.627,377.057,3
96.5,26,315.989,697.364,1
96.5,27,249.311,727.727,1
96.5,28,459.5,261.878,2
96.5,29,243.107,735.448,1
97,0,774.263,748.834,1
97,1,272.639,692.402,1
97,2,254.931,234.866,2
97,3,476.618,507.182,2
97,4,265.796,336.056,2
97,5,279.911,761.027,1
97,6,265.956,291.985,2
97,7,221.478,431.478,2
97,8,720.286,286.196,3
97,9,695.116,579.103,3
97,10,668.795,446.558,3
97,11,737.68,701.537,1
97,12,237.948,422.625,2
97,13,784.481,317.953,3
97,14,246.838,753.732,1
97,15,478.719,711.769,1
97,16,481.62,739.624,1
97,17,350.473,504.864,2
97,18,406.262,466.122,2
97,19,516.053,785.727,1
97,20,399.391,356.231,2
97,21,338.502,462.016,2
97,22,203.761,789.072,1
97,23,696.151,508.85,3
97,24,646.313,530.322,3
97,25,647.128,376.992,3
97,26,317.065,696.319,1
97,27,247.812,727.755,1
97,28,460.54,260.797,2
97,29,244.381,734.658,1
97.5,0,772.862,749.369,1
97.5,1,271.409,691.543,1
97.5,2,255.375,236.299,2
97.5,3,478.113,507.064,1
97.5,4,266.849,337.124,2
97.5,5,278.598,761.752,1
97.5,6,267.442,291.783,2
97.5,7,219.98,431.558,2
97.5,8,721.708,285.718,3
97.5,9,694.309,580.367,3
97.5,10,667.397,446.016,3
97.5,11,739.161,701.3,1
97.5,12,239.314,423.245,2
97.5,13,784.17,319.42,3
97.5,14,246.646,755.219,1
97.5,15,480.028,711.038,1
97.5,16,482.718,740.646,1
97.5,17,349.047,505.329,2
97.5,18,405.062,465.222,2
97.5,19,517.547,785.596,1
97.5,20,399.47,357.729,2
97.5,21,337.63,463.236,2
97.5,22,202.264,789.158,1
97.5,23,697.191,507.769,3
97.5,24,647.158,531.561,3
97.5,25,645.63,376.928,3
97.5,26,318.14,695.274,1
97.5,27,246.312,727.783,1
97.5,28,461.579,259.715,2
97.5,29,245.656,733.867,1
98,0,771.46,749.903,1
98,1,270.179,690.685,1
98,2,255.818,237.732,2
98,3,479.608,506.946,1
98,4,267.902,338.192,2
98,5,277.285,762.477,1
98,6,268.928,291.581,2
98,7,218.483,431.639,2
98,8,723.13,285.239,3
98,9,693.503,581.632,3
98,10,665.998,445.474,3
98,11,740.642,701.062,1
98,12,240.68,423.865,2
98,13,783.859,320.887,3
98,14,246.453,756.707,1
98,15,481.338,710.307,1
98,16,483.817,741.667,1
98,17,347.621,505.794,2
98,18,403.862,464.322,2
98,19,519.041,785.465,1
98,20,399.549,359.227,2
98,21,336.758,464.457,2
98,22,201.409,788.966,1
98,23,698.231,506.689,3
98,24,648.004,532.799,3
98,25,644.131,376.863,3
98,26,319.216,694.228,1
98,27,244.812,727.811,1
98,28,462.618,258.633,2
98,29,246.931,733.076,1
98.5,0,770.059,750.437,1
98.5,1,268.949,689.826,1
98.5,2,256.262,239.164,2
98.5,3,481.104,506.828,1
98.5,4,268.955,339.26,2
98.5,5,275.972,763.202,1
98.5,6,270.415,291.378,2
98.5,7,216.985,431.72,2
98.5,8,724.552,284.761,3
98.5,9,692.696,582.897,3
98.5,10,664.6,444.931,3
98.5,11,742.123,700.825,1
98.5,12,242.046,424.485,2
98.5,13,783.548,322.355,3
98.5,14,246.26,758.194,1
98.5,15,482.648,709.576,1
98.5,16,484.916,742.688,1
98.5,17,346.195,506.259,2
98.5,18,402.662,463.422,2
98.5,19,520.536,785.334,1
98.5,20,399.629,360.725,2
98.5,21,335.885,465.677,2
98.5,22,201.893,787.546,1
98.5,23,699.272,505.608,3
98.5,24,648.85,534.038,3
98.5,25,642.633,376.799,3
98.5,26,320.292,693.183,1
98.5,27,243.312,727.839,1
98.5,28,463.657,257.551,2
98.5,29,248.206,732.286,1
99,0,768.657,750.972,1
99,1,267.719,688.968,1
99,2,256.706,240.597,2
99,3,482.599,506.71,1
99,4,270.009,340.328,2
99,5,274.659,763.927,1
99,6,271.901,291.176,2
99,7,215.487,431.8,2
99,8,725.973,284.283,3
99,9,691.89,584.161,3
99,10,663.201,444.389,3
99,11,743.604,700.587,1
99,12,243.412,425.105,2
99,13,783.238,323.822,3
99,14,246.068,759.682,1
99,15,483.958,708.845,1
99,16,486.014,743.709,1
99,17,344.769,506.724,2
99,18,401.462,462.522,2
99,19,522.03,785.203,1
99,20,399.708,362.223,2
99,21,335.013,466.897,2
99,22,202.376,786.126,1
99,23,700.312,504.527,3
99,24,649.695,535.277,3
99,25,641.134,376.734,3
99,26,321.367,692.137,1
99,27,241.813,727.867,1
99,28,464.696,256.469,2
99,29,249.48,731.495,1
99.5,0,767.256,751.506,1
99.5,1,266.489,688.109,1
99.5,2,257.15,242.03,2
99.5,3,484.094,506.592,1
99.5,4,271.062,341.396,2
99.5,5,273.346,764.652,1
99.5,6,273.387,290.974,2
99.5,7,213.989,431.881,2
99.5,8,727.395,283.804,3
99.5,9,691.083,585.426,3
99.5,10,661.803,443.846,3
99.5,11,745.085,700.35,1
99.5,12,244.778,425.725,2
99.5,13,782.927,325.29,3
99.5,14,245.875,761.169,1
99.5,15,485.268,708.114,1
99.5,16,487.113,744.731,1
99.5,17,343.342,507.188,2
99.5,18,400.262,461.622,2
99.5,19,523.524,785.072,1
99.5,20,399.787,363.721,2
99.5,21,334.141,468.118,2
99.5,22,202.86,784.707,1
99.5,23,701.352,503.447,3
99.5,24,650.541,536.516,3
99.5,25,639.635,376.67,3
99.5,26,322.443,691.092,1
99.5,27,240.313,727.895,1
99.5,28,465.735,255.388,2
99.5,29,250.755,730.705,1
100,0,765.854,752.041,1
100,1,265.259,687.25,1
100,2,257.594,243.463,2
100,3,485.59,506.474,1
100,4,272.115,342.464,2
100,5,272.033,765.378,1
100,6,274.874,290.772,2
100,7,212.491,431.961,2
100,8,728.817,283.326,3
100,9,690.277,586.691,3
100,10,660.404,443.304,3
100,11,746.566,700.112,1
100,12,246.144,426.345,2
100,13,782.616,326.757,3
100,14,245.683,762.657,1
100,15,486.577,707.383,1
100,16,488.212,745.752,1
100,17,341.916,507.653,2
100,18,399.062,460.722,2
100,19,525.018,784.941,1
100,20,399.866,365.219,2
100,21,333.269,469.338,2
100,22,203.344,783.287,1
100,23,702.393,502.366,3
100,24,651.387,537.755,3
100,25,638.137,376.605,3
100,26,323.519,690.047,1
100,27,238.813,727.923,1
100,28,466.774,254.306,2
100,29,252.03,729.914,1
100.5,0,764.453,752.575,1
100.5,1,264.029,686.392,1
100.5,2,258.038,244.896,2
100.5,3,487.085,506.356,1
100.5,4,273.168,343.532,2
100.5,5,270.72,766.103,1
100.5,6,276.36,290.57,2
100.5,7,210.993,432.042,2
100.5,8,730.238,282.848,3
100.5,9,689.47,587.955,3
100.5,10,659.006,442.762,3
100.5,11,748.047,699.875,1
100.5,12,247.509,426.965,2
100.5,13,782.305,328.224,3
100.5,14,245.49,764.145,1
100.5,15,487.887,706.652,1
100.5,16,489.31,746.773,1
100.5,17,340.49,508.118,2
100.5,18,397.862,459.822,2
100.5,19,526.513,784.81,1
100.5,20,399.945,366.717,2
100.5,21,332.397,470.558,2
100.5,22,203.828,781.867,1
100.5,23,703.433,501.286,3
100.5,24,652.232,538.994,3
100.5,25,636.638,376.541,3
100.5,26,324.595,689.001,1
100.5,27,237.313,727.951,1
100.5,28,467.813,253.224,2
100.5,29,253.304,729.123,1
101,0,763.051,753.11,1
101,1,262.799,685.533,1
101,2,258.482,246.328,2
101,3,488.58,506.238,1
101,4,274.221,344.6,2
101,5,269.406,766.828,1
101,6,277.846,290.367,2
101,7,209.496,432.122,2
101,8,731.66,282.369,3
101,9,688.663,589.22,3
101,10,657.607,442.219,3
101,11,749.529,699.638,1
101,12,248.875,427.585,2
101,13,781.994,329.692,3
101,14,245.297,765.632,1
101,15,489.197,705.921,1
101,16,490.409,747.795,1
101,17,339.064,508.583,2
101,18,396.662,458.922,2
101,19,528.007,784.679,1
101,20,400.024,368.215,2
101,21,331.524,471.779,2
101,22,204.312,780.447,1
101,23,704.473,500.205,3
101,24,653.078,540.233,3
101,25,635.14,376.476,3
101,26,325.67,687.956,1
101,27,235.814,727.979,1
101,28,468.852,252.142,2
101,29,254.579,728.333,1
101.5,0,761.649,753.644,1
101.5,1,261.569,684.675,1
101.5,2,258.926,247.761,2
101.5,3,490.076,506.12,1
101.5,4,275.275,345.668,2
101.5,5,268.093,767.553,1
101.5,6,279.332,290.165,2
101.5,7,207.998,432.203,2
101.5,8,733.082,281.891,3
101.5,9,687.857,590.485,3
101.5,10,656.209,441.677,3
101.5,11,751.01,699.4,1
101.5,12,250.241,428.205,2
101.5,13,781.683,331.159,3
101.5,14,245.105,767.12,1
101.5,15,490.507,705.19,1
101.5,16,491.507,748.816,1
101.5,17,337.638,509.048,2
101.5,18,395.462,458.022,2
101.5,19,529.501,784.547,1
101.5,20,400.103,369.713,2
101.5,21,330.652,472.999,2
101.5,22,204.796,779.027,1
101.5,23,705.513,499.124,3
101.5,24,653.924,541.472,3
101.5,25,633.641,376.412,3
101.5,26,326.746,686.91,1
101.5,27,234.314,728.007,1
101.5,28,469.891,251.06,2
101.5,29,255.854,727.542,1
102,0,760.248,754.179,1
102,1,260.339,683.816,1
102,2,259.37,249.194,2
102,3,491.571,506.002,1
102,4,276.328,346.736,2
102,5,266.78,768.278,1
102,6,280.819,289.963,2
102,7,206.5,432.284,2
102,8,734.503,281.413,3
102,9,687.05,591.75,3
102,10,654.81,441.135,3
102,11,752.491,699.163,1
102,12,251.607,428.825,2
102,13,781.372,332.627,3
102,14,244.912,768.607,1
102,15,491.817,704.459,1
102,16,492.606,749.837,1
102,17,336.212,509.512,2
102,18,394.262,457.122,2
102,19,530.995,784.416,1
102,20,400.182,371.211,2
102,21,329.78,474.219,2
102,22,205.28,777.608,1
102,23,706.554,498.044,3
102,24,654.769,542.711,3
102,25,632.142,376.347,3
102,26,327.822,685.865,1
102,27,232.814,728.035,1
102,28,470.931,249.979,2
102,29,257.129,726.751,1
102.5,0,758.846,754.713,1
102.5,1,259.109,682.957,1
102.5,2,259.814,250.627,2
102.5,3,493.066,505.883,1
102.5,4,277.381,347.804,2
102.5,5,265.467,769.003,1
102.5,6,282.305,289.761,2
102.5,7,205.002,432.364,2
102.5,8,735.925,280.934,3
102.5,9,686.244,593.014,3
102.5,10,653.412,440.592,3
102.5,11,753.972,698.925,1
102.5,12,252.973,429.445,2
102.5,13,781.061,334.094,3
102.5,14,244.719,770.095,1
102.5,15,493.127,703.728,1
102.5,16,493.705,750.858,1
102.5,17,334.785,509.977,2
102.5,18,393.062,456.222,2
102.5,19,532.49,784.285,1
102.5,20,400.261,372.709,2
102.5,21,328.908,475.44,2
102.5,22,205.764,776.188,1
102.5,23,707.594,496.963,3
102.5,24,655.615,543.95,3
102.5,25,630.644,376.283,3
102.5,26,328.897,684.82,1
102.5,27,231.314,728.063,1
102.5,28,471.97,248.897,2
102.5,29,258.403,725.961,1
103,0,757.445,755.248,1
103,1,257.88,682.099,1
103,2,260.258,252.06,2
103,3,494.562,505.765,1
103,4,278.434,348.872,2
103,5,264.154,769.728,1
103,6,283.791,289.559,2
103,7,203.504,432.445,2
103,8,737.347,280.456,3
103,9,685.437,594.279,3
103,10,652.013,440.05,3
103,11,755.453,698.688,1
103,12,254.339,430.064,2
103,13,780.75,335.562,3
103,14,244.527,771.583,1
103,15,494.436,702.997,1
103,16,494.803,751.88,1
103,17,333.359,510.442,2
103,18,391.862,455.322,2
103,19,533.984,784.154,1
103,20,400.34,374.206,2
103,21,328.035,476.66,2
103,22,206.248,774.768,1
103,23,708.634,495.882,3
103,24,656.461,545.188,3
103,25,629.145,376.218,3
103,26,329.973,683.774,1
103,27,229.815,728.091,1
103,28,473.009,247.815,2
103,29,259.678,725.17,1
103.5,0,756.043,755.782,1
103.5,1,256.65,681.24,1
103.5,2,260.702,253.492,2
103.5,3,496.057,505.647,1
103.5,4,279.487,349.94,2
103.5,5,262.841,770.453,1
103.5,6,285.278,289.356,2
103.5,7,202.006,432.525,2
103.5,8,738.768,279.978,3
103.5,9,684.631,595.544,3
103.5,10,650.615,439.507,3
103.5,11,756.934,698.451,1
103.5,12,255.705,430.684,2
103.5,13,780.439,337.029,3
103.5,14,244.334,773.07,1
103.5,15,495.746,702.266,1
103.5,16,495.902,752.901,1
103.5,17,331.933,510.907,2
103.5,18,390.662,454.422,2
103.5,19,535.478,784.023,1
103.5,20,400.419,375.704,2
103.5,21,327.163,477.88,2
103.5,22,206.732,773.348,1
103.5,23,709.675,494.802,3
103.5,24,657.306,546.427,3
103.5,25,627.646,376.154,3
103.5,26,331.049,682.729,1
103.5,27,228.315,728.119,1
103.5,28,474.048,246.733,2
103.5,29,260.953,724.379,1
104,0,754.642,756.316,1
104,1,255.42,680.382,1
104,2,261.146,254.925,2
104,3,497.552,505.529,1
104,4,280.541,351.008,2
104,5,261.528,771.178,1
104,6,286.764,289.154,2
104,7,201.773,432.304,2
104,8,740.19,279.499,3
104,9,683.824,596.808,3
104,10,649.216,438.965,3
104,11,758.415,698.213,1
104,12,257.071,431.304,2
104,13,780.128,338.496,3
104,14,244.142,774.558,1
104,15,497.056,701.535,1
104,16,497.001,753.922,1
104,17,330.507,511.372,2
104,18,389.462,453.522,2
104,19,536.973,783.892,1
104,20,400.498,377.202,2
104,21,326.291,479.101,2
104,22,207.215,771.928,1
104,23,710.715,493.721,3
104,24,658.152,547.666,3
104,25,626.148,376.089,3
104,26,332.124,681.683,1
104,27,226.815,728.147,1
104,28,475.087,245.651,2
104,29,262.228,723.589,1
104.5,0,753.24,756.851,1
104.5,1,254.19,679.523,1
104.5,2,261.59,256.358,2
104.5,3,499.048,505.411,1
104.5,4,281.594,352.076,2
104.5,5,260.215,771.903,1
104.5,6,288.25,288.952,2
104.5,7,203.074,431.557,2
104.5,8,741.612,279.021,3
104.5,9,683.017,598.073,3
104.5,10,647.818,438.423,3
104.5,11,759.896,697.976,1
104.5,12,258.437,431.924,2
104.5,13,779.817,339.964,3
104.5,14,243.949,776.045,1
104.5,15,498.366,700.804,1
104.5,16,498.099,754.943,1
104.5,17,329.081,511.836,2
104.5,18,388.262,452.622,2
104.5,19,538.467,783.761,1
104.5,20,400.578,378.7,2
104.5,21,325.419,480.321,2
104.5,22,207.699,770.509,1
104.5,23,711.755,492.64,3
104.5,24,658.998,548.905,3
104.5,25,624.649,376.025,3
104.5,26,333.2,680.638,1
104.5,27,225.315,728.175,1
104.5,28,476.126,244.57,2
104.5,29,263.502,722.798,1
105,0,751.838,757.385,1
105,1,252.96,678.664,1
105,2,262.034,257.791,2
105,3,500.543,505.293,1
105,4,282.647,353.145,2
105,5,258.902,772.628,1
105,6,289.737,288.75,2
105,7,204.374,430.809,2
105,8,743.034,278.543,3
105,9,682.211,599.338,1
105,10,646.419,437.88,3
105,11,761.377,697.738,1
105,12,259.802,432.544,2
105,13,779.506,341.431,3
105,14,243.756,777.533,1
105,15,499.676,700.073,1
105,16,499.198,755.965,1
105,17,327.655,512.301,2
105,18,387.062,451.722,2
105,19,539.961,783.63,1
105,20,400.657,380.198,2
105,21,324.546,481.542,2
105,22,208.183,769.089,1
105,23,712.796,491.56,3
105,24,659.843,550.144,3
105,25,623.151,375.96,3
105,26,334.276,679.593,1
105,27,223.816,728.203,1
105,28,477.165,243.488,2
105,29,264.777,722.008,1
105.5,0,750.437,757.92,1
105.5,1,251.73,677.806,1
105.5,2,262.478,259.224,2
105.5,3,502.039,505.175,1
105.5,4,283.7,354.213,2
105.5,5,257.588,773.353,1
105.5,6,291.223,288.547,2
105.5,7,205.675,430.061,2
105.5,8,744.455,278.064,3
105.5,9,681.404,600.602,1
105.5,10,645.021,437.338,3
105.5,11,762.858,697.501,1
105.5,12,261.168,433.164,2
105.5,13,779.195,342.899,3
105.5,14,243.564,779.02,1
105.5,15,500.985,699.342,1
105.5,16,500.297,756.986,1
105.5,17,326.228,512.766,2
105.5,18,385.862,450.822,2
105.5,19,541.455,783.499,1
105.5,20,400.736,381.696,2
105.5,21,323.674,482.762,2
105.5,22,208.667,767.669,1
105.5,23,713.836,490.479,3
105.5,24,660.689,551.383,3
105.5,25,621.652,375.896,3
105.5,26,335.352,678.547,1
105.5,27,222.316,728.231,1
105.5,28,478.204,242.406,2
105.5,29,266.052,721.217,1
106,0,749.035,758.454,1
106,1,250.5,676.947,1
106,2,262.922,260.656,2
106,3,503.534,505.057,1
106,4,284.753,355.281,2
106,5,256.275,774.078,1
106,6,292.709,288.345,2
106,7,206.975,429.314,2
106,8,745.877,277.586,3
106,9,680.598,601.867,1
106,10,643.622,436.796,3
106,11,764.339,697.263,1
106,12,262.534,433.784,2
106,13,778.884,344.366,3
106,14,243.371,780.508,1
106,15,502.295,698.611,1
106,16,501.395,758.007,1
106,17,324.802,513.231,2
106,18,384.662,449.922,2
106,19,542.95,783.368,1
106,20,400.815,383.194,2
106,21,322.802,483.982,2
106,22,209.151,766.249,1
106,23,714.876,489.399,3
106,24,661.534,552.622,3
106,25,620.153,375.831,3
106,26,336.427,677.502,1
106,27,220.816,728.259,1
106,28,479.243,241.324,2
106,29,267.326,720.426,1
106.5,0,747.634,758.989,1
106.5,1,249.27,676.089,1
106.5,2,263.365,262.089,2
106.5,3,505.029,504.939,1
106.5,4,285.807,356.349,2
106.5,5,254.962,774.804,1
106.5,6,294.196,288.143,2
106.5,7,208.275,428.566,2
106.5,8,747.299,277.108,3
106.5,9,679.791,603.132,1
106.5,10,642.224,436.253,3
106.5,11,765.821,697.026,1
106.5,12,263.9,434.404,2
106.5,13,778.573,345.834,3
106.5,14,243.179,781.996,1
106.5,15,503.605,697.88,1
106.5,16,502.494,759.029,1
106.5,17,323.376,513.696,2
106.5,18,383.462,449.022,2
106.5,19,544.444,783.237,1
106.5,20,400.894,384.692,2
106.5,21,321.93,485.203,2
106.5,22,209.635,764.829,1
106.5,23,715.917,488.318,3
106.5,24,662.38,553.861,3
106.5,25,618.655,375.767,3
106.5,26,337.503,676.456,1
106.5,27,219.316,728.287,1
106.5,28,480.282,240.242,2
106.5,29,268.601,719.636,1
107,0,746.232,759.523,1
107,1,248.04,675.23,1
107,2,263.809,263.522,2
107,3,506.525,504.821,1
107,4,286.86,357.417,2
107,5,253.649,775.529,1
107,6,295.682,287.941,2
107,7,209.576,427.818,2
107,8,748.72,276.629,3
107,9,678.985,604.396,1
107,10,640.825,435.711,3
107,11,767.302,696.789,1
107,12,265.266,435.024,2
107,13,778.263,347.301,3
107,14,242.986,783.483,1
107,15,504.915,697.149,1
107,16,503.592,760.05,1
107,17,321.95,514.16,2
107,18,382.262,448.122,2
107,19,545.938,783.106,1
107,20,400.973,386.19,2
107,21,321.058,486.423,2
107,22,210.119,763.41,1
107,23,716.957,487.237,3
107,24,663.226,555.1,3
107,25,617.156,375.702,3
107,26,338.579,675.411,1
107,27,217.817,728.315,1
107,28,481.321,239.161,2
107,29,269.876,718.845,1
107.5,0,744.831,760.058,1
107.5,1,246.81,674.371,1
107.5,2,264.253,264.955,2
107.5,3,508.02,504.703,1
107.5,4,287.913,358.485,2
107.5,5,252.336,776.254,1
107.5,6,297.168,287.739,2
107.5,7,210.876,427.071,2
107.5,8,750.142,276.151,3
107.5,9,678.178,605.661,1
107.5,10,639.427,435.168,3
107.5,11,768.783,696.551,1
107.5,12,266.632,435.644,2
107.5,13,777.952,348.768,3
107.5,14,242.793,784.971,1
107.5,15,506.225,696.417,1
107.5,16,504.691,761.071,1
107.5,17,320.524,514.625,2
107.5,18,381.062,447.222,2
107.5,19,547.432,782.974,1
107.5,20,401.052,387.688,2
107.5,21,320.185,487.643,2
107.5,22,210.603,761.99,1
107.5,23,717.997,486.157,3
107.5,24,664.071,556.339,3
107.5,25,615.658,375.638,3
107.5,26,339.654,674.366,1
107.5,27,216.317,728.343,1
107.5,28,482.361,238.079,2
107.5,29,271.151,718.054,1
108,0,743.429,760.592,1
108,1,245.58,673.513,1
108,2,264.697,266.388,2
108,3,509.515,504.585,1
108,4,288.966,359.553,2
108,5,251.023,776.979,1
108,6,298.654,287.536,2
108,7,212.177,426.323,2
108,8,751.564,275.673,3
108,9,677.372,606.926,1
108,10,638.028,434.626,3
108,11,770.264,696.314,1
108,12,267.998,436.264,2
108,13,777.641,350.236,3
108,14,242.601,786.458,1
108,15,507.534,695.686,1
108,16,505.79,762.092,1
108,17,319.097,515.09,2
108,18,379.862,446.322,2
108,19,548.927,782.843,1
108,20,401.131,389.186,2
108,21,319.313,488.864,2
108,22,211.087,760.57,1
108,23,719.037,485.076,3
108,24,664.917,557.578,3
108,25,614.159,375.573,3
108,26,340.73,673.32,1
108,27,214.817,728.371,1
108,28,483.4,236.997,2
108,29,272.425,717.264,1
108.5,0,742.028,761.126,1
108.5,1,244.35,672.654,1
108.5,2,265.141,267.82,2
108.5,3,511.011,504.467,1
108.5,4,290.02,360.621,2
108.5,5,249.71,777.704,1
108.5,6,300.141,287.334,2
108.5,7,213.477,425.575,2
108.5,8,752.985,275.194,3
108.5,9,676.565,608.191,1
108.5,10,636.63,434.084,3
108.5,11,771.745,696.076,1
108.5,12,269.364,436.884,2
108.5,13,777.33,351.703,3
108.5,14,242.408,787.946,1
108.5,15,508.844,694.955,1
108.5,16,506.888,763.114,1
108.5,17,317.671,515.555,2
108.5,18,378.662,445.422,2
108.5,19,550.421,782.712,1
108.5,20,401.21,390.683,2
108.5,21,318.441,490.084,2
108.5,22,211.571,759.15,1
108.5,23,720.078,483.995,3
108.5,24,665.763,558.816,3
108.5,25,612.66,375.509,3
108.5,26,341.806,672.275,1
108.5,27,213.318,728.399,1
108.5,28,484.439,235.915,2
108.5,29,273.7,716.473,1
109,0,740.626,761.661,1
109,1,243.12,671.796,1
109,2,265.585,269.253,2
109,3,512.506,504.349,1
109,4,291.073,361.689,2
109,5,248.397,778.429,1
109,6,301.627,287.132,2
109,7,214.777,424.828,2
109,8,754.407,274.716,3
109,9,675.758,609.455,1
109,10,635.231,433.541,3
109,11,773.226,695.839,1
109,12,270.73,437.504,2
109,13,777.019,353.171,3
109,14,242.215,789.434,1
109,15,510.154,694.224,1
109,16,507.987,764.135,1
109,17,316.245,516.02,2
109,18,377.462,444.522,2
109,19,551.915,782.581,1
109,20,401.289,392.181,2
109,21,317.569,491.304,2
109,22,212.054,757.73,1
109,23,721.118,482.915,3
109,24,666.608,560.055,3
109,25,611.162,375.444,3
109,26,342.882,671.229,1
109,27,211.818,728.427,1
109,28,485.478,234.834,2
109,29,274.975,715.682,1
109.5,0,739.224,762.195,1
109.5,1,241.89,670.937,1
109.5,2,266.029,270.686,2
109.5,3,514.001,504.231,1
109.5,4,292.126,362.757,2
109.5,5,247.084,779.154,1
109.5,6,303.113,286.93,2
109.5,7,216.078,424.08,2
109.5,8,755.829,274.238,3
109.5,9,674.952,610.72,1
109.5,10,633.833,432.999,3
109.5,11,774.707,695.601,1
109.5,12,272.095,438.124,2
109.5,13,776.708,354.638,3
109.5,14,242.023,790.921,1
109.5,15,511.464,693.493,1
109.5,16,509.086,765.156,1
109.5,17,314.819,516.484,2
109.5,18,376.262,443.622,2
109.5,19,553.409,782.45,1
109.5,20,401.368,393.679,2
109.5,21,316.696,492.525,2
109.5,22,212.538,756.311,1
109.5,23,722.158,481.834,3
109.5,24,667.454,561.294,3
109.5,25,609.663,375.38,3
109.5,26,343.957,670.184,1
109.5,27,210.318,728.455,1
109.5,28,486.517,233.752,2
109.5,29,276.249,714.892,1
110,0,737.823,762.73,1
110,1,240.66,670.078,1
110,2,266.473,272.119,2
110,3,515.497,504.113,1
110,4,293.179,363.825,2
110,5,245.77,779.879,1
110,6,304.6,286.727,2
110,7,217.378,423.332,2
110,8,757.25,273.759,3
110,9,674.145,611.985,1
110,10,632.434,432.456,3
110,11,776.188,695.364,1
110,12,273.461,438.744,2
110,13,776.397,356.105,3
110,14,241.83,792.409,1
110,15,512.774,692.762,1
110,16,510.184,766.177,1
110,17,313.393,516.949,2
110,18,375.062,442.722,2
110,19,554.904,782.319,1
110,20,401.448,395.177,2
110,21,315.824,493.745,2
110,22,213.022,754.891,1
110,23,723.199,480.754,3
110,24,668.3,562.533,3
110,25,608.165,375.315,3
110,26,345.033,669.139,1
110,27,208.818,728.483,1
110,28,487.556,232.67,2
110,29,277.524,714.101,1
110.5,0,736.421,763.264,1
110.5,1,239.43,669.22,1
110.5,2,266.917,273.552,2
110.5,3,516.992,503.995,1
110.5,4,294.232,364.893,2
110.5,5,244.457,780.604,1
110.5,6,306.086,286.525,2
110.5,7,218.679,422.585,2
110.5,8,758.672,273.281,3
110.5,9,673.339,613.249,1
110.5,10,631.036,431.914,3
110.5,11,777.669,695.127,1
110.5,12,274.827,439.364,2
110.5,13,776.086,357.573,3
110.5,14,241.638,793.896,1
110.5,15,514.083,692.031,1
110.5,16,511.283,767.199,1
110.5,17,311.967,517.414,2
110.5,18,373.862,441.822,2
110.5,19,556.398,782.188,1
110.5,20,401.527,396.675,2
110.5,21,314.952,494.965,2
110.5,22,213.506,753.471,1
110.5,23,724.239,479.673,3
110.5,24,669.145,563.772,3
110.5,25,606.666,375.251,3
110.5,26,346.109,668.093,1
110.5,27,207.319,728.511,1
110.5,28,488.595,231.588,2
110.5,29,278.799,713.311,1
111,0,735.02,763.799,1
111,1,238.2,668.361,1
111,2,267.361,274.984,2
111,3,518.487,503.877,1
111,4,295.286,365.961,2
111,5,243.144,781.329,1
111,6,307.572,286.323,2
111,7,219.979,421.837,2
111,8,760.094,272.803,3
111,9,672.532,614.514,1
111,10,629.637,431.372,3
111,11,779.15,694.889,1
111,12,276.193,439.984,2
111,13,775.775,359.04,3
111,14,241.445,795.384,1
111,15,515.393,691.3,1
111,16,512.382,768.22,1
111,17,310.54,517.879,2
111,18,372.662,440.922,2
111,19,557.892,782.057,1
111,20,401.606,398.173,2
111,21,314.08,496.186,2
111,22,213.99,752.051,1
111,23,725.279,478.592,3
111,24,669.991,565.011,3
111,25,605.167,375.186,3
111,26,347.184,667.048,1
111,27,205.819,728.539,1
111,28,489.634,230.506,2
111,29,280.074,712.52,1
111.5,0,733.618,764.333,1
111.5,1,236.97,667.503,1
111.5,2,267.805,276.417,2
111.5,3,519.983,503.759,1
111.5,4,296.339,367.029,2
111.5,5,241.831,782.054,1
111.5,6,309.059,286.121,2
111.5,7,221.279,421.089,2
111.5,8,761.515,272.324,3
111.5,9,671.726,615.779,1
111.5,10,628.239,430.829,3
111.5,11,780.631,694.652,1
111.5,12,277.559,440.604,2
111.5,13,775.464,360.508,3
111.5,14,241.252,796.871,1
111.5,15,516.703,690.569,1
111.5,16,513.48,769.241,1
111.5,17,309.114,518.344,2
111.5,18,371.462,440.022,2
111.5,19,559.386,781.926,1
111.5,20,401.685,399.671,2
111.5,21,313.208,497.406,2
111.5,22,214.474,750.631,1
111.5,23,726.32,477.512,3
111.5,24,670.837,566.25,3
111.5,25,603.669,375.122,3
111.5,26,348.26,666.002,1
111.5,27,204.319,728.567,1
111.5,28,490.673,229.425,2
111.5,29,281.348,711.729,1
112,0,732.217,764.868,1
112,1,235.74,666.644,1
112,2,268.249,277.85,2
112,3,521.478,503.641,1
112,4,297.392,368.097,2
112,5,240.518,782.779,1
112,6,310.545,285.919,2
112,7,222.58,420.342,2
112,8,762.937,271.846,3
112,9,670.919,617.043,1
112,10,626.84,430.287,3
112,11,782.113,694.414,1
112,12,278.925,441.224,2
112,13,775.153,361.975,3
112,14,241.06,798.359,1
112,15,518.013,689.838,1
112,16,514.579,770.263,1
112,17,307.688,518.808,2
112,18,370.262,439.122,2
112,19,560.881,781.795,1
112,20,401.764,401.169,2
112,21,312.335,498.626,2
112,22,214.958,749.212,1
112,23,727.36,476.431,3
112,24,671.682,567.489,3
112,25,602.17,375.057,3
112,26,349.336,664.957,1
112,27,202.819,728.595,1
112,28,491.712,228.343,2
112,29,282.623,710.939,1
112.5,0,730.815,765.402,1
112.5,1,234.51,665.785,1
112.5,2,268.693,279.283,2
112.5,3,522.973,503.523,1
112.5,4,298.445,369.165,2
112.5,5,239.205,783.504,1
112.5,6,312.031,285.716,2
112.5,7,223.88,419.594,2
112.5,8,764.359,271.368,3
112.5,9,670.112,618.308,1
112.5,10,625.442,429.745,3
112.5,11,783.594,694.177,1
112.5,12,280.291,441.844,2
112.5,13,774.842,363.443,3
112.5,14,241.589,798.004,1
112.5,15,519.323,689.107,1
112.5,16,515.677,771.284,1
112.5,17,306.262,519.273,2
112.5,18,369.062,438.222,2
112.5,19,562.375,781.664,1
112.5,20,401.843,402.667,2
112.5,21,311.463,499.847,2
112.5,22,215.442,747.792,1
112.5,23,728.4,475.35,3
112.5,24,672.528,568.728,3
112.5,25,600.671,374.993,3
112.5,26,350.411,663.912,1
112.5,27,201.325,728.623,1
112.5,28,492.752,227.261,2
112.5,29,283.898,710.148,1
113,0,729.414,765.937,1
113,1,233.28,664.927,1
113,2,269.137,280.716,2
113,3,524.469,503.405,1
113,4,299.498,370.233,2
113,5,237.892,784.23,1
113,6,313.518,285.514,2
113,7,225.18,418.846,2
113,8,765.781,270.889,3
113,9,669.306,619.573,1
113,10,624.043,429.202,3
113,11,785.075,693.939,1
113,12,281.657,442.464,2
113,13,774.531,364.91,3
113,14,242.561,796.861,1
113,15,520.633,688.376,1
113,16,516.776,772.305,1
113,17,304.836,519.738,2
113,18,367.862,437.322,2
113,19,563.869,781.533,1
113,20,401.922,404.165,2
113,21,310.591,501.067,2
113,22,215.926,746.372,1
113,23,729.44,474.27,3
113,24,673.374,569.967,3
113,25,599.173,374.928,3
113,26,351.487,662.866,1
113,27,201.973,729.639,1
113,28,493.791,226.179,2
113,29,285.172,709.357,1
113.5,0,728.012,766.471,1
113.5,1,232.05,664.068,1
113.5,2,269.581,282.148,2
113.5,3,525.964,503.287,1
113.5,4,300.552,371.302,2
113.5,5,236.579,784.955,1
113.5,6,315.004,285.312,2
113.5,7,226.481,418.099,2
113.5,8,767.202,270.411,3
113.5,9,668.499,620.838,1
113.5,10,622.645,428.66,3
113.5,11,786.556,693.702,1
113.5,12,283.023,443.084,2
113.5,13,774.22,366.377,3
113.5,14,243.533,795.718,1
113.5,15,521.942,687.645,1
113.5,16,517.875,773.326,1
113.5,17,303.41,520.203,2
113.5,18,366.662,436.422,2
113.5,19,565.364,781.402,1
113.5,20,402.001,405.663,2
113.5,21,309.719,502.287,2
113.5,22,216.41,744.952,1
113.5,23,730.481,473.189,3
113.5,24,674.219,571.205,3
113.5,25,597.674,374.864,3
113.5,26,352.563,661.821,1
113.5,27,202.78,730.903,1
113.5,28,494.83,225.097,2
113.5,29,286.447,708.567,1
114,0,726.61,767.005,1
114,1,230.82,663.21,1
114,2,270.025,283.581,2
114,3,527.459,503.169,1
114,4,301.605,372.37,2
114,5,235.266,785.68,1
114,6,316.49,285.11,2
114,7,227.781,417.351,2
114,8,768.624,269.933,3
114,9,667.693,622.102,1
114,10,621.246,428.117,3
114,11,788.037,693.465,1
114,12,284.389,443.704,2
114,13,773.909,367.845,3
114,14,244.504,794.575,1
114,15,523.252,686.914,1
114,16,518.973,774.348,1
114,17,301.983,520.667,2
114,18,365.462,435.522,2
114,19,566.858,781.27,1
114,20,402.08,407.161,2
114,21,308.846,503.508,2
114,22,216.893,743.532,1
114,23,731.521,472.108,3
114,24,675.065,572.444,3
114,25,596.176,374.799,3
114,26,353.639,660.775,1
114,27,203.587,732.167,1
114,28,495.869,224.016,2
114,29,287.722,707.776,1
114.5,0,725.209,767.54,1
114.5,1,229.59,662.351,1
114.5,2,270.469,285.014,2
114.5,3,528.955,503.051,1
114.5,4,302.658,373.438,2
114.5,5,233.952,786.405,1
114.5,6,317.976,284.908,2
114.5,7,229.082,416.604,2
114.5,8,770.046,269.454,3
114.5,9,666.886,623.367,1
114.5,10,619.848,427.575,3
114.5,11,789.518,693.227,1
114.5,12,285.754,444.323,2
114.5,13,773.598,369.312,3
114.5,14,245.476,793.433,1
114.5,15,524.562,686.183,1
114.5,16,520.072,775.369,1
114.5,17,300.557,521.132,2
114.5,18,364.262,434.622,2
114.5,19,568.352,781.139,1
114.5,20,402.159,408.658,2
114.5,21,307.974,504.728,2
114.5,22,217.377,742.113,1
114.5,23,732.561,471.028,3
114.5,24,675.911,573.683,3
114.5,25,594.677,374.735,3
114.5,26,354.714,659.73,1
114.5,27,204.394,733.432,1
114.5,28,496.908,222.934,2
114.5,29,288.997,706.985,1
115,0,723.807,768.074,1
115,1,228.36,661.492,1
115,2,270.913,286.447,2
115,3,530.45,502.932,1
115,4,303.711,374.506,2
115,5,232.639,787.13,1
115,6,319.463,284.705,2
115,7,230.382,415.856,2
115,8,771.467,268.976,3
115,9,666.08,624.632,1
115,10,618.449,427.033,3
115,11,790.999,692.99,1
115,12,287.12,444.943,2
115,13,773.288,370.78,3
115,14,246.447,792.29,1
115,15,525.872,685.452,1
115,16,521.171,776.39,1
115,17,299.131,521.597,2
115,18,363.062,433.722,2
115,19,569.846,781.008,1
115,20,402.238,410.156,2
115,21,307.102,505.948,2
115,22,217.861,740.693,1
115,23,733.602,469.947,3
115,24,676.756,574.922,3
115,25,593.178,374.67,3
115,26,355.79,658.685,1
115,27,205.201,734.696,1
115,28,497.947,221.852,2
115,29,290.271,706.195,1
115.5,0,722.406,768.609,1
115.5,1,227.13,660.634,1
115.5,2,271.356,287.88,2
115.5,3,531.946,502.814,1
115.5,4,304.764,375.574,2
115.5,5,231.326,787.855,1
115.5,6,320.949,284.503,2
115.5,7,231.682,415.108,2
115.5,8,772.889,268.498,3
115.5,9,665.273,625.896,1
115.5,10,617.051,426.49,3
115.5,11,792.48,692.752,1
115.5,12,288.486,445.563,2
115.5,13,772.977,372.247,3
115.5,14,247.419,791.147,1
115.5,15,527.182,684.721,1
115.5,16,522.269,777.411,1
115.5,17,297.705,522.062,2
115.5,18,361.862,432.822,2
115.5,19,571.341,780.877,1
115.5,20,402.317,411.654,2
115.5,21,306.23,507.169,2
115.5,22,218.345,739.273,1
115.5,23,734.642,468.867,3
115.5,24,677.602,576.161,3
115.5,25,591.68,374.606,3
115.5,26,356.866,657.639,1
115.5,27,206.008,735.961,1
115.5,28,498.986,220.77,2
115.5,29,291.546,705.404,1
116,0,721.004,769.143,1
116,1,225.9,659.775,1
116,2,271.8,289.312,2
116,3,533.441,502.696,1
116,4,305.818,376.642,2
116,5,230.013,788.58,1
116,6,322.435,284.301,2
116,7,232.983,414.361,2
116,8,774.311,268.019,3
116,9,664.467,627.161,1
116,10,615.652,425.948,3
116,11,793.961,692.515,1
116,12,289.852,446.183,2
116,13,772.666,373.714,3
116,14,248.391,790.004,1
116,15,528.491,683.99,1
116,16,523.368,778.433,1
116,17,296.279,522.527,2
116,18,360.662,431.922,2
116,19,572.835,780.746,1
116,20,402.397,413.152,2
116,21,305.358,508.389,2
116,22,218.829,737.853,1
116,23,735.682,467.786,3
116,24,678.447,577.4,3
116,25,590.181,374.541,3
116,26,357.941,656.594,1
116,27,206.815,737.225,1
116,28,500.025,219.688,2
116,29,292.821,704.614,1
116.5,0,719.603,769.678,1
116.5,1,224.671,658.917,1
116.5,2,272.244,290.745,2
116.5,3,534.936,502.578,1
116.5,4,306.871,377.71,2
116.5,5,228.7,789.305,1
116.5,6,323.922,284.099,2
116.5,7,234.283,413.613,2
116.5,8,775.732,267.541,3
116.5,9,663.66,628.426,1
116.5,10,614.254,425.405,3
116.5,11,795.442,692.277,1
116.5,12,291.218,446.803,2
116.5,13,772.355,375.182,3
116.5,14,249.362,788.861,1
116.5,15,529.801,683.259,1
116.5,16,524.467,779.454,1
116.5,17,294.853,522.991,2
116.5,18,359.462,431.022,2
116.5,19,574.329,780.615,1
116.5,20,402.476,414.65,2
116.5,21,304.485,509.609,2
116.5,22,219.313,736.433,1
116.5,23,736.723,466.705,3
116.5,24,679.293,578.639,3
116.5,25,588.683,374.477,3
116.5,26,359.017,655.548,1
116.5,27,207.622,738.49,1
116.5,28,501.064,218.607,3
116.5,29,294.095,703.823,1
117,0,718.201,770.212,1
117,1,223.441,658.058,1
117,2,272.688,292.178,2
117,3,536.432,502.46,3
117,4,307.924,378.778,2
117,5,227.387,790.03,1
117,6,325.408,283.896,2
117,7,235.584,412.865,2
117,8,777.154,267.063,3
117,9,662.853,629.69,1
117,10,612.855,424.863,3
117,11,796.923,692.04,1
117,12,292.584,447.423,2
117,13,772.044,376.649,3
117,14,250.334,787.718,1
117,15,531.111,682.528,1
117,16,525.565,780.475,1
117,17,293.426,523.456,2
117,18,358.262,430.122,2
117,19,575.823,780.484,1
117,20,402.555,416.148,2
117,21,303.613,510.83,2
117,22,219.797,735.014,1
117,23,737.763,465.625,3
117,24,680.139,579.878,3
117,25,587.184,374.412,3
117,26,360.093,654.503,1
117,27,208.429,739.754,1
117,28,502.103,217.525,3
117,29,295.37,703.032,1
117.5,0,716.8,770.747,1
117.5,1,222.211,657.199,1
117.5,2,273.132,293.611,2
117.5,3,537.927,502.342,3
117.5,4,308.977,379.846,2
117.5,5,226.074,790.755,1
117.5,6,326.894,283.694,2
117.5,7,236.884,412.118,2
117.5,8,778.576,266.584,3
117.5,9,662.047,630.955,1
117.5,10,611.457,424.321,3
117.5,11,798.405,691.803,1
117.5,12,293.95,448.043,2
117.5,13,771.733,378.117,3
117.5,14,251.305,786.576,1
117.5,15,532.421,681.797,1
117.5,16,526.664,781.497,1
117.5,17,292,523.921,2
117.5,18,357.062,429.222,2
117.5,19,577.318,780.353,1
117.5,20,402.634,417.646,2
117.5,21,302.741,512.05,2
117.5,22,220.281,733.594,1
117.5,23,738.803,464.544,3
117.5,24,680.984,581.117,3
117.5,25,585.685,374.348,3
117.5,26,361.169,653.458,1
117.5,27,209.236,741.019,1
117.5,28,503.143,216.443,2
117.5,29,296.645,702.242,1
118,0,715.398,771.281,1
118,1,220.981,656.341,1
118,2,273.576,295.044,2
118,3,539.422,502.224,3
118,4,310.03,380.914,2
118,5,224.761,791.48,1
118,6,328.381,283.492,2
118,7,238.184,411.37,2
118,8,779.997,266.106,3
118,9,661.24,632.22,1
118,10,610.058,423.778,3
118,11,798.667,692.685,1
118,12,295.316,448.663,2
118,13,771.422,379.584,3
118,14,252.277,785.433,1
118,15,533.731,681.066,1
118,16,527.762,782.518,1
118,17,290.574,524.386,2
118,18,355.862,428.322,2
118,19,578.812,780.222,1
118,20,402.713,419.144,2
118,21,301.869,513.27,2
118,22,220.765,732.174,1
118,23,739.844,463.463,3
118,24,681.83,582.356,3
118,25,584.187,374.283,3
118,26,362.244,652.412,1
118,27,210.043,742.283,1
118,28,504.182,215.361,3
118,29,297.92,701.451,1
118.5,0,713.996,771.815,1
118.5,1,219.751,655.482,2
118.5,2,274.02,296.476,2
118.5,3,540.918,502.106,3
118.5,4,311.084,381.982,2
118.5,5,223.448,792.205,1
118.5,6,329.867,283.29,2
118.5,7,239.485,410.622,2
118.5,8,781.419,265.628,3
118.5,9,660.434,633.484,1
118.5,10,608.66,423.236,3
118.5,11,798.653,694.185,1
118.5,12,296.682,449.283,2
118.5,13,771.111,381.052,3
118.5,14,253.249,784.29,1
118.5,15,535.04,680.335,1
118.5,16,528.861,783.539,1
118.5,17,289.148,524.851,2
118.5,18,354.662,427.422,2
118.5,19,580.306,780.091,1
118.5,20,402.792,420.642,2
118.5,21,300.996,514.491,2
118.5,22,221.249,730.754,1
118.5,23,740.884,462.383,3
118.5,24,682.676,583.594,3
118.5,25,582.688,374.219,3
118.5,26,363.32,651.367,1
118.5,27,210.849,743.548,1
118.5,28,505.221,214.279,2
118.5,29,299.194,700.66,1
119,0,712.595,772.35,1
119,1,218.521,654.624,2
119,2,274.464,297.909,2
119,3,542.413,501.988,3
119,4,312.137,383.05,2
119,5,222.134,792.93,1
119,6,331.353,283.088,2
119,7,240.785,409.875,2
119,8,782.841,265.149,3
119,9,659.627,634.749,1
119,10,607.261,422.694,3
119,11,798.639,695.685,1
119,12,298.047,449.903,2
119,13,770.8,382.519,3
119,14,254.22,783.147,1
119,15,536.35,679.604,1
119,16,529.96,784.56,1
119,17,287.722,525.315,2
119,18,353.462,426.522,2
119,19,581.8,779.96,1
119,20,402.871,422.14,2
119,21,300.124,515.711,2
119,22,221.732,729.334,1
119,23,741.924,461.302,3
119,24,683.521,584.833,3
119,25,581.19,374.154,3
119,26,364.396,650.321,1
119,27,211.656,744.812,1
119,28,506.26,213.198,2
119,29,300.469,699.87,1
119.5,0,711.193,772.884,1
119.5,1,217.291,653.765,2
119.5,2,274.908,299.342,2
119.5,3,543.908,501.87,3
119.5,4,313.19,384.118,2
119.5,5,220.821,793.656,1
119.5,6,332.839,282.885,2
119.5,7,242.086,409.127,2
119.5,8,784.262,264.671,3
119.5,9,658.821,636.014,1
119.5,10,605.863,422.151,3
119.5,11,798.626,697.185,1
119.5,12,299.413,450.523,2
119.5,13,770.489,383.986,3
119.5,14,255.192,782.004,1
119.5,15,537.66,678.873,1
119.5,16,531.058,785.582,1
119.5,17,286.296,525.78,2
119.5,18,352.262,425.622,2
119.5,19,583.295,779.829,1
119.5,20,402.95,423.638,2
119.5,21,299.252,516.931,2
119.5,22,222.216,727.915,1
119.5,23,742.964,460.222,3
119.5,24,684.367,586.072,3
119.5,25,579.691,374.09,3
119.5,26,365.471,649.276,1
119.5,27,212.463,746.077,1
119.5,28,507.299,212.116,2
119.5,29,301.744,699.079,1
