time_s,step,reward_cell1,reward_cell2,reward_cell3,prb_std,ue_std
1,1,0,0,0,0.0079822,0.0272166
1.5,2,0.745778,0.633477,0.606562,0,0.124722
2,3,0.924506,0.590536,0.546582,0,0.118634
2.5,4,0.919026,0.56661,0.561294,0,0.0981307
3,5,0.839573,0.57185,0.661053,0,0.0981307
3.5,6,0.770438,0.375602,0.899158,0,0.0471405
4,7,0.77224,0.513918,0.671402,0,0.0272166
4.5,8,0.959166,0.37232,0.553382,0,0.0981307
5,9,0.85421,0.424771,0.516989,0,0.165552
5.5,10,0.758384,0.43972,0.726952,0,0.144016
6,11,0.882869,0.502781,0.611248,0.00603398,0.0272166
6.5,12,0.887502,0.616123,0.489098,0.00905097,0.0272166
7,13,0.843174,0.518317,0.508117,0.0079822,0.124722
7.5,14,0.931914,0.444528,0.542435,0,0.118634
8,15,0.972835,0.370946,0.516981,0,0.237268
8.5,16,1.02791,0.354976,0.514046,0,0.0981307
9,17,0.857059,0.3688,0.724867,0,0.124722
9.5,18,0.873794,0.380082,0.621717,0,0.0720082
10,19,0.906195,0.396709,0.501294,0,0.165552
10.5,20,0.777461,0.376526,0.693786,0,0.165552
11,21,0.887965,0.396691,0.535712,0.00522558,0.0816497
11.5,22,1.01335,0.365859,0.480096,0,0.118634
12,23,0.826926,0.3442,0.557738,0.0108779,0.165552
12.5,24,0.837666,0.467427,0.534778,0.00603398,0.165552
13,25,0.925253,0.535984,0.472438,0,0.0720082
13.5,26,0.967192,0.400238,0.419006,0.154339,0.124722
14,27,0.917685,0.379546,0.462966,0,0.232538
14.5,28,0.787238,0.382952,0.632507,0,0.118634
15,29,0.842824,0.444018,0.560806,0,0.0981307
15.5,30,0.887267,0.456789,0.457773,0,0.141421
16,31,0.755526,0.584245,0.402398,0,0.144016
16.5,32,1.0218,0.443658,0.43036,0,0.0981307
17,33,0.942299,0.31127,0.606498,0.012068,0.0981307
17.5,34,0.820019,0.533002,0.477749,0.012068,0.118634
18,35,0.696957,0.615741,0.507998,0.0138256,0.144016
18.5,36,0.943384,0.39283,0.629072,0,0.169967
19,37,0.900474,0.388504,0.501515,0.00905097,0.169967
19.5,38,0.856539,0.400957,0.466157,0,0.288033
20,39,0.993536,0.357091,0.450013,0,0.0544331
20.5,40,0.856413,0.362928,0.616037,0,0.124722
21,41,0.732043,0.545198,0.468283,0,0.0942809
21.5,42,0.836819,0.488346,0.4892,0,0.151535
22,43,0.915693,0.329421,0.566546,0,0.165552
22.5,44,0.786405,0.276843,0.625046,0,0.196261
23,45,0.819349,0.306757,0.500147,0.012068,0.118634
23.5,46,0.881654,0.310053,0.540192,0.00905097,0.165552
24,47,0.908736,0.310962,0.484576,0.00522558,0.144016
24.5,48,0.8502,0.446213,0.447776,0.00522558,0.118634
25,49,0.752818,0.347621,0.636202,0,0.178471
25.5,50,0.977728,0.311683,0.508245,0.00603398,0.144016
26,51,0.983069,0.293733,0.450565,0,0.0544331
26.5,52,0.747794,0.545336,0.4052,0,0.15433
27,53,0.843189,0.440205,0.505778,0,0.0981307
27.5,54,0.898222,0.447504,0.506475,0,0.0942809
28,55,0.875942,0.415346,0.461293,0,0.118634
28.5,56,0.990904,0.258597,0.50913,0,0.108866
29,57,0.942552,0.243699,0.50627,0.00905097,0.108866
29.5,58,1.00894,0.236787,0.53117,0.00905097,0.0981307
30,59,0.797146,0.31963,0.489602,0,0.282843
30.5,60,0.916949,0.287661,0.486197,0.012068,0.212568
31,61,0.878704,0.34623,0.502482,0.00522558,0.163299
31.5,62,0.805325,0.263811,0.677586,0,0.136083
32,63,0.926514,0.206197,0.619067,0,0.0272166
32.5,64,0.947565,0.254381,0.51953,0,0.0981307
33,65,0.776285,0.43471,0.488805,0,0.0720082
33.5,66,0.800821,0.510918,0.512323,0.112603,0.0471405
34,67,0.96981,0.365206,0.457712,0,0.0720082
34.5,68,0.874459,0.242259,0.437608,0,0.217732
35,69,0.902018,0.248442,0.48753,0,0.217732
35.5,70,0.811189,0.21283,0.761546,0.0079822,0.0720082
36,71,0.905827,0.417973,0.576006,0.0079822,0.0942809
36.5,72,0.870878,0.427208,0.514986,0.00905097,0.163299
37,73,0.97964,0.257362,0.542763,0.117663,0.178471
37.5,74,0.859467,0.492186,0.489635,0,0.20548
38,75,0.813544,0.352931,0.689808,0,0.124722
38.5,76,0.881814,0.182746,0.655736,0,0
39,77,0.923206,0.24476,0.626722,0,0.0981307
39.5,78,0.952173,0.251485,0.557218,0.120226,0.0272166
40,79,0.957258,0.203677,0.605235,0,0.0816497
40.5,80,0.925386,0.203344,0.620397,0,0.0816497
41,81,0.8552,0.423898,0.476379,0.00603398,0.0816497
41.5,82,0.697024,0.649264,0.490758,0.00522558,0.108866
42,83,0.804206,0.487027,0.53547,0,0.136083
42.5,84,0.724683,0.556947,0.557354,0.00603398,0.0942809
43,85,0.624898,0.349165,0.847072,0.00905097,0.0942809
43.5,86,0.803083,0.324424,0.655147,0,0
44,87,0.741955,0.662246,0.466789,0,0.124722
44.5,88,0.874962,0.383005,0.562883,0,0.129925
45,89,0.740763,0.221238,0.9002,0,0.0272166
45.5,90,0.812226,0.210509,0.812237,0,0.0720082
46,91,0.839826,0.291469,0.706936,0,0.0272166
46.5,92,0.967283,0.338666,0.554411,0,0.0720082
47,93,0.877898,0.394181,0.455264,0,0.136083
47.5,94,0.960002,0.344606,0.504562,0.012068,0.124722
48,95,0.832968,0.216416,0.678858,0,0.0720082
48.5,96,0.853714,0.255035,0.614104,0.0104512,0.0272166
49,97,0.933118,0.285848,0.537155,0.0104512,0.124722
49.5,98,1.06123,0.279875,0.490898,0,0.0544331
50,99,0.982443,0.281029,0.554629,0,0.0720082
50.5,100,0.846525,0.333696,0.56636,0,0.0981307
51,101,0.862368,0.34185,0.559878,0,0.0981307
51.5,102,0.81373,0.323059,0.648221,0,0.0981307
52,103,0.920242,0.283805,0.528555,0,0.0471405
52.5,104,0.927773,0.279902,0.531491,0,0.124722
53,105,0.929293,0.326094,0.548267,0.012068,0.124722
53.5,106,0.825581,0.291446,0.702749,0.0104512,0.124722
54,107,0.935078,0.289914,0.570181,0.0079822,0.108866
54.5,108,0.957448,0.29856,0.606054,0,0.0816497
55,109,0.969331,0.314605,0.557915,0,0.0720082
55.5,110,0.825818,0.553035,0.492283,0.00603398,0.0544331
56,111,0.937331,0.44035,0.51403,0,0.0988773
56.5,112,0.931542,0.356186,0.576202,0,0.0981307
57,113,0.831213,0.29535,0.764539,0,0.0981307
57.5,114,0.749198,0.49036,0.600315,0,0.0471405
58,115,0.866739,0.510117,0.514213,0,0.0471405
58.5,116,1.06622,0.32429,0.540152,0,0.0981307
1,118,0,0,0,0,0.0272166
1.5,119,1.06941,0.376096,0.563675,0,0.0471405
2,120,0.917,0.416891,0.581923,0,0.136083
2.5,121,0.907666,0.448142,0.598941,0,0.165552
3,122,0.751742,0.669902,0.549323,0,0.188562
3.5,123,0.655819,0.511765,0.83292,0,0.118634
4,124,0.754738,0.436906,0.841373,0,0.0720082
4.5,125,0.743109,0.635024,0.542555,0,0.0471405
5,126,0.787613,0.516659,0.62824,0.0138256,0.0981307
5.5,127,0.828997,0.401253,0.784958,0,0.0544331
6,128,0.824506,0.450379,0.713725,0.0079822,0.124722
6.5,129,0.855336,0.514139,0.539966,0.00603398,0.232538
7,130,0.904555,0.49045,0.511963,0.00522558,0.141421
7.5,131,0.781864,0.61928,0.490299,0,0.235702
8,132,0.968666,0.575474,0.453392,0,0.118634
8.5,133,0.986989,0.471893,0.569347,0,0.0720082
9,134,0.774096,0.46437,0.689174,0,0.0544331
9.5,135,0.985574,0.416741,0.56341,0,0.0942809
10,136,0.885858,0.500074,0.498403,0,0.124722
10.5,137,0.796816,0.437328,0.641837,0,0.124722
11,138,0.867626,0.431491,0.554174,0.00603398,0.0272166
11.5,139,0.793106,0.500275,0.518662,0.00603398,0.0981307
12,140,1.01172,0.455323,0.480358,0,0.124722
12.5,141,1.00432,0.474378,0.44625,0,0.0720082
13,142,0.929859,0.494477,0.461707,0.00905097,0.144016
13.5,143,0.888662,0.467637,0.482288,0,0.306715
14,144,0.845773,0.423451,0.800314,0,0.0720082
14.5,145,0.941384,0.322638,0.661893,0,0.0471405
15,146,0.961899,0.330818,0.54571,0,0.0471405
15.5,147,0.899725,0.466235,0.58077,0,0.0471405
16,148,0.934518,0.473608,0.46725,0,0.0816497
16.5,149,0.903029,0.38921,0.414819,0,0.0720082
17,150,0.914672,0.413275,0.452269,0.00603398,0.118634
17.5,151,1.02839,0.393581,0.435779,0,0.0942809
18,152,0.794883,0.317376,0.67969,0,0.196261
18.5,153,0.853592,0.274141,0.63237,0.00603398,0.0544331
19,154,0.74664,0.625955,0.423747,0.00301699,0.217732
19.5,155,0.790763,0.562814,0.398171,0,0.169967
20,156,0.851264,0.42436,0.497963,0,0.118634
20.5,157,0.854898,0.330336,0.589858,0,0.0272166
21,158,0.739806,0.458429,0.567029,0,0.124722
21.5,159,0.685778,0.602402,0.484152,0,0.0544331
22,160,0.985709,0.421435,0.454339,0,0.0720082
22.5,161,0.922318,0.27633,0.609714,0,0.124722
23,162,0.821333,0.448112,0.52192,0,0.0272166
23.5,163,0.7134,0.645549,0.411768,0.0108779,0.124722
24,164,0.836878,0.410338,0.55759,0.0079822,0.0816497
24.5,165,1.0103,0.277051,0.54739,0,0.0544331
25,166,0.863221,0.39287,0.448342,0.00603398,0.0816497
25.5,167,0.809338,0.348666,0.508965,0,0.222777
26,168,0.895664,0.270718,0.486629,0,0.235702
26.5,169,0.918552,0.269592,0.438594,0,0.0981307
27,170,0.881938,0.399522,0.428026,0,0.0942809
27.5,171,0.753085,0.590974,0.527614,0.0890395,0.0981307
28,172,0.880621,0.446128,0.443253,0,0.0720082
28.5,173,0.958779,0.355174,0.456958,0,0.108866
29,174,0.721301,0.37831,0.669021,0,0.124722
29.5,175,0.750054,0.444382,0.584485,0.00603398,0.0272166
30,176,0.921406,0.402146,0.464083,0.00905097,0.0471405
30.5,177,0.752181,0.581238,0.470506,0,0.0720082
31,178,0.881608,0.431277,0.488826,0,0.0272166
31.5,179,0.919651,0.266085,0.465502,0.00301699,0.178471
32,180,0.831952,0.433379,0.455014,0,0.108866
32.5,181,0.830274,0.372237,0.482198,0,0.0924981
33,182,0.722803,0.269792,0.564541,0,0.118634
33.5,183,0.924344,0.263998,0.557339,0,0.0720082
34,184,0.692317,0.475165,0.586125,0,0.151535
34.5,185,0.863581,0.413158,0.517765,0,0.0272166
35,186,0.723086,0.425245,0.601443,0,0.0544331
35.5,187,1.07071,0.370026,0.54347,0.00905097,0.0544331
36,188,0.985338,0.339581,0.564829,0.00905097,0.0816497
36.5,189,0.736494,0.452974,0.571834,0,0.108866
37,190,0.631251,0.501778,0.569069,0.00905097,0.0272166
37.5,191,0.689565,0.567842,0.494658,0,0.0981307
38,192,0.985974,0.377371,0.538973,0,0.0471405
38.5,193,0.996869,0.22141,0.524773,0,0.136083
39,194,0.863354,0.215133,0.587867,0,0.169967
39.5,195,0.888814,0.199398,0.572768,0,0.0720082
40,196,0.85351,0.463624,0.562531,0,0.0942809
40.5,197,0.816386,0.505912,0.566219,0,0.0471405
41,198,0.726134,0.576859,0.5208,0.012068,0.118634
41.5,199,0.826312,0.486046,0.404392,0,0.0981307
42,200,0.935178,0.381818,0.502253,0.012068,0.0981307
42.5,201,0.884771,0.357312,0.551387,0.012068,0.0272166
43,202,0.985958,0.271378,0.599861,0.0104512,0.0272166
43.5,203,1.05694,0.220216,0.588688,0,0.0272166
44,204,0.963571,0.221062,0.517733,0,0.0544331
44.5,205,1.00077,0.254341,0.602634,0,0.151535
45,206,0.857491,0.209646,0.821998,0,0.136083
45.5,207,0.887083,0.202486,0.646224,0,0.0816497
46,208,0.854346,0.280805,0.601747,0,0.151535
46.5,209,0.686706,0.469128,0.618637,0,0.124722
47,210,0.620987,0.416034,0.866363,0.00603398,0.0272166
47.5,211,0.489157,0.397232,0.832147,0,0.0816497
48,212,0.680112,0.343595,0.783435,0,0.165552
48.5,213,0.757534,0.487538,0.622174,0.0156767,0.118634
49,214,0.624678,0.55295,0.639453,0.0138256,0.144016
49.5,215,0.754197,0.352266,0.68941,0,0.118634
50,216,0.721509,0.383734,0.794115,0,0.0272166
50.5,217,0.774475,0.39025,0.74488,0,0.0272166
51,218,0.542747,0.340952,0.972104,0,0.0816497
51.5,219,0.433198,0.475034,0.882501,0,0.0544331
52,220,0.397472,0.452955,0.991858,0,0.151535
52.5,221,0.505776,0.575718,0.821966,0,0.0720082
53,222,0.612438,0.676202,0.600902,0,0.118634
53.5,223,0.731568,0.603632,0.589565,0,0.0981307
54,224,0.605443,0.469682,0.825485,0.0104512,0.0981307
54.5,225,0.378797,0.705131,0.875061,0,0.0471405
55,226,0.561658,0.683125,0.632819,0,0.0720082
55.5,227,0.853432,0.466725,0.68629,0,0.0981307
56,228,0.744149,0.50505,0.741715,0,0.0720082
56.5,229,0.564688,0.528194,0.821576,0,0.0304132
57,230,0.553802,0.402566,0.88892,0,0.0720082
57.5,231,0.478533,0.486861,0.997117,0,0.0544331
58,232,0.41629,0.483885,1.10366,0,0.0544331
58.5,233,0.548675,0.404717,0.905336,0,0.0272166
1,235,0,0,0,0.00603398,0.0272166
1.5,236,0.72711,0.838512,0.576739,0,0.118634
2,237,0.52067,0.798462,0.83517,0,0.0720082
2.5,238,0.487654,0.670859,0.945126,0,0.0720082
3,239,0.457075,0.777184,0.820949,0,0.0471405
3.5,240,0.557754,0.616605,0.880538,0,0.0544331
4,241,0.47295,0.526909,0.950282,0,0.0981307
4.5,242,0.520166,0.484821,0.797147,0,0.0720082
5,243,0.672013,0.650091,0.652336,0,0.124722
5.5,244,0.86423,0.5852,0.504443,0,0.0544331
6,245,0.749734,0.738222,0.503594,0.00522558,0.178471
6.5,246,0.614178,0.622315,0.75687,0.00603398,0.235702
7,247,0.736819,0.53904,0.627627,0.00603398,0.0272166
7.5,248,0.598707,0.723986,0.677659,0,0.212568
8,249,0.49481,0.855682,0.605174,0,0.0981307
8.5,250,0.799136,0.600234,0.663522,0,0.0981307
9,251,0.792238,0.406987,0.814413,0,0.0720082
9.5,252,0.63013,0.607064,0.740942,0,0.222777
10,253,0.698448,0.498424,0.697536,0,0.222777
10.5,254,0.473955,0.736242,0.936656,0,0.196261
11,255,0.40951,0.94091,0.699483,0,0.151535
11.5,256,0.577008,0.664499,0.67223,0.00603398,0.0720082
12,257,0.50908,0.645112,0.737256,0,0
12.5,258,0.501754,0.80493,0.608256,0.00603398,0.0942809
13,259,0.716278,0.684424,0.509494,0.00301699,0.0544331
13.5,260,0.770653,0.50115,0.640218,0,0.0942809
14,261,0.521738,0.624658,0.758213,0,0.108866
14.5,262,0.402122,0.64228,0.732997,0,0.0544331
15,263,0.754464,0.57428,0.555117,0,0.0544331
15.5,264,0.732446,0.49841,0.623072,0,0.0720082
16,265,0.740512,0.469426,0.574547,0,0.0544331
16.5,266,0.751942,0.381702,0.769168,0,0.0981307
17,267,0.459549,0.636899,0.70248,0.0079822,0.108866
17.5,268,0.555739,0.598482,0.597971,0.00301699,0.165552
18,269,0.601736,0.670803,0.575219,0.00603398,0.0544331
18.5,270,0.565549,0.476957,0.809706,0.00603398,0.0816497
19,271,0.66596,0.333464,0.790139,0,0.0544331
19.5,272,0.642904,0.648144,0.626995,0,0.0981307
20,273,0.56631,0.692021,0.575632,0,0.144016
20.5,274,0.784949,0.472034,0.557558,0,0.0272166
21,275,0.549733,0.902302,0.477954,0,0.0720082
21.5,276,0.757778,0.684632,0.455314,0,0.0544331
22,277,0.947472,0.332952,0.689419,0,0.124722
22.5,278,0.495,0.29888,1.07037,0,0.0816497
23,279,0.326117,0.670003,0.738352,0.00522558,0.216025
23.5,280,0.565573,0.622342,0.582342,0.0079822,0.151535
24,281,0.724218,0.539773,0.531635,0,0.118634
24.5,282,0.965381,0.420422,0.475302,0.00603398,0.0720082
25,283,0.734459,0.532984,0.631146,0,0.0981307
25.5,284,0.563792,0.616776,0.592059,0,0.0272166
26,285,0.680317,0.622165,0.519518,0,0.0272166
26.5,286,0.537622,0.680744,0.561462,0.0418046,0.0720082
27,287,0.356059,0.614608,0.95296,0,0.118634
27.5,288,0.836232,0.345243,0.755611,0,0.0544331
28,289,0.876146,0.326704,0.603666,0,0.0544331
28.5,290,0.490488,0.501795,0.803525,0,0.0544331
29,291,0.358357,0.544984,0.849298,0,0.0471405
29.5,292,0.46491,0.591061,0.713139,0,0.0720082
30,293,0.558989,0.49848,0.713651,0.0138256,0.151535
30.5,294,0.623259,0.393218,0.79043,0.0079822,0.0816497
31,295,0.728709,0.430429,0.620571,0.00522558,0.108866
31.5,296,0.696613,0.568533,0.519483,0,0.0544331
32,297,0.616738,0.578509,0.64283,0,0
32.5,298,0.502627,0.335936,1.04145,0,0.0272166
33,299,0.618597,0.318685,0.860702,0,0.0544331
33.5,300,0.557334,0.384427,0.742926,0,0.108866
34,301,0.746002,0.314106,0.671018,0,0.124722
34.5,302,0.530014,0.484731,0.651816,0,0.0272166
35,303,0.678381,0.344614,0.803898,0,0.0272166
35.5,304,0.735493,0.47473,0.630675,0,0.0272166
36,305,0.927101,0.475413,0.51937,0.00603398,0.0720082
36.5,306,0.691696,0.28261,1.08754,0,0.124722
37,307,0.519834,0.446384,0.972517,0,0.124722
37.5,308,0.420714,0.835155,0.672222,0,0.0720082
38,309,0.57915,0.74561,0.528594,0,0.0942809
38.5,310,0.621629,0.53552,0.771915,0,0.0981307
39,311,0.722419,0.333022,0.725536,0,0.0544331
39.5,312,0.578461,0.305882,0.837234,0,0.0720082
40,313,0.399518,0.71725,0.789477,0,0.0720082
40.5,314,0.488986,0.738059,0.611515,0,0.0942809
41,315,0.641186,0.514722,0.616466,0,0.0544331
41.5,316,0.530598,0.735722,0.515123,0,0.0816497
42,317,0.573469,0.762648,0.474176,0.00603398,0.0272166
42.5,318,0.543416,0.381226,1.00915,0,0.108866
43,319,0.52656,0.407213,0.836352,0,0.0720082
43.5,320,0.503176,0.733632,0.605301,0,0.165552
44,321,0.635968,0.486416,0.734125,0,0.0816497
44.5,322,1.00352,0.288173,0.637411,0,0.0272166
45,323,0.751918,0.472845,0.607272,0,0.0816497
45.5,324,0.470381,0.804318,0.582845,0,0.0544331
46,325,0.594325,0.50191,0.786381,0,0.0544331
46.5,326,0.745294,0.500738,0.536024,0,0.0272166
47,327,0.693024,0.468965,0.705331,0,0
47.5,328,0.542035,0.675326,0.682606,0.00522558,0.0544331
48,329,0.916808,0.485082,0.594018,0,0.136083
48.5,330,0.892878,0.50464,0.494835,0.00301699,0.0544331
49,331,0.774189,0.624482,0.504006,0,0.0942809
49.5,332,0.52017,0.523584,1.07876,0,0.169967
50,333,0.443904,0.569288,0.908853,0,0.124722
50.5,334,0.471803,0.462691,0.982221,0,0.0720082
51,335,0.391474,0.545859,0.892406,0,0.0816497
51.5,336,0.477506,0.48355,0.902989,0,0.0816497
52,337,0.555718,0.446837,0.876587,0,0.108866
52.5,338,0.559136,0.595651,0.703416,0,0.0720082
53,339,0.505525,0.450923,0.934397,0.00905097,0.0544331
53.5,340,0.40795,0.831259,0.757288,0,0.178471
54,341,0.373219,1.0385,0.505307,0.00301699,0.0720082
54.5,342,0.652984,0.527627,0.705778,0,0.235702
55,343,0.68969,0.314616,0.850166,0,0.0272166
55.5,344,0.509046,0.406712,0.998034,0,0
56,345,0.643526,0.526493,0.793576,0,0.0471405
56.5,346,0.597314,0.466477,0.892802,0,0.0720082
57,347,0.590466,0.611376,0.751861,0,0.0720082
57.5,348,0.594328,0.890387,0.508333,0,0.0720082
58,349,0.430787,0.810098,0.643704,0,0.0816497
58.5,350,0.610845,0.465086,0.876021,0,0.0981307
1,352,0,0,0,0.00522558,0.0272166
1.5,353,0.736118,0.536354,0.641192,0,0.0720082
2,354,0.495216,0.941178,0.665005,0,0.169967
2.5,355,0.392339,0.918523,0.756654,0,0.0981307
3,356,0.479651,0.73493,0.660365,0,0.0272166
3.5,357,0.367802,0.700173,0.749629,0,0.0981307
4,358,0.591742,0.475182,0.742878,0,0.169967
4.5,359,0.701416,0.726117,0.679566,0,0.20548
5,360,0.593758,0.696762,0.722515,0.0104512,0.124722
5.5,361,0.447451,0.61531,0.94283,0.0108779,0.108866
6,362,0.396925,0.482872,0.95484,0.00603398,0.0981307
6.5,363,0.775214,0.51268,0.68628,0,0.178471
7,364,0.722843,0.585928,0.667333,0,0.0981307
7.5,365,0.48936,0.930574,0.838163,0,0.212568
8,366,0.490746,0.633152,0.967558,0,0.212568
8.5,367,0.727322,0.38833,0.960746,0,0.0544331
9,368,0.681058,0.582176,0.671226,0,0.0720082
9.5,369,0.592346,0.56624,0.751432,0,0.118634
10,370,0.549621,0.542048,0.915659,0,0.0816497
10.5,371,0.410936,0.754845,0.813611,0,0.0816497
11,372,0.482506,0.631622,0.742371,0.012068,0.0816497
11.5,373,0.425197,0.63107,0.667774,0.00905097,0.141421
12,374,0.449042,0.652189,0.637763,0,0.0720082
12.5,375,0.603192,0.732922,0.590933,0,0
13,376,0.498914,0.746906,0.55843,0,0.0272166
13.5,377,0.570491,0.529051,0.75484,0,0.0272166
14,378,0.695704,0.410165,0.778438,0,0.0816497
14.5,379,0.62251,0.430845,0.782613,0,0.118634
15,380,0.489669,0.566214,0.755181,0,0.0720082
15.5,381,0.534146,0.648837,0.740957,0,0.118634
16,382,0.699856,0.449862,0.784379,0,0.0471405
16.5,383,0.59691,0.552688,0.730077,0,0.0272166
17,384,0.524555,0.616573,0.738446,0,0.0272166
17.5,385,0.406909,0.604213,0.797835,0,0.0471405
18,386,0.271451,0.650053,0.84985,0,0.0272166
18.5,387,0.669112,0.538526,0.638378,0.00522558,0.0720082
19,388,0.652419,0.578234,0.632211,0,0.0544331
19.5,389,0.43771,0.62645,0.774677,0,0.0942809
20,390,0.610941,0.537688,0.641352,0,0.0272166
20.5,391,0.524112,0.785093,0.561541,0,0.0272166
21,392,0.425064,0.530088,0.834253,0,0.222777
21.5,393,0.358128,0.354342,0.978995,0,0
22,394,0.515008,0.468387,0.68067,0,0.190516
22.5,395,0.630314,0.549525,0.581922,0,0.216025
23,396,0.469123,0.601992,0.572424,0,0.190516
23.5,397,0.438973,0.568757,0.665827,0,0.144016
24,398,0.456323,0.741563,0.605179,0,0.124722
24.5,399,0.768792,0.531632,0.627592,0,0.0720082
25,400,0.697486,0.442739,0.731859,0.0104512,0.0942809
25.5,401,0.448866,0.586995,0.78469,0,0.151535
26,402,0.354904,0.714506,0.749546,0,0.0272166
26.5,403,0.262283,0.668862,0.944488,0,0.0544331
27,404,0.391339,0.494742,0.87972,0,0.0544331
27.5,405,0.620685,0.423795,0.690155,0,0.0981307
28,406,0.463203,0.615939,0.747274,0,0
28.5,407,0.358629,0.534435,0.867173,0,0.0942809
29,408,0.442474,0.496091,0.674016,0,0.0981307
29.5,409,0.587182,0.503878,0.64553,0.00603398,0.0816497
30,410,0.472512,0.575173,0.853795,0.00301699,0.0272166
30.5,411,0.662102,0.591658,0.654842,0,0.165552
31,412,0.501786,0.605504,0.795379,0.0108779,0.113787
31.5,413,0.75031,0.399374,0.719186,0,0.0720082
32,414,0.750165,0.30389,0.590602,0,0.108866
32.5,415,0.647483,0.383702,0.665088,0,0.235702
33,416,0.623845,0.53076,0.531262,0,0.144016
33.5,417,0.444736,0.899571,0.490109,0,0.144016
34,418,0.837434,0.543651,0.506022,0,0.124722
34.5,419,0.823181,0.208155,0.84473,0,0.0471405
35,420,0.800146,0.389394,0.592643,0,0.0272166
35.5,421,0.540429,0.650691,0.601821,0,0.108866
36,422,0.507859,0.466818,0.73765,0.0104512,0.0272166
36.5,423,0.457597,0.636266,0.593459,0,0.163299
37,424,0.70633,0.651643,0.511291,0,0.118634
37.5,425,0.660067,0.44836,0.691682,0,0.0272166
38,426,0.674349,0.258576,0.783536,0,0.0544331
38.5,427,0.579286,0.466683,0.672301,0,0.188562
39,428,0.829182,0.393558,0.564995,0,0.0544331
39.5,429,0.649006,0.507232,0.526782,0,0.178471
40,430,0.46988,0.635526,0.635469,0,0.0981307
40.5,431,0.403624,0.839803,0.59853,0,0.0544331
41,432,0.508278,0.87121,0.469669,0,0.0272166
41.5,433,0.825314,0.610362,0.49497,0,0.0272166
42,434,0.613461,0.644166,0.603091,0.00301699,0.0816497
42.5,435,0.514736,0.59431,0.68253,0.0079822,0.0272166
43,436,0.496358,0.554973,0.763163,0.012068,0.0430076
43.5,437,0.433973,0.848272,0.545219,0,0.0942809
44,438,0.605101,0.742224,0.55491,0,0.136083
44.5,439,0.63175,0.492187,0.75376,0,0.144016
45,440,0.629619,0.525522,0.604358,0,0.0816497
45.5,441,0.761216,0.349045,0.718936,0,0.0471405
46,442,0.666342,0.387453,0.610702,0,0.141421
46.5,443,0.524475,0.570987,0.745494,0,0.0942809
47,444,0.459117,0.753715,0.672397,0,0.0272166
47.5,445,0.473405,0.522206,0.896083,0,0.0272166
48,446,0.555294,0.303315,0.824536,0.00522558,0.0272166
48.5,447,0.439787,0.508448,0.710416,0.012068,0.141421
49,448,0.488774,0.503082,0.82927,0.00905097,0.108866
49.5,449,0.668053,0.61497,0.615624,0,0.118634
50,450,0.535277,0.647454,0.739067,0,0.0272166
50.5,451,0.378989,0.676008,0.739685,0,0.0471405
51,452,0.643616,0.597658,0.635378,0,0.108866
51.5,453,0.628443,0.639512,0.57365,0,0.0471405
52,454,0.846477,0.47211,0.592686,0,0.0471405
52.5,455,0.710963,0.558122,0.684781,0,0.0720082
53,456,0.445653,0.621936,0.930986,0,0.0720082
53.5,457,0.494858,0.601646,0.758323,0,0.0272166
54,458,0.620621,0.543651,0.668534,0,0.0720082
54.5,459,0.539491,0.440726,0.85571,0,0.0816497
55,460,0.52516,0.397877,1.02734,0,0.0720082
55.5,461,0.65975,0.408661,0.80051,0,0.0981307
56,462,0.658427,0.342733,0.978352,0,0.0720082
56.5,463,0.789082,0.348763,0.78763,0,0.0586094
57,464,0.821032,0.310653,0.668498,0,0.0816497
57.5,465,0.605051,0.666246,0.604749,0,0.0544331
58,466,0.562765,0.74588,0.616728,0,0.0272166
58.5,467,0.770141,0.548562,0.625267,0,0
1,469,0,0,0,0,0.0272166
1.5,470,0.450938,0.638699,0.900963,0,0.0720082
2,471,0.502518,0.716029,0.694334,0,0.169967
2.5,472,0.629864,0.691571,0.69917,0,0.212568
3,473,0.689301,0.624493,0.671698,0,0.136083
3.5,474,0.513389,0.511685,1.20515,0,0.151535
4,475,0.716466,0.499229,0.786885,0,0.0942809
4.5,476,0.633659,0.580312,0.77816,0,0.0720082
5,477,0.357278,0.524088,1.16805,0,0.0816497
5.5,478,0.351509,0.770389,0.88604,0.0079822,0.124722
6,479,0.59247,0.779843,0.559398,0.00522558,0.268052
6.5,480,0.543602,0.761035,0.685182,0,0.124722
7,481,0.499259,0.680242,0.73203,0,0.0720082
7.5,482,0.78448,0.578779,0.549818,0,0.0471405
8,483,0.749032,0.643536,0.536778,0,0.124722
8.5,484,0.409365,0.706654,0.839965,0,0.0981307
9,485,0.436898,0.662941,0.659171,0.113809,0.0272166
9.5,486,0.558493,0.545373,0.75868,0,0.0272166
10,487,0.582405,0.436934,0.835144,0,0.0544331
10.5,488,0.779829,0.468888,0.637648,0,0.124722
11,489,0.763422,0.403032,0.675858,0.00603398,0.0720082
11.5,490,0.612075,0.594469,0.658384,0.0079822,0.0720082
12,491,0.616144,0.504197,0.822568,0,0.0471405
12.5,492,0.672336,0.479762,0.812296,0,0
13,493,0.679589,0.695259,0.53893,0,0.0272166
13.5,494,0.467744,0.740579,0.64905,0,0.0471405
14,495,0.548389,0.61455,0.674402,0,0.124722
14.5,496,0.683955,0.516342,0.628504,0,0.0720082
15,497,0.66812,0.597922,0.624946,0,0.0720082
15.5,498,0.466968,0.638126,0.827642,0,0.0816497
16,499,0.640101,0.520662,0.732395,0,0.0981307
16.5,500,0.738731,0.451682,0.715275,0,0.0272166
17,501,0.502074,0.39176,0.920528,0,0.0544331
17.5,502,0.562003,0.385054,0.787875,0.00905097,0.216025
18,503,0.437616,0.513093,0.782843,0.0108779,0.0720082
18.5,504,0.653026,0.594814,0.659118,0.0159644,0.0471405
19,505,0.573174,0.617466,0.613272,0.0079822,0.169967
19.5,506,0.56859,0.458338,0.749365,0,0.151535
20,507,0.609117,0.583546,0.666766,0,0.0272166
20.5,508,0.677875,0.505854,0.713186,0,0.0816497
21,509,0.581875,0.390026,0.84231,0,0.124722
21.5,510,0.561387,0.50633,0.729864,0,0.136083
22,511,0.422306,0.72093,0.674677,0,0.0544331
22.5,512,0.66819,0.576141,0.677845,0,0.0272166
23,513,0.499994,0.549485,0.643128,0.00522558,0.118634
23.5,514,0.618515,0.449237,0.661734,0.00603398,0.0981307
24,515,0.7026,0.589192,0.52231,0,0.0720082
24.5,516,0.531168,0.471776,0.861789,0,0.124722
25,517,0.459928,0.407803,0.821566,0.0079822,0.0981307
25.5,518,0.729093,0.458766,0.630109,0,0.0816497
26,519,0.532227,0.691291,0.56392,0,0.0272166
26.5,520,0.563299,0.590963,0.539838,0,0.118634
27,521,0.650501,0.342139,0.868686,0,0.0720082
27.5,522,0.453854,0.652426,0.744197,0,0.0720082
28,523,0.623797,0.692722,0.573565,0,0.0981307
28.5,524,0.670216,0.48199,0.726242,0,0.0720082
29,525,0.433744,0.585285,0.686837,0.00522558,0
29.5,526,0.387117,0.550589,0.641683,0.0756055,0.216025
30,527,0.773882,0.461107,0.616826,0,0.124722
30.5,528,0.763469,0.356478,0.70425,0,0.124722
31,529,0.489072,0.472778,0.758435,0.012068,0.0471405
31.5,530,0.539197,0.572608,0.647534,0,0.124722
32,531,0.715205,0.56805,0.593299,0,0.0720082
32.5,532,0.681747,0.400181,0.740925,0,0.0981307
33,533,0.925709,0.250435,0.62068,0,0.212568
33.5,534,0.600544,0.301634,0.755629,0,0.118634
34,535,0.367456,0.70899,0.660134,0,0.118634
34.5,536,0.672042,0.404979,0.669058,0,0.136083
35,537,0.680166,0.419272,0.580126,0,0.124722
35.5,538,0.647912,0.417758,0.583408,0.00522558,0.124722
36,539,0.535816,0.473262,0.659501,0,0.144016
36.5,540,0.564965,0.41325,0.774608,0,0.0720082
37,541,0.514318,0.271315,0.97125,0,0.0816497
37.5,542,0.615654,0.480509,0.737835,0,0.0981307
38,543,0.571754,0.629928,0.617978,0,0.0942809
38.5,544,0.620138,0.36456,0.753574,0,0.0720082
39,545,0.423274,0.56763,0.653237,0,0.164974
39.5,546,0.546406,0.7662,0.500701,0,0.178471
40,547,0.507773,0.53344,0.862622,0,0.0816497
40.5,548,0.616021,0.342174,0.75843,0,0.0981307
41,549,0.564832,0.305341,0.80509,0.0104512,0.0272166
41.5,550,0.373734,0.576813,0.706074,0.012068,0.144016
42,551,0.626678,0.402723,0.739594,0,0.178471
42.5,552,0.685669,0.377901,0.694344,0.0159644,0.108866
43,553,0.875262,0.308064,0.575107,0,0.232538
43.5,554,0.555683,0.496562,0.619107,0,0.118634
44,555,0.662304,0.396306,0.581178,0,0.169967
44.5,556,0.644296,0.451952,0.65183,0,0.0544331
45,557,0.439427,0.632318,0.750094,0,0.0272166
45.5,558,0.672733,0.644779,0.555262,0,0.124722
46,559,0.62508,0.530064,0.704573,0,0.0720082
46.5,560,0.652846,0.582602,0.569018,0,0.0471405
47,561,0.566171,0.517619,0.689456,0,0
47.5,562,0.658494,0.565589,0.597634,0.0108779,0
48,563,0.741056,0.540309,0.619888,0,0.141421
48.5,564,0.576755,0.564789,0.657515,0,0.0272166
49,565,0.60223,0.510304,0.616315,0,0.0720082
49.5,566,0.570918,0.476067,0.686427,0.00301699,0.0942809
50,567,0.677046,0.605923,0.594667,0,0.163299
50.5,568,0.723221,0.624131,0.631742,0,0.066284
51,569,0.594058,0.546594,0.754093,0,0.144016
51.5,570,0.742366,0.325299,0.729501,0,0.0942809
52,571,0.805382,0.321669,0.675595,0,0.0942809
52.5,572,0.571504,0.605525,0.64368,0,0.0544331
53,573,0.549008,0.633314,0.683442,0.00522558,0.0272166
53.5,574,0.463374,0.871358,0.594032,0,0.0720082
54,575,0.594323,0.788546,0.535083,0,0.0272166
54.5,576,0.545459,0.54204,0.819424,0,0.0272166
55,577,0.340837,0.568086,0.889691,0,0.0544331
55.5,578,0.378832,0.885168,0.637798,0,0.188562
56,579,0.433542,0.728619,0.740578,0,0.124722
56.5,580,0.745819,0.603422,0.635298,0,0.124722
57,581,0.863803,0.55873,0.506789,0,0.0720082
57.5,582,0.828878,0.564837,0.493886,0,0.0272166
58,583,0.852021,0.443085,0.620149,0,0.0272166
58.5,584,0.629582,0.52765,0.760552,0,0.0272166
1,586,0,0,0,0.0108779,0.0272166
1.5,587,0.783558,0.422154,0.74857,0,0
2,588,0.980262,0.447466,0.602274,0,0.0272166
2.5,589,0.872878,0.491715,0.67276,0,0.0544331
3,590,0.659746,0.716406,0.612226,0,0.0471405
3.5,591,0.58881,0.771282,0.537864,0,0.0272166
4,592,0.651094,0.557557,0.876421,0,0.0544331
4.5,593,0.360728,0.620432,0.887155,0,0.144016
5,594,0.394333,0.783832,0.660218,0.0108779,0.118634
5.5,595,0.732749,0.504566,0.730066,0,0.0272166
6,596,0.602842,0.432824,0.853021,0,0.0272166
6.5,597,0.575064,0.726109,0.621848,0,0.163299
7,598,0.702291,0.608395,0.620875,0.0079822,0.0981307
7.5,599,0.68732,0.446645,0.997613,0,0.0720082
8,600,0.629843,0.677502,0.712824,0,0.0720082
8.5,601,0.521381,0.617677,0.863187,0,0.118634
9,602,0.620848,0.608978,0.656917,0,0.0272166
9.5,603,0.572488,0.497776,1.05965,0,0.0272166
10,604,0.68865,0.505338,0.755427,0,0.124722
10.5,605,0.513365,0.704094,0.719069,0,0.0942809
11,606,0.454523,0.524845,0.77945,0.0079822,0.0544331
11.5,607,0.684906,0.514262,0.654502,0,0.0544331
12,608,0.573595,0.650888,0.660984,0,0.0272166
12.5,609,0.520802,0.749736,0.63175,0,0.0272166
13,610,0.433835,0.842976,0.614245,0,0.0471405
13.5,611,0.618408,0.608781,0.727179,0,0.0720082
14,612,0.724166,0.406371,0.846675,0,0.108866
14.5,613,0.717029,0.396544,0.782261,0,0.0471405
15,614,0.612614,0.525472,0.728158,0,0.0816497
15.5,615,0.653835,0.437555,0.76365,0,0.0942809
16,616,0.694909,0.655346,0.573674,0,0.144016
16.5,617,0.665418,0.68953,0.492378,0,0.0720082
17,618,0.461877,0.612165,0.793317,0,0.0471405
17.5,619,0.512363,0.538728,0.748446,0,0.0544331
18,620,0.637334,0.561582,0.612766,0,0.0272166
18.5,621,0.493792,0.45477,0.976187,0.00603398,0.0544331
19,622,0.525218,0.624053,0.713702,0.0079822,0.190516
19.5,623,0.754272,0.616058,0.507354,0,0.178471
20,624,0.692328,0.515898,0.53031,0,0.0720082
20.5,625,0.452454,0.528456,0.933525,0,0.0720082
21,626,0.264784,0.717517,0.812424,0,0.0471405
21.5,627,0.428646,0.605251,0.653331,0,0.124722
22,628,0.758013,0.53785,0.58083,0,0.136083
22.5,629,0.768086,0.37839,0.749846,0,0.0942809
23,630,0.666805,0.549885,0.48057,0.0108779,0.0816497
23.5,631,0.682674,0.544106,0.534574,0.00603398,0.144016
24,632,0.478086,0.572392,0.796248,0,0.0942809
24.5,633,0.579283,0.360886,0.918501,0.0079822,0.141421
25,634,0.550496,0.536762,0.695288,0,0.169967
25.5,635,0.37607,0.794586,0.587829,0,0.0720082
26,636,0.713939,0.561474,0.560037,0,0.118634
26.5,637,0.658462,0.458264,0.702141,0,0.118634
27,638,0.402301,0.586405,0.794691,0,0.0272166
27.5,639,0.406413,0.566597,0.733522,0,0.118634
28,640,0.548805,0.561219,0.654848,0,0.141421
28.5,641,0.499339,0.654779,0.557979,0,0.118634
29,642,0.38529,0.669234,0.712918,0.012068,0.0544331
29.5,643,0.623808,0.375557,0.979026,0,0.169967
30,644,0.677819,0.356643,0.717086,0.0079822,0
30.5,645,0.633094,0.395211,0.693267,0,0.124722
31,646,0.516221,0.546875,0.672037,0.012068,0.0471405
31.5,647,0.424389,0.643682,0.683232,0,0.0816497
32,648,0.618094,0.457062,0.765304,0,0.0272166
32.5,649,0.487507,0.40241,0.93717,0,0.0272166
33,650,0.488584,0.475634,0.704216,0,0.108866
33.5,651,0.750256,0.284347,0.706141,0,0.0981307
34,652,0.550195,0.503616,0.72167,0,0.0942809
34.5,653,0.302411,0.725818,0.69345,0,0.0720082
35,654,0.614963,0.692422,0.546275,0,0.0942809
35.5,655,0.715541,0.611414,0.540936,0.00603398,0.0471405
36,656,0.504328,0.484445,0.789773,0.0181019,0.178471
36.5,657,0.503048,0.520405,0.683491,0.0108779,0.0720082
37,658,0.385878,0.505786,0.826898,0.0108779,0.151535
37.5,659,0.734957,0.315211,0.654147,0,0.212568
38,660,0.676854,0.442133,0.677739,0,0.0471405
38.5,661,0.501146,0.456674,0.82297,0,0
39,662,0.810467,0.463021,0.594392,0,0.0816497
39.5,663,0.648056,0.462498,0.725955,0,0.169967
40,664,0.626259,0.414317,0.73825,0,0.0981307
40.5,665,0.787397,0.29609,0.745933,0,0.0471405
41,666,0.584363,0.629322,0.646914,0,0.0981307
41.5,667,0.527307,0.703298,0.67075,0.00522558,0.0720082
42,668,0.563797,0.544192,0.748314,0,0.0272166
42.5,669,0.585499,0.445814,0.742365,0.0079822,0.118634
43,670,0.49341,0.727358,0.654325,0.0108779,0.0272166
43.5,671,0.513467,0.665082,0.742712,0,0.124722
44,672,0.625773,0.567982,0.716837,0,0.151535
44.5,673,0.637373,0.447883,0.831267,0,0.0942809
45,674,0.480877,0.544408,0.771134,0,0.0720082
45.5,675,0.490488,0.563315,0.772518,0,0.0981307
46,676,0.559842,0.604747,0.63713,0,0.0544331
46.5,677,0.648541,0.590824,0.606218,0,0.0816497
47,678,0.769056,0.392965,0.677144,0,0.0720082
47.5,679,0.606386,0.531493,0.618414,0.00603398,0.0942809
48,680,0.735381,0.701192,0.491949,0,0.0942809
48.5,681,0.754867,0.649328,0.530118,0,0
49,682,0.666334,0.526536,0.636789,0,0.0471405
49.5,683,0.577194,0.425958,0.68059,0,0.165552
50,684,0.844986,0.307699,0.611243,0,0.163299
50.5,685,0.779698,0.328739,0.837304,0,0.0544331
51,686,0.573344,0.524728,0.732771,0,0.0720082
51.5,687,0.513016,0.449814,0.95,0,0.0720082
52,688,0.454219,0.465693,0.976315,0,0.0471405
52.5,689,0.555413,0.33519,0.949917,0,0.0471405
53,690,0.732901,0.48575,0.655506,0,0.0544331
53.5,691,0.666035,0.48959,0.738853,0.0108779,0.0816497
54,692,0.521099,0.524904,0.891637,0,0.124722
54.5,693,0.468366,0.665614,0.730149,0.00603398,0.0720082
55,694,0.566877,0.410464,0.770746,0,0.136083
55.5,695,0.535253,0.538706,0.735016,0,0.151535
56,696,0.379248,0.740493,0.82139,0,0.169711
56.5,697,0.43876,0.828971,0.699163,0,0.0816497
57,698,0.465994,0.706877,0.741802,0,0.0544331
57.5,699,0.464792,0.5742,0.889026,0,0
58,700,0.440638,0.789632,0.673584,0,0.0471405
58.5,701,0.648766,0.751251,0.546222,0,0.0272166
1,703,0,0,0,0,0.0272166
1.5,704,0.559994,0.710886,0.766886,0,0.0272166
2,705,0.769899,0.661214,0.593365,0,0.108866
2.5,706,0.857616,0.473947,0.88699,0,0.118634
3,707,0.727886,0.650354,0.731158,0,0.0544331
3.5,708,0.595603,0.616909,0.764421,0,0.144016
4,709,0.710099,0.47944,0.662246,0,0.124722
4.5,710,0.665894,0.448539,0.792184,0,0.108866
5,711,0.423798,0.669589,0.666219,0.039911,0.0816497
5.5,712,0.3686,0.979904,0.598155,0,0.108866
6,713,0.63809,0.549024,0.73003,0,0.118634
6.5,714,0.757717,0.385243,0.789688,0.00603398,0.108866
7,715,0.667016,0.504891,0.742138,0.0104512,0.141421
7.5,716,0.508181,0.793584,0.736702,0,0.20548
8,717,0.54984,0.629245,0.839595,0,0.124722
8.5,718,0.811482,0.492722,0.705891,0,0.0272166
9,719,0.613806,0.558077,0.75301,0,0.0272166
9.5,720,0.43929,0.523533,0.83105,0,0.0981307
10,721,0.480946,0.782722,0.712645,0,0.0471405
10.5,722,0.572968,0.61833,0.706547,0,0.0544331
11,723,0.640554,0.621562,0.667826,0,0.0471405
11.5,724,0.745104,0.536754,0.564262,0,0.0471405
12,725,0.664381,0.577963,0.598546,0,0.151535
12.5,726,0.722128,0.654354,0.546229,0,0.0816497
13,727,0.550027,0.776952,0.567026,0.00522558,0.0816497
13.5,728,0.479907,0.697533,0.70528,0,0.124722
14,729,0.665414,0.579118,0.625581,0,0.0720082
14.5,730,0.533045,0.464282,0.866307,0,0.0720082
15,731,0.537688,0.679872,0.689058,0,0.169967
15.5,732,0.543285,0.81169,0.57868,0,0.169967
16,733,0.42969,0.759926,0.67204,0,0.0272166
16.5,734,0.533686,0.698645,0.615437,0,0.0720082
17,735,0.635387,0.457074,0.771899,0,0.0544331
17.5,736,0.692354,0.352406,0.821442,0,0.0720082
18,737,0.656862,0.590846,0.658101,0,0.0720082
18.5,738,0.614195,0.75648,0.570704,0.00603398,0.0720082
19,739,0.540157,0.721458,0.629,0.0138256,0.124722
19.5,740,0.475174,0.708157,0.632498,0,0.0981307
20,741,0.722643,0.589789,0.561952,0,0.144016
20.5,742,0.70063,0.632941,0.471499,0,0.0720082
21,743,0.595698,0.45057,0.823179,0,0.0720082
21.5,744,0.653267,0.342048,0.771517,0,0.0471405
22,745,0.657104,0.690605,0.47791,0,0.0471405
22.5,746,0.57533,0.560322,0.644253,0,0.144016
23,747,0.602765,0.505922,0.684101,0,0.0272166
23.5,748,0.690136,0.445294,0.729902,0,0.0544331
24,749,0.580738,0.392323,0.832056,0,0.0272166
24.5,750,0.511795,0.796077,0.576883,0.00301699,0.0942809
25,751,0.437414,0.682114,0.685539,0.00301699,0.0720082
25.5,752,0.454256,0.597144,0.710976,0,0.118634
26,753,0.63097,0.559398,0.572747,0,0.151535
26.5,754,0.625387,0.557706,0.558419,0,0.108866
27,755,0.620755,0.5036,0.592539,0,0.144016
27.5,756,0.577824,0.383326,0.75035,0,0.108866
28,757,0.576661,0.51815,0.660526,0,0.0471405
28.5,758,0.558043,0.414701,0.87904,0,0.0981307
29,759,0.666374,0.583594,0.67623,0,0.0272166
29.5,760,0.488515,0.720125,0.657022,0,0
30,761,0.624454,0.591803,0.67311,0,0.0544331
30.5,762,0.734822,0.486622,0.611742,0,0.0544331
31,763,0.753454,0.588685,0.543272,0,0.0471405
31.5,764,0.683646,0.494026,0.715931,0,0.0544331
32,765,0.668746,0.44377,0.702056,0,0.0544331
32.5,766,0.775008,0.349629,0.684269,0,0.136083
33,767,0.633677,0.456021,0.639878,0,0.0272166
33.5,768,0.424334,0.697277,0.592669,0,0.0981307
34,769,0.664549,0.47583,0.644179,0,0.0942809
34.5,770,0.660435,0.448506,0.737016,0,0.0816497
35,771,0.625411,0.377091,0.616422,0.00522558,0.0471405
35.5,772,0.655512,0.441472,0.606534,0.00522558,0.0720082
36,773,0.81505,0.556962,0.547122,0,0.178471
36.5,774,0.700872,0.460509,0.753968,0,0.0720082
37,775,0.504955,0.311939,0.936842,0.00603398,0.20548
37.5,776,0.601146,0.32089,0.759051,0,0.151535
38,777,0.615691,0.530485,0.653603,0,0.124722
38.5,778,0.630536,0.469757,0.668811,0,0.0720082
39,779,0.552098,0.328363,0.732742,0,0.0471405
39.5,780,0.538037,0.345397,0.767117,0,0.0471405
40,781,0.543526,0.519395,0.748789,0,0.0272166
40.5,782,0.463712,0.796803,0.58881,0,0.0720082
41,783,0.531573,0.651456,0.615376,0,0.0544331
41.5,784,0.62363,0.38171,0.845408,0.00522558,0.0942809
42,785,0.611592,0.446835,0.812341,0,0.0544331
42.5,786,0.589186,0.61675,0.647059,0.012068,0.0471405
43,787,0.418613,0.630251,0.79881,0,0.0544331
43.5,788,0.431978,0.54391,0.798405,0,0.0471405
44,789,0.522035,0.479533,0.728317,0,0.0981307
44.5,790,0.532717,0.521726,0.69531,0,0.0272166
45,791,0.487571,0.773504,0.615957,0,0.0272166
45.5,792,0.495523,0.616763,0.78036,0,0.0272166
46,793,0.52096,0.608771,0.73251,0,0.0471405
46.5,794,0.525875,0.59451,0.863896,0,0.124722
47,795,0.517176,0.57388,0.688512,0,0.124722
47.5,796,0.372906,0.627901,0.805322,0,0
48,797,0.459693,0.505227,0.645504,0,0.124722
48.5,798,0.718067,0.292624,0.632429,0,0.0544331
49,799,0.731994,0.355126,0.63156,0,0.0272166
49.5,800,0.64357,0.35019,0.689846,0,0.144016
50,801,0.574963,0.488856,0.705947,0,0.108866
50.5,802,0.55953,0.552707,0.767814,0,0.0720082
51,803,0.553614,0.586907,0.814258,0,0.0544331
51.5,804,0.647482,0.391021,0.707878,0,0.0720082
52,805,0.537891,0.436674,0.849272,0,0.0981307
52.5,806,0.484754,0.563179,0.795146,0,0.0272166
53,807,0.58129,0.460674,0.701117,0,0.0272166
53.5,808,0.652973,0.552757,0.65385,0,0.0720082
54,809,0.436816,0.752003,0.807902,0,0.0544331
54.5,810,0.482381,0.720136,0.783718,0,0.0981307
55,811,0.583883,0.600787,0.77125,0.00301699,0.0720082
55.5,812,0.554454,0.584552,0.737675,0,0.0720082
56,813,0.631498,0.57655,0.710502,0,0.0720082
56.5,814,0.733053,0.656203,0.520488,0,0.0272166
57,815,0.658082,0.65352,0.548109,0,0.0981307
57.5,816,0.589136,0.649338,0.602464,0,0.0720082
58,817,0.451864,0.701763,0.932416,0,0.0816497
58.5,818,0.417411,0.645006,0.839398,0,0.0544331
0.5,820,0.493675,0.399605,0.787112,0.0150849,0.0272166
0.6,821,0.531051,0.413781,0.779728,0,0.0272166
0.7,822,0.568795,0.428365,0.639216,0,0.0272166
0.8,823,0.373285,0.543987,0.67504,0,0.0272166
0.9,824,0.387781,0.564251,0.69192,0,0.0272166
1,825,0.382469,0.522571,0.686544,0,0.0272166
1.1,826,0.386325,0.531563,0.69336,0,0.0272166
1.2,827,0.418619,0.473277,0.681976,0,0.0272166
1.3,828,0.456603,0.425589,0.691904,0,0.0272166
1.4,829,0.548747,0.441701,0.633952,0,0.0272166
1.5,830,0.574131,0.429845,0.617848,0,0.0272166
1.6,831,0.514395,0.449781,0.70832,0,0.0272166
1.7,832,0.387445,0.496219,0.721488,0,0.0272166
1.8,833,0.391813,0.531563,0.71692,0,0.0272166
1.9,834,0.395813,0.529819,0.69644,0,0.0272166
2,835,0.453963,0.421933,0.67968,0,0.0272166
2.1,836,0.465323,0.448933,0.672896,0,0.0272166
2.2,837,0.463083,0.452517,0.673392,0,0.0272166
2.3,838,0.465323,0.455909,0.662144,0,0.0272166
2.4,839,0.467067,0.452517,0.666144,0,0.0272166
2.5,840,0.463827,0.448925,0.66216,0,0.0272166
2.6,841,0.464555,0.485829,0.670704,0,0.0272166
2.7,842,0.463851,0.492853,0.660112,0,0.0272166
2.8,843,0.465323,0.492637,0.668168,0,0.0272166
2.9,844,0.463083,0.503221,0.667336,0,0.0272166
3,845,0.465323,0.490085,0.659456,0,0.0272166
3.1,846,0.467067,0.503037,0.668816,0,0.0272166
3.2,847,0.463851,0.492029,0.666696,0,0.0272166
3.3,848,0.464555,0.503813,0.666128,0,0.0272166
3.4,849,0.463851,0.497365,0.662144,0,0.0272166
3.5,850,0.467051,0.498485,0.670688,0,0.0272166
3.6,851,0.461339,0.494853,0.660088,0,0.0272166
3.7,852,0.467067,0.503813,0.668176,0,0.0272166
3.8,853,0.463851,0.492013,0.667344,0,0.0272166
3.9,854,0.464555,0.503797,0.659448,0,0.0272166
4,855,0.463851,0.494845,0.668816,0,0.0272166
4.1,856,0.465323,0.490517,0.666704,0,0.0272166
4.2,857,0.466283,0.499829,0.666128,0,0.0272166
4.3,858,0.462091,0.501349,0.66212,0,0.0272166
4.4,859,0.467051,0.494501,0.66464,0,0.0272166
4.5,860,0.463819,0.498829,0.666112,0,0.0272166
4.6,861,0.464539,0.499829,0.66668,0,0.0272166
4.7,862,0.540139,0.441157,0.645904,0,0.0272166
4.8,863,0.566459,0.429829,0.642112,0,0.0272166
4.9,864,0.507627,0.489581,0.65728,0,0.0272166
5,865,0.461339,0.501781,0.675376,0,0.0272166
5.1,866,0.467067,0.513013,0.660072,0,0.0272166
5.2,867,0.463851,0.514525,0.66816,0,0.0272166
5.3,868,0.464555,0.516997,0.66464,0,0.0272166
5.4,869,0.465323,0.510541,0.666104,0,0.0272166
5.5,870,0.463851,0.504469,0.66212,0,0.0272166
5.6,871,0.541899,0.465061,0.6522,0,0.0272166
5.7,872,0.566459,0.437909,0.601264,0,0.0272166
5.8,873,0.568507,0.435245,0.598704,0,0.0272166
5.9,874,0.503835,0.497885,0.62804,0,0.0272166
6,875,0.465323,0.517005,0.66816,0,0.0272166
6.1,876,0.463083,0.509197,0.66464,0,0.0272166
6.2,877,0.465323,0.509789,0.662128,0,0.0272166
6.3,878,0.463851,0.513013,0.666096,0,0.0272166
6.4,879,0.464555,0.514525,0.669376,0,0.0272166
6.5,880,0.472283,0.504461,0.666112,0,0.0272166
6.6,881,0.524435,0.463597,0.62592,0,0.0272166
6.7,882,0.538299,0.437141,0.58272,0,0.0272166
6.8,883,0.510139,0.498013,0.604288,0,0.0272166
6.9,884,0.482763,0.494029,0.643584,0,0.0272166
7,885,0.478771,0.490813,0.641512,0,0.0272166
7.1,886,0.482763,0.501237,0.639568,0,0.0272166
7.2,887,0.481995,0.501285,0.640064,0,0.0272166
7.3,888,0.505835,0.449117,0.632344,0,0.0272166
7.4,889,0.514915,0.436741,0.575464,0,0.0272166
7.5,890,0.514923,0.439261,0.572656,0,0.0272166
7.6,891,0.514155,0.433917,0.575472,0,0.0272166
7.7,892,0.514923,0.354,0.630277,0,0.0544331
7.8,893,0.500859,0.426832,0.703517,0,0.0544331
7.9,894,0.479547,0.441416,0.724021,0,0.0544331
8,895,0.480251,0.431128,0.732733,0,0.0544331
8.1,896,0.482763,0.440672,0.724021,0,0.0544331
8.2,897,0.478779,0.446168,0.724013,0,0.0544331
8.3,898,0.482747,0.430944,0.725493,0,0.0544331
8.4,899,0.481995,0.43364,0.725693,0,0.0544331
8.5,900,0.511419,0.391,0.704845,0,0.0544331
8.6,901,0.522603,0.384416,0.668005,0,0.0544331
8.7,902,0.522603,0.383024,0.667997,0,0.0544331
8.8,903,0.522603,0.379672,0.667237,0,0.0544331
8.9,904,0.380952,0.504616,0.56568,0.039911,0.0471405
9,905,0.422272,0.53484,0.595216,0,0.0471405
9.1,906,0.39744,0.554776,0.625312,0,0.0471405
9.2,907,0.514827,0.420675,0.447003,0,0
9.3,908,0.517227,0.465547,0.526467,0,0
9.4,909,0.357424,0.443672,0.640816,0,0.0471405
9.5,910,0.41996,0.490384,0.637832,0,0.0471405
9.6,911,0.440667,0.535987,0.582387,0,0
9.7,912,0.466315,0.529139,0.485435,0,0
9.8,913,0.513867,0.531523,0.483387,0,0
9.9,914,0.523371,0.500315,0.493419,0,0
10,915,0.501419,0.560027,0.500235,0,0
10.1,916,0.472731,0.441688,0.590405,0.0301699,0.0544331
10.2,917,0.481019,0.45276,0.681669,0,0.0544331
10.3,918,0.482763,0.451056,0.686413,0,0.0544331
10.4,919,0.510651,0.413336,0.647533,0,0.0544331
10.5,920,0.522603,0.369352,0.636277,0,0.0544331
10.6,921,0.522603,0.364896,0.627005,0,0.0544331
10.7,922,0.497211,0.431632,0.681605,0,0.0544331
10.8,923,0.462811,0.445568,0.680901,0,0.0544331
10.9,924,0.463851,0.455752,0.681661,0,0.0544331
11,925,0.461179,0.456736,0.680893,0,0.0544331
11.1,926,0.446619,0.442368,0.690381,0,0.0544331
11.2,927,0.504219,0.3624,0.650637,0,0.0544331
11.3,928,0.451157,0.451376,0.454187,0,0.0272166
11.4,929,0.459821,0.52524,0.555539,0,0.0272166
11.5,930,0.425189,0.605856,0.557763,0,0.0272166
11.6,931,0.442043,0.460829,0.577792,0,0.0272166
11.7,932,0.504219,0.428021,0.557992,0,0.0272166
11.8,933,0.520859,0.405653,0.531144,0,0.0272166
11.9,934,0.484139,0.494773,0.573712,0,0.0272166
12,935,0.447387,0.457904,0.617045,0,0.0544331
12.1,936,0.449835,0.412336,0.686437,0,0.0544331
12.2,937,0.447387,0.445416,0.680933,0,0.0544331
12.3,938,0.446619,0.431712,0.681693,0,0.0544331
12.4,939,0.502475,0.355448,0.654341,0,0.0544331
12.5,940,0.448701,0.402595,0.514264,0.0150849,0.0272166
12.6,941,0.459061,0.448187,0.615928,0,0.0272166
12.7,942,0.434709,0.523283,0.6304,0,0.0272166
12.8,943,0.440371,0.545867,0.458459,0,0
12.9,944,0.501483,0.488691,0.469499,0,0
13,945,0.448981,0.427291,0.505824,0,0.0272166
13.1,946,0.452085,0.465219,0.613824,0,0.0272166
13.2,947,0.480683,0.405091,0.607491,0,0
13.3,948,0.506891,0.400427,0.566907,0,0
13.4,949,0.507667,0.429003,0.578139,0,0
13.5,950,0.505155,0.428059,0.576019,0,0
13.6,951,0.565395,0.420683,0.512963,0,0
13.7,952,0.514949,0.517797,0.406981,0,0.0471405
13.8,953,0.471413,0.586725,0.478701,0,0.0471405
13.9,954,0.412581,0.667237,0.457949,0,0.0471405
14,955,0.438069,0.434707,0.551248,0,0.0272166
14.1,956,0.452085,0.476627,0.609128,0,0.0272166
14.2,957,0.391904,0.552181,0.424243,0,0.0544331
14.3,958,0.363504,0.679269,0.481187,0,0.0544331
14.4,959,0.356805,0.613075,0.50808,0,0.0272166
14.5,960,0.439725,0.440491,0.547472,0,0.0272166
14.6,961,0.512325,0.470715,0.565368,0,0.0272166
14.7,962,0.477237,0.449579,0.561272,0,0.0272166
14.8,963,0.452853,0.473163,0.604536,0,0.0272166
14.9,964,0.417269,0.509555,0.603224,0,0.0272166
15,965,0.441877,0.512403,0.56128,0,0.0272166
15.1,966,0.406917,0.536043,0.567496,0,0.0272166
15.2,967,0.440901,0.513747,0.558016,0,0.0272166
15.3,968,0.408389,0.497083,0.589496,0,0.0272166
15.4,969,0.436917,0.515451,0.56008,0,0.0272166
15.5,970,0.403701,0.509019,0.590624,0,0.0272166
15.6,971,0.406856,0.511819,0.593421,0,0.0544331
15.7,972,0.340672,0.507531,0.669837,0,0.0544331
15.8,973,0.300976,0.527387,0.677597,0,0.0544331
15.9,974,0.311256,0.524571,0.674397,0,0.0544331
16,975,0.39312,0.513155,0.643157,0,0.0544331
16.1,976,0.467821,0.475019,0.567712,0.0522558,0.0272166
16.2,977,0.402837,0.503507,0.57316,0,0.0272166
16.3,978,0.464901,0.515955,0.594256,0,0.0272166
16.4,979,0.322256,0.505251,0.650533,0,0.0544331
16.5,980,0.308048,0.521347,0.664413,0,0.0544331
16.6,981,0.350085,0.533275,0.565904,0,0.0272166
16.7,982,0.458869,0.511811,0.594272,0,0.0272166
16.8,983,0.43848,0.477467,0.601917,0,0.0544331
16.9,984,0.34152,0.503499,0.661589,0,0.0544331
17,985,0.303488,0.524571,0.664413,0,0.0544331
17.1,986,0.303424,0.530075,0.664405,0,0.0544331
17.2,987,0.39776,0.515035,0.664413,0,0.0544331
17.3,988,0.470341,0.469147,0.553128,0,0.0272166
17.4,989,0.458733,0.456331,0.58828,0,0.0272166
17.5,990,0.505349,0.434523,0.600024,0,0.0272166
17.6,991,0.381688,0.427067,0.674885,0,0.0544331
17.7,992,0.382928,0.441291,0.689365,0,0.0544331
17.8,993,0.422685,0.435195,0.58072,0,0.0272166
17.9,994,0.482469,0.444587,0.58884,0,0.0272166
18,995,0.451008,0.423675,0.610269,0,0.0544331
18.1,996,0.398928,0.422507,0.686413,0,0.0544331
18.2,997,0.375728,0.435211,0.688589,0,0.0544331
18.3,998,0.391776,0.441275,0.676141,0,0.0544331
18.4,999,0.432688,0.427675,0.661029,0,0.0544331
18.5,1000,0.478517,0.429568,0.476387,0.0261279,0.0272166
18.6,1001,0.472005,0.508112,0.493899,0,0.0272166
18.7,1002,0.452229,0.559376,0.509659,0,0.0272166
18.8,1003,0.316544,0.477275,0.646557,0,0.0544331
18.9,1004,0.304048,0.512571,0.664365,0,0.0544331
19,1005,0.354069,0.506571,0.55752,0,0.0272166
19.1,1006,0.440045,0.491675,0.581496,0,0.0272166
19.2,1007,0.408112,0.476123,0.580525,0,0.0544331
19.3,1008,0.33072,0.500091,0.663885,0,0.0544331
19.4,1009,0.30668,0.506555,0.661565,0,0.0544331
19.5,1010,0.304816,0.506563,0.664397,0,0.0544331
19.6,1011,0.377808,0.502139,0.640429,0,0.0544331
19.7,1012,0.439637,0.473395,0.530584,0,0.0272166
19.8,1013,0.400661,0.502795,0.57276,0,0.0272166
19.9,1014,0.442981,0.491659,0.577504,0,0.0272166
20,1015,0.33736,0.498747,0.645453,0,0.0544331
20.1,1016,0.308968,0.506555,0.661597,0,0.0544331
20.2,1017,0.409955,0.439669,0.568728,0,0.0272166
20.3,1018,0.501195,0.414677,0.581984,0,0.0272166
20.4,1019,0.43368,0.415555,0.554541,0,0.0544331
20.5,1020,0.354648,0.441283,0.664269,0,0.0544331
20.6,1021,0.386144,0.436539,0.711997,0,0.0544331
20.7,1022,0.368024,0.405019,0.708797,0,0.0544331
20.8,1023,0.422152,0.399195,0.695373,0,0.0544331
20.9,1024,0.475621,0.393963,0.565816,0,0.0272166
21,1025,0.503421,0.393963,0.58624,0,0.0272166
21.1,1026,0.494437,0.392923,0.563704,0,0.0272166
21.2,1027,0.370672,0.408619,0.687301,0,0.0544331
21.3,1028,0.368032,0.414219,0.712013,0,0.0544331
21.4,1029,0.418525,0.457928,0.499267,0,0.0272166
21.5,1030,0.496933,0.475528,0.511163,0,0.0272166
21.6,1031,0.460496,0.468688,0.535848,0,0.0471405
21.7,1032,0.38988,0.484792,0.589376,0,0.0471405
21.8,1033,0.356992,0.484664,0.61544,0,0.0471405
21.9,1034,0.359096,0.480512,0.599704,0,0.0471405
22,1035,0.424032,0.468696,0.581584,0,0.0471405
22.1,1036,0.500037,0.465472,0.493819,0,0.0272166
22.2,1037,0.510133,0.468696,0.496523,0,0.0272166
22.3,1038,0.516613,0.46548,0.497867,0,0.0272166
22.4,1039,0.362,0.472184,0.587296,0,0.0471405
22.5,1040,0.312296,0.576584,0.597912,0,0.0471405
22.6,1041,0.342085,0.500939,0.522304,0,0.0272166
22.7,1042,0.459429,0.465979,0.546808,0,0.0272166
22.8,1043,0.490165,0.443531,0.522552,0,0.0272166
22.9,1044,0.477205,0.443515,0.518008,0,0.0272166
23,1045,0.485909,0.441483,0.5242,0,0.0272166
23.1,1046,0.486965,0.446339,0.535632,0,0.0272166
23.2,1047,0.494373,0.408179,0.558808,0,0.0272166
23.3,1048,0.36512,0.437104,0.56264,0,0.0471405
23.4,1049,0.335824,0.468736,0.604816,0,0.0471405
23.5,1050,0.336256,0.46552,0.599704,0,0.0471405
23.6,1051,0.471525,0.360907,0.569272,0,0.0272166
23.7,1052,0.498405,0.396811,0.597864,0,0.0272166
23.8,1053,0.495405,0.439168,0.494891,0,0.0272166
23.9,1054,0.435413,0.468944,0.542075,0,0.0272166
24,1055,0.477157,0.456864,0.514443,0,0.0272166
24.1,1056,0.435413,0.469704,0.539563,0,0.0272166
24.2,1057,0.470725,0.530184,0.503707,0,0.0272166
24.3,1058,0.482933,0.561888,0.458235,0,0.0272166
24.4,1059,0.484437,0.560144,0.456491,0,0.0272166
24.5,1060,0.485909,0.463691,0.51308,0,0.0272166
24.6,1061,0.479717,0.479275,0.53272,0,0.0272166
24.7,1062,0.488437,0.475483,0.529688,0,0.0272166
24.8,1063,0.452187,0.407413,0.555408,0,0.0272166
24.9,1064,0.517867,0.426389,0.568792,0,0.0272166
25,1065,0.466205,0.372325,0.585237,0,0.0471405
25.1,1066,0.461237,0.349813,0.665981,0,0.0471405
25.2,1067,0.455099,0.318181,0.63312,0,0.0272166
25.3,1068,0.537891,0.309253,0.585376,0,0.0272166
25.4,1069,0.559491,0.396661,0.549536,0,0.0272166
25.5,1070,0.552523,0.415829,0.534064,0,0.0272166
25.6,1071,0.458347,0.429109,0.564736,0,0.0272166
25.7,1072,0.422043,0.437909,0.576408,0,0.0272166
25.8,1073,0.526539,0.426661,0.56892,0,0.0272166
25.9,1074,0.562715,0.416901,0.567397,0,0.0430076
26,1075,0.567451,0.319872,0.616989,0,0.0544331
26.1,1076,0.567451,0.346688,0.619413,0,0.0544331
26.2,1077,0.478837,0.445251,0.511208,0,0.0272166
26.3,1078,0.463109,0.418683,0.55996,0,0.0272166
26.4,1079,0.446443,0.340661,0.61864,0,0.0272166
26.5,1080,0.534891,0.302693,0.599944,0,0.0272166
26.6,1081,0.562691,0.304101,0.549928,0,0.0272166
26.7,1082,0.565691,0.297029,0.551408,0,0.0272166
26.8,1083,0.504411,0.406053,0.560008,0,0.0272166
26.9,1084,0.367317,0.473123,0.56172,0.0522558,0.0272166
27,1085,0.456117,0.473739,0.558992,0,0.0272166
27.1,1086,0.470187,0.415696,0.587197,0,0.0544331
27.2,1087,0.504907,0.3282,0.645789,0,0.0544331
27.3,1088,0.528251,0.332728,0.642813,0,0.0544331
27.4,1089,0.536267,0.333408,0.651165,0,0.0544331
27.5,1090,0.529019,0.33796,0.642813,0,0.0544331
27.6,1091,0.525035,0.354048,0.642789,0,0.0544331
27.7,1092,0.486699,0.378768,0.649421,0,0.0544331
27.8,1093,0.444379,0.371936,0.642813,0,0.0544331
27.9,1094,0.451627,0.384776,0.653677,0,0.0544331
28,1095,0.510187,0.359128,0.640301,0,0.0544331
28.1,1096,0.529019,0.350064,0.642797,0,0.0544331
28.2,1097,0.525019,0.350832,0.642805,0,0.0544331
28.3,1098,0.502933,0.386981,0.639509,0,0.0471405
28.4,1099,0.396965,0.439837,0.640501,0,0.0471405
28.5,1100,0.384965,0.448517,0.651165,0,0.0471405
28.6,1101,0.427771,0.353664,0.642813,0,0.0544331
28.7,1102,0.510187,0.354592,0.642509,0,0.0544331
28.8,1103,0.529019,0.355408,0.632829,0,0.0544331
28.9,1104,0.531851,0.350832,0.641181,0,0.0544331
29,1105,0.511787,0.333328,0.630309,0,0.0544331
29.1,1106,0.512555,0.336968,0.632829,0,0.0544331
29.2,1107,0.471035,0.366328,0.652141,0,0.0544331
29.3,1108,0.377397,0.408309,0.640293,0,0.0471405
29.4,1109,0.414005,0.407525,0.631701,0,0.0471405
29.5,1110,0.448091,0.326432,0.699757,0,0.0544331
29.6,1111,0.502363,0.293368,0.673949,0,0.0544331
29.7,1112,0.517275,0.324032,0.641197,0,0.0544331
29.8,1113,0.512555,0.32832,0.631101,0,0.0544331
29.9,1114,0.471035,0.384512,0.649949,0,0.0544331
30,1115,0.444379,0.386264,0.655325,0,0.0544331
30.1,1116,0.508603,0.349504,0.643853,0,0.0544331
30.2,1117,0.512555,0.322304,0.641205,0,0.0544331
30.3,1118,0.511787,0.324736,0.630333,0,0.0544331
30.4,1119,0.471811,0.38808,0.650717,0,0.0544331
30.5,1120,0.380533,0.431253,0.647613,0.0301699,0.0471405
30.6,1121,0.388613,0.467029,0.655325,0,0.0471405
30.7,1122,0.415083,0.433008,0.661173,0,0.0544331
30.8,1123,0.488683,0.3046,0.624029,0,0.0544331
30.9,1124,0.504107,0.328728,0.641205,0,0.0544331
31,1125,0.500891,0.322288,0.628861,0,0.0544331
31.1,1126,0.482363,0.387312,0.684149,0,0.0544331
31.2,1127,0.413013,0.429901,0.709437,0,0.0471405
31.3,1128,0.365829,0.463525,0.713997,0,0.0471405
31.4,1129,0.396021,0.467805,0.698573,0,0.0471405
31.5,1130,0.387429,0.465573,0.714005,0,0.0471405
31.6,1131,0.422437,0.417077,0.667277,0,0.0471405
31.7,1132,0.466379,0.313096,0.611997,0.0261279,0.0544331
31.8,1133,0.488235,0.372072,0.663125,0,0.0544331
31.9,1134,0.475227,0.346384,0.653829,0,0.0544331
32,1135,0.494515,0.357312,0.670965,0,0.0544331
32.1,1136,0.471427,0.365896,0.693133,0,0.0544331
32.2,1137,0.373685,0.420333,0.701509,0,0.0471405
32.3,1138,0.410765,0.411901,0.659653,0,0.0471405
32.4,1139,0.444227,0.373744,0.673005,0,0.0544331
32.5,1140,0.451979,0.351376,0.683677,0,0.0544331
32.6,1141,0.474123,0.344648,0.666541,0,0.0544331
32.7,1142,0.504091,0.32152,0.607229,0,0.0544331
32.8,1143,0.494003,0.36304,0.661701,0,0.0544331
32.9,1144,0.358917,0.410445,0.696949,0,0.0471405
33,1145,0.374373,0.438893,0.693149,0,0.0471405
33.1,1146,0.483093,0.403104,0.632795,0,0.0544331
33.2,1147,0.607877,0.317496,0.383363,0,0.0544331
33.3,1148,0.647477,0.344016,0.434523,0,0.0544331
33.4,1149,0.400349,0.386069,0.538373,0,0.0471405
33.5,1150,0.415845,0.393165,0.679269,0,0.0471405
33.6,1151,0.522797,0.324192,0.633707,0,0.0544331
33.7,1152,0.639669,0.311904,0.459699,0,0.0544331
33.8,1153,0.647453,0.342272,0.433739,0,0.0544331
33.9,1154,0.644245,0.338696,0.435211,0,0.0544331
34,1155,0.647453,0.337712,0.456923,0,0.0544331
34.1,1156,0.438117,0.381509,0.543613,0,0.0471405
34.2,1157,0.401165,0.390205,0.680237,0,0.0471405
34.3,1158,0.454968,0.378549,0.646643,0,0.0272166
34.4,1159,0.52648,0.421069,0.466203,0,0.0272166
34.5,1160,0.543312,0.429461,0.486371,0,0.0272166
34.6,1161,0.448555,0.334432,0.558189,0,0.0544331
34.7,1162,0.494387,0.36316,0.657069,0,0.0544331
34.8,1163,0.463936,0.402317,0.584435,0,0.0272166
34.9,1164,0.519968,0.427717,0.457731,0,0.0272166
35,1165,0.53468,0.437909,0.503227,0,0.0272166
35.1,1166,0.541784,0.429461,0.515731,0,0.0272166
35.2,1167,0.541936,0.437125,0.492355,0,0.0272166
35.3,1168,0.392235,0.371728,0.635253,0,0.0544331
35.4,1169,0.450219,0.379832,0.692429,0,0.0544331
35.5,1170,0.475232,0.415285,0.618387,0,0.0272166
35.6,1171,0.472656,0.445461,0.476499,0,0.0272166
35.7,1172,0.541784,0.438949,0.522611,0,0.0272166
35.8,1173,0.613821,0.336344,0.458219,0,0.0544331
35.9,1174,0.647453,0.355792,0.455707,0,0.0544331
36,1175,0.521589,0.387781,0.543013,0,0.0471405
36.1,1176,0.333461,0.447589,0.655061,0,0.0471405
36.2,1177,0.401645,0.436437,0.672725,0,0.0471405
36.3,1178,0.422693,0.448365,0.656245,0,0.0471405
36.4,1179,0.374357,0.452565,0.666981,0,0.0471405
36.5,1180,0.508565,0.387264,0.509219,0.0301699,0.0544331
36.6,1181,0.632669,0.364704,0.532075,0,0.0544331
36.7,1182,0.580787,0.379141,0.502272,0,0.0272166
36.8,1183,0.396195,0.397989,0.57492,0,0.0272166
36.9,1184,0.463635,0.403029,0.632064,0,0.0272166
37,1185,0.518824,0.396613,0.541051,0,0.0272166
37.1,1186,0.537072,0.403045,0.562307,0,0.0272166
37.2,1187,0.55656,0.401845,0.548827,0,0.0272166
37.3,1188,0.534688,0.450229,0.489251,0,0.0272166
37.4,1189,0.525128,0.466861,0.528307,0,0.0272166
37.5,1190,0.524176,0.469589,0.523467,0,0.0272166
37.6,1191,0.52688,0.468613,0.518203,0,0.0272166
37.7,1192,0.573493,0.384192,0.529755,0,0.0544331
37.8,1193,0.645293,0.36184,0.535203,0,0.0544331
37.9,1194,0.615392,0.392453,0.484651,0,0.0272166
38,1195,0.486736,0.443093,0.498651,0,0.0272166
38.1,1196,0.529688,0.468605,0.520251,0,0.0272166
38.2,1197,0.519632,0.467845,0.517435,0,0.0272166
38.3,1198,0.52688,0.470357,0.521419,0,0.0272166
38.4,1199,0.558853,0.412624,0.534331,0,0.0544331
38.5,1200,0.646077,0.376064,0.517891,0,0.0544331
38.6,1201,0.653461,0.366568,0.511763,0,0.0544331
38.7,1202,0.656669,0.364392,0.508667,0,0.0544331
38.8,1203,0.654213,0.368048,0.502635,0,0.0544331
38.9,1204,0.541728,0.406773,0.505147,0,0.0272166
39,1205,0.564032,0.430485,0.511763,0,0.0272166
39.1,1206,0.554248,0.431989,0.498075,0,0.0272166
39.2,1207,0.521792,0.448597,0.514731,0,0.0272166
39.3,1208,0.49744,0.451381,0.520635,0,0.0272166
39.4,1209,0.4918,0.455365,0.518187,0,0.0272166
39.5,1210,0.490064,0.468549,0.529763,0,0.0272166
39.6,1211,0.49744,0.469317,0.521979,0,0.0272166
39.7,1212,0.486848,0.465333,0.521403,0,0.0272166
39.8,1213,0.499176,0.464709,0.529763,0,0.0272166
39.9,1214,0.49288,0.459893,0.523451,0,0.0272166
40,1215,0.494624,0.461637,0.518163,0,0.0272166
40.1,1216,0.476384,0.458405,0.534307,0,0.0272166
40.2,1217,0.479992,0.461637,0.517403,0,0.0272166
40.3,1218,0.469408,0.461637,0.521387,0,0.0272166
40.4,1219,0.48,0.458421,0.529747,0,0.0272166
40.5,1220,0.47544,0.461637,0.523427,0,0.0272166
40.6,1221,0.47112,0.459893,0.536827,0,0.0272166
40.7,1222,0.475432,0.449701,0.556627,0,0.0272166
40.8,1223,0.48,0.447685,0.553003,0,0.0272166
40.9,1224,0.471144,0.442725,0.544283,0,0.0272166
41,1225,0.47544,0.447685,0.557395,0,0.0272166
41.1,1226,0.48,0.444469,0.554747,0,0.0272166
41.2,1227,0.472624,0.445917,0.545051,0,0.0272166
41.3,1228,0.47396,0.445941,0.556619,0,0.0272166
41.4,1229,0.48,0.444469,0.544283,0,0.0272166
41.5,1230,0.476464,0.447685,0.552987,0,0.0272166
41.6,1231,0.487744,0.442725,0.559123,0,0.0272166
41.7,1232,0.481064,0.447685,0.544267,0,0.0272166
41.8,1233,0.484656,0.445941,0.552987,0,0.0272166
41.9,1234,0.4864,0.444469,0.557379,0,0.0272166
42,1235,0.482416,0.445941,0.552035,0,0.0272166
42.1,1236,0.486392,0.454597,0.572307,0,0.0272166
42.2,1237,0.483888,0.451381,0.563179,0,0.0272166
42.3,1238,0.4864,0.453621,0.568659,0,0.0272166
42.4,1239,0.467472,0.455349,0.563163,0,0.0272166
42.5,1240,0.459824,0.449621,0.589163,0,0.0272166
42.6,1241,0.532976,0.439781,0.548091,0,0.0272166
42.7,1242,0.51896,0.450333,0.541275,0,0.0272166
42.8,1243,0.45352,0.455349,0.592803,0,0.0272166
42.9,1244,0.455256,0.451365,0.589179,0,0.0272166
43,1245,0.45352,0.453605,0.589707,0,0.0272166
43.1,1246,0.544448,0.432037,0.538571,0,0.0272166
43.2,1247,0.513576,0.448581,0.539939,0,0.0272166
43.3,1248,0.45808,0.452837,0.592803,0,0.0272166
43.4,1249,0.450704,0.452109,0.589179,0,0.0272166
43.5,1250,0.458064,0.453613,0.586491,0,0.0272166
43.6,1251,0.45352,0.454581,0.583675,0,0.0272166
43.7,1252,0.45808,0.452133,0.583651,0,0.0272166
43.8,1253,0.544448,0.430293,0.520131,0,0.0272166
43.9,1254,0.517072,0.445093,0.548707,0,0.0272166
44,1255,0.453512,0.454581,0.596019,0,0.0272166
44.1,1256,0.546352,0.438037,0.543923,0,0.0272166
44.2,1257,0.51824,0.450325,0.545483,0,0.0272166
44.3,1258,0.455568,0.450389,0.596011,0,0.0272166
44.4,1259,0.456032,0.454589,0.586475,0,0.0272166
44.5,1260,0.5148,0.439781,0.537683,0,0.0272166
44.6,1261,0.519584,0.450325,0.559579,0,0.0272166
44.7,1262,0.456032,0.453605,0.589299,0,0.0272166
44.8,1263,0.452752,0.451365,0.602971,0,0.0272166
44.9,1264,0.453504,0.455341,0.604187,0,0.0272166
45,1265,0.516912,0.445157,0.562579,0,0.0272166
45.1,1266,0.51252,0.446629,0.556067,0,0.0272166
45.2,1267,0.45352,0.435669,0.606067,0,0.0272166
45.3,1268,0.514864,0.439661,0.564059,0,0.0272166
45.4,1269,0.526208,0.444117,0.552835,0,0.0272166
45.5,1270,0.450704,0.452133,0.596939,0,0.0272166
45.6,1271,0.45808,0.455341,0.614787,0,0.0272166
45.7,1272,0.514096,0.445157,0.562307,0,0.0272166
45.8,1273,0.521264,0.451093,0.540243,0,0.0272166
45.9,1274,0.474976,0.452837,0.596115,0,0.0272166
46,1275,0.47568,0.452133,0.566043,0,0.0272166
46.1,1276,0.474208,0.455357,0.561851,0,0.0272166
46.2,1277,0.548512,0.445157,0.555955,0,0.0272166
46.3,1278,0.523776,0.451093,0.531067,0,0.0272166
46.4,1279,0.481008,0.453605,0.565003,0,0.0272166
46.5,1280,0.4742,0.451365,0.556851,0,0.0272166
46.6,1281,0.473608,0.453605,0.539619,0,0.0272166
46.7,1282,0.477392,0.454573,0.541499,0,0.0272166
46.8,1283,0.477008,0.452133,0.544899,0,0.0272166
46.9,1284,0.544432,0.445157,0.528507,0,0.0272166
47,1285,0.511448,0.451101,0.533595,0,0.0272166
47.1,1286,0.475664,0.453605,0.539627,0,0.0272166
47.2,1287,0.474176,0.454581,0.541491,0,0.0272166
47.3,1288,0.476424,0.450373,0.544915,0,0.0272166
47.4,1289,0.477408,0.455349,0.534123,0,0.0272166
47.5,1290,0.475664,0.452837,0.544187,0,0.0272166
47.6,1291,0.474952,0.452117,0.539755,0,0.0272166
47.7,1292,0.475664,0.454589,0.546659,0,0.0272166
47.8,1293,0.474184,0.498059,0.435445,0,0.0272166
47.9,1294,0.458048,0.514923,0.465509,0,0.0272166
48,1295,0.447096,0.464309,0.490875,0,0.0272166
48.1,1296,0.456416,0.440261,0.544187,0,0.0272166
48.2,1297,0.449616,0.453621,0.548595,0,0.0272166
48.3,1298,0.450312,0.451381,0.558579,0,0.0272166
48.4,1299,0.451088,0.453621,0.558923,0,0.0272166
48.5,1300,0.452432,0.495131,0.464333,0,0.0272166
48.6,1301,0.451088,0.512411,0.483333,0,0.0272166
48.7,1302,0.449608,0.481589,0.501307,0,0.0272166
48.8,1303,0.451088,0.428437,0.546043,0,0.0272166
48.9,1304,0.455648,0.451373,0.563483,0,0.0272166
49,1305,0.449608,0.499819,0.452397,0,0.0272166
49.1,1306,0.45108,0.514923,0.483317,0,0.0272166
49.2,1307,0.451088,0.462565,0.501299,0,0.0272166
49.3,1308,0.452432,0.440261,0.563483,0,0.0272166
49.4,1309,0.452824,0.453621,0.558579,0,0.0272166
49.5,1310,0.447104,0.451381,0.558923,0,0.0272166
49.6,1311,0.456408,0.455365,0.553419,0,0.0272166
49.7,1312,0.367787,0.493387,0.508459,0,0
49.8,1313,0.379275,0.514155,0.556107,0,0
49.9,1314,0.416192,0.481589,0.556795,0,0.0272166
50,1315,0.553296,0.420765,0.511555,0,0.0272166
50.1,1316,0.489272,0.462165,0.555899,0,0.0272166
50.2,1317,0.474691,0.500331,0.486291,0,0
50.3,1318,0.424435,0.537547,0.565499,0,0
50.4,1319,0.380619,0.492469,0.62192,0,0.0272166
50.5,1320,0.489435,0.436421,0.645808,0,0.0272166
50.6,1321,0.408731,0.464517,0.656704,0,0.0272166
50.7,1322,0.484955,0.451221,0.651136,0,0.0272166
50.8,1323,0.409515,0.461685,0.642416,0,0.0272166
50.9,1324,0.477259,0.492995,0.566227,0.0301699,0
51,1325,0.407011,0.538523,0.546931,0,0
51.1,1326,0.482987,0.513099,0.583715,0,0
51.2,1327,0.415451,0.538523,0.561195,0,0
51.3,1328,0.478443,0.511371,0.579427,0,0
51.4,1329,0.418003,0.538523,0.551915,0,0
51.5,1330,0.489771,0.513115,0.577563,0,0
51.6,1331,0.425115,0.529115,0.544987,0,0
51.7,1332,0.491051,0.501883,0.546515,0,0
51.8,1333,0.430875,0.529115,0.550235,0,0
51.9,1334,0.472555,0.501883,0.537667,0,0
52,1335,0.433467,0.529123,0.567331,0,0
52.1,1336,0.472155,0.504379,0.530683,0,0
52.2,1337,0.427371,0.526619,0.561243,0,0
52.3,1338,0.471843,0.504395,0.544259,0,0
52.4,1339,0.430187,0.526619,0.572835,0,0
52.5,1340,0.391323,0.530203,0.579867,0,0
52.6,1341,0.522704,0.515035,0.450637,0,0.0272166
52.7,1342,0.489696,0.527195,0.482021,0,0.0272166
52.8,1343,0.495211,0.518443,0.492643,0,0
52.9,1344,0.414715,0.517931,0.580211,0,0
53,1345,0.393819,0.530203,0.571323,0,0
53.1,1346,0.387339,0.529435,0.595091,0,0
53.2,1347,0.476715,0.516699,0.545819,0,0
53.3,1348,0.474176,0.526603,0.494925,0,0.0272166
53.4,1349,0.460832,0.535371,0.510797,0,0.0272166
53.5,1350,0.492611,0.519003,0.503363,0,0
53.6,1351,0.402283,0.525819,0.571387,0,0
53.7,1352,0.391019,0.538635,0.570827,0,0
53.8,1353,0.438304,0.537875,0.472917,0,0.0272166
53.9,1354,0.464816,0.533323,0.487093,0,0.0272166
54,1355,0.476307,0.517523,0.518579,0,0
54.1,1356,0.415371,0.529355,0.562459,0,0
54.2,1357,0.391019,0.535835,0.570827,0,0
54.3,1358,0.391315,0.537883,0.575563,0,0
54.4,1359,0.449579,0.515787,0.563179,0,0
54.5,1360,0.451984,0.517275,0.467965,0,0.0272166
54.6,1361,0.462304,0.521419,0.494069,0,0.0272166
54.7,1362,0.494091,0.508131,0.507739,0,0
54.8,1363,0.373451,0.517259,0.558123,0,0
54.9,1364,0.391307,0.518187,0.572747,0,0
55,1365,0.443328,0.518587,0.475797,0,0.0272166
55.1,1366,0.462304,0.521403,0.483245,0,0.0272166
55.2,1367,0.525952,0.506667,0.482997,0,0.0272166
55.3,1368,0.491504,0.515515,0.478677,0,0.0272166
55.4,1369,0.464808,0.518587,0.493269,0,0.0272166
55.5,1370,0.462288,0.521403,0.484005,0,0.0272166
55.6,1371,0.455968,0.521403,0.497853,0,0.0272166
55.7,1372,0.443584,0.515363,0.493301,0,0.0272166
55.8,1373,0.447568,0.523139,0.488549,0,0.0272166
55.9,1374,0.446096,0.516843,0.483237,0,0.0272166
56,1375,0.434216,0.523139,0.489029,0,0.0272166
56.1,1376,0.438336,0.515371,0.478317,0,0.0272166
56.2,1377,0.435888,0.521403,0.472805,0,0.0272166
56.3,1378,0.435104,0.518587,0.476789,0,0.0272166
56.4,1379,0.436848,0.521403,0.476837,0,0.0272166
56.5,1380,0.435112,0.515371,0.472805,0,0.0272166
56.6,1381,0.439104,0.521403,0.475629,0,0.0272166
56.7,1382,0.43512,0.518587,0.472805,0,0.0272166
56.8,1383,0.43512,0.521403,0.482293,0,0.0272166
56.9,1384,0.437616,0.428469,0.528259,0,0.0272166
57,1385,0.437032,0.438789,0.563963,0,0.0272166
57.1,1386,0.45384,0.478155,0.527933,0,0.0272166
57.2,1387,0.453688,0.509467,0.447797,0,0.0272166
57.3,1388,0.453832,0.547643,0.479733,0,0.0272166
57.4,1389,0.453832,0.448109,0.535131,0,0.0272166
57.5,1390,0.44832,0.463173,0.567323,0,0.0272166
57.6,1391,0.445384,0.516507,0.496981,0,0.0272166
57.7,1392,0.444624,0.553899,0.468901,0,0.0272166
57.8,1393,0.445392,0.558651,0.480501,0,0.0272166
57.9,1394,0.474528,0.553907,0.479733,0,0.0272166
58,1395,0.469192,0.556411,0.479733,0,0.0272166
58.1,1396,0.469968,0.463149,0.535835,0,0.0272166
58.2,1397,0.467152,0.468549,0.568539,0,0.0272166
58.3,1398,0.465976,0.511931,0.523397,0,0.0272166
58.4,1399,0.471256,0.544027,0.441013,0,0.0272166
58.5,1400,0.471696,0.555659,0.479733,0,0.0272166
58.6,1401,0.453928,0.452869,0.541915,0,0.0272166
58.7,1402,0.468488,0.473285,0.561291,0,0.0272166
58.8,1403,0.417595,0.511771,0.563803,0,0
58.9,1404,0.369099,0.549931,0.565275,0,0
59,1405,0.398475,0.558651,0.556651,0,0
59.1,1406,0.392443,0.553915,0.580059,0,0
59.2,1407,0.467851,0.516603,0.588219,0,0
59.3,1408,0.465928,0.461557,0.566515,0,0.0272166
59.4,1409,0.463912,0.468541,0.582571,0,0.0272166
59.5,1410,0.510987,0.487627,0.587051,0,0
59.6,1411,0.376371,0.536331,0.559755,0,0
59.7,1412,0.397003,0.558651,0.584795,0,0
59.8,1413,0.445856,0.455573,0.577323,0,0.0272166
59.9,1414,0.467144,0.473885,0.584795,0,0.0272166
60,1415,0.487259,0.508571,0.584059,0,0
60.1,1416,0.385443,0.536683,0.569035,0,0
60.2,1417,0.400971,0.536683,0.580059,0,0
60.3,1418,0.393915,0.538203,0.587611,0,0
60.4,1419,0.477539,0.539195,0.586731,0,0
60.5,1420,0.468872,0.447397,0.560299,0,0.0272166
60.6,1421,0.467136,0.458117,0.584763,0,0.0272166
60.7,1422,0.521083,0.496187,0.593403,0,0
60.8,1423,0.381403,0.526795,0.571115,0,0
60.9,1424,0.398475,0.539195,0.601731,0,0
61,1425,0.441168,0.440733,0.594939,0,0.0272166
61.1,1426,0.469944,0.458117,0.600443,0,0.0272166
61.2,1427,0.497363,0.488235,0.601579,0,0
61.3,1428,0.396403,0.541419,0.573387,0,0
61.4,1429,0.390971,0.539195,0.595723,0,0
61.5,1430,0.512645,0.430829,0.481509,0,0.0471405
61.6,1431,0.618917,0.458885,0.511429,0,0.0471405
61.7,1432,0.489363,0.5434,0.445541,0.0261279,0.0272166
61.8,1433,0.424923,0.605792,0.508693,0,0.0272166
61.9,1434,0.459125,0.543109,0.540005,0,0.0471405
62,1435,0.604885,0.393829,0.461853,0,0.0471405
62.1,1436,0.660117,0.454149,0.485213,0,0.0471405
62.2,1437,0.466987,0.567472,0.440533,0,0.0272166
62.3,1438,0.430403,0.605808,0.541501,0,0.0272166
62.4,1439,0.4328,0.517637,0.603699,0,0.0272166
62.5,1440,0.458928,0.406493,0.642315,0,0.0272166
62.6,1441,0.537224,0.454133,0.607675,0,0.0272166
62.7,1442,0.4638,0.594968,0.421024,0,0.0471405
62.8,1443,0.46576,0.632896,0.484384,0,0.0471405
62.9,1444,0.505744,0.454189,0.552347,0.0261279,0.0272166
63,1445,0.518368,0.475277,0.640843,0,0.0272166
63.1,1446,0.46576,0.54524,0.575648,0,0.0471405
63.2,1447,0.419264,0.618296,0.45512,0,0.0471405
63.3,1448,0.534,0.613392,0.477024,0,0.0471405
63.4,1449,0.442376,0.450445,0.554203,0,0.0272166
63.5,1450,0.467216,0.476533,0.647835,0,0.0272166
63.6,1451,0.44632,0.546464,0.561552,0,0.0471405
63.7,1452,0.445928,0.63036,0.441808,0,0.0471405
63.8,1453,0.46576,0.633056,0.511864,0,0.0471405
63.9,1454,0.527269,0.426293,0.559173,0,0.0471405
64,1455,0.552837,0.476557,0.570357,0,0.0471405
64.1,1456,0.449107,0.543104,0.474669,0.0543895,0.0272166
64.2,1457,0.419611,0.62292,0.553397,0,0.0272166
64.3,1458,0.427472,0.565621,0.608443,0,0.0272166
64.4,1459,0.419264,0.484077,0.594331,0,0.0272166
64.5,1460,0.527408,0.458021,0.584283,0,0.0272166
64.6,1461,0.420267,0.538016,0.421117,0,0.0272166
64.7,1462,0.422427,0.6216,0.553309,0,0.0272166
64.8,1463,0.466133,0.571579,0.521856,0,0.0544331
64.9,1464,0.608325,0.489259,0.43848,0,0.0544331
65,1465,0.616757,0.501467,0.400272,0,0.0544331
65.1,1466,0.297544,0.630213,0.523707,0,0.0544331
65.2,1467,0.357912,0.667445,0.553147,0,0.0544331
65.3,1468,0.505701,0.509483,0.509112,0,0.0544331
65.4,1469,0.618205,0.516987,0.45684,0,0.0544331
65.5,1470,0.502592,0.568133,0.482259,0,0.0544331
65.6,1471,0.217608,0.677973,0.640795,0,0.0544331
65.7,1472,0.338464,0.690453,0.588363,0,0.0544331
65.8,1473,0.564069,0.371717,0.425973,0,0.0471405
65.9,1474,0.635925,0.409061,0.469493,0,0.0471405
66,1475,0.5218,0.518181,0.490635,0,0.0544331
66.1,1476,0.231784,0.721781,0.603691,0,0.0544331
66.2,1477,0.362664,0.712341,0.592211,0,0.0544331
66.3,1478,0.579885,0.492155,0.453328,0,0.0544331
66.4,1479,0.658245,0.535435,0.468296,0,0.0544331
66.5,1480,0.430624,0.601029,0.502955,0,0.0544331
66.6,1481,0.29808,0.753077,0.632427,0,0.0544331
66.7,1482,0.501613,0.643387,0.523536,0,0.0544331
66.8,1483,0.653837,0.420091,0.345992,0,0.0544331
66.9,1484,0.674085,0.503931,0.434008,0,0.0544331
67,1485,0.354448,0.614965,0.540707,0,0.0544331
67.1,1486,0.399272,0.690085,0.588555,0,0.0544331
67.2,1487,0.49336,0.597131,0.536229,0,0.0272166
67.3,1488,0.59744,0.422267,0.486781,0,0.0272166
67.4,1489,0.594752,0.503947,0.520181,0,0.0272166
67.5,1490,0.337952,0.655509,0.579499,0,0.0544331
67.6,1491,0.396064,0.687269,0.597003,0,0.0544331
67.7,1492,0.431147,0.630504,0.567533,0,0.0272166
67.8,1493,0.444539,0.639232,0.594053,0,0.0272166
67.9,1494,0.516891,0.609384,0.547317,0,0.0272166
68,1495,0.429219,0.591872,0.573861,0,0.0272166
68.1,1496,0.508971,0.633896,0.542597,0,0.0272166
68.2,1497,0.436795,0.581728,0.585933,0,0.0272166
68.3,1498,0.467643,0.634664,0.585349,0,0.0272166
68.4,1499,0.566357,0.559251,0.499888,0,0.0544331
68.5,1500,0.622293,0.483499,0.428736,0,0.0544331
68.6,1501,0.646037,0.556507,0.45356,0,0.0544331
68.7,1502,0.447563,0.560376,0.517669,0,0.0272166
68.8,1503,0.527371,0.647216,0.535221,0,0.0272166
68.9,1504,0.332544,0.689821,0.641859,0,0.0544331
69,1505,0.324368,0.765101,0.662891,0,0.0544331
69.1,1506,0.463749,0.668245,0.635573,0,0.0471405
69.2,1507,0.592453,0.435845,0.469181,0,0.0471405
69.3,1508,0.657829,0.522309,0.521757,0,0.0471405
69.4,1509,0.394485,0.656781,0.551413,0,0.0471405
69.5,1510,0.400645,0.762853,0.585365,0,0.0471405
69.6,1511,0.472453,0.739381,0.551301,0,0.0471405
69.7,1512,0.592869,0.503165,0.499693,0,0.0471405
69.8,1513,0.656365,0.530005,0.531853,0,0.0471405
69.9,1514,0.373429,0.681293,0.540661,0,0.0471405
70,1515,0.400645,0.771261,0.593317,0,0.0471405
70.1,1516,0.497261,0.612605,0.564373,0,0.0471405
70.2,1517,0.627117,0.533029,0.545461,0,0.0471405
70.3,1518,0.551669,0.569909,0.544669,0,0.0471405
70.4,1519,0.327405,0.739717,0.593317,0,0.0471405
70.5,1520,0.448181,0.756669,0.569221,0,0.0471405
70.6,1521,0.461272,0.638643,0.546069,0,0.0272166
70.7,1522,0.498272,0.649787,0.585941,0,0.0272166
70.8,1523,0.554875,0.615232,0.579669,0,0.0272166
70.9,1524,0.394283,0.630616,0.601701,0,0.0272166
71,1525,0.464395,0.66988,0.609829,0,0.0272166
71.1,1526,0.502688,0.518507,0.603133,0,0.0272166
71.2,1527,0.537168,0.605179,0.612517,0,0.0272166
71.3,1528,0.450581,0.665773,0.580877,0,0.0471405
71.4,1529,0.399717,0.782781,0.598997,0,0.0471405
71.5,1530,0.440328,0.740267,0.609789,0,0.0272166
71.6,1531,0.487528,0.617451,0.559733,0,0.0272166
71.7,1532,0.574256,0.617371,0.569885,0,0.0272166
71.8,1533,0.429421,0.683453,0.567173,0,0.0471405
71.9,1534,0.399309,0.829309,0.601677,0,0.0471405
72,1535,0.418208,0.786259,0.557045,0,0.0272166
72.1,1536,0.528448,0.669883,0.509445,0,0.0272166
72.2,1537,0.620544,0.579155,0.534461,0,0.0272166
72.3,1538,0.425101,0.710565,0.554245,0,0.0471405
72.4,1539,0.393661,0.829309,0.615845,0,0.0471405
72.5,1540,0.427576,0.683899,0.581989,0.039911,0.0272166
72.6,1541,0.599448,0.641795,0.546725,0,0.0272166
72.7,1542,0.575549,0.648549,0.546725,0,0.0471405
72.8,1543,0.332381,0.806421,0.625645,0,0.0471405
72.9,1544,0.343493,0.883637,0.580453,0,0.0471405
73,1545,0.430544,0.691563,0.551461,0,0.0272166
73.1,1546,0.498672,0.699995,0.618661,0,0.0272166
73.2,1547,0.62344,0.600723,0.579877,0,0.0272166
73.3,1548,0.558144,0.660499,0.619381,0,0.0272166
73.4,1549,0.506448,0.680227,0.642101,0,0.0272166
73.5,1550,0.510736,0.674859,0.648133,0,0.0272166
73.6,1551,0.512488,0.669371,0.625893,0,0.0272166
73.7,1552,0.512472,0.679419,0.598773,0,0.0272166
73.8,1553,0.507896,0.664795,0.596789,0,0.0272166
73.9,1554,0.512464,0.678483,0.598885,0,0.0272166
74,1555,0.510736,0.676587,0.600757,0,0.0272166
74.1,1556,0.512464,0.669355,0.600949,0,0.0272166
74.2,1557,0.506424,0.674843,0.594741,0,0.0272166
74.3,1558,0.512464,0.672155,0.605509,0,0.0272166
74.4,1559,0.510736,0.680211,0.593397,0,0.0272166
74.5,1560,0.512456,0.664779,0.599477,0,0.0272166
74.6,1561,0.512464,0.674843,0.603461,0,0.0272166
74.7,1562,0.512456,0.676603,0.598261,0,0.0272166
74.8,1563,0.504696,0.672155,0.597413,0,0.0272166
74.9,1564,0.512464,0.678467,0.602821,0,0.0272166
75,1565,0.512464,0.676603,0.598901,0,0.0272166
75.1,1566,0.512456,0.669339,0.600005,0,0.0272166
75.2,1567,0.510736,0.674859,0.597429,0,0.0272166
75.3,1568,0.512464,0.669339,0.598261,0,0.0272166
75.4,1569,0.506424,0.669339,0.603461,0,0.0272166
75.5,1570,0.512472,0.678483,0.607989,0,0.0272166
75.6,1571,0.513936,0.676587,0.618757,0,0.0272166
75.7,1572,0.50924,0.674843,0.613893,0,0.0272166
75.8,1573,0.512456,0.675387,0.616069,0,0.0272166
75.9,1574,0.50792,0.678467,0.616709,0,0.0272166
76,1575,0.512464,0.672027,0.616709,0,0.0272166
76.1,1576,0.512456,0.669355,0.617813,0,0.0272166
76.2,1577,0.509248,0.674843,0.616701,0,0.0272166
76.3,1578,0.50792,0.683043,0.616709,0,0.0272166
76.4,1579,0.512448,0.669339,0.616061,0,0.0272166
76.5,1580,0.512464,0.674843,0.613893,0,0.0272166
76.6,1581,0.50952,0.676595,0.614021,0,0.0272166
76.7,1582,0.494536,0.672155,0.623317,0,0.0272166
76.8,1583,0.491712,0.664779,0.613893,0,0.0272166
76.9,1584,0.493056,0.680227,0.614021,0,0.0272166
77,1585,0.48996,0.674843,0.618749,0,0.0272166
77.1,1586,0.496288,0.669339,0.626645,0,0.0272166
77.2,1587,0.491712,0.674859,0.642949,0,0.0272166
77.3,1588,0.49452,0.683027,0.638085,0,0.0272166
77.4,1589,0.491192,0.669355,0.640893,0,0.0272166
77.5,1590,0.502832,0.664779,0.660933,0,0.0272166
77.6,1591,0.521672,0.676587,0.665093,0,0.0272166
77.7,1592,0.52168,0.674859,0.669829,0,0.0272166
77.8,1593,0.518872,0.672155,0.664965,0,0.0272166
77.9,1594,0.519168,0.680211,0.672341,0,0.0272166
78,1595,0.52168,0.674859,0.669829,0,0.0272166
78.1,1596,0.518856,0.669339,0.670469,0,0.0272166
78.2,1597,0.521696,0.674843,0.659589,0,0.0272166
78.3,1598,0.521664,0.669355,0.672517,0,0.0272166
78.4,1599,0.518856,0.679563,0.667773,0,0.0272166
78.5,1600,0.519168,0.741251,0.665093,0,0.0272166
78.6,1601,0.499488,0.749427,0.594189,0,0.0272166
78.7,1602,0.473776,0.776363,0.586709,0,0.0272166
78.8,1603,0.473768,0.768059,0.584965,0,0.0272166
78.9,1604,0.473776,0.772779,0.582117,0,0.0272166
79,1605,0.473792,0.815707,0.584949,0,0.0272166
79.1,1606,0.478328,0.785091,0.582149,0,0.0272166
79.2,1607,0.473768,0.787131,0.584941,0,0.0272166
79.3,1608,0.473792,0.802187,0.582149,0,0.0272166
79.4,1609,0.476992,0.792307,0.584949,0,0.0272166
79.5,1610,0.525597,0.665469,0.582133,0,0.0471405
79.6,1611,0.656325,0.695381,0.579333,0,0.0471405
79.7,1612,0.590048,0.718587,0.565653,0,0.0272166
79.8,1613,0.504016,0.831067,0.577461,0,0.0272166
79.9,1614,0.475024,0.812635,0.582133,0,0.0272166
80,1615,0.482256,0.816995,0.611013,0,0.0272166
80.1,1616,0.486224,0.815555,0.609157,0,0.0272166
80.2,1617,0.528805,0.707989,0.609013,0,0.0471405
80.3,1618,0.656117,0.700357,0.582853,0,0.0471405
80.4,1619,0.605488,0.692779,0.567141,0,0.0272166
80.5,1620,0.558448,0.762363,0.654437,0,0.0272166
80.6,1621,0.517952,0.790523,0.672445,0,0.0272166
80.7,1622,0.480192,0.819539,0.660085,0,0.0272166
80.8,1623,0.482232,0.829371,0.664653,0,0.0272166
80.9,1624,0.531621,0.711221,0.662901,0,0.0471405
81,1625,0.625061,0.698965,0.581509,0,0.0471405
81.1,1626,0.622848,0.694283,0.565685,0,0.0272166
81.2,1627,0.534088,0.753203,0.654677,0,0.0272166
81.3,1628,0.510744,0.794979,0.694917,0,0.0272166
81.4,1629,0.494912,0.817027,0.664645,0,0.0272166
81.5,1630,0.502992,0.822171,0.652837,0,0.0272166
81.6,1631,0.537493,0.758421,0.670165,0,0.0471405
81.7,1632,0.635525,0.705549,0.582869,0,0.0471405
81.8,1633,0.658709,0.706741,0.564317,0,0.0471405
81.9,1634,0.551808,0.797099,0.565685,0,0.0272166
82,1635,0.525616,0.817011,0.653893,0,0.0272166
82.1,1636,0.496976,0.829355,0.660085,0,0.0272166
82.2,1637,0.506992,0.809803,0.662885,0,0.0272166
82.3,1638,0.534293,0.788189,0.660085,0,0.0471405
82.4,1639,0.644629,0.699381,0.637941,0,0.0471405
82.5,1640,0.674133,0.711141,0.633205,0,0.0471405
82.6,1641,0.576176,0.767451,0.638725,0,0.0272166
82.7,1642,0.544224,0.824987,0.665973,0,0.0272166
82.8,1643,0.555045,0.754413,0.674021,0,0.0471405
82.9,1644,0.657013,0.715957,0.650949,0,0.0471405
83,1645,0.676165,0.715525,0.636021,0,0.0471405
83.1,1646,0.587568,0.795323,0.633221,0,0.0272166
83.2,1647,0.617632,0.814347,0.638709,0,0.0272166
83.3,1648,0.62384,0.817011,0.633205,0,0.0272166
83.4,1649,0.546576,0.816979,0.668677,0,0.0272166
83.5,1650,0.51568,0.822171,0.668533,0,0.0272166
83.6,1651,0.519184,0.820171,0.690421,0,0.0272166
83.7,1652,0.496968,0.813707,0.719029,0,0.0272166
83.8,1653,0.555029,0.701077,0.711509,0,0.0471405
83.9,1654,0.637605,0.723877,0.724805,0,0.0471405
84,1655,0.632909,0.657421,0.700357,0,0.0471405
84.1,1656,0.625077,0.666213,0.705109,0,0.0471405
84.2,1657,0.657989,0.689197,0.707781,0,0.0471405
84.3,1658,0.55048,0.761891,0.700373,0,0.0272166
84.4,1659,0.573056,0.792851,0.705093,0,0.0272166
84.5,1660,0.57832,0.784875,0.710597,0,0.0272166
84.6,1661,0.524704,0.809019,0.707253,0,0.0272166
84.7,1662,0.534293,0.778797,0.711493,0,0.0471405
84.8,1663,0.633621,0.686877,0.724821,0,0.0471405
84.9,1664,0.653237,0.689213,0.700357,0,0.0471405
85,1665,0.556704,0.744779,0.705109,0,0.0272166
85.1,1666,0.584944,0.792867,0.710597,0,0.0272166
85.2,1667,0.605584,0.792835,0.697541,0,0.0272166
85.3,1668,0.526224,0.793451,0.712749,0,0.0272166
85.4,1669,0.496976,0.815451,0.713541,0,0.0272166
85.5,1670,0.555021,0.679045,0.721749,0,0.0471405
85.6,1671,0.671221,0.739461,0.719141,0,0.0471405
85.7,1672,0.647205,0.616013,0.707781,0,0.0471405
85.8,1673,0.708917,0.591645,0.727029,0,0.0471405
85.9,1674,0.697509,0.540565,0.741293,0,0.0471405
86,1675,0.678229,0.483485,0.737781,0,0.0471405
86.1,1676,0.726421,0.531605,0.738469,0,0.0471405
86.2,1677,0.509627,0.660728,0.741309,0,0.0272166
86.3,1678,0.513579,0.842704,0.796013,0,0.0272166
86.4,1679,0.475584,0.816243,0.751325,0,0.0272166
86.5,1680,0.479488,0.787035,0.738493,0,0.0272166
86.6,1681,0.483344,0.809347,0.741293,0,0.0272166
86.7,1682,0.547125,0.687733,0.741717,0,0.0471405
86.8,1683,0.669173,0.732077,0.712997,0,0.0471405
86.9,1684,0.647221,0.639597,0.713541,0,0.0471405
87,1685,0.698293,0.572037,0.747021,0,0.0471405
87.1,1686,0.695469,0.534125,0.741717,0,0.0471405
87.2,1687,0.686197,0.526093,0.748941,0,0.0471405
87.3,1688,0.721669,0.556333,0.758037,0,0.0471405
87.4,1689,0.507115,0.681824,0.763541,0,0.0272166
87.5,1690,0.553243,0.760032,0.763981,0,0.0272166
87.6,1691,0.573008,0.794099,0.737701,0,0.0272166
87.7,1692,0.616216,0.732755,0.741309,0,0.0272166
87.8,1693,0.538352,0.820195,0.763749,0,0.0272166
87.9,1694,0.647805,0.653325,0.743645,0,0.0471405
88,1695,0.710197,0.617725,0.769045,0,0.0471405
88.1,1696,0.62744,0.613491,0.760725,0,0.0272166
88.2,1697,0.638144,0.667043,0.758821,0,0.0272166
88.3,1698,0.611435,0.695248,0.766013,0,0.0272166
88.4,1699,0.499707,0.759448,0.763213,0,0.0272166
88.5,1700,0.535835,0.87072,0.803669,0,0.0272166
88.6,1701,0.513504,0.768499,0.766309,0,0.0272166
88.7,1702,0.589488,0.836315,0.745693,0,0.0272166
88.8,1703,0.587941,0.750989,0.769045,0,0.0471405
88.9,1704,0.682773,0.708445,0.733181,0,0.0471405
89,1705,0.700197,0.690053,0.743765,0,0.0471405
89.1,1706,0.607872,0.767451,0.741309,0,0.0272166
89.2,1707,0.635464,0.792675,0.738477,0,0.0272166
89.3,1708,0.681813,0.667733,0.741717,0,0.0471405
89.4,1709,0.720917,0.683661,0.735805,0,0.0471405
89.5,1710,0.693072,0.722715,0.763757,0,0.0272166
89.6,1711,0.597984,0.791627,0.766029,0,0.0272166
89.7,1712,0.639496,0.806163,0.761493,0,0.0272166
89.8,1713,0.694277,0.686853,0.766013,0,0.0471405
89.9,1714,0.719157,0.716653,0.758053,0,0.0471405
90,1715,0.66544,0.747195,0.768685,0,0.0272166
90.1,1716,0.60736,0.805939,0.763981,0,0.0272166
90.2,1717,0.643024,0.801363,0.758037,0,0.0272166
90.3,1718,0.702413,0.677325,0.766029,0,0.0471405
90.4,1719,0.723733,0.710621,0.760725,0,0.0471405
90.5,1720,0.624624,0.768787,0.763965,0,0.0272166
90.6,1721,0.640976,0.801379,0.760869,0,0.0272166
90.7,1722,0.668805,0.768069,0.763197,0,0.0471405
90.8,1723,0.745669,0.672613,0.761509,0,0.0471405
90.9,1724,0.750349,0.713845,0.766013,0,0.0471405
91,1725,0.637904,0.768747,0.746061,0,0.0272166
91.1,1726,0.665552,0.813747,0.743061,0,0.0272166
91.2,1727,0.696069,0.736493,0.744749,0,0.0471405
91.3,1728,0.750357,0.676261,0.747597,0,0.0471405
91.4,1729,0.745797,0.726181,0.737557,0,0.0471405
91.5,1730,0.630392,0.785803,0.743077,0,0.0272166
91.6,1731,0.661392,0.805923,0.747581,0,0.0272166
91.7,1732,0.709605,0.692869,0.744765,0,0.0471405
91.8,1733,0.745797,0.713853,0.743077,0,0.0471405
91.9,1734,0.719712,0.749971,0.745533,0,0.0272166
92,1735,0.616992,0.798147,0.739605,0,0.0272166
92.1,1736,0.665552,0.804603,0.745533,0,0.0272166
92.2,1737,0.758357,0.691397,0.742309,0,0.0471405
92.3,1738,0.780741,0.716637,0.745517,0,0.0471405
92.4,1739,0.721632,0.747155,0.747581,0,0.0272166
92.5,1740,0.67368,0.801371,0.741413,0,0.0272166
92.6,1741,0.697808,0.807379,0.749973,0,0.0272166
92.7,1742,0.755797,0.682141,0.746789,0,0.0471405
92.8,1743,0.787989,0.716621,0.759357,0,0.0471405
92.9,1744,0.679408,0.751851,0.754213,0,0.0272166
93,1745,0.69512,0.805907,0.758589,0,0.0272166
93.1,1746,0.728453,0.768005,0.752149,0,0.0471405
93.2,1747,0.773237,0.672613,0.756117,0,0.0471405
93.3,1748,0.785293,0.712061,0.759357,0,0.0471405
93.4,1749,0.667472,0.771979,0.754213,0,0.0272166
93.5,1750,0.694992,0.798123,0.755149,0,0.0272166
93.6,1751,0.728453,0.745597,0.723149,0,0.0471405
93.7,1752,0.782469,0.682685,0.723173,0,0.0471405
93.8,1753,0.787989,0.710589,0.720685,0,0.0471405
93.9,1754,0.785301,0.726181,0.723213,0,0.0471405
94,1755,0.780741,0.716621,0.725205,0,0.0471405
94.1,1756,0.785301,0.713829,0.721469,0,0.0471405
94.2,1757,0.780741,0.716629,0.720669,0,0.0471405
94.3,1758,0.787989,0.710589,0.717981,0,0.0471405
94.4,1759,0.782485,0.726181,0.723173,0,0.0471405
94.5,1760,0.780741,0.704277,0.720685,0,0.0471405
94.6,1761,0.787981,0.713805,0.720701,0,0.0471405
94.7,1762,0.785301,0.728997,0.725973,0,0.0471405
94.8,1763,0.785301,0.710589,0.715965,0,0.0471405
94.9,1764,0.780733,0.713829,0.725421,0,0.0471405
95,1765,0.782485,0.716629,0.715949,0,0.0471405
95.1,1766,0.787989,0.713805,0.725989,0,0.0471405
95.2,1767,0.780741,0.722957,0.720669,0,0.0471405
95.3,1768,0.787989,0.713637,0.723213,0,0.0471405
95.4,1769,0.785301,0.769877,0.725205,0,0.0471405
95.5,1770,0.780741,0.738301,0.715933,0,0.0471405
95.6,1771,0.785301,0.755941,0.731365,0,0.0471405
95.7,1772,0.782485,0.762245,0.731821,0,0.0471405
95.8,1773,0.780741,0.738301,0.728381,0,0.0471405
95.9,1774,0.787989,0.755941,0.734677,0,0.0471405
96,1775,0.787989,0.762245,0.735805,0,0.0471405
96.1,1776,0.782485,0.738301,0.726317,0,0.0471405
96.2,1777,0.783549,0.755941,0.728357,0,0.0471405
96.3,1778,0.782485,0.759789,0.740197,0,0.0471405
96.4,1779,0.785301,0.738765,0.733565,0,0.0471405
96.5,1780,0.791181,0.745069,0.728381,0,0.0471405
96.6,1781,0.792469,0.742733,0.734677,0,0.0471405
96.7,1782,0.795277,0.745061,0.735805,0,0.0471405
96.8,1783,0.787909,0.736709,0.756541,0,0.0471405
96.9,1784,0.795285,0.736965,0.757805,0,0.0471405
97,1785,0.792469,0.736709,0.748581,0,0.0471405
97.1,1786,0.797973,0.738749,0.761661,0,0.0471405
97.2,1787,0.785221,0.745069,0.751397,0,0.0471405
97.3,1788,0.797973,0.742733,0.755773,0,0.0471405
97.4,1789,0.792469,0.745061,0.764173,0,0.0471405
97.5,1790,0.797973,0.739925,0.748573,0,0.0471405
97.6,1791,0.792469,0.735509,0.757821,0,0.0471405
97.7,1792,0.790725,0.736701,0.748581,0,0.0471405
97.8,1793,0.792461,0.751101,0.762429,0,0.0471405
97.9,1794,0.826725,0.734173,0.750629,0,0.0471405
98,1795,0.820149,0.741261,0.755773,0,0.0471405
98.1,1796,0.832917,0.730957,0.756925,0,0.0471405
98.2,1797,0.827405,0.752285,0.753317,0,0.0471405
98.3,1798,0.832917,0.735517,0.758589,0,0.0471405
98.4,1799,0.827413,0.736701,0.748581,0,0.0471405
98.5,1800,0.825669,0.751101,0.761661,0,0.0471405
98.6,1801,0.827413,0.734189,0.753125,0,0.0471405
98.7,1802,0.828181,0.742741,0.755789,0,0.0471405
98.8,1803,0.827413,0.732693,0.762429,0,0.0471405
98.9,1804,0.825669,0.736709,0.748581,0,0.0471405
99,1805,0.827413,0.751093,0.757821,0,0.0471405
99.1,1806,0.830229,0.736701,0.748581,0,0.0471405
99.2,1807,0.827413,0.738749,0.761661,0,0.0471405
99.3,1808,0.827413,0.745061,0.751381,0,0.0471405
99.4,1809,0.825661,0.742741,0.755789,0,0.0471405
99.5,1810,0.827413,0.727709,0.756925,0,0.0471405
99.6,1811,0.832917,0.697997,0.753317,0,0.0471405
99.7,1812,0.827413,0.703533,0.760325,0,0.0471405
99.8,1813,0.825661,0.719885,0.748581,0,0.0471405
99.9,1814,0.827413,0.706349,0.762429,0,0.0471405
100,1815,0.832917,0.715901,0.750613,0,0.0471405
100.1,1816,0.827413,0.710341,0.755789,0,0.0471405
100.2,1817,0.832917,0.715909,0.756925,0,0.0471405
100.3,1818,0.820165,0.697989,0.753317,0,0.0471405
100.4,1819,0.832917,0.717381,0.758589,0,0.0471405
100.5,1820,0.827413,0.708861,0.748565,0,0.0471405
100.6,1821,0.828181,0.701789,0.761677,0,0.0471405
100.7,1822,0.824901,0.719893,0.748565,0,0.0471405
100.8,1823,0.828181,0.706349,0.758605,0,0.0471405
100.9,1824,0.827413,0.719125,0.756925,0,0.0471405
101,1825,0.827413,0.697997,0.778357,0,0.0471405
101.1,1826,0.830221,0.715901,0.769029,0,0.0471405
101.2,1827,0.827413,0.710333,0.777021,0,0.0471405
101.3,1828,0.825669,0.701797,0.775373,0,0.0471405
101.4,1829,0.827405,0.718405,0.771733,0,0.0471405
101.5,1830,0.832917,0.707829,0.771109,0,0.0471405
101.6,1831,0.827413,0.733253,0.774205,0,0.0471405
101.7,1832,0.825669,0.739501,0.780877,0,0.0471405
101.8,1833,0.813893,0.734189,0.769045,0,0.0471405
101.9,1834,0.800789,0.745061,0.797661,0,0.0471405
102,1835,0.801557,0.742741,0.770621,0,0.0471405
102.1,1836,0.800789,0.757517,0.748293,0,0.0471405
102.2,1837,0.799045,0.779765,0.747541,0,0.0471405
102.3,1838,0.800789,0.769477,0.747509,0,0.0471405
102.4,1839,0.801557,0.772709,0.755501,0,0.0471405
102.5,1840,0.800789,0.773453,0.745493,0,0.0471405
102.6,1841,0.800773,0.772693,0.754605,0,0.0471405
102.7,1842,0.799037,0.773461,0.747541,0,0.0471405
102.8,1843,0.800789,0.763581,0.753557,0,0.0471405
102.9,1844,0.806293,0.775789,0.755517,0,0.0471405
103,1845,0.800789,0.773453,0.745477,0,0.0471405
103.1,1846,0.799037,0.772709,0.753837,0,0.0471405
103.2,1847,0.797733,0.773461,0.748309,0,0.0471405
103.3,1848,0.781381,0.761837,0.747525,0,0.0471405
103.4,1849,0.767157,0.779773,0.755501,0,0.0471405
103.5,1850,0.781381,0.769477,0.747525,0,0.0471405
103.6,1851,0.777397,0.772701,0.754621,0,0.0471405
103.7,1852,0.797589,0.773453,0.745477,0,0.0471405
103.8,1853,0.783845,0.772717,0.747525,0,0.0471405
103.9,1854,0.771589,0.773453,0.750357,0,0.0471405
104,1855,0.767541,0.779013,0.752685,0,0.0471405
104.1,1856,0.764325,0.745669,0.748309,0,0.0471405
104.2,1857,0.939973,0.724645,0.753837,0,0.0471405
104.3,1858,0.764325,0.760637,0.745493,0,0.0471405
104.4,1859,0.767557,0.914973,0.932325,0,0.0471405
104.5,1860,0.767013,0.745061,0.750341,0,0.0471405
104.6,1861,0.599317,0.559021,0.570701,0,0.0471405
104.7,1862,1.02073,0.853045,0.965453,0,0.0471405
104.8,1863,0.921253,0.663741,0.700733,0,0.0471405
104.9,1864,0.864685,0.670133,0.791333,0,0.0471405
105,1865,0.873221,0.645157,0.788645,0,0.0471405
105.1,1866,0.867717,0.632813,0.790693,0,0.0471405
105.2,1867,0.870405,0.656733,0.793805,0,0.0471405
105.3,1868,0.867717,0.632797,0.799821,0,0.0471405
105.4,1869,0.873221,0.645157,0.793205,0,0.0471405
105.5,1870,0.894045,0.644405,0.788645,0,0.0471405
105.6,1871,0.864909,0.645157,0.795853,0,0.0471405
105.7,1872,0.870413,0.641157,0.797005,0,0.0471405
105.8,1873,0.679381,0.491397,0.598085,0,0.0471405
105.9,1874,1.05863,0.792613,0.976405,0,0.0471405
106,1875,0.907301,0.649909,0.704405,0,0.0471405
106.1,1876,0.865725,0.623165,0.797437,0,0.0471405
106.2,1877,0.870413,0.657581,0.797077,0,0.0471405
106.3,1878,0.867597,0.622437,0.795029,0,0.0471405
106.4,1879,0.864909,0.622437,0.797077,0,0.0471405
106.5,1880,0.872157,0.646389,0.837437,0,0.0471405
106.6,1881,0.870405,0.602461,0.826205,0,0.0471405
106.7,1882,0.867597,0.605629,0.824189,0,0.0471405
106.8,1883,0.870413,0.612821,0.831397,0,0.0471405
106.9,1884,0.867597,0.593277,0.829029,0,0.0471405
107,1885,0.676693,0.457421,0.634261,0,0.0471405
107.1,1886,1.05616,0.759565,1.01613,0,0.0471405
107.2,1887,0.947549,0.678365,0.694877,0,0.0471405
107.3,1888,0.790293,0.745837,0.756269,0,0.0471405
107.4,1889,0.750661,0.726973,0.747525,0,0.0471405
107.5,1890,0.750661,0.717677,0.745477,0,0.0471405
107.6,1891,0.750661,0.724149,0.759877,0,0.0471405
107.7,1892,0.756693,0.721701,0.749453,0,0.0471405
107.8,1893,0.750661,0.723725,0.741381,0,0.0471405
107.9,1894,0.750661,0.720925,0.727813,0,0.0471405
108,1895,0.750637,0.724893,0.729093,0,0.0471405
108.1,1896,0.752133,0.711381,0.746605,0,0.0471405
108.2,1897,0.585621,0.550157,0.543109,0,0.0471405
108.3,1898,1.03643,0.867725,0.860925,0,0.0471405
108.4,1899,0.906973,0.665581,0.698013,0,0.0471405
108.5,1900,0.892237,0.577629,0.835885,0,0.0471405
108.6,1901,0.859533,0.615301,0.819309,0,0.0471405
108.7,1902,0.860317,0.601605,0.827285,0,0.0471405
108.8,1903,0.859549,0.593261,0.828861,0,0.0471405
108.9,1904,0.862365,0.605589,0.819309,0,0.0471405
109,1905,0.859549,0.612789,0.824821,0,0.0471405
109.1,1906,0.857805,0.593245,0.817261,0,0.0471405
109.2,1907,0.829885,0.605589,0.827285,0,0.0471405
109.3,1908,0.820165,0.612805,0.819309,0,0.0471405
109.4,1909,0.653381,0.436701,0.633621,0,0.0471405
109.5,1910,1.00695,0.749805,1.01456,0,0.0471405
109.6,1911,0.896853,0.676821,0.687781,0,0.0471405
109.7,1912,0.793693,0.701629,0.715293,0,0.0471405
109.8,1913,0.750661,0.695725,0.718101,0,0.0471405
109.9,1914,0.752133,0.694565,0.710557,0,0.0471405
110,1915,0.750661,0.688533,0.718917,0,0.0471405
110.1,1916,0.750645,0.695757,0.711333,0,0.0471405
110.2,1917,0.798885,0.694557,0.715293,0,0.0471405
110.3,1918,0.785605,0.688525,0.716589,0,0.0471405
110.4,1919,0.821643,0.503787,0.764963,0,0.0816497
110.5,1920,0.889883,0.461387,0.916155,0,0.0816497
110.6,1921,0.726571,0.311571,0.697187,0,0.0816497
110.7,1922,0.972261,0.744453,0.972597,0,0.0471405
110.8,1923,0.869645,0.674045,0.687517,0,0.0471405
110.9,1924,0.800413,0.692069,0.700453,0,0.0471405
111,1925,0.760437,0.677661,0.710573,0,0.0471405
111.1,1926,0.758981,0.633832,0.753035,0,0.0544331
111.2,1927,0.758981,0.563848,0.800907,0,0.0544331
111.3,1928,0.807829,0.559232,0.919059,0,0.0544331
111.4,1929,0.811813,0.603693,0.774885,0,0.0471405
111.5,1930,0.809301,0.611693,0.828925,0,0.0471405
111.6,1931,0.811989,0.626069,0.832165,0,0.0471405
111.7,1932,0.819221,0.620053,0.824189,0,0.0471405
111.8,1933,0.633253,0.458253,0.636317,0,0.0471405
111.9,1934,0.983301,0.784701,1.01616,0,0.0471405
112,1935,0.826501,0.672853,0.700829,0,0.0471405
112.1,1936,0.844293,0.610549,0.817437,0,0.0471405
112.2,1937,0.813269,0.620053,0.834213,0,0.0471405
112.3,1938,0.780629,0.624933,0.826221,0,0.0471405
112.4,1939,0.785365,0.620061,0.828925,0,0.0471405
112.5,1940,0.785365,0.624053,0.826237,0,0.0471405
112.6,1941,0.787877,0.624941,0.826237,0,0.0471405
112.7,1942,0.762949,0.591741,0.836557,0,0.0471405
112.8,1943,0.758981,0.606525,0.830205,0,0.0471405
112.9,1944,0.767685,0.603845,0.831381,0,0.0471405
113,1945,0.589509,0.442101,0.629453,0,0.0471405
113.1,1946,0.921205,0.745157,1.02853,0,0.0471405
113.2,1947,0.758957,0.733493,0.716989,0,0.0471405
113.3,1948,0.767685,0.625152,0.763859,0,0.0544331
113.4,1949,0.758957,0.638576,0.807235,0,0.0544331
113.5,1950,0.793771,0.605008,0.722925,0,0.0720082
113.6,1951,0.864987,0.598328,0.669453,0,0.0720082
113.7,1952,0.857739,0.49264,0.795165,0,0.0720082
113.8,1953,0.719733,0.4688,0.892675,0,0.0544331
113.9,1954,0.758981,0.50856,0.903867,0,0.0544331
114,1955,0.738901,0.559837,0.740685,0,0.0471405
114.1,1956,0.773157,0.600213,0.774541,0,0.0471405
114.2,1957,0.593493,0.443573,0.597837,0,0.0471405
114.3,1958,0.924469,0.625472,1.05851,0,0.0544331
114.4,1959,0.762957,0.523808,0.877867,0,0.0544331
114.5,1960,0.756469,0.566413,0.765013,0,0.0471405
114.6,1961,0.758981,0.597813,0.782357,0,0.0471405
114.7,1962,0.762965,0.543088,0.821723,0,0.0544331
114.8,1963,0.758981,0.488408,0.877859,0,0.0544331
114.9,1964,0.758981,0.50988,0.886979,0,0.0544331
115,1965,0.756469,0.600245,0.746637,0,0.0471405
115.1,1966,0.762965,0.642533,0.782357,0,0.0471405
115.2,1967,0.758973,0.521528,0.838051,0,0.0544331
115.3,1968,0.758965,0.535808,0.877867,0,0.0544331
115.4,1969,0.598213,0.398328,0.675627,0,0.0544331
115.5,1970,0.921181,0.766549,0.944893,0,0.0471405
115.6,1971,0.758957,0.758589,0.744805,0,0.0471405
115.7,1972,0.738453,0.616768,0.775187,0.0603398,0.0544331
115.8,1973,0.767677,0.553096,0.890155,0,0.0544331
115.9,1974,0.758965,0.576725,0.804605,0,0.0471405
116,1975,0.758949,0.623309,0.765141,0,0.0471405
116.1,1976,0.758957,0.613733,0.763517,0,0.0471405
116.2,1977,0.759621,0.525864,0.827571,0,0.0544331
116.3,1978,0.758957,0.52232,0.853147,0,0.0544331
116.4,1979,0.748877,0.586365,0.749397,0,0.0471405
116.5,1980,0.760453,0.616429,0.771765,0,0.0471405
116.6,1981,0.593493,0.473541,0.560773,0,0.0471405
116.7,1982,0.924469,0.719592,0.983499,0,0.0544331
116.8,1983,0.721909,0.667312,0.824091,0,0.0544331
116.9,1984,0.774963,0.573819,0.819355,0,0.0816497
117,1985,0.811403,0.587659,0.819355,0,0.0816497
117.1,1986,0.751525,0.619536,0.818587,0,0.0544331
117.2,1987,0.729157,0.560912,0.859931,0,0.0544331
117.3,1988,0.751725,0.521208,0.853147,0,0.0544331
117.4,1989,0.842091,0.406659,0.853915,0,0.0816497
117.5,1990,0.864971,0.452595,0.853139,0,0.0816497
117.6,1991,0.659504,0.570171,0.726461,0,0.0272166
117.7,1992,0.667136,0.673659,0.748189,0,0.0272166
117.8,1993,0.519088,0.517179,0.556045,0,0.0272166
117.9,1994,0.839757,0.767952,1.00003,0,0.0544331
118,1995,0.695581,0.704688,0.833859,0,0.0544331
118.1,1996,0.737427,0.593003,0.819355,0,0.0816497
118.2,1997,0.779275,0.610763,0.818587,0,0.0816497
118.3,1998,0.713861,0.645568,0.821403,0,0.0544331
118.4,1999,0.653285,0.666136,0.819355,0,0.0544331
118.5,2000,0.681437,0.652488,0.818571,0,0.0544331
118.6,2001,0.752587,0.550219,0.815827,0,0.0816497
118.7,2002,0.852043,0.549059,0.867995,0,0.0816497
118.8,2003,0.739365,0.5326,0.869531,0,0.0544331
118.9,2004,0.758981,0.58848,0.865947,0,0.0544331
1,820,0,0,0,0,0.0272166
1.5,821,0.587773,0.588091,0.878251,0,0.118634
2,822,0.495032,0.589,0.83701,0,0.0720082
2.5,823,0.544936,0.615312,0.749891,0,0.0272166
3,824,0.64501,0.466739,0.758368,0,0.0272166
3.5,825,0.537338,0.880016,0.672474,0,0.124722
4,826,0.559467,0.879061,0.561248,0,0.0471405
4.5,827,0.680952,0.641987,0.646509,0,0.0720082
5,828,0.503275,0.861888,0.638467,0,0.0471405
5.5,829,0.550541,0.663741,0.730862,0.0104512,0.0272166
6,830,0.803872,0.470907,0.689547,0.00522558,0.0720082
6.5,831,0.705107,0.498746,0.722139,0.0104512,0.0816497
7,832,0.486174,0.772989,0.698091,0,0.0942809
7.5,833,0.524749,0.769435,0.614936,0,0.0942809
8,834,0.708086,0.504613,0.735213,0,0.0720082
8.5,835,0.61625,0.872819,0.627982,0,0.141421
9,836,0.570256,0.705494,0.789018,0,0.0720082
9.5,837,0.680262,0.606702,0.618618,0,0.0272166
10,838,0.579349,0.833917,0.589965,0,0.0720082
10.5,839,0.413805,0.707669,0.79093,0,0.0816497
11,840,0.43521,0.585939,0.696187,0.0725961,0.190516
11.5,841,0.692179,0.484842,0.740402,0,0.118634
12,842,0.539075,0.511574,0.843296,0,0.0720082
12.5,843,0.656715,0.439858,0.685334,0.0079822,0.0981307
13,844,0.612042,0.685459,0.638182,0,0.0816497
13.5,845,0.589334,0.71309,0.59568,0,0.0720082
14,846,0.600867,0.514789,0.881582,0,0.124722
14.5,847,0.462157,0.44708,0.938909,0,0.0471405
15,848,0.725536,0.620379,0.564064,0,0.212568
15.5,849,0.625104,0.667798,0.631099,0,0.0816497
16,850,0.337253,0.704075,0.857149,0,0.108866
16.5,851,0.621021,0.614376,0.68163,0,0.0720082
17,852,0.547261,0.796176,0.562504,0,0.0981307
17.5,853,0.523616,0.588421,0.639651,0.0108779,0.0272166
18,854,0.636141,0.532429,0.613619,0.00522558,0.0272166
18.5,855,0.780546,0.492472,0.545325,0.0079822,0.0981307
19,856,0.49035,0.540163,0.796923,0,0.0981307
19.5,857,0.608808,0.600176,0.645486,0,0.0544331
20,858,0.680082,0.581648,0.567565,0,0.0272166
20.5,859,0.59577,0.53105,0.64852,0,0.0272166
21,860,0.598968,0.534083,0.691459,0,0.0272166
21.5,861,0.633584,0.461862,0.701598,0,0.0720082
22,862,0.60037,0.555626,0.620552,0,0.144016
22.5,863,0.691134,0.60953,0.593918,0,0.0544331
23,864,0.69876,0.443339,0.802298,0,0.0471405
23.5,865,0.501467,0.531035,0.821179,0.00603398,0.0720082
24,866,0.574603,0.591915,0.625027,0.00603398,0.124722
24.5,867,0.700843,0.521192,0.611424,0.00905097,0.0272166
25,868,0.639674,0.599491,0.642466,0.0079822,0.144016
25.5,869,0.637704,0.567762,0.67633,0,0.151535
26,870,0.538694,0.546131,0.689221,0,0.136083
26.5,871,0.561941,0.490438,0.667984,0,0.0720082
27,872,0.745038,0.464462,0.582102,0,0.0720082
27.5,873,0.464302,0.540915,0.814392,0,0.0981307
28,874,0.46828,0.487026,0.726694,0,0.124722
28.5,875,0.714701,0.438021,0.608314,0,0.124722
29,876,0.620448,0.40511,0.781627,0.00603398,0.0544331
29.5,877,0.661573,0.33797,0.776906,0,0.0272166
30,878,0.598134,0.305026,0.966054,0,0.124722
30.5,879,0.56164,0.548355,0.738917,0,0.0272166
31,880,0.45136,0.617461,0.750475,0,0
31.5,881,0.379562,0.78079,0.618515,0,0.151535
32,882,0.311157,0.785067,0.709435,0,0
32.5,883,0.532069,0.578544,0.733584,0,0.108866
33,884,0.660928,0.573618,0.563619,0,0.0942809
33.5,885,0.651979,0.617354,0.509666,0,0.0942809
34,886,0.612251,0.556475,0.620051,0,0.0471405
34.5,887,0.595219,0.46119,0.829275,0,0.0544331
35,888,0.594354,0.420918,0.777539,0.00301699,0.0544331
35.5,889,0.473654,0.436208,0.853197,0.00522558,0.0981307
36,890,0.402411,0.553957,0.822941,0,0.124722
36.5,891,0.594611,0.37708,0.910306,0,0.0544331
37,892,0.725883,0.52529,0.63005,0,0.0471405
37.5,893,0.770296,0.476466,0.578693,0,0.0816497
38,894,0.589256,0.476454,0.750245,0,0.151535
38.5,895,0.565981,0.610451,0.665082,0,0.0471405
39,896,0.576333,0.653026,0.629584,0,0.0471405
39.5,897,0.504458,0.673958,0.750942,0,0.0981307
40,898,0.634603,0.635259,0.581709,0,0.0471405
40.5,899,0.81601,0.613595,0.483051,0,0.0272166
41,900,0.619811,0.530637,0.754373,0,0.0272166
41.5,901,0.37289,0.5366,0.924515,0,0.0816497
42,902,0.680694,0.654869,0.567986,0,0.165552
42.5,903,0.772997,0.643112,0.541782,0,0.118634
43,904,0.707526,0.569806,0.628984,0.0079822,0.0272166
43.5,905,0.714027,0.559326,0.601374,0,0.136083
44,906,0.666626,0.567386,0.646318,0,0.0544331
44.5,907,0.85996,0.384995,0.704419,0,0.0272166
45,908,0.864242,0.337813,0.697781,0,0.178471
45.5,909,0.642766,0.38824,0.829928,0,0.124722
46,910,0.63953,0.41379,0.797155,0,0.0272166
46.5,911,0.506864,0.537421,1.02127,0,0.0981307
47,912,0.76423,0.376072,0.711414,0,0.0272166
47.5,913,0.743248,0.342358,0.693427,0,0.0471405
48,914,0.70624,0.579493,0.540622,0.00301699,0.165552
48.5,915,0.670637,0.610158,0.66205,0,0.0471405
49,916,0.694686,0.616435,0.666808,0,0.0981307
49.5,917,0.591778,0.496683,0.93755,0,0.178471
50,918,0.516251,0.448157,0.789302,0,0.0981307
50.5,919,0.480555,0.530626,0.713723,0,0.0981307
51,920,0.405378,0.553397,0.794555,0,0.0816497
51.5,921,0.593371,0.672586,0.639872,0,0.0720082
52,922,0.623806,0.567358,0.711912,0,0.0544331
52.5,923,0.539904,0.552602,0.769438,0,0.0942809
53,924,0.40025,0.716648,0.884373,0,0.0720082
53.5,925,0.504514,0.677378,0.706962,0,0.0471405
54,926,0.585035,0.584272,0.677374,0,0.124722
54.5,927,0.553123,0.662168,0.638126,0.00522558,0.0544331
55,928,0.554539,0.503696,0.860613,0.0079822,0.118634
55.5,929,0.564726,0.364661,0.868979,0,0.0544331
56,930,0.528309,0.384608,0.894878,0.0290948,0.0544331
56.5,931,0.480269,0.565072,0.794754,0,0.0471405
57,932,0.52692,0.658022,0.627965,0,0
57.5,933,0.534746,0.568242,0.786427,0,0.0544331
58,934,0.572979,0.47091,0.865674,0,0.0272166
58.5,935,0.468805,0.588666,0.822429,0,0.0272166
1,937,0,0,0,0,0.0272166
1.5,938,0.628072,0.557987,0.775438,0,0.0272166
2,939,0.548101,0.668149,0.796606,0,0.0816497
2.5,940,0.551182,0.707792,0.763165,0,0.0272166
3,941,0.57389,0.682846,0.723478,0,0.0471405
3.5,942,0.539837,0.559374,0.819587,0,0.165552
4,943,0.535427,0.653061,0.76641,0,0.0471405
4.5,944,0.620659,0.534395,0.892226,0,0.0544331
5,945,0.699456,0.539896,0.748483,0,0.0544331
5.5,946,0.427838,0.766571,0.830501,0,0.0720082
6,947,0.510651,0.701762,0.826235,0,0.0720082
6.5,948,0.648211,0.526613,0.885971,0,0.0544331
7,949,0.554733,0.58129,0.739406,0.0108779,0.0720082
7.5,950,0.689962,0.561965,0.614307,0,0.108866
8,951,0.767192,0.615442,0.50485,0,0.0720082
8.5,952,0.460915,0.591018,0.904635,0,0.0544331
9,953,0.387424,0.60969,0.898792,0,0.0544331
9.5,954,0.541198,0.565654,0.725162,0,0.0471405
10,955,0.358677,0.481578,1.01052,0,0.0471405
10.5,956,0.262099,0.782435,0.774685,0,0.165552
11,957,0.443565,0.513686,0.862422,0.0104512,0.178471
11.5,958,0.480899,0.86856,0.563666,0,0.118634
12,959,0.342056,0.707528,0.906837,0.00603398,0.0544331
12.5,960,0.39849,0.528512,1.00613,0,0.0981307
13,961,0.550432,0.453088,1.05131,0,0.0942809
13.5,962,0.642939,0.492662,0.799736,0,0.0720082
14,963,0.52595,0.632302,0.628099,0,0.144016
14.5,964,0.309525,0.674371,0.670571,0,0.0942809
15,965,0.436162,0.594018,0.714965,0,0.0942809
15.5,966,0.583682,0.642022,0.580318,0,0.118634
16,967,0.524245,0.65045,0.718987,0,0.0272166
16.5,968,0.454238,0.575848,0.826592,0,0.0272166
17,969,0.659538,0.498442,0.740122,0,0.0720082
17.5,970,0.65263,0.502184,0.679136,0.0079822,0.0981307
18,971,0.650698,0.507806,0.625253,0,0.0272166
18.5,972,0.788214,0.371416,0.595878,0,0.108866
19,973,0.611747,0.541008,0.687542,0,0.0720082
19.5,974,0.536301,0.528954,0.789165,0,0.124722
20,975,0.580123,0.463861,0.696722,0,0.0816497
20.5,976,0.523459,0.61543,0.648427,0,0.0816497
21,977,0.504539,0.638186,0.568285,0,0.0544331
21.5,978,0.635024,0.585238,0.599926,0,0.0720082
22,979,0.684958,0.61279,0.488658,0,0.0816497
22.5,980,0.611347,0.734118,0.473366,0,0.0981307
23,981,0.572581,0.582752,0.644795,0.0079822,0.124722
23.5,982,0.564088,0.449038,0.747789,0,0.124722
24,983,0.432851,0.523714,0.924622,0,0.124722
24.5,984,0.347379,0.735198,0.672237,0,0.0272166
25,985,0.58563,0.636102,0.556085,0,0.118634
25.5,986,0.765272,0.371818,0.754926,0,0.0471405
26,987,0.672245,0.415195,0.728902,0,0
26.5,988,0.443803,0.563658,0.662114,0,0
27,989,0.549307,0.586824,0.62392,0,0.0272166
27.5,990,0.577789,0.517467,0.724146,0,0.0816497
28,991,0.434419,0.591019,0.635835,0,0.0816497
28.5,992,0.539838,0.473531,0.701709,0,0.196261
29,993,0.633278,0.491501,0.636342,0,0.0816497
29.5,994,0.767304,0.511678,0.521461,0,0.151535
30,995,0.554011,0.463974,0.74849,0.00905097,0.0720082
30.5,996,0.558114,0.495517,0.724731,0.00301699,0.141421
31,997,0.626891,0.563549,0.594229,0.00603398,0.0544331
31.5,998,0.546294,0.469694,0.81087,0,0.144016
32,999,0.377566,0.433293,0.888235,0,0.138886
32.5,1000,0.518691,0.449488,0.78117,0,0.0816497
33,1001,0.695557,0.510766,0.609579,0,0.0471405
33.5,1002,0.664158,0.614802,0.524811,0,0.163299
34,1003,0.427203,0.560146,0.771947,0,0.144016
34.5,1004,0.575046,0.582157,0.607555,0,0.169967
35,1005,0.652501,0.668269,0.522354,0,0.0544331
35.5,1006,0.609386,0.601101,0.5942,0.0108779,0.0272166
36,1007,0.607936,0.492474,0.717443,0,0.0981307
36.5,1008,0.56797,0.551358,0.684054,0.00603398,0.0942809
37,1009,0.519563,0.596499,0.712694,0,0.0272166
37.5,1010,0.650251,0.605496,0.603186,0,0.0720082
38,1011,0.536456,0.630181,0.750298,0,0.0272166
38.5,1012,0.66632,0.612598,0.655326,0,0.0471405
39,1013,0.609957,0.546258,0.731835,0,0.118634
39.5,1014,0.531864,0.542917,0.778792,0,0.0720082
40,1015,0.577755,0.583022,0.646574,0,0.0471405
40.5,1016,0.49332,0.614642,0.709842,0,0.108866
41,1017,0.476522,0.608051,0.767886,0.00301699,0.0471405
41.5,1018,0.509075,0.549312,0.878589,0.0108779,0.0720082
42,1019,0.842406,0.333582,0.715392,0.0079822,0.144016
42.5,1020,0.590902,0.469678,0.785149,0,0.124722
43,1021,0.450003,0.53535,0.885149,0.00603398,0.0471405
43.5,1022,0.425237,0.564158,0.903275,0,0.0981307
44,1023,0.587894,0.626072,0.66337,0,0.0272166
44.5,1024,0.766826,0.446619,0.632533,0,0.0471405
45,1025,0.600843,0.555501,0.658914,0,0.0471405
45.5,1026,0.564875,0.610722,0.679427,0,0.151535
46,1027,0.554237,0.53955,0.819336,0,0.0272166
46.5,1028,0.548232,0.391,0.70371,0,0.0272166
47,1029,0.552454,0.392579,0.696794,0,0.0544331
47.5,1030,0.659725,0.554238,0.617182,0.0104512,0.0544331
48,1031,0.668416,0.66197,0.581974,0,0.165552
48.5,1032,0.712776,0.61117,0.545411,0,0.0471405
49,1033,0.625237,0.548096,0.709306,0,0.144016
49.5,1034,0.505291,0.58424,0.859747,0,0.0272166
50,1035,0.666422,0.641198,0.685443,0,0.124722
50.5,1036,0.619082,0.495658,0.802197,0,0.0272166
51,1037,0.45777,0.521928,0.859437,0,0.108866
51.5,1038,0.490421,0.602554,0.776133,0,0.0272166
52,1039,0.516139,0.551758,0.719691,0,0.0720082
52.5,1040,0.486813,0.451258,0.938944,0,0.0720082
53,1041,0.628019,0.320659,0.893941,0,0.0471405
53.5,1042,0.692746,0.318893,0.810342,0,0.0272166
54,1043,0.673341,0.573898,0.633974,0.00603398,0.0272166
54.5,1044,0.645032,0.649357,0.566853,0,0.0544331
55,1045,0.74205,0.427888,0.747602,0,0.124722
55.5,1046,0.640144,0.363781,0.915013,0,0.0720082
56,1047,0.689088,0.486805,0.769216,0,0.0272166
56.5,1048,0.862026,0.599125,0.524506,0,0.0544331
57,1049,0.706373,0.461509,0.755397,0,0.0272166
57.5,1050,0.520379,0.494635,0.805618,0,0.0981307
58,1051,0.638398,0.584765,0.659213,0,0.0720082
58.5,1052,0.61129,0.662067,0.587808,0,0.0720082
1,1054,0,0,0,0,0.0272166
1.5,1055,0.683315,0.666728,0.62148,0,0.0720082
2,1056,0.718494,0.591794,0.664187,0,0.0942809
2.5,1057,0.709054,0.679963,0.563869,0,0.0981307
3,1058,0.65269,0.631661,0.828936,0,0.0816497
3.5,1059,0.631944,0.564189,0.936581,0,0.0720082
4,1060,0.544672,0.593592,0.920757,0,0.0720082
4.5,1061,0.534214,0.798286,0.71763,0,0.0471405
5,1062,0.615944,0.509037,0.762342,0,0.0720082
5.5,1063,0.583013,0.738318,0.66904,0,0.0942809
6,1064,0.64396,0.652218,0.884958,0,0.0544331
6.5,1065,0.528886,0.599043,0.901006,0.0104512,0.0720082
7,1066,0.524451,0.628718,0.689658,0.0104512,0.188562
7.5,1067,0.519603,0.642883,0.723525,0,0.0544331
8,1068,0.410619,0.789165,0.686944,0,0.0720082
8.5,1069,0.564899,0.65849,0.68181,0.012068,0.0720082
9,1070,0.66493,0.410544,0.805032,0,0.0272166
9.5,1071,0.632958,0.467134,0.787282,0,0.0272166
10,1072,0.649195,0.599197,0.670293,0,0
10.5,1073,0.690634,0.522837,0.775968,0,0.0272166
11,1074,0.502805,0.711974,0.735427,0.00603398,0.0942809
11.5,1075,0.617373,0.539389,0.636669,0.00603398,0.20548
12,1076,0.643926,0.464371,0.784768,0,0.0981307
12.5,1077,0.459965,0.545928,0.884592,0,0
13,1078,0.567382,0.62469,0.681742,0.0159644,0.0272166
13.5,1079,0.52877,0.58867,0.735912,0,0.141421
14,1080,0.654456,0.419456,0.776909,0,0.0942809
14.5,1081,0.64687,0.630837,0.632496,0,0.108866
15,1082,0.609296,0.689075,0.593766,0,0.0720082
15.5,1083,0.574773,0.600995,0.760301,0,0.0720082
16,1084,0.559002,0.585069,0.731685,0,0.0471405
16.5,1085,0.568605,0.593997,0.745398,0,0.0471405
17,1086,0.401106,0.628406,0.83609,0,0.0471405
17.5,1087,0.375267,0.693146,0.732176,0.0108779,0.0471405
18,1088,0.560738,0.590898,0.668171,0,0.0981307
18.5,1089,0.620834,0.602618,0.628402,0,0.0720082
19,1090,0.41604,0.74857,0.738859,0,0.144016
19.5,1091,0.464373,0.724638,0.690336,0,0.0816497
20,1092,0.472496,0.474139,1.0053,0,0.0942809
20.5,1093,0.497576,0.542274,0.77713,0,0.169967
21,1094,0.646677,0.519304,0.619266,0,0.0544331
21.5,1095,0.531587,0.638187,0.619589,0,0.0272166
22,1096,0.507573,0.622506,0.588469,0,0.0816497
22.5,1097,0.663827,0.447147,0.578008,0,0.0981307
23,1098,0.560525,0.504482,0.598491,0.00905097,0.0720082
23.5,1099,0.694592,0.480917,0.549888,0.00522558,0.108866
24,1100,0.631677,0.544344,0.559245,0,0.196261
24.5,1101,0.539174,0.600986,0.683187,0,0.0981307
25,1102,0.640915,0.602989,0.634376,0.00603398,0
25.5,1103,0.42893,0.62304,0.830787,0,0.151535
26,1104,0.397688,0.518714,0.859998,0,0.0544331
26.5,1105,0.674938,0.315531,0.751712,0.0446474,0.0544331
27,1106,0.675578,0.549021,0.540074,0,0.0544331
27.5,1107,0.58976,0.666397,0.419987,0.137893,0.0720082
28,1108,0.566371,0.568421,0.758019,0,0.118634
28.5,1109,0.428365,0.476744,0.860675,0,0.0272166
29,1110,0.418074,0.520886,0.669555,0.0941088,0.0471405
29.5,1111,0.805072,0.502952,0.603173,0.0079822,0.118634
30,1112,0.531517,0.631789,0.650003,0.00522558,0.144016
30.5,1113,0.382547,0.661003,0.819674,0,0.151535
31,1114,0.468606,0.555544,0.86955,0.0108779,0.0544331
31.5,1115,0.495635,0.567571,0.767538,0,0.0981307
32,1116,0.72177,0.573011,0.590979,0,0.0471405
32.5,1117,0.628101,0.455989,0.837566,0,0.124722
33,1118,0.681875,0.474941,0.772264,0,0.0544331
33.5,1119,0.686746,0.581341,0.622843,0,0.0544331
34,1120,0.745413,0.506488,0.569445,0,0.0544331
34.5,1121,0.662149,0.54131,0.529752,0,0.0471405
35,1122,0.524078,0.586453,0.730922,0,0.0544331
35.5,1123,0.573645,0.378259,0.917784,0,0.0544331
36,1124,0.665066,0.425042,0.717203,0.0108779,0.0471405
36.5,1125,0.529661,0.590813,0.68432,0,0.0720082
37,1126,0.609224,0.516715,0.694638,0.00603398,0.0471405
37.5,1127,0.680475,0.539245,0.637997,0,0.0720082
38,1128,0.713973,0.497502,0.656616,0,0.0816497
38.5,1129,0.624867,0.491773,0.738499,0,0.0272166
39,1130,0.621782,0.576779,0.553606,0,0.0272166
39.5,1131,0.527058,0.60848,0.725272,0,0.0720082
40,1132,0.624762,0.577915,0.619112,0,0.0272166
40.5,1133,0.54315,0.614682,0.666973,0,0.0471405
41,1134,0.597888,0.40823,0.797251,0,0.0471405
41.5,1135,0.515464,0.450395,0.873072,0,0.0272166
42,1136,0.460646,0.762864,0.54948,0,0.196261
42.5,1137,0.579158,0.434589,0.739898,0,0.0816497
43,1138,0.435528,0.478123,0.777784,0.0079822,0
43.5,1139,0.583885,0.54168,0.71744,0,0.0272166
44,1140,0.686923,0.58824,0.631888,0,0.0816497
44.5,1141,0.670155,0.639405,0.550784,0,0.0720082
45,1142,0.763757,0.502122,0.546122,0,0.0720082
45.5,1143,0.516774,0.783069,0.601211,0,0.144016
46,1144,0.543083,0.506605,0.913766,0,0.124722
46.5,1145,0.518891,0.328318,0.787723,0.0695872,0.124722
47,1146,0.599189,0.670106,0.58871,0.00603398,0.144016
47.5,1147,0.519176,0.649866,0.745595,0.0104512,0.0720082
48,1148,0.580856,0.574043,0.679413,0,0.0981307
48.5,1149,0.624648,0.572483,0.744869,0.0104512,0.0720082
49,1150,0.516835,0.613987,0.859464,0,0.144016
49.5,1151,0.454571,0.614411,0.873285,0,0.118634
50,1152,0.590754,0.551539,0.710696,0,0.0981307
50.5,1153,0.711558,0.405907,0.759792,0,0.0272166
51,1154,0.583802,0.556702,0.715218,0,0.0272166
51.5,1155,0.477757,0.617974,0.792299,0,0.151535
52,1156,0.380621,0.659859,0.79011,0,0.136083
52.5,1157,0.730717,0.552096,0.624392,0,0.0720082
53,1158,0.666915,0.575398,0.713861,0.00522558,0.0272166
53.5,1159,0.586618,0.568088,0.83685,0.00603398,0.0981307
54,1160,0.560965,0.732162,0.558506,0.00522558,0.0544331
54.5,1161,0.529912,0.578971,0.88203,0,0.124722
55,1162,0.648294,0.510411,0.791755,0,0.124722
55.5,1163,0.646739,0.618798,0.586483,0,0.0272166
56,1164,0.551781,0.633187,0.649899,0,0.0272166
56.5,1165,0.680059,0.621642,0.6566,0,0.0981307
57,1166,0.595261,0.562442,0.815342,0,0.0720082
57.5,1167,0.460872,0.661834,0.761717,0,0.0720082
58,1168,0.571885,0.603899,0.674208,0,0.0720082
58.5,1169,0.578418,0.531395,0.795128,0,0.0544331
1,1171,0,0,0,0,0.0272166
1.5,1172,0.628626,0.705595,0.77932,0,0.0720082
2,1173,0.659514,0.687798,0.673405,0,0.124722
2.5,1174,0.596661,0.655723,0.777344,0,0.0942809
3,1175,0.683298,0.71391,0.611619,0,0.0272166
3.5,1176,0.607874,0.707373,0.72351,0,0.0471405
4,1177,0.577024,0.587314,0.803331,0,0.0272166
4.5,1178,0.519754,0.699752,0.829512,0,0.0471405
5,1179,0.535861,0.789645,0.654854,0,0.0544331
5.5,1180,0.540026,0.660578,0.778456,0,0.118634
6,1181,0.325518,0.79099,0.84569,0,0.0471405
6.5,1182,0.50868,0.653608,0.721461,0,0.0544331
7,1183,0.632643,0.581002,0.730093,0.00905097,0.0471405
7.5,1184,0.660154,0.57291,0.668488,0,0.144016
8,1185,0.612133,0.575155,0.733328,0,0.0816497
8.5,1186,0.574818,0.60188,0.793254,0,0.0544331
9,1187,0.587752,0.63949,0.697104,0,0.0816497
9.5,1188,0.615531,0.588914,0.719718,0,0
10,1189,0.703758,0.463621,0.811653,0,0.0272166
10.5,1190,0.638213,0.558843,0.710243,0,0.0720082
11,1191,0.479666,0.799786,0.618306,0,0.0720082
11.5,1192,0.420704,0.784445,0.645635,0.0104512,0.0720082
12,1193,0.735822,0.488683,0.735848,0.0131507,0.0981307
12.5,1194,0.557288,0.582926,0.775294,0.0079822,0.178471
13,1195,0.359731,0.716166,0.784838,0,0.0816497
13.5,1196,0.502891,0.589448,0.776294,0,0.0544331
14,1197,0.611221,0.576874,0.620483,0,0.0544331
14.5,1198,0.617118,0.733488,0.582853,0,0.0720082
15,1199,0.640837,0.677598,0.559008,0,0.0720082
15.5,1200,0.66723,0.4918,0.751696,0,0.0544331
16,1201,0.504029,0.603219,0.722517,0,0.141421
16.5,1202,0.640926,0.533077,0.606006,0,0.0471405
17,1203,0.571565,0.505357,0.649781,0,0.0272166
17.5,1204,0.570882,0.531806,0.62615,0.00603398,0.124722
18,1205,0.700014,0.574938,0.591542,0,0.0544331
18.5,1206,0.52036,0.839083,0.593803,0,0.178471
19,1207,0.537747,0.661378,0.64349,0.012068,0.0720082
19.5,1208,0.611707,0.69327,0.516411,0,0.0720082
20,1209,0.658818,0.526408,0.715603,0,0.0720082
20.5,1210,0.655677,0.561861,0.633952,0,0.190516
21,1211,0.527275,0.608006,0.621211,0,0.124722
21.5,1212,0.443906,0.749702,0.613074,0,0.0816497
22,1213,0.696245,0.670014,0.452669,0,0.0544331
22.5,1214,0.582195,0.557454,0.652566,0,0.118634
23,1215,0.530043,0.481104,0.765304,0,0.0272166
23.5,1216,0.574216,0.434661,0.791658,0.00301699,0.0981307
24,1217,0.60855,0.47299,0.765314,0.00522558,0.108866
24.5,1218,0.601627,0.532432,0.67156,0,0.169967
25,1219,0.567946,0.616432,0.601267,0,0.0816497
25.5,1220,0.61369,0.50371,0.748205,0,0.0942809
26,1221,0.448962,0.588366,0.829515,0,0.0471405
26.5,1222,0.361856,0.800541,0.613458,0,0.0720082
27,1223,0.667384,0.586414,0.533346,0,0.190516
27.5,1224,0.812267,0.343354,0.658154,0,0.0272166
28,1225,0.63249,0.517822,0.636453,0,0.0272166
28.5,1226,0.63148,0.697779,0.493646,0,0.0544331
29,1227,0.493114,0.621686,0.685414,0,0.0816497
29.5,1228,0.455653,0.564376,0.731856,0.0079822,0.0981307
30,1229,0.629074,0.534621,0.659067,0,0.0471405
30.5,1230,0.513389,0.516242,0.835883,0,0.0720082
31,1231,0.54161,0.593488,0.753443,0,0.0544331
31.5,1232,0.691797,0.695373,0.488038,0,0.0720082
32,1233,0.580142,0.691573,0.589813,0,0.141421
32.5,1234,0.619509,0.58743,0.59736,0,0.0720082
33,1235,0.567878,0.587046,0.774723,0,0.0544331
33.5,1236,0.434496,0.686069,0.845227,0,0.136083
34,1237,0.467589,0.422675,0.816557,0.134789,0.0544331
34.5,1238,0.459275,0.630589,0.650979,0,0.124722
35,1239,0.711778,0.66313,0.44739,0,0.118634
35.5,1240,0.671365,0.561693,0.618341,0,0.0816497
36,1241,0.558635,0.614722,0.637333,0,0.0471405
36.5,1242,0.633998,0.519565,0.686115,0,0.0272166
37,1243,0.652869,0.549994,0.701931,0,0.0816497
37.5,1244,0.481534,0.648218,0.70748,0,0.0272166
38,1245,0.594272,0.572368,0.653467,0,0.0981307
38.5,1246,0.57927,0.476198,0.756802,0,0.0272166
39,1247,0.625061,0.595603,0.572035,0,0.0981307
39.5,1248,0.658235,0.644923,0.521934,0,0.0720082
40,1249,0.580568,0.545218,0.81005,0,0.0544331
40.5,1250,0.437936,0.626302,0.628434,0,0.118634
41,1251,0.419462,0.551742,0.708229,0.0935267,0.0544331
41.5,1252,0.525262,0.506622,0.80537,0,0.0272166
42,1253,0.366416,0.56995,0.83007,0.0573228,0.0272166
42.5,1254,0.418005,0.590597,0.707174,0.00603398,0.216025
43,1255,0.646178,0.559227,0.574213,0.00603398,0.108866
43.5,1256,0.741883,0.53576,0.506883,0,0.0544331
44,1257,0.619528,0.527248,0.680294,0,0.0272166
44.5,1258,0.436467,0.642698,0.724061,0,0.0720082
45,1259,0.587704,0.604362,0.668488,0,0.0720082
45.5,1260,0.598304,0.578144,0.710672,0,0.0720082
46,1261,0.76499,0.429854,0.63372,0,0.0272166
46.5,1262,0.628555,0.317507,0.971725,0,0.108866
47,1263,0.583488,0.478824,0.810606,0,0.0544331
47.5,1264,0.54692,0.586698,0.762266,0,0
48,1265,0.553875,0.509139,0.790747,0.0079822,0.108866
48.5,1266,0.640037,0.557592,0.616762,0,0.0981307
49,1267,0.732802,0.574574,0.506469,0,0.124722
49.5,1268,0.522261,0.605814,0.796189,0,0.124722
50,1269,0.492882,0.603602,0.864232,0,0.124722
50.5,1270,0.653846,0.588666,0.69043,0,0.0272166
51,1271,0.697299,0.491843,0.696357,0,0.0272166
51.5,1272,0.582368,0.464368,0.854902,0,0.0272166
52,1273,0.737754,0.353221,0.772744,0,0
52.5,1274,0.710485,0.468,0.654461,0,0.0272166
53,1275,0.66049,0.684406,0.583411,0,0.0272166
53.5,1276,0.802133,0.580024,0.567357,0.00603398,0.0720082
54,1277,0.52307,0.543886,0.824482,0.00905097,0.178471
54.5,1278,0.511362,0.61248,0.712306,0,0.0942809
55,1279,0.469795,0.647803,0.752816,0.0079822,0.0720082
55.5,1280,0.573376,0.635189,0.597765,0,0.108866
56,1281,0.619339,0.594931,0.654896,0,0.118634
56.5,1282,0.614154,0.573611,0.662533,0,0.0720082
57,1283,0.525435,0.551282,0.758478,0,0.0720082
57.5,1284,0.460008,0.613494,0.769125,0,0.0981307
58,1285,0.680005,0.409224,0.758286,0,0.0471405
58.5,1286,0.646944,0.670965,0.609066,0,0.178471
1,1288,0,0,0,0,0.0272166
1.5,1289,0.653638,0.633923,0.755083,0,0.118634
2,1290,0.583803,0.576587,0.859389,0,0.0720082
2.5,1291,0.578901,0.596154,0.767082,0,0
3,1292,0.523189,0.753578,0.764707,0,0.0272166
3.5,1293,0.539202,0.72609,0.750147,0,0.0720082
4,1294,0.531507,0.469093,1.01937,0,0.0816497
4.5,1295,0.548099,0.540179,0.876357,0,0.0272166
5,1296,0.729928,0.529595,0.736845,0,0.0471405
5.5,1297,0.670525,0.681322,0.654299,0,0.144016
6,1298,0.663541,0.616048,0.602822,0.0104512,0.124722
6.5,1299,0.679682,0.770834,0.537421,0,0.141421
7,1300,0.676418,0.570496,0.907762,0,0.0272166
7.5,1301,0.609067,0.610381,0.821923,0,0.124722
8,1302,0.607176,0.678229,0.648819,0,0.144016
8.5,1303,0.520178,0.756232,0.73305,0,0.118634
9,1304,0.570096,0.553387,0.848598,0,0.0544331
9.5,1305,0.623962,0.48607,0.852363,0,0.0720082
10,1306,0.487034,0.554597,0.81947,0,0.0720082
10.5,1307,0.623728,0.45013,0.72311,0,0.0720082
11,1308,0.671771,0.768126,0.571683,0,0.0471405
11.5,1309,0.634757,0.757027,0.512122,0.00603398,0.0544331
12,1310,0.545483,0.57867,0.76953,0.012068,0.163299
12.5,1311,0.635562,0.559224,0.687643,0.00603398,0.169967
13,1312,0.687862,0.566203,0.545331,0,0.0272166
13.5,1313,0.616709,0.64413,0.624142,0,0.0544331
14,1314,0.58036,0.560594,0.743149,0,0.0720082
14.5,1315,0.629307,0.559475,0.696083,0,0.0272166
15,1316,0.599776,0.53207,0.844698,0,0.108866
15.5,1317,0.569851,0.686904,0.698523,0,0.0981307
16,1318,0.590834,0.78627,0.518086,0,0.0720082
16.5,1319,0.611797,0.619971,0.590933,0,0.0544331
17,1320,0.579501,0.586565,0.709875,0,0.0720082
17.5,1321,0.547062,0.61335,0.642765,0,0.0720082
18,1322,0.666962,0.522555,0.650571,0,0.0720082
18.5,1323,0.626232,0.643603,0.567197,0.00603398,0.0272166
19,1324,0.58787,0.603173,0.711322,0,0.0981307
19.5,1325,0.40439,0.580275,0.851589,0,0.0544331
20,1326,0.628501,0.495189,0.697395,0,0.0981307
20.5,1327,0.676923,0.577467,0.583802,0,0.118634
21,1328,0.634688,0.561294,0.555749,0,0.0816497
21.5,1329,0.593792,0.59631,0.59092,0,0.0471405
22,1330,0.675158,0.51377,0.544499,0,0.0544331
22.5,1331,0.556213,0.633126,0.552576,0,0.0544331
23,1332,0.722586,0.470509,0.57965,0.0079822,0.0544331
23.5,1333,0.742867,0.64039,0.449282,0,0.144016
24,1334,0.665998,0.621485,0.50089,0,0.0942809
24.5,1335,0.61731,0.463237,0.767859,0.00301699,0.178471
25,1336,0.604142,0.507816,0.751018,0,0.118634
25.5,1337,0.534944,0.610363,0.680688,0,0.108866
26,1338,0.425594,0.623157,0.67548,0,0.0471405
26.5,1339,0.610512,0.574968,0.639174,0,0.108866
27,1340,0.506718,0.585107,0.734806,0,0.0720082
27.5,1341,0.543955,0.543654,0.67747,0,0.0720082
28,1342,0.477234,0.608816,0.772027,0,0.0272166
28.5,1343,0.608816,0.585355,0.63655,0,0.0272166
29,1344,0.723666,0.442957,0.61465,0,0.0720082
29.5,1345,0.651376,0.433917,0.640347,0,0.0720082
30,1346,0.542227,0.636784,0.626582,0,0.0272166
30.5,1347,0.52447,0.585941,0.821942,0,0.144016
31,1348,0.463976,0.509254,0.807203,0,0.0720082
31.5,1349,0.625562,0.54961,0.607802,0,0.144016
32,1350,0.580074,0.584582,0.624814,0,0.0942809
32.5,1351,0.660709,0.52391,0.639613,0,0.0471405
33,1352,0.60309,0.544571,0.697874,0,0.0720082
33.5,1353,0.631118,0.459826,0.71967,0,0.0471405
34,1354,0.543861,0.544125,0.780315,0,0.0720082
34.5,1355,0.456976,0.647218,0.817062,0,0.108866
35,1356,0.508813,0.57052,0.775138,0,0.0816497
35.5,1357,0.564733,0.599163,0.714256,0,0.0471405
36,1358,0.503235,0.60257,0.815106,0,0.0471405
36.5,1359,0.564234,0.54348,0.73779,0.012068,0.0471405
37,1360,0.590142,0.541773,0.667034,0,0.0544331
37.5,1361,0.526914,0.636242,0.674512,0,0.0544331
38,1362,0.515406,0.638498,0.629483,0,0.0942809
38.5,1363,0.551816,0.526395,0.672302,0,0
39,1364,0.558034,0.419042,0.731267,0,0.0471405
39.5,1365,0.611024,0.43893,0.581822,0,0
40,1366,0.577462,0.555946,0.69224,0,0.0544331
40.5,1367,0.52392,0.565606,0.675624,0,0.0471405
41,1368,0.590478,0.47252,0.683202,0,0.0272166
41.5,1369,0.558387,0.65095,0.627256,0.00522558,0
42,1370,0.47772,0.6642,0.817597,0,0.169967
42.5,1371,0.618696,0.498851,0.820274,0,0.169967
43,1372,0.553526,0.541963,0.859493,0,0.190516
43.5,1373,0.480926,0.395286,0.977018,0,0.163299
44,1374,0.55124,0.455834,0.669357,0,0.188562
44.5,1375,0.567997,0.57433,0.58936,0,0.0981307
45,1376,0.647426,0.559203,0.653482,0,0.0544331
45.5,1377,0.55301,0.567381,0.718589,0,0.0720082
46,1378,0.503773,0.616328,0.74059,0,0.0471405
46.5,1379,0.452803,0.650366,0.66527,0,0.0720082
47,1380,0.570893,0.523278,0.700326,0,0.0816497
47.5,1381,0.580688,0.526933,0.768294,0,0.0272166
48,1382,0.689595,0.431768,0.661045,0.00603398,0.0981307
48.5,1383,0.48592,0.505264,0.719941,0.0079822,0.216025
49,1384,0.502062,0.554085,0.682146,0.00603398,0.217732
49.5,1385,0.640397,0.593538,0.571533,0,0.0471405
50,1386,0.64232,0.481411,0.681389,0,0.0471405
50.5,1387,0.578195,0.384074,0.750018,0,0.0720082
51,1388,0.650685,0.540146,0.656382,0,0.0471405
51.5,1389,0.57711,0.616386,0.703819,0,0.0471405
52,1390,0.652467,0.596605,0.58841,0,0
52.5,1391,0.578597,0.670085,0.571811,0,0
53,1392,0.511389,0.623331,0.742696,0,0.0544331
53.5,1393,0.563408,0.626419,0.671256,0,0.0272166
54,1394,0.490723,0.719965,0.710853,0,0.0981307
54.5,1395,0.396861,0.754702,0.785851,0.0108779,0.0471405
55,1396,0.543546,0.416563,0.880534,0,0.0544331
55.5,1397,0.690155,0.277227,0.858352,0,0.0544331
56,1398,0.578994,0.49636,0.809754,0,0.0942809
56.5,1399,0.635504,0.659437,0.580923,0,0.0162553
57,1400,0.529827,0.747251,0.710706,0,0.0981307
57.5,1401,0.436934,0.609762,0.922595,0,0.0720082
58,1402,0.402426,0.644427,0.86244,0,0.0272166
58.5,1403,0.496618,0.58843,0.797272,0,0.0720082
1,1405,0,0,0,0,0.0272166
1.5,1406,0.679291,0.724717,0.702989,0,0.0544331
2,1407,0.747213,0.646069,0.673643,0,0.0720082
2.5,1408,0.568218,0.679899,0.84393,0,0.0816497
3,1409,0.62037,0.557637,0.764539,0,0.124722
3.5,1410,0.376899,0.717198,0.813574,0,0.118634
4,1411,0.452763,0.707717,0.640611,0,0.212568
4.5,1412,0.547549,0.740357,0.66056,0,0.0471405
5,1413,0.746418,0.679915,0.564237,0,0.0471405
5.5,1414,0.588514,0.687818,0.79405,0,0.0816497
6,1415,0.400581,0.708419,0.908357,0,0.0720082
6.5,1416,0.453578,0.603269,0.796198,0,0.0272166
7,1417,0.731139,0.422526,0.746142,0,0.190516
7.5,1418,0.74933,0.61123,0.599627,0,0.118634
8,1419,0.528299,0.688477,0.766755,0,0.0981307
8.5,1420,0.56273,0.616141,0.71804,0,0.0272166
9,1421,0.654696,0.59687,0.631429,0,0.0816497
9.5,1422,0.592827,0.615165,0.611502,0,0.0471405
10,1423,0.650202,0.537182,0.742501,0,0.0544331
10.5,1424,0.688093,0.391328,0.829856,0,0.0720082
11,1425,0.523158,0.603054,0.775848,0.0079822,0.0720082
11.5,1426,0.545938,0.50961,0.845589,0,0
12,1427,0.614717,0.606758,0.662531,0.0079822,0.0720082
12.5,1428,0.602702,0.53623,0.77129,0,0.118634
13,1429,0.569264,0.77401,0.618813,0.012068,0.0544331
13.5,1430,0.634443,0.669726,0.729837,0.0108779,0.118634
14,1431,0.742736,0.442246,0.778699,0,0.144016
14.5,1432,0.599538,0.53551,0.696938,0,0.152066
15,1433,0.38444,0.66096,0.662587,0,0.0272166
15.5,1434,0.515275,0.577238,0.794946,0,0.0544331
16,1435,0.763256,0.399707,0.771365,0,0.0471405
16.5,1436,0.652918,0.542878,0.646293,0.00301699,0.0471405
17,1437,0.461326,0.672557,0.632853,0.0257772,0.0981307
17.5,1438,0.497494,0.607472,0.720882,0.012068,0.0816497
18,1439,0.686272,0.583862,0.660016,0.00522558,0.0720082
18.5,1440,0.771954,0.416984,0.764931,0,0.0942809
19,1441,0.64941,0.483824,0.740701,0.0079822,0.0720082
19.5,1442,0.641453,0.548221,0.604978,0,0.190516
20,1443,0.626099,0.650659,0.552525,0,0.108866
20.5,1444,0.409008,0.595754,0.861211,0,0.0942809
21,1445,0.373195,0.590421,0.796798,0,0.124722
21.5,1446,0.471046,0.643075,0.583797,0,0.0981307
22,1447,0.71239,0.539411,0.63328,0,0.0720082
22.5,1448,0.651043,0.557362,0.623442,0,0.0981307
23,1449,0.635454,0.498488,0.590291,0.00522558,0.0981307
23.5,1450,0.4302,0.559955,0.748418,0.0108779,0.0981307
24,1451,0.522234,0.487942,0.712106,0,0.136083
24.5,1452,0.621483,0.500477,0.622744,0.00522558,0.0544331
25,1453,0.464794,0.64041,0.693296,0.0079822,0.0981307
25.5,1454,0.661795,0.526757,0.633539,0,0.196261
26,1455,0.681155,0.583856,0.546171,0,0.165552
26.5,1456,0.60583,0.450749,0.70251,0,0.165552
27,1457,0.64331,0.487762,0.655779,0,0.188562
27.5,1458,0.616166,0.568554,0.582864,0,0.0720082
28,1459,0.429298,0.555498,0.804734,0,0.0544331
28.5,1460,0.588237,0.552725,0.602198,0,0.151535
29,1461,0.526035,0.564402,0.645701,0,0.0471405
29.5,1462,0.543512,0.50817,0.849368,0,0.0471405
30,1463,0.638315,0.618246,0.615024,0,0.118634
30.5,1464,0.512554,0.69455,0.633438,0,0.0720082
31,1465,0.67495,0.502454,0.64551,0,0.169967
31.5,1466,0.660864,0.578131,0.622782,0,0.0544331
32,1467,0.547294,0.523802,0.812774,0,0.144016
32.5,1468,0.610354,0.384784,0.836749,0,0.0544331
33,1469,0.552851,0.490699,0.773307,0,0.0471405
33.5,1470,0.516952,0.588158,0.770901,0,0.0720082
34,1471,0.550286,0.624301,0.680763,0,0.0471405
34.5,1472,0.613214,0.481954,0.663621,0,0.0471405
35,1473,0.82437,0.335034,0.557883,0,0.0544331
35.5,1474,0.755106,0.452099,0.562835,0.0104512,0.0544331
36,1475,0.54173,0.723693,0.606093,0,0.136083
36.5,1476,0.644125,0.468938,0.667021,0.0079822,0.0471405
37,1477,0.623725,0.401144,0.654054,0,0.0272166
37.5,1478,0.588275,0.47611,0.683051,0,0.0544331
38,1479,0.551878,0.602538,0.621517,0,0.0471405
38.5,1480,0.516018,0.478734,0.838981,0,0.151535
39,1481,0.453542,0.591886,0.839438,0,0.108866
39.5,1482,0.551827,0.621515,0.642418,0,0.0544331
40,1483,0.585397,0.619491,0.591389,0,0.124722
40.5,1484,0.706504,0.559379,0.66505,0,0.108866
41,1485,0.811976,0.335152,0.733453,0,0.0544331
41.5,1486,0.675163,0.471682,0.687163,0.0104512,0.0272166
42,1487,0.529642,0.572342,0.748251,0,0.118634
42.5,1488,0.506054,0.538744,0.798155,0,0.178471
43,1489,0.580144,0.566086,0.721314,0,0.0272166
43.5,1490,0.533619,0.605869,0.77329,0,0.0720082
44,1491,0.509858,0.486029,0.91352,0,0.0981307
44.5,1492,0.596179,0.490027,0.751878,0,0.0720082
45,1493,0.667528,0.505307,0.715237,0,0.0272166
45.5,1494,0.594835,0.442562,0.809594,0,0.0981307
46,1495,0.568542,0.53763,0.722594,0,0.0272166
46.5,1496,0.582405,0.597718,0.641154,0,0.0272166
47,1497,0.659536,0.391669,0.708069,0,0.0471405
47.5,1498,0.515078,0.36452,0.815448,0,0.0981307
48,1499,0.554006,0.5506,0.72579,0,0.118634
48.5,1500,0.557275,0.559674,0.65228,0.0079822,0.0816497
49,1501,0.643667,0.595518,0.609992,0,0.0720082
49.5,1502,0.567163,0.609558,0.749304,0,0.0471405
50,1503,0.678794,0.482267,0.711325,0,0.0272166
50.5,1504,0.634086,0.600514,0.580206,0,0.0471405
51,1505,0.490979,0.728661,0.626022,0,0.0272166
51.5,1506,0.520592,0.628448,0.796373,0,0.0544331
52,1507,0.636534,0.429584,0.943602,0,0.0544331
52.5,1508,0.744962,0.502872,0.67424,0,0.0272166
53,1509,0.713693,0.475574,0.666854,0,0.0720082
53.5,1510,0.834125,0.563136,0.574382,0,0.0544331
54,1511,0.716424,0.501275,0.752869,0.00905097,0.0720082
54.5,1512,0.523726,0.507486,0.893294,0.0131507,0.163299
55,1513,0.818434,0.397499,0.661222,0,0.141421
55.5,1514,0.76569,0.53405,0.621402,0,0.0272166
56,1515,0.643312,0.609389,0.696341,0,0.163299
56.5,1516,0.5022,0.617853,0.780715,0,0.0981307
57,1517,0.638619,0.575221,0.756901,0,0.118634
57.5,1518,0.742555,0.570182,0.680624,0,0.0471405
58,1519,0.573627,0.572352,0.745486,0,0.0544331
58.5,1520,0.529813,0.475382,0.880222,0,0.0272166
1,1522,0,0,0,0,0.0272166
1.5,1523,0.589734,0.589869,0.907235,0,0.0981307
2,1524,0.502014,0.634859,0.914582,0,0.0981307
2.5,1525,0.536098,0.604286,0.825806,0,0.0720082
3,1526,0.621453,0.617858,0.736514,0,0.0471405
3.5,1527,0.425254,0.675229,0.793099,0,0.0471405
4,1528,0.535109,0.535371,0.852541,0,0.0942809
4.5,1529,0.615234,0.522238,0.834675,0,0
5,1530,0.627709,0.516813,0.78443,0.0079822,0.0816497
5.5,1531,0.646222,0.54409,0.812965,0.00603398,0.0471405
6,1532,0.463475,0.695672,0.732374,0.0079822,0.0272166
6.5,1533,0.509968,0.570666,0.836717,0,0.190516
7,1534,0.639538,0.546682,0.74221,0.00301699,0.124722
7.5,1535,0.499166,0.593992,0.745099,0,0.0471405
8,1536,0.526778,0.583923,0.739669,0,0.0720082
8.5,1537,0.530301,0.668392,0.751504,0,0.0272166
9,1538,0.574126,0.580309,0.794392,0,0
9.5,1539,0.477002,0.607778,0.669342,0,0.0272166
10,1540,0.303557,0.660717,0.804235,0,0.0816497
10.5,1541,0.415418,0.63296,0.759274,0,0.0544331
11,1542,0.63257,0.700221,0.609179,0,0.0272166
11.5,1543,0.650133,0.634782,0.629419,0.00603398,0.0471405
12,1544,0.415877,0.70057,0.860341,0,0.151535
12.5,1545,0.602349,0.642926,0.6602,0,0.0272166
13,1546,0.752554,0.621757,0.498963,0,0.0981307
13.5,1547,0.638763,0.601466,0.703525,0.0104512,0.144016
14,1548,0.597627,0.567634,0.759123,0,0.151535
14.5,1549,0.58293,0.615261,0.735707,0.00522558,0.0942809
15,1550,0.58723,0.550917,0.706314,0,0.0981307
15.5,1551,0.601197,0.577594,0.695493,0,0.0816497
16,1552,0.636218,0.73887,0.556166,0,0.0720082
16.5,1553,0.595611,0.75133,0.546749,0,0.0720082
17,1554,0.433869,0.740005,0.676093,0,0.0720082
17.5,1555,0.331147,0.58172,0.929728,0.0156767,0.0544331
18,1556,0.47245,0.547648,0.724883,0.00603398,0.20548
18.5,1557,0.631165,0.495339,0.689499,0,0.0272166
19,1558,0.640189,0.56813,0.609907,0,0.151535
19.5,1559,0.63231,0.615061,0.588973,0,0.0544331
20,1560,0.618742,0.577469,0.642874,0,0.144016
20.5,1561,0.449048,0.546597,0.855925,0,0.0544331
21,1562,0.481104,0.734386,0.656664,0,0.0471405
21.5,1563,0.630093,0.63277,0.572598,0,0.0272166
22,1564,0.502842,0.565542,0.773306,0,0.0981307
22.5,1565,0.452184,0.641882,0.666488,0,0.0720082
23,1566,0.540086,0.605758,0.719334,0,0.0471405
23.5,1567,0.482859,0.641259,0.697824,0,0.0544331
24,1568,0.48628,0.527267,0.816667,0.0108779,0.0471405
24.5,1569,0.66089,0.37588,0.76297,0,0.0544331
25,1570,0.746896,0.54936,0.573531,0,0.0272166
25.5,1571,0.726814,0.583374,0.509424,0,0.0272166
26,1572,0.558365,0.59953,0.746011,0,0.178471
26.5,1573,0.539312,0.49904,0.899405,0,0.136083
27,1574,0.600003,0.52408,0.699371,0,0.0720082
27.5,1575,0.732358,0.635926,0.467683,0,0.0471405
28,1576,0.697432,0.556973,0.549158,0,0.0981307
28.5,1577,0.634346,0.486328,0.696139,0,0.136083
29,1578,0.595869,0.380083,0.654934,0,0.0272166
29.5,1579,0.674016,0.379712,0.751891,0.00603398,0.0544331
30,1580,0.510912,0.554523,0.757562,0,0.0272166
30.5,1581,0.685893,0.630968,0.530062,0.012068,0.108866
31,1582,0.644013,0.51816,0.610101,0,0.0272166
31.5,1583,0.578498,0.450128,0.746045,0,0.165552
32,1584,0.826475,0.485213,0.548829,0,0.0272166
32.5,1585,0.702067,0.54676,0.62561,0,0.124722
33,1586,0.578082,0.581029,0.695666,0,0.136083
33.5,1587,0.662907,0.434813,0.671624,0,0.0471405
34,1588,0.633502,0.494294,0.590741,0,0.0816497
34.5,1589,0.550011,0.570018,0.675027,0,0.0272166
35,1590,0.556158,0.473699,0.66352,0,0.0272166
35.5,1591,0.398509,0.538878,0.870456,0,0.0720082
36,1592,0.569034,0.568786,0.680738,0,0.0816497
36.5,1593,0.695195,0.614101,0.567779,0,0.108866
37,1594,0.622314,0.453605,0.712021,0.0104512,0.108866
37.5,1595,0.587005,0.528976,0.73476,0,0.124722
38,1596,0.640405,0.447685,0.735731,0,0.0981307
38.5,1597,0.564542,0.373957,0.845589,0,0.0981307
39,1598,0.519938,0.558899,0.736184,0,0.0720082
39.5,1599,0.614602,0.612731,0.628422,0,0.0272166
40,1600,0.478872,0.637178,0.795208,0,0.0272166
40.5,1601,0.512088,0.50789,0.754718,0,0.124722
41,1602,0.543237,0.512632,0.66236,0.00522558,0.0720082
41.5,1603,0.612749,0.642192,0.63255,0,0.0272166
42,1604,0.604478,0.573899,0.68877,0,0.0272166
42.5,1605,0.599306,0.372698,0.78816,0.0079822,0.0981307
43,1606,0.541992,0.481195,0.729386,0.0079822,0.108866
43.5,1607,0.569469,0.65859,0.606042,0,0.0720082
44,1608,0.636378,0.595067,0.635251,0,0.151535
44.5,1609,0.719594,0.633643,0.565898,0,0.0272166
45,1610,0.615518,0.61952,0.709962,0,0.0720082
45.5,1611,0.5476,0.567477,0.728462,0,0.0981307
46,1612,0.539029,0.50501,0.785,0,0.108866
46.5,1613,0.606362,0.439512,0.796232,0,0.0272166
47,1614,0.539011,0.507336,0.883075,0.00603398,0.0272166
47.5,1615,0.450203,0.635533,0.892555,0.0079822,0.0720082
48,1616,0.578838,0.522384,0.73677,0,0.165552
48.5,1617,0.650173,0.460685,0.779194,0.0079822,0.0471405
49,1618,0.854525,0.50163,0.59216,0,0.0981307
49.5,1619,0.661094,0.48857,0.732022,0,0.151535
50,1620,0.485008,0.596392,0.774926,0,0.0720082
50.5,1621,0.497574,0.617195,0.940074,0,0.124722
51,1622,0.480803,0.568768,0.911646,0,0.124722
51.5,1623,0.510266,0.570762,0.882594,0,0.0981307
52,1624,0.621003,0.463877,0.753638,0,0.0720082
52.5,1625,0.566373,0.543728,0.607821,0,0.136083
53,1626,0.665742,0.598582,0.619952,0.00603398,0.0544331
53.5,1627,0.544784,0.70005,0.642219,0,0.0720082
54,1628,0.497765,0.668032,0.817046,0,0.163299
54.5,1629,0.467293,0.665483,0.87637,0,0.108866
55,1630,0.465659,0.585192,0.930053,0,0.0720082
55.5,1631,0.486136,0.556206,0.851414,0,0.0544331
56,1632,0.576118,0.575296,0.686061,0,0.0981307
56.5,1633,0.522379,0.61445,0.762549,0,0.0272166
57,1634,0.45648,0.621846,0.743963,0,0.151535
57.5,1635,0.543664,0.562608,0.731624,0,0.0272166
58,1636,0.628302,0.618803,0.66324,0,0
58.5,1637,0.578776,0.665733,0.709766,0,0.0272166
