time_s,step,cellId,cio_l2_change,max_cio_change,txp_raw_curr,txp_raw_prev,txp_raw_change,txp_dBm_curr,txp_dBm_prev,ue_count_prev,ue_count_curr,ue_count_change,reward_prev,reward_curr,reward_change,consecutive_stagnant_steps,cio_stagnant,txp_stagnant,is_stagnant
1,1,1,-1,-1,0.993178,0.993178,-1,35.9727,35.9727,11,11,0,0,0,0,0,0,0,0
1,1,2,-1,-1,0.658932,0.658932,-1,34.6357,34.6357,10,10,0,0,0,0,0,0,0,0
1,1,3,-1,-1,-0.991927,-0.991927,-1,28.0323,28.0323,9,9,0,0,0,0,0,0,0,0
1.5,2,1,0.0129141,0.0129141,0.910332,0.993178,0.082846,35.6413,35.9727,11,14,3,0,0.745778,0.745778,0,1,0,0
1.5,2,2,0.00151229,0.00151229,0.166729,0.658932,0.492203,32.6669,34.6357,10,5,-5,0,0.633477,0.633477,0,1,0,0
1.5,2,3,0.0115383,0.0115383,-0.920156,-0.991927,0.0717708,28.3194,28.0323,9,11,2,0,0.606562,0.606562,0,1,0,0
2,3,1,0.015495,0.015495,0.969743,0.910332,0.0594108,35.879,35.6413,14,12,-2,0.745778,0.924506,0.178728,0,1,0,0
2,3,2,0.238431,0.238431,0.257158,0.166729,0.0904297,33.0286,32.6669,5,13,8,0.633477,0.590536,0.0429408,0,0,0,0
2,3,3,0.482792,0.482792,-0.562932,-0.920156,0.357224,29.7483,28.3194,11,5,-6,0.606562,0.546582,0.0599792,0,0,0,0
2.5,4,1,0.297561,0.297561,0.838559,0.969743,0.131184,35.3542,35.879,12,11,-1,0.924506,0.919026,0.00548,0,0,0,0
2.5,4,2,1.45673,1.45673,-0.621903,0.257158,0.879061,29.5124,33.0286,13,13,0,0.590536,0.56661,0.0239264,0,0,0,0
2.5,4,3,1.40254,1.40254,-0.18278,-0.562932,0.380152,31.2689,29.7483,5,6,1,0.546582,0.561294,0.014712,0,0,0,0
3,5,1,0.297959,0.297959,0.0463008,0.838559,0.792259,32.1852,35.3542,11,11,0,0.919026,0.839573,0.0794528,0,0,0,0
3,5,2,1.47217,1.47217,-0.809569,-0.621903,0.187666,28.7617,29.5124,13,13,0,0.56661,0.57185,0.00524,0,0,0,0
3,5,3,1.53772,1.53772,0.355818,-0.18278,0.538597,33.4233,31.2689,6,6,0,0.561294,0.661053,0.0997584,0,0,0,0
3.5,6,1,0.231324,0.231324,0.999412,0.0463008,0.953111,35.9976,32.1852,11,12,1,0.839573,0.770438,0.0691344,0,0,0,0
3.5,6,2,1.67064,1.67064,-0.887591,-0.809569,0.0780212,28.4496,28.7617,13,9,-4,0.57185,0.375602,0.196248,0,0,0,0
3.5,6,3,0.384476,0.384476,-0.369605,0.355818,0.725423,30.5216,33.4233,6,9,3,0.661053,0.899158,0.238106,0,0,0,0
4,7,1,0.134996,0.134996,0.999862,0.999412,0.000450075,35.9994,35.9976,12,11,-1,0.770438,0.77224,0.0018016,0,0,1,0
4,7,2,1.86753,1.86753,-0.722323,-0.887591,0.165268,29.1107,28.4496,9,9,0,0.375602,0.513918,0.138317,0,0,0,0
4,7,3,0.00119615,0.00119615,-0.989141,-0.369605,0.619536,28.0434,30.5216,9,10,1,0.899158,0.671402,0.227757,0,1,0,0
4.5,8,1,0.0964385,0.0964385,0.737277,0.999862,0.262585,34.9491,35.9994,11,14,3,0.77224,0.959166,0.186926,0,0,0,0
4.5,8,2,0.665326,0.665326,-0.742566,-0.722323,0.0202432,29.0297,29.1107,9,7,-2,0.513918,0.37232,0.141598,0,0,0,0
4.5,8,3,0.0154524,0.0154524,-0.992187,-0.989141,0.0030458,28.0313,28.0434,10,9,-1,0.671402,0.553382,0.118019,0,1,1,0
5,9,1,0.00636405,0.00636405,0.998875,0.737277,0.261598,35.9955,34.9491,14,17,3,0.959166,0.85421,0.104957,0,1,0,0
5,9,2,0.606261,0.606261,0.147946,-0.742566,0.890513,32.5918,29.0297,7,7,0,0.37232,0.424771,0.0524512,0,0,0,0
5,9,3,1.17737,1.17737,0.61851,-0.992187,1.6107,34.474,28.0313,9,6,-3,0.553382,0.516989,0.0363936,0,0,0,0
5.5,10,1,0.00424159,0.00424159,0.999729,0.998875,0.000853479,35.9989,35.9955,17,16,-1,0.85421,0.758384,0.0958256,0,1,1,0
5.5,10,2,0.329346,0.329346,-0.225214,0.147946,0.373161,31.0991,32.5918,7,8,1,0.424771,0.43972,0.0149488,0,0,0,0
5.5,10,3,0.190282,0.190282,-0.330056,0.61851,0.948566,30.6798,34.474,6,6,0,0.516989,0.726952,0.209963,0,0,0,0
6,11,1,0.00126213,0.00126213,0.913618,0.999729,0.0861103,35.6545,35.9989,16,11,-5,0.758384,0.882869,0.124485,0,1,0,0
6,11,2,0.43076,0.43076,0.360266,-0.225214,0.585481,33.4411,31.0991,8,9,1,0.43972,0.502781,0.0630608,0,0,0,0
6,11,3,1.32246,1.32246,-0.557356,-0.330056,0.2273,29.7706,30.6798,6,10,4,0.726952,0.611248,0.115704,0,0,0,0
6.5,12,1,5.55515e-05,5.55515e-05,0.994805,0.913618,0.081187,35.9792,35.6545,11,10,-1,0.882869,0.887502,0.0046336,0,1,0,0
6.5,12,2,0.104069,0.104069,-0.245814,0.360266,0.606081,31.0167,33.4411,9,9,0,0.502781,0.616123,0.113342,0,0,0,0
6.5,12,3,0.0634305,0.0634305,-0.853655,-0.557356,0.296299,28.5854,29.7706,10,11,1,0.611248,0.489098,0.12215,0,0,0,0
7,13,1,0.000859439,0.000859439,0.99307,0.994805,0.00173473,35.9723,35.9792,10,14,4,0.887502,0.843174,0.044328,0,1,1,0
7,13,2,1.25186,1.25186,-0.863533,-0.245814,0.617719,28.5459,31.0167,9,11,2,0.616123,0.518317,0.0978064,0,0,0,0
7,13,3,0.425823,0.425823,-0.603059,-0.853655,0.250596,29.5878,28.5854,11,5,-6,0.489098,0.508117,0.0190192,0,0,0,0
7.5,14,1,0.00589281,0.00589281,0.996096,0.99307,0.00302535,35.9844,35.9723,14,13,-1,0.843174,0.931914,0.0887392,0,1,1,0
7.5,14,2,1.26554,1.26554,-0.961523,-0.863533,0.0979894,28.1539,28.5459,11,12,1,0.518317,0.444528,0.0737888,0,0,0,0
7.5,14,3,0.0539812,0.0539812,-0.985836,-0.603059,0.382777,28.0567,29.5878,5,5,0,0.508117,0.542435,0.0343184,0,0,0,0
8,15,1,0.00052458,0.00052458,0.996735,0.996096,0.000638723,35.9869,35.9844,13,20,7,0.931914,0.972835,0.0409216,0,1,1,0
8,15,2,0.0332552,0.0332552,-0.764062,-0.961523,0.19746,28.9438,28.1539,12,6,-6,0.444528,0.370946,0.0735824,0,0,0,0
8,15,3,0.190535,0.190535,-0.671387,-0.985836,0.314449,29.3145,28.0567,5,4,-1,0.542435,0.516981,0.0254544,0,0,0,0
8.5,16,1,0.0247439,0.0247439,0.999922,0.996735,0.00318736,35.9997,35.9869,20,14,-6,0.972835,1.02791,0.0550752,0,0,1,0
8.5,16,2,0.0355007,0.0355007,-0.986658,-0.764062,0.222596,28.0534,28.9438,6,9,3,0.370946,0.354976,0.0159696,0,0,0,0
8.5,16,3,0.429113,0.429113,0.494673,-0.671387,1.16606,33.9787,29.3145,4,7,3,0.516981,0.514046,0.0029344,0,0,0,0
9,17,1,0.0307006,0.0307006,0.727379,0.999922,0.272543,34.9095,35.9997,14,15,1,1.02791,0.857059,0.170851,0,0,0,0
9,17,2,0.162804,0.162804,-0.824381,-0.986658,0.162277,28.7025,28.0534,9,9,0,0.354976,0.3688,0.013824,0,0,0,0
9,17,3,0.113721,0.113721,-0.985488,0.494673,1.48016,28.058,33.9787,7,6,-1,0.514046,0.724867,0.210821,0,0,0,0
9.5,18,1,0.00727999,0.00727999,0.988592,0.727379,0.261212,35.9544,34.9095,15,13,-2,0.857059,0.873794,0.0167344,0,1,0,0
9.5,18,2,0.293648,0.293648,-0.943446,-0.824381,0.119064,28.2262,28.7025,9,8,-1,0.3688,0.380082,0.0112816,0,0,0,0
9.5,18,3,0.00369358,0.00369358,-0.835792,-0.985488,0.149696,28.6568,28.058,6,9,3,0.724867,0.621717,0.10315,0,1,0,0
10,19,1,0.0022282,0.0022282,0.998729,0.988592,0.0101375,35.9949,35.9544,13,17,4,0.873794,0.906195,0.0324016,0,1,1,0
10,19,2,0.29235,0.29235,-0.495898,-0.943446,0.447547,30.0164,28.2262,8,7,-1,0.380082,0.396709,0.0166272,0,0,0,0
10,19,3,0.0349659,0.0349659,0.654495,-0.835792,1.49029,34.618,28.6568,9,6,-3,0.621717,0.501294,0.120422,0,0,0,0
10.5,20,1,0.0102999,0.0102999,0.997928,0.998729,0.000800967,35.9917,35.9949,17,17,0,0.906195,0.777461,0.128734,0,1,1,0
10.5,20,2,0.655507,0.655507,-0.95229,-0.495898,0.456392,28.1908,30.0164,7,7,0,0.396709,0.376526,0.0201824,0,0,0,0
10.5,20,3,0.387079,0.387079,-0.972115,0.654495,1.62661,28.1115,34.618,6,6,0,0.501294,0.693786,0.192491,0,0,0,0
11,21,1,0.00378352,0.00378352,0.998227,0.997928,0.000299156,35.9929,35.9917,17,13,-4,0.777461,0.887965,0.110504,0,1,1,0
11,21,2,0.34841,0.34841,-0.998359,-0.95229,0.0460687,28.0066,28.1908,7,7,0,0.376526,0.396691,0.0201648,0,0,0,0
11,21,3,0.0311443,0.0311443,-0.913747,-0.972115,0.0583683,28.345,28.1115,6,10,4,0.693786,0.535712,0.158074,0,0,0,0
11.5,22,1,0.00390697,0.00390697,0.963688,0.998227,0.0345389,35.8548,35.9929,13,15,2,0.887965,1.01335,0.125384,0,1,0,0
11.5,22,2,0.313577,0.313577,-0.987631,-0.998359,0.0107274,28.0495,28.0066,7,7,0,0.396691,0.365859,0.030832,0,0,1,0
11.5,22,3,0.402372,0.402372,0.190515,-0.913747,1.10426,32.7621,28.345,10,8,-2,0.535712,0.480096,0.055616,0,0,0,0
12,23,1,0.00156397,0.00156397,0.993269,0.963688,0.0295807,35.9731,35.8548,15,17,2,1.01335,0.826926,0.186422,0,1,0,0
12,23,2,0.189103,0.189103,-0.0413414,-0.987631,0.94629,31.8346,28.0495,7,7,0,0.365859,0.3442,0.0216592,0,0,0,0
12,23,3,1.85197,1.85197,-0.535976,0.190515,0.726491,29.8561,32.7621,8,6,-2,0.480096,0.557738,0.0776416,0,0,0,0
12.5,24,1,0.0235026,0.0235026,0.99888,0.993269,0.00561082,35.9955,35.9731,17,17,0,0.826926,0.837666,0.0107392,0,0,1,0
12.5,24,2,0.140443,0.140443,-0.105419,-0.0413414,0.0640776,31.5783,31.8346,7,7,0,0.3442,0.467427,0.123227,0,0,0,0
12.5,24,3,0.824315,0.824315,-0.997181,-0.535976,0.461205,28.0113,29.8561,6,6,0,0.557738,0.534778,0.02296,0,0,0,0
13,25,1,0.00715107,0.00715107,0.962447,0.99888,0.036433,35.8498,35.9955,17,12,-5,0.837666,0.925253,0.0875872,0,1,0,0
13,25,2,0.291791,0.291791,-0.878296,-0.105419,0.772877,28.4868,31.5783,7,7,0,0.467427,0.535984,0.0685568,0,0,0,0
13,25,3,1.03775,1.03775,-0.96495,-0.997181,0.0322306,28.1402,28.0113,6,11,5,0.534778,0.472438,0.0623392,0,0,0,0
13.5,26,1,0.0816523,0.0816523,0.999582,0.962447,0.037135,35.9983,35.8498,12,15,3,0.925253,0.967192,0.0419392,0,0,0,0
13.5,26,2,1.05488,1.05488,-0.93239,-0.878296,0.0540935,28.2704,28.4868,7,9,2,0.535984,0.400238,0.135746,0,0,0,0
13.5,26,3,0.0164992,0.0164992,-0.73995,-0.96495,0.225,29.0402,28.1402,11,6,-5,0.472438,0.419006,0.053432,0,1,0,0
14,27,1,0.0994859,0.0994859,0.963715,0.999582,0.0358668,35.8549,35.9983,15,18,3,0.967192,0.917685,0.0495072,0,0,0,0
14,27,2,0.103345,0.103345,-0.829902,-0.93239,0.102488,28.6804,28.2704,9,11,2,0.400238,0.379546,0.0206928,0,0,0,0
14,27,3,1.01658,1.01658,0.42565,-0.73995,1.1656,33.7026,29.0402,6,1,-5,0.419006,0.462966,0.04396,0,0,0,0
14.5,28,1,0.552707,0.552707,0.998919,0.963715,0.0352037,35.9957,35.8549,18,15,-3,0.917685,0.787238,0.130446,0,0,0,0
14.5,28,2,0.299735,0.299735,-0.366368,-0.829902,0.463534,30.5345,28.6804,11,7,-4,0.379546,0.382952,0.0034064,0,0,0,0
14.5,28,3,0.781389,0.781389,-0.947587,0.42565,1.37324,28.2097,33.7026,1,8,7,0.462966,0.632507,0.169541,0,0,0,0
15,29,1,0.506603,0.506603,0.984651,0.998919,0.0142677,35.9386,35.9957,15,13,-2,0.787238,0.842824,0.0555856,0,0,1,0
15,29,2,0.497359,0.497359,-0.432751,-0.366368,0.0663826,30.269,30.5345,7,6,-1,0.382952,0.444018,0.0610656,0,0,0,0
15,29,3,0.251129,0.251129,-0.965531,-0.947587,0.0179434,28.1379,28.2097,8,11,3,0.632507,0.560806,0.0717008,0,0,1,0
15.5,30,1,0.136057,0.136057,0.993298,0.984651,0.00864697,35.9732,35.9386,13,16,3,0.842824,0.887267,0.0444432,0,0,1,0
15.5,30,2,0.388421,0.388421,0.708858,-0.432751,1.14161,34.8354,30.269,6,7,1,0.444018,0.456789,0.0127712,0,0,0,0
15.5,30,3,0.0108082,0.0108082,-0.843647,-0.965531,0.121884,28.6254,28.1379,11,7,-4,0.560806,0.457773,0.103034,0,1,0,0
16,31,1,0.165232,0.165232,0.999363,0.993298,0.00606483,35.9975,35.9732,16,16,0,0.887267,0.755526,0.131741,0,0,1,0
16,31,2,0.479286,0.479286,-0.99782,0.708858,1.70668,28.0087,34.8354,7,8,1,0.456789,0.584245,0.127456,0,0,0,0
16,31,3,1.60933,1.60933,-0.823073,-0.843647,0.0205737,28.7077,28.6254,7,6,-1,0.457773,0.402398,0.0553744,0,0,0,0
16.5,32,1,0.0160833,0.0160833,0.809684,0.999363,0.189679,35.2387,35.9975,16,13,-3,0.755526,1.0218,0.266275,0,1,0,0
16.5,32,2,0.0530553,0.0530553,-0.933212,-0.99782,0.0646074,28.2672,28.0087,8,11,3,0.584245,0.443658,0.140587,0,0,0,0
16.5,32,3,1.6024,1.6024,-0.100541,-0.823073,0.722532,31.5978,28.7077,6,6,0,0.402398,0.43036,0.0279616,0,0,0,0
17,33,1,0.0258672,0.0258672,0.923146,0.809684,0.113462,35.6926,35.2387,13,13,0,1.0218,0.942299,0.0795024,0,0,0,0
17,33,2,1.07213,1.07213,0.472451,-0.933212,1.40566,33.8898,28.2672,11,11,0,0.443658,0.31127,0.132387,0,0,0,0
17,33,3,1.80328,1.80328,-0.878118,-0.100541,0.777577,28.4875,31.5978,6,6,0,0.43036,0.606498,0.176138,0,0,0,0
17.5,34,1,0.0265319,0.0265319,0.604431,0.923146,0.318715,34.4177,35.6926,13,15,2,0.942299,0.820019,0.12228,0,0,0,0
17.5,34,2,1.21347,1.21347,0.403733,0.472451,0.0687178,33.6149,33.8898,11,8,-3,0.31127,0.533002,0.221731,0,0,0,0
17.5,34,3,1.29883,1.29883,-0.484911,-0.878118,0.393207,30.0604,28.4875,6,7,1,0.606498,0.477749,0.128749,0,0,0,0
18,35,1,0.0926011,0.0926011,0.999392,0.604431,0.394962,35.9976,34.4177,15,16,1,0.820019,0.696957,0.123062,0,0,0,0
18,35,2,0.238281,0.238281,-0.859044,0.403733,1.26278,28.5638,33.6149,8,6,-2,0.533002,0.615741,0.0827392,0,0,0,0
18,35,3,0.535621,0.535621,-0.730105,-0.484911,0.245193,29.0796,30.0604,7,8,1,0.477749,0.507998,0.0302496,0,0,0,0
18.5,36,1,0.0812681,0.0812681,0.971762,0.999392,0.0276303,35.887,35.9976,16,12,-4,0.696957,0.943384,0.246427,0,0,0,0
18.5,36,2,1.34974,1.34974,-0.497212,-0.859044,0.361833,30.0112,28.5638,6,15,9,0.615741,0.39283,0.22291,0,0,0,0
18.5,36,3,0.256509,0.256509,-0.816956,-0.730105,0.086852,28.7322,29.0796,8,3,-5,0.507998,0.629072,0.121074,0,0,0,0
19,37,1,0.0224831,0.0224831,0.949256,0.971762,0.0225056,35.797,35.887,12,15,3,0.943384,0.900474,0.0429104,0,0,0,0
19,37,2,1.30137,1.30137,-0.258636,-0.497212,0.238576,30.9655,30.0112,15,12,-3,0.39283,0.388504,0.0043264,0,0,0,0
19,37,3,1.52096,1.52096,-0.47807,-0.816956,0.338886,30.0877,28.7322,3,3,0,0.629072,0.501515,0.127557,0,0,0,0
19.5,38,1,0.00908738,0.00908738,0.999958,0.949256,0.0507014,35.9998,35.797,15,22,7,0.900474,0.856539,0.0439344,0,1,0,0
19.5,38,2,0.269821,0.269821,-0.736391,-0.258636,0.477755,29.0544,30.9655,12,6,-6,0.388504,0.400957,0.0124528,0,0,0,0
19.5,38,3,0.4645,0.4645,-0.835739,-0.47807,0.357669,28.657,30.0877,3,2,-1,0.501515,0.466157,0.0353584,0,0,0,0
20,39,1,0.0413679,0.0413679,0.187547,0.999958,0.81241,32.7502,35.9998,22,12,-10,0.856539,0.993536,0.136997,0,0,0,0
20,39,2,0.646688,0.646688,-0.847872,-0.736391,0.111481,28.6085,29.0544,6,10,4,0.400957,0.357091,0.0438656,0,0,0,0
20,39,3,0.461377,0.461377,-0.293739,-0.835739,0.542001,30.825,28.657,2,8,6,0.466157,0.450013,0.016144,0,0,0,0
20.5,40,1,0.0019666,0.0019666,0.987646,0.187547,0.800098,35.9506,32.7502,12,15,3,0.993536,0.856413,0.137123,0,1,0,0
20.5,40,2,0.537147,0.537147,0.735933,-0.847872,1.58381,34.9437,28.6085,10,9,-1,0.357091,0.362928,0.0058368,0,0,0,0
20.5,40,3,0.287594,0.287594,-0.921855,-0.293739,0.628116,28.3126,30.825,8,6,-2,0.450013,0.616037,0.166024,0,0,0,0
21,41,1,0.0001688,0.0001688,0.995856,0.987646,0.00821054,35.9834,35.9506,15,14,-1,0.856413,0.732043,0.12437,0,1,1,0
21,41,2,0.128457,0.128457,-0.475922,0.735933,1.21186,30.0963,34.9437,9,8,-1,0.362928,0.545198,0.18227,0,0,0,0
21,41,3,0.190741,0.190741,-0.614478,-0.921855,0.307377,29.5421,28.3126,6,8,2,0.616037,0.468283,0.147754,0,0,0,0
21.5,42,1,7.27177e-05,7.27177e-05,0.983812,0.995856,0.0120443,35.9352,35.9834,14,15,1,0.732043,0.836819,0.104776,0,1,1,0
21.5,42,2,1.09383,1.09383,-0.849878,-0.475922,0.373956,28.6005,30.0963,8,11,3,0.545198,0.488346,0.0568528,0,0,0,0
21.5,42,3,0.320219,0.320219,-0.699117,-0.614478,0.0846391,29.2035,29.5421,8,4,-4,0.468283,0.4892,0.0209168,0,0,0,0
22,43,1,0.0149835,0.0149835,0.976119,0.983812,0.00769329,35.9045,35.9352,15,14,-1,0.836819,0.915693,0.0788736,0,1,1,0
22,43,2,0.30308,0.30308,-0.835554,-0.849878,0.0143244,28.6578,28.6005,11,13,2,0.488346,0.329421,0.158925,0,0,1,0
22,43,3,1.33767,1.33767,-0.161948,-0.699117,0.537169,31.3522,29.2035,4,3,-1,0.4892,0.566546,0.0773456,0,0,0,0
22.5,44,1,0.0146217,0.0146217,0.998217,0.976119,0.0220982,35.9929,35.9045,14,18,4,0.915693,0.786405,0.129288,0,1,0,0
22.5,44,2,1.32045,1.32045,-0.6774,-0.835554,0.158154,29.2904,28.6578,13,8,-5,0.329421,0.276843,0.0525776,0,0,0,0
22.5,44,3,1.20788,1.20788,-0.716944,-0.161948,0.554996,29.1322,31.3522,3,4,1,0.566546,0.625046,0.0585008,0,0,0,0
23,45,1,0.00120527,0.00120527,0.99741,0.998217,0.00080657,35.9896,35.9929,18,15,-3,0.786405,0.819349,0.032944,0,1,1,0
23,45,2,0.26738,0.26738,-0.80998,-0.6774,0.13258,28.7601,29.2904,8,7,-1,0.276843,0.306757,0.0299136,0,0,0,0
23,45,3,0.141925,0.141925,-0.958112,-0.716944,0.241168,28.1676,29.1322,4,8,4,0.625046,0.500147,0.124899,0,0,0,0
23.5,46,1,0.000548601,0.000548601,0.992391,0.99741,0.00501913,35.9696,35.9896,15,17,2,0.819349,0.881654,0.0623056,0,1,1,0
23.5,46,2,0.430669,0.430669,-0.744091,-0.80998,0.0658885,29.0236,28.7601,7,7,0,0.306757,0.310053,0.003296,0,0,0,0
23.5,46,3,1.50732,1.50732,-0.815031,-0.958112,0.143081,28.7399,28.1676,8,6,-2,0.500147,0.540192,0.0400448,0,0,0,0
24,47,1,0.00237447,0.00237447,0.997631,0.992391,0.00523973,35.9905,35.9696,17,16,-1,0.881654,0.908736,0.0270816,0,1,1,0
24,47,2,0.6984,0.6984,0.00641921,-0.744091,0.750511,32.0257,29.0236,7,8,1,0.310053,0.310962,0.0009088,0,0,0,0
24,47,3,1.55346,1.55346,-0.524634,-0.815031,0.290397,29.9015,28.7399,6,6,0,0.540192,0.484576,0.055616,0,0,0,0
24.5,48,1,0.00337464,0.00337464,0.842306,0.997631,0.155325,35.3692,35.9905,16,15,-1,0.908736,0.8502,0.058536,0,1,0,0
24.5,48,2,1.22647,1.22647,-0.5272,0.00641921,0.533619,29.8912,32.0257,8,7,-1,0.310962,0.446213,0.135251,0,0,0,0
24.5,48,3,1.50908,1.50908,0.0879697,-0.524634,0.612604,32.3519,29.9015,6,8,2,0.484576,0.447776,0.0368,0,0,0,0
25,49,1,0.0822164,0.0822164,0.993383,0.842306,0.151077,35.9735,35.3692,15,16,1,0.8502,0.752818,0.0973824,0,0,0,0
25,49,2,0.982956,0.982956,-0.596024,-0.5272,0.0688237,29.6159,29.8912,7,11,4,0.446213,0.347621,0.098592,0,0,0,0
25,49,3,0.290797,0.290797,-0.728602,0.0879697,0.816572,29.0856,32.3519,8,3,-5,0.447776,0.636202,0.188426,0,0,0,0
25.5,50,1,0.080993,0.080993,0.901842,0.993383,0.091541,35.6074,35.9735,16,16,0,0.752818,0.977728,0.22491,0,0,0,0
25.5,50,2,0.621596,0.621596,-0.772932,-0.596024,0.176908,28.9083,29.6159,11,6,-5,0.347621,0.311683,0.0359376,0,0,0,0
25.5,50,3,1.12783,1.12783,-0.874471,-0.728602,0.145869,28.5021,29.0856,3,8,5,0.636202,0.508245,0.127957,0,0,0,0
26,51,1,0.00038451,0.00038451,0.970677,0.901842,0.068835,35.8827,35.6074,16,12,-4,0.977728,0.983069,0.0053408,0,1,0,0
26,51,2,0.181984,0.181984,0.879322,-0.772932,1.65225,35.5173,28.9083,6,8,2,0.311683,0.293733,0.0179504,0,0,0,0
26,51,3,0.241836,0.241836,-0.999651,-0.874471,0.12518,28.0014,28.5021,8,10,2,0.508245,0.450565,0.05768,0,0,0,0
26.5,52,1,0.0155841,0.0155841,0.999832,0.970677,0.0291547,35.9993,35.8827,12,17,5,0.983069,0.747794,0.235275,0,1,0,0
26.5,52,2,0.731188,0.731188,-0.867593,0.879322,1.74692,28.5296,35.5173,8,8,0,0.293733,0.545336,0.251603,0,0,0,0
26.5,52,3,0.303269,0.303269,-0.281636,-0.999651,0.718015,30.8735,28.0014,10,6,-4,0.450565,0.4052,0.0453648,0,0,0,0
27,53,1,0.151769,0.151769,0.999493,0.999832,0.000338137,35.998,35.9993,17,13,-4,0.747794,0.843189,0.0953952,0,0,1,0
27,53,2,0.0339413,0.0339413,0.63389,-0.867593,1.50148,34.5356,28.5296,8,11,3,0.545336,0.440205,0.105131,0,0,0,0
27,53,3,1.04111,1.04111,-0.78526,-0.281636,0.503624,28.859,30.8735,6,6,0,0.4052,0.505778,0.100578,0,0,0,0
27.5,54,1,0.139327,0.139327,0.721843,0.999493,0.277651,34.8874,35.998,13,12,-1,0.843189,0.898222,0.0550336,0,0,0,0
27.5,54,2,0.389579,0.389579,-0.794371,0.63389,1.42826,28.8225,34.5356,11,12,1,0.440205,0.447504,0.0072992,0,0,0,0
27.5,54,3,0.902587,0.902587,-0.867984,-0.78526,0.0827238,28.5281,28.859,6,6,0,0.505778,0.506475,0.0006976,0,0,0,0
28,55,1,0.0294769,0.0294769,0.991762,0.721843,0.26992,35.967,34.8874,12,13,1,0.898222,0.875942,0.02228,0,0,0,0
28,55,2,0.0547619,0.0547619,-0.97127,-0.794371,0.176899,28.1149,28.8225,12,12,0,0.447504,0.415346,0.0321584,0,0,0,0
28,55,3,0.451516,0.451516,-0.677411,-0.867984,0.190573,29.2904,28.5281,6,5,-1,0.506475,0.461293,0.0451824,0,0,0,0
28.5,56,1,0.000916004,0.000916004,0.856885,0.991762,0.134877,35.4275,35.967,13,14,1,0.875942,0.990904,0.114962,0,1,0,0
28.5,56,2,0.191607,0.191607,-0.929486,-0.97127,0.0417839,28.2821,28.1149,12,10,-2,0.415346,0.258597,0.156749,0,0,0,0
28.5,56,3,0.532414,0.532414,-0.83519,-0.677411,0.157779,28.6592,29.2904,5,6,1,0.461293,0.50913,0.0478368,0,0,0,0
29,57,1,0.00140792,0.00140792,0.806986,0.856885,0.0498989,35.2279,35.4275,14,14,0,0.990904,0.942552,0.048352,0,1,0,0
29,57,2,0.965075,0.965075,-0.941836,-0.929486,0.0123498,28.2327,28.2821,10,10,0,0.258597,0.243699,0.0148976,0,0,1,0
29,57,3,0.0709319,0.0709319,-0.545051,-0.83519,0.290139,29.8198,28.6592,6,6,0,0.50913,0.50627,0.0028592,0,0,0,0
29.5,58,1,2.66433e-05,2.66433e-05,0.999675,0.806986,0.192689,35.9987,35.2279,14,14,0,0.942552,1.00894,0.0663872,0,1,0,0
29.5,58,2,0.222164,0.222164,-0.255339,-0.941836,0.686497,30.9786,28.2327,10,9,-1,0.243699,0.236787,0.006912,0,0,0,0
29.5,58,3,0.775401,0.775401,-0.819268,-0.545051,0.274217,28.7229,29.8198,6,7,1,0.50627,0.53117,0.0248992,0,0,0,0
30,59,1,0.136048,0.136048,0.999899,0.999675,0.000223935,35.9996,35.9987,14,22,8,1.00894,0.797146,0.211794,0,0,1,0
30,59,2,1.19526,1.19526,-0.83007,-0.255339,0.574731,28.6797,30.9786,9,4,-5,0.236787,0.31963,0.0828432,0,0,0,0
30,59,3,0.36794,0.36794,-0.918,-0.819268,0.0987326,28.328,28.7229,7,4,-3,0.53117,0.489602,0.041568,0,0,0,0
30.5,60,1,0.107378,0.107378,0.998829,0.999899,0.0010702,35.9953,35.9996,22,19,-3,0.797146,0.916949,0.119803,0,0,1,0
30.5,60,2,0.381543,0.381543,-0.211431,-0.83007,0.618639,31.1543,28.6797,4,5,1,0.31963,0.287661,0.0319696,0,0,0,0
30.5,60,3,0.408861,0.408861,-0.27476,-0.918,0.643241,30.901,28.328,4,6,2,0.489602,0.486197,0.0034048,0,0,0,0
31,61,1,0.0106813,0.0106813,0.978205,0.998829,0.0206242,35.9128,35.9953,19,16,-3,0.916949,0.878704,0.0382448,0,1,0,0
31,61,2,0.391441,0.391441,-0.918461,-0.211431,0.70703,28.3262,31.1543,5,10,5,0.287661,0.34623,0.0585696,0,0,0,0
31,61,3,0.411777,0.411777,0.631778,-0.27476,0.906538,34.5271,30.901,6,4,-2,0.486197,0.502482,0.0162848,0,0,0,0
31.5,62,1,0.0364237,0.0364237,0.994921,0.978205,0.0167166,35.9797,35.9128,16,15,-1,0.878704,0.805325,0.0733792,0,0,1,0
31.5,62,2,0.850629,0.850629,-0.868438,-0.918461,0.0500224,28.5262,28.3262,10,10,0,0.34623,0.263811,0.0824192,0,0,0,0
31.5,62,3,1.26515,1.26515,-0.929615,0.631778,1.56139,28.2815,34.5271,4,5,1,0.502482,0.677586,0.175104,0,0,0,0
32,63,1,0.00195032,0.00195032,0.503391,0.994921,0.49153,34.0136,35.9797,15,9,-6,0.805325,0.926514,0.121189,0,1,0,0
32,63,2,1.1502,1.1502,-0.935813,-0.868438,0.0673746,28.2567,28.5262,10,10,0,0.263811,0.206197,0.0576144,0,0,0,0
32,63,3,0.795289,0.795289,-0.542943,-0.929615,0.386672,29.8282,28.2815,5,11,6,0.677586,0.619067,0.0585184,0,0,0,0
32.5,64,1,0.0276392,0.0276392,0.442493,0.503391,0.0608988,33.77,34.0136,9,13,4,0.926514,0.947565,0.0210512,0,0,0,0
32.5,64,2,0.603234,0.603234,-0.0905958,-0.935813,0.845217,31.6376,28.2567,10,6,-4,0.206197,0.254381,0.048184,0,0,0,0
32.5,64,3,0.897348,0.897348,-0.977423,-0.542943,0.43448,28.0903,29.8282,11,11,0,0.619067,0.51953,0.0995376,0,0,0,0
33,65,1,0.018813,0.018813,0.999408,0.442493,0.556916,35.9976,33.77,13,13,0,0.947565,0.776285,0.17128,0,1,0,0
33,65,2,0.751467,0.751467,0.239224,-0.0905958,0.32982,32.9569,31.6376,6,8,2,0.254381,0.43471,0.18033,0,0,0,0
33,65,3,0.0231704,0.0231704,-0.95967,-0.977423,0.0177528,28.1613,28.0903,11,9,-2,0.51953,0.488805,0.0307248,0,0,1,0
33.5,66,1,1.9706,1.9706,0.999784,0.999408,0.000376046,35.9991,35.9976,13,11,-2,0.776285,0.800821,0.024536,0,0,1,0
33.5,66,2,0.0176557,0.0176557,-0.892449,0.239224,1.13167,28.4302,32.9569,8,11,3,0.43471,0.510918,0.076208,0,1,0,0
33.5,66,3,0.183181,0.183181,-0.953873,-0.95967,0.00579745,28.1845,28.1613,9,8,-1,0.488805,0.512323,0.0235184,0,0,1,0
34,67,1,1.97871,1.97871,0.787912,0.999784,0.211872,35.1516,35.9991,11,12,1,0.800821,0.96981,0.168989,0,0,0,0
34,67,2,1.81374,1.81374,-0.833276,-0.892449,0.0591736,28.6669,28.4302,11,11,0,0.510918,0.365206,0.145712,0,0,0,0
34,67,3,0.161438,0.161438,-0.533932,-0.953873,0.419941,29.8643,28.1845,8,7,-1,0.512323,0.457712,0.0546112,0,0,0,0
34.5,68,1,0.00273585,0.00273585,0.990601,0.787912,0.202689,35.9624,35.1516,12,18,6,0.96981,0.874459,0.0953504,0,1,0,0
34.5,68,2,1.75693,1.75693,-0.387974,-0.833276,0.445301,30.4481,28.6669,11,10,-1,0.365206,0.242259,0.122947,0,0,0,0
34.5,68,3,0.357129,0.357129,-0.105639,-0.533932,0.428293,31.5774,29.8643,7,2,-5,0.457712,0.437608,0.020104,0,0,0,0
35,69,1,0.00182074,0.00182074,0.988647,0.990601,0.00195479,35.9546,35.9624,18,18,0,0.874459,0.902018,0.0275584,0,1,1,0
35,69,2,0.62768,0.62768,-0.897621,-0.387974,0.509647,28.4095,30.4481,10,10,0,0.242259,0.248442,0.0061824,0,0,0,0
35,69,3,1.35741,1.35741,0.816794,-0.105639,0.922433,35.2672,31.5774,2,2,0,0.437608,0.48753,0.0499216,0,0,0,0
35.5,70,1,0.0025906,0.0025906,0.937698,0.988647,0.0509484,35.7508,35.9546,18,12,-6,0.902018,0.811189,0.0908288,0,1,0,0
35.5,70,2,0.544825,0.544825,0.498944,-0.897621,1.39656,33.9958,28.4095,10,11,1,0.248442,0.21283,0.0356112,0,0,0,0
35.5,70,3,1.65034,1.65034,-0.95554,0.816794,1.77233,28.1778,35.2672,2,7,5,0.48753,0.761546,0.274016,0,0,0,0
36,71,1,0.00324059,0.00324059,0.72247,0.937698,0.215228,34.8899,35.7508,12,8,-4,0.811189,0.905827,0.0946384,0,1,0,0
36,71,2,0.976754,0.976754,-0.697786,0.498944,1.19673,29.2089,33.9958,11,8,-3,0.21283,0.417973,0.205142,0,0,0,0
36,71,3,0.105918,0.105918,-0.936086,-0.95554,0.0194538,28.2557,28.1778,7,14,7,0.761546,0.576006,0.185539,0,0,1,0
36.5,72,1,0.00510144,0.00510144,0.999597,0.72247,0.277127,35.9984,34.8899,8,16,8,0.905827,0.870878,0.0349488,0,1,0,0
36.5,72,2,0.191451,0.191451,-0.915364,-0.697786,0.217578,28.3385,29.2089,8,10,2,0.417973,0.427208,0.0092352,0,0,0,0
36.5,72,3,0.210326,0.210326,-0.990987,-0.936086,0.0549002,28.0361,28.2557,14,4,-10,0.576006,0.514986,0.0610208,0,0,0,0
37,73,1,0.0429223,0.0429223,0.999914,0.999597,0.00031662,35.9997,35.9984,16,16,0,0.870878,0.97964,0.108762,0,0,1,0
37,73,2,0.723109,0.723109,0.550101,-0.915364,1.46546,34.2004,28.3385,10,11,1,0.427208,0.257362,0.169846,0,0,0,0
37,73,3,0.777952,0.777952,-0.91376,-0.990987,0.0772262,28.345,28.0361,4,3,-1,0.514986,0.542763,0.0277776,0,0,0,0
37.5,74,1,0.0435282,0.0435282,0.998266,0.999914,0.00164729,35.9931,35.9997,16,17,1,0.97964,0.859467,0.120173,0,0,1,0
37.5,74,2,0.325372,0.325372,-0.784811,0.550101,1.33491,28.8608,34.2004,11,11,0,0.257362,0.492186,0.234824,0,0,0,0
37.5,74,3,0.559265,0.559265,0.696073,-0.91376,1.60983,34.7843,28.345,3,2,-1,0.542763,0.489635,0.053128,0,0,0,0
38,75,1,0.00694209,0.00694209,0.984332,0.998266,0.0139341,35.9373,35.9931,17,14,-3,0.859467,0.813544,0.0459232,0,1,1,0
38,75,2,1.12939,1.12939,-0.514965,-0.784811,0.269847,29.9401,28.8608,11,11,0,0.492186,0.352931,0.139254,0,0,0,0
38,75,3,0.284049,0.284049,0.367917,0.696073,0.328156,33.4717,34.7843,2,5,3,0.489635,0.689808,0.200173,0,0,0,0
38.5,76,1,0.00275874,0.00275874,0.818859,0.984332,0.165473,35.2754,35.9373,14,10,-4,0.813544,0.881814,0.0682704,0,1,0,0
38.5,76,2,0.946666,0.946666,-0.661786,-0.514965,0.146821,29.3529,29.9401,11,10,-1,0.352931,0.182746,0.170186,0,0,0,0
38.5,76,3,1.26101,1.26101,-0.828231,0.367917,1.19615,28.6871,33.4717,5,10,5,0.689808,0.655736,0.034072,0,0,0,0
39,77,1,0.00355428,0.00355428,0.889185,0.818859,0.0703261,35.5567,35.2754,10,11,1,0.881814,0.923206,0.041392,0,1,0,0
39,77,2,0.201463,0.201463,-0.950032,-0.661786,0.288247,28.1999,29.3529,10,6,-4,0.182746,0.24476,0.0620144,0,0,0,0
39,77,3,0.00969303,0.00969303,-0.998891,-0.828231,0.17066,28.0044,28.6871,10,13,3,0.655736,0.626722,0.0290144,0,1,0,0
39.5,78,1,0.00111085,0.00111085,0.997345,0.889185,0.108159,35.9894,35.5567,11,11,0,0.923206,0.952173,0.0289664,0,1,0,0
39.5,78,2,0.943353,0.943353,-0.923792,-0.950032,0.02624,28.3048,28.1999,6,10,4,0.24476,0.251485,0.0067248,0,0,0,0
39.5,78,3,1.18635,1.18635,-0.950138,-0.998891,0.0487522,28.1994,28.0044,13,9,-4,0.626722,0.557218,0.069504,0,0,0,0
40,79,1,0.00412798,0.00412798,0.986584,0.997345,0.0107604,35.9463,35.9894,11,13,2,0.952173,0.957258,0.0050848,0,1,1,1
40,79,2,0.647595,0.647595,-0.973328,-0.923792,0.0495353,28.1067,28.3048,10,10,0,0.251485,0.203677,0.047808,0,0,0,0
40,79,3,0.295024,0.295024,-0.994437,-0.950138,0.0442984,28.0223,28.1994,9,7,-2,0.557218,0.605235,0.0480176,0,0,0,0
40.5,80,1,0.141219,0.141219,0.996528,0.986584,0.00994319,35.9861,35.9463,13,13,0,0.957258,0.925386,0.031872,0,0,1,0
40.5,80,2,0.153287,0.153287,0.30441,-0.973328,1.27774,33.2176,28.1067,10,10,0,0.203677,0.203344,0.0003328,0,0,0,0
40.5,80,3,0.786717,0.786717,-0.957295,-0.994437,0.0371422,28.1708,28.0223,7,7,0,0.605235,0.620397,0.0151616,0,0,0,0
41,81,1,0.14405,0.14405,0.4835,0.996528,0.513028,33.934,35.9861,13,13,0,0.925386,0.8552,0.0701856,0,0,0,0
41,81,2,0.0857648,0.0857648,0.454714,0.30441,0.150305,33.8189,33.2176,10,10,0,0.203344,0.423898,0.220554,0,0,0,0
41,81,3,0.0105497,0.0105497,-0.87179,-0.957295,0.0855045,28.5128,28.1708,7,7,0,0.620397,0.476379,0.144018,0,1,0,0
41.5,82,1,0.0129457,0.0129457,0.959303,0.4835,0.475803,35.8372,33.934,13,14,1,0.8552,0.697024,0.158176,0,1,0,0
41.5,82,2,0.38761,0.38761,-0.224193,0.454714,0.678908,31.1032,33.8189,10,10,0,0.423898,0.649264,0.225366,0,0,0,0
41.5,82,3,0.195908,0.195908,-0.794855,-0.87179,0.0769349,28.8206,28.5128,7,6,-1,0.476379,0.490758,0.0143792,0,0,0,0
42,83,1,0.00939602,0.00939602,0.988947,0.959303,0.029644,35.9558,35.8372,14,10,-4,0.697024,0.804206,0.107182,0,1,0,0
42,83,2,1.09175,1.09175,0.760404,-0.224193,0.984598,35.0416,31.1032,10,15,5,0.649264,0.487027,0.162237,0,0,0,0
42,83,3,0.881178,0.881178,-0.114252,-0.794855,0.680603,31.543,28.8206,6,5,-1,0.490758,0.53547,0.044712,0,0,0,0
42.5,84,1,0.021192,0.021192,0.336261,0.988947,0.652686,33.345,35.9558,10,12,2,0.804206,0.724683,0.0795232,0,0,0,0
42.5,84,2,0.906126,0.906126,-0.780034,0.760404,1.54044,28.8799,35.0416,15,12,-3,0.487027,0.556947,0.06992,0,0,0,0
42.5,84,3,0.0581411,0.0581411,0.674219,-0.114252,0.788471,34.6969,31.543,5,6,1,0.53547,0.557354,0.0218832,0,0,0,0
43,85,1,0.00334752,0.00334752,0.927719,0.336261,0.591458,35.7109,33.345,12,8,-4,0.724683,0.624898,0.0997856,0,1,0,0
43,85,2,0.359823,0.359823,-0.0374768,-0.780034,0.742558,31.8501,28.8799,12,14,2,0.556947,0.349165,0.207782,0,0,0,0
43,85,3,0.85418,0.85418,-0.983756,0.674219,1.65797,28.065,34.6969,6,8,2,0.557354,0.847072,0.289718,0,0,0,0
43.5,86,1,0.0911397,0.0911397,0.721947,0.927719,0.205772,34.8878,35.7109,8,10,2,0.624898,0.803083,0.178186,0,0,0,0
43.5,86,2,0.360196,0.360196,0.82773,-0.0374768,0.865206,35.3109,31.8501,14,10,-4,0.349165,0.324424,0.0247408,0,0,0,0
43.5,86,3,0.244902,0.244902,-0.980446,-0.983756,0.00330931,28.0782,28.065,8,10,2,0.847072,0.655147,0.191925,0,0,1,0
44,87,1,0.0521601,0.0521601,0.975666,0.721947,0.25372,35.9027,34.8878,10,14,4,0.803083,0.741955,0.061128,0,0,0,0
44,87,2,0.980276,0.980276,-0.783487,0.82773,1.61122,28.8661,35.3109,10,11,1,0.324424,0.662246,0.337822,0,0,0,0
44,87,3,0.329048,0.329048,-0.479139,-0.980446,0.501308,30.0834,28.0782,10,5,-5,0.655147,0.466789,0.188358,0,0,0,0
44.5,88,1,0.17857,0.17857,-0.148397,0.975666,1.12406,31.4064,35.9027,14,8,-6,0.741955,0.874962,0.133006,0,0,0,0
44.5,88,2,0.116068,0.116068,-0.776245,-0.783487,0.00724238,28.895,28.8661,11,16,5,0.662246,0.383005,0.279242,0,0,1,0
44.5,88,3,0.000580609,0.000580609,0.326952,-0.479139,0.806091,33.3078,30.0834,5,7,2,0.466789,0.562883,0.0960944,0,1,0,0
45,89,1,0.901875,0.901875,0.937628,-0.148397,1.08602,35.7505,31.4064,8,10,2,0.874962,0.740763,0.134198,0,0,0,0
45,89,2,0.211901,0.211901,-0.68674,-0.776245,0.0895043,29.253,28.895,16,11,-5,0.383005,0.221238,0.161766,0,0,0,0
45,89,3,0.552184,0.552184,0.528309,0.326952,0.201357,34.1132,33.3078,7,9,2,0.562883,0.9002,0.337317,0,0,0,0
45.5,90,1,0.711778,0.711778,0.980337,0.937628,0.0427095,35.9213,35.7505,10,7,-3,0.740763,0.812226,0.0714624,0,0,0,0
45.5,90,2,0.80867,0.80867,-0.0247334,-0.68674,0.662007,31.9011,29.253,11,11,0,0.221238,0.210509,0.0107296,0,0,0,0
45.5,90,3,0.841584,0.841584,-0.991161,0.528309,1.51947,28.0354,34.1132,9,12,3,0.9002,0.812237,0.0879632,0,0,0,0
46,91,1,0.511797,0.511797,0.966768,0.980337,0.0135695,35.8671,35.9213,7,10,3,0.812226,0.839826,0.0276,0,0,1,0
46,91,2,0.131378,0.131378,-0.506173,-0.0247334,0.481439,29.9753,31.9011,11,11,0,0.210509,0.291469,0.08096,0,0,0,0
46,91,3,0.0532287,0.0532287,-0.933338,-0.991161,0.0578234,28.2666,28.0354,12,9,-3,0.812237,0.706936,0.105301,0,0,0,0
46.5,92,1,0.112994,0.112994,0.990167,0.966768,0.0233995,35.9607,35.8671,10,12,2,0.839826,0.967283,0.127458,0,0,0,0
46.5,92,2,0.193504,0.193504,0.168297,-0.506173,0.67447,32.6732,29.9753,11,11,0,0.291469,0.338666,0.0471968,0,0,0,0
46.5,92,3,0.00168842,0.00168842,-0.988943,-0.933338,0.0556051,28.0442,28.2666,9,7,-2,0.706936,0.554411,0.152525,0,1,0,0
47,93,1,0.113292,0.113292,0.983089,0.990167,0.00707775,35.9324,35.9607,12,15,3,0.967283,0.877898,0.0893856,0,0,1,0
47,93,2,0.0829177,0.0829177,-0.862375,0.168297,1.03067,28.5505,32.6732,11,10,-1,0.338666,0.394181,0.0555152,0,0,0,0
47,93,3,0.831695,0.831695,-0.36698,-0.988943,0.621963,30.5321,28.0442,7,5,-2,0.554411,0.455264,0.0991472,0,0,0,0
47.5,94,1,0.00817317,0.00817317,0.995479,0.983089,0.0123897,35.9819,35.9324,15,14,-1,0.877898,0.960002,0.082104,0,1,1,0
47.5,94,2,1.29828,1.29828,-0.650742,-0.862375,0.211633,29.397,28.5505,10,11,1,0.394181,0.344606,0.0495744,0,0,0,0
47.5,94,3,0.252351,0.252351,0.233579,-0.36698,0.600559,32.9343,30.5321,5,5,0,0.455264,0.504562,0.0492976,0,0,0,0
48,95,1,0.00637293,0.00637293,0.956537,0.995479,0.0389422,35.8261,35.9819,14,13,-1,0.960002,0.832968,0.127034,0,1,0,0
48,95,2,1.71675,1.71675,-0.348781,-0.650742,0.301961,30.6049,29.397,11,9,-2,0.344606,0.216416,0.12819,0,0,0,0
48,95,3,0.95167,0.95167,-0.184935,0.233579,0.418514,31.2603,32.9343,5,8,3,0.504562,0.678858,0.174296,0,0,0,0
48.5,96,1,0.0104518,0.0104518,0.957536,0.956537,0.00099957,35.8301,35.8261,13,9,-4,0.832968,0.853714,0.0207456,0,1,1,0
48.5,96,2,0.758499,0.758499,-0.628953,-0.348781,0.280172,29.4842,30.6049,9,11,2,0.216416,0.255035,0.0386192,0,0,0,0
48.5,96,3,0.123689,0.123689,-0.917654,-0.184935,0.732719,28.3294,31.2603,8,10,2,0.678858,0.614104,0.0647536,0,0,0,0
49,97,1,0.182676,0.182676,0.999575,0.957536,0.0420386,35.9983,35.8301,9,15,6,0.853714,0.933118,0.0794048,0,0,0,0
49,97,2,0.944798,0.944798,-0.550708,-0.628953,0.0782453,29.7972,29.4842,11,6,-5,0.255035,0.285848,0.0308128,0,0,0,0
49,97,3,0.959057,0.959057,-0.908733,-0.917654,0.00892127,28.3651,28.3294,10,9,-1,0.614104,0.537155,0.0769488,0,0,1,0
49.5,98,1,0.181425,0.181425,0.987198,0.999575,0.0123771,35.9488,35.9983,15,12,-3,0.933118,1.06123,0.128109,0,0,1,0
49.5,98,2,0.985991,0.985991,-0.555806,-0.550708,0.00509804,29.7768,29.7972,6,10,4,0.285848,0.279875,0.0059728,0,0,1,0
49.5,98,3,0.949954,0.949954,-0.306599,-0.908733,0.602134,30.7736,28.3651,9,8,-1,0.537155,0.490898,0.0462576,0,0,0,0
50,99,1,0.0126482,0.0126482,0.571506,0.987198,0.415692,34.286,35.9488,12,12,0,1.06123,0.982443,0.078784,0,1,0,0
50,99,2,0.360355,0.360355,-0.358285,-0.555806,0.19752,30.5669,29.7768,10,11,1,0.279875,0.281029,0.0011536,0,0,0,0
50,99,3,0.0817888,0.0817888,-0.699104,-0.306599,0.392505,29.2036,30.7736,8,7,-1,0.490898,0.554629,0.0637312,0,0,0,0
50.5,100,1,0.0607066,0.0607066,0.965612,0.571506,0.394105,35.8624,34.286,12,13,1,0.982443,0.846525,0.135918,0,0,0,0
50.5,100,2,0.89098,0.89098,-0.471704,-0.358285,0.113418,30.1132,30.5669,11,11,0,0.281029,0.333696,0.0526672,0,0,0,0
50.5,100,3,0.100244,0.100244,-0.363196,-0.699104,0.335908,30.5472,29.2036,7,6,-1,0.554629,0.56636,0.0117312,0,0,0,0
51,101,1,0.0521846,0.0521846,0.999452,0.965612,0.0338407,35.9978,35.8624,13,13,0,0.846525,0.862368,0.0158432,0,0,0,0
51,101,2,0.331225,0.331225,-0.238291,-0.471704,0.233413,31.0468,30.1132,11,11,0,0.333696,0.34185,0.0081536,0,0,0,0
51,101,3,0.181386,0.181386,0.12523,-0.363196,0.488426,32.5009,30.5472,6,6,0,0.56636,0.559878,0.0064816,0,0,0,0
51.5,102,1,0.00742424,0.00742424,0.998437,0.999452,0.00101519,35.9937,35.9978,13,13,0,0.862368,0.81373,0.0486384,0,1,1,0
51.5,102,2,0.795161,0.795161,-0.858415,-0.238291,0.620124,28.5663,31.0468,11,11,0,0.34185,0.323059,0.0187904,0,0,0,0
51.5,102,3,0.122395,0.122395,-0.881936,0.12523,1.00717,28.4723,32.5009,6,6,0,0.559878,0.648221,0.0883424,0,0,0,0
52,103,1,0.0715181,0.0715181,0.837232,0.998437,0.161205,35.3489,35.9937,13,11,-2,0.81373,0.920242,0.106512,0,0,0,0
52,103,2,1.85632,1.85632,-0.543035,-0.858415,0.31538,29.8279,28.5663,11,11,0,0.323059,0.283805,0.0392544,0,0,0,0
52,103,3,0.459243,0.459243,-0.782229,-0.881936,0.0997069,28.8711,28.4723,6,8,2,0.648221,0.528555,0.119666,0,0,0,0
52.5,104,1,0.0348517,0.0348517,0.989329,0.837232,0.152098,35.9573,35.3489,11,14,3,0.920242,0.927773,0.0075312,0,0,0,0
52.5,104,2,1.1034,1.1034,-0.498833,-0.543035,0.0442021,30.0047,29.8279,11,11,0,0.283805,0.279902,0.0039024,0,0,0,0
52.5,104,3,0.541777,0.541777,-0.345382,-0.782229,0.436847,30.6185,28.8711,8,5,-3,0.528555,0.531491,0.002936,0,0,0,0
53,105,1,0.0258573,0.0258573,0.983274,0.989329,0.00605559,35.9331,35.9573,14,14,0,0.927773,0.929293,0.00152,0,0,1,0
53,105,2,1.03661,1.03661,-0.711503,-0.498833,0.21267,29.154,30.0047,11,11,0,0.279902,0.326094,0.046192,0,0,0,0
53,105,3,0.62654,0.62654,-0.203515,-0.345382,0.141867,31.1859,30.6185,5,5,0,0.531491,0.548267,0.016776,0,0,0,0
53.5,106,1,0.024793,0.024793,0.998188,0.983274,0.0149143,35.9928,35.9331,14,14,0,0.929293,0.825581,0.103712,0,0,1,0
53.5,106,2,1.22165,1.22165,-0.916417,-0.711503,0.204914,28.3343,29.154,11,11,0,0.326094,0.291446,0.034648,0,0,0,0
53.5,106,3,0.403496,0.403496,-0.773859,-0.203515,0.570344,28.9046,31.1859,5,5,0,0.548267,0.702749,0.154482,0,0,0,0
54,107,1,0.0336816,0.0336816,0.944588,0.998188,0.0536002,35.7784,35.9928,14,14,0,0.825581,0.935078,0.109498,0,0,0,0
54,107,2,0.569229,0.569229,-0.556352,-0.916417,0.360065,29.7746,28.3343,11,6,-5,0.291446,0.289914,0.0015328,0,0,0,0
54,107,3,0.196302,0.196302,-0.195371,-0.773859,0.578489,31.2185,28.9046,5,10,5,0.702749,0.570181,0.132568,0,0,0,0
54.5,108,1,0.0305464,0.0305464,0.978921,0.944588,0.0343335,35.9157,35.7784,14,13,-1,0.935078,0.957448,0.0223696,0,0,0,0
54.5,108,2,0.193821,0.193821,-0.728925,-0.556352,0.172573,29.0843,29.7746,6,10,4,0.289914,0.29856,0.0086464,0,0,0,0
54.5,108,3,0.632635,0.632635,-0.604224,-0.195371,0.408853,29.5831,31.2185,10,7,-3,0.570181,0.606054,0.0358736,0,0,0,0
55,109,1,0.000766993,0.000766993,0.981979,0.978921,0.0030579,35.9279,35.9157,13,12,-1,0.957448,0.969331,0.0118832,0,1,1,0
55,109,2,0.230527,0.230527,0.743107,-0.728925,1.47203,34.9724,29.0843,10,11,1,0.29856,0.314605,0.0160448,0,0,0,0
55,109,3,0.671413,0.671413,-0.957573,-0.604224,0.353349,28.1697,29.5831,7,7,0,0.606054,0.557915,0.0481392,0,0,0,0
55.5,110,1,0.00724113,0.00724113,0.99105,0.981979,0.00907069,35.9642,35.9279,12,12,0,0.969331,0.825818,0.143514,0,1,1,0
55.5,110,2,0.340231,0.340231,-0.993125,0.743107,1.73623,28.0275,34.9724,11,10,-1,0.314605,0.553035,0.23843,0,0,0,0
55.5,110,3,0.00536507,0.00536507,-0.906335,-0.957573,0.0512382,28.3747,28.1697,7,8,1,0.557915,0.492283,0.065632,0,1,0,0
56,111,1,0.0033561,0.0033561,0.987719,0.99105,0.00333142,35.9509,35.9642,12,13,1,0.825818,0.937331,0.111514,0,1,1,0
56,111,2,0.0156587,0.0156587,-0.156976,-0.993125,0.836149,31.3721,28.0275,10,10,0,0.553035,0.44035,0.112685,0,1,0,0
56,111,3,0.913434,0.913434,-0.411078,-0.906335,0.495257,30.3557,28.3747,8,6,-2,0.492283,0.51403,0.0217472,0,0,0,0
56.5,112,1,0.000733614,0.000733614,0.967154,0.987719,0.020565,35.8686,35.9509,13,13,0,0.937331,0.931542,0.0057888,0,1,0,0
56.5,112,2,0.939252,0.939252,-0.875133,-0.156976,0.718157,28.4995,31.3721,10,11,1,0.44035,0.356186,0.0841648,0,0,0,0
56.5,112,3,0.536729,0.536729,0.653032,-0.411078,1.06411,34.6121,30.3557,6,6,0,0.51403,0.576202,0.0621712,0,0,0,0
57,113,1,0.0126707,0.0126707,0.981439,0.967154,0.0142858,35.9258,35.8686,13,13,0,0.931542,0.831213,0.10033,0,1,1,0
57,113,2,0.316526,0.316526,0.610901,-0.875133,1.48603,34.4436,28.4995,11,11,0,0.356186,0.29535,0.0608352,0,0,0,0
57,113,3,1.4463,1.4463,-0.980663,0.653032,1.6337,28.0773,34.6121,6,6,0,0.576202,0.764539,0.188338,0,0,0,0
57.5,114,1,0.0207315,0.0207315,0.805296,0.981439,0.176143,35.2212,35.9258,13,9,-4,0.831213,0.749198,0.0820144,0,0,0,0
57.5,114,2,1.32193,1.32193,-0.587202,0.610901,1.1981,29.6512,34.4436,11,9,-2,0.29535,0.49036,0.19501,0,0,0,0
57.5,114,3,0.0138026,0.0138026,-0.849048,-0.980663,0.131616,28.6038,28.0773,6,12,6,0.764539,0.600315,0.164224,0,1,0,0
58,115,1,1.46844,1.46844,0.99974,0.805296,0.194444,35.999,35.2212,9,12,3,0.749198,0.866739,0.117541,0,0,0,0
58,115,2,0.220025,0.220025,-0.751348,-0.587202,0.164147,28.9946,29.6512,9,9,0,0.49036,0.510117,0.0197568,0,0,0,0
58,115,3,0.992558,0.992558,-0.916284,-0.849048,0.0672364,28.3349,28.6038,12,9,-3,0.600315,0.514213,0.0861024,0,0,0,0
58.5,116,1,1.50552,1.50552,0.982089,0.99974,0.0176511,35.9284,35.999,12,13,1,0.866739,1.06622,0.19948,0,0,1,0
58.5,116,2,1.17825,1.17825,-0.607399,-0.751348,0.143949,29.5704,28.9946,9,11,2,0.510117,0.32429,0.185827,0,0,0,0
58.5,116,3,0.360246,0.360246,0.213415,-0.916284,1.1297,32.8537,28.3349,9,6,-3,0.514213,0.540152,0.0259392,0,0,0,0
1,118,1,-1,-1,0.990488,0.990488,-1,35.962,35.962,11,11,0,0,0,0,0,0,0,0
1,118,2,-1,-1,-0.584436,-0.584436,-1,29.6623,29.6623,10,10,0,0,0,0,0,0,0,0
1,118,3,-1,-1,-0.867861,-0.867861,-1,28.5286,28.5286,9,9,0,0,0,0,0,0,0,0
1.5,119,1,0.0562833,0.0562833,0.917534,0.990488,0.0729547,35.6701,35.962,11,12,1,0,1.06941,1.06941,0,0,0,0
1.5,119,2,0.628365,0.628365,-0.675862,-0.584436,0.0914258,29.2966,29.6623,10,9,-1,0,0.376096,0.376096,0,0,0,0
1.5,119,3,0.460117,0.460117,-0.329356,-0.867861,0.538504,30.6826,28.5286,9,9,0,0,0.563675,0.563675,0,0,0,0
2,120,1,0.0955003,0.0955003,0.965657,0.917534,0.0481235,35.8626,35.6701,12,15,3,1.06941,0.917,0.15241,0,0,0,0
2,120,2,0.272301,0.272301,-0.792091,-0.675862,0.116229,28.8316,29.2966,9,10,1,0.376096,0.416891,0.0407952,0,0,0,0
2,120,3,0.0850599,0.0850599,-0.936609,-0.329356,0.607253,28.2536,30.6826,9,5,-4,0.563675,0.581923,0.018248,0,0,0,0
2.5,121,1,0.0926844,0.0926844,0.96958,0.965657,0.00392264,35.8783,35.8626,15,17,2,0.917,0.907666,0.0093344,0,0,1,0
2.5,121,2,0.0598719,0.0598719,0.865114,-0.792091,1.65721,35.4605,28.8316,10,6,-4,0.416891,0.448142,0.0312512,0,0,0,0
2.5,121,3,0.322258,0.322258,-0.220536,-0.936609,0.716073,31.1179,28.2536,5,7,2,0.581923,0.598941,0.0170176,0,0,0,0
3,122,1,9.87649e-05,9.87649e-05,0.959008,0.96958,0.0105717,35.836,35.8783,17,18,1,0.907666,0.751742,0.155923,0,1,1,0
3,122,2,1.20542,1.20542,-0.389895,0.865114,1.25501,30.4404,35.4605,6,6,0,0.448142,0.669902,0.22176,0,0,0,0
3,122,3,1.37552,1.37552,0.804601,-0.220536,1.02514,35.2184,31.1179,7,6,-1,0.598941,0.549323,0.0496176,0,0,0,0
3.5,123,1,0.165315,0.165315,0.996794,0.959008,0.0377858,35.9872,35.836,18,15,-3,0.751742,0.655819,0.0959232,0,0,0,0
3.5,123,2,0.171293,0.171293,0.395219,-0.389895,0.785114,33.5809,30.4404,6,8,2,0.669902,0.511765,0.158138,0,0,0,0
3.5,123,3,0.523698,0.523698,0.222499,0.804601,0.582102,32.89,35.2184,6,7,1,0.549323,0.83292,0.283597,0,0,0,0
4,124,1,0.148367,0.148367,0.798521,0.996794,0.198273,35.1941,35.9872,15,12,-3,0.655819,0.754738,0.0989184,0,0,0,0
4,124,2,0.584469,0.584469,0.826726,0.395219,0.431507,35.3069,33.5809,8,11,3,0.511765,0.436906,0.0748592,0,0,0,0
4,124,3,1.32004,1.32004,-0.992094,0.222499,1.21459,28.0316,32.89,7,7,0,0.83292,0.841373,0.0084528,0,0,0,0
4.5,125,1,0.0172969,0.0172969,0.939155,0.798521,0.140633,35.7566,35.1941,12,11,-1,0.754738,0.743109,0.0116288,0,1,0,0
4.5,125,2,0.629556,0.629556,-0.963018,0.826726,1.78974,28.1479,35.3069,11,11,0,0.436906,0.635024,0.198118,0,0,0,0
4.5,125,3,0.0348657,0.0348657,0.256853,-0.992094,1.24895,33.0274,28.0316,7,8,1,0.841373,0.542555,0.298818,0,0,0,0
5,126,1,0.00233674,0.00233674,-0.215436,0.939155,1.15459,31.1383,35.7566,11,11,0,0.743109,0.787613,0.044504,0,1,0,0
5,126,2,0.518476,0.518476,-0.958361,-0.963018,0.00465745,28.1666,28.1479,11,13,2,0.635024,0.516659,0.118365,0,0,1,0
5,126,3,0.27853,0.27853,-0.606923,0.256853,0.863776,29.5723,33.0274,8,6,-2,0.542555,0.62824,0.0856848,0,0,0,0
5.5,127,1,0.0171577,0.0171577,0.907859,-0.215436,1.1233,35.6314,31.1383,11,10,-1,0.787613,0.828997,0.041384,0,1,0,0
5.5,127,2,1.10844,1.10844,-0.915687,-0.958361,0.0426738,28.3373,28.1666,13,12,-1,0.516659,0.401253,0.115406,0,0,0,0
5.5,127,3,0.290652,0.290652,0.247961,-0.606923,0.854884,32.9918,29.5723,6,8,2,0.62824,0.784958,0.156718,0,0,0,0
6,128,1,0.00846475,0.00846475,0.996029,0.907859,0.0881699,35.9841,35.6314,10,15,5,0.828997,0.824506,0.0044912,0,1,0,0
6,128,2,1.65187,1.65187,-0.402185,-0.915687,0.513502,30.3913,28.3373,12,9,-3,0.401253,0.450379,0.0491264,0,0,0,0
6,128,3,0.396842,0.396842,-0.977251,0.247961,1.22521,28.091,32.9918,8,6,-2,0.784958,0.713725,0.0712336,0,0,0,0
6.5,129,1,0.271074,0.271074,0.999865,0.996029,0.0038358,35.9995,35.9841,15,19,4,0.824506,0.855336,0.0308304,0,0,1,0
6.5,129,2,1.79557,1.79557,-0.990614,-0.402185,0.588428,28.0375,30.3913,9,2,-7,0.450379,0.514139,0.06376,0,0,0,0
6.5,129,3,0.357771,0.357771,-0.519265,-0.977251,0.457986,29.9229,28.091,6,9,3,0.713725,0.539966,0.173758,0,0,0,0
7,130,1,0.278734,0.278734,0.998773,0.999865,0.00109202,35.9951,35.9995,19,16,-3,0.855336,0.904555,0.0492192,0,0,1,0
7,130,2,1.79009,1.79009,0.534502,-0.990614,1.52512,34.138,28.0375,2,7,5,0.514139,0.49045,0.0236896,0,0,0,0
7,130,3,0.042353,0.042353,-0.685662,-0.519265,0.166397,29.2574,29.9229,9,7,-2,0.539966,0.511963,0.0280032,0,0,0,0
7.5,131,1,0.000651419,0.000651419,0.999872,0.998773,0.00109905,35.9995,35.9951,16,20,4,0.904555,0.781864,0.122691,0,1,1,0
7.5,131,2,0.0148746,0.0148746,0.213643,0.534502,0.320859,32.8546,34.138,7,5,-2,0.49045,0.61928,0.12883,0,1,0,0
7.5,131,3,1.64848,1.64848,-0.968156,-0.685662,0.282495,28.1274,29.2574,7,5,-2,0.511963,0.490299,0.021664,0,0,0,0
8,132,1,2.71201e-05,2.71201e-05,0.122361,0.999872,0.877511,32.4894,35.9995,20,13,-7,0.781864,0.968666,0.186802,0,1,0,0
8,132,2,0.0861459,0.0861459,-0.902053,0.213643,1.1157,28.3918,32.8546,5,12,7,0.61928,0.575474,0.0438064,0,0,0,0
8,132,3,0.184557,0.184557,-0.842509,-0.968156,0.125647,28.63,28.1274,5,5,0,0.490299,0.453392,0.0369072,0,0,0,0
8.5,133,1,0.000145555,0.000145555,-0.130239,0.122361,0.2526,31.479,32.4894,13,11,-2,0.968666,0.986989,0.0183232,0,1,0,0
8.5,133,2,0.295431,0.295431,-0.382416,-0.902053,0.519637,30.4703,28.3918,12,12,0,0.575474,0.471893,0.103581,0,0,0,0
8.5,133,3,1.45563,1.45563,-0.602343,-0.842509,0.240166,29.5906,28.63,5,7,2,0.453392,0.569347,0.115955,0,0,0,0
9,134,1,0.0190746,0.0190746,0.959104,-0.130239,1.08934,35.8364,31.479,11,10,-1,0.986989,0.774096,0.212893,0,1,0,0
9,134,2,0.33451,0.33451,-0.942196,-0.382416,0.55978,28.2312,30.4703,12,12,0,0.471893,0.46437,0.0075232,0,0,0,0
9,134,3,0.0118691,0.0118691,-0.95725,-0.602343,0.354907,28.171,29.5906,7,8,1,0.569347,0.689174,0.119827,0,1,0,0
9.5,135,1,0.120473,0.120473,0.999765,0.959104,0.0406615,35.9991,35.8364,10,8,-2,0.774096,0.985574,0.211478,0,0,0,0
9.5,135,2,1.72928,1.72928,-0.67113,-0.942196,0.271065,29.3155,28.2312,12,14,2,0.46437,0.416741,0.0476288,0,0,0,0
9.5,135,3,0.0151412,0.0151412,-0.987551,-0.95725,0.0303009,28.0498,28.171,8,8,0,0.689174,0.56341,0.125765,0,1,0,0
10,136,1,0.136834,0.136834,0.997629,0.999765,0.00213653,35.9905,35.9991,8,14,6,0.985574,0.885858,0.0997168,0,0,1,0
10,136,2,1.58833,1.58833,0.37284,-0.67113,1.04397,33.4914,29.3155,14,11,-3,0.416741,0.500074,0.0833328,0,0,0,0
10,136,3,0.55233,0.55233,0.526976,-0.987551,1.51453,34.1079,28.0498,8,5,-3,0.56341,0.498403,0.0650064,0,0,0,0
10.5,137,1,0.000980794,0.000980794,0.970839,0.997629,0.0267895,35.8834,35.9905,14,15,1,0.885858,0.796816,0.0890416,0,1,0,0
10.5,137,2,1.07178,1.07178,-0.579102,0.37284,0.951942,29.6836,33.4914,11,9,-2,0.500074,0.437328,0.0627456,0,0,0,0
10.5,137,3,0.134242,0.134242,-0.651738,0.526976,1.17871,29.393,34.1079,5,6,1,0.498403,0.641837,0.143434,0,0,0,0
11,138,1,0.00165522,0.00165522,0.591289,0.970839,0.37955,34.3652,35.8834,15,10,-5,0.796816,0.867626,0.0708096,0,1,0,0
11,138,2,1.03229,1.03229,0.0687411,-0.579102,0.647843,32.275,29.6836,9,11,2,0.437328,0.431491,0.0058368,0,0,0,0
11,138,3,0.406026,0.406026,-0.368242,-0.651738,0.283496,30.527,29.393,6,9,3,0.641837,0.554174,0.0876624,0,0,0,0
11.5,139,1,0.00324255,0.00324255,0.987714,0.591289,0.396425,35.9509,34.3652,10,14,4,0.867626,0.793106,0.07452,0,1,0,0
11.5,139,2,0.195152,0.195152,-0.326942,0.0687411,0.395683,30.6922,32.275,11,7,-4,0.431491,0.500275,0.068784,0,0,0,0
11.5,139,3,1.46017,1.46017,-0.977787,-0.368242,0.609545,28.0889,30.527,9,9,0,0.554174,0.518662,0.035512,0,0,0,0
12,140,1,0.0023464,0.0023464,0.992144,0.987714,0.00443,35.9686,35.9509,14,14,0,0.793106,1.01172,0.218618,0,1,1,0
12,140,2,0.124082,0.124082,0.364156,-0.326942,0.691098,33.4566,30.6922,7,11,4,0.500275,0.455323,0.044952,0,0,0,0
12,140,3,1.12172,1.12172,-0.797648,-0.977787,0.180139,28.8094,28.0889,9,5,-4,0.518662,0.480358,0.038304,0,0,0,0
12.5,141,1,0.00594378,0.00594378,0.798021,0.992144,0.194124,35.1921,35.9686,14,11,-3,1.01172,1.00432,0.0074,0,1,0,0
12.5,141,2,1.48183,1.48183,-0.953774,0.364156,1.31793,28.1849,33.4566,11,12,1,0.455323,0.474378,0.0190544,0,0,0,0
12.5,141,3,0.36528,0.36528,-0.87069,-0.797648,0.0730419,28.5172,28.8094,5,7,2,0.480358,0.44625,0.0341088,0,0,0,0
13,142,1,0.000663817,0.000663817,0.999197,0.798021,0.201176,35.9968,35.1921,11,14,3,1.00432,0.929859,0.074464,0,1,0,0
13,142,2,1.63259,1.63259,0.450783,-0.953774,1.40456,33.8031,28.1849,12,12,0,0.474378,0.494477,0.0200992,0,0,0,0
13,142,3,1.78292,1.78292,-0.316338,-0.87069,0.554352,30.7346,28.5172,7,4,-3,0.44625,0.461707,0.0154576,0,0,0,0
13.5,143,1,0.274575,0.274575,0.999949,0.999197,0.000752151,35.9998,35.9968,14,23,9,0.929859,0.888662,0.0411968,0,0,1,0
13.5,143,2,0.0727881,0.0727881,-0.946561,0.450783,1.39734,28.2138,33.8031,12,4,-8,0.494477,0.467637,0.02684,0,0,0,0
13.5,143,3,0.835211,0.835211,0.519922,-0.316338,0.83626,34.0797,30.7346,4,3,-1,0.461707,0.482288,0.0205808,0,0,0,0
14,144,1,0.270483,0.270483,0.906182,0.999949,0.0937672,35.6247,35.9998,23,11,-12,0.888662,0.845773,0.0428896,0,0,0,0
14,144,2,0.109474,0.109474,-0.824954,-0.946561,0.121607,28.7002,28.2138,4,12,8,0.467637,0.423451,0.0441856,0,0,0,0
14,144,3,0.877544,0.877544,-0.652082,0.519922,1.172,29.3917,34.0797,3,7,4,0.482288,0.800314,0.318026,0,0,0,0
14.5,145,1,0.00134915,0.00134915,0.643042,0.906182,0.26314,34.5722,35.6247,11,11,0,0.845773,0.941384,0.0956112,0,1,0,0
14.5,145,2,0.169948,0.169948,-0.838786,-0.824954,0.0138319,28.6449,28.7002,12,11,-1,0.423451,0.322638,0.100813,0,0,1,0
14.5,145,3,0.124981,0.124981,-0.69625,-0.652082,0.0441685,29.215,29.3917,7,8,1,0.800314,0.661893,0.138421,0,0,0,0
15,146,1,0.00132108,0.00132108,0.953289,0.643042,0.310247,35.8132,34.5722,11,12,1,0.941384,0.961899,0.0205152,0,1,0,0
15,146,2,1.78343,1.78343,-0.59748,-0.838786,0.241305,29.6101,28.6449,11,9,-2,0.322638,0.330818,0.0081792,0,0,0,0
15,146,3,0.176466,0.176466,-0.925489,-0.69625,0.229239,28.298,29.215,8,9,1,0.661893,0.54571,0.116182,0,0,0,0
15.5,147,1,0.00280172,0.00280172,0.92976,0.953289,0.0235292,35.719,35.8132,12,12,0,0.961899,0.899725,0.0621744,0,1,0,0
15.5,147,2,1.74165,1.74165,-0.183309,-0.59748,0.414171,31.2668,29.6101,9,9,0,0.330818,0.466235,0.135418,0,0,0,0
15.5,147,3,0.0116436,0.0116436,-0.996651,-0.925489,0.0711617,28.0134,28.298,9,9,0,0.54571,0.58077,0.0350592,0,1,0,0
16,148,1,0.000843823,0.000843823,0.999443,0.92976,0.0696834,35.9978,35.719,12,13,1,0.899725,0.934518,0.0347936,0,1,0,0
16,148,2,0.773356,0.773356,-0.969315,-0.183309,0.786006,28.1227,31.2668,9,10,1,0.466235,0.473608,0.0073728,0,0,0,0
16,148,3,0.00509703,0.00509703,-0.605106,-0.996651,0.391545,29.5796,28.0134,9,7,-2,0.58077,0.46725,0.11352,0,1,0,0
16.5,149,1,0.00656819,0.00656819,0.97672,0.999443,0.0227227,35.9069,35.9978,13,13,0,0.934518,0.903029,0.0314896,0,1,0,0
16.5,149,2,0.444454,0.444454,-0.553867,-0.969315,0.415448,29.7845,28.1227,10,9,-1,0.473608,0.38921,0.0843984,0,0,0,0
16.5,149,3,0.22062,0.22062,-0.987211,-0.605106,0.382105,28.0512,29.5796,7,8,1,0.46725,0.414819,0.0524304,0,0,0,0
17,150,1,0.000206172,0.000206172,0.989926,0.97672,0.0132056,35.9597,35.9069,13,15,2,0.903029,0.914672,0.0116432,0,1,1,0
17,150,2,0.0568603,0.0568603,-0.993684,-0.553867,0.439816,28.0253,29.7845,9,7,-2,0.38921,0.413275,0.0240656,0,0,0,0
17,150,3,0.209794,0.209794,-0.969918,-0.987211,0.0172925,28.1203,28.0512,8,8,0,0.414819,0.452269,0.0374496,0,0,1,0
17.5,151,1,0.000107169,0.000107169,0.980455,0.989926,0.00947112,35.9218,35.9597,15,14,-1,0.914672,1.02839,0.113715,0,1,1,0
17.5,151,2,0.0230026,0.0230026,-0.909278,-0.993684,0.0844053,28.3629,28.0253,7,8,1,0.413275,0.393581,0.0196944,0,0,0,0
17.5,151,3,1.45604,1.45604,0.688059,-0.969918,1.65798,34.7522,28.1203,8,8,0,0.452269,0.435779,0.0164896,0,0,0,0
18,152,1,0.0470557,0.0470557,0.948971,0.980455,0.0314841,35.7959,35.9218,14,18,4,1.02839,0.794883,0.233504,0,0,0,0
18,152,2,1.38637,1.38637,-0.943696,-0.909278,0.0344174,28.2252,28.3629,8,8,0,0.393581,0.317376,0.0762048,0,0,0,0
18,152,3,0.780599,0.780599,-0.055513,0.688059,0.743572,31.7779,34.7522,8,4,-4,0.435779,0.67969,0.24391,0,0,0,0
18.5,153,1,0.047211,0.047211,0.999292,0.948971,0.0503215,35.9972,35.7959,18,12,-6,0.794883,0.853592,0.0587088,0,0,0,0
18.5,153,2,1.23775,1.23775,0.810584,-0.943696,1.75428,35.2423,28.2252,8,8,0,0.317376,0.274141,0.0432352,0,0,0,0
18.5,153,3,0.637562,0.637562,-0.920553,-0.055513,0.86504,28.3178,31.7779,4,10,6,0.67969,0.63237,0.04732,0,0,0,0
19,154,1,0.0438875,0.0438875,0.997032,0.999292,0.00226015,35.9881,35.9972,12,18,6,0.853592,0.74664,0.106952,0,0,1,0
19,154,2,0.570537,0.570537,-0.183671,0.810584,0.994255,31.2653,35.2423,8,2,-6,0.274141,0.625955,0.351814,0,0,0,0
19,154,3,0.0210668,0.0210668,-0.636302,-0.920553,0.284251,29.4548,28.3178,10,10,0,0.63237,0.423747,0.208622,0,0,0,0
19.5,155,1,0.0130051,0.0130051,0.999998,0.997032,0.00296634,36,35.9881,18,17,-1,0.74664,0.790763,0.0441232,0,1,1,0
19.5,155,2,0.844319,0.844319,-0.0232523,-0.183671,0.160419,31.907,31.2653,2,8,6,0.625955,0.562814,0.0631408,0,0,0,0
19.5,155,3,0.0585325,0.0585325,-0.0474589,-0.636302,0.588843,31.8102,29.4548,10,5,-5,0.423747,0.398171,0.025576,0,0,0,0
20,156,1,0.030362,0.030362,0.949484,0.999998,0.0505143,35.7979,36,17,12,-5,0.790763,0.851264,0.0605008,0,0,0,0
20,156,2,0.197734,0.197734,-0.964012,-0.0232523,0.940759,28.144,31.907,8,13,5,0.562814,0.42436,0.138454,0,0,0,0
20,156,3,1.42316,1.42316,0.193119,-0.0474589,0.240578,32.7725,31.8102,5,5,0,0.398171,0.497963,0.099792,0,0,0,0
20.5,157,1,0.253777,0.253777,0.970355,0.949484,0.0208712,35.8814,35.7979,12,11,-1,0.851264,0.854898,0.0036336,0,0,0,0
20.5,157,2,0.233364,0.233364,0.499537,-0.964012,1.46355,33.9981,28.144,13,10,-3,0.42436,0.330336,0.094024,0,0,0,0
20.5,157,3,1.42901,1.42901,0.0925642,0.193119,0.100555,32.3703,32.7725,5,9,4,0.497963,0.589858,0.0918944,0,0,0,0
21,158,1,0.225411,0.225411,0.960116,0.970355,0.0102394,35.8405,35.8814,11,14,3,0.854898,0.739806,0.115091,0,0,1,0
21,158,2,0.481243,0.481243,0.564591,0.499537,0.0650542,34.2584,33.9981,10,5,-5,0.330336,0.458429,0.128093,0,0,0,0
21,158,3,0.0097146,0.0097146,-0.311715,0.0925642,0.404279,30.7531,32.3703,9,11,2,0.589858,0.567029,0.0228288,0,1,0,0
21.5,159,1,0.00510341,0.00510341,0.999258,0.960116,0.0391421,35.997,35.8405,14,12,-2,0.739806,0.685778,0.0540288,0,1,0,0
21.5,159,2,0.205344,0.205344,-0.975597,0.564591,1.54019,28.0976,34.2584,5,8,3,0.458429,0.602402,0.143973,0,0,0,0
21.5,159,3,0.0661088,0.0661088,-0.844995,-0.311715,0.53328,28.62,30.7531,11,10,-1,0.567029,0.484152,0.0828768,0,0,0,0
22,160,1,0.0516602,0.0516602,0.891474,0.999258,0.107784,35.5659,35.997,12,9,-3,0.685778,0.985709,0.299931,0,0,0,0
22,160,2,0.0885015,0.0885015,-0.64726,-0.975597,0.328337,29.411,28.0976,8,13,5,0.602402,0.421435,0.180966,0,0,0,0
22,160,3,0.0108207,0.0108207,0.296776,-0.844995,1.14177,33.1871,28.62,10,8,-2,0.484152,0.454339,0.0298128,0,1,0,0
22.5,161,1,0.0704329,0.0704329,0.985456,0.891474,0.0939825,35.9418,35.5659,9,14,5,0.985709,0.922318,0.0633904,0,0,0,0
22.5,161,2,0.706369,0.706369,0.00839065,-0.64726,0.655651,32.0336,29.411,13,11,-2,0.421435,0.27633,0.145106,0,0,0,0
22.5,161,3,0.0125321,0.0125321,-0.906339,0.296776,1.20311,28.3746,33.1871,8,5,-3,0.454339,0.609714,0.155374,0,1,0,0
23,162,1,0.00161368,0.00161368,0.988532,0.985456,0.0030759,35.9541,35.9418,14,11,-3,0.922318,0.821333,0.100986,0,1,1,0
23,162,2,0.358489,0.358489,0.853226,0.00839065,0.844835,35.4129,32.0336,11,10,-1,0.27633,0.448112,0.171782,0,0,0,0
23,162,3,0.0412238,0.0412238,-0.996979,-0.906339,0.0906395,28.0121,28.3746,5,9,4,0.609714,0.52192,0.0877936,0,0,0,0
23.5,163,1,0.00622809,0.00622809,0.995916,0.988532,0.00738388,35.9837,35.9541,11,15,4,0.821333,0.7134,0.107933,0,1,1,0
23.5,163,2,0.379983,0.379983,-0.834523,0.853226,1.68775,28.6619,35.4129,10,9,-1,0.448112,0.645549,0.197437,0,0,0,0
23.5,163,3,0.965712,0.965712,0.369641,-0.996979,1.36662,33.4786,28.0121,9,6,-3,0.52192,0.411768,0.110152,0,0,0,0
24,164,1,0.00911248,0.00911248,0.651486,0.995916,0.344429,34.6059,35.9837,15,10,-5,0.7134,0.836878,0.123478,0,1,0,0
24,164,2,0.0115442,0.0115442,-0.837904,-0.834523,0.00338101,28.6484,28.6619,9,13,4,0.645549,0.410338,0.235211,0,1,1,0
24,164,3,1.04772,1.04772,-0.888964,0.369641,1.25861,28.4441,33.4786,6,7,1,0.411768,0.55759,0.145822,0,0,0,0
24.5,165,1,0.000260413,0.000260413,0.628264,0.651486,0.0232228,34.5131,34.6059,10,10,0,0.836878,1.0103,0.173422,0,1,0,0
24.5,165,2,1.46793,1.46793,-0.687742,-0.837904,0.150162,29.249,28.6484,13,12,-1,0.410338,0.277051,0.133286,0,0,0,0
24.5,165,3,0.151965,0.151965,-0.944028,-0.888964,0.0550638,28.2239,28.4441,7,8,1,0.55759,0.54739,0.0102,0,0,0,0
25,166,1,0.0512879,0.0512879,0.974587,0.628264,0.346323,35.8983,34.5131,10,13,3,1.0103,0.863221,0.14708,0,0,0,0
25,166,2,0.375092,0.375092,-0.770027,-0.687742,0.0822847,28.9199,29.249,12,10,-2,0.277051,0.39287,0.115819,0,0,0,0
25,166,3,0.176573,0.176573,-0.32222,-0.944028,0.621808,30.7111,28.2239,8,7,-1,0.54739,0.448342,0.099048,0,0,0,0
25.5,167,1,0.0257058,0.0257058,0.998428,0.974587,0.0238411,35.9937,35.8983,13,19,6,0.863221,0.809338,0.0538832,0,0,0,0
25.5,167,2,0.601541,0.601541,-0.718575,-0.770027,0.0514516,29.1257,28.9199,10,3,-7,0.39287,0.348666,0.0442048,0,0,0,0
25.5,167,3,0.925765,0.925765,-0.68421,-0.32222,0.361991,29.2632,30.7111,7,8,1,0.448342,0.508965,0.0606224,0,0,0,0
26,168,1,0.0211373,0.0211373,0.999998,0.998428,0.00157011,36,35.9937,19,20,1,0.809338,0.895664,0.0863264,0,0,1,0
26,168,2,1.61439,1.61439,-0.84376,-0.718575,0.125184,28.625,29.1257,3,5,2,0.348666,0.270718,0.0779472,0,0,0,0
26,168,3,1.01691,1.01691,-0.670017,-0.68421,0.0141931,29.3199,29.2632,8,5,-3,0.508965,0.486629,0.022336,0,0,1,0
26.5,169,1,0.0619677,0.0619677,0.999646,0.999998,0.000352263,35.9986,36,20,14,-6,0.895664,0.918552,0.022888,0,0,1,0
26.5,169,2,0.831617,0.831617,-0.0477379,-0.84376,0.796022,31.809,28.625,5,7,2,0.270718,0.269592,0.0011264,0,0,0,0
26.5,169,3,0.115279,0.115279,-0.990428,-0.670017,0.32041,28.0383,29.3199,5,9,4,0.486629,0.438594,0.0480352,0,0,0,0
27,170,1,0.0648965,0.0648965,0.958186,0.999646,0.0414601,35.8327,35.9986,14,14,0,0.918552,0.881938,0.0366144,0,0,0,0
27,170,2,0.843259,0.843259,0.765675,-0.0477379,0.813413,35.0627,31.809,7,8,1,0.269592,0.399522,0.12993,0,0,0,0
27,170,3,0.195407,0.195407,-0.796919,-0.990428,0.193509,28.8123,28.0383,9,8,-1,0.438594,0.428026,0.010568,0,0,0,0
27.5,171,1,1.34906,1.34906,0.98933,0.958186,0.0311443,35.9573,35.8327,14,14,0,0.881938,0.753085,0.128853,0,0,0,0
27.5,171,2,0.0601176,0.0601176,-0.567013,0.765675,1.33269,29.7319,35.0627,8,9,1,0.399522,0.590974,0.191453,0,0,0,0
27.5,171,3,0.0470503,0.0470503,-0.936304,-0.796919,0.139386,28.2548,28.8123,8,7,-1,0.428026,0.527614,0.0995888,0,0,0,0
28,172,1,1.27647,1.27647,0.976501,0.98933,0.0128288,35.906,35.9573,14,12,-2,0.753085,0.880621,0.127536,0,0,1,0
28,172,2,0.113839,0.113839,-0.368874,-0.567013,0.198139,30.5245,29.7319,9,11,2,0.590974,0.446128,0.144846,0,0,0,0
28,172,3,0.347659,0.347659,-0.62678,-0.936304,0.309525,29.4929,28.2548,7,7,0,0.527614,0.443253,0.0843616,0,0,0,0
28.5,173,1,0.057978,0.057978,0.82606,0.976501,0.150441,35.3042,35.906,12,14,2,0.880621,0.958779,0.0781584,0,0,0,0
28.5,173,2,0.300178,0.300178,0.296052,-0.368874,0.664926,33.1842,30.5245,11,10,-1,0.446128,0.355174,0.0909536,0,0,0,0
28.5,173,3,0.387588,0.387588,0.784842,-0.62678,1.41162,35.1394,29.4929,7,6,-1,0.443253,0.456958,0.0137056,0,0,0,0
29,174,1,0.0152015,0.0152015,0.838111,0.82606,0.0120512,35.3524,35.3042,14,15,1,0.958779,0.721301,0.237478,0,1,1,0
29,174,2,0.427529,0.427529,0.110632,0.296052,0.185421,32.4425,33.1842,10,9,-1,0.355174,0.37831,0.023136,0,0,0,0
29,174,3,0.138443,0.138443,-0.4527,0.784842,1.23754,30.1892,35.1394,6,6,0,0.456958,0.669021,0.212062,0,0,0,0
29.5,175,1,0.000459552,0.000459552,0.691113,0.838111,0.146998,34.7645,35.3524,15,11,-4,0.721301,0.750054,0.0287536,0,1,0,0
29.5,175,2,0.139801,0.139801,-0.619877,0.110632,0.730508,29.5205,32.4425,9,9,0,0.37831,0.444382,0.066072,0,0,0,0
29.5,175,3,0.0855967,0.0855967,-0.998354,-0.4527,0.545654,28.0066,30.1892,6,10,4,0.669021,0.584485,0.084536,0,0,0,0
30,176,1,0.00155741,0.00155741,0.707947,0.691113,0.0168342,34.8318,34.7645,11,11,0,0.750054,0.921406,0.171352,0,1,1,0
30,176,2,0.088112,0.088112,0.806127,-0.619877,1.426,35.2245,29.5205,9,11,2,0.444382,0.402146,0.0422368,0,0,0,0
30,176,3,0.962301,0.962301,-0.456738,-0.998354,0.541616,30.173,28.0066,10,8,-2,0.584485,0.464083,0.120402,0,0,0,0
30.5,177,1,1.08764,1.08764,0.847872,0.707947,0.139925,35.3915,34.8318,11,12,1,0.921406,0.752181,0.169226,0,0,0,0
30.5,177,2,1.19177,1.19177,-0.704915,0.806127,1.51104,29.1803,35.2245,11,11,0,0.402146,0.581238,0.179093,0,0,0,0
30.5,177,3,0.958597,0.958597,-0.989724,-0.456738,0.532985,28.0411,30.173,8,7,-1,0.464083,0.470506,0.0064224,0,0,0,0
31,178,1,1.08977,1.08977,0.999605,0.847872,0.151733,35.9984,35.3915,12,10,-2,0.752181,0.881608,0.129427,0,0,0,0
31,178,2,0.828077,0.828077,-0.803496,-0.704915,0.0985813,28.786,29.1803,11,11,0,0.581238,0.431277,0.149962,0,0,0,0
31,178,3,0.0678223,0.0678223,-0.482339,-0.989724,0.507385,30.0706,28.0411,7,9,2,0.470506,0.488826,0.01832,0,0,0,0
31.5,179,1,0.000101924,0.000101924,0.999166,0.999605,0.000438869,35.9967,35.9984,10,17,7,0.881608,0.919651,0.0380432,0,1,1,0
31.5,179,2,1.02079,1.02079,0.430538,-0.803496,1.23403,33.7222,28.786,11,9,-2,0.431277,0.266085,0.165192,0,0,0,0
31.5,179,3,1.26295,1.26295,-0.986916,-0.482339,0.504577,28.0523,30.0706,9,4,-5,0.488826,0.465502,0.0233232,0,0,0,0
32,180,1,0.00688732,0.00688732,0.998825,0.999166,0.000340939,35.9953,35.9967,17,14,-3,0.919651,0.831952,0.0876992,0,1,1,0
32,180,2,0.0276841,0.0276841,-0.546627,0.430538,0.977165,29.8135,33.7222,9,10,1,0.266085,0.433379,0.167294,0,0,0,0
32,180,3,1.05149,1.05149,-0.245319,-0.986916,0.741597,31.0187,28.0523,4,6,2,0.465502,0.455014,0.010488,0,0,0,0
32.5,181,1,0.00193924,0.00193924,0.997144,0.998825,0.00168109,35.9886,35.9953,14,14,0,0.831952,0.830274,0.0016784,0,1,1,1
32.5,181,2,0.296492,0.296492,-0.399198,-0.546627,0.147429,30.4032,29.8135,10,10,0,0.433379,0.372237,0.0611424,0,0,0,0
32.5,181,3,0.118744,0.118744,0.11807,-0.245319,0.363388,32.4723,31.0187,6,7,1,0.455014,0.482198,0.027184,0,0,0,0
33,182,1,0.00811493,0.00811493,0.909514,0.997144,0.0876306,35.6381,35.9886,14,15,1,0.830274,0.722803,0.10747,0,1,0,0
33,182,2,0.830339,0.830339,-0.770596,-0.399198,0.371398,28.9176,30.4032,10,7,-3,0.372237,0.269792,0.102445,0,0,0,0
33,182,3,0.0399845,0.0399845,-0.988741,0.11807,1.10681,28.045,32.4723,7,8,1,0.482198,0.564541,0.0823424,0,0,0,0
33.5,183,1,0.02209,0.02209,0.722342,0.909514,0.187172,34.8894,35.6381,15,13,-2,0.722803,0.924344,0.201541,0,0,0,0
33.5,183,2,0.712837,0.712837,0.777101,-0.770596,1.5477,35.1084,28.9176,7,8,1,0.269792,0.263998,0.0057936,0,0,0,0
33.5,183,3,0.0944991,0.0944991,0.714676,-0.988741,1.70342,34.8587,28.045,8,9,1,0.564541,0.557339,0.0072016,0,0,0,0
34,184,1,0.0514103,0.0514103,0.987537,0.722342,0.265195,35.9501,34.8894,13,16,3,0.924344,0.692317,0.232027,0,0,0,0
34,184,2,0.0942552,0.0942552,-0.479926,0.777101,1.25703,30.0803,35.1084,8,9,1,0.263998,0.475165,0.211166,0,0,0,0
34,184,3,1.60438,1.60438,0.114632,0.714676,0.600044,32.4585,34.8587,9,5,-4,0.557339,0.586125,0.0287856,0,0,0,0
34.5,185,1,0.0738428,0.0738428,-0.295014,0.987537,1.28255,30.8199,35.9501,16,9,-7,0.692317,0.863581,0.171264,0,0,0,0
34.5,185,2,0.916926,0.916926,-0.628653,-0.479926,0.148726,29.4854,30.0803,9,10,1,0.475165,0.413158,0.0620064,0,0,0,0
34.5,185,3,1.65781,1.65781,-0.984228,0.114632,1.09886,28.0631,32.4585,5,11,6,0.586125,0.517765,0.06836,0,0,0,0
35,186,1,0.023679,0.023679,0.980221,-0.295014,1.27524,35.9209,30.8199,9,8,-1,0.863581,0.723086,0.140494,0,0,0,0
35,186,2,0.922264,0.922264,-0.961618,-0.628653,0.332966,28.1535,29.4854,10,10,0,0.413158,0.425245,0.0120864,0,0,0,0
35,186,3,0.0967262,0.0967262,-0.994854,-0.984228,0.0106259,28.0206,28.0631,11,12,1,0.517765,0.601443,0.0836784,0,0,1,0
35.5,187,1,0.0238781,0.0238781,0.989407,0.980221,0.00918621,35.9576,35.9209,8,8,0,0.723086,1.07071,0.347624,0,0,1,0
35.5,187,2,0.257942,0.257942,-0.24673,-0.961618,0.714888,31.0131,28.1535,10,10,0,0.425245,0.370026,0.0552192,0,0,0,0
35.5,187,3,0.177998,0.177998,-0.797536,-0.994854,0.197318,28.8099,28.0206,12,12,0,0.601443,0.54347,0.0579728,0,0,0,0
36,188,1,0.00269085,0.00269085,0.896815,0.989407,0.0925924,35.5873,35.9576,8,13,5,1.07071,0.985338,0.0853728,0,1,0,0
36,188,2,0.215356,0.215356,0.658772,-0.24673,0.905503,34.6351,31.0131,10,10,0,0.370026,0.339581,0.0304448,0,0,0,0
36,188,3,0.525261,0.525261,0.601124,-0.797536,1.39866,34.4045,28.8099,12,7,-5,0.54347,0.564829,0.0213584,0,0,0,0
36.5,189,1,0.0171599,0.0171599,0.788811,0.896815,0.108004,35.1552,35.5873,13,14,1,0.985338,0.736494,0.248843,0,1,0,0
36.5,189,2,1.59978,1.59978,0.268369,0.658772,0.390404,33.0735,34.6351,10,10,0,0.339581,0.452974,0.113394,0,0,0,0
36.5,189,3,0.346456,0.346456,0.0712009,0.601124,0.529923,32.2848,34.4045,7,6,-1,0.564829,0.571834,0.0070048,0,0,0,0
37,190,1,0.017626,0.017626,0.360786,0.788811,0.428025,33.4431,35.1552,14,9,-5,0.736494,0.631251,0.105243,0,1,0,0
37,190,2,1.7887,1.7887,0.2131,0.268369,0.0552687,32.8524,33.0735,10,11,1,0.452974,0.501778,0.0488032,0,0,0,0
37,190,3,0.0941052,0.0941052,-0.755256,0.0712009,0.826457,28.979,32.2848,6,10,4,0.571834,0.569069,0.0027648,0,0,0,0
37.5,191,1,0.0144252,0.0144252,0.997112,0.360786,0.636326,35.9884,33.4431,9,14,5,0.631251,0.689565,0.0583136,0,1,0,0
37.5,191,2,0.00908703,0.00908703,-0.872914,0.2131,1.08601,28.5083,32.8524,11,7,-4,0.501778,0.567842,0.066064,0,1,0,0
37.5,191,3,0.020058,0.020058,-0.998998,-0.755256,0.243742,28.004,28.979,10,9,-1,0.569069,0.494658,0.0744112,0,0,0,0
38,192,1,0.0140419,0.0140419,0.926889,0.997112,0.0702225,35.7076,35.9884,14,9,-5,0.689565,0.985974,0.29641,0,1,0,0
38,192,2,1.09423,1.09423,-0.995174,-0.872914,0.12226,28.0193,28.5083,7,12,5,0.567842,0.377371,0.19047,0,0,0,0
38,192,3,0.00394863,0.00394863,-0.974967,-0.998998,0.0240313,28.1001,28.004,9,9,0,0.494658,0.538973,0.0443152,0,1,0,0
38.5,193,1,0.00374544,0.00374544,0.999398,0.926889,0.072509,35.9976,35.7076,9,15,6,0.985974,0.996869,0.0108944,0,1,0,0
38.5,193,2,0.413952,0.413952,-0.999229,-0.995174,0.00405461,28.0031,28.0193,12,10,-2,0.377371,0.22141,0.155962,0,0,1,0
38.5,193,3,0.0380558,0.0380558,0.0932079,-0.974967,1.06817,32.3728,28.1001,9,5,-4,0.538973,0.524773,0.0142,0,0,0,0
39,194,1,0.0652112,0.0652112,0.9994,0.999398,1.66893e-06,35.9976,35.9976,15,17,2,0.996869,0.863354,0.133515,0,0,1,0
39,194,2,0.725858,0.725858,-0.907963,-0.999229,0.0912661,28.3681,28.0031,10,8,-2,0.22141,0.215133,0.0062768,0,0,0,0
39,194,3,0.939614,0.939614,-0.948757,0.0932079,1.04196,28.205,32.3728,5,5,0,0.524773,0.587867,0.0630944,0,0,0,0
39.5,195,1,0.0644264,0.0644264,0.996092,0.9994,0.00330818,35.9844,35.9976,17,13,-4,0.863354,0.888814,0.0254608,0,0,1,0
39.5,195,2,0.179697,0.179697,0.605771,-0.907963,1.51373,34.4231,28.3681,8,9,1,0.215133,0.199398,0.0157344,0,0,0,0
39.5,195,3,0.200228,0.200228,-0.41844,-0.948757,0.530317,30.3262,28.205,5,8,3,0.587867,0.572768,0.0150992,0,0,0,0
40,196,1,0.0285991,0.0285991,0.66745,0.996092,0.328642,34.6698,35.9844,13,14,1,0.888814,0.85351,0.035304,0,0,0,0
40,196,2,0.115103,0.115103,-0.471584,0.605771,1.07735,30.1137,34.4231,9,8,-1,0.199398,0.463624,0.264226,0,0,0,0
40,196,3,0.856859,0.856859,-0.993691,-0.41844,0.575251,28.0252,30.3262,8,8,0,0.572768,0.562531,0.0102368,0,0,0,0
40.5,197,1,0.0292704,0.0292704,0.868744,0.66745,0.201294,35.475,34.6698,14,12,-2,0.85351,0.816386,0.0371248,0,0,0,0
40.5,197,2,0.29555,0.29555,0.97648,-0.471584,1.44806,35.9059,30.1137,8,9,1,0.463624,0.505912,0.042288,0,0,0,0
40.5,197,3,0.0143167,0.0143167,-0.985934,-0.993691,0.00775689,28.0563,28.0252,8,9,1,0.562531,0.566219,0.003688,0,1,1,1
41,198,1,0.0412956,0.0412956,0.99811,0.868744,0.129367,35.9924,35.475,12,15,3,0.816386,0.726134,0.0902512,0,0,0,0
41,198,2,1.62882,1.62882,-0.0645268,0.97648,1.04101,31.7419,35.9059,9,8,-1,0.505912,0.576859,0.0709472,0,0,0,0
41,198,3,0.824784,0.824784,-0.98388,-0.985934,0.00205445,28.0645,28.0563,9,7,-2,0.566219,0.5208,0.0454192,0,0,1,0
41.5,199,1,0.0402145,0.0402145,0.653942,0.99811,0.344168,34.6158,35.9924,15,13,-2,0.726134,0.826312,0.100178,0,0,0,0
41.5,199,2,0.778864,0.778864,-0.415074,-0.0645268,0.350548,30.3397,31.7419,8,11,3,0.576859,0.486046,0.0908128,0,0,0,0
41.5,199,3,0.579125,0.579125,-0.696688,-0.98388,0.287192,29.2132,28.0645,7,6,-1,0.5208,0.404392,0.116408,0,0,0,0
42,200,1,0.00126648,0.00126648,0.624125,0.653942,0.0298169,34.4965,34.6158,13,11,-2,0.826312,0.935178,0.108866,0,1,0,0
42,200,2,0.577507,0.577507,-0.470817,-0.415074,0.0557422,30.1167,30.3397,11,13,2,0.486046,0.381818,0.104229,0,0,0,0
42,200,3,0.332329,0.332329,-0.447753,-0.696688,0.248934,30.209,29.2132,6,6,0,0.404392,0.502253,0.0978608,0,0,0,0
42.5,201,1,0.00751066,0.00751066,0.839718,0.624125,0.215594,35.3589,34.4965,11,10,-1,0.935178,0.884771,0.0504064,0,1,0,0
42.5,201,2,0.0358267,0.0358267,-0.909298,-0.470817,0.438481,28.3628,30.1167,13,11,-2,0.381818,0.357312,0.0245056,0,0,0,0
42.5,201,3,0.0332146,0.0332146,-0.474719,-0.447753,0.0269657,30.1011,30.209,6,9,3,0.502253,0.551387,0.0491344,0,0,0,0
43,202,1,0.0762805,0.0762805,0.774841,0.839718,0.0648775,35.0994,35.3589,10,9,-1,0.884771,0.985958,0.101187,0,0,0,0
43,202,2,0.460124,0.460124,-0.933509,-0.909298,0.0242113,28.266,28.3628,11,11,0,0.357312,0.271378,0.0859344,0,0,0,0
43,202,3,0.633264,0.633264,-0.990617,-0.474719,0.515898,28.0375,30.1011,9,10,1,0.551387,0.599861,0.0484736,0,0,0,0
43.5,203,1,0.0855949,0.0855949,0.847452,0.774841,0.0726118,35.3898,35.0994,9,9,0,0.985958,1.05694,0.070984,0,0,0,0
43.5,203,2,0.913772,0.913772,-0.778801,-0.933509,0.154708,28.8848,28.266,11,11,0,0.271378,0.220216,0.0511616,0,0,0,0
43.5,203,3,0.273595,0.273595,-0.765768,-0.990617,0.224849,28.9369,28.0375,10,10,0,0.599861,0.588688,0.0111728,0,0,0,0
44,204,1,0.00200385,0.00200385,0.99008,0.847452,0.142628,35.9603,35.3898,9,12,3,1.05694,0.963571,0.0933712,0,1,0,0
44,204,2,1.04818,1.04818,-0.575463,-0.778801,0.203338,29.6981,28.8848,11,8,-3,0.220216,0.221062,0.0008464,0,0,0,0
44,204,3,0.112487,0.112487,-0.936022,-0.765768,0.170254,28.2559,28.9369,10,10,0,0.588688,0.517733,0.0709552,0,0,0,0
44.5,205,1,0.0100477,0.0100477,0.967582,0.99008,0.0224978,35.8703,35.9603,12,16,4,0.963571,1.00077,0.0372,0,1,0,0
44.5,205,2,0.505443,0.505443,-0.771983,-0.575463,0.19652,28.9121,29.6981,8,9,1,0.221062,0.254341,0.0332784,0,0,0,0
44.5,205,3,0.0170898,0.0170898,0.981687,-0.936022,1.91771,35.9267,28.2559,10,5,-5,0.517733,0.602634,0.0849008,0,1,0,0
45,206,1,0.0042581,0.0042581,0.993926,0.967582,0.0263436,35.9757,35.8703,16,15,-1,1.00077,0.857491,0.14328,0,1,0,0
45,206,2,1.83879,1.83879,-0.763051,-0.771983,0.00893182,28.9478,28.9121,9,10,1,0.254341,0.209646,0.0446944,0,0,1,0
45,206,3,0.194799,0.194799,-0.568878,0.981687,1.55056,29.7245,35.9267,5,5,0,0.602634,0.821998,0.219365,0,0,0,0
45.5,207,1,0.0162002,0.0162002,0.102252,0.993926,0.891674,32.409,35.9757,15,13,-2,0.857491,0.887083,0.029592,0,1,0,0
45.5,207,2,1.47742,1.47742,-0.804363,-0.763051,0.0413113,28.7825,28.9478,10,10,0,0.209646,0.202486,0.00716,0,0,0,0
45.5,207,3,0.344818,0.344818,-0.677407,-0.568878,0.108529,29.2904,29.7245,5,7,2,0.821998,0.646224,0.175774,0,0,0,0
46,208,1,0.0485133,0.0485133,0.876422,0.102252,0.77417,35.5057,32.409,13,16,3,0.887083,0.854346,0.0327376,0,0,0,0
46,208,2,0.389473,0.389473,0.66051,-0.804363,1.46487,34.642,28.7825,10,9,-1,0.202486,0.280805,0.0783184,0,0,0,0
46,208,3,1.5178,1.5178,0.0982085,-0.677407,0.775615,32.3928,29.2904,7,5,-2,0.646224,0.601747,0.0444768,0,0,0,0
46.5,209,1,0.0163118,0.0163118,-0.741847,0.876422,1.61827,29.0326,35.5057,16,15,-1,0.854346,0.686706,0.16764,0,1,0,0
46.5,209,2,1.83646,1.83646,-0.935767,0.66051,1.59628,28.2569,34.642,9,9,0,0.280805,0.469128,0.188323,0,0,0,0
46.5,209,3,0.836473,0.836473,0.110593,0.0982085,0.0123841,32.4424,32.3928,5,6,1,0.601747,0.618637,0.0168896,0,0,1,0
47,210,1,0.0551458,0.0551458,-0.0599404,-0.741847,0.681906,31.7602,29.0326,15,10,-5,0.686706,0.620987,0.0657184,0,0,0,0
47,210,2,1.69814,1.69814,0.300221,-0.935767,1.23599,33.2009,28.2569,9,11,2,0.469128,0.416034,0.0530944,0,0,0,0
47,210,3,0.367924,0.367924,0.955219,0.110593,0.844626,35.8209,32.4424,6,9,3,0.618637,0.866363,0.247726,0,0,0,0
47.5,211,1,0.0737718,0.0737718,0.293154,-0.0599404,0.353094,33.1726,31.7602,10,7,-3,0.620987,0.489157,0.13183,0,0,0,0
47.5,211,2,0.174722,0.174722,-0.632291,0.300221,0.932513,29.4708,33.2009,11,10,-1,0.416034,0.397232,0.0188016,0,0,0,0
47.5,211,3,0.177306,0.177306,0.420074,0.955219,0.535145,33.6803,35.8209,9,13,4,0.866363,0.832147,0.034216,0,0,0,0
48,212,1,0.0139821,0.0139821,0.87108,0.293154,0.577926,35.4843,33.1726,7,3,-4,0.489157,0.680112,0.190955,0,1,0,0
48,212,2,1.8329,1.8329,0.959527,-0.632291,1.59182,35.8381,29.4708,10,13,3,0.397232,0.343595,0.0536368,0,0,0,0
48,212,3,0.655781,0.655781,0.0607286,0.420074,0.359345,32.2429,33.6803,13,14,1,0.832147,0.783435,0.048712,0,0,0,0
48.5,213,1,1.76011,1.76011,0.986104,0.87108,0.115024,35.9444,35.4843,3,5,2,0.680112,0.757534,0.0774224,0,0,0,0
48.5,213,2,0.0476295,0.0476295,0.837938,0.959527,0.121588,35.3518,35.8381,13,12,-1,0.343595,0.487538,0.143942,0,0,0,0
48.5,213,3,0.701869,0.701869,0.88458,0.0607286,0.823851,35.5383,32.2429,14,13,-1,0.783435,0.622174,0.161261,0,0,0,0
49,214,1,0.89181,0.89181,0.775936,0.986104,0.210168,35.1037,35.9444,5,8,3,0.757534,0.624678,0.132856,0,0,0,0
49,214,2,1.78315,1.78315,-0.77652,0.837938,1.61446,28.8939,35.3518,12,6,-6,0.487538,0.55295,0.0654128,0,0,0,0
49,214,3,1.38912,1.38912,0.0586236,0.88458,0.825956,32.2345,35.5383,13,16,3,0.622174,0.639453,0.0172784,0,0,0,0
49.5,215,1,0.693018,0.693018,-0.363992,0.775936,1.13993,30.544,35.1037,8,15,7,0.624678,0.754197,0.129518,0,0,0,0
49.5,215,2,0.924193,0.924193,-0.189042,-0.77652,0.587477,31.2438,28.8939,6,8,2,0.55295,0.352266,0.200685,0,0,0,0
49.5,215,3,1.64698,1.64698,0.0558681,0.0586236,0.00275548,32.2235,32.2345,16,7,-9,0.639453,0.68941,0.0499568,0,0,1,0
50,216,1,1.10627,1.10627,0.896593,-0.363992,1.26059,35.5864,30.544,15,9,-6,0.754197,0.721509,0.032688,0,0,0,0
50,216,2,0.134373,0.134373,-0.404011,-0.189042,0.214969,30.384,31.2438,8,10,2,0.352266,0.383734,0.0314688,0,0,0,0
50,216,3,0.159014,0.159014,-0.437303,0.0558681,0.493172,30.2508,32.2235,7,11,4,0.68941,0.794115,0.104706,0,0,0,0
50.5,217,1,0.768571,0.768571,-0.875959,0.896593,1.77255,28.4962,35.5864,9,11,2,0.721509,0.774475,0.0529664,0,0,0,0
50.5,217,2,0.421141,0.421141,-0.420399,-0.404011,0.016388,30.3184,30.384,10,10,0,0.383734,0.39025,0.0065152,0,0,1,0
50.5,217,3,0.686828,0.686828,0.777475,-0.437303,1.21478,35.1099,30.2508,11,9,-2,0.794115,0.74488,0.0492352,0,0,0,0
51,218,1,0.891661,0.891661,-0.066483,-0.875959,0.809476,31.7341,28.4962,11,13,2,0.774475,0.542747,0.231728,0,0,0,0
51,218,2,0.113749,0.113749,0.901654,-0.420399,1.32205,35.6066,30.3184,10,10,0,0.39025,0.340952,0.0492976,0,0,0,0
51,218,3,0.501359,0.501359,0.821532,0.777475,0.0440567,35.2861,35.1099,9,7,-2,0.74488,0.972104,0.227224,0,0,0,0
51.5,219,1,1.25309,1.25309,-0.687841,-0.066483,0.621358,29.2486,31.7341,13,8,-5,0.542747,0.433198,0.109549,0,0,0,0
51.5,219,2,0.72668,0.72668,-0.411704,0.901654,1.31336,30.3532,35.6066,10,10,0,0.340952,0.475034,0.134082,0,0,0,0
51.5,219,3,1.2624,1.2624,0.977187,0.821532,0.155656,35.9087,35.2861,7,12,5,0.972104,0.882501,0.0896032,0,0,0,0
52,220,1,0.988263,0.988263,-0.0809983,-0.687841,0.606843,31.676,29.2486,8,5,-3,0.433198,0.397472,0.0357264,0,0,0,0
52,220,2,0.979661,0.979661,0.978159,-0.411704,1.38986,35.9126,30.3532,10,9,-1,0.475034,0.452955,0.0220784,0,0,0,0
52,220,3,1.05466,1.05466,0.0190898,0.977187,0.958098,32.0764,35.9087,12,16,4,0.882501,0.991858,0.109357,0,0,0,0
52.5,221,1,0.701802,0.701802,-0.899831,-0.0809983,0.818833,28.4007,31.676,5,7,2,0.397472,0.505776,0.108304,0,0,0,0
52.5,221,2,0.462772,0.462772,-0.585097,0.978159,1.56326,29.6596,35.9126,9,11,2,0.452955,0.575718,0.122763,0,0,0,0
52.5,221,3,0.525498,0.525498,-0.810446,0.0190898,0.829536,28.7582,32.0764,16,12,-4,0.991858,0.821966,0.169891,0,0,0,0
53,222,1,0.717473,0.717473,0.860751,-0.899831,1.76058,35.443,28.4007,7,5,-2,0.505776,0.612438,0.106662,0,0,0,0
53,222,2,1.27083,1.27083,0.881739,-0.585097,1.46684,35.527,29.6596,11,12,1,0.575718,0.676202,0.100483,0,0,0,0
53,222,3,0.123428,0.123428,0.5612,-0.810446,1.37165,34.2448,28.7582,12,13,1,0.821966,0.600902,0.221064,0,0,0,0
53.5,223,1,1.20929,1.20929,-0.330263,0.860751,1.19101,30.6789,35.443,5,6,1,0.612438,0.731568,0.11913,0,0,0,0
53.5,223,2,0.916078,0.916078,-0.326099,0.881739,1.20784,30.6956,35.527,12,11,-1,0.676202,0.603632,0.0725696,0,0,0,0
53.5,223,3,1.5856,1.5856,0.584191,0.5612,0.0229909,34.3368,34.2448,13,13,0,0.600902,0.589565,0.0113376,0,0,0,0
54,224,1,0.644437,0.644437,-0.553236,-0.330263,0.222973,29.7871,30.6789,6,6,0,0.731568,0.605443,0.126125,0,0,0,0
54,224,2,0.445458,0.445458,0.976914,-0.326099,1.30301,35.9077,30.6956,11,11,0,0.603632,0.469682,0.13395,0,0,0,0
54,224,3,0.693735,0.693735,0.013569,0.584191,0.570622,32.0543,34.3368,13,13,0,0.589565,0.825485,0.23592,0,0,0,0
54.5,225,1,0.727134,0.727134,0.311423,-0.553236,0.864659,33.2457,29.7871,6,11,5,0.605443,0.378797,0.226646,0,0,0,0
54.5,225,2,0.00270107,0.00270107,0.400737,0.976914,0.576177,33.6029,35.9077,11,11,0,0.469682,0.705131,0.23545,0,1,0,0
54.5,225,3,0.328773,0.328773,0.23708,0.013569,0.223511,32.9483,32.0543,13,8,-5,0.825485,0.875061,0.049576,0,0,0,0
55,226,1,0.048484,0.048484,0.135023,0.311423,0.1764,32.5401,33.2457,11,7,-4,0.378797,0.561658,0.182861,0,0,0,0
55,226,2,0.304036,0.304036,-0.737962,0.400737,1.1387,29.0482,33.6029,11,11,0,0.705131,0.683125,0.0220064,0,0,0,0
55,226,3,0.0942854,0.0942854,-0.696251,0.23708,0.933331,29.215,32.9483,8,12,4,0.875061,0.632819,0.242242,0,0,0,0
55.5,227,1,1.22675,1.22675,-0.0268692,0.135023,0.161892,31.8925,32.5401,7,6,-1,0.561658,0.853432,0.291774,0,0,0,0
55.5,227,2,1.07828,1.07828,-0.343957,-0.737962,0.394005,30.6242,29.0482,11,13,2,0.683125,0.466725,0.2164,0,0,0,0
55.5,227,3,1.04929,1.04929,-0.881311,-0.696251,0.18506,28.4748,29.215,12,11,-1,0.632819,0.68629,0.0534704,0,0,0,0
56,228,1,1.16459,1.16459,-0.659971,-0.0268692,0.633102,29.3601,31.8925,6,8,2,0.853432,0.744149,0.109283,0,0,0,0
56,228,2,0.533075,0.533075,-0.912279,-0.343957,0.568322,28.3509,30.6242,13,13,0,0.466725,0.50505,0.0383248,0,0,0,0
56,228,3,0.377345,0.377345,-0.329352,-0.881311,0.551959,30.6826,28.4748,11,9,-2,0.68629,0.741715,0.0554256,0,0,0,0
56.5,229,1,0.21319,0.21319,0.0242356,-0.659971,0.684206,32.0969,29.3601,8,11,3,0.744149,0.564688,0.179461,0,0,0,0
56.5,229,2,0.993318,0.993318,-0.877327,-0.912279,0.0349521,28.4907,28.3509,13,11,-2,0.50505,0.528194,0.023144,0,0,0,0
56.5,229,3,0.546459,0.546459,0.0984067,-0.329352,0.427758,32.3936,30.6826,9,9,0,0.741715,0.821576,0.0798608,0,0,0,0
57,230,1,0.295944,0.295944,-0.751924,0.0242356,0.776159,28.9923,32.0969,11,13,2,0.564688,0.553802,0.0108864,0,0,0,0
57,230,2,0.675474,0.675474,-0.157972,-0.877327,0.719355,31.3681,28.4907,11,9,-2,0.528194,0.402566,0.125627,0,0,0,0
57,230,3,0.643928,0.643928,0.0498344,0.0984067,0.0485723,32.1993,32.3936,9,8,-1,0.821576,0.88892,0.067344,0,0,0,0
57.5,231,1,0.152242,0.152242,0.127372,-0.751924,0.879296,32.5095,28.9923,13,12,-1,0.553802,0.478533,0.0752688,0,0,0,0
57.5,231,2,0.172072,0.172072,-0.133235,-0.157972,0.0247366,31.4671,31.3681,9,10,1,0.402566,0.486861,0.0842944,0,0,0,0
57.5,231,3,0.879444,0.879444,0.914725,0.0498344,0.864891,35.6589,32.1993,8,8,0,0.88892,0.997117,0.108197,0,0,0,0
58,232,1,0.375772,0.375772,0.217009,0.127372,0.0896365,32.868,32.5095,12,12,0,0.478533,0.41629,0.0622432,0,0,0,0
58,232,2,0.825601,0.825601,-0.286875,-0.133235,0.15364,30.8525,31.4671,10,10,0,0.486861,0.483885,0.002976,0,0,0,0
58,232,3,0.239288,0.239288,0.487065,0.914725,0.427661,33.9483,35.6589,8,8,0,0.997117,1.10366,0.106541,0,0,0,0
58.5,233,1,0.229815,0.229815,0.927939,0.217009,0.71093,35.7118,32.868,12,11,-1,0.41629,0.548675,0.132386,0,0,0,0
58.5,233,2,0.474026,0.474026,0.210842,-0.286875,0.497717,32.8434,30.8525,10,10,0,0.483885,0.404717,0.079168,0,0,0,0
58.5,233,3,0.367422,0.367422,0.269318,0.487065,0.217747,33.0773,33.9483,8,9,1,1.10366,0.905336,0.198322,0,0,0,0
1,235,1,-1,-1,0.238666,0.238666,-1,32.9547,32.9547,11,11,0,0,0,0,0,0,0,0
1,235,2,-1,-1,0.910043,0.910043,-1,35.6402,35.6402,10,10,0,0,0,0,0,0,0,0
1,235,3,-1,-1,-0.863515,-0.863515,-1,28.5459,28.5459,9,9,0,0,0,0,0,0,0,0
1.5,236,1,0.461409,0.461409,-0.940098,0.238666,1.17876,28.2396,32.9547,11,13,2,0,0.72711,0.72711,0,0,0,0
1.5,236,2,0.0318373,0.0318373,-0.449741,0.910043,1.35978,30.201,35.6402,10,12,2,0,0.838512,0.838512,0,0,0,0
1.5,236,3,0.523958,0.523958,-0.403346,-0.863515,0.460169,30.3866,28.5459,9,5,-4,0,0.576739,0.576739,0,0,0,0
2,237,1,0.263432,0.263432,-0.089607,-0.940098,0.850491,31.6416,28.2396,13,12,-1,0.72711,0.52067,0.20644,0,0,0,0
2,237,2,0.608476,0.608476,0.472153,-0.449741,0.921894,33.8886,30.201,12,11,-1,0.838512,0.798462,0.0400496,0,0,0,0
2,237,3,0.228961,0.228961,0.309972,-0.403346,0.713319,33.2399,30.3866,5,7,2,0.576739,0.83517,0.25843,0,0,0,0
2.5,238,1,0.127846,0.127846,-0.0354438,-0.089607,0.0541632,31.8582,31.6416,12,12,0,0.52067,0.487654,0.033016,0,0,0,0
2.5,238,2,0.0164179,0.0164179,0.583514,0.472153,0.111361,34.3341,33.8886,11,11,0,0.798462,0.670859,0.127603,0,1,0,0
2.5,238,3,0.584665,0.584665,0.354337,0.309972,0.0443648,33.4173,33.2399,7,7,0,0.83517,0.945126,0.109957,0,0,0,0
3,239,1,1.57505,1.57505,-0.584802,-0.0354438,0.549358,29.6608,31.8582,12,12,0,0.487654,0.457075,0.0305792,0,0,0,0
3,239,2,1.55574,1.55574,-0.778655,0.583514,1.36217,28.8854,34.3341,11,9,-2,0.670859,0.777184,0.106325,0,0,0,0
3,239,3,0.406905,0.406905,-0.310101,0.354337,0.664438,30.7596,33.4173,7,9,2,0.945126,0.820949,0.124178,0,0,0,0
3.5,240,1,0.192732,0.192732,-0.956215,-0.584802,0.371413,28.1751,29.6608,12,12,0,0.457075,0.557754,0.100678,0,0,0,0
3.5,240,2,0.595709,0.595709,-0.204733,-0.778655,0.573922,31.1811,28.8854,9,10,1,0.777184,0.616605,0.160579,0,0,0,0
3.5,240,3,0.579057,0.579057,0.221392,-0.310101,0.531493,32.8856,30.7596,9,8,-1,0.820949,0.880538,0.0595888,0,0,0,0
4,241,1,0.363233,0.363233,0.0329072,-0.956215,0.989122,32.1316,28.1751,12,7,-5,0.557754,0.47295,0.0848032,0,0,0,0
4,241,2,0.8206,0.8206,-0.518714,-0.204733,0.313981,29.9251,31.1811,10,14,4,0.616605,0.526909,0.089696,0,0,0,0
4,241,3,0.416678,0.416678,0.539349,0.221392,0.317957,34.1574,32.8856,8,9,1,0.880538,0.950282,0.069744,0,0,0,0
4.5,242,1,0.565159,0.565159,0.970946,0.0329072,0.938039,35.8838,32.1316,7,7,0,0.47295,0.520166,0.047216,0,0,0,0
4.5,242,2,0.367098,0.367098,0.890061,-0.518714,1.40877,35.5602,29.9251,14,12,-2,0.526909,0.484821,0.042088,0,0,0,0
4.5,242,3,0.201666,0.201666,0.196896,0.539349,0.342453,32.7876,34.1574,9,11,2,0.950282,0.797147,0.153134,0,0,0,0
5,243,1,0.805791,0.805791,0.957149,0.970946,0.013797,35.8286,35.8838,7,11,4,0.520166,0.672013,0.151846,0,0,1,0
5,243,2,0.798355,0.798355,-0.818811,0.890061,1.70887,28.7248,35.5602,12,5,-7,0.484821,0.650091,0.16527,0,0,0,0
5,243,3,0.653153,0.653153,-0.395883,0.196896,0.592779,30.4165,32.7876,11,14,3,0.797147,0.652336,0.144811,0,0,0,0
5.5,244,1,0.738457,0.738457,0.544654,0.957149,0.412495,34.1786,35.8286,11,12,1,0.672013,0.86423,0.192218,0,0,0,0
5.5,244,2,0.0352896,0.0352896,0.638468,-0.818811,1.45728,34.5539,28.7248,5,8,3,0.650091,0.5852,0.0648912,0,0,0,0
5.5,244,3,1.08354,1.08354,-0.417787,-0.395883,0.0219041,30.3289,30.4165,14,10,-4,0.652336,0.504443,0.147893,0,0,0,0
6,245,1,1.68967,1.68967,0.781828,0.544654,0.237174,35.1273,34.1786,12,16,4,0.86423,0.749734,0.114496,0,0,0,0
6,245,2,0.19215,0.19215,-0.397431,0.638468,1.0359,30.4103,34.5539,8,3,-5,0.5852,0.738222,0.153022,0,0,0,0
6,245,3,0.207332,0.207332,0.479949,-0.417787,0.897736,33.9198,30.3289,10,11,1,0.504443,0.503594,0.0008496,0,0,0,0
6.5,246,1,0.748958,0.748958,0.649409,0.781828,0.132419,34.5976,35.1273,16,20,4,0.749734,0.614178,0.135557,0,0,0,0
6.5,246,2,1.36576,1.36576,-0.350311,-0.397431,0.0471209,30.5988,30.4103,3,5,2,0.738222,0.622315,0.115907,0,0,0,0
6.5,246,3,0.297578,0.297578,-0.59991,0.479949,1.07986,29.6004,33.9198,11,5,-6,0.503594,0.75687,0.253277,0,0,0,0
7,247,1,0.332344,0.332344,-0.843142,0.649409,1.49255,28.6274,34.5976,20,11,-9,0.614178,0.736819,0.122642,0,0,0,0
7,247,2,1.53332,1.53332,-0.282257,-0.350311,0.0680538,30.871,30.5988,5,10,5,0.622315,0.53904,0.0832752,0,0,0,0
7,247,3,0.0983225,0.0983225,-0.76481,-0.59991,0.1649,28.9408,29.6004,5,9,4,0.75687,0.627627,0.129243,0,0,0,0
7.5,248,1,0.93114,0.93114,-0.446296,-0.843142,0.396846,30.2148,28.6274,11,19,8,0.736819,0.598707,0.138112,0,0,0,0
7.5,248,2,0.754795,0.754795,0.606635,-0.282257,0.888892,34.4265,30.871,10,6,-4,0.53904,0.723986,0.184946,0,0,0,0
7.5,248,3,0.519726,0.519726,-0.937407,-0.76481,0.172597,28.2504,28.9408,9,5,-4,0.627627,0.677659,0.050032,0,0,0,0
8,249,1,0.238949,0.238949,0.607805,-0.446296,1.0541,34.4312,30.2148,19,14,-5,0.598707,0.49481,0.103898,0,0,0,0
8,249,2,0.602498,0.602498,-0.779953,0.606635,1.38659,28.8802,34.4265,6,9,3,0.723986,0.855682,0.131696,0,0,0,0
8,249,3,1.55658,1.55658,-0.286986,-0.937407,0.650421,30.8521,28.2504,5,7,2,0.677659,0.605174,0.0724848,0,0,0,0
8.5,250,1,0.319829,0.319829,0.567274,0.607805,0.040531,34.2691,34.4312,14,11,-3,0.49481,0.799136,0.304326,0,0,0,0
8.5,250,2,0.842255,0.842255,-0.59385,-0.779953,0.186103,29.6246,28.8802,9,13,4,0.855682,0.600234,0.255448,0,0,0,0
8.5,250,3,1.43338,1.43338,0.48013,-0.286986,0.767116,33.9205,30.8521,7,6,-1,0.605174,0.663522,0.0583472,0,0,0,0
9,251,1,0.200535,0.200535,0.925595,0.567274,0.358321,35.7024,34.2691,11,11,0,0.799136,0.792238,0.0068976,0,0,0,0
9,251,2,0.0765665,0.0765665,-0.412768,-0.59385,0.181082,30.3489,29.6246,13,12,-1,0.600234,0.406987,0.193246,0,0,0,0
9,251,3,1.71235,1.71235,0.228553,0.48013,0.251578,32.9142,33.9205,6,7,1,0.663522,0.814413,0.150891,0,0,0,0
9.5,252,1,1.58391,1.58391,0.884382,0.925595,0.041213,35.5375,35.7024,11,19,8,0.792238,0.63013,0.162109,0,0,0,0
9.5,252,2,0.327558,0.327558,-0.489552,-0.412768,0.0767843,30.0418,30.3489,12,3,-9,0.406987,0.607064,0.200077,0,0,0,0
9.5,252,3,1.59769,1.59769,0.636163,0.228553,0.40761,34.5447,32.9142,7,8,1,0.814413,0.740942,0.0734704,0,0,0,0
10,253,1,1.61741,1.61741,-0.859214,0.884382,1.7436,28.5631,35.5375,19,19,0,0.63013,0.698448,0.0683184,0,0,0,0
10,253,2,0.236501,0.236501,-0.703134,-0.489552,0.213582,29.1875,30.0418,3,3,0,0.607064,0.498424,0.10864,0,0,0,0
10,253,3,0.598909,0.598909,-0.123204,0.636163,0.759367,31.5072,34.5447,8,8,0,0.740942,0.697536,0.0434064,0,0,0,0
10.5,254,1,1.24344,1.24344,-0.894518,-0.859214,0.0353034,28.4219,28.5631,19,18,-1,0.698448,0.473955,0.224493,0,0,0,0
10.5,254,2,0.0491956,0.0491956,0.470916,-0.703134,1.17405,33.8837,29.1875,3,4,1,0.498424,0.736242,0.237818,0,0,0,0
10.5,254,3,1.03977,1.03977,-0.80672,-0.123204,0.683515,28.7731,31.5072,8,8,0,0.697536,0.936656,0.23912,0,0,0,0
11,255,1,0.168742,0.168742,-0.308464,-0.894518,0.586053,30.7661,28.4219,18,16,-2,0.473955,0.40951,0.0644448,0,0,0,0
11,255,2,0.224147,0.224147,-0.968673,0.470916,1.43959,28.1253,33.8837,4,5,1,0.736242,0.94091,0.204669,0,0,0,0
11,255,3,0.923298,0.923298,-0.0955969,-0.80672,0.711123,31.6176,28.7731,8,9,1,0.936656,0.699483,0.237173,0,0,0,0
11.5,256,1,0.850847,0.850847,-0.433049,-0.308464,0.124585,30.2678,30.7661,16,7,-9,0.40951,0.577008,0.167498,0,0,0,0
11.5,256,2,0.398135,0.398135,0.425052,-0.968673,1.39373,33.7002,28.1253,5,11,6,0.94091,0.664499,0.276411,0,0,0,0
11.5,256,3,0.67586,0.67586,-0.174151,-0.0955969,0.0785541,31.3034,31.6176,9,12,3,0.699483,0.67223,0.0272528,0,0,0,0
12,257,1,0.442521,0.442521,0.315422,-0.433049,0.748471,33.2617,30.2678,7,10,3,0.577008,0.50908,0.067928,0,0,0,0
12,257,2,0.0257505,0.0257505,0.750252,0.425052,0.3252,35.001,33.7002,11,10,-1,0.664499,0.645112,0.0193872,0,0,0,0
12,257,3,1.21092,1.21092,-0.44167,-0.174151,0.267519,30.2333,31.3034,12,10,-2,0.67223,0.737256,0.0650256,0,0,0,0
12.5,258,1,0.249592,0.249592,0.868142,0.315422,0.55272,35.4726,33.2617,10,12,2,0.50908,0.501754,0.0073264,0,0,0,0
12.5,258,2,1.09726,1.09726,0.4665,0.750252,0.283752,33.866,35.001,10,12,2,0.645112,0.80493,0.159818,0,0,0,0
12.5,258,3,0.461414,0.461414,-0.461163,-0.44167,0.0194926,30.1553,30.2333,10,6,-4,0.737256,0.608256,0.129,0,0,1,0
13,259,1,1.28941,1.28941,-0.191889,0.868142,1.06003,31.2324,35.4726,12,12,0,0.501754,0.716278,0.214525,0,0,0,0
13,259,2,0.254584,0.254584,-0.379601,0.4665,0.846101,30.4816,33.866,12,8,-4,0.80493,0.684424,0.120506,0,0,0,0
13,259,3,0.507982,0.507982,-0.764384,-0.461163,0.303221,28.9425,30.1553,6,10,4,0.608256,0.509494,0.0987616,0,0,0,0
13.5,260,1,1.24582,1.24582,-0.761314,-0.191889,0.569425,28.9547,31.2324,12,12,0,0.716278,0.770653,0.0543744,0,0,0,0
13.5,260,2,0.569856,0.569856,-0.100718,-0.379601,0.278882,31.5971,30.4816,8,12,4,0.684424,0.50115,0.183274,0,0,0,0
13.5,260,3,1.22713,1.22713,-0.492799,-0.764384,0.271585,30.0288,28.9425,10,6,-4,0.509494,0.640218,0.130723,0,0,0,0
14,261,1,0.0778644,0.0778644,-0.178654,-0.761314,0.58266,31.2854,28.9547,12,10,-2,0.770653,0.521738,0.248915,0,0,0,0
14,261,2,0.4776,0.4776,0.421755,-0.100718,0.522473,33.687,31.5971,12,14,2,0.50115,0.624658,0.123507,0,0,0,0
14,261,3,1.47015,1.47015,0.510411,-0.492799,1.00321,34.0416,30.0288,6,6,0,0.640218,0.758213,0.117995,0,0,0,0
14.5,262,1,1.05588,1.05588,0.504277,-0.178654,0.682931,34.0171,31.2854,10,12,2,0.521738,0.402122,0.119616,0,0,0,0
14.5,262,2,0.620232,0.620232,0.224691,0.421755,0.197064,32.8988,33.687,14,10,-4,0.624658,0.64228,0.0176224,0,0,0,0
14.5,262,3,0.984395,0.984395,-0.822912,0.510411,1.33332,28.7084,34.0416,6,8,2,0.758213,0.732997,0.025216,0,0,0,0
15,263,1,0.198533,0.198533,0.452644,0.504277,0.0516329,33.8106,34.0171,12,12,0,0.402122,0.754464,0.352342,0,0,0,0
15,263,2,0.797884,0.797884,-0.174512,0.224691,0.399203,31.302,32.8988,10,8,-2,0.64228,0.57428,0.068,0,0,0,0
15,263,3,0.389061,0.389061,0.031813,-0.822912,0.854725,32.1273,28.7084,8,10,2,0.732997,0.555117,0.17788,0,0,0,0
15.5,264,1,0.238098,0.238098,0.742254,0.452644,0.28961,34.969,33.8106,12,13,1,0.754464,0.732446,0.0220176,0,0,0,0
15.5,264,2,1.70484,1.70484,-0.0266762,-0.174512,0.147836,31.8933,31.302,8,9,1,0.57428,0.49841,0.0758704,0,0,0,0
15.5,264,3,0.860184,0.860184,-0.961,0.031813,0.992813,28.156,32.1273,10,8,-2,0.555117,0.623072,0.0679552,0,0,0,0
16,265,1,1.20034,1.20034,0.615651,0.742254,0.126602,34.4626,34.969,13,12,-1,0.732446,0.740512,0.0080656,0,0,0,0
16,265,2,0.13149,0.13149,-0.514812,-0.0266762,0.488135,29.9408,31.8933,9,8,-1,0.49841,0.469426,0.028984,0,0,0,0
16,265,3,1.07417,1.07417,0.271792,-0.961,1.23279,33.0872,28.156,8,10,2,0.623072,0.574547,0.0485248,0,0,0,0
16.5,266,1,1.70754,1.70754,-0.720607,0.615651,1.33626,29.1176,34.4626,12,13,1,0.740512,0.751942,0.0114304,0,0,0,0
16.5,266,2,0.0693103,0.0693103,0.945041,-0.514812,1.45985,35.7802,29.9408,8,11,3,0.469426,0.381702,0.0877232,0,0,0,0
16.5,266,3,0.0941464,0.0941464,0.174435,0.271792,0.0973561,32.6977,33.0872,10,6,-4,0.574547,0.769168,0.194621,0,0,0,0
17,267,1,1.36526,1.36526,-0.485347,-0.720607,0.23526,30.0586,29.1176,13,14,1,0.751942,0.459549,0.292394,0,0,0,0
17,267,2,1.12041,1.12041,-0.425647,0.945041,1.37069,30.2974,35.7802,11,10,-1,0.381702,0.636899,0.255197,0,0,0,0
17,267,3,0.70092,0.70092,0.0159316,0.174435,0.158504,32.0637,32.6977,6,6,0,0.769168,0.70248,0.066688,0,0,0,0
17.5,268,1,1.30054,1.30054,0.601686,-0.485347,1.08703,34.4067,30.0586,14,3,-11,0.459549,0.555739,0.0961904,0,0,0,0
17.5,268,2,0.0322279,0.0322279,0.965567,-0.425647,1.39121,35.8623,30.2974,10,14,4,0.636899,0.598482,0.0384176,0,0,0,0
17.5,268,3,1.40631,1.40631,-0.826999,0.0159316,0.842931,28.692,32.0637,6,13,7,0.70248,0.597971,0.104509,0,0,0,0
18,269,1,0.0202868,0.0202868,-0.133706,0.601686,0.735392,31.4652,34.4067,3,12,9,0.555739,0.601736,0.0459968,0,0,0,0
18,269,2,0.0158144,0.0158144,-0.719626,0.965567,1.68519,29.1215,35.8623,14,10,-4,0.598482,0.670803,0.0723216,0,1,0,0
18,269,3,0.0785607,0.0785607,0.952922,-0.826999,1.77992,35.8117,28.692,13,8,-5,0.597971,0.575219,0.022752,0,0,0,0
18.5,270,1,0.964342,0.964342,0.875925,-0.133706,1.00963,35.5037,31.4652,12,7,-5,0.601736,0.565549,0.0361872,0,0,0,0
18.5,270,2,0.0314292,0.0314292,-0.784078,-0.719626,0.064452,28.8637,29.1215,10,13,3,0.670803,0.476957,0.193846,0,0,0,0
18.5,270,3,1.48002,1.48002,0.514956,0.952922,0.437965,34.0598,35.8117,8,10,2,0.575219,0.809706,0.234486,0,0,0,0
19,271,1,0.549097,0.549097,0.114887,0.875925,0.761038,32.4595,35.5037,7,8,1,0.565549,0.66596,0.100411,0,0,0,0
19,271,2,1.26553,1.26553,0.452537,-0.784078,1.23662,33.8101,28.8637,13,10,-3,0.476957,0.333464,0.143493,0,0,0,0
19,271,3,1.56666,1.56666,-0.23881,0.514956,0.753767,31.0448,34.0598,10,12,2,0.809706,0.790139,0.0195664,0,0,0,0
19.5,272,1,0.526229,0.526229,0.644936,0.114887,0.530049,34.5797,32.4595,8,14,6,0.66596,0.642904,0.023056,0,0,0,0
19.5,272,2,0.870038,0.870038,0.884531,0.452537,0.431994,35.5381,33.8101,10,7,-3,0.333464,0.648144,0.31468,0,0,0,0
19.5,272,3,1.54883,1.54883,0.541775,-0.23881,0.780585,34.1671,31.0448,12,9,-3,0.790139,0.626995,0.163144,0,0,0,0
20,273,1,0.273445,0.273445,0.78238,0.644936,0.137444,35.1295,34.5797,14,12,-2,0.642904,0.56631,0.0765936,0,0,0,0
20,273,2,0.416986,0.416986,-0.477517,0.884531,1.36205,30.0899,35.5381,7,4,-3,0.648144,0.692021,0.0438768,0,0,0,0
20,273,3,0.274603,0.274603,-0.456853,0.541775,0.998628,30.1726,34.1671,9,14,5,0.626995,0.575632,0.0513632,0,0,0,0
20.5,274,1,0.550132,0.550132,-0.875212,0.78238,1.65759,28.4992,35.1295,12,10,-2,0.56631,0.784949,0.218638,0,0,0,0
20.5,274,2,0.0602283,0.0602283,0.905409,-0.477517,1.38293,35.6216,30.0899,4,11,7,0.692021,0.472034,0.219987,0,0,0,0
20.5,274,3,1.30286,1.30286,-0.78629,-0.456853,0.329437,28.8548,30.1726,14,9,-5,0.575632,0.557558,0.0180736,0,0,0,0
21,275,1,0.846417,0.846417,0.792708,-0.875212,1.66792,35.1708,28.4992,10,13,3,0.784949,0.549733,0.235216,0,0,0,0
21,275,2,0.907438,0.907438,-0.174905,0.905409,1.08031,31.3004,35.6216,11,9,-2,0.472034,0.902302,0.430269,0,0,0,0
21,275,3,1.20016,1.20016,-0.976146,-0.78629,0.189856,28.0954,28.8548,9,8,-1,0.557558,0.477954,0.0796048,0,0,0,0
21.5,276,1,1.84926,1.84926,0.882467,0.792708,0.0897582,35.5299,35.1708,13,10,-3,0.549733,0.757778,0.208045,0,0,0,0
21.5,276,2,0.207611,0.207611,-0.886165,-0.174905,0.71126,28.4553,31.3004,9,12,3,0.902302,0.684632,0.21767,0,0,0,0
21.5,276,3,0.839849,0.839849,0.681652,-0.976146,1.6578,34.7266,28.0954,8,8,0,0.477954,0.455314,0.02264,0,0,0,0
22,277,1,0.375705,0.375705,-0.534486,0.882467,1.41695,29.8621,35.5299,10,11,1,0.757778,0.947472,0.189694,0,0,0,0
22,277,2,0.399263,0.399263,-0.930376,-0.886165,0.0442108,28.2785,28.4553,12,14,2,0.684632,0.332952,0.35168,0,0,0,0
22,277,3,0.156279,0.156279,0.798191,0.681652,0.116538,35.1928,34.7266,8,5,-3,0.455314,0.689419,0.234106,0,0,0,0
22.5,278,1,0.206111,0.206111,-0.783604,-0.534486,0.249118,28.8656,29.8621,11,13,2,0.947472,0.495,0.452472,0,0,0,0
22.5,278,2,1.2592,1.2592,0.6123,-0.930376,1.54268,34.4492,28.2785,14,10,-4,0.332952,0.29888,0.034072,0,0,0,0
22.5,278,3,0.933764,0.933764,0.338565,0.798191,0.459625,33.3543,35.1928,5,7,2,0.689419,1.07037,0.380954,0,0,0,0
23,279,1,0.0120897,0.0120897,-0.0994025,-0.783604,0.684202,31.6024,28.8656,13,7,-6,0.495,0.326117,0.168883,0,1,0,0
23,279,2,0.433711,0.433711,-0.384871,0.6123,0.997171,30.4605,34.4492,10,4,-6,0.29888,0.670003,0.371123,0,0,0,0
23,279,3,0.660745,0.660745,-0.19863,0.338565,0.537195,31.2055,33.3543,7,19,12,1.07037,0.738352,0.332021,0,0,0,0
23.5,280,1,1.40454,1.40454,-0.20956,-0.0994025,0.110158,31.1618,31.6024,7,5,-2,0.326117,0.565573,0.239456,0,0,0,0
23.5,280,2,1.09289,1.09289,-0.485692,-0.384871,0.100821,30.0572,30.4605,4,9,5,0.670003,0.622342,0.0476608,0,0,0,0
23.5,280,3,0.719685,0.719685,-0.522793,-0.19863,0.324163,29.9088,31.2055,19,16,-3,0.738352,0.582342,0.15601,0,0,0,0
24,281,1,1.29737,1.29737,0.787875,-0.20956,0.997435,35.1515,31.1618,5,7,2,0.565573,0.724218,0.158645,0,0,0,0
24,281,2,0.111679,0.111679,-0.728251,-0.485692,0.242559,29.087,30.0572,9,8,-1,0.622342,0.539773,0.0825696,0,0,0,0
24,281,3,1.04641,1.04641,-0.643053,-0.522793,0.12026,29.4278,29.9088,16,15,-1,0.582342,0.531635,0.0507072,0,0,0,0
24.5,282,1,0.145067,0.145067,0.521473,0.787875,0.266402,34.0859,35.1515,7,9,2,0.724218,0.965381,0.241163,0,0,0,0
24.5,282,2,0.441979,0.441979,0.835194,-0.728251,1.56344,35.3408,29.087,8,8,0,0.539773,0.420422,0.11935,0,0,0,0
24.5,282,3,1.04882,1.04882,0.458731,-0.643053,1.10178,33.8349,29.4278,15,13,-2,0.531635,0.475302,0.0563328,0,0,0,0
25,283,1,1.35029,1.35029,-0.651394,0.521473,1.17287,29.3944,34.0859,9,14,5,0.965381,0.734459,0.230922,0,0,0,0
25,283,2,0.451257,0.451257,-0.395985,0.835194,1.23118,30.4161,35.3408,8,9,1,0.420422,0.532984,0.112562,0,0,0,0
25,283,3,0.534018,0.534018,-0.697518,0.458731,1.15625,29.2099,33.8349,13,7,-6,0.475302,0.631146,0.155843,0,0,0,0
25.5,284,1,1.16139,1.16139,0.551852,-0.651394,1.20325,34.2074,29.3944,14,10,-4,0.734459,0.563792,0.170667,0,0,0,0
25.5,284,2,1.34555,1.34555,0.276848,-0.395985,0.672833,33.1074,30.4161,9,11,2,0.532984,0.616776,0.083792,0,0,0,0
25.5,284,3,0.110961,0.110961,-0.9524,-0.697518,0.254882,28.1904,29.2099,7,9,2,0.631146,0.592059,0.0390864,0,0,0,0
26,285,1,1.4673,1.4673,-0.270934,0.551852,0.822786,30.9163,34.2074,10,11,1,0.563792,0.680317,0.116525,0,0,0,0
26,285,2,1.11469,1.11469,0.635043,0.276848,0.358195,34.5402,33.1074,11,10,-1,0.616776,0.622165,0.0053888,0,0,0,0
26,285,3,1.27957,1.27957,-0.351401,-0.9524,0.600999,30.5944,28.1904,9,9,0,0.592059,0.519518,0.0725408,0,0,0,0
26.5,286,1,0.423841,0.423841,-0.0442932,-0.270934,0.226641,31.8228,30.9163,11,12,1,0.680317,0.537622,0.142694,0,0,0,0
26.5,286,2,0.204726,0.204726,0.539369,0.635043,0.095674,34.1575,34.5402,10,11,1,0.622165,0.680744,0.0585792,0,0,0,0
26.5,286,3,0.132288,0.132288,0.794933,-0.351401,1.14633,35.1797,30.5944,9,7,-2,0.519518,0.561462,0.041944,0,0,0,0
27,287,1,0.479336,0.479336,0.94691,-0.0442932,0.991203,35.7876,31.8228,12,13,1,0.537622,0.356059,0.181563,0,0,0,0
27,287,2,0.379373,0.379373,-0.926989,0.539369,1.46636,28.292,34.1575,11,12,1,0.680744,0.614608,0.066136,0,0,0,0
27,287,3,0.992581,0.992581,-0.00274598,0.794933,0.797679,31.989,35.1797,7,5,-2,0.561462,0.95296,0.391498,0,0,0,0
27.5,288,1,0.725645,0.725645,0.966283,0.94691,0.0193731,35.8651,35.7876,13,10,-3,0.356059,0.836232,0.480173,0,0,1,0
27.5,288,2,0.0738852,0.0738852,0.434123,-0.926989,1.36111,33.7365,28.292,12,12,0,0.614608,0.345243,0.269365,0,0,0,0
27.5,288,3,0.180552,0.180552,0.564663,-0.00274598,0.567409,34.2587,31.989,5,8,3,0.95296,0.755611,0.197349,0,0,0,0
28,289,1,1.3628,1.3628,-0.659019,0.966283,1.6253,29.3639,35.8651,10,10,0,0.836232,0.876146,0.0399136,0,0,0,0
28,289,2,1.16262,1.16262,-0.19725,0.434123,0.631373,31.211,33.7365,12,12,0,0.345243,0.326704,0.0185392,0,0,0,0
28,289,3,0.600643,0.600643,0.313504,0.564663,0.251159,33.254,34.2587,8,8,0,0.755611,0.603666,0.151946,0,0,0,0
28.5,290,1,0.199397,0.199397,-0.814879,-0.659019,0.155861,28.7405,29.3639,10,10,0,0.876146,0.490488,0.385658,0,0,0,0
28.5,290,2,1.1307,1.1307,-0.411809,-0.19725,0.214559,30.3528,31.211,12,12,0,0.326704,0.501795,0.175091,0,0,0,0
28.5,290,3,0.25333,0.25333,0.213792,0.313504,0.0997114,32.8552,33.254,8,8,0,0.603666,0.803525,0.199859,0,0,0,0
29,291,1,1.12472,1.12472,-0.701495,-0.814879,0.113384,29.194,28.7405,10,11,1,0.490488,0.358357,0.132131,0,0,0,0
29,291,2,0.108758,0.108758,-0.22775,-0.411809,0.184059,31.089,30.3528,12,8,-4,0.501795,0.544984,0.0431888,0,0,0,0
29,291,3,0.777211,0.777211,-0.232844,0.213792,0.446636,31.0686,32.8552,8,11,3,0.803525,0.849298,0.0457728,0,0,0,0
29.5,292,1,0.131688,0.131688,0.465871,-0.701495,1.16737,33.8635,29.194,11,8,-3,0.358357,0.46491,0.106554,0,0,0,0
29.5,292,2,0.45857,0.45857,0.551364,-0.22775,0.779114,34.2055,31.089,8,9,1,0.544984,0.591061,0.0460768,0,0,0,0
29.5,292,3,0.598768,0.598768,0.820889,-0.232844,1.05373,35.2836,31.0686,11,13,2,0.849298,0.713139,0.136158,0,0,0,0
30,293,1,0.0487958,0.0487958,-0.748918,0.465871,1.21479,29.0043,33.8635,8,4,-4,0.46491,0.558989,0.0940784,0,0,0,0
30,293,2,0.284055,0.284055,-0.916785,0.551364,1.46815,28.3329,34.2055,9,11,2,0.591061,0.49848,0.0925808,0,0,0,0
30,293,3,1.0002,1.0002,-0.143084,0.820889,0.963973,31.4277,35.2836,13,15,2,0.713139,0.713651,0.000512,0,0,0,0
30.5,294,1,0.0316485,0.0316485,0.478178,-0.748918,1.2271,33.9127,29.0043,4,7,3,0.558989,0.623259,0.0642704,0,0,0,0
30.5,294,2,0.47677,0.47677,-0.0130381,-0.916785,0.903747,31.9478,28.3329,11,13,2,0.49848,0.393218,0.105262,0,0,0,0
30.5,294,3,0.292776,0.292776,0.117827,-0.143084,0.260911,32.4713,31.4277,15,10,-5,0.713651,0.79043,0.0767792,0,0,0,0
31,295,1,0.297715,0.297715,0.784444,0.478178,0.306266,35.1378,33.9127,7,6,-1,0.623259,0.728709,0.10545,0,0,0,0
31,295,2,0.651141,0.651141,0.852087,-0.0130381,0.865125,35.4083,31.9478,13,10,-3,0.393218,0.430429,0.0372112,0,0,0,0
31,295,3,0.955167,0.955167,-0.132397,0.117827,0.250224,31.4704,32.4713,10,14,4,0.79043,0.620571,0.169859,0,0,0,0
31.5,296,1,0.00965738,0.00965738,0.767679,0.784444,0.0167654,35.0707,35.1378,6,8,2,0.728709,0.696613,0.032096,0,1,1,0
31.5,296,2,0.0336575,0.0336575,0.828101,0.852087,0.0239862,35.3124,35.4083,10,10,0,0.430429,0.568533,0.138104,0,0,0,0
31.5,296,3,1.28894,1.28894,0.971539,-0.132397,1.10394,35.8862,31.4704,14,12,-2,0.620571,0.519483,0.101088,0,0,0,0
32,297,1,0.578807,0.578807,-0.332837,0.767679,1.10052,30.6687,35.0707,8,10,2,0.696613,0.616738,0.0798752,0,0,0,0
32,297,2,0.731512,0.731512,-0.959718,0.828101,1.78782,28.1611,35.3124,10,10,0,0.568533,0.578509,0.009976,0,0,0,0
32,297,3,1.28742,1.28742,0.850675,0.971539,0.120864,35.4027,35.8862,12,10,-2,0.519483,0.64283,0.123347,0,0,0,0
32.5,298,1,1.14964,1.14964,-0.162377,-0.332837,0.17046,31.3505,30.6687,10,9,-1,0.616738,0.502627,0.11411,0,0,0,0
32.5,298,2,0.0856203,0.0856203,-0.493304,-0.959718,0.466414,30.0268,28.1611,10,11,1,0.578509,0.335936,0.242573,0,0,0,0
32.5,298,3,0.142898,0.142898,0.186183,0.850675,0.664492,32.7447,35.4027,10,10,0,0.64283,1.04145,0.398622,0,0,0,0
33,299,1,0.538104,0.538104,-0.839874,-0.162377,0.677497,28.6405,31.3505,9,8,-1,0.502627,0.618597,0.11597,0,0,0,0
33,299,2,1.25048,1.25048,-0.519462,-0.493304,0.0261577,29.9222,30.0268,11,10,-1,0.335936,0.318685,0.0172512,0,0,0,0
33,299,3,1.65513,1.65513,0.259287,0.186183,0.0731048,33.0371,32.7447,10,12,2,1.04145,0.860702,0.18075,0,0,0,0
33.5,300,1,0.638597,0.638597,0.385308,-0.839874,1.22518,33.5412,28.6405,8,6,-2,0.618597,0.557334,0.0612624,0,0,0,0
33.5,300,2,1.00633,1.00633,-0.69548,-0.519462,0.176018,29.2181,29.9222,10,10,0,0.318685,0.384427,0.0657424,0,0,0,0
33.5,300,3,0.206767,0.206767,-0.235292,0.259287,0.494579,31.0588,33.0371,12,14,2,0.860702,0.742926,0.117776,0,0,0,0
34,301,1,1.65469,1.65469,-0.821755,0.385308,1.20706,28.713,33.5412,6,6,0,0.557334,0.746002,0.188667,0,0,0,0
34,301,2,1.04066,1.04066,-0.0918947,-0.69548,0.603585,31.6324,29.2181,10,9,-1,0.384427,0.314106,0.0703216,0,0,0,0
34,301,3,0.0867515,0.0867515,0.0280517,-0.235292,0.263344,32.1122,31.0588,14,15,1,0.742926,0.671018,0.0719088,0,0,0,0
34.5,302,1,1.07307,1.07307,0.921145,-0.821755,1.7429,35.6846,28.713,6,10,4,0.746002,0.530014,0.215987,0,0,0,0
34.5,302,2,1.0521,1.0521,-0.96063,-0.0918947,0.868736,28.1575,31.6324,9,11,2,0.314106,0.484731,0.170626,0,0,0,0
34.5,302,3,0.113629,0.113629,0.87075,0.0280517,0.842698,35.483,32.1122,15,9,-6,0.671018,0.651816,0.0192016,0,0,0,0
35,303,1,0.140637,0.140637,0.930008,0.921145,0.00886232,35.72,35.6846,10,11,1,0.530014,0.678381,0.148366,0,0,1,0
35,303,2,0.60502,0.60502,0.826311,-0.96063,1.78694,35.3052,28.1575,11,10,-1,0.484731,0.344614,0.140117,0,0,0,0
35,303,3,1.3609,1.3609,-0.216055,0.87075,1.08681,31.1358,35.483,9,9,0,0.651816,0.803898,0.152082,0,0,0,0
35.5,304,1,0.358931,0.358931,0.799186,0.930008,0.130822,35.1967,35.72,11,10,-1,0.678381,0.735493,0.057112,0,0,0,0
35.5,304,2,0.681176,0.681176,-0.360101,0.826311,1.18641,30.5596,35.3052,10,9,-1,0.344614,0.47473,0.130115,0,0,0,0
35.5,304,3,0.984442,0.984442,-0.523844,-0.216055,0.307789,29.9046,31.1358,9,11,2,0.803898,0.630675,0.173222,0,0,0,0
36,305,1,0.944353,0.944353,-0.741999,0.799186,1.54118,29.032,35.1967,10,9,-1,0.735493,0.927101,0.191608,0,0,0,0
36,305,2,0.350263,0.350263,-0.826917,-0.360101,0.466817,28.6923,30.5596,9,8,-1,0.47473,0.475413,0.0006832,0,0,0,0
36,305,3,0.0697437,0.0697437,0.429379,-0.523844,0.953223,33.7175,29.9046,11,13,2,0.630675,0.51937,0.111306,0,0,0,0
36.5,306,1,0.105405,0.105405,0.266141,-0.741999,1.00814,33.0646,29.032,9,14,5,0.927101,0.691696,0.235405,0,0,0,0
36.5,306,2,0.449203,0.449203,0.460219,-0.826917,1.28714,33.8409,28.6923,8,11,3,0.475413,0.28261,0.192803,0,0,0,0
36.5,306,3,0.276025,0.276025,0.0656984,0.429379,0.363681,32.2628,33.7175,13,5,-8,0.51937,1.08754,0.56817,0,0,0,0
37,307,1,0.0403288,0.0403288,-0.99416,0.266141,1.2603,28.0234,33.0646,14,14,0,0.691696,0.519834,0.171862,0,0,0,0
37,307,2,0.783409,0.783409,0.967184,0.460219,0.506965,35.8687,33.8409,11,11,0,0.28261,0.446384,0.163774,0,0,0,0
37,307,3,0.057638,0.057638,-0.486522,0.0656984,0.55222,30.0539,32.2628,5,5,0,1.08754,0.972517,0.115022,0,0,0,0
37.5,308,1,0.871214,0.871214,0.54134,-0.99416,1.5355,34.1654,28.0234,14,12,-2,0.519834,0.420714,0.09912,0,0,0,0
37.5,308,2,0.899728,0.899728,0.8699,0.967184,0.0972839,35.4796,35.8687,11,11,0,0.446384,0.835155,0.388771,0,0,0,0
37.5,308,3,0.82572,0.82572,-0.551147,-0.486522,0.0646247,29.7954,30.0539,5,7,2,0.972517,0.672222,0.300294,0,0,0,0
38,309,1,1.20907,1.20907,-0.382455,0.54134,0.923796,30.4702,34.1654,12,12,0,0.420714,0.57915,0.158437,0,0,0,0
38,309,2,0.991074,0.991074,-0.343516,0.8699,1.21342,30.6259,35.4796,11,12,1,0.835155,0.74561,0.0895456,0,0,0,0
38,309,3,0.652091,0.652091,-0.211608,-0.551147,0.339538,31.1536,29.7954,7,6,-1,0.672222,0.528594,0.143629,0,0,0,0
38.5,310,1,0.954463,0.954463,0.698806,-0.382455,1.08126,34.7952,30.4702,12,9,-3,0.57915,0.621629,0.0424784,0,0,0,0
38.5,310,2,0.541653,0.541653,-0.69216,-0.343516,0.348645,29.2314,30.6259,12,14,2,0.74561,0.53552,0.21009,0,0,0,0
38.5,310,3,0.181605,0.181605,0.16156,-0.211608,0.373169,32.6462,31.1536,6,7,1,0.528594,0.771915,0.243322,0,0,0,0
39,311,1,0.976144,0.976144,-0.566395,0.698806,1.2652,29.7344,34.7952,9,12,3,0.621629,0.722419,0.10079,0,0,0,0
39,311,2,0.467379,0.467379,-0.726522,-0.69216,0.0343611,29.0939,29.2314,14,10,-4,0.53552,0.333022,0.202498,0,0,0,0
39,311,3,0.717691,0.717691,0.449463,0.16156,0.287902,33.7979,32.6462,7,8,1,0.771915,0.725536,0.0463792,0,0,0,0
39.5,312,1,0.813494,0.813494,-0.723253,-0.566395,0.156858,29.107,29.7344,12,13,1,0.722419,0.578461,0.143958,0,0,0,0
39.5,312,2,0.0857683,0.0857683,0.957717,-0.726522,1.68424,35.8309,29.0939,10,9,-1,0.333022,0.305882,0.0271408,0,0,0,0
39.5,312,3,1.73778,1.73778,-0.21602,0.449463,0.665483,31.1359,33.7979,8,8,0,0.725536,0.837234,0.111698,0,0,0,0
40,313,1,0.445286,0.445286,-0.121684,-0.723253,0.60157,31.5133,29.107,13,13,0,0.578461,0.399518,0.178942,0,0,0,0
40,313,2,0.0881213,0.0881213,0.044876,0.957717,0.912841,32.1795,35.8309,9,9,0,0.305882,0.71725,0.411368,0,0,0,0
40,313,3,0.101911,0.101911,0.196032,-0.21602,0.412053,32.7841,31.1359,8,8,0,0.837234,0.789477,0.0477568,0,0,0,0
40.5,314,1,0.574969,0.574969,0.9255,-0.121684,1.04718,35.702,31.5133,13,8,-5,0.399518,0.488986,0.0894672,0,0,0,0
40.5,314,2,0.329885,0.329885,0.68677,0.044876,0.641894,34.7471,32.1795,9,8,-1,0.71725,0.738059,0.0208096,0,0,0,0
40.5,314,3,0.848162,0.848162,0.836507,0.196032,0.640475,35.346,32.7841,8,14,6,0.789477,0.611515,0.177962,0,0,0,0
41,315,1,0.661368,0.661368,-0.0800475,0.9255,1.00555,31.6798,35.702,8,8,0,0.488986,0.641186,0.1522,0,0,0,0
41,315,2,0.0720644,0.0720644,0.930709,0.68677,0.243939,35.7228,34.7471,8,10,2,0.738059,0.514722,0.223338,0,0,0,0
41,315,3,0.94518,0.94518,-0.728661,0.836507,1.56517,29.0854,35.346,14,12,-2,0.611515,0.616466,0.0049504,0,0,0,0
41.5,316,1,0.331033,0.331033,0.226546,-0.0800475,0.306593,32.9062,31.6798,8,10,2,0.641186,0.530598,0.110587,0,0,0,0
41.5,316,2,0.19502,0.19502,0.177444,0.930709,0.753265,32.7098,35.7228,10,7,-3,0.514722,0.735722,0.221,0,0,0,0
41.5,316,3,1.22579,1.22579,-0.678847,-0.728661,0.0498134,29.2846,29.0854,12,13,1,0.616466,0.515123,0.101342,0,0,0,0
42,317,1,1.14818,1.14818,-0.193557,0.226546,0.420103,31.2258,32.9062,10,9,-1,0.530598,0.573469,0.0428704,0,0,0,0
42,317,2,1.03087,1.03087,-0.751978,0.177444,0.929421,28.9921,32.7098,7,10,3,0.735722,0.762648,0.0269264,0,0,0,0
42,317,3,0.317947,0.317947,0.906505,-0.678847,1.58535,35.626,29.2846,13,11,-2,0.515123,0.474176,0.0409472,0,0,0,0
42.5,318,1,0.309939,0.309939,-0.490791,-0.193557,0.297234,30.0368,31.2258,9,14,5,0.573469,0.543416,0.0300528,0,0,0,0
42.5,318,2,0.126319,0.126319,-0.152803,-0.751978,0.599174,31.3888,28.9921,10,10,0,0.762648,0.381226,0.381422,0,0,0,0
42.5,318,3,1.21707,1.21707,0.27084,0.906505,0.635665,33.0834,35.626,11,6,-5,0.474176,1.00915,0.534978,0,0,0,0
43,319,1,0.41209,0.41209,-0.635446,-0.490791,0.144655,29.4582,30.0368,14,7,-7,0.543416,0.52656,0.016856,0,0,0,0
43,319,2,0.410805,0.410805,0.64198,-0.152803,0.794783,34.5679,31.3888,10,11,1,0.381226,0.407213,0.0259872,0,0,0,0
43,319,3,0.888252,0.888252,-0.285006,0.27084,0.555846,30.86,33.0834,6,12,6,1.00915,0.836352,0.172802,0,0,0,0
43.5,320,1,0.164362,0.164362,-0.119189,-0.635446,0.516257,31.5232,29.4582,7,6,-1,0.52656,0.503176,0.023384,0,0,0,0
43.5,320,2,0.554763,0.554763,-0.858793,0.64198,1.50077,28.5648,34.5679,11,7,-4,0.407213,0.733632,0.326419,0,0,0,0
43.5,320,3,0.653886,0.653886,-0.0511264,-0.285006,0.23388,31.7955,30.86,12,17,5,0.836352,0.605301,0.231051,0,0,0,0
44,321,1,0.0836374,0.0836374,0.814798,-0.119189,0.933987,35.2592,31.5232,6,7,1,0.503176,0.635968,0.132792,0,0,0,0
44,321,2,0.296716,0.296716,-0.518526,-0.858793,0.340268,29.9259,28.5648,7,13,6,0.733632,0.486416,0.247216,0,0,0,0
44,321,3,0.31905,0.31905,-0.701682,-0.0511264,0.650556,29.1933,31.7955,17,10,-7,0.605301,0.734125,0.128824,0,0,0,0
44.5,322,1,0.105652,0.105652,0.813478,0.814798,0.00132048,35.2539,35.2592,7,9,2,0.635968,1.00352,0.367549,0,0,1,0
44.5,322,2,1.07988,1.07988,0.957781,-0.518526,1.47631,35.8311,29.9259,13,10,-3,0.486416,0.288173,0.198243,0,0,0,0
44.5,322,3,0.0663131,0.0663131,0.765012,-0.701682,1.46669,35.06,29.1933,10,11,1,0.734125,0.637411,0.0967136,0,0,0,0
45,323,1,0.712731,0.712731,-0.716716,0.813478,1.53019,29.1331,35.2539,9,13,4,1.00352,0.751918,0.251598,0,0,0,0
45,323,2,0.470021,0.470021,0.67911,0.957781,0.278672,34.7164,35.8311,10,10,0,0.288173,0.472845,0.184672,0,0,0,0
45,323,3,0.172618,0.172618,-0.590326,0.765012,1.35534,29.6387,35.06,11,7,-4,0.637411,0.607272,0.0301392,0,0,0,0
45.5,324,1,0.913738,0.913738,0.721159,-0.716716,1.43788,34.8846,29.1331,13,8,-5,0.751918,0.470381,0.281538,0,0,0,0
45.5,324,2,0.0091605,0.0091605,-0.513515,0.67911,1.19262,29.9459,34.7164,10,10,0,0.472845,0.804318,0.331474,0,1,0,0
45.5,324,3,1.03167,1.03167,0.205365,-0.590326,0.795691,32.8215,29.6387,7,12,5,0.607272,0.582845,0.0244272,0,0,0,0
46,325,1,0.730556,0.730556,0.599178,0.721159,0.121981,34.3967,34.8846,8,8,0,0.470381,0.594325,0.123944,0,0,0,0
46,325,2,0.0765628,0.0765628,0.52647,-0.513515,1.03998,34.1059,29.9459,10,12,2,0.804318,0.50191,0.302408,0,0,0,0
46,325,3,1.31607,1.31607,0.211725,0.205365,0.00635968,32.8469,32.8215,12,10,-2,0.582845,0.786381,0.203536,0,0,1,0
46.5,326,1,0.570413,0.570413,0.699098,0.599178,0.0999194,34.7964,34.3967,8,9,1,0.594325,0.745294,0.15097,0,0,0,0
46.5,326,2,0.445396,0.445396,0.114313,0.52647,0.412156,32.4573,34.1059,12,10,-2,0.50191,0.500738,0.0011728,0,0,0,0
46.5,326,3,0.109767,0.109767,0.860762,0.211725,0.649037,35.443,32.8469,10,11,1,0.786381,0.536024,0.250357,0,0,0,0
47,327,1,0.0899703,0.0899703,-0.799229,0.699098,1.49833,28.8031,34.7964,9,10,1,0.745294,0.693024,0.0522704,0,0,0,0
47,327,2,0.193743,0.193743,0.48553,0.114313,0.371217,33.9421,32.4573,10,10,0,0.500738,0.468965,0.0317728,0,0,0,0
47,327,3,1.35194,1.35194,-0.885489,0.860762,1.74625,28.458,35.443,11,10,-1,0.536024,0.705331,0.169307,0,0,0,0
47.5,328,1,1.19317,1.19317,0.937171,-0.799229,1.7364,35.7487,28.8031,10,8,-2,0.693024,0.542035,0.150989,0,0,0,0
47.5,328,2,0.329917,0.329917,-0.717601,0.48553,1.20313,29.1296,33.9421,10,10,0,0.468965,0.675326,0.206362,0,0,0,0
47.5,328,3,0.876437,0.876437,-0.362651,-0.885489,0.522838,30.5494,28.458,10,12,2,0.705331,0.682606,0.0227248,0,0,0,0
48,329,1,1.09311,1.09311,0.857876,0.937171,0.0792953,35.4315,35.7487,8,10,2,0.542035,0.916808,0.374773,0,0,0,0
48,329,2,0.494361,0.494361,0.669822,-0.717601,1.38742,34.6793,29.1296,10,15,5,0.675326,0.485082,0.190245,0,0,0,0
48,329,3,0.530745,0.530745,-0.928287,-0.362651,0.565636,28.2869,30.5494,12,5,-7,0.682606,0.594018,0.0885888,0,0,0,0
48.5,330,1,0.220115,0.220115,0.523659,0.857876,0.334217,34.0946,35.4315,10,10,0,0.916808,0.892878,0.0239296,0,0,0,0
48.5,330,2,0.0185304,0.0185304,0.639838,0.669822,0.0299846,34.5594,34.6793,15,12,-3,0.485082,0.50464,0.0195584,0,1,0,0
48.5,330,3,0.697968,0.697968,-0.704519,-0.928287,0.223768,29.1819,28.2869,5,8,3,0.594018,0.494835,0.0991824,0,0,0,0
49,331,1,1.87318,1.87318,-0.768474,0.523659,1.29213,28.9261,34.0946,10,12,2,0.892878,0.774189,0.11869,0,0,0,0
49,331,2,0.298248,0.298248,0.209328,0.639838,0.43051,32.8373,34.5594,12,12,0,0.50464,0.624482,0.119842,0,0,0,0
49,331,3,0.115589,0.115589,0.80952,-0.704519,1.51404,35.2381,29.1819,8,6,-2,0.494835,0.504006,0.0091712,0,0,0,0
49.5,332,1,1.49579,1.49579,0.0754568,-0.768474,0.843931,32.3018,28.9261,12,5,-7,0.774189,0.52017,0.254019,0,0,0,0
49.5,332,2,0.632423,0.632423,0.630641,0.209328,0.421313,34.5226,32.8373,12,17,5,0.624482,0.523584,0.100898,0,0,0,0
49.5,332,3,0.483729,0.483729,0.109179,0.80952,0.70034,32.4367,35.2381,6,8,2,0.504006,1.07876,0.574754,0,0,0,0
50,333,1,1.43465,1.43465,-0.930309,0.0754568,1.00577,28.2788,32.3018,5,14,9,0.52017,0.443904,0.0762656,0,0,0,0
50,333,2,1.30061,1.30061,-0.945074,0.630641,1.57572,28.2197,34.5226,17,11,-6,0.523584,0.569288,0.045704,0,0,0,0
50,333,3,0.411389,0.411389,0.36498,0.109179,0.255801,33.4599,32.4367,8,5,-3,1.07876,0.908853,0.169907,0,0,0,0
50.5,334,1,0.111403,0.111403,-0.968957,-0.930309,0.0386485,28.1242,28.2788,14,9,-5,0.443904,0.471803,0.0278992,0,0,0,0
50.5,334,2,1.60352,1.60352,0.151519,-0.945074,1.09659,32.6061,28.2197,11,13,2,0.569288,0.462691,0.106597,0,0,0,0
50.5,334,3,1.66442,1.66442,0.192021,0.36498,0.172959,32.7681,33.4599,5,8,3,0.908853,0.982221,0.073368,0,0,0,0
51,335,1,1.49776,1.49776,-0.764406,-0.968957,0.204551,28.9424,28.1242,9,10,1,0.471803,0.391474,0.0803296,0,0,0,0
51,335,2,0.573795,0.573795,-0.638544,0.151519,0.790064,29.4458,32.6061,13,7,-6,0.462691,0.545859,0.083168,0,0,0,0
51,335,3,0.9905,0.9905,0.515498,0.192021,0.323477,34.062,32.7681,8,13,5,0.982221,0.892406,0.0898144,0,0,0,0
51.5,336,1,0.39702,0.39702,-0.801461,-0.764406,0.0370556,28.7942,28.9424,10,10,0,0.391474,0.477506,0.086032,0,0,0,0
51.5,336,2,0.579918,0.579918,-0.628038,-0.638544,0.0105062,29.4878,29.4458,7,7,0,0.545859,0.48355,0.0623088,0,0,1,0
51.5,336,3,0.124423,0.124423,-0.410055,0.515498,0.925553,30.3598,34.062,13,13,0,0.892406,0.902989,0.0105824,0,0,0,0
52,337,1,0.121,0.121,-0.12582,-0.801461,0.675641,31.4967,28.7942,10,6,-4,0.477506,0.555718,0.0782128,0,0,0,0
52,337,2,0.446161,0.446161,0.0224547,-0.628038,0.650493,32.0898,29.4878,7,10,3,0.48355,0.446837,0.0367136,0,0,0,0
52,337,3,0.340038,0.340038,-0.0563076,-0.410055,0.353747,31.7748,30.3598,13,14,1,0.902989,0.876587,0.0264016,0,0,0,0
52.5,338,1,1.01062,1.01062,-0.808521,-0.12582,0.6827,28.7659,31.4967,6,7,1,0.555718,0.559136,0.0034176,0,0,0,0
52.5,338,2,1.04872,1.04872,-0.808456,0.0224547,0.830911,28.7662,32.0898,10,11,1,0.446837,0.595651,0.148814,0,0,0,0
52.5,338,3,0.215179,0.215179,0.63823,-0.0563076,0.694537,34.5529,31.7748,14,12,-2,0.876587,0.703416,0.173171,0,0,0,0
53,339,1,0.221669,0.221669,-0.750659,-0.808521,0.0578616,28.9974,28.7659,7,8,1,0.559136,0.505525,0.0536112,0,0,0,0
53,339,2,0.0279241,0.0279241,0.277904,-0.808456,1.08636,33.1116,28.7662,11,10,-1,0.595651,0.450923,0.144728,0,0,0,0
53,339,3,0.0486081,0.0486081,-0.792886,0.63823,1.43112,28.8285,34.5529,12,12,0,0.703416,0.934397,0.230981,0,0,0,0
53.5,340,1,0.624532,0.624532,-0.914494,-0.750659,0.163835,28.342,28.9974,8,9,1,0.505525,0.40795,0.0975744,0,0,0,0
53.5,340,2,0.208808,0.208808,0.809015,0.277904,0.531111,35.2361,33.1116,10,4,-6,0.450923,0.831259,0.380336,0,0,0,0
53.5,340,3,0.94315,0.94315,-0.789974,-0.792886,0.0029121,28.8401,28.8285,12,17,5,0.934397,0.757288,0.177109,0,0,1,0
54,341,1,0.343717,0.343717,0.321591,-0.914494,1.23609,33.2864,28.342,9,8,-1,0.40795,0.373219,0.0347312,0,0,0,0
54,341,2,1.37695,1.37695,-0.921985,0.809015,1.731,28.3121,35.2361,4,9,5,0.831259,1.0385,0.20724,0,0,0,0
54,341,3,1.20654,1.20654,0.473177,-0.789974,1.26315,33.8927,28.8401,17,13,-4,0.757288,0.505307,0.251981,0,0,0,0
54.5,342,1,0.222268,0.222268,0.333223,0.321591,0.0116319,33.3329,33.2864,8,5,-3,0.373219,0.652984,0.279765,0,0,1,0
54.5,342,2,0.118586,0.118586,-0.134719,-0.921985,0.787266,31.4611,28.3121,9,20,11,1.0385,0.527627,0.510872,0,0,0,0
54.5,342,3,0.843938,0.843938,0.676402,0.473177,0.203225,34.7056,33.8927,13,5,-8,0.505307,0.705778,0.20047,0,0,0,0
55,343,1,0.763943,0.763943,-0.715405,0.333223,1.04863,29.1384,33.3329,5,9,4,0.652984,0.68969,0.0367056,0,0,0,0
55,343,2,0.488484,0.488484,-0.374382,-0.134719,0.239663,30.5025,31.4611,20,10,-10,0.527627,0.314616,0.213011,0,0,0,0
55,343,3,0.765112,0.765112,0.710755,0.676402,0.0343523,34.843,34.7056,5,11,6,0.705778,0.850166,0.144389,0,0,0,0
55.5,344,1,0.708433,0.708433,-0.263759,-0.715405,0.451646,30.945,29.1384,9,10,1,0.68969,0.509046,0.180643,0,0,0,0
55.5,344,2,0.25604,0.25604,-0.598022,-0.374382,0.22364,29.6079,30.5025,10,10,0,0.314616,0.406712,0.092096,0,0,0,0
55.5,344,3,0.162463,0.162463,-0.714895,0.710755,1.42565,29.1404,34.843,11,10,-1,0.850166,0.998034,0.147867,0,0,0,0
56,345,1,0.441541,0.441541,-0.697963,-0.263759,0.434204,29.2081,30.945,10,9,-1,0.509046,0.643526,0.13448,0,0,0,0
56,345,2,0.353195,0.353195,-0.562337,-0.598022,0.0356852,29.7507,29.6079,10,9,-1,0.406712,0.526493,0.119781,0,0,0,0
56,345,3,1.6954,1.6954,0.344641,-0.714895,1.05954,33.3786,29.1404,10,12,2,0.998034,0.793576,0.204458,0,0,0,0
56.5,346,1,1.23983,1.23983,0.0832245,-0.697963,0.781188,32.3329,29.2081,9,8,-1,0.643526,0.597314,0.0462128,0,0,0,0
56.5,346,2,1.2577,1.2577,0.33994,-0.562337,0.902277,33.3598,29.7507,9,9,0,0.526493,0.466477,0.060016,0,0,0,0
56.5,346,3,1.51933,1.51933,-0.645986,0.344641,0.990628,29.4161,33.3786,12,13,1,0.793576,0.892802,0.0992256,0,0,0,0
57,347,1,0.501264,0.501264,0.00274628,0.0832245,0.0804782,32.011,32.3329,8,7,-1,0.597314,0.590466,0.006848,0,0,0,0
57,347,2,0.324702,0.324702,0.877955,0.33994,0.538015,35.5118,33.3598,9,11,2,0.466477,0.611376,0.144899,0,0,0,0
57,347,3,0.393241,0.393241,-0.457045,-0.645986,0.188942,30.1718,29.4161,13,12,-1,0.892802,0.751861,0.140941,0,0,0,0
57.5,348,1,0.0218896,0.0218896,-0.977474,0.00274628,0.980221,28.0901,32.011,7,8,1,0.590466,0.594328,0.0038624,0,0,0,0
57.5,348,2,1.53267,1.53267,0.283152,0.877955,0.594803,33.1326,35.5118,11,9,-2,0.611376,0.890387,0.279011,0,0,0,0
57.5,348,3,0.56529,0.56529,-0.117935,-0.457045,0.33911,31.5283,30.1718,12,13,1,0.751861,0.508333,0.243528,0,0,0,0
58,349,1,0.0242098,0.0242098,0.297283,-0.977474,1.27476,33.1891,28.0901,8,7,-1,0.594328,0.430787,0.163541,0,0,0,0
58,349,2,0.819878,0.819878,-0.812271,0.283152,1.09542,28.7509,33.1326,9,10,1,0.890387,0.810098,0.0802896,0,0,0,0
58,349,3,0.347839,0.347839,0.399395,-0.117935,0.51733,33.5976,31.5283,13,13,0,0.508333,0.643704,0.135371,0,0,0,0
58.5,350,1,0.711203,0.711203,0.661215,0.297283,0.363932,34.6449,33.1891,7,7,0,0.430787,0.610845,0.180058,0,0,0,0
58.5,350,2,0.933449,0.933449,0.337253,-0.812271,1.14952,33.349,28.7509,10,14,4,0.810098,0.465086,0.345011,0,0,0,0
58.5,350,3,0.206167,0.206167,-0.0804647,0.399395,0.47986,31.6781,33.5976,13,9,-4,0.643704,0.876021,0.232317,0,0,0,0
1,352,1,-1,-1,0.159333,0.159333,-1,32.6373,32.6373,11,11,0,0,0,0,0,0,0,0
1,352,2,-1,-1,-0.501578,-0.501578,-1,29.9937,29.9937,10,10,0,0,0,0,0,0,0,0
1,352,3,-1,-1,-0.760273,-0.760273,-1,28.9589,28.9589,9,9,0,0,0,0,0,0,0,0
1.5,353,1,0.0856642,0.0856642,-0.900766,0.159333,1.0601,28.3969,32.6373,11,13,2,0,0.736118,0.736118,0,0,0,0
1.5,353,2,0.241261,0.241261,0.613579,-0.501578,1.11516,34.4543,29.9937,10,8,-2,0,0.536354,0.536354,0,0,0,0
1.5,353,3,0.622062,0.622062,-0.815946,-0.760273,0.0556735,28.7362,28.9589,9,9,0,0,0.641192,0.641192,0,0,0,0
2,354,1,0.197568,0.197568,0.0925528,-0.900766,0.993319,32.3702,28.3969,13,17,4,0.736118,0.495216,0.240902,0,0,0,0
2,354,2,1.40216,1.40216,0.984746,0.613579,0.371167,35.939,34.4543,8,8,0,0.536354,0.941178,0.404824,0,0,0,0
2,354,3,0.548482,0.548482,0.285548,-0.815946,1.10149,33.1422,28.7362,9,5,-4,0.641192,0.665005,0.0238128,0,0,0,0
2.5,355,1,1.39448,1.39448,-0.443322,0.0925528,0.535875,30.2267,32.3702,17,13,-4,0.495216,0.392339,0.102877,0,0,0,0
2.5,355,2,0.547965,0.547965,0.685602,0.984746,0.299144,34.7424,35.939,8,11,3,0.941178,0.918523,0.0226544,0,0,0,0
2.5,355,3,0.0538992,0.0538992,0.049864,0.285548,0.235684,32.1995,33.1422,5,6,1,0.665005,0.756654,0.0916496,0,0,0,0
3,356,1,0.0383799,0.0383799,-0.773829,-0.443322,0.330507,28.9047,30.2267,13,11,-2,0.392339,0.479651,0.087312,0,0,0,0
3,356,2,0.815852,0.815852,0.0130942,0.685602,0.672508,32.0524,34.7424,11,10,-1,0.918523,0.73493,0.183594,0,0,0,0
3,356,3,0.608651,0.608651,0.144113,0.049864,0.0942488,32.5765,32.1995,6,9,3,0.756654,0.660365,0.0962896,0,0,0,0
3.5,357,1,0.126804,0.126804,0.895935,-0.773829,1.66976,35.5837,28.9047,11,7,-4,0.479651,0.367802,0.11185,0,0,0,0
3.5,357,2,1.3822,1.3822,-0.918599,0.0130942,0.931693,28.3256,32.0524,10,9,-1,0.73493,0.700173,0.0347568,0,0,0,0
3.5,357,3,0.15561,0.15561,0.92277,0.144113,0.778657,35.6911,32.5765,9,14,5,0.660365,0.749629,0.089264,0,0,0,0
4,358,1,1.41939,1.41939,-0.282334,0.895935,1.17827,30.8707,35.5837,7,3,-4,0.367802,0.591742,0.223941,0,0,0,0
4,358,2,0.425848,0.425848,-0.31985,-0.918599,0.598749,30.7206,28.3256,9,15,6,0.700173,0.475182,0.22499,0,0,0,0
4,358,3,0.0408875,0.0408875,-0.598506,0.92277,1.52128,29.606,35.6911,14,12,-2,0.749629,0.742878,0.0067504,0,0,0,0
4.5,359,1,0.200856,0.200856,-0.658537,-0.282334,0.376203,29.3659,30.8707,3,9,6,0.591742,0.701416,0.109674,0,0,0,0
4.5,359,2,0.23861,0.23861,-0.690315,-0.31985,0.370465,29.2387,30.7206,15,3,-12,0.475182,0.726117,0.250934,0,0,0,0
4.5,359,3,1.22553,1.22553,-0.76242,-0.598506,0.163913,28.9503,29.606,12,18,6,0.742878,0.679566,0.063312,0,0,0,0
5,360,1,0.85001,0.85001,-0.342515,-0.658537,0.316022,30.6299,29.3659,9,11,2,0.701416,0.593758,0.107658,0,0,0,0
5,360,2,0.313405,0.313405,-0.44106,-0.690315,0.249255,30.2358,29.2387,3,5,2,0.726117,0.696762,0.0293552,0,0,0,0
5,360,3,0.0455884,0.0455884,0.956695,-0.76242,1.71911,35.8268,28.9503,18,14,-4,0.679566,0.722515,0.0429488,0,0,0,0
5.5,361,1,1.36336,1.36336,-0.232822,-0.342515,0.109693,31.0687,30.6299,11,14,3,0.593758,0.447451,0.146307,0,0,0,0
5.5,361,2,0.387387,0.387387,-0.697859,-0.44106,0.256799,29.2086,30.2358,5,6,1,0.696762,0.61531,0.0814512,0,0,0,0
5.5,361,3,1.20104,1.20104,0.768222,0.956695,0.188472,35.0729,35.8268,14,10,-4,0.722515,0.94283,0.220315,0,0,0,0
6,362,1,1.06053,1.06053,0.893664,-0.232822,1.12649,35.5747,31.0687,14,6,-8,0.447451,0.396925,0.0505264,0,0,0,0
6,362,2,0.0244535,0.0244535,-0.636081,-0.697859,0.0617777,29.4557,29.2086,6,11,5,0.61531,0.482872,0.132438,0,0,0,0
6,362,3,0.83821,0.83821,-0.439414,0.768222,1.20764,30.2423,35.0729,10,13,3,0.94283,0.95484,0.0120096,0,0,0,0
6.5,363,1,1.18458,1.18458,0.900919,0.893664,0.00725478,35.6037,35.5747,6,11,5,0.396925,0.775214,0.37829,0,0,1,0
6.5,363,2,1.27569,1.27569,0.169304,-0.636081,0.805385,32.6772,29.4557,11,3,-8,0.482872,0.51268,0.029808,0,0,0,0
6.5,363,3,0.230421,0.230421,0.366079,-0.439414,0.805493,33.4643,30.2423,13,16,3,0.95484,0.68628,0.26856,0,0,0,0
7,364,1,0.132224,0.132224,-0.0368193,0.900919,0.937738,31.8527,35.6037,11,13,2,0.775214,0.722843,0.0523712,0,0,0,0
7,364,2,0.187225,0.187225,0.740342,0.169304,0.571039,34.9614,32.6772,3,6,3,0.51268,0.585928,0.073248,0,0,0,0
7,364,3,0.0325594,0.0325594,-0.158874,0.366079,0.524953,31.3645,33.4643,16,11,-5,0.68628,0.667333,0.0189472,0,0,0,0
7.5,365,1,0.609827,0.609827,0.259313,-0.0368193,0.296132,33.0373,31.8527,13,19,6,0.722843,0.48936,0.233483,0,0,0,0
7.5,365,2,0.0993139,0.0993139,0.0125264,0.740342,0.727816,32.0501,34.9614,6,5,-1,0.585928,0.930574,0.344646,0,0,0,0
7.5,365,3,0.289432,0.289432,0.935499,-0.158874,1.09437,35.742,31.3645,11,6,-5,0.667333,0.838163,0.17083,0,0,0,0
8,366,1,0.683426,0.683426,0.396191,0.259313,0.136878,33.5848,33.0373,19,19,0,0.48936,0.490746,0.0013856,0,0,0,0
8,366,2,0.173052,0.173052,-0.856923,0.0125264,0.869449,28.5723,32.0501,5,5,0,0.930574,0.633152,0.297422,0,0,0,0
8,366,3,0.278265,0.278265,-0.216138,0.935499,1.15164,31.1354,35.742,6,6,0,0.838163,0.967558,0.129395,0,0,0,0
8.5,367,1,0.173764,0.173764,-0.427729,0.396191,0.82392,30.2891,33.5848,19,10,-9,0.490746,0.727322,0.236576,0,0,0,0
8.5,367,2,1.84687,1.84687,-0.520821,-0.856923,0.336101,29.9167,28.5723,5,12,7,0.633152,0.38833,0.244822,0,0,0,0
8.5,367,3,0.359008,0.359008,-0.846927,-0.216138,0.630789,28.6123,31.1354,6,8,2,0.967558,0.960746,0.0068128,0,0,0,0
9,368,1,0.225592,0.225592,0.909854,-0.427729,1.33758,35.6394,30.2891,10,11,1,0.727322,0.681058,0.046264,0,0,0,0
9,368,2,1.8901,1.8901,0.708125,-0.520821,1.22895,34.8325,29.9167,12,12,0,0.38833,0.582176,0.193846,0,0,0,0
9,368,3,0.341941,0.341941,0.72846,-0.846927,1.57539,34.9138,28.6123,8,7,-1,0.960746,0.671226,0.28952,0,0,0,0
9.5,369,1,0.144641,0.144641,-0.584513,0.909854,1.49437,29.6619,35.6394,11,15,4,0.681058,0.592346,0.088712,0,0,0,0
9.5,369,2,0.288103,0.288103,-0.639461,0.708125,1.34759,29.4422,34.8325,12,7,-5,0.582176,0.56624,0.015936,0,0,0,0
9.5,369,3,1.06431,1.06431,-0.310974,0.72846,1.03943,30.7561,34.9138,7,8,1,0.671226,0.751432,0.0802064,0,0,0,0
10,370,1,0.600205,0.600205,-0.826698,-0.584513,0.242185,28.6932,29.6619,15,13,-2,0.592346,0.549621,0.0427248,0,0,0,0
10,370,2,0.705663,0.705663,0.117429,-0.639461,0.75689,32.4697,29.4422,7,10,3,0.56624,0.542048,0.024192,0,0,0,0
10,370,3,0.398351,0.398351,-0.146605,-0.310974,0.164368,31.4136,30.7561,8,7,-1,0.751432,0.915659,0.164227,0,0,0,0
10.5,371,1,1.60302,1.60302,-0.0843214,-0.826698,0.742377,31.6627,28.6932,13,13,0,0.549621,0.410936,0.138685,0,0,0,0
10.5,371,2,0.218157,0.218157,-0.346576,0.117429,0.464005,30.6137,32.4697,10,10,0,0.542048,0.754845,0.212797,0,0,0,0
10.5,371,3,0.363787,0.363787,0.588532,-0.146605,0.735137,34.3541,31.4136,7,7,0,0.915659,0.813611,0.102048,0,0,0,0
11,372,1,0.0386531,0.0386531,-0.507199,-0.0843214,0.422877,29.9712,31.6627,13,13,0,0.410936,0.482506,0.0715696,0,0,0,0
11,372,2,0.0973543,0.0973543,0.232483,-0.346576,0.579059,32.9299,30.6137,10,7,-3,0.754845,0.631622,0.123222,0,0,0,0
11,372,3,1.25831,1.25831,0.16544,0.588532,0.423092,32.6618,34.3541,7,10,3,0.813611,0.742371,0.07124,0,0,0,0
11.5,373,1,0.959002,0.959002,-0.690354,-0.507199,0.183155,29.2386,29.9712,13,7,-6,0.482506,0.425197,0.0573088,0,0,0,0
11.5,373,2,0.162627,0.162627,-0.153203,0.232483,0.385686,31.3872,32.9299,7,7,0,0.631622,0.63107,0.000552,0,0,0,0
11.5,373,3,0.0723633,0.0723633,-0.475675,0.16544,0.641115,30.0973,32.6618,10,16,6,0.742371,0.667774,0.0745968,0,0,0,0
12,374,1,0.697034,0.697034,0.24968,-0.690354,0.940034,32.9987,29.2386,7,7,0,0.425197,0.449042,0.0238448,0,0,0,0
12,374,2,0.0818533,0.0818533,0.258263,-0.153203,0.411466,33.0331,31.3872,7,12,5,0.63107,0.652189,0.0211184,0,0,0,0
12,374,3,1.01627,1.01627,-0.515765,-0.475675,0.04009,29.9369,30.0973,16,11,-5,0.667774,0.637763,0.0300112,0,0,0,0
12.5,375,1,1.57434,1.57434,-0.966937,0.24968,1.21662,28.1323,32.9987,7,10,3,0.449042,0.603192,0.15415,0,0,0,0
12.5,375,2,0.779314,0.779314,0.132487,0.258263,0.125776,32.5299,33.0331,12,10,-2,0.652189,0.732922,0.0807328,0,0,0,0
12.5,375,3,0.120248,0.120248,-0.337207,-0.515765,0.178559,30.6512,29.9369,11,10,-1,0.637763,0.590933,0.0468304,0,0,0,0
13,376,1,1.44818,1.44818,0.720959,-0.966937,1.6879,34.8838,28.1323,10,10,0,0.603192,0.498914,0.104278,0,0,0,0
13,376,2,0.396581,0.396581,-0.494913,0.132487,0.6274,30.0203,32.5299,10,11,1,0.732922,0.746906,0.013984,0,0,0,0
13,376,3,1.33497,1.33497,0.540037,-0.337207,0.877244,34.1601,30.6512,10,9,-1,0.590933,0.55843,0.0325024,0,0,0,0
13.5,377,1,0.0944004,0.0944004,0.61201,0.720959,0.108949,34.448,34.8838,10,9,-1,0.498914,0.570491,0.0715776,0,0,0,0
13.5,377,2,1.39271,1.39271,-0.548978,-0.494913,0.0540658,29.8041,30.0203,11,10,-1,0.746906,0.529051,0.217854,0,0,0,0
13.5,377,3,0.132422,0.132422,0.125131,0.540037,0.414907,32.5005,34.1601,9,11,2,0.55843,0.75484,0.19641,0,0,0,0
14,378,1,1.77983,1.77983,0.268563,0.61201,0.343448,33.0743,34.448,9,13,4,0.570491,0.695704,0.125213,0,0,0,0
14,378,2,0.0445859,0.0445859,-0.0956645,-0.548978,0.453314,31.6173,29.8041,10,10,0,0.529051,0.410165,0.118886,0,0,0,0
14,378,3,1.64106,1.64106,0.552065,0.125131,0.426934,34.2083,32.5005,11,7,-4,0.75484,0.778438,0.0235984,0,0,0,0
14.5,379,1,1.1684,1.1684,-0.645456,0.268563,0.914018,29.4182,33.0743,13,15,2,0.695704,0.62251,0.0731936,0,0,0,0
14.5,379,2,1.47892,1.47892,-0.733468,-0.0956645,0.637804,29.0661,31.6173,10,7,-3,0.410165,0.430845,0.02068,0,0,0,0
14.5,379,3,0.511725,0.511725,0.179277,0.552065,0.372788,32.7171,34.2083,7,8,1,0.778438,0.782613,0.0041744,0,0,0,0
15,380,1,0.855762,0.855762,0.128273,-0.645456,0.773729,32.5131,29.4182,15,9,-6,0.62251,0.489669,0.132842,0,0,0,0
15,380,2,0.880401,0.880401,0.277351,-0.733468,1.01082,33.1094,29.0661,7,8,1,0.430845,0.566214,0.13537,0,0,0,0
15,380,3,1.31963,1.31963,-0.351593,0.179277,0.53087,30.5936,32.7171,8,13,5,0.782613,0.755181,0.027432,0,0,0,0
15.5,381,1,1.0999,1.0999,0.501119,0.128273,0.372846,34.0045,32.5131,9,12,3,0.489669,0.534146,0.0444768,0,0,0,0
15.5,381,2,0.531627,0.531627,-0.736116,0.277351,1.01347,29.0555,33.1094,8,5,-3,0.566214,0.648837,0.0826224,0,0,0,0
15.5,381,3,0.785149,0.785149,0.547396,-0.351593,0.898989,34.1896,30.5936,13,13,0,0.755181,0.740957,0.014224,0,0,0,0
16,382,1,0.439503,0.439503,-0.933589,0.501119,1.43471,28.2656,34.0045,12,9,-3,0.534146,0.699856,0.16571,0,0,0,0
16,382,2,0.0114065,0.0114065,-0.416179,-0.736116,0.319937,30.3353,29.0555,5,12,7,0.648837,0.449862,0.198974,0,1,0,0
16,382,3,0.496617,0.496617,-0.809199,0.547396,1.3566,28.7632,34.1896,13,9,-4,0.740957,0.784379,0.0434224,0,0,0,0
16.5,383,1,0.804494,0.804494,0.349547,-0.933589,1.28314,33.3982,28.2656,9,10,1,0.699856,0.59691,0.102946,0,0,0,0
16.5,383,2,0.126646,0.126646,0.410514,-0.416179,0.826692,33.6421,30.3353,12,11,-1,0.449862,0.552688,0.102826,0,0,0,0
16.5,383,3,0.828722,0.828722,0.300457,-0.809199,1.10966,33.2018,28.7632,9,9,0,0.784379,0.730077,0.0543024,0,0,0,0
17,384,1,0.962919,0.962919,-0.4766,0.349547,0.826148,30.0936,33.3982,10,11,1,0.59691,0.524555,0.0723552,0,0,0,0
17,384,2,1.29973,1.29973,0.741176,0.410514,0.330662,34.9647,33.6421,11,10,-1,0.552688,0.616573,0.0638848,0,0,0,0
17,384,3,0.320406,0.320406,0.598425,0.300457,0.297968,34.3937,33.2018,9,9,0,0.730077,0.738446,0.0083696,0,0,0,0
17.5,385,1,0.499433,0.499433,-0.609136,-0.4766,0.132536,29.5635,30.0936,11,11,0,0.524555,0.406909,0.117646,0,0,0,0
17.5,385,2,0.173969,0.173969,0.762508,0.741176,0.0213327,35.05,34.9647,10,11,1,0.616573,0.604213,0.01236,0,0,0,0
17.5,385,3,0.670596,0.670596,0.966422,0.598425,0.367997,35.8657,34.3937,9,8,-1,0.738446,0.797835,0.0593888,0,0,0,0
18,386,1,0.671316,0.671316,0.368159,-0.609136,0.977295,33.4726,29.5635,11,10,-1,0.406909,0.271451,0.135458,0,0,0,0
18,386,2,0.404991,0.404991,-0.519022,0.762508,1.28153,29.9239,35.05,11,11,0,0.604213,0.650053,0.04584,0,0,0,0
18,386,3,0.469628,0.469628,-0.645804,0.966422,1.61223,29.4168,35.8657,8,9,1,0.797835,0.84985,0.0520144,0,0,0,0
18.5,387,1,1.06169,1.06169,0.340691,0.368159,0.0274681,33.3628,33.4726,10,7,-3,0.271451,0.669112,0.397661,0,0,0,0
18.5,387,2,1.11162,1.11162,0.790812,-0.519022,1.30983,35.1632,29.9239,11,11,0,0.650053,0.538526,0.111526,0,0,0,0
18.5,387,3,0.337642,0.337642,0.343353,-0.645804,0.989157,33.3734,29.4168,9,12,3,0.84985,0.638378,0.211472,0,0,0,0
19,388,1,1.03574,1.03574,-0.929159,0.340691,1.26985,28.2834,33.3628,7,12,5,0.669112,0.652419,0.0166928,0,0,0,0
19,388,2,1.15611,1.15611,-0.365042,0.790812,1.15585,30.5398,35.1632,11,8,-3,0.538526,0.578234,0.0397072,0,0,0,0
19,388,3,0.901594,0.901594,-0.49814,0.343353,0.841492,30.0074,33.3734,12,10,-2,0.638378,0.632211,0.0061664,0,0,0,0
19.5,389,1,0.941412,0.941412,0.093151,-0.929159,1.02231,32.3726,28.2834,12,12,0,0.652419,0.43771,0.214709,0,0,0,0
19.5,389,2,1.41667,1.41667,-0.368208,-0.365042,0.00316674,30.5272,30.5398,8,12,4,0.578234,0.62645,0.048216,0,0,1,0
19.5,389,3,0.43038,0.43038,-0.00712199,-0.49814,0.491018,31.9715,30.0074,10,6,-4,0.632211,0.774677,0.142466,0,0,0,0
20,390,1,1.61747,1.61747,-0.635751,0.093151,0.728902,29.457,32.3726,12,10,-2,0.43771,0.610941,0.17323,0,0,0,0
20,390,2,0.750483,0.750483,0.846481,-0.368208,1.21469,35.3859,30.5272,12,9,-3,0.62645,0.537688,0.0887616,0,0,0,0
20,390,3,1.06839,1.06839,-0.935707,-0.00712199,0.928585,28.2572,31.9715,6,11,5,0.774677,0.641352,0.133325,0,0,0,0
20.5,391,1,0.113102,0.113102,-0.309288,-0.635751,0.326462,30.7628,29.457,10,11,1,0.610941,0.524112,0.0868288,0,0,0,0
20.5,391,2,0.0192965,0.0192965,-0.551925,0.846481,1.39841,29.7923,35.3859,9,9,0,0.537688,0.785093,0.247405,0,1,0,0
20.5,391,3,0.403727,0.403727,0.635164,-0.935707,1.57087,34.5407,28.2572,11,10,-1,0.641352,0.561541,0.0798112,0,0,0,0
21,392,1,0.948059,0.948059,-0.908565,-0.309288,0.599276,28.3657,30.7628,11,8,-3,0.524112,0.425064,0.099048,0,0,0,0
21,392,2,0.226017,0.226017,-0.923736,-0.551925,0.371811,28.3051,29.7923,9,19,10,0.785093,0.530088,0.255005,0,0,0,0
21,392,3,1.00055,1.00055,0.324734,0.635164,0.31043,33.2989,34.5407,10,3,-7,0.561541,0.834253,0.272712,0,0,0,0
21.5,393,1,0.615302,0.615302,-0.0803662,-0.908565,0.828199,31.6785,28.3657,8,10,2,0.425064,0.358128,0.066936,0,0,0,0
21.5,393,2,0.533245,0.533245,-0.541086,-0.923736,0.382651,29.8357,28.3051,19,10,-9,0.530088,0.354342,0.175746,0,0,0,0
21.5,393,3,0.337077,0.337077,0.468246,0.324734,0.143513,33.873,33.2989,3,10,7,0.834253,0.978995,0.144742,0,0,0,0
22,394,1,0.15827,0.15827,-0.383181,-0.0803662,0.302814,30.4673,31.6785,10,7,-3,0.358128,0.515008,0.15688,0,0,0,0
22,394,2,1.47222,1.47222,-0.266145,-0.541086,0.274941,30.9354,29.8357,10,5,-5,0.354342,0.468387,0.114045,0,0,0,0
22,394,3,0.175662,0.175662,-0.328501,0.468246,0.796748,30.686,33.873,10,18,8,0.978995,0.68067,0.298325,0,0,0,0
22.5,395,1,1.64979,1.64979,-0.0714246,-0.383181,0.311756,31.7143,30.4673,7,7,0,0.515008,0.630314,0.115306,0,0,0,0
22.5,395,2,0.0483242,0.0483242,0.909441,-0.266145,1.17559,35.6378,30.9354,5,4,-1,0.468387,0.549525,0.0811376,0,0,0,0
22.5,395,3,0.610413,0.610413,0.546848,-0.328501,0.875349,34.1874,30.686,18,19,1,0.68067,0.581922,0.0987488,0,0,0,0
23,396,1,1.27097,1.27097,0.181524,-0.0714246,0.252949,32.7261,31.7143,7,7,0,0.630314,0.469123,0.16119,0,0,0,0
23,396,2,0.0129206,0.0129206,0.872371,0.909441,0.0370704,35.4895,35.6378,4,5,1,0.549525,0.601992,0.0524672,0,1,0,0
23,396,3,0.429918,0.429918,0.856913,0.546848,0.310065,35.4277,34.1874,19,18,-1,0.581922,0.572424,0.0094976,0,0,0,0
23.5,397,1,0.222524,0.222524,-0.304834,0.181524,0.486359,30.7807,32.7261,7,4,-3,0.469123,0.438973,0.0301504,0,0,0,0
23.5,397,2,1.03856,1.03856,0.843043,0.872371,0.0293283,35.3722,35.4895,5,14,9,0.601992,0.568757,0.0332352,0,0,0,0
23.5,397,3,0.16831,0.16831,-0.749776,0.856913,1.60669,29.0009,35.4277,18,12,-6,0.572424,0.665827,0.0934032,0,0,0,0
24,398,1,0.170908,0.170908,0.645361,-0.304834,0.950195,34.5814,30.7807,4,5,1,0.438973,0.456323,0.0173504,0,0,0,0
24,398,2,0.372967,0.372967,-0.819394,0.843043,1.66244,28.7224,35.3722,14,14,0,0.568757,0.741563,0.172806,0,0,0,0
24,398,3,0.322445,0.322445,-0.420045,-0.749776,0.32973,30.3198,29.0009,12,11,-1,0.665827,0.605179,0.060648,0,0,0,0
24.5,399,1,0.746914,0.746914,0.611048,0.645361,0.0343126,34.4442,34.5814,5,9,4,0.456323,0.768792,0.312469,0,0,0,0
24.5,399,2,0.368326,0.368326,0.709655,-0.819394,1.52905,34.8386,28.7224,14,13,-1,0.741563,0.531632,0.209931,0,0,0,0
24.5,399,3,0.898477,0.898477,0.720001,-0.420045,1.14005,34.88,30.3198,11,8,-3,0.605179,0.627592,0.0224128,0,0,0,0
25,400,1,0.503951,0.503951,0.216506,0.611048,0.394542,32.866,34.4442,9,12,3,0.768792,0.697486,0.0713056,0,0,0,0
25,400,2,0.560855,0.560855,0.667667,0.709655,0.0419872,34.6707,34.8386,13,12,-1,0.531632,0.442739,0.0888928,0,0,0,0
25,400,3,1.14696,1.14696,0.679404,0.720001,0.0405974,34.7176,34.88,8,6,-2,0.627592,0.731859,0.104267,0,0,0,0
25.5,401,1,0.577604,0.577604,-0.636102,0.216506,0.852608,29.4556,32.866,12,16,4,0.697486,0.448866,0.248621,0,0,0,0
25.5,401,2,0.560014,0.560014,0.98655,0.667667,0.318883,35.9462,34.6707,12,9,-3,0.442739,0.586995,0.144256,0,0,0,0
25.5,401,3,0.496421,0.496421,0.102976,0.679404,0.576428,32.4119,34.7176,6,5,-1,0.731859,0.78469,0.0528304,0,0,0,0
26,402,1,0.143878,0.143878,-0.868354,-0.636102,0.232253,28.5266,29.4556,16,11,-5,0.448866,0.354904,0.0939616,0,0,0,0
26,402,2,1.13789,1.13789,0.643977,0.98655,0.342573,34.5759,35.9462,9,10,1,0.586995,0.714506,0.12751,0,0,0,0
26,402,3,0.422948,0.422948,0.756377,0.102976,0.653401,35.0255,32.4119,5,9,4,0.78469,0.749546,0.035144,0,0,0,0
26.5,403,1,0.982995,0.982995,-0.426029,-0.868354,0.442325,30.2959,28.5266,11,10,-1,0.354904,0.262283,0.0926208,0,0,0,0
26.5,403,2,1.16562,1.16562,-0.243451,0.643977,0.887427,31.0262,34.5759,10,12,2,0.714506,0.668862,0.0456432,0,0,0,0
26.5,403,3,1.25804,1.25804,0.297116,0.756377,0.459261,33.1885,35.0255,9,8,-1,0.749546,0.944488,0.194942,0,0,0,0
27,404,1,0.0585788,0.0585788,-0.434625,-0.426029,0.00859565,30.2615,30.2959,10,10,0,0.262283,0.391339,0.129056,0,0,1,0
27,404,2,1.34128,1.34128,-0.920935,-0.243451,0.677485,28.3163,31.0262,12,12,0,0.668862,0.494742,0.17412,0,0,0,0
27,404,3,0.923033,0.923033,-0.414147,0.297116,0.711263,30.3434,33.1885,8,8,0,0.944488,0.87972,0.064768,0,0,0,0
27.5,405,1,0.988077,0.988077,-0.531732,-0.434625,0.097107,29.8731,30.2615,10,7,-3,0.391339,0.620685,0.229346,0,0,0,0
27.5,405,2,1.53615,1.53615,0.518615,-0.920935,1.43955,34.0745,28.3163,12,9,-3,0.494742,0.423795,0.0709472,0,0,0,0
27.5,405,3,0.665622,0.665622,-0.197635,-0.414147,0.216512,31.2095,30.3434,8,14,6,0.87972,0.690155,0.189565,0,0,0,0
28,406,1,0.271051,0.271051,-0.427266,-0.531732,0.104466,30.2909,29.8731,7,10,3,0.620685,0.463203,0.157482,0,0,0,0
28,406,2,0.0762589,0.0762589,-0.00373503,0.518615,0.52235,31.9851,34.0745,9,10,1,0.423795,0.615939,0.192144,0,0,0,0
28,406,3,1.22826,1.22826,0.576329,-0.197635,0.773963,34.3053,31.2095,14,10,-4,0.690155,0.747274,0.0571184,0,0,0,0
28.5,407,1,0.102772,0.102772,-0.737188,-0.427266,0.309922,29.0512,30.2909,10,12,2,0.463203,0.358629,0.104574,0,0,0,0
28.5,407,2,0.443212,0.443212,-0.631909,-0.00373503,0.628174,29.4724,31.9851,10,12,2,0.615939,0.534435,0.081504,0,0,0,0
28.5,407,3,0.208516,0.208516,-0.0619275,0.576329,0.638256,31.7523,34.3053,10,6,-4,0.747274,0.867173,0.119899,0,0,0,0
29,408,1,0.755264,0.755264,-0.475984,-0.737188,0.261204,30.0961,29.0512,12,11,-1,0.358629,0.442474,0.0838448,0,0,0,0
29,408,2,0.42691,0.42691,-0.595671,-0.631909,0.0362371,29.6173,29.4724,12,6,-6,0.534435,0.496091,0.038344,0,0,0,0
29,408,3,0.739288,0.739288,-0.488339,-0.0619275,0.426412,30.0466,31.7523,6,13,7,0.867173,0.674016,0.193157,0,0,0,0
29.5,409,1,0.431397,0.431397,-0.83702,-0.475984,0.361036,28.6519,30.0961,11,10,-1,0.442474,0.587182,0.144709,0,0,0,0
29.5,409,2,0.401101,0.401101,0.858586,-0.595671,1.45426,35.4343,29.6173,6,7,1,0.496091,0.503878,0.0077872,0,0,0,0
29.5,409,3,0.449286,0.449286,0.868487,-0.488339,1.35683,35.4739,30.0466,13,13,0,0.674016,0.64553,0.0284864,0,0,0,0
30,410,1,0.271362,0.271362,0.134233,-0.83702,0.971253,32.5369,28.6519,10,10,0,0.587182,0.472512,0.11467,0,0,0,0
30,410,2,0.684293,0.684293,-0.059862,0.858586,0.918448,31.7606,35.4343,7,11,4,0.503878,0.575173,0.0712944,0,0,0,0
30,410,3,0.18812,0.18812,-0.676882,0.868487,1.54537,29.2925,35.4739,13,9,-4,0.64553,0.853795,0.208266,0,0,0,0
30.5,411,1,1.26383,1.26383,-0.957258,0.134233,1.09149,28.171,32.5369,10,3,-7,0.472512,0.662102,0.18959,0,0,0,0
30.5,411,2,0.0937595,0.0937595,0.412353,-0.059862,0.472215,33.6494,31.7606,11,13,2,0.575173,0.591658,0.0164848,0,0,0,0
30.5,411,3,1.00688,1.00688,0.52835,-0.676882,1.20523,34.1134,29.2925,9,14,5,0.853795,0.654842,0.198954,0,0,0,0
31,412,1,1.28074,1.28074,0.740677,-0.957258,1.69794,34.9627,28.171,3,5,2,0.662102,0.501786,0.160317,0,0,0,0
31,412,2,1.25826,1.25826,-0.773767,0.412353,1.18612,28.9049,33.6494,13,12,-1,0.591658,0.605504,0.0138464,0,0,0,0
31,412,3,0.304029,0.304029,-0.689211,0.52835,1.21756,29.2432,34.1134,14,12,-2,0.654842,0.795379,0.140538,0,0,0,0
31.5,413,1,1.39502,1.39502,0.879181,0.740677,0.138505,35.5167,34.9627,5,11,6,0.501786,0.75031,0.248525,0,0,0,0
31.5,413,2,0.120983,0.120983,-0.170159,-0.773767,0.603609,31.3194,28.9049,12,12,0,0.605504,0.399374,0.20613,0,0,0,0
31.5,413,3,0.202862,0.202862,0.453123,-0.689211,1.14233,33.8125,29.2432,12,7,-5,0.795379,0.719186,0.0761936,0,0,0,0
32,414,1,1.76469,1.76469,0.0969922,0.879181,0.782189,32.388,35.5167,11,10,-1,0.75031,0.750165,0.0001456,0,0,0,0
32,414,2,0.426565,0.426565,-0.352705,-0.170159,0.182547,30.5892,31.3194,12,6,-6,0.399374,0.30389,0.0954848,0,0,0,0
32,414,3,1.46345,1.46345,-0.251571,0.453123,0.704694,30.9937,33.8125,7,14,7,0.719186,0.590602,0.128584,0,0,0,0
32.5,415,1,1.69491,1.69491,0.663962,0.0969922,0.56697,34.6558,32.388,10,20,10,0.750165,0.647483,0.102682,0,0,0,0
32.5,415,2,1.06446,1.06446,0.518299,-0.352705,0.871005,34.0732,30.5892,6,5,-1,0.30389,0.383702,0.0798128,0,0,0,0
32.5,415,3,0.101676,0.101676,0.609741,-0.251571,0.861312,34.439,30.9937,14,5,-9,0.590602,0.665088,0.0744864,0,0,0,0
33,416,1,1.41962,1.41962,-0.92424,0.663962,1.5882,28.303,34.6558,20,12,-8,0.647483,0.623845,0.0236384,0,0,0,0
33,416,2,0.667914,0.667914,0.900109,0.518299,0.38181,35.6004,34.0732,5,4,-1,0.383702,0.53076,0.147058,0,0,0,0
33,416,3,0.647167,0.647167,-0.929681,0.609741,1.53942,28.2813,34.439,5,14,9,0.665088,0.531262,0.133826,0,0,0,0
33.5,417,1,0.00103313,0.00103313,0.694884,-0.92424,1.61912,34.7795,28.303,12,12,0,0.623845,0.444736,0.179109,0,1,0,0
33.5,417,2,1.17237,1.17237,-0.843678,0.900109,1.74379,28.6253,35.6004,4,4,0,0.53076,0.899571,0.368811,0,0,0,0
33.5,417,3,0.303301,0.303301,-0.493418,-0.929681,0.436263,30.0263,28.2813,14,14,0,0.531262,0.490109,0.0411536,0,0,0,0
34,418,1,0.247181,0.247181,0.939566,0.694884,0.244682,35.7583,34.7795,12,6,-6,0.444736,0.837434,0.392698,0,0,0,0
34,418,2,0.207221,0.207221,-0.932508,-0.843678,0.0888304,28.27,28.6253,4,15,11,0.899571,0.543651,0.35592,0,0,0,0
34,418,3,1.37904,1.37904,0.933808,-0.493418,1.42723,35.7352,30.0263,14,9,-5,0.490109,0.506022,0.0159136,0,0,0,0
34.5,419,1,1.43701,1.43701,0.518437,0.939566,0.421129,34.0737,35.7583,6,9,3,0.837434,0.823181,0.0142528,0,0,0,0
34.5,419,2,0.548254,0.548254,-0.232437,-0.932508,0.700071,31.0703,28.27,15,12,-3,0.543651,0.208155,0.335496,0,0,0,0
34.5,419,3,1.27111,1.27111,-0.732516,0.933808,1.66632,29.0699,35.7352,9,9,0,0.506022,0.84473,0.338707,0,0,0,0
35,420,1,0.912358,0.912358,-0.0931971,0.518437,0.611634,31.6272,34.0737,9,9,0,0.823181,0.800146,0.0230352,0,0,0,0
35,420,2,1.1709,1.1709,0.914906,-0.232437,1.14734,35.6596,31.0703,12,11,-1,0.208155,0.389394,0.181238,0,0,0,0
35,420,3,0.284788,0.284788,0.347372,-0.732516,1.07989,33.3895,29.0699,9,10,1,0.84473,0.592643,0.252086,0,0,0,0
35.5,421,1,0.854051,0.854051,0.116787,-0.0931971,0.209984,32.4671,31.6272,9,14,5,0.800146,0.540429,0.259717,0,0,0,0
35.5,421,2,0.155183,0.155183,-0.321412,0.914906,1.23632,30.7144,35.6596,11,6,-5,0.389394,0.650691,0.261298,0,0,0,0
35.5,421,3,0.0900289,0.0900289,0.671454,0.347372,0.324082,34.6858,33.3895,10,10,0,0.592643,0.601821,0.0091776,0,0,0,0
36,422,1,1.42313,1.42313,-0.694195,0.116787,0.810982,29.2232,32.4671,14,9,-5,0.540429,0.507859,0.0325696,0,0,0,0
36,422,2,0.076978,0.076978,0.600769,-0.321412,0.922181,34.4031,30.7144,6,10,4,0.650691,0.466818,0.183874,0,0,0,0
36,422,3,1.12496,1.12496,-0.649561,0.671454,1.32101,29.4018,34.6858,10,11,1,0.601821,0.73765,0.135829,0,0,0,0
36.5,423,1,1.68271,1.68271,0.919313,-0.694195,1.61351,35.6773,29.2232,9,10,1,0.507859,0.457597,0.0502624,0,0,0,0
36.5,423,2,0.270944,0.270944,0.421618,0.600769,0.179151,33.6865,34.4031,10,4,-6,0.466818,0.636266,0.169448,0,0,0,0
36.5,423,3,0.991254,0.991254,-0.681829,-0.649561,0.0322684,29.2727,29.4018,11,16,5,0.73765,0.593459,0.14419,0,0,0,0
37,424,1,0.183137,0.183137,0.376037,0.919313,0.543276,33.5041,35.6773,10,5,-5,0.457597,0.70633,0.248733,0,0,0,0
37,424,2,0.869406,0.869406,0.171356,0.421618,0.250263,32.6854,33.6865,4,12,8,0.636266,0.651643,0.0153776,0,0,0,0
37,424,3,0.394686,0.394686,0.953302,-0.681829,1.63513,35.8132,29.2727,16,13,-3,0.593459,0.511291,0.082168,0,0,0,0
37.5,425,1,0.810196,0.810196,0.9534,0.376037,0.577363,35.8136,33.5041,5,10,5,0.70633,0.660067,0.0462624,0,0,0,0
37.5,425,2,0.560575,0.560575,-0.60869,0.171356,0.780046,29.5652,32.6854,12,9,-3,0.651643,0.44836,0.203283,0,0,0,0
37.5,425,3,0.397582,0.397582,0.50187,0.953302,0.451432,34.0075,35.8132,13,11,-2,0.511291,0.691682,0.18039,0,0,0,0
38,426,1,0.461581,0.461581,0.0305701,0.9534,0.92283,32.1223,35.8136,10,12,2,0.660067,0.674349,0.0142816,0,0,0,0
38,426,2,1.22671,1.22671,0.657655,-0.60869,1.26634,34.6306,29.5652,9,8,-1,0.44836,0.258576,0.189784,0,0,0,0
38,426,3,0.629125,0.629125,0.0265598,0.50187,0.47531,32.1062,34.0075,11,10,-1,0.691682,0.783536,0.0918544,0,0,0,0
38.5,427,1,1.13361,1.13361,0.954257,0.0305701,0.923686,35.817,32.1223,12,14,2,0.674349,0.579286,0.0950624,0,0,0,0
38.5,427,2,1.45507,1.45507,-0.889436,0.657655,1.54709,28.4423,34.6306,8,2,-6,0.258576,0.466683,0.208107,0,0,0,0
38.5,427,3,0.530076,0.530076,-0.0195211,0.0265598,0.0460808,31.9219,32.1062,10,14,4,0.783536,0.672301,0.111235,0,0,0,0
39,428,1,0.487518,0.487518,0.36867,0.954257,0.585587,33.4747,35.817,14,12,-2,0.579286,0.829182,0.249896,0,0,0,0
39,428,2,0.449744,0.449744,0.932572,-0.889436,1.82201,35.7303,28.4423,2,8,6,0.466683,0.393558,0.0731248,0,0,0,0
39,428,3,0.433043,0.433043,0.169414,-0.0195211,0.188935,32.6777,31.9219,14,10,-4,0.672301,0.564995,0.107306,0,0,0,0
39.5,429,1,0.776071,0.776071,-0.703772,0.36867,1.07244,29.1849,33.4747,12,16,4,0.829182,0.649006,0.180176,0,0,0,0
39.5,429,2,1.23936,1.23936,-0.242609,0.932572,1.17518,31.0296,35.7303,8,3,-5,0.393558,0.507232,0.113674,0,0,0,0
39.5,429,3,1.59872,1.59872,0.0201363,0.169414,0.149278,32.0805,32.6777,10,11,1,0.564995,0.526782,0.0382128,0,0,0,0
40,430,1,0.382495,0.382495,-0.866236,-0.703772,0.162464,28.5351,29.1849,16,13,-3,0.649006,0.46988,0.179126,0,0,0,0
40,430,2,0.504356,0.504356,0.70671,-0.242609,0.949319,34.8268,31.0296,3,6,3,0.507232,0.635526,0.128294,0,0,0,0
40,430,3,0.532828,0.532828,-0.552055,0.0201363,0.572191,29.7918,32.0805,11,11,0,0.526782,0.635469,0.108686,0,0,0,0
40.5,431,1,0.279212,0.279212,0.187966,-0.866236,1.0542,32.7519,28.5351,13,10,-3,0.46988,0.403624,0.066256,0,0,0,0
40.5,431,2,0.221645,0.221645,0.628213,0.70671,0.0784969,34.5129,34.8268,6,8,2,0.635526,0.839803,0.204277,0,0,0,0
40.5,431,3,0.286177,0.286177,-0.755194,-0.552055,0.20314,28.9792,29.7918,11,12,1,0.635469,0.59853,0.0369392,0,0,0,0
41,432,1,0.264258,0.264258,0.985463,0.187966,0.797497,35.9419,32.7519,10,10,0,0.403624,0.508278,0.104654,0,0,0,0
41,432,2,1.5099,1.5099,0.182705,0.628213,0.445507,32.7308,34.5129,8,9,1,0.839803,0.87121,0.0314064,0,0,0,0
41,432,3,0.300015,0.300015,-0.530964,-0.755194,0.22423,29.8761,28.9792,12,11,-1,0.59853,0.469669,0.128861,0,0,0,0
41.5,433,1,1.50699,1.50699,-0.455222,0.985463,1.44068,30.1791,35.9419,10,9,-1,0.508278,0.825314,0.317035,0,0,0,0
41.5,433,2,0.0538505,0.0538505,0.585976,0.182705,0.403271,34.3439,32.7308,9,10,1,0.87121,0.610362,0.260848,0,0,0,0
41.5,433,3,1.34415,1.34415,-0.118705,-0.530964,0.412259,31.5252,29.8761,11,11,0,0.469669,0.49497,0.0253008,0,0,0,0
42,434,1,1.15949,1.15949,-0.00388282,-0.455222,0.451339,31.9845,30.1791,9,13,4,0.825314,0.613461,0.211853,0,0,0,0
42,434,2,0.164538,0.164538,-0.0527758,0.585976,0.638752,31.7889,34.3439,10,7,-3,0.610362,0.644166,0.0338048,0,0,0,0
42,434,3,0.627336,0.627336,-0.175414,-0.118705,0.0567087,31.2983,31.5252,11,10,-1,0.49497,0.603091,0.108122,0,0,0,0
42.5,435,1,0.47024,0.47024,-0.0427495,-0.00388282,0.0388667,31.829,31.9845,13,10,-3,0.613461,0.514736,0.0987248,0,0,0,0
42.5,435,2,0.226745,0.226745,0.276838,-0.0527758,0.329614,33.1074,31.7889,7,11,4,0.644166,0.59431,0.049856,0,0,0,0
42.5,435,3,0.280512,0.280512,0.715866,-0.175414,0.89128,34.8635,31.2983,10,9,-1,0.603091,0.68253,0.0794384,0,0,0,0
43,436,1,0.618469,0.618469,-0.854319,-0.0427495,0.81157,28.5827,31.829,10,11,1,0.514736,0.496358,0.0183776,0,0,0,0
43,436,2,1.13576,1.13576,0.94342,0.276838,0.666582,35.7737,33.1074,11,10,-1,0.59431,0.554973,0.0393376,0,0,0,0
43,436,3,0.41554,0.41554,-0.924732,0.715866,1.6406,28.3011,34.8635,9,8,-1,0.68253,0.763163,0.0806336,0,0,0,0
43.5,437,1,0.471431,0.471431,0.456741,-0.854319,1.31106,33.827,28.5827,11,12,1,0.496358,0.433973,0.0623856,0,0,0,0
43.5,437,2,0.473079,0.473079,0.467171,0.94342,0.476249,33.8687,35.7737,10,6,-4,0.554973,0.848272,0.293299,0,0,0,0
43.5,437,3,0.511112,0.511112,-0.00514782,-0.924732,0.919584,31.9794,28.3011,8,12,4,0.763163,0.545219,0.217944,0,0,0,0
44,438,1,0.991878,0.991878,0.218196,0.456741,0.238545,32.8728,33.827,12,5,-7,0.433973,0.605101,0.171128,0,0,0,0
44,438,2,1.54273,1.54273,0.197402,0.467171,0.269769,32.7896,33.8687,6,15,9,0.848272,0.742224,0.106048,0,0,0,0
44,438,3,0.0861447,0.0861447,0.644021,-0.00514782,0.649169,34.5761,31.9794,12,10,-2,0.545219,0.55491,0.0096912,0,0,0,0
44.5,439,1,0.766102,0.766102,-0.129012,0.218196,0.347208,31.484,32.8728,5,6,1,0.605101,0.63175,0.0266496,0,0,0,0
44.5,439,2,0.349025,0.349025,-0.286725,0.197402,0.484127,30.8531,32.7896,15,16,1,0.742224,0.492187,0.250037,0,0,0,0
44.5,439,3,0.82751,0.82751,-0.780898,0.644021,1.42492,28.8764,34.5761,10,8,-2,0.55491,0.75376,0.19885,0,0,0,0
45,440,1,0.291612,0.291612,0.949842,-0.129012,1.07885,35.7994,31.484,6,10,4,0.63175,0.629619,0.0021312,0,0,0,0
45,440,2,0.287144,0.287144,-0.609179,-0.286725,0.322454,29.5633,30.8531,16,7,-9,0.492187,0.525522,0.0333344,0,0,0,0
45,440,3,1.43974,1.43974,0.517789,-0.780898,1.29869,34.0712,28.8764,8,13,5,0.75376,0.604358,0.149402,0,0,0,0
45.5,441,1,0.696932,0.696932,0.960032,0.949842,0.0101902,35.8401,35.7994,10,11,1,0.629619,0.761216,0.131597,0,0,1,0
45.5,441,2,0.926089,0.926089,0.47141,-0.609179,1.08059,33.8856,29.5633,7,11,4,0.525522,0.349045,0.176477,0,0,0,0
45.5,441,3,1.04847,1.04847,0.161672,0.517789,0.356117,32.6467,34.0712,13,8,-5,0.604358,0.718936,0.114578,0,0,0,0
46,442,1,0.471392,0.471392,0.20302,0.960032,0.757011,32.8121,35.8401,11,13,2,0.761216,0.666342,0.0948736,0,0,0,0
46,442,2,0.440075,0.440075,0.722417,0.47141,0.251007,34.8897,33.8856,11,4,-7,0.349045,0.387453,0.038408,0,0,0,0
46,442,3,0.102334,0.102334,0.543682,0.161672,0.382009,34.1747,32.6467,8,13,5,0.718936,0.610702,0.108234,0,0,0,0
46.5,443,1,0.277299,0.277299,-0.136569,0.20302,0.339589,31.4537,32.8121,13,14,1,0.666342,0.524475,0.141867,0,0,0,0
46.5,443,2,0.103889,0.103889,0.938782,0.722417,0.216365,35.7551,34.8897,4,8,4,0.387453,0.570987,0.183534,0,0,0,0
46.5,443,3,0.821889,0.821889,-0.208668,0.543682,0.752349,31.1653,34.1747,13,8,-5,0.610702,0.745494,0.134792,0,0,0,0
47,444,1,0.569842,0.569842,-0.579032,-0.136569,0.442463,29.6839,31.4537,14,10,-4,0.524475,0.459117,0.0653584,0,0,0,0
47,444,2,0.693093,0.693093,-0.800825,0.938782,1.73961,28.7967,35.7551,8,11,3,0.570987,0.753715,0.182728,0,0,0,0
47,444,3,1.51661,1.51661,0.382149,-0.208668,0.590817,33.5286,31.1653,8,9,1,0.745494,0.672397,0.0730976,0,0,0,0
47.5,445,1,1.88833,1.88833,0.36141,-0.579032,0.940441,33.4456,29.6839,10,10,0,0.459117,0.473405,0.014288,0,0,0,0
47.5,445,2,0.383666,0.383666,-0.283753,-0.800825,0.517072,30.865,28.7967,11,11,0,0.753715,0.522206,0.231509,0,0,0,0
47.5,445,3,0.279387,0.279387,0.522648,0.382149,0.140498,34.0906,33.5286,9,9,0,0.672397,0.896083,0.223686,0,0,0,0
48,446,1,1.96363,1.96363,-0.664284,0.36141,1.02569,29.3429,33.4456,10,10,0,0.473405,0.555294,0.0818896,0,0,0,0
48,446,2,0.0912479,0.0912479,0.344768,-0.283753,0.628521,33.3791,30.865,11,9,-2,0.522206,0.303315,0.218891,0,0,0,0
48,446,3,0.804729,0.804729,0.295494,0.522648,0.227154,33.182,34.0906,9,11,2,0.896083,0.824536,0.0715472,0,0,0,0
48.5,447,1,1.51752,1.51752,-0.24538,-0.664284,0.418904,31.0185,29.3429,10,7,-3,0.555294,0.439787,0.115507,0,0,0,0
48.5,447,2,0.554375,0.554375,-0.142006,0.344768,0.486774,31.432,33.3791,9,7,-2,0.303315,0.508448,0.205133,0,0,0,0
48.5,447,3,0.632129,0.632129,0.656923,0.295494,0.361429,34.6277,33.182,11,16,5,0.824536,0.710416,0.11412,0,0,0,0
49,448,1,0.695635,0.695635,0.406373,-0.24538,0.651753,33.6255,31.0185,7,10,3,0.439787,0.488774,0.0489872,0,0,0,0
49,448,2,0.575314,0.575314,0.543108,-0.142006,0.685114,34.1724,31.432,7,6,-1,0.508448,0.503082,0.0053664,0,0,0,0
49,448,3,0.380044,0.380044,-0.781749,0.656923,1.43867,28.873,34.6277,16,14,-2,0.710416,0.82927,0.118854,0,0,0,0
49.5,449,1,0.129527,0.129527,-0.776335,0.406373,1.18271,28.8947,33.6255,10,5,-5,0.488774,0.668053,0.179278,0,0,0,0
49.5,449,2,1.30723,1.30723,-0.190483,0.543108,0.733592,31.2381,34.1724,6,12,6,0.503082,0.61497,0.111888,0,0,0,0
49.5,449,3,0.826091,0.826091,0.194319,-0.781749,0.976068,32.7773,28.873,14,13,-1,0.82927,0.615624,0.213646,0,0,0,0
50,450,1,0.192069,0.192069,-0.678212,-0.776335,0.0981232,29.2872,28.8947,5,10,5,0.668053,0.535277,0.132776,0,0,0,0
50,450,2,0.386263,0.386263,0.867064,-0.190483,1.05755,35.4683,31.2381,12,11,-1,0.61497,0.647454,0.0324848,0,0,0,0
50,450,3,0.0402785,0.0402785,0.708169,0.194319,0.513851,34.8327,32.7773,13,9,-4,0.615624,0.739067,0.123443,0,0,0,0
50.5,451,1,0.435039,0.435039,0.169444,-0.678212,0.847656,32.6778,29.2872,10,9,-1,0.535277,0.378989,0.156288,0,0,0,0
50.5,451,2,0.312099,0.312099,-0.345396,0.867064,1.21246,30.6184,35.4683,11,9,-2,0.647454,0.676008,0.0285536,0,0,0,0
50.5,451,3,1.46077,1.46077,-0.526938,0.708169,1.23511,29.8922,34.8327,9,12,3,0.739067,0.739685,0.0006176,0,0,0,0
51,452,1,0.124512,0.124512,0.230416,0.169444,0.0609723,32.9217,32.6778,9,6,-3,0.378989,0.643616,0.264627,0,0,0,0
51,452,2,0.0858034,0.0858034,0.75644,-0.345396,1.10184,35.0258,30.6184,9,10,1,0.676008,0.597658,0.0783504,0,0,0,0
51,452,3,1.14184,1.14184,-0.0373711,-0.526938,0.489567,31.8505,29.8922,12,14,2,0.739685,0.635378,0.104307,0,0,0,0
51.5,453,1,0.255877,0.255877,0.982357,0.230416,0.751941,35.9294,32.9217,6,11,5,0.643616,0.628443,0.0151728,0,0,0,0
51.5,453,2,0.887461,0.887461,-0.611823,0.75644,1.36826,29.5527,35.0258,10,11,1,0.597658,0.639512,0.0418544,0,0,0,0
51.5,453,3,0.643667,0.643667,-0.342944,-0.0373711,0.305573,30.6282,31.8505,14,8,-6,0.635378,0.57365,0.061728,0,0,0,0
52,454,1,1.36138,1.36138,0.616169,0.982357,0.366188,34.4647,35.9294,11,9,-2,0.628443,0.846477,0.218034,0,0,0,0
52,454,2,0.25911,0.25911,0.856071,-0.611823,1.46789,35.4243,29.5527,11,12,1,0.639512,0.47211,0.167402,0,0,0,0
52,454,3,0.112955,0.112955,-0.334517,-0.342944,0.00842667,30.6619,30.6282,8,9,1,0.57365,0.592686,0.0190368,0,0,1,0
52.5,455,1,0.0925199,0.0925199,-0.342797,0.616169,0.958967,30.6288,34.4647,9,12,3,0.846477,0.710963,0.135514,0,0,0,0
52.5,455,2,0.949443,0.949443,0.499721,0.856071,0.356349,33.9989,35.4243,12,11,-1,0.47211,0.558122,0.0860112,0,0,0,0
52.5,455,3,0.195882,0.195882,0.876958,-0.334517,1.21148,35.5078,30.6619,9,7,-2,0.592686,0.684781,0.0920944,0,0,0,0
53,456,1,0.219872,0.219872,0.653938,-0.342797,0.996736,34.6158,30.6288,12,12,0,0.710963,0.445653,0.26531,0,0,0,0
53,456,2,1.19605,1.19605,0.666686,0.499721,0.166965,34.6667,33.9989,11,11,0,0.558122,0.621936,0.0638144,0,0,0,0
53,456,3,0.588474,0.588474,0.0301359,0.876958,0.846822,32.1205,35.5078,7,7,0,0.684781,0.930986,0.246205,0,0,0,0
53.5,457,1,0.969717,0.969717,0.886758,0.653938,0.23282,35.547,34.6158,12,10,-2,0.445653,0.494858,0.0492048,0,0,0,0
53.5,457,2,0.174269,0.174269,0.714856,0.666686,0.0481701,34.8594,34.6667,11,9,-2,0.621936,0.601646,0.0202896,0,0,0,0
53.5,457,3,0.0626098,0.0626098,0.801625,0.0301359,0.771489,35.2065,32.1205,7,11,4,0.930986,0.758323,0.172662,0,0,0,0
54,458,1,0.823369,0.823369,-0.683907,0.886758,1.57067,29.2644,35.547,10,12,2,0.494858,0.620621,0.125763,0,0,0,0
54,458,2,0.093641,0.093641,-0.568894,0.714856,1.28375,29.7244,34.8594,9,11,2,0.601646,0.543651,0.0579952,0,0,0,0
54,458,3,0.757965,0.757965,0.187694,0.801625,0.613931,32.7508,35.2065,11,7,-4,0.758323,0.668534,0.0897888,0,0,0,0
54.5,459,1,0.794971,0.794971,-0.45223,-0.683907,0.231677,30.1911,29.2644,12,7,-5,0.620621,0.539491,0.0811296,0,0,0,0
54.5,459,2,1.06766,1.06766,-0.329955,-0.568894,0.238939,30.6802,29.7244,11,13,2,0.543651,0.440726,0.102925,0,0,0,0
54.5,459,3,0.315149,0.315149,0.758587,0.187694,0.570893,35.0343,32.7508,7,10,3,0.668534,0.85571,0.187176,0,0,0,0
55,460,1,0.163564,0.163564,0.810598,-0.45223,1.26283,35.2424,30.1911,7,7,0,0.539491,0.52516,0.0143312,0,0,0,0
55,460,2,0.48866,0.48866,0.287807,-0.329955,0.617763,33.1512,30.6802,13,12,-1,0.440726,0.397877,0.0428496,0,0,0,0
55,460,3,0.405249,0.405249,0.850735,0.758587,0.0921476,35.4029,35.0343,10,11,1,0.85571,1.02734,0.171627,0,0,0,0
55.5,461,1,0.176494,0.176494,-0.0939918,0.810598,0.90459,31.624,35.2424,7,9,2,0.52516,0.65975,0.13459,0,0,0,0
55.5,461,2,0.434353,0.434353,-0.774284,0.287807,1.06209,28.9029,33.1512,12,7,-5,0.397877,0.408661,0.010784,0,0,0,0
55.5,461,3,0.851686,0.851686,0.821704,0.850735,0.0290312,35.2868,35.4029,11,14,3,1.02734,0.80051,0.226827,0,0,0,0
56,462,1,0.450947,0.450947,0.830659,-0.0939918,0.924651,35.3226,31.624,9,8,-1,0.65975,0.658427,0.0013232,0,0,0,0
56,462,2,1.04177,1.04177,-0.412774,-0.774284,0.36151,30.3489,28.9029,7,9,2,0.408661,0.342733,0.065928,0,0,0,0
56,462,3,0.607195,0.607195,0.285194,0.821704,0.53651,33.1408,35.2868,14,13,-1,0.80051,0.978352,0.177842,0,0,0,0
56.5,463,1,1.09276,1.09276,0.514556,0.830659,0.316103,34.0582,35.3226,8,8,0,0.658427,0.789082,0.130654,0,0,0,0
56.5,463,2,0.519193,0.519193,-0.759891,-0.412774,0.347117,28.9604,30.3489,9,9,0,0.342733,0.348763,0.0060304,0,0,0,0
56.5,463,3,0.556834,0.556834,0.420885,0.285194,0.135691,33.6835,33.1408,13,12,-1,0.978352,0.78763,0.190722,0,0,0,0
57,464,1,1.16544,1.16544,-0.475645,0.514556,0.990201,30.0974,34.0582,8,10,2,0.789082,0.821032,0.0319504,0,0,0,0
57,464,2,0.221221,0.221221,0.260732,-0.759891,1.02062,33.0429,28.9604,9,7,-2,0.348763,0.310653,0.0381104,0,0,0,0
57,464,3,1.15619,1.15619,-0.984518,0.420885,1.4054,28.0619,33.6835,12,13,1,0.78763,0.668498,0.119133,0,0,0,0
57.5,465,1,0.171716,0.171716,-0.385603,-0.475645,0.0900424,30.4576,30.0974,10,10,0,0.821032,0.605051,0.215981,0,0,0,0
57.5,465,2,0.506465,0.506465,-0.339804,0.260732,0.600537,30.6408,33.0429,7,8,1,0.310653,0.666246,0.355594,0,0,0,0
57.5,465,3,0.129644,0.129644,-0.845868,-0.984518,0.13865,28.6165,28.0619,13,12,-1,0.668498,0.604749,0.0637488,0,0,0,0
58,466,1,0.156442,0.156442,0.639182,-0.385603,1.02479,34.5567,30.4576,10,10,0,0.605051,0.562765,0.0422864,0,0,0,0
58,466,2,0.353181,0.353181,-0.37624,-0.339804,0.0364358,30.495,30.6408,8,9,1,0.666246,0.74588,0.0796336,0,0,0,0
58,466,3,1.33151,1.33151,-0.874865,-0.845868,0.0289969,28.5005,28.6165,12,11,-1,0.604749,0.616728,0.0119792,0,0,0,0
58.5,467,1,0.550551,0.550551,-0.55551,0.639182,1.19469,29.778,34.5567,10,10,0,0.562765,0.770141,0.207376,0,0,0,0
58.5,467,2,1.18345,1.18345,-0.964719,-0.37624,0.588479,28.1411,30.495,9,10,1,0.74588,0.548562,0.197318,0,0,0,0
58.5,467,3,1.50868,1.50868,-0.468205,-0.874865,0.40666,30.1272,28.5005,11,10,-1,0.616728,0.625267,0.0085392,0,0,0,0
1,469,1,-1,-1,-0.00201332,-0.00201332,-1,31.9919,31.9919,11,11,0,0,0,0,0,0,0,0
1,469,2,-1,-1,0.678183,0.678183,-1,34.7127,34.7127,10,10,0,0,0,0,0,0,0,0
1,469,3,-1,-1,0.758696,0.758696,-1,35.0348,35.0348,9,9,0,0,0,0,0,0,0,0
1.5,470,1,0.237194,0.237194,-0.308211,-0.00201332,0.306198,30.7672,31.9919,11,12,1,0,0.450938,0.450938,0,0,0,0
1.5,470,2,0.0503507,0.0503507,0.84609,0.678183,0.167907,35.3844,34.7127,10,11,1,0,0.638699,0.638699,0,0,0,0
1.5,470,3,1.07394,1.07394,-0.823047,0.758696,1.58174,28.7078,35.0348,9,7,-2,0,0.900963,0.900963,0,0,0,0
2,471,1,1.01491,1.01491,-0.215538,-0.308211,0.0926731,31.1378,30.7672,12,5,-7,0.450938,0.502518,0.0515808,0,0,0,0
2,471,2,0.471202,0.471202,0.19357,0.84609,0.65252,32.7743,35.3844,11,17,6,0.638699,0.716029,0.0773296,0,0,0,0
2,471,3,0.340923,0.340923,-0.800687,-0.823047,0.0223602,28.7973,28.7078,7,8,1,0.900963,0.694334,0.206629,0,0,0,0
2.5,472,1,0.828417,0.828417,0.272558,-0.215538,0.488096,33.0902,31.1378,5,6,1,0.502518,0.629864,0.127346,0,0,0,0
2.5,472,2,0.289553,0.289553,0.878283,0.19357,0.684713,35.5131,32.7743,17,19,2,0.716029,0.691571,0.0244576,0,0,0,0
2.5,472,3,0.772429,0.772429,-0.336985,-0.800687,0.463702,30.6521,28.7973,8,5,-3,0.694334,0.69917,0.0048352,0,0,0,0
3,473,1,1.0542,1.0542,-0.450486,0.272558,0.723045,30.1981,33.0902,6,10,4,0.629864,0.689301,0.0594368,0,0,0,0
3,473,2,0.662291,0.662291,-0.95381,0.878283,1.83209,28.1848,35.5131,19,15,-4,0.691571,0.624493,0.0670784,0,0,0,0
3,473,3,0.210809,0.210809,0.986818,-0.336985,1.3238,35.9473,30.6521,5,5,0,0.69917,0.671698,0.027472,0,0,0,0
3.5,474,1,0.832021,0.832021,0.647164,-0.450486,1.09765,34.5887,30.1981,10,9,-1,0.689301,0.513389,0.175912,0,0,0,0
3.5,474,2,1.04743,1.04743,-0.240562,-0.95381,0.713248,31.0378,28.1848,15,16,1,0.624493,0.511685,0.112808,0,0,0,0
3.5,474,3,0.142102,0.142102,-0.338642,0.986818,1.32546,30.6454,35.9473,5,5,0,0.671698,1.20515,0.533454,0,0,0,0
4,475,1,1.50286,1.50286,-0.720281,0.647164,1.36744,29.1189,34.5887,9,12,3,0.513389,0.716466,0.203077,0,0,0,0
4,475,2,0.977639,0.977639,-0.706528,-0.240562,0.465966,29.1739,31.0378,16,6,-10,0.511685,0.499229,0.012456,0,0,0,0
4,475,3,0.944818,0.944818,-0.0711064,-0.338642,0.267535,31.7156,30.6454,5,12,7,1.20515,0.786885,0.418267,0,0,0,0
4.5,476,1,0.653863,0.653863,-0.974635,-0.720281,0.254354,28.1015,29.1189,12,13,1,0.716466,0.633659,0.0828064,0,0,0,0
4.5,476,2,0.334811,0.334811,-0.883741,-0.706528,0.177213,28.465,29.1739,6,9,3,0.499229,0.580312,0.0810832,0,0,0,0
4.5,476,3,0.725982,0.725982,0.823657,-0.0711064,0.894764,35.2946,31.7156,12,8,-4,0.786885,0.77816,0.0087248,0,0,0,0
5,477,1,0.882405,0.882405,-0.0955143,-0.974635,0.879121,31.6179,28.1015,13,13,0,0.633659,0.357278,0.276381,0,0,0,0
5,477,2,1.16172,1.16172,0.88903,-0.883741,1.77277,35.5561,28.465,9,7,-2,0.580312,0.524088,0.056224,0,0,0,0
5,477,3,0.598675,0.598675,0.321986,0.823657,0.501671,33.2879,35.2946,8,10,2,0.77816,1.16805,0.389886,0,0,0,0
5.5,478,1,0.984376,0.984376,0.132931,-0.0955143,0.228446,32.5317,31.6179,13,11,-2,0.357278,0.351509,0.0057696,0,0,0,0
5.5,478,2,1.0562,1.0562,0.351171,0.88903,0.537859,33.4047,35.5561,7,5,-2,0.524088,0.770389,0.246301,0,0,0,0
5.5,478,3,1.28418,1.28418,-0.551147,0.321986,0.873133,29.7954,33.2879,10,14,4,1.16805,0.88604,0.282006,0,0,0,0
6,479,1,0.329026,0.329026,-0.143291,0.132931,0.276222,31.4268,32.5317,11,2,-9,0.351509,0.59247,0.240962,0,0,0,0
6,479,2,0.214519,0.214519,0.722947,0.351171,0.371776,34.8918,33.4047,5,7,2,0.770389,0.779843,0.0094544,0,0,0,0
6,479,3,1.57183,1.57183,-0.112822,-0.551147,0.438325,31.5487,29.7954,14,21,7,0.88604,0.559398,0.326642,0,0,0,0
6.5,480,1,0.276101,0.276101,0.685166,-0.143291,0.828457,34.7407,31.4268,2,11,9,0.59247,0.543602,0.0488688,0,0,0,0
6.5,480,2,0.778407,0.778407,0.99532,0.722947,0.272373,35.9813,34.8918,7,14,7,0.779843,0.761035,0.018808,0,0,0,0
6.5,480,3,0.648162,0.648162,0.889741,-0.112822,1.00256,35.559,31.5487,21,5,-16,0.559398,0.685182,0.125784,0,0,0,0
7,481,1,0.512038,0.512038,0.989525,0.685166,0.304359,35.9581,34.7407,11,11,0,0.543602,0.499259,0.0443424,0,0,0,0
7,481,2,1.46548,1.46548,0.338476,0.99532,0.656844,33.3539,35.9813,14,12,-2,0.761035,0.680242,0.0807936,0,0,0,0
7,481,3,0.356901,0.356901,-0.93227,0.889741,1.82201,28.2709,35.559,5,7,2,0.685182,0.73203,0.046848,0,0,0,0
7.5,482,1,0.0139983,0.0139983,0.651827,0.989525,0.337699,34.6073,35.9581,11,11,0,0.499259,0.78448,0.285221,0,1,0,0
7.5,482,2,0.504606,0.504606,0.866401,0.338476,0.527925,35.4656,33.3539,12,8,-4,0.680242,0.578779,0.101462,0,0,0,0
7.5,482,3,1.03698,1.03698,-0.265266,-0.93227,0.667004,30.9389,28.2709,7,11,4,0.73203,0.549818,0.182213,0,0,0,0
8,483,1,1.3831,1.3831,-0.7111,0.651827,1.36293,29.1556,34.6073,11,9,-2,0.78448,0.749032,0.035448,0,0,0,0
8,483,2,0.621871,0.621871,0.834434,0.866401,0.0319669,35.3377,35.4656,8,15,7,0.578779,0.643536,0.0647568,0,0,0,0
8,483,3,0.274882,0.274882,0.988338,-0.265266,1.2536,35.9534,30.9389,11,6,-5,0.549818,0.536778,0.01304,0,0,0,0
8.5,484,1,1.47687,1.47687,0.608977,-0.7111,1.32008,34.4359,29.1556,9,9,0,0.749032,0.409365,0.339667,0,0,0,0
8.5,484,2,0.940142,0.940142,0.0628502,0.834434,0.771584,32.2514,35.3377,15,14,-1,0.643536,0.706654,0.0631184,0,0,0,0
8.5,484,3,0.074044,0.074044,-0.442609,0.988338,1.43095,30.2296,35.9534,6,7,1,0.536778,0.839965,0.303187,0,0,0,0
9,485,1,1.6925,1.6925,0.051801,0.608977,0.557176,32.2072,34.4359,9,10,1,0.409365,0.436898,0.0275328,0,0,0,0
9,485,2,1.32327,1.32327,0.010634,0.0628502,0.0522162,32.0425,32.2514,14,9,-5,0.706654,0.662941,0.0437136,0,0,0,0
9,485,3,0.933461,0.933461,0.538436,-0.442609,0.981045,34.1537,30.2296,7,11,4,0.839965,0.659171,0.180794,0,0,0,0
9.5,486,1,1.75318,1.75318,0.171699,0.051801,0.119898,32.6868,32.2072,10,9,-1,0.436898,0.558493,0.121595,0,0,0,0
9.5,486,2,1.68978,1.68978,-0.727249,0.010634,0.737883,29.091,32.0425,9,11,2,0.662941,0.545373,0.117568,0,0,0,0
9.5,486,3,1.5869,1.5869,0.952958,0.538436,0.414522,35.8118,34.1537,11,10,-1,0.659171,0.75868,0.0995088,0,0,0,0
10,487,1,1.48341,1.48341,0.950886,0.171699,0.779187,35.8035,32.6868,9,12,3,0.558493,0.582405,0.023912,0,0,0,0
10,487,2,0.136141,0.136141,0.0273268,-0.727249,0.754576,32.1093,29.091,11,8,-3,0.545373,0.436934,0.108438,0,0,0,0
10,487,3,1.39459,1.39459,-0.417453,0.952958,1.37041,30.3302,35.8118,10,10,0,0.75868,0.835144,0.076464,0,0,0,0
10.5,488,1,1.31566,1.31566,0.967874,0.950886,0.0169878,35.8715,35.8035,12,6,-6,0.582405,0.779829,0.197424,0,0,1,0
10.5,488,2,0.766533,0.766533,-0.530455,0.0273268,0.557782,29.8782,32.1093,8,9,1,0.436934,0.468888,0.0319536,0,0,0,0
10.5,488,3,0.254306,0.254306,0.485336,-0.417453,0.902789,33.9413,30.3302,10,15,5,0.835144,0.637648,0.197496,0,0,0,0
11,489,1,0.225313,0.225313,-0.386945,0.967874,1.35482,30.4522,35.8715,6,12,6,0.779829,0.763422,0.0164064,0,0,0,0
11,489,2,0.107742,0.107742,0.00309805,-0.530455,0.533553,32.0124,29.8782,9,11,2,0.468888,0.403032,0.065856,0,0,0,0
11,489,3,0.846108,0.846108,-0.463799,0.485336,0.949135,30.1448,33.9413,15,7,-8,0.637648,0.675858,0.0382096,0,0,0,0
11.5,490,1,1.73391,1.73391,0.401723,-0.386945,0.788668,33.6069,30.4522,12,13,1,0.763422,0.612075,0.151347,0,0,0,0
11.5,490,2,0.639355,0.639355,-0.778426,0.00309805,0.781524,28.8863,32.0124,11,8,-3,0.403032,0.594469,0.191437,0,0,0,0
11.5,490,3,0.288032,0.288032,0.768485,-0.463799,1.23228,35.0739,30.1448,7,9,2,0.675858,0.658384,0.0174736,0,0,0,0
12,491,1,0.394642,0.394642,0.711028,0.401723,0.309305,34.8441,33.6069,13,8,-5,0.612075,0.616144,0.0040688,0,0,0,0
12,491,2,0.0943255,0.0943255,0.298097,-0.778426,1.07652,33.1924,28.8863,8,11,3,0.594469,0.504197,0.090272,0,0,0,0
12,491,3,0.261677,0.261677,0.437757,0.768485,0.330728,33.751,35.0739,9,11,2,0.658384,0.822568,0.164184,0,0,0,0
12.5,492,1,0.308584,0.308584,0.0486072,0.711028,0.662421,32.1944,34.8441,8,10,2,0.616144,0.672336,0.056192,0,0,0,0
12.5,492,2,0.85775,0.85775,0.187909,0.298097,0.110188,32.7516,33.1924,11,10,-1,0.504197,0.479762,0.0244352,0,0,0,0
12.5,492,3,0.103781,0.103781,-0.582768,0.437757,1.02052,29.6689,33.751,11,10,-1,0.822568,0.812296,0.010272,0,0,0,0
13,493,1,0.638162,0.638162,-0.777839,0.0486072,0.826447,28.8886,32.1944,10,10,0,0.672336,0.679589,0.0072528,0,0,0,0
13,493,2,0.388175,0.388175,0.496918,0.187909,0.309009,33.9877,32.7516,10,9,-1,0.479762,0.695259,0.215498,0,0,0,0
13,493,3,0.895834,0.895834,-0.175485,-0.582768,0.407282,31.2981,29.6689,10,11,1,0.812296,0.53893,0.273366,0,0,0,0
13.5,494,1,0.815529,0.815529,0.489136,-0.777839,1.26698,33.9565,28.8886,10,11,1,0.679589,0.467744,0.211845,0,0,0,0
13.5,494,2,1.14456,1.14456,0.134415,0.496918,0.362503,32.5377,33.9877,9,8,-1,0.695259,0.740579,0.04532,0,0,0,0
13.5,494,3,0.155253,0.155253,-0.00427367,-0.175485,0.171212,31.9829,31.2981,11,11,0,0.53893,0.64905,0.11012,0,0,0,0
14,495,1,0.171179,0.171179,-0.373483,0.489136,0.86262,30.5061,33.9565,11,9,-2,0.467744,0.548389,0.0806448,0,0,0,0
14,495,2,0.390936,0.390936,-0.77329,0.134415,0.907704,28.9068,32.5377,8,15,7,0.740579,0.61455,0.126029,0,0,0,0
14,495,3,0.240875,0.240875,-0.976603,-0.00427367,0.97233,28.0936,31.9829,11,6,-5,0.64905,0.674402,0.025352,0,0,0,0
14.5,496,1,1.05863,1.05863,0.349099,-0.373483,0.722582,33.3964,30.5061,9,11,2,0.548389,0.683955,0.135566,0,0,0,0
14.5,496,2,0.695875,0.695875,0.932821,-0.77329,1.70611,35.7313,28.9068,15,12,-3,0.61455,0.516342,0.098208,0,0,0,0
14.5,496,3,0.247284,0.247284,-0.170703,-0.976603,0.8059,31.3172,28.0936,6,7,1,0.674402,0.628504,0.0458976,0,0,0,0
15,497,1,1.01533,1.01533,-0.945413,0.349099,1.29451,28.2183,33.3964,11,12,1,0.683955,0.66812,0.0158352,0,0,0,0
15,497,2,0.39242,0.39242,-0.0329135,0.932821,0.965735,31.8683,35.7313,12,11,-1,0.516342,0.597922,0.0815792,0,0,0,0
15,497,3,0.515804,0.515804,-0.27553,-0.170703,0.104827,30.8979,31.3172,7,7,0,0.628504,0.624946,0.0035584,0,0,0,0
15.5,498,1,0.962598,0.962598,0.822395,-0.945413,1.76781,35.2896,28.2183,12,10,-2,0.66812,0.466968,0.201152,0,0,0,0
15.5,498,2,0.815675,0.815675,0.648777,-0.0329135,0.681691,34.5951,31.8683,11,13,2,0.597922,0.638126,0.0402048,0,0,0,0
15.5,498,3,0.859037,0.859037,0.749066,-0.27553,1.0246,34.9963,30.8979,7,7,0,0.624946,0.827642,0.202696,0,0,0,0
16,499,1,1.80253,1.80253,0.97472,0.822395,0.152325,35.8989,35.2896,10,9,-1,0.466968,0.640101,0.173133,0,0,0,0
16,499,2,0.11376,0.11376,-0.0917806,0.648777,0.740558,31.6329,34.5951,13,14,1,0.638126,0.520662,0.117464,0,0,0,0
16,499,3,0.653737,0.653737,0.334084,0.749066,0.414982,33.3363,34.9963,7,7,0,0.827642,0.732395,0.0952464,0,0,0,0
16.5,500,1,1.50018,1.50018,-0.617278,0.97472,1.592,29.5309,35.8989,9,11,2,0.640101,0.738731,0.0986304,0,0,0,0
16.5,500,2,0.157185,0.157185,-0.402863,-0.0917806,0.311083,30.3885,31.6329,14,9,-5,0.520662,0.451682,0.0689808,0,0,0,0
16.5,500,3,0.0728789,0.0728789,0.666591,0.334084,0.332508,34.6664,33.3363,7,10,3,0.732395,0.715275,0.01712,0,0,0,0
17,501,1,0.247695,0.247695,0.175513,-0.617278,0.792791,32.7021,29.5309,11,12,1,0.738731,0.502074,0.236658,0,0,0,0
17,501,2,0.0992552,0.0992552,-0.800494,-0.402863,0.397631,28.798,30.3885,9,8,-1,0.451682,0.39176,0.0599216,0,0,0,0
17,501,3,0.166805,0.166805,0.914689,0.666591,0.248097,35.6588,34.6664,10,10,0,0.715275,0.920528,0.205253,0,0,0,0
17.5,502,1,0.640838,0.640838,0.0846747,0.175513,0.090838,32.3387,32.7021,12,4,-8,0.502074,0.562003,0.0599296,0,0,0,0
17.5,502,2,0.422115,0.422115,0.602479,-0.800494,1.40297,34.4099,28.798,8,7,-1,0.39176,0.385054,0.0067056,0,0,0,0
17.5,502,3,0.312762,0.312762,0.807169,0.914689,0.10752,35.2287,35.6588,10,19,9,0.920528,0.787875,0.132653,0,0,0,0
18,503,1,1.19312,1.19312,0.973747,0.0846747,0.889073,35.895,32.3387,4,11,7,0.562003,0.437616,0.124387,0,0,0,0
18,503,2,0.140073,0.140073,0.72604,0.602479,0.123561,34.9042,34.4099,7,7,0,0.385054,0.513093,0.128038,0,0,0,0
18,503,3,1.14458,1.14458,-0.0884836,0.807169,0.895652,31.6461,35.2287,19,12,-7,0.787875,0.782843,0.005032,0,0,0,0
18.5,504,1,0.12941,0.12941,-0.031707,0.973747,1.00545,31.8732,35.895,11,11,0,0.437616,0.653026,0.21541,0,0,0,0
18.5,504,2,0.667429,0.667429,0.799054,0.72604,0.0730141,35.1962,34.9042,7,11,4,0.513093,0.594814,0.0817216,0,0,0,0
18.5,504,3,0.640782,0.640782,0.853566,-0.0884836,0.94205,35.4143,31.6461,12,8,-4,0.782843,0.659118,0.123725,0,0,0,0
19,505,1,0.537417,0.537417,0.136621,-0.031707,0.168328,32.5465,31.8732,11,3,-8,0.653026,0.573174,0.0798512,0,0,0,0
19,505,2,0.526796,0.526796,-0.761465,0.799054,1.56052,28.9541,35.1962,11,12,1,0.594814,0.617466,0.0226512,0,0,0,0
19,505,3,1.41963,1.41963,0.434603,0.853566,0.418963,33.7384,35.4143,8,15,7,0.659118,0.613272,0.0458464,0,0,0,0
19.5,506,1,1.12275,1.12275,0.0212213,0.136621,0.115399,32.0849,32.5465,3,4,1,0.573174,0.56859,0.004584,0,0,0,0
19.5,506,2,0.332495,0.332495,0.462941,-0.761465,1.22441,33.8518,28.9541,12,11,-1,0.617466,0.458338,0.159128,0,0,0,0
19.5,506,3,1.02683,1.02683,-0.00163305,0.434603,0.436236,31.9935,33.7384,15,15,0,0.613272,0.749365,0.136093,0,0,0,0
20,507,1,1.056,1.056,0.886612,0.0212213,0.865391,35.5464,32.0849,4,10,6,0.56859,0.609117,0.0405264,0,0,0,0
20,507,2,0.675993,0.675993,-0.0815152,0.462941,0.544456,31.6739,33.8518,11,11,0,0.458338,0.583546,0.125208,0,0,0,0
20,507,3,1.24925,1.24925,0.771255,-0.00163305,0.772888,35.085,31.9935,15,9,-6,0.749365,0.666766,0.0825984,0,0,0,0
20.5,508,1,0.23427,0.23427,0.000378475,0.886612,0.886234,32.0015,35.5464,10,10,0,0.609117,0.677875,0.0687584,0,0,0,0
20.5,508,2,0.631899,0.631899,-0.623785,-0.0815152,0.54227,29.5049,31.6739,11,7,-4,0.583546,0.505854,0.0776912,0,0,0,0
20.5,508,3,1.22159,1.22159,0.856897,0.771255,0.0856411,35.4276,35.085,9,13,4,0.666766,0.713186,0.0464192,0,0,0,0
21,509,1,0.64084,0.64084,0.932382,0.000378475,0.932003,35.7295,32.0015,10,11,1,0.677875,0.581875,0.096,0,0,0,0
21,509,2,0.537398,0.537398,0.935143,-0.623785,1.55893,35.7406,29.5049,7,5,-2,0.505854,0.390026,0.115829,0,0,0,0
21,509,3,0.728845,0.728845,0.897133,0.856897,0.040236,35.5885,35.4276,13,14,1,0.713186,0.84231,0.129125,0,0,0,0
21.5,510,1,0.414177,0.414177,-0.878115,0.932382,1.8105,28.4875,35.7295,11,10,-1,0.581875,0.561387,0.020488,0,0,0,0
21.5,510,2,0.541537,0.541537,0.582738,0.935143,0.352404,34.331,35.7406,5,5,0,0.390026,0.50633,0.116304,0,0,0,0
21.5,510,3,0.160052,0.160052,0.0200676,0.897133,0.877065,32.0803,35.5885,14,15,1,0.84231,0.729864,0.112446,0,0,0,0
22,511,1,0.635571,0.635571,0.381835,-0.878115,1.25995,33.5273,28.4875,10,10,0,0.561387,0.422306,0.139082,0,0,0,0
22,511,2,1.64743,1.64743,0.152331,0.582738,0.430408,32.6093,34.331,5,8,3,0.50633,0.72093,0.2146,0,0,0,0
22,511,3,0.208478,0.208478,-0.0566052,0.0200676,0.0766727,31.7736,32.0803,15,12,-3,0.729864,0.674677,0.0551872,0,0,0,0
22.5,512,1,0.479566,0.479566,-0.76418,0.381835,1.14602,28.9433,33.5273,10,9,-1,0.422306,0.66819,0.245885,0,0,0,0
22.5,512,2,1.52037,1.52037,-0.234941,0.152331,0.387272,31.0602,32.6093,8,11,3,0.72093,0.576141,0.144789,0,0,0,0
22.5,512,3,0.12175,0.12175,0.169296,-0.0566052,0.225901,32.6772,31.7736,12,10,-2,0.674677,0.677845,0.003168,0,0,0,0
23,513,1,1.14743,1.14743,0.756507,-0.76418,1.52069,35.026,28.9433,9,8,-1,0.66819,0.499994,0.168197,0,0,0,0
23,513,2,0.0286332,0.0286332,0.654007,-0.234941,0.888948,34.616,31.0602,11,15,4,0.576141,0.549485,0.026656,0,0,0,0
23,513,3,0.439713,0.439713,0.323069,0.169296,0.153774,33.2923,32.6772,10,7,-3,0.677845,0.643128,0.0347168,0,0,0,0
23.5,514,1,1.01426,1.01426,0.414253,0.756507,0.342254,33.657,35.026,8,6,-2,0.499994,0.618515,0.118522,0,0,0,0
23.5,514,2,1.69904,1.69904,0.358387,0.654007,0.29562,33.4335,34.616,15,13,-2,0.549485,0.449237,0.100248,0,0,0,0
23.5,514,3,0.431083,0.431083,-0.394604,0.323069,0.717673,30.4216,33.2923,7,11,4,0.643128,0.661734,0.0186064,0,0,0,0
24,515,1,0.192072,0.192072,-0.226213,0.414253,0.640466,31.0951,33.657,6,11,5,0.618515,0.7026,0.0840848,0,0,0,0
24,515,2,0.478573,0.478573,0.342055,0.358387,0.0163321,33.3682,33.4335,13,7,-6,0.449237,0.589192,0.139955,0,0,1,0
24,515,3,0.49333,0.49333,0.863651,-0.394604,1.25825,35.4546,30.4216,11,12,1,0.661734,0.52231,0.139424,0,0,0,0
24.5,516,1,0.0545641,0.0545641,0.363221,-0.226213,0.589434,33.4529,31.0951,11,9,-2,0.7026,0.531168,0.171432,0,0,0,0
24.5,516,2,0.619844,0.619844,0.269235,0.342055,0.0728197,33.0769,33.3682,7,15,8,0.589192,0.471776,0.117416,0,0,0,0
24.5,516,3,0.0966724,0.0966724,0.919076,0.863651,0.0554245,35.6763,35.4546,12,6,-6,0.52231,0.861789,0.339478,0,0,0,0
25,517,1,0.882198,0.882198,0.859553,0.363221,0.496332,35.4382,33.4529,9,7,-2,0.531168,0.459928,0.07124,0,0,0,0
25,517,2,0.997351,0.997351,0.408626,0.269235,0.13939,33.6345,33.0769,15,14,-1,0.471776,0.407803,0.0639728,0,0,0,0
25,517,3,1.26913,1.26913,-0.196312,0.919076,1.11539,31.2148,35.6763,6,9,3,0.861789,0.821566,0.0402224,0,0,0,0
25.5,518,1,1.07889,1.07889,-0.68478,0.859553,1.54433,29.2609,35.4382,7,7,0,0.459928,0.729093,0.269165,0,0,0,0
25.5,518,2,0.553013,0.553013,0.774018,0.408626,0.365392,35.0961,33.6345,14,13,-1,0.407803,0.458766,0.0509632,0,0,0,0
25.5,518,3,0.106603,0.106603,0.0527789,-0.196312,0.24909,32.2111,31.2148,9,10,1,0.821566,0.630109,0.191458,0,0,0,0
26,519,1,0.933624,0.933624,0.568341,-0.68478,1.25312,34.2734,29.2609,7,9,2,0.729093,0.532227,0.196866,0,0,0,0
26,519,2,0.542381,0.542381,0.28117,0.774018,0.492848,33.1247,35.0961,13,10,-3,0.458766,0.691291,0.232525,0,0,0,0
26,519,3,0.504951,0.504951,0.142387,0.0527789,0.0896084,32.5695,32.2111,10,11,1,0.630109,0.56392,0.0661888,0,0,0,0
26.5,520,1,0.483089,0.483089,0.326456,0.568341,0.241885,33.3058,34.2734,9,5,-4,0.532227,0.563299,0.031072,0,0,0,0
26.5,520,2,0.172457,0.172457,-0.574779,0.28117,0.855949,29.7009,33.1247,10,12,2,0.691291,0.590963,0.100328,0,0,0,0
26.5,520,3,0.0793326,0.0793326,0.77644,0.142387,0.634053,35.1058,32.5695,11,13,2,0.56392,0.539838,0.0240816,0,0,0,0
27,521,1,0.746081,0.746081,-0.828471,0.326456,1.15493,28.6861,33.3058,5,9,4,0.563299,0.650501,0.0872016,0,0,0,0
27,521,2,0.830616,0.830616,0.858088,-0.574779,1.43287,35.4324,29.7009,12,13,1,0.590963,0.342139,0.248824,0,0,0,0
27,521,3,0.91708,0.91708,-0.10586,0.77644,0.8823,31.5766,35.1058,13,8,-5,0.539838,0.868686,0.328848,0,0,0,0
27.5,522,1,0.0479095,0.0479095,0.379559,-0.828471,1.20803,33.5182,28.6861,9,8,-1,0.650501,0.453854,0.196646,0,0,0,0
27.5,522,2,0.96554,0.96554,0.169524,0.858088,0.688564,32.6781,35.4324,13,9,-4,0.342139,0.652426,0.310286,0,0,0,0
27.5,522,3,1.69533,1.69533,-0.682575,-0.10586,0.576715,29.2697,31.5766,8,13,5,0.868686,0.744197,0.12449,0,0,0,0
28,523,1,0.637097,0.637097,0.343476,0.379559,0.0360829,33.3739,33.5182,8,9,1,0.453854,0.623797,0.169942,0,0,0,0
28,523,2,0.282022,0.282022,0.0941394,0.169524,0.0753846,32.3766,32.6781,9,14,5,0.652426,0.692722,0.040296,0,0,0,0
28,523,3,0.673096,0.673096,0.513771,-0.682575,1.19635,34.0551,29.2697,13,7,-6,0.744197,0.573565,0.170632,0,0,0,0
28.5,524,1,0.625724,0.625724,-0.675147,0.343476,1.01862,29.2994,33.3739,9,9,0,0.623797,0.670216,0.0464192,0,0,0,0
28.5,524,2,1.0804,1.0804,0.756445,0.0941394,0.662306,35.0258,32.3766,14,13,-1,0.692722,0.48199,0.210731,0,0,0,0
28.5,524,3,0.536625,0.536625,0.642069,0.513771,0.128298,34.5683,34.0551,7,8,1,0.573565,0.726242,0.152677,0,0,0,0
29,525,1,0.210445,0.210445,0.769077,-0.675147,1.44422,35.0763,29.2994,9,10,1,0.670216,0.433744,0.236472,0,0,0,0
29,525,2,0.351617,0.351617,0.0840994,0.756445,0.672346,32.3364,35.0258,13,10,-3,0.48199,0.585285,0.103294,0,0,0,0
29,525,3,0.196872,0.196872,0.325697,0.642069,0.316371,33.3028,34.5683,8,10,2,0.726242,0.686837,0.0394048,0,0,0,0
29.5,526,1,0.167393,0.167393,0.676075,0.769077,0.0930023,34.7043,35.0763,10,1,-9,0.433744,0.387117,0.0466272,0,0,0,0
29.5,526,2,0.16106,0.16106,0.703746,0.0840994,0.619647,34.815,32.3364,10,13,3,0.585285,0.550589,0.034696,0,0,0,0
29.5,526,3,0.105058,0.105058,0.820451,0.325697,0.494753,35.2818,33.3028,10,16,6,0.686837,0.641683,0.0451536,0,0,0,0
30,527,1,0.0702724,0.0702724,0.834981,0.676075,0.158906,35.3399,34.7043,1,5,4,0.387117,0.773882,0.386765,0,0,0,0
30,527,2,0.0722916,0.0722916,-0.272756,0.703746,0.976502,30.909,34.815,13,11,-2,0.550589,0.461107,0.0894816,0,0,0,0
30,527,3,1.16578,1.16578,0.716037,0.820451,0.104413,34.8641,35.2818,16,14,-2,0.641683,0.616826,0.0248576,0,0,0,0
30.5,528,1,1.01654,1.01654,-0.478853,0.834981,1.31383,30.0846,35.3399,5,5,0,0.773882,0.763469,0.0104128,0,0,0,0
30.5,528,2,1.00023,1.00023,0.716436,-0.272756,0.989192,34.8657,30.909,11,11,0,0.461107,0.356478,0.104629,0,0,0,0
30.5,528,3,1.48849,1.48849,0.602593,0.716037,0.113445,34.4104,34.8641,14,14,0,0.616826,0.70425,0.087424,0,0,0,0
31,529,1,0.324327,0.324327,0.300399,-0.478853,0.779252,33.2016,30.0846,5,9,4,0.763469,0.489072,0.274397,0,0,0,0
31,529,2,1.03377,1.03377,0.422564,0.716436,0.293872,33.6903,34.8657,11,12,1,0.356478,0.472778,0.116299,0,0,0,0
31,529,3,0.886121,0.886121,0.62215,0.602593,0.019557,34.4886,34.4104,14,9,-5,0.70425,0.758435,0.0541856,0,0,1,0
31.5,530,1,1.19855,1.19855,-0.509655,0.300399,0.810054,29.9614,33.2016,9,9,0,0.489072,0.539197,0.0501248,0,0,0,0
31.5,530,2,0.205034,0.205034,-0.223605,0.422564,0.646169,31.1056,33.6903,12,6,-6,0.472778,0.572608,0.0998304,0,0,0,0
31.5,530,3,0.911663,0.911663,-0.633669,0.62215,1.25582,29.4653,34.4886,9,15,6,0.758435,0.647534,0.110901,0,0,0,0
32,531,1,0.146936,0.146936,0.117219,-0.509655,0.626873,32.4689,29.9614,9,7,-2,0.539197,0.715205,0.176008,0,0,0,0
32,531,2,1.14871,1.14871,-0.56299,-0.223605,0.339385,29.748,31.1056,6,11,5,0.572608,0.56805,0.0045584,0,0,0,0
32,531,3,0.0775672,0.0775672,0.80984,-0.633669,1.44351,35.2394,29.4653,15,12,-3,0.647534,0.593299,0.0542352,0,0,0,0
32.5,532,1,0.292456,0.292456,0.574879,0.117219,0.45766,34.2995,32.4689,7,6,-1,0.715205,0.681747,0.0334576,0,0,0,0
32.5,532,2,0.257106,0.257106,-0.758261,-0.56299,0.195271,28.967,29.748,11,11,0,0.56805,0.400181,0.167869,0,0,0,0
32.5,532,3,0.958941,0.958941,-0.41061,0.80984,1.22045,30.3576,35.2394,12,13,1,0.593299,0.740925,0.147626,0,0,0,0
33,533,1,1.11815,1.11815,-0.664321,0.574879,1.2392,29.3427,34.2995,6,6,0,0.681747,0.925709,0.243962,0,0,0,0
33,533,2,0.134859,0.134859,-0.390145,-0.758261,0.368116,30.4394,28.967,11,5,-6,0.400181,0.250435,0.149746,0,0,0,0
33,533,3,0.716288,0.716288,0.564179,-0.41061,0.974789,34.2567,30.3576,13,19,6,0.740925,0.62068,0.120245,0,0,0,0
33.5,534,1,0.462411,0.462411,-0.839898,-0.664321,0.175577,28.6404,29.3427,6,12,6,0.925709,0.600544,0.325165,0,0,0,0
33.5,534,2,0.064725,0.064725,0.587009,-0.390145,0.977154,34.348,30.4394,5,5,0,0.250435,0.301634,0.0511984,0,0,0,0
33.5,534,3,0.0275056,0.0275056,-0.593573,0.564179,1.15775,29.6257,34.2567,19,13,-6,0.62068,0.755629,0.134949,0,0,0,0
34,535,1,0.986266,0.986266,0.760012,-0.839898,1.59991,35.04,28.6404,12,8,-4,0.600544,0.367456,0.233088,0,0,0,0
34,535,2,0.236328,0.236328,-0.537541,0.587009,1.12455,29.8498,34.348,5,7,2,0.301634,0.70899,0.407357,0,0,0,0
34,535,3,0.920563,0.920563,0.915305,-0.593573,1.50888,35.6612,29.6257,13,15,2,0.755629,0.660134,0.0954944,0,0,0,0
34.5,536,1,0.310253,0.310253,0.768415,0.760012,0.00840271,35.0737,35.04,8,5,-3,0.367456,0.672042,0.304586,0,0,1,0
34.5,536,2,0.225184,0.225184,0.643037,-0.537541,1.18058,34.5721,29.8498,7,15,8,0.70899,0.404979,0.304011,0,0,0,0
34.5,536,3,0.559551,0.559551,0.452558,0.915305,0.462747,33.8102,35.6612,15,10,-5,0.660134,0.669058,0.0089232,0,0,0,0
35,537,1,1.18952,1.18952,-0.0472319,0.768415,0.815647,31.8111,35.0737,5,9,4,0.672042,0.680166,0.0081248,0,0,0,0
35,537,2,0.760423,0.760423,-0.507901,0.643037,1.15094,29.9684,34.5721,15,6,-9,0.404979,0.419272,0.0142928,0,0,0,0
35,537,3,0.156238,0.156238,0.149799,0.452558,0.302759,32.5992,33.8102,10,15,5,0.669058,0.580126,0.0889312,0,0,0,0
35.5,538,1,1.69415,1.69415,-0.802907,-0.0472319,0.755675,28.7884,31.8111,9,9,0,0.680166,0.647912,0.0322544,0,0,0,0
35.5,538,2,0.711235,0.711235,-0.204668,-0.507901,0.303233,31.1813,29.9684,6,6,0,0.419272,0.417758,0.0015136,0,0,0,0
35.5,538,3,0.71413,0.71413,-0.121497,0.149799,0.271297,31.514,32.5992,15,15,0,0.580126,0.583408,0.0032816,0,0,0,0
36,539,1,0.722015,0.722015,0.364322,-0.802907,1.16723,33.4573,28.7884,9,6,-3,0.647912,0.535816,0.112096,0,0,0,0
36,539,2,0.545286,0.545286,-0.480374,-0.204668,0.275706,30.0785,31.1813,6,8,2,0.417758,0.473262,0.055504,0,0,0,0
36,539,3,0.615757,0.615757,0.54923,-0.121497,0.670727,34.1969,31.514,15,16,1,0.583408,0.659501,0.0760928,0,0,0,0
36.5,540,1,0.0944737,0.0944737,-0.824152,0.364322,1.18847,28.7034,33.4573,6,8,2,0.535816,0.564965,0.0291488,0,0,0,0
36.5,540,2,0.68926,0.68926,-0.851239,-0.480374,0.370865,28.595,30.0785,8,9,1,0.473262,0.41325,0.0600128,0,0,0,0
36.5,540,3,0.998729,0.998729,0.502747,0.54923,0.0464826,34.011,34.1969,16,13,-3,0.659501,0.774608,0.115107,0,0,0,0
37,541,1,0.365792,0.365792,0.707938,-0.824152,1.53209,34.8318,28.7034,8,7,-1,0.564965,0.514318,0.0506464,0,0,0,0
37,541,2,1.45912,1.45912,0.429798,-0.851239,1.28104,33.7192,28.595,9,10,1,0.41325,0.271315,0.141934,0,0,0,0
37,541,3,0.631927,0.631927,-0.506247,0.502747,1.00899,29.975,34.011,13,13,0,0.774608,0.97125,0.196642,0,0,0,0
37.5,542,1,0.742289,0.742289,-0.847539,0.707938,1.55548,28.6098,34.8318,7,7,0,0.514318,0.615654,0.101336,0,0,0,0
37.5,542,2,0.279389,0.279389,-0.447462,0.429798,0.87726,30.2102,33.7192,10,9,-1,0.271315,0.480509,0.209194,0,0,0,0
37.5,542,3,1.30561,1.30561,-0.375819,-0.506247,0.130428,30.4967,29.975,13,14,1,0.97125,0.737835,0.233414,0,0,0,0
38,543,1,0.21017,0.21017,0.845685,-0.847539,1.69322,35.3827,28.6098,7,12,5,0.615654,0.571754,0.0439008,0,0,0,0
38,543,2,0.163693,0.163693,-0.467432,-0.447462,0.0199701,30.1303,30.2102,9,6,-3,0.480509,0.629928,0.149419,0,0,1,0
38,543,3,0.712668,0.712668,0.833169,-0.375819,1.20899,35.3327,30.4967,14,12,-2,0.737835,0.617978,0.119858,0,0,0,0
38.5,544,1,0.51616,0.51616,-0.902494,0.845685,1.74818,28.39,35.3827,12,7,-5,0.571754,0.620138,0.048384,0,0,0,0
38.5,544,2,0.124666,0.124666,0.649385,-0.467432,1.11682,34.5975,30.1303,6,11,5,0.629928,0.36456,0.265368,0,0,0,0
38.5,544,3,0.984923,0.984923,0.180056,0.833169,0.653113,32.7202,35.3327,12,12,0,0.617978,0.753574,0.135597,0,0,0,0
39,545,1,0.379369,0.379369,0.418288,-0.902494,1.32078,33.6732,28.39,7,12,5,0.620138,0.423274,0.196864,0,0,0,0
39,545,2,0.180617,0.180617,0.92424,0.649385,0.274855,35.697,34.5975,11,3,-8,0.36456,0.56763,0.20307,0,0,0,0
39,545,3,0.0539593,0.0539593,-0.723089,0.180056,0.903145,29.1076,32.7202,12,14,2,0.753574,0.653237,0.100338,0,0,0,0
39.5,546,1,0.662539,0.662539,-0.699604,0.418288,1.11789,29.2016,33.6732,12,4,-8,0.423274,0.546406,0.123133,0,0,0,0
39.5,546,2,0.470718,0.470718,-0.308142,0.92424,1.23238,30.7674,35.697,3,9,6,0.56763,0.7662,0.19857,0,0,0,0
39.5,546,3,1.53319,1.53319,0.568957,-0.723089,1.29205,34.2758,29.1076,14,17,3,0.653237,0.500701,0.152536,0,0,0,0
40,547,1,0.0766676,0.0766676,0.527438,-0.699604,1.22704,34.1098,29.2016,4,7,3,0.546406,0.507773,0.0386336,0,0,0,0
40,547,2,0.456451,0.456451,-0.0937654,-0.308142,0.214377,31.6249,30.7674,9,10,1,0.7662,0.53344,0.23276,0,0,0,0
40,547,3,0.252891,0.252891,0.302722,0.568957,0.266234,33.2109,34.2758,17,13,-4,0.500701,0.862622,0.361922,0,0,0,0
40.5,548,1,0.739792,0.739792,-0.222705,0.527438,0.750143,31.1092,34.1098,7,7,0,0.507773,0.616021,0.108248,0,0,0,0
40.5,548,2,0.0704081,0.0704081,-0.425557,-0.0937654,0.331792,30.2978,31.6249,10,9,-1,0.53344,0.342174,0.191266,0,0,0,0
40.5,548,3,0.0243492,0.0243492,0.941344,0.302722,0.638622,35.7654,33.2109,13,14,1,0.862622,0.75843,0.104192,0,0,0,0
41,549,1,0.0103146,0.0103146,-0.91944,-0.222705,0.696735,28.3222,31.1092,7,10,3,0.616021,0.564832,0.0511888,0,1,0,0
41,549,2,0.797345,0.797345,0.84651,-0.425557,1.27207,35.386,30.2978,9,9,0,0.342174,0.305341,0.0368336,0,0,0,0
41,549,3,0.319154,0.319154,0.349091,0.941344,0.592254,33.3964,35.7654,14,11,-3,0.75843,0.80509,0.0466592,0,0,0,0
41.5,550,1,0.734813,0.734813,0.580067,-0.91944,1.49951,34.3203,28.3222,10,6,-4,0.564832,0.373734,0.191098,0,0,0,0
41.5,550,2,1.55009,1.55009,-0.656277,0.84651,1.50279,29.3749,35.386,9,8,-1,0.305341,0.576813,0.271472,0,0,0,0
41.5,550,3,0.0378909,0.0378909,0.860741,0.349091,0.51165,35.443,33.3964,11,16,5,0.80509,0.706074,0.099016,0,0,0,0
42,551,1,0.516967,0.516967,0.162833,0.580067,0.417235,32.6513,34.3203,6,3,-3,0.373734,0.626678,0.252944,0,0,0,0
42,551,2,1.73358,1.73358,0.171133,-0.656277,0.827409,32.6845,29.3749,8,11,3,0.576813,0.402723,0.17409,0,0,0,0
42,551,3,0.287277,0.287277,0.267402,0.860741,0.593339,33.0696,35.443,16,16,0,0.706074,0.739594,0.03352,0,0,0,0
42.5,552,1,1.48681,1.48681,0.828982,0.162833,0.666149,35.3159,32.6513,3,6,3,0.626678,0.685669,0.0589904,0,0,0,0
42.5,552,2,0.852518,0.852518,-0.502499,0.171133,0.673631,29.99,32.6845,11,10,-1,0.402723,0.377901,0.0248224,0,0,0,0
42.5,552,3,0.796174,0.796174,0.446449,0.267402,0.179047,33.7858,33.0696,16,14,-2,0.739594,0.694344,0.0452496,0,0,0,0
43,553,1,1.73688,1.73688,-0.675019,0.828982,1.504,29.2999,35.3159,6,9,3,0.685669,0.875262,0.189594,0,0,0,0
43,553,2,0.152378,0.152378,0.970399,-0.502499,1.4729,35.8816,29.99,10,2,-8,0.377901,0.308064,0.0698368,0,0,0,0
43,553,3,0.461435,0.461435,0.814442,0.446449,0.367994,35.2578,33.7858,14,19,5,0.694344,0.575107,0.119237,0,0,0,0
43.5,554,1,0.461944,0.461944,0.884258,-0.675019,1.55928,35.537,29.2999,9,8,-1,0.875262,0.555683,0.319579,0,0,0,0
43.5,554,2,0.858286,0.858286,-0.809134,0.970399,1.77953,28.7635,35.8816,2,7,5,0.308064,0.496562,0.188498,0,0,0,0
43.5,554,3,1.18306,1.18306,-0.0322697,0.814442,0.846712,31.8709,35.2578,19,15,-4,0.575107,0.619107,0.044,0,0,0,0
44,555,1,0.571357,0.571357,-0.115694,0.884258,0.999952,31.5372,35.537,8,5,-3,0.555683,0.662304,0.106621,0,0,0,0
44,555,2,0.870663,0.870663,0.599302,-0.809134,1.40844,34.3972,28.7635,7,8,1,0.496562,0.396306,0.100256,0,0,0,0
44,555,3,0.453763,0.453763,0.683737,-0.0322697,0.716007,34.7349,31.8709,15,17,2,0.619107,0.581178,0.0379296,0,0,0,0
44.5,556,1,0.254186,0.254186,-0.910272,-0.115694,0.794577,28.3589,31.5372,5,12,7,0.662304,0.644296,0.018008,0,0,0,0
44.5,556,2,0.0879231,0.0879231,-0.215324,0.599302,0.814626,31.1387,34.3972,8,10,2,0.396306,0.451952,0.0556464,0,0,0,0
44.5,556,3,0.315869,0.315869,-0.22682,0.683737,0.910557,31.0927,34.7349,17,8,-9,0.581178,0.65183,0.0706528,0,0,0,0
45,557,1,0.0605416,0.0605416,0.805405,-0.910272,1.71568,35.2216,28.3589,12,9,-3,0.644296,0.439427,0.204869,0,0,0,0
45,557,2,0.399185,0.399185,0.921653,-0.215324,1.13698,35.6866,31.1387,10,10,0,0.451952,0.632318,0.180366,0,0,0,0
45,557,3,0.902341,0.902341,-0.695219,-0.22682,0.4684,29.2191,31.0927,8,11,3,0.65183,0.750094,0.098264,0,0,0,0
45.5,558,1,0.738253,0.738253,-0.0986482,0.805405,0.904053,31.6054,35.2216,9,6,-3,0.439427,0.672733,0.233306,0,0,0,0
45.5,558,2,0.728872,0.728872,-0.121476,0.921653,1.04313,31.5141,35.6866,10,9,-1,0.632318,0.644779,0.0124608,0,0,0,0
45.5,558,3,0.0187332,0.0187332,0.14664,-0.695219,0.841859,32.5866,29.2191,11,15,4,0.750094,0.555262,0.194832,0,1,0,0
46,559,1,0.392043,0.392043,0.702141,-0.0986482,0.800789,34.8086,31.6054,6,11,5,0.672733,0.62508,0.0476528,0,0,0,0
46,559,2,0.694487,0.694487,0.613217,-0.121476,0.734693,34.4529,31.5141,9,12,3,0.644779,0.530064,0.114715,0,0,0,0
46,559,3,0.708196,0.708196,0.234043,0.14664,0.0874029,32.9362,32.5866,15,7,-8,0.555262,0.704573,0.14931,0,0,0,0
46.5,560,1,0.705791,0.705791,-0.10077,0.702141,0.802911,31.5969,34.8086,11,9,-2,0.62508,0.652846,0.0277664,0,0,0,0
46.5,560,2,0.762241,0.762241,-0.721808,0.613217,1.33502,29.1128,34.4529,12,9,-3,0.530064,0.582602,0.0525376,0,0,0,0
46.5,560,3,0.745126,0.745126,-0.372655,0.234043,0.606698,30.5094,32.9362,7,12,5,0.704573,0.569018,0.135555,0,0,0,0
47,561,1,1.0207,1.0207,0.738329,-0.10077,0.839099,34.9533,31.5969,9,10,1,0.652846,0.566171,0.0866752,0,0,0,0
47,561,2,0.0186747,0.0186747,0.870005,-0.721808,1.59181,35.48,29.1128,9,10,1,0.582602,0.517619,0.0649824,0,1,0,0
47,561,3,1.4598,1.4598,0.204157,-0.372655,0.576813,32.8166,30.5094,12,10,-2,0.569018,0.689456,0.120438,0,0,0,0
47.5,562,1,0.684187,0.684187,0.906579,0.738329,0.16825,35.6263,34.9533,10,10,0,0.566171,0.658494,0.0923232,0,0,0,0
47.5,562,2,0.239383,0.239383,0.598019,0.870005,0.271986,34.3921,35.48,10,10,0,0.517619,0.565589,0.0479696,0,0,0,0
47.5,562,3,0.865127,0.865127,0.742051,0.204157,0.537894,34.9682,32.8166,10,10,0,0.689456,0.597634,0.0918224,0,0,0,0
48,563,1,0.61184,0.61184,-0.239134,0.906579,1.14571,31.0435,35.6263,10,4,-6,0.658494,0.741056,0.0825616,0,0,0,0
48,563,2,1.14194,1.14194,0.410431,0.598019,0.187588,33.6417,34.3921,10,13,3,0.565589,0.540309,0.02528,0,0,0,0
48,563,3,0.0775748,0.0775748,-0.156452,0.742051,0.898502,31.3742,34.9682,10,13,3,0.597634,0.619888,0.0222544,0,0,0,0
48.5,564,1,0.247828,0.247828,0.85846,-0.239134,1.09759,35.4338,31.0435,4,10,6,0.741056,0.576755,0.164301,0,0,0,0
48.5,564,2,0.388698,0.388698,0.379881,0.410431,0.0305502,33.5195,33.6417,13,11,-2,0.540309,0.564789,0.02448,0,0,0,0
48.5,564,3,0.55335,0.55335,0.437407,-0.156452,0.593859,33.7496,31.3742,13,9,-4,0.619888,0.657515,0.0376272,0,0,0,0
49,565,1,1.52144,1.52144,-0.142322,0.85846,1.00078,31.4307,35.4338,10,7,-3,0.576755,0.60223,0.0254752,0,0,0,0
49,565,2,0.0531833,0.0531833,0.0209162,0.379881,0.358965,32.0837,33.5195,11,11,0,0.564789,0.510304,0.0544848,0,0,0,0
49,565,3,0.0470858,0.0470858,0.394688,0.437407,0.0427191,33.5788,33.7496,9,12,3,0.657515,0.616315,0.0412,0,0,0,0
49.5,566,1,1.79604,1.79604,0.939565,-0.142322,1.08189,35.7583,31.4307,7,14,7,0.60223,0.570918,0.031312,0,0,0,0
49.5,566,2,0.51391,0.51391,0.899097,0.0209162,0.878181,35.5964,32.0837,11,8,-3,0.510304,0.476067,0.0342368,0,0,0,0
49.5,566,3,0.721132,0.721132,-0.392004,0.394688,0.786692,30.432,33.5788,12,8,-4,0.616315,0.686427,0.070112,0,0,0,0
50,567,1,1.66237,1.66237,0.653138,0.939565,0.286427,34.6126,35.7583,14,16,2,0.570918,0.677046,0.106128,0,0,0,0
50,567,2,0.398787,0.398787,0.240451,0.899097,0.658646,32.9618,35.5964,8,4,-4,0.476067,0.605923,0.129856,0,0,0,0
50,567,3,0.649141,0.649141,-0.493147,-0.392004,0.101143,30.0274,30.432,8,10,2,0.686427,0.594667,0.09176,0,0,0,0
50.5,568,1,1.57181,1.57181,0.353098,0.653138,0.30004,33.4124,34.6126,16,13,-3,0.677046,0.723221,0.0461744,0,0,0,0
50.5,568,2,0.115781,0.115781,0.48462,0.240451,0.244169,33.9385,32.9618,4,10,6,0.605923,0.624131,0.018208,0,0,0,0
50.5,568,3,1.32238,1.32238,0.714278,-0.493147,1.20742,34.8571,30.0274,10,8,-2,0.594667,0.631742,0.0370752,0,0,0,0
51,569,1,1.36791,1.36791,0.959361,0.353098,0.606263,35.8374,33.4124,13,16,3,0.723221,0.594058,0.129163,0,0,0,0
51,569,2,1.52255,1.52255,-0.867762,0.48462,1.35238,28.529,33.9385,10,8,-2,0.624131,0.546594,0.0775376,0,0,0,0
51,569,3,0.15646,0.15646,0.941956,0.714278,0.227679,35.7678,34.8571,8,6,-2,0.631742,0.754093,0.12235,0,0,0,0
51.5,570,1,1.55395,1.55395,0.281959,0.959361,0.677402,33.1278,35.8374,16,8,-8,0.594058,0.742366,0.148309,0,0,0,0
51.5,570,2,0.0385742,0.0385742,-0.0519158,-0.867762,0.815846,31.7923,28.529,8,8,0,0.546594,0.325299,0.221294,0,0,0,0
51.5,570,3,0.545226,0.545226,0.0948509,0.941956,0.847106,32.3794,35.7678,6,14,8,0.754093,0.729501,0.024592,0,0,0,0
52,571,1,0.964902,0.964902,0.104842,0.281959,0.177117,32.4194,33.1278,8,8,0,0.742366,0.805382,0.063016,0,0,0,0
52,571,2,0.469992,0.469992,0.46032,-0.0519158,0.512235,33.8413,31.7923,8,8,0,0.325299,0.321669,0.0036304,0,0,0,0
52,571,3,0.184511,0.184511,-0.15112,0.0948509,0.245971,31.3955,32.3794,14,14,0,0.729501,0.675595,0.0539056,0,0,0,0
52.5,572,1,0.459454,0.459454,0.331965,0.104842,0.227123,33.3279,32.4194,8,10,2,0.805382,0.571504,0.233878,0,0,0,0
52.5,572,2,0.184542,0.184542,0.649479,0.46032,0.189159,34.5979,33.8413,8,8,0,0.321669,0.605525,0.283856,0,0,0,0
52.5,572,3,0.551945,0.551945,0.646387,-0.15112,0.797507,34.5855,31.3955,14,12,-2,0.675595,0.64368,0.0319152,0,0,0,0
53,573,1,0.953172,0.953172,-0.745161,0.331965,1.07713,29.0194,33.3279,10,10,0,0.571504,0.549008,0.022496,0,0,0,0
53,573,2,0.457811,0.457811,0.936613,0.649479,0.287135,35.7465,34.5979,8,9,1,0.605525,0.633314,0.0277888,0,0,0,0
53,573,3,0.373891,0.373891,-0.285204,0.646387,0.93159,30.8592,34.5855,12,11,-1,0.64368,0.683442,0.0397616,0,0,0,0
53.5,574,1,0.47079,0.47079,0.986423,-0.745161,1.73158,35.9457,29.0194,10,8,-2,0.549008,0.463374,0.0856336,0,0,0,0
53.5,574,2,0.0946519,0.0946519,0.884968,0.936613,0.0516456,35.5399,35.7465,9,9,0,0.633314,0.871358,0.238045,0,0,0,0
53.5,574,3,0.0358212,0.0358212,-0.00592571,-0.285204,0.279278,31.9763,30.8592,11,13,2,0.683442,0.594032,0.0894096,0,0,0,0
54,575,1,0.281693,0.281693,-0.614951,0.986423,1.60137,29.5402,35.9457,8,9,1,0.463374,0.594323,0.130949,0,0,0,0
54,575,2,0.211493,0.211493,-0.234607,0.884968,1.11957,31.0616,35.5399,9,11,2,0.871358,0.788546,0.0828128,0,0,0,0
54,575,3,1.00114,1.00114,0.746617,-0.00592571,0.752543,34.9865,31.9763,13,10,-3,0.594032,0.535083,0.0589488,0,0,0,0
54.5,576,1,0.493073,0.493073,-0.750806,-0.614951,0.135855,28.9968,29.5402,9,10,1,0.594323,0.545459,0.048864,0,0,0,0
54.5,576,2,0.506396,0.506396,0.388885,-0.234607,0.623492,33.5555,31.0616,11,11,0,0.788546,0.54204,0.246506,0,0,0,0
54.5,576,3,0.202828,0.202828,0.604692,0.746617,0.141925,34.4188,34.9865,10,9,-1,0.535083,0.819424,0.284341,0,0,0,0
55,577,1,0.0828043,0.0828043,-0.647559,-0.750806,0.103247,29.4098,28.9968,10,8,-2,0.545459,0.340837,0.204622,0,0,0,0
55,577,2,0.898098,0.898098,0.991293,0.388885,0.602408,35.9652,33.5555,11,10,-1,0.54204,0.568086,0.0260464,0,0,0,0
55,577,3,0.174591,0.174591,-0.466353,0.604692,1.07105,30.1346,34.4188,9,12,3,0.819424,0.889691,0.0702672,0,0,0,0
55.5,578,1,0.162877,0.162877,-0.572045,-0.647559,0.0755133,29.7118,29.4098,8,6,-2,0.340837,0.378832,0.0379952,0,0,0,0
55.5,578,2,0.827009,0.827009,0.363885,0.991293,0.627408,33.4555,35.9652,10,6,-4,0.568086,0.885168,0.317082,0,0,0,0
55.5,578,3,0.723384,0.723384,0.605881,-0.466353,1.07223,34.4235,30.1346,12,18,6,0.889691,0.637798,0.251893,0,0,0,0
56,579,1,0.327759,0.327759,0.866495,-0.572045,1.43854,35.466,29.7118,6,5,-1,0.378832,0.433542,0.0547104,0,0,0,0
56,579,2,0.177991,0.177991,0.586563,0.363885,0.222679,34.3463,33.4555,6,11,5,0.885168,0.728619,0.156549,0,0,0,0
56,579,3,0.668674,0.668674,-0.259404,0.605881,0.865284,30.9624,34.4235,18,14,-4,0.637798,0.740578,0.102779,0,0,0,0
56.5,580,1,0.0588612,0.0588612,0.747103,0.866495,0.119392,34.9884,35.466,5,5,0,0.433542,0.745819,0.312277,0,0,0,0
56.5,580,2,0.790898,0.790898,-0.0172545,0.586563,0.603818,31.931,34.3463,11,11,0,0.728619,0.603422,0.125197,0,0,0,0
56.5,580,3,0.21138,0.21138,-0.300579,-0.259404,0.0411756,30.7977,30.9624,14,14,0,0.740578,0.635298,0.10528,0,0,0,0
57,581,1,0.661795,0.661795,0.793749,0.747103,0.0466458,35.175,34.9884,5,8,3,0.745819,0.863803,0.117984,0,0,0,0
57,581,2,1.04383,1.04383,0.573698,-0.0172545,0.590952,34.2948,31.931,11,9,-2,0.603422,0.55873,0.0446928,0,0,0,0
57,581,3,0.532869,0.532869,-0.276477,-0.300579,0.0241024,30.8941,30.7977,14,13,-1,0.635298,0.506789,0.128509,0,0,0,0
57.5,582,1,0.00719494,0.00719494,0.898066,0.793749,0.104317,35.5923,35.175,8,11,3,0.863803,0.828878,0.0349248,0,1,0,0
57.5,582,2,1.37378,1.37378,-0.658206,0.573698,1.2319,29.3672,34.2948,9,9,0,0.55873,0.564837,0.0061072,0,0,0,0
57.5,582,3,0.0565116,0.0565116,0.281885,-0.276477,0.558362,33.1275,30.8941,13,10,-3,0.506789,0.493886,0.0129024,0,0,0,0
58,583,1,0.912577,0.912577,-0.956808,0.898066,1.85487,28.1728,35.5923,11,11,0,0.828878,0.852021,0.0231424,0,0,0,0
58,583,2,0.34244,0.34244,-0.671698,-0.658206,0.0134922,29.3132,29.3672,9,9,0,0.564837,0.443085,0.121752,0,0,1,0
58,583,3,1.8851,1.8851,-0.973348,0.281885,1.25523,28.1066,33.1275,10,10,0,0.493886,0.620149,0.126262,0,0,0,0
58.5,584,1,0.164508,0.164508,0.242919,-0.956808,1.19973,32.9717,28.1728,11,10,-1,0.852021,0.629582,0.222438,0,0,0,0
58.5,584,2,1.69072,1.69072,0.783409,-0.671698,1.45511,35.1336,29.3132,9,9,0,0.443085,0.52765,0.0845648,0,0,0,0
58.5,584,3,0.582191,0.582191,0.111032,-0.973348,1.08438,32.4441,28.1066,10,11,1,0.620149,0.760552,0.140403,0,0,0,0
1,586,1,-1,-1,0.649712,0.649712,-1,34.5988,34.5988,11,11,0,0,0,0,0,0,0,0
1,586,2,-1,-1,-0.0977163,-0.0977163,-1,31.6091,31.6091,10,10,0,0,0,0,0,0,0,0
1,586,3,-1,-1,-0.243901,-0.243901,-1,31.0244,31.0244,9,9,0,0,0,0,0,0,0,0
1.5,587,1,0.376551,0.376551,0.936421,0.649712,0.286709,35.7457,34.5988,11,10,-1,0,0.783558,0.783558,0,0,0,0
1.5,587,2,0.291514,0.291514,-0.175883,-0.0977163,0.0781666,31.2965,31.6091,10,10,0,0,0.422154,0.422154,0,0,0,0
1.5,587,3,1.36744,1.36744,-0.7506,-0.243901,0.506699,28.9976,31.0244,9,10,1,0,0.74857,0.74857,0,0,0,0
2,588,1,0.356184,0.356184,0.353854,0.936421,0.582567,33.4154,35.7457,10,11,1,0.783558,0.980262,0.196704,0,0,0,0
2,588,2,1.29576,1.29576,-0.941534,-0.175883,0.765651,28.2339,31.2965,10,10,0,0.422154,0.447466,0.025312,0,0,0,0
2,588,3,0.0345789,0.0345789,-0.433775,-0.7506,0.316825,30.2649,28.9976,10,9,-1,0.74857,0.602274,0.146296,0,0,0,0
2.5,589,1,0.301012,0.301012,-0.0276425,0.353854,0.381497,31.8894,33.4154,11,12,1,0.980262,0.872878,0.107384,0,0,0,0
2.5,589,2,1.11072,1.11072,0.715727,-0.941534,1.65726,34.8629,28.2339,10,10,0,0.447466,0.491715,0.0442496,0,0,0,0
2.5,589,3,0.423667,0.423667,-0.395918,-0.433775,0.0378571,30.4163,30.2649,9,8,-1,0.602274,0.67276,0.0704864,0,0,0,0
3,590,1,0.546852,0.546852,-0.00347965,-0.0276425,0.0241629,31.9861,31.8894,12,12,0,0.872878,0.659746,0.213133,0,0,0,0
3,590,2,0.925141,0.925141,0.337468,0.715727,0.378259,33.3499,34.8629,10,9,-1,0.491715,0.716406,0.224691,0,0,0,0
3,590,3,0.122813,0.122813,-0.598439,-0.395918,0.202521,29.6062,30.4163,8,9,1,0.67276,0.612226,0.0605344,0,0,0,0
3.5,591,1,1.48262,1.48262,0.323668,-0.00347965,0.327148,33.2947,31.9861,12,10,-2,0.659746,0.58881,0.070936,0,0,0,0
3.5,591,2,0.0744428,0.0744428,-0.868397,0.337468,1.20587,28.5264,33.3499,9,11,2,0.716406,0.771282,0.0548752,0,0,0,0
3.5,591,3,0.214193,0.214193,0.513858,-0.598439,1.1123,34.0554,29.6062,9,9,0,0.612226,0.537864,0.0743616,0,0,0,0
4,592,1,0.79495,0.79495,-0.65735,0.323668,0.981018,29.3706,33.2947,10,10,0,0.58881,0.651094,0.0622848,0,0,0,0
4,592,2,0.286737,0.286737,0.919577,-0.868397,1.78797,35.6783,28.5264,11,12,1,0.771282,0.557557,0.213725,0,0,0,0
4,592,3,1.50552,1.50552,0.981102,0.513858,0.467244,35.9244,34.0554,9,8,-1,0.537864,0.876421,0.338557,0,0,0,0
4.5,593,1,0.769648,0.769648,0.245846,-0.65735,0.903196,32.9834,29.3706,10,14,4,0.651094,0.360728,0.290366,0,0,0,0
4.5,593,2,0.0615099,0.0615099,0.705121,0.919577,0.214455,34.8205,35.6783,12,4,-8,0.557557,0.620432,0.0628752,0,0,0,0
4.5,593,3,0.985164,0.985164,0.603751,0.981102,0.37735,34.415,35.9244,8,12,4,0.876421,0.887155,0.0107344,0,0,0,0
5,594,1,0.0442677,0.0442677,0.767435,0.245846,0.521589,35.0697,32.9834,14,7,-7,0.360728,0.394333,0.0336048,0,0,0,0
5,594,2,1.28286,1.28286,-0.270533,0.705121,0.975655,30.9179,34.8205,4,8,4,0.620432,0.783832,0.1634,0,0,0,0
5,594,3,0.703063,0.703063,0.443017,0.603751,0.160734,33.7721,34.415,12,15,3,0.887155,0.660218,0.226938,0,0,0,0
5.5,595,1,1.35895,1.35895,-0.182585,0.767435,0.95002,31.2697,35.0697,7,9,2,0.394333,0.732749,0.338416,0,0,0,0
5.5,595,2,1.59678,1.59678,-0.289148,-0.270533,0.0186148,30.8434,30.9179,8,10,2,0.783832,0.504566,0.279266,0,0,1,0
5.5,595,3,1.56903,1.56903,0.854096,0.443017,0.411078,35.4164,33.7721,15,11,-4,0.660218,0.730066,0.069848,0,0,0,0
6,596,1,0.111295,0.111295,0.358191,-0.182585,0.540776,33.4328,31.2697,9,10,1,0.732749,0.602842,0.129907,0,0,0,0
6,596,2,1.15472,1.15472,0.701253,-0.289148,0.990401,34.805,30.8434,10,9,-1,0.504566,0.432824,0.0717424,0,0,0,0
6,596,3,1.59901,1.59901,-0.578187,0.854096,1.43228,29.6873,35.4164,11,11,0,0.730066,0.853021,0.122955,0,0,0,0
6.5,597,1,1.63647,1.63647,-0.229156,0.358191,0.587346,31.0834,33.4328,10,10,0,0.602842,0.575064,0.0277776,0,0,0,0
6.5,597,2,0.602783,0.602783,-0.684135,0.701253,1.38539,29.2635,34.805,9,4,-5,0.432824,0.726109,0.293285,0,0,0,0
6.5,597,3,1.07248,1.07248,-0.400526,-0.578187,0.17766,30.3979,29.6873,11,16,5,0.853021,0.621848,0.231173,0,0,0,0
7,598,1,0.450432,0.450432,0.578893,-0.229156,0.808049,34.3156,31.0834,10,7,-3,0.575064,0.702291,0.127227,0,0,0,0
7,598,2,0.160556,0.160556,-0.116241,-0.684135,0.567894,31.535,29.2635,4,9,5,0.726109,0.608395,0.117714,0,0,0,0
7,598,3,0.590537,0.590537,0.548922,-0.400526,0.949449,34.1957,30.3979,16,14,-2,0.621848,0.620875,0.0009728,0,0,0,0
7.5,599,1,0.381017,0.381017,0.443078,0.578893,0.135816,33.7723,34.3156,7,11,4,0.702291,0.68732,0.0149712,0,0,0,0
7.5,599,2,1.16432,1.16432,0.737245,-0.116241,0.853486,34.949,31.535,9,12,3,0.608395,0.446645,0.16175,0,0,0,0
7.5,599,3,0.982313,0.982313,-0.40603,0.548922,0.954953,30.3759,34.1957,14,7,-7,0.620875,0.997613,0.376738,0,0,0,0
8,600,1,0.40699,0.40699,0.0278365,0.443078,0.415241,32.1113,33.7723,11,11,0,0.68732,0.629843,0.0574768,0,0,0,0
8,600,2,0.381197,0.381197,0.406162,0.737245,0.331083,33.6246,34.949,12,12,0,0.446645,0.677502,0.230858,0,0,0,0
8,600,3,0.637106,0.637106,0.616344,-0.40603,1.02237,34.4654,30.3759,7,7,0,0.997613,0.712824,0.284789,0,0,0,0
8.5,601,1,1.09754,1.09754,0.371419,0.0278365,0.343582,33.4857,32.1113,11,12,1,0.629843,0.521381,0.108462,0,0,0,0
8.5,601,2,0.984239,0.984239,0.288233,0.406162,0.117929,33.1529,33.6246,12,13,1,0.677502,0.617677,0.0598256,0,0,0,0
8.5,601,3,0.714532,0.714532,-0.220042,0.616344,0.836386,31.1198,34.4654,7,5,-2,0.712824,0.863187,0.150363,0,0,0,0
9,602,1,1.40014,1.40014,-0.00948857,0.371419,0.380907,31.962,33.4857,12,9,-3,0.521381,0.620848,0.0994672,0,0,0,0
9,602,2,0.1153,0.1153,-0.974421,0.288233,1.26265,28.1023,33.1529,13,10,-3,0.617677,0.608978,0.0086992,0,0,0,0
9,602,3,1.42501,1.42501,0.808534,-0.220042,1.02858,35.2341,31.1198,5,11,6,0.863187,0.656917,0.20627,0,0,0,0
9.5,603,1,1.09346,1.09346,0.785337,-0.00948857,0.794826,35.1413,31.962,9,9,0,0.620848,0.572488,0.04836,0,0,0,0
9.5,603,2,1.07367,1.07367,0.214871,-0.974421,1.18929,32.8595,28.1023,10,10,0,0.608978,0.497776,0.111202,0,0,0,0
9.5,603,3,0.881589,0.881589,0.492226,0.808534,0.316308,33.9689,35.2341,11,11,0,0.656917,1.05965,0.402736,0,0,0,0
10,604,1,0.532256,0.532256,-0.641333,0.785337,1.42667,29.4347,35.1413,9,5,-4,0.572488,0.68865,0.116162,0,0,0,0
10,604,2,0.489352,0.489352,-0.0622389,0.214871,0.27711,31.751,32.8595,10,14,4,0.497776,0.505338,0.0075616,0,0,0,0
10,604,3,0.669486,0.669486,0.0314381,0.492226,0.460788,32.1258,33.9689,11,11,0,1.05965,0.755427,0.304226,0,0,0,0
10.5,605,1,0.465858,0.465858,-0.265628,-0.641333,0.375705,30.9375,29.4347,5,12,7,0.68865,0.513365,0.175285,0,0,0,0
10.5,605,2,0.104102,0.104102,-0.494195,-0.0622389,0.431956,30.0232,31.751,14,6,-8,0.505338,0.704094,0.198757,0,0,0,0
10.5,605,3,1.71115,1.71115,0.0170026,0.0314381,0.0144354,32.068,32.1258,11,12,1,0.755427,0.719069,0.0363584,0,0,1,0
11,606,1,0.0148757,0.0148757,0.675031,-0.265628,0.940659,34.7001,30.9375,12,10,-2,0.513365,0.454523,0.0588416,0,1,0,0
11,606,2,1.29427,1.29427,-0.103451,-0.494195,0.390744,31.5862,30.0232,6,8,2,0.704094,0.524845,0.17925,0,0,0,0
11,606,3,1.15274,1.15274,0.16296,0.0170026,0.145957,32.6518,32.068,12,12,0,0.719069,0.77945,0.0603808,0,0,0,0
11.5,607,1,0.165721,0.165721,0.0595868,0.675031,0.615444,32.2383,34.7001,10,10,0,0.454523,0.684906,0.230382,0,0,0,0
11.5,607,2,0.222418,0.222418,0.798597,-0.103451,0.902048,35.1944,31.5862,8,8,0,0.524845,0.514262,0.0105824,0,0,0,0
11.5,607,3,0.0888289,0.0888289,0.561376,0.16296,0.398416,34.2455,32.6518,12,12,0,0.77945,0.654502,0.124947,0,0,0,0
12,608,1,0.392763,0.392763,0.428942,0.0595868,0.369355,33.7158,32.2383,10,10,0,0.684906,0.573595,0.11131,0,0,0,0
12,608,2,1.67166,1.67166,0.571277,0.798597,0.227319,34.2851,35.1944,8,9,1,0.514262,0.650888,0.136626,0,0,0,0
12,608,3,0.530597,0.530597,0.0752323,0.561376,0.486144,32.3009,34.2455,12,11,-1,0.654502,0.660984,0.0064816,0,0,0,0
12.5,609,1,0.604998,0.604998,-0.424194,0.428942,0.853136,30.3032,33.7158,10,10,0,0.573595,0.520802,0.0527936,0,0,0,0
12.5,609,2,1.29239,1.29239,0.785306,0.571277,0.214029,35.1412,34.2851,9,9,0,0.650888,0.749736,0.098848,0,0,0,0
12.5,609,3,0.711317,0.711317,-0.16128,0.0752323,0.236513,31.3549,32.3009,11,11,0,0.660984,0.63175,0.0292336,0,0,0,0
13,610,1,0.703157,0.703157,0.833857,-0.424194,1.25805,35.3354,30.3032,10,12,2,0.520802,0.433835,0.0869664,0,0,0,0
13,610,2,0.253918,0.253918,0.234662,0.785306,0.550644,32.9386,35.1412,9,9,0,0.749736,0.842976,0.09324,0,0,0,0
13,610,3,0.517814,0.517814,0.57754,-0.16128,0.73882,34.3102,31.3549,11,9,-2,0.63175,0.614245,0.0175056,0,0,0,0
13.5,611,1,0.0840597,0.0840597,0.5543,0.833857,0.279558,34.2172,35.3354,12,8,-4,0.433835,0.618408,0.184573,0,0,0,0
13.5,611,2,0.717516,0.717516,-0.308777,0.234662,0.543438,30.7649,32.9386,9,13,4,0.842976,0.608781,0.234195,0,0,0,0
13.5,611,3,0.889495,0.889495,0.533725,0.57754,0.0438151,34.1349,34.3102,9,9,0,0.614245,0.727179,0.112934,0,0,0,0
14,612,1,0.12276,0.12276,0.913756,0.5543,0.359456,35.655,34.2172,8,6,-2,0.618408,0.724166,0.105758,0,0,0,0
14,612,2,0.843982,0.843982,-0.0136003,-0.308777,0.295176,31.9456,30.7649,13,14,1,0.608781,0.406371,0.20241,0,0,0,0
14,612,3,0.403584,0.403584,0.587137,0.533725,0.0534123,34.3485,34.1349,9,10,1,0.727179,0.846675,0.119496,0,0,0,0
14.5,613,1,1.47849,1.47849,0.781446,0.913756,0.13231,35.1258,35.655,6,11,5,0.724166,0.717029,0.0071376,0,0,0,0
14.5,613,2,0.510162,0.510162,0.573582,-0.0136003,0.587182,34.2943,31.9456,14,11,-3,0.406371,0.396544,0.0098272,0,0,0,0
14.5,613,3,0.129311,0.129311,0.960696,0.587137,0.373559,35.8428,34.3485,10,8,-2,0.846675,0.782261,0.0644144,0,0,0,0
15,614,1,0.311263,0.311263,0.779853,0.781446,0.00159305,35.1194,35.1258,11,13,2,0.717029,0.612614,0.104414,0,0,1,0
15,614,2,0.876351,0.876351,-0.269218,0.573582,0.842799,30.9231,34.2943,11,7,-4,0.396544,0.525472,0.128928,0,0,0,0
15,614,3,1.32929,1.32929,0.638406,0.960696,0.32229,34.5536,35.8428,8,10,2,0.782261,0.728158,0.0541024,0,0,0,0
15.5,615,1,0.737868,0.737868,0.818863,0.779853,0.0390102,35.2755,35.1194,13,14,1,0.612614,0.653835,0.0412208,0,0,0,0
15.5,615,2,0.586505,0.586505,0.640044,-0.269218,0.909262,34.5602,30.9231,7,8,1,0.525472,0.437555,0.0879168,0,0,0,0
15.5,615,3,0.584081,0.584081,0.0429297,0.638406,0.595476,32.1717,34.5536,10,8,-2,0.728158,0.76365,0.0354912,0,0,0,0
16,616,1,0.419356,0.419356,0.249482,0.818863,0.569382,32.9979,35.2755,14,14,0,0.653835,0.694909,0.0410736,0,0,0,0
16,616,2,1.26645,1.26645,0.366179,0.640044,0.273865,33.4647,34.5602,8,4,-4,0.437555,0.655346,0.21779,0,0,0,0
16,616,3,0.567729,0.567729,-0.37124,0.0429297,0.41417,30.515,32.1717,8,12,4,0.76365,0.573674,0.189976,0,0,0,0
16.5,617,1,0.433961,0.433961,-0.0875758,0.249482,0.337057,31.6497,32.9979,14,12,-2,0.694909,0.665418,0.0294912,0,0,0,0
16.5,617,2,0.634851,0.634851,0.351684,0.366179,0.014495,33.4067,33.4647,4,7,3,0.655346,0.68953,0.034184,0,0,1,0
16.5,617,3,0.685398,0.685398,0.825957,-0.37124,1.1972,35.3038,30.515,12,11,-1,0.573674,0.492378,0.081296,0,0,0,0
17,618,1,0.03628,0.03628,0.786926,-0.0875758,0.874502,35.1477,31.6497,12,11,-1,0.665418,0.461877,0.203541,0,0,0,0
17,618,2,0.00951046,0.00951046,0.592777,0.351684,0.241093,34.3711,33.4067,7,8,1,0.68953,0.612165,0.0773648,0,1,0,0
17,618,3,0.0551969,0.0551969,0.915323,0.825957,0.089366,35.6613,35.3038,11,11,0,0.492378,0.793317,0.300939,0,0,0,0
17.5,619,1,0.385422,0.385422,-0.126695,0.786926,0.913621,31.4932,35.1477,11,10,-1,0.461877,0.512363,0.0504864,0,0,0,0
17.5,619,2,0.8171,0.8171,-0.426572,0.592777,1.01935,30.2937,34.3711,8,8,0,0.612165,0.538728,0.0734368,0,0,0,0
17.5,619,3,0.698655,0.698655,-0.713983,0.915323,1.62931,29.1441,35.6613,11,12,1,0.793317,0.748446,0.0448704,0,0,0,0
18,620,1,0.277964,0.277964,-0.405434,-0.126695,0.278739,30.3783,31.4932,10,9,-1,0.512363,0.637334,0.124971,0,0,0,0
18,620,2,1.30403,1.30403,-0.718647,-0.426572,0.292075,29.1254,30.2937,8,10,2,0.538728,0.561582,0.0228544,0,0,0,0
18,620,3,0.457501,0.457501,0.973721,-0.713983,1.6877,35.8949,29.1441,12,11,-1,0.748446,0.612766,0.13568,0,0,0,0
18.5,621,1,0.7939,0.7939,0.846203,-0.405434,1.25164,35.3848,30.3783,9,12,3,0.637334,0.493792,0.143542,0,0,0,0
18.5,621,2,0.248281,0.248281,0.771713,-0.718647,1.49036,35.0869,29.1254,10,10,0,0.561582,0.45477,0.106813,0,0,0,0
18.5,621,3,1.50619,1.50619,0.464728,0.973721,0.508993,33.8589,35.8949,11,8,-3,0.612766,0.976187,0.363421,0,0,0,0
19,622,1,1.22675,1.22675,0.557027,0.846203,0.289176,34.2281,35.3848,12,10,-2,0.493792,0.525218,0.0314256,0,0,0,0
19,622,2,0.186468,0.186468,-0.204636,0.771713,0.976349,31.1815,35.0869,10,3,-7,0.45477,0.624053,0.169283,0,0,0,0
19,622,3,0.556021,0.556021,-0.0455524,0.464728,0.51028,31.8178,33.8589,8,17,9,0.976187,0.713702,0.262485,0,0,0,0
19.5,623,1,0.124934,0.124934,0.889517,0.557027,0.33249,35.5581,34.2281,10,11,1,0.525218,0.754272,0.229054,0,0,0,0
19.5,623,2,1.27384,1.27384,0.171427,-0.204636,0.376064,32.6857,31.1815,3,3,0,0.624053,0.616058,0.0079952,0,0,0,0
19.5,623,3,0.6957,0.6957,0.247713,-0.0455524,0.293265,32.9909,31.8178,17,16,-1,0.713702,0.507354,0.206349,0,0,0,0
20,624,1,1.8031,1.8031,-0.896238,0.889517,1.78575,28.415,35.5581,11,7,-4,0.754272,0.692328,0.061944,0,0,0,0
20,624,2,0.307218,0.307218,0.304435,0.171427,0.133007,33.2177,32.6857,3,12,9,0.616058,0.515898,0.10016,0,0,0,0
20,624,3,0.617282,0.617282,0.782978,0.247713,0.535265,35.1319,32.9909,16,11,-5,0.507354,0.53031,0.0229568,0,0,0,0
20.5,625,1,1.60933,1.60933,-0.863263,-0.896238,0.032975,28.5469,28.415,7,13,6,0.692328,0.452454,0.239874,0,0,0,0
20.5,625,2,0.70455,0.70455,0.750354,0.304435,0.445919,35.0014,33.2177,12,9,-3,0.515898,0.528456,0.0125584,0,0,0,0
20.5,625,3,0.892328,0.892328,0.30458,0.782978,0.478398,33.2183,35.1319,11,8,-3,0.53031,0.933525,0.403214,0,0,0,0
21,626,1,1.00226,1.00226,0.563668,-0.863263,1.42693,34.2547,28.5469,13,12,-1,0.452454,0.264784,0.18767,0,0,0,0
21,626,2,0.730323,0.730323,0.952857,0.750354,0.202503,35.8114,35.0014,9,9,0,0.528456,0.717517,0.189061,0,0,0,0
21,626,3,0.815044,0.815044,0.893583,0.30458,0.589003,35.5743,33.2183,8,9,1,0.933525,0.812424,0.121101,0,0,0,0
21.5,627,1,0.0802796,0.0802796,0.830981,0.563668,0.267313,35.3239,34.2547,12,5,-7,0.264784,0.428646,0.163862,0,0,0,0
21.5,627,2,1.69001,1.69001,0.313597,0.952857,0.63926,33.2544,35.8114,9,14,5,0.717517,0.605251,0.112266,0,0,0,0
21.5,627,3,0.425603,0.425603,-0.272201,0.893583,1.16578,30.9112,35.5743,9,11,2,0.812424,0.653331,0.159093,0,0,0,0
22,628,1,0.54872,0.54872,0.857023,0.830981,0.0260421,35.4281,35.3239,5,5,0,0.428646,0.758013,0.329366,0,0,0,0
22,628,2,0.821712,0.821712,-0.28788,0.313597,0.601477,30.8485,33.2544,14,15,1,0.605251,0.53785,0.0674016,0,0,0,0
22,628,3,0.463539,0.463539,0.70236,-0.272201,0.974561,34.8094,30.9112,11,10,-1,0.653331,0.58083,0.0725008,0,0,0,0
22.5,629,1,0.734764,0.734764,0.816262,0.857023,0.0407605,35.265,35.4281,5,12,7,0.758013,0.768086,0.0100736,0,0,0,0
22.5,629,2,0.700152,0.700152,0.692464,-0.28788,0.980344,34.7699,30.8485,15,12,-3,0.53785,0.37839,0.159459,0,0,0,0
22.5,629,3,0.109808,0.109808,-0.802642,0.70236,1.505,28.7894,34.8094,10,6,-4,0.58083,0.749846,0.169016,0,0,0,0
23,630,1,0.415227,0.415227,0.806014,0.816262,0.0102485,35.2241,35.265,12,13,1,0.768086,0.666805,0.101282,0,0,1,0
23,630,2,1.41405,1.41405,0.712804,0.692464,0.0203396,34.8512,34.7699,12,7,-5,0.37839,0.549885,0.171494,0,0,0,0
23,630,3,1.82702,1.82702,0.287046,-0.802642,1.08969,33.1482,28.7894,6,10,4,0.749846,0.48057,0.269277,0,0,0,0
23.5,631,1,0.196862,0.196862,-0.0215391,0.806014,0.827553,31.9138,35.2241,13,14,1,0.666805,0.682674,0.0158688,0,0,0,0
23.5,631,2,1.48242,1.48242,0.857652,0.712804,0.144848,35.4306,34.8512,7,12,5,0.549885,0.544106,0.0057792,0,0,0,0
23.5,631,3,1.6944,1.6944,0.940026,0.287046,0.65298,35.7601,33.1482,10,4,-6,0.48057,0.534574,0.0540048,0,0,0,0
24,632,1,0.68005,0.68005,0.511073,-0.0215391,0.532612,34.0443,31.9138,14,14,0,0.682674,0.478086,0.204587,0,0,0,0
24,632,2,1.10546,1.10546,-0.764559,0.857652,1.62221,28.9418,35.4306,12,8,-4,0.544106,0.572392,0.0282864,0,0,0,0
24,632,3,0.223628,0.223628,0.930668,0.940026,0.00935781,35.7227,35.7601,4,8,4,0.534574,0.796248,0.261674,0,0,1,0
24.5,633,1,0.942007,0.942007,0.0891932,0.511073,0.42188,32.3568,34.0443,14,7,-7,0.478086,0.579283,0.101197,0,0,0,0
24.5,633,2,0.281508,0.281508,0.631512,-0.764559,1.39607,34.526,28.9418,8,16,8,0.572392,0.360886,0.211506,0,0,0,0
24.5,633,3,0.606237,0.606237,0.454121,0.930668,0.476547,33.8165,35.7227,8,7,-1,0.796248,0.918501,0.122253,0,0,0,0
25,634,1,0.805528,0.805528,-0.818672,0.0891932,0.907865,28.7253,32.3568,7,12,5,0.579283,0.550496,0.0287872,0,0,0,0
25,634,2,0.915914,0.915914,0.954597,0.631512,0.323085,35.8184,34.526,16,3,-13,0.360886,0.536762,0.175875,0,0,0,0
25,634,3,0.597911,0.597911,0.180572,0.454121,0.273549,32.7223,33.8165,7,15,8,0.918501,0.695288,0.223213,0,0,0,0
25.5,635,1,1.02282,1.02282,0.342724,-0.818672,1.1614,33.3709,28.7253,12,8,-4,0.550496,0.37607,0.174426,0,0,0,0
25.5,635,2,0.0887222,0.0887222,-0.833528,0.954597,1.78813,28.6659,35.8184,3,9,6,0.536762,0.794586,0.257824,0,0,0,0
25.5,635,3,0.360462,0.360462,-0.52291,0.180572,0.703482,29.9084,32.7223,15,13,-2,0.695288,0.587829,0.107459,0,0,0,0
26,636,1,0.880328,0.880328,0.410592,0.342724,0.0678681,33.6424,33.3709,8,8,0,0.37607,0.713939,0.337869,0,0,0,0
26,636,2,0.721857,0.721857,0.366065,-0.833528,1.19959,33.4643,28.6659,9,7,-2,0.794586,0.561474,0.233112,0,0,0,0
26,636,3,1.21285,1.21285,0.571432,-0.52291,1.09434,34.2857,29.9084,13,15,2,0.587829,0.560037,0.027792,0,0,0,0
26.5,637,1,0.840677,0.840677,-0.621155,0.410592,1.03175,29.5154,33.6424,8,13,5,0.713939,0.658462,0.0554768,0,0,0,0
26.5,637,2,0.142421,0.142421,0.944336,0.366065,0.578272,35.7773,33.4643,7,5,-2,0.561474,0.458264,0.10321,0,0,0,0
26.5,637,3,0.520534,0.520534,0.972881,0.571432,0.401448,35.8915,34.2857,15,12,-3,0.560037,0.702141,0.142104,0,0,0,0
27,638,1,1.41314,1.41314,-0.145951,-0.621155,0.475205,31.4162,29.5154,13,11,-2,0.658462,0.402301,0.256162,0,0,0,0
27,638,2,0.74499,0.74499,0.401892,0.944336,0.542445,33.6076,35.7773,5,9,4,0.458264,0.586405,0.128141,0,0,0,0
27,638,3,0.297151,0.297151,0.224755,0.972881,0.748125,32.899,35.8915,12,10,-2,0.702141,0.794691,0.0925504,0,0,0,0
27.5,639,1,0.0921277,0.0921277,-0.0382697,-0.145951,0.107681,31.8469,31.4162,11,5,-6,0.402301,0.406413,0.004112,0,0,0,0
27.5,639,2,1.6156,1.6156,-0.0542326,0.401892,0.456124,31.7831,33.6076,9,13,4,0.586405,0.566597,0.019808,0,0,0,0
27.5,639,3,1.39565,1.39565,-0.14969,0.224755,0.374446,31.4012,32.899,10,12,2,0.794691,0.733522,0.0611696,0,0,0,0
28,640,1,1.45185,1.45185,-0.0786261,-0.0382697,0.0403565,31.6855,31.8469,5,7,2,0.406413,0.548805,0.142392,0,0,0,0
28,640,2,1.43361,1.43361,0.934176,-0.0542326,0.988409,35.7367,31.7831,13,16,3,0.566597,0.561219,0.0053776,0,0,0,0
28,640,3,0.270526,0.270526,0.0626591,-0.14969,0.212349,32.2506,31.4012,12,7,-5,0.733522,0.654848,0.0786736,0,0,0,0
28.5,641,1,1.43909,1.43909,-0.276603,-0.0786261,0.197977,30.8936,31.6855,7,12,5,0.548805,0.499339,0.0494656,0,0,0,0
28.5,641,2,0.00603402,0.00603402,0.96668,0.934176,0.0325038,35.8667,35.7367,16,5,-11,0.561219,0.654779,0.09356,0,1,0,0
28.5,641,3,1.76967,1.76967,0.176329,0.0626591,0.11367,32.7053,32.2506,7,13,6,0.654848,0.557979,0.0968688,0,0,0,0
29,642,1,0.269584,0.269584,0.817002,-0.276603,1.09361,35.268,30.8936,12,8,-4,0.499339,0.38529,0.11405,0,0,0,0
29,642,2,0.202196,0.202196,-0.924825,0.96668,1.8915,28.3007,35.8667,5,10,5,0.654779,0.669234,0.0144544,0,0,0,0
29,642,3,1.45353,1.45353,0.83262,0.176329,0.656291,35.3305,32.7053,13,12,-1,0.557979,0.712918,0.154939,0,0,0,0
29.5,643,1,0.931552,0.931552,0.83728,0.817002,0.0202778,35.3491,35.268,8,8,0,0.38529,0.623808,0.238518,0,0,0,0
29.5,643,2,1.18546,1.18546,0.658796,-0.924825,1.58362,34.6352,28.3007,10,17,7,0.669234,0.375557,0.293677,0,0,0,0
29.5,643,3,1.41509,1.41509,0.930266,0.83262,0.0976465,35.7211,35.3305,12,5,-7,0.712918,0.979026,0.266107,0,0,0,0
30,644,1,0.653548,0.653548,0.78123,0.83728,0.0560502,35.1249,35.3491,8,10,2,0.623808,0.677819,0.0540112,0,0,0,0
30,644,2,1.18934,1.18934,0.233423,0.658796,0.425373,32.9337,34.6352,17,10,-7,0.375557,0.356643,0.0189136,0,0,0,0
30,644,3,1.19473,1.19473,0.800537,0.930266,0.12973,35.2021,35.7211,5,10,5,0.979026,0.717086,0.261939,0,0,0,0
30.5,645,1,1.00786,1.00786,-0.901984,0.78123,1.68321,28.3921,35.1249,10,14,4,0.677819,0.633094,0.0447248,0,0,0,0
30.5,645,2,1.01439,1.01439,-0.100015,0.233423,0.333438,31.5999,32.9337,10,5,-5,0.356643,0.395211,0.038568,0,0,0,0
30.5,645,3,0.684215,0.684215,-0.382485,0.800537,1.18302,30.4701,35.2021,10,11,1,0.717086,0.693267,0.0238192,0,0,0,0
31,646,1,0.000643075,0.000643075,-0.752622,-0.901984,0.149362,28.9895,28.3921,14,11,-3,0.633094,0.516221,0.116874,0,1,0,0
31,646,2,1.45858,1.45858,-0.495467,-0.100015,0.395452,30.0181,31.5999,5,8,3,0.395211,0.546875,0.151664,0,0,0,0
31,646,3,0.275611,0.275611,-0.274531,-0.382485,0.107954,30.9019,30.4701,11,11,0,0.693267,0.672037,0.0212304,0,0,0,0
31.5,647,1,0.82303,0.82303,0.0273176,-0.752622,0.779939,32.1093,28.9895,11,10,-1,0.516221,0.424389,0.091832,0,0,0,0
31.5,647,2,0.195429,0.195429,-0.322934,-0.495467,0.172534,30.7083,30.0181,8,7,-1,0.546875,0.643682,0.0968064,0,0,0,0
31.5,647,3,0.27391,0.27391,0.0963307,-0.274531,0.370862,32.3853,30.9019,11,13,2,0.672037,0.683232,0.0111952,0,0,0,0
32,648,1,1.07228,1.07228,-0.551186,0.0273176,0.578503,29.7953,32.1093,10,9,-1,0.424389,0.618094,0.193706,0,0,0,0
32,648,2,0.605799,0.605799,0.10686,-0.322934,0.429794,32.4274,30.7083,7,11,4,0.643682,0.457062,0.186619,0,0,0,0
32,648,3,0.813615,0.813615,0.918136,0.0963307,0.821805,35.6725,32.3853,13,10,-3,0.683232,0.765304,0.082072,0,0,0,0
32.5,649,1,0.37341,0.37341,-0.480462,-0.551186,0.0707238,30.0782,29.7953,9,9,0,0.618094,0.487507,0.130587,0,0,0,0
32.5,649,2,0.84171,0.84171,-0.517549,0.10686,0.624409,29.9298,32.4274,11,11,0,0.457062,0.40241,0.0546528,0,0,0,0
32.5,649,3,0.500055,0.500055,-0.2186,0.918136,1.13674,31.1256,35.6725,10,10,0,0.765304,0.93717,0.171866,0,0,0,0
33,650,1,0.688336,0.688336,0.818518,-0.480462,1.29898,35.2741,30.0782,9,6,-3,0.487507,0.488584,0.0010768,0,0,0,0
33,650,2,1.44259,1.44259,-0.754148,-0.517549,0.236599,28.9834,29.9298,11,10,-1,0.40241,0.475634,0.073224,0,0,0,0
33,650,3,0.970294,0.970294,0.756715,-0.2186,0.975315,35.0269,31.1256,10,14,4,0.93717,0.704216,0.232954,0,0,0,0
33.5,651,1,0.594737,0.594737,-0.295557,0.818518,1.11407,30.8178,35.2741,6,7,1,0.488584,0.750256,0.261672,0,0,0,0
33.5,651,2,0.24446,0.24446,0.912493,-0.754148,1.66664,35.65,28.9834,10,9,-1,0.475634,0.284347,0.191286,0,0,0,0
33.5,651,3,0.546293,0.546293,0.691244,0.756715,0.0654705,34.765,35.0269,14,14,0,0.704216,0.706141,0.0019248,0,0,0,0
34,652,1,0.098694,0.098694,-0.689889,-0.295557,0.394331,29.2404,30.8178,7,8,1,0.750256,0.550195,0.200061,0,0,0,0
34,652,2,0.843125,0.843125,0.978172,0.912493,0.0656795,35.9127,35.65,9,8,-1,0.284347,0.503616,0.219269,0,0,0,0
34,652,3,0.0100782,0.0100782,0.778829,0.691244,0.0875849,35.1153,34.765,14,14,0,0.706141,0.72167,0.0155296,0,1,0,0
34.5,653,1,0.343913,0.343913,0.88085,-0.689889,1.57074,35.5234,29.2404,8,9,1,0.550195,0.302411,0.247784,0,0,0,0
34.5,653,2,0.335635,0.335635,0.811682,0.978172,0.16649,35.2467,35.9127,8,8,0,0.503616,0.725818,0.222202,0,0,0,0
34.5,653,3,0.282741,0.282741,-0.580766,0.778829,1.3596,29.6769,35.1153,14,13,-1,0.72167,0.69345,0.0282208,0,0,0,0
35,654,1,1.49881,1.49881,0.793752,0.88085,0.087097,35.175,35.5234,9,8,-1,0.302411,0.614963,0.312552,0,0,0,0
35,654,2,0.796119,0.796119,0.974443,0.811682,0.162761,35.8978,35.2467,8,8,0,0.725818,0.692422,0.0333952,0,0,0,0
35,654,3,0.893054,0.893054,0.435293,-0.580766,1.01606,33.7412,29.6769,13,14,1,0.69345,0.546275,0.147174,0,0,0,0
35.5,655,1,0.343976,0.343976,0.465742,0.793752,0.32801,33.863,35.175,8,9,1,0.614963,0.715541,0.100578,0,0,0,0
35.5,655,2,0.496228,0.496228,0.358952,0.974443,0.615491,33.4358,35.8978,8,12,4,0.692422,0.611414,0.081008,0,0,0,0
35.5,655,3,0.15776,0.15776,0.968457,0.435293,0.533164,35.8738,33.7412,14,9,-5,0.546275,0.540936,0.0053392,0,0,0,0
36,656,1,0.239677,0.239677,0.14536,0.465742,0.320383,32.5814,33.863,9,11,2,0.715541,0.504328,0.211213,0,0,0,0
36,656,2,0.296726,0.296726,0.559262,0.358952,0.200309,34.237,33.4358,12,16,4,0.611414,0.484445,0.12697,0,0,0,0
36,656,3,0.772702,0.772702,0.884379,0.968457,0.0840775,35.5375,35.8738,9,3,-6,0.540936,0.789773,0.248837,0,0,0,0
36.5,657,1,0.26939,0.26939,-0.757224,0.14536,0.902583,28.9711,32.5814,11,12,1,0.504328,0.503048,0.00128,0,0,0,0
36.5,657,2,0.130524,0.130524,-0.0807614,0.559262,0.640023,31.677,34.237,16,7,-9,0.484445,0.520405,0.03596,0,0,0,0
36.5,657,3,0.12949,0.12949,0.86565,0.884379,0.0187292,35.4626,35.5375,3,11,8,0.789773,0.683491,0.106282,0,0,1,0
37,658,1,0.208399,0.208399,0.907988,-0.757224,1.66521,35.632,28.9711,12,9,-3,0.503048,0.385878,0.11717,0,0,0,0
37,658,2,0.754248,0.754248,-0.699925,-0.0807614,0.619164,29.2003,31.677,7,5,-2,0.520405,0.505786,0.0146192,0,0,0,0
37,658,3,0.6942,0.6942,0.21433,0.86565,0.65132,32.8573,35.4626,11,16,5,0.683491,0.826898,0.143406,0,0,0,0
37.5,659,1,0.744306,0.744306,-0.231227,0.907988,1.13921,31.0751,35.632,9,6,-3,0.385878,0.734957,0.349078,0,0,0,0
37.5,659,2,0.380379,0.380379,0.349355,-0.699925,1.04928,33.3974,29.2003,5,5,0,0.505786,0.315211,0.190574,0,0,0,0
37.5,659,3,0.234367,0.234367,0.665965,0.21433,0.451635,34.6639,32.8573,16,19,3,0.826898,0.654147,0.17275,0,0,0,0
38,660,1,0.774376,0.774376,0.363255,-0.231227,0.594482,33.453,31.0751,6,8,2,0.734957,0.676854,0.0581024,0,0,0,0
38,660,2,0.0388436,0.0388436,0.145069,0.349355,0.204286,32.5803,33.3974,5,11,6,0.315211,0.442133,0.126922,0,0,0,0
38,660,3,1.45987,1.45987,0.947979,0.665965,0.282014,35.7919,34.6639,19,11,-8,0.654147,0.677739,0.023592,0,0,0,0
38.5,661,1,0.877169,0.877169,0.971617,0.363255,0.608362,35.8865,33.453,8,10,2,0.676854,0.501146,0.175709,0,0,0,0
38.5,661,2,0.573315,0.573315,0.233387,0.145069,0.088318,32.9335,32.5803,11,10,-1,0.442133,0.456674,0.0145408,0,0,0,0
38.5,661,3,0.81528,0.81528,-0.937441,0.947979,1.88542,28.2502,35.7919,11,10,-1,0.677739,0.82297,0.14523,0,0,0,0
39,662,1,0.316748,0.316748,0.622288,0.971617,0.34933,34.4892,35.8865,10,10,0,0.501146,0.810467,0.309322,0,0,0,0
39,662,2,1.27102,1.27102,0.484473,0.233387,0.251086,33.9379,32.9335,10,7,-3,0.456674,0.463021,0.0063472,0,0,0,0
39,662,3,0.730065,0.730065,0.514844,-0.937441,1.45229,34.0594,28.2502,10,13,3,0.82297,0.594392,0.228578,0,0,0,0
39.5,663,1,0.341177,0.341177,0.756541,0.622288,0.134254,35.0262,34.4892,10,17,7,0.810467,0.648056,0.162411,0,0,0,0
39.5,663,2,0.0290682,0.0290682,0.49698,0.484473,0.0125069,33.9879,33.9379,7,8,1,0.463021,0.462498,0.0005232,0,0,1,0
39.5,663,3,1.59688,1.59688,0.662276,0.514844,0.147432,34.6491,34.0594,13,5,-8,0.594392,0.725955,0.131563,0,0,0,0
40,664,1,0.670487,0.670487,0.924826,0.756541,0.168285,35.6993,35.0262,17,13,-4,0.648056,0.626259,0.0217968,0,0,0,0
40,664,2,0.143448,0.143448,-0.588772,0.49698,1.08575,29.6449,33.9879,8,11,3,0.462498,0.414317,0.0481808,0,0,0,0
40,664,3,1.74676,1.74676,-0.0328175,0.662276,0.695094,31.8687,34.6491,5,6,1,0.725955,0.73825,0.0122944,0,0,0,0
40.5,665,1,0.464915,0.464915,-0.565454,0.924826,1.49028,29.7382,35.6993,13,8,-5,0.626259,0.787397,0.161138,0,0,0,0
40.5,665,2,0.0986545,0.0986545,0.955581,-0.588772,1.54435,35.8223,29.6449,11,11,0,0.414317,0.29609,0.118227,0,0,0,0
40.5,665,3,1.18868,1.18868,-0.111454,-0.0328175,0.0786367,31.5542,31.8687,6,11,5,0.73825,0.745933,0.0076832,0,0,0,0
41,666,1,0.384953,0.384953,0.779473,-0.565454,1.34493,35.1179,29.7382,8,13,5,0.787397,0.584363,0.203034,0,0,0,0
41,666,2,1.35494,1.35494,0.509207,0.955581,0.446374,34.0368,35.8223,11,11,0,0.29609,0.629322,0.333232,0,0,0,0
41,666,3,0.231579,0.231579,0.471722,-0.111454,0.583176,33.8869,31.5542,11,6,-5,0.745933,0.646914,0.0990192,0,0,0,0
41.5,667,1,0.56907,0.56907,-0.341282,0.779473,1.12075,30.6349,35.1179,13,12,-1,0.584363,0.527307,0.057056,0,0,0,0
41.5,667,2,0.361172,0.361172,0.470836,0.509207,0.0383714,33.8833,34.0368,11,11,0,0.629322,0.703298,0.073976,0,0,0,0
41.5,667,3,0.602705,0.602705,0.529331,0.471722,0.057609,34.1173,33.8869,6,7,1,0.646914,0.67075,0.0238368,0,0,0,0
42,668,1,0.917048,0.917048,0.974204,-0.341282,1.31549,35.8968,30.6349,12,9,-3,0.527307,0.563797,0.0364896,0,0,0,0
42,668,2,0.836234,0.836234,0.336316,0.470836,0.13452,33.3453,33.8833,11,11,0,0.703298,0.544192,0.159106,0,0,0,0
42,668,3,1.31569,1.31569,0.86705,0.529331,0.337719,35.4682,34.1173,7,10,3,0.67075,0.748314,0.0775632,0,0,0,0
42.5,669,1,0.991367,0.991367,-0.252762,0.974204,1.22697,30.989,35.8968,9,5,-4,0.563797,0.585499,0.0217024,0,0,0,0
42.5,669,2,0.477684,0.477684,0.91189,0.336316,0.575574,35.6476,33.3453,11,12,1,0.544192,0.445814,0.0983776,0,0,0,0
42.5,669,3,0.119626,0.119626,-0.570864,0.86705,1.43791,29.7165,35.4682,10,13,3,0.748314,0.742365,0.0059488,0,0,0,0
43,670,1,1.15767,1.15767,0.128972,-0.252762,0.381734,32.5159,30.989,5,10,5,0.585499,0.49341,0.0920896,0,0,0,0
43,670,2,0.956486,0.956486,0.0930225,0.91189,0.818867,32.3721,35.6476,12,11,-1,0.445814,0.727358,0.281544,0,0,0,0
43,670,3,0.133965,0.133965,-0.212888,-0.570864,0.357976,31.1484,29.7165,13,9,-4,0.742365,0.654325,0.08804,0,0,0,0
43.5,671,1,0.119462,0.119462,0.918368,0.128972,0.789395,35.6735,32.5159,10,6,-4,0.49341,0.513467,0.0200576,0,0,0,0
43.5,671,2,0.723652,0.723652,0.78515,0.0930225,0.692128,35.1406,32.3721,11,15,4,0.727358,0.665082,0.0622768,0,0,0,0
43.5,671,3,1.20188,1.20188,0.246351,-0.212888,0.459239,32.9854,31.1484,9,9,0,0.654325,0.742712,0.0883872,0,0,0,0
44,672,1,0.530896,0.530896,0.758179,0.918368,0.160189,35.0327,35.6735,6,9,3,0.513467,0.625773,0.112306,0,0,0,0
44,672,2,0.554419,0.554419,0.225422,0.78515,0.559729,32.9017,35.1406,15,16,1,0.665082,0.567982,0.0970992,0,0,0,0
44,672,3,0.153539,0.153539,0.739466,0.246351,0.493115,34.9579,32.9854,9,5,-4,0.742712,0.716837,0.0258752,0,0,0,0
44.5,673,1,0.130521,0.130521,-0.489604,0.758179,1.24778,30.0416,35.0327,9,12,3,0.625773,0.637373,0.0116,0,0,0,0
44.5,673,2,0.336156,0.336156,0.567803,0.225422,0.342381,34.2712,32.9017,16,12,-4,0.567982,0.447883,0.120099,0,0,0,0
44.5,673,3,1.33756,1.33756,0.319306,0.739466,0.42016,33.2772,34.9579,5,6,1,0.716837,0.831267,0.11443,0,0,0,0
45,674,1,1.0885,1.0885,0.697655,-0.489604,1.18726,34.7906,30.0416,12,13,1,0.637373,0.480877,0.156496,0,0,0,0
45,674,2,0.310314,0.310314,0.710418,0.567803,0.142615,34.8417,34.2712,12,9,-3,0.447883,0.544408,0.0965248,0,0,0,0
45,674,3,1.86151,1.86151,0.941682,0.319306,0.622375,35.7667,33.2772,6,8,2,0.831267,0.771134,0.0601328,0,0,0,0
45.5,675,1,0.691797,0.691797,-0.163193,0.697655,0.860849,31.3472,34.7906,13,13,0,0.480877,0.490488,0.0096112,0,0,0,0
45.5,675,2,0.759763,0.759763,0.959557,0.710418,0.249138,35.8382,34.8417,9,11,2,0.544408,0.563315,0.0189072,0,0,0,0
45.5,675,3,0.924319,0.924319,0.250077,0.941682,0.691605,33.0003,35.7667,8,6,-2,0.771134,0.772518,0.001384,0,0,0,0
46,676,1,0.0592656,0.0592656,0.889998,-0.163193,1.05319,35.56,31.3472,13,8,-5,0.490488,0.559842,0.0693536,0,0,0,0
46,676,2,0.558014,0.558014,0.773982,0.959557,0.185575,35.0959,35.8382,11,10,-1,0.563315,0.604747,0.041432,0,0,0,0
46,676,3,0.454958,0.454958,-0.152994,0.250077,0.403071,31.388,33.0003,6,12,6,0.772518,0.63713,0.135389,0,0,0,0
46.5,677,1,0.0728563,0.0728563,0.954604,0.889998,0.0646054,35.8184,35.56,8,7,-1,0.559842,0.648541,0.0886992,0,0,0,0
46.5,677,2,0.0808914,0.0808914,-0.581177,0.773982,1.35516,29.6753,35.0959,10,13,3,0.604747,0.590824,0.0139232,0,0,0,0
46.5,677,3,1.07808,1.07808,0.743203,-0.152994,0.896197,34.9728,31.388,12,10,-2,0.63713,0.606218,0.030912,0,0,0,0
47,678,1,0.212149,0.212149,0.745669,0.954604,0.208935,34.9827,35.8184,7,11,4,0.648541,0.769056,0.120515,0,0,0,0
47,678,2,0.413391,0.413391,0.984002,-0.581177,1.56518,35.936,29.6753,13,12,-1,0.590824,0.392965,0.197859,0,0,0,0
47,678,3,0.0722818,0.0722818,0.0262347,0.743203,0.716968,32.1049,34.9728,10,7,-3,0.606218,0.677144,0.0709264,0,0,0,0
47.5,679,1,1.6376,1.6376,0.642961,0.745669,0.102708,34.5718,34.9827,11,12,1,0.769056,0.606386,0.16267,0,0,0,0
47.5,679,2,0.242708,0.242708,0.577316,0.984002,0.406686,34.3093,35.936,12,6,-6,0.392965,0.531493,0.138528,0,0,0,0
47.5,679,3,0.107692,0.107692,-0.73941,0.0262347,0.765644,29.0424,32.1049,7,12,5,0.677144,0.618414,0.0587296,0,0,0,0
48,680,1,1.38934,1.38934,0.331639,0.642961,0.311322,33.3266,34.5718,12,8,-4,0.606386,0.735381,0.128995,0,0,0,0
48,680,2,0.0323843,0.0323843,0.0246814,0.577316,0.552635,32.0987,34.3093,6,8,2,0.531493,0.701192,0.169699,0,0,0,0
48,680,3,0.0231971,0.0231971,-0.282167,-0.73941,0.457242,30.8713,29.0424,12,14,2,0.618414,0.491949,0.126466,0,0,0,0
48.5,681,1,1.3246,1.3246,0.958972,0.331639,0.627333,35.8359,33.3266,8,10,2,0.735381,0.754867,0.0194864,0,0,0,0
48.5,681,2,0.766368,0.766368,0.463678,0.0246814,0.438996,33.8547,32.0987,8,10,2,0.701192,0.649328,0.051864,0,0,0,0
48.5,681,3,1.34013,1.34013,0.273421,-0.282167,0.555589,33.0937,30.8713,14,10,-4,0.491949,0.530118,0.0381696,0,0,0,0
49,682,1,1.73405,1.73405,0.133894,0.958972,0.825079,32.5356,35.8359,10,11,1,0.754867,0.666334,0.0885328,0,0,0,0
49,682,2,0.0633029,0.0633029,-0.743344,0.463678,1.20702,29.0266,33.8547,10,11,1,0.649328,0.526536,0.122792,0,0,0,0
49,682,3,1.49559,1.49559,-0.220029,0.273421,0.49345,31.1199,33.0937,10,8,-2,0.530118,0.636789,0.10667,0,0,0,0
49.5,683,1,0.11085,0.11085,0.987088,0.133894,0.853194,35.9484,32.5356,11,17,6,0.666334,0.577194,0.0891408,0,0,0,0
49.5,683,2,1.57118,1.57118,-0.754607,-0.743344,0.0112625,28.9816,29.0266,11,6,-5,0.526536,0.425958,0.100578,0,0,1,0
49.5,683,3,1.36589,1.36589,-0.689583,-0.220029,0.469554,29.2417,31.1199,8,7,-1,0.636789,0.68059,0.0438016,0,0,0,0
50,684,1,0.816414,0.816414,0.847559,0.987088,0.139529,35.3902,35.9484,17,10,-7,0.577194,0.844986,0.267792,0,0,0,0
50,684,2,0.791301,0.791301,0.243716,-0.754607,0.998322,32.9749,28.9816,6,4,-2,0.425958,0.307699,0.118259,0,0,0,0
50,684,3,0.0447915,0.0447915,0.58436,-0.689583,1.27394,34.3374,29.2417,7,16,9,0.68059,0.611243,0.0693472,0,0,0,0
50.5,685,1,1.0017,1.0017,0.914092,0.847559,0.066533,35.6564,35.3902,10,12,2,0.844986,0.779698,0.065288,0,0,0,0
50.5,685,2,0.726226,0.726226,0.954961,0.243716,0.711245,35.8198,32.9749,4,10,6,0.307699,0.328739,0.02104,0,0,0,0
50.5,685,3,0.18544,0.18544,0.939347,0.58436,0.354987,35.7574,34.3374,16,8,-8,0.611243,0.837304,0.226061,0,0,0,0
51,686,1,0.41671,0.41671,0.0967816,0.914092,0.817311,32.3871,35.6564,12,13,1,0.779698,0.573344,0.206354,0,0,0,0
51,686,2,1.03463,1.03463,-0.217049,0.954961,1.17201,31.1318,35.8198,10,9,-1,0.328739,0.524728,0.195989,0,0,0,0
51,686,3,0.378703,0.378703,0.76684,0.939347,0.172507,35.0674,35.7574,8,8,0,0.837304,0.732771,0.104533,0,0,0,0
51.5,687,1,0.299345,0.299345,-0.613017,0.0967816,0.709799,29.5479,32.3871,13,11,-2,0.573344,0.513016,0.060328,0,0,0,0
51.5,687,2,0.0465217,0.0465217,-0.246908,-0.217049,0.0298588,31.0124,31.1318,9,12,3,0.524728,0.449814,0.0749136,0,0,0,0
51.5,687,3,1.76071,1.76071,0.579017,0.76684,0.187823,34.3161,35.0674,8,7,-1,0.732771,0.95,0.217229,0,0,0,0
52,688,1,1.6842,1.6842,0.904601,-0.613017,1.51762,35.6184,29.5479,11,12,1,0.513016,0.454219,0.0587968,0,0,0,0
52,688,2,0.31707,0.31707,-0.570671,-0.246908,0.323763,29.7173,31.0124,12,9,-3,0.449814,0.465693,0.0158784,0,0,0,0
52,688,3,1.63913,1.63913,0.919143,0.579017,0.340127,35.6766,34.3161,7,9,2,0.95,0.976315,0.0263152,0,0,0,0
52.5,689,1,0.0181859,0.0181859,0.824508,0.904601,0.0800925,35.298,35.6184,12,9,-3,0.454219,0.555413,0.101194,0,1,0,0
52.5,689,2,0.847681,0.847681,0.296022,-0.570671,0.866692,33.1841,29.7173,9,9,0,0.465693,0.33519,0.130502,0,0,0,0
52.5,689,3,1.06644,1.06644,-0.893386,0.919143,1.81253,28.4265,35.6766,9,12,3,0.976315,0.949917,0.0263984,0,0,0,0
53,690,1,1.09097,1.09097,0.498864,0.824508,0.325645,33.9955,35.298,9,12,3,0.555413,0.732901,0.177488,0,0,0,0
53,690,2,0.809126,0.809126,-0.367422,0.296022,0.663444,30.5303,33.1841,9,8,-1,0.33519,0.48575,0.15056,0,0,0,0
53,690,3,0.973963,0.973963,0.702393,-0.893386,1.59578,34.8096,28.4265,12,10,-2,0.949917,0.655506,0.294411,0,0,0,0
53.5,691,1,0.548012,0.548012,0.503126,0.498864,0.00426269,34.0125,33.9955,12,13,1,0.732901,0.666035,0.0668656,0,0,1,0
53.5,691,2,0.915447,0.915447,0.771123,-0.367422,1.13855,35.0845,30.5303,8,7,-1,0.48575,0.48959,0.00384,0,0,0,0
53.5,691,3,1.36001,1.36001,0.803769,0.702393,0.101376,35.2151,34.8096,10,10,0,0.655506,0.738853,0.0833472,0,0,0,0
54,692,1,0.647413,0.647413,0.391253,0.503126,0.111874,33.565,34.0125,13,14,1,0.666035,0.521099,0.144936,0,0,0,0
54,692,2,0.446661,0.446661,0.854481,0.771123,0.0833577,35.4179,35.0845,7,11,4,0.48959,0.524904,0.0353136,0,0,0,0
54,692,3,0.0304403,0.0304403,0.861852,0.803769,0.0580837,35.4474,35.2151,10,5,-5,0.738853,0.891637,0.152784,0,0,0,0
54.5,693,1,0.787896,0.787896,0.515178,0.391253,0.123925,34.0607,33.565,14,12,-2,0.521099,0.468366,0.0527328,0,0,0,0
54.5,693,2,0.436664,0.436664,-0.512275,0.854481,1.36676,29.9509,35.4179,11,7,-4,0.524904,0.665614,0.14071,0,0,0,0
54.5,693,3,0.180426,0.180426,0.897717,0.861852,0.0358641,35.5909,35.4474,5,11,6,0.891637,0.730149,0.161488,0,0,0,0
55,694,1,0.821384,0.821384,0.660233,0.515178,0.145055,34.6409,34.0607,12,10,-2,0.468366,0.566877,0.0985104,0,0,0,0
55,694,2,0.78632,0.78632,0.927976,-0.512275,1.44025,35.7119,29.9509,7,5,-2,0.665614,0.410464,0.25515,0,0,0,0
55,694,3,0.339363,0.339363,0.763973,0.897717,0.133743,35.0559,35.5909,11,15,4,0.730149,0.770746,0.0405968,0,0,0,0
55.5,695,1,0.229643,0.229643,-0.762484,0.660233,1.42272,28.9501,34.6409,10,11,1,0.566877,0.535253,0.031624,0,0,0,0
55.5,695,2,0.55673,0.55673,0.697525,0.927976,0.230452,34.7901,35.7119,5,4,-1,0.410464,0.538706,0.128242,0,0,0,0
55.5,695,3,1.82026,1.82026,0.881861,0.763973,0.117888,35.5274,35.0559,15,15,0,0.770746,0.735016,0.0357296,0,0,0,0
56,696,1,0.592242,0.592242,0.124434,-0.762484,0.886918,32.4977,28.9501,11,9,-2,0.535253,0.379248,0.156005,0,0,0,0
56,696,2,1.43203,1.43203,0.929552,0.697525,0.232027,35.7182,34.7901,4,4,0,0.538706,0.740493,0.201787,0,0,0,0
56,696,3,0.554206,0.554206,-0.821495,0.881861,1.70336,28.714,35.5274,15,16,1,0.735016,0.82139,0.0863744,0,0,0,0
56.5,697,1,1.39069,1.39069,0.231427,0.124434,0.106994,32.9257,32.4977,9,7,-2,0.379248,0.43876,0.059512,0,0,0,0
56.5,697,2,0.123016,0.123016,0.336376,0.929552,0.593176,33.3455,35.7182,4,13,9,0.740493,0.828971,0.0884784,0,0,0,0
56.5,697,3,0.581793,0.581793,0.493722,-0.821495,1.31522,33.9749,28.714,16,10,-6,0.82139,0.699163,0.122227,0,0,0,0
57,698,1,0.417582,0.417582,0.123859,0.231427,0.107568,32.4954,32.9257,7,10,3,0.43876,0.465994,0.0272336,0,0,0,0
57,698,2,1.58243,1.58243,0.517186,0.336376,0.18081,34.0687,33.3455,13,12,-1,0.828971,0.706877,0.122094,0,0,0,0
57,698,3,1.76047,1.76047,0.907859,0.493722,0.414137,35.6314,33.9749,10,8,-2,0.699163,0.741802,0.0426384,0,0,0,0
57.5,699,1,0.0280064,0.0280064,-0.0549165,0.123859,0.178776,31.7803,32.4954,10,10,0,0.465994,0.464792,0.0012016,0,0,0,0
57.5,699,2,1.22963,1.22963,0.899798,0.517186,0.382612,35.5992,34.0687,12,10,-2,0.706877,0.5742,0.132677,0,0,0,0
57.5,699,3,0.399204,0.399204,-0.012736,0.907859,0.920595,31.9491,35.6314,8,10,2,0.741802,0.889026,0.147224,0,0,0,0
58,700,1,0.584992,0.584992,0.823625,-0.0549165,0.878541,35.2945,31.7803,10,8,-2,0.464792,0.440638,0.0241536,0,0,0,0
58,700,2,0.433805,0.433805,0.528833,0.899798,0.370965,34.1153,35.5992,10,11,1,0.5742,0.789632,0.215432,0,0,0,0
58,700,3,0.255895,0.255895,-0.17236,-0.012736,0.159624,31.3106,31.9491,10,11,1,0.889026,0.673584,0.215442,0,0,0,0
58.5,701,1,0.811417,0.811417,0.514506,0.823625,0.309119,34.058,35.2945,8,9,1,0.440638,0.648766,0.208128,0,0,0,0
58.5,701,2,0.0360398,0.0360398,0.948179,0.528833,0.419345,35.7927,34.1153,11,10,-1,0.789632,0.751251,0.0383808,0,0,0,0
58.5,701,3,0.219127,0.219127,0.395716,-0.17236,0.568076,33.5829,31.3106,11,11,0,0.673584,0.546222,0.127362,0,0,0,0
1,703,1,-1,-1,0.689175,0.689175,-1,34.7567,34.7567,11,11,0,0,0,0,0,0,0,0
1,703,2,-1,-1,0.969687,0.969687,-1,35.8787,35.8787,10,10,0,0,0,0,0,0,0,0
1,703,3,-1,-1,0.324241,0.324241,-1,33.297,33.297,9,9,0,0,0,0,0,0,0,0
1.5,704,1,1.0273,1.0273,0.978976,0.689175,0.289801,35.9159,34.7567,11,11,0,0,0.559994,0.559994,0,0,0,0
1.5,704,2,1.04986,1.04986,0.559922,0.969687,0.409765,34.2397,35.8787,10,10,0,0,0.710886,0.710886,0,0,0,0
1.5,704,3,0.881526,0.881526,-0.549121,0.324241,0.873362,29.8035,33.297,9,9,0,0,0.766886,0.766886,0,0,0,0
2,705,1,1.30301,1.30301,0.890076,0.978976,0.0889,35.5603,35.9159,11,10,-1,0.559994,0.769899,0.209906,0,0,0,0
2,705,2,0.296082,0.296082,-0.706304,0.559922,1.26623,29.1748,34.2397,10,6,-4,0.710886,0.661214,0.049672,0,0,0,0
2,705,3,0.115478,0.115478,0.704489,-0.549121,1.25361,34.818,29.8035,9,14,5,0.766886,0.593365,0.173522,0,0,0,0
2.5,706,1,1.58547,1.58547,0.913694,0.890076,0.0236177,35.6548,35.5603,10,12,2,0.769899,0.857616,0.0877168,0,0,0,0
2.5,706,2,1.15632,1.15632,0.618015,-0.706304,1.32432,34.4721,29.1748,6,13,7,0.661214,0.473947,0.187267,0,0,0,0
2.5,706,3,0.486074,0.486074,-0.231046,0.704489,0.935535,31.0758,34.818,14,5,-9,0.593365,0.88699,0.293626,0,0,0,0
3,707,1,0.915667,0.915667,0.662322,0.913694,0.251372,34.6493,35.6548,12,12,0,0.857616,0.727886,0.12973,0,0,0,0
3,707,2,0.133735,0.133735,0.0698184,0.618015,0.548197,32.2793,34.4721,13,10,-3,0.473947,0.650354,0.176406,0,0,0,0
3,707,3,0.226413,0.226413,0.862127,-0.231046,1.09317,35.4485,31.0758,5,8,3,0.88699,0.731158,0.155832,0,0,0,0
3.5,708,1,0.677453,0.677453,0.966145,0.662322,0.303823,35.8646,34.6493,12,16,4,0.727886,0.595603,0.132283,0,0,0,0
3.5,708,2,0.472027,0.472027,-0.13856,0.0698184,0.208378,31.4458,32.2793,10,6,-4,0.650354,0.616909,0.0334448,0,0,0,0
3.5,708,3,0.256134,0.256134,0.011886,0.862127,0.850241,32.0475,35.4485,8,8,0,0.731158,0.764421,0.0332624,0,0,0,0
4,709,1,0.171015,0.171015,0.080476,0.966145,0.885669,32.3219,35.8646,16,14,-2,0.595603,0.710099,0.114496,0,0,0,0
4,709,2,0.454086,0.454086,-0.328982,-0.13856,0.190422,30.6841,31.4458,6,5,-1,0.616909,0.47944,0.137469,0,0,0,0
4,709,3,0.040174,0.040174,0.524235,0.011886,0.512349,34.0969,32.0475,8,11,3,0.764421,0.662246,0.102174,0,0,0,0
4.5,710,1,1.54854,1.54854,-0.635277,0.080476,0.715753,29.4589,32.3219,14,14,0,0.710099,0.665894,0.0442048,0,0,0,0
4.5,710,2,1.06622,1.06622,0.76843,-0.328982,1.09741,35.0737,30.6841,5,6,1,0.47944,0.448539,0.0309008,0,0,0,0
4.5,710,3,0.712087,0.712087,-0.205775,0.524235,0.73001,31.1769,34.0969,11,10,-1,0.662246,0.792184,0.129938,0,0,0,0
5,711,1,0.145091,0.145091,0.303266,-0.635277,0.938543,33.2131,29.4589,14,10,-4,0.665894,0.423798,0.242096,0,0,0,0
5,711,2,0.0494812,0.0494812,0.881243,0.76843,0.112812,35.525,35.0737,6,7,1,0.448539,0.669589,0.22105,0,0,0,0
5,711,3,0.267286,0.267286,0.882538,-0.205775,1.08831,35.5302,31.1769,10,13,3,0.792184,0.666219,0.125965,0,0,0,0
5.5,712,1,1.35232,1.35232,0.539484,0.303266,0.236218,34.1579,33.2131,10,10,0,0.423798,0.3686,0.0551984,0,0,0,0
5.5,712,2,1.7914,1.7914,-0.251261,0.881243,1.1325,30.995,35.525,7,6,-1,0.669589,0.979904,0.310315,0,0,0,0
5.5,712,3,0.773727,0.773727,0.718279,0.882538,0.164259,34.8731,35.5302,13,14,1,0.666219,0.598155,0.068064,0,0,0,0
6,713,1,0.124579,0.124579,0.895705,0.539484,0.356222,35.5828,34.1579,10,8,-2,0.3686,0.63809,0.26949,0,0,0,0
6,713,2,0.943798,0.943798,-0.749537,-0.251261,0.498277,29.0019,30.995,6,7,1,0.979904,0.549024,0.43088,0,0,0,0
6,713,3,0.622188,0.622188,0.60829,0.718279,0.109989,34.4332,34.8731,14,15,1,0.598155,0.73003,0.131875,0,0,0,0
6.5,714,1,1.27478,1.27478,0.514375,0.895705,0.381331,34.0575,35.5828,8,6,-2,0.63809,0.757717,0.119627,0,0,0,0
6.5,714,2,0.850645,0.850645,-0.0596753,-0.749537,0.689862,31.7613,29.0019,7,10,3,0.549024,0.385243,0.163781,0,0,0,0
6.5,714,3,0.133727,0.133727,0.677234,0.60829,0.0689433,34.7089,34.4332,15,14,-1,0.73003,0.789688,0.0596576,0,0,0,0
7,715,1,0.083274,0.083274,0.235252,0.514375,0.279123,32.941,34.0575,6,13,7,0.757717,0.667016,0.0907008,0,0,0,0
7,715,2,0.464807,0.464807,0.740567,-0.0596753,0.800242,34.9623,31.7613,10,4,-6,0.385243,0.504891,0.119648,0,0,0,0
7,715,3,0.767704,0.767704,0.371725,0.677234,0.305509,33.4869,34.7089,14,13,-1,0.789688,0.742138,0.0475504,0,0,0,0
7.5,716,1,0.88781,0.88781,0.704385,0.235252,0.469133,34.8175,32.941,13,17,4,0.667016,0.508181,0.158835,0,0,0,0
7.5,716,2,1.06742,1.06742,0.224621,0.740567,0.515946,32.8985,34.9623,4,2,-2,0.504891,0.793584,0.288693,0,0,0,0
7.5,716,3,0.840199,0.840199,0.887716,0.371725,0.515991,35.5509,33.4869,13,11,-2,0.742138,0.736702,0.0054352,0,0,0,0
8,717,1,0.24997,0.24997,0.871143,0.704385,0.166759,35.4846,34.8175,17,14,-3,0.508181,0.54984,0.0416592,0,0,0,0
8,717,2,0.173485,0.173485,0.286637,0.224621,0.0620158,33.1465,32.8985,2,5,3,0.793584,0.629245,0.164339,0,0,0,0
8,717,3,1.02327,1.02327,-0.429907,0.887716,1.31762,30.2804,35.5509,11,11,0,0.736702,0.839595,0.102893,0,0,0,0
8.5,718,1,0.0919395,0.0919395,0.0478322,0.871143,0.823311,32.1913,35.4846,14,10,-4,0.54984,0.811482,0.261642,0,0,0,0
8.5,718,2,1.01322,1.01322,0.621271,0.286637,0.334634,34.4851,33.1465,5,11,6,0.629245,0.492722,0.136523,0,0,0,0
8.5,718,3,0.451366,0.451366,0.893775,-0.429907,1.32368,35.5751,30.2804,11,9,-2,0.839595,0.705891,0.133704,0,0,0,0
9,719,1,0.919335,0.919335,-0.434117,0.0478322,0.481949,30.2635,32.1913,10,10,0,0.811482,0.613806,0.197675,0,0,0,0
9,719,2,0.136039,0.136039,-0.576077,0.621271,1.19735,29.6957,34.4851,11,11,0,0.492722,0.558077,0.0653552,0,0,0,0
9,719,3,0.534226,0.534226,0.703073,0.893775,0.190702,34.8123,35.5751,9,9,0,0.705891,0.75301,0.0471184,0,0,0,0
9.5,720,1,0.660313,0.660313,-0.0435923,-0.434117,0.390525,31.8256,30.2635,10,6,-4,0.613806,0.43929,0.174517,0,0,0,0
9.5,720,2,0.279825,0.279825,0.885278,-0.576077,1.46135,35.5411,29.6957,11,11,0,0.558077,0.523533,0.034544,0,0,0,0
9.5,720,3,1.10897,1.10897,-0.312895,0.703073,1.01597,30.7484,34.8123,9,13,4,0.75301,0.83105,0.07804,0,0,0,0
10,721,1,0.245584,0.245584,0.671709,-0.0435923,0.715301,34.6868,31.8256,6,11,5,0.43929,0.480946,0.041656,0,0,0,0
10,721,2,1.50562,1.50562,-0.120729,0.885278,1.00601,31.5171,35.5411,11,8,-3,0.523533,0.782722,0.259189,0,0,0,0
10,721,3,0.459302,0.459302,0.907128,-0.312895,1.22002,35.6285,30.7484,13,11,-2,0.83105,0.712645,0.118405,0,0,0,0
10.5,722,1,0.263704,0.263704,0.597204,0.671709,0.0745047,34.3888,34.6868,11,10,-1,0.480946,0.572968,0.0920224,0,0,0,0
10.5,722,2,0.411881,0.411881,0.870535,-0.120729,0.991263,35.4821,31.5171,8,8,0,0.782722,0.61833,0.164392,0,0,0,0
10.5,722,3,0.0259612,0.0259612,0.015468,0.907128,0.89166,32.0619,35.6285,11,12,1,0.712645,0.706547,0.0060976,0,0,0,0
11,723,1,0.804718,0.804718,0.697634,0.597204,0.10043,34.7905,34.3888,10,9,-1,0.572968,0.640554,0.0675856,0,0,0,0
11,723,2,1.0953,1.0953,-0.526576,0.870535,1.39711,29.8937,35.4821,8,9,1,0.61833,0.621562,0.003232,0,0,0,0
11,723,3,0.837049,0.837049,0.0281121,0.015468,0.0126441,32.1124,32.0619,12,12,0,0.706547,0.667826,0.0387216,0,0,1,0
11.5,724,1,1.03522,1.03522,0.955091,0.697634,0.257457,35.8204,34.7905,9,9,0,0.640554,0.745104,0.10455,0,0,0,0
11.5,724,2,1.54458,1.54458,0.442885,-0.526576,0.969461,33.7715,29.8937,9,9,0,0.621562,0.536754,0.084808,0,0,0,0
11.5,724,3,0.751791,0.751791,0.405495,0.0281121,0.377383,33.622,32.1124,12,12,0,0.667826,0.564262,0.103563,0,0,0,0
12,725,1,1.58762,1.58762,0.884346,0.955091,0.0707447,35.5374,35.8204,9,15,6,0.745104,0.664381,0.0807232,0,0,0,0
12,725,2,1.02858,1.02858,0.650468,0.442885,0.207583,34.6019,33.7715,9,4,-5,0.536754,0.577963,0.0412096,0,0,0,0
12,725,3,1.21577,1.21577,-0.265424,0.405495,0.670919,30.9383,33.622,12,11,-1,0.564262,0.598546,0.0342832,0,0,0,0
12.5,726,1,0.0167158,0.0167158,0.143244,0.884346,0.741102,32.573,35.5374,15,13,-2,0.664381,0.722128,0.0577472,0,1,0,0
12.5,726,2,0.477655,0.477655,0.996081,0.650468,0.345613,35.9843,34.6019,4,10,6,0.577963,0.654354,0.0763904,0,0,0,0
12.5,726,3,1.37916,1.37916,0.260155,-0.265424,0.525579,33.0406,30.9383,11,7,-4,0.598546,0.546229,0.0523168,0,0,0,0
13,727,1,0.118801,0.118801,0.772306,0.143244,0.629062,35.0892,32.573,13,13,0,0.722128,0.550027,0.172101,0,0,0,0
13,727,2,0.914095,0.914095,0.788158,0.996081,0.207923,35.1526,35.9843,10,7,-3,0.654354,0.776952,0.122598,0,0,0,0
13,727,3,1.47136,1.47136,0.855427,0.260155,0.595273,35.4217,33.0406,7,10,3,0.546229,0.567026,0.0207968,0,0,0,0
13.5,728,1,1.45014,1.45014,0.953277,0.772306,0.180971,35.8131,35.0892,13,14,1,0.550027,0.479907,0.07012,0,0,0,0
13.5,728,2,0.165506,0.165506,0.684212,0.788158,0.103946,34.7368,35.1526,7,11,4,0.776952,0.697533,0.0794192,0,0,0,0
13.5,728,3,1.07459,1.07459,0.139006,0.855427,0.716421,32.556,35.4217,10,5,-5,0.567026,0.70528,0.138254,0,0,0,0
14,729,1,0.322964,0.322964,-0.0400367,0.953277,0.993314,31.8399,35.8131,14,13,-1,0.479907,0.665414,0.185507,0,0,0,0
14,729,2,0.203346,0.203346,-0.347051,0.684212,1.03126,30.6118,34.7368,11,8,-3,0.697533,0.579118,0.118414,0,0,0,0
14,729,3,1.39463,1.39463,0.96036,0.139006,0.821354,35.8414,32.556,5,9,4,0.70528,0.625581,0.0796992,0,0,0,0
14.5,730,1,0.729511,0.729511,0.803883,-0.0400367,0.84392,35.2155,31.8399,13,13,0,0.665414,0.533045,0.13237,0,0,0,0
14.5,730,2,0.38691,0.38691,0.822592,-0.347051,1.16964,35.2904,30.6118,8,9,1,0.579118,0.464282,0.114837,0,0,0,0
14.5,730,3,0.0978324,0.0978324,0.76499,0.96036,0.19537,35.06,35.8414,9,8,-1,0.625581,0.866307,0.240726,0,0,0,0
15,731,1,0.413013,0.413013,0.484623,0.803883,0.31926,33.9385,35.2155,13,8,-5,0.533045,0.537688,0.0046432,0,0,0,0
15,731,2,1.6937,1.6937,0.969238,0.822592,0.146646,35.877,35.2904,9,5,-4,0.464282,0.679872,0.21559,0,0,0,0
15,731,3,0.496704,0.496704,0.745492,0.76499,0.019498,34.982,35.06,8,17,9,0.866307,0.689058,0.17725,0,0,1,0
15.5,732,1,0.032472,0.032472,0.202099,0.484623,0.282524,32.8084,33.9385,8,8,0,0.537688,0.543285,0.0055968,0,0,0,0
15.5,732,2,1.54397,1.54397,0.86957,0.969238,0.0996675,35.4783,35.877,5,5,0,0.679872,0.81169,0.131818,0,0,0,0
15.5,732,3,0.401709,0.401709,0.891458,0.745492,0.145967,35.5658,34.982,17,17,0,0.689058,0.57868,0.110378,0,0,0,0
16,733,1,0.854023,0.854023,0.943805,0.202099,0.741706,35.7752,32.8084,8,9,1,0.543285,0.42969,0.113595,0,0,0,0
16,733,2,0.259752,0.259752,0.857323,0.86957,0.0122469,35.4293,35.4783,5,10,5,0.81169,0.759926,0.0517632,0,0,1,0
16,733,3,0.309184,0.309184,0.969415,0.891458,0.0779568,35.8777,35.5658,17,11,-6,0.57868,0.67204,0.09336,0,0,0,0
16.5,734,1,0.0675807,0.0675807,0.473922,0.943805,0.469884,33.8957,35.7752,9,7,-2,0.42969,0.533686,0.103997,0,0,0,0
16.5,734,2,0.893548,0.893548,-0.539493,0.857323,1.39682,29.842,35.4293,10,11,1,0.759926,0.698645,0.0612816,0,0,0,0
16.5,734,3,0.294771,0.294771,0.563802,0.969415,0.405614,34.2552,35.8777,11,12,1,0.67204,0.615437,0.0566032,0,0,0,0
17,735,1,0.273845,0.273845,0.602937,0.473922,0.129015,34.4117,33.8957,7,10,3,0.533686,0.635387,0.101701,0,0,0,0
17,735,2,0.847677,0.847677,-0.476144,-0.539493,0.063349,30.0954,29.842,11,8,-3,0.698645,0.457074,0.241571,0,0,0,0
17,735,3,0.393176,0.393176,0.738333,0.563802,0.174532,34.9533,34.2552,12,12,0,0.615437,0.771899,0.156462,0,0,0,0
17.5,736,1,0.513861,0.513861,0.932272,0.602937,0.329335,35.7291,34.4117,10,12,2,0.635387,0.692354,0.0569664,0,0,0,0
17.5,736,2,0.220467,0.220467,0.767056,-0.476144,1.2432,35.0682,30.0954,8,7,-1,0.457074,0.352406,0.104667,0,0,0,0
17.5,736,3,0.119293,0.119293,0.721995,0.738333,0.0163387,34.888,34.9533,12,11,-1,0.771899,0.821442,0.0495424,0,0,1,0
18,737,1,1.5519,1.5519,0.539825,0.932272,0.392447,34.1593,35.7291,12,12,0,0.692354,0.656862,0.0354912,0,0,0,0
18,737,2,0.211235,0.211235,0.779827,0.767056,0.0127705,35.1193,35.0682,7,7,0,0.352406,0.590846,0.23844,0,0,1,0
18,737,3,1.32419,1.32419,-0.0482172,0.721995,0.770212,31.8071,34.888,11,11,0,0.821442,0.658101,0.163341,0,0,0,0
18.5,738,1,1.00209,1.00209,-0.0916664,0.539825,0.631491,31.6333,34.1593,12,12,0,0.656862,0.614195,0.0426672,0,0,0,0
18.5,738,2,1.20576,1.20576,0.860958,0.779827,0.081131,35.4438,35.1193,7,7,0,0.590846,0.75648,0.165634,0,0,0,0
18.5,738,3,1.56598,1.56598,-0.0436501,-0.0482172,0.00456708,31.8254,31.8071,11,11,0,0.658101,0.570704,0.0873968,0,0,1,0
19,739,1,0.963178,0.963178,-0.592558,-0.0916664,0.500891,29.6298,31.6333,12,9,-3,0.614195,0.540157,0.0740384,0,0,0,0
19,739,2,1.15906,1.15906,-0.0606588,0.860958,0.921616,31.7574,35.4438,7,15,8,0.75648,0.721458,0.0350224,0,0,0,0
19,739,3,1.03026,1.03026,-0.596339,-0.0436501,0.552689,29.6146,31.8254,11,6,-5,0.570704,0.629,0.058296,0,0,0,0
19.5,740,1,0.106021,0.106021,0.982914,-0.592558,1.57547,35.9317,29.6298,9,14,5,0.540157,0.475174,0.0649824,0,0,0,0
19.5,740,2,0.774858,0.774858,0.623249,-0.0606588,0.683908,34.493,31.7574,15,7,-8,0.721458,0.708157,0.0133008,0,0,0,0
19.5,740,3,0.744362,0.744362,-0.664545,-0.596339,0.0682064,29.3418,29.6146,6,9,3,0.629,0.632498,0.0034976,0,0,0,0
20,741,1,0.772869,0.772869,0.859382,0.982914,0.123532,35.4375,35.9317,14,6,-8,0.475174,0.722643,0.247469,0,0,0,0
20,741,2,0.206695,0.206695,0.860399,0.623249,0.23715,35.4416,34.493,7,16,9,0.708157,0.589789,0.118368,0,0,0,0
20,741,3,0.181107,0.181107,0.158596,-0.664545,0.823141,32.6344,29.3418,9,8,-1,0.632498,0.561952,0.0705456,0,0,0,0
20.5,742,1,0.2892,0.2892,0.0871385,0.859382,0.772244,32.3486,35.4375,6,11,5,0.722643,0.70063,0.0220128,0,0,0,0
20.5,742,2,0.272083,0.272083,-0.605583,0.860399,1.46598,29.5777,35.4416,16,12,-4,0.589789,0.632941,0.043152,0,0,0,0
20.5,742,3,1.24212,1.24212,0.25061,0.158596,0.0920143,33.0024,32.6344,8,7,-1,0.561952,0.471499,0.0904528,0,0,0,0
21,743,1,0.969804,0.969804,0.873058,0.0871385,0.785919,35.4922,32.3486,11,12,1,0.70063,0.595698,0.104933,0,0,0,0
21,743,2,0.958955,0.958955,0.052971,-0.605583,0.658554,32.2119,29.5777,12,11,-1,0.632941,0.45057,0.182371,0,0,0,0
21,743,3,0.301442,0.301442,0.96204,0.25061,0.71143,35.8482,33.0024,7,7,0,0.471499,0.823179,0.35168,0,0,0,0
21.5,744,1,0.713568,0.713568,0.749943,0.873058,0.123115,34.9998,35.4922,12,11,-1,0.595698,0.653267,0.0575696,0,0,0,0
21.5,744,2,1.49588,1.49588,0.920884,0.052971,0.867913,35.6835,32.2119,11,8,-3,0.45057,0.342048,0.108522,0,0,0,0
21.5,744,3,0.54929,0.54929,-0.887944,0.96204,1.84998,28.4482,35.8482,7,11,4,0.823179,0.771517,0.0516624,0,0,0,0
22,745,1,0.844613,0.844613,0.594364,0.749943,0.155579,34.3775,34.9998,11,11,0,0.653267,0.657104,0.0038368,0,0,0,0
22,745,2,0.672877,0.672877,0.735617,0.920884,0.185267,34.9425,35.6835,8,8,0,0.342048,0.690605,0.348557,0,0,0,0
22,745,3,1.22126,1.22126,0.987498,-0.887944,1.87544,35.95,28.4482,11,11,0,0.771517,0.47791,0.293606,0,0,0,0
22.5,746,1,1.16079,1.16079,0.984429,0.594364,0.390065,35.9377,34.3775,11,14,3,0.657104,0.57533,0.0817744,0,0,0,0
22.5,746,2,0.681131,0.681131,0.696166,0.735617,0.0394515,34.7847,34.9425,8,12,4,0.690605,0.560322,0.130283,0,0,0,0
22.5,746,3,0.854236,0.854236,0.700866,0.987498,0.286631,34.8035,35.95,11,4,-7,0.47791,0.644253,0.166342,0,0,0,0
23,747,1,0.950415,0.950415,0.339035,0.984429,0.645394,33.3561,35.9377,14,9,-5,0.57533,0.602765,0.0274352,0,0,0,0
23,747,2,0.312528,0.312528,-0.294521,0.696166,0.990687,30.8219,34.7847,12,10,-2,0.560322,0.505922,0.0544,0,0,0,0
23,747,3,1.26715,1.26715,0.106764,0.700866,0.594103,32.4271,34.8035,4,11,7,0.644253,0.684101,0.039848,0,0,0,0
23.5,748,1,0.235685,0.235685,0.0445542,0.339035,0.294481,32.1782,33.3561,9,12,3,0.602765,0.690136,0.0873712,0,0,0,0
23.5,748,2,1.00341,1.00341,0.216357,-0.294521,0.510878,32.8654,30.8219,10,10,0,0.505922,0.445294,0.0606272,0,0,0,0
23.5,748,3,0.442084,0.442084,0.868415,0.106764,0.761651,35.4737,32.4271,11,8,-3,0.684101,0.729902,0.0458016,0,0,0,0
24,749,1,0.0858834,0.0858834,-0.0706843,0.0445542,0.115239,31.7173,32.1782,12,9,-3,0.690136,0.580738,0.109398,0,0,0,0
24,749,2,0.782029,0.782029,0.858623,0.216357,0.642266,35.4345,32.8654,10,11,1,0.445294,0.392323,0.0529712,0,0,0,0
24,749,3,0.0318482,0.0318482,-0.588735,0.868415,1.45715,29.6451,35.4737,8,10,2,0.729902,0.832056,0.102154,0,0,0,0
24.5,750,1,0.294335,0.294335,-0.515373,-0.0706843,0.444688,29.9385,31.7173,9,8,-1,0.580738,0.511795,0.0689424,0,0,0,0
24.5,750,2,0.279345,0.279345,0.316969,0.858623,0.541654,33.2679,35.4345,11,8,-3,0.392323,0.796077,0.403754,0,0,0,0
24.5,750,3,0.487839,0.487839,0.431566,-0.588735,1.0203,33.7263,29.6451,10,14,4,0.832056,0.576883,0.255173,0,0,0,0
25,751,1,0.472702,0.472702,-0.0906116,-0.515373,0.424761,31.6376,29.9385,8,8,0,0.511795,0.437414,0.0743808,0,0,0,0
25,751,2,0.612849,0.612849,0.922817,0.316969,0.605849,35.6913,33.2679,8,9,1,0.796077,0.682114,0.113963,0,0,0,0
25,751,3,0.0914599,0.0914599,0.284648,0.431566,0.146918,33.1386,33.7263,14,13,-1,0.576883,0.685539,0.108656,0,0,0,0
25.5,752,1,0.964704,0.964704,0.825298,-0.0906116,0.915909,35.3012,31.6376,8,7,-1,0.437414,0.454256,0.0168416,0,0,0,0
25.5,752,2,1.07414,1.07414,0.580365,0.922817,0.342452,34.3215,35.6913,9,15,6,0.682114,0.597144,0.0849696,0,0,0,0
25.5,752,3,0.384008,0.384008,0.522758,0.284648,0.23811,34.091,33.1386,13,8,-5,0.685539,0.710976,0.0254368,0,0,0,0
26,753,1,1.2163,1.2163,0.28103,0.825298,0.544267,33.1241,35.3012,7,4,-3,0.454256,0.63097,0.176714,0,0,0,0
26,753,2,0.0533177,0.0533177,0.84004,0.580365,0.259675,35.3602,34.3215,15,15,0,0.597144,0.559398,0.0377456,0,0,0,0
26,753,3,0.116994,0.116994,0.880194,0.522758,0.357436,35.5208,34.091,8,11,3,0.710976,0.572747,0.138229,0,0,0,0
26.5,754,1,1.58681,1.58681,0.776909,0.28103,0.495879,35.1076,33.1241,4,10,6,0.63097,0.625387,0.0055824,0,0,0,0
26.5,754,2,0.21841,0.21841,0.3301,0.84004,0.50994,33.3204,35.3602,15,6,-9,0.559398,0.557706,0.0016928,0,0,0,0
26.5,754,3,0.00799984,0.00799984,0.979527,0.880194,0.0993336,35.9181,35.5208,11,14,3,0.572747,0.558419,0.014328,0,1,0,0
27,755,1,0.569436,0.569436,0.673481,0.776909,0.103428,34.6939,35.1076,10,8,-2,0.625387,0.620755,0.004632,0,0,0,0
27,755,2,1.57451,1.57451,0.0862715,0.3301,0.243829,32.3451,33.3204,6,6,0,0.557706,0.5036,0.0541056,0,0,0,0
27,755,3,1.27024,1.27024,0.976767,0.979527,0.00276005,35.9071,35.9181,14,16,2,0.558419,0.592539,0.03412,0,0,1,0
27.5,756,1,0.460582,0.460582,0.257532,0.673481,0.415948,33.0301,34.6939,8,10,2,0.620755,0.577824,0.0429312,0,0,0,0
27.5,756,2,1.33837,1.33837,0.450691,0.0862715,0.364419,33.8028,32.3451,6,6,0,0.5036,0.383326,0.120274,0,0,0,0
27.5,756,3,0.162419,0.162419,0.171124,0.976767,0.805643,32.6845,35.9071,16,14,-2,0.592539,0.75035,0.157811,0,0,0,0
28,757,1,0.95627,0.95627,-0.213258,0.257532,0.47079,31.147,33.0301,10,12,2,0.577824,0.576661,0.0011632,0,0,0,0
28,757,2,0.605597,0.605597,-0.529651,0.450691,0.980341,29.8814,33.8028,6,9,3,0.383326,0.51815,0.134824,0,0,0,0
28,757,3,1.62055,1.62055,0.337654,0.171124,0.166529,33.3506,32.6845,14,9,-5,0.75035,0.660526,0.089824,0,0,0,0
28.5,758,1,0.978498,0.978498,0.590699,-0.213258,0.803957,34.3628,31.147,12,13,1,0.576661,0.558043,0.0186176,0,0,0,0
28.5,758,2,0.708109,0.708109,0.918927,-0.529651,1.44858,35.6757,29.8814,9,11,2,0.51815,0.414701,0.10345,0,0,0,0
28.5,758,3,0.178412,0.178412,-0.56278,0.337654,0.900434,29.7489,33.3506,9,6,-3,0.660526,0.87904,0.218514,0,0,0,0
29,759,1,0.569557,0.569557,-0.313792,0.590699,0.904491,30.7448,34.3628,13,11,-2,0.558043,0.666374,0.108331,0,0,0,0
29,759,2,0.482719,0.482719,0.773601,0.918927,0.145326,35.0944,35.6757,11,10,-1,0.414701,0.583594,0.168893,0,0,0,0
29,759,3,0.867597,0.867597,0.815539,-0.56278,1.37832,35.2622,29.7489,6,9,3,0.87904,0.67623,0.20281,0,0,0,0
29.5,760,1,0.397528,0.397528,0.959369,-0.313792,1.27316,35.8375,30.7448,11,10,-1,0.666374,0.488515,0.177859,0,0,0,0
29.5,760,2,0.536382,0.536382,0.510656,0.773601,0.262945,34.0426,35.0944,10,10,0,0.583594,0.720125,0.136531,0,0,0,0
29.5,760,3,0.280598,0.280598,-0.00574272,0.815539,0.821282,31.977,35.2622,9,10,1,0.67623,0.657022,0.019208,0,0,0,0
30,761,1,0.0863412,0.0863412,0.924757,0.959369,0.0346119,35.699,35.8375,10,10,0,0.488515,0.624454,0.135939,0,0,0,0
30,761,2,0.27341,0.27341,0.27463,0.510656,0.236026,33.0985,34.0426,10,12,2,0.720125,0.591803,0.128322,0,0,0,0
30,761,3,0.0774478,0.0774478,0.390674,-0.00574272,0.396417,33.5627,31.977,10,8,-2,0.657022,0.67311,0.016088,0,0,0,0
30.5,762,1,0.494663,0.494663,0.932345,0.924757,0.00758815,35.7294,35.699,10,10,0,0.624454,0.734822,0.110368,0,0,1,0
30.5,762,2,0.080215,0.080215,0.798191,0.27463,0.523561,35.1928,33.0985,12,12,0,0.591803,0.486622,0.105181,0,0,0,0
30.5,762,3,0.370944,0.370944,-0.816947,0.390674,1.20762,28.7322,33.5627,8,8,0,0.67311,0.611742,0.061368,0,0,0,0
31,763,1,0.0526533,0.0526533,0.7952,0.932345,0.137144,35.1808,35.7294,10,11,1,0.734822,0.753454,0.018632,0,0,0,0
31,763,2,0.136685,0.136685,0.416862,0.798191,0.381328,33.6674,35.1928,12,11,-1,0.486622,0.588685,0.102062,0,0,0,0
31,763,3,0.15804,0.15804,0.959703,-0.816947,1.77665,35.8388,28.7322,8,8,0,0.611742,0.543272,0.0684704,0,0,0,0
31.5,764,1,1.00256,1.00256,0.284908,0.7952,0.510292,33.1396,35.1808,11,10,-1,0.753454,0.683646,0.069808,0,0,0,0
31.5,764,2,0.429583,0.429583,-0.226697,0.416862,0.64356,31.0932,33.6674,11,12,1,0.588685,0.494026,0.0946592,0,0,0,0
31.5,764,3,1.06167,1.06167,-0.331282,0.959703,1.29098,30.6749,35.8388,8,8,0,0.543272,0.715931,0.172659,0,0,0,0
32,765,1,1.22344,1.22344,0.896809,0.284908,0.611901,35.5872,33.1396,10,10,0,0.683646,0.668746,0.0149008,0,0,0,0
32,765,2,0.82829,0.82829,-0.309917,-0.226697,0.0832201,30.7603,31.0932,12,12,0,0.494026,0.44377,0.050256,0,0,0,0
32,765,3,1.32438,1.32438,0.464855,-0.331282,0.796136,33.8594,30.6749,8,8,0,0.715931,0.702056,0.0138752,0,0,0,0
32.5,766,1,0.0344328,0.0344328,0.257381,0.896809,0.639427,33.0295,35.5872,10,15,5,0.668746,0.775008,0.106262,0,0,0,0
32.5,766,2,0.99872,0.99872,0.95014,-0.309917,1.26006,35.8006,30.7603,12,10,-2,0.44377,0.349629,0.0941408,0,0,0,0
32.5,766,3,0.719265,0.719265,0.924776,0.464855,0.459921,35.6991,33.8594,8,5,-3,0.702056,0.684269,0.0177872,0,0,0,0
33,767,1,0.00958216,0.00958216,-0.528382,0.257381,0.785763,29.8865,33.0295,15,9,-6,0.775008,0.633677,0.141331,0,1,0,0
33,767,2,0.17543,0.17543,0.983808,0.95014,0.0336686,35.9352,35.8006,10,10,0,0.349629,0.456021,0.106392,0,0,0,0
33,767,3,0.451646,0.451646,0.0504529,0.924776,0.874323,32.2018,35.6991,5,11,6,0.684269,0.639878,0.0443904,0,0,0,0
33.5,768,1,1.09576,1.09576,0.946575,-0.528382,1.47496,35.7863,29.8865,9,6,-3,0.633677,0.424334,0.209342,0,0,0,0
33.5,768,2,0.0968861,0.0968861,-0.240744,0.983808,1.22455,31.037,35.9352,10,11,1,0.456021,0.697277,0.241256,0,0,0,0
33.5,768,3,0.603213,0.603213,0.542869,0.0504529,0.492416,34.1715,32.2018,11,13,2,0.639878,0.592669,0.0472096,0,0,0,0
34,769,1,0.710626,0.710626,0.736434,0.946575,0.210141,34.9457,35.7863,6,6,0,0.424334,0.664549,0.240214,0,0,0,0
34,769,2,0.645003,0.645003,0.552235,-0.240744,0.79298,34.2089,31.037,11,12,1,0.697277,0.47583,0.221446,0,0,0,0
34,769,3,1.58139,1.58139,0.40431,0.542869,0.138559,33.6172,34.1715,13,12,-1,0.592669,0.644179,0.0515104,0,0,0,0
34.5,770,1,0.473023,0.473023,0.893502,0.736434,0.157068,35.574,34.9457,6,7,1,0.664549,0.660435,0.0041136,0,0,0,0
34.5,770,2,1.20505,1.20505,-0.437157,0.552235,0.989392,30.2514,34.2089,12,10,-2,0.47583,0.448506,0.0273248,0,0,0,0
34.5,770,3,0.12024,0.12024,0.895828,0.40431,0.491518,35.5833,33.6172,12,13,1,0.644179,0.737016,0.0928368,0,0,0,0
35,771,1,0.511376,0.511376,0.829676,0.893502,0.0638266,35.3187,35.574,7,8,1,0.660435,0.625411,0.035024,0,0,0,0
35,771,2,1.2246,1.2246,0.888557,-0.437157,1.32571,35.5542,30.2514,10,11,1,0.448506,0.377091,0.0714144,0,0,0,0
35,771,3,0.306591,0.306591,0.196767,0.895828,0.699061,32.7871,35.5833,13,11,-2,0.737016,0.616422,0.120594,0,0,0,0
35.5,772,1,0.434311,0.434311,0.897496,0.829676,0.0678203,35.59,35.3187,8,9,1,0.625411,0.655512,0.0301008,0,0,0,0
35.5,772,2,0.181556,0.181556,0.0100743,0.888557,0.878483,32.0403,35.5542,11,8,-3,0.377091,0.441472,0.0643808,0,0,0,0
35.5,772,3,1.49515,1.49515,-0.919053,0.196767,1.11582,28.3238,32.7871,11,13,2,0.616422,0.606534,0.009888,0,0,0,0
36,773,1,0.882156,0.882156,0.846707,0.897496,0.0507897,35.3868,35.59,9,16,7,0.655512,0.81505,0.159538,0,0,0,0
36,773,2,0.997381,0.997381,0.605586,0.0100743,0.595512,34.4223,32.0403,8,11,3,0.441472,0.556962,0.11549,0,0,0,0
36,773,3,1.27244,1.27244,0.818674,-0.919053,1.73773,35.2747,28.3238,13,3,-10,0.606534,0.547122,0.0594128,0,0,0,0
36.5,774,1,0.866754,0.866754,0.072145,0.846707,0.774562,32.2886,35.3868,16,11,-5,0.81505,0.700872,0.114178,0,0,0,0
36.5,774,2,0.363423,0.363423,-0.666064,0.605586,1.27165,29.3357,34.4223,11,12,1,0.556962,0.460509,0.0964528,0,0,0,0
36.5,774,3,0.888691,0.888691,0.890146,0.818674,0.0714726,35.5606,35.2747,3,7,4,0.547122,0.753968,0.206846,0,0,0,0
37,775,1,0.48124,0.48124,0.435781,0.072145,0.363636,33.7431,32.2886,11,18,7,0.700872,0.504955,0.195917,0,0,0,0
37,775,2,0.474901,0.474901,0.102782,-0.666064,0.768846,32.4111,29.3357,12,9,-3,0.460509,0.311939,0.14857,0,0,0,0
37,775,3,0.0769211,0.0769211,0.929099,0.890146,0.0389527,35.7164,35.5606,7,3,-4,0.753968,0.936842,0.182874,0,0,0,0
37.5,776,1,0.245418,0.245418,0.871869,0.435781,0.436088,35.4875,33.7431,18,11,-7,0.504955,0.601146,0.0961904,0,0,0,0
37.5,776,2,1.01717,1.01717,0.876672,0.102782,0.77389,35.5067,32.4111,9,4,-5,0.311939,0.32089,0.0089504,0,0,0,0
37.5,776,3,1.08565,1.08565,0.174756,0.929099,0.754343,32.699,35.7164,3,15,12,0.936842,0.759051,0.17779,0,0,0,0
38,777,1,0.222079,0.222079,0.335286,0.871869,0.536583,33.3411,35.4875,11,9,-2,0.601146,0.615691,0.0145456,0,0,0,0
38,777,2,0.680085,0.680085,-0.127962,0.876672,1.00463,31.4882,35.5067,4,6,2,0.32089,0.530485,0.209595,0,0,0,0
38,777,3,1.28762,1.28762,0.197378,0.174756,0.0226217,32.7895,32.699,15,15,0,0.759051,0.653603,0.105448,0,0,0,0
38.5,778,1,0.022041,0.022041,0.514912,0.335286,0.179626,34.0596,33.3411,9,11,2,0.615691,0.630536,0.0148448,0,0,0,0
38.5,778,2,0.836586,0.836586,-0.0351261,-0.127962,0.0928359,31.8595,31.4882,6,12,6,0.530485,0.469757,0.060728,0,0,0,0
38.5,778,3,1.17535,1.17535,0.655869,0.197378,0.458491,34.6235,32.7895,15,7,-8,0.653603,0.668811,0.015208,0,0,0,0
39,779,1,0.161063,0.161063,0.94915,0.514912,0.434238,35.7966,34.0596,11,11,0,0.630536,0.552098,0.0784384,0,0,0,0
39,779,2,1.59799,1.59799,0.368136,-0.0351261,0.403262,33.4725,31.8595,12,11,-1,0.469757,0.328363,0.141394,0,0,0,0
39,779,3,0.0232477,0.0232477,0.882713,0.655869,0.226844,35.5309,34.6235,7,8,1,0.668811,0.732742,0.0639312,0,0,0,0
39.5,780,1,0.339376,0.339376,0.979589,0.94915,0.0304387,35.9184,35.7966,11,12,1,0.552098,0.538037,0.0140608,0,0,0,0
39.5,780,2,1.44314,1.44314,0.787874,0.368136,0.419738,35.1515,33.4725,11,9,-2,0.328363,0.345397,0.0170336,0,0,0,0
39.5,780,3,0.017602,0.017602,0.339639,0.882713,0.543074,33.3586,35.5309,8,9,1,0.732742,0.767117,0.0343744,0,1,0,0
40,781,1,0.304487,0.304487,-0.274233,0.979589,1.25382,30.9031,35.9184,12,11,-1,0.538037,0.543526,0.0054896,0,0,0,0
40,781,2,0.216176,0.216176,0.98816,0.787874,0.200287,35.9526,35.1515,9,10,1,0.345397,0.519395,0.173998,0,0,0,0
40,781,3,1.13716,1.13716,-0.103441,0.339639,0.44308,31.5862,33.3586,9,9,0,0.767117,0.748789,0.018328,0,0,0,0
40.5,782,1,0.950939,0.950939,0.675748,-0.274233,0.949982,34.703,30.9031,11,12,1,0.543526,0.463712,0.0798144,0,0,0,0
40.5,782,2,1.73587,1.73587,0.633323,0.98816,0.354837,34.5333,35.9526,10,11,1,0.519395,0.796803,0.277408,0,0,0,0
40.5,782,3,0.796538,0.796538,-0.101326,-0.103441,0.00211455,31.5947,31.5862,9,7,-2,0.748789,0.58881,0.159979,0,0,1,0
41,783,1,1.31946,1.31946,0.465448,0.675748,0.2103,33.8618,34.703,12,10,-2,0.463712,0.531573,0.0678608,0,0,0,0
41,783,2,0.0586407,0.0586407,-0.604443,0.633323,1.23777,29.5822,34.5333,11,12,1,0.796803,0.651456,0.145347,0,0,0,0
41,783,3,1.42868,1.42868,0.311518,-0.101326,0.412844,33.2461,31.5947,7,8,1,0.58881,0.615376,0.0265664,0,0,0,0
41.5,784,1,0.661913,0.661913,0.854219,0.465448,0.388771,35.4169,33.8618,10,12,2,0.531573,0.62363,0.0920576,0,0,0,0
41.5,784,2,0.657051,0.657051,0.818634,-0.604443,1.42308,35.2745,29.5822,12,12,0,0.651456,0.38171,0.269746,0,0,0,0
41.5,784,3,0.27452,0.27452,0.537488,0.311518,0.225969,34.15,33.2461,8,6,-2,0.615376,0.845408,0.230032,0,0,0,0
42,785,1,0.584141,0.584141,0.864021,0.854219,0.00980157,35.4561,35.4169,12,10,-2,0.62363,0.611592,0.0120384,0,0,1,0
42,785,2,0.916193,0.916193,0.974097,0.818634,0.155463,35.8964,35.2745,12,12,0,0.38171,0.446835,0.0651248,0,0,0,0
42,785,3,0.316646,0.316646,0.36244,0.537488,0.175047,33.4498,34.15,6,8,2,0.845408,0.812341,0.0330672,0,0,0,0
42.5,786,1,0.0440334,0.0440334,-0.612895,0.864021,1.47692,29.5484,35.4561,10,11,1,0.611592,0.589186,0.0224064,0,0,0,0
42.5,786,2,1.32014,1.32014,0.818231,0.974097,0.155866,35.2729,35.8964,12,11,-1,0.446835,0.61675,0.169915,0,0,0,0
42.5,786,3,0.412826,0.412826,0.912566,0.36244,0.550125,35.6503,33.4498,8,8,0,0.812341,0.647059,0.165282,0,0,0,0
43,787,1,0.380744,0.380744,-0.142118,-0.612895,0.470777,31.4315,29.5484,11,12,1,0.589186,0.418613,0.170573,0,0,0,0
43,787,2,0.288957,0.288957,0.244371,0.818231,0.57386,32.9775,35.2729,11,8,-3,0.61675,0.630251,0.0135008,0,0,0,0
43,787,3,0.944741,0.944741,0.0372448,0.912566,0.875321,32.149,35.6503,8,10,2,0.647059,0.79881,0.15175,0,0,0,0
43.5,788,1,1.1404,1.1404,0.402732,-0.142118,0.54485,33.6109,31.4315,12,9,-3,0.418613,0.431978,0.0133648,0,0,0,0
43.5,788,2,1.09441,1.09441,0.287363,0.244371,0.0429921,33.1495,32.9775,8,12,4,0.630251,0.54391,0.0863408,0,0,0,0
43.5,788,3,0.0701574,0.0701574,0.923205,0.0372448,0.88596,35.6928,32.149,10,9,-1,0.79881,0.798405,0.0004048,0,0,0,0
44,789,1,0.483758,0.483758,0.835866,0.402732,0.433135,35.3435,33.6109,9,7,-2,0.431978,0.522035,0.0900576,0,0,0,0
44,789,2,0.497892,0.497892,0.978954,0.287363,0.691591,35.9158,33.1495,12,14,2,0.54391,0.479533,0.0643776,0,0,0,0
44,789,3,0.301015,0.301015,0.548933,0.923205,0.374272,34.1957,35.6928,9,9,0,0.798405,0.728317,0.070088,0,0,0,0
44.5,790,1,1.33537,1.33537,-0.446793,0.835866,1.28266,30.2128,35.3435,7,10,3,0.522035,0.532717,0.0106816,0,0,0,0
44.5,790,2,0.086637,0.086637,0.885277,0.978954,0.0936772,35.5411,35.9158,14,11,-3,0.479533,0.521726,0.0421936,0,0,0,0
44.5,790,3,0.489687,0.489687,-0.105621,0.548933,0.654554,31.5775,34.1957,9,9,0,0.728317,0.69531,0.0330064,0,0,0,0
45,791,1,0.318784,0.318784,0.919392,-0.446793,1.36619,35.6776,30.2128,10,10,0,0.532717,0.487571,0.0451456,0,0,0,0
45,791,2,0.301182,0.301182,0.586136,0.885277,0.299141,34.3445,35.5411,11,11,0,0.521726,0.773504,0.251778,0,0,0,0
45,791,3,1.16107,1.16107,0.907014,-0.105621,1.01264,35.6281,31.5775,9,9,0,0.69531,0.615957,0.0793536,0,0,0,0
45.5,792,1,0.0821559,0.0821559,0.722977,0.919392,0.196416,34.8919,35.6776,10,10,0,0.487571,0.495523,0.007952,0,0,0,0
45.5,792,2,0.103316,0.103316,0.931098,0.586136,0.344962,35.7244,34.3445,11,11,0,0.773504,0.616763,0.156741,0,0,0,0
45.5,792,3,0.15206,0.15206,-0.0355627,0.907014,0.942577,31.8577,35.6281,9,9,0,0.615957,0.78036,0.164403,0,0,0,0
46,793,1,0.0924477,0.0924477,0.645341,0.722977,0.0776362,34.5814,34.8919,10,11,1,0.495523,0.52096,0.0254368,0,0,0,0
46,793,2,0.104166,0.104166,0.4542,0.931098,0.476897,33.8168,35.7244,11,11,0,0.616763,0.608771,0.007992,0,0,0,0
46,793,3,0.111273,0.111273,0.485675,-0.0355627,0.521238,33.9427,31.8577,9,8,-1,0.78036,0.73251,0.0478496,0,0,0,0
46.5,794,1,1.35049,1.35049,0.410134,0.645341,0.235206,33.6405,34.5814,11,14,3,0.52096,0.525875,0.0049152,0,0,0,0
46.5,794,2,0.797024,0.797024,0.513015,0.4542,0.0588149,34.0521,33.8168,11,11,0,0.608771,0.59451,0.0142608,0,0,0,0
46.5,794,3,0.517983,0.517983,0.651199,0.485675,0.165524,34.6048,33.9427,8,5,-3,0.73251,0.863896,0.131386,0,0,0,0
47,795,1,0.155988,0.155988,-0.812009,0.410134,1.22214,28.752,33.6405,14,14,0,0.525875,0.517176,0.0086992,0,0,0,0
47,795,2,0.0218933,0.0218933,0.771141,0.513015,0.258126,35.0846,34.0521,11,11,0,0.59451,0.57388,0.0206304,0,0,0,0
47,795,3,1.23053,1.23053,0.931141,0.651199,0.279942,35.7246,34.6048,5,5,0,0.863896,0.688512,0.175384,0,0,0,0
47.5,796,1,0.0733395,0.0733395,0.985978,-0.812009,1.79799,35.9439,28.752,14,10,-4,0.517176,0.372906,0.14427,0,0,0,0
47.5,796,2,0.10133,0.10133,0.267024,0.771141,0.504118,33.0681,35.0846,11,10,-1,0.57388,0.627901,0.0540208,0,0,0,0
47.5,796,3,0.366934,0.366934,0.809105,0.931141,0.122036,35.2364,35.7246,5,10,5,0.688512,0.805322,0.11681,0,0,0,0
48,797,1,1.23852,1.23852,0.94215,0.985978,0.043828,35.7686,35.9439,10,6,-4,0.372906,0.459693,0.0867872,0,0,0,0
48,797,2,0.592097,0.592097,-0.329444,0.267024,0.596468,30.6822,33.0681,10,9,-1,0.627901,0.505227,0.122674,0,0,0,0
48,797,3,0.641061,0.641061,0.680004,0.809105,0.129101,34.72,35.2364,10,15,5,0.805322,0.645504,0.159818,0,0,0,0
48.5,798,1,0.391537,0.391537,0.956664,0.94215,0.0145141,35.8267,35.7686,6,8,2,0.459693,0.718067,0.258374,0,0,1,0
48.5,798,2,0.72326,0.72326,0.0339782,-0.329444,0.363423,32.1359,30.6822,9,10,1,0.505227,0.292624,0.212603,0,0,0,0
48.5,798,3,0.454267,0.454267,-0.189449,0.680004,0.869453,31.2422,34.72,15,12,-3,0.645504,0.632429,0.0130752,0,0,0,0
49,799,1,0.328934,0.328934,0.792137,0.956664,0.164527,35.1685,35.8267,8,11,3,0.718067,0.731994,0.0139264,0,0,0,0
49,799,2,0.285311,0.285311,-0.224296,0.0339782,0.258274,31.1028,32.1359,10,10,0,0.292624,0.355126,0.0625024,0,0,0,0
49,799,3,0.719826,0.719826,0.925842,-0.189449,1.11529,35.7034,31.2422,12,9,-3,0.632429,0.63156,0.0008688,0,0,0,0
49.5,800,1,0.940866,0.940866,0.74173,0.792137,0.0504071,34.9669,35.1685,11,14,3,0.731994,0.64357,0.088424,0,0,0,0
49.5,800,2,0.763592,0.763592,0.713751,-0.224296,0.938047,34.855,31.1028,10,4,-6,0.355126,0.35019,0.004936,0,0,0,0
49.5,800,3,0.693588,0.693588,0.129802,0.925842,0.79604,32.5192,35.7034,9,12,3,0.63156,0.689846,0.0582864,0,0,0,0
50,801,1,0.351362,0.351362,0.798665,0.74173,0.056935,35.1947,34.9669,14,14,0,0.64357,0.574963,0.0686064,0,0,0,0
50,801,2,0.631731,0.631731,0.695203,0.713751,0.0185475,34.7808,34.855,4,6,2,0.35019,0.488856,0.138666,0,0,1,0
50,801,3,0.157127,0.157127,0.935614,0.129802,0.805812,35.7425,32.5192,12,10,-2,0.689846,0.705947,0.0161008,0,0,0,0
50.5,802,1,0.740304,0.740304,0.819211,0.798665,0.0205466,35.2768,35.1947,14,13,-1,0.574963,0.55953,0.0154336,0,0,0,0
50.5,802,2,0.07387,0.07387,0.839437,0.695203,0.144234,35.3577,34.7808,6,9,3,0.488856,0.552707,0.0638512,0,0,0,0
50.5,802,3,1.37026,1.37026,0.216283,0.935614,0.719331,32.8651,35.7425,10,8,-2,0.705947,0.767814,0.0618672,0,0,0,0
51,803,1,0.611351,0.611351,0.68724,0.819211,0.131971,34.749,35.2768,13,12,-1,0.55953,0.553614,0.0059152,0,0,0,0
51,803,2,0.251401,0.251401,-0.843909,0.839437,1.68335,28.6244,35.3577,9,10,1,0.552707,0.586907,0.0342,0,0,0,0
51,803,3,0.00946587,0.00946587,0.0637667,0.216283,0.152516,32.2551,32.8651,8,8,0,0.767814,0.814258,0.0464432,0,1,0,0
51.5,804,1,0.567965,0.567965,-0.140545,0.68724,0.827785,31.4378,34.749,12,12,0,0.553614,0.647482,0.0938672,0,0,0,0
51.5,804,2,0.0724084,0.0724084,0.426163,-0.843909,1.27007,33.7047,28.6244,10,11,1,0.586907,0.391021,0.195886,0,0,0,0
51.5,804,3,1.69625,1.69625,0.557194,0.0637667,0.493427,34.2288,32.2551,8,7,-1,0.814258,0.707878,0.106379,0,0,0,0
52,805,1,0.0250347,0.0250347,0.392437,-0.140545,0.532982,33.5697,31.4378,12,14,2,0.647482,0.537891,0.10959,0,0,0,0
52,805,2,0.365216,0.365216,0.595359,0.426163,0.169196,34.3814,33.7047,11,9,-2,0.391021,0.436674,0.0456528,0,0,0,0
52,805,3,0.54135,0.54135,0.878826,0.557194,0.321632,35.5153,34.2288,7,7,0,0.707878,0.849272,0.141394,0,0,0,0
52.5,806,1,1.16849,1.16849,0.577278,0.392437,0.184842,34.3091,33.5697,14,9,-5,0.537891,0.484754,0.0531376,0,0,0,0
52.5,806,2,1.12618,1.12618,0.138546,0.595359,0.456813,32.5542,34.3814,9,10,1,0.436674,0.563179,0.126506,0,0,0,0
52.5,806,3,0.301261,0.301261,0.710764,0.878826,0.168062,34.8431,35.5153,7,11,4,0.849272,0.795146,0.0541264,0,0,0,0
53,807,1,0.955895,0.955895,0.376148,0.577278,0.20113,33.5046,34.3091,9,9,0,0.484754,0.58129,0.096536,0,0,0,0
53,807,2,1.30054,1.30054,0.416796,0.138546,0.278249,33.6672,32.5542,10,10,0,0.563179,0.460674,0.102506,0,0,0,0
53,807,3,0.587738,0.587738,-0.270246,0.710764,0.98101,30.919,34.8431,11,11,0,0.795146,0.701117,0.0940288,0,0,0,0
53.5,808,1,0.939216,0.939216,-0.840881,0.376148,1.21703,28.6365,33.5046,9,11,2,0.58129,0.652973,0.0716832,0,0,0,0
53.5,808,2,0.241663,0.241663,0.604711,0.416796,0.187916,34.4188,33.6672,10,7,-3,0.460674,0.552757,0.0920832,0,0,0,0
53.5,808,3,0.416871,0.416871,0.217074,-0.270246,0.48732,32.8683,30.919,11,12,1,0.701117,0.65385,0.0472672,0,0,0,0
54,809,1,0.368853,0.368853,0.491925,-0.840881,1.33281,33.9677,28.6365,11,12,1,0.652973,0.436816,0.216157,0,0,0,0
54,809,2,0.284666,0.284666,0.366062,0.604711,0.238649,33.4642,34.4188,7,10,3,0.552757,0.752003,0.199246,0,0,0,0
54,809,3,0.143176,0.143176,-0.297487,0.217074,0.514561,30.8101,32.8683,12,8,-4,0.65385,0.807902,0.154053,0,0,0,0
54.5,810,1,1.25864,1.25864,0.790488,0.491925,0.298562,35.162,33.9677,12,13,1,0.436816,0.482381,0.0455648,0,0,0,0
54.5,810,2,1.27215,1.27215,0.880783,0.366062,0.514722,35.5231,33.4642,10,11,1,0.752003,0.720136,0.0318672,0,0,0,0
54.5,810,3,0.0431412,0.0431412,0.780383,-0.297487,1.07787,35.1215,30.8101,8,6,-2,0.807902,0.783718,0.024184,0,0,0,0
55,811,1,0.416132,0.416132,0.807528,0.790488,0.0170407,35.2301,35.162,13,12,-1,0.482381,0.583883,0.101502,0,0,1,0
55,811,2,0.688293,0.688293,0.98027,0.880783,0.0994866,35.9211,35.5231,11,11,0,0.720136,0.600787,0.119349,0,0,0,0
55,811,3,0.524869,0.524869,0.726958,0.780383,0.0534251,34.9078,35.1215,6,7,1,0.783718,0.77125,0.0124688,0,0,0,0
55.5,812,1,0.325288,0.325288,0.846222,0.807528,0.0386938,35.3849,35.2301,12,8,-4,0.583883,0.554454,0.0294288,0,0,0,0
55.5,812,2,1.11415,1.11415,0.304413,0.98027,0.675857,33.2177,35.9211,11,13,2,0.600787,0.584552,0.0162352,0,0,0,0
55.5,812,3,0.325052,0.325052,0.188099,0.726958,0.538859,32.7524,34.9078,7,9,2,0.77125,0.737675,0.0335744,0,0,0,0
56,813,1,1.37289,1.37289,0.778588,0.846222,0.0676342,35.1144,35.3849,8,12,4,0.554454,0.631498,0.0770432,0,0,0,0
56,813,2,0.5965,0.5965,0.757633,0.304413,0.45322,35.0305,33.2177,13,11,-2,0.584552,0.57655,0.0080016,0,0,0,0
56,813,3,1.04518,1.04518,-0.660488,0.188099,0.848587,29.358,32.7524,9,7,-2,0.737675,0.710502,0.0271728,0,0,0,0
56.5,814,1,1.4508,1.4508,0.74556,0.778588,0.0330285,34.9822,35.1144,12,10,-2,0.631498,0.733053,0.101555,0,0,0,0
56.5,814,2,0.6745,0.6745,0.708966,0.757633,0.0486667,34.8359,35.0305,11,11,0,0.57655,0.656203,0.0796528,0,0,0,0
56.5,814,3,0.367747,0.367747,-0.24583,-0.660488,0.414658,31.0167,29.358,7,9,2,0.710502,0.520488,0.190014,0,0,0,0
57,815,1,0.188605,0.188605,0.846809,0.74556,0.101249,35.3872,34.9822,10,13,3,0.733053,0.658082,0.0749712,0,0,0,0
57,815,2,0.605106,0.605106,0.878796,0.708966,0.169829,35.5152,34.8359,11,11,0,0.656203,0.65352,0.0026832,0,0,0,0
57,815,3,0.865435,0.865435,0.0227089,-0.24583,0.268539,32.0908,31.0167,9,6,-3,0.520488,0.548109,0.0276208,0,0,0,0
57.5,816,1,1.10926,1.10926,-0.127734,0.846809,0.974543,31.4891,35.3872,13,12,-1,0.658082,0.589136,0.0689456,0,0,0,0
57.5,816,2,0.601345,0.601345,0.797314,0.878796,0.0814818,35.1893,35.5152,11,11,0,0.65352,0.649338,0.0041824,0,0,0,0
57.5,816,3,0.349864,0.349864,0.853995,0.0227089,0.831286,35.416,32.0908,6,7,1,0.548109,0.602464,0.0543552,0,0,0,0
58,817,1,1.14584,1.14584,0.316601,-0.127734,0.444335,33.2664,31.4891,12,13,1,0.589136,0.451864,0.137272,0,0,0,0
58,817,2,0.420963,0.420963,0.970162,0.797314,0.172848,35.8806,35.1893,11,10,-1,0.649338,0.701763,0.0524256,0,0,0,0
58,817,3,1.30073,1.30073,0.921312,0.853995,0.0673177,35.6852,35.416,7,7,0,0.602464,0.932416,0.329952,0,0,0,0
58.5,818,1,1.63699,1.63699,0.474596,0.316601,0.157995,33.8984,33.2664,13,12,-1,0.451864,0.417411,0.0344528,0,0,0,0
58.5,818,2,1.52847,1.52847,0.653806,0.970162,0.316356,34.6152,35.8806,10,10,0,0.701763,0.645006,0.0567568,0,0,0,0
58.5,818,3,0.423812,0.423812,0.244607,0.921312,0.676705,32.9784,35.6852,7,8,1,0.932416,0.839398,0.0930176,0,0,0,0
0.5,820,1,-1,-1,0.576516,0.576516,-1,34.3061,34.3061,10,10,0,0.493675,0.493675,0,0,0,0,0
0.5,820,2,-1,-1,0.561482,0.561482,-1,34.2459,34.2459,11,11,0,0.399605,0.399605,0,0,0,0,0
0.5,820,3,-1,-1,0.502071,0.502071,-1,34.0083,34.0083,9,9,0,0.787112,0.787112,0,0,0,0,0
0.6,821,1,0.00450213,0.00450213,0.638386,0.576516,0.0618708,34.5535,34.3061,10,10,0,0.493675,0.531051,0.037376,0,1,0,0
0.6,821,2,0.00368464,0.00368464,0.573686,0.561482,0.012204,34.2947,34.2459,11,11,0,0.399605,0.413781,0.014176,0,1,1,0
0.6,821,3,0.000889745,0.000889745,0.497482,0.502071,0.00458935,33.9899,34.0083,9,9,0,0.787112,0.779728,0.007384,0,1,1,1
0.7,822,1,0.0129482,0.0129482,0.418526,0.638386,0.219861,33.6741,34.5535,10,10,0,0.531051,0.568795,0.037744,0,1,0,0
0.7,822,2,0.00281587,0.00281587,0.549582,0.573686,0.0241035,34.1983,34.2947,11,11,0,0.413781,0.428365,0.014584,0,1,0,0
0.7,822,3,0.0168184,0.0168184,0.390613,0.497482,0.106869,33.5625,33.9899,9,9,0,0.779728,0.639216,0.140512,0,1,0,0
0.8,823,1,0.0480914,0.0480914,0.454751,0.418526,0.0362249,33.819,33.6741,10,11,1,0.568795,0.373285,0.195509,0,0,0,0
0.8,823,2,0.0237863,0.0237863,0.613442,0.549582,0.0638602,34.4538,34.1983,11,10,-1,0.428365,0.543987,0.115621,0,0,0,0
0.8,823,3,0.00145898,0.00145898,0.42142,0.390613,0.0308076,33.6857,33.5625,9,9,0,0.639216,0.67504,0.035824,0,1,0,0
0.9,824,1,0.000417925,0.000417925,0.442869,0.454751,0.011882,33.7715,33.819,11,11,0,0.373285,0.387781,0.014496,0,1,1,0
0.9,824,2,0.00562101,0.00562101,0.628841,0.613442,0.0153987,34.5154,34.4538,10,10,0,0.543987,0.564251,0.020264,0,1,1,0
0.9,824,3,0.00275781,0.00275781,0.432407,0.42142,0.0109866,33.7296,33.6857,9,9,0,0.67504,0.69192,0.01688,0,1,1,0
1,825,1,0.0189982,0.0189982,0.465321,0.442869,0.0224525,33.8613,33.7715,11,11,0,0.387781,0.382469,0.005312,0,1,0,0
1,825,2,0.00663512,0.00663512,0.589974,0.628841,0.0388675,34.3599,34.5154,10,10,0,0.564251,0.522571,0.04168,0,1,0,0
1,825,3,0.00098614,0.00098614,0.429198,0.432407,0.00320888,33.7168,33.7296,9,9,0,0.69192,0.686544,0.005376,0,1,1,1
1.1,826,1,0.000233255,0.000233255,0.46448,0.465321,0.000841558,33.8579,33.8613,11,11,0,0.382469,0.386325,0.003856,0,1,1,1
1.1,826,2,0.00244059,0.00244059,0.59768,0.589974,0.00770676,34.3907,34.3599,10,10,0,0.522571,0.531563,0.008992,0,1,1,1
1.1,826,3,0.00128158,0.00128158,0.433303,0.429198,0.00410452,33.7332,33.7168,9,9,0,0.686544,0.69336,0.006816,0,1,1,1
1.2,827,1,0.00155523,0.00155523,0.474159,0.46448,0.00967935,33.8966,33.8579,11,10,-1,0.386325,0.418619,0.0322933,1,1,1,0
1.2,827,2,0.00193505,0.00193505,0.614034,0.59768,0.0163535,34.4561,34.3907,10,11,1,0.531563,0.473277,0.0582853,1,1,1,0
1.2,827,3,0.0020084,0.0020084,0.426614,0.433303,0.0066883,33.7065,33.7332,9,9,0,0.69336,0.681976,0.011384,1,1,1,0
1.3,828,1,0.0171886,0.0171886,0.535011,0.474159,0.0608521,34.14,33.8966,10,10,0,0.418619,0.456603,0.037984,0,1,0,0
1.3,828,2,0.0148536,0.0148536,0.580335,0.614034,0.0336988,34.3213,34.4561,11,11,0,0.473277,0.425589,0.047688,0,1,0,0
1.3,828,3,0.00170972,0.00170972,0.432397,0.426614,0.00578266,33.7296,33.7065,9,9,0,0.681976,0.691904,0.009928,0,1,1,1
1.4,829,1,0.00428115,0.00428115,0.526277,0.535011,0.00873417,34.1051,34.14,10,10,0,0.456603,0.548747,0.092144,0,1,1,0
1.4,829,2,0.0109622,0.0109622,0.571425,0.580335,0.00890976,34.2857,34.3213,11,11,0,0.425589,0.441701,0.016112,0,1,1,0
1.4,829,3,0.00345492,0.00345492,0.388089,0.432397,0.0443083,33.5524,33.7296,9,9,0,0.691904,0.633952,0.057952,0,1,0,0
1.5,830,1,0.0062474,0.0062474,0.492698,0.526277,0.0335792,33.9708,34.1051,10,10,0,0.548747,0.574131,0.025384,0,1,0,0
1.5,830,2,0.0212621,0.0212621,0.544395,0.571425,0.0270302,34.1776,34.2857,11,11,0,0.441701,0.429845,0.011856,0,0,0,0
1.5,830,3,0.00190541,0.00190541,0.370925,0.388089,0.0171637,33.4837,33.5524,9,9,0,0.633952,0.617848,0.016104,0,1,1,0
1.6,831,1,0.0450333,0.0450333,0.484278,0.492698,0.00841972,33.9371,33.9708,10,10,0,0.574131,0.514395,0.059736,0,0,1,0
1.6,831,2,0.0324541,0.0324541,0.586576,0.544395,0.0421806,34.3463,34.1776,11,11,0,0.429845,0.449781,0.019936,0,0,0,0
1.6,831,3,0.00971757,0.00971757,0.445615,0.370925,0.0746902,33.7825,33.4837,9,9,0,0.617848,0.70832,0.090472,0,1,0,0
1.7,832,1,0.00144214,0.00144214,0.495286,0.484278,0.0110078,33.9811,33.9371,10,11,1,0.514395,0.387445,0.126949,0,1,1,0
1.7,832,2,0.00421033,0.00421033,0.567327,0.586576,0.0192489,34.2693,34.3463,11,10,-1,0.449781,0.496219,0.0464373,0,1,1,0
1.7,832,3,0.00605611,0.00605611,0.457195,0.445615,0.0115799,33.8288,33.7825,9,9,0,0.70832,0.721488,0.013168,0,1,1,0
1.8,833,1,0.000390619,0.000390619,0.492268,0.495286,0.00301749,33.9691,33.9811,11,11,0,0.387445,0.391813,0.004368,0,1,1,1
1.8,833,2,0.00877015,0.00877015,0.603146,0.567327,0.0358194,34.4126,34.2693,10,10,0,0.496219,0.531563,0.035344,0,1,0,0
1.8,833,3,0.00225457,0.00225457,0.453262,0.457195,0.00393352,33.813,33.8288,9,9,0,0.721488,0.71692,0.004568,0,1,1,1
1.9,834,1,0.00756828,0.00756828,0.436328,0.492268,0.0559405,33.7453,33.9691,11,11,0,0.391813,0.395813,0.004,0,1,0,0
1.9,834,2,0.0170287,0.0170287,0.591029,0.603146,0.0121173,34.3641,34.4126,10,10,0,0.531563,0.529819,0.001744,0,1,1,1
1.9,834,3,0.00725558,0.00725558,0.43535,0.453262,0.0179118,33.7414,33.813,9,9,0,0.71692,0.69644,0.02048,0,1,1,0
2,835,1,0.0398593,0.0398593,0.491883,0.436328,0.0555554,33.9675,33.7453,11,10,-1,0.395813,0.453963,0.0581493,0,0,0,0
2,835,2,0.0154862,0.0154862,0.572652,0.591029,0.0183766,34.2906,34.3641,10,11,1,0.529819,0.421933,0.107885,0,1,1,0
2,835,3,0.00296652,0.00296652,0.425049,0.43535,0.0103007,33.7002,33.7414,9,9,0,0.69644,0.67968,0.01676,0,1,1,0
2.1,836,1,0.00117259,0.00117259,0.489648,0.491883,0.00223497,33.9586,33.9675,10,10,0,0.453963,0.465323,0.01136,0,1,1,0
2.1,836,2,0.00807165,0.00807165,0.593057,0.572652,0.0204044,34.3722,34.2906,11,11,0,0.421933,0.448933,0.027,0,1,0,0
2.1,836,3,0.000637697,0.000637697,0.419782,0.425049,0.0052669,33.6791,33.7002,9,9,0,0.67968,0.672896,0.006784,0,1,1,1
2.2,837,1,0.0292544,0.0292544,0.412574,0.489648,0.0770742,33.6503,33.9586,10,10,0,0.465323,0.463083,0.00224,0,0,0,0
2.2,837,2,0.0139127,0.0139127,0.588394,0.593057,0.00466257,34.3536,34.3722,11,11,0,0.448933,0.452517,0.003584,0,1,1,1
2.2,837,3,7.23223e-05,7.23223e-05,0.42017,0.419782,0.000388116,33.6807,33.6791,9,9,0,0.672896,0.673392,0.000496,0,1,1,1
2.3,838,1,0.000535987,0.000535987,0.410412,0.412574,0.00216228,33.6416,33.6503,10,10,0,0.463083,0.465323,0.00224,0,1,1,1
2.3,838,2,0.00095794,0.00095794,0.590856,0.588394,0.00246215,34.3634,34.3536,11,11,0,0.452517,0.455909,0.003392,0,1,1,1
2.3,838,3,0.00047548,0.00047548,0.411478,0.42017,0.00869271,33.6459,33.6807,9,9,0,0.673392,0.662144,0.011248,0,1,1,0
2.4,839,1,0.000536449,0.000536449,0.408751,0.410412,0.00166062,33.635,33.6416,10,10,0,0.465323,0.467067,0.001744,0,1,1,1
2.4,839,2,0.00095794,0.00095794,0.588394,0.590856,0.00246215,34.3536,34.3634,11,11,0,0.455909,0.452517,0.003392,0,1,1,1
2.4,839,3,0.000139053,0.000139053,0.414574,0.411478,0.00309619,33.6583,33.6459,9,9,0,0.662144,0.666144,0.004,0,1,1,1
2.5,840,1,0.000894405,0.000894405,0.411857,0.408751,0.00310519,33.6474,33.635,10,10,0,0.467067,0.463827,0.00324,1,1,1,1
2.5,840,2,0.00106032,0.00106032,0.585822,0.588394,0.00257206,34.3433,34.3536,11,11,0,0.452517,0.448925,0.003592,1,1,1,1
2.5,840,3,0.000138495,0.000138495,0.41149,0.414574,0.00308383,33.646,33.6583,9,9,0,0.666144,0.66216,0.003984,1,1,1,1
2.6,841,1,0.000174195,0.000174195,0.411154,0.411857,0.000702739,33.6446,33.6474,10,10,0,0.463827,0.464555,0.000728,2,1,1,1
2.6,841,2,0.00776775,0.00776775,0.614106,0.585822,0.0282836,34.4564,34.3433,11,11,0,0.448925,0.485829,0.036904,2,1,0,0
2.6,841,3,0.000297004,0.000297004,0.418092,0.41149,0.00660184,33.6724,33.646,9,9,0,0.66216,0.670704,0.008544,2,1,1,1
2.7,842,1,0.00918251,0.00918251,0.425972,0.411154,0.0148184,33.7039,33.6446,10,10,0,0.464555,0.463851,0.000704,0,1,1,1
2.7,842,2,0.00978578,0.00978578,0.603543,0.614106,0.0105625,34.4142,34.4564,11,11,0,0.485829,0.492853,0.007024,0,1,1,1
2.7,842,3,0.00036819,0.00036819,0.409901,0.418092,0.00819075,33.6396,33.6724,9,9,0,0.670704,0.660112,0.010592,0,1,1,0
2.8,843,1,0.000550449,0.000550449,0.425316,0.425972,0.000656158,33.7013,33.7039,10,10,0,0.463851,0.465323,0.001472,0,1,1,1
2.8,843,2,7.99447e-06,7.99447e-06,0.603413,0.603543,0.000130475,34.4137,34.4142,11,11,0,0.492853,0.492637,0.000216,0,1,1,1
2.8,843,3,0.000280024,0.000280024,0.416137,0.409901,0.00623581,33.6645,33.6396,9,9,0,0.660112,0.668168,0.008056,0,1,1,1
2.9,844,1,0.00898429,0.00898429,0.412574,0.425316,0.0127418,33.6503,33.7013,10,10,0,0.465323,0.463083,0.00224,1,1,1,1
2.9,844,2,0.0115057,0.0115057,0.628889,0.603413,0.0254765,34.5156,34.4137,11,11,0,0.492637,0.503221,0.010584,1,1,0,0
2.9,844,3,2.89138e-05,2.89138e-05,0.415495,0.416137,0.00064227,33.662,33.6645,9,9,0,0.668168,0.667336,0.000832,1,1,1,1
3,845,1,0.000371747,0.000371747,0.406713,0.412574,0.00586161,33.6269,33.6503,10,10,0,0.463083,0.465323,0.00224,0,1,1,1
3,845,2,0.0012974,0.0012974,0.617643,0.628889,0.011246,34.4706,34.5156,11,11,0,0.503221,0.490085,0.013136,0,1,1,0
3,845,3,0.000273919,0.000273919,0.409392,0.415495,0.00610304,33.6376,33.662,9,9,0,0.667336,0.659456,0.00788,0,1,1,1
3.1,846,1,0.000554346,0.000554346,0.405363,0.406713,0.00134972,33.6215,33.6269,10,10,0,0.465323,0.467067,0.001744,0,1,1,1
3.1,846,2,0.00128371,0.00128371,0.628728,0.617643,0.0110848,34.5149,34.4706,11,11,0,0.490085,0.503037,0.012952,0,1,1,0
3.1,846,3,0.000325362,0.000325362,0.416637,0.409392,0.00724521,33.6665,33.6376,9,9,0,0.659456,0.668816,0.00936,0,1,1,1
3.2,847,1,0.000742294,0.000742294,0.411833,0.405363,0.0064705,33.6473,33.6215,10,10,0,0.467067,0.463851,0.003216,0,1,1,1
3.2,847,2,0.00108704,0.00108704,0.619251,0.628728,0.00947714,34.477,34.5149,11,11,0,0.503037,0.492029,0.011008,0,1,1,0
3.2,847,3,8.89399e-05,8.89399e-05,0.413697,0.416637,0.00294027,33.6548,33.6665,9,9,0,0.668816,0.666696,0.00212,0,1,1,1
3.3,848,1,0.000168428,0.000168428,0.411154,0.411833,0.000679612,33.6446,33.6473,10,10,0,0.463851,0.464555,0.000704,0,1,1,1
3.3,848,2,0.00114473,0.00114473,0.629408,0.619251,0.0101569,34.5176,34.477,11,11,0,0.492029,0.503813,0.011784,0,1,1,0
3.3,848,3,0.000114263,0.000114263,0.413219,0.413697,0.00047797,33.6529,33.6548,9,9,0,0.666696,0.666128,0.000568,0,1,1,1
3.4,849,1,0.000168428,0.000168428,0.411833,0.411154,0.000679612,33.6473,33.6446,10,10,0,0.464555,0.463851,0.000704,0,1,1,1
3.4,849,2,0.000597853,0.000597853,0.623789,0.629408,0.00561816,34.4952,34.5176,11,11,0,0.503813,0.497365,0.006448,0,1,1,1
3.4,849,3,0.000801384,0.000801384,0.40986,0.413219,0.00335878,33.6394,33.6529,9,9,0,0.666128,0.662144,0.003984,0,1,1,1
3.5,850,1,0.000356592,0.000356592,0.417169,0.411833,0.00533596,33.6687,33.6473,10,10,0,0.463851,0.467051,0.0032,1,1,1,1
3.5,850,2,0.000116037,0.000116037,0.624764,0.623789,0.000974476,34.4991,34.4952,11,11,0,0.497365,0.498485,0.00112,1,1,1,1
3.5,850,3,0.00165536,0.00165536,0.417286,0.40986,0.00742611,33.6691,33.6394,9,9,0,0.662144,0.670688,0.008544,1,1,1,1
3.6,851,1,6.40973e-05,6.40973e-05,0.421362,0.417169,0.00419235,33.6854,33.6687,10,10,0,0.467051,0.461339,0.005712,2,1,1,1
3.6,851,2,0.000376306,0.000376306,0.621597,0.624764,0.00316709,34.4864,34.4991,11,11,0,0.498485,0.494853,0.003632,2,1,1,1
3.6,851,3,0.0021011,0.0021011,0.408145,0.417286,0.00914064,33.6326,33.6691,9,9,0,0.670688,0.660088,0.0106,2,1,1,0
3.7,852,1,6.13406e-05,6.13406e-05,0.417161,0.421362,0.00420111,33.6686,33.6854,10,10,0,0.461339,0.467067,0.005728,0,1,1,1
3.7,852,2,0.000858122,0.000858122,0.629408,0.621597,0.00781077,34.5176,34.4864,11,11,0,0.494853,0.503813,0.00896,0,1,1,1
3.7,852,3,0.00163884,0.00163884,0.415019,0.408145,0.00687391,33.6601,33.6326,9,9,0,0.660088,0.668176,0.008088,0,1,1,1
3.8,853,1,0.000235081,0.000235081,0.419264,0.417161,0.00210351,33.6771,33.6686,10,10,0,0.467067,0.463851,0.003216,1,1,1,1
3.8,853,2,0.00114637,0.00114637,0.619238,0.629408,0.0101701,34.477,34.5176,11,11,0,0.503813,0.492013,0.0118,1,1,1,0
3.8,853,3,0.000152991,0.000152991,0.414264,0.415019,0.000754803,33.6571,33.6601,9,9,0,0.668176,0.667344,0.000832,1,1,1,1
3.9,854,1,0.00405068,0.00405068,0.431356,0.419264,0.0120921,33.7254,33.6771,10,10,0,0.463851,0.464555,0.000704,0,1,1,1
3.9,854,2,0.0108181,0.0108181,0.610111,0.619238,0.00912642,34.4404,34.477,11,11,0,0.492013,0.503797,0.011784,0,1,1,0
3.9,854,3,0.00129117,0.00129117,0.409726,0.414264,0.00453848,33.6389,33.6571,9,9,0,0.667344,0.659448,0.007896,0,1,1,1
4,855,1,0.000245295,0.000245295,0.431638,0.431356,0.000281632,33.7266,33.7254,10,10,0,0.464555,0.463851,0.000704,0,1,1,1
4,855,2,0.000332722,0.000332722,0.604745,0.610111,0.00536638,34.419,34.4404,11,11,0,0.503797,0.494845,0.008952,0,1,1,1
4,855,3,0.00363272,0.00363272,0.419454,0.409726,0.00972772,33.6778,33.6389,9,9,0,0.659448,0.668816,0.009368,0,1,1,1
4.1,856,1,0.0223956,0.0223956,0.4553,0.431638,0.0236623,33.8212,33.7266,10,10,0,0.463851,0.465323,0.001472,1,0,0,0
4.1,856,2,0.0103341,0.0103341,0.618001,0.604745,0.0132561,34.472,34.419,11,11,0,0.494845,0.490517,0.004328,1,1,1,1
4.1,856,3,0.000827845,0.000827845,0.417412,0.419454,0.00204179,33.6696,33.6778,9,9,0,0.668816,0.666704,0.002112,1,1,1,1
4.2,857,1,0.00228523,0.00228523,0.461267,0.4553,0.00596663,33.8451,33.8212,10,10,0,0.465323,0.466283,0.00096,0,1,1,1
4.2,857,2,0.000955124,0.000955124,0.625931,0.618001,0.00792992,34.5037,34.472,11,11,0,0.490517,0.499829,0.009312,0,1,1,1
4.2,857,3,0.000225781,0.000225781,0.416854,0.417412,0.000557661,33.6674,33.6696,9,9,0,0.666704,0.666128,0.000576,0,1,1,1
4.3,858,1,5.69373e-05,5.69373e-05,0.464305,0.461267,0.00303778,33.8572,33.8451,10,10,0,0.466283,0.462091,0.004192,1,1,1,1
4.3,858,2,0.000157489,0.000157489,0.627247,0.625931,0.00131625,34.509,34.5037,11,11,0,0.499829,0.501349,0.00152,1,1,1,1
4.3,858,3,0.0015559,0.0015559,0.412732,0.416854,0.0041225,33.6509,33.6674,9,9,0,0.666128,0.66212,0.004008,1,1,1,1
4.4,859,1,7.01249e-05,7.01249e-05,0.460709,0.464305,0.00359502,33.8428,33.8572,10,10,0,0.462091,0.467051,0.00496,2,1,1,1
4.4,859,2,0.000709536,0.000709536,0.621289,0.627247,0.00595826,34.4852,34.509,11,11,0,0.501349,0.494501,0.006848,2,1,1,1
4.4,859,3,0.00097263,0.00097263,0.415412,0.412732,0.0026806,33.6616,33.6509,9,9,0,0.66212,0.66464,0.00252,2,1,1,1
4.5,860,1,4.66555e-05,4.66555e-05,0.463054,0.460709,0.0023441,33.8522,33.8428,10,10,0,0.467051,0.463819,0.003232,3,1,1,1
4.5,860,2,0.000448406,0.000448406,0.625063,0.621289,0.00377411,34.5003,34.4852,11,11,0,0.494501,0.498829,0.004328,3,1,1,1
4.5,860,3,0.000577002,0.000577002,0.416839,0.415412,0.00142649,33.6674,33.6616,9,9,0,0.66464,0.666112,0.001472,3,1,1,1
4.6,861,1,0.00206719,0.00206719,0.523185,0.463054,0.0601313,34.0927,33.8522,10,10,0,0.463819,0.464539,0.00072,4,1,0,0
4.6,861,2,0.000103641,0.000103641,0.625931,0.625063,0.000867903,34.5037,34.5003,11,11,0,0.498829,0.499829,0.001,4,1,1,1
4.6,861,3,0.000222637,0.000222637,0.417389,0.416839,0.000549823,33.6696,33.6674,9,9,0,0.666112,0.66668,0.000568,4,1,1,1
4.7,862,1,0.0280603,0.0280603,0.508535,0.523185,0.0146497,34.0341,34.0927,10,10,0,0.464539,0.540139,0.0756,0,0,1,0
4.7,862,2,0.0162741,0.0162741,0.567516,0.625931,0.0584147,34.2701,34.5037,11,11,0,0.499829,0.441157,0.058672,0,1,0,0
4.7,862,3,0.00113247,0.00113247,0.401333,0.417389,0.0160558,33.6053,33.6696,9,9,0,0.66668,0.645904,0.020776,0,1,1,0
4.8,863,1,0.0185074,0.0185074,0.418616,0.508535,0.0899189,33.6745,34.0341,10,10,0,0.540139,0.566459,0.02632,0,1,0,0
4.8,863,2,0.00252876,0.00252876,0.557896,0.567516,0.00962025,34.2316,34.2701,11,11,0,0.441157,0.429829,0.011328,0,1,1,0
4.8,863,3,0.00145917,0.00145917,0.396966,0.401333,0.00436723,33.5879,33.6053,9,9,0,0.645904,0.642112,0.003792,0,1,1,1
4.9,864,1,0.0457948,0.0457948,0.424832,0.418616,0.0062162,33.6993,33.6745,10,10,0,0.566459,0.507627,0.058832,0,0,1,0
4.9,864,2,0.0145997,0.0145997,0.614592,0.557896,0.0566966,34.4584,34.2316,11,11,0,0.429829,0.489581,0.059752,0,1,0,0
4.9,864,3,0.000817558,0.000817558,0.407486,0.396966,0.0105203,33.6299,33.5879,9,9,0,0.642112,0.65728,0.015168,0,1,1,0
5,865,1,0.00909423,0.00909423,0.437308,0.424832,0.0124756,33.7492,33.6993,10,10,0,0.507627,0.461339,0.046288,0,1,1,0
5,865,2,0.000741112,0.000741112,0.625175,0.614592,0.0105824,34.5007,34.4584,11,11,0,0.489581,0.501781,0.0122,0,1,1,0
5,865,3,0.00692981,0.00692981,0.425665,0.407486,0.0181792,33.7027,33.6299,9,9,0,0.65728,0.675376,0.018096,0,1,1,0
5.1,866,1,0.00289413,0.00289413,0.435552,0.437308,0.00175646,33.7422,33.7492,10,10,0,0.461339,0.467067,0.005728,0,1,1,1
5.1,866,2,0.0146196,0.0146196,0.611064,0.625175,0.0141107,34.4443,34.5007,11,11,0,0.501781,0.513013,0.011232,0,1,1,0
5.1,866,3,0.00607713,0.00607713,0.410429,0.425665,0.0152363,33.6417,33.7027,9,9,0,0.675376,0.660072,0.015304,0,1,1,0
5.2,867,1,0.00162511,0.00162511,0.436538,0.435552,0.000986576,33.7462,33.7422,10,10,0,0.467067,0.463851,0.003216,0,1,1,1
5.2,867,2,6.13257e-05,6.13257e-05,0.612067,0.611064,0.00100327,34.4483,34.4443,11,11,0,0.513013,0.514525,0.001512,0,1,1,1
5.2,867,3,0.00313664,0.00313664,0.41882,0.410429,0.0083912,33.6753,33.6417,9,9,0,0.660072,0.66816,0.008088,0,1,1,1
5.3,868,1,0.0304939,0.0304939,0.46252,0.436538,0.0259821,33.8501,33.7462,10,10,0,0.463851,0.464555,0.000704,1,0,0,0
5.3,868,2,0.014463,0.014463,0.637348,0.612067,0.0252808,34.5494,34.4483,11,11,0,0.514525,0.516997,0.002472,1,1,0,0
5.3,868,3,0.00137977,0.00137977,0.415412,0.41882,0.0034076,33.6616,33.6753,9,9,0,0.66816,0.66464,0.00352,1,1,1,1
5.4,869,1,1.04159e-05,1.04159e-05,0.461963,0.46252,0.000556886,33.8479,33.8501,10,10,0,0.464555,0.465323,0.000768,0,1,1,1
5.4,869,2,9.24813e-05,9.24813e-05,0.632221,0.637348,0.00512695,34.5289,34.5494,11,11,0,0.516997,0.510541,0.006456,0,1,1,1
5.4,869,3,0.00353052,0.00353052,0.413198,0.415412,0.0022139,33.6528,33.6616,9,9,0,0.66464,0.666104,0.001464,0,1,1,1
5.5,870,1,0.00189832,0.00189832,0.523302,0.461963,0.0613388,34.0932,33.8479,10,10,0,0.465323,0.463851,0.001472,1,1,0,0
5.5,870,2,8.69576e-05,8.69576e-05,0.627348,0.632221,0.00487328,34.5094,34.5289,11,11,0,0.510541,0.504469,0.006072,1,1,1,1
5.5,870,3,0.000801391,0.000801391,0.40984,0.413198,0.00335881,33.6394,33.6528,9,9,0,0.666104,0.66212,0.003984,1,1,1,1
5.6,871,1,0.0283488,0.0283488,0.508447,0.523302,0.0148554,34.0338,34.0932,10,10,0,0.463851,0.541899,0.078048,0,0,1,0
5.6,871,2,0.00634285,0.00634285,0.591,0.627348,0.0363485,34.364,34.5094,11,11,0,0.504469,0.465061,0.039408,0,1,0,0
5.6,871,3,0.00670081,0.00670081,0.408283,0.40984,0.00155702,33.6331,33.6394,9,9,0,0.66212,0.6522,0.00992,0,1,1,1
5.7,872,1,0.00364321,0.00364321,0.51102,0.508447,0.00257331,34.0441,34.0338,10,10,0,0.541899,0.566459,0.02456,0,1,1,0
5.7,872,2,0.00451973,0.00451973,0.56859,0.591,0.0224092,34.2744,34.364,11,11,0,0.465061,0.437909,0.027152,0,1,0,0
5.7,872,3,0.00858955,0.00858955,0.358884,0.408283,0.0493989,33.4355,33.6331,9,9,0,0.6522,0.601264,0.050936,0,1,0,0
5.8,873,1,0.0142762,0.0142762,0.418593,0.51102,0.0924269,33.6744,34.0441,10,10,0,0.566459,0.568507,0.002048,0,1,0,0
5.8,873,2,0.000679933,0.000679933,0.566477,0.56859,0.00211364,34.2659,34.2744,11,11,0,0.437909,0.435245,0.002664,0,1,1,1
5.8,873,3,0.0013026,0.0013026,0.358108,0.358884,0.000775099,33.4324,33.4355,9,9,0,0.601264,0.598704,0.00256,0,1,1,1
5.9,874,1,0.0470247,0.0470247,0.423696,0.418593,0.00510335,33.6948,33.6744,10,10,0,0.568507,0.503835,0.064672,0,0,1,0
5.9,874,2,0.0115062,0.0115062,0.6219,0.566477,0.0554233,34.4876,34.2659,11,11,0,0.435245,0.497885,0.06264,0,1,0,0
5.9,874,3,0.00212829,0.00212829,0.38285,0.358108,0.0247414,33.5314,33.4324,9,9,0,0.598704,0.62804,0.029336,0,1,0,0
6,875,1,0.00724555,0.00724555,0.436087,0.423696,0.0123903,33.7443,33.6948,10,10,0,0.503835,0.465323,0.038512,0,1,1,0
6,875,2,0.000143264,0.000143264,0.637355,0.6219,0.0154546,34.5494,34.4876,11,11,0,0.497885,0.517005,0.01912,0,1,1,0
6,875,3,0.000347185,0.000347185,0.415005,0.38285,0.0321548,33.66,33.5314,9,9,0,0.62804,0.66816,0.04012,0,1,0,0
6.1,876,1,0.0011318,0.0011318,0.436774,0.436087,0.000686854,33.7471,33.7443,10,10,0,0.465323,0.463083,0.00224,0,1,1,1
6.1,876,2,0.000111831,0.000111831,0.631147,0.637355,0.00620782,34.5246,34.5494,11,11,0,0.517005,0.509197,0.007808,0,1,1,1
6.1,876,3,0.000688055,0.000688055,0.411965,0.415005,0.0030393,33.6479,33.66,9,9,0,0.66816,0.66464,0.00352,0,1,1,1
6.2,877,1,0.0011318,0.0011318,0.436087,0.436774,0.000686854,33.7443,33.7471,10,10,0,0.463083,0.465323,0.00224,1,1,1,1
6.2,877,2,8.4443e-06,8.4443e-06,0.63162,0.631147,0.000473559,34.5265,34.5246,11,11,0,0.509197,0.509789,0.000592,1,1,1,1
6.2,877,3,0.000505292,0.000505292,0.409846,0.411965,0.00211909,33.6394,33.6479,9,9,0,0.66464,0.662128,0.002512,1,1,1,1
6.3,878,1,0.000743777,0.000743777,0.436538,0.436087,0.000451386,33.7462,33.7443,10,10,0,0.465323,0.463851,0.001472,2,1,1,1
6.3,878,2,0.014505,0.014505,0.611064,0.63162,0.0205562,34.4443,34.5265,11,11,0,0.509789,0.513013,0.003224,2,1,0,0
6.3,878,3,0.00079818,0.00079818,0.413192,0.409846,0.00334531,33.6528,33.6394,9,9,0,0.662128,0.666096,0.003968,2,1,1,1
6.4,879,1,0.000355676,0.000355676,0.436322,0.436538,0.000215858,33.7453,33.7462,10,10,0,0.463851,0.464555,0.000704,0,1,1,1
6.4,879,2,6.13257e-05,6.13257e-05,0.612067,0.611064,0.00100327,34.4483,34.4443,11,11,0,0.513013,0.514525,0.001512,0,1,1,1
6.4,879,3,0.000618747,0.000618747,0.416107,0.413192,0.00291526,33.6644,33.6528,9,9,0,0.666096,0.669376,0.00328,0,1,1,1
6.5,880,1,0.0261399,0.0261399,0.521733,0.436322,0.0854107,34.0869,33.7453,10,10,0,0.464555,0.472283,0.007728,1,0,0,0
6.5,880,2,0.0146426,0.0146426,0.627342,0.612067,0.0152742,34.5094,34.4483,11,11,0,0.514525,0.504461,0.010064,1,1,1,0
6.5,880,3,0.000615532,0.000615532,0.413205,0.416107,0.00290176,33.6528,33.6644,9,9,0,0.669376,0.666112,0.003264,1,1,1,1
6.6,881,1,0.0240761,0.0240761,0.508372,0.521733,0.013361,34.0335,34.0869,10,10,0,0.472283,0.524435,0.052152,0,0,1,0
6.6,881,2,0.00963639,0.00963639,0.586941,0.627342,0.0404004,34.3478,34.5094,11,11,0,0.504461,0.463597,0.040864,0,1,0,0
6.6,881,3,0.00264803,0.00264803,0.38363,0.413205,0.0295754,33.5345,33.6528,9,9,0,0.666112,0.62592,0.040192,0,1,0,0
6.7,882,1,0.0337482,0.0337482,0.420303,0.508372,0.0880694,33.6812,34.0335,10,10,0,0.524435,0.538299,0.013864,0,0,0,0
6.7,882,2,0.00382114,0.00382114,0.564002,0.586941,0.0229394,34.256,34.3478,11,11,0,0.463597,0.437141,0.026456,0,1,0,0
6.7,882,3,0.000648689,0.000648689,0.348979,0.38363,0.0346507,33.3959,33.5345,9,9,0,0.62592,0.58272,0.0432,0,1,0,0
6.8,883,1,0.0237946,0.0237946,0.425654,0.420303,0.0053516,33.7026,33.6812,10,10,0,0.538299,0.510139,0.02816,0,0,1,0
6.8,883,2,0.0134306,0.0134306,0.622014,0.564002,0.058012,34.4881,34.256,11,11,0,0.437141,0.498013,0.060872,0,1,0,0
6.8,883,3,0.00304289,0.00304289,0.375553,0.348979,0.0265742,33.5022,33.3959,9,9,0,0.58272,0.604288,0.021568,0,1,0,0
6.9,884,1,0.00132814,0.00132814,0.427406,0.425654,0.00175163,33.7096,33.7026,10,10,0,0.510139,0.482763,0.027376,0,1,1,0
6.9,884,2,0.000295925,0.000295925,0.61846,0.622014,0.00355327,34.4738,34.4881,11,11,0,0.498013,0.494029,0.003984,0,1,1,1
6.9,884,3,0.00676141,0.00676141,0.394895,0.375553,0.0193419,33.5796,33.5022,9,9,0,0.604288,0.643584,0.039296,0,1,1,0
7,885,1,0.033913,0.033913,0.455636,0.427406,0.02823,33.8225,33.7096,10,10,0,0.482763,0.478771,0.003992,0,0,0,0
7,885,2,0.000255343,0.000255343,0.615618,0.61846,0.00284243,34.4625,34.4738,11,11,0,0.494029,0.490813,0.003216,0,1,1,1
7,885,3,3.4085e-05,3.4085e-05,0.393021,0.394895,0.001874,33.5721,33.5796,9,9,0,0.643584,0.641512,0.002072,0,1,1,1
7.1,886,1,0.00125602,0.00125602,0.454236,0.455636,0.00139961,33.8169,33.8225,10,10,0,0.478771,0.482763,0.003992,0,1,1,1
7.1,886,2,0.000624314,0.000624314,0.624734,0.615618,0.00911587,34.4989,34.4625,11,11,0,0.490813,0.501237,0.010424,0,1,1,0
7.1,886,3,2.57855e-05,2.57855e-05,0.391003,0.393021,0.00201827,33.564,33.5721,9,9,0,0.641512,0.639568,0.001944,0,1,1,1
7.2,887,1,0.00366786,0.00366786,0.520249,0.454236,0.0660127,34.081,33.8169,10,10,0,0.482763,0.481995,0.000768,0,1,0,0
7.2,887,2,6.96629e-07,6.96629e-07,0.624773,0.624734,3.89218e-05,34.4991,34.4989,11,11,0,0.501237,0.501285,4.8e-05,0,1,1,1
7.2,887,3,5.75138e-06,5.75138e-06,0.391552,0.391003,0.000549436,33.5662,33.564,9,9,0,0.639568,0.640064,0.000496,0,1,1,1
7.3,888,1,0.0223401,0.0223401,0.506485,0.520249,0.0137636,34.0259,34.081,10,10,0,0.481995,0.505835,0.02384,0,0,1,0
7.3,888,2,0.0115135,0.0115135,0.574446,0.624773,0.0503271,34.2978,34.4991,11,11,0,0.501285,0.449117,0.052168,0,1,0,0
7.3,888,3,0.00711845,0.00711845,0.391688,0.391552,0.00013575,33.5668,33.5662,9,9,0,0.640064,0.632344,0.00772,0,1,1,1
7.4,889,1,0.00206076,0.00206076,0.507988,0.506485,0.00150275,34.032,34.0259,10,10,0,0.505835,0.514915,0.00908,0,1,1,1
7.4,889,2,0.002079,0.002079,0.563662,0.574446,0.0107843,34.2546,34.2978,11,11,0,0.449117,0.436741,0.012376,0,1,1,0
7.4,889,3,8.44533e-05,8.44533e-05,0.347316,0.391688,0.0443724,33.3893,33.5668,9,9,0,0.632344,0.575464,0.05688,0,1,0,0
7.5,890,1,0.0320423,0.0320423,0.543866,0.507988,0.0358778,34.1755,34.032,10,10,0,0.514915,0.514923,8e-06,0,0,0,0
7.5,890,2,0.0138735,0.0138735,0.551546,0.563662,0.0121152,34.2062,34.2546,11,11,0,0.436741,0.439261,0.00252,0,1,1,1
7.5,890,3,0.0148665,0.0148665,0.404508,0.347316,0.0571921,33.618,33.3893,9,9,0,0.575464,0.572656,0.002808,0,1,0,0
7.6,891,1,1.90511e-05,1.90511e-05,0.543759,0.543866,0.000106394,34.175,34.1755,10,10,0,0.514923,0.514155,0.000768,0,1,1,1
7.6,891,2,0.000588316,0.000588316,0.547312,0.551546,0.00423449,34.1892,34.2062,11,11,0,0.439261,0.433917,0.005344,0,1,1,1
7.6,891,3,0.000925017,0.000925017,0.404816,0.404508,0.000308484,33.6193,33.618,9,9,0,0.572656,0.575472,0.002816,0,1,1,1
7.7,892,1,0.00340477,0.00340477,0.477349,0.543759,0.0664103,33.9094,34.175,10,10,0,0.514155,0.514923,0.000768,1,1,0,0
7.7,892,2,0.00290108,0.00290108,0.569462,0.547312,0.0221502,34.2778,34.1892,11,12,1,0.433917,0.354,0.0799173,1,1,0,0
7.7,892,3,0.0146366,0.0146366,0.4318,0.404816,0.0269834,33.7272,33.6193,9,8,-1,0.575472,0.630277,0.0548053,1,1,0,0
7.8,893,1,0.028519,0.028519,0.478895,0.477349,0.00154582,33.9156,33.9094,10,10,0,0.514923,0.500859,0.014064,0,0,1,0
7.8,893,2,0.00991537,0.00991537,0.623932,0.569462,0.0544701,34.4957,34.2778,12,12,0,0.354,0.426832,0.072832,0,1,0,0
7.8,893,3,0.0262845,0.0262845,0.452453,0.4318,0.0206537,33.8098,33.7272,8,8,0,0.630277,0.703517,0.07324,0,0,0,0
7.9,894,1,0.0111533,0.0111533,0.429424,0.478895,0.0494708,33.7177,33.9156,10,10,0,0.500859,0.479547,0.021312,0,1,0,0
7.9,894,2,0.00562911,0.00562911,0.645657,0.623932,0.0217246,34.5826,34.4957,12,12,0,0.426832,0.441416,0.014584,0,1,0,0
7.9,894,3,0.0280876,0.0280876,0.452428,0.452453,2.52128e-05,33.8097,33.8098,8,8,0,0.703517,0.724021,0.020504,0,0,1,0
8,895,1,0.000122152,0.000122152,0.428983,0.429424,0.000441432,33.7159,33.7177,10,10,0,0.479547,0.480251,0.000704,0,1,1,1
8,895,2,0.000389885,0.000389885,0.638786,0.645657,0.00687087,34.5551,34.5826,12,12,0,0.441416,0.431128,0.010288,0,1,1,0
8,895,3,0.000745963,0.000745963,0.45787,0.452428,0.0054422,33.8315,33.8097,8,8,0,0.724021,0.732733,0.008712,0,1,1,1
8.1,896,1,0.000436001,0.000436001,0.427406,0.428983,0.00157675,33.7096,33.7159,10,10,0,0.480251,0.482763,0.002512,0,1,1,1
8.1,896,2,0.0003617,0.0003617,0.645163,0.638786,0.0063774,34.5807,34.5551,12,12,0,0.431128,0.440672,0.009544,0,1,1,1
8.1,896,3,0.000745963,0.000745963,0.452428,0.45787,0.0054422,33.8097,33.8315,8,8,0,0.732733,0.724021,0.008712,0,1,1,1
8.2,897,1,0.0339105,0.0339105,0.455633,0.427406,0.0282272,33.8225,33.7096,10,10,0,0.482763,0.478779,0.003984,1,0,0,0
8.2,897,2,0.00548643,0.00548643,0.651042,0.645163,0.00587851,34.6042,34.5807,12,12,0,0.440672,0.446168,0.005496,1,1,1,1
8.2,897,3,6.14673e-07,6.14673e-07,0.452424,0.452428,4.35114e-06,33.8097,33.8097,8,8,0,0.724021,0.724013,8e-06,1,1,1,1
8.3,898,1,0.00124882,0.00124882,0.45424,0.455633,0.00139275,33.817,33.8225,10,10,0,0.478779,0.482747,0.003968,0,1,1,1
8.3,898,2,0.000788743,0.000788743,0.640879,0.651042,0.0101625,34.5635,34.6042,12,12,0,0.446168,0.430944,0.015224,0,1,1,0
8.3,898,3,8.96556e-05,8.96556e-05,0.453317,0.452424,0.000892669,33.8133,33.8097,8,8,0,0.724013,0.725493,0.00148,0,1,1,1
8.4,899,1,0.00367256,0.00367256,0.520249,0.45424,0.0660086,34.081,33.817,10,10,0,0.482747,0.481995,0.000752,0,1,0,0
8.4,899,2,0.000102205,0.000102205,0.642682,0.640879,0.00180227,34.5707,34.5635,12,12,0,0.430944,0.43364,0.002696,0,1,1,1
8.4,899,3,1.17999e-05,1.17999e-05,0.453438,0.453317,0.000121802,33.8138,33.8133,8,8,0,0.725493,0.725693,0.0002,0,1,1,1
8.5,900,1,0.0233197,0.0233197,0.507698,0.520249,0.0125507,34.0308,34.081,10,10,0,0.481995,0.511419,0.029424,0,0,1,0
8.5,900,2,0.0146734,0.0146734,0.608536,0.642682,0.0341452,34.4341,34.5707,12,12,0,0.43364,0.391,0.04264,0,1,0,0
8.5,900,3,0.00490116,0.00490116,0.445879,0.453438,0.00755927,33.7835,33.8138,8,8,0,0.725693,0.704845,0.020848,0,1,1,0
8.6,901,1,0.0032097,0.0032097,0.508195,0.507698,0.000496507,34.0328,34.0308,10,10,0,0.511419,0.522603,0.011184,0,1,1,0
8.6,901,2,0.00111324,0.00111324,0.603717,0.608536,0.00481963,34.4149,34.4341,12,12,0,0.391,0.384416,0.006584,0,1,1,1
8.6,901,3,0.00102826,0.00102826,0.432609,0.445879,0.0132704,33.7304,33.7835,8,8,0,0.704845,0.668005,0.03684,0,1,1,0
8.7,902,1,0.0329124,0.0329124,0.545262,0.508195,0.0370675,34.181,34.0328,10,10,0,0.522603,0.522603,0,0,0,0,0
8.7,902,2,0.0173592,0.0173592,0.579896,0.603717,0.0238207,34.3196,34.4149,12,12,0,0.384416,0.383024,0.001392,0,1,0,0
8.7,902,3,0.00815509,0.00815509,0.477513,0.432609,0.0449049,33.9101,33.7304,8,8,0,0.668005,0.667997,8e-06,0,1,0,0
8.8,903,1,0,0,0.545262,0.545262,0,34.181,34.181,10,10,0,0.522603,0.522603,0,0,1,1,1
8.8,903,2,0.00115248,0.00115248,0.577319,0.579896,0.00257665,34.3093,34.3196,12,12,0,0.383024,0.379672,0.003352,0,1,1,1
8.8,903,3,3.80983e-05,3.80983e-05,0.477564,0.477513,5.04553e-05,33.9103,33.9101,8,8,0,0.667997,0.667237,0.00076,0,1,1,1
8.9,904,1,0.00307086,0.00307086,0.520972,0.545262,0.0242901,34.0839,34.181,10,12,2,0.522603,0.380952,0.141651,1,1,0,0
8.9,904,2,0.00836595,0.00836595,0.475605,0.577319,0.101714,33.9024,34.3093,12,9,-3,0.379672,0.504616,0.124944,1,1,0,0
8.9,904,3,0.00478194,0.00478194,0.393538,0.477564,0.0840262,33.5742,33.9103,8,9,1,0.667237,0.56568,0.101557,1,1,0,0
9,905,1,0.00581045,0.00581045,0.512783,0.520972,0.00818866,34.0511,34.0839,12,12,0,0.380952,0.422272,0.04132,0,1,1,0
9,905,2,0.00613436,0.00613436,0.608387,0.475605,0.132782,34.4335,33.9024,9,9,0,0.504616,0.53484,0.030224,0,1,0,0
9,905,3,0.00720651,0.00720651,0.403149,0.393538,0.00961083,33.6126,33.5742,9,9,0,0.56568,0.595216,0.029536,0,1,1,0
9.1,906,1,0.0103153,0.0103153,0.520244,0.512783,0.00746071,34.081,34.0511,12,12,0,0.422272,0.39744,0.024832,0,1,1,0
9.1,906,2,0.0239495,0.0239495,0.534952,0.608387,0.0734349,34.1398,34.4335,9,9,0,0.53484,0.554776,0.019936,0,0,0,0
9.1,906,3,7.87042e-05,7.87042e-05,0.382864,0.403149,0.0202846,33.5315,33.6126,9,9,0,0.595216,0.625312,0.030096,0,1,0,0
9.2,907,1,0.00250088,0.00250088,0.4645,0.520244,0.0557445,33.858,34.081,12,10,-2,0.39744,0.514827,0.117387,0,1,0,0
9.2,907,2,0.0272227,0.0272227,0.453477,0.534952,0.0814753,33.8139,34.1398,9,10,1,0.554776,0.420675,0.134101,0,0,0,0
9.2,907,3,0.00992254,0.00992254,0.306362,0.382864,0.0765021,33.2254,33.5315,9,10,1,0.625312,0.447003,0.178309,0,1,0,0
9.3,908,1,0.00274757,0.00274757,0.496454,0.4645,0.0319542,33.9858,33.858,10,10,0,0.514827,0.517227,0.0024,0,1,0,0
9.3,908,2,0.0019895,0.0019895,0.498613,0.453477,0.0451357,33.9945,33.8139,10,10,0,0.420675,0.465547,0.044872,0,1,0,0
9.3,908,3,0.010147,0.010147,0.316288,0.306362,0.00992578,33.2652,33.2254,10,10,0,0.447003,0.526467,0.079464,0,1,1,0
9.4,909,1,0.0206927,0.0206927,0.524013,0.496454,0.0275596,34.0961,33.9858,10,12,2,0.517227,0.357424,0.159803,0,0,0,0
9.4,909,2,0.0271826,0.0271826,0.467458,0.498613,0.031155,33.8698,33.9945,10,9,-1,0.465547,0.443672,0.0218747,0,0,0,0
9.4,909,3,0.00354689,0.00354689,0.392426,0.316288,0.0761381,33.5697,33.2652,10,9,-1,0.526467,0.640816,0.114349,0,1,0,0
9.5,910,1,0.0105555,0.0105555,0.455329,0.524013,0.0686848,33.8213,34.0961,12,12,0,0.357424,0.41996,0.062536,0,1,0,0
9.5,910,2,0.00929562,0.00929562,0.503019,0.467458,0.0355613,34.0121,33.8698,9,9,0,0.443672,0.490384,0.046712,0,1,0,0
9.5,910,3,0.0271367,0.0271367,0.393698,0.392426,0.00127268,33.5748,33.5697,9,9,0,0.640816,0.637832,0.002984,0,0,1,0
9.6,911,1,0.00157594,0.00157594,0.443288,0.455329,0.0120409,33.7732,33.8213,12,10,-2,0.41996,0.440667,0.0207067,0,1,1,0
9.6,911,2,0.0200585,0.0200585,0.565732,0.503019,0.0627127,34.2629,34.0121,9,10,1,0.490384,0.535987,0.0456027,0,0,0,0
9.6,911,3,0.0228256,0.0228256,0.373324,0.393698,0.0203747,33.4933,33.5748,9,10,1,0.637832,0.582387,0.0554453,0,0,0,0
9.7,912,1,0.0139113,0.0139113,0.566132,0.443288,0.122844,34.2645,33.7732,10,10,0,0.440667,0.466315,0.025648,0,1,0,0
9.7,912,2,0.0367905,0.0367905,0.571213,0.565732,0.00548166,34.2849,34.2629,10,10,0,0.535987,0.529139,0.006848,0,0,1,0
9.7,912,3,0.0198019,0.0198019,0.306237,0.373324,0.0670865,33.2249,33.4933,10,10,0,0.582387,0.485435,0.096952,0,1,0,0
9.8,913,1,0.00745904,0.00745904,0.542327,0.566132,0.0238047,34.1693,34.2645,10,10,0,0.466315,0.513867,0.047552,0,1,0,0
9.8,913,2,0.0177996,0.0177996,0.574828,0.571213,0.00361449,34.2993,34.2849,10,10,0,0.529139,0.531523,0.002384,0,1,1,1
9.8,913,3,0.00179145,0.00179145,0.306526,0.306237,0.000288635,33.2261,33.2249,10,10,0,0.485435,0.483387,0.002048,0,1,1,1
9.9,914,1,0.00806172,0.00806172,0.423429,0.542327,0.118898,33.6937,34.1693,10,10,0,0.513867,0.523371,0.009504,0,1,0,0
9.9,914,2,0.000946943,0.000946943,0.536708,0.574828,0.0381204,34.1468,34.2993,10,10,0,0.531523,0.500315,0.031208,0,1,0,0
9.9,914,3,0.00838065,0.00838065,0.319243,0.306526,0.0127172,33.277,33.2261,10,10,0,0.483387,0.493419,0.010032,0,1,1,0
10,915,1,0.0118781,0.0118781,0.423003,0.423429,0.000425577,33.692,33.6937,10,10,0,0.523371,0.501419,0.021952,0,1,1,0
10,915,2,0.0317494,0.0317494,0.606429,0.536708,0.0697211,34.4257,34.1468,10,10,0,0.500315,0.560027,0.059712,0,0,0,0
10,915,3,0.00489144,0.00489144,0.311814,0.319243,0.00742877,33.2473,33.277,10,10,0,0.493419,0.500235,0.006816,0,1,1,1
10.1,916,1,0.0367605,0.0367605,0.450631,0.423003,0.027628,33.8025,33.692,10,10,0,0.501419,0.472731,0.028688,0,0,0,0
10.1,916,2,0.0199605,0.0199605,0.639547,0.606429,0.0331187,34.5582,34.4257,10,12,2,0.560027,0.441688,0.118339,0,1,0,0
10.1,916,3,0.000700925,0.000700925,0.469098,0.311814,0.157284,33.8764,33.2473,10,8,-2,0.500235,0.590405,0.0901707,0,1,0,0
10.2,917,1,0.00177523,0.00177523,0.446859,0.450631,0.0037728,33.7874,33.8025,10,10,0,0.472731,0.481019,0.008288,0,1,1,1
10.2,917,2,0.00078035,0.00078035,0.645824,0.639547,0.00627685,34.5833,34.5582,12,12,0,0.441688,0.45276,0.011072,0,1,1,0
10.2,917,3,0.0695786,0.0695786,0.452679,0.469098,0.0164196,33.8107,33.8764,8,8,0,0.590405,0.681669,0.091264,0,0,1,0
10.3,918,1,0.00315611,0.00315611,0.51986,0.446859,0.0730016,34.0794,33.7874,10,10,0,0.481019,0.482763,0.001744,0,1,0,0
10.3,918,2,0.00242839,0.00242839,0.654593,0.645824,0.00876874,34.6184,34.5833,12,12,0,0.45276,0.451056,0.001704,0,1,1,1
10.3,918,3,0.0649264,0.0649264,0.477653,0.452679,0.0249748,33.9106,33.8107,8,8,0,0.681669,0.686413,0.004744,0,0,0,0
10.4,919,1,0.0127399,0.0127399,0.508374,0.51986,0.0114861,34.0335,34.0794,10,10,0,0.482763,0.510651,0.027888,0,1,1,0
10.4,919,2,0.0157549,0.0157549,0.621973,0.654593,0.0326195,34.4879,34.6184,12,12,0,0.451056,0.413336,0.03772,0,1,0,0
10.4,919,3,0.0017253,0.0017253,0.478281,0.477653,0.000628084,33.9131,33.9106,8,8,0,0.686413,0.647533,0.03888,0,1,1,0
10.5,920,1,0.00096029,0.00096029,0.509754,0.508374,0.00137985,34.039,34.0335,10,10,0,0.510651,0.522603,0.011952,0,1,1,0
10.5,920,2,0.00575477,0.00575477,0.58985,0.621973,0.0321239,34.3594,34.4879,12,12,0,0.413336,0.369352,0.043984,0,1,0,0
10.5,920,3,0.000554553,0.000554553,0.477137,0.478281,0.00114438,33.9085,33.9131,8,8,0,0.647533,0.636277,0.011256,0,1,1,0
10.6,921,1,0.0156896,0.0156896,0.383441,0.509754,0.126313,33.5338,34.039,10,10,0,0.522603,0.522603,0,0,1,0,0
10.6,921,2,0.000773236,0.000773236,0.586111,0.58985,0.00373822,34.3444,34.3594,12,12,0,0.369352,0.364896,0.004456,0,1,1,1
10.6,921,3,0.00113784,0.00113784,0.476702,0.477137,0.000435174,33.9068,33.9085,8,8,0,0.636277,0.627005,0.009272,0,1,1,1
10.7,922,1,0.0151946,0.0151946,0.39775,0.383441,0.0143091,33.591,33.5338,10,10,0,0.522603,0.497211,0.025392,0,1,1,0
10.7,922,2,0.020346,0.020346,0.64134,0.586111,0.0552285,34.5654,34.3444,12,12,0,0.364896,0.431632,0.066736,0,0,0,0
10.7,922,3,0.00192888,0.00192888,0.477761,0.476702,0.00105903,33.911,33.9068,8,8,0,0.627005,0.681605,0.0546,0,1,1,0
10.8,923,1,0.0167654,0.0167654,0.457219,0.39775,0.0594691,33.8289,33.591,10,10,0,0.497211,0.462811,0.0344,0,1,0,0
10.8,923,2,0.000618523,0.000618523,0.650604,0.64134,0.00926405,34.6024,34.5654,12,12,0,0.431632,0.445568,0.013936,0,1,1,0
10.8,923,3,0.00014025,0.00014025,0.477698,0.477761,6.25253e-05,33.9108,33.911,8,8,0,0.681605,0.680901,0.000704,0,1,1,1
10.9,924,1,0.000229463,0.000229463,0.456425,0.457219,0.000793993,33.8257,33.8289,10,10,0,0.462811,0.463851,0.00104,0,1,1,1
10.9,924,2,0.00244662,0.00244662,0.657978,0.650604,0.00737375,34.6319,34.6024,12,12,0,0.445568,0.455752,0.010184,0,1,1,0
10.9,924,3,0.000151369,0.000151369,0.477766,0.477698,6.75321e-05,33.9111,33.9108,8,8,0,0.680901,0.681661,0.00076,0,1,1,1
11,925,1,0.000665084,0.000665084,0.458447,0.456425,0.00202155,33.8338,33.8257,10,10,0,0.463851,0.461179,0.002672,0,1,1,1
11,925,2,0.000236351,0.000236351,0.658684,0.657978,0.000705898,34.6347,34.6319,12,12,0,0.455752,0.456736,0.000984,0,1,1,1
11,925,3,0.00015299,0.00015299,0.477698,0.477766,6.82175e-05,33.9108,33.9111,8,8,0,0.681661,0.680893,0.000768,0,1,1,1
11.1,926,1,0.00598583,0.00598583,0.527639,0.458447,0.0691923,34.1106,33.8338,10,10,0,0.461179,0.446619,0.01456,1,1,0,0
11.1,926,2,0.013749,0.013749,0.631886,0.658684,0.026798,34.5275,34.6347,12,12,0,0.456736,0.442368,0.014368,1,1,0,0
11.1,926,3,0.00148108,0.00148108,0.479201,0.477698,0.00150332,33.9168,33.9108,8,8,0,0.680893,0.690381,0.009488,1,1,1,1
11.2,927,1,0.00694396,0.00694396,0.510249,0.527639,0.0173904,34.041,34.1106,10,10,0,0.446619,0.504219,0.0576,0,1,1,0
11.2,927,2,0.0275141,0.0275141,0.563309,0.631886,0.0685766,34.2532,34.5275,12,12,0,0.442368,0.3624,0.079968,0,0,0,0
11.2,927,3,0.00684188,0.00684188,0.480216,0.479201,0.00101495,33.9209,33.9168,8,8,0,0.690381,0.650637,0.039744,0,1,1,0
11.3,928,1,0.0237956,0.0237956,0.419442,0.510249,0.0908068,33.6778,34.041,10,11,1,0.504219,0.451157,0.0530613,0,0,0,0
11.3,928,2,0.0267487,0.0267487,0.468561,0.563309,0.0947477,33.8742,34.2532,12,9,-3,0.3624,0.451376,0.088976,0,0,0,0
11.3,928,3,0.0339012,0.0339012,0.40455,0.480216,0.0756657,33.6182,33.9209,8,10,2,0.650637,0.454187,0.196451,0,0,0,0
11.4,929,1,0.00109958,0.00109958,0.434069,0.419442,0.0146275,33.7363,33.6778,11,11,0,0.451157,0.459821,0.008664,0,1,1,1
11.4,929,2,0.00907242,0.00907242,0.579464,0.468561,0.110902,34.3179,33.8742,9,9,0,0.451376,0.52524,0.073864,0,1,0,0
11.4,929,3,0.00264177,0.00264177,0.445893,0.40455,0.0413425,33.7836,33.6182,10,10,0,0.454187,0.555539,0.101352,0,1,0,0
11.5,930,1,0.00503228,0.00503228,0.439912,0.434069,0.00584278,33.7596,33.7363,11,11,0,0.459821,0.425189,0.034632,0,1,1,0
11.5,930,2,0.0629553,0.0629553,0.603466,0.579464,0.024002,34.4139,34.3179,9,9,0,0.52524,0.605856,0.080616,0,0,0,0
11.5,930,3,0.0119045,0.0119045,0.407788,0.445893,0.0381048,33.6312,33.7836,10,10,0,0.555539,0.557763,0.002224,0,1,0,0
11.6,931,1,0.0188354,0.0188354,0.5443,0.439912,0.104388,34.1772,33.7596,11,10,-1,0.425189,0.442043,0.0168533,0,1,0,0
11.6,931,2,0.00708933,0.00708933,0.590661,0.603466,0.0128049,34.3626,34.4139,9,11,2,0.605856,0.460829,0.145027,0,1,1,0
11.6,931,3,0.0057277,0.0057277,0.368859,0.407788,0.0389285,33.4754,33.6312,10,9,-1,0.557763,0.577792,0.0200293,0,1,0,0
11.7,932,1,0.0134682,0.0134682,0.524234,0.5443,0.0200658,34.0969,34.1772,10,10,0,0.442043,0.504219,0.062176,0,1,0,0
11.7,932,2,0.0176654,0.0176654,0.549144,0.590661,0.0415166,34.1966,34.3626,11,11,0,0.460829,0.428021,0.032808,0,1,0,0
11.7,932,3,0.00502005,0.00502005,0.390571,0.368859,0.0217114,33.5623,33.4754,9,9,0,0.577792,0.557992,0.0198,0,1,0,0
11.8,933,1,0.0115757,0.0115757,0.439595,0.524234,0.0846391,33.7584,34.0969,10,10,0,0.504219,0.520859,0.01664,0,1,0,0
11.8,933,2,0.00685065,0.00685065,0.536579,0.549144,0.0125649,34.1463,34.1966,11,11,0,0.428021,0.405653,0.022368,0,1,1,0
11.8,933,3,0.019027,0.019027,0.392175,0.390571,0.00160378,33.5687,33.5623,9,9,0,0.557992,0.531144,0.026848,0,1,1,0
11.9,934,1,0.00319561,0.00319561,0.44582,0.439595,0.00622517,33.7833,33.7584,10,10,0,0.520859,0.484139,0.03672,0,1,1,0
11.9,934,2,0.0205116,0.0205116,0.619126,0.536579,0.0825467,34.4765,34.1463,11,11,0,0.405653,0.494773,0.08912,0,0,0,0
11.9,934,3,0.0113196,0.0113196,0.404624,0.392175,0.0124488,33.6185,33.5687,9,9,0,0.531144,0.573712,0.042568,0,1,1,0
12,935,1,0.00394481,0.00394481,0.469429,0.44582,0.0236089,33.8777,33.7833,10,10,0,0.484139,0.447387,0.036752,0,1,0,0
12,935,2,0.0139078,0.0139078,0.647694,0.619126,0.0285682,34.5908,34.4765,11,12,1,0.494773,0.457904,0.0368693,0,1,0,0
12,935,3,0.00424317,0.00424317,0.475684,0.404624,0.0710602,33.9027,33.6185,9,8,-1,0.573712,0.617045,0.0433333,0,1,0,0
12.1,936,1,0.00117403,0.00117403,0.467679,0.469429,0.00175011,33.8707,33.8777,10,10,0,0.447387,0.449835,0.002448,0,1,1,1
12.1,936,2,0.00741874,0.00741874,0.61371,0.647694,0.0339841,34.4548,34.5908,12,12,0,0.457904,0.412336,0.045568,0,1,0,0
12.1,936,3,0.0320032,0.0320032,0.467733,0.475684,0.0079506,33.8709,33.9027,8,8,0,0.617045,0.686437,0.069392,0,0,1,0
12.2,937,1,0.00117403,0.00117403,0.469429,0.467679,0.00175011,33.8777,33.8707,10,10,0,0.449835,0.447387,0.002448,0,1,1,1
12.2,937,2,0.00553433,0.00553433,0.638643,0.61371,0.0249327,34.5546,34.4548,12,12,0,0.412336,0.445416,0.03308,0,1,0,0
12.2,937,3,0.00498263,0.00498263,0.462328,0.467733,0.00540513,33.8493,33.8709,8,8,0,0.686437,0.680933,0.005504,0,1,1,1
12.3,938,1,0.0109819,0.0109819,0.527639,0.469429,0.0582099,34.1106,33.8777,10,10,0,0.447387,0.446619,0.000768,0,1,0,0
12.3,938,2,0.0123974,0.0123974,0.620577,0.638643,0.0180656,34.4823,34.5546,12,12,0,0.445416,0.431712,0.013704,0,1,1,0
12.3,938,3,0.0222969,0.0222969,0.477769,0.462328,0.0154407,33.9111,33.8493,8,8,0,0.680933,0.681693,0.00076,0,0,1,0
12.4,939,1,0.00707577,0.00707577,0.510786,0.527639,0.0168526,34.0431,34.1106,10,10,0,0.446619,0.502475,0.055856,0,1,1,0
12.4,939,2,0.0181331,0.0181331,0.559307,0.620577,0.0612707,34.2372,34.4823,12,12,0,0.431712,0.355448,0.076264,0,1,0,0
12.4,939,3,0.0115956,0.0115956,0.484144,0.477769,0.00637555,33.9366,33.9111,8,8,0,0.681693,0.654341,0.027352,0,1,1,0
12.5,940,1,0.0504649,0.0504649,0.37996,0.510786,0.130827,33.5198,34.0431,10,11,1,0.502475,0.448701,0.0537733,0,0,0,0
12.5,940,2,0.00593056,0.00593056,0.451479,0.559307,0.107827,33.8059,34.2372,12,10,-2,0.355448,0.402595,0.0471467,0,1,0,0
12.5,940,3,0.0318976,0.0318976,0.452873,0.484144,0.0312717,33.8115,33.9366,8,9,1,0.654341,0.514264,0.140077,0,0,0,0
12.6,941,1,0.00659305,0.00659305,0.388497,0.37996,0.00853679,33.554,33.5198,11,11,0,0.448701,0.459061,0.01036,0,1,1,0
12.6,941,2,0.00540863,0.00540863,0.500352,0.451479,0.0488723,34.0014,33.8059,10,10,0,0.402595,0.448187,0.045592,0,1,0,0
12.6,941,3,0.00128513,0.00128513,0.462462,0.452873,0.00958923,33.8498,33.8115,9,9,0,0.514264,0.615928,0.101664,0,1,1,0
12.7,942,1,0.0190952,0.0190952,0.437266,0.388497,0.048769,33.7491,33.554,11,11,0,0.459061,0.434709,0.024352,0,1,0,0
12.7,942,2,0.0467497,0.0467497,0.566519,0.500352,0.0661675,34.2661,34.0014,10,10,0,0.448187,0.523283,0.075096,0,0,0,0
12.7,942,3,0.000806393,0.000806393,0.4256,0.462462,0.0368618,33.7024,33.8498,9,9,0,0.615928,0.6304,0.014472,0,1,0,0
12.8,943,1,0.0159511,0.0159511,0.545082,0.437266,0.107817,34.1803,33.7491,11,10,-1,0.434709,0.440371,0.00566133,0,1,0,0
12.8,943,2,0.00303433,0.00303433,0.589071,0.566519,0.0225521,34.3563,34.2661,10,10,0,0.523283,0.545867,0.022584,0,1,0,0
12.8,943,3,0.000272915,0.000272915,0.348772,0.4256,0.0768281,33.3951,33.7024,9,10,1,0.6304,0.458459,0.171941,0,1,0,0
12.9,944,1,0.0135179,0.0135179,0.524297,0.545082,0.0207853,34.0972,34.1803,10,10,0,0.440371,0.501483,0.061112,0,1,0,0
12.9,944,2,0.0265485,0.0265485,0.521499,0.589071,0.0675719,34.086,34.3563,10,10,0,0.545867,0.488691,0.057176,0,0,0,0
12.9,944,3,0.0036521,0.0036521,0.378467,0.348772,0.0296951,33.5139,33.3951,10,10,0,0.458459,0.469499,0.01104,0,1,0,0
13,945,1,0.0281165,0.0281165,0.37969,0.524297,0.144607,33.5188,34.0972,10,11,1,0.501483,0.448981,0.0525013,0,0,0,0
13,945,2,0.0176554,0.0176554,0.466071,0.521499,0.0554278,33.8643,34.086,10,10,0,0.488691,0.427291,0.0614,0,1,0,0
13,945,3,0.00275835,0.00275835,0.380311,0.378467,0.00184414,33.5212,33.5139,10,9,-1,0.469499,0.505824,0.0363253,0,1,1,0
13.1,946,1,0.00691886,0.00691886,0.392951,0.37969,0.0132608,33.5718,33.5188,11,11,0,0.448981,0.452085,0.003104,0,1,1,1
13.1,946,2,0.00216194,0.00216194,0.493196,0.466071,0.0271251,33.9728,33.8643,10,10,0,0.427291,0.465219,0.037928,0,1,0,0
13.1,946,3,0.012843,0.012843,0.395006,0.380311,0.0146951,33.58,33.5212,9,9,0,0.505824,0.613824,0.108,0,1,1,0
13.2,947,1,0.00736389,0.00736389,0.407423,0.392951,0.0144728,33.6297,33.5718,11,10,-1,0.452085,0.480683,0.0285973,0,1,1,0
13.2,947,2,0.000944097,0.000944097,0.438944,0.493196,0.0542528,33.7558,33.9728,10,10,0,0.465219,0.405091,0.060128,0,1,0,0
13.2,947,3,0.00484124,0.00484124,0.434473,0.395006,0.0394664,33.7379,33.58,9,10,1,0.613824,0.607491,0.00633333,0,1,0,0
13.3,948,1,0.0197981,0.0197981,0.491426,0.407423,0.0840031,33.9657,33.6297,10,10,0,0.480683,0.506891,0.026208,0,1,0,0
13.3,948,2,0.00200824,0.00200824,0.406745,0.438944,0.0321989,33.627,33.7558,10,10,0,0.405091,0.400427,0.004664,0,1,0,0
13.3,948,3,0.00584101,0.00584101,0.407763,0.434473,0.0267094,33.6311,33.7379,10,10,0,0.607491,0.566907,0.040584,0,1,0,0
13.4,949,1,1.08331e-05,1.08331e-05,0.491251,0.491426,0.000175714,33.965,33.9657,10,10,0,0.506891,0.507667,0.000776,0,1,1,1
13.4,949,2,0.00280744,0.00280744,0.445605,0.406745,0.0388601,33.7824,33.627,10,10,0,0.400427,0.429003,0.028576,0,1,0,0
13.4,949,3,0.000108061,0.000108061,0.414385,0.407763,0.00662154,33.6575,33.6311,10,10,0,0.566907,0.578139,0.011232,0,1,1,0
13.5,950,1,0.0194901,0.0194901,0.587734,0.491251,0.0964831,34.3509,33.965,10,10,0,0.507667,0.505155,0.002512,0,1,0,0
13.5,950,2,0.0190866,0.0190866,0.456106,0.445605,0.0105015,33.8244,33.7824,10,10,0,0.429003,0.428059,0.000944,0,1,1,1
13.5,950,3,0.0022785,0.0022785,0.377995,0.414385,0.0363893,33.512,33.6575,10,10,0,0.578139,0.576019,0.00212,0,1,0,0
13.6,951,1,0.0278824,0.0278824,0.564769,0.587734,0.022965,34.2591,34.3509,10,10,0,0.505155,0.565395,0.06024,0,0,0,0
13.6,951,2,0.0146959,0.0146959,0.437516,0.456106,0.0185898,33.7501,33.8244,10,10,0,0.428059,0.420683,0.007376,0,1,1,1
13.6,951,3,0.0189889,0.0189889,0.317159,0.377995,0.0608363,33.2686,33.512,10,10,0,0.576019,0.512963,0.063056,0,1,0,0
13.7,952,1,0.0439847,0.0439847,0.391142,0.564769,0.173626,33.5646,34.2591,10,11,1,0.565395,0.514949,0.0504453,0,0,0,0
13.7,952,2,0.0404978,0.0404978,0.487535,0.437516,0.0500181,33.9501,33.7501,10,8,-2,0.420683,0.517797,0.0971147,0,0,0,0
13.7,952,3,0.0104152,0.0104152,0.342792,0.317159,0.0256326,33.3712,33.2686,10,11,1,0.512963,0.406981,0.105981,0,1,0,0
13.8,953,1,0.0323448,0.0323448,0.383321,0.391142,0.00782123,33.5333,33.5646,11,11,0,0.514949,0.471413,0.043536,0,0,1,0
13.8,953,2,0.0268411,0.0268411,0.614106,0.487535,0.126571,34.4564,33.9501,8,8,0,0.517797,0.586725,0.068928,0,0,0,0
13.8,953,3,0.00414833,0.00414833,0.353942,0.342792,0.0111504,33.4158,33.3712,11,11,0,0.406981,0.478701,0.07172,0,1,1,0
13.9,954,1,0.0206529,0.0206529,0.511203,0.383321,0.127882,34.0448,33.5333,11,11,0,0.471413,0.412581,0.058832,0,0,0,0
13.9,954,2,0.019401,0.019401,0.612963,0.614106,0.00114292,34.4519,34.4564,8,8,0,0.586725,0.667237,0.080512,0,1,1,0
13.9,954,3,0.0325384,0.0325384,0.380293,0.353942,0.0263508,33.5212,33.4158,11,11,0,0.478701,0.457949,0.020752,0,0,0,0
14,955,1,0.0138208,0.0138208,0.489808,0.511203,0.0213944,33.9592,34.0448,11,11,0,0.412581,0.438069,0.025488,0,1,0,0
14,955,2,0.0225114,0.0225114,0.497514,0.612963,0.115448,33.9901,34.4519,8,10,2,0.667237,0.434707,0.232531,0,0,0,0
14,955,3,0.00933562,0.00933562,0.434721,0.380293,0.0544285,33.7389,33.5212,11,9,-2,0.457949,0.551248,0.0932987,0,1,0,0
14.1,956,1,0.00470993,0.00470993,0.501153,0.489808,0.0113446,34.0046,33.9592,11,11,0,0.438069,0.452085,0.014016,0,1,1,0
14.1,956,2,0.00114627,0.00114627,0.517282,0.497514,0.0197676,34.0691,33.9901,10,10,0,0.434707,0.476627,0.04192,0,1,1,0
14.1,956,3,0.0182514,0.0182514,0.407016,0.434721,0.0277057,33.6281,33.7389,9,9,0,0.551248,0.609128,0.05788,0,1,0,0
14.2,957,1,0.00359435,0.00359435,0.455538,0.501153,0.0456152,33.8222,34.0046,11,12,1,0.452085,0.391904,0.0601813,0,1,0,0
14.2,957,2,0.0320401,0.0320401,0.514242,0.517282,0.00304049,34.057,34.0691,10,8,-2,0.476627,0.552181,0.0755547,0,0,1,0
14.2,957,3,0.0245063,0.0245063,0.414093,0.407016,0.00707707,33.6564,33.6281,9,10,1,0.609128,0.424243,0.184885,0,0,1,0
14.3,958,1,0.00652429,0.00652429,0.465212,0.455538,0.00967401,33.8608,33.8222,12,12,0,0.391904,0.363504,0.0284,0,1,1,0
14.3,958,2,0.0788513,0.0788513,0.676166,0.514242,0.161924,34.7047,34.057,8,8,0,0.552181,0.679269,0.127088,0,0,0,0
14.3,958,3,0.0236123,0.0236123,0.383436,0.414093,0.0306569,33.5337,33.6564,10,10,0,0.424243,0.481187,0.056944,0,0,0,0
14.4,959,1,0.00261813,0.00261813,0.522672,0.465212,0.0574603,34.0907,33.8608,12,11,-1,0.363504,0.356805,0.00669867,0,1,0,0
14.4,959,2,0.0170811,0.0170811,0.65381,0.676166,0.022356,34.6152,34.7047,8,10,2,0.679269,0.613075,0.0661947,0,1,0,0
14.4,959,3,0.0143405,0.0143405,0.441413,0.383436,0.0579773,33.7657,33.5337,10,9,-1,0.481187,0.50808,0.0268933,0,1,0,0
14.5,960,1,0.00588069,0.00588069,0.564924,0.522672,0.0422522,34.2597,34.0907,11,11,0,0.356805,0.439725,0.08292,0,1,0,0
14.5,960,2,0.0664175,0.0664175,0.49807,0.65381,0.15574,33.9923,34.6152,10,10,0,0.613075,0.440491,0.172584,0,0,0,0
14.5,960,3,0.0396037,0.0396037,0.436537,0.441413,0.00487611,33.7461,33.7657,9,9,0,0.50808,0.547472,0.039392,0,0,1,0
14.6,961,1,0.00241308,0.00241308,0.558351,0.564924,0.00657296,34.2334,34.2597,11,11,0,0.439725,0.512325,0.0726,0,1,1,0
14.6,961,2,0.00235971,0.00235971,0.512068,0.49807,0.013998,34.0483,33.9923,10,10,0,0.440491,0.470715,0.030224,0,1,1,0
14.6,961,3,0.00249559,0.00249559,0.406659,0.436537,0.0298785,33.6266,33.7461,9,9,0,0.547472,0.565368,0.017896,0,1,0,0
14.7,962,1,0.0301335,0.0301335,0.397248,0.558351,0.161104,33.589,34.2334,11,11,0,0.512325,0.477237,0.035088,0,0,0,0
14.7,962,2,0.0484168,0.0484168,0.4922,0.512068,0.0198684,33.9688,34.0483,10,10,0,0.470715,0.449579,0.021136,0,0,1,0
14.7,962,3,0.0345408,0.0345408,0.408662,0.406659,0.00200298,33.6346,33.6266,9,9,0,0.565368,0.561272,0.004096,0,0,1,0
14.8,963,1,0.00713181,0.00713181,0.422643,0.397248,0.0253956,33.6906,33.589,11,11,0,0.477237,0.452853,0.024384,0,1,0,0
14.8,963,2,0.0126189,0.0126189,0.502119,0.4922,0.0099194,34.0085,33.9688,10,10,0,0.449579,0.473163,0.023584,0,1,1,0
14.8,963,3,0.00147279,0.00147279,0.408744,0.408662,8.2463e-05,33.635,33.6346,9,9,0,0.561272,0.604536,0.043264,0,1,1,0
14.9,964,1,0.0335862,0.0335862,0.509216,0.422643,0.0865726,34.0369,33.6906,11,11,0,0.452853,0.417269,0.035584,0,0,0,0
14.9,964,2,0.0346465,0.0346465,0.564248,0.502119,0.0621287,34.257,34.0085,10,10,0,0.473163,0.509555,0.036392,0,0,0,0
14.9,964,3,0.000732815,0.000732815,0.419641,0.408744,0.0108964,33.6786,33.635,9,9,0,0.604536,0.603224,0.001312,0,1,1,1
15,965,1,0.0127678,0.0127678,0.490124,0.509216,0.0190921,33.9605,34.0369,11,11,0,0.417269,0.441877,0.024608,0,1,1,0
15,965,2,0.0161613,0.0161613,0.548015,0.564248,0.0162328,34.1921,34.257,10,10,0,0.509555,0.512403,0.002848,0,1,1,1
15,965,3,0.00220777,0.00220777,0.408666,0.419641,0.0109743,33.6347,33.6786,9,9,0,0.603224,0.56128,0.041944,0,1,1,0
15.1,966,1,0.0158015,0.0158015,0.513579,0.490124,0.0234552,34.0543,33.9605,11,11,0,0.441877,0.406917,0.03496,0,1,0,0
15.1,966,2,0.0188839,0.0188839,0.584566,0.548015,0.0365506,34.3383,34.1921,10,10,0,0.512403,0.536043,0.02364,0,1,0,0
15.1,966,3,0.00751103,0.00751103,0.408217,0.408666,0.000449181,33.6329,33.6347,9,9,0,0.56128,0.567496,0.006216,0,1,1,1
15.2,967,1,0.0157128,0.0157128,0.490043,0.513579,0.0235361,33.9602,34.0543,11,11,0,0.406917,0.440901,0.033984,0,1,0,0
15.2,967,2,0.0187307,0.0187307,0.549758,0.584566,0.0348076,34.199,34.3383,10,10,0,0.536043,0.513747,0.022296,0,1,0,0
15.2,967,3,0.00494115,0.00494115,0.404761,0.408217,0.00345579,33.619,33.6329,9,9,0,0.567496,0.558016,0.00948,0,1,1,1
15.3,968,1,0.0153118,0.0153118,0.512972,0.490043,0.0229291,34.0519,33.9602,11,11,0,0.440901,0.408389,0.032512,0,1,0,0
15.3,968,2,0.0115808,0.0115808,0.554977,0.549758,0.00521845,34.2199,34.199,10,10,0,0.513747,0.497083,0.016664,0,1,1,0
15.3,968,3,0.00144403,0.00144403,0.417074,0.404761,0.0123124,33.6683,33.619,9,9,0,0.558016,0.589496,0.03148,0,1,1,0
15.4,969,1,0.014946,0.014946,0.48978,0.512972,0.0231923,33.9591,34.0519,11,11,0,0.408389,0.436917,0.028528,0,1,0,0
15.4,969,2,0.0113866,0.0113866,0.551961,0.554977,0.00301552,34.2078,34.2199,10,10,0,0.497083,0.515451,0.018368,0,1,1,0
15.4,969,3,0.000728887,0.000728887,0.405842,0.417074,0.0112312,33.6234,33.6683,9,9,0,0.589496,0.56008,0.029416,0,1,1,0
15.5,970,1,0.0161417,0.0161417,0.514941,0.48978,0.0251618,34.0598,33.9591,11,11,0,0.436917,0.403701,0.033216,0,1,0,0
15.5,970,2,0.0156067,0.0156067,0.563844,0.551961,0.0118827,34.2554,34.2078,10,10,0,0.515451,0.509019,0.006432,0,1,1,1
15.5,970,3,0.000648074,0.000648074,0.417339,0.405842,0.0114969,33.6694,33.6234,9,9,0,0.56008,0.590624,0.030544,0,1,1,0
15.6,971,1,0.0053497,0.0053497,0.462247,0.514941,0.0526944,33.849,34.0598,11,12,1,0.403701,0.406856,0.00315467,0,1,0,0
15.6,971,2,0.0367735,0.0367735,0.552759,0.563844,0.0110845,34.211,34.2554,10,10,0,0.509019,0.511819,0.0028,0,0,1,0
15.6,971,3,0.000512635,0.000512635,0.478723,0.417339,0.0613839,33.9149,33.6694,9,8,-1,0.590624,0.593421,0.00279733,0,1,0,0
15.7,972,1,0.00224867,0.00224867,0.47327,0.462247,0.011023,33.8931,33.849,12,12,0,0.406856,0.340672,0.066184,0,1,1,0
15.7,972,2,0.0206527,0.0206527,0.547555,0.552759,0.0052039,34.1902,34.211,10,10,0,0.511819,0.507531,0.004288,0,0,1,0
15.7,972,3,0.0285592,0.0285592,0.468212,0.478723,0.0105117,33.8728,33.9149,8,8,0,0.593421,0.669837,0.076416,0,0,1,0
15.8,973,1,0.00148842,0.00148842,0.490232,0.47327,0.0169624,33.9609,33.8931,12,12,0,0.340672,0.300976,0.039696,0,1,1,0
15.8,973,2,0.00261394,0.00261394,0.56901,0.547555,0.0214546,34.276,34.1902,10,10,0,0.507531,0.527387,0.019856,0,1,0,0
15.8,973,3,0.00824472,0.00824472,0.47531,0.468212,0.00709844,33.9012,33.8728,8,8,0,0.669837,0.677597,0.00776,0,1,1,1
15.9,974,1,0.00965469,0.00965469,0.52965,0.490232,0.0394176,34.1186,33.9609,12,12,0,0.300976,0.311256,0.01028,0,1,0,0
15.9,974,2,0.0405616,0.0405616,0.56291,0.56901,0.00610042,34.2516,34.276,10,10,0,0.527387,0.524571,0.002816,0,0,1,0
15.9,974,3,0.0441214,0.0441214,0.483683,0.47531,0.00837329,33.9347,33.9012,8,8,0,0.677597,0.674397,0.0032,0,0,1,0
16,975,1,0.00227094,0.00227094,0.515175,0.52965,0.0144755,34.0607,34.1186,12,12,0,0.311256,0.39312,0.081864,0,1,1,0
16,975,2,0.00887633,0.00887633,0.563006,0.56291,9.63807e-05,34.252,34.2516,10,10,0,0.524571,0.513155,0.011416,0,1,1,0
16,975,3,0.00972902,0.00972902,0.485792,0.483683,0.00210869,33.9432,33.9347,8,8,0,0.674397,0.643157,0.03124,0,1,1,0
16.1,976,1,0.00204439,0.00204439,0.497715,0.515175,0.0174598,33.9909,34.0607,12,11,-1,0.39312,0.467821,0.0747013,0,1,1,0
16.1,976,2,0.0193658,0.0193658,0.506942,0.563006,0.0560636,34.0278,34.252,10,10,0,0.513155,0.475019,0.038136,0,1,0,0
16.1,976,3,0.0105058,0.0105058,0.47137,0.485792,0.0144216,33.8855,33.9432,8,9,1,0.643157,0.567712,0.0754453,0,1,1,0
16.2,977,1,0.00662853,0.00662853,0.573186,0.497715,0.0754715,34.2927,33.9909,11,11,0,0.467821,0.402837,0.064984,0,1,0,0
16.2,977,2,0.024868,0.024868,0.541511,0.506942,0.034569,34.166,34.0278,10,10,0,0.475019,0.503507,0.028488,0,0,0,0
16.2,977,3,0.00400699,0.00400699,0.467712,0.47137,0.00365877,33.8708,33.8855,9,9,0,0.567712,0.57316,0.005448,0,1,1,1
16.3,978,1,0.00781757,0.00781757,0.49716,0.573186,0.0760265,33.9886,34.2927,11,11,0,0.402837,0.464901,0.062064,0,1,0,0
16.3,978,2,0.0175169,0.0175169,0.55746,0.541511,0.0159483,34.2298,34.166,10,10,0,0.503507,0.515955,0.012448,0,1,1,0
16.3,978,3,0.0102216,0.0102216,0.482939,0.467712,0.0152272,33.9318,33.8708,9,9,0,0.57316,0.594256,0.021096,0,1,1,0
16.4,979,1,0.0136817,0.0136817,0.487555,0.49716,0.00960469,33.9502,33.9886,11,12,1,0.464901,0.322256,0.142645,0,1,1,0
16.4,979,2,0.0177688,0.0177688,0.543393,0.55746,0.0140662,34.1736,34.2298,10,10,0,0.515955,0.505251,0.010704,0,1,1,0
16.4,979,3,0.0127226,0.0127226,0.447644,0.482939,0.0352944,33.7906,33.9318,9,8,-1,0.594256,0.650533,0.0562773,0,1,0,0
16.5,980,1,0.000723943,0.000723943,0.495522,0.487555,0.00796634,33.9821,33.9502,12,12,0,0.322256,0.308048,0.014208,0,1,1,0
16.5,980,2,0.00375787,0.00375787,0.561905,0.543393,0.0185112,34.2476,34.1736,10,10,0,0.505251,0.521347,0.016096,0,1,1,0
16.5,980,3,0.0104951,0.0104951,0.462796,0.447644,0.0151515,33.8512,33.7906,8,8,0,0.650533,0.664413,0.01388,0,1,1,0
16.6,981,1,0.000502452,0.000502452,0.581857,0.495522,0.0863354,34.3274,33.9821,12,11,-1,0.308048,0.350085,0.0420373,0,1,0,0
16.6,981,2,0.00304396,0.00304396,0.576125,0.561905,0.0142207,34.3045,34.2476,10,10,0,0.521347,0.533275,0.011928,0,1,1,0
16.6,981,3,0.0362835,0.0362835,0.465218,0.462796,0.00242257,33.8609,33.8512,8,9,1,0.664413,0.565904,0.0985093,0,0,1,0
16.7,982,1,0.0083233,0.0083233,0.619101,0.581857,0.037244,34.4764,34.3274,11,11,0,0.350085,0.458869,0.108784,0,1,0,0
16.7,982,2,0.0190294,0.0190294,0.55275,0.576125,0.0233753,34.211,34.3045,10,10,0,0.533275,0.511811,0.021464,0,1,0,0
16.7,982,3,0.0130739,0.0130739,0.482946,0.465218,0.0177274,33.9318,33.8609,9,9,0,0.565904,0.594272,0.028368,0,1,1,0
16.8,983,1,0.00340728,0.00340728,0.475256,0.619101,0.143845,33.901,34.4764,11,12,1,0.458869,0.43848,0.0203893,0,1,0,0
16.8,983,2,0.00625162,0.00625162,0.51009,0.55275,0.0426598,34.0404,34.211,10,10,0,0.511811,0.477467,0.034344,0,1,0,0
16.8,983,3,0.000383651,0.000383651,0.480469,0.482946,0.0024769,33.9219,33.9318,9,8,-1,0.594272,0.601917,0.00764533,0,1,1,1
16.9,984,1,0.00133355,0.00133355,0.47947,0.475256,0.00421411,33.9179,33.901,12,12,0,0.43848,0.34152,0.09696,0,1,1,0
16.9,984,2,0.0200757,0.0200757,0.540227,0.51009,0.0301365,34.1609,34.0404,10,10,0,0.477467,0.503499,0.026032,0,0,0,0
16.9,984,3,0.0339671,0.0339671,0.467464,0.480469,0.0130055,33.8699,33.9219,8,8,0,0.601917,0.661589,0.059672,0,0,1,0
17,985,1,0.00410008,0.00410008,0.497669,0.47947,0.0181989,33.9907,33.9179,12,12,0,0.34152,0.303488,0.038032,0,1,1,0
17,985,2,0.00364559,0.00364559,0.565817,0.540227,0.0255902,34.2633,34.1609,10,10,0,0.503499,0.524571,0.021072,0,1,0,0
17,985,3,0.00201683,0.00201683,0.470388,0.467464,0.00292492,33.8816,33.8699,8,8,0,0.661589,0.664413,0.002824,0,1,1,1
17.1,986,1,0.0131856,0.0131856,0.536085,0.497669,0.0384158,34.1443,33.9907,12,12,0,0.303488,0.303424,6.4e-05,0,1,0,0
17.1,986,2,0.0353196,0.0353196,0.572843,0.565817,0.00702584,34.2914,34.2633,10,10,0,0.524571,0.530075,0.005504,0,0,1,0
17.1,986,3,0.0472006,0.0472006,0.486392,0.470388,0.0160039,33.9456,33.8816,8,8,0,0.664413,0.664405,8e-06,0,0,1,0
17.2,987,1,0.00076741,0.00076741,0.514954,0.536085,0.0211308,34.0598,34.1443,12,12,0,0.303424,0.39776,0.094336,0,1,0,0
17.2,987,2,0.00817778,0.00817778,0.565136,0.572843,0.00770706,34.2605,34.2914,10,10,0,0.530075,0.515035,0.01504,0,1,1,0
17.2,987,3,0.00168053,0.00168053,0.492506,0.486392,0.00611392,33.97,33.9456,8,8,0,0.664405,0.664413,8e-06,0,1,1,1
17.3,988,1,0.000199795,0.000199795,0.497937,0.514954,0.0170167,33.9917,34.0598,12,11,-1,0.39776,0.470341,0.0725813,0,1,1,0
17.3,988,2,0.0216495,0.0216495,0.498059,0.565136,0.0670769,33.9922,34.2605,10,10,0,0.515035,0.469147,0.045888,0,0,0,0
17.3,988,3,0.00489416,0.00489416,0.464961,0.492506,0.0275448,33.8598,33.97,8,9,1,0.664413,0.553128,0.111285,0,1,0,0
17.4,989,1,0.0182307,0.0182307,0.570298,0.497937,0.0723604,34.2812,33.9917,11,11,0,0.470341,0.458733,0.011608,0,1,0,0
17.4,989,2,0.0194431,0.0194431,0.488168,0.498059,0.00989118,33.9527,33.9922,10,10,0,0.469147,0.456331,0.012816,0,1,1,0
17.4,989,3,0.016283,0.016283,0.455179,0.464961,0.00978258,33.8207,33.8598,9,9,0,0.553128,0.58828,0.035152,0,1,1,0
17.5,990,1,0.0155165,0.0155165,0.482372,0.570298,0.0879257,33.9295,34.2812,11,11,0,0.458733,0.505349,0.046616,0,1,0,0
17.5,990,2,0.00717476,0.00717476,0.454208,0.488168,0.0339601,33.8168,33.9527,10,10,0,0.456331,0.434523,0.021808,0,1,0,0
17.5,990,3,0.0107139,0.0107139,0.481702,0.455179,0.0265235,33.9268,33.8207,9,9,0,0.58828,0.600024,0.011744,0,1,0,0
17.6,991,1,0.00299621,0.00299621,0.452775,0.482372,0.0295974,33.8111,33.9295,11,12,1,0.505349,0.381688,0.123661,0,1,0,0
17.6,991,2,0.0134518,0.0134518,0.455142,0.454208,0.000934571,33.8206,33.8168,10,10,0,0.434523,0.427067,0.007456,0,1,1,1
17.6,991,3,0.000760425,0.000760425,0.441435,0.481702,0.0402676,33.7657,33.9268,9,8,-1,0.600024,0.674885,0.0748613,0,1,0,0
17.7,992,1,0.00027959,0.00027959,0.453145,0.452775,0.000370532,33.8126,33.8111,12,12,0,0.381688,0.382928,0.00124,0,1,1,1
17.7,992,2,0.00219969,0.00219969,0.467885,0.455142,0.012743,33.8715,33.8206,10,10,0,0.427067,0.441291,0.014224,0,1,1,0
17.7,992,3,0.00827812,0.00827812,0.45221,0.441435,0.0107754,33.8088,33.7657,8,8,0,0.674885,0.689365,0.01448,0,1,1,0
17.8,993,1,0.0191,0.0191,0.559495,0.453145,0.10635,34.238,33.8126,12,11,-1,0.382928,0.422685,0.0397573,0,1,0,0
17.8,993,2,0.00346784,0.00346784,0.48712,0.467885,0.0192347,33.9485,33.8715,10,10,0,0.441291,0.435195,0.006096,0,1,1,1
17.8,993,3,0.000327802,0.000327802,0.454368,0.45221,0.00215757,33.8175,33.8088,8,9,1,0.689365,0.58072,0.108645,0,1,1,0
17.9,994,1,0.0101985,0.0101985,0.614053,0.559495,0.054558,34.4562,34.238,11,11,0,0.422685,0.482469,0.059784,0,1,0,0
17.9,994,2,0.00333078,0.00333078,0.490072,0.48712,0.00295249,33.9603,33.9485,10,10,0,0.435195,0.444587,0.009392,0,1,1,1
17.9,994,3,0.010619,0.010619,0.481259,0.454368,0.026891,33.925,33.8175,9,9,0,0.58072,0.58884,0.00812,0,1,0,0
18,995,1,0.00339354,0.00339354,0.473868,0.614053,0.140185,33.8955,34.4562,11,12,1,0.482469,0.451008,0.0314613,0,1,0,0
18,995,2,0.000600506,0.000600506,0.467494,0.490072,0.0225786,33.87,33.9603,10,10,0,0.444587,0.423675,0.020912,0,1,0,0
18,995,3,0.00287532,0.00287532,0.482011,0.481259,0.00075227,33.928,33.925,9,8,-1,0.58884,0.610269,0.0214293,0,1,1,0
18.1,996,1,0.0096451,0.0096451,0.460456,0.473868,0.0134119,33.8418,33.8955,12,12,0,0.451008,0.398928,0.05208,0,1,1,0
18.1,996,2,0.00571404,0.00571404,0.472504,0.467494,0.00500998,33.89,33.87,10,10,0,0.423675,0.422507,0.001168,0,1,1,1
18.1,996,3,0.0114436,0.0114436,0.449926,0.482011,0.0320849,33.7997,33.928,8,8,0,0.610269,0.686413,0.076144,0,1,0,0
18.2,997,1,0.00401711,0.00401711,0.45291,0.460456,0.00754565,33.8116,33.8418,12,12,0,0.398928,0.375728,0.0232,0,1,1,0
18.2,997,2,0.00298462,0.00298462,0.487136,0.472504,0.0146321,33.9485,33.89,10,10,0,0.422507,0.435211,0.012704,0,1,1,0
18.2,997,3,0.00126998,0.00126998,0.45161,0.449926,0.00168431,33.8064,33.7997,8,8,0,0.686413,0.688589,0.002176,0,1,1,1
18.3,998,1,0.00687245,0.00687245,0.517521,0.45291,0.0646111,34.0701,33.8116,12,12,0,0.375728,0.391776,0.016048,0,1,0,0
18.3,998,2,1.16229e-06,1.16229e-06,0.493509,0.487136,0.00637287,33.974,33.9485,10,10,0,0.435211,0.441275,0.006064,0,1,1,1
18.3,998,3,0.00434507,0.00434507,0.478136,0.45161,0.0265254,33.9125,33.8064,8,8,0,0.688589,0.676141,0.012448,0,1,0,0
18.4,999,1,0.0035977,0.0035977,0.526518,0.517521,0.00899678,34.1061,34.0701,12,12,0,0.391776,0.432688,0.040912,0,1,1,0
18.4,999,2,0.00311218,0.00311218,0.472313,0.493509,0.0211955,33.8893,33.974,10,10,0,0.441275,0.427675,0.0136,0,1,0,0
18.4,999,3,0.0160559,0.0160559,0.485528,0.478136,0.00739279,33.9421,33.9125,8,8,0,0.676141,0.661029,0.015112,0,1,1,0
18.5,1000,1,0.00272981,0.00272981,0.494084,0.526518,0.0324343,33.9763,34.1061,12,11,-1,0.432688,0.478517,0.0458293,0,1,0,0
18.5,1000,2,0.0125281,0.0125281,0.4303,0.472313,0.042013,33.7212,33.8893,10,9,-1,0.427675,0.429568,0.00189333,0,1,0,0
18.5,1000,3,0.0390918,0.0390918,0.424832,0.485528,0.0606963,33.6993,33.9421,8,10,2,0.661029,0.476387,0.184643,0,0,0,0
18.6,1001,1,0.0260689,0.0260689,0.573719,0.494084,0.0796347,34.2949,33.9763,11,11,0,0.478517,0.472005,0.006512,0,0,0,0
18.6,1001,2,0.00575177,0.00575177,0.525892,0.4303,0.0955923,34.1036,33.7212,9,9,0,0.429568,0.508112,0.078544,0,1,0,0
18.6,1001,3,0.010687,0.010687,0.422844,0.424832,0.00198853,33.6914,33.6993,10,10,0,0.476387,0.493899,0.017512,0,1,1,0
18.7,1002,1,0.0309005,0.0309005,0.49496,0.573719,0.0787581,33.9798,34.2949,11,11,0,0.472005,0.452229,0.019776,0,0,0,0
18.7,1002,2,0.0261619,0.0261619,0.564677,0.525892,0.0387842,34.2587,34.1036,9,9,0,0.508112,0.559376,0.051264,0,0,0,0
18.7,1002,3,0.000496181,0.000496181,0.444795,0.422844,0.0219509,33.7792,33.6914,10,10,0,0.493899,0.509659,0.01576,0,1,0,0
18.8,1003,1,0.0104114,0.0104114,0.476817,0.49496,0.0181439,33.9073,33.9798,11,12,1,0.452229,0.316544,0.135685,0,1,1,0
18.8,1003,2,0.0176685,0.0176685,0.544732,0.564677,0.0199443,34.1789,34.2587,9,10,1,0.559376,0.477275,0.0821013,0,1,1,0
18.8,1003,3,0.0395018,0.0395018,0.451997,0.444795,0.00720218,33.808,33.7792,10,8,-2,0.509659,0.646557,0.136899,0,0,1,0
18.9,1004,1,0.00016018,0.00016018,0.482928,0.476817,0.00611186,33.9317,33.9073,12,12,0,0.316544,0.304048,0.012496,0,1,1,0
18.9,1004,2,0.0073908,0.0073908,0.574923,0.544732,0.0301909,34.2997,34.1789,10,10,0,0.477275,0.512571,0.035296,0,1,0,0
18.9,1004,3,0.00986505,0.00986505,0.45848,0.451997,0.00648302,33.8339,33.808,8,8,0,0.646557,0.664365,0.017808,0,1,1,0
19,1005,1,0.00318789,0.00318789,0.576534,0.482928,0.0936054,34.3061,33.9317,12,11,-1,0.304048,0.354069,0.0500213,0,1,0,0
19,1005,2,0.00229877,0.00229877,0.55587,0.574923,0.0190535,34.2235,34.2997,10,10,0,0.512571,0.506571,0.006,0,1,1,1
19,1005,3,0.0759305,0.0759305,0.462346,0.45848,0.00386637,33.8494,33.8339,8,9,1,0.664365,0.55752,0.106845,0,0,1,0
19.1,1006,1,0.00150823,0.00150823,0.619726,0.576534,0.0431922,34.4789,34.3061,11,11,0,0.354069,0.440045,0.085976,0,1,0,0
19.1,1006,2,0.00986545,0.00986545,0.532842,0.55587,0.0230277,34.1314,34.2235,10,10,0,0.506571,0.491675,0.014896,0,1,0,0
19.1,1006,3,0.00665811,0.00665811,0.478198,0.462346,0.0158517,33.9128,33.8494,9,9,0,0.55752,0.581496,0.023976,0,1,1,0
19.2,1007,1,0.00330789,0.00330789,0.464529,0.619726,0.155197,33.8581,34.4789,11,12,1,0.440045,0.408112,0.0319333,0,1,0,0
19.2,1007,2,0.001517,0.001517,0.520126,0.532842,0.0127162,34.0805,34.1314,10,10,0,0.491675,0.476123,0.015552,0,1,1,0
19.2,1007,3,0.0158986,0.0158986,0.476608,0.478198,0.00158998,33.9064,33.9128,9,8,-1,0.581496,0.580525,0.000970666,0,1,1,1
19.3,1008,1,0.00105333,0.00105333,0.471034,0.464529,0.00650486,33.8841,33.8581,12,12,0,0.408112,0.33072,0.077392,0,1,1,0
19.3,1008,2,0.0101623,0.0101623,0.55101,0.520126,0.0308843,34.204,34.0805,10,10,0,0.476123,0.500091,0.023968,0,1,0,0
19.3,1008,3,0.0115918,0.0115918,0.462256,0.476608,0.0143514,33.849,33.9064,8,8,0,0.580525,0.663885,0.08336,0,1,1,0
19.4,1009,1,0.000541188,0.000541188,0.481645,0.471034,0.0106106,33.9266,33.8841,12,12,0,0.33072,0.30668,0.02404,0,1,1,0
19.4,1009,2,0.00121838,0.00121838,0.555857,0.55101,0.00484705,34.2234,34.204,10,10,0,0.500091,0.506555,0.006464,0,1,1,1
19.4,1009,3,0.00158588,0.00158588,0.459723,0.462256,0.00253305,33.8389,33.849,8,8,0,0.663885,0.661565,0.00232,0,1,1,1
19.5,1010,1,0.0105451,0.0105451,0.527297,0.481645,0.0456521,34.1092,33.9266,12,12,0,0.30668,0.304816,0.001864,0,1,0,0
19.5,1010,2,0.0585194,0.0585194,0.544274,0.555857,0.0115837,34.1771,34.2234,10,10,0,0.506555,0.506563,8e-06,0,0,1,0
19.5,1010,3,0.0332735,0.0332735,0.481322,0.459723,0.0215983,33.9253,33.8389,8,8,0,0.661565,0.664397,0.002832,0,0,0,0
19.6,1011,1,0.000167236,0.000167236,0.513235,0.527297,0.0140617,34.0529,34.1092,12,12,0,0.304816,0.377808,0.072992,0,1,1,0
19.6,1011,2,0.00201848,0.00201848,0.54202,0.544274,0.00225317,34.1681,34.1771,10,10,0,0.506563,0.502139,0.004424,0,1,1,1
19.6,1011,3,0.00540912,0.00540912,0.484996,0.481322,0.00367427,33.94,33.9253,8,8,0,0.664397,0.640429,0.023968,0,1,1,0
19.7,1012,1,0.00095661,0.00095661,0.494422,0.513235,0.0188132,33.9777,34.0529,12,11,-1,0.377808,0.439637,0.0618293,0,1,1,0
19.7,1012,2,0.0283263,0.0283263,0.504824,0.54202,0.0371967,34.0193,34.1681,10,10,0,0.502139,0.473395,0.028744,0,0,0,0
19.7,1012,3,0.0233993,0.0233993,0.458053,0.484996,0.0269428,33.8322,33.94,8,9,1,0.640429,0.530584,0.109845,0,0,0,0
19.8,1013,1,0.0130028,0.0130028,0.565709,0.494422,0.0712864,34.2628,33.9777,11,11,0,0.439637,0.400661,0.038976,0,1,0,0
19.8,1013,2,0.0112642,0.0112642,0.539295,0.504824,0.0344709,34.1572,34.0193,10,10,0,0.473395,0.502795,0.0294,0,1,0,0
19.8,1013,3,0.0146367,0.0146367,0.462923,0.458053,0.00486973,33.8517,33.8322,9,9,0,0.530584,0.57276,0.042176,0,1,1,0
19.9,1014,1,0.0125444,0.0125444,0.494813,0.565709,0.0708953,33.9793,34.2628,11,11,0,0.400661,0.442981,0.04232,0,1,0,0
19.9,1014,2,0.0443733,0.0443733,0.529927,0.539295,0.00936741,34.1197,34.1572,10,10,0,0.502795,0.491659,0.011136,0,0,1,0
19.9,1014,3,0.00356227,0.00356227,0.476215,0.462923,0.0132922,33.9049,33.8517,9,9,0,0.57276,0.577504,0.004744,0,1,1,1
20,1015,1,0.0103902,0.0103902,0.462513,0.494813,0.0323004,33.8501,33.9793,11,12,1,0.442981,0.33736,0.105621,0,1,0,0
20,1015,2,0.00264553,0.00264553,0.53562,0.529927,0.00569254,34.1425,34.1197,10,10,0,0.491659,0.498747,0.007088,0,1,1,1
20,1015,3,0.00478123,0.00478123,0.438534,0.476215,0.0376809,33.7541,33.9049,9,8,-1,0.577504,0.645453,0.0679493,0,1,0,0
20.1,1016,1,0.0026729,0.0026729,0.474028,0.462513,0.0115148,33.8961,33.8501,12,12,0,0.33736,0.308968,0.028392,0,1,1,0
20.1,1016,2,0.00415149,0.00415149,0.544265,0.53562,0.008645,34.1771,34.1425,10,10,0,0.498747,0.506555,0.007808,0,1,1,1
20.1,1016,3,0.0121773,0.0121773,0.452504,0.438534,0.0139697,33.81,33.7541,8,8,0,0.645453,0.661597,0.016144,0,1,1,0
20.2,1017,1,0.0103535,0.0103535,0.537471,0.474028,0.0634434,34.1499,33.8961,12,10,-2,0.308968,0.409955,0.100987,0,1,0,0
20.2,1017,2,0.0160255,0.0160255,0.548615,0.544265,0.00434965,34.1945,34.1771,10,11,1,0.506555,0.439669,0.0668853,0,1,1,0
20.2,1017,3,0.0219887,0.0219887,0.462011,0.452504,0.00950676,33.848,33.81,8,9,1,0.661597,0.568728,0.0928693,0,0,1,0
20.3,1018,1,0.0357555,0.0357555,0.651173,0.537471,0.113702,34.6047,34.1499,10,10,0,0.409955,0.501195,0.09124,0,0,0,0
20.3,1018,2,0.00461182,0.00461182,0.534427,0.548615,0.0141874,34.1377,34.1945,11,11,0,0.439669,0.414677,0.024992,0,1,1,0
20.3,1018,3,0.00553891,0.00553891,0.47844,0.462011,0.0164292,33.9138,33.848,9,9,0,0.568728,0.581984,0.013256,0,1,1,0
20.4,1019,1,0.0156844,0.0156844,0.426647,0.651173,0.224526,33.7066,34.6047,10,12,2,0.501195,0.43368,0.0675147,0,1,0,0
20.4,1019,2,0.0282451,0.0282451,0.485134,0.534427,0.0492934,33.9405,34.1377,11,10,-1,0.414677,0.415555,0.000877334,0,0,0,0
20.4,1019,3,0.0334562,0.0334562,0.46997,0.47844,0.00847009,33.8799,33.9138,9,8,-1,0.581984,0.554541,0.0274427,0,0,1,0
20.5,1020,1,0.00755183,0.00755183,0.434803,0.426647,0.00815561,33.7392,33.7066,12,12,0,0.43368,0.354648,0.079032,0,1,1,0
20.5,1020,2,0.0124868,0.0124868,0.483792,0.485134,0.00134221,33.9352,33.9405,10,10,0,0.415555,0.441283,0.025728,0,1,1,0
20.5,1020,3,0.0311595,0.0311595,0.439456,0.46997,0.0305139,33.7578,33.8799,8,8,0,0.554541,0.664269,0.109728,0,0,0,0
20.6,1021,1,0.00615123,0.00615123,0.419724,0.434803,0.0150791,33.6789,33.7392,12,12,0,0.354648,0.386144,0.031496,0,1,1,0
20.6,1021,2,0.00144433,0.00144433,0.477364,0.483792,0.00642794,33.9095,33.9352,10,10,0,0.441283,0.436539,0.004744,0,1,1,1
20.6,1021,3,0.0372321,0.0372321,0.480855,0.439456,0.041399,33.9234,33.7578,8,8,0,0.664269,0.711997,0.047728,0,0,0,0
20.7,1022,1,0.0381346,0.0381346,0.568744,0.419724,0.149021,34.275,33.6789,12,12,0,0.386144,0.368024,0.01812,0,0,0,0
20.7,1022,2,0.0428957,0.0428957,0.449513,0.477364,0.0278508,33.7981,33.9095,10,10,0,0.436539,0.405019,0.03152,0,0,0,0
20.7,1022,3,0.0337664,0.0337664,0.48523,0.480855,0.00437549,33.9409,33.9234,8,8,0,0.711997,0.708797,0.0032,0,0,1,0
20.8,1023,1,0.00816701,0.00816701,0.576214,0.568744,0.00746959,34.3049,34.275,12,12,0,0.368024,0.422152,0.054128,0,1,1,0
20.8,1023,2,0.000493441,0.000493441,0.441619,0.449513,0.00789404,33.7665,33.7981,10,10,0,0.405019,0.399195,0.005824,0,1,1,1
20.8,1023,3,0.00140594,0.00140594,0.484844,0.48523,0.000386,33.9394,33.9409,8,8,0,0.708797,0.695373,0.013424,0,1,1,0
20.9,1024,1,0.00683473,0.00683473,0.545467,0.576214,0.0307472,34.1819,34.3049,12,11,-1,0.422152,0.475621,0.0534693,0,1,0,0
20.9,1024,2,0.00259739,0.00259739,0.436469,0.441619,0.00514999,33.7459,33.7665,10,10,0,0.399195,0.393963,0.005232,0,1,1,1
20.9,1024,3,0.0109992,0.0109992,0.461364,0.484844,0.0234804,33.8455,33.9394,8,9,1,0.695373,0.565816,0.129557,0,1,0,0
21,1025,1,0.00151224,0.00151224,0.608386,0.545467,0.062919,34.4335,34.1819,11,11,0,0.475621,0.503421,0.0278,0,1,0,0
21,1025,2,0,0,0.436469,0.436469,0,33.7459,33.7459,10,10,0,0.393963,0.393963,0,0,1,1,1
21,1025,3,0.00946882,0.00946882,0.466704,0.461364,0.00534025,33.8668,33.8455,9,9,0,0.565816,0.58624,0.020424,0,1,1,0
21.1,1026,1,0.00835578,0.00835578,0.47973,0.608386,0.128655,33.9189,34.4335,11,11,0,0.503421,0.494437,0.008984,0,1,0,0
21.1,1026,2,0.000796665,0.000796665,0.435419,0.436469,0.00104964,33.7417,33.7459,10,10,0,0.393963,0.392923,0.00104,0,1,1,1
21.1,1026,3,0.0103113,0.0103113,0.460907,0.466704,0.00579724,33.8436,33.8668,9,9,0,0.58624,0.563704,0.022536,0,1,1,0
21.2,1027,1,0.0123908,0.0123908,0.456324,0.47973,0.0234061,33.8253,33.9189,11,12,1,0.494437,0.370672,0.123765,0,1,0,0
21.2,1027,2,0.00551996,0.00551996,0.452794,0.435419,0.0173751,33.8112,33.7417,10,10,0,0.392923,0.408619,0.015696,0,1,1,0
21.2,1027,3,0.0371615,0.0371615,0.468468,0.460907,0.00756085,33.8739,33.8436,9,8,-1,0.563704,0.687301,0.123597,0,0,1,0
21.3,1028,1,0.000166163,0.000166163,0.456511,0.456324,0.000186294,33.826,33.8253,12,12,0,0.370672,0.368032,0.00264,0,1,1,1
21.3,1028,2,0.00253901,0.00253901,0.457874,0.452794,0.00508022,33.8315,33.8112,10,10,0,0.408619,0.414219,0.0056,0,1,1,1
21.3,1028,3,0.0216139,0.0216139,0.488845,0.468468,0.0203774,33.9554,33.8739,8,8,0,0.687301,0.712013,0.024712,0,0,0,0
21.4,1029,1,0.0190641,0.0190641,0.560593,0.456511,0.104082,34.2424,33.826,12,11,-1,0.368032,0.418525,0.0504933,0,1,0,0
21.4,1029,2,0.00928668,0.00928668,0.437143,0.457874,0.0207313,33.7486,33.8315,10,9,-1,0.414219,0.457928,0.0437093,0,1,0,0
21.4,1029,3,0.0312691,0.0312691,0.429806,0.488845,0.0590389,33.7192,33.9554,8,10,2,0.712013,0.499267,0.212747,0,0,0,0
21.5,1030,1,0.000111908,0.000111908,0.609333,0.560593,0.0487404,34.4373,34.2424,11,11,0,0.418525,0.496933,0.078408,0,1,0,0
21.5,1030,2,0.00953764,0.00953764,0.495446,0.437143,0.058303,33.9818,33.7486,9,9,0,0.457928,0.475528,0.0176,0,1,0,0
21.5,1030,3,0.00125887,0.00125887,0.438659,0.429806,0.00885242,33.7546,33.7192,10,10,0,0.499267,0.511163,0.011896,0,1,1,0
21.6,1031,1,0.00639027,0.00639027,0.470968,0.609333,0.138365,33.8839,34.4373,11,12,1,0.496933,0.460496,0.0364373,0,1,0,0
21.6,1031,2,0.00853659,0.00853659,0.451961,0.495446,0.0434851,33.8078,33.9818,9,9,0,0.475528,0.468688,0.00684,0,1,0,0
21.6,1031,3,0.00937491,0.00937491,0.395686,0.438659,0.0429728,33.5827,33.7546,10,9,-1,0.511163,0.535848,0.0246853,0,1,0,0
21.7,1032,1,0.0133554,0.0133554,0.458703,0.470968,0.0122651,33.8348,33.8839,12,12,0,0.460496,0.38988,0.070616,0,1,1,0
21.7,1032,2,0.00463619,0.00463619,0.469127,0.451961,0.0171658,33.8765,33.8078,9,9,0,0.468688,0.484792,0.016104,0,1,1,0
21.7,1032,3,0.0221787,0.0221787,0.377618,0.395686,0.0180676,33.5105,33.5827,9,9,0,0.535848,0.589376,0.053528,0,0,1,0
21.8,1033,1,0.00255033,0.00255033,0.458006,0.458703,0.000697613,33.832,33.8348,12,12,0,0.38988,0.356992,0.032888,0,1,1,0
21.8,1033,2,2.21655e-06,2.21655e-06,0.46894,0.469127,0.000186801,33.8758,33.8765,9,9,0,0.484792,0.484664,0.000128,0,1,1,1
21.8,1033,3,0.0133242,0.0133242,0.403691,0.377618,0.0260721,33.6148,33.5105,9,9,0,0.589376,0.61544,0.026064,0,1,0,0
21.9,1034,1,0.0182843,0.0182843,0.571496,0.458006,0.11349,34.286,33.832,12,12,0,0.356992,0.359096,0.002104,0,1,0,0
21.9,1034,2,0.00118455,0.00118455,0.463055,0.46894,0.00588459,33.8522,33.8758,9,9,0,0.484664,0.480512,0.004152,0,1,1,1
21.9,1034,3,0.035102,0.035102,0.41016,0.403691,0.0064697,33.6406,33.6148,9,9,0,0.61544,0.599704,0.015736,0,0,1,0
22,1035,1,0.00842729,0.00842729,0.576493,0.571496,0.00499719,34.306,34.286,12,12,0,0.359096,0.424032,0.064936,0,1,1,0
22,1035,2,0.00345472,0.00345472,0.451972,0.463055,0.0110837,33.8079,33.8522,9,9,0,0.480512,0.468696,0.011816,0,1,1,0
22,1035,3,0.00645932,0.00645932,0.414737,0.41016,0.0045771,33.6589,33.6406,9,9,0,0.599704,0.581584,0.01812,0,1,1,0
22.1,1036,1,0.00310092,0.00310092,0.535716,0.576493,0.0407773,34.1429,34.306,12,11,-1,0.424032,0.500037,0.0760053,0,1,0,0
22.1,1036,2,0.000505123,0.000505123,0.447334,0.451972,0.0046379,33.7893,33.8079,9,9,0,0.468696,0.465472,0.003224,0,1,1,1
22.1,1036,3,0.0124137,0.0124137,0.382231,0.414737,0.0325068,33.5289,33.6589,9,10,1,0.581584,0.493819,0.0877653,0,1,0,0
22.2,1037,1,0.000828892,0.000828892,0.611744,0.535716,0.0760286,34.447,34.1429,11,11,0,0.500037,0.510133,0.010096,0,1,0,0
22.2,1037,2,0.000505123,0.000505123,0.451972,0.447334,0.0046379,33.8079,33.7893,9,9,0,0.465472,0.468696,0.003224,0,1,1,1
22.2,1037,3,0.00107867,0.00107867,0.383825,0.382231,0.00159436,33.5353,33.5289,10,10,0,0.493819,0.496523,0.002704,0,1,1,1
22.3,1038,1,0.00747964,0.00747964,0.476699,0.611744,0.135045,33.9068,34.447,11,11,0,0.510133,0.516613,0.00648,0,1,0,0
22.3,1038,2,0.00946053,0.00946053,0.485112,0.451972,0.0331402,33.9404,33.8079,9,9,0,0.468696,0.46548,0.003216,0,1,0,0
22.3,1038,3,0.000453251,0.000453251,0.384404,0.383825,0.000578642,33.5376,33.5353,10,10,0,0.496523,0.497867,0.001344,0,1,1,1
22.4,1039,1,0.00765028,0.00765028,0.457547,0.476699,0.019152,33.8302,33.9068,11,12,1,0.516613,0.362,0.154613,0,1,1,0
22.4,1039,2,0.00519676,0.00519676,0.501738,0.485112,0.0166264,34.007,33.9404,9,9,0,0.46548,0.472184,0.006704,0,1,1,1
22.4,1039,3,0.0128966,0.0128966,0.376047,0.384404,0.00835699,33.5042,33.5376,10,9,-1,0.497867,0.587296,0.0894293,0,1,1,0
22.5,1040,1,0.0049631,0.0049631,0.472246,0.457547,0.0146985,33.889,33.8302,12,12,0,0.362,0.312296,0.049704,0,1,1,0
22.5,1040,2,0.0144965,0.0144965,0.614069,0.501738,0.112331,34.4563,34.007,9,9,0,0.472184,0.576584,0.1044,0,1,0,0
22.5,1040,3,0.0202236,0.0202236,0.40769,0.376047,0.0316435,33.6308,33.5042,9,9,0,0.587296,0.597912,0.010616,0,0,0,0
22.6,1041,1,0.00855515,0.00855515,0.575511,0.472246,0.103265,34.302,33.889,12,11,-1,0.312296,0.342085,0.0297893,0,1,0,0
22.6,1041,2,0.0191524,0.0191524,0.565068,0.614069,0.0490009,34.2603,34.4563,9,10,1,0.576584,0.500939,0.0756453,0,1,0,0
22.6,1041,3,0.0456404,0.0456404,0.450403,0.40769,0.0427129,33.8016,33.6308,9,9,0,0.597912,0.522304,0.075608,0,0,0,0
22.7,1042,1,0.0223784,0.0223784,0.622249,0.575511,0.0467377,34.489,34.302,11,11,0,0.342085,0.459429,0.117344,0,0,0,0
22.7,1042,2,0.0102633,0.0102633,0.523844,0.565068,0.0412248,34.0954,34.2603,10,10,0,0.500939,0.465979,0.03496,0,1,0,0
22.7,1042,3,0.00914529,0.00914529,0.401565,0.450403,0.048838,33.6063,33.8016,9,9,0,0.522304,0.546808,0.024504,0,1,0,0
22.8,1043,1,0.0147363,0.0147363,0.560616,0.622249,0.0616326,34.2425,34.489,11,11,0,0.459429,0.490165,0.030736,0,1,0,0
22.8,1043,2,0.0239495,0.0239495,0.517642,0.523844,0.00620139,34.0706,34.0954,10,10,0,0.465979,0.443531,0.022448,0,0,1,0
22.8,1043,3,0.000784175,0.000784175,0.388833,0.401565,0.0127316,33.5553,33.6063,9,9,0,0.546808,0.522552,0.024256,0,1,1,0
22.9,1044,1,0.00203483,0.00203483,0.560704,0.560616,8.77976e-05,34.2428,34.2425,11,11,0,0.490165,0.477205,0.01296,0,1,1,0
22.9,1044,2,3.72157e-06,3.72157e-06,0.517624,0.517642,1.77026e-05,34.0705,34.0706,10,10,0,0.443531,0.443515,1.6e-05,0,1,1,1
22.9,1044,3,0.000854705,0.000854705,0.386293,0.388833,0.00254074,33.5452,33.5553,9,9,0,0.522552,0.518008,0.004544,0,1,1,1
23,1045,1,0.00259624,0.00259624,0.556191,0.560704,0.00451249,34.2248,34.2428,11,11,0,0.477205,0.485909,0.008704,0,1,1,1
23,1045,2,0.000474472,0.000474472,0.515381,0.517624,0.00224394,34.0615,34.0705,10,10,0,0.443515,0.441483,0.002032,0,1,1,1
23,1045,3,0.00115652,0.00115652,0.389758,0.386293,0.00346518,33.559,33.5452,9,9,0,0.518008,0.5242,0.006192,0,1,1,1
23.1,1046,1,0.00925905,0.00925905,0.502107,0.556191,0.0540847,34.0084,34.2248,11,11,0,0.485909,0.486965,0.001056,1,1,0,0
23.1,1046,2,0.0323185,0.0323185,0.497922,0.515381,0.0174589,33.9917,34.0615,10,10,0,0.441483,0.446339,0.004856,1,0,1,0
23.1,1046,3,0.00336729,0.00336729,0.395609,0.389758,0.00585148,33.5824,33.559,9,9,0,0.5242,0.535632,0.011432,1,1,1,0
23.2,1047,1,0.00574652,0.00574652,0.488244,0.502107,0.0138627,33.953,34.0084,11,11,0,0.486965,0.494373,0.007408,0,1,1,1
23.2,1047,2,0.00736153,0.00736153,0.493012,0.497922,0.0049099,33.972,33.9917,10,10,0,0.446339,0.408179,0.03816,0,1,1,0
23.2,1047,3,0.0132883,0.0132883,0.400894,0.395609,0.00528514,33.6036,33.5824,9,9,0,0.535632,0.558808,0.023176,0,1,1,0
23.3,1048,1,0.00581946,0.00581946,0.452888,0.488244,0.035356,33.8116,33.953,11,12,1,0.494373,0.36512,0.129253,0,1,0,0
23.3,1048,2,0.0209283,0.0209283,0.451228,0.493012,0.0417833,33.8049,33.972,10,9,-1,0.408179,0.437104,0.0289253,0,0,0,0
23.3,1048,3,0.00172724,0.00172724,0.457113,0.400894,0.0562181,33.8285,33.6036,9,9,0,0.558808,0.56264,0.003832,0,1,0,0
23.4,1049,1,0.00546011,0.00546011,0.455545,0.452888,0.00265688,33.8222,33.8116,12,12,0,0.36512,0.335824,0.029296,0,1,1,0
23.4,1049,2,0.0113553,0.0113553,0.484225,0.451228,0.0329964,33.9369,33.8049,9,9,0,0.437104,0.468736,0.031632,0,1,0,0
23.4,1049,3,0.0219184,0.0219184,0.42613,0.457113,0.0309823,33.7045,33.8285,9,9,0,0.56264,0.604816,0.042176,0,0,0,0
23.5,1050,1,0.00610103,0.00610103,0.512113,0.455545,0.0565686,34.0485,33.8222,12,12,0,0.335824,0.336256,0.000432,0,1,0,0
23.5,1050,2,0.000100601,0.000100601,0.456589,0.484225,0.0276358,33.8264,33.9369,9,9,0,0.468736,0.46552,0.003216,0,1,0,0
23.5,1050,3,0.00406937,0.00406937,0.463262,0.42613,0.0371317,33.853,33.7045,9,9,0,0.604816,0.599704,0.005112,0,1,0,0
23.6,1051,1,0.00125484,0.00125484,0.610405,0.512113,0.0982911,34.4416,34.0485,12,11,-1,0.336256,0.471525,0.135269,0,1,0,0
23.6,1051,2,0.0178753,0.0178753,0.378466,0.456589,0.0781228,33.5139,33.8264,9,10,1,0.46552,0.360907,0.104613,0,1,0,0
23.6,1051,3,0.0043451,0.0043451,0.413582,0.463262,0.0496795,33.6543,33.853,9,9,0,0.599704,0.569272,0.030432,0,1,0,0
23.7,1052,1,0.00486605,0.00486605,0.609118,0.610405,0.00128639,34.4365,34.4416,11,11,0,0.471525,0.498405,0.02688,0,1,1,0
23.7,1052,2,0.0234831,0.0234831,0.409136,0.378466,0.03067,33.6365,33.5139,10,10,0,0.360907,0.396811,0.035904,0,0,0,0
23.7,1052,3,0.00880386,0.00880386,0.425444,0.413582,0.0118621,33.7018,33.6543,9,9,0,0.569272,0.597864,0.028592,0,1,1,0
23.8,1053,1,0.00929494,0.00929494,0.48239,0.609118,0.126729,33.9296,34.4365,11,11,0,0.498405,0.495405,0.003,0,1,0,0
23.8,1053,2,0.00346879,0.00346879,0.418489,0.409136,0.00935254,33.674,33.6365,10,9,-1,0.396811,0.439168,0.0423573,0,1,1,0
23.8,1053,3,0.000351284,0.000351284,0.378936,0.425444,0.0465084,33.5157,33.7018,9,10,1,0.597864,0.494891,0.102973,0,1,0,0
23.9,1054,1,0.00167559,0.00167559,0.501674,0.48239,0.019284,34.0067,33.9296,11,11,0,0.495405,0.435413,0.059992,0,1,1,0
23.9,1054,2,0.00894146,0.00894146,0.484364,0.418489,0.0658755,33.9375,33.674,9,9,0,0.439168,0.468944,0.029776,0,1,0,0
23.9,1054,3,0.00551317,0.00551317,0.395236,0.378936,0.0162998,33.5809,33.5157,10,10,0,0.494891,0.542075,0.047184,0,1,1,0
24,1055,1,0.00277738,0.00277738,0.490021,0.501674,0.011653,33.9601,34.0067,11,11,0,0.435413,0.477157,0.041744,0,1,1,0
24,1055,2,0.00121543,0.00121543,0.47422,0.484364,0.0101446,33.8969,33.9375,9,9,0,0.468944,0.456864,0.01208,0,1,1,0
24,1055,3,0.00212704,0.00212704,0.348656,0.395236,0.0465799,33.3946,33.5809,10,10,0,0.542075,0.514443,0.027632,0,1,0,0
24.1,1056,1,0.00277738,0.00277738,0.501674,0.490021,0.011653,34.0067,33.9601,11,11,0,0.477157,0.435413,0.041744,0,1,1,0
24.1,1056,2,0.00912592,0.00912592,0.517242,0.47422,0.0430223,34.069,33.8969,9,9,0,0.456864,0.469704,0.01284,0,1,0,0
24.1,1056,3,0.00512528,0.00512528,0.346293,0.348656,0.00236261,33.3852,33.3946,10,10,0,0.514443,0.539563,0.02512,0,1,1,0
24.2,1057,1,0.00637659,0.00637659,0.500524,0.501674,0.00114924,34.0021,34.0067,11,11,0,0.435413,0.470725,0.035312,0,1,1,0
24.2,1057,2,0.00226876,0.00226876,0.560564,0.517242,0.0433218,34.2423,34.069,9,9,0,0.469704,0.530184,0.06048,0,1,0,0
24.2,1057,3,0.00264813,0.00264813,0.361028,0.346293,0.0147341,33.4441,33.3852,10,10,0,0.539563,0.503707,0.035856,0,1,1,0
24.3,1058,1,0.00241791,0.00241791,0.501511,0.500524,0.000986874,34.006,34.0021,11,11,0,0.470725,0.482933,0.012208,0,1,1,0
24.3,1058,2,0.010775,0.010775,0.570641,0.560564,0.0100777,34.2826,34.2423,9,9,0,0.530184,0.561888,0.031704,0,1,1,0
24.3,1058,3,0.0128418,0.0128418,0.349658,0.361028,0.0113691,33.3986,33.4441,10,10,0,0.503707,0.458235,0.045472,0,1,1,0
24.4,1059,1,0.000357673,0.000357673,0.501636,0.501511,0.000124872,34.0065,34.006,11,11,0,0.482933,0.484437,0.001504,0,1,1,1
24.4,1059,2,0.000170944,0.000170944,0.568272,0.570641,0.00236934,34.2731,34.2826,9,9,0,0.561888,0.560144,0.001744,0,1,1,1
24.4,1059,3,0.000144813,0.000144813,0.349619,0.349658,3.91304e-05,33.3985,33.3986,10,10,0,0.458235,0.456491,0.001744,0,1,1,1
24.5,1060,1,0.000487663,0.000487663,0.50191,0.501636,0.000274003,34.0076,34.0065,11,11,0,0.484437,0.485909,0.001472,1,1,1,1
24.5,1060,2,0.00859056,0.00859056,0.516674,0.568272,0.0515981,34.0667,34.2731,9,10,1,0.560144,0.463691,0.0964533,1,1,0,0
24.5,1060,3,0.00971792,0.00971792,0.383872,0.349619,0.0342529,33.5355,33.3985,10,9,-1,0.456491,0.51308,0.0565893,1,1,0,0
24.6,1061,1,0.00142191,0.00142191,0.501444,0.50191,0.000465691,34.0058,34.0076,11,11,0,0.485909,0.479717,0.006192,0,1,1,1
24.6,1061,2,0.00526543,0.00526543,0.529651,0.516674,0.0129768,34.1186,34.0667,10,10,0,0.463691,0.479275,0.015584,0,1,1,0
24.6,1061,3,0.00233042,0.00233042,0.359046,0.383872,0.024826,33.4362,33.5355,9,9,0,0.51308,0.53272,0.01964,0,1,0,0
24.7,1062,1,0.00606743,0.00606743,0.424008,0.501444,0.0774363,33.696,34.0058,11,11,0,0.479717,0.488437,0.00872,0,1,0,0
24.7,1062,2,0.0075697,0.0075697,0.514116,0.529651,0.0155346,34.0565,34.1186,10,10,0,0.479275,0.475483,0.003792,0,1,1,1
24.7,1062,3,0.00127014,0.00127014,0.392942,0.359046,0.0338962,33.5718,33.4362,9,9,0,0.53272,0.529688,0.003032,0,1,0,0
24.8,1063,1,0.0145449,0.0145449,0.544052,0.424008,0.120043,34.1762,33.696,11,10,-1,0.488437,0.452187,0.0362507,0,1,0,0
24.8,1063,2,0.00233255,0.00233255,0.547779,0.514116,0.033663,34.1911,34.0565,10,11,1,0.475483,0.407413,0.0680693,0,1,0,0
24.8,1063,3,0.00836249,0.00836249,0.402144,0.392942,0.00920117,33.6086,33.5718,9,9,0,0.529688,0.555408,0.02572,0,1,1,0
24.9,1064,1,0.0111363,0.0111363,0.525868,0.544052,0.0181832,34.1035,34.1762,10,10,0,0.452187,0.517867,0.06568,0,1,1,0
24.9,1064,2,0.0194431,0.0194431,0.54138,0.547779,0.00639963,34.1655,34.1911,11,11,0,0.407413,0.426389,0.018976,0,1,1,0
24.9,1064,3,0.00182541,0.00182541,0.408967,0.402144,0.00682375,33.6359,33.6086,9,9,0,0.555408,0.568792,0.013384,0,1,1,0
25,1065,1,0.00253128,0.00253128,0.423799,0.525868,0.102069,33.6952,34.1035,10,11,1,0.517867,0.466205,0.0516613,0,1,0,0
25,1065,2,0.00994859,0.00994859,0.494341,0.54138,0.0470382,33.9774,34.1655,11,11,0,0.426389,0.372325,0.054064,0,1,0,0
25,1065,3,0.00441867,0.00441867,0.47711,0.408967,0.0681431,33.9084,33.6359,9,8,-1,0.568792,0.585237,0.0164453,0,1,0,0
25.1,1066,1,0.000573561,0.000573561,0.42276,0.423799,0.00103921,33.691,33.6952,11,11,0,0.466205,0.461237,0.004968,0,1,1,1
25.1,1066,2,0.0182949,0.0182949,0.460226,0.494341,0.0341151,33.8409,33.9774,11,11,0,0.372325,0.349813,0.022512,0,1,0,0
25.1,1066,3,0.00200687,0.00200687,0.44089,0.47711,0.03622,33.7636,33.9084,8,8,0,0.585237,0.665981,0.080744,0,1,0,0
25.2,1067,1,0.0224114,0.0224114,0.522113,0.42276,0.0993533,34.0885,33.691,11,10,-1,0.461237,0.455099,0.00613867,0,0,0,0
25.2,1067,2,0.0409785,0.0409785,0.469278,0.460226,0.00905177,33.8771,33.8409,11,11,0,0.349813,0.318181,0.031632,0,0,1,0
25.2,1067,3,0.0135607,0.0135607,0.414348,0.44089,0.026542,33.6574,33.7636,8,9,1,0.665981,0.63312,0.0328613,0,1,0,0
25.3,1068,1,0.00125396,0.00125396,0.585655,0.522113,0.0635422,34.3426,34.0885,10,10,0,0.455099,0.537891,0.082792,0,1,0,0
25.3,1068,2,0.0186811,0.0186811,0.531772,0.469278,0.062494,34.1271,33.8771,11,11,0,0.318181,0.309253,0.008928,0,1,0,0
25.3,1068,3,0.00895096,0.00895096,0.40171,0.414348,0.0126388,33.6068,33.6574,9,9,0,0.63312,0.585376,0.047744,0,1,1,0
25.4,1069,1,0.00820343,0.00820343,0.586007,0.585655,0.000352025,34.344,34.3426,10,10,0,0.537891,0.559491,0.0216,0,1,1,0
25.4,1069,2,0.00879407,0.00879407,0.544073,0.531772,0.012301,34.1763,34.1271,11,11,0,0.309253,0.396661,0.087408,0,1,1,0
25.4,1069,3,0.0116479,0.0116479,0.39648,0.40171,0.00522965,33.5859,33.6068,9,9,0,0.585376,0.549536,0.03584,0,1,1,0
25.5,1070,1,0.00789134,0.00789134,0.400215,0.586007,0.185793,33.6009,34.344,10,10,0,0.559491,0.552523,0.006968,0,1,0,0
25.5,1070,2,0.00324273,0.00324273,0.572319,0.544073,0.0282457,34.2893,34.1763,11,11,0,0.396661,0.415829,0.019168,0,1,0,0
25.5,1070,3,0.0134402,0.0134402,0.394986,0.39648,0.00149354,33.5799,33.5859,9,9,0,0.549536,0.534064,0.015472,0,1,1,0
25.6,1071,1,0.0320203,0.0320203,0.437696,0.400215,0.0374814,33.7508,33.6009,10,10,0,0.552523,0.458347,0.094176,0,0,0,0
25.6,1071,2,0.00437189,0.00437189,0.59203,0.572319,0.019711,34.3681,34.2893,11,11,0,0.415829,0.429109,0.01328,0,1,1,0
25.6,1071,3,0.0120746,0.0120746,0.402677,0.394986,0.00769034,33.6107,33.5799,9,9,0,0.534064,0.564736,0.030672,0,1,1,0
25.7,1072,1,0.0202122,0.0202122,0.544486,0.437696,0.10679,34.1779,33.7508,10,10,0,0.458347,0.422043,0.036304,0,0,0,0
25.7,1072,2,0.00540122,0.00540122,0.56859,0.59203,0.0234393,34.2744,34.3681,11,11,0,0.429109,0.437909,0.0088,0,1,0,0
25.7,1072,3,0.0176648,0.0176648,0.347651,0.402677,0.0550258,33.3906,33.6107,9,9,0,0.564736,0.576408,0.011672,0,1,0,0
25.8,1073,1,0.0160146,0.0160146,0.510719,0.544486,0.0337675,34.0429,34.1779,10,10,0,0.422043,0.526539,0.104496,0,1,0,0
25.8,1073,2,0.0114464,0.0114464,0.548792,0.56859,0.0197989,34.1952,34.2744,11,11,0,0.437909,0.426661,0.011248,0,1,1,0
25.8,1073,3,0.00630062,0.00630062,0.340783,0.347651,0.00686771,33.3631,33.3906,9,9,0,0.576408,0.56892,0.007488,0,1,1,1
25.9,1074,1,0.00190617,0.00190617,0.517225,0.510719,0.00650567,34.0689,34.0429,10,10,0,0.526539,0.562715,0.036176,0,1,1,0
25.9,1074,2,0.00120457,0.00120457,0.541396,0.548792,0.00739563,34.1656,34.1952,11,11,0,0.426661,0.416901,0.00976,0,1,1,1
25.9,1074,3,0.0215295,0.0215295,0.411146,0.340783,0.070363,33.6446,33.3631,9,8,-1,0.56892,0.567397,0.00152267,0,0,0,0
26,1075,1,0.00166962,0.00166962,0.518079,0.517225,0.000854671,34.0723,34.0689,10,10,0,0.562715,0.567451,0.004736,0,1,1,1
26,1075,2,0.00388388,0.00388388,0.546583,0.541396,0.00518727,34.1863,34.1656,11,12,1,0.416901,0.319872,0.0970293,0,1,1,0
26,1075,3,0.000601891,0.000601891,0.413535,0.411146,0.00238913,33.6541,33.6446,8,8,0,0.567397,0.616989,0.049592,0,1,1,0
26.1,1076,1,0,0,0.518079,0.518079,0,34.0723,34.0723,10,10,0,0.567451,0.567451,0,0,1,1,1
26.1,1076,2,0.0141066,0.0141066,0.557154,0.546583,0.0105706,34.2286,34.1863,12,12,0,0.319872,0.346688,0.026816,0,1,1,0
26.1,1076,3,0.000221176,0.000221176,0.414697,0.413535,0.00116134,33.6588,33.6541,8,8,0,0.616989,0.619413,0.002424,0,1,1,1
26.2,1077,1,0.0293064,0.0293064,0.425661,0.518079,0.0924184,33.7026,34.0723,10,11,1,0.567451,0.478837,0.0886133,0,0,0,0
26.2,1077,2,0.00319334,0.00319334,0.471317,0.557154,0.0858366,33.8853,34.2286,12,10,-2,0.346688,0.445251,0.0985627,0,1,0,0
26.2,1077,3,0.0229945,0.0229945,0.314754,0.414697,0.0999431,33.259,33.6588,8,9,1,0.619413,0.511208,0.108205,0,0,0,0
26.3,1078,1,0.00119397,0.00119397,0.423205,0.425661,0.00245559,33.6928,33.7026,11,11,0,0.478837,0.463109,0.015728,0,1,1,0
26.3,1078,2,0.00746199,0.00746199,0.464546,0.471317,0.00677073,33.8582,33.8853,10,10,0,0.445251,0.418683,0.026568,0,1,1,0
26.3,1078,3,0.0280768,0.0280768,0.372824,0.314754,0.0580707,33.4913,33.259,9,9,0,0.511208,0.55996,0.048752,0,0,0,0
26.4,1079,1,0.0234507,0.0234507,0.523087,0.423205,0.0998814,34.0923,33.6928,11,10,-1,0.463109,0.446443,0.0166667,0,0,0,0
26.4,1079,2,0.0177815,0.0177815,0.468868,0.464546,0.00432202,33.8755,33.8582,10,11,1,0.418683,0.340661,0.0780213,0,1,1,0
26.4,1079,3,0.0239151,0.0239151,0.387832,0.372824,0.0150076,33.5513,33.4913,9,9,0,0.55996,0.61864,0.05868,0,0,1,0
26.5,1080,1,0.000393629,0.000393629,0.586284,0.523087,0.0631976,34.3451,34.0923,10,10,0,0.446443,0.534891,0.088448,0,1,0,0
26.5,1080,2,0.0229973,0.0229973,0.467276,0.468868,0.00159267,33.8691,33.8755,11,11,0,0.340661,0.302693,0.037968,0,0,1,0
26.5,1080,3,0.00359223,0.00359223,0.359034,0.387832,0.0287981,33.4361,33.5513,9,9,0,0.61864,0.599944,0.018696,0,1,0,0
26.6,1081,1,0.00127254,0.00127254,0.584735,0.586284,0.00154954,34.3389,34.3451,10,10,0,0.534891,0.562691,0.0278,0,1,1,0
26.6,1081,2,0.00104229,0.00104229,0.467239,0.467276,3.68953e-05,33.869,33.8691,11,11,0,0.302693,0.304101,0.001408,0,1,1,1
26.6,1081,3,0.00597692,0.00597692,0.334383,0.359034,0.0246512,33.3375,33.4361,9,9,0,0.599944,0.549928,0.050016,0,1,0,0
26.7,1082,1,0.00124572,0.00124572,0.412597,0.584735,0.172138,33.6504,34.3389,10,10,0,0.562691,0.565691,0.003,0,1,0,0
26.7,1082,2,0.0153846,0.0153846,0.520476,0.467239,0.0532374,34.0819,33.869,11,11,0,0.304101,0.297029,0.007072,0,1,0,0
26.7,1082,3,0.0025102,0.0025102,0.401035,0.334383,0.0666525,33.6041,33.3375,9,9,0,0.549928,0.551408,0.00148,0,1,0,0
26.8,1083,1,0.0123133,0.0123133,0.442795,0.412597,0.0301981,33.7712,33.6504,10,10,0,0.565691,0.504411,0.06128,0,1,0,0
26.8,1083,2,0.00354204,0.00354204,0.567981,0.520476,0.0475044,34.2719,34.0819,11,11,0,0.297029,0.406053,0.109024,0,1,0,0
26.8,1083,3,0.00417524,0.00417524,0.401298,0.401035,0.000262976,33.6052,33.6041,9,9,0,0.551408,0.560008,0.0086,0,1,1,1
26.9,1084,1,0.0170783,0.0170783,0.529402,0.442795,0.0866074,34.1176,33.7712,10,11,1,0.504411,0.367317,0.137093,0,1,0,0
26.9,1084,2,0.00212178,0.00212178,0.543885,0.567981,0.0240953,34.1755,34.2719,11,10,-1,0.406053,0.473123,0.0670693,0,1,0,0
26.9,1084,3,0.014743,0.014743,0.341464,0.401298,0.059834,33.3659,33.6052,9,9,0,0.560008,0.56172,0.001712,0,1,0,0
27,1085,1,0.0163947,0.0163947,0.48686,0.529402,0.0425427,33.9474,34.1176,11,11,0,0.367317,0.456117,0.0888,0,1,0,0
27,1085,2,0.00944832,0.00944832,0.5593,0.543885,0.0154148,34.2372,34.1755,10,10,0,0.473123,0.473739,0.000616,0,1,1,1
27,1085,3,0.00687736,0.00687736,0.339553,0.341464,0.00191104,33.3582,33.3659,9,9,0,0.56172,0.558992,0.002728,0,1,1,1
27.1,1086,1,0.00109361,0.00109361,0.5321,0.48686,0.0452405,34.1284,33.9474,11,10,-1,0.456117,0.470187,0.0140693,0,1,0,0
27.1,1086,2,0.00735425,0.00735425,0.601617,0.5593,0.0423163,34.4065,34.2372,10,12,2,0.473739,0.415696,0.0580427,0,1,0,0
27.1,1086,3,0.0295464,0.0295464,0.403468,0.339553,0.0639151,33.6139,33.3582,9,8,-1,0.558992,0.587197,0.0282053,0,0,0,0
27.2,1087,1,0.00703898,0.00703898,0.589219,0.5321,0.057119,34.3569,34.1284,10,10,0,0.470187,0.504907,0.03472,0,1,0,0
27.2,1087,2,0.0116181,0.0116181,0.546459,0.601617,0.0551575,34.1858,34.4065,12,12,0,0.415696,0.3282,0.087496,0,1,0,0
27.2,1087,3,0.00554916,0.00554916,0.428607,0.403468,0.0251391,33.7144,33.6139,8,8,0,0.587197,0.645789,0.058592,0,1,0,0
27.3,1088,1,0.00653203,0.00653203,0.58705,0.589219,0.00216872,34.3482,34.3569,10,10,0,0.504907,0.528251,0.023344,0,1,1,0
27.3,1088,2,0.00245005,0.00245005,0.548313,0.546459,0.00185376,34.1933,34.1858,12,12,0,0.3282,0.332728,0.004528,0,1,1,1
27.3,1088,3,0.000832392,0.000832392,0.427702,0.428607,0.000905305,33.7108,33.7144,8,8,0,0.645789,0.642813,0.002976,0,1,1,1
27.4,1089,1,0.012519,0.012519,0.509613,0.58705,0.0774373,34.0385,34.3482,10,10,0,0.528251,0.536267,0.008016,0,1,0,0
27.4,1089,2,0.00947081,0.00947081,0.560284,0.548313,0.0119715,34.2411,34.1933,12,12,0,0.332728,0.333408,0.00068,0,1,1,1
27.4,1089,3,0.0063027,0.0063027,0.418492,0.427702,0.00920996,33.674,33.7108,8,8,0,0.642813,0.651165,0.008352,0,1,1,1
27.5,1090,1,0.00278397,0.00278397,0.508942,0.509613,0.000670791,34.0358,34.0385,10,10,0,0.536267,0.529019,0.007248,0,1,1,1
27.5,1090,2,0.00176206,0.00176206,0.563464,0.560284,0.00317913,34.2539,34.2411,12,12,0,0.333408,0.33796,0.004552,0,1,1,1
27.5,1090,3,0.00255942,0.00255942,0.414874,0.418492,0.00361839,33.6595,33.674,8,8,0,0.651165,0.642813,0.008352,0,1,1,1
27.6,1091,1,0.0171526,0.0171526,0.38195,0.508942,0.126992,33.5278,34.0358,10,10,0,0.529019,0.525035,0.003984,1,1,0,0
27.6,1091,2,0.0268382,0.0268382,0.556494,0.563464,0.00696945,34.226,34.2539,12,12,0,0.33796,0.354048,0.016088,1,0,1,0
27.6,1091,3,7.35186e-06,7.35186e-06,0.414863,0.414874,1.04606e-05,33.6595,33.6595,8,8,0,0.642813,0.642789,2.4e-05,1,1,1,1
27.7,1092,1,0.000426933,0.000426933,0.462249,0.38195,0.0802985,33.849,33.5278,10,10,0,0.525035,0.486699,0.038336,0,1,0,0
27.7,1092,2,0.000139702,0.000139702,0.576648,0.556494,0.0201541,34.3066,34.226,12,12,0,0.354048,0.378768,0.02472,0,1,0,0
27.7,1092,3,0.00352647,0.00352647,0.418018,0.414863,0.00315464,33.6721,33.6595,8,8,0,0.642789,0.649421,0.006632,0,1,1,1
27.8,1093,1,0.007681,0.007681,0.472143,0.462249,0.00989467,33.8886,33.849,10,10,0,0.486699,0.444379,0.04232,0,1,1,0
27.8,1093,2,0.000515264,0.000515264,0.571884,0.576648,0.00476372,34.2875,34.3066,12,12,0,0.378768,0.371936,0.006832,0,1,1,1
27.8,1093,3,0.00181815,0.00181815,0.414767,0.418018,0.0032506,33.6591,33.6721,8,8,0,0.649421,0.642813,0.006608,0,1,1,1
27.9,1094,1,0.00573517,0.00573517,0.542114,0.472143,0.0699707,34.1685,33.8886,10,10,0,0.444379,0.451627,0.007248,0,1,0,0
27.9,1094,2,0.00671006,0.00671006,0.568164,0.571884,0.00372064,34.2727,34.2875,12,12,0,0.371936,0.384776,0.01284,0,1,1,0
27.9,1094,3,0.00301184,0.00301184,0.420313,0.414767,0.00554565,33.6813,33.6591,8,8,0,0.642813,0.653677,0.010864,0,1,1,0
28,1095,1,0.0139973,0.0139973,0.508344,0.542114,0.0337698,34.0334,34.1685,10,10,0,0.451627,0.510187,0.05856,0,1,0,0
28,1095,2,0.00107284,0.00107284,0.548051,0.568164,0.0201129,34.1922,34.2727,12,12,0,0.384776,0.359128,0.025648,0,1,0,0
28,1095,3,0.00769254,0.00769254,0.415429,0.420313,0.0048835,33.6617,33.6813,8,8,0,0.653677,0.640301,0.013376,0,1,1,0
28.1,1096,1,0.00467421,0.00467421,0.508942,0.508344,0.000598013,34.0358,34.0334,10,10,0,0.510187,0.529019,0.018832,0,1,1,0
28.1,1096,2,0.00863689,0.00863689,0.553703,0.548051,0.00565171,34.2148,34.1922,12,12,0,0.359128,0.350064,0.009064,0,1,1,1
28.1,1096,3,0.000264928,0.000264928,0.416631,0.415429,0.00120199,33.6665,33.6617,8,8,0,0.640301,0.642797,0.002496,0,1,1,1
28.2,1097,1,0.00164828,0.00164828,0.508715,0.508942,0.000227392,34.0349,34.0358,10,10,0,0.529019,0.525019,0.004,0,1,1,1
28.2,1097,2,9.22345e-05,9.22345e-05,0.554242,0.553703,0.000539124,34.217,34.2148,12,12,0,0.350064,0.350832,0.000768,0,1,1,1
28.2,1097,3,8.64267e-07,8.64267e-07,0.416635,0.416631,3.8445e-06,33.6665,33.6665,8,8,0,0.642797,0.642805,8e-06,0,1,1,1
28.3,1098,1,0.0261974,0.0261974,0.362801,0.508715,0.145913,33.4512,34.0349,10,11,1,0.525019,0.502933,0.0220853,1,0,0,0
28.3,1098,2,0.0107899,0.0107899,0.502343,0.554242,0.0518987,34.0094,34.217,12,11,-1,0.350832,0.386981,0.0361493,1,1,0,0
28.3,1098,3,0.00035136,0.00035136,0.415033,0.416635,0.00160241,33.6601,33.6665,8,8,0,0.642805,0.639509,0.003296,1,1,1,1
28.4,1099,1,0.0125253,0.0125253,0.453086,0.362801,0.0902842,33.8123,33.4512,11,11,0,0.502933,0.396965,0.105968,0,1,0,0
28.4,1099,2,0.00473211,0.00473211,0.55597,0.502343,0.0536274,34.2239,34.0094,11,11,0,0.386981,0.439837,0.052856,0,1,0,0
28.4,1099,3,0.011528,0.011528,0.41421,0.415033,0.000823051,33.6568,33.6601,8,8,0,0.639509,0.640501,0.000992,0,1,1,1
28.5,1100,1,0.00174318,0.00174318,0.449424,0.453086,0.00366187,33.7977,33.8123,11,11,0,0.396965,0.384965,0.012,0,1,1,0
28.5,1100,2,0.00115175,0.00115175,0.563923,0.55597,0.00795281,34.2557,34.2239,11,11,0,0.439837,0.448517,0.00868,0,1,1,1
28.5,1100,3,0.00307406,0.00307406,0.41904,0.41421,0.00483003,33.6762,33.6568,8,8,0,0.640501,0.651165,0.010664,0,1,1,0
28.6,1101,1,0.0228269,0.0228269,0.545695,0.449424,0.0962715,34.1828,33.7977,11,10,-1,0.384965,0.427771,0.0428053,0,0,0,0
28.6,1101,2,0.00127926,0.00127926,0.55697,0.563923,0.00695282,34.2279,34.2557,11,12,1,0.448517,0.353664,0.0948533,0,1,1,0
28.6,1101,3,0.00233599,0.00233599,0.414767,0.41904,0.00427255,33.6591,33.6762,8,8,0,0.651165,0.642813,0.008352,0,1,1,1
28.7,1102,1,0.00443144,0.00443144,0.589105,0.545695,0.0434102,34.3564,34.1828,10,10,0,0.427771,0.510187,0.082416,0,1,0,0
28.7,1102,2,0.0120372,0.0120372,0.550144,0.55697,0.00682616,34.2006,34.2279,12,12,0,0.353664,0.354592,0.000928,0,1,1,1
28.7,1102,3,0.01047,0.01047,0.416493,0.414767,0.00172552,33.666,33.6591,8,8,0,0.642813,0.642509,0.000304,0,1,1,1
28.8,1103,1,0.0148559,0.0148559,0.508942,0.589105,0.0801633,34.0358,34.3564,10,10,0,0.510187,0.529019,0.018832,0,1,0,0
28.8,1103,2,0.0119063,0.0119063,0.546786,0.550144,0.00335854,34.1871,34.2006,12,12,0,0.354592,0.355408,0.000816,0,1,1,1
28.8,1103,3,0.000331646,0.000331646,0.411171,0.416493,0.00532189,33.6447,33.666,8,8,0,0.642509,0.632829,0.00968,0,1,1,1
28.9,1104,1,0.00131054,0.00131054,0.509075,0.508942,0.00013274,34.0363,34.0358,10,10,0,0.529019,0.531851,0.002832,0,1,1,1
28.9,1104,2,0.0031431,0.0031431,0.545226,0.546786,0.00155967,34.1809,34.1871,12,12,0,0.355408,0.350832,0.004576,0,1,1,1
28.9,1104,3,0.000472595,0.000472595,0.415853,0.411171,0.00468248,33.6634,33.6447,8,8,0,0.632829,0.641181,0.008352,0,1,1,1
29,1105,1,0.0058278,0.0058278,0.508447,0.509075,0.000627577,34.0338,34.0363,10,10,0,0.531851,0.511787,0.020064,1,1,1,0
29,1105,2,0.0104307,0.0104307,0.539256,0.545226,0.00597036,34.157,34.1809,12,12,0,0.350832,0.333328,0.017504,1,1,1,0
29,1105,3,0.000950024,0.000950024,0.409831,0.415853,0.00602272,33.6393,33.6634,8,8,0,0.641181,0.630309,0.010872,1,1,1,0
29.1,1106,1,0.0393536,0.0393536,0.425047,0.508447,0.0834001,33.7002,34.0338,10,10,0,0.511787,0.512555,0.000768,0,0,0,0
29.1,1106,2,0.0017563,0.0017563,0.540599,0.539256,0.00134343,34.1624,34.157,12,12,0,0.333328,0.336968,0.00364,0,1,1,1
29.1,1106,3,0.000477429,0.000477429,0.411171,0.409831,0.00134024,33.6447,33.6393,8,8,0,0.630309,0.632829,0.00252,0,1,1,1
29.2,1107,1,0.0147738,0.0147738,0.446095,0.425047,0.0210482,33.7844,33.7002,10,10,0,0.512555,0.471035,0.04152,0,1,0,0
29.2,1107,2,0.00717287,0.00717287,0.559498,0.540599,0.0188985,34.238,34.1624,12,12,0,0.336968,0.366328,0.02936,0,1,1,0
29.2,1107,3,0.00750243,0.00750243,0.419556,0.411171,0.00838539,33.6782,33.6447,8,8,0,0.632829,0.652141,0.019312,0,1,1,0
29.3,1108,1,0.0242493,0.0242493,0.522902,0.446095,0.0768067,34.0916,33.7844,10,11,1,0.471035,0.377397,0.0936373,0,0,0,0
29.3,1108,2,0.0159668,0.0159668,0.516488,0.559498,0.0430098,34.066,34.238,12,11,-1,0.366328,0.408309,0.0419813,0,1,0,0
29.3,1108,3,0.00344041,0.00344041,0.41416,0.419556,0.00539666,33.6566,33.6782,8,8,0,0.652141,0.640293,0.011848,0,1,1,0
29.4,1109,1,0.0192308,0.0192308,0.477974,0.522902,0.0449283,33.9119,34.0916,11,11,0,0.377397,0.414005,0.036608,0,1,0,0
29.4,1109,2,0.032979,0.032979,0.49727,0.516488,0.0192179,33.9891,34.066,11,11,0,0.408309,0.407525,0.000784,0,0,1,0
29.4,1109,3,0.0107461,0.0107461,0.410548,0.41416,0.00361139,33.6422,33.6566,8,8,0,0.640293,0.631701,0.008592,0,1,1,1
29.5,1110,1,0.000893563,0.000893563,0.527286,0.477974,0.0493125,34.1091,33.9119,11,10,-1,0.414005,0.448091,0.0340853,0,1,0,0
29.5,1110,2,0.0311957,0.0311957,0.539131,0.49727,0.041861,34.1565,33.9891,11,12,1,0.407525,0.326432,0.0810933,0,0,0,0
29.5,1110,3,0.0109909,0.0109909,0.448969,0.410548,0.0384203,33.7959,33.6422,8,8,0,0.631701,0.699757,0.068056,0,1,0,0
29.6,1111,1,0.0024693,0.0024693,0.589184,0.527286,0.0618973,34.3567,34.1091,10,10,0,0.448091,0.502363,0.054272,0,1,0,0
29.6,1111,2,0.0278696,0.0278696,0.543468,0.539131,0.00433737,34.1739,34.1565,12,12,0,0.326432,0.293368,0.033064,0,0,1,0
29.6,1111,3,0.00165828,0.00165828,0.431431,0.448969,0.0175374,33.7257,33.7959,8,8,0,0.699757,0.673949,0.025808,0,1,1,0
29.7,1112,1,0.0041144,0.0041144,0.588973,0.589184,0.00021106,34.3559,34.3567,10,10,0,0.502363,0.517275,0.014912,0,1,1,0
29.7,1112,2,0.0215383,0.0215383,0.551834,0.543468,0.00836545,34.2073,34.1739,12,12,0,0.293368,0.324032,0.030664,0,0,1,0
29.7,1112,3,0.0100003,0.0100003,0.415861,0.431431,0.0155701,33.6634,33.7257,8,8,0,0.673949,0.641197,0.032752,0,1,1,0
29.8,1113,1,0.00415532,0.00415532,0.433025,0.588973,0.155948,33.7321,34.3559,10,10,0,0.517275,0.512555,0.00472,0,1,0,0
29.8,1113,2,0.0111901,0.0111901,0.556921,0.551834,0.00508761,34.2277,34.2073,12,12,0,0.324032,0.32832,0.004288,0,1,1,1
29.8,1113,3,0.000788627,0.000788627,0.410239,0.415861,0.00562209,33.641,33.6634,8,8,0,0.641197,0.631101,0.010096,0,1,1,0
29.9,1114,1,0.00936562,0.00936562,0.479557,0.433025,0.046532,33.9182,33.7321,10,10,0,0.512555,0.471035,0.04152,0,1,0,0
29.9,1114,2,0.0117964,0.0117964,0.603791,0.556921,0.0468694,34.4152,34.2277,12,12,0,0.32832,0.384512,0.056192,0,1,0,0
29.9,1114,3,0.00786867,0.00786867,0.418344,0.410239,0.0081054,33.6734,33.641,8,8,0,0.631101,0.649949,0.018848,0,1,1,0
30,1115,1,0.00182986,0.00182986,0.536782,0.479557,0.0572251,34.1471,33.9182,10,10,0,0.471035,0.444379,0.026656,0,1,0,0
30,1115,2,0.0162628,0.0162628,0.582376,0.603791,0.0214151,34.3295,34.4152,12,12,0,0.384512,0.386264,0.001752,0,1,0,0
30,1115,3,0.00140026,0.00140026,0.421096,0.418344,0.00275171,33.6844,33.6734,8,8,0,0.649949,0.655325,0.005376,0,1,1,1
30.1,1116,1,0.0111768,0.0111768,0.508242,0.536782,0.0285397,34.033,34.1471,10,10,0,0.444379,0.508603,0.064224,0,1,0,0
30.1,1116,2,0.00214024,0.00214024,0.553309,0.582376,0.0290665,34.2132,34.3295,12,12,0,0.386264,0.349504,0.03676,0,1,0,0
30.1,1116,3,0.00697514,0.00697514,0.417139,0.421096,0.00395665,33.6686,33.6844,8,8,0,0.655325,0.643853,0.011472,0,1,1,0
30.2,1117,1,0.000387669,0.000387669,0.508497,0.508242,0.00025481,34.034,34.033,10,10,0,0.508603,0.512555,0.003952,0,1,1,1
30.2,1117,2,0.0133567,0.0133567,0.541257,0.553309,0.0120522,34.165,34.2132,12,12,0,0.349504,0.322304,0.0272,0,1,1,0
30.2,1117,3,0.000281033,0.000281033,0.415865,0.417139,0.0012745,33.6635,33.6686,8,8,0,0.643853,0.641205,0.002648,0,1,1,1
30.3,1118,1,0.0394533,0.0394533,0.425189,0.508497,0.083308,33.7008,34.034,10,10,0,0.512555,0.511787,0.000768,0,0,0,0
30.3,1118,2,0.00150788,0.00150788,0.530016,0.541257,0.0112405,34.1201,34.165,12,12,0,0.322304,0.324736,0.002432,0,1,1,1
30.3,1118,3,0.000942614,0.000942614,0.409843,0.415865,0.00602189,33.6394,33.6635,8,8,0,0.641205,0.630333,0.010872,0,1,1,0
30.4,1119,1,0.0151488,0.0151488,0.44596,0.425189,0.0207715,33.7838,33.7008,10,10,0,0.511787,0.471811,0.039976,0,1,0,0
30.4,1119,2,0.0235359,0.0235359,0.566277,0.530016,0.0362608,34.2651,34.1201,12,12,0,0.324736,0.38808,0.063344,0,0,0,0
30.4,1119,3,0.0032848,0.0032848,0.419067,0.409843,0.0092237,33.6763,33.6394,8,8,0,0.630333,0.650717,0.020384,0,1,1,0
30.5,1120,1,0.018998,0.018998,0.472392,0.44596,0.026432,33.8896,33.7838,10,11,1,0.471811,0.380533,0.0912773,0,1,0,0
30.5,1120,2,0.0178605,0.0178605,0.53264,0.566277,0.0336377,34.1306,34.2651,12,11,-1,0.38808,0.431253,0.0431733,0,1,0,0
30.5,1120,3,0.000641215,0.000641215,0.417588,0.419067,0.00147861,33.6704,33.6763,8,8,0,0.650717,0.647613,0.003104,0,1,1,1
30.6,1121,1,0.000159897,0.000159897,0.471521,0.472392,0.000871122,33.8861,33.8896,11,11,0,0.380533,0.388613,0.00808,0,1,1,1
30.6,1121,2,0.013572,0.013572,0.548921,0.53264,0.0162817,34.1957,34.1306,11,11,0,0.431253,0.467029,0.035776,0,1,1,0
30.6,1121,3,0.00159312,0.00159312,0.421258,0.417588,0.00366953,33.685,33.6704,8,8,0,0.647613,0.655325,0.007712,0,1,1,1
30.7,1122,1,0.0186155,0.0186155,0.551699,0.471521,0.0801772,34.2068,33.8861,11,10,-1,0.388613,0.415083,0.0264693,0,1,0,0
30.7,1122,2,0.00495251,0.00495251,0.597448,0.548921,0.0485264,34.3898,34.1957,11,12,1,0.467029,0.433008,0.0340213,0,1,0,0
30.7,1122,3,0.0010691,0.0010691,0.424005,0.421258,0.00274706,33.696,33.685,8,8,0,0.655325,0.661173,0.005848,0,1,1,1
30.8,1123,1,0.00364232,0.00364232,0.59017,0.551699,0.0384713,34.3607,34.2068,10,10,0,0.415083,0.488683,0.0736,0,1,0,0
30.8,1123,2,0.0546758,0.0546758,0.536412,0.597448,0.0610355,34.1456,34.3898,12,12,0,0.433008,0.3046,0.128408,0,0,0,0
30.8,1123,3,0.00408289,0.00408289,0.40736,0.424005,0.0166452,33.6294,33.696,8,8,0,0.661173,0.624029,0.037144,0,1,1,0
30.9,1124,1,0.00154756,0.00154756,0.589169,0.59017,0.00100082,34.3567,34.3607,10,10,0,0.488683,0.504107,0.015424,0,1,1,0
30.9,1124,2,0.0209358,0.0209358,0.540829,0.536412,0.00441682,34.1633,34.1456,12,12,0,0.3046,0.328728,0.024128,0,0,1,0
30.9,1124,3,0.00385256,0.00385256,0.414894,0.40736,0.00753412,33.6596,33.6294,8,8,0,0.624029,0.641205,0.017176,0,1,1,0
31,1125,1,0.00246139,0.00246139,0.432635,0.589169,0.156534,33.7305,34.3567,10,10,0,0.504107,0.500891,0.003216,0,1,0,0
31,1125,2,0.0117865,0.0117865,0.535101,0.540829,0.00572747,34.1404,34.1633,12,12,0,0.328728,0.322288,0.00644,0,1,1,1
31,1125,3,0.0024906,0.0024906,0.40862,0.414894,0.00627381,33.6345,33.6596,8,8,0,0.641205,0.628861,0.012344,0,1,1,0
31.1,1126,1,0.00703155,0.00703155,0.476496,0.432635,0.0438611,33.906,33.7305,10,10,0,0.500891,0.482363,0.018528,0,1,0,0
31.1,1126,2,0.0137556,0.0137556,0.57436,0.535101,0.0392582,34.2974,34.1404,12,12,0,0.322288,0.387312,0.065024,0,1,0,0
31.1,1126,3,0.00340887,0.00340887,0.434791,0.40862,0.0261716,33.7392,33.6345,8,8,0,0.628861,0.684149,0.055288,0,1,0,0
31.2,1127,1,0.0143567,0.0143567,0.46791,0.476496,0.00858602,33.8716,33.906,10,11,1,0.482363,0.413013,0.0693493,0,1,1,0
31.2,1127,2,0.0175692,0.0175692,0.537022,0.57436,0.037338,34.1481,34.2974,12,11,-1,0.387312,0.429901,0.0425893,0,1,0,0
31.2,1127,3,0.0109756,0.0109756,0.448278,0.434791,0.0134869,33.7931,33.7392,8,8,0,0.684149,0.709437,0.025288,0,1,1,0
31.3,1128,1,0.00341076,0.00341076,0.475544,0.46791,0.00763375,33.9022,33.8716,11,11,0,0.413013,0.365829,0.047184,0,1,1,0
31.3,1128,2,0.0189946,0.0189946,0.551049,0.537022,0.0140271,34.2042,34.1481,11,11,0,0.429901,0.463525,0.033624,0,1,1,0
31.3,1128,3,0.00189297,0.00189297,0.451054,0.448278,0.00277597,33.8042,33.7931,8,8,0,0.709437,0.713997,0.00456,0,1,1,1
31.4,1129,1,0.000483021,0.000483021,0.470497,0.475544,0.00504705,33.882,33.9022,11,11,0,0.365829,0.396021,0.030192,0,1,1,0
31.4,1129,2,0.000890914,0.000890914,0.554176,0.551049,0.00312752,34.2167,34.2042,11,11,0,0.463525,0.467805,0.00428,0,1,1,1
31.4,1129,3,0.00635807,0.00635807,0.441763,0.451054,0.0092912,33.7671,33.8042,8,8,0,0.713997,0.698573,0.015424,0,1,1,0
31.5,1130,1,0.00795662,0.00795662,0.567878,0.470497,0.0973808,34.2715,33.882,11,11,0,0.396021,0.387429,0.008592,0,1,0,0
31.5,1130,2,0.00267839,0.00267839,0.577393,0.554176,0.0232165,34.3096,34.2167,11,11,0,0.467805,0.465573,0.002232,0,1,0,0
31.5,1130,3,0.00636156,0.00636156,0.45106,0.441763,0.00929657,33.8042,33.7671,8,8,0,0.698573,0.714005,0.015432,0,1,1,0
31.6,1131,1,0.0250191,0.0250191,0.553487,0.567878,0.0143905,34.2139,34.2715,11,11,0,0.387429,0.422437,0.035008,0,0,1,0
31.6,1131,2,0.000170182,0.000170182,0.537828,0.577393,0.0395649,34.1513,34.3096,11,11,0,0.465573,0.417077,0.048496,0,1,0,0
31.6,1131,3,0.0168562,0.0168562,0.42718,0.45106,0.02388,33.7087,33.8042,8,8,0,0.714005,0.667277,0.046728,0,1,0,0
31.7,1132,1,0.0167189,0.0167189,0.440925,0.553487,0.112563,33.7637,34.2139,11,10,-1,0.422437,0.466379,0.0439413,0,1,0,0
31.7,1132,2,0.0339973,0.0339973,0.535405,0.537828,0.00242251,34.1416,34.1513,11,12,1,0.417077,0.313096,0.103981,0,0,1,0
31.7,1132,3,0.0064332,0.0064332,0.404008,0.42718,0.0231713,33.616,33.7087,8,8,0,0.667277,0.611997,0.05528,0,1,0,0
31.8,1133,1,0.00909954,0.00909954,0.550683,0.440925,0.109758,34.2027,33.7637,10,10,0,0.466379,0.488235,0.021856,0,1,0,0
31.8,1133,2,0.0176601,0.0176601,0.570376,0.535405,0.0349705,34.2815,34.1416,12,12,0,0.313096,0.372072,0.058976,0,1,0,0
31.8,1133,3,0.00483745,0.00483745,0.424737,0.404008,0.0207283,33.6989,33.616,8,8,0,0.611997,0.663125,0.051128,0,1,0,0
31.9,1134,1,0.0118148,0.0118148,0.437419,0.550683,0.113264,33.7497,34.2027,10,10,0,0.488235,0.475227,0.013008,0,1,0,0
31.9,1134,2,0.0194174,0.0194174,0.535245,0.570376,0.0351304,34.141,34.2815,12,12,0,0.372072,0.346384,0.025688,0,1,0,0
31.9,1134,3,0.00566749,0.00566749,0.421108,0.424737,0.00362846,33.6844,33.6989,8,8,0,0.663125,0.653829,0.009296,0,1,1,1
32,1135,1,0.00386153,0.00386153,0.47515,0.437419,0.0377312,33.9006,33.7497,10,10,0,0.475227,0.494515,0.019288,0,1,0,0
32,1135,2,0.0116112,0.0116112,0.553911,0.535245,0.0186654,34.2156,34.141,12,12,0,0.346384,0.357312,0.010928,0,1,1,0
32,1135,3,0.00525301,0.00525301,0.428212,0.421108,0.00710377,33.7128,33.6844,8,8,0,0.653829,0.670965,0.017136,0,1,1,0
32.1,1136,1,0.00618802,0.00618802,0.479417,0.47515,0.00426692,33.9177,33.9006,10,10,0,0.494515,0.471427,0.023088,0,1,1,0
32.1,1136,2,0.00369598,0.00369598,0.55812,0.553911,0.0042097,34.2325,34.2156,12,12,0,0.357312,0.365896,0.008584,0,1,1,1
32.1,1136,3,0.00388054,0.00388054,0.438897,0.428212,0.0106854,33.7556,33.7128,8,8,0,0.670965,0.693133,0.022168,0,1,1,0
32.2,1137,1,0.0157811,0.0157811,0.523755,0.479417,0.0443377,34.095,33.9177,10,11,1,0.471427,0.373685,0.0977413,0,1,0,0
32.2,1137,2,0.00476442,0.00476442,0.538332,0.55812,0.0197883,34.1533,34.2325,12,11,-1,0.365896,0.420333,0.0544373,0,1,1,0
32.2,1137,3,0.00357769,0.00357769,0.442827,0.438897,0.00393009,33.7713,33.7556,8,8,0,0.693133,0.701509,0.008376,0,1,1,1
32.3,1138,1,0.0179125,0.0179125,0.490422,0.523755,0.033333,33.9617,34.095,11,11,0,0.373685,0.410765,0.03708,0,1,0,0
32.3,1138,2,0.0338567,0.0338567,0.503167,0.538332,0.0351654,34.0127,34.1533,11,11,0,0.420333,0.411901,0.008432,0,0,0,0
32.3,1138,3,0.0111617,0.0111617,0.423729,0.442827,0.0190987,33.6949,33.7713,8,8,0,0.701509,0.659653,0.041856,0,1,1,0
32.4,1139,1,6.99461e-05,6.99461e-05,0.49171,0.490422,0.00128847,33.9668,33.9617,11,10,-1,0.410765,0.444227,0.0334613,0,1,1,0
32.4,1139,2,0.0426978,0.0426978,0.579258,0.503167,0.0760911,34.317,34.0127,11,12,1,0.411901,0.373744,0.0381573,0,0,0,0
32.4,1139,3,0.00369767,0.00369767,0.429146,0.423729,0.00541675,33.7166,33.6949,8,8,0,0.659653,0.673005,0.013352,0,1,1,0
32.5,1140,1,0.00599176,0.00599176,0.553699,0.49171,0.0619889,34.2148,33.9668,10,10,0,0.444227,0.451979,0.007752,0,1,0,0
32.5,1140,2,0.00996226,0.00996226,0.570567,0.579258,0.00869042,34.2823,34.317,12,12,0,0.373744,0.351376,0.022368,0,1,1,0
32.5,1140,3,0.00107966,0.00107966,0.434353,0.429146,0.00520769,33.7374,33.7166,8,8,0,0.673005,0.683677,0.010672,0,1,1,0
32.6,1141,1,0.00199282,0.00199282,0.529895,0.553699,0.0238044,34.1196,34.2148,10,10,0,0.451979,0.474123,0.022144,0,1,0,0
32.6,1141,2,0.0100913,0.0100913,0.555509,0.570567,0.0150583,34.222,34.2823,12,12,0,0.351376,0.344648,0.006728,0,1,1,1
32.6,1141,3,0.002585,0.002585,0.42682,0.434353,0.00753272,33.7073,33.7374,8,8,0,0.683677,0.666541,0.017136,0,1,1,0
32.7,1142,1,0.00787637,0.00787637,0.392078,0.529895,0.137817,33.5683,34.1196,10,10,0,0.474123,0.504091,0.029968,0,1,0,0
32.7,1142,2,0.00564228,0.00564228,0.527477,0.555509,0.0280325,34.1099,34.222,12,12,0,0.344648,0.32152,0.023128,0,1,0,0
32.7,1142,3,0.00847259,0.00847259,0.403014,0.42682,0.0238066,33.6121,33.7073,8,8,0,0.666541,0.607229,0.059312,0,1,0,0
32.8,1143,1,0.00919383,0.00919383,0.42835,0.392078,0.036272,33.7134,33.5683,10,10,0,0.504091,0.494003,0.010088,0,1,0,0
32.8,1143,2,0.0114975,0.0114975,0.554662,0.527477,0.0271856,34.2186,34.1099,12,12,0,0.32152,0.36304,0.04152,0,1,0,0
32.8,1143,3,0.0064717,0.0064717,0.424104,0.403014,0.0210902,33.6964,33.6121,8,8,0,0.607229,0.661701,0.054472,0,1,0,0
32.9,1144,1,0.0203992,0.0203992,0.470427,0.42835,0.0420772,33.8817,33.7134,10,11,1,0.494003,0.358917,0.135085,0,0,0,0
32.9,1144,2,0.0176059,0.0176059,0.522009,0.554662,0.0326537,34.088,34.2186,12,11,-1,0.36304,0.410445,0.0474053,0,1,0,0
32.9,1144,3,0.00502077,0.00502077,0.44069,0.424104,0.0165859,33.7628,33.6964,8,8,0,0.661701,0.696949,0.035248,0,1,1,0
33,1145,1,0.000472978,0.000472978,0.457476,0.470427,0.0129513,33.8299,33.8817,11,11,0,0.358917,0.374373,0.015456,0,1,1,0
33,1145,2,0.0240726,0.0240726,0.532416,0.522009,0.0104071,34.1297,34.088,11,11,0,0.410445,0.438893,0.028448,0,0,1,0
33,1145,3,0.00162319,0.00162319,0.438905,0.44069,0.0017851,33.7556,33.7628,8,8,0,0.696949,0.693149,0.0038,0,1,1,1
33.1,1146,1,0.0202088,0.0202088,0.52521,0.457476,0.0677338,34.1008,33.8299,11,8,-3,0.374373,0.483093,0.10872,0,0,0,0
33.1,1146,2,0.00967623,0.00967623,0.585051,0.532416,0.0526351,34.3402,34.1297,11,12,1,0.438893,0.403104,0.0357893,0,1,0,0
33.1,1146,3,0.00764326,0.00764326,0.414374,0.438905,0.0245314,33.6575,33.7556,8,10,2,0.693149,0.632795,0.0603547,0,1,0,0
33.2,1147,1,0.00993522,0.00993522,0.689854,0.52521,0.164644,34.7594,34.1008,8,8,0,0.483093,0.607877,0.124784,0,1,0,0
33.2,1147,2,0.0219178,0.0219178,0.532983,0.585051,0.0520678,34.1319,34.3402,12,12,0,0.403104,0.317496,0.085608,0,0,0,0
33.2,1147,3,0.00198687,0.00198687,0.318369,0.414374,0.0960041,33.2735,33.6575,10,10,0,0.632795,0.383363,0.249432,0,1,0,0
33.3,1148,1,0.0017564,0.0017564,0.69433,0.689854,0.00447619,34.7773,34.7594,8,8,0,0.607877,0.647477,0.0396,0,1,1,0
33.3,1148,2,0.01309,0.01309,0.546602,0.532983,0.0136194,34.1864,34.1319,12,12,0,0.317496,0.344016,0.02652,0,1,1,0
33.3,1148,3,0.00726169,0.00726169,0.305131,0.318369,0.0132382,33.2205,33.2735,10,10,0,0.383363,0.434523,0.05116,0,1,1,0
33.4,1149,1,0.00763191,0.00763191,0.470117,0.69433,0.224213,33.8805,34.7773,8,11,3,0.647477,0.400349,0.247128,0,1,0,0
33.4,1149,2,0.00329756,0.00329756,0.497484,0.546602,0.0491184,33.9899,34.1864,12,11,-1,0.344016,0.386069,0.0420533,0,1,0,0
33.4,1149,3,0.017609,0.017609,0.371016,0.305131,0.0658849,33.4841,33.2205,10,8,-2,0.434523,0.538373,0.103851,0,1,0,0
33.5,1150,1,0.00174701,0.00174701,0.462616,0.470117,0.00750098,33.8505,33.8805,11,11,0,0.400349,0.415845,0.015496,0,1,1,0
33.5,1150,2,0.0286667,0.0286667,0.483769,0.497484,0.013715,33.9351,33.9899,11,11,0,0.386069,0.393165,0.007096,0,0,1,0
33.5,1150,3,0.03067,0.03067,0.451785,0.371016,0.0807688,33.8071,33.4841,8,8,0,0.538373,0.679269,0.140896,0,0,0,0
33.6,1151,1,0.0110606,0.0110606,0.564852,0.462616,0.102236,34.2594,33.8505,11,8,-3,0.415845,0.522797,0.106952,0,1,0,0
33.6,1151,2,0.0293399,0.0293399,0.54267,0.483769,0.0589006,34.1707,33.9351,11,12,1,0.393165,0.324192,0.0689733,0,0,0,0
33.6,1151,3,0.0390521,0.0390521,0.414935,0.451785,0.0368503,33.6597,33.8071,8,10,2,0.679269,0.633707,0.0455627,0,0,0,0
33.7,1152,1,0.0187466,0.0187466,0.591882,0.564852,0.0270299,34.3675,34.2594,8,8,0,0.522797,0.639669,0.116872,0,1,0,0
33.7,1152,2,0.0115694,0.0115694,0.544116,0.54267,0.00144595,34.1765,34.1707,12,12,0,0.324192,0.311904,0.012288,0,1,1,0
33.7,1152,3,0.0148238,0.0148238,0.30361,0.414935,0.111325,33.2144,33.6597,10,10,0,0.633707,0.459699,0.174008,0,1,0,0
33.8,1153,1,0.00130388,0.00130388,0.594362,0.591882,0.00248051,34.3774,34.3675,8,8,0,0.639669,0.647453,0.007784,0,1,1,1
33.8,1153,2,0.0177654,0.0177654,0.555314,0.544116,0.0111985,34.2213,34.1765,12,12,0,0.311904,0.342272,0.030368,0,1,1,0
33.8,1153,3,0.00574468,0.00574468,0.305267,0.30361,0.00165728,33.2211,33.2144,10,10,0,0.459699,0.433739,0.02596,0,1,1,0
33.9,1154,1,0.00898895,0.00898895,0.618014,0.594362,0.0236515,34.4721,34.3774,8,8,0,0.647453,0.644245,0.003208,0,1,0,0
33.9,1154,2,0.00107229,0.00107229,0.533024,0.555314,0.0222904,34.1321,34.2213,12,12,0,0.342272,0.338696,0.003576,0,1,0,0
33.9,1154,3,0.0251878,0.0251878,0.346281,0.305267,0.0410144,33.3851,33.2211,10,10,0,0.433739,0.435211,0.001472,0,0,0,0
34,1155,1,0.00266773,0.00266773,0.617673,0.618014,0.000340402,34.4707,34.4721,8,8,0,0.644245,0.647453,0.003208,0,1,1,1
34,1155,2,0.00554275,0.00554275,0.537094,0.533024,0.00407082,34.1484,34.1321,12,12,0,0.338696,0.337712,0.000984,0,1,1,1
34,1155,3,0.00176439,0.00176439,0.332133,0.346281,0.0141484,33.3285,33.3851,10,10,0,0.435211,0.456923,0.021712,0,1,1,0
34.1,1156,1,0.0184759,0.0184759,0.456954,0.617673,0.160719,33.8278,34.4707,8,11,3,0.647453,0.438117,0.209336,0,1,0,0
34.1,1156,2,0.00844763,0.00844763,0.496767,0.537094,0.0403278,33.9871,34.1484,12,11,-1,0.337712,0.381509,0.0437973,0,1,0,0
34.1,1156,3,0.00762285,0.00762285,0.373822,0.332133,0.0416889,33.4953,33.3285,10,8,-2,0.456923,0.543613,0.0866907,0,1,0,0
34.2,1157,1,0.0141382,0.0141382,0.480532,0.456954,0.0235775,33.9221,33.8278,11,11,0,0.438117,0.401165,0.036952,0,1,0,0
34.2,1157,2,0.0354684,0.0354684,0.480946,0.496767,0.0158205,33.9238,33.9871,11,11,0,0.381509,0.390205,0.008696,0,0,1,0
34.2,1157,3,0.0235777,0.0235777,0.447905,0.373822,0.0740826,33.7916,33.4953,8,8,0,0.543613,0.680237,0.136624,0,0,0,0
34.3,1158,1,0.00838318,0.00838318,0.485777,0.480532,0.00524548,33.9431,33.9221,11,9,-2,0.401165,0.454968,0.0538027,0,1,1,0
34.3,1158,2,0.048167,0.048167,0.527746,0.480946,0.0468,34.111,33.9238,11,11,0,0.390205,0.378549,0.011656,0,0,0,0
34.3,1158,3,0.0321873,0.0321873,0.425872,0.447905,0.022033,33.7035,33.7916,8,10,2,0.680237,0.646643,0.0335947,0,0,0,0
34.4,1159,1,0.0278914,0.0278914,0.573246,0.485777,0.0874694,34.293,33.9431,9,9,0,0.454968,0.52648,0.071512,0,0,0,0
34.4,1159,2,0.00346958,0.00346958,0.583783,0.527746,0.0560367,34.3351,34.111,11,11,0,0.378549,0.421069,0.04252,0,1,0,0
34.4,1159,3,0.0114074,0.0114074,0.30587,0.425872,0.120002,33.2235,33.7035,10,10,0,0.646643,0.466203,0.18044,0,1,0,0
34.5,1160,1,0.0129506,0.0129506,0.532427,0.573246,0.040819,34.1297,34.293,9,9,0,0.52648,0.543312,0.016832,0,1,0,0
34.5,1160,2,0.00316811,0.00316811,0.585322,0.583783,0.00153917,34.3413,34.3351,11,11,0,0.421069,0.429461,0.008392,0,1,1,1
34.5,1160,3,0.00671193,0.00671193,0.306626,0.30587,0.000756413,33.2265,33.2235,10,10,0,0.466203,0.486371,0.020168,0,1,1,0
34.6,1161,1,0.012169,0.012169,0.492953,0.532427,0.0394747,33.9718,34.1297,9,10,1,0.543312,0.448555,0.0947573,0,1,0,0
34.6,1161,2,0.00556976,0.00556976,0.549619,0.585322,0.0357026,34.1985,34.3413,11,12,1,0.429461,0.334432,0.0950293,0,1,0,0
34.6,1161,3,0.0234404,0.0234404,0.390321,0.306626,0.0836945,33.5613,33.2265,10,8,-2,0.486371,0.558189,0.0718187,0,0,0,0
34.7,1162,1,0.0176861,0.0176861,0.455621,0.492953,0.0373322,33.8225,33.9718,10,10,0,0.448555,0.494387,0.045832,0,1,0,0
34.7,1162,2,0.0129481,0.0129481,0.560887,0.549619,0.0112681,34.2435,34.1985,12,12,0,0.334432,0.36316,0.028728,0,1,1,0
34.7,1162,3,0.0493492,0.0493492,0.444994,0.390321,0.0546729,33.78,33.5613,8,8,0,0.558189,0.657069,0.09888,0,0,0,0
34.8,1163,1,0.0189729,0.0189729,0.516263,0.455621,0.0606427,34.0651,33.8225,10,9,-1,0.494387,0.463936,0.0304507,0,1,0,0
34.8,1163,2,0.00493357,0.00493357,0.509907,0.560887,0.05098,34.0396,34.2435,12,11,-1,0.36316,0.402317,0.0391573,0,1,0,0
34.8,1163,3,0.0544377,0.0544377,0.373869,0.444994,0.0711246,33.4955,33.78,8,10,2,0.657069,0.584435,0.0726347,0,0,0,0
34.9,1164,1,0.0203954,0.0203954,0.491157,0.516263,0.0251058,33.9646,34.0651,9,9,0,0.463936,0.519968,0.056032,0,0,0,0
34.9,1164,2,0.0231309,0.0231309,0.515984,0.509907,0.00607675,34.0639,34.0396,11,11,0,0.402317,0.427717,0.0254,0,0,1,0
34.9,1164,3,0.0113554,0.0113554,0.299125,0.373869,0.074744,33.1965,33.4955,10,10,0,0.584435,0.457731,0.126704,0,1,0,0
35,1165,1,5.86957e-05,5.86957e-05,0.530672,0.491157,0.0395144,34.1227,33.9646,9,9,0,0.519968,0.53468,0.014712,0,1,0,0
35,1165,2,0.00011266,0.00011266,0.524058,0.515984,0.00807393,34.0962,34.0639,11,11,0,0.427717,0.437909,0.010192,0,1,1,0
35,1165,3,0.00416606,0.00416606,0.309632,0.299125,0.0105066,33.2385,33.1965,10,10,0,0.457731,0.503227,0.045496,0,1,1,0
35.1,1166,1,0.0189645,0.0189645,0.465638,0.530672,0.0650339,33.8626,34.1227,9,9,0,0.53468,0.541784,0.007104,0,1,0,0
35.1,1166,2,0.013139,0.013139,0.547216,0.524058,0.0231578,34.1889,34.0962,11,11,0,0.437909,0.429461,0.008448,0,1,0,0
35.1,1166,3,0.004969,0.004969,0.332606,0.309632,0.0229746,33.3304,33.2385,10,10,0,0.503227,0.515731,0.012504,0,1,0,0
35.2,1167,1,0.00462825,0.00462825,0.467926,0.465638,0.00228807,33.8717,33.8626,9,9,0,0.541784,0.541936,0.000152,0,1,1,1
35.2,1167,2,0.00207426,0.00207426,0.553823,0.547216,0.00660741,34.2153,34.1889,11,11,0,0.429461,0.437125,0.007664,0,1,1,1
35.2,1167,3,0.00845446,0.00845446,0.316454,0.332606,0.0161522,33.2658,33.3304,10,10,0,0.515731,0.492355,0.023376,0,1,1,0
35.3,1168,1,0.0124485,0.0124485,0.482078,0.467926,0.0141517,33.9283,33.8717,9,10,1,0.541936,0.392235,0.149701,0,1,1,0
35.3,1168,2,0.00414125,0.00414125,0.560897,0.553823,0.00707412,34.2436,34.2153,11,12,1,0.437125,0.371728,0.0653973,0,1,1,0
35.3,1168,3,0.00981589,0.00981589,0.411433,0.316454,0.0949795,33.6457,33.2658,10,8,-2,0.492355,0.635253,0.142899,0,1,0,0
35.4,1169,1,0.000879571,0.000879571,0.465587,0.482078,0.016491,33.8623,33.9283,10,10,0,0.392235,0.450219,0.057984,0,1,1,0
35.4,1169,2,0.00265746,0.00265746,0.56542,0.560897,0.0045228,34.2617,34.2436,12,12,0,0.371728,0.379832,0.008104,0,1,1,1
35.4,1169,3,0.0471453,0.0471453,0.462799,0.411433,0.0513653,33.8512,33.6457,8,8,0,0.635253,0.692429,0.057176,0,0,0,0
35.5,1170,1,0.00792537,0.00792537,0.472644,0.465587,0.0070574,33.8906,33.8623,10,9,-1,0.450219,0.475232,0.0250133,0,1,1,0
35.5,1170,2,0.00817842,0.00817842,0.519846,0.56542,0.0455739,34.0794,34.2617,12,11,-1,0.379832,0.415285,0.0354533,0,1,0,0
35.5,1170,3,0.0510907,0.0510907,0.40349,0.462799,0.0593092,33.614,33.8512,8,10,2,0.692429,0.618387,0.0740427,0,0,0,0
35.6,1171,1,0.0286954,0.0286954,0.563282,0.472644,0.0906384,34.2531,33.8906,9,9,0,0.475232,0.472656,0.002576,0,0,0,0
35.6,1171,2,0.020321,0.020321,0.529411,0.519846,0.00956488,34.1176,34.0794,11,11,0,0.415285,0.445461,0.030176,0,0,1,0
35.6,1171,3,0.0230265,0.0230265,0.304676,0.40349,0.0988135,33.2187,33.614,10,10,0,0.618387,0.476499,0.141888,0,0,0,0
35.7,1172,1,0.0173865,0.0173865,0.529293,0.563282,0.033989,34.1172,34.2531,9,9,0,0.472656,0.541784,0.069128,0,1,0,0
35.7,1172,2,0.000350021,0.000350021,0.524798,0.529411,0.00461346,34.0992,34.1176,11,11,0,0.445461,0.438949,0.006512,0,1,1,1
35.7,1172,3,0.0123204,0.0123204,0.315674,0.304676,0.0109981,33.2627,33.2187,10,10,0,0.476499,0.522611,0.046112,0,1,1,0
35.8,1173,1,0.0322027,0.0322027,0.518633,0.529293,0.0106605,34.0745,34.1172,9,8,-1,0.541784,0.613821,0.0720373,0,0,1,0
35.8,1173,2,0.0365672,0.0365672,0.545737,0.524798,0.0209388,34.1829,34.0992,11,12,1,0.438949,0.336344,0.102605,0,0,0,0
35.8,1173,3,0.0590059,0.0590059,0.358029,0.315674,0.0423544,33.4321,33.2627,10,10,0,0.522611,0.458219,0.064392,0,0,0,0
35.9,1174,1,0.00982343,0.00982343,0.522149,0.518633,0.00351632,34.0886,34.0745,8,8,0,0.613821,0.647453,0.033632,0,1,1,0
35.9,1174,2,0.0142638,0.0142638,0.552996,0.545737,0.00725985,34.212,34.1829,12,12,0,0.336344,0.355792,0.019448,0,1,1,0
35.9,1174,3,0.00283945,0.00283945,0.358003,0.358029,2.52128e-05,33.432,33.4321,10,10,0,0.458219,0.455707,0.002512,0,1,1,1
36,1175,1,0.0395877,0.0395877,0.470765,0.522149,0.0513842,33.8831,34.0886,8,11,3,0.647453,0.521589,0.125864,0,0,0,0
36,1175,2,0.00565822,0.00565822,0.500028,0.552996,0.0529689,34.0001,34.212,12,11,-1,0.355792,0.387781,0.0319893,0,1,0,0
36,1175,3,0.0437411,0.0437411,0.400757,0.358003,0.0427541,33.603,33.432,10,8,-2,0.455707,0.543013,0.0873067,0,0,0,0
36.1,1176,1,0.0322339,0.0322339,0.527647,0.470765,0.0568816,34.1106,33.8831,11,11,0,0.521589,0.333461,0.188128,0,0,0,0
36.1,1176,2,0.0274973,0.0274973,0.530912,0.500028,0.0308846,34.1236,34.0001,11,11,0,0.387781,0.447589,0.059808,0,0,0,0
36.1,1176,3,0.0267669,0.0267669,0.438612,0.400757,0.0378549,33.7544,33.603,8,8,0,0.543013,0.655061,0.112048,0,0,0,0
36.2,1177,1,0.016049,0.016049,0.468396,0.527647,0.0592504,33.8736,34.1106,11,11,0,0.333461,0.401645,0.068184,0,1,0,0
36.2,1177,2,0.00053893,0.00053893,0.522989,0.530912,0.00792331,34.092,34.1236,11,11,0,0.447589,0.436437,0.011152,0,1,1,0
36.2,1177,3,0.0203461,0.0203461,0.452014,0.438612,0.0134013,33.8081,33.7544,8,8,0,0.655061,0.672725,0.017664,0,0,1,0
36.3,1178,1,0.00757361,0.00757361,0.482061,0.468396,0.0136643,33.9282,33.8736,11,11,0,0.401645,0.422693,0.021048,0,1,1,0
36.3,1178,2,0.0126943,0.0126943,0.563295,0.522989,0.0403057,34.2532,34.092,11,11,0,0.436437,0.448365,0.011928,0,1,0,0
36.3,1178,3,0.0638179,0.0638179,0.430844,0.452014,0.0211694,33.7234,33.8081,8,8,0,0.672725,0.656245,0.01648,0,0,0,0
36.4,1179,1,0.00991384,0.00991384,0.491293,0.482061,0.00923249,33.9652,33.9282,11,11,0,0.422693,0.374357,0.048336,0,1,1,0
36.4,1179,2,2.19084e-05,2.19084e-05,0.567782,0.563295,0.00448781,34.2711,34.2532,11,11,0,0.448365,0.452565,0.0042,0,1,1,1
36.4,1179,3,0.00180973,0.00180973,0.432744,0.430844,0.00189987,33.731,33.7234,8,8,0,0.656245,0.666981,0.010736,0,1,1,0
36.5,1180,1,0.00571412,0.00571412,0.521998,0.491293,0.0307051,34.088,33.9652,11,8,-3,0.374357,0.508565,0.134208,0,1,0,0
36.5,1180,2,0.00456451,0.00456451,0.573041,0.567782,0.00525916,34.2922,34.2711,11,12,1,0.452565,0.387264,0.0653013,0,1,1,0
36.5,1180,3,0.0137159,0.0137159,0.3786,0.432744,0.0541437,33.5144,33.731,8,10,2,0.666981,0.509219,0.157763,0,1,0,0
36.6,1181,1,0.0115812,0.0115812,0.61839,0.521998,0.096392,34.4736,34.088,8,8,0,0.508565,0.632669,0.124104,0,1,0,0
36.6,1181,2,0.000291619,0.000291619,0.55695,0.573041,0.0160913,34.2278,34.2922,12,12,0,0.387264,0.364704,0.02256,0,1,1,0
36.6,1181,3,0.00128773,0.00128773,0.393095,0.3786,0.014495,33.5724,33.5144,10,10,0,0.509219,0.532075,0.022856,0,1,1,0
36.7,1182,1,0.0301787,0.0301787,0.422419,0.61839,0.195972,33.6897,34.4736,8,10,2,0.632669,0.580787,0.0518827,0,0,0,0
36.7,1182,2,0.0141732,0.0141732,0.495484,0.55695,0.0614663,33.9819,34.2278,12,11,-1,0.364704,0.379141,0.0144373,0,1,0,0
36.7,1182,3,0.0124344,0.0124344,0.313915,0.393095,0.0791807,33.2557,33.5724,10,9,-1,0.532075,0.502272,0.0298027,0,1,0,0
36.8,1183,1,0.0280426,0.0280426,0.479917,0.422419,0.0574986,33.9197,33.6897,10,10,0,0.580787,0.396195,0.184592,0,0,0,0
36.8,1183,2,0.0375071,0.0375071,0.488464,0.495484,0.00702,33.9539,33.9819,11,11,0,0.379141,0.397989,0.018848,0,0,1,0
36.8,1183,3,0.00242698,0.00242698,0.343398,0.313915,0.0294828,33.3736,33.2557,9,9,0,0.502272,0.57492,0.072648,0,1,0,0
36.9,1184,1,0.00758212,0.00758212,0.431315,0.479917,0.0486026,33.7253,33.9197,10,10,0,0.396195,0.463635,0.06744,0,1,0,0
36.9,1184,2,0.000227474,0.000227474,0.49247,0.488464,0.00400597,33.9699,33.9539,11,11,0,0.397989,0.403029,0.00504,0,1,1,1
36.9,1184,3,0.0205009,0.0205009,0.385675,0.343398,0.0422771,33.5427,33.3736,9,9,0,0.57492,0.632064,0.057144,0,0,0,0
37,1185,1,0.0173854,0.0173854,0.442154,0.431315,0.0108393,33.7686,33.7253,10,9,-1,0.463635,0.518824,0.0551893,0,1,1,0
37,1185,2,0.0147787,0.0147787,0.498522,0.49247,0.00605232,33.9941,33.9699,11,11,0,0.403029,0.396613,0.006416,0,1,1,1
37,1185,3,0.0146943,0.0146943,0.3335,0.385675,0.0521751,33.334,33.5427,9,10,1,0.632064,0.541051,0.0910133,0,1,0,0
37.1,1186,1,0.000383481,0.000383481,0.506168,0.442154,0.0640144,34.0247,33.7686,9,9,0,0.518824,0.537072,0.018248,0,1,0,0
37.1,1186,2,0.000737775,0.000737775,0.502853,0.498522,0.00433061,34.0114,33.9941,11,11,0,0.396613,0.403045,0.006432,0,1,1,1
37.1,1186,3,0.00198703,0.00198703,0.353237,0.3335,0.0197374,33.4129,33.334,10,10,0,0.541051,0.562307,0.021256,0,1,1,0
37.2,1187,1,0.0149013,0.0149013,0.44224,0.506168,0.0639288,33.769,34.0247,9,9,0,0.537072,0.55656,0.019488,0,1,0,0
37.2,1187,2,0.0341538,0.0341538,0.564261,0.502853,0.0614085,34.257,34.0114,11,11,0,0.403045,0.401845,0.0012,0,0,0,0
37.2,1187,3,0.0185005,0.0185005,0.383689,0.353237,0.0304525,33.5348,33.4129,10,10,0,0.562307,0.548827,0.01348,0,1,0,0
37.3,1188,1,0.0205163,0.0205163,0.454757,0.44224,0.0125178,33.819,33.769,9,9,0,0.55656,0.534688,0.021872,0,0,1,0
37.3,1188,2,0.00236226,0.00236226,0.601509,0.564261,0.0372481,34.406,34.257,11,11,0,0.401845,0.450229,0.048384,0,1,0,0
37.3,1188,3,0.0199001,0.0199001,0.315517,0.383689,0.0681722,33.2621,33.5348,10,10,0,0.548827,0.489251,0.059576,0,1,0,0
37.4,1189,1,0.000474691,0.000474691,0.451765,0.454757,0.00299224,33.8071,33.819,9,9,0,0.534688,0.525128,0.00956,0,1,1,1
37.4,1189,2,0.00315232,0.00315232,0.613094,0.601509,0.0115842,34.4524,34.406,11,11,0,0.450229,0.466861,0.016632,0,1,1,0
37.4,1189,3,0.00454664,0.00454664,0.342478,0.315517,0.0269611,33.3699,33.2621,10,10,0,0.489251,0.528307,0.039056,0,1,0,0
37.5,1190,1,4.85182e-05,4.85182e-05,0.451464,0.451765,0.000301242,33.8059,33.8071,9,9,0,0.525128,0.524176,0.000952,0,1,1,1
37.5,1190,2,0.0332373,0.0332373,0.583337,0.613094,0.0297561,34.3333,34.4524,11,11,0,0.466861,0.469589,0.002728,0,0,0,0
37.5,1190,3,0.00293891,0.00293891,0.338863,0.342478,0.00361523,33.3555,33.3699,10,10,0,0.528307,0.523467,0.00484,0,1,1,1
37.6,1191,1,0.000137851,0.000137851,0.452319,0.451464,0.000855356,33.8093,33.8059,9,9,0,0.524176,0.52688,0.002704,0,1,1,1
37.6,1191,2,0.000194069,0.000194069,0.582513,0.583337,0.000824571,34.3301,34.3333,11,11,0,0.469589,0.468613,0.000976,0,1,1,1
37.6,1191,3,0.00208991,0.00208991,0.334764,0.338863,0.00409907,33.3391,33.3555,10,10,0,0.523467,0.518203,0.005264,0,1,1,1
37.7,1192,1,0.0135551,0.0135551,0.512333,0.452319,0.0600142,34.0493,33.8093,9,8,-1,0.52688,0.573493,0.0466133,1,1,0,0
37.7,1192,2,0.00974362,0.00974362,0.57724,0.582513,0.00527245,34.309,34.3301,11,12,1,0.468613,0.384192,0.0844213,1,1,1,0
37.7,1192,3,0.00515379,0.00515379,0.343878,0.334764,0.00911388,33.3755,33.3391,10,10,0,0.518203,0.529755,0.011552,1,1,1,0
37.8,1193,1,0.0307014,0.0307014,0.521361,0.512333,0.00902766,34.0854,34.0493,8,8,0,0.573493,0.645293,0.0718,0,0,1,0
37.8,1193,2,0.000950567,0.000950567,0.56031,0.57724,0.0169308,34.2412,34.309,12,12,0,0.384192,0.36184,0.022352,0,1,1,0
37.8,1193,3,0.0162662,0.0162662,0.372443,0.343878,0.0285647,33.4898,33.3755,10,10,0,0.529755,0.535203,0.005448,0,1,0,0
37.9,1194,1,0.0174278,0.0174278,0.471419,0.521361,0.0499425,33.8857,34.0854,8,9,1,0.645293,0.615392,0.0299013,0,1,0,0
37.9,1194,2,0.00771205,0.00771205,0.512047,0.56031,0.0482622,34.0482,34.2412,12,11,-1,0.36184,0.392453,0.0306133,0,1,0,0
37.9,1194,3,0.0100507,0.0100507,0.336827,0.372443,0.0356152,33.3473,33.4898,10,10,0,0.535203,0.484651,0.050552,0,1,0,0
38,1195,1,0.0341453,0.0341453,0.47113,0.471419,0.000289023,33.8845,33.8857,9,9,0,0.615392,0.486736,0.128656,0,0,1,0
38,1195,2,0.00215557,0.00215557,0.559043,0.512047,0.0469957,34.2362,34.0482,11,11,0,0.392453,0.443093,0.05064,0,1,0,0
38,1195,3,0.00416467,0.00416467,0.320487,0.336827,0.0163405,33.2819,33.3473,10,10,0,0.484651,0.498651,0.014,0,1,1,0
38.1,1196,1,0.00342324,0.00342324,0.467528,0.47113,0.00360128,33.8701,33.8845,9,9,0,0.486736,0.529688,0.042952,0,1,1,0
38.1,1196,2,0.00131362,0.00131362,0.580275,0.559043,0.0212315,34.3211,34.2362,11,11,0,0.443093,0.468605,0.025512,0,1,0,0
38.1,1196,3,0.00701627,0.00701627,0.336522,0.320487,0.016035,33.3461,33.2819,10,10,0,0.498651,0.520251,0.0216,0,1,1,0
38.2,1197,1,0.0107581,0.0107581,0.449818,0.467528,0.0177099,33.7993,33.8701,9,9,0,0.529688,0.519632,0.010056,0,1,1,0
38.2,1197,2,0.00150085,0.00150085,0.572129,0.580275,0.00814509,34.2885,34.3211,11,11,0,0.468605,0.467845,0.00076,0,1,1,1
38.2,1197,3,0.000293508,0.000293508,0.334086,0.336522,0.00243559,33.3363,33.3461,10,10,0,0.520251,0.517435,0.002816,0,1,1,1
38.3,1198,1,1.8239e-05,1.8239e-05,0.452319,0.449818,0.00250092,33.8093,33.7993,9,9,0,0.519632,0.52688,0.007248,0,1,1,1
38.3,1198,2,1.84625e-05,1.84625e-05,0.573777,0.572129,0.00164789,34.2951,34.2885,11,11,0,0.467845,0.470357,0.002512,0,1,1,1
38.3,1198,3,0.000737346,0.000737346,0.337382,0.334086,0.00329581,33.3495,33.3363,10,10,0,0.517435,0.521419,0.003984,0,1,1,1
38.4,1199,1,0.00784839,0.00784839,0.512597,0.452319,0.0602782,34.0504,33.8093,9,8,-1,0.52688,0.558853,0.0319733,1,1,0,0
38.4,1199,2,0.0223618,0.0223618,0.585845,0.573777,0.012068,34.3434,34.2951,11,12,1,0.470357,0.412624,0.0577333,1,0,1,0
38.4,1199,3,0.00477511,0.00477511,0.347943,0.337382,0.0105604,33.3918,33.3495,10,10,0,0.521419,0.534331,0.012912,1,1,1,0
38.5,1200,1,0.0411575,0.0411575,0.520319,0.512597,0.00772166,34.0813,34.0504,8,8,0,0.558853,0.646077,0.087224,0,0,1,0
38.5,1200,2,0.00479895,0.00479895,0.563322,0.585845,0.0225238,34.2533,34.3434,12,12,0,0.412624,0.376064,0.03656,0,1,0,0
38.5,1200,3,0.00965368,0.00965368,0.357977,0.347943,0.0100348,33.4319,33.3918,10,10,0,0.534331,0.517891,0.01644,0,1,1,0
38.6,1201,1,0.00497259,0.00497259,0.523808,0.520319,0.00348914,34.0952,34.0813,8,8,0,0.646077,0.653461,0.007384,0,1,1,1
38.6,1201,2,0.00311446,0.00311446,0.558,0.563322,0.00532138,34.232,34.2533,12,12,0,0.376064,0.366568,0.009496,0,1,1,1
38.6,1201,3,0.000211084,0.000211084,0.351805,0.357977,0.006172,33.4072,33.4319,10,10,0,0.517891,0.511763,0.006128,0,1,1,1
38.7,1202,1,0.0334661,0.0334661,0.616719,0.523808,0.0929103,34.4669,34.0952,8,8,0,0.653461,0.656669,0.003208,1,0,0,0
38.7,1202,2,0.0127239,0.0127239,0.547033,0.558,0.0109667,34.1881,34.232,12,12,0,0.366568,0.364392,0.002176,1,1,1,1
38.7,1202,3,0.000921245,0.000921245,0.348331,0.351805,0.00347441,33.3933,33.4072,10,10,0,0.511763,0.508667,0.003096,1,1,1,1
38.8,1203,1,0.00211973,0.00211973,0.616973,0.616719,0.000254631,34.4679,34.4669,8,8,0,0.656669,0.654213,0.002456,0,1,1,1
38.8,1203,2,0.00218453,0.00218453,0.548565,0.547033,0.00153112,34.1943,34.1881,12,12,0,0.364392,0.368048,0.003656,0,1,1,1
38.8,1203,3,0.00228911,0.00228911,0.342643,0.348331,0.00568739,33.3706,33.3933,10,10,0,0.508667,0.502635,0.006032,0,1,1,1
38.9,1204,1,0.0299346,0.0299346,0.524971,0.616973,0.0920017,34.0999,34.4679,8,9,1,0.654213,0.541728,0.112485,1,0,0,0
38.9,1204,2,0.0205844,0.0205844,0.513606,0.548565,0.0349586,34.0544,34.1943,12,11,-1,0.368048,0.406773,0.0387253,1,0,0,0
38.9,1204,3,0.000828865,0.000828865,0.344839,0.342643,0.00219566,33.3794,33.3706,10,10,0,0.502635,0.505147,0.002512,1,1,1,1
39,1205,1,0.00204331,0.00204331,0.526761,0.524971,0.00178915,34.107,34.0999,9,9,0,0.541728,0.564032,0.022304,0,1,1,0
39,1205,2,0.025535,0.025535,0.515244,0.513606,0.00163776,34.061,34.0544,11,11,0,0.406773,0.430485,0.023712,0,0,1,0
39,1205,3,0.00238149,0.00238149,0.351805,0.344839,0.00696614,33.4072,33.3794,10,10,0,0.505147,0.511763,0.006616,0,1,1,1
39.1,1206,1,0.011656,0.011656,0.468349,0.526761,0.0584118,33.8734,34.107,9,9,0,0.564032,0.554248,0.009784,0,1,0,0
39.1,1206,2,0.0121875,0.0121875,0.529945,0.515244,0.0147014,34.1198,34.061,11,11,0,0.430485,0.431989,0.001504,0,1,1,1
39.1,1206,3,0.00322671,0.00322671,0.340693,0.351805,0.011112,33.3628,33.4072,10,10,0,0.511763,0.498075,0.013688,0,1,1,0
39.2,1207,1,0.0258276,0.0258276,0.464967,0.468349,0.0033814,33.8599,33.8734,9,9,0,0.554248,0.521792,0.032456,0,0,1,0
39.2,1207,2,0.00827587,0.00827587,0.543434,0.529945,0.0134887,34.1737,34.1198,11,11,0,0.431989,0.448597,0.016608,0,1,1,0
39.2,1207,3,0.0228319,0.0228319,0.320727,0.340693,0.0199662,33.2829,33.3628,10,10,0,0.498075,0.514731,0.016656,0,0,1,0
39.3,1208,1,0.00541624,0.00541624,0.46812,0.464967,0.00315258,33.8725,33.8599,9,9,0,0.521792,0.49744,0.024352,0,1,1,0
39.3,1208,2,0.000792012,0.000792012,0.545383,0.543434,0.00194907,34.1815,34.1737,11,11,0,0.448597,0.451381,0.002784,0,1,1,1
39.3,1208,3,0.000723814,0.000723814,0.324496,0.320727,0.00376925,33.298,33.2829,10,10,0,0.514731,0.520635,0.005904,0,1,1,1
39.4,1209,1,0.0217211,0.0217211,0.45473,0.46812,0.01339,33.8189,33.8725,9,9,0,0.49744,0.4918,0.00564,0,0,1,0
39.4,1209,2,0.001161,0.001161,0.548256,0.545383,0.00287354,34.193,34.1815,11,11,0,0.451381,0.455365,0.003984,0,1,1,1
39.4,1209,3,0.0015467,0.0015467,0.323125,0.324496,0.00137097,33.2925,33.298,10,10,0,0.520635,0.518187,0.002448,0,1,1,1
39.5,1210,1,0.000359811,0.000359811,0.455411,0.45473,0.000680894,33.8216,33.8189,9,9,0,0.4918,0.490064,0.001736,0,1,1,1
39.5,1210,2,0.0032363,0.0032363,0.561207,0.548256,0.0129506,34.2448,34.193,11,11,0,0.455365,0.468549,0.013184,0,1,1,0
39.5,1210,3,0.00829608,0.00829608,0.332781,0.323125,0.00965592,33.3311,33.2925,10,10,0,0.518187,0.529763,0.011576,0,1,1,0
39.6,1211,1,0.00233347,0.00233347,0.452152,0.455411,0.00325865,33.8086,33.8216,9,9,0,0.490064,0.49744,0.007376,0,1,1,1
39.6,1211,2,8.10325e-05,8.10325e-05,0.561726,0.561207,0.000518739,34.2469,34.2448,11,11,0,0.468549,0.469317,0.000768,0,1,1,1
39.6,1211,3,0.0054642,0.0054642,0.325247,0.332781,0.00753427,33.301,33.3311,10,10,0,0.529763,0.521979,0.007784,0,1,1,1
39.7,1212,1,0.00301011,0.00301011,0.456697,0.452152,0.004545,33.8268,33.8086,9,9,0,0.49744,0.486848,0.010592,1,1,1,0
39.7,1212,2,0.000981662,0.000981662,0.558972,0.561726,0.00275427,34.2359,34.2469,11,11,0,0.469317,0.465333,0.003984,1,1,1,1
39.7,1212,3,0.000559347,0.000559347,0.324911,0.325247,0.000336438,33.2996,33.301,10,10,0,0.521979,0.521403,0.000576,1,1,1,1
39.8,1213,1,0.00368563,0.00368563,0.451464,0.456697,0.00523269,33.8059,33.8268,9,9,0,0.486848,0.499176,0.012328,0,1,1,0
39.8,1213,2,0.000188839,0.000188839,0.558535,0.558972,0.000436127,34.2341,34.2359,11,11,0,0.465333,0.464709,0.000624,0,1,1,1
39.8,1213,3,0.00602354,0.00602354,0.332781,0.324911,0.0078707,33.3311,33.2996,10,10,0,0.521403,0.529763,0.00836,0,1,1,1
39.9,1214,1,0.00229631,0.00229631,0.454198,0.451464,0.00273308,33.8168,33.8059,9,9,0,0.499176,0.49288,0.006296,0,1,1,1
39.9,1214,2,0.00588825,0.00588825,0.57148,0.558535,0.0129442,34.2859,34.2341,11,11,0,0.464709,0.459893,0.004816,0,1,1,1
39.9,1214,3,0.00408581,0.00408581,0.326304,0.332781,0.00647762,33.3052,33.3311,10,10,0,0.529763,0.523451,0.006312,0,1,1,1
40,1215,1,0.000569709,0.000569709,0.453337,0.454198,0.000860393,33.8133,33.8168,9,9,0,0.49288,0.494624,0.001744,1,1,1,1
40,1215,2,9.41381e-06,9.41381e-06,0.573322,0.57148,0.00184214,34.2933,34.2859,11,11,0,0.459893,0.461637,0.001744,1,1,1,1
40,1215,3,0.0042065,0.0042065,0.323108,0.326304,0.00319538,33.2924,33.3052,10,10,0,0.523451,0.518163,0.005288,1,1,1,1
40.1,1216,1,0.00397166,0.00397166,0.461542,0.453337,0.00820488,33.8462,33.8133,9,9,0,0.494624,0.476384,0.01824,2,1,1,0
40.1,1216,2,0.00766055,0.00766055,0.554426,0.573322,0.0188954,34.2177,34.2933,11,11,0,0.461637,0.458405,0.003232,2,1,1,1
40.1,1216,3,0.0107241,0.0107241,0.338487,0.323108,0.0153788,33.3539,33.2924,10,10,0,0.518163,0.534307,0.016144,2,1,1,0
40.2,1217,1,0.00263673,0.00263673,0.456184,0.461542,0.00535819,33.8247,33.8462,9,9,0,0.476384,0.479992,0.003608,0,1,1,1
40.2,1217,2,0.000833094,0.000833094,0.556384,0.554426,0.00195736,34.2255,34.2177,11,11,0,0.458405,0.461637,0.003232,0,1,1,1
40.2,1217,3,0.0106047,0.0106047,0.322568,0.338487,0.0159186,33.2903,33.3539,10,10,0,0.534307,0.517403,0.016904,0,1,1,0
40.3,1218,1,0.000299938,0.000299938,0.463226,0.456184,0.0070425,33.8529,33.8247,9,9,0,0.479992,0.469408,0.010584,0,1,1,0
40.3,1218,2,0,0,0.556384,0.556384,0,34.2255,34.2255,11,11,0,0.461637,0.461637,0,0,1,1,1
40.3,1218,3,0.00213385,0.00213385,0.324901,0.322568,0.00233275,33.2996,33.2903,10,10,0,0.517403,0.521387,0.003984,0,1,1,1
40.4,1219,1,0.000300236,0.000300236,0.456179,0.463226,0.00704738,33.8247,33.8529,9,9,0,0.469408,0.48,0.010592,0,1,1,0
40.4,1219,2,0.000828996,0.000828996,0.554436,0.556384,0.00194776,34.2177,34.2255,11,11,0,0.461637,0.458421,0.003216,0,1,1,1
40.4,1219,3,0.00603046,0.00603046,0.332761,0.324901,0.00786027,33.331,33.2996,10,10,0,0.521387,0.529747,0.00836,0,1,1,1
40.5,1220,1,0.00258686,0.00258686,0.462132,0.456179,0.00595325,33.8485,33.8247,9,9,0,0.48,0.47544,0.00456,0,1,1,1
40.5,1220,2,0.000828996,0.000828996,0.556384,0.554436,0.00194776,34.2255,34.2177,11,11,0,0.458421,0.461637,0.003216,0,1,1,1
40.5,1220,3,0.00409868,0.00409868,0.326283,0.332761,0.00647831,33.3051,33.331,10,10,0,0.529747,0.523427,0.00632,0,1,1,1
40.6,1221,1,0.000634223,0.000634223,0.465269,0.462132,0.00313687,33.8611,33.8485,9,9,0,0.47544,0.47112,0.00432,1,1,1,1
40.6,1221,2,0.000453852,0.000453852,0.555319,0.556384,0.00106478,34.2213,34.2255,11,11,0,0.461637,0.459893,0.001744,1,1,1,1
40.6,1221,3,0.0078869,0.0078869,0.341645,0.326283,0.0153621,33.3666,33.3051,10,10,0,0.523427,0.536827,0.0134,1,1,1,0
40.7,1222,1,0.000633776,0.000633776,0.462137,0.465269,0.00313196,33.8485,33.8611,9,9,0,0.47112,0.475432,0.004312,0,1,1,1
40.7,1222,2,0.00259789,0.00259789,0.549179,0.555319,0.00613964,34.1967,34.2213,11,11,0,0.459893,0.449701,0.010192,0,1,1,0
40.7,1222,3,0.00335074,0.00335074,0.360742,0.341645,0.0190965,33.443,33.3666,10,10,0,0.536827,0.556627,0.0198,0,1,1,0
40.8,1223,1,0.00053902,0.00053902,0.459541,0.462137,0.0025959,33.8382,33.8485,9,9,0,0.475432,0.48,0.004568,0,1,1,1
40.8,1223,2,0.000513941,0.000513941,0.547958,0.549179,0.0012216,34.1918,34.1967,11,11,0,0.449701,0.447685,0.002016,0,1,1,1
40.8,1223,3,0.00128196,0.00128196,0.357673,0.360742,0.00306824,33.4307,33.443,10,10,0,0.556627,0.553003,0.003624,0,1,1,1
40.9,1224,1,0.00116785,0.00116785,0.46525,0.459541,0.00570861,33.861,33.8382,9,9,0,0.48,0.471144,0.008856,1,1,1,1
40.9,1224,2,0.00126458,0.00126458,0.544942,0.547958,0.00301528,34.1798,34.1918,11,11,0,0.447685,0.442725,0.00496,1,1,1,1
40.9,1224,3,0.000994889,0.000994889,0.349121,0.357673,0.00855216,33.3965,33.4307,10,10,0,0.553003,0.544283,0.00872,1,1,1,1
41,1225,1,0.000629276,0.000629276,0.462132,0.46525,0.00311762,33.8485,33.861,9,9,0,0.471144,0.47544,0.004296,2,1,1,1
41,1225,2,0.00126458,0.00126458,0.547958,0.544942,0.00301528,34.1918,34.1798,11,11,0,0.442725,0.447685,0.00496,2,1,1,1
41,1225,3,0.00254352,0.00254352,0.361371,0.349121,0.0122499,33.4455,33.3965,10,10,0,0.544283,0.557395,0.013112,2,1,1,0
41.1,1226,1,0.000538573,0.000538573,0.459541,0.462132,0.00259098,33.8382,33.8485,9,9,0,0.47544,0.48,0.00456,0,1,1,1
41.1,1226,2,0.0106974,0.0106974,0.55514,0.547958,0.00718254,34.2206,34.1918,11,11,0,0.447685,0.444469,0.003216,0,1,1,1
41.1,1226,3,0.000919477,0.000919477,0.359199,0.361371,0.0021719,33.4368,33.4455,10,10,0,0.557395,0.554747,0.002648,0,1,1,1
41.2,1227,1,0.000863679,0.000863679,0.464065,0.459541,0.00452402,33.8563,33.8382,9,9,0,0.48,0.472624,0.007376,1,1,1,1
41.2,1227,2,0.000131801,0.000131801,0.556551,0.55514,0.00141066,34.2262,34.2206,11,11,0,0.444469,0.445917,0.001448,1,1,1,1
41.2,1227,3,0.00144222,0.00144222,0.349938,0.359199,0.00926134,33.3998,33.4368,10,10,0,0.554747,0.545051,0.009696,1,1,1,1
41.3,1228,1,0.0099101,0.0099101,0.496105,0.464065,0.0320393,33.9844,33.8563,9,9,0,0.472624,0.47396,0.001336,2,1,0,0
41.3,1228,2,0.0112738,0.0112738,0.546899,0.556551,0.00965178,34.1876,34.2262,11,11,0,0.445917,0.445941,2.4e-05,2,1,1,1
41.3,1228,3,0.00209224,0.00209224,0.360735,0.349938,0.0107972,33.4429,33.3998,10,10,0,0.545051,0.556619,0.011568,2,1,1,0
41.4,1229,1,0.000814274,0.000814274,0.49379,0.496105,0.00231498,33.9752,33.9844,9,9,0,0.47396,0.48,0.00604,0,1,1,1
41.4,1229,2,0.000375297,0.000375297,0.546004,0.546899,0.000894845,34.184,34.1876,11,11,0,0.445941,0.444469,0.001472,0,1,1,1
41.4,1229,3,0.00227405,0.00227405,0.349121,0.360735,0.0116139,33.3965,33.4429,10,10,0,0.556619,0.544283,0.012336,0,1,1,0
41.5,1230,1,0.000678919,0.000678919,0.495304,0.49379,0.00151438,33.9812,33.9752,9,9,0,0.48,0.476464,0.003536,0,1,1,1
41.5,1230,2,0.000819929,0.000819929,0.547958,0.546004,0.00195342,34.1918,34.184,11,11,0,0.444469,0.447685,0.003216,0,1,1,1
41.5,1230,3,0.00653805,0.00653805,0.390046,0.349121,0.0409251,33.5602,33.3965,10,10,0,0.544283,0.552987,0.008704,0,1,0,0
41.6,1231,1,0.00206875,0.00206875,0.49006,0.495304,0.00524437,33.9602,33.9812,9,9,0,0.476464,0.487744,0.01128,0,1,1,0
41.6,1231,2,0.00126458,0.00126458,0.544942,0.547958,0.00301528,34.1798,34.1918,11,11,0,0.447685,0.442725,0.00496,0,1,1,1
41.6,1231,3,0.00193877,0.00193877,0.393638,0.390046,0.00359139,33.5746,33.5602,10,10,0,0.552987,0.559123,0.006136,0,1,1,1
41.7,1232,1,0.00123472,0.00123472,0.493338,0.49006,0.00327834,33.9734,33.9602,9,9,0,0.487744,0.481064,0.00668,0,1,1,1
41.7,1232,2,0.00126458,0.00126458,0.547958,0.544942,0.00301528,34.1918,34.1798,11,11,0,0.442725,0.447685,0.00496,0,1,1,1
41.7,1232,3,0.00464484,0.00464484,0.385406,0.393638,0.00823194,33.5416,33.5746,10,10,0,0.559123,0.544267,0.014856,0,1,1,0
41.8,1233,1,0.000598475,0.000598475,0.491696,0.493338,0.00164151,33.9668,33.9734,9,9,0,0.481064,0.484656,0.003592,0,1,1,1
41.8,1233,2,0.000444632,0.000444632,0.546899,0.547958,0.00105858,34.1876,34.1918,11,11,0,0.447685,0.445941,0.001744,0,1,1,1
41.8,1233,3,0.00270608,0.00270608,0.390046,0.385406,0.00464055,33.5602,33.5416,10,10,0,0.544267,0.552987,0.00872,0,1,1,1
41.9,1234,1,0.000345148,0.000345148,0.490782,0.491696,0.000914156,33.9631,33.9668,9,9,0,0.484656,0.4864,0.001744,1,1,1,1
41.9,1234,2,0.000375297,0.000375297,0.546004,0.546899,0.000894845,34.184,34.1876,11,11,0,0.445941,0.444469,0.001472,1,1,1,1
41.9,1234,3,0.00142991,0.00142991,0.392561,0.390046,0.00251451,33.5702,33.5602,10,10,0,0.552987,0.557379,0.004392,1,1,1,1
42,1235,1,0.00072661,0.00072661,0.492733,0.490782,0.00195083,33.9709,33.9631,9,9,0,0.4864,0.482416,0.003984,2,1,1,1
42,1235,2,0.000375297,0.000375297,0.546899,0.546004,0.000894845,34.1876,34.184,11,11,0,0.444469,0.445941,0.001472,2,1,1,1
42,1235,3,0.00174293,0.00174293,0.389538,0.392561,0.00302318,33.5582,33.5702,10,10,0,0.557379,0.552035,0.005344,2,1,1,1
42.1,1236,1,0.000724941,0.000724941,0.490787,0.492733,0.00194654,33.9631,33.9709,9,9,0,0.482416,0.486392,0.003976,3,1,1,1
42.1,1236,2,0.00220662,0.00220662,0.552136,0.546899,0.00523698,34.2085,34.1876,11,11,0,0.445941,0.454597,0.008656,3,1,1,1
42.1,1236,3,0.00577043,0.00577043,0.402083,0.389538,0.012545,33.6083,33.5582,10,10,0,0.552035,0.572307,0.020272,3,1,1,0
42.2,1237,1,0.000474267,0.000474267,0.492052,0.490787,0.00126544,33.9682,33.9631,9,9,0,0.486392,0.483888,0.002504,0,1,1,1
42.2,1237,2,0.000819735,0.000819735,0.550195,0.552136,0.00194067,34.2008,34.2085,11,11,0,0.454597,0.451381,0.003216,0,1,1,1
42.2,1237,3,0.00233526,0.00233526,0.396138,0.402083,0.00594479,33.5846,33.6083,10,10,0,0.572307,0.563179,0.009128,0,1,1,1
42.3,1238,1,0.00905412,0.00905412,0.456876,0.492052,0.0351757,33.8275,33.9682,9,9,0,0.483888,0.4864,0.002512,1,1,0,0
42.3,1238,2,0.00552072,0.00552072,0.594627,0.550195,0.0444316,34.3785,34.2008,11,11,0,0.451381,0.453621,0.00224,1,1,0,0
42.3,1238,3,0.00176017,0.00176017,0.370222,0.396138,0.0259165,33.4809,33.5846,10,10,0,0.563179,0.568659,0.00548,1,1,0,0
42.4,1239,1,0.00335209,0.00335209,0.468182,0.456876,0.0113059,33.8727,33.8275,9,9,0,0.4864,0.467472,0.018928,0,1,1,0
42.4,1239,2,0.000626992,0.000626992,0.596001,0.594627,0.00137371,34.384,34.3785,11,11,0,0.453621,0.455349,0.001728,0,1,1,1
42.4,1239,3,0.0028659,0.0028659,0.361658,0.370222,0.00856394,33.4466,33.4809,10,10,0,0.568659,0.563163,0.005496,0,1,1,1
42.5,1240,1,0.0103892,0.0103892,0.501648,0.468182,0.0334655,34.0066,33.8727,9,9,0,0.467472,0.459824,0.007648,0,1,0,0
42.5,1240,2,6.9607e-05,6.9607e-05,0.544151,0.596001,0.0518492,34.1766,34.384,11,11,0,0.455349,0.449621,0.005728,0,1,0,0
42.5,1240,3,0.00914096,0.00914096,0.416405,0.361658,0.0547475,33.6656,33.4466,10,10,0,0.563163,0.589163,0.026,0,1,0,0
42.6,1241,1,0.0243563,0.0243563,0.470242,0.501648,0.0314054,33.881,34.0066,9,9,0,0.459824,0.532976,0.073152,0,0,0,0
42.6,1241,2,0.00400319,0.00400319,0.536066,0.544151,0.00808579,34.1443,34.1766,11,11,0,0.449621,0.439781,0.00984,0,1,1,1
42.6,1241,3,0.000951309,0.000951309,0.381243,0.416405,0.0351625,33.525,33.6656,10,10,0,0.589163,0.548091,0.041072,0,1,0,0
42.7,1242,1,0.0229403,0.0229403,0.449569,0.470242,0.0206728,33.7983,33.881,9,9,0,0.532976,0.51896,0.014016,0,0,0,0
42.7,1242,2,0.0104877,0.0104877,0.549562,0.536066,0.013496,34.1982,34.1443,11,11,0,0.439781,0.450333,0.010552,0,1,1,0
42.7,1242,3,0.0159873,0.0159873,0.387472,0.381243,0.00622937,33.5499,33.525,10,10,0,0.548091,0.541275,0.006816,0,1,1,1
42.8,1243,1,0.0146146,0.0146146,0.479183,0.449569,0.0296138,33.9167,33.7983,9,9,0,0.51896,0.45352,0.06544,0,1,0,0
42.8,1243,2,0.00127866,0.00127866,0.552589,0.549562,0.00302732,34.2104,34.1982,11,11,0,0.450333,0.455349,0.005016,0,1,1,1
42.8,1243,3,0.01534,0.01534,0.418416,0.387472,0.030944,33.6737,33.5499,10,10,0,0.541275,0.592803,0.051528,0,1,0,0
42.9,1244,1,0.000277549,0.000277549,0.477876,0.479183,0.00130704,33.9115,33.9167,9,9,0,0.45352,0.455256,0.001736,0,1,1,1
42.9,1244,2,0.00101559,0.00101559,0.550186,0.552589,0.00240326,34.2007,34.2104,11,11,0,0.455349,0.451365,0.003984,0,1,1,1
42.9,1244,3,0.000302766,0.000302766,0.416414,0.418416,0.00200203,33.6657,33.6737,10,10,0,0.592803,0.589179,0.003624,0,1,1,1
43,1245,1,0.0128627,0.0128627,0.505011,0.477876,0.0271347,34.02,33.9115,9,9,0,0.455256,0.45352,0.001736,1,1,0,0
43,1245,2,0.000571027,0.000571027,0.551538,0.550186,0.00135237,34.2062,34.2007,11,11,0,0.451365,0.453605,0.00224,1,1,1,1
43,1245,3,4.06131e-05,4.06131e-05,0.416704,0.416414,0.000290155,33.6668,33.6657,10,10,0,0.589179,0.589707,0.000528,1,1,1,1
43.1,1246,1,0.0297231,0.0297231,0.471866,0.505011,0.0331447,33.8875,34.02,9,9,0,0.45352,0.544448,0.090928,0,0,0,0
43.1,1246,2,0.00714542,0.00714542,0.530854,0.551538,0.0206841,34.1234,34.2062,11,11,0,0.453605,0.432037,0.021568,0,1,0,0
43.1,1246,3,0.000853665,0.000853665,0.376219,0.416704,0.0404848,33.5049,33.6668,10,10,0,0.589707,0.538571,0.051136,0,1,0,0
43.2,1247,1,0.0293127,0.0293127,0.448144,0.471866,0.0237223,33.7926,33.8875,9,9,0,0.544448,0.513576,0.030872,0,0,0,0
43.2,1247,2,0.0217696,0.0217696,0.564251,0.530854,0.0333973,34.257,34.1234,11,11,0,0.432037,0.448581,0.016544,0,0,0,0
43.2,1247,3,0.0144553,0.0144553,0.386759,0.376219,0.0105395,33.547,33.5049,10,10,0,0.538571,0.539939,0.001368,0,1,1,1
43.3,1248,1,0.0126725,0.0126725,0.475635,0.448144,0.027491,33.9025,33.7926,9,9,0,0.513576,0.45808,0.055496,0,1,0,0
43.3,1248,2,0.00046888,0.00046888,0.567535,0.564251,0.00328368,34.2701,34.257,11,11,0,0.448581,0.452837,0.004256,0,1,1,1
43.3,1248,3,0.0155711,0.0155711,0.418416,0.386759,0.0316572,33.6737,33.547,10,10,0,0.539939,0.592803,0.052864,0,1,0,0
43.4,1249,1,0.00158712,0.00158712,0.48469,0.475635,0.00905472,33.9388,33.9025,9,9,0,0.45808,0.450704,0.007376,0,1,1,1
43.4,1249,2,8.0213e-05,8.0213e-05,0.566975,0.567535,0.000560403,34.2679,34.2701,11,11,0,0.452837,0.452109,0.000728,0,1,1,1
43.4,1249,3,0.000302766,0.000302766,0.416414,0.418416,0.00200203,33.6657,33.6737,10,10,0,0.592803,0.589179,0.003624,0,1,1,1
43.5,1250,1,0.00219473,0.00219473,0.478344,0.48469,0.00634608,33.9134,33.9388,9,9,0,0.450704,0.458064,0.00736,1,1,1,1
43.5,1250,2,0.0192913,0.0192913,0.594084,0.566975,0.0271098,34.3763,34.2679,11,11,0,0.452109,0.453613,0.001504,1,1,0,0
43.5,1250,3,0.000251088,0.000251088,0.414913,0.416414,0.00150064,33.6597,33.6657,10,10,0,0.589179,0.586491,0.002688,1,1,1,1
43.6,1251,1,0.0013365,0.0013365,0.482276,0.478344,0.00393218,33.9291,33.9134,9,9,0,0.458064,0.45352,0.004544,0,1,1,1
43.6,1251,2,6.51926e-07,6.51926e-07,0.594715,0.594084,0.000630796,34.3789,34.3763,11,11,0,0.453613,0.454581,0.000968,0,1,1,1
43.6,1251,3,0.000611749,0.000611749,0.413166,0.414913,0.00174746,33.6527,33.6597,10,10,0,0.586491,0.583675,0.002816,0,1,1,1
43.7,1252,1,0.0129901,0.0129901,0.510424,0.482276,0.0281484,34.0417,33.9291,9,9,0,0.45352,0.45808,0.00456,1,1,0,0
43.7,1252,2,0.0192946,0.0192946,0.566993,0.594715,0.0277221,34.268,34.3789,11,11,0,0.454581,0.452133,0.002448,1,1,0,0
43.7,1252,3,5.21075e-06,5.21075e-06,0.413151,0.413166,1.48714e-05,33.6526,33.6527,10,10,0,0.583675,0.583651,2.4e-05,1,1,1,1
43.8,1253,1,0.0354192,0.0354192,0.473112,0.510424,0.0373119,33.8924,34.0417,9,9,0,0.45808,0.544448,0.086368,0,0,0,0
43.8,1253,2,0.0149292,0.0149292,0.539033,0.566993,0.0279599,34.1561,34.268,11,11,0,0.452133,0.430293,0.02184,0,1,0,0
43.8,1253,3,0.00663153,0.00663153,0.371637,0.413151,0.0415137,33.4865,33.6526,10,10,0,0.583651,0.520131,0.06352,0,1,0,0
43.9,1254,1,0.0265576,0.0265576,0.486189,0.473112,0.0130771,33.9448,33.8924,9,9,0,0.544448,0.517072,0.027376,0,0,1,0
43.9,1254,2,0.0141537,0.0141537,0.561547,0.539033,0.0225137,34.2462,34.1561,11,11,0,0.430293,0.445093,0.0148,0,1,0,0
43.9,1254,3,0.00383103,0.00383103,0.391216,0.371637,0.0195787,33.5649,33.4865,10,10,0,0.520131,0.548707,0.028576,0,1,1,0
44,1255,1,0.00975185,0.00975185,0.512888,0.486189,0.0266992,34.0516,33.9448,9,9,0,0.517072,0.453512,0.06356,0,1,0,0
44,1255,2,0.00563922,0.00563922,0.563351,0.561547,0.00180465,34.2534,34.2462,11,11,0,0.445093,0.454581,0.009488,0,1,1,1
44,1255,3,0.0119609,0.0119609,0.420219,0.391216,0.0290031,33.6809,33.5649,10,10,0,0.548707,0.596019,0.047312,0,1,0,0
44.1,1256,1,0.0438378,0.0438378,0.474541,0.512888,0.0383476,33.8982,34.0516,9,9,0,0.453512,0.546352,0.09284,0,0,0,0
44.1,1256,2,0.0142526,0.0142526,0.539646,0.563351,0.0237054,34.1586,34.2534,11,11,0,0.454581,0.438037,0.016544,0,1,0,0
44.1,1256,3,0.0109458,0.0109458,0.385185,0.420219,0.0350337,33.5407,33.6809,10,10,0,0.596019,0.543923,0.052096,0,1,0,0
44.2,1257,1,0.0450261,0.0450261,0.452974,0.474541,0.0215671,33.8119,33.8982,9,9,0,0.546352,0.51824,0.028112,0,0,0,0
44.2,1257,2,0.0139768,0.0139768,0.560223,0.539646,0.0205774,34.2409,34.1586,11,11,0,0.438037,0.450325,0.012288,0,1,0,0
44.2,1257,3,0.0026371,0.0026371,0.389547,0.385185,0.00436166,33.5582,33.5407,10,10,0,0.543923,0.545483,0.00156,0,1,1,1
44.3,1258,1,0.0102874,0.0102874,0.480516,0.452974,0.0275418,33.9221,33.8119,9,9,0,0.51824,0.455568,0.062672,0,1,0,0
44.3,1258,2,7.03335e-06,7.03335e-06,0.560273,0.560223,4.98295e-05,34.2411,34.2409,11,11,0,0.450325,0.450389,6.4e-05,0,1,1,1
44.3,1258,3,0.0135821,0.0135821,0.420215,0.389547,0.0306675,33.6809,33.5582,10,10,0,0.545483,0.596011,0.050528,0,1,0,0
44.4,1259,1,0.0120309,0.0120309,0.511636,0.480516,0.0311203,34.0465,33.9221,9,9,0,0.455568,0.456032,0.000464,0,1,0,0
44.4,1259,2,0.0154128,0.0154128,0.54768,0.560273,0.0125934,34.1907,34.2411,11,11,0,0.450389,0.454589,0.0042,0,1,1,1
44.4,1259,3,0.000884026,0.000884026,0.414903,0.420215,0.00531116,33.6596,33.6809,10,10,0,0.596011,0.586475,0.009536,0,1,1,1
44.5,1260,1,0.0326224,0.0326224,0.470544,0.511636,0.041092,33.8822,34.0465,9,9,0,0.456032,0.5148,0.058768,0,0,0,0
44.5,1260,2,0.00907608,0.00907608,0.535196,0.54768,0.0124838,34.1408,34.1907,11,11,0,0.454589,0.439781,0.014808,0,1,1,0
44.5,1260,3,0.0112675,0.0112675,0.381447,0.414903,0.0334561,33.5258,33.6596,10,10,0,0.586475,0.537683,0.048792,0,1,0,0
44.6,1261,1,0.0234339,0.0234339,0.48548,0.470544,0.0149362,33.9419,33.8822,9,9,0,0.5148,0.519584,0.004784,0,0,1,0
44.6,1261,2,0.0103061,0.0103061,0.544644,0.535196,0.00944829,34.1786,34.1408,11,11,0,0.439781,0.450325,0.010544,0,1,1,0
44.6,1261,3,0.00391819,0.00391819,0.397693,0.381447,0.0162453,33.5908,33.5258,10,10,0,0.537683,0.559579,0.021896,0,1,1,0
44.7,1262,1,0.0268792,0.0268792,0.485115,0.48548,0.0003649,33.9405,33.9419,9,9,0,0.519584,0.456032,0.063552,0,0,1,0
44.7,1262,2,0.000902679,0.000902679,0.594614,0.544644,0.0499699,34.3785,34.1786,11,11,0,0.450325,0.453605,0.00328,0,1,0,0
44.7,1262,3,0.0076131,0.0076131,0.41648,0.397693,0.0187872,33.6659,33.5908,10,10,0,0.559579,0.589299,0.02972,0,1,1,0
44.8,1263,1,0.00123428,0.00123428,0.486075,0.485115,0.000959903,33.9443,33.9405,9,9,0,0.456032,0.452752,0.00328,0,1,1,1
44.8,1263,2,0.000812832,0.000812832,0.592828,0.594614,0.00178593,34.3713,34.3785,11,11,0,0.453605,0.451365,0.00224,0,1,1,1
44.8,1263,3,0.00120744,0.00120744,0.42368,0.41648,0.00719982,33.6947,33.6659,10,10,0,0.589299,0.602971,0.013672,0,1,1,0
44.9,1264,1,0.0158995,0.0158995,0.512892,0.486075,0.0268173,34.0516,33.9443,9,9,0,0.452752,0.453504,0.000752,0,1,0,0
44.9,1264,2,0.00316976,0.00316976,0.548239,0.592828,0.0445896,34.193,34.3713,11,11,0,0.451365,0.455341,0.003976,0,1,0,0
44.9,1264,3,5.03249e-05,5.03249e-05,0.424149,0.42368,0.00046894,33.6966,33.6947,10,10,0,0.602971,0.604187,0.001216,0,1,1,1
45,1265,1,0.0335821,0.0335821,0.470824,0.512892,0.0420684,33.8833,34.0516,9,9,0,0.453504,0.516912,0.063408,0,0,0,0
45,1265,2,0.00408951,0.00408951,0.53966,0.548239,0.00857872,34.1586,34.193,11,11,0,0.455341,0.445157,0.010184,0,1,1,0
45,1265,3,0.00210789,0.00210789,0.389864,0.424149,0.0342846,33.5595,33.6966,10,10,0,0.604187,0.562579,0.041608,0,1,0,0
45.1,1266,1,0.0239664,0.0239664,0.487363,0.470824,0.016539,33.9495,33.8833,9,9,0,0.516912,0.51252,0.004392,0,0,1,0
45.1,1266,2,0.0131728,0.0131728,0.547317,0.53966,0.00765699,34.1893,34.1586,11,11,0,0.445157,0.446629,0.001472,0,1,1,1
45.1,1266,3,0.00781916,0.00781916,0.3955,0.389864,0.00563592,33.582,33.5595,10,10,0,0.562579,0.556067,0.006512,0,1,1,1
45.2,1267,1,0.00961203,0.00961203,0.512885,0.487363,0.0255216,34.0515,33.9495,9,9,0,0.51252,0.45352,0.059,0,1,0,0
45.2,1267,2,0.00279458,0.00279458,0.540628,0.547317,0.00668854,34.1625,34.1893,11,11,0,0.446629,0.435669,0.01096,0,1,1,0
45.2,1267,3,0.0102142,0.0102142,0.424954,0.3955,0.0294538,33.6998,33.582,10,10,0,0.556067,0.606067,0.05,0,1,0,0
45.3,1268,1,0.0331839,0.0331839,0.470565,0.512885,0.0423194,33.8823,34.0515,9,9,0,0.45352,0.514864,0.061344,0,0,0,0
45.3,1268,2,0.0141877,0.0141877,0.535985,0.540628,0.00464308,34.1439,34.1625,11,11,0,0.435669,0.439661,0.003992,0,1,1,1
45.3,1268,3,0.00267606,0.00267606,0.3896,0.424954,0.0353542,33.5584,33.6998,10,10,0,0.606067,0.564059,0.042008,0,1,0,0
45.4,1269,1,0.0331818,0.0331818,0.455819,0.470565,0.0147463,33.8233,33.8823,9,9,0,0.514864,0.526208,0.011344,0,0,1,0
45.4,1269,2,0.0120336,0.0120336,0.54579,0.535985,0.00980473,34.1832,34.1439,11,11,0,0.439661,0.444117,0.004456,0,1,1,1
45.4,1269,3,0.0139428,0.0139428,0.393503,0.3896,0.00390378,33.574,33.5584,10,10,0,0.564059,0.552835,0.011224,0,1,1,0
45.5,1270,1,0.012962,0.012962,0.48469,0.455819,0.0288707,33.9388,33.8233,9,9,0,0.526208,0.450704,0.075504,0,1,0,0
45.5,1270,2,0.00204356,0.00204356,0.55065,0.54579,0.00485969,34.2026,34.1832,11,11,0,0.444117,0.452133,0.008016,0,1,1,1
45.5,1270,3,0.0104365,0.0104365,0.420734,0.393503,0.027231,33.6829,33.574,10,10,0,0.552835,0.596939,0.044104,0,1,0,0
45.6,1271,1,0.0138483,0.0138483,0.510424,0.48469,0.0257345,34.0417,33.9388,9,9,0,0.450704,0.45808,0.007376,0,1,0,0
45.6,1271,2,0.00081775,0.00081775,0.552584,0.55065,0.00193453,34.2103,34.2026,11,11,0,0.452133,0.455341,0.003208,0,1,1,1
45.6,1271,3,0.00318625,0.00318625,0.428888,0.420734,0.0081532,33.7156,33.6829,10,10,0,0.596939,0.614787,0.017848,0,1,1,0
45.7,1272,1,0.0234477,0.0234477,0.468057,0.510424,0.0423673,33.8722,34.0417,9,9,0,0.45808,0.514096,0.056016,0,0,0,0
45.7,1272,2,0.010952,0.010952,0.53966,0.552584,0.0129243,34.1586,34.2103,11,11,0,0.455341,0.445157,0.010184,0,1,1,0
45.7,1272,3,9.07984e-05,9.07984e-05,0.388335,0.428888,0.0405527,33.5533,33.7156,10,10,0,0.614787,0.562307,0.05248,0,1,0,0
45.8,1273,1,0.0145999,0.0145999,0.485005,0.468057,0.0169487,33.94,33.8722,9,9,0,0.514096,0.521264,0.007168,0,1,1,1
45.8,1273,2,0.0120348,0.0120348,0.550021,0.53966,0.0103614,34.2001,34.1586,11,11,0,0.445157,0.451093,0.005936,0,1,1,1
45.8,1273,3,0.0192443,0.0192443,0.386929,0.388335,0.0014061,33.5477,33.5533,10,10,0,0.562307,0.540243,0.022064,0,1,1,0
45.9,1274,1,0.0347645,0.0347645,0.48044,0.485005,0.00456586,33.9218,33.94,9,9,0,0.521264,0.474976,0.046288,0,0,1,0
45.9,1274,2,0.00491826,0.00491826,0.593578,0.550021,0.0435568,34.3743,34.2001,11,11,0,0.451093,0.452837,0.001744,0,1,0,0
45.9,1274,3,0.00854685,0.00854685,0.389733,0.386929,0.00280437,33.5589,33.5477,10,10,0,0.540243,0.596115,0.055872,0,1,1,0
46,1275,1,0.000312276,0.000312276,0.480273,0.48044,0.000166804,33.9211,33.9218,9,9,0,0.474976,0.47568,0.000704,0,1,1,1
46,1275,2,5.83753e-06,5.83753e-06,0.593178,0.593578,0.000400424,34.3727,34.3743,11,11,0,0.452837,0.452133,0.000704,0,1,1,1
46,1275,3,0.00219711,0.00219711,0.36314,0.389733,0.026593,33.4526,33.5589,10,10,0,0.596115,0.566043,0.030072,0,1,0,0
46.1,1276,1,0.0282487,0.0282487,0.501818,0.480273,0.0215449,34.0073,33.9211,9,9,0,0.47568,0.474208,0.001472,0,0,0,0
46.1,1276,2,0.00470328,0.00470328,0.566663,0.593178,0.0265145,34.2667,34.3727,11,11,0,0.452133,0.455357,0.003224,0,1,0,0
46.1,1276,3,0.00195764,0.00195764,0.399114,0.36314,0.0359735,33.5965,33.4526,10,10,0,0.566043,0.561851,0.004192,0,1,0,0
46.2,1277,1,0.0417393,0.0417393,0.475099,0.501818,0.0267188,33.9004,34.0073,9,9,0,0.474208,0.548512,0.074304,0,0,0,0
46.2,1277,2,0.0068275,0.0068275,0.562949,0.566663,0.0037145,34.2518,34.2667,11,11,0,0.455357,0.445157,0.0102,0,1,1,0
46.2,1277,3,0.0106647,0.0106647,0.384448,0.399114,0.0146657,33.5378,33.5965,10,10,0,0.561851,0.555955,0.005896,0,1,1,1
46.3,1278,1,0.0451038,0.0451038,0.454772,0.475099,0.0203268,33.8191,33.9004,9,9,0,0.548512,0.523776,0.024736,0,0,0,0
46.3,1278,2,0.00667706,0.00667706,0.562116,0.562949,0.000832438,34.2485,34.2518,11,11,0,0.445157,0.451093,0.005936,0,1,1,1
46.3,1278,3,0.0202715,0.0202715,0.38182,0.384448,0.00262791,33.5273,33.5378,10,10,0,0.555955,0.531067,0.024888,0,0,1,0
46.4,1279,1,0.00655618,0.00655618,0.463454,0.454772,0.00868174,33.8538,33.8191,9,9,0,0.523776,0.481008,0.042768,0,1,1,0
46.4,1279,2,8.8647e-05,8.8647e-05,0.564799,0.562116,0.00268281,34.2592,34.2485,11,11,0,0.451093,0.453605,0.002512,0,1,1,1
46.4,1279,3,0.0105333,0.0105333,0.401082,0.38182,0.0192617,33.6043,33.5273,10,10,0,0.531067,0.565003,0.033936,0,1,1,0
46.5,1280,1,0.00105437,0.00105437,0.466569,0.463454,0.00311467,33.8663,33.8538,9,9,0,0.481008,0.4742,0.006808,0,1,1,1
46.5,1280,2,7.90544e-05,7.90544e-05,0.562407,0.564799,0.00239176,34.2496,34.2592,11,11,0,0.453605,0.451365,0.00224,0,1,1,1
46.5,1280,3,0.00239646,0.00239646,0.395984,0.401082,0.00509769,33.5839,33.6043,10,10,0,0.565003,0.556851,0.008152,0,1,1,1
46.6,1281,1,0.00152573,0.00152573,0.471697,0.466569,0.00512809,33.8868,33.8663,9,9,0,0.4742,0.473608,0.000592,1,1,1,1
46.6,1281,2,7.90544e-05,7.90544e-05,0.564799,0.562407,0.00239176,34.2592,34.2496,11,11,0,0.451365,0.453605,0.00224,1,1,1,1
46.6,1281,3,0.00852999,0.00852999,0.387619,0.395984,0.00836462,33.5505,33.5839,10,10,0,0.556851,0.539619,0.017232,1,1,1,0
46.7,1282,1,0.0011624,0.0011624,0.469962,0.471697,0.00173423,33.8798,33.8868,9,9,0,0.473608,0.477392,0.003784,0,1,1,1
46.7,1282,2,3.4146e-05,3.4146e-05,0.56583,0.564799,0.00103068,34.2633,34.2592,11,11,0,0.453605,0.454573,0.000968,0,1,1,1
46.7,1282,3,7.42077e-05,7.42077e-05,0.388675,0.387619,0.0010556,33.5547,33.5505,10,10,0,0.539619,0.541499,0.00188,0,1,1,1
46.8,1283,1,0.0150339,0.0150339,0.50862,0.469962,0.0386575,34.0345,33.8798,9,9,0,0.477392,0.477008,0.000384,1,1,0,0
46.8,1283,2,8.60877e-05,8.60877e-05,0.563228,0.56583,0.00260139,34.2529,34.2633,11,11,0,0.454573,0.452133,0.00244,1,1,1,1
46.8,1283,3,0.000636361,0.000636361,0.390132,0.388675,0.00145686,33.5605,33.5547,10,10,0,0.541499,0.544899,0.0034,1,1,1,1
46.9,1284,1,0.0334594,0.0334594,0.474045,0.50862,0.0345753,33.8962,34.0345,9,9,0,0.477008,0.544432,0.067424,0,0,0,0
46.9,1284,2,0.00671377,0.00671377,0.562949,0.563228,0.000279665,34.2518,34.2529,11,11,0,0.452133,0.445157,0.006976,0,1,1,1
46.9,1284,3,0.0137702,0.0137702,0.373868,0.390132,0.0162641,33.4955,33.5605,10,10,0,0.544899,0.528507,0.016392,0,1,1,0
47,1285,1,0.0302352,0.0302352,0.497537,0.474045,0.0234921,33.9901,33.8962,9,9,0,0.544432,0.511448,0.032984,0,0,0,0
47,1285,2,0.00667738,0.00667738,0.562125,0.562949,0.000823855,34.2485,34.2518,11,11,0,0.445157,0.451101,0.005944,0,1,1,1
47,1285,3,0.012966,0.012966,0.383293,0.373868,0.00942561,33.5332,33.4955,10,10,0,0.528507,0.533595,0.005088,0,1,1,1
47.1,1286,1,0.0424029,0.0424029,0.485762,0.497537,0.011775,33.943,33.9901,9,9,0,0.511448,0.475664,0.035784,0,0,1,0
47.1,1286,2,0.00485873,0.00485873,0.594079,0.562125,0.0319542,34.3763,34.2485,11,11,0,0.451101,0.453605,0.002504,0,1,0,0
47.1,1286,3,0.00255663,0.00255663,0.339132,0.383293,0.0441616,33.3565,33.5332,10,10,0,0.533595,0.539627,0.006032,0,1,0,0
47.2,1287,1,0.000768572,0.000768572,0.48601,0.485762,0.00024879,33.944,33.943,9,9,0,0.475664,0.474176,0.001488,0,1,1,1
47.2,1287,2,7.0408e-07,7.0408e-07,0.594715,0.594079,0.000636041,34.3789,34.3763,11,11,0,0.453605,0.454581,0.000976,0,1,1,1
47.2,1287,3,0.00122937,0.00122937,0.341294,0.339132,0.00216192,33.3652,33.3565,10,10,0,0.539627,0.541491,0.001864,0,1,1,1
47.3,1288,1,0.0209908,0.0209908,0.465274,0.48601,0.0207363,33.8611,33.944,9,9,0,0.474176,0.476424,0.002248,1,0,0,0
47.3,1288,2,0.00488376,0.00488376,0.561345,0.594715,0.03337,34.2454,34.3789,11,11,0,0.454581,0.450373,0.004208,1,1,0,0
47.3,1288,3,0.00458715,0.00458715,0.390139,0.341294,0.048845,33.5606,33.3652,10,10,0,0.541491,0.544915,0.003424,1,1,0,0
47.4,1289,1,0.00016138,0.00016138,0.464884,0.465274,0.000390381,33.8595,33.8611,9,9,0,0.476424,0.477408,0.000984,0,1,1,1
47.4,1289,2,0.000175577,0.000175577,0.566655,0.561345,0.00530958,34.2666,34.2454,11,11,0,0.450373,0.455349,0.004976,0,1,1,1
47.4,1289,3,0.000858147,0.000858147,0.383808,0.390139,0.00633046,33.5352,33.5606,10,10,0,0.544915,0.534123,0.010792,0,1,1,0
47.5,1290,1,0.000311494,0.000311494,0.465588,0.464884,0.00070411,33.8624,33.8595,9,9,0,0.477408,0.475664,0.001744,0,1,1,1
47.5,1290,2,8.86433e-05,8.86433e-05,0.56398,0.566655,0.00267464,34.2559,34.2666,11,11,0,0.455349,0.452837,0.002512,0,1,1,1
47.5,1290,3,0.000994388,0.000994388,0.389827,0.383808,0.00601867,33.5593,33.5352,10,10,0,0.534123,0.544187,0.010064,0,1,1,0
47.6,1291,1,9.08002e-05,9.08002e-05,0.46605,0.465588,0.000462681,33.8642,33.8624,9,9,0,0.475664,0.474952,0.000712,0,1,1,1
47.6,1291,2,2.5373e-05,2.5373e-05,0.563211,0.56398,0.000768781,34.2528,34.2559,11,11,0,0.452837,0.452117,0.00072,0,1,1,1
47.6,1291,3,0.000455305,0.000455305,0.387705,0.389827,0.00212228,33.5508,33.5593,10,10,0,0.544187,0.539755,0.004432,0,1,1,1
47.7,1292,1,9.08002e-05,9.08002e-05,0.465588,0.46605,0.000462681,33.8624,33.8642,9,9,0,0.474952,0.475664,0.000712,1,1,1,1
47.7,1292,2,8.71569e-05,8.71569e-05,0.565847,0.563211,0.00263548,34.2634,34.2528,11,11,0,0.452117,0.454589,0.002472,1,1,1,1
47.7,1292,3,0.000886712,0.000886712,0.390954,0.387705,0.00324947,33.5638,33.5508,10,10,0,0.539755,0.546659,0.006904,1,1,1,1
47.8,1293,1,0.000153974,0.000153974,0.46658,0.465588,0.000991821,33.8663,33.8624,9,9,0,0.475664,0.474184,0.00148,2,1,1,1
47.8,1293,2,0.0309113,0.0309113,0.60732,0.565847,0.0414735,34.4293,34.2634,11,10,-1,0.454589,0.498059,0.0434693,2,0,0,0
47.8,1293,3,0.0569679,0.0569679,0.337246,0.390954,0.0537082,33.349,33.5638,10,11,1,0.546659,0.435445,0.111213,2,0,0,0
47.9,1294,1,0.00270103,0.00270103,0.478358,0.46658,0.011778,33.9134,33.8663,9,9,0,0.474184,0.458048,0.016136,0,1,1,0
47.9,1294,2,0.00710234,0.00710234,0.595573,0.60732,0.0117478,34.3823,34.4293,10,10,0,0.498059,0.514923,0.016864,0,1,1,0
47.9,1294,3,0.0184949,0.0184949,0.353241,0.337246,0.0159946,33.413,33.349,11,11,0,0.435445,0.465509,0.030064,0,1,1,0
48,1295,1,0.00329775,0.00329775,0.487801,0.478358,0.00944385,33.9512,33.9134,9,9,0,0.458048,0.447096,0.010952,0,1,1,0
48,1295,2,0.0235002,0.0235002,0.63605,0.595573,0.0404776,34.5442,34.3823,10,11,1,0.514923,0.464309,0.0506133,0,0,0,0
48,1295,3,0.00842304,0.00842304,0.357016,0.353241,0.00377536,33.4281,33.413,11,10,-1,0.465509,0.490875,0.0253653,0,1,1,0
48.1,1296,1,0.00284792,0.00284792,0.479786,0.487801,0.00801584,33.9191,33.9512,9,9,0,0.447096,0.456416,0.00932,0,1,1,1
48.1,1296,2,0.00228154,0.00228154,0.625639,0.63605,0.0104115,34.5026,34.5442,11,11,0,0.464309,0.440261,0.024048,0,1,1,0
48.1,1296,3,0.0107183,0.0107183,0.401896,0.357016,0.0448802,33.6076,33.4281,10,10,0,0.490875,0.544187,0.053312,0,1,0,0
48.2,1297,1,0.00207227,0.00207227,0.48562,0.479786,0.00583464,33.9425,33.9191,9,9,0,0.456416,0.449616,0.0068,0,1,1,1
48.2,1297,2,0.000761393,0.000761393,0.63109,0.625639,0.00545084,34.5244,34.5026,11,11,0,0.440261,0.453621,0.01336,0,1,1,0
48.2,1297,3,0.000651158,0.000651158,0.403851,0.401896,0.00195444,33.6154,33.6076,10,10,0,0.544187,0.548595,0.004408,0,1,1,1
48.3,1298,1,0.000212178,0.000212178,0.485025,0.48562,0.000595212,33.9401,33.9425,9,9,0,0.449616,0.450312,0.000696,0,1,1,1
48.3,1298,2,0.00654591,0.00654591,0.592817,0.63109,0.0382724,34.3713,34.5244,11,11,0,0.453621,0.451381,0.00224,0,1,0,0
48.3,1298,3,0.0357595,0.0357595,0.358772,0.403851,0.0450786,33.4351,33.6154,10,10,0,0.548595,0.558579,0.009984,0,0,0,0
48.4,1299,1,0.000236496,0.000236496,0.484361,0.485025,0.000664145,33.9374,33.9401,9,9,0,0.450312,0.451088,0.000776,0,1,1,1
48.4,1299,2,1.87159e-05,1.87159e-05,0.59409,0.592817,0.0012725,34.3764,34.3713,11,11,0,0.451381,0.453621,0.00224,0,1,1,1
48.4,1299,3,9.19076e-05,9.19076e-05,0.358994,0.358772,0.000221908,33.436,33.4351,10,10,0,0.558579,0.558923,0.000344,0,1,1,1
48.5,1300,1,0.00247344,0.00247344,0.479819,0.484361,0.00454229,33.9193,33.9374,9,9,0,0.451088,0.452432,0.001344,1,1,1,1
48.5,1300,2,0.0362964,0.0362964,0.605813,0.59409,0.0117238,34.4233,34.3764,11,10,-1,0.453621,0.495131,0.0415093,1,0,1,0
48.5,1300,3,0.0154696,0.0154696,0.324085,0.358994,0.0349085,33.2963,33.436,10,11,1,0.558923,0.464333,0.0945893,1,1,0,0
48.6,1301,1,0.00019291,0.00019291,0.480623,0.479819,0.000804096,33.9225,33.9193,9,9,0,0.452432,0.451088,0.001344,0,1,1,1
48.6,1301,2,0.00823901,0.00823901,0.59337,0.605813,0.0124438,34.3735,34.4233,10,10,0,0.495131,0.512411,0.01728,0,1,1,0
48.6,1301,3,0.00790543,0.00790543,0.33979,0.324085,0.0157042,33.3592,33.2963,11,11,0,0.464333,0.483333,0.019,0,1,1,0
48.7,1302,1,0.0018294,0.0018294,0.485627,0.480623,0.00500444,33.9425,33.9225,9,9,0,0.451088,0.449608,0.00148,0,1,1,1
48.7,1302,2,0.0208956,0.0208956,0.643693,0.59337,0.0503235,34.5748,34.3735,10,11,1,0.512411,0.481589,0.0308213,0,0,0,0
48.7,1302,3,0.0156588,0.0156588,0.303736,0.33979,0.0360536,33.2149,33.3592,11,10,-1,0.483333,0.501307,0.0179733,0,1,0,0
48.8,1303,1,0.000451133,0.000451133,0.484361,0.485627,0.00126624,33.9374,33.9425,9,9,0,0.449608,0.451088,0.00148,0,1,1,1
48.8,1303,2,0.00447878,0.00447878,0.6225,0.643693,0.0211936,34.49,34.5748,11,11,0,0.481589,0.428437,0.053152,0,1,0,0
48.8,1303,3,0.0253308,0.0253308,0.382141,0.303736,0.0784052,33.5286,33.2149,10,10,0,0.501307,0.546043,0.044736,0,0,0,0
48.9,1304,1,0.00138959,0.00138959,0.480447,0.484361,0.00391418,33.9218,33.9374,9,9,0,0.451088,0.455648,0.00456,0,1,1,1
48.9,1304,2,0.00494781,0.00494781,0.630177,0.6225,0.00767702,34.5207,34.49,11,11,0,0.428437,0.451373,0.022936,0,1,1,0
48.9,1304,3,0.00881797,0.00881797,0.393689,0.382141,0.0115478,33.5748,33.5286,10,10,0,0.546043,0.563483,0.01744,0,1,1,0
49,1305,1,0.00184073,0.00184073,0.485627,0.480447,0.00518042,33.9425,33.9218,9,9,0,0.455648,0.449608,0.00604,0,1,1,1
49,1305,2,0.0289812,0.0289812,0.608315,0.630177,0.0218619,34.4333,34.5207,11,10,-1,0.451373,0.499819,0.0484453,0,0,0,0
49,1305,3,0.0378165,0.0378165,0.323069,0.393689,0.0706201,33.2923,33.5748,10,11,1,0.563483,0.452397,0.111085,0,0,0,0
49.1,1306,1,0.000448659,0.000448659,0.484368,0.485627,0.00125942,33.9375,33.9425,9,9,0,0.449608,0.45108,0.001472,0,1,1,1
49.1,1306,2,0.00712933,0.00712933,0.595573,0.608315,0.0127422,34.3823,34.4333,10,10,0,0.499819,0.514923,0.015104,0,1,1,0
49.1,1306,3,0.0112006,0.0112006,0.349431,0.323069,0.0263618,33.3977,33.2923,11,11,0,0.452397,0.483317,0.03092,0,1,0,0
49.2,1307,1,2.47359e-06,2.47359e-06,0.484361,0.484368,6.82473e-06,33.9374,33.9375,9,9,0,0.45108,0.451088,8e-06,0,1,1,1
49.2,1307,2,0.0224897,0.0224897,0.634704,0.595573,0.0391316,34.5388,34.3823,10,11,1,0.514923,0.462565,0.0523573,0,0,0,0
49.2,1307,3,0.0157595,0.0157595,0.30897,0.349431,0.0404609,33.2359,33.3977,11,10,-1,0.483317,0.501299,0.0179813,0,1,0,0
49.3,1308,1,0.000409603,0.000409603,0.483209,0.484361,0.00115168,33.9328,33.9374,9,9,0,0.451088,0.452432,0.001344,0,1,1,1
49.3,1308,2,0.00127113,0.00127113,0.625639,0.634704,0.00906551,34.5026,34.5388,11,11,0,0.462565,0.440261,0.022304,0,1,1,0
49.3,1308,3,0.0332575,0.0332575,0.393689,0.30897,0.0847192,33.5748,33.2359,10,10,0,0.501299,0.563483,0.062184,0,0,0,0
49.4,1309,1,0.00011944,0.00011944,0.482873,0.483209,0.0003362,33.9315,33.9328,9,9,0,0.452432,0.452824,0.000392,0,1,1,1
49.4,1309,2,0.000761393,0.000761393,0.63109,0.625639,0.00545084,34.5244,34.5026,11,11,0,0.440261,0.453621,0.01336,0,1,1,0
49.4,1309,3,0.0025817,0.0025817,0.390827,0.393689,0.00286222,33.5633,33.5748,10,10,0,0.563483,0.558579,0.004904,0,1,1,1
49.5,1310,1,0.00244585,0.00244585,0.48336,0.482873,0.000487328,33.9334,33.9315,9,9,0,0.452824,0.447104,0.00572,0,1,1,1
49.5,1310,2,0.00654591,0.00654591,0.592817,0.63109,0.0382724,34.3713,34.5244,11,11,0,0.453621,0.451381,0.00224,0,1,0,0
49.5,1310,3,0.0246294,0.0246294,0.362623,0.390827,0.0282041,33.4505,33.5633,10,10,0,0.558579,0.558923,0.000344,0,0,0,0
49.6,1311,1,0.000131257,0.000131257,0.476955,0.48336,0.00640574,33.9078,33.9334,9,9,0,0.447104,0.456408,0.009304,0,1,1,1
49.6,1311,2,1.75387e-05,1.75387e-05,0.595226,0.592817,0.00240839,34.3809,34.3713,11,11,0,0.451381,0.455365,0.003984,0,1,1,1
49.6,1311,3,0.00194142,0.00194142,0.358062,0.362623,0.00456035,33.4322,33.4505,10,10,0,0.558923,0.553419,0.005504,0,1,1,1
49.7,1312,1,0.00159912,0.00159912,0.498269,0.476955,0.0213142,33.9931,33.9078,9,10,1,0.456408,0.367787,0.0886213,1,1,0,0
49.7,1312,2,0.0307271,0.0307271,0.565459,0.595226,0.0297665,34.2618,34.3809,11,10,-1,0.455365,0.493387,0.0380213,1,0,0,0
49.7,1312,3,0.00870221,0.00870221,0.309776,0.358062,0.0482863,33.2391,33.4322,10,10,0,0.553419,0.508459,0.04496,1,1,0,0
49.8,1313,1,0.000477768,0.000477768,0.488939,0.498269,0.00933,33.9558,33.9931,10,10,0,0.367787,0.379275,0.011488,0,1,1,0
49.8,1313,2,0.0132695,0.0132695,0.571148,0.565459,0.00568944,34.2846,34.2618,10,10,0,0.493387,0.514155,0.020768,0,1,1,0
49.8,1313,3,0.0310052,0.0310052,0.378982,0.309776,0.0692061,33.5159,33.2391,10,10,0,0.508459,0.556107,0.047648,0,0,0,0
49.9,1314,1,0.0033783,0.0033783,0.503046,0.488939,0.0141068,34.0122,33.9558,10,9,-1,0.379275,0.416192,0.0369173,0,1,1,0
49.9,1314,2,0.0146895,0.0146895,0.608531,0.571148,0.0373825,34.4341,34.2846,10,11,1,0.514155,0.481589,0.0325653,0,1,0,0
49.9,1314,3,0.0154813,0.0154813,0.349596,0.378982,0.029386,33.3984,33.5159,10,10,0,0.556107,0.556795,0.000688,0,1,0,0
50,1315,1,0.0192752,0.0192752,0.4891,0.503046,0.0139451,33.9564,34.0122,9,9,0,0.416192,0.553296,0.137104,0,1,1,0
50,1315,2,0.00252469,0.00252469,0.580361,0.608531,0.0281698,34.3214,34.4341,11,11,0,0.481589,0.420765,0.060824,0,1,0,0
50,1315,3,0.00570672,0.00570672,0.351573,0.349596,0.00197661,33.4063,33.3984,10,10,0,0.556795,0.511555,0.04524,0,1,1,0
50.1,1316,1,0.0092382,0.0092382,0.534193,0.4891,0.0450928,34.1368,33.9564,9,9,0,0.553296,0.489272,0.064024,0,1,0,0
50.1,1316,2,0.000974637,0.000974637,0.595611,0.580361,0.0152501,34.3824,34.3214,11,11,0,0.420765,0.462165,0.0414,0,1,1,0
50.1,1316,3,0.00968917,0.00968917,0.378743,0.351573,0.0271698,33.515,33.4063,10,10,0,0.511555,0.555899,0.044344,0,1,0,0
50.2,1317,1,0.0280113,0.0280113,0.393154,0.534193,0.14104,33.5726,34.1368,9,10,1,0.489272,0.474691,0.0145813,0,0,0,0
50.2,1317,2,0.0245266,0.0245266,0.578983,0.595611,0.016628,34.3159,34.3824,11,10,-1,0.462165,0.500331,0.0381653,0,0,1,0
50.2,1317,3,0.0331759,0.0331759,0.307112,0.378743,0.0716302,33.2284,33.515,10,10,0,0.555899,0.486291,0.069608,0,0,0,0
50.3,1318,1,0.00117673,0.00117673,0.455275,0.393154,0.0621216,33.8211,33.5726,10,10,0,0.474691,0.424435,0.050256,0,1,0,0
50.3,1318,2,0.0111209,0.0111209,0.593807,0.578983,0.0148239,34.3752,34.3159,10,10,0,0.500331,0.537547,0.037216,0,1,1,0
50.3,1318,3,0.0377072,0.0377072,0.38798,0.307112,0.0808679,33.5519,33.2284,10,10,0,0.486291,0.565499,0.079208,0,0,0,0
50.4,1319,1,0.0104732,0.0104732,0.516603,0.455275,0.0613275,34.0664,33.8211,10,10,0,0.424435,0.380619,0.043816,0,1,0,0
50.4,1319,2,0.00920605,0.00920605,0.618532,0.593807,0.0247248,34.4741,34.3752,10,11,1,0.537547,0.492469,0.0450773,0,1,0,0
50.4,1319,3,0.0241694,0.0241694,0.374753,0.38798,0.0132269,33.499,33.5519,10,9,-1,0.565499,0.62192,0.0564213,0,0,1,0
50.5,1320,1,0.0099725,0.0099725,0.43642,0.516603,0.0801831,33.7457,34.0664,10,10,0,0.380619,0.489435,0.108816,0,1,0,0
50.5,1320,2,0.00767954,0.00767954,0.585896,0.618532,0.0326363,34.3436,34.4741,11,11,0,0.492469,0.436421,0.056048,0,1,0,0
50.5,1320,3,0.0398946,0.0398946,0.409709,0.374753,0.0349559,33.6388,33.499,9,9,0,0.62192,0.645808,0.023888,0,0,0,0
50.6,1321,1,0.0023883,0.0023883,0.510356,0.43642,0.0739361,34.0414,33.7457,10,10,0,0.489435,0.408731,0.080704,0,1,0,0
50.6,1321,2,0.00350024,0.00350024,0.597094,0.585896,0.0111987,34.3884,34.3436,11,11,0,0.436421,0.464517,0.028096,0,1,1,0
50.6,1321,3,0.011643,0.011643,0.405181,0.409709,0.00452858,33.6207,33.6388,9,9,0,0.645808,0.656704,0.010896,0,1,1,0
50.7,1322,1,0.00214687,0.00214687,0.438632,0.510356,0.0717238,33.7545,34.0414,10,10,0,0.408731,0.484955,0.076224,0,1,0,0
50.7,1322,2,0.000181898,0.000181898,0.594893,0.597094,0.00220162,34.3796,34.3884,11,11,0,0.464517,0.451221,0.013296,0,1,1,0
50.7,1322,3,0.0127188,0.0127188,0.413114,0.405181,0.0079329,33.6525,33.6207,9,9,0,0.656704,0.651136,0.005568,0,1,1,1
50.8,1323,1,0.00200704,0.00200704,0.510219,0.438632,0.0715873,34.0409,33.7545,10,10,0,0.484955,0.409515,0.07544,0,1,0,0
50.8,1323,2,0.000532649,0.000532649,0.59977,0.594893,0.00487709,34.3991,34.3796,11,11,0,0.451221,0.461685,0.010464,0,1,1,0
50.8,1323,3,0.0151434,0.0151434,0.393839,0.413114,0.0192744,33.5754,33.6525,9,9,0,0.651136,0.642416,0.00872,0,1,1,1
50.9,1324,1,0.0013034,0.0013034,0.442792,0.510219,0.0674277,33.7712,34.0409,10,10,0,0.409515,0.477259,0.067744,0,1,0,0
50.9,1324,2,0.0248391,0.0248391,0.573636,0.59977,0.0261343,34.2945,34.3991,11,10,-1,0.461685,0.492995,0.0313093,0,0,0,0
50.9,1324,3,0.00442336,0.00442336,0.362335,0.393839,0.0315046,33.4493,33.5754,9,10,1,0.642416,0.566227,0.0761893,0,1,0,0
51,1325,1,0.00178081,0.00178081,0.510622,0.442792,0.0678307,34.0425,33.7712,10,10,0,0.477259,0.407011,0.070248,0,1,0,0
51,1325,2,0.00898825,0.00898825,0.598748,0.573636,0.0251126,34.395,34.2945,10,10,0,0.492995,0.538523,0.045528,0,1,0,0
51,1325,3,0.000445939,0.000445939,0.339054,0.362335,0.0232809,33.3562,33.4493,10,10,0,0.566227,0.546931,0.019296,0,1,0,0
51.1,1326,1,0.00229199,0.00229199,0.439682,0.510622,0.0709404,33.7587,34.0425,10,10,0,0.407011,0.482987,0.075976,0,1,0,0
51.1,1326,2,0.00794741,0.00794741,0.587259,0.598748,0.0114887,34.349,34.395,10,10,0,0.538523,0.513099,0.025424,0,1,1,0
51.1,1326,3,0.0100095,0.0100095,0.390115,0.339054,0.0510611,33.5605,33.3562,10,10,0,0.546931,0.583715,0.036784,0,1,0,0
51.2,1327,1,9.88394e-05,9.88394e-05,0.507868,0.439682,0.0681863,34.0315,33.7587,10,10,0,0.482987,0.415451,0.067536,0,1,0,0
51.2,1327,2,0.00400697,0.00400697,0.596705,0.587259,0.00944591,34.3868,34.349,10,10,0,0.513099,0.538523,0.025424,0,1,1,0
51.2,1327,3,0.0135,0.0135,0.360452,0.390115,0.0296625,33.4418,33.5605,10,10,0,0.583715,0.561195,0.02252,0,1,0,0
51.3,1328,1,0.000509143,0.000509143,0.442144,0.507868,0.0657244,33.7686,34.0315,10,10,0,0.415451,0.478443,0.062992,0,1,0,0
51.3,1328,2,0.00387768,0.00387768,0.586026,0.596705,0.0106795,34.3441,34.3868,10,10,0,0.538523,0.511371,0.027152,0,1,1,0
51.3,1328,3,0.0129738,0.0129738,0.386334,0.360452,0.0258819,33.5453,33.4418,10,10,0,0.561195,0.579427,0.018232,0,1,0,0
51.4,1329,1,0.0013262,0.0013262,0.506794,0.442144,0.0646503,34.0272,33.7686,10,10,0,0.478443,0.418003,0.06044,0,1,0,0
51.4,1329,2,0.00387768,0.00387768,0.596705,0.586026,0.0106795,34.3868,34.3441,10,10,0,0.511371,0.538523,0.027152,0,1,1,0
51.4,1329,3,0.0149438,0.0149438,0.353617,0.386334,0.032717,33.4145,33.5453,10,10,0,0.579427,0.551915,0.027512,0,1,0,0
51.5,1330,1,0.000488326,0.000488326,0.436276,0.506794,0.070518,33.7451,34.0272,10,10,0,0.418003,0.489771,0.071768,0,1,0,0
51.5,1330,2,0.00400793,0.00400793,0.587272,0.596705,0.00943375,34.3491,34.3868,10,10,0,0.538523,0.513115,0.025408,0,1,1,0
51.5,1330,3,0.01468,0.01468,0.384414,0.353617,0.0307965,33.5377,33.4145,10,10,0,0.551915,0.577563,0.025648,0,1,0,0
51.6,1331,1,0.00244954,0.00244954,0.503932,0.436276,0.0676555,34.0157,33.7451,10,10,0,0.489771,0.425115,0.064656,0,1,0,0
51.6,1331,2,0.00584529,0.00584529,0.589154,0.587272,0.0018819,34.3566,34.3491,10,10,0,0.513115,0.529115,0.016,0,1,1,0
51.6,1331,3,0.0152785,0.0152785,0.346813,0.384414,0.0376002,33.3873,33.5377,10,10,0,0.577563,0.544987,0.032576,0,1,0,0
51.7,1332,1,0.00161338,0.00161338,0.432317,0.503932,0.0716151,33.7293,34.0157,10,10,0,0.425115,0.491051,0.065936,0,1,0,0
51.7,1332,2,0.00481211,0.00481211,0.580092,0.589154,0.00906146,34.3204,34.3566,10,10,0,0.529115,0.501883,0.027232,0,1,1,0
51.7,1332,3,0.000219003,0.000219003,0.355988,0.346813,0.0091745,33.424,33.3873,10,10,0,0.544987,0.546515,0.001528,0,1,1,1
51.8,1333,1,0.0023984,0.0023984,0.502211,0.432317,0.0698943,34.0088,33.7293,10,10,0,0.491051,0.430875,0.060176,0,1,0,0
51.8,1333,2,0.00481211,0.00481211,0.589154,0.580092,0.00906146,34.3566,34.3204,10,10,0,0.501883,0.529115,0.027232,0,1,1,0
51.8,1333,3,0.000360322,0.000360322,0.351984,0.355988,0.00400424,33.4079,33.424,10,10,0,0.546515,0.550235,0.00372,0,1,1,1
51.9,1334,1,0.00492662,0.00492662,0.441339,0.502211,0.0608723,33.7654,34.0088,10,10,0,0.430875,0.472555,0.04168,0,1,0,0
51.9,1334,2,0.00340201,0.00340201,0.576978,0.589154,0.0121755,34.3079,34.3566,10,10,0,0.529115,0.501883,0.027232,0,1,1,0
51.9,1334,3,0.00224593,0.00224593,0.346638,0.351984,0.00534588,33.3866,33.4079,10,10,0,0.550235,0.537667,0.012568,0,1,1,0
52,1335,1,0.00525287,0.00525287,0.501595,0.441339,0.060257,34.0064,33.7654,10,10,0,0.472555,0.433467,0.039088,0,1,0,0
52,1335,2,0.00340087,0.00340087,0.58916,0.576978,0.0121817,34.3566,34.3079,10,10,0,0.501883,0.529123,0.02724,0,1,1,0
52,1335,3,0.00506591,0.00506591,0.363817,0.346638,0.017179,33.4553,33.3866,10,10,0,0.537667,0.567331,0.029664,0,1,1,0
52.1,1336,1,0.00530301,0.00530301,0.441513,0.501595,0.060082,33.7661,34.0064,10,10,0,0.433467,0.472155,0.038688,0,1,0,0
52.1,1336,2,0.00356722,0.00356722,0.578624,0.58916,0.0105353,34.3145,34.3566,10,10,0,0.529123,0.504379,0.024744,0,1,1,0
52.1,1336,3,0.00706939,0.00706939,0.337638,0.363817,0.0261791,33.3506,33.4553,10,10,0,0.567331,0.530683,0.036648,0,1,0,0
52.2,1337,1,0.00451386,0.00451386,0.50325,0.441513,0.0617364,34.013,33.7661,10,10,0,0.472155,0.427371,0.044784,0,1,0,0
52.2,1337,2,0.00392321,0.00392321,0.587207,0.578624,0.00858229,34.3488,34.3145,10,10,0,0.504379,0.526619,0.02224,0,1,1,0
52.2,1337,3,0.00625472,0.00625472,0.360483,0.337638,0.0228452,33.4419,33.3506,10,10,0,0.530683,0.561243,0.03056,0,1,0,0
52.3,1338,1,0.00455299,0.00455299,0.44165,0.50325,0.0615999,33.7666,34.013,10,10,0,0.427371,0.471843,0.044472,0,1,0,0
52.3,1338,2,0.00392482,0.00392482,0.578634,0.587207,0.0085724,34.3145,34.3488,10,10,0,0.526619,0.504395,0.022224,0,1,1,0
52.3,1338,3,0.00290443,0.00290443,0.35374,0.360483,0.00674328,33.415,33.4419,10,10,0,0.561243,0.544259,0.016984,0,1,1,0
52.4,1339,1,0.00515983,0.00515983,0.497389,0.44165,0.0557387,33.9896,33.7666,10,10,0,0.471843,0.430187,0.041656,0,1,0,0
52.4,1339,2,0.00392482,0.00392482,0.587207,0.578634,0.0085724,34.3488,34.3145,10,10,0,0.504395,0.526619,0.022224,0,1,1,0
52.4,1339,3,0.00415951,0.00415951,0.367303,0.35374,0.0135633,33.4692,33.415,10,10,0,0.544259,0.572835,0.028576,0,1,1,0
52.5,1340,1,0.0131918,0.0131918,0.509229,0.497389,0.0118409,34.0369,33.9896,10,10,0,0.430187,0.391323,0.038864,0,1,1,0
52.5,1340,2,0.000509575,0.000509575,0.59,0.587207,0.00279331,34.36,34.3488,10,10,0,0.526619,0.530203,0.003584,0,1,1,1
52.5,1340,3,0.000194493,0.000194493,0.37351,0.367303,0.00620714,33.494,33.4692,10,10,0,0.572835,0.579867,0.007032,0,1,1,1
52.6,1341,1,0.0154997,0.0154997,0.437218,0.509229,0.072011,33.7489,34.0369,10,9,-1,0.391323,0.522704,0.131381,0,1,0,0
52.6,1341,2,0.00444361,0.00444361,0.585462,0.59,0.0045377,34.3418,34.36,10,10,0,0.530203,0.515035,0.015168,0,1,1,0
52.6,1341,3,0.0123,0.0123,0.34394,0.37351,0.02957,33.3758,33.494,10,11,1,0.579867,0.450637,0.129229,0,1,0,0
52.7,1342,1,0.00299685,0.00299685,0.534171,0.437218,0.0969527,34.1367,33.7489,9,9,0,0.522704,0.489696,0.033008,0,1,0,0
52.7,1342,2,0.00487123,0.00487123,0.587657,0.585462,0.00219429,34.3506,34.3418,10,10,0,0.515035,0.527195,0.01216,0,1,1,0
52.7,1342,3,0.0133481,0.0133481,0.338901,0.34394,0.0050388,33.3556,33.3758,11,11,0,0.450637,0.482021,0.031384,0,1,1,0
52.8,1343,1,0.0224934,0.0224934,0.387193,0.534171,0.146979,33.5488,34.1367,9,10,1,0.489696,0.495211,0.00551467,0,0,0,0
52.8,1343,2,0.00508096,0.00508096,0.588055,0.587657,0.00039804,34.3522,34.3506,10,10,0,0.527195,0.518443,0.008752,0,1,1,1
52.8,1343,3,0.0262989,0.0262989,0.316616,0.338901,0.0222858,33.2665,33.3556,11,10,-1,0.482021,0.492643,0.0106213,0,0,0,0
52.9,1344,1,0.00639146,0.00639146,0.462025,0.387193,0.0748321,33.8481,33.5488,10,10,0,0.495211,0.414715,0.080496,0,1,0,0
52.9,1344,2,0.00584423,0.00584423,0.580321,0.588055,0.00773323,34.3213,34.3522,10,10,0,0.518443,0.517931,0.000512,0,1,1,1
52.9,1344,3,0.0267687,0.0267687,0.40178,0.316616,0.0851649,33.6071,33.2665,10,10,0,0.492643,0.580211,0.087568,0,0,0,0
53,1345,1,0.00233673,0.00233673,0.476964,0.462025,0.0149396,33.9079,33.8481,10,10,0,0.414715,0.393819,0.020896,0,1,1,0
53,1345,2,0.00119089,0.00119089,0.59,0.580321,0.0096786,34.36,34.3213,10,10,0,0.517931,0.530203,0.012272,0,1,1,0
53,1345,3,0.000508629,0.000508629,0.397929,0.40178,0.00385112,33.5917,33.6071,10,10,0,0.580211,0.571323,0.008888,0,1,1,1
53.1,1346,1,0.0115878,0.0115878,0.510173,0.476964,0.033209,34.0407,33.9079,10,10,0,0.393819,0.387339,0.00648,0,1,0,0
53.1,1346,2,0.000109151,0.000109151,0.589403,0.59,0.000597358,34.3576,34.36,10,10,0,0.530203,0.529435,0.000768,0,1,1,1
53.1,1346,3,0.0210587,0.0210587,0.393679,0.397929,0.00425044,33.5747,33.5917,10,10,0,0.571323,0.595091,0.023768,0,0,1,0
53.2,1347,1,0.00978012,0.00978012,0.439517,0.510173,0.0706559,33.7581,34.0407,10,10,0,0.387339,0.476715,0.089376,0,1,0,0
53.2,1347,2,0.00465515,0.00465515,0.58673,0.589403,0.00267309,34.3469,34.3576,10,10,0,0.529435,0.516699,0.012736,0,1,1,0
53.2,1347,3,0.0047504,0.0047504,0.359806,0.393679,0.0338725,33.4392,33.5747,10,10,0,0.595091,0.545819,0.049272,0,1,0,0
53.3,1348,1,0.0198966,0.0198966,0.459811,0.439517,0.0202937,33.8392,33.7581,10,9,-1,0.476715,0.474176,0.00253867,0,1,0,0
53.3,1348,2,0.00505782,0.00505782,0.587194,0.58673,0.000464678,34.3488,34.3469,10,10,0,0.516699,0.526603,0.009904,0,1,1,1
53.3,1348,3,0.0249117,0.0249117,0.359803,0.359806,3.27826e-06,33.4392,33.4392,10,11,1,0.545819,0.494925,0.0508933,0,0,1,0
53.4,1349,1,0.0287907,0.0287907,0.527615,0.459811,0.0678038,34.1105,33.8392,9,9,0,0.474176,0.460832,0.013344,0,0,0,0
53.4,1349,2,0.00124662,0.00124662,0.594003,0.587194,0.00680894,34.376,34.3488,10,10,0,0.526603,0.535371,0.008768,0,1,1,1
53.4,1349,3,0.0119827,0.0119827,0.373742,0.359803,0.0139393,33.495,33.4392,11,11,0,0.494925,0.510797,0.015872,0,1,1,0
53.5,1350,1,0.0221466,0.0221466,0.388296,0.527615,0.139318,33.5532,34.1105,9,10,1,0.460832,0.492611,0.0317787,0,0,0,0
53.5,1350,2,0.00395301,0.00395301,0.588479,0.594003,0.00552374,34.3539,34.376,10,10,0,0.535371,0.519003,0.016368,0,1,1,0
53.5,1350,3,0.00816698,0.00816698,0.324212,0.373742,0.0495301,33.2968,33.495,11,10,-1,0.510797,0.503363,0.00743467,0,1,0,0
53.6,1351,1,0.00889764,0.00889764,0.469388,0.388296,0.0810916,33.8776,33.5532,10,10,0,0.492611,0.402283,0.090328,0,1,0,0
53.6,1351,2,0.00531109,0.00531109,0.586581,0.588479,0.00189811,34.3463,34.3539,10,10,0,0.519003,0.525819,0.006816,0,1,1,1
53.6,1351,3,0.0274463,0.0274463,0.396287,0.324212,0.0720745,33.5851,33.2968,10,10,0,0.503363,0.571387,0.068024,0,0,0,0
53.7,1352,1,0.000468448,0.000468448,0.478765,0.469388,0.00937673,33.9151,33.8776,10,10,0,0.402283,0.391019,0.011264,0,1,1,0
53.7,1352,2,0.00235716,0.00235716,0.596811,0.586581,0.0102294,34.3872,34.3463,10,10,0,0.525819,0.538635,0.012816,0,1,1,0
53.7,1352,3,0.000157919,0.000157919,0.395839,0.396287,0.000448227,33.5834,33.5851,10,10,0,0.571387,0.570827,0.00056,0,1,1,1
53.8,1353,1,0.00286902,0.00286902,0.485904,0.478765,0.00713933,33.9436,33.9151,10,9,-1,0.391019,0.438304,0.0472853,0,1,1,0
53.8,1353,2,0.000347532,0.000347532,0.596095,0.596811,0.000715673,34.3844,34.3872,10,10,0,0.538635,0.537875,0.00076,0,1,1,1
53.8,1353,3,0.0478136,0.0478136,0.331346,0.395839,0.0644926,33.3254,33.5834,10,11,1,0.570827,0.472917,0.0979093,0,0,0,0
53.9,1354,1,0.0294067,0.0294067,0.526939,0.485904,0.0410348,34.1078,33.9436,9,9,0,0.438304,0.464816,0.026512,0,0,0,0
53.9,1354,2,0.000942715,0.000942715,0.59242,0.596095,0.00367481,34.3697,34.3844,10,10,0,0.537875,0.533323,0.004552,0,1,1,1
53.9,1354,3,0.0013209,0.0013209,0.34308,0.331346,0.0117335,33.3723,33.3254,11,11,0,0.472917,0.487093,0.014176,0,1,1,0
54,1355,1,0.0248372,0.0248372,0.402192,0.526939,0.124747,33.6088,34.1078,9,10,1,0.464816,0.476307,0.0114907,0,0,0,0
54,1355,2,0.00415309,0.00415309,0.587356,0.59242,0.00506419,34.3494,34.3697,10,10,0,0.533323,0.517523,0.0158,0,1,1,0
54,1355,3,0.0123273,0.0123273,0.327147,0.34308,0.0159329,33.3086,33.3723,11,10,-1,0.487093,0.518579,0.0314853,0,1,1,0
54.1,1356,1,0.00657874,0.00657874,0.460126,0.402192,0.0579334,33.8405,33.6088,10,10,0,0.476307,0.415371,0.060936,0,1,0,0
54.1,1356,2,0.00471728,0.00471728,0.58934,0.587356,0.0019843,34.3574,34.3494,10,10,0,0.517523,0.529355,0.011832,0,1,1,0
54.1,1356,3,0.0336891,0.0336891,0.39003,0.327147,0.0628829,33.5601,33.3086,10,10,0,0.518579,0.562459,0.04388,0,0,0,0
54.2,1357,1,0.000859797,0.000859797,0.478765,0.460126,0.0186392,33.9151,33.8405,10,10,0,0.415371,0.391019,0.024352,0,1,1,0
54.2,1357,2,0.00284735,0.00284735,0.597215,0.58934,0.00787449,34.3889,34.3574,10,10,0,0.529355,0.535835,0.00648,0,1,1,1
54.2,1357,3,0.00311812,0.00311812,0.395839,0.39003,0.00580904,33.5834,33.5601,10,10,0,0.562459,0.570827,0.008368,0,1,1,1
54.3,1358,1,0.0113402,0.0113402,0.504163,0.478765,0.0253983,34.0167,33.9151,10,10,0,0.391019,0.391315,0.000296,0,1,0,0
54.3,1358,2,0.000936821,0.000936821,0.599137,0.597215,0.00192255,34.3965,34.3889,10,10,0,0.535835,0.537883,0.002048,0,1,1,1
54.3,1358,3,0.0201847,0.0201847,0.372647,0.395839,0.0231912,33.4906,33.5834,10,10,0,0.570827,0.575563,0.004736,0,0,0,0
54.4,1359,1,0.00413326,0.00413326,0.449073,0.504163,0.0550903,33.7963,34.0167,10,10,0,0.391315,0.449579,0.058264,0,1,0,0
54.4,1359,2,0.000977509,0.000977509,0.583395,0.599137,0.0157428,34.3336,34.3965,10,10,0,0.537883,0.515787,0.022096,0,1,1,0
54.4,1359,3,0.0113187,0.0113187,0.369883,0.372647,0.00276455,33.4795,33.4906,10,10,0,0.575563,0.563179,0.012384,0,1,1,0
54.5,1360,1,0.0133173,0.0133173,0.476117,0.449073,0.0270441,33.9045,33.7963,10,9,-1,0.449579,0.451984,0.00240533,0,1,0,0
54.5,1360,2,0.00192223,0.00192223,0.582192,0.583395,0.00120223,34.3288,34.3336,10,10,0,0.515787,0.517275,0.001488,0,1,1,1
54.5,1360,3,0.0365058,0.0365058,0.33529,0.369883,0.0345929,33.3412,33.4795,10,11,1,0.563179,0.467965,0.0952133,0,0,0,0
54.6,1361,1,0.0296919,0.0296919,0.527378,0.476117,0.0512615,34.1095,33.9045,9,9,0,0.451984,0.462304,0.01032,0,0,0,0
54.6,1361,2,0.000164963,0.000164963,0.585492,0.582192,0.00329971,34.342,34.3288,10,10,0,0.517275,0.521419,0.004144,0,1,1,1
54.6,1361,3,0.00224607,0.00224607,0.359042,0.33529,0.0237522,33.4362,33.3412,11,11,0,0.467965,0.494069,0.026104,0,1,0,0
54.7,1362,1,0.0221049,0.0221049,0.387583,0.527378,0.139796,33.5503,34.1095,9,10,1,0.462304,0.494091,0.0317867,0,0,0,0
54.7,1362,2,0.0011736,0.0011736,0.578263,0.585492,0.00722921,34.3131,34.342,10,10,0,0.521419,0.508131,0.013288,0,1,1,0
54.7,1362,3,0.0123548,0.0123548,0.320631,0.359042,0.0384112,33.2825,33.4362,11,10,-1,0.494069,0.507739,0.0136693,0,1,0,0
54.8,1363,1,0.010433,0.010433,0.493359,0.387583,0.105776,33.9734,33.5503,10,10,0,0.494091,0.373451,0.12064,0,1,0,0
54.8,1363,2,0.00133921,0.00133921,0.58218,0.578263,0.00391668,34.3287,34.3131,10,10,0,0.508131,0.517259,0.009128,0,1,1,1
54.8,1363,3,0.0321108,0.0321108,0.390595,0.320631,0.0699645,33.5624,33.2825,10,10,0,0.507739,0.558123,0.050384,0,0,0,0
54.9,1364,1,0.000701867,0.000701867,0.478526,0.493359,0.0148325,33.9141,33.9734,10,10,0,0.373451,0.391307,0.017856,0,1,1,0
54.9,1364,2,0.00194391,0.00194391,0.580527,0.58218,0.00165308,34.3221,34.3287,10,10,0,0.517259,0.518187,0.000928,0,1,1,1
54.9,1364,3,0.00705657,0.00705657,0.398804,0.390595,0.00820899,33.5952,33.5624,10,10,0,0.558123,0.572747,0.014624,0,1,1,0
55,1365,1,0.00265908,0.00265908,0.482255,0.478526,0.00372881,33.929,33.9141,10,9,-1,0.391307,0.443328,0.0520213,0,1,1,0
55,1365,2,1.59144e-05,1.59144e-05,0.580847,0.580527,0.000320256,34.3234,34.3221,10,10,0,0.518187,0.518587,0.0004,0,1,1,1
55,1365,3,0.0516724,0.0516724,0.3421,0.398804,0.0567047,33.3684,33.5952,10,11,1,0.572747,0.475797,0.0969493,0,0,0,0
55.1,1366,1,0.029177,0.029177,0.527378,0.482255,0.0451232,34.1095,33.929,9,9,0,0.443328,0.462304,0.018976,0,0,0,0
55.1,1366,2,0.000112101,0.000112101,0.583097,0.580847,0.00224972,34.3324,34.3234,10,10,0,0.518587,0.521403,0.002816,0,1,1,1
55.1,1366,3,0.00167891,0.00167891,0.349364,0.3421,0.0072642,33.3975,33.3684,11,11,0,0.475797,0.483245,0.007448,0,1,1,1
55.2,1367,1,0.00512363,0.00512363,0.435431,0.527378,0.0919477,33.7417,34.1095,9,9,0,0.462304,0.525952,0.063648,0,1,0,0
55.2,1367,2,0.00303593,0.00303593,0.577304,0.583097,0.00579286,34.3092,34.3324,10,10,0,0.521403,0.506667,0.014736,0,1,1,0
55.2,1367,3,0.0421934,0.0421934,0.373498,0.349364,0.024134,33.494,33.3975,11,11,0,0.483245,0.482997,0.000248,0,0,0,0
55.3,1368,1,0.0212744,0.0212744,0.450976,0.435431,0.0155458,33.8039,33.7417,9,9,0,0.525952,0.491504,0.034448,0,0,1,0
55.3,1368,2,0.00336305,0.00336305,0.578716,0.577304,0.00141221,34.3149,34.3092,10,10,0,0.506667,0.515515,0.008848,0,1,1,1
55.3,1368,3,0.00148953,0.00148953,0.367151,0.373498,0.00634679,33.4686,33.494,11,11,0,0.482997,0.478677,0.00432,0,1,1,1
55.4,1369,1,0.00337706,0.00337706,0.466751,0.450976,0.0157749,33.867,33.8039,9,9,0,0.491504,0.464808,0.026696,0,1,1,0
55.4,1369,2,0.000215024,0.000215024,0.580847,0.578716,0.00213093,34.3234,34.3149,10,10,0,0.515515,0.518587,0.003072,0,1,1,1
55.4,1369,3,0.00295522,0.00295522,0.376987,0.367151,0.00983554,33.5079,33.4686,11,11,0,0.478677,0.493269,0.014592,0,1,1,0
55.5,1370,1,0.000903547,0.000903547,0.472304,0.466751,0.00555262,33.8892,33.867,9,9,0,0.464808,0.462288,0.00252,0,1,1,1
55.5,1370,2,0.000112101,0.000112101,0.583097,0.580847,0.00224972,34.3324,34.3234,10,10,0,0.518587,0.521403,0.002816,0,1,1,1
55.5,1370,3,0.0238937,0.0238937,0.365891,0.376987,0.0110961,33.4636,33.5079,11,11,0,0.493269,0.484005,0.009264,0,0,1,0
55.6,1371,1,0.00129975,0.00129975,0.477302,0.472304,0.00499752,33.9092,33.8892,9,9,0,0.462288,0.455968,0.00632,0,1,1,1
55.6,1371,2,0,0,0.583097,0.583097,0,34.3324,34.3324,10,10,0,0.521403,0.521403,0,0,1,1,1
55.6,1371,3,0.0123747,0.0123747,0.379686,0.365891,0.0137958,33.5187,33.4636,11,11,0,0.484005,0.497853,0.013848,0,1,1,0
55.7,1372,1,0.000293821,0.000293821,0.486054,0.477302,0.00875255,33.9442,33.9092,9,9,0,0.455968,0.443584,0.012384,0,1,1,0
55.7,1372,2,0.000339501,0.000339501,0.578616,0.583097,0.00448012,34.3145,34.3324,10,10,0,0.521403,0.515363,0.00604,0,1,1,1
55.7,1372,3,0.0115352,0.0115352,0.377012,0.379686,0.00267467,33.508,33.5187,11,11,0,0.497853,0.493301,0.004552,0,1,1,1
55.8,1373,1,9.28938e-05,9.28938e-05,0.483012,0.486054,0.00304246,33.932,33.9442,9,9,0,0.443584,0.447568,0.003984,0,1,1,1
55.8,1373,2,0.000408612,0.000408612,0.584479,0.578616,0.00586259,34.3379,34.3145,10,10,0,0.515363,0.523139,0.007776,0,1,1,1
55.8,1373,3,0.00138604,0.00138604,0.373208,0.377012,0.00380376,33.4928,33.508,11,11,0,0.493301,0.488549,0.004752,0,1,1,1
55.9,1374,1,6.59972e-05,6.59972e-05,0.484117,0.483012,0.0011057,33.9365,33.932,9,9,0,0.447568,0.446096,0.001472,1,1,1,1
55.9,1374,2,0.000288211,0.000288211,0.579584,0.584479,0.00489503,34.3183,34.3379,10,10,0,0.523139,0.516843,0.006296,1,1,1,1
55.9,1374,3,0.0231994,0.0231994,0.365045,0.373208,0.00816348,33.4602,33.4928,11,11,0,0.488549,0.483237,0.005312,1,0,1,0
56,1375,1,0.000369199,0.000369199,0.492234,0.484117,0.00811642,33.9689,33.9365,9,9,0,0.446096,0.434216,0.01188,0,1,1,0
56,1375,2,0.000288211,0.000288211,0.584479,0.579584,0.00489503,34.3379,34.3183,10,10,0,0.516843,0.523139,0.006296,0,1,1,1
56,1375,3,0.00524498,0.00524498,0.371341,0.365045,0.0062964,33.4854,33.4602,11,11,0,0.483237,0.489029,0.005792,0,1,1,1
56.1,1376,1,0.000291817,0.000291817,0.489862,0.492234,0.00237179,33.9594,33.9689,9,9,0,0.434216,0.438336,0.00412,0,1,1,1
56.1,1376,2,0.0024486,0.0024486,0.576428,0.584479,0.00805086,34.3057,34.3379,10,10,0,0.523139,0.515371,0.007768,0,1,1,1
56.1,1376,3,0.00426465,0.00426465,0.360414,0.371341,0.0109272,33.4417,33.4854,11,11,0,0.489029,0.478317,0.010712,0,1,1,0
56.2,1377,1,0.000173382,0.000173382,0.491272,0.489862,0.00141013,33.9651,33.9594,9,9,0,0.438336,0.435888,0.002448,0,1,1,1
56.2,1377,2,0.00104856,0.00104856,0.580638,0.576428,0.00421011,34.3226,34.3057,10,10,0,0.515371,0.521403,0.006032,0,1,1,1
56.2,1377,3,0.00183171,0.00183171,0.356548,0.360414,0.00386521,33.4262,33.4417,11,11,0,0.478317,0.472805,0.005512,0,1,1,1
56.3,1378,1,5.55292e-05,5.55292e-05,0.491723,0.491272,0.000451058,33.9669,33.9651,9,9,0,0.435888,0.435104,0.000784,1,1,1,1
56.3,1378,2,0.000444755,0.000444755,0.578502,0.580638,0.00213629,34.314,34.3226,10,10,0,0.521403,0.518587,0.002816,1,1,1,1
56.3,1378,3,0.00105292,0.00105292,0.359126,0.356548,0.00257778,33.4365,33.4262,11,11,0,0.472805,0.476789,0.003984,1,1,1,1
56.4,1379,1,0.000123523,0.000123523,0.490719,0.491723,0.00100374,33.9629,33.9669,9,9,0,0.435104,0.436848,0.001744,2,1,1,1
56.4,1379,2,0.000444755,0.000444755,0.580638,0.578502,0.00213629,34.3226,34.314,10,10,0,0.518587,0.521403,0.002816,2,1,1,1
56.4,1379,3,2.44451e-05,2.44451e-05,0.359167,0.359126,4.07994e-05,33.4367,33.4365,11,11,0,0.476789,0.476837,4.8e-05,2,1,1,1
56.5,1380,1,0.000122979,0.000122979,0.491719,0.490719,0.000999153,33.9669,33.9629,9,9,0,0.436848,0.435112,0.001736,3,1,1,1
56.5,1380,2,0.00104856,0.00104856,0.576428,0.580638,0.00421011,34.3057,34.3226,10,10,0,0.521403,0.515371,0.006032,3,1,1,1
56.5,1380,3,0.0077307,0.0077307,0.350366,0.359167,0.0088008,33.4015,33.4367,11,11,0,0.476837,0.472805,0.004032,3,1,1,1
56.6,1381,1,0.000282794,0.000282794,0.489419,0.491719,0.00229952,33.9577,33.9669,9,9,0,0.435112,0.439104,0.003992,4,1,1,1
56.6,1381,2,0.00104856,0.00104856,0.580638,0.576428,0.00421011,34.3226,34.3057,10,10,0,0.515371,0.521403,0.006032,4,1,1,1
56.6,1381,3,0.00463391,0.00463391,0.344311,0.350366,0.00605527,33.3772,33.4015,11,11,0,0.472805,0.475629,0.002824,4,1,1,1
56.7,1382,1,0.000282221,0.000282221,0.491714,0.489419,0.0022949,33.9669,33.9577,9,9,0,0.439104,0.43512,0.003984,5,1,1,1
56.7,1382,2,0.000444755,0.000444755,0.578502,0.580638,0.00213629,34.314,34.3226,10,10,0,0.521403,0.518587,0.002816,5,1,1,1
56.7,1382,3,0.00067092,0.00067092,0.341726,0.344311,0.00258508,33.3669,33.3772,11,11,0,0.475629,0.472805,0.002824,5,1,1,1
56.8,1383,1,0,0,0.491714,0.491714,0,33.9669,33.9669,9,9,0,0.43512,0.43512,0,6,1,1,1
56.8,1383,2,0.000444755,0.000444755,0.580638,0.578502,0.00213629,34.3226,34.314,10,10,0,0.518587,0.521403,0.002816,6,1,1,1
56.8,1383,3,0.00233788,0.00233788,0.350937,0.341726,0.00921082,33.4037,33.3669,11,11,0,0.472805,0.482293,0.009488,6,1,1,1
56.9,1384,1,0.000176802,0.000176802,0.490277,0.491714,0.00143698,33.9611,33.9669,9,9,0,0.43512,0.437616,0.002496,7,1,1,1
56.9,1384,2,0.0336922,0.0336922,0.575482,0.580638,0.00515616,34.3019,34.3226,10,11,1,0.521403,0.428469,0.0929333,7,0,1,0
56.9,1384,3,0.0210385,0.0210385,0.322346,0.350937,0.0285907,33.2894,33.4037,11,10,-1,0.482293,0.528259,0.0459653,7,0,0,0
57,1385,1,4.13433e-05,4.13433e-05,0.490613,0.490277,0.000336498,33.9625,33.9611,9,9,0,0.437616,0.437032,0.000584,0,1,1,1
57,1385,2,0.00159629,0.00159629,0.578749,0.575482,0.00326717,34.315,34.3019,11,11,0,0.428469,0.438789,0.01032,0,1,1,0
57,1385,3,0.0142705,0.0142705,0.380279,0.322346,0.0579332,33.5211,33.2894,10,10,0,0.528259,0.563963,0.035704,0,1,0,0
57.1,1386,1,0.000573084,0.000573084,0.478996,0.490613,0.0116172,33.916,33.9625,9,9,0,0.437032,0.45384,0.016808,0,1,1,0
57.1,1386,2,0.0355323,0.0355323,0.550991,0.578749,0.0277578,34.204,34.315,11,10,-1,0.438789,0.478155,0.0393653,0,0,0,0
57.1,1386,3,0.00640263,0.00640263,0.358317,0.380279,0.0219623,33.4333,33.5211,10,11,1,0.563963,0.527933,0.0360293,0,1,0,0
57.2,1387,1,1.52662e-05,1.52662e-05,0.479085,0.478996,8.88407e-05,33.9163,33.916,9,9,0,0.45384,0.453688,0.000152,0,1,1,1
57.2,1387,2,0.0219509,0.0219509,0.558309,0.550991,0.00731784,34.2332,34.204,10,10,0,0.478155,0.509467,0.031312,0,0,1,0
57.2,1387,3,0.0404897,0.0404897,0.310634,0.358317,0.047683,33.2425,33.4333,11,11,0,0.527933,0.447797,0.080136,0,0,0,0
57.3,1388,1,1.44467e-05,1.44467e-05,0.479001,0.479085,8.41618e-05,33.916,33.9163,9,9,0,0.453688,0.453832,0.000144,0,1,1,1
57.3,1388,2,0.00270348,0.00270348,0.601984,0.558309,0.0436749,34.4079,34.2332,10,10,0,0.509467,0.547643,0.038176,0,1,0,0
57.3,1388,3,0.00461733,0.00461733,0.321819,0.310634,0.0111853,33.2873,33.2425,11,11,0,0.447797,0.479733,0.031936,0,1,1,0
57.4,1389,1,0,0,0.479001,0.479001,0,33.916,33.916,9,9,0,0.453832,0.453832,0,0,1,1,1
57.4,1389,2,0.00964931,0.00964931,0.583328,0.601984,0.0186563,34.3333,34.4079,10,11,1,0.547643,0.448109,0.0995333,0,1,1,0
57.4,1389,3,0.01749,0.01749,0.32961,0.321819,0.00779101,33.3184,33.2873,11,10,-1,0.479733,0.535131,0.0553973,0,1,1,0
57.5,1390,1,0.000642203,0.000642203,0.482446,0.479001,0.00344524,33.9298,33.916,9,9,0,0.453832,0.44832,0.005512,0,1,1,1
57.5,1390,2,0.000815667,0.000815667,0.591566,0.583328,0.00823784,34.3663,34.3333,11,11,0,0.448109,0.463173,0.015064,0,1,1,0
57.5,1390,3,0.0136915,0.0136915,0.383629,0.32961,0.0540185,33.5345,33.3184,10,10,0,0.535131,0.567323,0.032192,0,1,0,0
57.6,1391,1,0.000743613,0.000743613,0.480789,0.482446,0.00165674,33.9232,33.9298,9,9,0,0.44832,0.445384,0.002936,0,1,1,1
57.6,1391,2,0.0309419,0.0309419,0.577167,0.591566,0.0143986,34.3087,34.3663,11,10,-1,0.463173,0.516507,0.0533333,0,0,1,0
57.6,1391,3,0.0170965,0.0170965,0.333417,0.383629,0.0502117,33.3337,33.5345,10,11,1,0.567323,0.496981,0.0703413,0,1,0,0
57.7,1392,1,3.0905e-05,3.0905e-05,0.481331,0.480789,0.000542134,33.9253,33.9232,9,9,0,0.445384,0.444624,0.00076,0,1,1,1
57.7,1392,2,0.0221017,0.0221017,0.608801,0.577167,0.0316342,34.4352,34.3087,10,10,0,0.516507,0.553899,0.037392,0,0,0,0
57.7,1392,3,0.0184207,0.0184207,0.315802,0.333417,0.0176153,33.2632,33.3337,11,11,0,0.496981,0.468901,0.02808,0,1,1,0
57.8,1393,1,3.12105e-05,3.12105e-05,0.480784,0.481331,0.000547856,33.9231,33.9253,9,9,0,0.444624,0.445392,0.000768,0,1,1,1
57.8,1393,2,4.93228e-06,4.93228e-06,0.61392,0.608801,0.00511909,34.4557,34.4352,10,10,0,0.553899,0.558651,0.004752,0,1,1,1
57.8,1393,3,0.0049296,0.0049296,0.322283,0.315802,0.0064809,33.2891,33.2632,11,11,0,0.468901,0.480501,0.0116,0,1,1,0
57.9,1394,1,0.000118263,0.000118263,0.459584,0.480784,0.0211999,33.8383,33.9231,9,9,0,0.445392,0.474528,0.029136,0,1,0,0
57.9,1394,2,0.0111879,0.0111879,0.609057,0.61392,0.00486296,34.4362,34.4557,10,10,0,0.558651,0.553907,0.004744,0,1,1,1
57.9,1394,3,0.00561897,0.00561897,0.348086,0.322283,0.0258037,33.3923,33.2891,11,11,0,0.480501,0.479733,0.000768,0,1,0,0
58,1395,1,0.000187956,0.000187956,0.463392,0.459584,0.00380847,33.8536,33.8383,9,9,0,0.474528,0.469192,0.005336,0,1,1,1
58,1395,2,0.00132973,0.00132973,0.611513,0.609057,0.00245583,34.4461,34.4362,10,10,0,0.553907,0.556411,0.002504,0,1,1,1
58,1395,3,0,0,0.348086,0.348086,0,33.3923,33.3923,11,11,0,0.479733,0.479733,0,0,1,1,1
58.1,1396,1,7.86856e-05,7.86856e-05,0.462796,0.463392,0.000595987,33.8512,33.8536,9,9,0,0.469192,0.469968,0.000776,1,1,1,1
58.1,1396,2,0.0187035,0.0187035,0.59155,0.611513,0.0199628,34.3662,34.4461,10,11,1,0.556411,0.463149,0.0932613,1,1,1,0
58.1,1396,3,0.0227071,0.0227071,0.330346,0.348086,0.01774,33.3214,33.3923,11,10,-1,0.479733,0.535835,0.0561013,1,0,1,0
58.2,1397,1,0.000285544,0.000285544,0.464957,0.462796,0.00216082,33.8598,33.8512,9,9,0,0.469968,0.467152,0.002816,0,1,1,1
58.2,1397,2,4.66779e-05,4.66779e-05,0.594975,0.59155,0.00342435,34.3799,34.3662,11,11,0,0.463149,0.468549,0.0054,0,1,1,1
58.2,1397,3,0.014218,0.014218,0.3848,0.330346,0.0544532,33.5392,33.3214,10,10,0,0.535835,0.568539,0.032704,0,1,0,0
58.3,1398,1,0.000119224,0.000119224,0.465858,0.464957,0.000900716,33.8634,33.8598,9,9,0,0.467152,0.465976,0.001176,0,1,1,1
58.3,1398,2,0.0313336,0.0313336,0.574164,0.594975,0.0208104,34.2967,34.3799,11,10,-1,0.468549,0.511931,0.0433813,0,0,0,0
58.3,1398,3,0.0016361,0.0016361,0.354611,0.3848,0.0301883,33.4184,33.5392,10,11,1,0.568539,0.523397,0.0451413,0,1,0,0
58.4,1399,1,0.000535384,0.000535384,0.461806,0.465858,0.00405166,33.8472,33.8634,9,9,0,0.465976,0.471256,0.00528,0,1,1,1
58.4,1399,2,0.0225502,0.0225502,0.598003,0.574164,0.0238389,34.392,34.2967,10,10,0,0.511931,0.544027,0.032096,0,0,0,0
58.4,1399,3,0.0415851,0.0415851,0.303844,0.354611,0.0507677,33.2154,33.4184,11,11,0,0.523397,0.441013,0.082384,0,0,0,0
58.5,1400,1,4.46066e-05,4.46066e-05,0.461468,0.461806,0.000338495,33.8459,33.8472,9,9,0,0.471256,0.471696,0.00044,0,1,1,1
58.5,1400,2,1.21072e-05,1.21072e-05,0.610703,0.598003,0.0127,34.4428,34.392,10,10,0,0.544027,0.555659,0.011632,0,1,1,0
58.5,1400,3,0.00775497,0.00775497,0.315928,0.303844,0.0120847,33.2637,33.2154,11,11,0,0.441013,0.479733,0.03872,0,1,1,0
58.6,1401,1,0.00078287,0.00078287,0.474748,0.461468,0.0132805,33.899,33.8459,9,9,0,0.471696,0.453928,0.017768,0,1,1,0
58.6,1401,2,0.00904404,0.00904404,0.585758,0.610703,0.0249451,34.343,34.4428,10,11,1,0.555659,0.452869,0.102789,0,1,0,0
58.6,1401,3,0.0207063,0.0207063,0.333008,0.315928,0.0170801,33.332,33.2637,11,10,-1,0.479733,0.541915,0.0621813,0,0,1,0
58.7,1402,1,0.00045757,0.00045757,0.463933,0.474748,0.0108155,33.8557,33.899,9,9,0,0.453928,0.468488,0.01456,0,1,1,0
58.7,1402,2,0.000289433,0.000289433,0.59796,0.585758,0.0122023,34.3918,34.343,11,11,0,0.452869,0.473285,0.020416,0,1,1,0
58.7,1402,3,0.000151864,0.000151864,0.371747,0.333008,0.038739,33.487,33.332,10,10,0,0.541915,0.561291,0.019376,0,1,0,0
58.8,1403,1,0.00153498,0.00153498,0.458621,0.463933,0.00531185,33.8345,33.8557,9,10,1,0.468488,0.417595,0.0508933,0,1,1,0
58.8,1403,2,0.0313056,0.0313056,0.574059,0.59796,0.0239016,34.2962,34.3918,11,10,-1,0.473285,0.511771,0.0384853,0,0,0,0
58.8,1403,3,0.00164203,0.00164203,0.354448,0.371747,0.0172989,33.4178,33.487,10,10,0,0.561291,0.563803,0.002512,0,1,1,1
58.9,1404,1,0.00177132,0.00177132,0.496935,0.458621,0.0383143,33.9877,33.8345,10,10,0,0.417595,0.369099,0.048496,0,1,0,0
58.9,1404,2,0.022557,0.022557,0.604488,0.574059,0.0304289,34.418,34.2962,10,10,0,0.511771,0.549931,0.03816,0,0,0,0
58.9,1404,3,0.00151694,0.00151694,0.356551,0.354448,0.0021027,33.4262,33.4178,10,10,0,0.563803,0.565275,0.001472,0,1,1,1
59,1405,1,0.00117026,0.00117026,0.47257,0.496935,0.024365,33.8903,33.9877,10,10,0,0.369099,0.398475,0.029376,0,1,0,0
59,1405,2,0.00251578,0.00251578,0.617304,0.604488,0.012816,34.4692,34.418,10,10,0,0.549931,0.558651,0.00872,0,1,1,1
59,1405,3,0.000979834,0.000979834,0.346821,0.356551,0.00973025,33.3873,33.4262,10,10,0,0.565275,0.556651,0.008624,0,1,1,1
59.1,1406,1,0.0168169,0.0168169,0.513754,0.47257,0.0411838,34.055,33.8903,10,10,0,0.398475,0.392443,0.006032,0,1,0,0
59.1,1406,2,0.00755629,0.00755629,0.61103,0.617304,0.00627416,34.4441,34.4692,10,10,0,0.558651,0.553915,0.004736,0,1,1,1
59.1,1406,3,0.00101913,0.00101913,0.367821,0.346821,0.0209997,33.4713,33.3873,10,10,0,0.556651,0.580059,0.023408,0,1,0,0
59.2,1407,1,0.00489593,0.00489593,0.448051,0.513754,0.0657029,33.7922,34.055,10,10,0,0.392443,0.467851,0.075408,0,1,0,0
59.2,1407,2,0.00802287,0.00802287,0.581656,0.61103,0.029374,34.3266,34.4441,10,10,0,0.553915,0.516603,0.037312,0,1,0,0
59.2,1407,3,0.00890671,0.00890671,0.388731,0.367821,0.0209107,33.5549,33.4713,10,10,0,0.580059,0.588219,0.00816,0,1,0,0
59.3,1408,1,0.018298,0.018298,0.469412,0.448051,0.0213609,33.8776,33.7922,10,9,-1,0.467851,0.465928,0.00192267,0,1,0,0
59.3,1408,2,0.0276853,0.0276853,0.592887,0.581656,0.0112316,34.3715,34.3266,10,11,1,0.516603,0.461557,0.0550453,0,0,1,0
59.3,1408,3,0.00885184,0.00885184,0.357546,0.388731,0.0311856,33.4302,33.5549,10,10,0,0.588219,0.566515,0.021704,0,1,0,0
59.4,1409,1,0.0326914,0.0326914,0.5354,0.469412,0.0659879,34.1416,33.8776,9,9,0,0.465928,0.463912,0.002016,0,0,0,0
59.4,1409,2,6.03721e-05,6.03721e-05,0.597301,0.592887,0.0044139,34.3892,34.3715,11,11,0,0.461557,0.468541,0.006984,0,1,1,1
59.4,1409,3,7.95955e-05,7.95955e-05,0.369938,0.357546,0.012392,33.4798,33.4302,10,10,0,0.566515,0.582571,0.016056,0,1,1,0
59.5,1410,1,0.0173758,0.0173758,0.379249,0.5354,0.156151,33.517,34.1416,9,10,1,0.463912,0.510987,0.0470747,0,1,0,0
59.5,1410,2,0.0286575,0.0286575,0.561,0.597301,0.0363011,34.244,34.3892,11,10,-1,0.468541,0.487627,0.0190853,0,0,0,0
59.5,1410,3,0.00844965,0.00844965,0.387809,0.369938,0.0178713,33.5512,33.4798,10,10,0,0.582571,0.587051,0.00448,0,1,1,1
59.6,1411,1,0.0185154,0.0185154,0.491308,0.379249,0.112059,33.9652,33.517,10,10,0,0.510987,0.376371,0.134616,0,1,0,0
59.6,1411,2,0.0160148,0.0160148,0.592421,0.561,0.0314214,34.3697,34.244,10,10,0,0.487627,0.536331,0.048704,0,1,0,0
59.6,1411,3,0.00916563,0.00916563,0.350344,0.387809,0.0374649,33.4014,33.5512,10,10,0,0.587051,0.559755,0.027296,0,1,0,0
59.7,1412,1,0.000874326,0.000874326,0.474354,0.491308,0.0169544,33.8974,33.9652,10,10,0,0.376371,0.397003,0.020632,0,1,1,0
59.7,1412,2,0.000597015,0.000597015,0.617304,0.592421,0.0248824,34.4692,34.3697,10,10,0,0.536331,0.558651,0.02232,0,1,0,0
59.7,1412,3,0.000441278,0.000441278,0.372223,0.350344,0.021879,33.4889,33.4014,10,10,0,0.559755,0.584795,0.02504,0,1,0,0
59.8,1413,1,0.000555061,0.000555061,0.484297,0.474354,0.00994378,33.9372,33.8974,10,9,-1,0.397003,0.445856,0.0488533,0,1,1,0
59.8,1413,2,0.0121205,0.0121205,0.589266,0.617304,0.0280372,34.3571,34.4692,10,11,1,0.558651,0.455573,0.103077,0,1,0,0
59.8,1413,3,0.000212286,0.000212286,0.365698,0.372223,0.00652495,33.4628,33.4889,10,10,0,0.584795,0.577323,0.007472,0,1,1,1
59.9,1414,1,0.0339924,0.0339924,0.535341,0.484297,0.0510436,34.1414,33.9372,9,9,0,0.445856,0.467144,0.021288,0,0,0,0
59.9,1414,2,0.000120983,0.000120983,0.600654,0.589266,0.0113877,34.4026,34.3571,11,11,0,0.455573,0.473885,0.018312,0,1,1,0
59.9,1414,3,0.000212286,0.000212286,0.372223,0.365698,0.00652495,33.4889,33.4628,10,10,0,0.577323,0.584795,0.007472,0,1,1,1
60,1415,1,0.025146,0.025146,0.386568,0.535341,0.148773,33.5463,34.1414,9,10,1,0.467144,0.487259,0.0201147,0,0,0,0
60,1415,2,0.0282194,0.0282194,0.576357,0.600654,0.0242969,34.3054,34.4026,11,10,-1,0.473885,0.508571,0.0346853,0,0,0,0
60,1415,3,0.0077283,0.0077283,0.385595,0.372223,0.0133723,33.5424,33.4889,10,10,0,0.584795,0.584059,0.000736,0,1,1,1
60.1,1416,1,0.00989858,0.00989858,0.483883,0.386568,0.0973145,33.9355,33.5463,10,10,0,0.487259,0.385443,0.101816,0,1,0,0
60.1,1416,2,0.0156322,0.0156322,0.592823,0.576357,0.0164655,34.3713,34.3054,10,10,0,0.508571,0.536683,0.028112,0,1,1,0
60.1,1416,3,0.00718179,0.00718179,0.359462,0.385595,0.026133,33.4378,33.5424,10,10,0,0.584059,0.569035,0.015024,0,1,0,0
60.2,1417,1,0.000986241,0.000986241,0.471732,0.483883,0.0121503,33.8869,33.9355,10,10,0,0.385443,0.400971,0.015528,0,1,1,0
60.2,1417,2,0,0,0.592823,0.592823,0,34.3713,34.3713,10,10,0,0.536683,0.536683,0,0,1,1,1
60.2,1417,3,0.000247083,0.000247083,0.367821,0.359462,0.00835818,33.4713,33.4378,10,10,0,0.569035,0.580059,0.011024,0,1,1,0
60.3,1418,1,0.0156697,0.0156697,0.513415,0.471732,0.0416828,34.0537,33.8869,10,10,0,0.400971,0.393915,0.007056,0,1,0,0
60.3,1418,2,0.0157242,0.0157242,0.593764,0.592823,0.000941277,34.3751,34.3713,10,10,0,0.536683,0.538203,0.00152,0,1,1,1
60.3,1418,3,0.000647282,0.000647282,0.37511,0.367821,0.00728977,33.5004,33.4713,10,10,0,0.580059,0.587611,0.007552,0,1,1,1
60.4,1419,1,0.00531586,0.00531586,0.442638,0.513415,0.0707766,33.7706,34.0537,10,10,0,0.393915,0.477539,0.083624,0,1,0,0
60.4,1419,2,0.00653386,0.00653386,0.603376,0.593764,0.00961196,34.4135,34.3751,10,10,0,0.538203,0.539195,0.000992,0,1,1,1
60.4,1419,3,0.00893018,0.00893018,0.387554,0.37511,0.0124439,33.5502,33.5004,10,10,0,0.587611,0.586731,0.00088,0,1,1,1
60.5,1420,1,0.0147596,0.0147596,0.470012,0.442638,0.0273733,33.88,33.7706,10,9,-1,0.477539,0.468872,0.00866667,0,1,0,0
60.5,1420,2,0.0220372,0.0220372,0.582963,0.603376,0.0204126,34.3319,34.4135,10,11,1,0.539195,0.447397,0.0917973,0,0,0,0
60.5,1420,3,0.00895143,0.00895143,0.350968,0.387554,0.036586,33.4039,33.5502,10,10,0,0.586731,0.560299,0.026432,0,1,0,0
60.6,1421,1,0.028768,0.028768,0.555152,0.470012,0.0851408,34.2206,33.88,9,9,0,0.468872,0.467136,0.001736,0,0,0,0
60.6,1421,2,0.000869185,0.000869185,0.588368,0.582963,0.00540417,34.3535,34.3319,11,11,0,0.447397,0.458117,0.01072,0,1,1,0
60.6,1421,3,0.000373057,0.000373057,0.37219,0.350968,0.021222,33.4888,33.4039,10,10,0,0.560299,0.584763,0.024464,0,1,0,0
60.7,1422,1,0.0120108,0.0120108,0.381311,0.555152,0.173842,33.5252,34.2206,9,10,1,0.467136,0.521083,0.0539467,0,1,0,0
60.7,1422,2,0.0260481,0.0260481,0.569843,0.588368,0.0185249,34.2794,34.3535,11,10,-1,0.458117,0.496187,0.0380693,0,0,1,0
60.7,1422,3,0.0111757,0.0111757,0.392783,0.37219,0.0205924,33.5711,33.4888,10,10,0,0.584763,0.593403,0.00864,0,1,0,0
60.8,1423,1,0.0205625,0.0205625,0.489526,0.381311,0.108215,33.9581,33.5252,10,10,0,0.521083,0.381403,0.13968,0,0,0,0
60.8,1423,2,0.016854,0.016854,0.578559,0.569843,0.00871676,34.3142,34.2794,10,10,0,0.496187,0.526795,0.030608,0,1,1,0
60.8,1423,3,0.010602,0.010602,0.360999,0.392783,0.0317839,33.444,33.5711,10,10,0,0.593403,0.571115,0.022288,0,1,0,0
60.9,1424,1,0.00200138,0.00200138,0.478108,0.489526,0.011418,33.9124,33.9581,10,10,0,0.381403,0.398475,0.017072,0,1,1,0
60.9,1424,2,0.000296384,0.000296384,0.592649,0.578559,0.0140896,34.3706,34.3142,10,10,0,0.526795,0.539195,0.0124,0,1,1,0
60.9,1424,3,0.00195033,0.00195033,0.388991,0.360999,0.027992,33.556,33.444,10,10,0,0.571115,0.601731,0.030616,0,1,0,0
61,1425,1,0.00292727,0.00292727,0.493907,0.478108,0.0157988,33.9756,33.9124,10,9,-1,0.398475,0.441168,0.0426933,0,1,1,0
61,1425,2,0.010626,0.010626,0.579541,0.592649,0.0131077,34.3182,34.3706,10,11,1,0.539195,0.440733,0.0984613,0,1,1,0
61,1425,3,0.000106696,0.000106696,0.382569,0.388991,0.00642225,33.5303,33.556,10,10,0,0.601731,0.594939,0.006792,0,1,1,1
61.1,1426,1,0.0330811,0.0330811,0.554947,0.493907,0.0610404,34.2198,33.9756,9,9,0,0.441168,0.469944,0.028776,0,0,0,0
61.1,1426,2,0.0017283,0.0017283,0.588368,0.579541,0.00882632,34.3535,34.3182,11,11,0,0.440733,0.458117,0.017384,0,1,1,0
61.1,1426,3,1.07018e-05,1.07018e-05,0.387799,0.382569,0.00523058,33.5512,33.5303,10,10,0,0.594939,0.600443,0.005504,0,1,1,1
61.2,1427,1,0.0239679,0.0239679,0.383987,0.554947,0.17096,33.5359,34.2198,9,10,1,0.469944,0.497363,0.0274187,0,0,0,0
61.2,1427,2,0.0261213,0.0261213,0.563947,0.588368,0.0244211,34.2558,34.3535,11,10,-1,0.458117,0.488235,0.0301173,0,0,0,0
61.2,1427,3,0.0156784,0.0156784,0.399214,0.387799,0.0114153,33.5969,33.5512,10,10,0,0.600443,0.601579,0.001136,0,1,1,1
61.3,1428,1,0.00632345,0.00632345,0.47952,0.383987,0.0955335,33.9181,33.5359,10,10,0,0.497363,0.396403,0.10096,0,1,0,0
61.3,1428,2,0.0172559,0.0172559,0.595114,0.563947,0.0311671,34.3805,34.2558,10,10,0,0.488235,0.541419,0.053184,0,1,0,0
61.3,1428,3,0.0150745,0.0150745,0.36125,0.399214,0.037964,33.445,33.5969,10,10,0,0.601579,0.573387,0.028192,0,1,0,0
61.4,1429,1,0.000360474,0.000360474,0.483211,0.47952,0.00369054,33.9328,33.9181,10,10,0,0.396403,0.390971,0.005432,0,1,1,1
61.4,1429,2,3.22461e-05,3.22461e-05,0.592649,0.595114,0.00246459,34.3706,34.3805,10,10,0,0.541419,0.539195,0.002224,0,1,1,1
61.4,1429,3,0.00187994,0.00187994,0.38391,0.36125,0.0226599,33.5356,33.445,10,10,0,0.573387,0.595723,0.022336,0,1,0,0
61.5,1430,1,0.0164012,0.0164012,0.519791,0.483211,0.0365805,34.0792,33.9328,10,8,-2,0.390971,0.512645,0.121675,0,1,0,0
61.5,1430,2,0.0121349,0.0121349,0.576231,0.592649,0.0164182,34.3049,34.3706,10,11,1,0.539195,0.430829,0.108365,0,1,1,0
61.5,1430,3,0.0199071,0.0199071,0.317137,0.38391,0.0667731,33.2685,33.5356,10,11,1,0.595723,0.481509,0.114213,0,1,0,0
61.6,1431,1,0.035919,0.035919,0.562359,0.519791,0.0425676,34.2494,34.0792,8,8,0,0.512645,0.618917,0.106272,0,0,0,0
61.6,1431,2,0.00101733,0.00101733,0.595874,0.576231,0.0196429,34.3835,34.3049,11,11,0,0.430829,0.458885,0.028056,0,1,1,0
61.6,1431,3,0.0292722,0.0292722,0.351422,0.317137,0.0342853,33.4057,33.2685,11,11,0,0.481509,0.511429,0.02992,0,0,0,0
61.7,1432,1,0.0290726,0.0290726,0.428874,0.562359,0.133485,33.7155,34.2494,8,10,2,0.618917,0.489363,0.129555,0,0,0,0
61.7,1432,2,0.0785146,0.0785146,0.596186,0.595874,0.000312388,34.3847,34.3835,11,9,-2,0.458885,0.5434,0.0845147,0,0,1,0
61.7,1432,3,0.0288712,0.0288712,0.322028,0.351422,0.0293942,33.2881,33.4057,11,11,0,0.511429,0.445541,0.065888,0,0,0,0
61.8,1433,1,0.0187276,0.0187276,0.455424,0.428874,0.0265501,33.8217,33.7155,10,10,0,0.489363,0.424923,0.06444,0,1,0,0
61.8,1433,2,0.0610745,0.0610745,0.625794,0.596186,0.0296077,34.5032,34.3847,9,9,0,0.5434,0.605792,0.062392,0,0,0,0
61.8,1433,3,0.0150873,0.0150873,0.381154,0.322028,0.0591259,33.5246,33.2881,11,11,0,0.445541,0.508693,0.063152,0,1,0,0
61.9,1434,1,0.0104154,0.0104154,0.534881,0.455424,0.0794571,34.1395,33.8217,10,8,-2,0.424923,0.459125,0.0342027,0,1,0,0
61.9,1434,2,0.00702297,0.00702297,0.671934,0.625794,0.0461403,34.6877,34.5032,9,11,2,0.605792,0.543109,0.0626827,0,1,0,0
61.9,1434,3,0.0191593,0.0191593,0.366316,0.381154,0.0148385,33.4653,33.5246,11,11,0,0.508693,0.540005,0.031312,0,1,1,0
62,1435,1,0.0200808,0.0200808,0.560357,0.534881,0.0254756,34.2414,34.1395,8,8,0,0.459125,0.604885,0.14576,0,0,0,0
62,1435,2,0.0110755,0.0110755,0.611434,0.671934,0.0604998,34.4457,34.6877,11,11,0,0.543109,0.393829,0.14928,0,1,0,0
62,1435,3,0.0165991,0.0165991,0.357986,0.366316,0.00832939,33.4319,33.4653,11,11,0,0.540005,0.461853,0.078152,0,1,1,0
62.1,1436,1,0.00186963,0.00186963,0.578101,0.560357,0.0177441,34.3124,34.2414,8,8,0,0.604885,0.660117,0.055232,0,1,1,0
62.1,1436,2,0.013192,0.013192,0.628289,0.611434,0.0168549,34.5132,34.4457,11,11,0,0.393829,0.454149,0.06032,0,1,1,0
62.1,1436,3,0.00261968,0.00261968,0.374505,0.357986,0.0165188,33.498,33.4319,11,11,0,0.461853,0.485213,0.02336,0,1,1,0
62.2,1437,1,0.0234068,0.0234068,0.433179,0.578101,0.144921,33.7327,34.3124,8,10,2,0.660117,0.466987,0.193131,0,0,0,0
62.2,1437,2,0.0625583,0.0625583,0.610462,0.628289,0.0178269,34.4418,34.5132,11,9,-2,0.454149,0.567472,0.113323,0,0,1,0
62.2,1437,3,0.0204606,0.0204606,0.321164,0.374505,0.053341,33.2847,33.498,11,11,0,0.485213,0.440533,0.04468,0,0,0,0
62.3,1438,1,0.00940212,0.00940212,0.451512,0.433179,0.0183326,33.806,33.7327,10,10,0,0.466987,0.430403,0.036584,0,1,1,0
62.3,1438,2,0.0534211,0.0534211,0.625813,0.610462,0.0153507,34.5033,34.4418,9,9,0,0.567472,0.605808,0.038336,0,0,1,0
62.3,1438,3,0.0478253,0.0478253,0.39868,0.321164,0.0775161,33.5947,33.2847,11,11,0,0.440533,0.541501,0.100968,0,0,0,0
62.4,1439,1,0.00508796,0.00508796,0.498266,0.451512,0.046754,33.9931,33.806,10,9,-1,0.430403,0.4328,0.00239733,0,1,0,0
62.4,1439,2,0.00678842,0.00678842,0.653741,0.625813,0.0279277,34.615,34.5033,9,11,2,0.605808,0.517637,0.0881707,0,1,0,0
62.4,1439,3,0.0270142,0.0270142,0.390873,0.39868,0.00780699,33.5635,33.5947,11,10,-1,0.541501,0.603699,0.0621973,0,0,1,0
62.5,1440,1,0.034504,0.034504,0.555372,0.498266,0.0571061,34.2215,33.9931,9,9,0,0.4328,0.458928,0.026128,0,0,0,0
62.5,1440,2,0.000685174,0.000685174,0.608554,0.653741,0.0451868,34.4342,34.615,11,11,0,0.517637,0.406493,0.111144,0,1,0,0
62.5,1440,3,0.0289007,0.0289007,0.428959,0.390873,0.0380857,33.7158,33.5635,10,10,0,0.603699,0.642315,0.038616,0,0,0,0
62.6,1441,1,0.0127874,0.0127874,0.479506,0.555372,0.0758658,33.918,34.2215,9,9,0,0.458928,0.537224,0.078296,0,1,0,0
62.6,1441,2,0.0016638,0.0016638,0.628281,0.608554,0.0197275,34.5131,34.4342,11,11,0,0.406493,0.454133,0.04764,0,1,1,0
62.6,1441,3,0.0122675,0.0122675,0.421457,0.428959,0.00750166,33.6858,33.7158,10,10,0,0.642315,0.607675,0.03464,0,1,1,0
62.7,1442,1,0.0255816,0.0255816,0.482192,0.479506,0.00268546,33.9288,33.918,9,9,0,0.537224,0.4638,0.073424,0,0,1,0
62.7,1442,2,0.0550305,0.0550305,0.615764,0.628281,0.0125171,34.4631,34.5131,11,9,-2,0.454133,0.594968,0.140835,0,0,1,0
62.7,1442,3,0.068105,0.068105,0.332595,0.421457,0.0888621,33.3304,33.6858,10,12,2,0.607675,0.421024,0.186651,0,0,0,0
62.8,1443,1,0.0205179,0.0205179,0.50726,0.482192,0.0250677,34.029,33.9288,9,9,0,0.4638,0.46576,0.00196,0,0,0,0
62.8,1443,2,0.0496955,0.0496955,0.657215,0.615764,0.0414502,34.6289,34.4631,9,9,0,0.594968,0.632896,0.037928,0,0,0,0
62.8,1443,3,0.0367456,0.0367456,0.363961,0.332595,0.0313663,33.4558,33.3304,12,12,0,0.421024,0.484384,0.06336,0,0,0,0
62.9,1444,1,0.0195795,0.0195795,0.48881,0.50726,0.0184499,33.9552,34.029,9,9,0,0.46576,0.505744,0.039984,0,1,1,0
62.9,1444,2,0.00533435,0.00533435,0.628309,0.657215,0.0289059,34.5132,34.6289,9,11,2,0.632896,0.454189,0.178707,0,1,0,0
62.9,1444,3,0.0127086,0.0127086,0.346314,0.363961,0.0176474,33.3853,33.4558,12,10,-2,0.484384,0.552347,0.0679627,0,1,1,0
63,1445,1,0.0301148,0.0301148,0.498739,0.48881,0.00992906,33.995,33.9552,9,9,0,0.505744,0.518368,0.012624,0,0,1,0
63,1445,2,0.00321682,0.00321682,0.631913,0.628309,0.00360394,34.5277,34.5132,11,11,0,0.454189,0.475277,0.021088,0,1,1,0
63,1445,3,0.0786521,0.0786521,0.444803,0.346314,0.098489,33.7792,33.3853,10,10,0,0.552347,0.640843,0.088496,0,0,0,0
63.1,1446,1,0.0318421,0.0318421,0.481647,0.498739,0.0170919,33.9266,33.995,9,9,0,0.518368,0.46576,0.052608,0,0,1,0
63.1,1446,2,0.0691109,0.0691109,0.585155,0.631913,0.046758,34.3406,34.5277,11,9,-2,0.475277,0.54524,0.0699627,0,0,0,0
63.1,1446,3,0.0136124,0.0136124,0.427258,0.444803,0.017545,33.709,33.7792,10,12,2,0.640843,0.575648,0.0651947,0,1,1,0
63.2,1447,1,0.00708234,0.00708234,0.511164,0.481647,0.029517,34.0447,33.9266,9,9,0,0.46576,0.419264,0.046496,0,1,0,0
63.2,1447,2,0.0649086,0.0649086,0.640617,0.585155,0.0554621,34.5625,34.3406,9,9,0,0.54524,0.618296,0.073056,0,0,0,0
63.2,1447,3,0.0733242,0.0733242,0.348547,0.427258,0.0787109,33.3942,33.709,12,12,0,0.575648,0.45512,0.120528,0,0,0,0
63.3,1448,1,0.0203166,0.0203166,0.443642,0.511164,0.0675217,33.7746,34.0447,9,9,0,0.419264,0.534,0.114736,0,0,0,0
63.3,1448,2,0.0143664,0.0143664,0.652395,0.640617,0.0117787,34.6096,34.5625,9,9,0,0.618296,0.613392,0.004904,0,1,1,1
63.3,1448,3,0.0199097,0.0199097,0.376602,0.348547,0.0280544,33.5064,33.3942,12,12,0,0.45512,0.477024,0.021904,0,1,0,0
63.4,1449,1,0.00913947,0.00913947,0.489688,0.443642,0.0460456,33.9588,33.7746,9,9,0,0.534,0.442376,0.091624,0,1,0,0
63.4,1449,2,0.0175321,0.0175321,0.61706,0.652395,0.0353356,34.4682,34.6096,9,11,2,0.613392,0.450445,0.162947,0,1,0,0
63.4,1449,3,0.00101967,0.00101967,0.392264,0.376602,0.0156629,33.5691,33.5064,12,10,-2,0.477024,0.554203,0.0771787,0,1,1,0
63.5,1450,1,0.00292011,0.00292011,0.495189,0.489688,0.00550148,33.9808,33.9588,9,9,0,0.442376,0.467216,0.02484,0,1,1,0
63.5,1450,2,0.000193574,0.000193574,0.630284,0.61706,0.0132244,34.5211,34.4682,11,11,0,0.450445,0.476533,0.026088,0,1,1,0
63.5,1450,3,0.0801973,0.0801973,0.461178,0.392264,0.0689139,33.8447,33.5691,10,10,0,0.554203,0.647835,0.093632,0,0,0,0
63.6,1451,1,0.00151262,0.00151262,0.487763,0.495189,0.00742674,33.9511,33.9808,9,9,0,0.467216,0.44632,0.020896,0,1,1,0
63.6,1451,2,0.0702634,0.0702634,0.583889,0.630284,0.0463952,34.3356,34.5211,11,9,-2,0.476533,0.546464,0.0699307,0,0,0,0
63.6,1451,3,0.0375163,0.0375163,0.427131,0.461178,0.0340469,33.7085,33.8447,10,12,2,0.647835,0.561552,0.0862827,0,0,0,0
63.7,1452,1,0.00704519,0.00704519,0.499353,0.487763,0.0115902,33.9974,33.9511,9,9,0,0.44632,0.445928,0.000392,0,1,1,1
63.7,1452,2,0.0759503,0.0759503,0.642168,0.583889,0.058279,34.5687,34.3356,9,9,0,0.546464,0.63036,0.083896,0,0,0,0
63.7,1452,3,0.0330765,0.0330765,0.384458,0.427131,0.0426732,33.5378,33.7085,12,12,0,0.561552,0.441808,0.119744,0,0,0,0
63.8,1453,1,0.00515405,0.00515405,0.495471,0.499353,0.00388226,33.9819,33.9974,9,9,0,0.445928,0.46576,0.019832,0,1,1,0
63.8,1453,2,0.000350535,0.000350535,0.645448,0.642168,0.00327998,34.5818,34.5687,9,9,0,0.63036,0.633056,0.002696,0,1,1,1
63.8,1453,3,0.0325918,0.0325918,0.409195,0.384458,0.0247367,33.6368,33.5378,12,12,0,0.441808,0.511864,0.070056,0,0,0,0
63.9,1454,1,0.00439528,0.00439528,0.498509,0.495471,0.00303832,33.994,33.9819,9,8,-1,0.46576,0.527269,0.0615093,0,1,1,0
63.9,1454,2,0.0028999,0.0028999,0.613198,0.645448,0.0322495,34.4528,34.5818,9,11,2,0.633056,0.426293,0.206763,0,1,0,0
63.9,1454,3,0.0295692,0.0295692,0.38654,0.409195,0.0226546,33.5462,33.6368,12,11,-1,0.511864,0.559173,0.0473093,0,0,0,0
64,1455,1,0.0177343,0.0177343,0.546565,0.498509,0.0480565,34.1863,33.994,8,8,0,0.527269,0.552837,0.025568,0,1,0,0
64,1455,2,0.0100721,0.0100721,0.627514,0.613198,0.0143154,34.5101,34.4528,11,11,0,0.426293,0.476557,0.050264,0,1,1,0
64,1455,3,0.0499463,0.0499463,0.433347,0.38654,0.0468069,33.7334,33.5462,11,11,0,0.559173,0.570357,0.011184,0,0,0,0
64.1,1456,1,0.0329006,0.0329006,0.420001,0.546565,0.126564,33.68,34.1863,8,10,2,0.552837,0.449107,0.103731,0,0,0,0
64.1,1456,2,0.0657999,0.0657999,0.591043,0.627514,0.0364708,34.3642,34.5101,11,9,-2,0.476557,0.543104,0.0665467,0,0,0,0
64.1,1456,3,0.0440705,0.0440705,0.375084,0.433347,0.0582636,33.5003,33.7334,11,11,0,0.570357,0.474669,0.095688,0,0,0,0
64.2,1457,1,0.00226668,0.00226668,0.457254,0.420001,0.0372531,33.829,33.68,10,10,0,0.449107,0.419611,0.029496,0,1,0,0
64.2,1457,2,0.067967,0.067967,0.640295,0.591043,0.0492519,34.5612,34.3642,9,9,0,0.543104,0.62292,0.079816,0,0,0,0
64.2,1457,3,0.0232792,0.0232792,0.399127,0.375084,0.0240434,33.5965,33.5003,11,11,0,0.474669,0.553397,0.078728,0,0,0,0
64.3,1458,1,0.000710227,0.000710227,0.49374,0.457254,0.0364861,33.975,33.829,10,9,-1,0.419611,0.427472,0.00786133,0,1,0,0
64.3,1458,2,0.000966877,0.000966877,0.68476,0.640295,0.0444649,34.739,34.5612,9,11,2,0.62292,0.565621,0.0572987,0,1,0,0
64.3,1458,3,0.0246288,0.0246288,0.472333,0.399127,0.0732062,33.8893,33.5965,11,10,-1,0.553397,0.608443,0.0550453,0,0,0,0
64.4,1459,1,0.0335176,0.0335176,0.610933,0.49374,0.117193,34.4437,33.975,9,9,0,0.427472,0.419264,0.008208,0,0,0,0
64.4,1459,2,0.00184349,0.00184349,0.633681,0.68476,0.0510786,34.5347,34.739,11,11,0,0.565621,0.484077,0.081544,0,1,0,0
64.4,1459,3,0.0274605,0.0274605,0.410566,0.472333,0.0617672,33.6423,33.8893,10,10,0,0.608443,0.594331,0.014112,0,0,0,0
64.5,1460,1,0.017077,0.017077,0.546683,0.610933,0.0642501,34.1867,34.4437,9,9,0,0.419264,0.527408,0.108144,0,1,0,0
64.5,1460,2,0.00157646,0.00157646,0.628181,0.633681,0.0054999,34.5127,34.5347,11,11,0,0.484077,0.458021,0.026056,0,1,1,0
64.5,1460,3,0.0114606,0.0114606,0.423781,0.410566,0.0132146,33.6951,33.6423,10,10,0,0.594331,0.584283,0.010048,0,1,1,0
64.6,1461,1,0.0170659,0.0170659,0.469087,0.546683,0.0775967,33.8763,34.1867,9,10,1,0.527408,0.420267,0.107141,0,1,0,0
64.6,1461,2,0.0707811,0.0707811,0.588214,0.628181,0.0399677,34.3529,34.5127,11,9,-2,0.458021,0.538016,0.0799947,0,0,0,0
64.6,1461,3,0.0351,0.0351,0.38445,0.423781,0.0393304,33.5378,33.6951,10,11,1,0.584283,0.421117,0.163165,0,0,0,0
64.7,1462,1,0.0190007,0.0190007,0.480674,0.469087,0.011587,33.9227,33.8763,10,10,0,0.420267,0.422427,0.00216,0,1,1,1
64.7,1462,2,0.0699227,0.0699227,0.638717,0.588214,0.0505036,34.5549,34.3529,9,9,0,0.538016,0.6216,0.083584,0,0,0,0
64.7,1462,3,0.0069451,0.0069451,0.422303,0.38445,0.0378521,33.6892,33.5378,11,11,0,0.421117,0.553309,0.132192,0,1,0,0
64.8,1463,1,0.0141967,0.0141967,0.559121,0.480674,0.0784476,34.2365,33.9227,10,8,-2,0.422427,0.466133,0.0437067,0,1,0,0
64.8,1463,2,0.0296659,0.0296659,0.640969,0.638717,0.00225228,34.5639,34.5549,9,10,1,0.6216,0.571579,0.0500213,0,0,1,0
64.8,1463,3,0.0258546,0.0258546,0.396945,0.422303,0.0253575,33.5878,33.6892,11,12,1,0.553309,0.521856,0.0314533,0,0,0,0
64.9,1464,1,0.036827,0.036827,0.528836,0.559121,0.0302854,34.1153,34.2365,8,8,0,0.466133,0.608325,0.142192,0,0,0,0
64.9,1464,2,0.00391925,0.00391925,0.597133,0.640969,0.0438367,34.3885,34.5639,10,10,0,0.571579,0.489259,0.08232,0,1,0,0
64.9,1464,3,0.0588978,0.0588978,0.370073,0.396945,0.0268721,33.4803,33.5878,12,12,0,0.521856,0.43848,0.083376,0,0,0,0
65,1465,1,0.00291795,0.00291795,0.529897,0.528836,0.00106132,34.1196,34.1153,8,8,0,0.608325,0.616757,0.008432,0,1,1,1
65,1465,2,4.42266e-05,4.42266e-05,0.603334,0.597133,0.00620127,34.4133,34.3885,10,10,0,0.489259,0.501467,0.012208,0,1,1,0
65,1465,3,0.00673048,0.00673048,0.353324,0.370073,0.0167487,33.4133,33.4803,12,12,0,0.43848,0.400272,0.038208,0,1,1,0
65.1,1466,1,0.0331607,0.0331607,0.544017,0.529897,0.0141202,34.1761,34.1196,8,12,4,0.616757,0.297544,0.319213,0,0,1,0
65.1,1466,2,0.0712785,0.0712785,0.648111,0.603334,0.0447767,34.5924,34.4133,10,8,-2,0.501467,0.630213,0.128747,0,0,0,0
65.1,1466,3,0.0152177,0.0152177,0.383129,0.353324,0.0298046,33.5325,33.4133,12,10,-2,0.400272,0.523707,0.123435,0,1,0,0
65.2,1467,1,0.000205494,0.000205494,0.492031,0.544017,0.0519865,33.9681,34.1761,12,12,0,0.297544,0.357912,0.060368,0,1,0,0
65.2,1467,2,0.0609912,0.0609912,0.673687,0.648111,0.0255762,34.6947,34.5924,8,8,0,0.630213,0.667445,0.037232,0,0,0,0
65.2,1467,3,0.0211528,0.0211528,0.403019,0.383129,0.0198899,33.6121,33.5325,10,10,0,0.523707,0.553147,0.02944,0,0,1,0
65.3,1468,1,0.0211453,0.0211453,0.555952,0.492031,0.063921,34.2238,33.9681,12,8,-4,0.357912,0.505701,0.147789,0,0,0,0
65.3,1468,2,0.0190658,0.0190658,0.633465,0.673687,0.0402214,34.5339,34.6947,8,10,2,0.667445,0.509483,0.157963,0,1,0,0
65.3,1468,3,0.0149384,0.0149384,0.405691,0.403019,0.00267175,33.6228,33.6121,10,12,2,0.553147,0.509112,0.0440347,0,1,1,0
65.4,1469,1,0.0109068,0.0109068,0.627008,0.555952,0.0710561,34.508,34.2238,8,8,0,0.505701,0.618205,0.112504,0,1,0,0
65.4,1469,2,0.0154043,0.0154043,0.641013,0.633465,0.00754738,34.5641,34.5339,10,10,0,0.509483,0.516987,0.007504,0,1,1,1
65.4,1469,3,0.0161639,0.0161639,0.401811,0.405691,0.00387967,33.6072,33.6228,12,12,0,0.509112,0.45684,0.052272,0,1,1,0
65.5,1470,1,0.00946213,0.00946213,0.458218,0.627008,0.16879,33.8329,34.508,8,12,4,0.618205,0.502592,0.115613,0,1,0,0
65.5,1470,2,0.050548,0.050548,0.615358,0.641013,0.0256552,34.4614,34.5641,10,8,-2,0.516987,0.568133,0.0511467,0,0,0,0
65.5,1470,3,0.0314863,0.0314863,0.3642,0.401811,0.0376104,33.4568,33.6072,12,10,-2,0.45684,0.482259,0.0254187,0,0,0,0
65.6,1471,1,0.00797661,0.00797661,0.613214,0.458218,0.154996,34.4529,33.8329,12,12,0,0.502592,0.217608,0.284984,0,1,0,0
65.6,1471,2,0.0634915,0.0634915,0.664391,0.615358,0.0490336,34.6576,34.4614,8,8,0,0.568133,0.677973,0.10984,0,0,0,0
65.6,1471,3,0.0733087,0.0733087,0.450805,0.3642,0.086605,33.8032,33.4568,10,10,0,0.482259,0.640795,0.158536,0,0,0,0
65.7,1472,1,0.00173754,0.00173754,0.516955,0.613214,0.0962591,34.0678,34.4529,12,12,0,0.217608,0.338464,0.120856,0,1,0,0
65.7,1472,2,0.00907646,0.00907646,0.691644,0.664391,0.0272527,34.7666,34.6576,8,8,0,0.677973,0.690453,0.01248,0,1,0,0
65.7,1472,3,0.00489945,0.00489945,0.43144,0.450805,0.0193653,33.7258,33.8032,10,10,0,0.640795,0.588363,0.052432,0,1,1,0
65.8,1473,1,0.00426085,0.00426085,0.570845,0.516955,0.0538903,34.2834,34.0678,12,8,-4,0.338464,0.564069,0.225605,0,1,0,0
65.8,1473,2,0.00911616,0.00911616,0.65092,0.691644,0.0407236,34.6037,34.7666,8,11,3,0.690453,0.371717,0.318736,0,1,0,0
65.8,1473,3,0.0380132,0.0380132,0.386916,0.43144,0.0445242,33.5477,33.7258,10,11,1,0.588363,0.425973,0.162389,0,0,0,0
65.9,1474,1,0.00011427,0.00011427,0.633265,0.570845,0.0624196,34.5331,34.2834,8,8,0,0.564069,0.635925,0.071856,0,1,0,0
65.9,1474,2,0.00433645,0.00433645,0.650152,0.65092,0.000768125,34.6006,34.6037,11,11,0,0.371717,0.409061,0.037344,0,1,1,0
65.9,1474,3,0.00348753,0.00348753,0.3965,0.386916,0.00958449,33.586,33.5477,11,11,0,0.425973,0.469493,0.04352,0,1,1,0
66,1475,1,0.00911954,0.00911954,0.467599,0.633265,0.165666,33.8704,34.5331,8,12,4,0.635925,0.5218,0.114125,0,1,0,0
66,1475,2,0.0592008,0.0592008,0.597001,0.650152,0.0531515,34.388,34.6006,11,8,-3,0.409061,0.518181,0.10912,0,0,0,0
66,1475,3,0.0275449,0.0275449,0.422961,0.3965,0.0264604,33.6918,33.586,11,10,-1,0.469493,0.490635,0.0211413,0,0,0,0
66.1,1476,1,0.0118882,0.0118882,0.605002,0.467599,0.137403,34.42,33.8704,12,12,0,0.5218,0.231784,0.290016,0,1,0,0
66.1,1476,2,0.0674446,0.0674446,0.730382,0.597001,0.133381,34.9215,34.388,8,8,0,0.518181,0.721781,0.2036,0,0,0,0
66.1,1476,3,0.0266749,0.0266749,0.404719,0.422961,0.0182422,33.6189,33.6918,10,10,0,0.490635,0.603691,0.113056,0,0,1,0
66.2,1477,1,0.00674274,0.00674274,0.491716,0.605002,0.113287,33.9669,34.42,12,12,0,0.231784,0.362664,0.13088,0,1,0,0
66.2,1477,2,0.0159547,0.0159547,0.730787,0.730382,0.000404775,34.9231,34.9215,8,8,0,0.721781,0.712341,0.00944,0,1,1,1
66.2,1477,3,0.0375456,0.0375456,0.427829,0.404719,0.0231107,33.7113,33.6189,10,10,0,0.603691,0.592211,0.01148,0,0,0,0
66.3,1478,1,0.00108542,0.00108542,0.558802,0.491716,0.0670868,34.2352,33.9669,12,8,-4,0.362664,0.579885,0.217221,0,1,0,0
66.3,1478,2,0.0238447,0.0238447,0.629457,0.730787,0.10133,34.5178,34.9231,8,10,2,0.712341,0.492155,0.220187,0,0,0,0
66.3,1478,3,0.0425124,0.0425124,0.375683,0.427829,0.0521467,33.5027,33.7113,10,12,2,0.592211,0.453328,0.138883,0,0,0,0
66.4,1479,1,0.00337119,0.00337119,0.638584,0.558802,0.0797813,34.5543,34.2352,8,8,0,0.579885,0.658245,0.07836,0,1,0,0
66.4,1479,2,0.0127656,0.0127656,0.649694,0.629457,0.0202369,34.5988,34.5178,10,10,0,0.492155,0.535435,0.04328,0,1,0,0
66.4,1479,3,0.010099,0.010099,0.404213,0.375683,0.0285301,33.6169,33.5027,12,12,0,0.453328,0.468296,0.014968,0,1,0,0
66.5,1480,1,0.00213761,0.00213761,0.452669,0.638584,0.185915,33.8107,34.5543,8,12,4,0.658245,0.430624,0.227621,0,1,0,0
66.5,1480,2,0.0586397,0.0586397,0.625408,0.649694,0.0242858,34.5016,34.5988,10,8,-2,0.535435,0.601029,0.0655947,0,0,0,0
66.5,1480,3,0.0326209,0.0326209,0.376514,0.404213,0.0276985,33.5061,33.6169,12,10,-2,0.468296,0.502955,0.0346587,0,0,0,0
66.6,1481,1,0.0224686,0.0224686,0.561888,0.452669,0.109219,34.2476,33.8107,12,12,0,0.430624,0.29808,0.132544,0,0,0,0
66.6,1481,2,0.0897848,0.0897848,0.73946,0.625408,0.114052,34.9578,34.5016,8,8,0,0.601029,0.753077,0.152048,0,0,0,0
66.6,1481,3,0.0514584,0.0514584,0.439743,0.376514,0.0632283,33.759,33.5061,10,10,0,0.502955,0.632427,0.129472,0,0,0,0
66.7,1482,1,0.0253331,0.0253331,0.57267,0.561888,0.0107822,34.2907,34.2476,12,8,-4,0.29808,0.501613,0.203533,0,0,1,0
66.7,1482,2,0.0218308,0.0218308,0.71219,0.73946,0.0272705,34.8488,34.9578,8,10,2,0.753077,0.643387,0.109691,0,0,0,0
66.7,1482,3,0.00385024,0.00385024,0.419476,0.439743,0.020267,33.6779,33.759,10,12,2,0.632427,0.523536,0.108891,0,1,0,0
66.8,1483,1,0.00237668,0.00237668,0.636673,0.57267,0.0640031,34.5467,34.2907,8,8,0,0.501613,0.653837,0.152224,0,1,0,0
66.8,1483,2,0.031854,0.031854,0.620791,0.71219,0.0913985,34.4832,34.8488,10,10,0,0.643387,0.420091,0.223296,0,0,0,0
66.8,1483,3,0.0282773,0.0282773,0.379933,0.419476,0.0395431,33.5197,33.6779,12,12,0,0.523536,0.345992,0.177544,0,0,0,0
66.9,1484,1,0.00406644,0.00406644,0.652725,0.636673,0.0160522,34.6109,34.5467,8,8,0,0.653837,0.674085,0.020248,0,1,1,0
66.9,1484,2,0.0112094,0.0112094,0.630868,0.620791,0.0100769,34.5235,34.4832,10,10,0,0.420091,0.503931,0.08384,0,1,1,0
66.9,1484,3,0.012308,0.012308,0.397209,0.379933,0.0172767,33.5888,33.5197,12,12,0,0.345992,0.434008,0.088016,0,1,1,0
67,1485,1,0.00229526,0.00229526,0.530599,0.652725,0.122127,34.1224,34.6109,8,12,4,0.674085,0.354448,0.319637,0,1,0,0
67,1485,2,0.0473494,0.0473494,0.634087,0.630868,0.00321877,34.5363,34.5235,10,8,-2,0.503931,0.614965,0.111035,0,0,1,0
67,1485,3,0.00969634,0.00969634,0.392332,0.397209,0.00487691,33.5693,33.5888,12,10,-2,0.434008,0.540707,0.106699,0,1,1,0
67.1,1486,1,0.00832895,0.00832895,0.511545,0.530599,0.0190535,34.0462,34.1224,12,12,0,0.354448,0.399272,0.044824,0,1,1,0
67.1,1486,2,0.0640542,0.0640542,0.691311,0.634087,0.0572237,34.7652,34.5363,8,8,0,0.614965,0.690085,0.07512,0,0,0,0
67.1,1486,3,0.058067,0.058067,0.431559,0.392332,0.0392267,33.7262,33.5693,10,10,0,0.540707,0.588555,0.047848,0,0,0,0
67.2,1487,1,0.0161666,0.0161666,0.519685,0.511545,0.00813985,34.0787,34.0462,12,9,-3,0.399272,0.49336,0.094088,0,1,1,0
67.2,1487,2,0.00358262,0.00358262,0.685991,0.691311,0.00531954,34.744,34.7652,8,10,2,0.690085,0.597131,0.0929547,0,1,1,0
67.2,1487,3,0.0478224,0.0478224,0.414661,0.431559,0.016898,33.6586,33.7262,10,11,1,0.588555,0.536229,0.0523253,0,0,1,0
67.3,1488,1,0.00689568,0.00689568,0.573819,0.519685,0.0541336,34.2953,34.0787,9,9,0,0.49336,0.59744,0.10408,0,1,0,0
67.3,1488,2,0.0244725,0.0244725,0.621474,0.685991,0.0645171,34.4859,34.744,10,10,0,0.597131,0.422267,0.174864,0,0,0,0
67.3,1488,3,0.00991398,0.00991398,0.382479,0.414661,0.0321818,33.5299,33.6586,11,11,0,0.536229,0.486781,0.049448,0,1,0,0
67.4,1489,1,5.88372e-05,5.88372e-05,0.572874,0.573819,0.000945091,34.2915,34.2953,9,9,0,0.59744,0.594752,0.002688,0,1,1,1
67.4,1489,2,0.0113586,0.0113586,0.630875,0.621474,0.00940049,34.5235,34.4859,10,10,0,0.422267,0.503947,0.08168,0,1,1,0
67.4,1489,3,0.00789265,0.00789265,0.403866,0.382479,0.0213862,33.6155,33.5299,11,11,0,0.486781,0.520181,0.0334,0,1,0,0
67.5,1490,1,0.0179737,0.0179737,0.526414,0.572874,0.0464598,34.1057,34.2915,9,12,3,0.594752,0.337952,0.2568,0,1,0,0
67.5,1490,2,0.035641,0.035641,0.65974,0.630875,0.0288655,34.639,34.5235,10,8,-2,0.503947,0.655509,0.151563,0,0,0,0
67.5,1490,3,0.0138966,0.0138966,0.414001,0.403866,0.0101356,33.656,33.6155,11,10,-1,0.520181,0.579499,0.0593173,0,1,1,0
67.6,1491,1,0.0022489,0.0022489,0.477083,0.526414,0.0493305,33.9083,34.1057,12,12,0,0.337952,0.396064,0.058112,0,1,0,0
67.6,1491,2,0.0526483,0.0526483,0.688692,0.65974,0.0289521,34.7548,34.639,8,8,0,0.655509,0.687269,0.03176,0,0,0,0
67.6,1491,3,0.032825,0.032825,0.405261,0.414001,0.00873965,33.621,33.656,10,10,0,0.579499,0.597003,0.017504,0,0,1,0
67.7,1492,1,0.0186308,0.0186308,0.466208,0.477083,0.0108753,33.8648,33.9083,12,10,-2,0.396064,0.431147,0.0350827,0,1,1,0
67.7,1492,2,0.0356394,0.0356394,0.66047,0.688692,0.0282225,34.6419,34.7548,8,9,1,0.687269,0.630504,0.0567653,0,0,0,0
67.7,1492,3,0.0249335,0.0249335,0.420015,0.405261,0.0147537,33.6801,33.621,10,11,1,0.597003,0.567533,0.0294693,0,0,1,0
67.8,1493,1,0.0304616,0.0304616,0.564144,0.466208,0.0979363,34.2566,33.8648,10,10,0,0.431147,0.444539,0.013392,0,0,0,0
67.8,1493,2,0.00476684,0.00476684,0.666088,0.66047,0.00561893,34.6644,34.6419,9,9,0,0.630504,0.639232,0.008728,0,1,1,1
67.8,1493,3,0.00569787,0.00569787,0.434207,0.420015,0.0141915,33.7368,33.6801,11,11,0,0.567533,0.594053,0.02652,0,1,1,0
67.9,1494,1,0.0126988,0.0126988,0.380089,0.564144,0.184055,33.5204,34.2566,10,10,0,0.444539,0.516891,0.072352,0,1,0,0
67.9,1494,2,0.00932235,0.00932235,0.650871,0.666088,0.0152178,34.6035,34.6644,9,9,0,0.639232,0.609384,0.029848,0,1,1,0
67.9,1494,3,0.0144371,0.0144371,0.381851,0.434207,0.0523557,33.5274,33.7368,11,11,0,0.594053,0.547317,0.046736,0,1,0,0
68,1495,1,0.00762981,0.00762981,0.524762,0.380089,0.144673,34.099,33.5204,10,10,0,0.516891,0.429219,0.087672,0,1,0,0
68,1495,2,0.0261869,0.0261869,0.619819,0.650871,0.0310513,34.4793,34.6035,9,9,0,0.609384,0.591872,0.017512,0,0,0,0
68,1495,3,0.00787823,0.00787823,0.393108,0.381851,0.0112572,33.5724,33.5274,11,11,0,0.547317,0.573861,0.026544,0,1,1,0
68.1,1496,1,0.0144307,0.0144307,0.462542,0.524762,0.0622204,33.8502,34.099,10,10,0,0.429219,0.508971,0.079752,0,1,0,0
68.1,1496,2,0.00679658,0.00679658,0.651028,0.619819,0.0312085,34.6041,34.4793,9,9,0,0.591872,0.633896,0.042024,0,1,0,0
68.1,1496,3,0.0060916,0.0060916,0.378656,0.393108,0.0144523,33.5146,33.5724,11,11,0,0.573861,0.542597,0.031264,0,1,1,0
68.2,1497,1,0.0130768,0.0130768,0.446779,0.462542,0.0157624,33.7871,33.8502,10,10,0,0.508971,0.436795,0.072176,0,1,1,0
68.2,1497,2,0.0438035,0.0438035,0.634821,0.651028,0.0162072,34.5393,34.6041,9,9,0,0.633896,0.581728,0.052168,0,0,1,0
68.2,1497,3,0.00466158,0.00466158,0.40393,0.378656,0.0252745,33.6157,33.5146,11,11,0,0.542597,0.585933,0.043336,0,1,0,0
68.3,1498,1,0.0221071,0.0221071,0.510206,0.446779,0.0634262,34.0408,33.7871,10,10,0,0.436795,0.467643,0.030848,0,0,0,0
68.3,1498,2,0.0486326,0.0486326,0.644023,0.634821,0.00920224,34.5761,34.5393,9,9,0,0.581728,0.634664,0.052936,0,0,1,0
68.3,1498,3,9.54755e-05,9.54755e-05,0.403343,0.40393,0.000587314,33.6134,33.6157,11,11,0,0.585933,0.585349,0.000584,0,1,1,1
68.4,1499,1,0.0179238,0.0179238,0.574882,0.510206,0.0646766,34.2995,34.0408,10,8,-2,0.467643,0.566357,0.0987147,0,1,0,0
68.4,1499,2,0.0031089,0.0031089,0.662423,0.644023,0.0184005,34.6497,34.5761,9,10,1,0.634664,0.559251,0.0754133,0,1,1,0
68.4,1499,3,0.0147427,0.0147427,0.39542,0.403343,0.00792331,33.5817,33.6134,11,12,1,0.585349,0.499888,0.0854613,0,1,1,0
68.5,1500,1,0.00682007,0.00682007,0.587489,0.574882,0.0126069,34.35,34.2995,8,8,0,0.566357,0.622293,0.055936,0,1,1,0
68.5,1500,2,0.0151302,0.0151302,0.597739,0.662423,0.0646847,34.391,34.6497,10,10,0,0.559251,0.483499,0.075752,0,1,0,0
68.5,1500,3,0.0426036,0.0426036,0.364943,0.39542,0.0304767,33.4598,33.5817,12,12,0,0.499888,0.428736,0.071152,0,0,0,0
68.6,1501,1,0.00328143,0.00328143,0.592996,0.587489,0.00550699,34.372,34.35,8,8,0,0.622293,0.646037,0.023744,0,1,1,0
68.6,1501,2,0.00123146,0.00123146,0.640699,0.597739,0.0429601,34.5628,34.391,10,10,0,0.483499,0.556507,0.073008,0,1,0,0
68.6,1501,3,0.00452681,0.00452681,0.377137,0.364943,0.0121943,33.5085,33.4598,12,12,0,0.428736,0.45356,0.024824,0,1,1,0
68.7,1502,1,0.00366659,0.00366659,0.54842,0.592996,0.0445759,34.1937,34.372,8,10,2,0.646037,0.447563,0.198475,0,1,0,0
68.7,1502,2,0.0648294,0.0648294,0.625666,0.640699,0.0150324,34.5027,34.5628,10,9,-1,0.556507,0.560376,0.00386933,0,0,1,0
68.7,1502,3,0.0188052,0.0188052,0.357741,0.377137,0.019396,33.431,33.5085,12,11,-1,0.45356,0.517669,0.0641093,0,1,1,0
68.8,1503,1,0.033765,0.033765,0.484466,0.54842,0.0639539,33.9379,34.1937,10,10,0,0.447563,0.527371,0.079808,0,0,0,0
68.8,1503,2,0.0714723,0.0714723,0.673441,0.625666,0.0477749,34.6938,34.5027,9,9,0,0.560376,0.647216,0.08684,0,0,0,0
68.8,1503,3,0.026517,0.026517,0.418609,0.357741,0.0608673,33.6744,33.431,11,11,0,0.517669,0.535221,0.017552,0,0,0,0
68.9,1504,1,0.00705743,0.00705743,0.480552,0.484466,0.00391379,33.9222,33.9379,10,12,2,0.527371,0.332544,0.194827,0,1,1,0
68.9,1504,2,0.0563578,0.0563578,0.670747,0.673441,0.00269383,34.683,34.6938,9,8,-1,0.647216,0.689821,0.0426053,0,0,1,0
68.9,1504,3,0.017409,0.017409,0.448651,0.418609,0.0300418,33.7946,33.6744,11,10,-1,0.535221,0.641859,0.106637,0,1,0,0
69,1505,1,0.00264301,0.00264301,0.485047,0.480552,0.00449416,33.9402,33.9222,12,12,0,0.332544,0.324368,0.008176,0,1,1,1
69,1505,2,0.0567152,0.0567152,0.719094,0.670747,0.0483464,34.8764,34.683,8,8,0,0.689821,0.765101,0.07528,0,0,0,0
69,1505,3,0.00433308,0.00433308,0.436297,0.448651,0.0123538,33.7452,33.7946,10,10,0,0.641859,0.662891,0.021032,0,1,1,0
69.1,1506,1,0.0112226,0.0112226,0.532159,0.485047,0.0471126,34.1286,33.9402,12,8,-4,0.324368,0.463749,0.139381,0,1,0,0
69.1,1506,2,0.0257322,0.0257322,0.767201,0.719094,0.0481076,35.0688,34.8764,8,11,3,0.765101,0.668245,0.096856,0,0,0,0
69.1,1506,3,0.00726838,0.00726838,0.458891,0.436297,0.0225945,33.8356,33.7452,10,11,1,0.662891,0.635573,0.0273173,0,1,0,0
69.2,1507,1,0.00794862,0.00794862,0.680544,0.532159,0.148385,34.7222,34.1286,8,8,0,0.463749,0.592453,0.128704,0,1,0,0
69.2,1507,2,0.00308339,0.00308339,0.65634,0.767201,0.110862,34.6254,35.0688,11,11,0,0.668245,0.435845,0.2324,0,1,0,0
69.2,1507,3,0.00227267,0.00227267,0.371982,0.458891,0.0869095,33.4879,33.8356,11,11,0,0.635573,0.469181,0.166392,0,1,0,0
69.3,1508,1,0.00449874,0.00449874,0.672142,0.680544,0.00840151,34.6886,34.7222,8,8,0,0.592453,0.657829,0.065376,0,1,1,0
69.3,1508,2,0.0131537,0.0131537,0.681547,0.65634,0.0252072,34.7262,34.6254,11,11,0,0.435845,0.522309,0.086464,0,1,0,0
69.3,1508,3,0.00010265,0.00010265,0.400474,0.371982,0.0284922,33.6019,33.4879,11,11,0,0.469181,0.521757,0.052576,0,1,0,0
69.4,1509,1,0.000679016,0.000679016,0.473325,0.672142,0.198817,33.8933,34.6886,8,11,3,0.657829,0.394485,0.263344,0,1,0,0
69.4,1509,2,0.0798322,0.0798322,0.656818,0.681547,0.0247294,34.6273,34.7262,11,8,-3,0.522309,0.656781,0.134472,0,0,0,0
69.4,1509,3,0.00389993,0.00389993,0.380821,0.400474,0.0196531,33.5233,33.6019,11,11,0,0.521757,0.551413,0.029656,0,1,1,0
69.5,1510,1,0.0197654,0.0197654,0.485693,0.473325,0.0123681,33.9428,33.8933,11,11,0,0.394485,0.400645,0.00616,0,1,1,1
69.5,1510,2,0.0869902,0.0869902,0.761235,0.656818,0.104417,35.0449,34.6273,8,8,0,0.656781,0.762853,0.106072,0,0,0,0
69.5,1510,3,0.000116741,0.000116741,0.403359,0.380821,0.0225383,33.6134,33.5233,11,11,0,0.551413,0.585365,0.033952,0,1,0,0
69.6,1511,1,0.0119863,0.0119863,0.559142,0.485693,0.0734488,34.2366,33.9428,11,8,-3,0.400645,0.472453,0.071808,0,1,0,0
69.6,1511,2,0.0353956,0.0353956,0.803539,0.761235,0.0423037,35.2142,35.0449,8,11,3,0.762853,0.739381,0.023472,0,0,0,0
69.6,1511,3,8.00882e-05,8.00882e-05,0.380745,0.403359,0.0226141,33.523,33.6134,11,11,0,0.585365,0.551301,0.034064,0,1,0,0
69.7,1512,1,0.0217517,0.0217517,0.601292,0.559142,0.0421496,34.4052,34.2366,8,8,0,0.472453,0.592869,0.120416,0,0,0,0
69.7,1512,2,0.045492,0.045492,0.668529,0.803539,0.13501,34.6741,35.2142,11,11,0,0.739381,0.503165,0.236216,0,0,0,0
69.7,1512,3,0.0159801,0.0159801,0.355926,0.380745,0.0248186,33.4237,33.523,11,11,0,0.551301,0.499693,0.051608,0,1,0,0
69.8,1513,1,0.000952505,0.000952505,0.600449,0.601292,0.000842392,34.4018,34.4052,8,8,0,0.592869,0.656365,0.063496,0,1,1,0
69.8,1513,2,0.00304926,0.00304926,0.68602,0.668529,0.0174909,34.7441,34.6741,11,11,0,0.503165,0.530005,0.02684,0,1,1,0
69.8,1513,3,0.0116939,0.0116939,0.360665,0.355926,0.00473836,33.4427,33.4237,11,11,0,0.499693,0.531853,0.03216,0,1,1,0
69.9,1514,1,0.0104991,0.0104991,0.487611,0.600449,0.112839,33.9504,34.4018,8,11,3,0.656365,0.373429,0.282936,0,1,0,0
69.9,1514,2,0.0705106,0.0705106,0.671302,0.68602,0.0147175,34.6852,34.7441,11,8,-3,0.530005,0.681293,0.151288,0,0,1,0
69.9,1514,3,1.79131e-05,1.79131e-05,0.36801,0.360665,0.0073452,33.472,33.4427,11,11,0,0.531853,0.540661,0.008808,0,1,1,1
70,1515,1,0.0222863,0.0222863,0.485693,0.487611,0.00191736,33.9428,33.9504,11,11,0,0.373429,0.400645,0.027216,0,0,1,0
70,1515,2,0.0874779,0.0874779,0.760198,0.671302,0.088896,35.0408,34.6852,8,8,0,0.681293,0.771261,0.089968,0,0,0,0
70,1515,3,0.00589519,0.00589519,0.410622,0.36801,0.0426123,33.6425,33.472,11,11,0,0.540661,0.593317,0.052656,0,1,0,0
70.1,1516,1,0.00267985,0.00267985,0.554658,0.485693,0.0689644,34.2186,33.9428,11,8,-3,0.400645,0.497261,0.096616,0,1,0,0
70.1,1516,2,0.0305258,0.0305258,0.721704,0.760198,0.0384945,34.8868,35.0408,8,11,3,0.771261,0.612605,0.158656,0,0,0,0
70.1,1516,3,0.00240337,0.00240337,0.390507,0.410622,0.0201156,33.562,33.6425,11,11,0,0.593317,0.564373,0.028944,0,1,0,0
70.2,1517,1,0.027739,0.027739,0.581553,0.554658,0.0268955,34.3262,34.2186,8,8,0,0.497261,0.627117,0.129856,0,0,0,0
70.2,1517,2,0.013602,0.013602,0.687763,0.721704,0.0339406,34.7511,34.8868,11,11,0,0.612605,0.533029,0.079576,0,1,0,0
70.2,1517,3,0.00878347,0.00878347,0.372447,0.390507,0.0180592,33.4898,33.562,11,11,0,0.564373,0.545461,0.018912,0,1,1,0
70.3,1518,1,0.0136792,0.0136792,0.474297,0.581553,0.107256,33.8972,34.3262,8,11,3,0.627117,0.551669,0.075448,0,1,0,0
70.3,1518,2,0.0813623,0.0813623,0.61403,0.687763,0.0737331,34.4561,34.7511,11,8,-3,0.533029,0.569909,0.03688,0,0,0,0
70.3,1518,3,6.70552e-07,6.70552e-07,0.371694,0.372447,0.000753552,33.4868,33.4898,11,11,0,0.545461,0.544669,0.000792,0,1,1,1
70.4,1519,1,0.0383217,0.0383217,0.531378,0.474297,0.0570807,34.1255,33.8972,11,11,0,0.551669,0.327405,0.224264,0,0,0,0
70.4,1519,2,0.0951582,0.0951582,0.733625,0.61403,0.119595,34.9345,34.4561,8,8,0,0.569909,0.739717,0.169808,0,0,0,0
70.4,1519,3,0.00577028,0.00577028,0.407346,0.371694,0.035652,33.6294,33.4868,11,11,0,0.544669,0.593317,0.048648,0,1,0,0
70.5,1520,1,0.0181907,0.0181907,0.46393,0.531378,0.0674484,33.8557,34.1255,11,11,0,0.327405,0.448181,0.120776,0,1,0,0
70.5,1520,2,0.0194499,0.0194499,0.764479,0.733625,0.0308537,35.0579,34.9345,8,8,0,0.739717,0.756669,0.016952,0,1,0,0
70.5,1520,3,0.000629503,0.000629503,0.391737,0.407346,0.0156088,33.5669,33.6294,11,11,0,0.593317,0.569221,0.024096,0,1,1,0
70.6,1521,1,0.0178,0.0178,0.495521,0.46393,0.0315916,33.9821,33.8557,11,9,-2,0.448181,0.461272,0.0130907,0,1,0,0
70.6,1521,2,0.0372521,0.0372521,0.690345,0.764479,0.0741338,34.7614,35.0579,8,10,2,0.756669,0.638643,0.118027,0,0,0,0
70.6,1521,3,0.00187677,0.00187677,0.377049,0.391737,0.0146876,33.5082,33.5669,11,11,0,0.569221,0.546069,0.023152,0,1,1,0
70.7,1522,1,0.0430553,0.0430553,0.568625,0.495521,0.073104,34.2745,33.9821,9,9,0,0.461272,0.498272,0.037,0,0,0,0
70.7,1522,2,0.0175529,0.0175529,0.707952,0.690345,0.0176066,34.8318,34.7614,10,10,0,0.638643,0.649787,0.011144,0,1,1,0
70.7,1522,3,0.00124817,0.00124817,0.40179,0.377049,0.024741,33.6072,33.5082,11,11,0,0.546069,0.585941,0.039872,0,1,0,0
70.8,1523,1,0.0160258,0.0160258,0.426962,0.568625,0.141663,33.7078,34.2745,9,10,1,0.498272,0.554875,0.0566027,0,1,0,0
70.8,1523,2,0.0394435,0.0394435,0.654512,0.707952,0.0534396,34.618,34.8318,10,9,-1,0.649787,0.615232,0.0345547,0,0,0,0
70.8,1523,3,0.00242694,0.00242694,0.402157,0.40179,0.000367075,33.6086,33.6072,11,11,0,0.585941,0.579669,0.006272,0,1,1,1
70.9,1524,1,0.00803658,0.00803658,0.484644,0.426962,0.0576825,33.9386,33.7078,10,10,0,0.554875,0.394283,0.160592,0,1,0,0
70.9,1524,2,0.0594164,0.0594164,0.632528,0.654512,0.0219842,34.5301,34.618,9,9,0,0.615232,0.630616,0.015384,0,0,0,0
70.9,1524,3,0.00108684,0.00108684,0.414126,0.402157,0.0119683,33.6565,33.6086,11,11,0,0.579669,0.601701,0.022032,0,1,1,0
71,1525,1,0.0112765,0.0112765,0.461345,0.484644,0.0232996,33.8454,33.9386,10,10,0,0.394283,0.464395,0.070112,0,1,0,0
71,1525,2,0.0052312,0.0052312,0.673542,0.632528,0.0410141,34.6942,34.5301,9,9,0,0.630616,0.66988,0.039264,0,1,0,0
71,1525,3,0.00116472,0.00116472,0.420143,0.414126,0.00601706,33.6806,33.6565,11,11,0,0.601701,0.609829,0.008128,0,1,1,1
71.1,1526,1,0.021185,0.021185,0.468462,0.461345,0.00711694,33.8738,33.8454,10,9,-1,0.464395,0.502688,0.0382933,0,0,1,0
71.1,1526,2,0.0504794,0.0504794,0.640575,0.673542,0.0329667,34.5623,34.6942,9,10,1,0.66988,0.518507,0.151373,0,0,0,0
71.1,1526,3,0.000958771,0.000958771,0.415313,0.420143,0.00483009,33.6613,33.6806,11,11,0,0.609829,0.603133,0.006696,0,1,1,1
71.2,1527,1,0.023394,0.023394,0.556383,0.468462,0.0879216,34.2255,33.8738,9,9,0,0.502688,0.537168,0.03448,0,0,0,0
71.2,1527,2,0.0368033,0.0368033,0.666804,0.640575,0.0262285,34.6672,34.5623,10,10,0,0.518507,0.605179,0.086672,0,0,0,0
71.2,1527,3,0.00136627,0.00136627,0.421951,0.415313,0.00663796,33.6878,33.6613,11,11,0,0.603133,0.612517,0.009384,0,1,1,1
71.3,1528,1,0.00826675,0.00826675,0.400713,0.556383,0.15567,33.6029,34.2255,9,11,2,0.537168,0.450581,0.0865867,0,1,0,0
71.3,1528,2,0.0635461,0.0635461,0.662009,0.666804,0.00479484,34.648,34.6672,10,8,-2,0.605179,0.665773,0.0605947,0,0,1,0
71.3,1528,3,0.00307516,0.00307516,0.403284,0.421951,0.0186664,33.6131,33.6878,11,11,0,0.612517,0.580877,0.03164,0,1,1,0
71.4,1529,1,0.00788433,0.00788433,0.45711,0.400713,0.0563974,33.8284,33.6029,11,11,0,0.450581,0.399717,0.050864,0,1,0,0
71.4,1529,2,0.0934852,0.0934852,0.749266,0.662009,0.0872573,34.9971,34.648,8,8,0,0.665773,0.782781,0.117008,0,0,0,0
71.4,1529,3,0.0014266,0.0014266,0.412,0.403284,0.00871599,33.648,33.6131,11,11,0,0.580877,0.598997,0.01812,0,1,1,0
71.5,1530,1,0.00573093,0.00573093,0.488584,0.45711,0.0314734,33.9543,33.8284,11,9,-2,0.399717,0.440328,0.0406107,0,1,0,0
71.5,1530,2,0.000171833,0.000171833,0.771704,0.749266,0.0224376,35.0868,34.9971,8,10,2,0.782781,0.740267,0.0425147,0,1,0,0
71.5,1530,3,0.00123451,0.00123451,0.420115,0.412,0.00811517,33.6805,33.648,11,11,0,0.598997,0.609789,0.010792,0,1,1,0
71.6,1531,1,0.0209343,0.0209343,0.605841,0.488584,0.117257,34.4234,33.9543,9,9,0,0.440328,0.487528,0.0472,0,0,0,0
71.6,1531,2,0.0632009,0.0632009,0.680018,0.771704,0.0916859,34.7201,35.0868,10,10,0,0.740267,0.617451,0.122816,0,0,0,0
71.6,1531,3,0.00247191,0.00247191,0.3869,0.420115,0.0332152,33.5476,33.6805,11,11,0,0.609789,0.559733,0.050056,0,1,0,0
71.7,1532,1,0.00425831,0.00425831,0.557713,0.605841,0.0481273,34.2309,34.4234,9,9,0,0.487528,0.574256,0.086728,0,1,0,0
71.7,1532,2,0.0151025,0.0151025,0.690018,0.680018,0.0100003,34.7601,34.7201,10,10,0,0.617451,0.617371,8e-05,0,1,1,1
71.7,1532,3,0.00188323,0.00188323,0.39237,0.3869,0.00546998,33.5695,33.5476,11,11,0,0.559733,0.569885,0.010152,0,1,1,0
71.8,1533,1,0.0128234,0.0128234,0.379185,0.557713,0.178528,33.5167,34.2309,9,11,2,0.574256,0.429421,0.144835,0,1,0,0
71.8,1533,2,0.0366772,0.0366772,0.666979,0.690018,0.0230389,34.6679,34.7601,10,8,-2,0.617371,0.683453,0.0660827,0,0,0,0
71.8,1533,3,0.000840029,0.000840029,0.39003,0.39237,0.00234011,33.5601,33.5695,11,11,0,0.569885,0.567173,0.002712,0,1,1,1
71.9,1534,1,0.0107939,0.0107939,0.436757,0.379185,0.0575718,33.747,33.5167,11,11,0,0.429421,0.399309,0.030112,0,1,0,0
71.9,1534,2,0.0920063,0.0920063,0.787555,0.666979,0.120576,35.1502,34.6679,8,8,0,0.683453,0.829309,0.145856,0,0,0,0
71.9,1534,3,0.00141302,0.00141302,0.414106,0.39003,0.0240757,33.6564,33.5601,11,11,0,0.567173,0.601677,0.034504,0,1,0,0
72,1535,1,0.00917352,0.00917352,0.506215,0.436757,0.0694583,34.0249,33.747,11,9,-2,0.399309,0.418208,0.0188987,0,1,0,0
72,1535,2,0.0149211,0.0149211,0.79486,0.787555,0.00730419,35.1794,35.1502,8,10,2,0.829309,0.786259,0.0430507,0,1,1,0
72,1535,3,0.000545567,0.000545567,0.384893,0.414106,0.029213,33.5396,33.6564,11,11,0,0.601677,0.557045,0.044632,0,1,0,0
72.1,1536,1,0.0117774,0.0117774,0.568703,0.506215,0.0624877,34.2748,34.0249,9,9,0,0.418208,0.528448,0.11024,0,1,0,0
72.1,1536,2,0.0650763,0.0650763,0.717439,0.79486,0.0774206,34.8698,35.1794,10,10,0,0.786259,0.669883,0.116376,0,0,0,0
72.1,1536,3,0.011707,0.011707,0.353265,0.384893,0.0316277,33.4131,33.5396,11,11,0,0.557045,0.509445,0.0476,0,1,0,0
72.2,1537,1,0.00161248,0.00161248,0.580089,0.568703,0.0113865,34.3204,34.2748,9,9,0,0.528448,0.620544,0.092096,0,1,1,0
72.2,1537,2,0.0144555,0.0144555,0.668299,0.717439,0.0491404,34.6732,34.8698,10,10,0,0.669883,0.579155,0.090728,0,1,0,0
72.2,1537,3,0.00587221,0.00587221,0.362789,0.353265,0.00952348,33.4512,33.4131,11,11,0,0.509445,0.534461,0.025016,0,1,1,0
72.3,1538,1,0.011759,0.011759,0.38315,0.580089,0.19694,33.5326,34.3204,9,11,2,0.620544,0.425101,0.195443,0,1,0,0
72.3,1538,2,0.0160018,0.0160018,0.682821,0.668299,0.0145221,34.7313,34.6732,10,8,-2,0.579155,0.710565,0.131411,0,1,1,0
72.3,1538,3,0.000115722,0.000115722,0.379805,0.362789,0.0170161,33.5192,33.4512,11,11,0,0.534461,0.554245,0.019784,0,1,1,0
72.4,1539,1,0.0109697,0.0109697,0.441723,0.38315,0.0585735,33.7669,33.5326,11,11,0,0.425101,0.393661,0.03144,0,1,0,0
72.4,1539,2,0.0849005,0.0849005,0.782616,0.682821,0.0997948,35.1305,34.7313,8,8,0,0.710565,0.829309,0.118744,0,0,0,0
72.4,1539,3,0.00400315,0.00400315,0.424109,0.379805,0.0443045,33.6964,33.5192,11,11,0,0.554245,0.615845,0.0616,0,1,0,0
72.5,1540,1,0.00881855,0.00881855,0.501039,0.441723,0.0593159,34.0042,33.7669,11,9,-2,0.393661,0.427576,0.0339147,0,1,0,0
72.5,1540,2,0.056393,0.056393,0.720882,0.782616,0.0617338,34.8835,35.1305,8,10,2,0.829309,0.683899,0.145411,0,0,0,0
72.5,1540,3,0.00305282,0.00305282,0.40432,0.424109,0.0197888,33.6173,33.6964,11,11,0,0.615845,0.581989,0.033856,0,1,1,0
72.6,1541,1,0.0150892,0.0150892,0.568966,0.501039,0.0679269,34.2759,34.0042,9,9,0,0.427576,0.599448,0.171872,0,1,0,0
72.6,1541,2,0.00201137,0.00201137,0.705327,0.720882,0.0155543,34.8213,34.8835,10,10,0,0.683899,0.641795,0.042104,0,1,1,0
72.6,1541,3,0.00819253,0.00819253,0.37121,0.40432,0.0331103,33.4848,33.6173,11,11,0,0.581989,0.546725,0.035264,0,1,0,0
72.7,1542,1,0.0128587,0.0128587,0.435213,0.568966,0.133753,33.7409,34.2759,9,11,2,0.599448,0.575549,0.0238987,0,1,0,0
72.7,1542,2,0.0582124,0.0582124,0.64589,0.705327,0.059437,34.5836,34.8213,10,8,-2,0.641795,0.648549,0.00675467,0,0,0,0
72.7,1542,3,0,0,0.37121,0.37121,0,33.4848,33.4848,11,11,0,0.546725,0.546725,0,0,1,1,1
72.8,1543,1,0.0380889,0.0380889,0.491422,0.435213,0.0562084,33.9657,33.7409,11,11,0,0.575549,0.332381,0.243168,0,0,0,0
72.8,1543,2,0.109025,0.109025,0.764339,0.64589,0.118448,35.0574,34.5836,8,8,0,0.648549,0.806421,0.157872,0,0,0,0
72.8,1543,3,0.00686648,0.00686648,0.430684,0.37121,0.0594741,33.7227,33.4848,11,11,0,0.546725,0.625645,0.07892,0,1,0,0
72.9,1544,1,0.00850299,0.00850299,0.483155,0.491422,0.00826705,33.9326,33.9657,11,11,0,0.332381,0.343493,0.011112,0,1,1,0
72.9,1544,2,0.0240773,0.0240773,0.811427,0.764339,0.0470878,35.2457,35.0574,8,8,0,0.806421,0.883637,0.077216,0,0,0,0
72.9,1544,3,0.0024889,0.0024889,0.398428,0.430684,0.0322565,33.5937,33.7227,11,11,0,0.625645,0.580453,0.045192,0,1,0,0
73,1545,1,0.00176723,0.00176723,0.499398,0.483155,0.0162432,33.9976,33.9326,11,9,-2,0.343493,0.430544,0.0870507,0,1,1,0
73,1545,2,0.0775455,0.0775455,0.723615,0.811427,0.0878118,34.8945,35.2457,8,10,2,0.883637,0.691563,0.192075,0,0,0,0
73,1545,3,0.00471854,0.00471854,0.375853,0.398428,0.0225746,33.5034,33.5937,11,11,0,0.580453,0.551461,0.028992,0,1,0,0
73.1,1546,1,0.0169639,0.0169639,0.591955,0.499398,0.0925574,34.3678,33.9976,9,9,0,0.430544,0.498672,0.068128,0,1,0,0
73.1,1546,2,0.0233231,0.0233231,0.742376,0.723615,0.0187615,34.9695,34.8945,10,10,0,0.691563,0.699995,0.008432,0,0,1,0
73.1,1546,3,0.006099,0.006099,0.425989,0.375853,0.050136,33.704,33.5034,11,11,0,0.551461,0.618661,0.0672,0,1,0,0
73.2,1547,1,0.0282715,0.0282715,0.480818,0.591955,0.111137,33.9233,34.3678,9,9,0,0.498672,0.62344,0.124768,0,0,0,0
73.2,1547,2,0.0246036,0.0246036,0.648043,0.742376,0.0943338,34.5922,34.9695,10,10,0,0.699995,0.600723,0.099272,0,0,0,0
73.2,1547,3,0.00142953,0.00142953,0.397885,0.425989,0.0281037,33.5915,33.704,11,11,0,0.618661,0.579877,0.038784,0,1,0,0
73.3,1548,1,0.0236219,0.0236219,0.456472,0.480818,0.0243461,33.8259,33.9233,9,9,0,0.62344,0.558144,0.065296,0,0,0,0
73.3,1548,2,0.023076,0.023076,0.699447,0.648043,0.051404,34.7978,34.5922,10,10,0,0.600723,0.660499,0.059776,0,0,0,0
73.3,1548,3,0.0015876,0.0015876,0.426469,0.397885,0.0285838,33.7059,33.5915,11,11,0,0.579877,0.619381,0.039504,0,1,0,0
73.4,1549,1,0.0119641,0.0119641,0.449028,0.456472,0.00744399,33.7961,33.8259,9,9,0,0.558144,0.506448,0.051696,0,1,1,0
73.4,1549,2,0.00659689,0.00659689,0.718503,0.699447,0.0190567,34.874,34.7978,10,10,0,0.660499,0.680227,0.019728,0,1,1,0
73.4,1549,3,0.00476173,0.00476173,0.443935,0.426469,0.0174662,33.7757,33.7059,11,11,0,0.619381,0.642101,0.02272,0,1,1,0
73.5,1550,1,0.00219285,0.00219285,0.444559,0.449028,0.00446895,33.7782,33.7961,9,9,0,0.506448,0.510736,0.004288,0,1,1,1
73.5,1550,2,0.00176461,0.00176461,0.713394,0.718503,0.00510931,34.8536,34.874,10,10,0,0.680227,0.674859,0.005368,0,1,1,1
73.5,1550,3,0.00154098,0.00154098,0.448893,0.443935,0.00495791,33.7956,33.7757,11,11,0,0.642101,0.648133,0.006032,0,1,1,1
73.6,1551,1,0.000809789,0.000809789,0.444744,0.444559,0.000184834,33.779,33.7782,9,9,0,0.510736,0.512488,0.001752,1,1,1,1
73.6,1551,2,0.00180374,0.00180374,0.708091,0.713394,0.00530303,34.8324,34.8536,10,10,0,0.674859,0.669371,0.005488,1,1,1,1
73.6,1551,3,0.00532815,0.00532815,0.430852,0.448893,0.0180411,33.7234,33.7956,11,11,0,0.648133,0.625893,0.02224,1,1,1,0
73.7,1552,1,7.41333e-06,7.41333e-06,0.444742,0.444744,1.66893e-06,33.779,33.779,9,9,0,0.512488,0.512472,1.6e-05,0,1,1,1
73.7,1552,2,0.00330273,0.00330273,0.717739,0.708091,0.00964814,34.871,34.8324,10,10,0,0.669371,0.679419,0.010048,0,1,1,0
73.7,1552,3,0.000515014,0.000515014,0.411829,0.430852,0.0190231,33.6473,33.7234,11,11,0,0.625893,0.598773,0.02712,0,1,1,0
73.8,1553,1,0.00264036,0.00264036,0.444725,0.444742,1.70171e-05,33.7789,33.779,9,9,0,0.512472,0.507896,0.004576,0,1,1,1
73.8,1553,2,0.00481476,0.00481476,0.703614,0.717739,0.0141248,34.8145,34.871,10,10,0,0.679419,0.664795,0.014624,0,1,1,0
73.8,1553,3,6.05211e-05,6.05211e-05,0.410268,0.411829,0.00156116,33.6411,33.6473,11,11,0,0.598773,0.596789,0.001984,0,1,1,1
73.9,1554,1,0.00263667,0.00263667,0.444741,0.444725,1.60933e-05,33.779,33.7789,9,9,0,0.507896,0.512464,0.004568,0,1,1,1
73.9,1554,2,0.00450706,0.00450706,0.716852,0.703614,0.0132374,34.8674,34.8145,10,10,0,0.664795,0.678483,0.013688,0,1,1,0
73.9,1554,3,6.41458e-05,6.41458e-05,0.411915,0.410268,0.00164673,33.6477,33.6411,11,11,0,0.596789,0.598885,0.002096,0,1,1,1
74,1555,1,0.000798687,0.000798687,0.444559,0.444741,0.000182241,33.7782,33.779,9,9,0,0.512464,0.510736,0.001728,0,1,1,1
74,1555,2,0.000623185,0.000623185,0.715047,0.716852,0.00180459,34.8602,34.8674,10,10,0,0.678483,0.676587,0.001896,0,1,1,1
74,1555,3,6.05974e-05,6.05974e-05,0.413344,0.411915,0.00142875,33.6534,33.6477,11,11,0,0.598885,0.600757,0.001872,0,1,1,1
74.1,1556,1,0.000798687,0.000798687,0.444741,0.444559,0.000182241,33.779,33.7782,9,9,0,0.510736,0.512464,0.001728,1,1,1,1
74.1,1556,2,0.00237712,0.00237712,0.708075,0.715047,0.00697178,34.8323,34.8602,10,10,0,0.676587,0.669355,0.007232,1,1,1,1
74.1,1556,3,2.50917e-05,2.50917e-05,0.413502,0.413344,0.00015837,33.654,33.6534,11,11,0,0.600757,0.600949,0.000192,1,1,1,1
74.2,1557,1,0.00373228,0.00373228,0.444902,0.444741,0.000160664,33.7796,33.779,9,9,0,0.512464,0.506424,0.00604,2,1,1,1
74.2,1557,2,0.00180379,0.00180379,0.713379,0.708075,0.0053032,34.8535,34.8323,10,10,0,0.669355,0.674843,0.005488,2,1,1,1
74.2,1557,3,0.00015305,0.00015305,0.408545,0.413502,0.00495654,33.6342,33.654,11,11,0,0.600949,0.594741,0.006208,2,1,1,1
74.3,1558,1,0.00373228,0.00373228,0.444741,0.444902,0.000160664,33.779,33.7796,9,9,0,0.506424,0.512464,0.00604,3,1,1,1
74.3,1558,2,0.000883516,0.000883516,0.710791,0.713379,0.00258732,34.8432,34.8535,10,10,0,0.674843,0.672155,0.002688,3,1,1,1
74.3,1558,3,0.000502929,0.000502929,0.417279,0.408545,0.00873381,33.6691,33.6342,11,11,0,0.594741,0.605509,0.010768,3,1,1,0
74.4,1559,1,0.000798687,0.000798687,0.444559,0.444741,0.000182241,33.7782,33.779,9,9,0,0.512464,0.510736,0.001728,0,1,1,1
74.4,1559,2,0.00264813,0.00264813,0.718488,0.710791,0.00769687,34.874,34.8432,10,10,0,0.672155,0.680211,0.008056,0,1,1,1
74.4,1559,3,0.000467855,0.000467855,0.407413,0.417279,0.00986591,33.6297,33.6691,11,11,0,0.605509,0.593397,0.012112,0,1,1,0
74.5,1560,1,0.000794969,0.000794969,0.444741,0.444559,0.000181437,33.779,33.7782,9,9,0,0.510736,0.512456,0.00172,0,1,1,1
74.5,1560,2,0.0050808,0.0050808,0.703599,0.718488,0.0148892,34.8144,34.874,10,10,0,0.680211,0.664779,0.015432,0,1,1,0
74.5,1560,3,0.000171784,0.000171784,0.412367,0.407413,0.00495359,33.6495,33.6297,11,11,0,0.593397,0.599477,0.00608,0,1,1,1
74.6,1561,1,3.71784e-06,3.71784e-06,0.444741,0.444741,8.04663e-07,33.779,33.779,9,9,0,0.512456,0.512464,8e-06,0,1,1,1
74.6,1561,2,0.00331619,0.00331619,0.713379,0.703599,0.00977969,34.8535,34.8144,10,10,0,0.664779,0.674843,0.010064,0,1,1,0
74.6,1561,3,0.000345001,0.000345001,0.415584,0.412367,0.00321764,33.6623,33.6495,11,11,0,0.599477,0.603461,0.003984,0,1,1,1
74.7,1562,1,0.00182276,0.00182276,0.442562,0.444741,0.00217912,33.7702,33.779,9,9,0,0.512464,0.512456,8e-06,0,1,1,1
74.7,1562,2,0.000578579,0.000578579,0.715062,0.713379,0.00168377,34.8602,34.8535,10,10,0,0.674843,0.676603,0.00176,0,1,1,1
74.7,1562,3,0.000305634,0.000305634,0.411438,0.415584,0.00414643,33.6458,33.6623,11,11,0,0.603461,0.598261,0.0052,0,1,1,1
74.8,1563,1,0.00527336,0.00527336,0.443287,0.442562,0.000724941,33.7731,33.7702,9,9,0,0.512456,0.504696,0.00776,1,1,1,1
74.8,1563,2,0.00146209,0.00146209,0.710791,0.715062,0.00427109,34.8432,34.8602,10,10,0,0.676603,0.672155,0.004448,1,1,1,1
74.8,1563,3,2.74442e-05,2.74442e-05,0.41079,0.411438,0.000648141,33.6432,33.6458,11,11,0,0.598261,0.597413,0.000848,1,1,1,1
74.9,1564,1,0.0034506,0.0034506,0.444741,0.443287,0.00145417,33.779,33.7731,9,9,0,0.504696,0.512464,0.007768,2,1,1,1
74.9,1564,2,0.0020748,0.0020748,0.716837,0.710791,0.00604528,34.8673,34.8432,10,10,0,0.672155,0.678467,0.006312,2,1,1,1
74.9,1564,3,0.000186123,0.000186123,0.415054,0.41079,0.00426438,33.6602,33.6432,11,11,0,0.597413,0.602821,0.005408,2,1,1,1
75,1565,1,0.00182715,0.00182715,0.442562,0.444741,0.00217965,33.7702,33.779,9,9,0,0.512464,0.512464,0,3,1,1,1
75,1565,2,0.000612708,0.000612708,0.715062,0.716837,0.00177419,34.8602,34.8673,10,10,0,0.678467,0.676603,0.001864,3,1,1,1
75,1565,3,0.000234282,0.000234282,0.411927,0.415054,0.00312734,33.6477,33.6602,11,11,0,0.602821,0.598901,0.00392,3,1,1,1
75.1,1566,1,4.38839e-06,4.38839e-06,0.442562,0.442562,5.36442e-07,33.7702,33.7702,9,9,0,0.512464,0.512456,8e-06,4,1,1,1
75.1,1566,2,0.00238764,0.00238764,0.70806,0.715062,0.00700259,34.8322,34.8602,10,10,0,0.676603,0.669339,0.007264,4,1,1,1
75.1,1566,3,3.57293e-05,3.57293e-05,0.41277,0.411927,0.000842869,33.6511,33.6477,11,11,0,0.598901,0.600005,0.001104,4,1,1,1
75.2,1567,1,0.000939675,0.000939675,0.442667,0.442562,0.000104964,33.7707,33.7702,9,9,0,0.512456,0.510736,0.00172,5,1,1,1
75.2,1567,2,0.0018143,0.0018143,0.713394,0.70806,0.0053342,34.8536,34.8322,10,10,0,0.669339,0.674859,0.00552,5,1,1,1
75.2,1567,3,8.33739e-05,8.33739e-05,0.410802,0.41277,0.00196773,33.6432,33.6511,11,11,0,0.600005,0.597429,0.002576,5,1,1,1
75.3,1568,1,0.000944063,0.000944063,0.442562,0.442667,0.0001055,33.7702,33.7707,9,9,0,0.510736,0.512464,0.001728,6,1,1,1
75.3,1568,2,0.0018143,0.0018143,0.70806,0.713394,0.0053342,34.8322,34.8536,10,10,0,0.674859,0.669339,0.00552,6,1,1,1
75.3,1568,3,2.69301e-05,2.69301e-05,0.411438,0.410802,0.000635952,33.6458,33.6432,11,11,0,0.597429,0.598261,0.000832,6,1,1,1
75.4,1569,1,0.00393519,0.00393519,0.443139,0.442562,0.000577688,33.7726,33.7702,9,9,0,0.512464,0.506424,0.00604,7,1,1,1
75.4,1569,2,0,0,0.70806,0.70806,0,34.8322,34.8322,10,10,0,0.669339,0.669339,0,7,1,1,1
75.4,1569,3,0.000205899,0.000205899,0.416731,0.411438,0.0052928,33.6669,33.6458,11,11,0,0.598261,0.603461,0.0052,7,1,1,1
75.5,1570,1,0.00393957,0.00393957,0.442561,0.443139,0.000578165,33.7702,33.7726,9,9,0,0.506424,0.512472,0.006048,8,1,1,1
75.5,1570,2,0.00300558,0.00300558,0.716852,0.70806,0.00879198,34.8674,34.8322,10,10,0,0.669339,0.678483,0.009144,8,1,1,1
75.5,1570,3,0.000805808,0.000805808,0.420656,0.416731,0.00392494,33.6826,33.6669,11,11,0,0.603461,0.607989,0.004528,8,1,1,1
75.6,1571,1,0.00117762,0.00117762,0.444877,0.442561,0.00231558,33.7795,33.7702,9,9,0,0.512472,0.513936,0.001464,9,1,1,1
75.6,1571,2,0.000623185,0.000623185,0.715047,0.716852,0.00180459,34.8602,34.8674,10,10,0,0.678483,0.676587,0.001896,9,1,1,1
75.6,1571,3,0.00179409,0.00179409,0.428391,0.420656,0.00773546,33.7136,33.6826,11,11,0,0.607989,0.618757,0.010768,9,1,1,0
75.7,1572,1,0.00233964,0.00233964,0.444595,0.444877,0.000281781,33.7784,33.7795,9,9,0,0.513936,0.50924,0.004696,0,1,1,1
75.7,1572,2,0.00057333,0.00057333,0.713379,0.715047,0.00166857,34.8535,34.8602,10,10,0,0.676587,0.674843,0.001744,0,1,1,1
75.7,1572,3,0.00081645,0.00081645,0.422815,0.428391,0.00557661,33.6913,33.7136,11,11,0,0.618757,0.613893,0.004864,0,1,1,1
75.8,1573,1,0.00168201,0.00168201,0.444741,0.444595,0.000145525,33.779,33.7784,9,9,0,0.50924,0.512456,0.003216,1,1,1,1
75.8,1573,2,0.00017887,0.00017887,0.7139,0.713379,0.000521362,34.8556,34.8535,10,10,0,0.674843,0.675387,0.000544,1,1,1,1
75.8,1573,3,0.000407364,0.000407364,0.424259,0.422815,0.00144422,33.697,33.6913,11,11,0,0.613893,0.616069,0.002176,1,1,1,1
75.9,1574,1,0.0026151,0.0026151,0.444722,0.444741,1.81794e-05,33.7789,33.779,9,9,0,0.512456,0.50792,0.004536,2,1,1,1
75.9,1574,2,0.00101242,0.00101242,0.716837,0.7139,0.0029366,34.8673,34.8556,10,10,0,0.675387,0.678467,0.00308,2,1,1,1
75.9,1574,3,0.000888444,0.000888444,0.426999,0.424259,0.00273973,33.708,33.697,11,11,0,0.616069,0.616709,0.00064,2,1,1,1
76,1575,1,0.00261882,0.00261882,0.444741,0.444722,1.89841e-05,33.779,33.7789,9,9,0,0.50792,0.512464,0.004544,3,1,1,1
76,1575,2,0.00211684,0.00211684,0.710668,0.716837,0.00616896,34.8427,34.8673,10,10,0,0.678467,0.672027,0.00644,3,1,1,1
76,1575,3,0,0,0.426999,0.426999,0,33.708,33.708,11,11,0,0.616709,0.616709,0,3,1,1,1
76.1,1576,1,3.71784e-06,3.71784e-06,0.444741,0.444741,8.04663e-07,33.779,33.779,9,9,0,0.512464,0.512456,8e-06,4,1,1,1
76.1,1576,2,0.000878239,0.000878239,0.708075,0.710668,0.00259221,34.8323,34.8427,10,10,0,0.672027,0.669355,0.002672,4,1,1,1
76.1,1576,3,0.000104412,0.000104412,0.429895,0.426999,0.00289652,33.7196,33.708,11,11,0,0.616709,0.617813,0.001104,4,1,1,1
76.2,1577,1,0.00167728,0.00167728,0.444595,0.444741,0.000145704,33.7784,33.779,9,9,0,0.512456,0.509248,0.003208,5,1,1,1
76.2,1577,2,0.00180379,0.00180379,0.713379,0.708075,0.0053032,34.8535,34.8323,10,10,0,0.669355,0.674843,0.005488,5,1,1,1
76.2,1577,3,0.000182107,0.000182107,0.42914,0.429895,0.000754803,33.7166,33.7196,11,11,0,0.617813,0.616701,0.001112,5,1,1,1
76.3,1578,1,0.000701755,0.000701755,0.442986,0.444595,0.00160843,33.7719,33.7784,9,9,0,0.509248,0.50792,0.001328,6,1,1,1
76.3,1578,2,0.00269551,0.00269551,0.721153,0.713379,0.00777435,34.8846,34.8535,10,10,0,0.674843,0.683043,0.0082,6,1,1,1
76.3,1578,3,1.31689e-06,1.31689e-06,0.429146,0.42914,5.51343e-06,33.7166,33.7166,11,11,0,0.616701,0.616709,8e-06,6,1,1,1
76.4,1579,1,0.00279764,0.00279764,0.442563,0.442986,0.0004237,33.7703,33.7719,9,9,0,0.50792,0.512448,0.004528,7,1,1,1
76.4,1579,2,0.00450457,0.00450457,0.70806,0.721153,0.0130932,34.8322,34.8846,10,10,0,0.683043,0.669339,0.013704,7,1,1,0
76.4,1579,3,0.000106102,0.000106102,0.428706,0.429146,0.000440091,33.7148,33.7166,11,11,0,0.616709,0.616061,0.000648,7,1,1,1
76.5,1580,1,8.75443e-06,8.75443e-06,0.442562,0.442563,1.01328e-06,33.7702,33.7703,9,9,0,0.512448,0.512464,1.6e-05,0,1,1,1
76.5,1580,2,0.00180906,0.00180906,0.713379,0.70806,0.00531882,34.8535,34.8322,10,10,0,0.669339,0.674843,0.005504,0,1,1,1
76.5,1580,3,0.000367317,0.000367317,0.427077,0.428706,0.00162843,33.7083,33.7148,11,11,0,0.616061,0.613893,0.002168,0,1,1,1
76.6,1581,1,0.00167008,0.00167008,0.44277,0.442562,0.000207812,33.7711,33.7702,9,9,0,0.512464,0.50952,0.002944,1,1,1,1
76.6,1581,2,0.000575854,0.000575854,0.715055,0.713379,0.00167608,34.8602,34.8535,10,10,0,0.674843,0.676595,0.001752,1,1,1,1
76.6,1581,3,0.000330612,0.000330612,0.428205,0.427077,0.00112724,33.7128,33.7083,11,11,0,0.613893,0.614021,0.000128,1,1,1,1
76.7,1582,1,0.0104797,0.0104797,0.445437,0.44277,0.00266719,33.7817,33.7711,9,9,0,0.50952,0.494536,0.014984,2,1,1,0
76.7,1582,2,0.00166085,0.00166085,0.708388,0.715055,0.00666696,34.8336,34.8602,10,10,0,0.676595,0.672155,0.00444,2,1,1,1
76.7,1582,3,0.00159129,0.00159129,0.434699,0.428205,0.00649446,33.7388,33.7128,11,11,0,0.614021,0.623317,0.009296,2,1,1,1
76.8,1583,1,0.000758536,0.000758536,0.446616,0.445437,0.00117931,33.7865,33.7817,9,9,0,0.494536,0.491712,0.002824,0,1,1,1
76.8,1583,2,0.00260432,0.00260432,0.701298,0.708388,0.00708985,34.8052,34.8336,10,10,0,0.672155,0.664779,0.007376,0,1,1,1
76.8,1583,3,0.00161397,0.00161397,0.428105,0.434699,0.00659394,33.7124,33.7388,11,11,0,0.623317,0.613893,0.009424,0,1,1,1
76.9,1584,1,0.000276096,0.000276096,0.446129,0.446616,0.000486881,33.7845,33.7865,9,9,0,0.491712,0.493056,0.001344,1,1,1,1
76.9,1584,2,0.00527546,0.00527546,0.716138,0.701298,0.0148406,34.8646,34.8052,10,10,0,0.664779,0.680227,0.015448,1,1,1,0
76.9,1584,3,2.26814e-05,2.26814e-05,0.428205,0.428105,9.94802e-05,33.7128,33.7124,11,11,0,0.613893,0.614021,0.000128,1,1,1,1
77,1585,1,0.00050652,0.00050652,0.447296,0.446129,0.00116709,33.7892,33.7845,9,9,0,0.493056,0.48996,0.003096,0,1,1,1
77,1585,2,0.00177011,0.00177011,0.710978,0.716138,0.00516045,34.8439,34.8646,10,10,0,0.680227,0.674843,0.005384,0,1,1,1
77,1585,3,0.00055187,0.00055187,0.43251,0.428205,0.0043059,33.73,33.7128,11,11,0,0.614021,0.618749,0.004728,0,1,1,1
77.1,1586,1,0.00171382,0.00171382,0.444482,0.447296,0.00281456,33.7779,33.7892,9,9,0,0.48996,0.496288,0.006328,1,1,1,1
77.1,1586,2,0.00189532,0.00189532,0.705698,0.710978,0.00528044,34.8228,34.8439,10,10,0,0.674843,0.669339,0.005504,1,1,1,1
77.1,1586,3,0.00129005,0.00129005,0.438074,0.43251,0.00556397,33.7523,33.73,11,11,0,0.618749,0.626645,0.007896,1,1,1,1
77.2,1587,1,0.0014834,0.0014834,0.446616,0.444482,0.00213435,33.7865,33.7779,9,9,0,0.496288,0.491712,0.004576,2,1,1,1
77.2,1587,2,0.00190065,0.00190065,0.710993,0.705698,0.00529587,34.844,34.8228,10,10,0,0.669339,0.674859,0.00552,2,1,1,1
77.2,1587,3,0.00265813,0.00265813,0.447679,0.438074,0.00960442,33.7907,33.7523,11,11,0,0.626645,0.642949,0.016304,2,1,1,0
77.3,1588,1,0.000751942,0.000751942,0.445445,0.446616,0.00117064,33.7818,33.7865,9,9,0,0.491712,0.49452,0.002808,0,1,1,1
77.3,1588,2,0.00268533,0.00268533,0.718792,0.710993,0.00779819,34.8752,34.844,10,10,0,0.674859,0.683027,0.008168,0,1,1,1
77.3,1588,3,0.000793047,0.000793047,0.444824,0.447679,0.00285465,33.7793,33.7907,11,11,0,0.642949,0.638085,0.004864,0,1,1,1
77.4,1589,1,0.000847168,0.000847168,0.446808,0.445445,0.0013631,33.7872,33.7818,9,9,0,0.49452,0.491192,0.003328,1,1,1,1
77.4,1589,2,0.00458035,0.00458035,0.705713,0.718792,0.0130787,34.8229,34.8752,10,10,0,0.683027,0.669355,0.013672,1,1,1,0
77.4,1589,3,0.000457825,0.000457825,0.446473,0.444824,0.00164905,33.7859,33.7793,11,11,0,0.638085,0.640893,0.002808,1,1,1,1
77.5,1590,1,0.00627705,0.00627705,0.443447,0.446808,0.00336185,33.7738,33.7872,9,9,0,0.491192,0.502832,0.01164,0,1,1,0
77.5,1590,2,0.00161565,0.00161565,0.701298,0.705713,0.00441509,34.8052,34.8229,10,10,0,0.669355,0.664779,0.004576,0,1,1,1
77.5,1590,3,0.00084707,0.00084707,0.460951,0.446473,0.0144773,33.8438,33.7859,11,11,0,0.640893,0.660933,0.02004,0,1,1,0
77.6,1591,1,0.0113602,0.0113602,0.442275,0.443447,0.00117138,33.7691,33.7738,9,9,0,0.502832,0.521672,0.01884,0,1,1,0
77.6,1591,2,0.00407874,0.00407874,0.712658,0.701298,0.0113603,34.8506,34.8052,10,10,0,0.664779,0.676587,0.011808,0,1,1,0
77.6,1591,3,0.00100894,0.00100894,0.463948,0.460951,0.00299793,33.8558,33.8438,11,11,0,0.660933,0.665093,0.00416,0,1,1,1
77.7,1592,1,3.35276e-06,3.35276e-06,0.442276,0.442275,4.76837e-07,33.7691,33.7691,9,9,0,0.521672,0.52168,8e-06,0,1,1,1
77.7,1592,2,0.000568066,0.000568066,0.710993,0.712658,0.0016647,34.844,34.8506,10,10,0,0.676587,0.674859,0.001728,0,1,1,1
77.7,1592,3,0.000699082,0.000699082,0.468338,0.463948,0.00438926,33.8734,33.8558,11,11,0,0.665093,0.669829,0.004736,0,1,1,1
77.8,1593,1,0.00119743,0.00119743,0.442151,0.442276,0.000124812,33.7686,33.7691,9,9,0,0.52168,0.518872,0.002808,1,1,1,1
77.8,1593,2,0.000906356,0.000906356,0.708388,0.710993,0.00260574,34.8336,34.844,10,10,0,0.674859,0.672155,0.002704,1,1,1,1
77.8,1593,3,0.000247912,0.000247912,0.464721,0.468338,0.00361627,33.8589,33.8734,11,11,0,0.669829,0.664965,0.004864,1,1,1,1
77.9,1594,1,0.000158504,0.000158504,0.442132,0.442151,1.90735e-05,33.7685,33.7686,9,9,0,0.518872,0.519168,0.000296,2,1,1,1
77.9,1594,2,0.00266582,0.00266582,0.716123,0.708388,0.00773549,34.8645,34.8336,10,10,0,0.672155,0.680211,0.008056,2,1,1,1
77.9,1594,3,0.000375967,0.000375967,0.470199,0.464721,0.00547776,33.8808,33.8589,11,11,0,0.664965,0.672341,0.007376,2,1,1,1
78,1595,1,0.00103892,0.00103892,0.442276,0.442132,0.000143886,33.7691,33.7685,9,9,0,0.519168,0.52168,0.002512,3,1,1,1
78,1595,2,0.00175946,0.00175946,0.710993,0.716123,0.00512975,34.844,34.8645,10,10,0,0.680211,0.674859,0.005352,3,1,1,1
78,1595,3,0.000271561,0.000271561,0.469093,0.470199,0.00110668,33.8764,33.8808,11,11,0,0.672341,0.669829,0.002512,3,1,1,1
78.1,1596,1,0.00120595,0.00120595,0.442152,0.442276,0.000123799,33.7686,33.7691,9,9,0,0.52168,0.518856,0.002824,4,1,1,1
78.1,1596,2,0.00190065,0.00190065,0.705698,0.710993,0.00529587,34.8228,34.844,10,10,0,0.674859,0.669339,0.00552,4,1,1,1
78.1,1596,3,3.26093e-05,3.26093e-05,0.469567,0.469093,0.000474304,33.8783,33.8764,11,11,0,0.669829,0.670469,0.00064,4,1,1,1
78.2,1597,1,0.0012127,0.0012127,0.442277,0.442152,0.000124812,33.7691,33.7686,9,9,0,0.518856,0.521696,0.00284,5,1,1,1
78.2,1597,2,0.00189532,0.00189532,0.710978,0.705698,0.00528044,34.8439,34.8228,10,10,0,0.669339,0.674843,0.005504,5,1,1,1
78.2,1597,3,0.00106235,0.00106235,0.461557,0.469567,0.00800967,33.8462,33.8783,11,11,0,0.670469,0.659589,0.01088,5,1,1,0
78.3,1598,1,1.34706e-05,1.34706e-05,0.442275,0.442277,2.02656e-06,33.7691,33.7691,9,9,0,0.521696,0.521664,3.2e-05,0,1,1,1
78.3,1598,2,0.0018897,0.0018897,0.705713,0.710978,0.00526506,34.8229,34.8439,10,10,0,0.674843,0.669355,0.005488,0,1,1,1
78.3,1598,3,0.00116676,0.00116676,0.471083,0.461557,0.00952536,33.8843,33.8462,11,11,0,0.659589,0.672517,0.012928,0,1,1,0
78.4,1599,1,0.00119923,0.00119923,0.442152,0.442275,0.000122786,33.7686,33.7691,9,9,0,0.521664,0.518856,0.002808,0,1,1,1
78.4,1599,2,0.00344145,0.00344145,0.715506,0.705713,0.00979322,34.862,34.8229,10,10,0,0.669355,0.679563,0.010208,0,1,1,0
78.4,1599,3,0.000273401,0.000273401,0.467573,0.471083,0.00350979,33.8703,33.8843,11,11,0,0.672517,0.667773,0.004744,0,1,1,1
78.5,1600,1,0.000167027,0.000167027,0.442132,0.442152,2.00868e-05,33.7685,33.7686,9,9,0,0.518856,0.519168,0.000312,0,1,1,1
78.5,1600,2,0.0201365,0.0201365,0.766255,0.715506,0.050749,35.065,34.862,10,10,0,0.679563,0.741251,0.061688,0,0,0,0
78.5,1600,3,0.000292536,0.000292536,0.465608,0.467573,0.00196511,33.8624,33.8703,11,11,0,0.667773,0.665093,0.00268,0,1,1,1
78.6,1601,1,0.0105746,0.0105746,0.451341,0.442132,0.00920895,33.8054,33.7685,9,9,0,0.519168,0.499488,0.01968,0,1,1,0
78.6,1601,2,0.0153956,0.0153956,0.767953,0.766255,0.00169808,35.0718,35.065,10,10,0,0.741251,0.749427,0.008176,0,1,1,1
78.6,1601,3,0.00536197,0.00536197,0.411294,0.465608,0.054314,33.6452,33.8624,11,11,0,0.665093,0.594189,0.070904,0,1,0,0
78.7,1602,1,0.00598275,0.00598275,0.463196,0.451341,0.0118551,33.8528,33.8054,9,9,0,0.499488,0.473776,0.025712,0,1,1,0
78.7,1602,2,0.00495979,0.00495979,0.78743,0.767953,0.0194771,35.1497,35.0718,10,10,0,0.749427,0.776363,0.026936,0,1,1,0
78.7,1602,3,0.0019199,0.0019199,0.402577,0.411294,0.00871715,33.6103,33.6452,11,11,0,0.594189,0.586709,0.00748,0,1,1,1
78.8,1603,1,1.44541e-06,1.44541e-06,0.463202,0.463196,5.96046e-06,33.8528,33.8528,9,9,0,0.473776,0.473768,8e-06,0,1,1,1
78.8,1603,2,0.00137291,0.00137291,0.781636,0.78743,0.00579458,35.1265,35.1497,10,10,0,0.776363,0.768059,0.008304,0,1,1,1
78.8,1603,3,3.58745e-06,3.58745e-06,0.401131,0.402577,0.0014452,33.6045,33.6103,11,11,0,0.586709,0.584965,0.001744,0,1,1,1
78.9,1604,1,1.44541e-06,1.44541e-06,0.463196,0.463202,5.96046e-06,33.8528,33.8528,9,9,0,0.473768,0.473776,8e-06,1,1,1,1
78.9,1604,2,0.0056282,0.0056282,0.783627,0.781636,0.00199085,35.1345,35.1265,10,10,0,0.768059,0.772779,0.00472,1,1,1,1
78.9,1604,3,0.000387875,0.000387875,0.398945,0.401131,0.00218666,33.5958,33.6045,11,11,0,0.584965,0.582117,0.002848,1,1,1,1
79,1605,1,2.81632e-06,2.81632e-06,0.463184,0.463196,1.18315e-05,33.8527,33.8528,9,9,0,0.473776,0.473792,1.6e-05,2,1,1,1
79,1605,2,0.0170012,0.0170012,0.81758,0.783627,0.0339531,35.2703,35.1345,10,10,0,0.772779,0.815707,0.042928,2,1,0,0
79,1605,3,0.000387913,0.000387913,0.401118,0.398945,0.00217339,33.6045,33.5958,11,11,0,0.582117,0.584949,0.002832,2,1,1,1
79.1,1606,1,0.000262447,0.000262447,0.460325,0.463184,0.00285864,33.8413,33.8527,9,9,0,0.473792,0.478328,0.004536,0,1,1,1
79.1,1606,2,0.00538512,0.00538512,0.798169,0.81758,0.0194106,35.1927,35.2703,10,10,0,0.815707,0.785091,0.030616,0,1,1,0
79.1,1606,3,0.000379657,0.000379657,0.398968,0.401118,0.00215054,33.5959,33.6045,11,11,0,0.584949,0.582149,0.0028,0,1,1,1
79.2,1607,1,0.000266708,0.000266708,0.463202,0.460325,0.00287643,33.8528,33.8413,9,9,0,0.478328,0.473768,0.00456,0,1,1,1
79.2,1607,2,0.0064417,0.0064417,0.798224,0.798169,5.48363e-05,35.1929,35.1927,10,10,0,0.785091,0.787131,0.00204,0,1,1,1
79.2,1607,3,0.000379672,0.000379672,0.401111,0.398968,0.00214389,33.6044,33.5959,11,11,0,0.582149,0.584941,0.002792,0,1,1,1
79.3,1608,1,4.26173e-06,4.26173e-06,0.463184,0.463202,1.7792e-05,33.8527,33.8528,9,9,0,0.473768,0.473792,2.4e-05,1,1,1,1
79.3,1608,2,0.00221974,0.00221974,0.807891,0.798224,0.00966668,35.2316,35.1929,10,10,0,0.787131,0.802187,0.015056,1,1,1,0
79.3,1608,3,0.000379672,0.000379672,0.398968,0.401111,0.00214389,33.5959,33.6044,11,11,0,0.584941,0.582149,0.002792,1,1,1,1
79.4,1609,1,0.00019224,0.00019224,0.461162,0.463184,0.00202239,33.8446,33.8527,9,9,0,0.473792,0.476992,0.0032,0,1,1,1
79.4,1609,2,0.00136366,0.00136366,0.801607,0.807891,0.00628364,35.2064,35.2316,10,10,0,0.802187,0.792307,0.00988,0,1,1,1
79.4,1609,3,0.000379657,0.000379657,0.401118,0.398968,0.00215054,33.6045,33.5959,11,11,0,0.582149,0.584949,0.0028,0,1,1,1
79.5,1610,1,0.00133894,0.00133894,0.519479,0.461162,0.0583169,34.0779,33.8446,9,8,-1,0.476992,0.525597,0.0486053,1,1,0,0
79.5,1610,2,0.0446964,0.0446964,0.757553,0.801607,0.0440541,35.0302,35.2064,10,11,1,0.792307,0.665469,0.126837,1,0,0,0
79.5,1610,3,0.000383766,0.000383766,0.398956,0.401118,0.00216189,33.5958,33.6045,11,11,0,0.584949,0.582133,0.002816,1,1,1,1
79.6,1611,1,0.0674223,0.0674223,0.525019,0.519479,0.00554079,34.1001,34.0779,8,8,0,0.525597,0.656325,0.130728,0,0,1,0
79.6,1611,2,0.00879588,0.00879588,0.788473,0.757553,0.0309201,35.1539,35.0302,11,11,0,0.665469,0.695381,0.029912,0,1,0,0
79.6,1611,3,0.00994619,0.00994619,0.403968,0.398956,0.00501141,33.6159,33.5958,11,11,0,0.582133,0.579333,0.0028,0,1,1,1
79.7,1612,1,0.0368205,0.0368205,0.465154,0.525019,0.0598652,33.8606,34.1001,8,9,1,0.656325,0.590048,0.0662773,0,0,0,0
79.7,1612,2,0.0105469,0.0105469,0.763655,0.788473,0.0248182,35.0546,35.1539,11,10,-1,0.695381,0.718587,0.0232053,0,1,0,0
79.7,1612,3,0.00529275,0.00529275,0.391742,0.403968,0.0122252,33.567,33.6159,11,11,0,0.579333,0.565653,0.01368,0,1,1,0
79.8,1613,1,0.0344291,0.0344291,0.468208,0.465154,0.00305375,33.8728,33.8606,9,9,0,0.590048,0.504016,0.086032,0,0,1,0
79.8,1613,2,0.0390774,0.0390774,0.830569,0.763655,0.0669138,35.3223,35.0546,10,10,0,0.718587,0.831067,0.11248,0,0,0,0
79.8,1613,3,0.00723182,0.00723182,0.393379,0.391742,0.00163707,33.5735,33.567,11,11,0,0.565653,0.577461,0.011808,0,1,1,0
79.9,1614,1,0.00506278,0.00506278,0.462392,0.468208,0.00581583,33.8496,33.8728,9,9,0,0.504016,0.475024,0.028992,0,1,1,0
79.9,1614,2,0.00552545,0.00552545,0.816891,0.830569,0.0136778,35.2676,35.3223,10,10,0,0.831067,0.812635,0.018432,0,1,1,0
79.9,1614,3,0.00122346,0.00122346,0.398829,0.393379,0.0054498,33.5953,33.5735,11,11,0,0.577461,0.582133,0.004672,0,1,1,1
80,1615,1,0.00110633,0.00110633,0.458548,0.462392,0.0038439,33.8342,33.8496,9,9,0,0.475024,0.482256,0.007232,0,1,1,1
80,1615,2,0.000580899,0.000580899,0.81949,0.816891,0.00259894,35.278,35.2676,10,10,0,0.812635,0.816995,0.00436,0,1,1,1
80,1615,3,0.00171679,0.00171679,0.423115,0.398829,0.0242855,33.6925,33.5953,11,11,0,0.582133,0.611013,0.02888,0,1,0,0
80.1,1616,1,0.000846475,0.000846475,0.456946,0.458548,0.00160173,33.8278,33.8342,9,9,0,0.482256,0.486224,0.003968,0,1,1,1
80.1,1616,2,0.000191802,0.000191802,0.818635,0.81949,0.000854671,35.2745,35.278,10,10,0,0.816995,0.815555,0.00144,0,1,1,1
80.1,1616,3,0.000318171,0.000318171,0.421666,0.423115,0.00144905,33.6867,33.6925,11,11,0,0.611013,0.609157,0.001856,0,1,1,1
80.2,1617,1,0.00197922,0.00197922,0.518958,0.456946,0.0620118,34.0758,33.8278,9,8,-1,0.486224,0.528805,0.0425813,1,1,0,0
80.2,1617,2,0.00517695,0.00517695,0.787919,0.818635,0.0307159,35.1517,35.2745,10,11,1,0.815555,0.707989,0.107565,1,1,0,0
80.2,1617,3,2.56281e-05,2.56281e-05,0.421541,0.421666,0.000124425,33.6862,33.6867,11,11,0,0.609157,0.609013,0.000144,1,1,1,1
80.3,1618,1,0.0660882,0.0660882,0.524931,0.518958,0.00597316,34.0997,34.0758,8,8,0,0.528805,0.656117,0.127312,0,0,1,0
80.3,1618,2,0.0183914,0.0183914,0.791494,0.787919,0.00357515,35.166,35.1517,11,11,0,0.707989,0.700357,0.007632,0,1,1,1
80.3,1618,3,0.0108773,0.0108773,0.406561,0.421541,0.0149802,33.6262,33.6862,11,11,0,0.609013,0.582853,0.02616,0,1,1,0
80.4,1619,1,0.0323788,0.0323788,0.468245,0.524931,0.056686,33.873,34.0997,8,9,1,0.656117,0.605488,0.0506293,0,0,0,0
80.4,1619,2,0.0125272,0.0125272,0.743926,0.791494,0.0475688,34.9757,35.166,11,10,-1,0.700357,0.692779,0.00757867,0,1,0,0
80.4,1619,3,0.00658533,0.00658533,0.393174,0.406561,0.0133868,33.5727,33.6262,11,11,0,0.582853,0.567141,0.015712,0,1,1,0
80.5,1620,1,0.0152698,0.0152698,0.46896,0.468245,0.000714988,33.8758,33.873,9,9,0,0.605488,0.558448,0.04704,0,1,1,0
80.5,1620,2,0.00939625,0.00939625,0.798367,0.743926,0.0544416,35.1935,34.9757,10,10,0,0.692779,0.762363,0.069584,0,1,0,0
80.5,1620,3,0.00863167,0.00863167,0.456904,0.393174,0.0637302,33.8276,33.5727,11,11,0,0.567141,0.654437,0.087296,0,1,0,0
80.6,1621,1,0.0229667,0.0229667,0.465235,0.46896,0.00372565,33.8609,33.8758,9,9,0,0.558448,0.517952,0.040496,0,0,1,0
80.6,1621,2,0.0250411,0.0250411,0.807229,0.798367,0.00886232,35.2289,35.1935,10,10,0,0.762363,0.790523,0.02816,0,0,1,0
80.6,1621,3,0.0117478,0.0117478,0.465381,0.456904,0.00847661,33.8615,33.8276,11,11,0,0.654437,0.672445,0.018008,0,1,1,0
80.7,1622,1,0.00199563,0.00199563,0.45606,0.465235,0.00917476,33.8242,33.8609,9,9,0,0.517952,0.480192,0.03776,0,1,1,0
80.7,1622,2,0.00218889,0.00218889,0.820991,0.807229,0.0137615,35.284,35.2289,10,10,0,0.790523,0.819539,0.029016,0,1,1,0
80.7,1622,3,0.00156135,0.00156135,0.459017,0.465381,0.00636387,33.8361,33.8615,11,11,0,0.672445,0.660085,0.01236,0,1,1,0
80.8,1623,1,0.000380203,0.000380203,0.455066,0.45606,0.000993758,33.8203,33.8242,9,9,0,0.480192,0.482232,0.00204,0,1,1,1
80.8,1623,2,0.00130999,0.00130999,0.826687,0.820991,0.005696,35.3067,35.284,10,10,0,0.819539,0.829371,0.009832,0,1,1,1
80.8,1623,3,0.00263844,0.00263844,0.459277,0.459017,0.000260025,33.8371,33.8361,11,11,0,0.660085,0.664653,0.004568,0,1,1,1
80.9,1624,1,0.00899682,0.00899682,0.52035,0.455066,0.0652832,34.0814,33.8203,9,8,-1,0.482232,0.531621,0.0493893,1,1,0,0
80.9,1624,2,0.00666816,0.00666816,0.790042,0.826687,0.0366451,35.1602,35.3067,10,11,1,0.829371,0.711221,0.118149,1,1,0,0
80.9,1624,3,0.000258856,0.000258856,0.458359,0.459277,0.000918448,33.8334,33.8371,11,11,0,0.664653,0.662901,0.001752,1,1,1,1
81,1625,1,0.0384419,0.0384419,0.513908,0.52035,0.00644165,34.0556,34.0814,8,8,0,0.531621,0.625061,0.09344,0,0,1,0
81,1625,2,0.0107963,0.0107963,0.787433,0.790042,0.00260872,35.1497,35.1602,11,11,0,0.711221,0.698965,0.012256,0,1,1,0
81,1625,3,0.0057761,0.0057761,0.403873,0.458359,0.0544854,33.6155,33.8334,11,11,0,0.662901,0.581509,0.081392,0,1,0,0
81.1,1626,1,0.00912902,0.00912902,0.478913,0.513908,0.0349948,33.9157,34.0556,8,9,1,0.625061,0.622848,0.00221333,0,1,0,0
81.1,1626,2,0.0132488,0.0132488,0.740051,0.787433,0.0473825,34.9602,35.1497,11,10,-1,0.698965,0.694283,0.00468267,0,1,0,0
81.1,1626,3,0.00363729,0.00363729,0.388788,0.403873,0.015085,33.5552,33.6155,11,11,0,0.581509,0.565685,0.015824,0,1,1,0
81.2,1627,1,0.0366052,0.0366052,0.47468,0.478913,0.00423279,33.8987,33.9157,9,9,0,0.622848,0.534088,0.08876,0,0,1,0
81.2,1627,2,0.000422247,0.000422247,0.792335,0.740051,0.0522846,35.1693,34.9602,10,10,0,0.694283,0.753203,0.05892,0,1,0,0
81.2,1627,3,0.00312641,0.00312641,0.457082,0.388788,0.068294,33.8283,33.5552,11,11,0,0.565685,0.654677,0.088992,0,1,0,0
81.3,1628,1,0.00329361,0.00329361,0.469705,0.47468,0.00497541,33.8788,33.8987,9,9,0,0.534088,0.510744,0.023344,0,1,1,0
81.3,1628,2,0.0274884,0.0274884,0.809898,0.792335,0.0175624,35.2396,35.1693,10,10,0,0.753203,0.794979,0.041776,0,0,1,0
81.3,1628,3,0.018555,0.018555,0.476255,0.457082,0.0191725,33.905,33.8283,11,11,0,0.654677,0.694917,0.04024,0,1,1,0
81.4,1629,1,0.0050218,0.0050218,0.449418,0.469705,0.020287,33.7977,33.8788,9,9,0,0.510744,0.494912,0.015832,0,1,0,0
81.4,1629,2,0.00115788,0.00115788,0.819509,0.809898,0.00961119,35.278,35.2396,10,10,0,0.794979,0.817027,0.022048,0,1,1,0
81.4,1629,3,0.00575768,0.00575768,0.459273,0.476255,0.0169821,33.8371,33.905,11,11,0,0.694917,0.664645,0.030272,0,1,1,0
81.5,1630,1,0.0040103,0.0040103,0.445894,0.449418,0.00352412,33.7836,33.7977,9,9,0,0.494912,0.502992,0.00808,0,1,1,1
81.5,1630,2,0.000685375,0.000685375,0.822532,0.819509,0.00302321,35.2901,35.278,10,10,0,0.817027,0.822171,0.005144,0,1,1,1
81.5,1630,3,0.000731502,0.000731502,0.452518,0.459273,0.00675443,33.8101,33.8371,11,11,0,0.664645,0.652837,0.011808,0,1,1,0
81.6,1631,1,0.0031946,0.0031946,0.519168,0.445894,0.0732746,34.0767,33.7836,9,8,-1,0.502992,0.537493,0.0345013,0,1,0,0
81.6,1631,2,0.0038214,0.0038214,0.818839,0.822532,0.00369275,35.2754,35.2901,10,11,1,0.822171,0.758421,0.0637493,0,1,1,0
81.6,1631,3,0.00168812,0.00168812,0.462227,0.452518,0.00970864,33.8489,33.8101,11,11,0,0.652837,0.670165,0.017328,0,1,1,0
81.7,1632,1,0.0532834,0.0532834,0.516698,0.519168,0.00247037,34.0668,34.0767,8,8,0,0.537493,0.635525,0.098032,0,0,1,0
81.7,1632,2,0.012506,0.012506,0.791723,0.818839,0.0271162,35.1669,35.2754,11,11,0,0.758421,0.705549,0.052872,0,1,0,0
81.7,1632,3,0.00995599,0.00995599,0.399481,0.462227,0.062746,33.5979,33.8489,11,11,0,0.670165,0.582869,0.087296,0,1,0,0
81.8,1633,1,0.0209135,0.0209135,0.570828,0.516698,0.05413,34.2833,34.0668,8,8,0,0.635525,0.658709,0.023184,0,0,0,0
81.8,1633,2,3.21977e-05,3.21977e-05,0.792491,0.791723,0.000768363,35.17,35.1669,11,11,0,0.705549,0.706741,0.001192,0,1,1,1
81.8,1633,3,0.00455929,0.00455929,0.385331,0.399481,0.0141499,33.5413,33.5979,11,11,0,0.582869,0.564317,0.018552,0,1,1,0
81.9,1634,1,0.0422991,0.0422991,0.478788,0.570828,0.0920403,33.9152,34.2833,8,9,1,0.658709,0.551808,0.106901,0,0,0,0
81.9,1634,2,0.00617376,0.00617376,0.810929,0.792491,0.0184374,35.2437,35.17,11,10,-1,0.706741,0.797099,0.0903573,0,1,1,0
81.9,1634,3,0.000296576,0.000296576,0.386656,0.385331,0.00132471,33.5466,33.5413,11,11,0,0.564317,0.565685,0.001368,0,1,1,1
82,1635,1,0.000267833,0.000267833,0.468498,0.478788,0.0102899,33.874,33.9152,9,9,0,0.551808,0.525616,0.026192,0,1,1,0
82,1635,2,0.0240718,0.0240718,0.822612,0.810929,0.0116827,35.2904,35.2437,10,10,0,0.797099,0.817011,0.019912,0,0,1,0
82,1635,3,0.00904153,0.00904153,0.454145,0.386656,0.0674888,33.8166,33.5466,11,11,0,0.565685,0.653893,0.088208,0,1,0,0
82.1,1636,1,0.00412987,0.00412987,0.448442,0.468498,0.0200562,33.7938,33.874,9,9,0,0.525616,0.496976,0.02864,0,1,0,0
82.1,1636,2,0.000645556,0.000645556,0.826678,0.822612,0.00406629,35.3067,35.2904,10,10,0,0.817011,0.829355,0.012344,0,1,1,0
82.1,1636,3,0.00158348,0.00158348,0.459017,0.454145,0.00487238,33.8361,33.8166,11,11,0,0.653893,0.660085,0.006192,0,1,1,1
82.2,1637,1,0.00533833,0.00533833,0.444834,0.448442,0.00360781,33.7793,33.7938,9,9,0,0.496976,0.506992,0.010016,0,1,1,0
82.2,1637,2,0.00260508,0.00260508,0.815185,0.826678,0.011493,35.2607,35.3067,10,10,0,0.829355,0.809803,0.019552,0,1,1,0
82.2,1637,3,0.000355177,0.000355177,0.460517,0.459017,0.00150028,33.8421,33.8361,11,11,0,0.660085,0.662885,0.0028,0,1,1,1
82.3,1638,1,0.000165224,0.000165224,0.519812,0.444834,0.0749785,34.0792,33.7793,9,8,-1,0.506992,0.534293,0.0273013,0,1,0,0
82.3,1638,2,0.00220486,0.00220486,0.834618,0.815185,0.0194328,35.3385,35.2607,10,11,1,0.809803,0.788189,0.0216133,0,1,1,0
82.3,1638,3,0.000355177,0.000355177,0.459017,0.460517,0.00150028,33.8361,33.8421,11,11,0,0.662885,0.660085,0.0028,0,1,1,1
82.4,1639,1,0.0584068,0.0584068,0.520344,0.519812,0.000531435,34.0814,34.0792,8,8,0,0.534293,0.644629,0.110336,0,0,1,0
82.4,1639,2,0.0126411,0.0126411,0.787706,0.834618,0.0469112,35.1508,35.3385,11,11,0,0.788189,0.699381,0.088808,0,1,0,0
82.4,1639,3,0.00367812,0.00367812,0.440319,0.459017,0.0186983,33.7613,33.8361,11,11,0,0.660085,0.637941,0.022144,0,1,1,0
82.5,1640,1,0.00907074,0.00907074,0.534324,0.520344,0.0139803,34.1373,34.0814,8,8,0,0.644629,0.674133,0.029504,0,1,1,0
82.5,1640,2,0.000317201,0.000317201,0.795306,0.787706,0.00759977,35.1812,35.1508,11,11,0,0.699381,0.711141,0.01176,0,1,1,0
82.5,1640,3,0.00162211,0.00162211,0.436331,0.440319,0.00398791,33.7453,33.7613,11,11,0,0.637941,0.633205,0.004736,0,1,1,1
82.6,1641,1,0.0623333,0.0623333,0.472918,0.534324,0.061406,33.8917,34.1373,8,9,1,0.674133,0.576176,0.0979573,0,0,0,0
82.6,1641,2,0.0071626,0.0071626,0.79286,0.795306,0.00244641,35.1714,35.1812,11,10,-1,0.711141,0.767451,0.0563093,0,1,1,0
82.6,1641,3,0.00439633,0.00439633,0.463979,0.436331,0.0276477,33.8559,33.7453,11,11,0,0.633205,0.638725,0.00552,0,1,0,0
82.7,1642,1,0.00720527,0.00720527,0.466352,0.472918,0.00656602,33.8654,33.8917,9,9,0,0.576176,0.544224,0.031952,0,1,1,0
82.7,1642,2,0.026447,0.026447,0.827167,0.79286,0.0343075,35.3087,35.1714,10,10,0,0.767451,0.824987,0.057536,0,0,0,0
82.7,1642,3,0.00558938,0.00558938,0.480154,0.463979,0.0161749,33.9206,33.8559,11,11,0,0.638725,0.665973,0.027248,0,1,1,0
82.8,1643,1,0.01059,0.01059,0.513645,0.466352,0.0472926,34.0546,33.8654,9,8,-1,0.544224,0.555045,0.0108213,0,1,0,0
82.8,1643,2,0.00703734,0.00703734,0.816541,0.827167,0.0106261,35.2662,35.3087,10,11,1,0.824987,0.754413,0.0705733,0,1,1,0
82.8,1643,3,0.00473958,0.00473958,0.485558,0.480154,0.00540483,33.9422,33.9206,11,11,0,0.665973,0.674021,0.008048,0,1,1,1
82.9,1644,1,0.0559207,0.0559207,0.525638,0.513645,0.0119932,34.1026,34.0546,8,8,0,0.555045,0.657013,0.101968,0,0,1,0
82.9,1644,2,0.0121171,0.0121171,0.798348,0.816541,0.0181928,35.1934,35.2662,11,11,0,0.754413,0.715957,0.038456,0,1,1,0
82.9,1644,3,0.00831917,0.00831917,0.47119,0.485558,0.0143689,33.8848,33.9422,11,11,0,0.674021,0.650949,0.023072,0,1,1,0
83,1645,1,0.0257704,0.0257704,0.575042,0.525638,0.0494038,34.3002,34.1026,8,8,0,0.657013,0.676165,0.019152,0,0,0,0
83,1645,2,1.16676e-05,1.16676e-05,0.798077,0.798348,0.000271261,35.1923,35.1934,11,11,0,0.715957,0.715525,0.000432,0,1,1,1
83,1645,3,0.00879733,0.00879733,0.460752,0.47119,0.0104376,33.843,33.8848,11,11,0,0.650949,0.636021,0.014928,0,1,1,0
83.1,1646,1,0.0265278,0.0265278,0.532263,0.575042,0.0427787,34.1291,34.3002,8,9,1,0.676165,0.587568,0.0885973,0,0,0,0
83.1,1646,2,0.00664647,0.00664647,0.80983,0.798077,0.0117525,35.2393,35.1923,11,10,-1,0.715525,0.795323,0.0797973,0,1,1,0
83.1,1646,3,0.00154144,0.00154144,0.458802,0.460752,0.00195026,33.8352,33.843,11,11,0,0.636021,0.633221,0.0028,0,1,1,1
83.2,1647,1,0.0091463,0.0091463,0.532273,0.532263,9.65595e-06,34.1291,34.1291,9,9,0,0.587568,0.617632,0.030064,0,1,1,0
83.2,1647,2,0.012609,0.012609,0.826673,0.80983,0.0168437,35.3067,35.2393,10,10,0,0.795323,0.814347,0.019024,0,1,1,0
83.2,1647,3,0.003021,0.003021,0.46262,0.458802,0.00381821,33.8505,33.8352,11,11,0,0.633221,0.638709,0.005488,0,1,1,1
83.3,1648,1,0.00653273,0.00653273,0.480839,0.532273,0.0514338,33.9234,34.1291,9,9,0,0.617632,0.62384,0.006208,0,1,0,0
83.3,1648,2,0.00835916,0.00835916,0.823113,0.826673,0.00356054,35.2925,35.3067,10,10,0,0.814347,0.817011,0.002664,0,1,1,1
83.3,1648,3,0.00678314,0.00678314,0.456974,0.46262,0.00564611,33.8279,33.8505,11,11,0,0.638709,0.633205,0.005504,0,1,1,1
83.4,1649,1,0.0337966,0.0337966,0.461506,0.480839,0.0193328,33.846,33.9234,9,9,0,0.62384,0.546576,0.077264,0,0,1,0
83.4,1649,2,0.0241446,0.0241446,0.818344,0.823113,0.00476885,35.2734,35.2925,10,10,0,0.817011,0.816979,3.2e-05,0,0,1,0
83.4,1649,3,0.0107414,0.0107414,0.479074,0.456974,0.0221006,33.9163,33.8279,11,11,0,0.633205,0.668677,0.035472,0,1,0,0
83.5,1650,1,0.0113307,0.0113307,0.464965,0.461506,0.00345919,33.8599,33.846,9,9,0,0.546576,0.51568,0.030896,0,1,1,0
83.5,1650,2,0.000691882,0.000691882,0.821413,0.818344,0.00306898,35.2857,35.2734,10,10,0,0.816979,0.822171,0.005192,0,1,1,1
83.5,1650,3,0.00728339,0.00728339,0.517925,0.479074,0.0388507,34.0717,33.9163,11,11,0,0.668677,0.668533,0.000144,0,1,0,0
83.6,1651,1,0.00448772,0.00448772,0.467092,0.464965,0.00212684,33.8684,33.8599,9,9,0,0.51568,0.519184,0.003504,0,1,1,1
83.6,1651,2,0.0241341,0.0241341,0.824991,0.821413,0.00357848,35.3,35.2857,10,10,0,0.822171,0.820171,0.002,0,0,1,0
83.6,1651,3,0.00188768,0.00188768,0.526513,0.517925,0.00858772,34.1061,34.0717,11,11,0,0.668533,0.690421,0.021888,0,1,1,0
83.7,1652,1,0.00682896,0.00682896,0.471106,0.467092,0.00401384,33.8844,33.8684,9,9,0,0.519184,0.496968,0.022216,0,1,1,0
83.7,1652,2,0.00143678,0.00143678,0.821129,0.824991,0.00386226,35.2845,35.3,10,10,0,0.820171,0.813707,0.006464,0,1,1,1
83.7,1652,3,0.00973196,0.00973196,0.543865,0.526513,0.0173522,34.1755,34.1061,11,11,0,0.690421,0.719029,0.028608,0,1,1,0
83.8,1653,1,0.0244839,0.0244839,0.514064,0.471106,0.0429577,34.0563,33.8844,9,8,-1,0.496968,0.555029,0.0580613,0,0,0,0
83.8,1653,2,0.00274129,0.00274129,0.788818,0.821129,0.0323114,35.1553,35.2845,10,11,1,0.813707,0.701077,0.112629,0,1,0,0
83.8,1653,3,0.0153423,0.0153423,0.574054,0.543865,0.0301885,34.2962,34.1755,11,11,0,0.719029,0.711509,0.00752,0,1,0,0
83.9,1654,1,0.0563045,0.0563045,0.517107,0.514064,0.00304359,34.0684,34.0563,8,8,0,0.555029,0.637605,0.082576,0,0,1,0
83.9,1654,2,0.000614982,0.000614982,0.803264,0.788818,0.0144463,35.2131,35.1553,11,11,0,0.701077,0.723877,0.0228,0,1,1,0
83.9,1654,3,0.00781135,0.00781135,0.579571,0.574054,0.00551713,34.3183,34.2962,11,11,0,0.711509,0.724805,0.013296,0,1,1,0
84,1655,1,0.0385929,0.0385929,0.628057,0.517107,0.11095,34.5122,34.0684,8,8,0,0.637605,0.632909,0.004696,0,0,0,0
84,1655,2,0.00659646,0.00659646,0.758673,0.803264,0.0445913,35.0347,35.2131,11,11,0,0.723877,0.657421,0.066456,0,1,0,0
84,1655,3,0.0105426,0.0105426,0.608068,0.579571,0.0284973,34.4323,34.3183,11,11,0,0.724805,0.700357,0.024448,0,1,0,0
84.1,1656,1,0.00356838,0.00356838,0.567299,0.628057,0.0607581,34.2692,34.5122,8,8,0,0.632909,0.625077,0.007832,0,1,0,0
84.1,1656,2,0.0103944,0.0103944,0.760716,0.758673,0.00204325,35.0429,35.0347,11,11,0,0.657421,0.666213,0.008792,0,1,1,1
84.1,1656,3,0.000751153,0.000751153,0.609372,0.608068,0.00130415,34.4375,34.4323,11,11,0,0.700357,0.705109,0.004752,0,1,1,1
84.2,1657,1,0.010234,0.010234,0.621028,0.567299,0.0537286,34.4841,34.2692,8,8,0,0.625077,0.657989,0.032912,0,1,0,0
84.2,1657,2,0.000164635,0.000164635,0.77627,0.760716,0.0155539,35.1051,35.0429,11,11,0,0.666213,0.689197,0.022984,0,1,1,0
84.2,1657,3,0.000416681,0.000416681,0.610107,0.609372,0.000734806,34.4404,34.4375,11,11,0,0.705109,0.707781,0.002672,0,1,1,1
84.3,1658,1,0.0289247,0.0289247,0.525122,0.621028,0.095906,34.1005,34.4841,8,9,1,0.657989,0.55048,0.107509,0,0,0,0
84.3,1658,2,0.00952286,0.00952286,0.789318,0.77627,0.0130485,35.1573,35.1051,11,10,-1,0.689197,0.761891,0.0726933,0,1,1,0
84.3,1658,3,0.00190751,0.00190751,0.608825,0.610107,0.0012821,34.4353,34.4404,11,11,0,0.707781,0.700373,0.007408,0,1,1,1
84.4,1659,1,0.00511401,0.00511401,0.528648,0.525122,0.00352627,34.1146,34.1005,9,9,0,0.55048,0.573056,0.022576,0,1,1,0
84.4,1659,2,0.00931575,0.00931575,0.813381,0.789318,0.0240628,35.2535,35.1573,10,10,0,0.761891,0.792851,0.03096,0,1,0,0
84.4,1659,3,0.000583224,0.000583224,0.610084,0.608825,0.00125939,34.4403,34.4353,11,11,0,0.700373,0.705093,0.00472,0,1,1,1
84.5,1660,1,0.0159394,0.0159394,0.465409,0.528648,0.0632384,33.8616,34.1146,9,9,0,0.573056,0.57832,0.005264,0,1,0,0
84.5,1660,2,0.00879271,0.00879271,0.803619,0.813381,0.00976193,35.2145,35.2535,10,10,0,0.792851,0.784875,0.007976,0,1,1,1
84.5,1660,3,0.000680059,0.000680059,0.611549,0.610084,0.00146478,34.4462,34.4403,11,11,0,0.705093,0.710597,0.005504,0,1,1,1
84.6,1661,1,0.0383082,0.0383082,0.467619,0.465409,0.00220931,33.8705,33.8616,9,9,0,0.57832,0.524704,0.053616,0,0,1,0
84.6,1661,2,0.00271124,0.00271124,0.81828,0.803619,0.0146608,35.2731,35.2145,10,10,0,0.784875,0.809019,0.024144,0,1,1,0
84.6,1661,3,0.00173798,0.00173798,0.61032,0.611549,0.00122935,34.4413,34.4462,11,11,0,0.710597,0.707253,0.003344,0,1,1,1
84.7,1662,1,0.00943166,0.00943166,0.557585,0.467619,0.0899666,34.2303,33.8705,9,8,-1,0.524704,0.534293,0.00958933,0,1,0,0
84.7,1662,2,0.00248557,0.00248557,0.832576,0.81828,0.0142956,35.3303,35.2731,10,11,1,0.809019,0.778797,0.0302213,0,1,1,0
84.7,1662,3,0.000294551,0.000294551,0.611679,0.61032,0.00135922,34.4467,34.4413,11,11,0,0.707253,0.711493,0.00424,0,1,1,1
84.8,1663,1,0.0653978,0.0653978,0.529442,0.557585,0.0281435,34.1178,34.2303,8,8,0,0.534293,0.633621,0.099328,0,0,0,0
84.8,1663,2,0.000248816,0.000248816,0.779448,0.832576,0.0531273,35.1178,35.3303,11,11,0,0.778797,0.686877,0.09192,0,1,0,0
84.8,1663,3,0.000138074,0.000138074,0.615595,0.611679,0.0039162,34.4624,34.4467,11,11,0,0.711493,0.724821,0.013328,0,1,1,0
84.9,1664,1,0.00835603,0.00835603,0.533293,0.529442,0.00385153,34.1332,34.1178,8,8,0,0.633621,0.653237,0.019616,0,1,1,0
84.9,1664,2,0.000307675,0.000307675,0.781001,0.779448,0.00155252,35.124,35.1178,11,11,0,0.686877,0.689213,0.002336,0,1,1,1
84.9,1664,3,0.00315974,0.00315974,0.608821,0.615595,0.0067746,34.4353,34.4624,11,11,0,0.724821,0.700357,0.024464,0,1,1,0
85,1665,1,0.0454834,0.0454834,0.525837,0.533293,0.00745642,34.1033,34.1332,8,9,1,0.653237,0.556704,0.0965333,0,0,1,0
85,1665,2,0.00668633,0.00668633,0.778072,0.781001,0.0029285,35.1123,35.124,11,10,-1,0.689213,0.744779,0.0555653,0,1,1,0
85,1665,3,0.000587218,0.000587218,0.610089,0.608821,0.00126809,34.4404,34.4353,11,11,0,0.700357,0.705109,0.004752,0,1,1,1
85.1,1666,1,0.00673641,0.00673641,0.530458,0.525837,0.00462097,34.1218,34.1033,9,9,0,0.556704,0.584944,0.02824,0,1,1,0
85.1,1666,2,0.00972919,0.00972919,0.813391,0.778072,0.0353188,35.2536,35.1123,10,10,0,0.744779,0.792867,0.048088,0,1,0,0
85.1,1666,3,0.000678062,0.000678062,0.611549,0.610089,0.00146043,34.4462,34.4404,11,11,0,0.705109,0.710597,0.005488,0,1,1,1
85.2,1667,1,0.0194697,0.0194697,0.468788,0.530458,0.0616703,33.8752,34.1218,9,9,0,0.584944,0.605584,0.02064,0,1,0,0
85.2,1667,2,0.00861498,0.00861498,0.808367,0.813391,0.00502437,35.2335,35.2536,10,10,0,0.792867,0.792835,3.2e-05,0,1,1,1
85.2,1667,3,0.00161325,0.00161325,0.608068,0.611549,0.00348133,34.4323,34.4462,11,11,0,0.710597,0.697541,0.013056,0,1,1,0
85.3,1668,1,0.0453051,0.0453051,0.465091,0.468788,0.00369614,33.8604,33.8752,9,9,0,0.605584,0.526224,0.07936,0,0,1,0
85.3,1668,2,1.39959e-05,1.39959e-05,0.80873,0.808367,0.000363111,35.2349,35.2335,10,10,0,0.792835,0.793451,0.000616,0,1,1,1
85.3,1668,3,0.00486314,0.00486314,0.612462,0.608068,0.00439394,34.4498,34.4323,11,11,0,0.697541,0.712749,0.015208,0,1,1,0
85.4,1669,1,0.00712752,0.00712752,0.468354,0.465091,0.00326273,33.8734,33.8604,9,9,0,0.526224,0.496976,0.029248,0,1,1,0
85.4,1669,2,0.00394572,0.00394572,0.822179,0.80873,0.0134487,35.2887,35.2349,10,10,0,0.793451,0.815451,0.022,0,1,1,0
85.4,1669,3,5.49704e-05,5.49704e-05,0.612715,0.612462,0.000253141,34.4509,34.4498,11,11,0,0.712749,0.713541,0.000792,0,1,1,1
85.5,1670,1,0.00728392,0.00728392,0.558874,0.468354,0.0905195,34.2355,33.8734,9,8,-1,0.496976,0.555021,0.0580453,0,1,0,0
85.5,1670,2,0.00318005,0.00318005,0.772293,0.822179,0.0498852,35.0892,35.2887,10,11,1,0.815451,0.679045,0.136405,0,1,0,0
85.5,1670,3,0.000560075,0.000560075,0.614952,0.612715,0.00223732,34.4598,34.4509,11,11,0,0.713541,0.721749,0.008208,0,1,1,1
85.6,1671,1,0.0725937,0.0725937,0.538071,0.558874,0.0208031,34.1523,34.2355,8,8,0,0.555021,0.671221,0.1162,0,0,0,0
85.6,1671,2,0.000745602,0.000745602,0.812022,0.772293,0.0397291,35.2481,35.0892,11,11,0,0.679045,0.739461,0.060416,0,1,0,0
85.6,1671,3,0.00168923,0.00168923,0.613815,0.614952,0.00113761,34.4553,34.4598,11,11,0,0.721749,0.719141,0.002608,0,1,1,1
85.7,1672,1,0.0318848,0.0318848,0.628049,0.538071,0.0899785,34.5122,34.1523,8,8,0,0.671221,0.647205,0.024016,0,0,0,0
85.7,1672,2,0.0161336,0.0161336,0.725444,0.812022,0.0865787,34.9018,35.2481,11,11,0,0.739461,0.616013,0.123448,0,1,0,0
85.7,1672,3,0.00140349,0.00140349,0.6108,0.613815,0.00301433,34.4432,34.4553,11,11,0,0.719141,0.707781,0.01136,0,1,1,0
85.8,1673,1,0.020902,0.020902,0.576239,0.628049,0.0518101,34.305,34.5122,8,8,0,0.647205,0.708917,0.061712,0,0,0,0
85.8,1673,2,0.0242662,0.0242662,0.713396,0.725444,0.0120479,34.8536,34.9018,11,11,0,0.616013,0.591645,0.024368,0,0,1,0
85.8,1673,3,0.00345938,0.00345938,0.616629,0.6108,0.00582874,34.4665,34.4432,11,11,0,0.707781,0.727029,0.019248,0,1,1,0
85.9,1674,1,0.00342025,0.00342025,0.626917,0.576239,0.0506784,34.5077,34.305,8,8,0,0.708917,0.697509,0.011408,0,1,0,0
85.9,1674,2,0.0116923,0.0116923,0.665121,0.713396,0.0482753,34.6605,34.8536,11,11,0,0.591645,0.540565,0.05108,0,1,0,0
85.9,1674,3,0.000980705,0.000980705,0.621133,0.616629,0.00450438,34.4845,34.4665,11,11,0,0.727029,0.741293,0.014264,0,1,1,0
86,1675,1,0.00992562,0.00992562,0.572264,0.626917,0.0546529,34.2891,34.5077,8,8,0,0.697509,0.678229,0.01928,0,1,0,0
86,1675,2,0.011017,0.011017,0.605169,0.665121,0.0599519,34.4207,34.6605,11,11,0,0.540565,0.483485,0.05708,0,1,0,0
86,1675,3,0.000234172,0.000234172,0.620026,0.621133,0.00110704,34.4801,34.4845,11,11,0,0.741293,0.737781,0.003512,0,1,1,1
86.1,1676,1,0.0112201,0.0112201,0.580735,0.572264,0.00847048,34.3229,34.2891,8,8,0,0.678229,0.726421,0.048192,0,1,1,0
86.1,1676,2,0.00104593,0.00104593,0.650864,0.605169,0.045695,34.6035,34.4207,11,11,0,0.483485,0.531605,0.04812,0,1,0,0
86.1,1676,3,4.77731e-05,4.77731e-05,0.620243,0.620026,0.000216663,34.481,34.4801,11,11,0,0.737781,0.738469,0.000688,0,1,1,1
86.2,1677,1,0.0382313,0.0382313,0.491153,0.580735,0.089582,33.9646,34.3229,8,10,2,0.726421,0.509627,0.216795,0,0,0,0
86.2,1677,2,0.0660841,0.0660841,0.67819,0.650864,0.0273262,34.7128,34.6035,11,9,-2,0.531605,0.660728,0.129123,0,0,0,0
86.2,1677,3,0.000187047,0.000187047,0.621138,0.620243,0.000895441,34.4846,34.481,11,11,0,0.738469,0.741309,0.00284,0,1,1,1
86.3,1678,1,6.68764e-05,6.68764e-05,0.484226,0.491153,0.00692701,33.9369,33.9646,10,10,0,0.509627,0.513579,0.003952,0,1,1,1
86.3,1678,2,0.0922896,0.0922896,0.817431,0.67819,0.139241,35.2697,34.7128,9,9,0,0.660728,0.842704,0.181976,0,0,0,0
86.3,1678,3,0.00188113,0.00188113,0.645467,0.621138,0.0243285,34.5819,34.4846,11,11,0,0.741309,0.796013,0.054704,0,1,0,0
86.4,1679,1,0.0144444,0.0144444,0.472608,0.484226,0.0116183,33.8904,33.9369,10,9,-1,0.513579,0.475584,0.0379947,0,1,1,0
86.4,1679,2,0.00733894,0.00733894,0.811151,0.817431,0.00627935,35.2446,35.2697,9,10,1,0.842704,0.816243,0.0264613,0,1,1,0
86.4,1679,3,0.00356368,0.00356368,0.624384,0.645467,0.0210832,34.4975,34.5819,11,11,0,0.796013,0.751325,0.044688,0,1,0,0
86.5,1680,1,0.00500833,0.00500833,0.474713,0.472608,0.0021055,33.8989,33.8904,9,9,0,0.475584,0.479488,0.003904,0,1,1,1
86.5,1680,2,0.012165,0.012165,0.793709,0.811151,0.0174425,35.1748,35.2446,10,10,0,0.816243,0.787035,0.029208,0,1,1,0
86.5,1680,3,0.0018679,0.0018679,0.62025,0.624384,0.00413316,34.481,34.4975,11,11,0,0.751325,0.738493,0.012832,0,1,1,0
86.6,1681,1,0.00867947,0.00867947,0.469241,0.474713,0.00547206,33.877,33.8989,9,9,0,0.479488,0.483344,0.003856,0,1,1,1
86.6,1681,2,0.0104987,0.0104987,0.806843,0.793709,0.0131338,35.2274,35.1748,10,10,0,0.787035,0.809347,0.022312,0,1,1,0
86.6,1681,3,0.0001847,0.0001847,0.621133,0.62025,0.000882864,34.4845,34.481,11,11,0,0.738493,0.741293,0.0028,0,1,1,1
86.7,1682,1,0.0137016,0.0137016,0.566454,0.469241,0.0972126,34.2658,33.877,9,8,-1,0.483344,0.547125,0.0637813,0,1,0,0
86.7,1682,2,0.0069708,0.0069708,0.773972,0.806843,0.0328707,35.0959,35.2274,10,11,1,0.809347,0.687733,0.121613,0,1,0,0
86.7,1682,3,1.51694e-05,1.51694e-05,0.62127,0.621133,0.000136435,34.4851,34.4845,11,11,0,0.741293,0.741717,0.000424,0,1,1,1
86.8,1683,1,0.0755072,0.0755072,0.537235,0.566454,0.0292184,34.1489,34.2658,8,8,0,0.547125,0.669173,0.122048,0,0,0,0
86.8,1683,2,0.0106391,0.0106391,0.808898,0.773972,0.034926,35.2356,35.0959,11,11,0,0.687733,0.732077,0.044344,0,1,0,0
86.8,1683,3,0.00310073,0.00310073,0.611779,0.62127,0.00949037,34.4471,34.4851,11,11,0,0.741717,0.712997,0.02872,0,1,1,0
86.9,1684,1,0.0311333,0.0311333,0.628049,0.537235,0.0908139,34.5122,34.1489,8,8,0,0.669173,0.647221,0.021952,0,0,0,0
86.9,1684,2,0.00749885,0.00749885,0.747361,0.808898,0.0615367,34.9894,35.2356,11,11,0,0.732077,0.639597,0.09248,0,1,0,0
86.9,1684,3,3.77819e-05,3.77819e-05,0.611954,0.611779,0.000174165,34.4478,34.4471,11,11,0,0.712997,0.713541,0.000544,0,1,1,1
87,1685,1,0.0212499,0.0212499,0.575893,0.628049,0.0521563,34.3036,34.5122,8,8,0,0.647221,0.698293,0.051072,0,0,0,0
87,1685,2,0.0217414,0.0217414,0.696504,0.747361,0.0508574,34.786,34.9894,11,11,0,0.639597,0.572037,0.06756,0,0,0,0
87,1685,3,0.00550639,0.00550639,0.62372,0.611954,0.0117664,34.4949,34.4478,11,11,0,0.713541,0.747021,0.03348,0,1,1,0
87.1,1686,1,0.00074181,0.00074181,0.630564,0.575893,0.0546707,34.5223,34.3036,8,8,0,0.698293,0.695469,0.002824,0,1,0,0
87.1,1686,2,0.00361554,0.00361554,0.658488,0.696504,0.0380158,34.634,34.786,11,11,0,0.572037,0.534125,0.037912,0,1,0,0
87.1,1686,3,0.000189304,0.000189304,0.622018,0.62372,0.00170171,34.4881,34.4949,11,11,0,0.747021,0.741717,0.005304,0,1,1,1
87.2,1687,1,0.00611103,0.00611103,0.573386,0.630564,0.0571776,34.2935,34.5223,8,8,0,0.695469,0.686197,0.009272,0,1,0,0
87.2,1687,2,0.011132,0.011132,0.641475,0.658488,0.0170128,34.5659,34.634,11,11,0,0.534125,0.526093,0.008032,0,1,1,1
87.2,1687,3,0.00025779,0.00025779,0.624334,0.622018,0.00231624,34.4973,34.4881,11,11,0,0.741717,0.748941,0.007224,0,1,1,1
87.3,1688,1,0.0119795,0.0119795,0.579132,0.573386,0.00574625,34.3165,34.2935,8,8,0,0.686197,0.721669,0.035472,0,1,1,0
87.3,1688,2,0.00175071,0.00175071,0.671381,0.641475,0.0299058,34.6855,34.5659,11,11,0,0.526093,0.556333,0.03024,0,1,0,0
87.3,1688,3,0.00126948,0.00126948,0.627476,0.624334,0.00314128,34.5099,34.4973,11,11,0,0.748941,0.758037,0.009096,0,1,1,1
87.4,1689,1,0.030313,0.030313,0.55886,0.579132,0.0202723,34.2354,34.3165,8,10,2,0.721669,0.507115,0.214555,0,0,0,0
87.4,1689,2,0.0616795,0.0616795,0.689449,0.671381,0.0180678,34.7578,34.6855,11,9,-2,0.556333,0.681824,0.125491,0,0,1,0
87.4,1689,3,0.00147746,0.00147746,0.629285,0.627476,0.00180888,34.5171,34.5099,11,11,0,0.758037,0.763541,0.005504,0,1,1,1
87.5,1690,1,0.0156302,0.0156302,0.559988,0.55886,0.0011276,34.24,34.2354,10,10,0,0.507115,0.553243,0.046128,0,1,1,0
87.5,1690,2,0.0664199,0.0664199,0.759853,0.689449,0.0704044,35.0394,34.7578,9,9,0,0.681824,0.760032,0.078208,0,0,0,0
87.5,1690,3,0.000118054,0.000118054,0.629429,0.629285,0.000144243,34.5177,34.5171,11,11,0,0.763541,0.763981,0.00044,0,1,1,1
87.6,1691,1,0.0450848,0.0450848,0.524994,0.559988,0.0349934,34.1,34.24,10,9,-1,0.553243,0.573008,0.0197653,0,0,0,0
87.6,1691,2,0.0175752,0.0175752,0.801376,0.759853,0.0415229,35.2055,35.0394,9,10,1,0.760032,0.794099,0.0340667,0,1,0,0
87.6,1691,3,0.00680231,0.00680231,0.619367,0.629429,0.0100622,34.4775,34.5177,11,11,0,0.763981,0.737701,0.02628,0,1,1,0
87.7,1692,1,0.0438215,0.0438215,0.483589,0.524994,0.0414054,33.9344,34.1,9,9,0,0.573008,0.616216,0.043208,0,0,0,0
87.7,1692,2,0.0300954,0.0300954,0.762824,0.801376,0.0385522,35.0513,35.2055,10,10,0,0.794099,0.732755,0.061344,0,0,0,0
87.7,1692,3,0.000375874,0.000375874,0.620515,0.619367,0.00114846,34.4821,34.4775,11,11,0,0.737701,0.741309,0.003608,0,1,1,1
87.8,1693,1,0.0589106,0.0589106,0.525732,0.483589,0.0421435,34.1029,33.9344,9,9,0,0.616216,0.538352,0.077864,0,0,0,0
87.8,1693,2,0.0407531,0.0407531,0.813582,0.762824,0.0507576,35.2543,35.0513,10,10,0,0.732755,0.820195,0.08744,0,0,0,0
87.8,1693,3,0.00590702,0.00590702,0.628725,0.620515,0.00820941,34.5149,34.4821,11,11,0,0.741309,0.763749,0.02244,0,1,1,0
87.9,1694,1,0.0443626,0.0443626,0.621225,0.525732,0.0954928,34.4849,34.1029,9,8,-1,0.538352,0.647805,0.109453,0,0,0,0
87.9,1694,2,0.0150672,0.0150672,0.744155,0.813582,0.0694267,34.9766,35.2543,10,11,1,0.820195,0.653325,0.166869,0,1,0,0
87.9,1694,3,0.00568872,0.00568872,0.621289,0.628725,0.0074352,34.4852,34.5149,11,11,0,0.763749,0.743645,0.020104,0,1,1,0
88,1695,1,0.024154,0.024154,0.576153,0.621225,0.0450717,34.3046,34.4849,8,8,0,0.647805,0.710197,0.062392,0,0,0,0
88,1695,2,0.0129775,0.0129775,0.72186,0.744155,0.0222952,34.8874,34.9766,11,11,0,0.653325,0.617725,0.0356,0,1,0,0
88,1695,3,0.007567,0.007567,0.631087,0.621289,0.00979733,34.5243,34.4852,11,11,0,0.743645,0.769045,0.0254,0,1,1,0
88.1,1696,1,0.0107168,0.0107168,0.590569,0.576153,0.0144154,34.3623,34.3046,8,9,1,0.710197,0.62744,0.0827573,0,1,1,0
88.1,1696,2,0.02952,0.02952,0.67806,0.72186,0.0438001,34.7122,34.8874,11,10,-1,0.617725,0.613491,0.00423467,0,0,0,0
88.1,1696,3,0.00223279,0.00223279,0.62836,0.631087,0.00272661,34.5134,34.5243,11,11,0,0.769045,0.760725,0.00832,0,1,1,1
88.2,1697,1,0.000253782,0.000253782,0.591925,0.590569,0.00135636,34.3677,34.3623,9,9,0,0.62744,0.638144,0.010704,0,1,1,0
88.2,1697,2,0.0133389,0.0133389,0.731164,0.67806,0.053104,34.9247,34.7122,10,10,0,0.613491,0.667043,0.053552,0,1,0,0
88.2,1697,3,0.000511147,0.000511147,0.627734,0.62836,0.000626266,34.5109,34.5134,11,11,0,0.760725,0.758821,0.001904,0,1,1,1
88.3,1698,1,0.00771429,0.00771429,0.500354,0.591925,0.0915713,34.0014,34.3677,9,10,1,0.638144,0.611435,0.0267093,0,1,0,0
88.3,1698,2,0.0487221,0.0487221,0.696597,0.731164,0.0345662,34.7864,34.9247,10,9,-1,0.667043,0.695248,0.0282053,0,0,0,0
88.3,1698,3,0.00193033,0.00193033,0.630095,0.627734,0.002361,34.5204,34.5109,11,11,0,0.758821,0.766013,0.007192,0,1,1,1
88.4,1699,1,0.019083,0.019083,0.492556,0.500354,0.00779769,33.9702,34.0014,10,10,0,0.611435,0.499707,0.111728,0,1,1,0
88.4,1699,2,0.0532346,0.0532346,0.744717,0.696597,0.04812,34.9789,34.7864,9,9,0,0.695248,0.759448,0.0642,0,0,0,0
88.4,1699,3,0.000751428,0.000751428,0.629177,0.630095,0.000917792,34.5167,34.5204,11,11,0,0.766013,0.763213,0.0028,0,1,1,1
88.5,1700,1,0.00236792,0.00236792,0.481963,0.492556,0.0105927,33.9279,33.9702,10,10,0,0.499707,0.535835,0.036128,0,1,1,0
88.5,1700,2,0.028904,0.028904,0.822769,0.744717,0.0780521,35.2911,34.9789,9,9,0,0.759448,0.87072,0.111272,0,0,0,0
88.5,1700,3,0.00550768,0.00550768,0.647956,0.629177,0.0187795,34.5918,34.5167,11,11,0,0.763213,0.803669,0.040456,0,1,1,0
88.6,1701,1,0.0216467,0.0216467,0.526632,0.481963,0.0446685,34.1065,33.9279,10,9,-1,0.535835,0.513504,0.0223307,0,0,0,0
88.6,1701,2,0.0267437,0.0267437,0.773818,0.822769,0.0489513,35.0953,35.2911,9,10,1,0.87072,0.768499,0.102221,0,0,0,0
88.6,1701,3,0.00633863,0.00633863,0.630192,0.647956,0.0177647,34.5208,34.5918,11,11,0,0.803669,0.766309,0.03736,0,1,1,0
88.7,1702,1,0.0363025,0.0363025,0.472271,0.526632,0.0543613,33.8891,34.1065,9,9,0,0.513504,0.589488,0.075984,0,0,0,0
88.7,1702,2,0.0195527,0.0195527,0.823123,0.773818,0.049305,35.2925,35.0953,10,10,0,0.768499,0.836315,0.067816,0,1,0,0
88.7,1702,3,0.00594854,0.00594854,0.622279,0.630192,0.00791287,34.4891,34.5208,11,11,0,0.766309,0.745693,0.020616,0,1,1,0
88.8,1703,1,0.0148954,0.0148954,0.568431,0.472271,0.0961601,34.2737,33.8891,9,8,-1,0.589488,0.587941,0.00154667,0,1,0,0
88.8,1703,2,0.038905,0.038905,0.814557,0.823123,0.00856602,35.2582,35.2925,10,11,1,0.836315,0.750989,0.0853253,0,0,1,0
88.8,1703,3,0.00422926,0.00422926,0.632138,0.622279,0.0098592,34.5286,34.4891,11,11,0,0.745693,0.769045,0.023352,0,1,1,0
88.9,1704,1,0.053044,0.053044,0.53662,0.568431,0.0318105,34.1465,34.2737,8,8,0,0.587941,0.682773,0.094832,0,0,0,0
88.9,1704,2,0.00853508,0.00853508,0.791823,0.814557,0.0227345,35.1673,35.2582,11,11,0,0.750989,0.708445,0.042544,0,1,0,0
88.9,1704,3,0.0048511,0.0048511,0.618576,0.632138,0.0135623,34.4743,34.5286,11,11,0,0.769045,0.733181,0.035864,0,1,1,0
89,1705,1,0.00810601,0.00810601,0.625271,0.53662,0.0886505,34.5011,34.1465,8,8,0,0.682773,0.700197,0.017424,0,1,0,0
89,1705,2,0.00161425,0.00161425,0.779731,0.791823,0.0120915,35.1189,35.1673,11,11,0,0.708445,0.690053,0.018392,0,1,1,0
89,1705,3,0.000596724,0.000596724,0.621792,0.618576,0.00321609,34.4872,34.4743,11,11,0,0.733181,0.743765,0.010584,0,1,1,0
89.1,1706,1,0.0317873,0.0317873,0.533294,0.625271,0.0919771,34.1332,34.5011,8,9,1,0.700197,0.607872,0.0923253,0,0,0,0
89.1,1706,2,0.00407781,0.00407781,0.791136,0.779731,0.0114051,35.1645,35.1189,11,10,-1,0.690053,0.767451,0.0773973,0,1,1,0
89.1,1706,3,4.25652e-05,4.25652e-05,0.621138,0.621792,0.000653386,34.4846,34.4872,11,11,0,0.743765,0.741309,0.002456,0,1,1,1
89.2,1707,1,0.0162691,0.0162691,0.529295,0.533294,0.00399864,34.1172,34.1332,9,9,0,0.607872,0.635464,0.027592,0,1,1,0
89.2,1707,2,0.00735116,0.00735116,0.810931,0.791136,0.0197952,35.2437,35.1645,10,10,0,0.767451,0.792675,0.025224,0,1,1,0
89.2,1707,3,0.000186406,0.000186406,0.620245,0.621138,0.000892937,34.481,34.4846,11,11,0,0.741309,0.738477,0.002832,0,1,1,1
89.3,1708,1,0.0103891,0.0103891,0.624516,0.529295,0.095221,34.4981,34.1172,9,8,-1,0.635464,0.681813,0.0463493,0,1,0,0
89.3,1708,2,0.00740554,0.00740554,0.764024,0.810931,0.0469077,35.0561,35.2437,10,11,1,0.792675,0.667733,0.124941,0,1,0,0
89.3,1708,3,0.000200927,0.000200927,0.62127,0.620245,0.00102431,34.4851,34.481,11,11,0,0.738477,0.741717,0.00324,0,1,1,1
89.4,1709,1,0.003296,0.003296,0.579861,0.624516,0.0446557,34.3194,34.4981,8,8,0,0.681813,0.720917,0.039104,0,1,0,0
89.4,1709,2,0.00329003,0.00329003,0.775439,0.764024,0.0114149,35.1018,35.0561,11,11,0,0.667733,0.683661,0.015928,0,1,1,0
89.4,1709,3,0.000386521,0.000386521,0.619404,0.62127,0.00186604,34.4776,34.4851,11,11,0,0.741717,0.735805,0.005912,0,1,1,1
89.5,1710,1,0.00935338,0.00935338,0.593891,0.579861,0.0140302,34.3756,34.3194,8,9,1,0.720917,0.693072,0.0278453,0,1,1,0
89.5,1710,2,0.00664138,0.00664138,0.759844,0.775439,0.0155944,35.0394,35.1018,11,10,-1,0.683661,0.722715,0.0390533,0,1,1,0
89.5,1710,3,0.00550189,0.00550189,0.628841,0.619404,0.00943756,34.5154,34.4776,11,11,0,0.735805,0.763757,0.027952,0,1,1,0
89.6,1711,1,0.0237876,0.0237876,0.589215,0.593891,0.0046761,34.3569,34.3756,9,9,0,0.693072,0.597984,0.095088,0,0,1,0
89.6,1711,2,0.0105322,0.0105322,0.810276,0.759844,0.0504321,35.2411,35.0394,10,10,0,0.722715,0.791627,0.068912,0,1,0,0
89.6,1711,3,0.000653006,0.000653006,0.629826,0.628841,0.000985026,34.5193,34.5154,11,11,0,0.763757,0.766029,0.002272,0,1,1,1
89.7,1712,1,0.000488132,0.000488132,0.592271,0.589215,0.00305665,34.3691,34.3569,9,9,0,0.597984,0.639496,0.041512,0,1,1,0
89.7,1712,2,0.00311673,0.00311673,0.819184,0.810276,0.00890774,35.2767,35.2411,10,10,0,0.791627,0.806163,0.014536,0,1,1,0
89.7,1712,3,0.00140071,0.00140071,0.627903,0.629826,0.0019232,34.5116,34.5193,11,11,0,0.766029,0.761493,0.004536,0,1,1,1
89.8,1713,1,0.0151047,0.0151047,0.625028,0.592271,0.0327569,34.5001,34.3691,9,8,-1,0.639496,0.694277,0.0547813,0,1,0,0
89.8,1713,2,0.00658706,0.00658706,0.777591,0.819184,0.0415927,35.1104,35.2767,10,11,1,0.806163,0.686853,0.119309,0,1,0,0
89.8,1713,3,0.00139608,0.00139608,0.629819,0.627903,0.00191629,34.5193,34.5116,11,11,0,0.761493,0.766013,0.00452,0,1,1,1
89.9,1714,1,0.00060834,0.00060834,0.579355,0.625028,0.0456735,34.3174,34.5001,8,8,0,0.694277,0.719157,0.02488,0,1,0,0
89.9,1714,2,0.00225736,0.00225736,0.797061,0.777591,0.0194698,35.1882,35.1104,11,11,0,0.686853,0.716653,0.0298,0,1,1,0
89.9,1714,3,0.00197811,0.00197811,0.627481,0.629819,0.00233841,34.5099,34.5193,11,11,0,0.766013,0.758053,0.00796,0,1,1,1
90,1715,1,0.00218999,0.00218999,0.592213,0.579355,0.0128588,34.3689,34.3174,8,9,1,0.719157,0.66544,0.0537173,0,1,1,0
90,1715,2,0.00695556,0.00695556,0.77762,0.797061,0.0194414,35.1105,35.1882,11,10,-1,0.716653,0.747195,0.0305413,0,1,1,0
90,1715,3,0.00285363,0.00285363,0.630969,0.627481,0.003488,34.5239,34.5099,11,11,0,0.758053,0.768685,0.010632,0,1,1,0
90.1,1716,1,0.011812,0.011812,0.589634,0.592213,0.00257897,34.3585,34.3689,9,9,0,0.66544,0.60736,0.05808,0,1,1,0
90.1,1716,2,0.0112373,0.0112373,0.81905,0.77762,0.0414299,35.2762,35.1105,10,10,0,0.747195,0.805939,0.058744,0,1,0,0
90.1,1716,3,0.00340664,0.00340664,0.630377,0.630969,0.000592351,34.5215,34.5239,11,11,0,0.768685,0.763981,0.004704,0,1,1,1
90.2,1717,1,0.00507501,0.00507501,0.525093,0.589634,0.0645417,34.1004,34.3585,9,9,0,0.60736,0.643024,0.035664,0,1,0,0
90.2,1717,2,0.000981225,0.000981225,0.816285,0.81905,0.00276458,35.2651,35.2762,10,10,0,0.805939,0.801363,0.004576,0,1,1,1
90.2,1717,3,0.00134403,0.00134403,0.627967,0.630377,0.00240982,34.5119,34.5215,11,11,0,0.763981,0.758037,0.005944,0,1,1,1
90.3,1718,1,0.0118036,0.0118036,0.625362,0.525093,0.100269,34.5014,34.1004,9,8,-1,0.643024,0.702413,0.0593893,0,1,0,0
90.3,1718,2,0.00699306,0.00699306,0.771053,0.816285,0.0452321,35.0842,35.2651,10,11,1,0.801363,0.677325,0.124037,0,1,0,0
90.3,1718,3,0.00178038,0.00178038,0.631125,0.627967,0.00315797,34.5245,34.5119,11,11,0,0.758037,0.766029,0.007992,0,1,1,1
90.4,1719,1,0.00176942,0.00176942,0.580669,0.625362,0.0446929,34.3227,34.5014,8,8,0,0.702413,0.723733,0.02132,0,1,0,0
90.4,1719,2,0.00352975,0.00352975,0.793223,0.771053,0.0221699,35.1729,35.0842,11,11,0,0.677325,0.710621,0.033296,0,1,0,0
90.4,1719,3,0.00117251,0.00117251,0.629058,0.631125,0.00206673,34.5162,34.5245,11,11,0,0.766029,0.760725,0.005304,0,1,1,1
90.5,1720,1,0.015213,0.015213,0.590298,0.580669,0.00962883,34.3612,34.3227,8,9,1,0.723733,0.624624,0.0991093,0,1,1,0
90.5,1720,2,0.00572026,0.00572026,0.791985,0.793223,0.00123745,35.1679,35.1729,11,10,-1,0.710621,0.768787,0.0581653,0,1,1,0
90.5,1720,3,0.000732586,0.000732586,0.63037,0.629058,0.00131208,34.5215,34.5162,11,11,0,0.760725,0.763965,0.00324,0,1,1,1
90.6,1721,1,0.000428349,0.000428349,0.59247,0.590298,0.0021717,34.3699,34.3612,9,9,0,0.624624,0.640976,0.016352,0,1,1,0
90.6,1721,2,0.00918683,0.00918683,0.816295,0.791985,0.0243093,35.2652,35.1679,10,10,0,0.768787,0.801379,0.032592,0,1,0,0
90.6,1721,3,0.000700042,0.000700042,0.629116,0.63037,0.00125366,34.5165,34.5215,11,11,0,0.763965,0.760869,0.003096,0,1,1,1
90.7,1722,1,0.00475594,0.00475594,0.626225,0.59247,0.0337555,34.5049,34.3699,9,8,-1,0.640976,0.668805,0.0278293,0,1,0,0
90.7,1722,2,0.0036099,0.0036099,0.826289,0.816295,0.00999433,35.3052,35.2652,10,11,1,0.801379,0.768069,0.0333093,0,1,1,0
90.7,1722,3,0.00263753,0.00263753,0.629172,0.629116,5.52535e-05,34.5167,34.5165,11,11,0,0.760869,0.763197,0.002328,0,1,1,1
90.8,1723,1,0.0175893,0.0175893,0.588866,0.626225,0.0373591,34.3555,34.5049,8,8,0,0.668805,0.745669,0.076864,0,1,0,0
90.8,1723,2,0.00450418,0.00450418,0.767623,0.826289,0.0586661,35.0705,35.3052,11,11,0,0.768069,0.672613,0.095456,0,1,0,0
90.8,1723,3,0.000453144,0.000453144,0.628618,0.629172,0.000554144,34.5145,34.5167,11,11,0,0.763197,0.761509,0.001688,0,1,1,1
90.9,1724,1,0.00133392,0.00133392,0.59096,0.588866,0.00209445,34.3638,34.3555,8,8,0,0.745669,0.750349,0.00468,0,1,1,1
90.9,1724,2,0.00473449,0.00473449,0.795282,0.767623,0.0276592,35.1811,35.0705,11,11,0,0.672613,0.713845,0.041232,0,1,0,0
90.9,1724,3,0.00120877,0.00120877,0.630095,0.628618,0.00147718,34.5204,34.5145,11,11,0,0.761509,0.766013,0.004504,0,1,1,1
91,1725,1,0.0224132,0.0224132,0.591893,0.59096,0.000932455,34.3676,34.3638,8,9,1,0.750349,0.637904,0.112445,0,0,1,0
91,1725,2,0.00580817,0.00580817,0.79196,0.795282,0.00332224,35.1678,35.1811,11,10,-1,0.713845,0.768747,0.0549013,0,1,1,0
91,1725,3,0.00351298,0.00351298,0.623412,0.630095,0.00668246,34.4936,34.5204,11,11,0,0.766013,0.746061,0.019952,0,1,1,0
91.1,1726,1,0.00666198,0.00666198,0.594742,0.591893,0.0028491,34.379,34.3676,9,9,0,0.637904,0.665552,0.027648,0,1,1,0
91.1,1726,2,0.0117368,0.0117368,0.823766,0.79196,0.0318064,35.2951,35.1678,10,10,0,0.768747,0.813747,0.045,0,1,0,0
91.1,1726,3,0.000107117,0.000107117,0.62245,0.623412,0.000962377,34.4898,34.4936,11,11,0,0.746061,0.743061,0.003,0,1,1,1
91.2,1727,1,0.00682162,0.00682162,0.626639,0.594742,0.0318972,34.5066,34.379,9,8,-1,0.665552,0.696069,0.0305173,0,1,0,0
91.2,1727,2,0.00531762,0.00531762,0.809243,0.823766,0.0145238,35.237,35.2951,10,11,1,0.813747,0.736493,0.0772533,0,1,1,0
91.2,1727,3,6.02826e-05,6.02826e-05,0.622992,0.62245,0.000541747,34.492,34.4898,11,11,0,0.743061,0.744749,0.001688,0,1,1,1
91.3,1728,1,0.00776187,0.00776187,0.588471,0.626639,0.0381687,34.3539,34.5066,8,8,0,0.696069,0.750357,0.054288,0,1,0,0
91.3,1728,2,0.00448013,0.00448013,0.770282,0.809243,0.0389603,35.0811,35.237,11,11,0,0.736493,0.676261,0.060232,0,1,0,0
91.3,1728,3,0.000101626,0.000101626,0.623904,0.622992,0.000912666,34.4956,34.492,11,11,0,0.744749,0.747597,0.002848,0,1,1,1
91.4,1729,1,0.00502257,0.00502257,0.62947,0.588471,0.0409993,34.5179,34.3539,8,8,0,0.750357,0.745797,0.00456,0,1,0,0
91.4,1729,2,0.00420197,0.00420197,0.802995,0.770282,0.0327128,35.212,35.0811,11,11,0,0.676261,0.726181,0.04992,0,1,0,0
91.4,1729,3,0.000469565,0.000469565,0.620705,0.623904,0.00319922,34.4828,34.4956,11,11,0,0.747597,0.737557,0.01004,0,1,1,0
91.5,1730,1,0.0338464,0.0338464,0.532758,0.62947,0.0967121,34.131,34.5179,8,9,1,0.745797,0.630392,0.115405,0,0,0,0
91.5,1730,2,0.00552043,0.00552043,0.802614,0.802995,0.000381291,35.2105,35.212,11,10,-1,0.726181,0.785803,0.0596213,0,1,1,0
91.5,1730,3,0.000308335,0.000308335,0.622455,0.620705,0.00174999,34.4898,34.4828,11,11,0,0.737557,0.743077,0.00552,0,1,1,1
91.6,1731,1,0.00830537,0.00830537,0.536949,0.532758,0.00419092,34.1478,34.131,9,9,0,0.630392,0.661392,0.031,0,1,1,0
91.6,1731,2,0.00954169,0.00954169,0.81904,0.802614,0.0164263,35.2762,35.2105,10,10,0,0.785803,0.805923,0.02012,0,1,1,0
91.6,1731,3,0.000160739,0.000160739,0.623899,0.622455,0.0014441,34.4956,34.4898,11,11,0,0.743077,0.747581,0.004504,0,1,1,1
91.7,1732,1,0.0103098,0.0103098,0.5869,0.536949,0.0499516,34.3476,34.1478,9,8,-1,0.661392,0.709605,0.0482133,0,1,0,0
91.7,1732,2,0.00574302,0.00574302,0.781599,0.81904,0.0374407,35.1264,35.2762,10,11,1,0.805923,0.692869,0.113053,0,1,0,0
91.7,1732,3,0.000100531,0.000100531,0.622997,0.623899,0.000902414,34.492,34.4956,11,11,0,0.747581,0.744765,0.002816,0,1,1,1
91.8,1733,1,0.0181302,0.0181302,0.581988,0.5869,0.0049122,34.328,34.3476,8,8,0,0.709605,0.745797,0.036192,0,1,1,0
91.8,1733,2,0.0013891,0.0013891,0.795287,0.781599,0.013688,35.1811,35.1264,11,11,0,0.692869,0.713853,0.020984,0,1,1,0
91.8,1733,3,6.02081e-05,6.02081e-05,0.622455,0.622997,0.000541687,34.4898,34.492,11,11,0,0.744765,0.743077,0.001688,0,1,1,1
91.9,1734,1,0.022247,0.022247,0.567911,0.581988,0.0140775,34.2716,34.328,8,9,1,0.745797,0.719712,0.0260853,0,0,1,0
91.9,1734,2,0.00664786,0.00664786,0.779556,0.795287,0.0157313,35.1182,35.1811,11,10,-1,0.713853,0.749971,0.0361173,0,1,1,0
91.9,1734,3,8.7589e-05,8.7589e-05,0.623243,0.622455,0.000787914,34.493,34.4898,11,11,0,0.743077,0.745533,0.002456,0,1,1,1
92,1735,1,0.0209885,0.0209885,0.533505,0.567911,0.0344054,34.134,34.2716,9,9,0,0.719712,0.616992,0.10272,0,0,0,0
92,1735,2,0.00933438,0.00933438,0.814319,0.779556,0.0347634,35.2573,35.1182,10,10,0,0.749971,0.798147,0.048176,0,1,0,0
92,1735,3,0.000253819,0.000253819,0.621349,0.623243,0.0018943,34.4854,34.493,11,11,0,0.745533,0.739605,0.005928,0,1,1,1
92.1,1736,1,0.0155517,0.0155517,0.538363,0.533505,0.00485796,34.1535,34.134,9,9,0,0.616992,0.665552,0.04856,0,1,1,0
92.1,1736,2,0.00138435,0.00138435,0.818246,0.814319,0.00392699,35.273,35.2573,10,10,0,0.798147,0.804603,0.006456,0,1,1,1
92.1,1736,3,0.000253819,0.000253819,0.623243,0.621349,0.0018943,34.493,34.4854,11,11,0,0.739605,0.745533,0.005928,0,1,1,1
92.2,1737,1,0.00783716,0.00783716,0.608673,0.538363,0.0703094,34.4347,34.1535,9,8,-1,0.665552,0.758357,0.0928053,0,1,0,0
92.2,1737,2,0.00565387,0.00565387,0.780625,0.818246,0.0376219,35.1225,35.273,10,11,1,0.804603,0.691397,0.113205,0,1,0,0
92.2,1737,3,0.000115089,0.000115089,0.622208,0.623243,0.00103456,34.4888,34.493,11,11,0,0.745533,0.742309,0.003224,0,1,1,1
92.3,1738,1,0.0237228,0.0237228,0.614147,0.608673,0.00547469,34.4566,34.4347,8,8,0,0.758357,0.780741,0.022384,0,0,1,0
92.3,1738,2,0.00535123,0.00535123,0.795314,0.780625,0.0146897,35.1813,35.1225,11,11,0,0.691397,0.716637,0.02524,0,1,1,0
92.3,1738,3,0.000114486,0.000114486,0.623238,0.622208,0.00102949,34.493,34.4888,11,11,0,0.742309,0.745517,0.003208,0,1,1,1
92.4,1739,1,0.0262009,0.0262009,0.569384,0.614147,0.0447631,34.2775,34.4566,8,9,1,0.780741,0.721632,0.0591093,0,0,0,0
92.4,1739,2,0.00626756,0.00626756,0.775438,0.795314,0.0198765,35.1018,35.1813,11,10,-1,0.716637,0.747155,0.0305173,0,1,1,0
92.4,1739,3,7.37533e-05,7.37533e-05,0.623899,0.623238,0.000661254,34.4956,34.493,11,11,0,0.745517,0.747581,0.002064,0,1,1,1
92.5,1740,1,0.00409552,0.00409552,0.541398,0.569384,0.027986,34.1656,34.2775,9,9,0,0.721632,0.67368,0.047952,0,1,0,0
92.5,1740,2,0.00907003,0.00907003,0.814536,0.775438,0.039098,35.2581,35.1018,10,10,0,0.747155,0.801371,0.054216,0,1,0,0
92.5,1740,3,0.000220202,0.000220202,0.621921,0.623899,0.0019787,34.4877,34.4956,11,11,0,0.747581,0.741413,0.006168,0,1,1,1
92.6,1741,1,0.0104924,0.0104924,0.538523,0.541398,0.00287533,34.1541,34.1656,9,9,0,0.67368,0.697808,0.024128,0,1,1,0
92.6,1741,2,0.0012704,0.0012704,0.818177,0.814536,0.00364077,35.2727,35.2581,10,10,0,0.801371,0.807379,0.006008,0,1,1,1
92.6,1741,3,0.000305519,0.000305519,0.624664,0.621921,0.0027439,34.4987,34.4877,11,11,0,0.741413,0.749973,0.00856,0,1,1,1
92.7,1742,1,0.00352681,0.00352681,0.607386,0.538523,0.0688636,34.4295,34.1541,9,8,-1,0.697808,0.755797,0.0579893,0,1,0,0
92.7,1742,2,0.00863449,0.00863449,0.772237,0.818177,0.0459393,35.0889,35.2727,10,11,1,0.807379,0.682141,0.125237,0,1,0,0
92.7,1742,3,0.000113674,0.000113674,0.623646,0.624664,0.00101882,34.4946,34.4987,11,11,0,0.749973,0.746789,0.003184,0,1,1,1
92.8,1743,1,0.0246864,0.0246864,0.620699,0.607386,0.0133128,34.4828,34.4295,8,8,0,0.755797,0.787989,0.032192,0,0,1,0
92.8,1743,2,0.00456115,0.00456115,0.795304,0.772237,0.0230667,35.1812,35.0889,11,11,0,0.682141,0.716621,0.03448,0,1,0,0
92.8,1743,3,0.00170062,0.00170062,0.62791,0.623646,0.00426453,34.5116,34.4946,11,11,0,0.746789,0.759357,0.012568,0,1,1,0
92.9,1744,1,0.0311271,0.0311271,0.543957,0.620699,0.0767425,34.1758,34.4828,8,9,1,0.787989,0.679408,0.108581,0,0,0,0
92.9,1744,2,0.00587431,0.00587431,0.778733,0.795304,0.0165714,35.1149,35.1812,11,10,-1,0.716621,0.751851,0.0352293,0,1,1,0
92.9,1744,3,0.00143559,0.00143559,0.626018,0.62791,0.00189221,34.5041,34.5116,11,11,0,0.759357,0.754213,0.005144,0,1,1,1
93,1745,1,0.00231892,0.00231892,0.551517,0.543957,0.0075599,34.2061,34.1758,9,9,0,0.679408,0.69512,0.015712,0,1,1,0
93,1745,2,0.00963191,0.00963191,0.817288,0.778733,0.038555,35.2692,35.1149,10,10,0,0.751851,0.805907,0.054056,0,1,0,0
93,1745,3,0.00122933,0.00122933,0.627657,0.626018,0.00163954,34.5106,34.5041,11,11,0,0.754213,0.758589,0.004376,0,1,1,1
93.1,1746,1,0.00743957,0.00743957,0.595295,0.551517,0.0437784,34.3812,34.2061,9,8,-1,0.69512,0.728453,0.0333333,0,1,0,0
93.1,1746,2,0.00302401,0.00302401,0.825359,0.817288,0.00807154,35.3014,35.2692,10,11,1,0.805907,0.768005,0.0379013,0,1,1,0
93.1,1746,3,0.00130301,0.00130301,0.625359,0.627657,0.002298,34.5014,34.5106,11,11,0,0.758589,0.752149,0.00644,0,1,1,1
93.2,1747,1,0.0185052,0.0185052,0.607305,0.595295,0.0120098,34.4292,34.3812,8,8,0,0.728453,0.773237,0.044784,0,1,1,0
93.2,1747,2,0.00755542,0.00755542,0.765287,0.825359,0.0600722,35.0611,35.3014,11,11,0,0.768005,0.672613,0.095392,0,1,0,0
93.2,1747,3,0.000615701,0.000615701,0.626772,0.625359,0.00141251,34.5071,34.5014,11,11,0,0.752149,0.756117,0.003968,0,1,1,1
93.3,1748,1,0.00240374,0.00240374,0.618252,0.607305,0.0109466,34.473,34.4292,8,8,0,0.773237,0.785293,0.012056,0,1,1,0
93.3,1748,2,0.00669875,0.00669875,0.792386,0.765287,0.0270993,35.1695,35.0611,11,11,0,0.672613,0.712061,0.039448,0,1,0,0
93.3,1748,3,0.000893563,0.000893563,0.62791,0.626772,0.00113815,34.5116,34.5071,11,11,0,0.756117,0.759357,0.00324,0,1,1,1
93.4,1749,1,0.0320984,0.0320984,0.539017,0.618252,0.0792342,34.1561,34.473,8,9,1,0.785293,0.667472,0.117821,0,0,0,0
93.4,1749,2,0.00428741,0.00428741,0.792287,0.792386,9.93013e-05,35.1691,35.1695,11,10,-1,0.712061,0.771979,0.0599173,0,1,1,0
93.4,1749,3,0.00143559,0.00143559,0.626018,0.62791,0.00189221,34.5041,34.5116,11,11,0,0.759357,0.754213,0.005144,0,1,1,1
93.5,1750,1,0.00371878,0.00371878,0.551445,0.539017,0.0124278,34.2058,34.1561,9,9,0,0.667472,0.694992,0.02752,0,1,1,0
93.5,1750,2,0.00658242,0.00658242,0.812579,0.792287,0.0202922,35.2503,35.1691,10,10,0,0.771979,0.798123,0.026144,0,1,0,0
93.5,1750,3,0.000260212,0.000260212,0.626387,0.626018,0.000368834,34.5055,34.5041,11,11,0,0.754213,0.755149,0.000936,0,1,1,1
93.6,1751,1,0.00747068,0.00747068,0.595295,0.551445,0.04385,34.3812,34.2058,9,8,-1,0.694992,0.728453,0.0334613,0,1,0,0
93.6,1751,2,0.00138997,0.00138997,0.813008,0.812579,0.000429213,35.252,35.2503,10,11,1,0.798123,0.745597,0.0525253,0,1,1,0
93.6,1751,3,0.001966,0.001966,0.616153,0.626387,0.0102333,34.4646,34.5055,11,11,0,0.755149,0.723149,0.032,0,1,1,0
93.7,1752,1,0.0203531,0.0203531,0.615709,0.595295,0.0204142,34.4628,34.3812,8,8,0,0.728453,0.782469,0.054016,0,0,0,0
93.7,1752,2,0.00521397,0.00521397,0.772629,0.813008,0.0403797,35.0905,35.252,11,11,0,0.745597,0.682685,0.062912,0,1,0,0
93.7,1752,3,1.65403e-06,1.65403e-06,0.616161,0.616153,7.689e-06,34.4646,34.4646,11,11,0,0.723149,0.723173,2.4e-05,0,1,1,1
93.8,1753,1,0.0280135,0.0280135,0.625239,0.615709,0.00952935,34.501,34.4628,8,8,0,0.782469,0.787989,0.00552,0,0,1,0
93.8,1753,2,0.00426918,0.00426918,0.791436,0.772629,0.0188079,35.1657,35.0905,11,11,0,0.682685,0.710589,0.027904,0,1,1,0
93.8,1753,3,0.00017266,0.00017266,0.615371,0.616161,0.000790238,34.4615,34.4646,11,11,0,0.723173,0.720685,0.002488,0,1,1,1
93.9,1754,1,3.21567e-05,3.21567e-05,0.623637,0.625239,0.0016017,34.4945,34.501,8,8,0,0.787989,0.785301,0.002688,0,1,1,1
93.9,1754,2,0.00132623,0.00132623,0.795952,0.791436,0.00451583,35.1838,35.1657,11,11,0,0.710589,0.726181,0.015592,0,1,1,0
93.9,1754,3,0.000954248,0.000954248,0.615796,0.615371,0.000424981,34.4632,34.4615,11,11,0,0.720685,0.723213,0.002528,0,1,1,1
94,1755,1,0.000207514,0.000207514,0.620935,0.623637,0.00270188,34.4837,34.4945,8,8,0,0.785301,0.780741,0.00456,0,1,1,1
94,1755,2,0.00067913,0.00067913,0.789875,0.795952,0.00607705,35.1595,35.1838,11,11,0,0.726181,0.716621,0.00956,0,1,1,1
94,1755,3,0.000138253,0.000138253,0.616428,0.615796,0.000632226,34.4657,34.4632,11,11,0,0.723213,0.725205,0.001992,0,1,1,1
94.1,1756,1,0.00336699,0.00336699,0.628261,0.620935,0.00732625,34.513,34.4837,8,8,0,0.780741,0.785301,0.00456,1,1,1,1
94.1,1756,2,0.000198279,0.000198279,0.788071,0.789875,0.00180471,35.1523,35.1595,11,11,0,0.716621,0.713829,0.002792,1,1,1,1
94.1,1756,3,0.00138937,0.00138937,0.614863,0.616428,0.00156504,34.4595,34.4657,11,11,0,0.725205,0.721469,0.003736,1,1,1,1
94.2,1757,1,5.00679e-06,5.00679e-06,0.625563,0.628261,0.0026983,34.5023,34.513,8,8,0,0.785301,0.780741,0.00456,2,1,1,1
94.2,1757,2,0.00515624,0.00515624,0.790457,0.788071,0.00238615,35.1618,35.1523,11,11,0,0.713829,0.716629,0.0028,2,1,1,1
94.2,1757,3,5.55068e-05,5.55068e-05,0.614608,0.614863,0.000254631,34.4584,34.4595,11,11,0,0.721469,0.720669,0.0008,2,1,1,1
94.3,1758,1,3.70294e-05,3.70294e-05,0.629848,0.625563,0.0042848,34.5194,34.5023,8,8,0,0.780741,0.787989,0.007248,3,1,1,1
94.3,1758,2,0.000429012,0.000429012,0.786545,0.790457,0.00391179,35.1462,35.1618,11,11,0,0.716629,0.710589,0.00604,3,1,1,1
94.3,1758,3,0.00207313,0.00207313,0.614511,0.614608,9.77516e-05,34.458,34.4584,11,11,0,0.720669,0.717981,0.002688,3,1,1,1
94.4,1759,1,6.57141e-05,6.57141e-05,0.626594,0.629848,0.00325418,34.5064,34.5194,8,8,0,0.787989,0.782485,0.005504,4,1,1,1
94.4,1759,2,0.00646266,0.00646266,0.795952,0.786545,0.0094074,35.1838,35.1462,11,11,0,0.710589,0.726181,0.015592,4,1,1,0
94.4,1759,3,0.000360399,0.000360399,0.616161,0.614511,0.00165045,34.4646,34.458,11,11,0,0.717981,0.723173,0.005192,4,1,1,1
94.5,1760,1,2.86847e-05,2.86847e-05,0.625563,0.626594,0.00103062,34.5023,34.5064,8,8,0,0.782485,0.780741,0.001744,0,1,1,1
94.5,1760,2,0.00155604,0.00155604,0.781793,0.795952,0.0141598,35.1272,35.1838,11,11,0,0.726181,0.704277,0.021904,0,1,1,0
94.5,1760,3,0.00017266,0.00017266,0.615371,0.616161,0.000790238,34.4615,34.4646,11,11,0,0.723173,0.720685,0.002488,0,1,1,1
94.6,1761,1,3.70294e-05,3.70294e-05,0.629843,0.625563,0.00428009,34.5194,34.5023,8,8,0,0.780741,0.787981,0.00724,0,1,1,1
94.6,1761,2,0.000676842,0.000676842,0.788055,0.781793,0.00626236,35.1522,35.1272,11,11,0,0.704277,0.713805,0.009528,0,1,1,1
94.6,1761,3,1.06543e-06,1.06543e-06,0.615376,0.615371,5.126e-06,34.4615,34.4615,11,11,0,0.720685,0.720701,1.6e-05,0,1,1,1
94.7,1762,1,3.20226e-05,3.20226e-05,0.628261,0.629843,0.00158179,34.513,34.5194,8,8,0,0.787981,0.785301,0.00268,1,1,1,1
94.7,1762,2,0.00107928,0.00107928,0.797712,0.788055,0.00965756,35.1908,35.1522,11,11,0,0.713805,0.728997,0.015192,1,1,1,0
94.7,1762,3,0.00036598,0.00036598,0.617049,0.615376,0.00167286,34.4682,34.4615,11,11,0,0.720701,0.725973,0.005272,1,1,1,1
94.8,1763,1,0,0,0.628261,0.628261,0,34.513,34.513,8,8,0,0.785301,0.785301,0,0,1,1,1
94.8,1763,2,0.00130773,0.00130773,0.785959,0.797712,0.0117533,35.1438,35.1908,11,11,0,0.728997,0.710589,0.018408,0,1,1,0
94.8,1763,3,0.000694737,0.000694737,0.613868,0.617049,0.00318044,34.4555,34.4682,11,11,0,0.725973,0.715965,0.010008,0,1,1,0
94.9,1764,1,4.17233e-06,4.17233e-06,0.625558,0.628261,0.00270295,34.5022,34.513,8,8,0,0.785301,0.780733,0.004568,0,1,1,1
94.9,1764,2,0.000230234,0.000230234,0.788071,0.785959,0.00211143,35.1523,35.1438,11,11,0,0.710589,0.713829,0.00324,0,1,1,1
94.9,1764,3,0.000656456,0.000656456,0.616874,0.613868,0.00300556,34.4675,34.4555,11,11,0,0.715965,0.725421,0.009456,0,1,1,1
95,1765,1,2.95192e-05,2.95192e-05,0.626594,0.625558,0.00103527,34.5064,34.5022,8,8,0,0.780733,0.782485,0.001752,1,1,1,1
95,1765,2,0.000198821,0.000198821,0.78988,0.788071,0.00180984,35.1595,35.1523,11,11,0,0.713829,0.716629,0.0028,1,1,1,1
95,1765,3,0.000657551,0.000657551,0.613863,0.616874,0.00301069,34.4555,34.4675,11,11,0,0.725421,0.715949,0.009472,1,1,1,1
95.1,1766,1,6.57141e-05,6.57141e-05,0.629848,0.626594,0.00325418,34.5194,34.5064,8,8,0,0.782485,0.787989,0.005504,2,1,1,1
95.1,1766,2,0.000200607,0.000200607,0.788055,0.78988,0.00182551,35.1522,35.1595,11,11,0,0.716629,0.713805,0.002824,2,1,1,1
95.1,1766,3,0.000696883,0.000696883,0.617054,0.613863,0.00319058,34.4682,34.4555,11,11,0,0.715949,0.725989,0.01004,2,1,1,0
95.2,1767,1,3.70294e-05,3.70294e-05,0.625563,0.629848,0.0042848,34.5023,34.5194,8,8,0,0.787989,0.780741,0.007248,0,1,1,1
95.2,1767,2,0.000650058,0.000650058,0.793921,0.788055,0.00586563,35.1757,35.1522,11,11,0,0.713805,0.722957,0.009152,0,1,1,1
95.2,1767,3,0.000369281,0.000369281,0.615366,0.617054,0.00168812,34.4615,34.4682,11,11,0,0.725989,0.720669,0.00532,0,1,1,1
95.3,1768,1,3.70294e-05,3.70294e-05,0.629848,0.625563,0.0042848,34.5194,34.5023,8,8,0,0.780741,0.787989,0.007248,1,1,1,1
95.3,1768,2,0.02573,0.02573,0.784887,0.793921,0.00903338,35.1395,35.1757,11,11,0,0.722957,0.713637,0.00932,1,0,1,0
95.3,1768,3,0.000176601,0.000176601,0.616174,0.615366,0.000808001,34.4647,34.4615,11,11,0,0.720669,0.723213,0.002544,1,1,1,1
95.4,1769,1,3.20226e-05,3.20226e-05,0.628261,0.629848,0.0015865,34.513,34.5194,8,8,0,0.787989,0.785301,0.002688,0,1,1,1
95.4,1769,2,0.00557406,0.00557406,0.818789,0.784887,0.0339018,35.2752,35.1395,11,11,0,0.713637,0.769877,0.05624,0,1,0,0
95.4,1769,3,0.000138327,0.000138327,0.616805,0.616174,0.00063175,34.4672,34.4647,11,11,0,0.723213,0.725205,0.001992,0,1,1,1
95.5,1770,1,0.00336699,0.00336699,0.620935,0.628261,0.00732625,34.4837,34.513,8,8,0,0.785301,0.780741,0.00456,0,1,1,1
95.5,1770,2,0.00312951,0.00312951,0.800393,0.818789,0.0183958,35.2016,35.2752,11,11,0,0.769877,0.738301,0.031576,0,1,1,0
95.5,1770,3,0.000643648,0.000643648,0.613858,0.616805,0.00294733,34.4554,34.4672,11,11,0,0.725205,0.715933,0.009272,0,1,1,1
95.6,1771,1,0.000207514,0.000207514,0.623637,0.620935,0.00270188,34.4945,34.4837,8,8,0,0.780741,0.785301,0.00456,0,1,1,1
95.6,1771,2,0.00174835,0.00174835,0.810866,0.800393,0.0104729,35.2435,35.2016,11,11,0,0.738301,0.755941,0.01764,0,1,1,0
95.6,1771,3,0.00107116,0.00107116,0.618754,0.613858,0.00489587,34.475,34.4554,11,11,0,0.715933,0.731365,0.015432,0,1,1,0
95.7,1772,1,2.63155e-05,2.63155e-05,0.621959,0.623637,0.00167745,34.4878,34.4945,8,8,0,0.785301,0.782485,0.002816,0,1,1,1
95.7,1772,2,0.000624756,0.000624756,0.814488,0.810866,0.00362176,35.258,35.2435,11,11,0,0.755941,0.762245,0.006304,0,1,1,1
95.7,1772,3,3.17022e-05,3.17022e-05,0.618898,0.618754,0.000143945,34.4756,34.475,11,11,0,0.731365,0.731821,0.000456,0,1,1,1
95.8,1773,1,0.000181198,0.000181198,0.620935,0.621959,0.00102443,34.4837,34.4878,8,8,0,0.782485,0.780741,0.001744,1,1,1,1
95.8,1773,2,0.0023731,0.0023731,0.800393,0.814488,0.0140947,35.2016,35.258,11,11,0,0.762245,0.738301,0.023944,1,1,1,0
95.8,1773,3,0.000238813,0.000238813,0.617811,0.618898,0.00108701,34.4712,34.4756,11,11,0,0.731821,0.728381,0.00344,1,1,1,1
95.9,1774,1,0.000175357,0.000175357,0.625239,0.620935,0.00430357,34.501,34.4837,8,8,0,0.780741,0.787989,0.007248,0,1,1,1
95.9,1774,2,0.00174835,0.00174835,0.810866,0.800393,0.0104729,35.2435,35.2016,11,11,0,0.738301,0.755941,0.01764,0,1,1,0
95.9,1774,3,0.000437029,0.000437029,0.619799,0.617811,0.00198764,34.4792,34.4712,11,11,0,0.728381,0.734677,0.006296,0,1,1,1
96,1775,1,0,0,0.625239,0.625239,0,34.501,34.501,8,8,0,0.787989,0.787989,0,0,1,1,1
96,1775,2,0.000624756,0.000624756,0.814488,0.810866,0.00362176,35.258,35.2435,11,11,0,0.755941,0.762245,0.006304,0,1,1,1
96,1775,3,7.82534e-05,7.82534e-05,0.620154,0.619799,0.000355244,34.4806,34.4792,11,11,0,0.734677,0.735805,0.001128,0,1,1,1
96.1,1776,1,5.84126e-06,5.84126e-06,0.621959,0.625239,0.00327915,34.4878,34.501,8,8,0,0.787989,0.782485,0.005504,1,1,1,1
96.1,1776,2,0.0023731,0.0023731,0.800393,0.814488,0.0140947,35.2016,35.258,11,11,0,0.762245,0.738301,0.023944,1,1,1,0
96.1,1776,3,0.00178818,0.00178818,0.616781,0.620154,0.00337321,34.4671,34.4806,11,11,0,0.735805,0.726317,0.009488,1,1,1,1
96.2,1777,1,0.0263167,0.0263167,0.638634,0.621959,0.0166749,34.5545,34.4878,8,8,0,0.782485,0.783549,0.001064,0,0,1,0
96.2,1777,2,0.00174835,0.00174835,0.810866,0.800393,0.0104729,35.2435,35.2016,11,11,0,0.738301,0.755941,0.01764,0,1,1,0
96.2,1777,3,0.000141613,0.000141613,0.617427,0.616781,0.000646114,34.4697,34.4671,11,11,0,0.726317,0.728357,0.00204,0,1,1,1
96.3,1778,1,0.0263167,0.0263167,0.621959,0.638634,0.0166749,34.4878,34.5545,8,8,0,0.783549,0.782485,0.001064,0,0,1,0
96.3,1778,2,0.000381392,0.000381392,0.813084,0.810866,0.00221819,35.2523,35.2435,11,11,0,0.755941,0.759789,0.003848,0,1,1,1
96.3,1778,3,0.000821941,0.000821941,0.621161,0.617427,0.00373393,34.4846,34.4697,11,11,0,0.728357,0.740197,0.01184,0,1,1,0
96.4,1779,1,2.63155e-05,2.63155e-05,0.623637,0.621959,0.00167745,34.4945,34.4878,8,8,0,0.782485,0.785301,0.002816,0,1,1,1
96.4,1779,2,0.00208375,0.00208375,0.800675,0.813084,0.0124091,35.2027,35.2523,11,11,0,0.759789,0.738765,0.021024,0,1,1,0
96.4,1779,3,0.000460342,0.000460342,0.619073,0.621161,0.00208801,34.4763,34.4846,11,11,0,0.740197,0.733565,0.006632,0,1,1,1
96.5,1780,1,7.01398e-05,7.01398e-05,0.627244,0.623637,0.0036068,34.509,34.4945,8,8,0,0.785301,0.791181,0.00588,0,1,1,1
96.5,1780,2,0.000624857,0.000624857,0.804471,0.800675,0.00379586,35.2179,35.2027,11,11,0,0.738765,0.745069,0.006304,0,1,1,1
96.5,1780,3,0.0003599,0.0003599,0.617434,0.619073,0.00163835,34.4697,34.4763,11,11,0,0.733565,0.728381,0.005184,0,1,1,1
96.6,1781,1,7.61449e-06,7.61449e-06,0.62817,0.627244,0.000926137,34.5127,34.509,8,8,0,0.791181,0.792469,0.001288,1,1,1,1
96.6,1781,2,0.000231646,0.000231646,0.803072,0.804471,0.00139904,35.2123,35.2179,11,11,0,0.745069,0.742733,0.002336,1,1,1,1
96.6,1781,3,0.000437036,0.000437036,0.619423,0.617434,0.00198907,34.4777,34.4697,11,11,0,0.728381,0.734677,0.006296,1,1,1,1
96.7,1782,1,0.00311804,0.00311804,0.634123,0.62817,0.00595313,34.5365,34.5127,8,8,0,0.792469,0.795277,0.002808,2,1,1,1
96.7,1782,2,0.000230766,0.000230766,0.804466,0.803072,0.00139427,35.2179,35.2123,11,11,0,0.742733,0.745061,0.002328,2,1,1,1
96.7,1782,3,7.8328e-05,7.8328e-05,0.619779,0.619423,0.000355542,34.4791,34.4777,11,11,0,0.734677,0.735805,0.001128,2,1,1,1
96.8,1783,1,8.8051e-05,8.8051e-05,0.629801,0.634123,0.00432235,34.5192,34.5365,8,8,0,0.795277,0.787909,0.007368,3,1,1,1
96.8,1783,2,0.000827773,0.000827773,0.799423,0.804466,0.00504315,35.1977,35.2179,11,11,0,0.745061,0.736709,0.008352,3,1,1,1
96.8,1783,3,0.00217906,0.00217906,0.626351,0.619779,0.00657248,34.5054,34.4791,11,11,0,0.735805,0.756541,0.020736,3,1,1,0
96.9,1784,1,8.81404e-05,8.81404e-05,0.634128,0.629801,0.004327,34.5365,34.5192,8,8,0,0.787909,0.795285,0.007376,0,1,1,1
96.9,1784,2,2.53245e-05,2.53245e-05,0.799579,0.799423,0.000156283,35.1983,35.1977,11,11,0,0.736709,0.736965,0.000256,0,1,1,1
96.9,1784,3,0.000339381,0.000339381,0.626768,0.626351,0.000417054,34.5071,34.5054,11,11,0,0.756541,0.757805,0.001264,0,1,1,1
97,1785,1,3.36468e-05,3.36468e-05,0.63248,0.634128,0.00164735,34.5299,34.5365,8,8,0,0.795285,0.792469,0.002816,1,1,1,1
97,1785,2,2.53245e-05,2.53245e-05,0.799423,0.799579,0.000156283,35.1977,35.1983,11,11,0,0.736965,0.736709,0.000256,1,1,1,1
97,1785,3,0.00188947,0.00188947,0.623847,0.626768,0.00292158,34.4954,34.5071,11,11,0,0.757805,0.748581,0.009224,1,1,1,1
97.1,1786,1,6.57588e-05,6.57588e-05,0.635695,0.63248,0.00321436,34.5428,34.5299,8,8,0,0.792469,0.797973,0.005504,2,1,1,1
97.1,1786,2,0.000202156,0.000202156,0.800665,0.799423,0.0012424,35.2027,35.1977,11,11,0,0.736709,0.738749,0.00204,2,1,1,1
97.1,1786,3,0.00292472,0.00292472,0.628038,0.623847,0.0041914,34.5122,34.4954,11,11,0,0.748581,0.761661,0.01308,2,1,1,0
97.2,1787,1,0.000152454,0.000152454,0.628214,0.635695,0.00748068,34.5129,34.5428,8,8,0,0.797973,0.785221,0.012752,0,1,1,0
97.2,1787,2,0.000626496,0.000626496,0.804471,0.800665,0.00380552,35.2179,35.2027,11,11,0,0.738749,0.745069,0.00632,0,1,1,1
97.2,1787,3,0.00275604,0.00275604,0.624651,0.628038,0.00338751,34.4986,34.5122,11,11,0,0.761661,0.751397,0.010264,0,1,1,0
97.3,1788,1,0.000152454,0.000152454,0.635695,0.628214,0.00748068,34.5428,34.5129,8,8,0,0.785221,0.797973,0.012752,0,1,1,0
97.3,1788,2,0.000231646,0.000231646,0.803072,0.804471,0.00139904,35.2123,35.2179,11,11,0,0.745069,0.742733,0.002336,0,1,1,1
97.3,1788,3,0.00117524,0.00117524,0.626098,0.624651,0.00144714,34.5044,34.4986,11,11,0,0.751397,0.755773,0.004376,0,1,1,1
97.4,1789,1,0.0270773,0.0270773,0.646394,0.635695,0.0106992,34.5856,34.5428,8,8,0,0.797973,0.792469,0.005504,0,0,1,0
97.4,1789,2,0.000230766,0.000230766,0.804466,0.803072,0.00139427,35.2179,35.2123,11,11,0,0.742733,0.745061,0.002328,0,1,1,1
97.4,1789,3,0.00225511,0.00225511,0.628864,0.626098,0.00276577,34.5155,34.5044,11,11,0,0.755773,0.764173,0.0084,0,1,1,1
97.5,1790,1,0.0270773,0.0270773,0.635695,0.646394,0.0106992,34.5428,34.5856,8,8,0,0.792469,0.797973,0.005504,0,0,1,0
97.5,1790,2,0.000508985,0.000508985,0.801378,0.804466,0.00308776,35.2055,35.2179,11,11,0,0.745061,0.739925,0.005136,0,1,1,1
97.5,1790,3,0.00359932,0.00359932,0.623844,0.628864,0.00501937,34.4954,34.5155,11,11,0,0.764173,0.748573,0.0156,0,1,1,0
97.6,1791,1,6.57588e-05,6.57588e-05,0.63248,0.635695,0.00321436,34.5299,34.5428,8,8,0,0.797973,0.792469,0.005504,0,1,1,1
97.6,1791,2,0.000437766,0.000437766,0.798689,0.801378,0.00268936,35.1948,35.2055,11,11,0,0.739925,0.735509,0.004416,0,1,1,1
97.6,1791,3,0.00189407,0.00189407,0.626774,0.623844,0.00292939,34.5071,34.4954,11,11,0,0.748573,0.757821,0.009248,0,1,1,1
97.7,1792,1,0.00318342,0.00318342,0.636007,0.63248,0.00352681,34.544,34.5299,8,8,0,0.792469,0.790725,0.001744,1,1,1,1
97.7,1792,2,0.000118174,0.000118174,0.799418,0.798689,0.000729144,35.1977,35.1948,11,11,0,0.735509,0.736701,0.001192,1,1,1,1
97.7,1792,3,0.00189379,0.00189379,0.623847,0.626774,0.00292683,34.4954,34.5071,11,11,0,0.757821,0.748581,0.00924,1,1,1,1
97.8,1793,1,2.06828e-05,2.06828e-05,0.637016,0.636007,0.00100857,34.5481,34.544,8,8,0,0.790725,0.792461,0.001736,2,1,1,1
97.8,1793,2,0.00663512,0.00663512,0.807474,0.799418,0.00805563,35.2299,35.1977,11,11,0,0.736701,0.751101,0.0144,2,1,1,0
97.8,1793,3,0.00313089,0.00313089,0.628291,0.623847,0.00444388,34.5132,34.4954,11,11,0,0.748581,0.762429,0.013848,2,1,1,0
97.9,1794,1,0.00164613,0.00164613,0.658021,0.637016,0.0210056,34.6321,34.5481,8,8,0,0.792461,0.826725,0.034264,0,1,0,0
97.9,1794,2,0.0016777,0.0016777,0.797274,0.807474,0.0102002,35.1891,35.2299,11,11,0,0.751101,0.734173,0.016928,0,1,1,0
97.9,1794,3,0.00308412,0.00308412,0.624423,0.628291,0.00386798,34.4977,34.5132,11,11,0,0.762429,0.750629,0.0118,0,1,1,0
98,1795,1,0.00118838,0.00118838,0.65326,0.658021,0.00476164,34.613,34.6321,8,8,0,0.826725,0.820149,0.006576,0,1,1,1
98,1795,2,0.000702512,0.000702512,0.801602,0.797274,0.00432807,35.2064,35.1891,11,11,0,0.734173,0.741261,0.007088,0,1,1,1
98,1795,3,0.00129715,0.00129715,0.626098,0.624423,0.00167513,34.5044,34.4977,11,11,0,0.750629,0.755773,0.005144,0,1,1,1
98.1,1796,1,0.0026643,0.0026643,0.662626,0.65326,0.00936651,34.6505,34.613,8,8,0,0.820149,0.832917,0.012768,1,1,1,0
98.1,1796,2,0.00102139,0.00102139,0.795282,0.801602,0.00631934,35.1811,35.2064,11,11,0,0.741261,0.730957,0.010304,1,1,1,0
98.1,1796,3,0.000309333,0.000309333,0.626478,0.626098,0.000380218,34.5059,34.5044,11,11,0,0.755773,0.756925,0.001152,1,1,1,1
98.2,1797,1,0.00131376,0.00131376,0.658529,0.662626,0.00409675,34.6341,34.6505,8,8,0,0.832917,0.827405,0.005512,0,1,1,1
98.2,1797,2,0.0021139,0.0021139,0.80817,0.795282,0.0128875,35.2327,35.1811,11,11,0,0.730957,0.752285,0.021328,0,1,1,0
98.2,1797,3,0.000968941,0.000968941,0.625286,0.626478,0.00119179,34.5011,34.5059,11,11,0,0.756925,0.753317,0.003608,0,1,1,1
98.3,1798,1,0.00131376,0.00131376,0.662626,0.658529,0.00409675,34.6505,34.6341,8,8,0,0.827405,0.832917,0.005512,0,1,1,1
98.3,1798,2,0.00166184,0.00166184,0.798101,0.80817,0.0100691,35.1924,35.2327,11,11,0,0.752285,0.735517,0.016768,0,1,1,0
98.3,1798,3,0.00141566,0.00141566,0.627027,0.625286,0.00174052,34.5081,34.5011,11,11,0,0.753317,0.758589,0.005272,0,1,1,1
98.4,1799,1,0.00131187,0.00131187,0.658535,0.662626,0.00409085,34.6341,34.6505,8,8,0,0.832917,0.827413,0.005504,0,1,1,1
98.4,1799,2,0.000117305,0.000117305,0.798827,0.798101,0.000726104,35.1953,35.1924,11,11,0,0.735517,0.736701,0.001184,0,1,1,1
98.4,1799,3,0.00209997,0.00209997,0.623847,0.627027,0.00317997,34.4954,34.5081,11,11,0,0.758589,0.748581,0.010008,0,1,1,0
98.5,1800,1,0.000415802,0.000415802,0.657231,0.658535,0.00130433,34.6289,34.6341,8,8,0,0.827413,0.825669,0.001744,0,1,1,1
98.5,1800,2,0.00142721,0.00142721,0.807474,0.798827,0.00864702,35.2299,35.1953,11,11,0,0.736701,0.751101,0.0144,0,1,1,0
98.5,1800,3,0.00292472,0.00292472,0.628038,0.623847,0.0041914,34.5122,34.4954,11,11,0,0.748581,0.761661,0.01308,0,1,1,0
98.6,1801,1,0.0233412,0.0233412,0.668167,0.657231,0.0109363,34.6727,34.6289,8,8,0,0.825669,0.827413,0.001744,0,0,1,0
98.6,1801,2,0.00167611,0.00167611,0.797284,0.807474,0.0101903,35.1891,35.2299,11,11,0,0.751101,0.734189,0.016912,0,1,1,0
98.6,1801,3,0.00229194,0.00229194,0.625223,0.628038,0.00281554,34.5009,34.5122,11,11,0,0.761661,0.753125,0.008536,0,1,1,1
98.7,1802,1,0.0227423,0.0227423,0.659109,0.668167,0.00905877,34.6364,34.6727,8,8,0,0.827413,0.828181,0.000768,0,0,1,0
98.7,1802,2,0.0257104,0.0257104,0.805446,0.797284,0.00816244,35.2218,35.1891,11,11,0,0.734189,0.742741,0.008552,0,0,1,0
98.7,1802,3,0.000171341,0.000171341,0.627193,0.625223,0.00197059,34.5088,34.5009,11,11,0,0.753125,0.755789,0.002664,0,1,1,1
98.8,1803,1,0.00018312,0.00018312,0.658535,0.659109,0.000573218,34.6341,34.6364,8,8,0,0.828181,0.827413,0.000768,0,1,1,1
98.8,1803,2,0.000995426,0.000995426,0.799392,0.805446,0.0060541,35.1976,35.2218,11,11,0,0.742741,0.732693,0.010048,0,1,1,0
98.8,1803,3,0.00104813,0.00104813,0.629749,0.627193,0.00255531,34.519,34.5088,11,11,0,0.755789,0.762429,0.00664,0,1,1,1
98.9,1804,1,0.000415802,0.000415802,0.657231,0.658535,0.00130433,34.6289,34.6341,8,8,0,0.827413,0.825669,0.001744,0,1,1,1
98.9,1804,2,0.000397727,0.000397727,0.801831,0.799392,0.00243956,35.2073,35.1976,11,11,0,0.732693,0.736709,0.004016,0,1,1,1
98.9,1804,3,0.000836261,0.000836261,0.624826,0.629749,0.00492245,34.4993,34.519,11,11,0,0.762429,0.748581,0.013848,0,1,1,0
99,1805,1,0.000415802,0.000415802,0.658535,0.657231,0.00130433,34.6341,34.6289,8,8,0,0.825669,0.827413,0.001744,0,1,1,1
99,1805,2,0.0014251,0.0014251,0.810354,0.801831,0.00852221,35.2414,35.2073,11,11,0,0.736709,0.751093,0.014384,0,1,1,0
99,1805,3,0.000205792,0.000205792,0.627879,0.624826,0.00305277,34.5115,34.4993,11,11,0,0.748581,0.757821,0.00924,0,1,1,1
99.1,1806,1,0.000671297,0.000671297,0.660633,0.658535,0.0020979,34.6425,34.6341,8,8,0,0.827413,0.830229,0.002816,0,1,1,1
99.1,1806,2,0.00142587,0.00142587,0.801827,0.810354,0.00852704,35.2073,35.2414,11,11,0,0.751093,0.736701,0.014392,0,1,1,0
99.1,1806,3,0.000205792,0.000205792,0.624826,0.627879,0.00305277,34.4993,34.5115,11,11,0,0.757821,0.748581,0.00924,0,1,1,1
99.2,1807,1,0.000671297,0.000671297,0.658535,0.660633,0.0020979,34.6341,34.6425,8,8,0,0.830229,0.827413,0.002816,0,1,1,1
99.2,1807,2,0.000202943,0.000202943,0.803061,0.801827,0.00123394,35.2122,35.2073,11,11,0,0.736701,0.738749,0.002048,0,1,1,1
99.2,1807,3,0.000662558,0.000662558,0.629438,0.624826,0.00461131,34.5178,34.4993,11,11,0,0.748581,0.761661,0.01308,0,1,1,0
99.3,1808,1,0,0,0.658535,0.658535,0,34.6341,34.6341,8,8,0,0.827413,0.827413,0,0,1,1,1
99.3,1808,2,0.000625283,0.000625283,0.806821,0.803061,0.00375998,35.2273,35.2122,11,11,0,0.738749,0.745061,0.006312,0,1,1,1
99.3,1808,3,0.000744812,0.000744812,0.625747,0.629438,0.00369048,34.503,34.5178,11,11,0,0.761661,0.751381,0.01028,0,1,1,0
99.4,1809,1,0.000417694,0.000417694,0.657225,0.658535,0.00131035,34.6289,34.6341,8,8,0,0.827413,0.825661,0.001752,0,1,1,1
99.4,1809,2,0.000229759,0.000229759,0.805446,0.806821,0.00137454,35.2218,35.2273,11,11,0,0.745061,0.742741,0.00232,0,1,1,1
99.4,1809,3,0.00012961,0.00012961,0.627193,0.625747,0.00144631,34.5088,34.503,11,11,0,0.751381,0.755789,0.004408,0,1,1,1
99.5,1810,1,0.000417694,0.000417694,0.658535,0.657225,0.00131035,34.6341,34.6289,8,8,0,0.825661,0.827413,0.001752,1,1,1,1
99.5,1810,2,0.00423753,0.00423753,0.795668,0.805446,0.0097782,35.1827,35.2218,11,11,0,0.742741,0.727709,0.015032,1,1,1,0
99.5,1810,3,0.0022806,0.0022806,0.628432,0.627193,0.00123906,34.5137,34.5088,11,11,0,0.755789,0.756925,0.001136,1,1,1,1
99.6,1811,1,0.00131187,0.00131187,0.662626,0.658535,0.00409085,34.6505,34.6341,8,8,0,0.827413,0.832917,0.005504,0,1,1,1
99.6,1811,2,0.00256105,0.00256105,0.776361,0.795668,0.0193071,35.1054,35.1827,11,11,0,0.727709,0.697997,0.029712,0,1,1,0
99.6,1811,3,0.000106126,0.000106126,0.627252,0.628432,0.00118047,34.509,34.5137,11,11,0,0.756925,0.753317,0.003608,0,1,1,1
99.7,1812,1,0.00131187,0.00131187,0.658535,0.662626,0.00409085,34.6341,34.6505,8,8,0,0.832917,0.827413,0.005504,0,1,1,1
99.7,1812,2,0.000393528,0.000393528,0.780099,0.776361,0.00373793,35.1204,35.1054,11,11,0,0.697997,0.703533,0.005536,0,1,1,1
99.7,1812,3,0.000206143,0.000206143,0.629542,0.627252,0.00229019,34.5182,34.509,11,11,0,0.753317,0.760325,0.007008,0,1,1,1
99.8,1813,1,0.0229469,0.0229469,0.667134,0.658535,0.00859821,34.6685,34.6341,8,8,0,0.827413,0.825661,0.001752,1,0,1,0
99.8,1813,2,0.0013922,0.0013922,0.790759,0.780099,0.0106605,35.163,35.1204,11,11,0,0.703533,0.719885,0.016352,1,1,1,0
99.8,1813,3,0.000345401,0.000345401,0.625698,0.629542,0.00384402,34.5028,34.5182,11,11,0,0.760325,0.748581,0.011744,1,1,1,0
99.9,1814,1,0.0229469,0.0229469,0.658535,0.667134,0.00859821,34.6341,34.6685,8,8,0,0.825661,0.827413,0.001752,0,0,1,0
99.9,1814,2,0.00119209,0.00119209,0.781979,0.790759,0.00878018,35.1279,35.163,11,11,0,0.719885,0.706349,0.013536,0,1,1,0
99.9,1814,3,7.56234e-06,7.56234e-06,0.630351,0.625698,0.00465298,34.5214,34.5028,11,11,0,0.748581,0.762429,0.013848,0,1,1,0
100,1815,1,0.00131187,0.00131187,0.662626,0.658535,0.00409085,34.6505,34.6341,8,8,0,0.827413,0.832917,0.005504,0,1,1,1
100,1815,2,0.000797315,0.000797315,0.78822,0.781979,0.00624084,35.1529,35.1279,11,11,0,0.706349,0.715901,0.009552,0,1,1,1
100,1815,3,5.21392e-05,5.21392e-05,0.626365,0.630351,0.0039857,34.5055,34.5214,11,11,0,0.762429,0.750613,0.011816,0,1,1,0
100.1,1816,1,0.00131187,0.00131187,0.658535,0.662626,0.00409085,34.6341,34.6505,8,8,0,0.832917,0.827413,0.005504,0,1,1,1
100.1,1816,2,0.00051358,0.00051358,0.78462,0.78822,0.00359952,35.1385,35.1529,11,11,0,0.715901,0.710341,0.00556,0,1,1,1
100.1,1816,3,0.000152327,0.000152327,0.628061,0.626365,0.00169569,34.5122,34.5055,11,11,0,0.750613,0.755789,0.005176,0,1,1,1
100.2,1817,1,0.00131187,0.00131187,0.662626,0.658535,0.00409085,34.6505,34.6341,8,8,0,0.827413,0.832917,0.005504,1,1,1,1
100.2,1817,2,0.000514392,0.000514392,0.788225,0.78462,0.00360471,35.1529,35.1385,11,11,0,0.710341,0.715909,0.005568,1,1,1,1
100.2,1817,3,3.33562e-05,3.33562e-05,0.628432,0.628061,0.000371337,34.5137,34.5122,11,11,0,0.755789,0.756925,0.001136,1,1,1,1
100.3,1818,1,0.00266415,0.00266415,0.65327,0.662626,0.00935644,34.6131,34.6505,8,8,0,0.832917,0.820165,0.012752,2,1,1,0
100.3,1818,2,0.00139215,0.00139215,0.776355,0.788225,0.0118697,35.1054,35.1529,11,11,0,0.715909,0.697989,0.01792,2,1,1,0
100.3,1818,3,0.000106126,0.000106126,0.627252,0.628432,0.00118047,34.509,34.5137,11,11,0,0.756925,0.753317,0.003608,2,1,1,1
100.4,1819,1,0.00266415,0.00266415,0.662626,0.65327,0.00935644,34.6505,34.6131,8,8,0,0.820165,0.832917,0.012752,0,1,1,0
100.4,1819,2,0.00153803,0.00153803,0.789166,0.776355,0.0128111,35.1567,35.1054,11,11,0,0.697989,0.717381,0.019392,0,1,1,0
100.4,1819,3,0.000155099,0.000155099,0.628976,0.627252,0.00172389,34.5159,34.509,11,11,0,0.753317,0.758589,0.005272,0,1,1,1
100.5,1820,1,0.00131187,0.00131187,0.658535,0.662626,0.00409085,34.6341,34.6505,8,8,0,0.832917,0.827413,0.005504,0,1,1,1
100.5,1820,2,0.00076548,0.00076548,0.783644,0.789166,0.00552201,35.1346,35.1567,11,11,0,0.717381,0.708861,0.00852,0,1,1,1
100.5,1820,3,0.000294834,0.000294834,0.625693,0.628976,0.00328302,34.5028,34.5159,11,11,0,0.758589,0.748565,0.010024,0,1,1,0
100.6,1821,1,0.00018312,0.00018312,0.659109,0.658535,0.000573218,34.6364,34.6341,8,8,0,0.827413,0.828181,0.000768,0,1,1,1
100.6,1821,2,0.000502605,0.000502605,0.778927,0.783644,0.00471729,35.1157,35.1346,11,11,0,0.708861,0.701789,0.007072,0,1,1,1
100.6,1821,3,0.000178225,0.000178225,0.630047,0.625693,0.004354,34.5202,34.5028,11,11,0,0.748565,0.761677,0.013112,0,1,1,0
100.7,1822,1,0.000782028,0.000782028,0.656655,0.659109,0.00245315,34.6266,34.6364,8,8,0,0.828181,0.824901,0.00328,0,1,1,1
100.7,1822,2,0.00151699,0.00151699,0.790764,0.778927,0.0118372,35.1631,35.1157,11,11,0,0.701789,0.719893,0.018104,0,1,1,0
100.7,1822,3,0.000178225,0.000178225,0.625693,0.630047,0.004354,34.5028,34.5202,11,11,0,0.761677,0.748565,0.013112,0,1,1,0
100.8,1823,1,0.000782028,0.000782028,0.659109,0.656655,0.00245315,34.6364,34.6266,8,8,0,0.824901,0.828181,0.00328,0,1,1,1
100.8,1823,2,0.00119291,0.00119291,0.781979,0.790764,0.00878525,35.1279,35.1631,11,11,0,0.719893,0.706349,0.013544,0,1,1,0
100.8,1823,3,0.0190729,0.0190729,0.594799,0.625693,0.0308933,34.3792,34.5028,11,11,0,0.748565,0.758605,0.01004,0,1,0,0
100.9,1824,1,0.00018312,0.00018312,0.658535,0.659109,0.000573218,34.6341,34.6364,8,8,0,0.828181,0.827413,0.000768,0,1,1,1
100.9,1824,2,0.00111676,0.00111676,0.790277,0.781979,0.00829792,35.1611,35.1279,11,11,0,0.706349,0.719125,0.012776,0,1,1,0
100.9,1824,3,0.000528939,0.000528939,0.594281,0.594799,0.000518799,34.3771,34.3792,11,11,0,0.758605,0.756925,0.00168,0,1,1,1
101,1825,1,0.0229254,0.0229254,0.668167,0.658535,0.00963199,34.6727,34.6341,8,8,0,0.827413,0.827413,0,0,0,1,0
101,1825,2,0.00171039,0.00171039,0.776361,0.790277,0.0139161,35.1054,35.1611,11,11,0,0.719125,0.697997,0.021128,0,1,1,0
101,1825,3,0.00241039,0.00241039,0.60359,0.594281,0.00930983,34.4144,34.3771,11,11,0,0.756925,0.778357,0.021432,0,1,1,0
101.1,1826,1,0.022256,0.022256,0.660627,0.668167,0.00754005,34.6425,34.6727,8,8,0,0.827413,0.830221,0.002808,0,0,1,0
101.1,1826,2,0.00139095,0.00139095,0.78822,0.776361,0.0118591,35.1529,35.1054,11,11,0,0.697997,0.715901,0.017904,0,1,1,0
101.1,1826,3,0.000382572,0.000382572,0.599027,0.60359,0.00456357,34.3961,34.4144,11,11,0,0.778357,0.769029,0.009328,0,1,1,1
101.2,1827,1,0.000669345,0.000669345,0.658535,0.660627,0.00209194,34.6341,34.6425,8,8,0,0.830221,0.827413,0.002808,0,1,1,1
101.2,1827,2,0.000514124,0.000514124,0.784615,0.78822,0.00360483,35.1385,35.1529,11,11,0,0.715901,0.710333,0.005568,0,1,1,1
101.2,1827,3,0.000327721,0.000327721,0.602939,0.599027,0.00391239,34.4118,34.3961,11,11,0,0.769029,0.777021,0.007992,0,1,1,1
101.3,1828,1,0.000415802,0.000415802,0.657231,0.658535,0.00130433,34.6289,34.6341,8,8,0,0.827413,0.825669,0.001744,1,1,1,1
101.3,1828,2,0.000606658,0.000606658,0.778932,0.784615,0.00568253,35.1157,35.1385,11,11,0,0.710333,0.701797,0.008536,1,1,1,1
101.3,1828,3,6.75395e-05,6.75395e-05,0.602135,0.602939,0.000804484,34.4085,34.4118,11,11,0,0.777021,0.775373,0.001648,1,1,1,1
101.4,1829,1,0.00041391,0.00041391,0.658529,0.657231,0.00129843,34.6341,34.6289,8,8,0,0.825669,0.827405,0.001736,2,1,1,1
101.4,1829,2,0.00417771,0.00417771,0.790446,0.778932,0.011514,35.1618,35.1157,11,11,0,0.701797,0.718405,0.016608,2,1,1,0
101.4,1829,3,0.00014928,0.00014928,0.600354,0.602135,0.00178099,34.4014,34.4085,11,11,0,0.775373,0.771733,0.00364,2,1,1,1
101.5,1830,1,0.00131376,0.00131376,0.662626,0.658529,0.00409675,34.6505,34.6341,8,8,0,0.827405,0.832917,0.005512,0,1,1,1
101.5,1830,2,0.00610807,0.00610807,0.784146,0.790446,0.00630045,35.1366,35.1618,11,11,0,0.718405,0.707829,0.010576,0,1,1,0
101.5,1830,3,2.55853e-05,2.55853e-05,0.600048,0.600354,0.000305951,34.4002,34.4014,11,11,0,0.771733,0.771109,0.000624,0,1,1,1
101.6,1831,1,0.00131187,0.00131187,0.658535,0.662626,0.00409085,34.6341,34.6505,8,8,0,0.832917,0.827413,0.005504,0,1,1,1
101.6,1831,2,0.00180616,0.00180616,0.800347,0.784146,0.0162011,35.2014,35.1366,11,11,0,0.707829,0.733253,0.025424,0,1,1,0
101.6,1831,3,0.000126943,0.000126943,0.601564,0.600048,0.0015161,34.4063,34.4002,11,11,0,0.771109,0.774205,0.003096,0,1,1,1
101.7,1832,1,0.000415802,0.000415802,0.657231,0.658535,0.00130433,34.6289,34.6341,8,8,0,0.827413,0.825669,0.001744,0,1,1,1
101.7,1832,2,0.000486238,0.000486238,0.804149,0.800347,0.00380176,35.2166,35.2014,11,11,0,0.733253,0.739501,0.006248,0,1,1,1
101.7,1832,3,0.0002736,0.0002736,0.604817,0.601564,0.00325269,34.4193,34.4063,11,11,0,0.774205,0.780877,0.006672,0,1,1,1
101.8,1833,1,0.00113116,0.00113116,0.649562,0.657231,0.00766867,34.5982,34.6289,8,8,0,0.825669,0.813893,0.011776,1,1,1,0
101.8,1833,2,0.000419691,0.000419691,0.800922,0.804149,0.0032264,35.2037,35.2166,11,11,0,0.739501,0.734189,0.005312,1,1,1,1
101.8,1833,3,0.000485241,0.000485241,0.599035,0.604817,0.00578195,34.3961,34.4193,11,11,0,0.780877,0.769045,0.011832,1,1,1,0
101.9,1834,1,0.00295246,0.00295246,0.646393,0.649562,0.0031696,34.5856,34.5982,8,8,0,0.813893,0.800789,0.013104,0,1,1,0
101.9,1834,2,0.000970436,0.000970436,0.807448,0.800922,0.0065254,35.2298,35.2037,11,11,0,0.734189,0.745061,0.010872,0,1,1,0
101.9,1834,3,0.00145834,0.00145834,0.613318,0.599035,0.0142835,34.4533,34.3961,11,11,0,0.769045,0.797661,0.028616,0,1,1,0
102,1835,1,3.77297e-05,3.77297e-05,0.646814,0.646393,0.000421643,34.5873,34.5856,8,8,0,0.800789,0.801557,0.000768,0,1,1,1
102,1835,2,0.000229752,0.000229752,0.806077,0.807448,0.00137049,35.2243,35.2298,11,11,0,0.745061,0.742741,0.00232,0,1,1,1
102,1835,3,0.00139364,0.00139364,0.599809,0.613318,0.0135096,34.3992,34.4533,11,11,0,0.797661,0.770621,0.02704,0,1,1,0
102.1,1836,1,3.77297e-05,3.77297e-05,0.646393,0.646814,0.000421643,34.5856,34.5873,8,8,0,0.801557,0.800789,0.000768,0,1,1,1
102.1,1836,2,0.00146347,0.00146347,0.814659,0.806077,0.00858158,35.2586,35.2243,11,11,0,0.742741,0.757517,0.014776,0,1,1,0
102.1,1836,3,0.00524648,0.00524648,0.591307,0.599809,0.00850159,34.3652,34.3992,11,11,0,0.770621,0.748293,0.022328,0,1,1,0
102.2,1837,1,0.0268914,0.0268914,0.657673,0.646393,0.0112805,34.6307,34.5856,8,8,0,0.800789,0.799045,0.001744,0,0,1,0
102.2,1837,2,0.0396967,0.0396967,0.823176,0.814659,0.00851709,35.2927,35.2586,11,11,0,0.757517,0.779765,0.022248,0,0,1,0
102.2,1837,3,0.0227853,0.0227853,0.625356,0.591307,0.0340492,34.5014,34.3652,11,11,0,0.748293,0.747541,0.000752,0,0,0,0
102.3,1838,1,0.0268914,0.0268914,0.646393,0.657673,0.0112805,34.5856,34.6307,8,8,0,0.799045,0.800789,0.001744,0,0,1,0
102.3,1838,2,0.0327855,0.0327855,0.820767,0.823176,0.00240874,35.2831,35.2927,11,11,0,0.779765,0.769477,0.010288,0,0,1,0
102.3,1838,3,0.0231191,0.0231191,0.59103,0.625356,0.0343258,34.3641,34.5014,11,11,0,0.747541,0.747509,3.2e-05,0,0,0,0
102.4,1839,1,3.77297e-05,3.77297e-05,0.646814,0.646393,0.000421643,34.5873,34.5856,8,8,0,0.800789,0.801557,0.000768,0,1,1,1
102.4,1839,2,0.000320176,0.000320176,0.822544,0.820767,0.00177664,35.2902,35.2831,11,11,0,0.769477,0.772709,0.003232,0,1,1,1
102.4,1839,3,0.00303885,0.00303885,0.59384,0.59103,0.00281006,34.3754,34.3641,11,11,0,0.747509,0.755501,0.007992,0,1,1,1
102.5,1840,1,3.77297e-05,3.77297e-05,0.646393,0.646814,0.000421643,34.5856,34.5873,8,8,0,0.801557,0.800789,0.000768,1,1,1,1
102.5,1840,2,7.37477e-05,7.37477e-05,0.822951,0.822544,0.000406742,35.2918,35.2902,11,11,0,0.772709,0.773453,0.000744,1,1,1,1
102.5,1840,3,0.00389706,0.00389706,0.590319,0.59384,0.00352198,34.3613,34.3754,11,11,0,0.755501,0.745493,0.010008,1,1,1,0
102.6,1841,1,7.89762e-07,7.89762e-07,0.646384,0.646393,8.76188e-06,34.5855,34.5856,8,8,0,0.800789,0.800773,1.6e-05,0,1,1,1
102.6,1841,2,7.52453e-05,7.52453e-05,0.822535,0.822951,0.000415564,35.2901,35.2918,11,11,0,0.773453,0.772693,0.00076,0,1,1,1
102.6,1841,3,0.00361492,0.00361492,0.593563,0.590319,0.00324488,34.3743,34.3613,11,11,0,0.745493,0.754605,0.009112,0,1,1,1
102.7,1842,1,8.53837e-05,8.53837e-05,0.645429,0.646384,0.000954568,34.5817,34.5855,8,8,0,0.800773,0.799037,0.001736,1,1,1,1
102.7,1842,2,7.60276e-05,7.60276e-05,0.822955,0.822535,0.000419855,35.2918,35.2901,11,11,0,0.772693,0.773461,0.000768,1,1,1,1
102.7,1842,3,0.00274308,0.00274308,0.591042,0.593563,0.00252163,34.3642,34.3743,11,11,0,0.754605,0.747541,0.007064,1,1,1,1
102.8,1843,1,8.61734e-05,8.61734e-05,0.646393,0.645429,0.00096333,34.5856,34.5817,8,8,0,0.799037,0.800789,0.001752,2,1,1,1
102.8,1843,2,0.000978895,0.000978895,0.817485,0.822955,0.00547004,35.2699,35.2918,11,11,0,0.773461,0.763581,0.00988,2,1,1,1
102.8,1843,3,0.00237373,0.00237373,0.593206,0.591042,0.00216401,34.3728,34.3642,11,11,0,0.747541,0.753557,0.006016,2,1,1,1
102.9,1844,1,0.00027065,0.00027065,0.649406,0.646393,0.00301307,34.5976,34.5856,8,8,0,0.800789,0.806293,0.005504,3,1,1,1
102.9,1844,2,0.00120971,0.00120971,0.824222,0.817485,0.00673723,35.2969,35.2699,11,11,0,0.763581,0.775789,0.012208,3,1,1,0
102.9,1844,3,0.000656515,0.000656515,0.593845,0.593206,0.000639737,34.3754,34.3728,11,11,0,0.753557,0.755517,0.00196,3,1,1,1
103,1845,1,0.00027065,0.00027065,0.646393,0.649406,0.00301307,34.5856,34.5976,8,8,0,0.806293,0.800789,0.005504,0,1,1,1
103,1845,2,0.00549613,0.00549613,0.822369,0.824222,0.00185329,35.2895,35.2969,11,11,0,0.775789,0.773453,0.002336,0,1,1,1
103,1845,3,0.00390888,0.00390888,0.590313,0.593845,0.00353265,34.3613,34.3754,11,11,0,0.755517,0.745477,0.01004,0,1,1,0
103.1,1846,1,8.61734e-05,8.61734e-05,0.645429,0.646393,0.00096333,34.5817,34.5856,8,8,0,0.800789,0.799037,0.001752,0,1,1,1
103.1,1846,2,7.38483e-05,7.38483e-05,0.821961,0.822369,0.000407994,35.2878,35.2895,11,11,0,0.773453,0.772709,0.000744,0,1,1,1
103.1,1846,3,0.00478741,0.00478741,0.592846,0.590313,0.0025329,34.3714,34.3613,11,11,0,0.745477,0.753837,0.00836,0,1,1,1
103.2,1847,1,6.40303e-05,6.40303e-05,0.644711,0.645429,0.000718355,34.5788,34.5817,8,8,0,0.799037,0.797733,0.001304,1,1,1,1
103.2,1847,2,0.0286225,0.0286225,0.81505,0.821961,0.0069108,35.2602,35.2878,11,11,0,0.772709,0.773461,0.000752,1,0,1,0
103.2,1847,3,0.00147732,0.00147732,0.591002,0.592846,0.00184387,34.364,34.3714,11,11,0,0.753837,0.748309,0.005528,1,1,1,1
103.3,1848,1,0.000803977,0.000803977,0.635606,0.644711,0.00910497,34.5424,34.5788,8,8,0,0.797733,0.781381,0.016352,0,1,1,0
103.3,1848,2,0.00215579,0.00215579,0.808325,0.81505,0.00672513,35.2333,35.2602,11,11,0,0.773461,0.761837,0.011624,0,1,1,0
103.3,1848,3,0.000246882,0.000246882,0.590758,0.591002,0.000243783,34.363,34.364,11,11,0,0.748309,0.747525,0.000784,0,1,1,1
103.4,1849,1,0.00115111,0.00115111,0.62854,0.635606,0.00706619,34.5142,34.5424,8,8,0,0.781381,0.767157,0.014224,0,1,1,0
103.4,1849,2,0.00547806,0.00547806,0.822652,0.808325,0.0143272,35.2906,35.2333,11,11,0,0.761837,0.779773,0.017936,0,1,1,0
103.4,1849,3,0.0020199,0.0020199,0.593472,0.590758,0.00271398,34.3739,34.363,11,11,0,0.747525,0.755501,0.007976,0,1,1,1
103.5,1850,1,0.00115111,0.00115111,0.635606,0.62854,0.00706619,34.5424,34.5142,8,8,0,0.767157,0.781381,0.014224,0,1,1,0
103.5,1850,2,0.00410629,0.00410629,0.812761,0.822652,0.00989127,35.251,35.2906,11,11,0,0.779773,0.769477,0.010296,0,1,1,0
103.5,1850,3,0.0020199,0.0020199,0.590758,0.593472,0.00271398,34.363,34.3739,11,11,0,0.755501,0.747525,0.007976,0,1,1,1
103.6,1851,1,0.000167534,0.000167534,0.633408,0.635606,0.00219804,34.5336,34.5424,8,8,0,0.781381,0.777397,0.003984,0,1,1,1
103.6,1851,2,0.000634542,0.000634542,0.814615,0.812761,0.00185442,35.2585,35.251,11,11,0,0.769477,0.772701,0.003224,0,1,1,1
103.6,1851,3,0.00186352,0.00186352,0.593141,0.590758,0.00238287,34.3726,34.363,11,11,0,0.747525,0.754621,0.007096,0,1,1,1
103.7,1852,1,0.000964388,0.000964388,0.644632,0.633408,0.0112236,34.5785,34.5336,8,8,0,0.777397,0.797589,0.020192,1,1,1,0
103.7,1852,2,0.000147978,0.000147978,0.815045,0.814615,0.000430167,35.2602,35.2585,11,11,0,0.772701,0.773453,0.000752,1,1,1,1
103.7,1852,3,0.00264262,0.00264262,0.590084,0.593141,0.00305736,34.3603,34.3726,11,11,0,0.754621,0.745477,0.009144,1,1,1,1
103.8,1853,1,0.000675753,0.000675753,0.63699,0.644632,0.00764209,34.548,34.5785,8,8,0,0.797589,0.783845,0.013744,0,1,1,0
103.8,1853,2,0.000144893,0.000144893,0.814624,0.815045,0.000420988,35.2585,35.2602,11,11,0,0.773453,0.772717,0.000736,0,1,1,1
103.8,1853,3,0.000779092,0.000779092,0.590758,0.590084,0.000674486,34.363,34.3603,11,11,0,0.745477,0.747525,0.002048,0,1,1,1
103.9,1854,1,0.000884891,0.000884891,0.630608,0.63699,0.00638145,34.5224,34.548,8,8,0,0.783845,0.771589,0.012256,0,1,1,0
103.9,1854,2,0.000144893,0.000144893,0.815045,0.814624,0.000420988,35.2602,35.2585,11,11,0,0.772717,0.773453,0.000736,0,1,1,1
103.9,1854,3,0.000891708,0.000891708,0.591638,0.590758,0.000879884,34.3666,34.363,11,11,0,0.747525,0.750357,0.002832,0,1,1,1
104,1855,1,0.000353813,0.000353813,0.628719,0.630608,0.00188863,34.5149,34.5224,8,8,0,0.771589,0.767541,0.004048,0,1,1,1
104,1855,2,0.00109419,0.00109419,0.818198,0.815045,0.00315279,35.2728,35.2602,11,11,0,0.773453,0.779013,0.00556,0,1,1,1
104,1855,3,0.000627764,0.000627764,0.592412,0.591638,0.000773668,34.3696,34.3666,11,11,0,0.750357,0.752685,0.002328,0,1,1,1
104.1,1856,1,0.000281006,0.000281006,0.627214,0.628719,0.00150579,34.5089,34.5149,8,8,0,0.767541,0.764325,0.003216,1,1,1,1
104.1,1856,2,0.00502365,0.00502365,0.798851,0.818198,0.0193471,35.1954,35.2728,11,11,0,0.779013,0.745669,0.033344,1,1,1,0
104.1,1856,3,0.00127259,0.00127259,0.591002,0.592412,0.00140977,34.364,34.3696,11,11,0,0.752685,0.748309,0.004376,1,1,1,1
104.2,1857,1,0.024344,0.024344,0.740502,0.627214,0.113288,34.962,34.5089,8,8,0,0.764325,0.939973,0.175648,0,0,0,0
104.2,1857,2,0.00219125,0.00219125,0.786191,0.798851,0.0126601,35.1448,35.1954,11,11,0,0.745669,0.724645,0.021024,0,1,1,0
104.2,1857,3,0.00147732,0.00147732,0.592846,0.591002,0.00184387,34.3714,34.364,11,11,0,0.748309,0.753837,0.005528,0,1,1,1
104.3,1858,1,0.024344,0.024344,0.627214,0.740502,0.113288,34.5089,34.962,8,8,0,0.939973,0.764325,0.175648,0,0,0,0
104.3,1858,2,0.0038347,0.0038347,0.807636,0.786191,0.0214447,35.2305,35.1448,11,11,0,0.724645,0.760637,0.035992,0,1,0,0
104.3,1858,3,0.00249647,0.00249647,0.590089,0.592846,0.00275642,34.3604,34.3714,11,11,0,0.753837,0.745493,0.008344,0,1,1,1
104.4,1859,1,0.000282407,0.000282407,0.628727,0.627214,0.00151324,34.5149,34.5089,8,8,0,0.764325,0.767557,0.003232,0,1,1,1
104.4,1859,2,0.0252479,0.0252479,0.885446,0.807636,0.0778102,35.5418,35.2305,11,11,0,0.760637,0.914973,0.154336,0,0,0,0
104.4,1859,3,0.0476478,0.0476478,0.663522,0.590089,0.0734325,34.6541,34.3604,11,11,0,0.745493,0.932325,0.186832,0,0,0,0
104.5,1860,1,4.75049e-05,4.75049e-05,0.628472,0.628727,0.000254452,34.5139,34.5149,8,8,0,0.767557,0.767013,0.000544,0,1,1,1
104.5,1860,2,0.026958,0.026958,0.798487,0.885446,0.086959,35.1939,35.5418,11,11,0,0.914973,0.745061,0.169912,0,0,0,0
104.5,1860,3,0.0459889,0.0459889,0.591633,0.663522,0.0718887,34.3665,34.6541,11,11,0,0.932325,0.750341,0.181984,0,0,0,0
104.6,1861,1,0.0229091,0.0229091,0.58632,0.628472,0.042152,34.3453,34.5139,8,8,0,0.767013,0.599317,0.167696,0,0,0,0
104.6,1861,2,0.0604864,0.0604864,0.655277,0.798487,0.14321,34.6211,35.1939,11,11,0,0.745061,0.559021,0.18604,0,0,0,0
104.6,1861,3,0.00871231,0.00871231,0.508088,0.591633,0.0835451,34.0324,34.3665,11,11,0,0.750341,0.570701,0.17964,0,1,0,0
104.7,1862,1,0.0637875,0.0637875,0.791804,0.58632,0.205483,35.1672,34.3453,8,8,0,0.599317,1.02073,0.421408,0,0,0,0
104.7,1862,2,0.0485272,0.0485272,0.863837,0.655277,0.20856,35.4553,34.6211,11,11,0,0.559021,0.853045,0.294024,0,0,0,0
104.7,1862,3,0.0425964,0.0425964,0.672768,0.508088,0.16468,34.6911,34.0324,11,11,0,0.570701,0.965453,0.394752,0,0,0,0
104.8,1863,1,0.0265594,0.0265594,0.728005,0.791804,0.0637988,34.912,35.1672,8,8,0,1.02073,0.921253,0.099472,0,0,0,0
104.8,1863,2,0.0136073,0.0136073,0.745772,0.863837,0.118065,34.9831,35.4553,11,11,0,0.853045,0.663741,0.189304,0,1,0,0
104.8,1863,3,0.0386147,0.0386147,0.569628,0.672768,0.10314,34.2785,34.6911,11,11,0,0.965453,0.700733,0.26472,0,0,0,0
104.9,1864,1,0.0138224,0.0138224,0.689137,0.728005,0.0388677,34.7565,34.912,8,8,0,0.921253,0.864685,0.056568,0,1,0,0
104.9,1864,2,0.00901291,0.00901291,0.742532,0.745772,0.00323945,34.9701,34.9831,11,11,0,0.663741,0.670133,0.006392,0,1,1,1
104.9,1864,3,0.00864029,0.00864029,0.608487,0.569628,0.0388588,34.4339,34.2785,11,11,0,0.700733,0.791333,0.0906,0,1,0,0
105,1865,1,0.00213335,0.00213335,0.69489,0.689137,0.00575274,34.7796,34.7565,8,8,0,0.864685,0.873221,0.008536,0,1,1,1
105,1865,2,0.00550048,0.00550048,0.722559,0.742532,0.0199734,34.8902,34.9701,11,11,0,0.670133,0.645157,0.024976,0,1,1,0
105,1865,3,8.19266e-05,8.19266e-05,0.607256,0.608487,0.00123078,34.429,34.4339,11,11,0,0.791333,0.788645,0.002688,0,1,1,1
105.1,1866,1,0.00137541,0.00137541,0.691191,0.69489,0.00369924,34.7648,34.7796,8,8,0,0.873221,0.867717,0.005504,0,1,1,1
105.1,1866,2,0.002745,0.002745,0.712241,0.722559,0.0103176,34.849,34.8902,11,11,0,0.645157,0.632813,0.012344,0,1,1,0
105.1,1866,3,6.24657e-05,6.24657e-05,0.608194,0.607256,0.000937998,34.4328,34.429,11,11,0,0.788645,0.790693,0.002048,0,1,1,1
105.2,1867,1,0.000671804,0.000671804,0.693002,0.691191,0.00181121,34.772,34.7648,8,8,0,0.867717,0.870405,0.002688,0,1,1,1
105.2,1867,2,0.00531934,0.00531934,0.731951,0.712241,0.0197095,34.9278,34.849,11,11,0,0.632813,0.656733,0.02392,0,1,1,0
105.2,1867,3,9.48533e-05,9.48533e-05,0.609616,0.608194,0.00142199,34.4385,34.4328,11,11,0,0.790693,0.793805,0.003112,0,1,1,1
105.3,1868,1,0.000671804,0.000671804,0.691191,0.693002,0.00181121,34.7648,34.772,8,8,0,0.870405,0.867717,0.002688,0,1,1,1
105.3,1868,2,0.00532299,0.00532299,0.712228,0.731951,0.0197232,34.8489,34.9278,11,11,0,0.656733,0.632797,0.023936,0,1,1,0
105.3,1868,3,0.000183381,0.000183381,0.612354,0.609616,0.00273782,34.4494,34.4385,11,11,0,0.793805,0.799821,0.006016,0,1,1,1
105.4,1869,1,0.00137541,0.00137541,0.69489,0.691191,0.00369924,34.7796,34.7648,8,8,0,0.867717,0.873221,0.005504,0,1,1,1
105.4,1869,2,0.0305168,0.0305168,0.726578,0.712228,0.01435,34.9063,34.8489,11,11,0,0.632797,0.645157,0.01236,0,0,1,0
105.4,1869,3,0.000201739,0.000201739,0.609342,0.612354,0.0030117,34.4374,34.4494,11,11,0,0.799821,0.793205,0.006616,0,1,1,1
105.5,1870,1,0.00531079,0.00531079,0.709096,0.69489,0.0142059,34.8364,34.7796,8,8,0,0.873221,0.894045,0.020824,0,1,1,0
105.5,1870,2,7.3228e-05,7.3228e-05,0.726004,0.726578,0.000573814,34.904,34.9063,11,11,0,0.645157,0.644405,0.000752,0,1,1,1
105.5,1870,3,0.000138961,0.000138961,0.607256,0.609342,0.0020861,34.429,34.4374,11,11,0,0.793205,0.788645,0.00456,0,1,1,1
105.6,1871,1,0.00738819,0.00738819,0.689289,0.709096,0.0198066,34.7572,34.8364,8,8,0,0.894045,0.864909,0.029136,0,1,1,0
105.6,1871,2,7.3228e-05,7.3228e-05,0.726578,0.726004,0.000573814,34.9063,34.904,11,11,0,0.644405,0.645157,0.000752,0,1,1,1
105.6,1871,3,0.00021974,0.00021974,0.61055,0.607256,0.00329369,34.4422,34.429,11,11,0,0.788645,0.795853,0.007208,0,1,1,1
105.7,1872,1,0.00137581,0.00137581,0.693007,0.689289,0.00371796,34.772,34.7572,8,8,0,0.864909,0.870413,0.005504,0,1,1,1
105.7,1872,2,0.00038952,0.00038952,0.723514,0.726578,0.00306392,34.8941,34.9063,11,11,0,0.645157,0.641157,0.004,0,1,1,1
105.7,1872,3,3.51593e-05,3.51593e-05,0.611074,0.61055,0.000524342,34.4443,34.4422,11,11,0,0.795853,0.797005,0.001152,0,1,1,1
105.8,1873,1,0.0128261,0.0128261,0.599318,0.693007,0.0936893,34.3973,34.772,8,8,0,0.870413,0.679381,0.191032,1,1,0,0
105.8,1873,2,0.0103944,0.0103944,0.623248,0.723514,0.100266,34.493,34.8941,11,11,0,0.641157,0.491397,0.14976,1,1,0,0
105.8,1873,3,0.0145903,0.0145903,0.51765,0.611074,0.0934238,34.0706,34.4443,11,11,0,0.797005,0.598085,0.19892,1,1,0,0
105.9,1874,1,0.0522812,0.0522812,0.81372,0.599318,0.214402,35.2549,34.3973,8,8,0,0.679381,1.05863,0.379248,0,0,0,0
105.9,1874,2,0.0310256,0.0310256,0.826833,0.623248,0.203585,35.3073,34.493,11,11,0,0.491397,0.792613,0.301216,0,0,0,0
105.9,1874,3,0.053668,0.053668,0.67649,0.51765,0.15884,34.706,34.0706,11,11,0,0.598085,0.976405,0.37832,0,0,0,0
106,1875,1,0.0357842,0.0357842,0.719033,0.81372,0.0946866,34.8761,35.2549,8,8,0,1.05863,0.907301,0.151328,0,0,0,0
106,1875,2,0.00164707,0.00164707,0.734308,0.826833,0.0925255,34.9372,35.3073,11,11,0,0.792613,0.649909,0.142704,0,1,0,0
106,1875,3,0.0478807,0.0478807,0.570936,0.67649,0.105554,34.2837,34.706,11,11,0,0.976405,0.704405,0.272,0,0,0,0
106.1,1876,1,0.00484268,0.00484268,0.689843,0.719033,0.0291903,34.7594,34.8761,8,8,0,0.907301,0.865725,0.041576,0,1,0,0
106.1,1876,2,0.0207362,0.0207362,0.709374,0.734308,0.0249336,34.8375,34.9372,11,11,0,0.649909,0.623165,0.026744,0,0,0,0
106.1,1876,3,0.00881608,0.00881608,0.611271,0.570936,0.0403344,34.4451,34.2837,11,11,0,0.704405,0.797437,0.093032,0,1,0,0
106.2,1877,1,0.0011718,0.0011718,0.693007,0.689843,0.00316447,34.772,34.7594,8,8,0,0.865725,0.870413,0.004688,0,1,1,1
106.2,1877,2,0.00335137,0.00335137,0.735912,0.709374,0.0265382,34.9436,34.8375,11,11,0,0.623165,0.657581,0.034416,0,1,0,0
106.2,1877,3,1.09896e-05,1.09896e-05,0.611107,0.611271,0.000163794,34.4444,34.4451,11,11,0,0.797437,0.797077,0.00036,0,1,1,1
106.3,1878,1,0.000703782,0.000703782,0.69111,0.693007,0.00189763,34.7644,34.772,8,8,0,0.870413,0.867597,0.002816,0,1,1,1
106.3,1878,2,0.00342233,0.00342233,0.70879,0.735912,0.0271227,34.8352,34.9436,11,11,0,0.657581,0.622437,0.035144,0,1,0,0
106.3,1878,3,6.24806e-05,6.24806e-05,0.610174,0.611107,0.000932634,34.4407,34.4444,11,11,0,0.797077,0.795029,0.002048,0,1,1,1
106.4,1879,1,0.000672027,0.000672027,0.689289,0.69111,0.00182033,34.7572,34.7644,8,8,0,0.867597,0.864909,0.002688,0,1,1,1
106.4,1879,2,0,0,0.70879,0.70879,0,34.8352,34.8352,11,11,0,0.622437,0.622437,0,0,1,1,1
106.4,1879,3,6.24806e-05,6.24806e-05,0.611107,0.610174,0.000932634,34.4444,34.4407,11,11,0,0.795029,0.797077,0.002048,0,1,1,1
106.5,1880,1,0.00181155,0.00181155,0.694178,0.689289,0.00488842,34.7767,34.7572,8,8,0,0.864909,0.872157,0.007248,1,1,1,1
106.5,1880,2,0.00233251,0.00233251,0.727516,0.70879,0.0187259,34.9101,34.8352,11,11,0,0.622437,0.646389,0.023952,1,1,1,0
106.5,1880,3,0.00847561,0.00847561,0.631207,0.611107,0.0200996,34.5248,34.4444,11,11,0,0.797077,0.837437,0.04036,1,1,0,0
106.6,1881,1,0.00530279,0.00530279,0.69162,0.694178,0.00255817,34.7665,34.7767,8,8,0,0.872157,0.870405,0.001752,0,1,1,1
106.6,1881,2,0.00498347,0.00498347,0.692797,0.727516,0.0347185,34.7712,34.9101,11,11,0,0.646389,0.602461,0.043928,0,1,0,0
106.6,1881,3,0.00331474,0.00331474,0.624822,0.631207,0.00638497,34.4993,34.5248,11,11,0,0.837437,0.826205,0.011232,0,1,1,0
106.7,1882,1,0.000702783,0.000702783,0.689702,0.69162,0.00191778,34.7588,34.7665,8,8,0,0.870405,0.867597,0.002808,0,1,1,1
106.7,1882,2,0.00063713,0.00063713,0.695221,0.692797,0.00242436,34.7809,34.7712,11,11,0,0.602461,0.605629,0.003168,0,1,1,1
106.7,1882,3,0.000422709,0.000422709,0.623829,0.624822,0.000992358,34.4953,34.4993,11,11,0,0.826205,0.824189,0.002016,0,1,1,1
106.8,1883,1,0.00503574,0.00503574,0.693007,0.689702,0.00330549,34.772,34.7588,8,8,0,0.867597,0.870413,0.002816,1,1,1,1
106.8,1883,2,0.00100239,0.00100239,0.701,0.695221,0.00577837,34.804,34.7809,11,11,0,0.605629,0.612821,0.007192,1,1,1,1
106.8,1883,3,0.00168556,0.00168556,0.627738,0.623829,0.00390851,34.511,34.4953,11,11,0,0.824189,0.831397,0.007208,1,1,1,1
106.9,1884,1,0.000703782,0.000703782,0.69111,0.693007,0.00189763,34.7644,34.772,8,8,0,0.870413,0.867597,0.002816,2,1,1,1
106.9,1884,2,0.00358152,0.00358152,0.685706,0.701,0.0152937,34.7428,34.804,11,11,0,0.612821,0.593277,0.019544,2,1,1,0
106.9,1884,3,0.000575937,0.000575937,0.62641,0.627738,0.00132781,34.5056,34.511,11,11,0,0.831397,0.829029,0.002368,2,1,1,1
107,1885,1,0.0125387,0.0125387,0.59871,0.69111,0.0923997,34.3948,34.7644,8,8,0,0.867597,0.676693,0.190904,0,1,0,0
107,1885,2,0.0161925,0.0161925,0.596611,0.685706,0.0890949,34.3864,34.7428,11,11,0,0.593277,0.457421,0.135856,0,1,0,0
107,1885,3,0.0282409,0.0282409,0.538828,0.62641,0.0875821,34.1553,34.5056,11,11,0,0.829029,0.634261,0.194768,0,0,0,0
107.1,1886,1,0.0523166,0.0523166,0.812337,0.59871,0.213627,35.2493,34.3948,8,8,0,0.676693,1.05616,0.379464,0,0,0,0
107.1,1886,2,0.0393431,0.0393431,0.806668,0.596611,0.210056,35.2267,34.3864,11,11,0,0.457421,0.759565,0.302144,0,0,0,0
107.1,1886,3,0.0769264,0.0769264,0.692046,0.538828,0.153218,34.7682,34.1553,11,11,0,0.634261,1.01613,0.381872,0,0,0,0
107.2,1887,1,0.0268807,0.0268807,0.746399,0.812337,0.0659382,34.9856,35.2493,8,8,0,1.05616,0.947549,0.108608,0,0,0,0
107.2,1887,2,0.00632253,0.00632253,0.753499,0.806668,0.0531687,35.014,35.2267,11,11,0,0.759565,0.678365,0.0812,0,1,0,0
107.2,1887,3,0.0610327,0.0610327,0.566545,0.692046,0.125501,34.2662,34.7682,11,11,0,1.01613,0.694877,0.321256,0,0,0,0
107.3,1888,1,0.00725426,0.00725426,0.626617,0.746399,0.119782,34.5065,34.9856,8,8,0,0.947549,0.790293,0.157256,0,1,0,0
107.3,1888,2,0.0195888,0.0195888,0.798251,0.753499,0.0447521,35.193,35.014,11,11,0,0.678365,0.745837,0.067472,0,1,0,0
107.3,1888,3,0.00617677,0.00617677,0.594818,0.566545,0.0282727,34.3793,34.2662,11,11,0,0.694877,0.756269,0.061392,0,1,0,0
107.4,1889,1,0.00516191,0.00516191,0.605088,0.626617,0.0215292,34.4204,34.5065,8,8,0,0.790293,0.750661,0.039632,0,1,0,0
107.4,1889,2,0.00178035,0.00178035,0.786907,0.798251,0.0113441,35.1476,35.193,11,11,0,0.745837,0.726973,0.018864,0,1,1,0
107.4,1889,3,0.000884674,0.000884674,0.589737,0.594818,0.00508052,34.3589,34.3793,11,11,0,0.756269,0.747525,0.008744,0,1,1,1
107.5,1890,1,0,0,0.605088,0.605088,0,34.4204,34.4204,8,8,0,0.750661,0.750661,0,0,1,1,1
107.5,1890,2,0.0486744,0.0486744,0.778718,0.786907,0.00818944,35.1149,35.1476,11,11,0,0.726973,0.717677,0.009296,0,0,1,0
107.5,1890,3,0.000457302,0.000457302,0.588756,0.589737,0.000980914,34.355,34.3589,11,11,0,0.747525,0.745477,0.002048,0,1,1,1
107.6,1891,1,0,0,0.605088,0.605088,0,34.4204,34.4204,8,8,0,0.750661,0.750661,0,0,1,1,1
107.6,1891,2,0.000649454,0.000649454,0.783371,0.778718,0.00465357,35.1335,35.1149,11,11,0,0.717677,0.724149,0.006472,0,1,1,1
107.6,1891,3,0.00162284,0.00162284,0.596972,0.588756,0.00821573,34.3879,34.355,11,11,0,0.745477,0.759877,0.0144,0,1,1,0
107.7,1892,1,0.000984088,0.000984088,0.607837,0.605088,0.00274932,34.4313,34.4204,8,8,0,0.750661,0.756693,0.006032,0,1,1,1
107.7,1892,2,0.000245607,0.000245607,0.781621,0.783371,0.00174999,35.1265,35.1335,11,11,0,0.724149,0.721701,0.002448,0,1,1,1
107.7,1892,3,0.000811413,0.000811413,0.590725,0.596972,0.00624728,34.3629,34.3879,11,11,0,0.759877,0.749453,0.010424,0,1,1,0
107.8,1893,1,0.000984088,0.000984088,0.605088,0.607837,0.00274932,34.4204,34.4313,8,8,0,0.756693,0.750661,0.006032,0,1,1,1
107.8,1893,2,0.047964,0.047964,0.784898,0.781621,0.00327688,35.1396,35.1265,11,11,0,0.721701,0.723725,0.002024,0,0,1,0
107.8,1893,3,0.00430005,0.00430005,0.588166,0.590725,0.00255907,34.3527,34.3629,11,11,0,0.749453,0.741381,0.008072,0,1,1,1
107.9,1894,1,0,0,0.605088,0.605088,0,34.4204,34.4204,8,8,0,0.750661,0.750661,0,0,1,1,1
107.9,1894,2,0.000264414,0.000264414,0.783153,0.784898,0.0017451,35.1326,35.1396,11,11,0,0.723725,0.720925,0.0028,0,1,1,1
107.9,1894,3,0.00369516,0.00369516,0.582536,0.588166,0.00562978,34.3301,34.3527,11,11,0,0.741381,0.727813,0.013568,0,1,1,0
108,1895,1,3.8594e-06,3.8594e-06,0.605077,0.605088,1.055e-05,34.4203,34.4204,8,8,0,0.750661,0.750637,2.4e-05,0,1,1,1
108,1895,2,0.0473793,0.0473793,0.7839,0.783153,0.000747561,35.1356,35.1326,11,11,0,0.720925,0.724893,0.003968,0,0,1,0
108,1895,3,0.000351369,0.000351369,0.583088,0.582536,0.000552237,34.3324,34.3301,11,11,0,0.727813,0.729093,0.00128,0,1,1,1
108.1,1896,1,0.000237733,0.000237733,0.605733,0.605077,0.000655591,34.4229,34.4203,8,8,0,0.750637,0.752133,0.001496,0,1,1,1
108.1,1896,2,0.00144692,0.00144692,0.774126,0.7839,0.00977463,35.0965,35.1356,11,11,0,0.724893,0.711381,0.013512,0,1,1,0
108.1,1896,3,0.00466195,0.00466195,0.58998,0.583088,0.00689214,34.3599,34.3324,11,11,0,0.729093,0.746605,0.017512,0,1,1,0
108.2,1897,1,0.0435453,0.0435453,0.576864,0.605733,0.0288689,34.3075,34.4229,8,8,0,0.752133,0.585621,0.166512,0,0,0,0
108.2,1897,2,0.00926805,0.00926805,0.66575,0.774126,0.108376,34.663,35.0965,11,11,0,0.711381,0.550157,0.161224,0,1,0,0
108.2,1897,3,0.00908304,0.00908304,0.495818,0.58998,0.0941626,33.9833,34.3599,11,11,0,0.746605,0.543109,0.203496,0,1,0,0
108.3,1898,1,0.0642253,0.0642253,0.800504,0.576864,0.223641,35.202,34.3075,8,8,0,0.585621,1.03643,0.450808,0,0,0,0
108.3,1898,2,0.0624107,0.0624107,0.865572,0.66575,0.199822,35.4623,34.663,11,11,0,0.550157,0.867725,0.317568,0,0,0,0
108.3,1898,3,0.0612897,0.0612897,0.636529,0.495818,0.140711,34.5461,33.9833,11,11,0,0.543109,0.860925,0.317816,0,0,0,0
108.4,1899,1,0.0269607,0.0269607,0.718818,0.800504,0.0816867,34.8753,35.202,8,8,0,1.03643,0.906973,0.129456,0,0,0,0
108.4,1899,2,0.0274872,0.0274872,0.74384,0.865572,0.121732,34.9754,35.4623,11,11,0,0.867725,0.665581,0.202144,0,0,0,0
108.4,1899,3,0.0522741,0.0522741,0.566898,0.636529,0.0696307,34.2676,34.5461,11,11,0,0.860925,0.698013,0.162912,0,0,0,0
108.5,1900,1,0.00196216,0.00196216,0.707871,0.718818,0.0109468,34.8315,34.8753,8,8,0,0.906973,0.892237,0.014736,0,1,1,0
108.5,1900,2,0.031768,0.031768,0.671882,0.74384,0.0719576,34.6875,34.9754,11,11,0,0.665581,0.577629,0.087952,0,0,0,0
108.5,1900,3,0.0107266,0.0107266,0.628417,0.566898,0.0615185,34.5137,34.2676,11,11,0,0.698013,0.835885,0.137872,0,1,0,0
108.6,1901,1,0.00826879,0.00826879,0.685623,0.707871,0.0222482,34.7425,34.8315,8,8,0,0.892237,0.859533,0.032704,0,1,0,0
108.6,1901,2,0.0065768,0.0065768,0.70198,0.671882,0.0300978,34.8079,34.6875,11,11,0,0.577629,0.615301,0.037672,0,1,0,0
108.6,1901,3,0.00321114,0.00321114,0.620896,0.628417,0.00752056,34.4836,34.5137,11,11,0,0.835885,0.819309,0.016576,0,1,1,0
108.7,1902,1,0.000196069,0.000196069,0.686159,0.685623,0.000536919,34.7446,34.7425,8,8,0,0.859533,0.860317,0.000784,0,1,1,1
108.7,1902,2,0.00203172,0.00203172,0.690589,0.70198,0.0113915,34.7624,34.8079,11,11,0,0.615301,0.601605,0.013696,0,1,1,0
108.7,1902,3,0.00176664,0.00176664,0.624646,0.620896,0.00375038,34.4986,34.4836,11,11,0,0.819309,0.827285,0.007976,0,1,1,1
108.8,1903,1,0.000192076,0.000192076,0.685634,0.686159,0.000525892,34.7425,34.7446,8,8,0,0.860317,0.859549,0.000768,0,1,1,1
108.8,1903,2,0.00153841,0.00153841,0.683454,0.690589,0.00713438,34.7338,34.7624,11,11,0,0.601605,0.593261,0.008344,0,1,1,1
108.8,1903,3,0.000264779,0.000264779,0.62534,0.624646,0.000693142,34.5014,34.4986,11,11,0,0.827285,0.828861,0.001576,0,1,1,1
108.9,1904,1,0.000704229,0.000704229,0.687559,0.685634,0.00192499,34.7502,34.7425,8,8,0,0.859549,0.862365,0.002816,1,1,1,1
108.9,1904,2,0.00222786,0.00222786,0.693961,0.683454,0.0105066,34.7758,34.7338,11,11,0,0.593261,0.605589,0.012328,1,1,1,0
108.9,1904,3,0.00203142,0.00203142,0.620896,0.62534,0.00444353,34.4836,34.5014,11,11,0,0.828861,0.819309,0.009552,1,1,1,1
109,1905,1,0.000704229,0.000704229,0.685634,0.687559,0.00192499,34.7425,34.7502,8,8,0,0.862365,0.859549,0.002816,0,1,1,1
109,1905,2,0.00450457,0.00450457,0.698897,0.693961,0.00493556,34.7956,34.7758,11,11,0,0.605589,0.612789,0.0072,0,1,1,1
109,1905,3,0.00124002,0.00124002,0.623501,0.620896,0.00260496,34.494,34.4836,11,11,0,0.819309,0.824821,0.005512,0,1,1,1
109.1,1906,1,0.000431731,0.000431731,0.684439,0.685634,0.00119466,34.7378,34.7425,8,8,0,0.859549,0.857805,0.001744,1,1,1,1
109.1,1906,2,0.0033281,0.0033281,0.682313,0.698897,0.016584,34.7293,34.7956,11,11,0,0.612789,0.593245,0.019544,1,1,1,0
109.1,1906,3,0.00170087,0.00170087,0.619925,0.623501,0.00357634,34.4797,34.494,11,11,0,0.824821,0.817261,0.00756,1,1,1,1
109.2,1907,1,0.00439143,0.00439143,0.666144,0.684439,0.018295,34.6646,34.7378,8,8,0,0.857805,0.829885,0.02792,0,1,1,0
109.2,1907,2,0.0022041,0.0022041,0.692871,0.682313,0.0105584,34.7715,34.7293,11,11,0,0.593245,0.605589,0.012344,0,1,1,0
109.2,1907,3,0.0022275,0.0022275,0.624646,0.619925,0.00472176,34.4986,34.4797,11,11,0,0.817261,0.827285,0.010024,0,1,1,0
109.3,1908,1,0.000214726,0.000214726,0.661099,0.666144,0.00504476,34.6444,34.6646,8,8,0,0.829885,0.820165,0.00972,0,1,1,1
109.3,1908,2,0.001126,0.001126,0.69891,0.692871,0.00603873,34.7956,34.7715,11,11,0,0.605589,0.612805,0.007216,0,1,1,1
109.3,1908,3,0.00176664,0.00176664,0.620896,0.624646,0.00375038,34.4836,34.4986,11,11,0,0.827285,0.819309,0.007976,0,1,1,1
109.4,1909,1,0.0127173,0.0127173,0.593944,0.661099,0.067155,34.3758,34.6444,8,8,0,0.820165,0.653381,0.166784,1,1,0,0
109.4,1909,2,0.0188199,0.0188199,0.573818,0.69891,0.125092,34.2953,34.7956,11,11,0,0.612805,0.436701,0.176104,1,1,0,0
109.4,1909,3,0.0261953,0.0261953,0.538379,0.620896,0.0825171,34.1535,34.4836,11,11,0,0.819309,0.633621,0.185688,1,0,0,0
109.5,1910,1,0.0514049,0.0514049,0.783104,0.593944,0.18916,35.1324,34.3758,8,8,0,0.653381,1.00695,0.353568,0,0,0,0
109.5,1910,2,0.0387931,0.0387931,0.800589,0.573818,0.226771,35.2024,34.2953,11,11,0,0.436701,0.749805,0.313104,0,0,0,0
109.5,1910,3,0.0692198,0.0692198,0.69088,0.538379,0.152501,34.7635,34.1535,11,11,0,0.633621,1.01456,0.380936,0,0,0,0
109.6,1911,1,0.0246308,0.0246308,0.710991,0.783104,0.0721138,34.844,35.1324,8,8,0,1.00695,0.896853,0.110096,0,0,0,0
109.6,1911,2,0.0076065,0.0076065,0.751314,0.800589,0.0492749,35.0053,35.2024,11,11,0,0.749805,0.676821,0.072984,0,1,0,0
109.6,1911,3,0.0531569,0.0531569,0.563996,0.69088,0.126884,34.256,34.7635,11,11,0,1.01456,0.687781,0.326776,0,0,0,0
109.7,1912,1,0.00175779,0.00175779,0.628991,0.710991,0.0819999,34.516,34.844,8,8,0,0.896853,0.793693,0.10316,0,1,0,0
109.7,1912,2,0.0238253,0.0238253,0.771873,0.751314,0.0205593,35.0875,35.0053,11,11,0,0.676821,0.701629,0.024808,0,0,0,0
109.7,1912,3,0.0057673,0.0057673,0.577106,0.563996,0.0131101,34.3084,34.256,11,11,0,0.687781,0.715293,0.027512,0,1,1,0
109.8,1913,1,0.00512652,0.00512652,0.605088,0.628991,0.023903,34.4204,34.516,8,8,0,0.793693,0.750661,0.043032,0,1,0,0
109.8,1913,2,0.000857405,0.000857405,0.768322,0.771873,0.0035519,35.0733,35.0875,11,11,0,0.701629,0.695725,0.005904,0,1,1,1
109.8,1913,3,0.000771247,0.000771247,0.578328,0.577106,0.00122237,34.3133,34.3084,11,11,0,0.715293,0.718101,0.002808,0,1,1,1
109.9,1914,1,0.000233874,0.000233874,0.605733,0.605088,0.000645041,34.4229,34.4204,8,8,0,0.750661,0.752133,0.001472,0,1,1,1
109.9,1914,2,0.0211367,0.0211367,0.763567,0.768322,0.0047543,35.0543,35.0733,11,11,0,0.695725,0.694565,0.00116,0,0,1,0
109.9,1914,3,0.00193965,0.00193965,0.575079,0.578328,0.00324899,34.3003,34.3133,11,11,0,0.718101,0.710557,0.007544,0,1,1,1
110,1915,1,0.000233874,0.000233874,0.605088,0.605733,0.000645041,34.4204,34.4229,8,8,0,0.752133,0.750661,0.001472,0,1,1,1
110,1915,2,0.000622477,0.000622477,0.759462,0.763567,0.00410563,35.0378,35.0543,11,11,0,0.694565,0.688533,0.006032,0,1,1,1
110,1915,3,0.00216375,0.00216375,0.578683,0.575079,0.0036037,34.3147,34.3003,11,11,0,0.710557,0.718917,0.00836,0,1,1,1
110.1,1916,1,2.5481e-06,2.5481e-06,0.605081,0.605088,7.03335e-06,34.4203,34.4204,8,8,0,0.750661,0.750645,1.6e-05,1,1,1,1
110.1,1916,2,0.00074546,0.00074546,0.764371,0.759462,0.00490975,35.0575,35.0378,11,11,0,0.688533,0.695757,0.007224,1,1,1,1
110.1,1916,3,0.0020832,0.0020832,0.575378,0.578683,0.00330532,34.3015,34.3147,11,11,0,0.718917,0.711333,0.007584,1,1,1,1
110.2,1917,1,0.00505587,0.00505587,0.632457,0.605081,0.0273763,34.5298,34.4203,8,8,0,0.750645,0.798885,0.04824,2,1,0,0
110.2,1917,2,0.0208442,0.0208442,0.767613,0.764371,0.00324178,35.0705,35.0575,11,11,0,0.695757,0.694557,0.0012,2,0,1,0
110.2,1917,3,0.00108785,0.00108785,0.577106,0.575378,0.00172824,34.3084,34.3015,11,11,0,0.711333,0.715293,0.00396,2,1,1,1
110.3,1918,1,0.000164554,0.000164554,0.623818,0.632457,0.00863862,34.4953,34.5298,8,8,0,0.798885,0.785605,0.01328,0,1,1,0
110.3,1918,2,0.000993211,0.000993211,0.763931,0.767613,0.00368255,35.0557,35.0705,11,11,0,0.694557,0.688525,0.006032,0,1,1,1
110.3,1918,3,0.000355959,0.000355959,0.57767,0.577106,0.000564456,34.3107,34.3084,11,11,0,0.715293,0.716589,0.001296,0,1,1,1
110.4,1919,1,0.0278564,0.0278564,0.686386,0.623818,0.0625673,34.7455,34.4953,8,7,-1,0.785605,0.821643,0.0360373,0,0,0,0
110.4,1919,2,0.0704124,0.0704124,0.734448,0.763931,0.0294825,34.9378,35.0557,11,13,2,0.688525,0.503787,0.184739,0,0,0,0
110.4,1919,3,0.0121022,0.0121022,0.619708,0.57767,0.0420379,34.4788,34.3107,11,10,-1,0.716589,0.764963,0.0483733,0,1,0,0
110.5,1920,1,0.00491135,0.00491135,0.702659,0.686386,0.0162732,34.8106,34.7455,7,7,0,0.821643,0.889883,0.06824,0,1,1,0
110.5,1920,2,0.0657458,0.0657458,0.672002,0.734448,0.0624461,34.688,34.9378,13,13,0,0.503787,0.461387,0.0424,0,0,0,0
110.5,1920,3,0.0110165,0.0110165,0.642858,0.619708,0.0231498,34.5714,34.4788,10,10,0,0.764963,0.916155,0.151192,0,1,0,0
110.6,1921,1,0.0161794,0.0161794,0.6732,0.702659,0.0294583,34.6928,34.8106,7,7,0,0.889883,0.726571,0.163312,0,1,0,0
110.6,1921,2,0.056026,0.056026,0.609133,0.672002,0.0628694,34.4365,34.688,13,13,0,0.461387,0.311571,0.149816,0,0,0,0
110.6,1921,3,0.0168869,0.0168869,0.589897,0.642858,0.0529613,34.3596,34.5714,10,10,0,0.916155,0.697187,0.218968,0,1,0,0
110.7,1922,1,0.00694698,0.00694698,0.759878,0.6732,0.0866775,35.0395,34.6928,7,8,1,0.726571,0.972261,0.245691,0,1,0,0
110.7,1922,2,0.0453192,0.0453192,0.797172,0.609133,0.18804,35.1887,34.4365,13,11,-2,0.311571,0.744453,0.432883,0,0,0,0
110.7,1922,3,0.0426834,0.0426834,0.705354,0.589897,0.115457,34.8214,34.3596,10,11,1,0.697187,0.972597,0.275411,0,0,0,0
110.8,1923,1,0.0128041,0.0128041,0.70427,0.759878,0.0556082,34.8171,35.0395,8,8,0,0.972261,0.869645,0.102616,0,1,0,0
110.8,1923,2,0.0141432,0.0141432,0.753839,0.797172,0.0433328,35.0154,35.1887,11,11,0,0.744453,0.674045,0.070408,0,1,0,0
110.8,1923,3,0.0215528,0.0215528,0.604989,0.705354,0.100365,34.42,34.8214,11,11,0,0.972597,0.687517,0.28508,0,0,0,0
110.9,1924,1,0.000694126,0.000694126,0.633475,0.70427,0.0707951,34.5339,34.8171,8,8,0,0.869645,0.800413,0.069232,0,1,0,0
110.9,1924,2,0.0495879,0.0495879,0.766098,0.753839,0.0122585,35.0644,35.0154,11,11,0,0.674045,0.692069,0.018024,0,0,1,0
110.9,1924,3,0.0289151,0.0289151,0.571498,0.604989,0.0334908,34.286,34.42,11,11,0,0.687517,0.700453,0.012936,0,0,0,0
111,1925,1,0.0033814,0.0033814,0.609764,0.633475,0.0237106,34.4391,34.5339,8,8,0,0.800413,0.760437,0.039976,0,1,0,0
111,1925,2,0.0026409,0.0026409,0.757181,0.766098,0.0089165,35.0287,35.0644,11,11,0,0.692069,0.677661,0.014408,0,1,1,0
111,1925,3,2.84314e-05,2.84314e-05,0.575085,0.571498,0.00358707,34.3003,34.286,11,11,0,0.700453,0.710573,0.01012,0,1,1,0
111.1,1926,1,0.000287503,0.000287503,0.608986,0.609764,0.000778377,34.4359,34.4391,8,8,0,0.760437,0.758981,0.001456,0,1,1,1
111.1,1926,2,0.0481698,0.0481698,0.754583,0.757181,0.00259811,35.0183,35.0287,11,12,1,0.677661,0.633832,0.0438293,0,0,1,0
111.1,1926,3,0.0116589,0.0116589,0.615072,0.575085,0.0399867,34.4603,34.3003,11,10,-1,0.710573,0.753035,0.0424613,0,1,0,0
111.2,1927,1,0,0,0.608986,0.608986,0,34.4359,34.4359,8,8,0,0.758981,0.758981,0,0,1,1,1
111.2,1927,2,0.000586777,0.000586777,0.721133,0.754583,0.0334499,34.8845,35.0183,12,12,0,0.633832,0.563848,0.069984,0,1,0,0
111.2,1927,3,0.00415443,0.00415443,0.602768,0.615072,0.012304,34.4111,34.4603,10,10,0,0.753035,0.800907,0.047872,0,1,1,0
111.3,1928,1,0.0099397,0.0099397,0.64585,0.608986,0.036864,34.5834,34.4359,8,8,0,0.758981,0.807829,0.048848,0,1,0,0
111.3,1928,2,0.0584536,0.0584536,0.683528,0.721133,0.0376056,34.7341,34.8845,12,12,0,0.563848,0.559232,0.004616,0,0,0,0
111.3,1928,3,0.0148476,0.0148476,0.642741,0.602768,0.0399732,34.571,34.4111,10,10,0,0.800907,0.919059,0.118152,0,1,0,0
111.4,1929,1,4.75794e-05,4.75794e-05,0.64819,0.64585,0.00234002,34.5928,34.5834,8,8,0,0.807829,0.811813,0.003984,0,1,1,1
111.4,1929,2,0.0527659,0.0527659,0.690163,0.683528,0.00663561,34.7607,34.7341,12,11,-1,0.559232,0.603693,0.0444613,0,0,1,0
111.4,1929,3,0.00560494,0.00560494,0.636745,0.642741,0.00599611,34.547,34.571,10,11,1,0.919059,0.774885,0.144173,0,1,1,0
111.5,1930,1,2.99513e-05,2.99513e-05,0.646687,0.64819,0.00150281,34.5867,34.5928,8,8,0,0.811813,0.809301,0.002512,0,1,1,1
111.5,1930,2,0.00512516,0.00512516,0.698427,0.690163,0.00826365,34.7937,34.7607,11,11,0,0.603693,0.611693,0.008,0,1,1,1
111.5,1930,3,0.0148602,0.0148602,0.654964,0.636745,0.0182198,34.6199,34.547,11,11,0,0.774885,0.828925,0.05404,0,1,1,0
111.6,1931,1,3.20822e-05,3.20822e-05,0.648308,0.646687,0.00162154,34.5932,34.5867,8,8,0,0.809301,0.811989,0.002688,0,1,1,1
111.6,1931,2,0.00812091,0.00812091,0.708639,0.698427,0.0102118,34.8346,34.7937,11,11,0,0.611693,0.626069,0.014376,0,1,1,0
111.6,1931,3,0.0119531,0.0119531,0.626789,0.654964,0.0281751,34.5072,34.6199,11,11,0,0.828925,0.832165,0.00324,0,1,0,0
111.7,1932,1,0.00475122,0.00475122,0.6496,0.648308,0.00129133,34.5984,34.5932,8,8,0,0.811989,0.819221,0.007232,0,1,1,1
111.7,1932,2,0.000586078,0.000586078,0.703769,0.708639,0.00487012,34.8151,34.8346,11,11,0,0.626069,0.620053,0.006016,0,1,1,1
111.7,1932,3,0.00148853,0.00148853,0.623203,0.626789,0.00358629,34.4928,34.5072,11,11,0,0.832165,0.824189,0.007976,0,1,1,1
111.8,1933,1,0.0175545,0.0175545,0.580796,0.6496,0.0688042,34.3232,34.5984,8,8,0,0.819221,0.633253,0.185968,1,1,0,0
111.8,1933,2,0.00943643,0.00943643,0.58834,0.703769,0.115428,34.3534,34.8151,11,11,0,0.620053,0.458253,0.1618,1,1,0,0
111.8,1933,3,0.0277829,0.0277829,0.539538,0.623203,0.0836652,34.1582,34.4928,11,11,0,0.824189,0.636317,0.187872,1,0,0,0
111.9,1934,1,0.0577775,0.0577775,0.768312,0.580796,0.187517,35.0732,34.3232,8,8,0,0.633253,0.983301,0.350048,0,0,0,0
111.9,1934,2,0.032705,0.032705,0.822669,0.58834,0.234328,35.2907,34.3534,11,11,0,0.458253,0.784701,0.326448,0,0,0,0
111.9,1934,3,0.0703034,0.0703034,0.69152,0.539538,0.151982,34.7661,34.1582,11,11,0,0.636317,1.01616,0.37984,0,0,0,0
112,1935,1,0.0513982,0.0513982,0.664369,0.768312,0.103943,34.6575,35.0732,8,8,0,0.983301,0.826501,0.1568,0,0,0,0
112,1935,2,0.00711478,0.00711478,0.746105,0.822669,0.0765635,34.9844,35.2907,11,11,0,0.784701,0.672853,0.111848,0,1,0,0
112,1935,3,0.0537141,0.0537141,0.568675,0.69152,0.122845,34.2747,34.7661,11,11,0,1.01616,0.700829,0.315328,0,0,0,0
112.1,1936,1,0.0175485,0.0175485,0.668547,0.664369,0.00417817,34.6742,34.6575,8,8,0,0.826501,0.844293,0.017792,0,1,1,0
112.1,1936,2,0.0174284,0.0174284,0.695968,0.746105,0.0501367,34.7839,34.9844,11,11,0,0.672853,0.610549,0.062304,0,1,0,0
112.1,1936,3,0.00967456,0.00967456,0.620008,0.568675,0.0513329,34.48,34.2747,11,11,0,0.700829,0.817437,0.116608,0,1,0,0
112.2,1937,1,0.00753649,0.00753649,0.645437,0.668547,0.02311,34.5817,34.6742,8,8,0,0.844293,0.813269,0.031024,0,1,0,0
112.2,1937,2,0.00127457,0.00127457,0.703769,0.695968,0.0078004,34.8151,34.7839,11,11,0,0.610549,0.620053,0.009504,0,1,1,1
112.2,1937,3,0.00335154,0.00335154,0.627686,0.620008,0.00767773,34.5107,34.48,11,11,0,0.817437,0.834213,0.016776,0,1,1,0
112.3,1938,1,0.000737831,0.000737831,0.625498,0.645437,0.0199397,34.502,34.5817,8,8,0,0.813269,0.780629,0.03264,0,1,1,0
112.3,1938,2,0.000475414,0.000475414,0.707724,0.703769,0.00395566,34.8309,34.8151,11,11,0,0.620053,0.624933,0.00488,0,1,1,1
112.3,1938,3,0.00137538,0.00137538,0.62416,0.627686,0.00352538,34.4966,34.5107,11,11,0,0.834213,0.826221,0.007992,0,1,1,1
112.4,1939,1,5.90086e-06,5.90086e-06,0.628299,0.625498,0.00280136,34.5132,34.502,8,8,0,0.780629,0.785365,0.004736,0,1,1,1
112.4,1939,2,0.000474617,0.000474617,0.703775,0.707724,0.00394911,34.8151,34.8309,11,11,0,0.624933,0.620061,0.004872,0,1,1,1
112.4,1939,3,0.000654414,0.000654414,0.626351,0.62416,0.00219101,34.5054,34.4966,11,11,0,0.826221,0.828925,0.002704,0,1,1,1
112.5,1940,1,0,0,0.628299,0.628299,0,34.5132,34.5132,8,8,0,0.785365,0.785365,0,1,1,1,1
112.5,1940,2,0.000388902,0.000388902,0.707014,0.703775,0.00323898,34.8281,34.8151,11,11,0,0.620061,0.624053,0.003992,1,1,1,1
112.5,1940,3,0.000653796,0.000653796,0.62484,0.626351,0.00151193,34.4994,34.5054,11,11,0,0.828925,0.826237,0.002688,1,1,1,1
112.6,1941,1,2.99811e-05,2.99811e-05,0.629782,0.628299,0.00148267,34.5191,34.5132,8,8,0,0.785365,0.787877,0.002512,2,1,1,1
112.6,1941,2,8.64826e-05,8.64826e-05,0.707731,0.707014,0.000716567,34.8309,34.8281,11,11,0,0.624053,0.624941,0.000888,2,1,1,1
112.6,1941,3,0,0,0.62484,0.62484,0,34.4994,34.4994,11,11,0,0.826237,0.826237,0,2,1,1,1
112.7,1942,1,0.00287205,0.00287205,0.61578,0.629782,0.0140017,34.4631,34.5191,8,8,0,0.787877,0.762949,0.024928,3,1,1,0
112.7,1942,2,0.00502652,0.00502652,0.679874,0.707731,0.0278572,34.7195,34.8309,11,11,0,0.624941,0.591741,0.0332,3,1,0,0
112.7,1942,3,0.00302529,0.00302529,0.630726,0.62484,0.00588608,34.5229,34.4994,11,11,0,0.826237,0.836557,0.01032,3,1,1,0
112.8,1943,1,0.000685424,0.000685424,0.614007,0.61578,0.00177258,34.456,34.4631,8,8,0,0.762949,0.758981,0.003968,0,1,1,1
112.8,1943,2,0.014723,0.014723,0.693533,0.679874,0.0136592,34.7741,34.7195,11,11,0,0.591741,0.606525,0.014784,0,1,1,0
112.8,1943,3,0.00206006,0.00206006,0.62707,0.630726,0.00365591,34.5083,34.5229,11,11,0,0.836557,0.830205,0.006352,0,1,1,1
112.9,1944,1,0.00174271,0.00174271,0.618131,0.614007,0.00412345,34.4725,34.456,8,8,0,0.758981,0.767685,0.008704,0,1,1,1
112.9,1944,2,0.000739175,0.000739175,0.691678,0.693533,0.00185508,34.7667,34.7741,11,11,0,0.606525,0.603845,0.00268,0,1,1,1
112.9,1944,3,0.000285946,0.000285946,0.627729,0.62707,0.000659168,34.5109,34.5083,11,11,0,0.830205,0.831381,0.001176,0,1,1,1
113,1945,1,0.0354599,0.0354599,0.580121,0.618131,0.0380102,34.3205,34.4725,8,8,0,0.767685,0.589509,0.178176,1,0,0,0
113,1945,2,0.0238834,0.0238834,0.576202,0.691678,0.115476,34.3048,34.7667,11,11,0,0.603845,0.442101,0.161744,1,0,0,0
113,1945,3,0.0279393,0.0279393,0.536757,0.627729,0.0909716,34.147,34.5109,11,11,0,0.831381,0.629453,0.201928,1,0,0,0
113.1,1946,1,0.0622837,0.0622837,0.725203,0.580121,0.145082,34.9008,34.3205,8,8,0,0.589509,0.921205,0.331696,0,0,0,0
113.1,1946,2,0.0445779,0.0445779,0.80219,0.576202,0.225988,35.2088,34.3048,11,11,0,0.442101,0.745157,0.303056,0,0,0,0
113.1,1946,3,0.0805188,0.0805188,0.697044,0.536757,0.160287,34.7882,34.147,11,11,0,0.629453,1.02853,0.399072,0,0,0,0
113.2,1947,1,0.0155305,0.0155305,0.600003,0.725203,0.1252,34.4,34.9008,8,8,0,0.921205,0.758957,0.162248,0,1,0,0
113.2,1947,2,0.0318959,0.0318959,0.793594,0.80219,0.00859547,35.1744,35.2088,11,11,0,0.745157,0.733493,0.011664,0,0,1,0
113.2,1947,3,0.0708201,0.0708201,0.577844,0.697044,0.1192,34.3114,34.7882,11,11,0,1.02853,0.716989,0.311536,0,0,0,0
113.3,1948,1,0.00109027,0.00109027,0.604701,0.600003,0.00469816,34.4188,34.4,8,8,0,0.758957,0.767685,0.008728,0,1,1,1
113.3,1948,2,0.0370567,0.0370567,0.764688,0.793594,0.0289063,35.0588,35.1744,11,12,1,0.733493,0.625152,0.108341,0,0,0,0
113.3,1948,3,0.0118101,0.0118101,0.619296,0.577844,0.0414517,34.4772,34.3114,11,10,-1,0.716989,0.763859,0.0468693,0,1,0,0
113.4,1949,1,0.00109027,0.00109027,0.600003,0.604701,0.00469816,34.4,34.4188,8,8,0,0.767685,0.758957,0.008728,0,1,1,1
113.4,1949,2,0.000819156,0.000819156,0.770461,0.764688,0.00577325,35.0818,35.0588,12,12,0,0.625152,0.638576,0.013424,0,1,1,0
113.4,1949,3,0.00444798,0.00444798,0.605081,0.619296,0.014215,34.4203,34.4772,10,10,0,0.763859,0.807235,0.043376,0,1,1,0
113.5,1950,1,0.0174185,0.0174185,0.672474,0.600003,0.0724704,34.6899,34.4,8,7,-1,0.758957,0.793771,0.0348133,0,1,0,0
113.5,1950,2,0.00223233,0.00223233,0.755733,0.770461,0.0147279,35.0229,35.0818,12,12,0,0.638576,0.605008,0.033568,0,1,1,0
113.5,1950,3,0.0185632,0.0185632,0.617993,0.605081,0.0129118,34.472,34.4203,10,11,1,0.807235,0.722925,0.0843093,0,1,1,0
113.6,1951,1,0.00978927,0.00978927,0.679704,0.672474,0.00722998,34.7188,34.6899,7,7,0,0.793771,0.864987,0.071216,0,1,1,0
113.6,1951,2,0.0266342,0.0266342,0.739118,0.755733,0.0166155,34.9565,35.0229,12,12,0,0.605008,0.598328,0.00668,0,0,1,0
113.6,1951,3,0.00153196,0.00153196,0.596059,0.617993,0.0219343,34.3842,34.472,11,11,0,0.722925,0.669453,0.053472,0,1,0,0
113.7,1952,1,0.00822799,0.00822799,0.677457,0.679704,0.00224632,34.7098,34.7188,7,7,0,0.864987,0.857739,0.007248,0,1,1,1
113.7,1952,2,0.0536102,0.0536102,0.646757,0.739118,0.0923604,34.587,34.9565,12,12,0,0.598328,0.49264,0.105688,0,0,0,0
113.7,1952,3,0.0050018,0.0050018,0.644471,0.596059,0.0484122,34.5779,34.3842,11,11,0,0.669453,0.795165,0.125712,0,1,0,0
113.8,1953,1,0.0198674,0.0198674,0.635014,0.677457,0.0424429,34.5401,34.7098,7,8,1,0.857739,0.719733,0.138005,0,1,0,0
113.8,1953,2,0.0202237,0.0202237,0.644899,0.646757,0.00185782,34.5796,34.587,12,12,0,0.49264,0.4688,0.02384,0,0,1,0
113.8,1953,3,0.0210199,0.0210199,0.66418,0.644471,0.0197088,34.6567,34.5779,11,10,-1,0.795165,0.892675,0.0975093,0,0,1,0
113.9,1954,1,0.00282246,0.00282246,0.645315,0.635014,0.0103008,34.5813,34.5401,8,8,0,0.719733,0.758981,0.039248,0,1,1,0
113.9,1954,2,0.019649,0.019649,0.656692,0.644899,0.0117928,34.6268,34.5796,12,12,0,0.4688,0.50856,0.03976,0,1,1,0
113.9,1954,3,0.0200029,0.0200029,0.638128,0.66418,0.0260512,34.5525,34.6567,10,10,0,0.892675,0.903867,0.011192,0,0,0,0
114,1955,1,0.00829212,0.00829212,0.60528,0.645315,0.0400349,34.4211,34.5813,8,8,0,0.758981,0.738901,0.02008,0,1,0,0
114,1955,2,0.0380031,0.0380031,0.650517,0.656692,0.00617582,34.6021,34.6268,12,11,-1,0.50856,0.559837,0.0512773,0,0,1,0
114,1955,3,0.00460558,0.00460558,0.622467,0.638128,0.0156613,34.4899,34.5525,10,11,1,0.903867,0.740685,0.163181,0,1,1,0
114.1,1956,1,0.00253873,0.00253873,0.616517,0.60528,0.0112363,34.4661,34.4211,8,8,0,0.738901,0.773157,0.034256,0,1,1,0
114.1,1956,2,0.00644268,0.00644268,0.68735,0.650517,0.0368338,34.7494,34.6021,11,11,0,0.559837,0.600213,0.040376,0,1,0,0
114.1,1956,3,0.000465818,0.000465818,0.636734,0.622467,0.0142667,34.5469,34.4899,11,11,0,0.740685,0.774541,0.033856,0,1,1,0
114.2,1957,1,0.0397507,0.0397507,0.577624,0.616517,0.0388927,34.3105,34.4661,8,8,0,0.773157,0.593493,0.179664,0,0,0,0
114.2,1957,2,0.00493939,0.00493939,0.57734,0.68735,0.11001,34.3094,34.7494,11,11,0,0.600213,0.443573,0.15664,0,1,0,0
114.2,1957,3,0.0189924,0.0189924,0.517494,0.636734,0.119239,34.07,34.5469,11,11,0,0.774541,0.597837,0.176704,0,1,0,0
114.3,1958,1,0.0707332,0.0707332,0.725983,0.577624,0.148359,34.9039,34.3105,8,8,0,0.593493,0.924469,0.330976,0,0,0,0
114.3,1958,2,0.00553823,0.00553823,0.743909,0.57734,0.166569,34.9756,34.3094,11,12,1,0.443573,0.625472,0.181899,0,1,0,0
114.3,1958,3,0.050996,0.050996,0.717638,0.517494,0.200144,34.8706,34.07,11,10,-1,0.597837,1.05851,0.460677,0,0,0,0
114.4,1959,1,0.0289646,0.0289646,0.611109,0.725983,0.114874,34.4444,34.9039,8,8,0,0.924469,0.762957,0.161512,0,0,0,0
114.4,1959,2,0.00693336,0.00693336,0.690248,0.743909,0.0536611,34.761,34.9756,12,12,0,0.625472,0.523808,0.101664,0,1,0,0
114.4,1959,3,0.0319093,0.0319093,0.629435,0.717638,0.0882029,34.5177,34.8706,10,10,0,1.05851,0.877867,0.180648,0,0,0,0
114.5,1960,1,0.00117064,0.00117064,0.607724,0.611109,0.00338453,34.4309,34.4444,8,8,0,0.762957,0.756469,0.006488,0,1,1,1
114.5,1960,2,0.0185763,0.0185763,0.667066,0.690248,0.023182,34.6683,34.761,12,11,-1,0.523808,0.566413,0.0426053,0,1,0,0
114.5,1960,3,0.000660181,0.000660181,0.633219,0.629435,0.00378346,34.5329,34.5177,10,11,1,0.877867,0.765013,0.112853,0,1,1,0
114.6,1961,1,0.000384793,0.000384793,0.608986,0.607724,0.00126129,34.4359,34.4309,8,8,0,0.756469,0.758981,0.002512,0,1,1,1
114.6,1961,2,0.00592787,0.00592787,0.697362,0.667066,0.0302954,34.7894,34.6683,11,11,0,0.566413,0.597813,0.0314,0,1,0,0
114.6,1961,3,0.00139073,0.00139073,0.639649,0.633219,0.00643045,34.5586,34.5329,11,11,0,0.765013,0.782357,0.017344,0,1,1,0
114.7,1962,1,0.000787392,0.000787392,0.611113,0.608986,0.00212753,34.4445,34.4359,8,8,0,0.758981,0.762965,0.003984,0,1,1,1
114.7,1962,2,0.0133651,0.0133651,0.699717,0.697362,0.00235516,34.7989,34.7894,11,12,1,0.597813,0.543088,0.0547253,0,1,1,0
114.7,1962,3,0.0101732,0.0101732,0.632477,0.639649,0.00717235,34.5299,34.5586,11,10,-1,0.782357,0.821723,0.0393653,0,1,1,0
114.8,1963,1,0.000787392,0.000787392,0.608986,0.611113,0.00212753,34.4359,34.4445,8,8,0,0.762965,0.758981,0.003984,0,1,1,1
114.8,1963,2,0.0020326,0.0020326,0.67223,0.699717,0.0274869,34.6889,34.7989,12,12,0,0.543088,0.488408,0.05468,0,1,0,0
114.8,1963,3,0.00944383,0.00944383,0.629433,0.632477,0.00304431,34.5177,34.5299,10,10,0,0.821723,0.877859,0.056136,0,1,1,0
114.9,1964,1,0,0,0.608986,0.608986,0,34.4359,34.4359,8,8,0,0.758981,0.758981,0,0,1,1,1
114.9,1964,2,0.000798187,0.000798187,0.683257,0.67223,0.0110276,34.733,34.6889,12,12,0,0.488408,0.50988,0.021472,0,1,1,0
114.9,1964,3,0.00141937,0.00141937,0.6325,0.629433,0.00306755,34.53,34.5177,10,10,0,0.877859,0.886979,0.00912,0,1,1,1
115,1965,1,0.000384793,0.000384793,0.607724,0.608986,0.00126129,34.4309,34.4359,8,8,0,0.758981,0.756469,0.002512,0,1,1,1
115,1965,2,0.0230987,0.0230987,0.689171,0.683257,0.00591332,34.7567,34.733,12,11,-1,0.50988,0.600245,0.0903653,0,0,1,0
115,1965,3,0.00152697,0.00152697,0.625225,0.6325,0.00727534,34.5009,34.53,10,11,1,0.886979,0.746637,0.140341,0,1,1,0
115.1,1966,1,0.00117218,0.00117218,0.611113,0.607724,0.00338882,34.4445,34.4309,8,8,0,0.756469,0.762965,0.006496,0,1,1,1
115.1,1966,2,0.00387496,0.00387496,0.7311,0.689171,0.0419295,34.9244,34.7567,11,11,0,0.600245,0.642533,0.042288,0,1,0,0
115.1,1966,3,0.000621729,0.000621729,0.639649,0.625225,0.0144244,34.5586,34.5009,11,11,0,0.746637,0.782357,0.03572,0,1,1,0
115.2,1967,1,0.000788674,0.000788674,0.608982,0.611113,0.00213158,34.4359,34.4445,8,8,0,0.762965,0.758973,0.003992,0,1,1,1
115.2,1967,2,0.0196568,0.0196568,0.689113,0.7311,0.0419877,34.7565,34.9244,11,12,1,0.642533,0.521528,0.121005,0,1,0,0
115.2,1967,3,0.0158922,0.0158922,0.639397,0.639649,0.000252306,34.5576,34.5586,11,10,-1,0.782357,0.838051,0.0556933,0,1,1,0
115.3,1968,1,1.16229e-06,1.16229e-06,0.608978,0.608982,3.93391e-06,34.4359,34.4359,8,8,0,0.758973,0.758965,8e-06,0,1,1,1
115.3,1968,2,0.000530804,0.000530804,0.69617,0.689113,0.00705725,34.7847,34.7565,12,12,0,0.521528,0.535808,0.01428,0,1,1,0
115.3,1968,3,0.0151617,0.0151617,0.629435,0.639397,0.00996161,34.5177,34.5576,10,10,0,0.838051,0.877867,0.039816,0,1,1,0
115.4,1969,1,0.0424477,0.0424477,0.578064,0.608978,0.0309134,34.3123,34.4359,8,8,0,0.758965,0.598213,0.160752,0,0,0,0
115.4,1969,2,0.00964076,0.00964076,0.610077,0.69617,0.0860924,34.4403,34.7847,12,12,0,0.535808,0.398328,0.13748,0,1,0,0
115.4,1969,3,0.00945962,0.00945962,0.57945,0.629435,0.0499853,34.3178,34.5177,10,10,0,0.877867,0.675627,0.20224,0,1,0,0
115.5,1970,1,0.069914,0.069914,0.72343,0.578064,0.145366,34.8937,34.3123,8,8,0,0.598213,0.921181,0.322968,0,0,0,0
115.5,1970,2,0.058927,0.058927,0.816013,0.610077,0.205936,35.2641,34.4403,12,11,-1,0.398328,0.766549,0.368221,0,0,0,0
115.5,1970,3,0.0389535,0.0389535,0.698022,0.57945,0.118571,34.7921,34.3178,10,11,1,0.675627,0.944893,0.269267,0,0,0,0
115.6,1971,1,0.0213764,0.0213764,0.600003,0.72343,0.123427,34.4,34.8937,8,8,0,0.921181,0.758957,0.162224,0,0,0,0
115.6,1971,2,0.023521,0.023521,0.814893,0.816013,0.00112033,35.2596,35.2641,11,11,0,0.766549,0.758589,0.00796,0,0,1,0
115.6,1971,3,0.0200686,0.0200686,0.62525,0.698022,0.0727716,34.501,34.7921,11,11,0,0.944893,0.744805,0.200088,0,0,0,0
115.7,1972,1,0.00163966,0.00163966,0.589174,0.600003,0.0108292,34.3567,34.4,8,8,0,0.758957,0.738453,0.020504,0,1,1,0
115.7,1972,2,0.0608199,0.0608199,0.741971,0.814893,0.0729223,34.9679,35.2596,11,12,1,0.758589,0.616768,0.141821,0,0,0,0
115.7,1972,3,0.0123614,0.0123614,0.624931,0.62525,0.000319242,34.4997,34.501,11,10,-1,0.744805,0.775187,0.0303813,0,1,1,0
115.8,1973,1,0.00945142,0.00945142,0.613618,0.589174,0.0244444,34.4545,34.3567,8,8,0,0.738453,0.767677,0.029224,0,1,0,0
115.8,1973,2,0.0576017,0.0576017,0.678305,0.741971,0.0636651,34.7132,34.9679,12,12,0,0.616768,0.553096,0.063672,0,0,0,0
115.8,1973,3,0.00484852,0.00484852,0.633564,0.624931,0.00863314,34.5343,34.4997,10,10,0,0.775187,0.890155,0.114968,0,1,1,0
115.9,1974,1,0.00172184,0.00172184,0.608978,0.613618,0.00464082,34.4359,34.4545,8,8,0,0.767677,0.758965,0.008712,0,1,1,1
115.9,1974,2,0.0539239,0.0539239,0.666594,0.678305,0.0117111,34.6664,34.7132,12,11,-1,0.553096,0.576725,0.0236293,0,0,1,0
115.9,1974,3,0.00408086,0.00408086,0.647673,0.633564,0.0141093,34.5907,34.5343,10,11,1,0.890155,0.804605,0.0855493,0,1,1,0
116,1975,1,2.47359e-06,2.47359e-06,0.60897,0.608978,8.10623e-06,34.4359,34.4359,8,8,0,0.758965,0.758949,1.6e-05,0,1,1,1
116,1975,2,0.00110393,0.00110393,0.709305,0.666594,0.0427102,34.8372,34.6664,11,11,0,0.576725,0.623309,0.046584,0,1,0,0
116,1975,3,0.00534016,0.00534016,0.633266,0.647673,0.0144075,34.5331,34.5907,11,11,0,0.804605,0.765141,0.039464,0,1,1,0
116.1,1976,1,1.2219e-06,1.2219e-06,0.608974,0.60897,4.05312e-06,34.4359,34.4359,8,8,0,0.758949,0.758957,8e-06,0,1,1,1
116.1,1976,2,0.00109168,0.00109168,0.700361,0.709305,0.0089432,34.8014,34.8372,11,11,0,0.623309,0.613733,0.009576,0,1,1,1
116.1,1976,3,9.09865e-05,9.09865e-05,0.632672,0.633266,0.000593245,34.5307,34.5331,11,11,0,0.765141,0.763517,0.001624,0,1,1,1
116.2,1977,1,0.000129849,0.000129849,0.609328,0.608974,0.000354171,34.4373,34.4359,8,8,0,0.758957,0.759621,0.000664,1,1,1,1
116.2,1977,2,0.00795219,0.00795219,0.691269,0.700361,0.00909191,34.7651,34.8014,11,12,1,0.613733,0.525864,0.0878693,1,1,1,0
116.2,1977,3,0.010864,0.010864,0.634916,0.632672,0.0022434,34.5397,34.5307,11,10,-1,0.763517,0.827571,0.0640533,1,1,1,0
116.3,1978,1,0.000129849,0.000129849,0.608974,0.609328,0.000354171,34.4359,34.4373,8,8,0,0.759621,0.758957,0.000664,0,1,1,1
116.3,1978,2,0.000131704,0.000131704,0.689507,0.691269,0.00176203,34.758,34.7651,12,12,0,0.525864,0.52232,0.003544,0,1,1,1
116.3,1978,3,0.0166493,0.0166493,0.620329,0.634916,0.0145863,34.4813,34.5397,10,10,0,0.827571,0.853147,0.025576,0,1,1,0
116.4,1979,1,0.00161427,0.00161427,0.604305,0.608974,0.00466871,34.4172,34.4359,8,8,0,0.758957,0.748877,0.01008,0,1,1,0
116.4,1979,2,0.0204593,0.0204593,0.680146,0.689507,0.00936151,34.7206,34.758,12,11,-1,0.52232,0.586365,0.0640453,0,0,1,0
116.4,1979,3,0.00514174,0.00514174,0.626498,0.620329,0.00616896,34.506,34.4813,10,11,1,0.853147,0.749397,0.103749,0,1,1,0
116.5,1980,1,0.00190865,0.00190865,0.609773,0.604305,0.00546765,34.4391,34.4172,8,8,0,0.748877,0.760453,0.011576,0,1,1,0
116.5,1980,2,0.00462068,0.00462068,0.711987,0.680146,0.0318408,34.8479,34.7206,11,11,0,0.586365,0.616429,0.030064,0,1,0,0
116.5,1980,3,0.00132374,0.00132374,0.635471,0.626498,0.00897259,34.5419,34.506,11,11,0,0.749397,0.771765,0.022368,0,1,1,0
116.6,1981,1,0.0422638,0.0422638,0.577624,0.609773,0.0321485,34.3105,34.4391,8,8,0,0.760453,0.593493,0.16696,0,0,0,0
116.6,1981,2,0.00310102,0.00310102,0.611101,0.711987,0.100885,34.4444,34.8479,11,11,0,0.616429,0.473541,0.142888,0,1,0,0
116.6,1981,3,0.0148381,0.0148381,0.493246,0.635471,0.142225,33.973,34.5419,11,11,0,0.771765,0.560773,0.210992,0,1,0,0
116.7,1982,1,0.0649064,0.0649064,0.727535,0.577624,0.149911,34.9101,34.3105,8,8,0,0.593493,0.924469,0.330976,0,0,0,0
116.7,1982,2,0.0263448,0.0263448,0.809034,0.611101,0.197932,35.2361,34.4444,11,12,1,0.473541,0.719592,0.246051,0,0,0,0
116.7,1982,3,0.0512038,0.0512038,0.698793,0.493246,0.205548,34.7952,33.973,11,10,-1,0.560773,0.983499,0.422725,0,0,0,0
116.8,1983,1,0.015588,0.015588,0.582904,0.727535,0.144631,34.3316,34.9101,8,8,0,0.924469,0.721909,0.20256,0,1,0,0
116.8,1983,2,0.00190523,0.00190523,0.786968,0.809034,0.022066,35.1479,35.2361,12,12,0,0.719592,0.667312,0.05228,0,1,0,0
116.8,1983,3,0.0393031,0.0393031,0.611581,0.698793,0.0872128,34.4463,34.7952,10,10,0,0.983499,0.824091,0.159408,0,0,0,0
116.9,1984,1,0.0116034,0.0116034,0.669423,0.582904,0.0865185,34.6777,34.3316,8,7,-1,0.721909,0.774963,0.0530533,0,1,0,0
116.9,1984,2,0.0446143,0.0446143,0.771191,0.786968,0.0157773,35.0848,35.1479,12,13,1,0.667312,0.573819,0.0934933,0,0,1,0
116.9,1984,3,0.0168384,0.0168384,0.639667,0.611581,0.0280867,34.5587,34.4463,10,10,0,0.824091,0.819355,0.004736,0,1,0,0
117,1985,1,0.00766599,0.00766599,0.642174,0.669423,0.0272486,34.5687,34.6777,7,7,0,0.774963,0.811403,0.03644,0,1,0,0
117,1985,2,0.000486637,0.000486637,0.77715,0.771191,0.00595957,35.1086,35.0848,13,13,0,0.573819,0.587659,0.01384,0,1,1,0
117,1985,3,0,0,0.639667,0.639667,0,34.5587,34.5587,10,10,0,0.819355,0.819355,0,0,1,1,1
117.1,1986,1,0.00864735,0.00864735,0.632344,0.642174,0.00983042,34.5294,34.5687,7,8,1,0.811403,0.751525,0.0598773,0,1,1,0
117.1,1986,2,0.0059492,0.0059492,0.740388,0.77715,0.0367624,34.9616,35.1086,13,12,-1,0.587659,0.619536,0.0318773,0,1,0,0
117.1,1986,3,0.000242539,0.000242539,0.639345,0.639667,0.000322461,34.5574,34.5587,10,10,0,0.819355,0.818587,0.000768,0,1,1,1
117.2,1987,1,0.00644273,0.00644273,0.632157,0.632344,0.000186861,34.5286,34.5294,8,8,0,0.751525,0.729157,0.022368,0,1,1,0
117.2,1987,2,0.0222535,0.0222535,0.69553,0.740388,0.0448581,34.7821,34.9616,12,12,0,0.619536,0.560912,0.058624,0,0,0,0
117.2,1987,3,0.00802853,0.00802853,0.646907,0.639345,0.00756186,34.5876,34.5574,10,10,0,0.818587,0.859931,0.041344,0,1,1,0
117.3,1988,1,0.0020016,0.0020016,0.637872,0.632157,0.00571465,34.5515,34.5286,8,8,0,0.729157,0.751725,0.022568,0,1,1,0
117.3,1988,2,0.00566024,0.00566024,0.670028,0.69553,0.0255014,34.6801,34.7821,12,12,0,0.560912,0.521208,0.039704,0,1,0,0
117.3,1988,3,0.000541255,0.000541255,0.646082,0.646907,0.000825047,34.5843,34.5876,10,10,0,0.859931,0.853147,0.006784,0,1,1,1
117.4,1989,1,0.00873157,0.00873157,0.694564,0.637872,0.0566928,34.7783,34.5515,8,7,-1,0.751725,0.842091,0.0903653,0,1,0,0
117.4,1989,2,0.0429455,0.0429455,0.643991,0.670028,0.0260374,34.576,34.6801,12,13,1,0.521208,0.406659,0.114549,0,0,0,0
117.4,1989,3,0.000242144,0.000242144,0.646419,0.646082,0.000337481,34.5857,34.5843,10,10,0,0.853147,0.853915,0.000768,0,1,1,1
117.5,1990,1,0.00902684,0.00902684,0.680592,0.694564,0.0139725,34.7224,34.7783,7,7,0,0.842091,0.864971,0.02288,0,1,1,0
117.5,1990,2,0.00277628,0.00277628,0.674043,0.643991,0.0300525,34.6962,34.576,13,13,0,0.406659,0.452595,0.045936,0,1,0,0
117.5,1990,3,0.000244617,0.000244617,0.646078,0.646419,0.000340939,34.5843,34.5857,10,10,0,0.853915,0.853139,0.000776,0,1,1,1
117.6,1991,1,0.037091,0.037091,0.594787,0.680592,0.0858055,34.3791,34.7224,7,9,2,0.864971,0.659504,0.205467,0,0,0,0
117.6,1991,2,0.0825354,0.0825354,0.622042,0.674043,0.0520016,34.4882,34.6962,13,10,-3,0.452595,0.570171,0.117576,0,0,0,0
117.6,1991,3,0.022424,0.022424,0.616656,0.646078,0.0294217,34.4666,34.5843,10,11,1,0.853139,0.726461,0.126677,0,0,0,0
117.7,1992,1,0.00121731,0.00121731,0.595853,0.594787,0.00106674,34.3834,34.3791,9,9,0,0.659504,0.667136,0.007632,0,1,1,1
117.7,1992,2,0.00736352,0.00736352,0.709329,0.622042,0.0872872,34.8373,34.4882,10,10,0,0.570171,0.673659,0.103488,0,1,0,0
117.7,1992,3,0.00541651,0.00541651,0.627113,0.616656,0.0104567,34.5085,34.4666,11,11,0,0.726461,0.748189,0.021728,0,1,1,0
117.8,1993,1,0.0491834,0.0491834,0.481577,0.595853,0.114276,33.9263,34.3834,9,9,0,0.667136,0.519088,0.148048,0,0,0,0
117.8,1993,2,0.0190218,0.0190218,0.574613,0.709329,0.134716,34.2985,34.8373,10,10,0,0.673659,0.517179,0.15648,0,1,0,0
117.8,1993,3,0.0185879,0.0185879,0.495398,0.627113,0.131715,33.9816,34.5085,11,11,0,0.748189,0.556045,0.192144,0,1,0,0
117.9,1994,1,0.0722882,0.0722882,0.658771,0.481577,0.177194,34.6351,33.9263,9,8,-1,0.519088,0.839757,0.320669,0,0,0,0
117.9,1994,2,0.0515576,0.0515576,0.834027,0.574613,0.259414,35.3361,34.2985,10,12,2,0.517179,0.767952,0.250773,0,0,0,0
117.9,1994,3,0.0480836,0.0480836,0.701759,0.495398,0.206361,34.807,33.9816,11,10,-1,0.556045,1.00003,0.443981,0,0,0,0
118,1995,1,0.000186577,0.000186577,0.545067,0.658771,0.113704,34.1803,34.6351,8,8,0,0.839757,0.695581,0.144176,0,1,0,0
118,1995,2,0.0153811,0.0153811,0.797293,0.834027,0.0367339,35.1892,35.3361,12,12,0,0.767952,0.704688,0.063264,0,1,0,0
118,1995,3,0.0332257,0.0332257,0.615558,0.701759,0.0862004,34.4622,34.807,10,10,0,1.00003,0.833859,0.166168,0,0,0,0
118.1,1996,1,0.00978307,0.00978307,0.667002,0.545067,0.121935,34.668,34.1803,8,7,-1,0.695581,0.737427,0.0418453,0,1,0,0
118.1,1996,2,0.030005,0.030005,0.779415,0.797293,0.0178787,35.1177,35.1892,12,13,1,0.704688,0.593003,0.111685,0,0,1,0
118.1,1996,3,0.0134952,0.0134952,0.639667,0.615558,0.0241089,34.5587,34.4622,10,10,0,0.833859,0.819355,0.014504,0,1,0,0
118.2,1997,1,0.0148368,0.0148368,0.632123,0.667002,0.0348782,34.5285,34.668,7,7,0,0.737427,0.779275,0.041848,0,1,0,0
118.2,1997,2,0.00758666,0.00758666,0.791137,0.779415,0.0117219,35.1645,35.1177,13,13,0,0.593003,0.610763,0.01776,0,1,1,0
118.2,1997,3,0.000242539,0.000242539,0.639345,0.639667,0.000322461,34.5574,34.5587,10,10,0,0.819355,0.818587,0.000768,0,1,1,1
118.3,1998,1,0.015103,0.015103,0.629333,0.632123,0.00278986,34.5173,34.5285,7,8,1,0.779275,0.713861,0.0654133,0,1,1,0
118.3,1998,2,0.0106285,0.0106285,0.760309,0.791137,0.0308275,35.0412,35.1645,13,12,-1,0.610763,0.645568,0.0348053,0,1,0,0
118.3,1998,3,0.000889219,0.000889219,0.640526,0.639345,0.00118113,34.5621,34.5574,10,10,0,0.818587,0.821403,0.002816,0,1,1,1
118.4,1999,1,0.0231443,0.0231443,0.63127,0.629333,0.00193602,34.5251,34.5173,8,8,0,0.713861,0.653285,0.060576,0,0,1,0
118.4,1999,2,0.00153167,0.00153167,0.78163,0.760309,0.0213208,35.1265,35.0412,12,12,0,0.645568,0.666136,0.020568,0,1,0,0
118.4,1999,3,0.000646681,0.000646681,0.639667,0.640526,0.000858665,34.5587,34.5621,10,10,0,0.821403,0.819355,0.002048,0,1,1,1
118.5,2000,1,0.0119677,0.0119677,0.629443,0.63127,0.00182617,34.5178,34.5251,8,8,0,0.653285,0.681437,0.028152,0,1,1,0
118.5,2000,2,0.00278669,0.00278669,0.772891,0.78163,0.00873905,35.0916,35.1265,12,12,0,0.666136,0.652488,0.013648,0,1,1,0
118.5,2000,3,0.000247516,0.000247516,0.639338,0.639667,0.000329196,34.5574,34.5587,10,10,0,0.819355,0.818571,0.000784,0,1,1,1
118.6,2001,1,0.01618,0.01618,0.667464,0.629443,0.0380204,34.6699,34.5178,8,7,-1,0.681437,0.752587,0.0711493,0,1,0,0
118.6,2001,2,0.030268,0.030268,0.7487,0.772891,0.0241909,34.9948,35.0916,12,13,1,0.652488,0.550219,0.102269,0,0,0,0
118.6,2001,3,0.00295424,0.00295424,0.639885,0.639338,0.000546694,34.5595,34.5574,10,10,0,0.818571,0.815827,0.002744,0,1,1,1
118.7,2002,1,0.0177286,0.0177286,0.670257,0.667464,0.00279367,34.681,34.6699,7,7,0,0.752587,0.852043,0.099456,0,1,1,0
118.7,2002,2,0.032505,0.032505,0.72856,0.7487,0.0201404,34.9142,34.9948,13,13,0,0.550219,0.549059,0.00116,0,0,0,0
118.7,2002,3,0.0131121,0.0131121,0.655309,0.639885,0.0154245,34.6212,34.5595,10,10,0,0.815827,0.867995,0.052168,0,1,1,0
118.8,2003,1,0.0157252,0.0157252,0.630482,0.670257,0.039775,34.5219,34.681,7,8,1,0.852043,0.739365,0.112677,0,1,0,0
118.8,2003,2,0.0171927,0.0171927,0.675283,0.72856,0.0532762,34.7011,34.9142,13,12,-1,0.549059,0.5326,0.0164587,0,1,0,0
118.8,2003,3,7.32914e-05,7.32914e-05,0.655943,0.655309,0.000633359,34.6238,34.6212,10,10,0,0.867995,0.869531,0.001536,0,1,1,1
118.9,2004,1,0.00253431,0.00253431,0.634943,0.630482,0.00446022,34.5398,34.5219,8,8,0,0.739365,0.758981,0.019616,0,1,1,0
118.9,2004,2,0.0165907,0.0165907,0.719061,0.675283,0.0437778,34.8762,34.7011,12,12,0,0.5326,0.58848,0.05588,0,1,0,0
118.9,2004,3,0.00143248,0.00143248,0.656069,0.655943,0.000125825,34.6243,34.6238,10,10,0,0.869531,0.865947,0.003584,0,1,1,1
1,820,1,-1,-1,0.536682,0.536682,-1,34.1467,34.1467,11,11,0,0,0,0,0,0,0,0
1,820,2,-1,-1,0.952866,0.952866,-1,35.8115,35.8115,10,10,0,0,0,0,0,0,0,0
1,820,3,-1,-1,0.719488,0.719488,-1,34.878,34.878,9,9,0,0,0,0,0,0,0,0
1.5,821,1,0.212921,0.212921,0.0283335,0.536682,0.508348,32.1133,34.1467,11,12,1,0,0.587773,0.587773,0,0,0,0
1.5,821,2,0.98543,0.98543,0.595158,0.952866,0.357708,34.3806,35.8115,10,13,3,0,0.588091,0.588091,0,0,0,0
1.5,821,3,0.264135,0.264135,0.964315,0.719488,0.244827,35.8573,34.878,9,5,-4,0,0.878251,0.878251,0,0,0,0
2,822,1,0.57947,0.57947,0.778766,0.0283335,0.750432,35.1151,32.1133,12,9,-3,0.587773,0.495032,0.0927408,0,0,0,0
2,822,2,0.0802673,0.0802673,0.640392,0.595158,0.0452343,34.5616,34.3806,13,13,0,0.588091,0.589,0.0009088,0,0,0,0
2,822,3,0.306691,0.306691,0.888974,0.964315,0.0753408,35.5559,35.8573,5,8,3,0.878251,0.83701,0.0412416,0,0,0,0
2.5,823,1,0.588207,0.588207,0.888778,0.778766,0.110013,35.5551,35.1151,9,9,0,0.495032,0.544936,0.049904,0,0,0,0
2.5,823,2,0.114923,0.114923,-0.275219,0.640392,0.915611,30.8991,34.5616,13,10,-3,0.589,0.615312,0.026312,0,0,0,0
2.5,823,3,0.071078,0.071078,0.890294,0.888974,0.00131977,35.5612,35.5559,8,11,3,0.83701,0.749891,0.0871184,0,0,1,0
3,824,1,0.329443,0.329443,-0.5179,0.888778,1.40668,29.9284,35.5551,9,11,2,0.544936,0.64501,0.100074,0,0,0,0
3,824,2,0.839065,0.839065,0.499064,-0.275219,0.774283,33.9963,30.8991,10,9,-1,0.615312,0.466739,0.148573,0,0,0,0
3,824,3,0.697986,0.697986,-0.854629,0.890294,1.74492,28.5815,35.5612,11,10,-1,0.749891,0.758368,0.0084768,0,0,0,0
3.5,825,1,0.664657,0.664657,0.924883,-0.5179,1.44278,35.6995,29.9284,11,14,3,0.64501,0.537338,0.107672,0,0,0,0
3.5,825,2,0.811589,0.811589,0.967381,0.499064,0.468317,35.8695,33.9963,9,5,-4,0.466739,0.880016,0.413277,0,0,0,0
3.5,825,3,0.428552,0.428552,0.605283,-0.854629,1.45991,34.4211,28.5815,10,11,1,0.758368,0.672474,0.0858944,0,0,0,0
4,826,1,1.35359,1.35359,0.81604,0.924883,0.108843,35.2642,35.6995,14,11,-3,0.537338,0.559467,0.0221296,0,0,0,0
4,826,2,0.954001,0.954001,0.856294,0.967381,0.111088,35.4252,35.8695,5,8,3,0.880016,0.879061,0.0009552,0,0,0,0
4,826,3,0.0406907,0.0406907,0.727358,0.605283,0.122075,34.9094,34.4211,11,11,0,0.672474,0.561248,0.111226,0,0,0,0
4.5,827,1,0.825962,0.825962,-0.223484,0.81604,1.03952,31.1061,35.2642,11,12,1,0.559467,0.680952,0.121485,0,0,0,0
4.5,827,2,0.930757,0.930757,0.85748,0.856294,0.00118607,35.4299,35.4252,8,7,-1,0.879061,0.641987,0.237074,0,0,1,0
4.5,827,3,0.741421,0.741421,0.174574,0.727358,0.552785,32.6983,34.9094,11,11,0,0.561248,0.646509,0.0852608,0,0,0,0
5,828,1,0.504344,0.504344,0.951168,-0.223484,1.17465,35.8047,31.1061,12,11,-1,0.680952,0.503275,0.177677,0,0,0,0
5,828,2,1.36438,1.36438,0.784859,0.85748,0.0726205,35.1394,35.4299,7,8,1,0.641987,0.861888,0.219901,0,0,0,0
5,828,3,0.465928,0.465928,0.757497,0.174574,0.582923,35.03,32.6983,11,11,0,0.646509,0.638467,0.0080416,0,0,0,0
5.5,829,1,0.108874,0.108874,0.905034,0.951168,0.0461341,35.6201,35.8047,11,10,-1,0.503275,0.550541,0.0472656,0,0,0,0
5.5,829,2,0.727757,0.727757,-0.236904,0.784859,1.02176,31.0524,35.1394,8,11,3,0.861888,0.663741,0.198147,0,0,0,0
5.5,829,3,0.299156,0.299156,-0.147975,0.757497,0.905472,31.4081,35.03,11,9,-2,0.638467,0.730862,0.0923952,0,0,0,0
6,830,1,1.7392,1.7392,0.761134,0.905034,0.143901,35.0445,35.6201,10,11,1,0.550541,0.803872,0.253331,0,0,0,0
6,830,2,0.610641,0.610641,0.316785,-0.236904,0.55369,33.2671,31.0524,11,12,1,0.663741,0.470907,0.192834,0,0,0,0
6,830,3,1.02375,1.02375,0.861834,-0.147975,1.00981,35.4473,31.4081,9,7,-2,0.730862,0.689547,0.0413152,0,0,0,0
6.5,831,1,1.06308,1.06308,0.0422163,0.761134,0.718917,32.1689,35.0445,11,13,2,0.803872,0.705107,0.0987648,0,0,0,0
6.5,831,2,1.23303,1.23303,0.823269,0.316785,0.506483,35.2931,33.2671,12,7,-5,0.470907,0.498746,0.0278384,0,0,0,0
6.5,831,3,0.193686,0.193686,0.593463,0.861834,0.26837,34.3739,35.4473,7,10,3,0.689547,0.722139,0.032592,0,0,0,0
7,832,1,0.281736,0.281736,0.862598,0.0422163,0.820382,35.4504,32.1689,13,12,-1,0.705107,0.486174,0.218933,0,0,0,0
7,832,2,1.18847,1.18847,0.869503,0.823269,0.0462344,35.478,35.2931,7,6,-1,0.498746,0.772989,0.274243,0,0,0,0
7,832,3,0.44852,0.44852,0.621187,0.593463,0.0277236,34.4847,34.3739,10,12,2,0.722139,0.698091,0.024048,0,0,0,0
7.5,833,1,0.659234,0.659234,0.945721,0.862598,0.083123,35.7829,35.4504,12,12,0,0.486174,0.524749,0.0385744,0,0,0,0
7.5,833,2,0.644868,0.644868,-0.585308,0.869503,1.45481,29.6588,35.478,6,6,0,0.772989,0.769435,0.0035536,0,0,0,0
7.5,833,3,0.516377,0.516377,0.520205,0.621187,0.100982,34.0808,34.4847,12,12,0,0.698091,0.614936,0.0831552,0,0,0,0
8,834,1,1.16043,1.16043,-0.0390595,0.945721,0.984781,31.8438,35.7829,12,12,0,0.524749,0.708086,0.183338,0,0,0,0
8,834,2,0.757364,0.757364,0.520084,-0.585308,1.10539,34.0803,29.6588,6,7,1,0.769435,0.504613,0.264822,0,0,0,0
8,834,3,0.763369,0.763369,-0.35564,0.520205,0.875845,30.5774,34.0808,12,11,-1,0.614936,0.735213,0.120277,0,0,0,0
8.5,835,1,0.618636,0.618636,0.579857,-0.0390595,0.618916,34.3194,31.8438,12,13,1,0.708086,0.61625,0.0918368,0,0,0,0
8.5,835,2,0.297933,0.297933,0.370133,0.520084,0.149951,33.4805,34.0803,7,4,-3,0.504613,0.872819,0.368206,0,0,0,0
8.5,835,3,0.953468,0.953468,0.910428,-0.35564,1.26607,35.6417,30.5774,11,13,2,0.735213,0.627982,0.10723,0,0,0,0
9,836,1,1.95708,1.95708,0.960253,0.579857,0.380396,35.841,34.3194,13,11,-2,0.61625,0.570256,0.0459936,0,0,0,0
9,836,2,0.754412,0.754412,0.845554,0.370133,0.475422,35.3822,33.4805,4,7,3,0.872819,0.705494,0.167325,0,0,0,0
9,836,3,0.0605375,0.0605375,-0.65791,0.910428,1.56834,29.3684,35.6417,13,12,-1,0.627982,0.789018,0.161035,0,0,0,0
9.5,837,1,1.45808,1.45808,0.409988,0.960253,0.550265,33.64,35.841,11,11,0,0.570256,0.680262,0.110006,0,0,0,0
9.5,837,2,0.547293,0.547293,0.694824,0.845554,0.15073,34.7793,35.3822,7,10,3,0.705494,0.606702,0.098792,0,0,0,0
9.5,837,3,0.940232,0.940232,0.329075,-0.65791,0.986985,33.3163,29.3684,12,9,-3,0.789018,0.618618,0.1704,0,0,0,0
10,838,1,0.958823,0.958823,-0.403724,0.409988,0.813713,30.3851,33.64,11,12,1,0.680262,0.579349,0.100914,0,0,0,0
10,838,2,1.61389,1.61389,0.966019,0.694824,0.271195,35.8641,34.7793,10,11,1,0.606702,0.833917,0.227214,0,0,0,0
10,838,3,1.45878,1.45878,0.0486333,0.329075,0.280442,32.1945,33.3163,9,7,-2,0.618618,0.589965,0.0286528,0,0,0,0
10.5,839,1,0.29025,0.29025,0.972858,-0.403724,1.37658,35.8914,30.3851,12,13,1,0.579349,0.413805,0.165544,0,0,0,0
10.5,839,2,0.180169,0.180169,0.636559,0.966019,0.32946,34.5462,35.8641,11,10,-1,0.833917,0.707669,0.126248,0,0,0,0
10.5,839,3,1.63002,1.63002,0.393828,0.0486333,0.345195,33.5753,32.1945,7,7,0,0.589965,0.79093,0.200965,0,0,0,0
11,840,1,1.71878,1.71878,0.590108,0.972858,0.38275,34.3604,35.8914,13,7,-6,0.413805,0.43521,0.0214048,0,0,0,0
11,840,2,0.556224,0.556224,0.491834,0.636559,0.144725,33.9673,34.5462,10,18,8,0.707669,0.585939,0.12173,0,0,0,0
11,840,3,1.15989,1.15989,0.476479,0.393828,0.082651,33.9059,33.5753,7,5,-2,0.79093,0.696187,0.0947424,0,0,0,0
11.5,841,1,1.74885,1.74885,-0.111739,0.590108,0.701847,31.553,34.3604,7,8,1,0.43521,0.692179,0.25697,0,0,0,0
11.5,841,2,0.281615,0.281615,-0.312891,0.491834,0.804725,30.7484,33.9673,18,15,-3,0.585939,0.484842,0.101098,0,0,0,0
11.5,841,3,0.638385,0.638385,0.414259,0.476479,0.0622205,33.657,33.9059,5,7,2,0.696187,0.740402,0.0442144,0,0,0,0
12,842,1,0.972619,0.972619,0.886381,-0.111739,0.99812,35.5455,31.553,8,13,5,0.692179,0.539075,0.153104,0,0,0,0
12,842,2,0.114869,0.114869,-0.166505,-0.312891,0.146387,31.334,30.7484,15,8,-7,0.484842,0.511574,0.0267328,0,0,0,0
12,842,3,1.03494,1.03494,0.645089,0.414259,0.23083,34.5804,33.657,7,9,2,0.740402,0.843296,0.102894,0,0,0,0
12.5,843,1,0.5636,0.5636,0.27375,0.886381,0.612631,33.095,35.5455,13,6,-7,0.539075,0.656715,0.11764,0,0,0,0
12.5,843,2,0.342719,0.342719,0.512691,-0.166505,0.679196,34.0508,31.334,8,11,3,0.511574,0.439858,0.0717168,0,0,0,0
12.5,843,3,1.16588,1.16588,0.232604,0.645089,0.412484,32.9304,34.5804,9,13,4,0.843296,0.685334,0.157962,0,0,0,0
13,844,1,0.216022,0.216022,0.326123,0.27375,0.0523736,33.3045,33.095,6,13,7,0.656715,0.612042,0.0446736,0,0,0,0
13,844,2,1.51793,1.51793,0.647186,0.512691,0.134495,34.5887,34.0508,11,10,-1,0.439858,0.685459,0.245602,0,0,0,0
13,844,3,0.71559,0.71559,0.0043073,0.232604,0.228297,32.0172,32.9304,13,7,-6,0.685334,0.638182,0.047152,0,0,0,0
13.5,845,1,1.49949,1.49949,0.210103,0.326123,0.11602,32.8404,33.3045,13,12,-1,0.612042,0.589334,0.0227072,0,0,0,0
13.5,845,2,0.722675,0.722675,0.0119238,0.647186,0.635263,32.0477,34.5887,10,7,-3,0.685459,0.71309,0.0276304,0,0,0,0
13.5,845,3,0.440124,0.440124,0.331222,0.0043073,0.326915,33.3249,32.0172,7,11,4,0.638182,0.59568,0.0425024,0,0,0,0
14,846,1,1.30576,1.30576,-0.0978655,0.210103,0.307969,31.6085,32.8404,12,9,-3,0.589334,0.600867,0.0115328,0,0,0,0
14,846,2,0.4461,0.4461,-0.221311,0.0119238,0.233235,31.1148,32.0477,7,15,8,0.71309,0.514789,0.198301,0,0,0,0
14,846,3,1.5459,1.5459,0.916869,0.331222,0.585648,35.6675,33.3249,11,6,-5,0.59568,0.881582,0.285902,0,0,0,0
14.5,847,1,0.669832,0.669832,0.970308,-0.0978655,1.06817,35.8812,31.6085,9,11,2,0.600867,0.462157,0.13871,0,0,0,0
14.5,847,2,1.01187,1.01187,0.392518,-0.221311,0.613829,33.5701,31.1148,15,11,-4,0.514789,0.44708,0.0677088,0,0,0,0
14.5,847,3,0.932283,0.932283,-0.709098,0.916869,1.62597,29.1636,35.6675,6,8,2,0.881582,0.938909,0.0573264,0,0,0,0
15,848,1,0.330418,0.330418,0.531373,0.970308,0.438935,34.1255,35.8812,11,6,-5,0.462157,0.725536,0.263379,0,0,0,0
15,848,2,1.54379,1.54379,0.798666,0.392518,0.406148,35.1947,33.5701,11,5,-6,0.44708,0.620379,0.173299,0,0,0,0
15,848,3,1.10546,1.10546,0.880774,-0.709098,1.58987,35.5231,29.1636,8,19,11,0.938909,0.564064,0.374845,0,0,0,0
15.5,849,1,0.302848,0.302848,-0.34759,0.531373,0.878963,30.6096,34.1255,6,13,7,0.725536,0.625104,0.100432,0,0,0,0
15.5,849,2,0.749572,0.749572,0.936958,0.798666,0.138292,35.7478,35.1947,5,10,5,0.620379,0.667798,0.0474192,0,0,0,0
15.5,849,3,1.67291,1.67291,0.848099,0.880774,0.0326753,35.3924,35.5231,19,7,-12,0.564064,0.631099,0.0670352,0,0,0,0
16,850,1,1.77246,1.77246,0.827141,-0.34759,1.17473,35.3086,30.6096,13,14,1,0.625104,0.337253,0.287851,0,0,0,0
16,850,2,0.86317,0.86317,0.241986,0.936958,0.694973,32.9679,35.7478,10,6,-4,0.667798,0.704075,0.0362768,0,0,0,0
16,850,3,0.965701,0.965701,0.579123,0.848099,0.268975,34.3165,35.3924,7,10,3,0.631099,0.857149,0.22605,0,0,0,0
16.5,851,1,0.871439,0.871439,-0.525464,0.827141,1.35261,29.8981,35.3086,14,13,-1,0.337253,0.621021,0.283768,0,0,0,0
16.5,851,2,0.0929648,0.0929648,0.373565,0.241986,0.13158,33.4943,32.9679,6,9,3,0.704075,0.614376,0.0896992,0,0,0,0
16.5,851,3,0.0510579,0.0510579,-0.627799,0.579123,1.20692,29.4888,34.3165,10,8,-2,0.857149,0.68163,0.175518,0,0,0,0
17,852,1,0.193899,0.193899,0.961424,-0.525464,1.48689,35.8457,29.8981,13,11,-2,0.621021,0.547261,0.07376,0,0,0,0
17,852,2,0.210996,0.210996,0.654655,0.373565,0.281089,34.6186,33.4943,9,6,-3,0.614376,0.796176,0.1818,0,0,0,0
17,852,3,1.17741,1.17741,0.801639,-0.627799,1.42944,35.2066,29.4888,8,13,5,0.68163,0.562504,0.119126,0,0,0,0
17.5,853,1,0.491031,0.491031,0.928792,0.961424,0.0326321,35.7152,35.8457,11,11,0,0.547261,0.523616,0.0236448,0,0,0,0
17.5,853,2,0.126973,0.126973,0.873652,0.654655,0.218997,35.4946,34.6186,6,10,4,0.796176,0.588421,0.207755,0,0,0,0
17.5,853,3,1.34881,1.34881,0.563122,0.801639,0.238517,34.2525,35.2066,13,9,-4,0.562504,0.639651,0.0771472,0,0,0,0
18,854,1,0.028893,0.028893,0.860671,0.928792,0.0681204,35.4427,35.7152,11,11,0,0.523616,0.636141,0.112525,0,0,0,0
18,854,2,0.0681202,0.0681202,-0.086008,0.873652,0.95966,31.656,35.4946,10,10,0,0.588421,0.532429,0.055992,0,0,0,0
18,854,3,1.00124,1.00124,-0.107973,0.563122,0.671095,31.5681,34.2525,9,9,0,0.639651,0.613619,0.026032,0,0,0,0
18.5,855,1,0.386718,0.386718,-0.125905,0.860671,0.986576,31.4964,35.4427,11,7,-4,0.636141,0.780546,0.144405,0,0,0,0
18.5,855,2,1.04663,1.04663,0.651454,-0.086008,0.737462,34.6058,31.656,10,9,-1,0.532429,0.492472,0.0399568,0,0,0,0
18.5,855,3,0.308773,0.308773,0.939001,-0.107973,1.04697,35.756,31.5681,9,14,5,0.613619,0.545325,0.0682944,0,0,0,0
19,856,1,0.659753,0.659753,0.823073,-0.125905,0.948978,35.2923,31.4964,7,14,7,0.780546,0.49035,0.290195,0,0,0,0
19,856,2,0.264682,0.264682,0.575192,0.651454,0.0762616,34.3008,34.6058,9,9,0,0.492472,0.540163,0.0476912,0,0,0,0
19,856,3,0.793038,0.793038,-0.305815,0.939001,1.24482,30.7767,35.756,14,7,-7,0.545325,0.796923,0.251598,0,0,0,0
19.5,857,1,0.84317,0.84317,0.856779,0.823073,0.0337064,35.4271,35.2923,14,12,-2,0.49035,0.608808,0.118458,0,0,0,0
19.5,857,2,0.538563,0.538563,0.665276,0.575192,0.0900841,34.6611,34.3008,9,10,1,0.540163,0.600176,0.0600128,0,0,0,0
19.5,857,3,0.0619346,0.0619346,0.65893,-0.305815,0.964744,34.6357,30.7767,7,8,1,0.796923,0.645486,0.151437,0,0,0,0
20,858,1,0.0353706,0.0353706,0.808352,0.856779,0.0484268,35.2334,35.4271,12,11,-1,0.608808,0.680082,0.0712736,0,0,0,0
20,858,2,0.202192,0.202192,0.990696,0.665276,0.32542,35.9628,34.6611,10,10,0,0.600176,0.581648,0.018528,0,0,0,0
20,858,3,1.54016,1.54016,0.726843,0.65893,0.0679136,34.9074,34.6357,8,9,1,0.645486,0.567565,0.0779216,0,0,0,0
20.5,859,1,0.769704,0.769704,0.946683,0.808352,0.13833,35.7867,35.2334,11,11,0,0.680082,0.59577,0.084312,0,0,0,0
20.5,859,2,1.16959,1.16959,0.849903,0.990696,0.140793,35.3996,35.9628,10,9,-1,0.581648,0.53105,0.0505984,0,0,0,0
20.5,859,3,0.0303943,0.0303943,0.540842,0.726843,0.186001,34.1634,34.9074,9,10,1,0.567565,0.64852,0.0809552,0,0,0,0
21,860,1,0.28504,0.28504,0.594447,0.946683,0.352236,34.3778,35.7867,11,11,0,0.59577,0.598968,0.0031984,0,0,0,0
21,860,2,1.64808,1.64808,-3.43323e-05,0.849903,0.849938,31.9999,35.3996,9,9,0,0.53105,0.534083,0.0030336,0,0,0,0
21,860,3,0.978313,0.978313,0.531366,0.540842,0.00947613,34.1255,34.1634,10,10,0,0.64852,0.691459,0.0429392,0,0,1,0
21.5,861,1,0.172799,0.172799,0.952235,0.594447,0.357788,35.8089,34.3778,11,12,1,0.598968,0.633584,0.034616,0,0,0,0
21.5,861,2,0.892408,0.892408,0.962359,-3.43323e-05,0.962393,35.8494,31.9999,9,11,2,0.534083,0.461862,0.0722208,0,0,0,0
21.5,861,3,0.513851,0.513851,0.568893,0.531366,0.0375264,34.2756,34.1255,10,7,-3,0.691459,0.701598,0.0101392,0,0,0,0
22,862,1,0.799025,0.799025,0.656327,0.952235,0.295909,34.6253,35.8089,12,12,0,0.633584,0.60037,0.0332144,0,0,0,0
22,862,2,0.00922426,0.00922426,0.369697,0.962359,0.592662,33.4788,35.8494,11,4,-7,0.461862,0.555626,0.0937632,0,1,0,0
22,862,3,1.13506,1.13506,-0.105409,0.568893,0.674302,31.5784,34.2756,7,14,7,0.701598,0.620552,0.0810464,0,0,0,0
22.5,863,1,0.681942,0.681942,0.932385,0.656327,0.276059,35.7295,34.6253,12,12,0,0.60037,0.691134,0.0907648,0,0,0,0
22.5,863,2,0.871655,0.871655,-0.502385,0.369697,0.872083,29.9905,33.4788,4,10,6,0.555626,0.60953,0.053904,0,0,0,0
22.5,863,3,0.789763,0.789763,0.89565,-0.105409,1.00106,35.5826,31.5784,14,8,-6,0.620552,0.593918,0.0266336,0,0,0,0
23,864,1,0.879547,0.879547,0.0829802,0.932385,0.849405,32.3319,35.7295,12,12,0,0.691134,0.69876,0.0076256,0,0,0,0
23,864,2,0.0236292,0.0236292,0.770155,-0.502385,1.27254,35.0806,29.9905,10,9,-1,0.60953,0.443339,0.16619,0,0,0,0
23,864,3,0.57851,0.57851,0.586122,0.89565,0.309528,34.3445,35.5826,8,9,1,0.593918,0.802298,0.208379,0,0,0,0
23.5,865,1,0.724193,0.724193,0.503588,0.0829802,0.420608,34.0144,32.3319,12,13,1,0.69876,0.501467,0.197293,0,0,0,0
23.5,865,2,0.974384,0.974384,0.617681,0.770155,0.152474,34.4707,35.0806,9,9,0,0.443339,0.531035,0.087696,0,0,0,0
23.5,865,3,0.119918,0.119918,0.197772,0.586122,0.388349,32.7911,34.3445,9,8,-1,0.802298,0.821179,0.0188816,0,0,0,0
24,866,1,1.04131,1.04131,-0.00472369,0.503588,0.508312,31.9811,34.0144,13,5,-8,0.501467,0.574603,0.073136,0,0,0,0
24,866,2,0.124426,0.124426,-0.414003,0.617681,1.03168,30.344,34.4707,9,11,2,0.531035,0.591915,0.06088,0,0,0,0
24,866,3,1.17883,1.17883,-0.609847,0.197772,0.807619,29.5606,32.7911,8,14,6,0.821179,0.625027,0.196152,0,0,0,0
24.5,867,1,1.42233,1.42233,0.663538,-0.00472369,0.668262,34.6542,31.9811,5,10,5,0.574603,0.700843,0.12624,0,0,0,0
24.5,867,2,0.787352,0.787352,0.925749,-0.414003,1.33975,35.703,30.344,11,11,0,0.591915,0.521192,0.0707232,0,0,0,0
24.5,867,3,1.4932,1.4932,0.493141,-0.609847,1.10299,33.9726,29.5606,14,9,-5,0.625027,0.611424,0.0136032,0,0,0,0
25,868,1,1.35046,1.35046,0.954677,0.663538,0.291139,35.8187,34.6542,10,4,-6,0.700843,0.639674,0.0611696,0,0,0,0
25,868,2,0.193085,0.193085,0.511385,0.925749,0.414364,34.0455,35.703,11,14,3,0.521192,0.599491,0.0782992,0,0,0,0
25,868,3,1.08077,1.08077,0.298928,0.493141,0.194213,33.1957,33.9726,9,12,3,0.611424,0.642466,0.0310416,0,0,0,0
25.5,869,1,1.50209,1.50209,0.135768,0.954677,0.818909,32.5431,35.8187,4,15,11,0.639674,0.637704,0.0019696,0,0,0,0
25.5,869,2,1.76661,1.76661,0.625175,0.511385,0.11379,34.5007,34.0455,14,11,-3,0.599491,0.567762,0.0317296,0,0,0,0
25.5,869,3,1.1358,1.1358,0.886483,0.298928,0.587555,35.5459,33.1957,12,4,-8,0.642466,0.67633,0.033864,0,0,0,0
26,870,1,0.974921,0.974921,0.90969,0.135768,0.773922,35.6388,32.5431,15,5,-10,0.637704,0.538694,0.0990096,0,0,0,0
26,870,2,0.246927,0.246927,0.459239,0.625175,0.165936,33.837,34.5007,11,15,4,0.567762,0.546131,0.0216304,0,0,0,0
26,870,3,1.59064,1.59064,0.537697,0.886483,0.348785,34.1508,35.5459,4,10,6,0.67633,0.689221,0.0128912,0,0,0,0
26.5,871,1,0.55931,0.55931,0.787763,0.90969,0.121926,35.1511,35.6388,5,12,7,0.538694,0.561941,0.0232464,0,0,0,0
26.5,871,2,1.66821,1.66821,0.470552,0.459239,0.0113135,33.8822,33.837,15,11,-4,0.546131,0.490438,0.0556928,0,0,1,0
26.5,871,3,1.24789,1.24789,0.0188191,0.537697,0.518878,32.0753,34.1508,10,7,-3,0.689221,0.667984,0.0212368,0,0,0,0
27,872,1,0.552166,0.552166,-0.262271,0.787763,1.05003,30.9509,35.1511,12,9,-3,0.561941,0.745038,0.183098,0,0,0,0
27,872,2,1.32983,1.32983,0.706291,0.470552,0.235738,34.8252,33.8822,11,8,-3,0.490438,0.464462,0.025976,0,0,0,0
27,872,3,0.715426,0.715426,0.877296,0.0188191,0.858477,35.5092,32.0753,7,13,6,0.667984,0.582102,0.0858816,0,0,0,0
27.5,873,1,0.254464,0.254464,0.992597,-0.262271,1.25487,35.9704,30.9509,9,14,5,0.745038,0.464302,0.280736,0,0,0,0
27.5,873,2,0.486698,0.486698,0.906617,0.706291,0.200326,35.6265,34.8252,8,9,1,0.464462,0.540915,0.0764528,0,0,0,0
27.5,873,3,0.986024,0.986024,0.769734,0.877296,0.107562,35.0789,35.5092,13,7,-6,0.582102,0.814392,0.23229,0,0,0,0
28,874,1,0.658238,0.658238,0.59557,0.992597,0.397027,34.3823,35.9704,14,5,-9,0.464302,0.46828,0.0039776,0,0,0,0
28,874,2,1.234,1.234,0.246888,0.906617,0.659729,32.9876,35.6265,9,11,2,0.540915,0.487026,0.0538896,0,0,0,0
28,874,3,0.0781234,0.0781234,0.38428,0.769734,0.385454,33.5371,35.0789,7,14,7,0.814392,0.726694,0.0876976,0,0,0,0
28.5,875,1,0.305345,0.305345,0.48563,0.59557,0.10994,33.9425,34.3823,5,5,0,0.46828,0.714701,0.246421,0,0,0,0
28.5,875,2,0.149158,0.149158,0.409382,0.246888,0.162493,33.6375,32.9876,11,11,0,0.487026,0.438021,0.0490048,0,0,0,0
28.5,875,3,0.690018,0.690018,0.879726,0.38428,0.495446,35.5189,33.5371,14,14,0,0.726694,0.608314,0.118381,0,0,0,0
29,876,1,1.22335,1.22335,0.89794,0.48563,0.41231,35.5918,33.9425,5,10,5,0.714701,0.620448,0.0942528,0,0,0,0
29,876,2,0.639738,0.639738,-0.0235627,0.409382,0.432944,31.9057,33.6375,11,12,1,0.438021,0.40511,0.0329104,0,0,0,0
29,876,3,0.861414,0.861414,0.696072,0.879726,0.183653,34.7843,35.5189,14,8,-6,0.608314,0.781627,0.173314,0,0,0,0
29.5,877,1,0.789101,0.789101,0.68442,0.89794,0.21352,34.7377,35.5918,10,9,-1,0.620448,0.661573,0.0411248,0,0,0,0
29.5,877,2,0.0381624,0.0381624,0.21924,-0.0235627,0.242802,32.877,31.9057,12,10,-2,0.40511,0.33797,0.0671408,0,0,0,0
29.5,877,3,0.768814,0.768814,0.883674,0.696072,0.187602,35.5347,34.7843,8,11,3,0.781627,0.776906,0.0047216,0,0,0,0
30,878,1,0.0542224,0.0542224,0.317538,0.68442,0.366882,33.2702,34.7377,9,14,5,0.661573,0.598134,0.0634384,0,0,0,0
30,878,2,0.066072,0.066072,0.894125,0.21924,0.674886,35.5765,32.877,10,11,1,0.33797,0.305026,0.032944,0,0,0,0
30,878,3,0.995203,0.995203,0.472945,0.883674,0.410729,33.8918,35.5347,11,5,-6,0.776906,0.966054,0.189149,0,0,0,0
30.5,879,1,0.726649,0.726649,-0.0755957,0.317538,0.393134,31.6976,33.2702,14,11,-3,0.598134,0.56164,0.0364944,0,0,0,0
30.5,879,2,0.427046,0.427046,0.977603,0.894125,0.0834775,35.9104,35.5765,11,10,-1,0.305026,0.548355,0.24333,0,0,0,0
30.5,879,3,1.68886,1.68886,0.991996,0.472945,0.519051,35.968,33.8918,5,9,4,0.966054,0.738917,0.227138,0,0,0,0
31,880,1,1.08025,1.08025,-0.639019,-0.0755957,0.563424,29.4439,31.6976,11,10,-1,0.56164,0.45136,0.11028,0,0,0,0
31,880,2,1.13204,1.13204,0.857951,0.977603,0.119651,35.4318,35.9104,10,10,0,0.548355,0.617461,0.0691056,0,0,0,0
31,880,3,0.290275,0.290275,-0.660665,0.991996,1.65266,29.3573,35.968,9,10,1,0.738917,0.750475,0.0115584,0,0,0,0
31.5,881,1,0.192772,0.192772,-0.763716,-0.639019,0.124697,28.9451,29.4439,10,5,-5,0.45136,0.379562,0.0717984,0,0,0,0
31.5,881,2,0.666521,0.666521,0.912078,0.857951,0.0541273,35.6483,35.4318,10,16,6,0.617461,0.78079,0.16333,0,0,0,0
31.5,881,3,1.03942,1.03942,0.461363,-0.660665,1.12203,33.8455,29.3573,10,9,-1,0.750475,0.618515,0.13196,0,0,0,0
32,882,1,1.27633,1.27633,0.598065,-0.763716,1.36178,34.3923,28.9451,5,10,5,0.379562,0.311157,0.0684048,0,0,0,0
32,882,2,0.268774,0.268774,0.96827,0.912078,0.0561913,35.8731,35.6483,16,10,-6,0.78079,0.785067,0.0042768,0,0,0,0
32,882,3,0.798947,0.798947,0.784664,0.461363,0.323301,35.1387,33.8455,9,10,1,0.618515,0.709435,0.09092,0,0,0,0
32.5,883,1,1.34641,1.34641,0.725392,0.598065,0.127327,34.9016,34.3923,10,6,-4,0.311157,0.532069,0.220912,0,0,0,0
32.5,883,2,0.322053,0.322053,0.865665,0.96827,0.102605,35.4627,35.8731,10,14,4,0.785067,0.578544,0.206523,0,0,0,0
32.5,883,3,0.716658,0.716658,-0.682249,0.784664,1.46691,29.271,35.1387,10,10,0,0.709435,0.733584,0.0241488,0,0,0,0
33,884,1,0.166671,0.166671,0.774017,0.725392,0.0486246,35.0961,34.9016,6,8,2,0.532069,0.660928,0.128859,0,0,0,0
33,884,2,1.10695,1.10695,0.912536,0.865665,0.0468706,35.6501,35.4627,14,14,0,0.578544,0.573618,0.0049264,0,0,0,0
33,884,3,0.61448,0.61448,0.440316,-0.682249,1.12256,33.7613,29.271,10,8,-2,0.733584,0.563619,0.169965,0,0,0,0
33.5,885,1,1.35951,1.35951,0.297352,0.774017,0.476665,33.1894,35.0961,8,8,0,0.660928,0.651979,0.0089488,0,0,0,0
33.5,885,2,0.926952,0.926952,0.0311359,0.912536,0.8814,32.1245,35.6501,14,14,0,0.573618,0.617354,0.043736,0,0,0,0
33.5,885,3,1.34379,1.34379,-0.0677543,0.440316,0.50807,31.729,33.7613,8,8,0,0.563619,0.509666,0.0539536,0,0,0,0
34,886,1,1.00656,1.00656,0.968995,0.297352,0.671643,35.876,33.1894,8,11,3,0.651979,0.612251,0.039728,0,0,0,0
34,886,2,0.368182,0.368182,0.577688,0.0311359,0.546552,34.3108,32.1245,14,11,-3,0.617354,0.556475,0.0608784,0,0,0,0
34,886,3,0.0124332,0.0124332,0.889305,-0.0677543,0.957059,35.5572,31.729,8,8,0,0.509666,0.620051,0.110386,0,1,0,0
34.5,887,1,1.16596,1.16596,-0.172985,0.968995,1.14198,31.3081,35.876,11,10,-1,0.612251,0.595219,0.017032,0,0,0,0
34.5,887,2,0.199761,0.199761,0.0832465,0.577688,0.494442,32.333,34.3108,11,12,1,0.556475,0.46119,0.0952848,0,0,0,0
34.5,887,3,0.602695,0.602695,0.506323,0.889305,0.382981,34.0253,35.5572,8,8,0,0.620051,0.829275,0.209224,0,0,0,0
35,888,1,1.43628,1.43628,-0.0597971,-0.172985,0.113188,31.7608,31.3081,10,10,0,0.595219,0.594354,0.0008656,0,0,0,0
35,888,2,1.78286,1.78286,0.26112,0.0832465,0.177873,33.0445,32.333,12,12,0,0.46119,0.420918,0.040272,0,0,0,0
35,888,3,1.03438,1.03438,0.850943,0.506323,0.34462,35.4038,34.0253,8,8,0,0.829275,0.777539,0.051736,0,0,0,0
35.5,889,1,0.0930406,0.0930406,-0.239475,-0.0597971,0.179678,31.0421,31.7608,10,6,-4,0.594354,0.473654,0.120699,0,0,0,0
35.5,889,2,1.82177,1.82177,0.953146,0.26112,0.692027,35.8126,33.0445,12,13,1,0.420918,0.436208,0.0152896,0,0,0,0
35.5,889,3,0.428031,0.428031,0.971818,0.850943,0.120875,35.8873,35.4038,8,11,3,0.777539,0.853197,0.0756576,0,0,0,0
36,890,1,0.108212,0.108212,0.713553,-0.239475,0.953028,34.8542,31.0421,6,11,5,0.473654,0.402411,0.0712432,0,0,0,0
36,890,2,0.495336,0.495336,-0.586875,0.953146,1.54002,29.6525,35.8126,13,5,-8,0.436208,0.553957,0.117749,0,0,0,0
36,890,3,0.101923,0.101923,0.84579,0.971818,0.126028,35.3832,35.8873,11,14,3,0.853197,0.822941,0.030256,0,0,0,0
36.5,891,1,1.50335,1.50335,0.295091,0.713553,0.418462,33.1804,34.8542,11,8,-3,0.402411,0.594611,0.1922,0,0,0,0
36.5,891,2,0.051565,0.051565,0.859109,-0.586875,1.44598,35.4364,29.6525,5,12,7,0.553957,0.37708,0.176877,0,0,0,0
36.5,891,3,0.942835,0.942835,-0.0586834,0.84579,0.904473,31.7653,35.3832,14,10,-4,0.822941,0.910306,0.0873648,0,0,0,0
37,892,1,1.38884,1.38884,0.973684,0.295091,0.678593,35.8947,33.1804,8,8,0,0.594611,0.725883,0.131272,0,0,0,0
37,892,2,0.200312,0.200312,-0.195618,0.859109,1.05473,31.2175,35.4364,12,11,-1,0.37708,0.52529,0.14821,0,0,0,0
37,892,3,1.45075,1.45075,0.176964,-0.0586834,0.235647,32.7079,31.7653,10,11,1,0.910306,0.63005,0.280256,0,0,0,0
37.5,893,1,0.347645,0.347645,0.811931,0.973684,0.161753,35.2477,35.8947,8,7,-1,0.725883,0.770296,0.0444128,0,0,0,0
37.5,893,2,0.510181,0.510181,0.987291,-0.195618,1.18291,35.9492,31.2175,11,10,-1,0.52529,0.476466,0.048824,0,0,0,0
37.5,893,3,0.525365,0.525365,0.963555,0.176964,0.786591,35.8542,32.7079,11,13,2,0.63005,0.578693,0.0513568,0,0,0,0
38,894,1,0.679336,0.679336,0.883407,0.811931,0.071476,35.5336,35.2477,7,15,8,0.770296,0.589256,0.18104,0,0,0,0
38,894,2,0.186994,0.186994,0.806167,0.987291,0.181124,35.2247,35.9492,10,11,1,0.476466,0.476454,1.12e-05,0,0,0,0
38,894,3,0.640855,0.640855,0.493119,0.963555,0.470436,33.9725,35.8542,13,4,-9,0.578693,0.750245,0.171552,0,0,0,0
38.5,895,1,0.861703,0.861703,0.606354,0.883407,0.277054,34.4254,35.5336,15,11,-4,0.589256,0.565981,0.0232752,0,0,0,0
38.5,895,2,0.0866481,0.0866481,0.912051,0.806167,0.105884,35.6482,35.2247,11,11,0,0.476454,0.610451,0.133997,0,0,0,0
38.5,895,3,1.22147,1.22147,-0.460903,0.493119,0.954022,30.1564,33.9725,4,8,4,0.750245,0.665082,0.0851632,0,0,0,0
39,896,1,0.0797825,0.0797825,0.443667,0.606354,0.162687,33.7747,34.4254,11,11,0,0.565981,0.576333,0.010352,0,0,0,0
39,896,2,0.0341163,0.0341163,0.808851,0.912051,0.1032,35.2354,35.6482,11,11,0,0.610451,0.653026,0.0425744,0,0,0,0
39,896,3,1.11776,1.11776,0.554857,-0.460903,1.01576,34.2194,30.1564,8,8,0,0.665082,0.629584,0.0354976,0,0,0,0
39.5,897,1,0.197848,0.197848,0.90598,0.443667,0.462314,35.6239,33.7747,11,13,2,0.576333,0.504458,0.0718752,0,0,0,0
39.5,897,2,1.24635,1.24635,0.927844,0.808851,0.118993,35.7114,35.2354,11,11,0,0.653026,0.673958,0.0209328,0,0,0,0
39.5,897,3,0.204877,0.204877,-0.0883098,0.554857,0.643167,31.6468,34.2194,8,6,-2,0.629584,0.750942,0.121358,0,0,0,0
40,898,1,1.00802,1.00802,0.750365,0.90598,0.155615,35.0015,35.6239,13,11,-2,0.504458,0.634603,0.130146,0,0,0,0
40,898,2,0.775063,0.775063,0.417598,0.927844,0.510246,33.6704,35.7114,11,11,0,0.673958,0.635259,0.0386992,0,0,0,0
40,898,3,0.416864,0.416864,-0.61502,-0.0883098,0.52671,29.5399,31.6468,6,8,2,0.750942,0.581709,0.169234,0,0,0,0
40.5,899,1,1.54579,1.54579,-0.137932,0.750365,0.888298,31.4483,35.0015,11,10,-1,0.634603,0.81601,0.181406,0,0,0,0
40.5,899,2,0.788165,0.788165,0.544604,0.417598,0.127006,34.1784,33.6704,11,11,0,0.635259,0.613595,0.021664,0,0,0,0
40.5,899,3,0.0218624,0.0218624,0.912894,-0.61502,1.52791,35.6516,29.5399,8,9,1,0.581709,0.483051,0.0986576,0,0,0,0
41,900,1,0.765413,0.765413,-0.516385,-0.137932,0.378453,29.9345,31.4483,10,10,0,0.81601,0.619811,0.196198,0,0,0,0
41,900,2,0.0779708,0.0779708,0.721327,0.544604,0.176723,34.8853,34.1784,11,11,0,0.613595,0.530637,0.0829584,0,0,0,0
41,900,3,0.963202,0.963202,0.776991,0.912894,0.135903,35.108,35.6516,9,9,0,0.483051,0.754373,0.271322,0,0,0,0
41.5,901,1,1.01595,1.01595,0.975183,-0.516385,1.49157,35.9007,29.9345,10,7,-3,0.619811,0.37289,0.246922,0,0,0,0
41.5,901,2,0.563707,0.563707,0.973947,0.721327,0.252621,35.8958,34.8853,11,13,2,0.530637,0.5366,0.0059632,0,0,0,0
41.5,901,3,0.494173,0.494173,-0.573862,0.776991,1.35085,29.7046,35.108,9,10,1,0.754373,0.924515,0.170142,0,0,0,0
42,902,1,1.69041,1.69041,0.82273,0.975183,0.152453,35.2909,35.9007,7,7,0,0.37289,0.680694,0.307805,0,0,0,0
42,902,2,0.309564,0.309564,0.77602,0.973947,0.197927,35.1041,35.8958,13,6,-7,0.5366,0.654869,0.118269,0,0,0,0
42,902,3,0.401052,0.401052,0.647282,-0.573862,1.22114,34.5891,29.7046,10,17,7,0.924515,0.567986,0.35653,0,0,0,0
42.5,903,1,1.71883,1.71883,0.911996,0.82273,0.0892666,35.648,35.2909,7,5,-2,0.680694,0.772997,0.0923024,0,0,0,0
42.5,903,2,0.52689,0.52689,0.976265,0.77602,0.200245,35.9051,35.1041,6,13,7,0.654869,0.643112,0.0117568,0,0,0,0
42.5,903,3,0.395891,0.395891,0.516627,0.647282,0.130655,34.0665,34.5891,17,12,-5,0.567986,0.541782,0.0262032,0,0,0,0
43,904,1,0.379627,0.379627,0.624434,0.911996,0.287562,34.4977,35.648,5,9,4,0.772997,0.707526,0.0654704,0,0,0,0
43,904,2,0.369395,0.369395,0.729063,0.976265,0.247202,34.9163,35.9051,13,11,-2,0.643112,0.569806,0.0733056,0,0,0,0
43,904,3,0.136407,0.136407,0.342384,0.516627,0.174243,33.3695,34.0665,12,10,-2,0.541782,0.628984,0.0872016,0,0,0,0
43.5,905,1,1.14504,1.14504,0.978955,0.624434,0.354521,35.9158,34.4977,9,5,-4,0.707526,0.714027,0.0065008,0,0,0,0
43.5,905,2,0.319958,0.319958,0.803805,0.729063,0.074742,35.2152,34.9163,11,15,4,0.569806,0.559326,0.01048,0,0,0,0
43.5,905,3,0.577545,0.577545,0.837196,0.342384,0.494811,35.3488,33.3695,10,10,0,0.628984,0.601374,0.0276096,0,0,0,0
44,906,1,0.29593,0.29593,0.531553,0.978955,0.447402,34.1262,35.9158,5,8,3,0.714027,0.666626,0.0474016,0,0,0,0
44,906,2,0.656864,0.656864,-0.897538,0.803805,1.70134,28.4098,35.2152,15,12,-3,0.559326,0.567386,0.0080592,0,0,0,0
44,906,3,0.66897,0.66897,-0.821375,0.837196,1.65857,28.7145,35.3488,10,10,0,0.601374,0.646318,0.044944,0,0,0,0
44.5,907,1,1.57989,1.57989,0.924958,0.531553,0.393405,35.6998,34.1262,8,9,1,0.666626,0.85996,0.193334,0,0,0,0
44.5,907,2,0.280924,0.280924,0.123879,-0.897538,1.02142,32.4955,28.4098,12,11,-1,0.567386,0.384995,0.18239,0,0,0,0
44.5,907,3,0.585239,0.585239,0.139503,-0.821375,0.960878,32.558,28.7145,10,10,0,0.646318,0.704419,0.0581008,0,0,0,0
45,908,1,0.284397,0.284397,0.87777,0.924958,0.0471882,35.5111,35.6998,9,16,7,0.85996,0.864242,0.0042816,0,0,0,0
45,908,2,0.807109,0.807109,0.3087,0.123879,0.184821,33.2348,32.4955,11,11,0,0.384995,0.337813,0.0471824,0,0,0,0
45,908,3,0.63533,0.63533,0.941084,0.139503,0.801581,35.7643,32.558,10,3,-7,0.704419,0.697781,0.0066384,0,0,0,0
45.5,909,1,0.695548,0.695548,0.764354,0.87777,0.113416,35.0574,35.5111,16,14,-2,0.864242,0.642766,0.221475,0,0,0,0
45.5,909,2,0.456332,0.456332,0.405418,0.3087,0.0967183,33.6217,33.2348,11,11,0,0.337813,0.38824,0.0504272,0,0,0,0
45.5,909,3,0.910094,0.910094,0.383809,0.941084,0.557276,33.5352,35.7643,3,5,2,0.697781,0.829928,0.132147,0,0,0,0
46,910,1,0.0102429,0.0102429,0.381542,0.764354,0.382812,33.5262,35.0574,14,9,-5,0.642766,0.63953,0.0032368,0,1,0,0
46,910,2,0.689372,0.689372,0.829557,0.405418,0.424139,35.3182,33.6217,11,11,0,0.38824,0.41379,0.0255504,0,0,0,0
46,910,3,0.312309,0.312309,0.978056,0.383809,0.594247,35.9122,33.5352,5,10,5,0.829928,0.797155,0.0327728,0,0,0,0
46.5,911,1,1.04026,1.04026,0.890005,0.381542,0.508463,35.56,33.5262,9,13,4,0.63953,0.506864,0.132666,0,0,0,0
46.5,911,2,0.572476,0.572476,-0.740659,0.829557,1.57022,29.0374,35.3182,11,11,0,0.41379,0.537421,0.12363,0,0,0,0
46.5,911,3,0.834392,0.834392,0.710041,0.978056,0.268014,34.8402,35.9122,10,6,-4,0.797155,1.02127,0.22411,0,0,0,0
47,912,1,0.966967,0.966967,0.823065,0.890005,0.0669399,35.2923,35.56,13,10,-3,0.506864,0.76423,0.257366,0,0,0,0
47,912,2,1.28627,1.28627,0.732328,-0.740659,1.47299,34.9293,29.0374,11,11,0,0.537421,0.376072,0.161349,0,0,0,0
47,912,3,0.311036,0.311036,0.973938,0.710041,0.263897,35.8958,34.8402,6,9,3,1.02127,0.711414,0.309851,0,0,0,0
47.5,913,1,0.918342,0.918342,0.584395,0.823065,0.23867,34.3376,35.2923,10,8,-2,0.76423,0.743248,0.0209824,0,0,0,0
47.5,913,2,0.498095,0.498095,0.634541,0.732328,0.0977876,34.5382,34.9293,11,11,0,0.376072,0.342358,0.0337136,0,0,0,0
47.5,913,3,0.640164,0.640164,-0.512196,0.973938,1.48613,29.9512,35.8958,9,11,2,0.711414,0.693427,0.0179872,0,0,0,0
48,914,1,0.269395,0.269395,0.847971,0.584395,0.263576,35.3919,34.3376,8,13,5,0.743248,0.70624,0.037008,0,0,0,0
48,914,2,0.492888,0.492888,0.811914,0.634541,0.177374,35.2477,34.5382,11,3,-8,0.342358,0.579493,0.237134,0,0,0,0
48,914,3,0.669437,0.669437,0.96917,-0.512196,1.48137,35.8767,29.9512,11,14,3,0.693427,0.540622,0.152805,0,0,0,0
48.5,915,1,1.00567,1.00567,0.59612,0.847971,0.251851,34.3845,35.3919,13,8,-5,0.70624,0.670637,0.0356032,0,0,0,0
48.5,915,2,0.0473196,0.0473196,0.453338,0.811914,0.358576,33.8134,35.2477,3,11,8,0.579493,0.610158,0.0306656,0,0,0,0
48.5,915,3,0.799148,0.799148,-0.800981,0.96917,1.77015,28.7961,35.8767,14,11,-3,0.540622,0.66205,0.121427,0,0,0,0
49,916,1,0.480135,0.480135,0.365924,0.59612,0.230196,33.4637,34.3845,8,13,5,0.670637,0.694686,0.0240496,0,0,0,0
49,916,2,0.886152,0.886152,0.0148521,0.453338,0.438486,32.0594,33.8134,11,11,0,0.610158,0.616435,0.0062768,0,0,0,0
49,916,3,1.61745,1.61745,0.857301,-0.800981,1.65828,35.4292,28.7961,11,6,-5,0.66205,0.666808,0.0047584,0,0,0,0
49.5,917,1,1.07924,1.07924,0.646959,0.365924,0.281035,34.5878,33.4637,13,16,3,0.694686,0.591778,0.102909,0,0,0,0
49.5,917,2,0.0249118,0.0249118,0.650561,0.0148521,0.635709,34.6022,32.0594,11,11,0,0.616435,0.496683,0.119752,0,0,0,0
49.5,917,3,0.744008,0.744008,0.835749,0.857301,0.021552,35.343,35.4292,6,3,-3,0.666808,0.93755,0.270742,0,0,0,0
50,918,1,0.385794,0.385794,0.00479033,0.646959,0.642169,32.0192,34.5878,16,14,-2,0.591778,0.516251,0.0755264,0,0,0,0
50,918,2,0.028855,0.028855,0.696246,0.650561,0.0456851,34.785,34.6022,11,9,-2,0.496683,0.448157,0.0485264,0,0,0,0
50,918,3,0.829119,0.829119,0.826708,0.835749,0.00904155,35.3068,35.343,3,7,4,0.93755,0.789302,0.148248,0,0,1,0
50.5,919,1,0.918831,0.918831,-0.222486,0.00479033,0.227276,31.1101,32.0192,14,9,-5,0.516251,0.480555,0.035696,0,0,0,0
50.5,919,2,0.970686,0.970686,0.983923,0.696246,0.287677,35.9357,34.785,9,7,-2,0.448157,0.530626,0.0824688,0,0,0,0
50.5,919,3,0.0249478,0.0249478,0.838716,0.826708,0.0120082,35.3549,35.3068,7,14,7,0.789302,0.713723,0.0755792,0,0,1,0
51,920,1,0.306686,0.306686,0.733332,-0.222486,0.955818,34.9333,31.1101,9,7,-2,0.480555,0.405378,0.0751776,0,0,0,0
51,920,2,0.979377,0.979377,0.888481,0.983923,0.0954412,35.5539,35.9357,7,10,3,0.530626,0.553397,0.0227712,0,0,0,0
51,920,3,0.765715,0.765715,-0.168664,0.838716,1.00738,31.3253,35.3549,14,13,-1,0.713723,0.794555,0.080832,0,0,0,0
51.5,921,1,0.644809,0.644809,0.573541,0.733332,0.159791,34.2942,34.9333,7,7,0,0.405378,0.593371,0.187994,0,0,0,0
51.5,921,2,1.15354,1.15354,0.868787,0.888481,0.0196943,35.4751,35.5539,10,12,2,0.553397,0.672586,0.119189,0,0,1,0
51.5,921,3,0.668349,0.668349,0.949041,-0.168664,1.1177,35.7962,31.3253,13,11,-2,0.794555,0.639872,0.154683,0,0,0,0
52,922,1,1.54777,1.54777,0.556159,0.573541,0.0173814,34.2246,34.2942,7,10,3,0.593371,0.623806,0.0304352,0,0,1,0
52,922,2,0.430374,0.430374,0.725716,0.868787,0.143071,34.9029,35.4751,12,12,0,0.672586,0.567358,0.105227,0,0,0,0
52,922,3,1.30234,1.30234,0.438939,0.949041,0.510102,33.7558,35.7962,11,8,-3,0.639872,0.711912,0.07204,0,0,0,0
52.5,923,1,0.486194,0.486194,-0.753856,0.556159,1.31002,28.9846,34.2246,10,8,-2,0.623806,0.539904,0.0839024,0,0,0,0
52.5,923,2,0.223942,0.223942,0.934689,0.725716,0.208973,35.7388,34.9029,12,14,2,0.567358,0.552602,0.0147568,0,0,0,0
52.5,923,3,0.11867,0.11867,0.729052,0.438939,0.290113,34.9162,33.7558,8,8,0,0.711912,0.769438,0.0575264,0,0,0,0
53,924,1,1.25996,1.25996,0.65472,-0.753856,1.40858,34.6189,28.9846,8,12,4,0.539904,0.40025,0.139654,0,0,0,0
53,924,2,0.0934307,0.0934307,0.989057,0.934689,0.0543673,35.9562,35.7388,14,11,-3,0.552602,0.716648,0.164046,0,0,0,0
53,924,3,1.23748,1.23748,0.476106,0.729052,0.252946,33.9044,34.9162,8,7,-1,0.769438,0.884373,0.114934,0,0,0,0
53.5,925,1,0.803829,0.803829,0.74854,0.65472,0.09382,34.9942,34.6189,12,8,-4,0.40025,0.504514,0.104264,0,0,0,0
53.5,925,2,0.6675,0.6675,0.972288,0.989057,0.0167682,35.8892,35.9562,11,11,0,0.716648,0.677378,0.0392704,0,0,1,0
53.5,925,3,1.10831,1.10831,0.882483,0.476106,0.406377,35.5299,33.9044,7,11,4,0.884373,0.706962,0.177411,0,0,0,0
54,926,1,0.292962,0.292962,0.665191,0.74854,0.0833491,34.6608,34.9942,8,5,-3,0.504514,0.585035,0.0805216,0,0,0,0
54,926,2,0.873307,0.873307,0.968616,0.972288,0.00367206,35.8745,35.8892,11,14,3,0.677378,0.584272,0.0931056,0,0,1,0
54,926,3,0.0220165,0.0220165,-0.367882,0.882483,1.25037,30.5285,35.5299,11,11,0,0.706962,0.677374,0.0295872,0,0,0,0
54.5,927,1,0.400853,0.400853,0.429347,0.665191,0.235844,33.7174,34.6608,5,12,7,0.585035,0.553123,0.031912,0,0,0,0
54.5,927,2,0.0370047,0.0370047,-0.229085,0.968616,1.1977,31.0837,35.8745,14,10,-4,0.584272,0.662168,0.077896,0,0,0,0
54.5,927,3,0.170597,0.170597,0.830572,-0.367882,1.19845,35.3223,30.5285,11,8,-3,0.677374,0.638126,0.039248,0,0,0,0
55,928,1,0.0163266,0.0163266,0.612283,0.429347,0.182936,34.4491,33.7174,12,13,1,0.553123,0.554539,0.001416,0,1,0,0
55,928,2,0.45487,0.45487,-0.0383327,-0.229085,0.190752,31.8467,31.0837,10,12,2,0.662168,0.503696,0.158472,0,0,0,0
55,928,3,0.41641,0.41641,0.956302,0.830572,0.12573,35.8252,35.3223,8,5,-3,0.638126,0.860613,0.222486,0,0,0,0
55.5,929,1,1.0187,1.0187,0.228887,0.612283,0.383397,32.9155,34.4491,13,10,-3,0.554539,0.564726,0.0101872,0,0,0,0
55.5,929,2,0.378936,0.378936,-0.729884,-0.0383327,0.691552,29.0805,31.8467,12,12,0,0.503696,0.364661,0.139035,0,0,0,0
55.5,929,3,0.113129,0.113129,0.995051,0.956302,0.038749,35.9802,35.8252,5,8,3,0.860613,0.868979,0.0083664,0,0,0,0
56,930,1,0.307455,0.307455,0.727701,0.228887,0.498815,34.9108,32.9155,10,12,2,0.564726,0.528309,0.0364176,0,0,0,0
56,930,2,1.61659,1.61659,0.93472,-0.729884,1.6646,35.7389,29.0805,12,8,-4,0.364661,0.384608,0.0199472,0,0,0,0
56,930,3,0.0653355,0.0653355,0.377346,0.995051,0.617705,33.5094,35.9802,8,10,2,0.868979,0.894878,0.0258992,0,0,0,0
56.5,931,1,0.810339,0.810339,0.174111,0.727701,0.553591,32.6964,34.9108,12,11,-1,0.528309,0.480269,0.04804,0,0,0,0
56.5,931,2,0.897867,0.897867,0.735492,0.93472,0.199228,34.942,35.7389,8,8,0,0.384608,0.565072,0.180464,0,0,0,0
56.5,931,3,0.483939,0.483939,0.116395,0.377346,0.260951,32.4656,33.5094,10,11,1,0.894878,0.794754,0.100125,0,0,0,0
57,932,1,1.36151,1.36151,-0.0336674,0.174111,0.207778,31.8653,32.6964,11,10,-1,0.480269,0.52692,0.0466512,0,0,0,0
57,932,2,0.543885,0.543885,-0.376609,0.735492,1.1121,30.4936,34.942,8,10,2,0.565072,0.658022,0.0929504,0,0,0,0
57,932,3,0.363432,0.363432,-0.221397,0.116395,0.337792,31.1144,32.4656,11,10,-1,0.794754,0.627965,0.166789,0,0,0,0
57.5,933,1,0.645108,0.645108,0.743026,-0.0336674,0.776693,34.9721,31.8653,10,10,0,0.52692,0.534746,0.0078256,0,0,0,0
57.5,933,2,1.42382,1.42382,0.319926,-0.376609,0.696535,33.2797,30.4936,10,12,2,0.658022,0.568242,0.0897808,0,0,0,0
57.5,933,3,0.574053,0.574053,0.964609,-0.221397,1.18601,35.8584,31.1144,10,8,-2,0.627965,0.786427,0.158462,0,0,0,0
58,934,1,0.539733,0.539733,-0.403929,0.743026,1.14695,30.3843,34.9721,10,11,1,0.534746,0.572979,0.0382336,0,0,0,0
58,934,2,1.25073,1.25073,0.964715,0.319926,0.644789,35.8589,33.2797,12,10,-2,0.568242,0.47091,0.0973312,0,0,0,0
58,934,3,0.533444,0.533444,0.810962,0.964609,0.153647,35.2438,35.8584,8,9,1,0.786427,0.865674,0.0792464,0,0,0,0
58.5,935,1,0.126681,0.126681,0.70032,-0.403929,1.10425,34.8013,30.3843,11,9,-2,0.572979,0.468805,0.104174,0,0,0,0
58.5,935,2,0.0988785,0.0988785,0.664108,0.964715,0.300608,34.6564,35.8589,10,11,1,0.47091,0.588666,0.117755,0,0,0,0
58.5,935,3,0.259498,0.259498,0.565858,0.810962,0.245104,34.2634,35.2438,9,10,1,0.865674,0.822429,0.0432448,0,0,0,0
1,937,1,-1,-1,0.642117,0.642117,-1,34.5685,34.5685,11,11,0,0,0,0,0,0,0,0
1,937,2,-1,-1,0.924732,0.924732,-1,35.6989,35.6989,10,10,0,0,0,0,0,0,0,0
1,937,3,-1,-1,0.69216,0.69216,-1,34.7686,34.7686,9,9,0,0,0,0,0,0,0,0
1.5,938,1,0.953461,0.953461,0.742278,0.642117,0.100161,34.9691,34.5685,11,11,0,0,0.628072,0.628072,0,0,0,0
1.5,938,2,0.04018,0.04018,0.767722,0.924732,0.15701,35.0709,35.6989,10,10,0,0,0.557987,0.557987,0,0,0,0
1.5,938,3,1.51302,1.51302,0.948238,0.69216,0.256078,35.793,34.7686,9,9,0,0,0.775438,0.775438,0,0,0,0
2,939,1,0.409545,0.409545,0.319074,0.742278,0.423204,33.2763,34.9691,11,10,-1,0.628072,0.548101,0.0799712,0,0,0,0
2,939,2,0.640976,0.640976,0.951541,0.767722,0.183819,35.8062,35.0709,10,7,-3,0.557987,0.668149,0.110162,0,0,0,0
2,939,3,0.856779,0.856779,0.433344,0.948238,0.514894,33.7334,35.793,9,13,4,0.775438,0.796606,0.021168,0,0,0,0
2.5,940,1,0.593059,0.593059,0.712354,0.319074,0.39328,34.8494,33.2763,10,11,1,0.548101,0.551182,0.0030816,0,0,0,0
2.5,940,2,1.13221,1.13221,0.163789,0.951541,0.787752,32.6552,35.8062,7,9,2,0.668149,0.707792,0.0396432,0,0,0,0
2.5,940,3,0.799012,0.799012,0.955448,0.433344,0.522105,35.8218,33.7334,13,10,-3,0.796606,0.763165,0.0334416,0,0,0,0
3,941,1,0.390843,0.390843,0.36636,0.712354,0.345994,33.4654,34.8494,11,9,-2,0.551182,0.57389,0.0227072,0,0,0,0
3,941,2,1.70024,1.70024,0.892356,0.163789,0.728566,35.5694,32.6552,9,12,3,0.707792,0.682846,0.0249456,0,0,0,0
3,941,3,1.5638,1.5638,0.952084,0.955448,0.00336456,35.8083,35.8218,10,9,-1,0.763165,0.723478,0.0396864,0,0,1,0
3.5,942,1,1.39427,1.39427,0.749167,0.36636,0.382807,34.9967,33.4654,9,7,-2,0.57389,0.539837,0.0340528,0,0,0,0
3.5,942,2,1.62405,1.62405,0.894859,0.892356,0.0025028,35.5794,35.5694,12,6,-6,0.682846,0.559374,0.123472,0,0,1,0
3.5,942,3,0.322028,0.322028,0.782269,0.952084,0.169815,35.1291,35.8083,9,17,8,0.723478,0.819587,0.0961088,0,0,0,0
4,943,1,0.00511092,0.00511092,0.750827,0.749167,0.00166005,35.0033,34.9967,7,9,2,0.539837,0.535427,0.0044096,0,1,1,1
4,943,2,1.20788,1.20788,0.771857,0.894859,0.123002,35.0874,35.5794,6,12,6,0.559374,0.653061,0.0936864,0,0,0,0
4,943,3,0.781918,0.781918,0.984826,0.782269,0.202558,35.9393,35.1291,17,9,-8,0.819587,0.76641,0.0531776,0,0,0,0
4.5,944,1,0.63638,0.63638,0.970111,0.750827,0.219283,35.8804,35.0033,9,10,1,0.535427,0.620659,0.085232,0,0,0,0
4.5,944,2,0.167466,0.167466,0.543134,0.771857,0.228723,34.1725,35.0874,12,12,0,0.653061,0.534395,0.118666,0,0,0,0
4.5,944,3,0.72097,0.72097,0.318389,0.984826,0.666437,33.2736,35.9393,9,8,-1,0.76641,0.892226,0.125816,0,0,0,0
5,945,1,0.285011,0.285011,-0.753091,0.970111,1.7232,28.9876,35.8804,10,10,0,0.620659,0.699456,0.0787968,0,0,0,0
5,945,2,0.10783,0.10783,0.899891,0.543134,0.356757,35.5996,34.1725,12,12,0,0.534395,0.539896,0.0055008,0,0,0,0
5,945,3,0.306045,0.306045,0.245637,0.318389,0.0727515,32.9825,33.2736,8,8,0,0.892226,0.748483,0.143742,0,0,0,0
5.5,946,1,0.132713,0.132713,0.97579,-0.753091,1.72888,35.9032,28.9876,10,11,1,0.699456,0.427838,0.271618,0,0,0,0
5.5,946,2,0.492725,0.492725,0.701604,0.899891,0.198287,34.8064,35.5996,12,12,0,0.539896,0.766571,0.226675,0,0,0,0
5.5,946,3,0.362929,0.362929,0.671135,0.245637,0.425498,34.6845,32.9825,8,7,-1,0.748483,0.830501,0.0820176,0,0,0,0
6,947,1,0.101231,0.101231,0.539463,0.97579,0.436327,34.1579,35.9032,11,11,0,0.427838,0.510651,0.0828128,0,0,0,0
6,947,2,1.30168,1.30168,0.325885,0.701604,0.375719,33.3035,34.8064,12,12,0,0.766571,0.701762,0.0648096,0,0,0,0
6,947,3,0.530293,0.530293,0.796477,0.671135,0.125342,35.1859,34.6845,7,7,0,0.830501,0.826235,0.0042656,0,0,0,0
6.5,948,1,1.17844,1.17844,0.512459,0.539463,0.0270036,34.0498,34.1579,11,10,-1,0.510651,0.648211,0.13756,0,0,0,0
6.5,948,2,0.945727,0.945727,0.956393,0.325885,0.630508,35.8256,33.3035,12,12,0,0.701762,0.526613,0.175149,0,0,0,0
6.5,948,3,0.507753,0.507753,0.892317,0.796477,0.09584,35.5693,35.1859,7,8,1,0.826235,0.885971,0.059736,0,0,0,0
7,949,1,0.167101,0.167101,0.963889,0.512459,0.45143,35.8556,34.0498,10,12,2,0.648211,0.554733,0.0934784,0,0,0,0
7,949,2,1.20364,1.20364,0.745259,0.956393,0.211134,34.981,35.8256,12,7,-5,0.526613,0.58129,0.0546768,0,0,0,0
7,949,3,0.249713,0.249713,-0.0248345,0.892317,0.917151,31.9007,35.5693,8,11,3,0.885971,0.739406,0.146565,0,0,0,0
7.5,950,1,0.142436,0.142436,0.714448,0.963889,0.249441,34.8578,35.8556,12,6,-6,0.554733,0.689962,0.135229,0,0,0,0
7.5,950,2,0.214234,0.214234,-0.0459112,0.745259,0.791171,31.8164,34.981,7,14,7,0.58129,0.561965,0.0193248,0,0,0,0
7.5,950,3,1.37042,1.37042,-0.780648,-0.0248345,0.755813,28.8774,31.9007,11,10,-1,0.739406,0.614307,0.125099,0,0,0,0
8,951,1,1.76969,1.76969,-0.851659,0.714448,1.56611,28.5934,34.8578,6,13,7,0.689962,0.767192,0.0772304,0,0,0,0
8,951,2,0.831115,0.831115,0.501364,-0.0459112,0.547275,34.0055,31.8164,14,9,-5,0.561965,0.615442,0.0534768,0,0,0,0
8,951,3,1.09895,1.09895,0.838765,-0.780648,1.61941,35.3551,28.8774,10,8,-2,0.614307,0.50485,0.109458,0,0,0,0
8.5,952,1,0.0525719,0.0525719,0.731721,-0.851659,1.58338,34.9269,28.5934,13,12,-1,0.767192,0.460915,0.306277,0,0,0,0
8.5,952,2,0.00791956,0.00791956,0.560787,0.501364,0.0594227,34.2431,34.0055,9,10,1,0.615442,0.591018,0.024424,0,1,0,0
8.5,952,3,0.660874,0.660874,0.850832,0.838765,0.0120668,35.4033,35.3551,8,8,0,0.50485,0.904635,0.399786,0,0,1,0
9,953,1,1.45798,1.45798,0.438997,0.731721,0.292724,33.756,34.9269,12,12,0,0.460915,0.387424,0.0734912,0,0,0,0
9,953,2,0.747874,0.747874,0.678132,0.560787,0.117345,34.7125,34.2431,10,10,0,0.591018,0.60969,0.018672,0,0,0,0
9,953,3,0.00414502,0.00414502,0.927092,0.850832,0.0762599,35.7084,35.4033,8,8,0,0.904635,0.898792,0.0058432,0,1,0,0
9.5,954,1,0.204631,0.204631,-0.920989,0.438997,1.35999,28.316,33.756,12,11,-1,0.387424,0.541198,0.153774,0,0,0,0
9.5,954,2,0.954946,0.954946,-0.309321,0.678132,0.987453,30.7627,34.7125,10,8,-2,0.60969,0.565654,0.0440352,0,0,0,0
9.5,954,3,0.445395,0.445395,0.75974,0.927092,0.167352,35.039,35.7084,8,11,3,0.898792,0.725162,0.17363,0,0,0,0
10,955,1,0.246244,0.246244,-0.954199,-0.920989,0.0332105,28.1832,28.316,11,8,-3,0.541198,0.358677,0.182522,0,0,0,0
10,955,2,0.766352,0.766352,0.426181,-0.309321,0.735502,33.7047,30.7627,8,11,3,0.565654,0.481578,0.0840768,0,0,0,0
10,955,3,0.5087,0.5087,0.521608,0.75974,0.238133,34.0864,35.039,11,11,0,0.725162,1.01052,0.285358,0,0,0,0
10.5,956,1,0.0186137,0.0186137,0.266633,-0.954199,1.22083,33.0665,28.1832,8,7,-1,0.358677,0.262099,0.0965776,0,1,0,0
10.5,956,2,0.860064,0.860064,0.117789,0.426181,0.308392,32.4712,33.7047,11,6,-5,0.481578,0.782435,0.300858,0,0,0,0
10.5,956,3,0.546977,0.546977,0.938921,0.521608,0.417314,35.7557,34.0864,11,17,6,1.01052,0.774685,0.235835,0,0,0,0
11,957,1,0.554157,0.554157,-0.686553,0.266633,0.953186,29.2538,33.0665,7,4,-3,0.262099,0.443565,0.181466,0,0,0,0
11,957,2,0.501695,0.501695,0.522475,0.117789,0.404686,34.0899,32.4712,6,9,3,0.782435,0.513686,0.268749,0,0,0,0
11,957,3,0.422327,0.422327,-0.922669,0.938921,1.86159,28.3093,35.7557,17,17,0,0.774685,0.862422,0.0877376,0,0,0,0
11.5,958,1,0.242556,0.242556,-0.726629,-0.686553,0.0400753,29.0935,29.2538,4,8,4,0.443565,0.480899,0.0373344,0,0,0,0
11.5,958,2,0.985951,0.985951,0.203337,0.522475,0.319138,32.8133,34.0899,9,7,-2,0.513686,0.86856,0.354874,0,0,0,0
11.5,958,3,0.75048,0.75048,0.737726,-0.922669,1.6604,34.9509,28.3093,17,15,-2,0.862422,0.563666,0.298757,0,0,0,0
12,959,1,0.186643,0.186643,0.307061,-0.726629,1.03369,33.2282,29.0935,8,10,2,0.480899,0.342056,0.138843,0,0,0,0
12,959,2,0.319788,0.319788,0.778927,0.203337,0.57559,35.1157,32.8133,7,12,5,0.86856,0.707528,0.161032,0,0,0,0
12,959,3,0.961555,0.961555,0.838201,0.737726,0.100475,35.3528,34.9509,15,8,-7,0.563666,0.906837,0.343171,0,0,0,0
12.5,960,1,0.0410154,0.0410154,0.0403787,0.307061,0.266682,32.1615,33.2282,10,9,-1,0.342056,0.39849,0.0564336,0,0,0,0
12.5,960,2,0.216134,0.216134,-0.536871,0.778927,1.3158,29.8525,35.1157,12,14,2,0.707528,0.528512,0.179016,0,0,0,0
12.5,960,3,0.0245396,0.0245396,0.64696,0.838201,0.191241,34.5878,35.3528,8,7,-1,0.906837,1.00613,0.099296,0,0,0,0
13,961,1,0.590524,0.590524,0.839079,0.0403787,0.7987,35.3563,32.1615,9,8,-1,0.39849,0.550432,0.151942,0,0,0,0
13,961,2,1.86521,1.86521,0.507241,-0.536871,1.04411,34.029,29.8525,14,14,0,0.528512,0.453088,0.075424,0,0,0,0
13,961,3,0.209502,0.209502,0.375956,0.64696,0.271004,33.5038,34.5878,7,8,1,1.00613,1.05131,0.0451776,0,0,0,0
13.5,962,1,0.186164,0.186164,0.0281082,0.839079,0.810971,32.1124,35.3563,8,9,1,0.550432,0.642939,0.0925072,0,0,0,0
13.5,962,2,0.726097,0.726097,0.970353,0.507241,0.463112,35.8814,34.029,14,13,-1,0.453088,0.492662,0.0395744,0,0,0,0
13.5,962,3,0.420127,0.420127,0.574962,0.375956,0.199005,34.2998,33.5038,8,8,0,1.05131,0.799736,0.251574,0,0,0,0
14,963,1,1.56098,1.56098,-0.758935,0.0281082,0.787043,28.9643,32.1124,9,12,3,0.642939,0.52595,0.116989,0,0,0,0
14,963,2,0.582464,0.582464,0.429081,0.970353,0.541271,33.7163,35.8814,13,4,-9,0.492662,0.632302,0.13964,0,0,0,0
14,963,3,0.59432,0.59432,0.300962,0.574962,0.274,33.2038,34.2998,8,14,6,0.799736,0.628099,0.171637,0,0,0,0
14.5,964,1,0.587613,0.587613,0.583423,-0.758935,1.34236,34.3337,28.9643,12,6,-6,0.52595,0.309525,0.216426,0,0,0,0
14.5,964,2,0.362096,0.362096,0.919375,0.429081,0.490294,35.6775,33.7163,4,12,8,0.632302,0.674371,0.0420688,0,0,0,0
14.5,964,3,0.295591,0.295591,0.905314,0.300962,0.604352,35.6213,33.2038,14,12,-2,0.628099,0.670571,0.042472,0,0,0,0
15,965,1,0.121473,0.121473,0.52457,0.583423,0.0588531,34.0983,34.3337,6,6,0,0.309525,0.436162,0.126637,0,0,0,0
15,965,2,1.26548,1.26548,0.912517,0.919375,0.00685841,35.6501,35.6775,12,12,0,0.674371,0.594018,0.0803536,0,0,1,0
15,965,3,0.268565,0.268565,0.396799,0.905314,0.508515,33.5872,35.6213,12,12,0,0.670571,0.714965,0.0443936,0,0,0,0
15.5,966,1,0.696894,0.696894,0.734207,0.52457,0.209637,34.9368,34.0983,6,5,-1,0.436162,0.583682,0.14752,0,0,0,0
15.5,966,2,0.275013,0.275013,0.965661,0.912517,0.0531439,35.8626,35.6501,12,13,1,0.594018,0.642022,0.0480048,0,0,0,0
15.5,966,3,1.50412,1.50412,0.52176,0.396799,0.124962,34.087,33.5872,12,12,0,0.714965,0.580318,0.134646,0,0,0,0
16,967,1,0.819167,0.819167,-0.165786,0.734207,0.899993,31.3369,34.9368,5,11,6,0.583682,0.524245,0.0594368,0,0,0,0
16,967,2,0.829549,0.829549,0.353914,0.965661,0.611747,33.4157,35.8626,13,9,-4,0.642022,0.65045,0.0084272,0,0,0,0
16,967,3,0.284395,0.284395,0.423798,0.52176,0.0979622,33.6952,34.087,12,10,-2,0.580318,0.718987,0.138669,0,0,0,0
16.5,968,1,0.239129,0.239129,0.990467,-0.165786,1.15625,35.9619,31.3369,11,11,0,0.524245,0.454238,0.0700064,0,0,0,0
16.5,968,2,0.106651,0.106651,0.257887,0.353914,0.0960271,33.0315,33.4157,9,10,1,0.65045,0.575848,0.0746016,0,0,0,0
16.5,968,3,0.213803,0.213803,0.223537,0.423798,0.200262,32.8941,33.6952,10,9,-1,0.718987,0.826592,0.107605,0,0,0,0
17,969,1,0.547625,0.547625,0.632878,0.990467,0.357589,34.5315,35.9619,11,9,-2,0.454238,0.659538,0.205299,0,0,0,0
17,969,2,0.733519,0.733519,0.970756,0.257887,0.712869,35.883,33.0315,10,13,3,0.575848,0.498442,0.0774064,0,0,0,0
17,969,3,0.19809,0.19809,0.721519,0.223537,0.497982,34.8861,32.8941,9,8,-1,0.826592,0.740122,0.0864704,0,0,0,0
17.5,970,1,0.0433425,0.0433425,-0.134892,0.632878,0.76777,31.4604,34.5315,9,9,0,0.659538,0.65263,0.0069072,0,0,0,0
17.5,970,2,0.841144,0.841144,-0.586929,0.970756,1.55768,29.6523,35.883,13,14,1,0.498442,0.502184,0.0037424,0,0,0,0
17.5,970,3,0.0533961,0.0533961,-0.553348,0.721519,1.27487,29.7866,34.8861,8,7,-1,0.740122,0.679136,0.0609856,0,0,0,0
18,971,1,0.560205,0.560205,0.939547,-0.134892,1.07444,35.7582,31.4604,9,9,0,0.65263,0.650698,0.0019328,0,0,0,0
18,971,2,1.01035,1.01035,-0.667029,-0.586929,0.0800999,29.3319,29.6523,14,11,-3,0.502184,0.507806,0.0056224,0,0,0,0
18,971,3,0.426814,0.426814,0.0996903,-0.553348,0.653039,32.3988,29.7866,7,10,3,0.679136,0.625253,0.0538832,0,0,0,0
18.5,972,1,0.82398,0.82398,0.153895,0.939547,0.785653,32.6156,35.7582,9,10,1,0.650698,0.788214,0.137517,0,0,0,0
18.5,972,2,0.706683,0.706683,0.730553,-0.667029,1.39758,34.9222,29.3319,11,6,-5,0.507806,0.371416,0.13639,0,0,0,0
18.5,972,3,1.04105,1.04105,0.470418,0.0996903,0.370728,33.8817,32.3988,10,14,4,0.625253,0.595878,0.0293744,0,0,0,0
19,973,1,0.234885,0.234885,0.913292,0.153895,0.759398,35.6532,32.6156,10,13,3,0.788214,0.611747,0.176467,0,0,0,0
19,973,2,1.31212,1.31212,0.0422373,0.730553,0.688316,32.1689,34.9222,6,8,2,0.371416,0.541008,0.169592,0,0,0,0
19,973,3,0.878441,0.878441,0.781737,0.470418,0.311319,35.1269,33.8817,14,9,-5,0.595878,0.687542,0.091664,0,0,0,0
19.5,974,1,0.203598,0.203598,0.860618,0.913292,0.052674,35.4425,35.6532,13,15,2,0.611747,0.536301,0.0754464,0,0,0,0
19.5,974,2,0.386259,0.386259,0.710055,0.0422373,0.667818,34.8402,32.1689,8,9,1,0.541008,0.528954,0.0120544,0,0,0,0
19.5,974,3,0.924372,0.924372,0.704114,0.781737,0.0776232,34.8165,35.1269,9,6,-3,0.687542,0.789165,0.101622,0,0,0,0
20,975,1,1.41754,1.41754,0.27114,0.860618,0.589478,33.0846,35.4425,15,13,-2,0.536301,0.580123,0.0438224,0,0,0,0
20,975,2,1.60551,1.60551,0.917426,0.710055,0.207371,35.6697,34.8402,9,7,-2,0.528954,0.463861,0.0650928,0,0,0,0
20,975,3,0.792343,0.792343,0.74311,0.704114,0.0389957,34.9724,34.8165,6,10,4,0.789165,0.696722,0.0924432,0,0,0,0
20.5,976,1,0.084448,0.084448,0.311739,0.27114,0.0405987,33.247,33.0846,13,13,0,0.580123,0.523459,0.056664,0,0,0,0
20.5,976,2,1.14236,1.14236,0.973844,0.917426,0.0564187,35.8954,35.6697,7,7,0,0.463861,0.61543,0.15157,0,0,0,0
20.5,976,3,1.14369,1.14369,0.498907,0.74311,0.244202,33.9956,34.9724,10,10,0,0.696722,0.648427,0.0482944,0,0,0,0
21,977,1,0.294735,0.294735,0.964436,0.311739,0.652697,35.8577,33.247,13,8,-5,0.523459,0.504539,0.01892,0,0,0,0
21,977,2,0.911624,0.911624,0.912405,0.973844,0.0614392,35.6496,35.8954,7,12,5,0.61543,0.638186,0.0227552,0,0,0,0
21,977,3,1.14725,1.14725,0.260423,0.498907,0.238485,33.0417,33.9956,10,10,0,0.648427,0.568285,0.0801424,0,0,0,0
21.5,978,1,0.759439,0.759439,0.6896,0.964436,0.274836,34.7584,35.8577,8,7,-1,0.504539,0.635024,0.130485,0,0,0,0
21.5,978,2,0.982232,0.982232,0.839438,0.912405,0.0729676,35.3578,35.6496,12,11,-1,0.638186,0.585238,0.0529472,0,0,0,0
21.5,978,3,0.19374,0.19374,-0.658235,0.260423,0.918658,29.3671,33.0417,10,12,2,0.568285,0.599926,0.0316416,0,0,0,0
22,979,1,0.696371,0.696371,0.239043,0.6896,0.450557,32.9562,34.7584,7,10,3,0.635024,0.684958,0.0499344,0,0,0,0
22,979,2,0.315711,0.315711,0.872607,0.839438,0.0331693,35.4904,35.3578,11,13,2,0.585238,0.61279,0.027552,0,0,0,0
22,979,3,0.745415,0.745415,-0.593906,-0.658235,0.0643295,29.6244,29.3671,12,7,-5,0.599926,0.488658,0.111269,0,0,0,0
22.5,980,1,0.807636,0.807636,0.224976,0.239043,0.0140669,32.8999,32.9562,10,11,1,0.684958,0.611347,0.0736112,0,0,1,0
22.5,980,2,1.11255,1.11255,0.603526,0.872607,0.269081,34.4141,35.4904,13,13,0,0.61279,0.734118,0.121328,0,0,0,0
22.5,980,3,0.599402,0.599402,0.723534,-0.593906,1.31744,34.8941,29.6244,7,6,-1,0.488658,0.473366,0.0152912,0,0,0,0
23,981,1,1.65555,1.65555,0.951069,0.224976,0.726093,35.8043,32.8999,11,9,-2,0.611347,0.572581,0.0387664,0,0,0,0
23,981,2,0.434741,0.434741,0.755887,0.603526,0.152361,35.0235,34.4141,13,15,2,0.734118,0.582752,0.151366,0,0,0,0
23,981,3,0.349698,0.349698,0.874411,0.723534,0.150877,35.4976,34.8941,6,6,0,0.473366,0.644795,0.171429,0,0,0,0
23.5,982,1,0.160575,0.160575,-0.662399,0.951069,1.61347,29.3504,35.8043,9,6,-3,0.572581,0.564088,0.0084928,0,0,0,0
23.5,982,2,0.958416,0.958416,0.647315,0.755887,0.108572,34.5893,35.0235,15,15,0,0.582752,0.449038,0.133714,0,0,0,0
23.5,982,3,0.561861,0.561861,0.534299,0.874411,0.340112,34.1372,35.4976,6,9,3,0.644795,0.747789,0.102994,0,0,0,0
24,983,1,0.79091,0.79091,-0.423395,-0.662399,0.239004,30.3064,29.3504,6,9,3,0.564088,0.432851,0.131237,0,0,0,0
24,983,2,0.449517,0.449517,0.937749,0.647315,0.290434,35.751,34.5893,15,15,0,0.449038,0.523714,0.0746752,0,0,0,0
24,983,3,0.027486,0.027486,-0.180328,0.534299,0.714627,31.2787,34.1372,9,6,-3,0.747789,0.924622,0.176834,0,0,0,0
24.5,984,1,0.847303,0.847303,0.903083,-0.423395,1.32648,35.6123,30.3064,9,9,0,0.432851,0.347379,0.085472,0,0,0,0
24.5,984,2,0.109633,0.109633,0.828938,0.937749,0.108811,35.3158,35.751,15,11,-4,0.523714,0.735198,0.211485,0,0,0,0
24.5,984,3,0.0791518,0.0791518,0.698778,-0.180328,0.879105,34.7951,31.2787,6,10,4,0.924622,0.672237,0.252386,0,0,0,0
25,985,1,0.452542,0.452542,0.887014,0.903083,0.0160697,35.5481,35.6123,9,5,-4,0.347379,0.58563,0.238251,0,0,1,0
25,985,2,0.610379,0.610379,-0.573742,0.828938,1.40268,29.705,35.3158,11,13,2,0.735198,0.636102,0.099096,0,0,0,0
25,985,3,0.625231,0.625231,0.668911,0.698778,0.0298666,34.6756,34.7951,10,12,2,0.672237,0.556085,0.116152,0,0,0,0
25.5,986,1,0.282817,0.282817,0.929488,0.887014,0.0424739,35.718,35.5481,5,9,4,0.58563,0.765272,0.179642,0,0,0,0
25.5,986,2,0.264586,0.264586,0.711118,-0.573742,1.28486,34.8445,29.705,13,12,-1,0.636102,0.371818,0.264285,0,0,0,0
25.5,986,3,1.46286,1.46286,0.704901,0.668911,0.0359893,34.8196,34.6756,12,9,-3,0.556085,0.754926,0.198842,0,0,0,0
26,987,1,1.09361,1.09361,-0.0832183,0.929488,1.01271,31.6671,35.718,9,10,1,0.765272,0.672245,0.0930272,0,0,0,0
26,987,2,1.05752,1.05752,0.771912,0.711118,0.0607939,35.0876,34.8445,12,10,-2,0.371818,0.415195,0.0433776,0,0,0,0
26,987,3,0.23901,0.23901,0.888517,0.704901,0.183616,35.5541,34.8196,9,10,1,0.754926,0.728902,0.026024,0,0,0,0
26.5,988,1,1.12612,1.12612,0.918041,-0.0832183,1.00126,35.6722,31.6671,10,10,0,0.672245,0.443803,0.228442,0,0,0,0
26.5,988,2,0.563998,0.563998,0.990476,0.771912,0.218564,35.9619,35.0876,10,10,0,0.415195,0.563658,0.148462,0,0,0,0
26.5,988,3,0.291939,0.291939,0.457708,0.888517,0.430809,33.8308,35.5541,10,10,0,0.728902,0.662114,0.0667888,0,0,0,0
27,989,1,0.395533,0.395533,0.215767,0.918041,0.702273,32.8631,35.6722,10,11,1,0.443803,0.549307,0.105504,0,0,0,0
27,989,2,0.28954,0.28954,0.445603,0.990476,0.544874,33.7824,35.9619,10,10,0,0.563658,0.586824,0.0231664,0,0,0,0
27,989,3,1.0443,1.0443,0.652516,0.457708,0.194808,34.6101,33.8308,10,9,-1,0.662114,0.62392,0.0381936,0,0,0,0
27.5,990,1,0.180426,0.180426,-0.0192238,0.215767,0.234991,31.9231,32.8631,11,10,-1,0.549307,0.577789,0.0284816,0,0,0,0
27.5,990,2,0.373679,0.373679,0.829163,0.445603,0.38356,35.3167,33.7824,10,13,3,0.586824,0.517467,0.0693568,0,0,0,0
27.5,990,3,0.45097,0.45097,0.859152,0.652516,0.206636,35.4366,34.6101,9,7,-2,0.62392,0.724146,0.100226,0,0,0,0
28,991,1,0.845435,0.845435,0.962632,-0.0192238,0.981856,35.8505,31.9231,10,7,-3,0.577789,0.434419,0.14337,0,0,0,0
28,991,2,0.97625,0.97625,0.673874,0.829163,0.155289,34.6955,35.3167,13,10,-3,0.517467,0.591019,0.073552,0,0,0,0
28,991,3,1.6426,1.6426,0.853038,0.859152,0.00611401,35.4122,35.4366,7,13,6,0.724146,0.635835,0.0883104,0,0,1,0
28.5,992,1,1.17094,1.17094,0.877889,0.962632,0.0847438,35.5116,35.8505,7,4,-3,0.434419,0.539838,0.105419,0,0,0,0
28.5,992,2,0.773889,0.773889,0.838055,0.673874,0.164181,35.3522,34.6955,10,8,-2,0.591019,0.473531,0.117488,0,0,0,0
28.5,992,3,1.38522,1.38522,0.825948,0.853038,0.0270908,35.3038,35.4122,13,18,5,0.635835,0.701709,0.0658736,0,0,0,0
29,993,1,0.834551,0.834551,0.847393,0.877889,0.0304952,35.3896,35.5116,4,10,6,0.539838,0.633278,0.09344,0,0,0,0
29,993,2,0.871799,0.871799,0.510228,0.838055,0.327827,34.0409,35.3522,8,13,5,0.473531,0.491501,0.0179696,0,0,0,0
29,993,3,1.0389,1.0389,0.519053,0.825948,0.306895,34.0762,35.3038,18,7,-11,0.701709,0.636342,0.0653664,0,0,0,0
29.5,994,1,0.328611,0.328611,0.875252,0.847393,0.0278587,35.501,35.3896,10,5,-5,0.633278,0.767304,0.134026,0,0,0,0
29.5,994,2,1.19548,1.19548,0.54712,0.510228,0.0368926,34.1885,34.0409,13,9,-4,0.491501,0.511678,0.0201776,0,0,0,0
29.5,994,3,0.276943,0.276943,0.993494,0.519053,0.474441,35.974,34.0762,7,16,9,0.636342,0.521461,0.114882,0,0,0,0
30,995,1,0.515789,0.515789,0.993104,0.875252,0.117852,35.9724,35.501,5,11,6,0.767304,0.554011,0.213293,0,0,0,0
30,995,2,0.683285,0.683285,0.735737,0.54712,0.188617,34.9429,34.1885,9,12,3,0.511678,0.463974,0.047704,0,0,0,0
30,995,3,0.533867,0.533867,0.953593,0.993494,0.0399008,35.8144,35.974,16,7,-9,0.521461,0.74849,0.227029,0,0,0,0
30.5,996,1,0.312149,0.312149,0.82343,0.993104,0.169674,35.2937,35.9724,11,13,2,0.554011,0.558114,0.0041024,0,0,0,0
30.5,996,2,0.922127,0.922127,0.867194,0.735737,0.131457,35.4688,34.9429,12,4,-8,0.463974,0.495517,0.0315424,0,0,0,0
30.5,996,3,0.220945,0.220945,-0.443702,0.953593,1.39729,30.2252,35.8144,7,13,6,0.74849,0.724731,0.0237584,0,0,0,0
31,997,1,1.63575,1.63575,-0.476494,0.82343,1.29992,30.094,35.2937,13,12,-1,0.558114,0.626891,0.0687776,0,0,0,0
31,997,2,1.22408,1.22408,-0.351545,0.867194,1.21874,30.5938,35.4688,4,8,4,0.495517,0.563549,0.068032,0,0,0,0
31,997,3,1.25672,1.25672,0.680278,-0.443702,1.12398,34.7211,30.2252,13,10,-3,0.724731,0.594229,0.130502,0,0,0,0
31.5,998,1,0.919971,0.919971,-0.743497,-0.476494,0.267003,29.026,30.094,12,14,2,0.626891,0.546294,0.0805968,0,0,0,0
31.5,998,2,0.638247,0.638247,0.435847,-0.351545,0.787392,33.7434,30.5938,8,12,4,0.563549,0.469694,0.0938544,0,0,0,0
31.5,998,3,1.2955,1.2955,0.913425,0.680278,0.233147,35.6537,34.7211,10,4,-6,0.594229,0.81087,0.216642,0,0,0,0
32,999,1,0.918522,0.918522,0.41864,-0.743497,1.16214,33.6746,29.026,14,4,-10,0.546294,0.377566,0.168728,0,0,0,0
32,999,2,0.664538,0.664538,0.3177,0.435847,0.118147,33.2708,33.7434,12,13,1,0.469694,0.433293,0.0364016,0,0,0,0
32,999,3,0.53322,0.53322,0.822367,0.913425,0.0910577,35.2895,35.6537,4,12,8,0.81087,0.888235,0.0773648,0,0,0,0
32.5,1000,1,0.120143,0.120143,0.878614,0.41864,0.459973,35.5145,33.6746,4,7,3,0.377566,0.518691,0.141125,0,0,0,0
32.5,1000,2,1.04201,1.04201,0.467673,0.3177,0.149973,33.8707,33.2708,13,10,-3,0.433293,0.449488,0.0161952,0,0,0,0
32.5,1000,3,0.571573,0.571573,-0.284402,0.822367,1.10677,30.8624,35.2895,12,13,1,0.888235,0.78117,0.107066,0,0,0,0
33,1001,1,1.77439,1.77439,0.776815,0.878614,0.101799,35.1073,35.5145,7,9,2,0.518691,0.695557,0.176866,0,0,0,0
33,1001,2,1.29394,1.29394,0.986508,0.467673,0.518835,35.946,33.8707,10,9,-1,0.449488,0.510766,0.0612784,0,0,0,0
33,1001,3,0.219256,0.219256,-0.104919,-0.284402,0.179483,31.5803,30.8624,13,12,-1,0.78117,0.609579,0.17159,0,0,0,0
33.5,1002,1,0.178714,0.178714,-0.365779,0.776815,1.14259,30.5369,35.1073,9,16,7,0.695557,0.664158,0.0313984,0,0,0,0
33.5,1002,2,1.67825,1.67825,0.807593,0.986508,0.178915,35.2304,35.946,9,10,1,0.510766,0.614802,0.104035,0,0,0,0
33.5,1002,3,1.56166,1.56166,0.98513,-0.104919,1.09005,35.9405,31.5803,12,4,-8,0.609579,0.524811,0.084768,0,0,0,0
34,1003,1,1.42262,1.42262,0.832675,-0.365779,1.19845,35.3307,30.5369,16,14,-2,0.664158,0.427203,0.236955,0,0,0,0
34,1003,2,1.74689,1.74689,0.959083,0.807593,0.15149,35.8363,35.2304,10,12,2,0.614802,0.560146,0.054656,0,0,0,0
34,1003,3,0.0333401,0.0333401,0.483761,0.98513,0.50137,33.935,35.9405,4,4,0,0.524811,0.771947,0.247136,0,0,0,0
34.5,1004,1,0.220103,0.220103,0.664135,0.832675,0.16854,34.6565,35.3307,14,3,-11,0.427203,0.575046,0.147843,0,0,0,0
34.5,1004,2,0.260035,0.260035,0.839869,0.959083,0.119215,35.3595,35.8363,12,15,3,0.560146,0.582157,0.0220112,0,0,0,0
34.5,1004,3,0.184685,0.184685,0.178207,0.483761,0.305553,32.7128,33.935,4,12,8,0.771947,0.607555,0.164392,0,0,0,0
35,1005,1,1.05317,1.05317,0.578318,0.664135,0.0858168,34.3133,34.6565,3,8,5,0.575046,0.652501,0.0774544,0,0,0,0
35,1005,2,1.02963,1.02963,0.645576,0.839869,0.194293,34.5823,35.3595,15,10,-5,0.582157,0.668269,0.086112,0,0,0,0
35,1005,3,1.10703,1.10703,0.684627,0.178207,0.506419,34.7385,32.7128,12,12,0,0.607555,0.522354,0.0852016,0,0,0,0
35.5,1006,1,1.35429,1.35429,0.508044,0.578318,0.0702744,34.0322,34.3133,8,9,1,0.652501,0.609386,0.0431152,0,0,0,0
35.5,1006,2,0.505576,0.505576,0.370462,0.645576,0.275114,33.4818,34.5823,10,10,0,0.668269,0.601101,0.067168,0,0,0,0
35.5,1006,3,0.0418752,0.0418752,0.306103,0.684627,0.378524,33.2244,34.7385,12,11,-1,0.522354,0.5942,0.0718464,0,0,0,0
36,1007,1,1.4737,1.4737,0.658858,0.508044,0.150815,34.6354,34.0322,9,13,4,0.609386,0.607936,0.0014496,0,0,0,0
36,1007,2,1.63484,1.63484,0.856688,0.370462,0.486226,35.4268,33.4818,10,11,1,0.601101,0.492474,0.108627,0,0,0,0
36,1007,3,0.54344,0.54344,0.463419,0.306103,0.157317,33.8537,33.2244,11,6,-5,0.5942,0.717443,0.123243,0,0,0,0
36.5,1008,1,0.29985,0.29985,0.0855175,0.658858,0.573341,32.3421,34.6354,13,12,-1,0.607936,0.56797,0.0399664,0,0,0,0
36.5,1008,2,0.249584,0.249584,0.544303,0.856688,0.312384,34.1772,35.4268,11,12,1,0.492474,0.551358,0.0588848,0,0,0,0
36.5,1008,3,0.186563,0.186563,0.581277,0.463419,0.117857,34.3251,33.8537,6,6,0,0.717443,0.684054,0.0333888,0,0,0,0
37,1009,1,0.997326,0.997326,0.804691,0.0855175,0.719173,35.2188,32.3421,12,10,-2,0.56797,0.519563,0.0484064,0,0,0,0
37,1009,2,0.675651,0.675651,0.985265,0.544303,0.440962,35.9411,34.1772,12,9,-3,0.551358,0.596499,0.0451408,0,0,0,0
37,1009,3,0.0159777,0.0159777,-0.128617,0.581277,0.709893,31.4855,34.3251,6,11,5,0.684054,0.712694,0.02864,0,1,0,0
37.5,1010,1,0.217003,0.217003,-0.434789,0.804691,1.23948,30.2608,35.2188,10,11,1,0.519563,0.650251,0.130688,0,0,0,0
37.5,1010,2,0.506104,0.506104,0.422669,0.985265,0.562596,33.6907,35.9411,9,7,-2,0.596499,0.605496,0.0089968,0,0,0,0
37.5,1010,3,0.0884261,0.0884261,0.538365,-0.128617,0.666981,34.1535,31.4855,11,12,1,0.712694,0.603186,0.109509,0,0,0,0
38,1011,1,1.80222,1.80222,0.559346,-0.434789,0.994135,34.2374,30.2608,11,9,-2,0.650251,0.536456,0.113795,0,0,0,0
38,1011,2,1.25841,1.25841,0.685456,0.422669,0.262787,34.7418,33.6907,7,11,4,0.605496,0.630181,0.0246848,0,0,0,0
38,1011,3,0.707845,0.707845,-0.75767,0.538365,1.29603,28.9693,34.1535,12,10,-2,0.603186,0.750298,0.147112,0,0,0,0
38.5,1012,1,0.906621,0.906621,0.876507,0.559346,0.317161,35.506,34.2374,9,11,2,0.536456,0.66632,0.129864,0,0,0,0
38.5,1012,2,0.0226916,0.0226916,0.717565,0.685456,0.0321092,34.8703,34.7418,11,11,0,0.630181,0.612598,0.0175824,0,0,0,0
38.5,1012,3,0.52597,0.52597,0.719172,-0.75767,1.47684,34.8767,28.9693,10,8,-2,0.750298,0.655326,0.0949712,0,0,0,0
39,1013,1,0.235127,0.235127,0.573371,0.876507,0.303137,34.2935,35.506,11,12,1,0.66632,0.609957,0.0563632,0,0,0,0
39,1013,2,0.851946,0.851946,0.791306,0.717565,0.0737416,35.1652,34.8703,11,13,2,0.612598,0.546258,0.0663408,0,0,0,0
39,1013,3,0.206376,0.206376,0.827036,0.719172,0.107863,35.3081,34.8767,8,5,-3,0.655326,0.731835,0.0765088,0,0,0,0
39.5,1014,1,0.18481,0.18481,0.749844,0.573371,0.176473,34.9994,34.2935,12,11,-1,0.609957,0.531864,0.0780928,0,0,0,0
39.5,1014,2,0.267112,0.267112,0.285934,0.791306,0.505373,33.1437,35.1652,13,12,-1,0.546258,0.542917,0.0033408,0,0,0,0
39.5,1014,3,0.171973,0.171973,-0.0597079,0.827036,0.886744,31.7612,35.3081,5,7,2,0.731835,0.778792,0.0469568,0,0,0,0
40,1015,1,0.454894,0.454894,0.603611,0.749844,0.146233,34.4144,34.9994,11,11,0,0.531864,0.577755,0.0458912,0,0,0,0
40,1015,2,1.4029,1.4029,0.856449,0.285934,0.570515,35.4258,33.1437,12,11,-1,0.542917,0.583022,0.0401056,0,0,0,0
40,1015,3,0.447352,0.447352,0.504879,-0.0597079,0.564587,34.0195,31.7612,7,8,1,0.778792,0.646574,0.132218,0,0,0,0
40.5,1016,1,0.389895,0.389895,0.0158784,0.603611,0.587732,32.0635,34.4144,11,14,3,0.577755,0.49332,0.0844352,0,0,0,0
40.5,1016,2,0.861127,0.861127,0.903059,0.856449,0.0466096,35.6122,35.4258,11,10,-1,0.583022,0.614642,0.0316192,0,0,0,0
40.5,1016,3,0.492015,0.492015,0.646917,0.504879,0.142039,34.5877,34.0195,8,6,-2,0.646574,0.709842,0.0632672,0,0,0,0
41,1017,1,0.412838,0.412838,0.0119226,0.0158784,0.00395579,32.0477,32.0635,14,11,-3,0.49332,0.476522,0.0167984,0,0,1,0
41,1017,2,0.648813,0.648813,0.710084,0.903059,0.192974,34.8403,35.6122,10,11,1,0.614642,0.608051,0.0065904,0,0,0,0
41,1017,3,0.253439,0.253439,0.860927,0.646917,0.21401,35.4437,34.5877,6,8,2,0.709842,0.767886,0.0580448,0,0,0,0
41.5,1018,1,0.249935,0.249935,0.950769,0.0119226,0.938847,35.8031,32.0477,11,8,-3,0.476522,0.509075,0.0325536,0,0,0,0
41.5,1018,2,0.0988972,0.0988972,-0.517065,0.710084,1.22715,29.9317,34.8403,11,13,2,0.608051,0.549312,0.0587392,0,0,0,0
41.5,1018,3,0.120551,0.120551,-0.139165,0.860927,1.00009,31.4433,35.4437,8,9,1,0.767886,0.878589,0.110702,0,0,0,0
42,1019,1,1.07152,1.07152,-0.0218762,0.950769,0.972646,31.9125,35.8031,8,6,-2,0.509075,0.842406,0.333331,0,0,0,0
42,1019,2,0.276594,0.276594,0.955987,-0.517065,1.47305,35.8239,29.9317,13,16,3,0.549312,0.333582,0.21573,0,0,0,0
42,1019,3,0.165204,0.165204,0.767141,-0.139165,0.906306,35.0686,31.4433,9,8,-1,0.878589,0.715392,0.163197,0,0,0,0
42.5,1020,1,0.0829771,0.0829771,0.0547644,-0.0218762,0.0766406,32.2191,31.9125,6,14,8,0.842406,0.590902,0.251504,0,0,0,0
42.5,1020,2,0.874588,0.874588,0.348062,0.955987,0.607925,33.3922,35.8239,16,11,-5,0.333582,0.469678,0.136096,0,0,0,0
42.5,1020,3,0.242553,0.242553,0.962003,0.767141,0.194862,35.848,35.0686,8,5,-3,0.715392,0.785149,0.0697568,0,0,0,0
43,1021,1,0.742765,0.742765,-0.190626,0.0547644,0.24539,31.2375,32.2191,14,11,-3,0.590902,0.450003,0.140899,0,0,0,0
43,1021,2,1.50957,1.50957,0.840566,0.348062,0.492504,35.3623,33.3922,11,11,0,0.469678,0.53535,0.065672,0,0,0,0
43,1021,3,0.337783,0.337783,0.869309,0.962003,0.0926938,35.4772,35.848,5,8,3,0.785149,0.885149,0.1,0,0,0,0
43.5,1022,1,1.90408,1.90408,0.676768,-0.190626,0.867394,34.7071,31.2375,11,7,-4,0.450003,0.425237,0.0247664,0,0,0,0
43.5,1022,2,1.53108,1.53108,0.754931,0.840566,0.0856344,35.0197,35.3623,11,9,-2,0.53535,0.564158,0.028808,0,0,0,0
43.5,1022,3,1.07225,1.07225,-0.0786793,0.869309,0.947988,31.6853,35.4772,8,14,6,0.885149,0.903275,0.0181264,0,0,0,0
44,1023,1,0.349107,0.349107,0.963819,0.676768,0.28705,35.8553,34.7071,7,9,2,0.425237,0.587894,0.162658,0,0,0,0
44,1023,2,1.13283,1.13283,0.0745336,0.754931,0.680398,32.2981,35.0197,9,11,2,0.564158,0.626072,0.0619136,0,0,0,0
44,1023,3,0.24855,0.24855,0.802128,-0.0786793,0.880808,35.2085,31.6853,14,10,-4,0.903275,0.66337,0.239906,0,0,0,0
44.5,1024,1,1.22793,1.22793,-0.190585,0.963819,1.1544,31.2377,35.8553,9,8,-1,0.587894,0.766826,0.178931,0,0,0,0
44.5,1024,2,0.261707,0.261707,0.332487,0.0745336,0.257954,33.3299,32.2981,11,11,0,0.626072,0.446619,0.179453,0,0,0,0
44.5,1024,3,1.59176,1.59176,-0.539984,0.802128,1.34211,29.8401,35.2085,10,11,1,0.66337,0.632533,0.0308368,0,0,0,0
45,1025,1,1.45312,1.45312,0.685355,-0.190585,0.87594,34.7414,31.2377,8,8,0,0.766826,0.600843,0.165982,0,0,0,0
45,1025,2,0.866593,0.866593,0.977251,0.332487,0.644763,35.909,33.3299,11,11,0,0.446619,0.555501,0.108882,0,0,0,0
45,1025,3,1.49678,1.49678,0.455044,-0.539984,0.995029,33.8202,29.8401,11,11,0,0.632533,0.658914,0.0263808,0,0,0,0
45.5,1026,1,0.420581,0.420581,0.675809,0.685355,0.00954628,34.7032,34.7414,8,15,7,0.600843,0.564875,0.035968,0,0,1,0
45.5,1026,2,0.520085,0.520085,0.696693,0.977251,0.280558,34.7868,35.909,11,11,0,0.555501,0.610722,0.0552208,0,0,0,0
45.5,1026,3,1.58587,1.58587,0.882312,0.455044,0.427268,35.5292,33.8202,11,4,-7,0.658914,0.679427,0.0205136,0,0,0,0
46,1027,1,1.31195,1.31195,0.925144,0.675809,0.249335,35.7006,34.7032,15,10,-5,0.564875,0.554237,0.0106384,0,0,0,0
46,1027,2,0.293468,0.293468,0.135206,0.696693,0.561487,32.5408,34.7868,11,11,0,0.610722,0.53955,0.0711712,0,0,0,0
46,1027,3,0.53227,0.53227,0.980819,0.882312,0.0985067,35.9233,35.5292,4,9,5,0.679427,0.819336,0.139909,0,0,0,0
46.5,1028,1,0.554667,0.554667,0.231401,0.925144,0.693743,32.9256,35.7006,10,9,-1,0.554237,0.548232,0.0060048,0,0,0,0
46.5,1028,2,0.0623036,0.0623036,0.108368,0.135206,0.0268378,32.4335,32.5408,11,11,0,0.53955,0.391,0.14855,0,0,0,0
46.5,1028,3,1.01832,1.01832,0.331829,0.980819,0.64899,33.3273,35.9233,9,10,1,0.819336,0.70371,0.115626,0,0,0,0
47,1029,1,0.811827,0.811827,0.766934,0.231401,0.535533,35.0677,32.9256,9,12,3,0.548232,0.552454,0.0042224,0,0,0,0
47,1029,2,0.0958773,0.0958773,0.503787,0.108368,0.395419,34.0151,32.4335,11,8,-3,0.391,0.392579,0.0015792,0,0,0,0
47,1029,3,1.46145,1.46145,-0.204199,0.331829,0.536028,31.1832,33.3273,10,10,0,0.70371,0.696794,0.0069168,0,0,0,0
47.5,1030,1,1.24142,1.24142,0.758214,0.766934,0.00871992,35.0329,35.0677,12,10,-2,0.552454,0.659725,0.10727,0,0,1,0
47.5,1030,2,0.214742,0.214742,0.957364,0.503787,0.453577,35.8295,34.0151,8,8,0,0.392579,0.554238,0.161659,0,0,0,0
47.5,1030,3,0.880958,0.880958,-0.0302462,-0.204199,0.173953,31.879,31.1832,10,12,2,0.696794,0.617182,0.0796112,0,0,0,0
48,1031,1,1.42188,1.42188,0.9952,0.758214,0.236986,35.9808,35.0329,10,17,7,0.659725,0.668416,0.0086912,0,0,0,0
48,1031,2,1.34483,1.34483,0.339554,0.957364,0.617811,33.3582,35.8295,8,7,-1,0.554238,0.66197,0.107731,0,0,0,0
48,1031,3,1.08286,1.08286,-0.0629531,-0.0302462,0.0327069,31.7482,31.879,12,6,-6,0.617182,0.581974,0.035208,0,0,0,0
48.5,1032,1,0.0263681,0.0263681,0.970701,0.9952,0.024499,35.8828,35.9808,17,11,-6,0.668416,0.712776,0.04436,0,0,0,0
48.5,1032,2,0.0967448,0.0967448,0.911451,0.339554,0.571897,35.6458,33.3582,7,11,4,0.66197,0.61117,0.0508,0,0,0,0
48.5,1032,3,1.55557,1.55557,0.792935,-0.0629531,0.855888,35.1717,31.7482,6,8,2,0.581974,0.545411,0.0365632,0,0,0,0
49,1033,1,1.55527,1.55527,0.293239,0.970701,0.677462,33.173,35.8828,11,14,3,0.712776,0.625237,0.0875392,0,0,0,0
49,1033,2,0.109033,0.109033,0.844953,0.911451,0.0664975,35.3798,35.6458,11,12,1,0.61117,0.548096,0.0630736,0,0,0,0
49,1033,3,1.56608,1.56608,0.786459,0.792935,0.00647616,35.1458,35.1717,8,4,-4,0.545411,0.709306,0.163894,0,0,1,0
49.5,1034,1,1.81766,1.81766,0.860939,0.293239,0.5677,35.4438,33.173,14,9,-5,0.625237,0.505291,0.119946,0,0,0,0
49.5,1034,2,0.904732,0.904732,0.761941,0.844953,0.083012,35.0478,35.3798,12,11,-1,0.548096,0.58424,0.036144,0,0,0,0
49.5,1034,3,1.47156,1.47156,-0.665931,0.786459,1.45239,29.3363,35.1458,4,10,6,0.709306,0.859747,0.150442,0,0,0,0
50,1035,1,1.76512,1.76512,0.388717,0.860939,0.472222,33.5549,35.4438,9,14,5,0.505291,0.666422,0.161131,0,0,0,0
50,1035,2,0.521554,0.521554,0.207941,0.761941,0.554,32.8318,35.0478,11,11,0,0.58424,0.641198,0.0569584,0,0,0,0
50,1035,3,0.607214,0.607214,0.908866,-0.665931,1.5748,35.6355,29.3363,10,5,-5,0.859747,0.685443,0.174304,0,0,0,0
50.5,1036,1,0.511537,0.511537,0.440199,0.388717,0.0514826,33.7608,33.5549,14,10,-4,0.666422,0.619082,0.0473408,0,0,0,0
50.5,1036,2,1.35385,1.35385,0.969981,0.207941,0.762041,35.8799,32.8318,11,11,0,0.641198,0.495658,0.145541,0,0,0,0
50.5,1036,3,0.189338,0.189338,0.979275,0.908866,0.0704088,35.9171,35.6355,5,9,4,0.685443,0.802197,0.116754,0,0,0,0
51,1037,1,1.04523,1.04523,-0.219916,0.440199,0.660115,31.1203,33.7608,10,14,4,0.619082,0.45777,0.161312,0,0,0,0
51,1037,2,0.666035,0.666035,0.705049,0.969981,0.264932,34.8202,35.8799,11,6,-5,0.495658,0.521928,0.0262704,0,0,0,0
51,1037,3,0.280819,0.280819,0.497978,0.979275,0.481297,33.9919,35.9171,9,10,1,0.802197,0.859437,0.05724,0,0,0,0
51.5,1038,1,0.167113,0.167113,0.22795,-0.219916,0.447866,32.9118,31.1203,14,10,-4,0.45777,0.490421,0.0326512,0,0,0,0
51.5,1038,2,0.252645,0.252645,0.684586,0.705049,0.0204626,34.7383,34.8202,6,11,5,0.521928,0.602554,0.0806256,0,0,0,0
51.5,1038,3,0.0144252,0.0144252,0.923945,0.497978,0.425967,35.6958,33.9919,10,9,-1,0.859437,0.776133,0.083304,0,1,0,0
52,1039,1,1.21978,1.21978,-0.637908,0.22795,0.865858,29.4484,32.9118,10,7,-3,0.490421,0.516139,0.0257184,0,0,0,0
52,1039,2,0.449973,0.449973,-0.844319,0.684586,1.52891,28.6227,34.7383,11,11,0,0.602554,0.551758,0.0507952,0,0,0,0
52,1039,3,1.05887,1.05887,-0.018194,0.923945,0.942139,31.9272,35.6958,9,12,3,0.776133,0.719691,0.0564416,0,0,0,0
52.5,1040,1,0.406771,0.406771,0.954898,-0.637908,1.59281,35.8196,29.4484,7,7,0,0.516139,0.486813,0.0293264,0,0,0,0
52.5,1040,2,0.1937,0.1937,-0.0749488,-0.844319,0.769371,31.7002,28.6227,11,11,0,0.551758,0.451258,0.100501,0,0,0,0
52.5,1040,3,0.159005,0.159005,0.766948,-0.018194,0.785142,35.0678,31.9272,12,12,0,0.719691,0.938944,0.219253,0,0,0,0
53,1041,1,1.29907,1.29907,0.861714,0.954898,0.0931841,35.4469,35.8196,7,8,1,0.486813,0.628019,0.141206,0,0,0,0
53,1041,2,0.352824,0.352824,-0.0358477,-0.0749488,0.0391011,31.8566,31.7002,11,11,0,0.451258,0.320659,0.130598,0,0,0,0
53,1041,3,0.0947115,0.0947115,0.68796,0.766948,0.0789872,34.7518,35.0678,12,11,-1,0.938944,0.893941,0.0450032,0,0,0,0
53.5,1042,1,0.0397447,0.0397447,0.672618,0.861714,0.189095,34.6905,35.4469,8,11,3,0.628019,0.692746,0.0647264,0,0,0,0
53.5,1042,2,0.18683,0.18683,0.936424,-0.0358477,0.972271,35.7457,31.8566,11,10,-1,0.320659,0.318893,0.0017664,0,0,0,0
53.5,1042,3,1.48688,1.48688,-0.0979343,0.68796,0.785895,31.6083,34.7518,11,9,-2,0.893941,0.810342,0.0835984,0,0,0,0
54,1043,1,0.331293,0.331293,0.921849,0.672618,0.249231,35.6874,34.6905,11,11,0,0.692746,0.673341,0.0194048,0,0,0,0
54,1043,2,0.0925163,0.0925163,0.783775,0.936424,0.152648,35.1351,35.7457,10,10,0,0.318893,0.573898,0.255005,0,0,0,0
54,1043,3,1.51394,1.51394,0.315166,-0.0979343,0.4131,33.2607,31.6083,9,9,0,0.810342,0.633974,0.176368,0,0,0,0
54.5,1044,1,0.289141,0.289141,0.997165,0.921849,0.0753158,35.9887,35.6874,11,8,-3,0.673341,0.645032,0.0283088,0,0,0,0
54.5,1044,2,0.247154,0.247154,-0.0729038,0.783775,0.856679,31.7084,35.1351,10,10,0,0.573898,0.649357,0.0754592,0,0,0,0
54.5,1044,3,0.542314,0.542314,0.0749035,0.315166,0.240263,32.2996,33.2607,9,12,3,0.633974,0.566853,0.0671216,0,0,0,0
55,1045,1,0.31665,0.31665,0.349354,0.997165,0.647811,33.3974,35.9887,8,11,3,0.645032,0.74205,0.0970176,0,0,0,0
55,1045,2,0.944412,0.944412,-0.0100448,-0.0729038,0.062859,31.9598,31.7084,10,14,4,0.649357,0.427888,0.221469,0,0,0,0
55,1045,3,0.797552,0.797552,0.871158,0.0749035,0.796255,35.4846,32.2996,12,5,-7,0.566853,0.747602,0.180749,0,0,0,0
55.5,1046,1,0.205254,0.205254,0.480596,0.349354,0.131242,33.9224,33.3974,11,12,1,0.74205,0.640144,0.101906,0,0,0,0
55.5,1046,2,1.52768,1.52768,0.137698,-0.0100448,0.147743,32.5508,31.9598,14,11,-3,0.427888,0.363781,0.0641072,0,0,0,0
55.5,1046,3,0.243128,0.243128,-0.209612,0.871158,1.08077,31.1616,35.4846,5,7,2,0.747602,0.915013,0.167411,0,0,0,0
56,1047,1,0.416001,0.416001,0.293063,0.480596,0.187533,33.1723,33.9224,12,9,-3,0.640144,0.689088,0.048944,0,0,0,0
56,1047,2,1.54578,1.54578,0.0576838,0.137698,0.0800141,32.2307,32.5508,11,11,0,0.363781,0.486805,0.123024,0,0,0,0
56,1047,3,0.08348,0.08348,-0.910488,-0.209612,0.700876,28.358,31.1616,7,10,3,0.915013,0.769216,0.145797,0,0,0,0
56.5,1048,1,0.201796,0.201796,0.832227,0.293063,0.539164,35.3289,33.1723,9,8,-1,0.689088,0.862026,0.172938,0,0,0,0
56.5,1048,2,1.49153,1.49153,-0.149244,0.0576838,0.206928,31.403,32.2307,11,10,-1,0.486805,0.599125,0.11232,0,0,0,0
56.5,1048,3,1.30733,1.30733,0.956652,-0.910488,1.86714,35.8266,28.358,10,12,2,0.769216,0.524506,0.24471,0,0,0,0
57,1049,1,0.869379,0.869379,0.38483,0.832227,0.447397,33.5393,35.3289,8,9,1,0.862026,0.706373,0.155653,0,0,0,0
57,1049,2,0.206663,0.206663,0.95082,-0.149244,1.10006,35.8033,31.403,10,11,1,0.599125,0.461509,0.137616,0,0,0,0
57,1049,3,0.40601,0.40601,0.823831,0.956652,0.132821,35.2953,35.8266,12,10,-2,0.524506,0.755397,0.230891,0,0,0,0
57.5,1050,1,0.463687,0.463687,0.939263,0.38483,0.554433,35.7571,33.5393,9,14,5,0.706373,0.520379,0.185994,0,0,0,0
57.5,1050,2,1.36001,1.36001,0.470345,0.95082,0.480475,33.8814,35.8033,11,7,-4,0.461509,0.494635,0.0331264,0,0,0,0
57.5,1050,3,0.904842,0.904842,-0.164832,0.823831,0.988663,31.3407,35.2953,10,9,-1,0.755397,0.805618,0.0502208,0,0,0,0
58,1051,1,0.28027,0.28027,0.793625,0.939263,0.145638,35.1745,35.7571,14,8,-6,0.520379,0.638398,0.118019,0,0,0,0
58,1051,2,1.25924,1.25924,0.834248,0.470345,0.363903,35.337,33.8814,7,9,2,0.494635,0.584765,0.0901296,0,0,0,0
58,1051,3,0.304037,0.304037,0.202094,-0.164832,0.366925,32.8084,31.3407,9,13,4,0.805618,0.659213,0.146405,0,0,0,0
58.5,1052,1,0.76173,0.76173,0.980702,0.793625,0.187077,35.9228,35.1745,8,12,4,0.638398,0.61129,0.0271088,0,0,0,0
58.5,1052,2,0.0496767,0.0496767,0.983145,0.834248,0.148897,35.9326,35.337,9,11,2,0.584765,0.662067,0.0773024,0,0,0,0
58.5,1052,3,0.431433,0.431433,0.196687,0.202094,0.00540705,32.7867,32.8084,13,7,-6,0.659213,0.587808,0.0714048,0,0,1,0
1,1054,1,-1,-1,0.972311,0.972311,-1,35.8892,35.8892,11,11,0,0,0,0,0,0,0,0
1,1054,2,-1,-1,0.803306,0.803306,-1,35.2132,35.2132,10,10,0,0,0,0,0,0,0,0
1,1054,3,-1,-1,0.0338691,0.0338691,-1,32.1355,32.1355,9,9,0,0,0,0,0,0,0,0
1.5,1055,1,1.67609,1.67609,0.773141,0.972311,0.19917,35.0926,35.8892,11,12,1,0,0.683315,0.683315,0,0,0,0
1.5,1055,2,1.33422,1.33422,-0.121161,0.803306,0.924467,31.5154,35.2132,10,11,1,0,0.666728,0.666728,0,0,0,0
1.5,1055,3,0.398176,0.398176,0.258124,0.0338691,0.224255,33.0325,32.1355,9,7,-2,0,0.62148,0.62148,0,0,0,0
2,1056,1,0.0844932,0.0844932,0.651977,0.773141,0.121164,34.6079,35.0926,12,12,0,0.683315,0.718494,0.0351792,0,0,0,0
2,1056,2,0.339019,0.339019,0.841569,-0.121161,0.96273,35.3663,31.5154,11,12,1,0.666728,0.591794,0.0749344,0,0,0,0
2,1056,3,0.238573,0.238573,-0.960235,0.258124,1.21836,28.1591,33.0325,7,6,-1,0.62148,0.664187,0.0427072,0,0,0,0
2.5,1057,1,1.84231,1.84231,0.989527,0.651977,0.337549,35.9581,34.6079,12,14,2,0.718494,0.709054,0.00944,0,0,0,0
2.5,1057,2,0.838032,0.838032,0.61056,0.841569,0.231009,34.4422,35.3663,12,7,-5,0.591794,0.679963,0.0881696,0,0,0,0
2.5,1057,3,0.104994,0.104994,0.768231,-0.960235,1.72847,35.0729,28.1591,6,9,3,0.664187,0.563869,0.100318,0,0,0,0
3,1058,1,1.60529,1.60529,0.621258,0.989527,0.368268,34.485,35.9581,14,10,-4,0.709054,0.65269,0.0563648,0,0,0,0
3,1058,2,0.435261,0.435261,0.478714,0.61056,0.131845,33.9149,34.4422,7,13,6,0.679963,0.631661,0.0483024,0,0,0,0
3,1058,3,0.677051,0.677051,0.503793,0.768231,0.264439,34.0152,35.0729,9,7,-2,0.563869,0.828936,0.265067,0,0,0,0
3.5,1059,1,0.900354,0.900354,0.341464,0.621258,0.279794,33.3659,34.485,10,12,2,0.65269,0.631944,0.0207456,0,0,0,0
3.5,1059,2,1.04967,1.04967,0.844991,0.478714,0.366277,35.38,33.9149,13,11,-2,0.631661,0.564189,0.067472,0,0,0,0
3.5,1059,3,0.264595,0.264595,0.716701,0.503793,0.212908,34.8668,34.0152,7,7,0,0.828936,0.936581,0.107645,0,0,0,0
4,1060,1,0.186023,0.186023,0.981792,0.341464,0.640328,35.9272,33.3659,12,12,0,0.631944,0.544672,0.087272,0,0,0,0
4,1060,2,1.8658,1.8658,0.831161,0.844991,0.0138296,35.3246,35.38,11,11,0,0.564189,0.593592,0.0294032,0,0,1,0
4,1060,3,0.361982,0.361982,0.801388,0.716701,0.0846872,35.2056,34.8668,7,7,0,0.936581,0.920757,0.015824,0,0,0,0
4.5,1061,1,0.359798,0.359798,0.901512,0.981792,0.0802805,35.606,35.9272,12,11,-1,0.544672,0.534214,0.0104576,0,0,0,0
4.5,1061,2,0.273043,0.273043,0.0958018,0.831161,0.73536,32.3832,35.3246,11,11,0,0.593592,0.798286,0.204694,0,0,0,0
4.5,1061,3,0.0248324,0.0248324,0.645739,0.801388,0.155649,34.583,35.2056,7,8,1,0.920757,0.71763,0.203126,0,0,0,0
5,1062,1,0.692938,0.692938,0.460528,0.901512,0.440984,33.8421,35.606,11,12,1,0.534214,0.615944,0.0817296,0,0,0,0
5,1062,2,0.174624,0.174624,0.945283,0.0958018,0.849482,35.7811,32.3832,11,11,0,0.798286,0.509037,0.28925,0,0,0,0
5,1062,3,1.17156,1.17156,-0.471579,0.645739,1.11732,30.1137,34.583,8,7,-1,0.71763,0.762342,0.044712,0,0,0,0
5.5,1063,1,0.0575212,0.0575212,0.790454,0.460528,0.329926,35.1618,33.8421,12,14,2,0.615944,0.583013,0.0329312,0,0,0,0
5.5,1063,2,1.37004,1.37004,-0.60433,0.945283,1.54961,29.5827,35.7811,11,8,-3,0.509037,0.738318,0.229282,0,0,0,0
5.5,1063,3,0.121678,0.121678,0.909604,-0.471579,1.38118,35.6384,30.1137,7,8,1,0.762342,0.66904,0.0933024,0,0,0,0
6,1064,1,0.337536,0.337536,0.484517,0.790454,0.305936,33.9381,35.1618,14,12,-2,0.583013,0.64396,0.0609472,0,0,0,0
6,1064,2,1.66272,1.66272,0.886219,-0.60433,1.49055,35.5449,29.5827,8,8,0,0.738318,0.652218,0.0861008,0,0,0,0
6,1064,3,0.0997476,0.0997476,0.818766,0.909604,0.0908376,35.2751,35.6384,8,10,2,0.66904,0.884958,0.215918,0,0,0,0
6.5,1065,1,0.9763,0.9763,0.706446,0.484517,0.221929,34.8258,33.9381,12,11,-1,0.64396,0.528886,0.115074,0,0,0,0
6.5,1065,2,0.0787306,0.0787306,0.406282,0.886219,0.479937,33.6251,35.5449,8,12,4,0.652218,0.599043,0.0531744,0,0,0,0
6.5,1065,3,1.14517,1.14517,0.993628,0.818766,0.174863,35.9745,35.2751,10,7,-3,0.884958,0.901006,0.016048,0,0,0,0
7,1066,1,0.901505,0.901505,0.609123,0.706446,0.0973234,34.4365,34.8258,11,14,3,0.528886,0.524451,0.0044352,0,0,0,0
7,1066,2,0.190987,0.190987,0.984575,0.406282,0.578293,35.9383,33.6251,12,2,-10,0.599043,0.628718,0.0296752,0,0,0,0
7,1066,3,0.262414,0.262414,0.849091,0.993628,0.144538,35.3964,35.9745,7,14,7,0.901006,0.689658,0.211349,0,0,0,0
7.5,1067,1,0.520546,0.520546,-0.178035,0.609123,0.787158,31.2879,34.4365,14,8,-6,0.524451,0.519603,0.004848,0,0,0,0
7.5,1067,2,0.809145,0.809145,0.991347,0.984575,0.00677234,35.9654,35.9383,2,10,8,0.628718,0.642883,0.0141648,0,0,1,0
7.5,1067,3,1.39801,1.39801,0.629378,0.849091,0.219712,34.5175,35.3964,14,12,-2,0.689658,0.723525,0.0338672,0,0,0,0
8,1068,1,1.78153,1.78153,0.543836,-0.178035,0.72187,34.1753,31.2879,8,13,5,0.519603,0.410619,0.108984,0,0,0,0
8,1068,2,0.233865,0.233865,-0.128767,0.991347,1.12011,31.4849,35.9654,10,9,-1,0.642883,0.789165,0.146282,0,0,0,0
8,1068,3,0.414432,0.414432,0.493435,0.629378,0.135943,33.9737,34.5175,12,8,-4,0.723525,0.686944,0.0365808,0,0,0,0
8.5,1069,1,1.43422,1.43422,-0.000792265,0.543836,0.544628,31.9968,34.1753,13,12,-1,0.410619,0.564899,0.15428,0,0,0,0
8.5,1069,2,0.548009,0.548009,-0.61213,-0.128767,0.483363,29.5515,31.4849,9,7,-2,0.789165,0.65849,0.130675,0,0,0,0
8.5,1069,3,0.575797,0.575797,-0.180652,0.493435,0.674087,31.2774,33.9737,8,11,3,0.686944,0.68181,0.0051344,0,0,0,0
9,1070,1,0.514783,0.514783,0.979601,-0.000792265,0.980393,35.9184,31.9968,12,10,-2,0.564899,0.66493,0.10003,0,0,0,0
9,1070,2,0.446732,0.446732,0.926083,-0.61213,1.53821,35.7043,29.5515,7,9,2,0.65849,0.410544,0.247946,0,0,0,0
9,1070,3,0.316531,0.316531,0.757341,-0.180652,0.937993,35.0294,31.2774,11,11,0,0.68181,0.805032,0.123222,0,0,0,0
9.5,1071,1,0.641462,0.641462,0.47149,0.979601,0.508112,33.886,35.9184,10,10,0,0.66493,0.632958,0.0319712,0,0,0,0
9.5,1071,2,0.250283,0.250283,0.584276,0.926083,0.341807,34.3371,35.7043,9,11,2,0.410544,0.467134,0.0565904,0,0,0,0
9.5,1071,3,1.56542,1.56542,0.456476,0.757341,0.300865,33.8259,35.0294,11,9,-2,0.805032,0.787282,0.0177504,0,0,0,0
10,1072,1,0.0707983,0.0707983,0.967492,0.47149,0.496002,35.87,33.886,10,10,0,0.632958,0.649195,0.0162368,0,0,0,0
10,1072,2,0.249442,0.249442,0.0793972,0.584276,0.504879,32.3176,34.3371,11,10,-1,0.467134,0.599197,0.132062,0,0,0,0
10,1072,3,1.36318,1.36318,0.572113,0.456476,0.115637,34.2885,33.8259,9,10,1,0.787282,0.670293,0.116989,0,0,0,0
10.5,1073,1,0.322222,0.322222,-0.229951,0.967492,1.19744,31.0802,35.87,10,9,-1,0.649195,0.690634,0.0414384,0,0,0,0
10.5,1073,2,1.41967,1.41967,0.963954,0.0793972,0.884557,35.8558,32.3176,10,11,1,0.599197,0.522837,0.07636,0,0,0,0
10.5,1073,3,1.15114,1.15114,0.789241,0.572113,0.217128,35.157,34.2885,10,10,0,0.670293,0.775968,0.105675,0,0,0,0
11,1074,1,0.218044,0.218044,0.77303,-0.229951,1.00298,35.0921,31.0802,9,8,-1,0.690634,0.502805,0.187829,0,0,0,0
11,1074,2,0.824326,0.824326,0.508006,0.963954,0.455949,34.032,35.8558,11,14,3,0.522837,0.711974,0.189138,0,0,0,0
11,1074,3,1.47979,1.47979,0.793143,0.789241,0.00390184,35.1726,35.157,10,8,-2,0.775968,0.735427,0.0405408,0,0,1,0
11.5,1075,1,1.49341,1.49341,0.849245,0.77303,0.0762153,35.397,35.0921,8,2,-6,0.502805,0.617373,0.114568,0,0,0,0
11.5,1075,2,0.122685,0.122685,0.509422,0.508006,0.00141662,34.0377,34.032,14,11,-3,0.711974,0.539389,0.172586,0,0,1,0
11.5,1075,3,1.3142,1.3142,0.904023,0.793143,0.11088,35.6161,35.1726,8,17,9,0.735427,0.636669,0.0987584,0,0,0,0
12,1076,1,0.78483,0.78483,-0.239833,0.849245,1.08908,31.0407,35.397,2,11,9,0.617373,0.643926,0.0265536,0,0,0,0
12,1076,2,0.449629,0.449629,0.394687,0.509422,0.114735,33.5787,34.0377,11,13,2,0.539389,0.464371,0.0750176,0,0,0,0
12,1076,3,0.490409,0.490409,0.803588,0.904023,0.100435,35.2144,35.6161,17,6,-11,0.636669,0.784768,0.148099,0,0,0,0
12.5,1077,1,0.995752,0.995752,0.914452,-0.239833,1.15429,35.6578,31.0407,11,10,-1,0.643926,0.459965,0.183962,0,0,0,0
12.5,1077,2,0.914294,0.914294,0.879932,0.394687,0.485245,35.5197,33.5787,13,10,-3,0.464371,0.545928,0.0815568,0,0,0,0
12.5,1077,3,0.196112,0.196112,-0.298209,0.803588,1.1018,30.8072,35.2144,6,10,4,0.784768,0.884592,0.099824,0,0,0,0
13,1078,1,0.0351852,0.0351852,0.345662,0.914452,0.56879,33.3826,35.6578,10,11,1,0.459965,0.567382,0.107418,0,0,0,0
13,1078,2,0.196362,0.196362,0.863204,0.879932,0.0167274,35.4528,35.5197,10,9,-1,0.545928,0.62469,0.0787616,0,0,1,0
13,1078,3,0.466469,0.466469,0.760303,-0.298209,1.05851,35.0412,30.8072,10,10,0,0.884592,0.681742,0.20285,0,0,0,0
13.5,1079,1,1.22857,1.22857,0.820028,0.345662,0.474366,35.2801,33.3826,11,4,-7,0.567382,0.52877,0.0386128,0,0,0,0
13.5,1079,2,0.0282005,0.0282005,-0.717427,0.863204,1.58063,29.1303,35.4528,9,13,4,0.62469,0.58867,0.0360192,0,0,0,0
13.5,1079,3,0.633739,0.633739,0.592481,0.760303,0.167823,34.3699,35.0412,10,13,3,0.681742,0.735912,0.0541696,0,0,0,0
14,1080,1,0.0958328,0.0958328,0.815705,0.820028,0.00432372,35.2628,35.2801,4,8,4,0.52877,0.654456,0.125686,0,0,1,0
14,1080,2,0.57887,0.57887,0.993401,-0.717427,1.71083,35.9736,29.1303,13,14,1,0.58867,0.419456,0.169214,0,0,0,0
14,1080,3,0.192049,0.192049,0.418769,0.592481,0.173712,33.6751,34.3699,13,8,-5,0.735912,0.776909,0.0409968,0,0,0,0
14.5,1081,1,0.0070965,0.0070965,0.684483,0.815705,0.131222,34.7379,35.2628,8,14,6,0.654456,0.64687,0.0075856,0,1,0,0
14.5,1081,2,1.33212,1.33212,0.748219,0.993401,0.245182,34.9929,35.9736,14,6,-8,0.419456,0.630837,0.211381,0,0,0,0
14.5,1081,3,0.703388,0.703388,0.0221595,0.418769,0.396609,32.0886,33.6751,8,10,2,0.776909,0.632496,0.144413,0,0,0,0
15,1082,1,0.267723,0.267723,0.962476,0.684483,0.277993,35.8499,34.7379,14,13,-1,0.64687,0.609296,0.0375744,0,0,0,0
15,1082,2,0.273259,0.273259,0.961997,0.748219,0.213777,35.848,34.9929,6,9,3,0.630837,0.689075,0.0582384,0,0,0,0
15,1082,3,1.22512,1.22512,0.816004,0.0221595,0.793844,35.264,32.0886,10,8,-2,0.632496,0.593766,0.0387296,0,0,0,0
15.5,1083,1,0.445602,0.445602,0.710559,0.962476,0.251917,34.8422,35.8499,13,13,0,0.609296,0.574773,0.0345232,0,0,0,0
15.5,1083,2,0.195279,0.195279,0.775321,0.961997,0.186676,35.1013,35.848,9,9,0,0.689075,0.600995,0.08808,0,0,0,0
15.5,1083,3,1.49559,1.49559,0.722136,0.816004,0.0938682,34.8885,35.264,8,8,0,0.593766,0.760301,0.166534,0,0,0,0
16,1084,1,0.176699,0.176699,0.931778,0.710559,0.221219,35.7271,34.8422,13,11,-2,0.574773,0.559002,0.0157712,0,0,0,0
16,1084,2,0.20116,0.20116,0.845984,0.775321,0.0706631,35.3839,35.1013,9,11,2,0.600995,0.585069,0.0159264,0,0,0,0
16,1084,3,0.167392,0.167392,0.834778,0.722136,0.112642,35.3391,34.8885,8,8,0,0.760301,0.731685,0.028616,0,0,0,0
16.5,1085,1,0.0722638,0.0722638,-0.299406,0.931778,1.23118,30.8024,35.7271,11,11,0,0.559002,0.568605,0.0096032,0,0,0,0
16.5,1085,2,0.0628343,0.0628343,0.982214,0.845984,0.13623,35.9289,35.3839,11,11,0,0.585069,0.593997,0.008928,0,0,0,0
16.5,1085,3,1.02403,1.02403,0.604631,0.834778,0.230147,34.4185,35.3391,8,8,0,0.731685,0.745398,0.0137136,0,0,0,0
17,1086,1,0.0811077,0.0811077,0.380426,-0.299406,0.679832,33.5217,30.8024,11,11,0,0.568605,0.401106,0.167499,0,0,0,0
17,1086,2,1.67027,1.67027,0.886741,0.982214,0.0954732,35.547,35.9289,11,11,0,0.593997,0.628406,0.0344096,0,0,0,0
17,1086,3,0.340111,0.340111,0.695935,0.604631,0.0913045,34.7837,34.4185,8,8,0,0.745398,0.83609,0.0906912,0,0,0,0
17.5,1087,1,0.531654,0.531654,0.946814,0.380426,0.566388,35.7873,33.5217,11,11,0,0.401106,0.375267,0.0258384,0,0,0,0
17.5,1087,2,0.437566,0.437566,0.500065,0.886741,0.386676,34.0003,35.547,11,11,0,0.628406,0.693146,0.0647392,0,0,0,0
17.5,1087,3,0.488054,0.488054,0.960682,0.695935,0.264747,35.8427,34.7837,8,8,0,0.83609,0.732176,0.103914,0,0,0,0
18,1088,1,0.43625,0.43625,0.505859,0.946814,0.440954,34.0234,35.7873,11,11,0,0.375267,0.560738,0.18547,0,0,0,0
18,1088,2,0.425809,0.425809,0.371892,0.500065,0.128173,33.4876,34.0003,11,6,-5,0.693146,0.590898,0.102248,0,0,0,0
18,1088,3,0.905195,0.905195,0.136478,0.960682,0.824204,32.5459,35.8427,8,13,5,0.732176,0.668171,0.0640048,0,0,0,0
18.5,1089,1,0.267803,0.267803,-0.497619,0.505859,1.00348,30.0095,34.0234,11,13,2,0.560738,0.620834,0.060096,0,0,0,0
18.5,1089,2,1.35123,1.35123,0.654148,0.371892,0.282256,34.6166,33.4876,6,9,3,0.590898,0.602618,0.01172,0,0,0,0
18.5,1089,3,0.178406,0.178406,0.869417,0.136478,0.732939,35.4777,32.5459,13,8,-5,0.668171,0.628402,0.0397696,0,0,0,0
19,1090,1,0.0574561,0.0574561,0.531848,-0.497619,1.02947,34.1274,30.0095,13,14,1,0.620834,0.41604,0.204794,0,0,0,0
19,1090,2,0.360738,0.360738,0.855468,0.654148,0.20132,35.4219,34.6166,9,4,-5,0.602618,0.74857,0.145952,0,0,0,0
19,1090,3,1.18795,1.18795,-0.0656993,0.869417,0.935116,31.7372,35.4777,8,12,4,0.628402,0.738859,0.110458,0,0,0,0
19.5,1091,1,0.0485406,0.0485406,-0.4108,0.531848,0.942649,30.3568,34.1274,14,13,-1,0.41604,0.464373,0.0483328,0,0,0,0
19.5,1091,2,0.434414,0.434414,-0.880732,0.855468,1.7362,28.4771,35.4219,4,7,3,0.74857,0.724638,0.0239312,0,0,0,0
19.5,1091,3,1.70002,1.70002,0.936792,-0.0656993,1.00249,35.7472,31.7372,12,10,-2,0.738859,0.690336,0.0485232,0,0,0,0
20,1092,1,0.829322,0.829322,0.759016,-0.4108,1.16982,35.0361,30.3568,13,12,-1,0.464373,0.472496,0.0081232,0,0,0,0
20,1092,2,0.644088,0.644088,0.905941,-0.880732,1.78667,35.6238,28.4771,7,12,5,0.724638,0.474139,0.250499,0,0,0,0
20,1092,3,1.76552,1.76552,0.88465,0.936792,0.0521417,35.5386,35.7472,10,6,-4,0.690336,1.0053,0.314966,0,0,0,0
20.5,1093,1,0.582789,0.582789,0.91255,0.759016,0.153533,35.6502,35.0361,12,12,0,0.472496,0.497576,0.02508,0,0,0,0
20.5,1093,2,0.272358,0.272358,0.844478,0.905941,0.0614626,35.3779,35.6238,12,3,-9,0.474139,0.542274,0.0681344,0,0,0,0
20.5,1093,3,1.21579,1.21579,0.940235,0.88465,0.0555848,35.7609,35.5386,6,15,9,1.0053,0.77713,0.228173,0,0,0,0
21,1094,1,0.600398,0.600398,0.296301,0.91255,0.616249,33.1852,35.6502,12,12,0,0.497576,0.646677,0.149101,0,0,0,0
21,1094,2,1.38577,1.38577,0.593987,0.844478,0.250491,34.3759,35.3779,3,10,7,0.542274,0.519304,0.0229696,0,0,0,0
21,1094,3,0.0996918,0.0996918,0.772042,0.940235,0.168193,35.0882,35.7609,15,8,-7,0.77713,0.619266,0.157864,0,0,0,0
21.5,1095,1,0.443253,0.443253,0.140567,0.296301,0.155733,32.5623,33.1852,12,9,-3,0.646677,0.531587,0.11509,0,0,0,0
21.5,1095,2,1.43888,1.43888,0.91596,0.593987,0.321973,35.6638,34.3759,10,10,0,0.519304,0.638187,0.118883,0,0,0,0
21.5,1095,3,0.337331,0.337331,0.632281,0.772042,0.139761,34.5291,35.0882,8,11,3,0.619266,0.619589,0.0003232,0,0,0,0
22,1096,1,1.54324,1.54324,0.841257,0.140567,0.70069,35.365,32.5623,9,10,1,0.531587,0.507573,0.0240144,0,0,0,0
22,1096,2,0.595787,0.595787,-0.245016,0.91596,1.16098,31.0199,35.6638,10,7,-3,0.638187,0.622506,0.0156816,0,0,0,0
22,1096,3,0.348929,0.348929,0.674086,0.632281,0.0418049,34.6963,34.5291,11,13,2,0.619589,0.588469,0.03112,0,0,0,0
22.5,1097,1,1.52457,1.52457,0.38163,0.841257,0.459627,33.5265,35.365,10,6,-4,0.507573,0.663827,0.156254,0,0,0,0
22.5,1097,2,0.841306,0.841306,0.820193,-0.245016,1.06521,35.2808,31.0199,7,11,4,0.622506,0.447147,0.175358,0,0,0,0
22.5,1097,3,0.869175,0.869175,0.868045,0.674086,0.193959,35.4722,34.6963,13,13,0,0.588469,0.578008,0.0104608,0,0,0,0
23,1098,1,0.090612,0.090612,0.563291,0.38163,0.181661,34.2532,33.5265,6,9,3,0.663827,0.560525,0.103302,0,0,0,0
23,1098,2,0.107994,0.107994,-0.108432,0.820193,0.928624,31.5663,35.2808,11,8,-3,0.447147,0.504482,0.0573344,0,0,0,0
23,1098,3,1.0408,1.0408,0.483148,0.868045,0.384897,33.9326,35.4722,13,13,0,0.578008,0.598491,0.0204832,0,0,0,0
23.5,1099,1,0.204749,0.204749,0.566548,0.563291,0.00325686,34.2662,34.2532,9,6,-3,0.560525,0.694592,0.134067,0,0,1,0
23.5,1099,2,0.974686,0.974686,0.592118,-0.108432,0.70055,34.3685,31.5663,8,10,2,0.504482,0.480917,0.0235648,0,0,0,0
23.5,1099,3,1.53242,1.53242,0.71209,0.483148,0.228942,34.8484,33.9326,13,14,1,0.598491,0.549888,0.0486032,0,0,0,0
24,1100,1,0.891294,0.891294,-0.201623,0.566548,0.768171,31.1935,34.2662,6,8,2,0.694592,0.631677,0.0629152,0,0,0,0
24,1100,2,0.169686,0.169686,0.0959293,0.592118,0.496189,32.3837,34.3685,10,4,-6,0.480917,0.544344,0.0634272,0,0,0,0
24,1100,3,1.28004,1.28004,-0.143162,0.71209,0.855252,31.4274,34.8484,14,18,4,0.549888,0.559245,0.0093568,0,0,0,0
24.5,1101,1,1.54828,1.54828,0.524045,-0.201623,0.725668,34.0962,31.1935,8,13,5,0.631677,0.539174,0.0925024,0,0,0,0
24.5,1101,2,0.345166,0.345166,0.739315,0.0959293,0.643386,34.9573,32.3837,4,11,7,0.544344,0.600986,0.0566416,0,0,0,0
24.5,1101,3,0.986324,0.986324,0.0677032,-0.143162,0.210865,32.2708,31.4274,18,6,-12,0.559245,0.683187,0.123942,0,0,0,0
25,1102,1,1.15289,1.15289,-0.801603,0.524045,1.32565,28.7936,34.0962,13,10,-3,0.539174,0.640915,0.101741,0,0,0,0
25,1102,2,0.579649,0.579649,0.910481,0.739315,0.171166,35.6419,34.9573,11,10,-1,0.600986,0.602989,0.0020032,0,0,0,0
25,1102,3,0.198977,0.198977,0.694862,0.0677032,0.627159,34.7794,32.2708,6,10,4,0.683187,0.634376,0.0488112,0,0,0,0
25.5,1103,1,0.0476777,0.0476777,0.176305,-0.801603,0.977908,32.7052,28.7936,10,5,-5,0.640915,0.42893,0.211986,0,0,0,0
25.5,1103,2,0.142644,0.142644,0.288949,0.910481,0.621532,33.1558,35.6419,10,16,6,0.602989,0.62304,0.0200512,0,0,0,0
25.5,1103,3,0.47501,0.47501,0.913197,0.694862,0.218335,35.6528,34.7794,10,9,-1,0.634376,0.830787,0.196411,0,0,0,0
26,1104,1,1.05349,1.05349,0.75935,0.176305,0.583045,35.0374,32.7052,5,10,5,0.42893,0.397688,0.0312416,0,0,0,0
26,1104,2,0.925917,0.925917,-0.601516,0.288949,0.890465,29.5939,33.1558,16,12,-4,0.62304,0.518714,0.104326,0,0,0,0
26,1104,3,1.1364,1.1364,0.886964,0.913197,0.0262328,35.5479,35.6528,9,8,-1,0.830787,0.859998,0.0292112,0,0,0,0
26.5,1105,1,0.0821484,0.0821484,0.933027,0.75935,0.173677,35.7321,35.0374,10,8,-2,0.397688,0.674938,0.27725,0,0,0,0
26.5,1105,2,0.994095,0.994095,0.921386,-0.601516,1.5229,35.6855,29.5939,12,10,-2,0.518714,0.315531,0.203182,0,0,0,0
26.5,1105,3,0.586994,0.586994,-0.581259,0.886964,1.46822,29.675,35.5479,8,12,4,0.859998,0.751712,0.108286,0,0,0,0
27,1106,1,1.62704,1.62704,0.346639,0.933027,0.586388,33.3866,35.7321,8,8,0,0.674938,0.675578,0.00064,0,0,0,0
27,1106,2,0.502398,0.502398,0.905121,0.921386,0.0162651,35.6205,35.6855,10,10,0,0.315531,0.549021,0.23349,0,0,1,0
27,1106,3,0.602355,0.602355,-0.0146775,-0.581259,0.566581,31.9413,29.675,12,12,0,0.751712,0.540074,0.211638,0,0,0,0
27.5,1107,1,1.27095,1.27095,0.515215,0.346639,0.168576,34.0609,33.3866,8,11,3,0.675578,0.58976,0.0858176,0,0,0,0
27.5,1107,2,0.904452,0.904452,0.568428,0.905121,0.336693,34.2737,35.6205,10,12,2,0.549021,0.666397,0.117376,0,0,0,0
27.5,1107,3,0.526972,0.526972,0.914372,-0.0146775,0.92905,35.6575,31.9413,12,7,-5,0.540074,0.419987,0.120086,0,0,0,0
28,1108,1,0.519512,0.519512,-0.0757907,0.515215,0.591006,31.6968,34.0609,11,13,2,0.58976,0.566371,0.0233888,0,0,0,0
28,1108,2,1.47661,1.47661,0.614907,0.568428,0.0464794,34.4596,34.2737,12,12,0,0.666397,0.568421,0.097976,0,0,0,0
28,1108,3,0.216631,0.216631,0.949109,0.914372,0.0347371,35.7964,35.6575,7,5,-2,0.419987,0.758019,0.338032,0,0,0,0
28.5,1109,1,0.945169,0.945169,0.534963,-0.0757907,0.610754,34.1399,31.6968,13,9,-4,0.566371,0.428365,0.138006,0,0,0,0
28.5,1109,2,0.105819,0.105819,0.854864,0.614907,0.239957,35.4195,34.4596,12,11,-1,0.568421,0.476744,0.0916768,0,0,0,0
28.5,1109,3,0.672131,0.672131,0.865968,0.949109,0.0831417,35.4639,35.7964,5,10,5,0.758019,0.860675,0.102656,0,0,0,0
29,1110,1,0.556178,0.556178,0.728909,0.534963,0.193946,34.9156,34.1399,9,8,-1,0.428365,0.418074,0.0102912,0,0,0,0
29,1110,2,1.57417,1.57417,0.206345,0.854864,0.648518,32.8254,35.4195,11,11,0,0.476744,0.520886,0.0441424,0,0,0,0
29,1110,3,1.44657,1.44657,-0.218423,0.865968,1.08439,31.1263,35.4639,10,11,1,0.860675,0.669555,0.19112,0,0,0,0
29.5,1111,1,0.101229,0.101229,0.163763,0.728909,0.565147,32.6551,34.9156,8,5,-3,0.418074,0.805072,0.386998,0,0,0,0
29.5,1111,2,0.0377092,0.0377092,0.844877,0.206345,0.638532,35.3795,32.8254,11,13,2,0.520886,0.502952,0.0179344,0,0,0,0
29.5,1111,3,0.36178,0.36178,-0.16623,-0.218423,0.0521935,31.3351,31.1263,11,12,1,0.669555,0.603173,0.0663824,0,0,0,0
30,1112,1,0.529091,0.529091,-0.0349623,0.163763,0.198725,31.8602,32.6551,5,16,11,0.805072,0.531517,0.273555,0,0,0,0
30,1112,2,1.54378,1.54378,0.951893,0.844877,0.107016,35.8076,35.3795,13,8,-5,0.502952,0.631789,0.128837,0,0,0,0
30,1112,3,0.824631,0.824631,0.898253,-0.16623,1.06448,35.593,31.3351,12,6,-6,0.603173,0.650003,0.0468304,0,0,0,0
30.5,1113,1,0.096215,0.096215,0.674692,-0.0349623,0.709654,34.6988,31.8602,16,15,-1,0.531517,0.382547,0.14897,0,0,0,0
30.5,1113,2,0.538183,0.538183,0.855729,0.951893,0.096164,35.4229,35.8076,8,11,3,0.631789,0.661003,0.0292144,0,0,0,0
30.5,1113,3,1.19015,1.19015,0.854826,0.898253,0.0434276,35.4193,35.593,6,4,-2,0.650003,0.819674,0.16967,0,0,0,0
31,1114,1,0.284864,0.284864,0.275655,0.674692,0.399037,33.1026,34.6988,15,10,-5,0.382547,0.468606,0.0860592,0,0,0,0
31,1114,2,0.425711,0.425711,0.788212,0.855729,0.0675174,35.1528,35.4229,11,12,1,0.661003,0.555544,0.105459,0,0,0,0
31,1114,3,0.00272733,0.00272733,0.76378,0.854826,0.0910456,35.0551,35.4193,4,8,4,0.819674,0.86955,0.0498768,0,1,0,0
31.5,1115,1,1.0414,1.0414,0.781517,0.275655,0.505862,35.1261,33.1026,10,11,1,0.468606,0.495635,0.0270288,0,0,0,0
31.5,1115,2,0.860895,0.860895,0.495886,0.788212,0.292325,33.9835,35.1528,12,13,1,0.555544,0.567571,0.0120272,0,0,0,0
31.5,1115,3,0.370806,0.370806,-0.648838,0.76378,1.41262,29.4046,35.0551,8,6,-2,0.86955,0.767538,0.102013,0,0,0,0
32,1116,1,0.0396255,0.0396255,0.416307,0.781517,0.36521,33.6652,35.1261,11,11,0,0.495635,0.72177,0.226134,0,0,0,0
32,1116,2,1.7746,1.7746,0.39217,0.495886,0.103716,33.5687,33.9835,13,11,-2,0.567571,0.573011,0.00544,0,0,0,0
32,1116,3,0.135731,0.135731,0.961262,-0.648838,1.6101,35.845,29.4046,6,8,2,0.767538,0.590979,0.176558,0,0,0,0
32.5,1117,1,0.0234413,0.0234413,0.97298,0.416307,0.556674,35.8919,33.6652,11,14,3,0.72177,0.628101,0.0936688,0,0,0,0
32.5,1117,2,0.263991,0.263991,0.847149,0.39217,0.454978,35.3886,33.5687,11,11,0,0.573011,0.455989,0.117022,0,0,0,0
32.5,1117,3,0.934754,0.934754,0.864431,0.961262,0.0968312,35.4577,35.845,8,5,-3,0.590979,0.837566,0.246587,0,0,0,0
33,1118,1,1.01858,1.01858,0.302102,0.97298,0.670878,33.2084,35.8919,14,8,-6,0.628101,0.681875,0.0537744,0,0,0,0
33,1118,2,0.479964,0.479964,0.520904,0.847149,0.326245,34.0836,35.3886,11,12,1,0.455989,0.474941,0.018952,0,0,0,0
33,1118,3,0.0252996,0.0252996,0.0964002,0.864431,0.768031,32.3856,35.4577,5,10,5,0.837566,0.772264,0.0653024,0,0,0,0
33.5,1119,1,1.48215,1.48215,0.381922,0.302102,0.0798192,33.5277,33.2084,8,8,0,0.681875,0.686746,0.0048704,0,0,0,0
33.5,1119,2,0.626335,0.626335,-0.283705,0.520904,0.804609,30.8652,34.0836,12,12,0,0.474941,0.581341,0.1064,0,0,0,0
33.5,1119,3,0.950668,0.950668,-0.515949,0.0964002,0.612349,29.9362,32.3856,10,10,0,0.772264,0.622843,0.149421,0,0,0,0
34,1120,1,0.266921,0.266921,0.816776,0.381922,0.434854,35.2671,33.5277,8,8,0,0.686746,0.745413,0.0586672,0,0,0,0
34,1120,2,0.335201,0.335201,0.990843,-0.283705,1.27455,35.9634,30.8652,12,12,0,0.581341,0.506488,0.0748528,0,0,0,0
34,1120,3,0.642598,0.642598,0.497425,-0.515949,1.01337,33.9897,29.9362,10,10,0,0.622843,0.569445,0.0533984,0,0,0,0
34.5,1121,1,1.51517,1.51517,-0.159072,0.816776,0.975848,31.3637,35.2671,8,9,1,0.745413,0.662149,0.083264,0,0,0,0
34.5,1121,2,1.71281,1.71281,0.795456,0.990843,0.195388,35.1818,35.9634,12,12,0,0.506488,0.54131,0.0348224,0,0,0,0
34.5,1121,3,0.230794,0.230794,0.804426,0.497425,0.307001,35.2177,33.9897,10,9,-1,0.569445,0.529752,0.0396928,0,0,0,0
35,1122,1,0.104557,0.104557,0.391213,-0.159072,0.550285,33.5649,31.3637,9,8,-1,0.662149,0.524078,0.13807,0,0,0,0
35,1122,2,0.58608,0.58608,-0.740221,0.795456,1.53568,29.0391,35.1818,12,12,0,0.54131,0.586453,0.0451424,0,0,0,0
35,1122,3,0.0866165,0.0866165,0.658796,0.804426,0.14563,34.6352,35.2177,9,10,1,0.529752,0.730922,0.20117,0,0,0,0
35.5,1123,1,0.463799,0.463799,0.837404,0.391213,0.446192,35.3496,33.5649,8,8,0,0.524078,0.573645,0.0495664,0,0,0,0
35.5,1123,2,0.0596016,0.0596016,0.971519,-0.740221,1.71174,35.8861,29.0391,12,12,0,0.586453,0.378259,0.208194,0,0,0,0
35.5,1123,3,1.16183,1.16183,0.986759,0.658796,0.327962,35.947,34.6352,10,10,0,0.730922,0.917784,0.186862,0,0,0,0
36,1124,1,1.15257,1.15257,0.712113,0.837404,0.125291,34.8485,35.3496,8,8,0,0.573645,0.665066,0.0914208,0,0,0,0
36,1124,2,0.0662429,0.0662429,0.755104,0.971519,0.216414,35.0204,35.8861,12,11,-1,0.378259,0.425042,0.0467824,0,0,0,0
36,1124,3,0.188409,0.188409,0.476901,0.986759,0.509858,33.9076,35.947,10,11,1,0.917784,0.717203,0.200581,0,0,0,0
36.5,1125,1,0.262598,0.262598,0.525736,0.712113,0.186378,34.1029,34.8485,8,12,4,0.665066,0.529661,0.135405,0,0,0,0
36.5,1125,2,0.557309,0.557309,0.631972,0.755104,0.123132,34.5279,35.0204,11,11,0,0.425042,0.590813,0.165771,0,0,0,0
36.5,1125,3,0.717901,0.717901,0.914698,0.476901,0.437798,35.6588,33.9076,11,7,-4,0.717203,0.68432,0.0328832,0,0,0,0
37,1126,1,0.172746,0.172746,0.571621,0.525736,0.0458851,34.2865,34.1029,12,9,-3,0.529661,0.609224,0.0795632,0,0,0,0
37,1126,2,0.273867,0.273867,0.643824,0.631972,0.0118518,34.5753,34.5279,11,12,1,0.590813,0.516715,0.0740976,0,0,1,0
37,1126,3,0.568729,0.568729,0.747771,0.914698,0.166928,34.9911,35.6588,7,9,2,0.68432,0.694638,0.0103184,0,0,0,0
37.5,1127,1,0.456192,0.456192,0.930919,0.571621,0.359298,35.7237,34.2865,9,7,-2,0.609224,0.680475,0.0712512,0,0,0,0
37.5,1127,2,0.0683032,0.0683032,0.684928,0.643824,0.0411034,34.7397,34.5753,12,11,-1,0.516715,0.539245,0.0225296,0,0,0,0
37.5,1127,3,0.40832,0.40832,0.878942,0.747771,0.131172,35.5158,34.9911,9,12,3,0.694638,0.637997,0.0566416,0,0,0,0
38,1128,1,0.0540434,0.0540434,0.899665,0.930919,0.0312538,35.5987,35.7237,7,7,0,0.680475,0.713973,0.0334976,0,0,0,0
38,1128,2,0.850477,0.850477,0.714512,0.684928,0.0295842,34.858,34.7397,11,10,-1,0.539245,0.497502,0.0417424,0,0,0,0
38,1128,3,0.882769,0.882769,0.479255,0.878942,0.399687,33.917,35.5158,12,13,1,0.637997,0.656616,0.0186192,0,0,0,0
38.5,1129,1,0.29307,0.29307,0.256758,0.899665,0.642908,33.027,35.5987,7,9,2,0.713973,0.624867,0.0891056,0,0,0,0
38.5,1129,2,0.518773,0.518773,0.285772,0.714512,0.42874,33.1431,34.858,10,11,1,0.497502,0.491773,0.0057296,0,0,0,0
38.5,1129,3,0.63503,0.63503,-0.397191,0.479255,0.876446,30.4112,33.917,13,10,-3,0.656616,0.738499,0.0818832,0,0,0,0
39,1130,1,0.266943,0.266943,0.434593,0.256758,0.177835,33.7384,33.027,9,10,1,0.624867,0.621782,0.0030848,0,0,0,0
39,1130,2,0.775322,0.775322,0.79466,0.285772,0.508888,35.1786,33.1431,11,11,0,0.491773,0.576779,0.0850064,0,0,0,0
39,1130,3,0.0195725,0.0195725,0.870745,-0.397191,1.26794,35.483,30.4112,10,9,-1,0.738499,0.553606,0.184893,0,1,0,0
39.5,1131,1,0.291139,0.291139,0.885332,0.434593,0.450739,35.5413,33.7384,10,12,2,0.621782,0.527058,0.0947248,0,0,0,0
39.5,1131,2,0.0240875,0.0240875,0.742358,0.79466,0.0523022,34.9694,35.1786,11,11,0,0.576779,0.60848,0.0317008,0,0,0,0
39.5,1131,3,0.021389,0.021389,0.318734,0.870745,0.552011,33.2749,35.483,9,7,-2,0.553606,0.725272,0.171666,0,0,0,0
40,1132,1,0.0629115,0.0629115,0.711343,0.885332,0.173989,34.8454,35.5413,12,9,-3,0.527058,0.624762,0.097704,0,0,0,0
40,1132,2,0.507607,0.507607,0.621493,0.742358,0.120864,34.486,34.9694,11,10,-1,0.60848,0.577915,0.0305648,0,0,0,0
40,1132,3,0.341386,0.341386,0.219067,0.318734,0.0996667,32.8763,33.2749,7,11,4,0.725272,0.619112,0.10616,0,0,0,0
40.5,1133,1,0.453999,0.453999,0.600829,0.711343,0.110514,34.4033,34.8454,9,11,2,0.624762,0.54315,0.0816112,0,0,0,0
40.5,1133,2,1.64034,1.64034,-0.134748,0.621493,0.756241,31.461,34.486,10,11,1,0.577915,0.614682,0.0367664,0,0,0,0
40.5,1133,3,0.354912,0.354912,0.974212,0.219067,0.755145,35.8968,32.8763,11,8,-3,0.619112,0.666973,0.0478608,0,0,0,0
41,1134,1,1.17388,1.17388,0.181751,0.600829,0.419078,32.727,34.4033,11,11,0,0.54315,0.597888,0.0547376,0,0,0,0
41,1134,2,1.5362,1.5362,0.650752,-0.134748,0.7855,34.603,31.461,11,11,0,0.614682,0.40823,0.206451,0,0,0,0
41,1134,3,0.930197,0.930197,0.992181,0.974212,0.0179691,35.9687,35.8968,8,8,0,0.666973,0.797251,0.130278,0,0,1,0
41.5,1135,1,0.881982,0.881982,0.141159,0.181751,0.0405916,32.5646,32.727,11,10,-1,0.597888,0.515464,0.082424,0,0,0,0
41.5,1135,2,0.989108,0.989108,0.805381,0.650752,0.154629,35.2215,34.603,11,11,0,0.40823,0.450395,0.0421648,0,0,0,0
41.5,1135,3,0.578631,0.578631,-0.567252,0.992181,1.55943,29.731,35.9687,8,9,1,0.797251,0.873072,0.0758208,0,0,0,0
42,1136,1,0.396855,0.396855,0.766771,0.141159,0.625611,35.0671,32.5646,10,12,2,0.515464,0.460646,0.0548176,0,0,0,0
42,1136,2,0.555938,0.555938,-0.297866,0.805381,1.10325,30.8085,35.2215,11,2,-9,0.450395,0.762864,0.312469,0,0,0,0
42,1136,3,0.308115,0.308115,0.931538,-0.567252,1.49879,35.7262,29.731,9,16,7,0.873072,0.54948,0.323592,0,0,0,0
42.5,1137,1,0.465905,0.465905,-0.405773,0.766771,1.17254,30.3769,35.0671,12,10,-2,0.460646,0.579158,0.118512,0,0,0,0
42.5,1137,2,1.01742,1.01742,0.920214,-0.297866,1.21808,35.6809,30.8085,2,13,11,0.762864,0.434589,0.328275,0,0,0,0
42.5,1137,3,0.232369,0.232369,0.927692,0.931538,0.00384635,35.7108,35.7262,16,7,-9,0.54948,0.739898,0.190418,0,0,1,0
43,1138,1,0.189282,0.189282,0.984282,-0.405773,1.39006,35.9371,30.3769,10,10,0,0.579158,0.435528,0.14363,0,0,0,0
43,1138,2,0.425576,0.425576,0.542722,0.920214,0.377492,34.1709,35.6809,13,10,-3,0.434589,0.478123,0.0435344,0,0,0,0
43,1138,3,0.882373,0.882373,0.951118,0.927692,0.0234264,35.8045,35.7108,7,10,3,0.739898,0.777784,0.0378864,0,0,0,0
43.5,1139,1,0.759368,0.759368,0.913641,0.984282,0.0706414,35.6546,35.9371,10,9,-1,0.435528,0.583885,0.148357,0,0,0,0
43.5,1139,2,0.953992,0.953992,0.823661,0.542722,0.280939,35.2946,34.1709,10,11,1,0.478123,0.54168,0.0635568,0,0,0,0
43.5,1139,3,1.34585,1.34585,0.18612,0.951118,0.764998,32.7445,35.8045,10,10,0,0.777784,0.71744,0.060344,0,0,0,0
44,1140,1,0.328965,0.328965,0.809043,0.913641,0.104597,35.2362,35.6546,9,7,-2,0.583885,0.686923,0.103038,0,0,0,0
44,1140,2,0.12577,0.12577,0.787393,0.823661,0.0362679,35.1496,35.2946,11,10,-1,0.54168,0.58824,0.04656,0,0,0,0
44,1140,3,0.808217,0.808217,-0.0728471,0.18612,0.258967,31.7086,32.7445,10,13,3,0.71744,0.631888,0.085552,0,0,0,0
44.5,1141,1,0.0024589,0.0024589,0.691462,0.809043,0.117581,34.7658,35.2362,7,8,1,0.686923,0.670155,0.016768,0,1,0,0
44.5,1141,2,0.1563,0.1563,-0.201202,0.787393,0.988595,31.1952,35.1496,10,13,3,0.58824,0.639405,0.0511648,0,0,0,0
44.5,1141,3,0.00524119,0.00524119,-0.44027,-0.0728471,0.367422,30.2389,31.7086,13,9,-4,0.631888,0.550784,0.081104,0,1,0,0
45,1142,1,1.1536,1.1536,-0.0425989,0.691462,0.734061,31.8296,34.7658,8,11,3,0.670155,0.763757,0.0936016,0,0,0,0
45,1142,2,1.20046,1.20046,0.853652,-0.201202,1.05485,35.4146,31.1952,13,12,-1,0.639405,0.502122,0.137283,0,0,0,0
45,1142,3,0.843626,0.843626,-0.649004,-0.44027,0.208734,29.404,30.2389,9,7,-2,0.550784,0.546122,0.0046624,0,0,0,0
45.5,1143,1,0.173881,0.173881,0.868232,-0.0425989,0.910831,35.4729,31.8296,11,16,5,0.763757,0.516774,0.246982,0,0,0,0
45.5,1143,2,0.0619017,0.0619017,-0.719321,0.853652,1.57297,29.1227,35.4146,12,8,-4,0.502122,0.783069,0.280947,0,0,0,0
45.5,1143,3,1.18759,1.18759,0.562752,-0.649004,1.21176,34.251,29.404,7,6,-1,0.546122,0.601211,0.0550896,0,0,0,0
46,1144,1,1.50002,1.50002,0.465235,0.868232,0.402998,33.8609,35.4729,16,14,-2,0.516774,0.543083,0.0263088,0,0,0,0
46,1144,2,1.43977,1.43977,0.754131,-0.719321,1.47345,35.0165,29.1227,8,11,3,0.783069,0.506605,0.276464,0,0,0,0
46,1144,3,1.08061,1.08061,0.844359,0.562752,0.281608,35.3774,34.251,6,5,-1,0.601211,0.913766,0.312555,0,0,0,0
46.5,1145,1,1.24641,1.24641,0.959127,0.465235,0.493892,35.8365,33.8609,14,14,0,0.543083,0.518891,0.024192,0,0,0,0
46.5,1145,2,1.72276,1.72276,0.956324,0.754131,0.202193,35.8253,35.0165,11,11,0,0.506605,0.328318,0.178286,0,0,0,0
46.5,1145,3,0.899432,0.899432,0.21256,0.844359,0.6318,32.8502,35.3774,5,5,0,0.913766,0.787723,0.126043,0,0,0,0
47,1146,1,1.26006,1.26006,0.100774,0.959127,0.858353,32.4031,35.8365,14,8,-6,0.518891,0.599189,0.0802976,0,0,0,0
47,1146,2,1.15876,1.15876,0.940345,0.956324,0.0159792,35.7614,35.8253,11,6,-5,0.328318,0.670106,0.341787,0,0,1,0
47,1146,3,0.422344,0.422344,0.519313,0.21256,0.306753,34.0773,32.8502,5,16,11,0.787723,0.58871,0.199013,0,0,0,0
47.5,1147,1,1.51179,1.51179,0.941177,0.100774,0.840403,35.7647,32.4031,8,12,4,0.599189,0.519176,0.0800128,0,0,0,0
47.5,1147,2,0.657719,0.657719,0.515107,0.940345,0.425237,34.0604,35.7614,6,11,5,0.670106,0.649866,0.02024,0,0,0,0
47.5,1147,3,0.151806,0.151806,0.419762,0.519313,0.0995511,33.679,34.0773,16,7,-9,0.58871,0.745595,0.156885,0,0,0,0
48,1148,1,0.0565278,0.0565278,0.484442,0.941177,0.456735,33.9378,35.7647,12,7,-5,0.519176,0.580856,0.06168,0,0,0,0
48,1148,2,1.09211,1.09211,0.13649,0.515107,0.378618,32.546,34.0604,11,14,3,0.649866,0.574043,0.0758224,0,0,0,0
48,1148,3,1.17289,1.17289,-0.433962,0.419762,0.853724,30.2642,33.679,7,9,2,0.745595,0.679413,0.0661824,0,0,0,0
48.5,1149,1,0.203298,0.203298,0.559313,0.484442,0.074871,34.2373,33.9378,7,11,4,0.580856,0.624648,0.043792,0,0,0,0
48.5,1149,2,0.062941,0.062941,0.755747,0.13649,0.619258,35.023,32.546,14,12,-2,0.574043,0.572483,0.00156,0,0,0,0
48.5,1149,3,1.36161,1.36161,0.857849,-0.433962,1.29181,35.4314,30.2642,9,7,-2,0.679413,0.744869,0.065456,0,0,0,0
49,1150,1,1.52559,1.52559,0.10764,0.559313,0.451673,32.4306,34.2373,11,16,5,0.624648,0.516835,0.107813,0,0,0,0
49,1150,2,1.28065,1.28065,0.891908,0.755747,0.136161,35.5676,35.023,12,8,-4,0.572483,0.613987,0.041504,0,0,0,0
49,1150,3,0.113215,0.113215,0.945121,0.857849,0.0872716,35.7805,35.4314,7,6,-1,0.744869,0.859464,0.114595,0,0,0,0
49.5,1151,1,0.185074,0.185074,0.960881,0.10764,0.853241,35.8435,32.4306,16,15,-1,0.516835,0.454571,0.062264,0,0,0,0
49.5,1151,2,0.430217,0.430217,0.856411,0.891908,0.035497,35.4256,35.5676,8,8,0,0.613987,0.614411,0.000424,0,0,0,0
49.5,1151,3,1.53919,1.53919,0.309619,0.945121,0.635502,33.2385,35.7805,6,7,1,0.859464,0.873285,0.0138208,0,0,0,0
50,1152,1,1.45689,1.45689,0.789442,0.960881,0.171439,35.1578,35.8435,15,6,-9,0.454571,0.590754,0.136182,0,0,0,0
50,1152,2,0.265791,0.265791,-0.0491339,0.856411,0.905545,31.8035,35.4256,8,13,5,0.614411,0.551539,0.062872,0,0,0,0
50,1152,3,1.28027,1.28027,0.920869,0.309619,0.61125,35.6835,33.2385,7,11,4,0.873285,0.710696,0.162589,0,0,0,0
50.5,1153,1,0.164439,0.164439,0.702048,0.789442,0.0873938,34.8082,35.1578,6,9,3,0.590754,0.711558,0.120805,0,0,0,0
50.5,1153,2,0.585541,0.585541,0.89557,-0.0491339,0.944704,35.5823,31.8035,13,11,-2,0.551539,0.405907,0.145632,0,0,0,0
50.5,1153,3,0.123971,0.123971,0.22383,0.920869,0.697039,32.8953,35.6835,11,10,-1,0.710696,0.759792,0.049096,0,0,0,0
51,1154,1,1.60226,1.60226,0.260036,0.702048,0.442012,33.0401,34.8082,9,10,1,0.711558,0.583802,0.127757,0,0,0,0
51,1154,2,0.239502,0.239502,0.954588,0.89557,0.0590181,35.8184,35.5823,11,9,-2,0.405907,0.556702,0.150795,0,0,0,0
51,1154,3,1.32667,1.32667,0.799783,0.22383,0.575953,35.1991,32.8953,10,11,1,0.759792,0.715218,0.0445744,0,0,0,0
51.5,1155,1,0.689825,0.689825,-0.117318,0.260036,0.377354,31.5307,33.0401,10,16,6,0.583802,0.477757,0.106045,0,0,0,0
51.5,1155,2,0.493356,0.493356,0.886291,0.954588,0.0682974,35.5452,35.8184,9,9,0,0.556702,0.617974,0.061272,0,0,0,0
51.5,1155,3,1.09662,1.09662,0.787982,0.799783,0.0118002,35.1519,35.1991,11,5,-6,0.715218,0.792299,0.0770816,0,0,1,0
52,1156,1,0.641329,0.641329,0.976802,-0.117318,1.09412,35.9072,31.5307,16,10,-6,0.477757,0.380621,0.097136,0,0,0,0
52,1156,2,0.514723,0.514723,0.107416,0.886291,0.778875,32.4297,35.5452,9,5,-4,0.617974,0.659859,0.0418848,0,0,0,0
52,1156,3,0.456808,0.456808,0.113049,0.787982,0.674934,32.4522,35.1519,5,15,10,0.792299,0.79011,0.0021888,0,0,0,0
52.5,1157,1,0.974195,0.974195,0.873697,0.976802,0.103105,35.4948,35.9072,10,8,-2,0.380621,0.730717,0.350096,0,0,0,0
52.5,1157,2,0.437837,0.437837,0.92799,0.107416,0.820575,35.712,32.4297,5,9,4,0.659859,0.552096,0.107763,0,0,0,0
52.5,1157,3,1.14081,1.14081,0.139536,0.113049,0.0264871,32.5581,32.4522,15,13,-2,0.79011,0.624392,0.165718,0,0,0,0
53,1158,1,1.03092,1.03092,0.941349,0.873697,0.0676523,35.7654,35.4948,8,9,1,0.730717,0.666915,0.0638016,0,0,0,0
53,1158,2,0.444825,0.444825,0.673166,0.92799,0.254825,34.6927,35.712,9,10,1,0.552096,0.575398,0.0233024,0,0,0,0
53,1158,3,0.721916,0.721916,0.862064,0.139536,0.722529,35.4483,32.5581,13,11,-2,0.624392,0.713861,0.0894688,0,0,0,0
53.5,1159,1,0.897504,0.897504,0.314291,0.941349,0.627058,33.2572,35.7654,9,13,4,0.666915,0.586618,0.0802976,0,0,0,0
53.5,1159,2,0.0608591,0.0608591,0.847014,0.673166,0.173848,35.3881,34.6927,10,11,1,0.575398,0.568088,0.0073104,0,0,0,0
53.5,1159,3,0.426674,0.426674,-0.360157,0.862064,1.22222,30.5594,35.4483,11,6,-5,0.713861,0.83685,0.122989,0,0,0,0
54,1160,1,0.732117,0.732117,0.870476,0.314291,0.556184,35.4819,33.2572,13,10,-3,0.586618,0.560965,0.0256528,0,0,0,0
54,1160,2,1.34289,1.34289,0.245592,0.847014,0.601422,32.9824,35.3881,11,8,-3,0.568088,0.732162,0.164074,0,0,0,0
54,1160,3,0.0291894,0.0291894,0.894662,-0.360157,1.25482,35.5786,30.5594,6,12,6,0.83685,0.558506,0.278344,0,0,0,0
54.5,1161,1,1.52643,1.52643,0.494314,0.870476,0.376162,33.9773,35.4819,10,15,5,0.560965,0.529912,0.0310528,0,0,0,0
54.5,1161,2,0.0602824,0.0602824,0.199996,0.245592,0.0455958,32.8,32.9824,8,9,1,0.732162,0.578971,0.15319,0,0,0,0
54.5,1161,3,1.34512,1.34512,-0.443748,0.894662,1.33841,30.225,35.5786,12,6,-6,0.558506,0.88203,0.323525,0,0,0,0
55,1162,1,0.302759,0.302759,0.782005,0.494314,0.287691,35.128,33.9773,15,14,-1,0.529912,0.648294,0.118382,0,0,0,0
55,1162,2,1.2927,1.2927,0.813303,0.199996,0.613307,35.2532,32.8,9,11,2,0.578971,0.510411,0.06856,0,0,0,0
55,1162,3,0.601333,0.601333,0.525793,-0.443748,0.969541,34.1032,30.225,6,5,-1,0.88203,0.791755,0.0902752,0,0,0,0
55.5,1163,1,1.89505,1.89505,0.54597,0.782005,0.236035,34.1839,35.128,14,9,-5,0.648294,0.646739,0.0015552,0,0,0,0
55.5,1163,2,0.713732,0.713732,0.753623,0.813303,0.0596805,35.0145,35.2532,11,10,-1,0.510411,0.618798,0.108387,0,0,0,0
55.5,1163,3,0.434238,0.434238,-0.133232,0.525793,0.659025,31.4671,34.1032,5,11,6,0.791755,0.586483,0.205272,0,0,0,0
56,1164,1,1.58231,1.58231,0.878617,0.54597,0.332647,35.5145,34.1839,9,10,1,0.646739,0.551781,0.0949584,0,0,0,0
56,1164,2,0.436575,0.436575,0.68918,0.753623,0.0644425,34.7567,35.0145,10,9,-1,0.618798,0.633187,0.0143888,0,0,0,0
56,1164,3,0.555804,0.555804,0.132762,-0.133232,0.265993,32.531,31.4671,11,11,0,0.586483,0.649899,0.063416,0,0,0,0
56.5,1165,1,0.989807,0.989807,0.928627,0.878617,0.0500107,35.7145,35.5145,10,13,3,0.551781,0.680059,0.128278,0,0,0,0
56.5,1165,2,0.238427,0.238427,0.958232,0.68918,0.269052,35.8329,34.7567,9,11,2,0.633187,0.621642,0.0115456,0,0,0,0
56.5,1165,3,0.327457,0.327457,0.903461,0.132762,0.770699,35.6138,32.531,11,6,-5,0.649899,0.6566,0.0067008,0,0,0,0
57,1166,1,1.27353,1.27353,-0.328332,0.928627,1.25696,30.6867,35.7145,13,12,-1,0.680059,0.595261,0.0847984,0,0,0,0
57,1166,2,1.33179,1.33179,0.549692,0.958232,0.40854,34.1988,35.8329,11,11,0,0.621642,0.562442,0.0592,0,0,0,0
57,1166,3,0.720167,0.720167,0.0577929,0.903461,0.845668,32.2312,35.6138,6,7,1,0.6566,0.815342,0.158742,0,0,0,0
57.5,1167,1,0.0273039,0.0273039,0.83774,-0.328332,1.16607,35.351,30.6867,12,12,0,0.595261,0.460872,0.134389,0,0,0,0
57.5,1167,2,0.18031,0.18031,0.500924,0.549692,0.0487679,34.0037,34.1988,11,11,0,0.562442,0.661834,0.099392,0,0,0,0
57.5,1167,3,0.525567,0.525567,0.635338,0.0577929,0.577545,34.5414,32.2312,7,7,0,0.815342,0.761717,0.0536256,0,0,0,0
58,1168,1,0.363466,0.363466,0.873354,0.83774,0.0356142,35.4934,35.351,12,8,-4,0.460872,0.571885,0.111013,0,0,0,0
58,1168,2,0.234263,0.234263,0.301482,0.500924,0.199442,33.2059,34.0037,11,13,2,0.661834,0.603899,0.0579344,0,0,0,0
58,1168,3,0.611058,0.611058,0.8608,0.635338,0.225462,35.4432,34.5414,7,9,2,0.761717,0.674208,0.0875088,0,0,0,0
58.5,1169,1,0.250892,0.250892,0.0365929,0.873354,0.836761,32.1464,35.4934,8,10,2,0.571885,0.578418,0.0065328,0,0,0,0
58.5,1169,2,0.138754,0.138754,0.495614,0.301482,0.194132,33.9825,33.2059,13,8,-5,0.603899,0.531395,0.072504,0,0,0,0
58.5,1169,3,0.147044,0.147044,0.91307,0.8608,0.05227,35.6523,35.4432,9,12,3,0.674208,0.795128,0.12092,0,0,0,0
1,1171,1,-1,-1,0.984052,0.984052,-1,35.9362,35.9362,11,11,0,0,0,0,0,0,0,0
1,1171,2,-1,-1,0.804465,0.804465,-1,35.2179,35.2179,10,10,0,0,0,0,0,0,0,0
1,1171,3,-1,-1,0.810889,0.810889,-1,35.2436,35.2436,9,9,0,0,0,0,0,0,0,0
1.5,1172,1,0.0253766,0.0253766,0.916083,0.984052,0.0679681,35.6643,35.9362,11,12,1,0,0.628626,0.628626,0,0,0,0
1.5,1172,2,1.06105,1.06105,0.9551,0.804465,0.150636,35.8204,35.2179,10,11,1,0,0.705595,0.705595,0,0,0,0
1.5,1172,3,0.358777,0.358777,-0.0430727,0.810889,0.853961,31.8277,35.2436,9,7,-2,0,0.77932,0.77932,0,0,0,0
2,1173,1,0.114584,0.114584,0.72241,0.916083,0.193674,34.8896,35.6643,12,15,3,0.628626,0.659514,0.030888,0,0,0,0
2,1173,2,0.557704,0.557704,0.893675,0.9551,0.0614251,35.5747,35.8204,11,6,-5,0.705595,0.687798,0.0177968,0,0,0,0
2,1173,3,0.578467,0.578467,0.638359,-0.0430727,0.681431,34.5534,31.8277,7,9,2,0.77932,0.673405,0.105915,0,0,0,0
2.5,1174,1,0.0737222,0.0737222,0.881921,0.72241,0.159512,35.5277,34.8896,15,12,-3,0.659514,0.596661,0.0628528,0,0,0,0
2.5,1174,2,0.386112,0.386112,0.980337,0.893675,0.0866623,35.9213,35.5747,6,12,6,0.687798,0.655723,0.0320752,0,0,0,0
2.5,1174,3,0.398449,0.398449,-0.347806,0.638359,0.986164,30.6088,34.5534,9,6,-3,0.673405,0.777344,0.103939,0,0,0,0
3,1175,1,0.481792,0.481792,0.66783,0.881921,0.214092,34.6713,35.5277,12,11,-1,0.596661,0.683298,0.0866368,0,0,0,0
3,1175,2,1.09999,1.09999,0.960925,0.980337,0.0194121,35.8437,35.9213,12,10,-2,0.655723,0.71391,0.0581872,0,0,1,0
3,1175,3,1.36136,1.36136,0.539174,-0.347806,0.88698,34.1567,30.6088,6,9,3,0.777344,0.611619,0.165725,0,0,0,0
3.5,1176,1,1.30333,1.30333,0.992198,0.66783,0.324369,35.9688,34.6713,11,11,0,0.683298,0.607874,0.075424,0,0,0,0
3.5,1176,2,1.68696,1.68696,0.937024,0.960925,0.0239015,35.7481,35.8437,10,11,1,0.71391,0.707373,0.0065376,0,0,0,0
3.5,1176,3,1.25931,1.25931,0.848974,0.539174,0.3098,35.3959,34.1567,9,8,-1,0.611619,0.72351,0.111891,0,0,0,0
4,1177,1,0.616647,0.616647,-0.336973,0.992198,1.32917,30.6521,35.9688,11,11,0,0.607874,0.577024,0.0308496,0,0,0,0
4,1177,2,0.338746,0.338746,0.328954,0.937024,0.60807,33.3158,35.7481,11,10,-1,0.707373,0.587314,0.120059,0,0,0,0
4,1177,3,0.546388,0.546388,-0.0720306,0.848974,0.921005,31.7119,35.3959,8,9,1,0.72351,0.803331,0.0798208,0,0,0,0
4.5,1178,1,0.637633,0.637633,-0.401006,-0.336973,0.0640336,30.396,30.6521,11,11,0,0.577024,0.519754,0.0572704,0,0,0,0
4.5,1178,2,0.401956,0.401956,0.594367,0.328954,0.265413,34.3775,33.3158,10,11,1,0.587314,0.699752,0.112438,0,0,0,0
4.5,1178,3,0.294095,0.294095,-0.587313,-0.0720306,0.515282,29.6507,31.7119,9,8,-1,0.803331,0.829512,0.0261808,0,0,0,0
5,1179,1,1.41742,1.41742,0.47993,-0.401006,0.880936,33.9197,30.396,11,10,-1,0.519754,0.535861,0.0161072,0,0,0,0
5,1179,2,1.44317,1.44317,0.725227,0.594367,0.130861,34.9009,34.3775,11,12,1,0.699752,0.789645,0.0898928,0,0,0,0
5,1179,3,0.193671,0.193671,0.973118,-0.587313,1.56043,35.8925,29.6507,8,8,0,0.829512,0.654854,0.174658,0,0,0,0
5.5,1180,1,0.926477,0.926477,-0.759378,0.47993,1.23931,28.9625,33.9197,10,7,-3,0.535861,0.540026,0.0041648,0,0,0,0
5.5,1180,2,0.00463289,0.00463289,0.976869,0.725227,0.251642,35.9075,34.9009,12,15,3,0.789645,0.660578,0.129067,0,1,0,0
5.5,1180,3,0.275021,0.275021,0.653176,0.973118,0.319942,34.6127,35.8925,8,8,0,0.654854,0.778456,0.123602,0,0,0,0
6,1181,1,0.540628,0.540628,0.968192,-0.759378,1.72757,35.8728,28.9625,7,11,4,0.540026,0.325518,0.214507,0,0,0,0
6,1181,2,0.923812,0.923812,0.540811,0.976869,0.436058,34.1632,35.9075,15,8,-7,0.660578,0.79099,0.130413,0,0,0,0
6,1181,3,0.0954853,0.0954853,0.742936,0.653176,0.0897599,34.9717,34.6127,8,11,3,0.778456,0.84569,0.0672336,0,0,0,0
6.5,1182,1,1.47498,1.47498,0.494943,0.968192,0.473248,33.9798,35.8728,11,8,-3,0.325518,0.50868,0.183162,0,0,0,0
6.5,1182,2,0.48256,0.48256,0.903393,0.540811,0.362583,35.6136,34.1632,8,12,4,0.79099,0.653608,0.137382,0,0,0,0
6.5,1182,3,0.430278,0.430278,0.669823,0.742936,0.0731135,34.6793,34.9717,11,10,-1,0.84569,0.721461,0.124229,0,0,0,0
7,1183,1,0.536583,0.536583,0.934793,0.494943,0.439849,35.7392,33.9798,8,9,1,0.50868,0.632643,0.123963,0,0,0,0
7,1183,2,1.59537,1.59537,0.390872,0.903393,0.512521,33.5635,35.6136,12,12,0,0.653608,0.581002,0.0726064,0,0,0,0
7,1183,3,1.23022,1.23022,0.439697,0.669823,0.230125,33.7588,34.6793,10,9,-1,0.721461,0.730093,0.008632,0,0,0,0
7.5,1184,1,0.585519,0.585519,0.918897,0.934793,0.015896,35.6756,35.7392,9,4,-5,0.632643,0.660154,0.0275104,0,0,1,0
7.5,1184,2,0.8771,0.8771,0.897072,0.390872,0.5062,35.5883,33.5635,12,14,2,0.581002,0.57291,0.0080912,0,0,0,0
7.5,1184,3,1.10378,1.10378,0.786349,0.439697,0.346652,35.1454,33.7588,9,12,3,0.730093,0.668488,0.0616048,0,0,0,0
8,1185,1,0.320394,0.320394,0.550549,0.918897,0.368348,34.2022,35.6756,4,13,9,0.660154,0.612133,0.0480208,0,0,0,0
8,1185,2,0.606954,0.606954,0.196017,0.897072,0.701055,32.7841,35.5883,14,7,-7,0.57291,0.575155,0.0022448,0,0,0,0
8,1185,3,0.649686,0.649686,0.93213,0.786349,0.145781,35.7285,35.1454,12,10,-2,0.668488,0.733328,0.06484,0,0,0,0
8.5,1186,1,0.877909,0.877909,0.642314,0.550549,0.0917655,34.5693,34.2022,13,12,-1,0.612133,0.574818,0.0373152,0,0,0,0
8.5,1186,2,1.20962,1.20962,0.97364,0.196017,0.777623,35.8946,32.7841,7,8,1,0.575155,0.60188,0.0267248,0,0,0,0
8.5,1186,3,0.931284,0.931284,0.371639,0.93213,0.560492,33.4866,35.7285,10,10,0,0.733328,0.793254,0.0599264,0,0,0,0
9,1187,1,0.479289,0.479289,0.668083,0.642314,0.0257687,34.6723,34.5693,12,13,1,0.574818,0.587752,0.0129344,0,0,0,0
9,1187,2,0.771017,0.771017,0.354879,0.97364,0.618761,33.4195,35.8946,8,7,-1,0.60188,0.63949,0.0376096,0,0,0,0
9,1187,3,1.18751,1.18751,0.317194,0.371639,0.0544449,33.2688,33.4866,10,10,0,0.793254,0.697104,0.0961504,0,0,0,0
9.5,1188,1,1.01304,1.01304,0.707025,0.668083,0.0389419,34.8281,34.6723,13,10,-3,0.587752,0.615531,0.0277792,0,0,0,0
9.5,1188,2,0.56912,0.56912,-0.704648,0.354879,1.05953,29.1814,33.4195,7,10,3,0.63949,0.588914,0.050576,0,0,0,0
9.5,1188,3,1.37825,1.37825,0.668695,0.317194,0.351501,34.6748,33.2688,10,10,0,0.697104,0.719718,0.0226144,0,0,0,0
10,1189,1,1.00594,1.00594,-0.404306,0.707025,1.11133,30.3828,34.8281,10,11,1,0.615531,0.703758,0.0882272,0,0,0,0
10,1189,2,1.16315,1.16315,-0.52159,-0.704648,0.183058,29.9136,29.1814,10,9,-1,0.588914,0.463621,0.125293,0,0,0,0
10,1189,3,1.02185,1.02185,-0.45602,0.668695,1.12471,30.1759,34.6748,10,10,0,0.719718,0.811653,0.0919344,0,0,0,0
10.5,1190,1,1.41445,1.41445,-0.159093,-0.404306,0.245213,31.3636,30.3828,11,12,1,0.703758,0.638213,0.0655456,0,0,0,0
10.5,1190,2,1.31295,1.31295,0.9508,-0.52159,1.47239,35.8032,29.9136,9,7,-2,0.463621,0.558843,0.0952224,0,0,0,0
10.5,1190,3,1.22788,1.22788,0.479063,-0.45602,0.935083,33.9163,30.1759,10,11,1,0.811653,0.710243,0.10141,0,0,0,0
11,1191,1,0.638268,0.638268,0.742264,-0.159093,0.901357,34.9691,31.3636,12,11,-1,0.638213,0.479666,0.158547,0,0,0,0
11,1191,2,0.30429,0.30429,0.936279,0.9508,0.014521,35.7451,35.8032,7,7,0,0.558843,0.799786,0.240942,0,0,1,0
11,1191,3,1.92151,1.92151,0.940432,0.479063,0.461369,35.7617,33.9163,11,12,1,0.710243,0.618306,0.0919376,0,0,0,0
11.5,1192,1,0.779317,0.779317,0.978431,0.742264,0.236167,35.9137,34.9691,11,11,0,0.479666,0.420704,0.0589616,0,0,0,0
11.5,1192,2,0.0409232,0.0409232,0.404174,0.936279,0.532105,33.6167,35.7451,7,7,0,0.799786,0.784445,0.0153408,0,0,0,0
11.5,1192,3,0.00755787,0.00755787,-0.450416,0.940432,1.39085,30.1983,35.7617,12,12,0,0.618306,0.645635,0.0273296,0,1,0,0
12,1193,1,1.16876,1.16876,0.0233915,0.978431,0.955039,32.0936,35.9137,11,11,0,0.420704,0.735822,0.315118,0,0,0,0
12,1193,2,1.37293,1.37293,0.911571,0.404174,0.507397,35.6463,33.6167,7,13,6,0.784445,0.488683,0.295762,0,0,0,0
12,1193,3,1.63653,1.63653,0.92328,-0.450416,1.3737,35.6931,30.1983,12,6,-6,0.645635,0.735848,0.0902128,0,0,0,0
12.5,1194,1,0.499606,0.499606,-0.169324,0.0233915,0.192715,31.3227,32.0936,11,9,-2,0.735822,0.557288,0.178534,0,0,0,0
12.5,1194,2,0.422644,0.422644,0.674704,0.911571,0.236867,34.6988,35.6463,13,17,4,0.488683,0.582926,0.0942432,0,0,0,0
12.5,1194,3,1.11126,1.11126,0.746089,0.92328,0.177191,34.9844,35.6931,6,4,-2,0.735848,0.775294,0.0394464,0,0,0,0
13,1195,1,0.763098,0.763098,0.257737,-0.169324,0.427061,33.0309,31.3227,9,13,4,0.557288,0.359731,0.197557,0,0,0,0
13,1195,2,0.352516,0.352516,0.4328,0.674704,0.241905,33.7312,34.6988,17,7,-10,0.582926,0.716166,0.13324,0,0,0,0
13,1195,3,0.441819,0.441819,0.399325,0.746089,0.346764,33.5973,34.9844,4,10,6,0.775294,0.784838,0.009544,0,0,0,0
13.5,1196,1,0.545945,0.545945,0.97442,0.257737,0.716683,35.8977,33.0309,13,10,-3,0.359731,0.502891,0.14316,0,0,0,0
13.5,1196,2,0.283715,0.283715,0.843576,0.4328,0.410776,35.3743,33.7312,7,12,5,0.716166,0.589448,0.126718,0,0,0,0
13.5,1196,3,0.661963,0.661963,0.417106,0.399325,0.0177814,33.6684,33.5973,10,8,-2,0.784838,0.776294,0.008544,0,0,1,0
14,1197,1,0.0786301,0.0786301,0.834514,0.97442,0.139905,35.3381,35.8977,10,12,2,0.502891,0.611221,0.10833,0,0,0,0
14,1197,2,0.217431,0.217431,0.849717,0.843576,0.00614172,35.3989,35.3743,12,10,-2,0.589448,0.576874,0.0125744,0,0,1,0
14,1197,3,0.222252,0.222252,0.0972423,0.417106,0.319864,32.389,33.6684,8,8,0,0.776294,0.620483,0.155811,0,0,0,0
14.5,1198,1,1.24829,1.24829,0.534092,0.834514,0.300423,34.1364,35.3381,12,13,1,0.611221,0.617118,0.0058976,0,0,0,0
14.5,1198,2,0.778027,0.778027,0.955595,0.849717,0.105877,35.8224,35.3989,10,8,-2,0.576874,0.733488,0.156614,0,0,0,0
14.5,1198,3,0.806936,0.806936,0.164614,0.0972423,0.0673721,32.6585,32.389,8,9,1,0.620483,0.582853,0.0376304,0,0,0,0
15,1199,1,0.479398,0.479398,0.822776,0.534092,0.288685,35.2911,34.1364,13,13,0,0.617118,0.640837,0.0237184,0,0,0,0
15,1199,2,0.178584,0.178584,-0.557665,0.955595,1.51326,29.7693,35.8224,8,9,1,0.733488,0.677598,0.0558896,0,0,0,0
15,1199,3,0.0268667,0.0268667,0.794294,0.164614,0.62968,35.1772,32.6585,9,8,-1,0.582853,0.559008,0.0238448,0,0,0,0
15.5,1200,1,0.0912247,0.0912247,0.461645,0.822776,0.361132,33.8466,35.2911,13,12,-1,0.640837,0.66723,0.0263936,0,0,0,0
15.5,1200,2,0.109942,0.109942,0.750256,-0.557665,1.30792,35.001,29.7693,9,10,1,0.677598,0.4918,0.185798,0,0,0,0
15.5,1200,3,1.40721,1.40721,0.98308,0.794294,0.188786,35.9323,35.1772,8,8,0,0.559008,0.751696,0.192688,0,0,0,0
16,1201,1,0.10655,0.10655,0.821775,0.461645,0.36013,35.2871,33.8466,12,13,1,0.66723,0.504029,0.163202,0,0,0,0
16,1201,2,1.37496,1.37496,0.361938,0.750256,0.388318,33.4478,35.001,10,4,-6,0.4918,0.603219,0.111419,0,0,0,0
16,1201,3,0.54732,0.54732,0.289914,0.98308,0.693166,33.1597,35.9323,8,13,5,0.751696,0.722517,0.0291792,0,0,0,0
16.5,1202,1,0.476456,0.476456,0.471998,0.821775,0.349776,33.888,35.2871,13,11,-2,0.504029,0.640926,0.136898,0,0,0,0
16.5,1202,2,0.50478,0.50478,0.912964,0.361938,0.551025,35.6519,33.4478,4,8,4,0.603219,0.533077,0.0701424,0,0,0,0
16.5,1202,3,0.820359,0.820359,0.728141,0.289914,0.438227,34.9126,33.1597,13,11,-2,0.722517,0.606006,0.11651,0,0,0,0
17,1203,1,0.933447,0.933447,0.753879,0.471998,0.281881,35.0155,33.888,11,9,-2,0.640926,0.571565,0.0693616,0,0,0,0
17,1203,2,0.103065,0.103065,0.956327,0.912964,0.0433633,35.8253,35.6519,8,11,3,0.533077,0.505357,0.02772,0,0,0,0
17,1203,3,1.09022,1.09022,0.907897,0.728141,0.179756,35.6316,34.9126,11,10,-1,0.606006,0.649781,0.0437744,0,0,0,0
17.5,1204,1,0.958387,0.958387,0.934635,0.753879,0.180756,35.7385,35.0155,9,5,-4,0.571565,0.570882,0.0006832,0,0,0,0
17.5,1204,2,1.29914,1.29914,0.252976,0.956327,0.703351,33.0119,35.8253,11,14,3,0.505357,0.531806,0.0264496,0,0,0,0
17.5,1204,3,0.631612,0.631612,-0.121544,0.907897,1.02944,31.5138,35.6316,10,11,1,0.649781,0.62615,0.0236304,0,0,0,0
18,1205,1,0.34083,0.34083,0.171101,0.934635,0.763534,32.6844,35.7385,5,10,5,0.570882,0.700014,0.129133,0,0,0,0
18,1205,2,1.63385,1.63385,0.825689,0.252976,0.572713,35.3028,33.0119,14,12,-2,0.531806,0.574938,0.0431312,0,0,0,0
18,1205,3,0.587639,0.587639,0.293463,-0.121544,0.415007,33.1739,31.5138,11,8,-3,0.62615,0.591542,0.034608,0,0,0,0
18.5,1206,1,1.20176,1.20176,0.969602,0.171101,0.7985,35.8784,32.6844,10,16,6,0.700014,0.52036,0.179654,0,0,0,0
18.5,1206,2,1.59052,1.59052,0.994429,0.825689,0.16874,35.9777,35.3028,12,3,-9,0.574938,0.839083,0.264146,0,0,0,0
18.5,1206,3,0.477191,0.477191,0.618888,0.293463,0.325425,34.4756,33.1739,8,11,3,0.591542,0.593803,0.0022608,0,0,0,0
19,1207,1,0.174453,0.174453,0.369832,0.969602,0.599769,33.4793,35.8784,16,13,-3,0.52036,0.537747,0.0173872,0,0,0,0
19,1207,2,0.658512,0.658512,0.79361,0.994429,0.200819,35.1744,35.9777,3,8,5,0.839083,0.661378,0.177706,0,0,0,0
19,1207,3,0.082624,0.082624,-0.326923,0.618888,0.945811,30.6923,34.4756,11,9,-2,0.593803,0.64349,0.0496864,0,0,0,0
19.5,1208,1,0.418511,0.418511,0.987658,0.369832,0.617826,35.9506,33.4793,13,8,-5,0.537747,0.611707,0.07396,0,0,0,0
19.5,1208,2,0.593795,0.593795,-0.391977,0.79361,1.18559,30.4321,35.1744,8,9,1,0.661378,0.69327,0.0318928,0,0,0,0
19.5,1208,3,1.24927,1.24927,0.977182,-0.326923,1.3041,35.9087,30.6923,9,13,4,0.64349,0.516411,0.127078,0,0,0,0
20,1209,1,0.751457,0.751457,0.976761,0.987658,0.0108967,35.907,35.9506,8,7,-1,0.611707,0.658818,0.0471104,0,0,1,0
20,1209,2,0.0639451,0.0639451,0.569439,-0.391977,0.961416,34.2778,30.4321,9,12,3,0.69327,0.526408,0.166862,0,0,0,0
20,1209,3,0.183125,0.183125,0.2213,0.977182,0.755883,32.8852,35.9087,13,11,-2,0.516411,0.715603,0.199192,0,0,0,0
20.5,1210,1,0.769664,0.769664,0.435453,0.976761,0.541308,33.7418,35.907,7,15,8,0.658818,0.655677,0.0031408,0,0,0,0
20.5,1210,2,0.0719301,0.0719301,0.855941,0.569439,0.286502,35.4238,34.2778,12,2,-10,0.526408,0.561861,0.0354528,0,0,0,0
20.5,1210,3,0.445247,0.445247,0.619164,0.2213,0.397864,34.4767,32.8852,11,13,2,0.715603,0.633952,0.0816512,0,0,0,0
21,1211,1,0.539533,0.539533,0.423575,0.435453,0.0118776,33.6943,33.7418,15,15,0,0.655677,0.527275,0.128402,0,0,1,0
21,1211,2,0.74841,0.74841,0.967123,0.855941,0.111183,35.8685,35.4238,2,6,4,0.561861,0.608006,0.0461456,0,0,0,0
21,1211,3,0.921759,0.921759,0.586061,0.619164,0.0331027,34.3442,34.4767,13,9,-4,0.633952,0.621211,0.0127408,0,0,0,0
21.5,1212,1,1.33326,1.33326,0.573308,0.423575,0.149733,34.2932,33.6943,15,13,-2,0.527275,0.443906,0.0833696,0,0,0,0
21.5,1212,2,0.0125109,0.0125109,0.854449,0.967123,0.112674,35.4178,35.8685,6,7,1,0.608006,0.749702,0.141696,0,1,0,0
21.5,1212,3,1.3106,1.3106,-0.934399,0.586061,1.52046,28.2624,34.3442,9,10,1,0.621211,0.613074,0.0081376,0,0,0,0
22,1213,1,0.440256,0.440256,0.946747,0.573308,0.373438,35.787,34.2932,13,12,-1,0.443906,0.696245,0.252339,0,0,0,0
22,1213,2,0.272634,0.272634,0.884704,0.854449,0.0302552,35.5388,35.4178,7,8,1,0.749702,0.670014,0.079688,0,0,0,0
22,1213,3,0.124026,0.124026,0.856828,-0.934399,1.79123,35.4273,28.2624,10,10,0,0.613074,0.452669,0.160405,0,0,0,0
22.5,1214,1,0.146931,0.146931,0.289556,0.946747,0.657191,33.1582,35.787,12,12,0,0.696245,0.582195,0.11405,0,0,0,0
22.5,1214,2,1.06884,1.06884,0.678348,0.884704,0.206356,34.7134,35.5388,8,13,5,0.670014,0.557454,0.11256,0,0,0,0
22.5,1214,3,0.00524077,0.00524077,0.714826,0.856828,0.142002,34.8593,35.4273,10,5,-5,0.452669,0.652566,0.199898,0,1,0,0
23,1215,1,0.413121,0.413121,0.399728,0.289556,0.110172,33.5989,33.1582,12,11,-1,0.582195,0.530043,0.052152,0,0,0,0
23,1215,2,0.193505,0.193505,0.403235,0.678348,0.275113,33.6129,34.7134,13,10,-3,0.557454,0.481104,0.0763504,0,0,0,0
23,1215,3,0.202,0.202,0.822647,0.714826,0.107821,35.2906,34.8593,5,9,4,0.652566,0.765304,0.112738,0,0,0,0
23.5,1216,1,0.00332027,0.00332027,0.833982,0.399728,0.434255,35.3359,33.5989,11,7,-4,0.530043,0.574216,0.0441728,0,1,0,0
23.5,1216,2,1.53342,1.53342,0.678638,0.403235,0.275403,34.7146,33.6129,10,14,4,0.481104,0.434661,0.0464432,0,0,0,0
23.5,1216,3,0.412766,0.412766,0.58597,0.822647,0.236678,34.3439,35.2906,9,9,0,0.765304,0.791658,0.0263536,0,0,0,0
24,1217,1,0.378725,0.378725,0.687256,0.833982,0.146726,34.749,35.3359,7,10,3,0.574216,0.60855,0.0343344,0,0,0,0
24,1217,2,0.293413,0.293413,0.014837,0.678638,0.663801,32.0593,34.7146,14,14,0,0.434661,0.47299,0.0383296,0,0,0,0
24,1217,3,0.663049,0.663049,0.538844,0.58597,0.0471256,34.1554,34.3439,9,6,-3,0.791658,0.765314,0.026344,0,0,0,0
24.5,1218,1,0.569085,0.569085,0.546069,0.687256,0.141187,34.1843,34.749,10,12,2,0.60855,0.601627,0.0069232,0,0,0,0
24.5,1218,2,0.221667,0.221667,0.878237,0.014837,0.863401,35.5129,32.0593,14,3,-11,0.47299,0.532432,0.0594416,0,0,0,0
24.5,1218,3,0.465674,0.465674,0.277745,0.538844,0.2611,33.111,34.1554,6,15,9,0.765314,0.67156,0.0937536,0,0,0,0
25,1219,1,1.07363,1.07363,0.797797,0.546069,0.251728,35.1912,34.1843,12,13,1,0.601627,0.567946,0.0336816,0,0,0,0
25,1219,2,1.43319,1.43319,0.269753,0.878237,0.608485,33.079,35.5129,3,7,4,0.532432,0.616432,0.084,0,0,0,0
25,1219,3,1.02974,1.02974,0.805257,0.277745,0.527512,35.221,33.111,15,10,-5,0.67156,0.601267,0.0702928,0,0,0,0
25.5,1220,1,0.448324,0.448324,-0.555402,0.797797,1.3532,29.7784,35.1912,13,12,-1,0.567946,0.61369,0.045744,0,0,0,0
25.5,1220,2,1.48808,1.48808,0.506308,0.269753,0.236555,34.0252,33.079,7,6,-1,0.616432,0.50371,0.112722,0,0,0,0
25.5,1220,3,0.550372,0.550372,0.984455,0.805257,0.179198,35.9378,35.221,10,12,2,0.601267,0.748205,0.146938,0,0,0,0
26,1221,1,0.912078,0.912078,-0.279577,-0.555402,0.275825,30.8817,29.7784,12,11,-1,0.61369,0.448962,0.164728,0,0,0,0
26,1221,2,1.59843,1.59843,0.81195,0.506308,0.305642,35.2478,34.0252,6,11,5,0.50371,0.588366,0.084656,0,0,0,0
26,1221,3,0.874706,0.874706,-0.463244,0.984455,1.4477,30.147,35.9378,12,8,-4,0.748205,0.829515,0.0813104,0,0,0,0
26.5,1222,1,0.0876158,0.0876158,0.885287,-0.279577,1.16486,35.5411,30.8817,11,8,-3,0.448962,0.361856,0.0871056,0,0,0,0
26.5,1222,2,1.55044,1.55044,0.32806,0.81195,0.48389,33.3122,35.2478,11,9,-2,0.588366,0.800541,0.212174,0,0,0,0
26.5,1222,3,1.04942,1.04942,0.223656,-0.463244,0.686899,32.8946,30.147,8,13,5,0.829515,0.613458,0.216058,0,0,0,0
27,1223,1,0.206707,0.206707,0.939504,0.885287,0.054217,35.758,35.5411,8,5,-3,0.361856,0.667384,0.305528,0,0,0,0
27,1223,2,1.33064,1.33064,-0.24704,0.32806,0.5751,31.0118,33.3122,9,18,9,0.800541,0.586414,0.214126,0,0,0,0
27,1223,3,0.00547886,0.00547886,0.942802,0.223656,0.719146,35.7712,32.8946,13,7,-6,0.613458,0.533346,0.080112,0,1,0,0
27.5,1224,1,0.0325307,0.0325307,0.746533,0.939504,0.192971,34.9861,35.758,5,10,5,0.667384,0.812267,0.144883,0,0,0,0
27.5,1224,2,1.37234,1.37234,0.816123,-0.24704,1.06316,35.2645,31.0118,18,11,-7,0.586414,0.343354,0.243061,0,0,0,0
27.5,1224,3,1.22102,1.22102,0.283242,0.942802,0.659561,33.133,35.7712,7,9,2,0.533346,0.658154,0.124808,0,0,0,0
28,1225,1,1.04113,1.04113,0.925848,0.746533,0.179315,35.7034,34.9861,10,10,0,0.812267,0.63249,0.179778,0,0,0,0
28,1225,2,0.810093,0.810093,0.893256,0.816123,0.0771329,35.573,35.2645,11,11,0,0.343354,0.517822,0.174469,0,0,0,0
28,1225,3,0.813332,0.813332,-0.543147,0.283242,0.826388,29.8274,33.133,9,9,0,0.658154,0.636453,0.0217008,0,0,0,0
28.5,1226,1,1.40293,1.40293,-0.309265,0.925848,1.23511,30.7629,35.7034,10,12,2,0.63249,0.63148,0.0010096,0,0,0,0
28.5,1226,2,0.0633961,0.0633961,0.831269,0.893256,0.0619869,35.3251,35.573,11,10,-1,0.517822,0.697779,0.179957,0,0,0,0
28.5,1226,3,0.435757,0.435757,0.854341,-0.543147,1.39749,35.4174,29.8274,9,8,-1,0.636453,0.493646,0.142806,0,0,0,0
29,1227,1,1.18766,1.18766,0.722419,-0.309265,1.03168,34.8897,30.7629,12,13,1,0.63148,0.493114,0.138366,0,0,0,0
29,1227,2,0.374785,0.374785,0.888142,0.831269,0.0568734,35.5526,35.3251,10,10,0,0.697779,0.621686,0.0760928,0,0,0,0
29,1227,3,1.27531,1.27531,0.782586,0.854341,0.0717552,35.1303,35.4174,8,7,-1,0.493646,0.685414,0.191768,0,0,0,0
29.5,1228,1,0.221756,0.221756,0.419694,0.722419,0.302725,33.6788,34.8897,13,6,-7,0.493114,0.455653,0.0374608,0,0,0,0
29.5,1228,2,0.46951,0.46951,0.186501,0.888142,0.701641,32.746,35.5526,10,13,3,0.621686,0.564376,0.0573104,0,0,0,0
29.5,1228,3,0.497934,0.497934,-0.000602007,0.782586,0.783188,31.9976,35.1303,7,11,4,0.685414,0.731856,0.0464416,0,0,0,0
30,1229,1,0.0780939,0.0780939,-0.0542605,0.419694,0.473954,31.783,33.6788,6,11,5,0.455653,0.629074,0.173421,0,0,0,0
30,1229,2,0.329477,0.329477,0.637273,0.186501,0.450772,34.5491,32.746,13,11,-2,0.564376,0.534621,0.0297552,0,0,0,0
30,1229,3,0.25857,0.25857,0.915798,-0.000602007,0.9164,35.6632,31.9976,11,8,-3,0.731856,0.659067,0.0727888,0,0,0,0
30.5,1230,1,0.450459,0.450459,0.947934,-0.0542605,1.00219,35.7917,31.783,11,11,0,0.629074,0.513389,0.115685,0,0,0,0
30.5,1230,2,1.12154,1.12154,0.944081,0.637273,0.306808,35.7763,34.5491,11,12,1,0.534621,0.516242,0.0183792,0,0,0,0
30.5,1230,3,0.737994,0.737994,0.0895994,0.915798,0.826198,32.3584,35.6632,8,7,-1,0.659067,0.835883,0.176816,0,0,0,0
31,1231,1,0.590491,0.590491,0.986328,0.947934,0.0383945,35.9453,35.7917,11,10,-1,0.513389,0.54161,0.0282208,0,0,0,0
31,1231,2,0.174358,0.174358,0.822116,0.944081,0.121964,35.2885,35.7763,12,12,0,0.516242,0.593488,0.0772464,0,0,0,0
31,1231,3,1.082,1.082,-0.886742,0.0895994,0.976342,28.453,32.3584,7,8,1,0.835883,0.753443,0.08244,0,0,0,0
31.5,1232,1,0.161842,0.161842,0.198374,0.986328,0.787954,32.7935,35.9453,10,13,3,0.54161,0.691797,0.150187,0,0,0,0
31.5,1232,2,0.832776,0.832776,0.792855,0.822116,0.0292615,35.1714,35.2885,12,8,-4,0.593488,0.695373,0.101885,0,0,0,0
31.5,1232,3,0.547892,0.547892,0.0621723,-0.886742,0.948915,32.2487,28.453,8,9,1,0.753443,0.488038,0.265405,0,0,0,0
32,1233,1,0.391975,0.391975,0.943782,0.198374,0.745408,35.7751,32.7935,13,16,3,0.691797,0.580142,0.111654,0,0,0,0
32,1233,2,0.302292,0.302292,0.681634,0.792855,0.111221,34.7265,35.1714,8,7,-1,0.695373,0.691573,0.0038,0,0,0,0
32,1233,3,0.00180125,0.00180125,0.0107673,0.0621723,0.0514051,32.0431,32.2487,9,7,-2,0.488038,0.589813,0.101774,0,1,0,0
32.5,1234,1,0.848741,0.848741,0.74733,0.943782,0.196451,34.9893,35.7751,16,9,-7,0.580142,0.619509,0.0393664,0,0,0,0
32.5,1234,2,0.300468,0.300468,0.979193,0.681634,0.297559,35.9168,34.7265,7,13,6,0.691573,0.58743,0.104142,0,0,0,0
32.5,1234,3,1.66423,1.66423,0.993224,0.0107673,0.982457,35.9729,32.0431,7,8,1,0.589813,0.59736,0.0075472,0,0,0,0
33,1235,1,0.675114,0.675114,-0.296603,0.74733,1.04393,30.8136,34.9893,9,12,3,0.619509,0.567878,0.0516304,0,0,0,0
33,1235,2,0.497613,0.497613,0.572225,0.979193,0.406968,34.2889,35.9168,13,10,-3,0.58743,0.587046,0.000384,0,0,0,0
33,1235,3,0.94645,0.94645,0.0356614,0.993224,0.957563,32.1426,35.9729,8,8,0,0.59736,0.774723,0.177363,0,0,0,0
33.5,1236,1,1.03246,1.03246,0.300348,-0.296603,0.596951,33.2014,30.8136,12,15,3,0.567878,0.434496,0.133382,0,0,0,0
33.5,1236,2,0.684909,0.684909,-0.55796,0.572225,1.13018,29.7682,34.2889,10,10,0,0.587046,0.686069,0.0990224,0,0,0,0
33.5,1236,3,0.483632,0.483632,0.853522,0.0356614,0.81786,35.4141,32.1426,8,5,-3,0.774723,0.845227,0.070504,0,0,0,0
34,1237,1,0.098925,0.098925,-0.38058,0.300348,0.680928,30.4777,33.2014,15,8,-7,0.434496,0.467589,0.0330928,0,0,0,0
34,1237,2,0.538863,0.538863,0.803277,-0.55796,1.36124,35.2131,29.7682,10,12,2,0.686069,0.422675,0.263394,0,0,0,0
34,1237,3,1.3707,1.3707,-0.419846,0.853522,1.27337,30.3206,35.4141,5,10,5,0.845227,0.816557,0.0286704,0,0,0,0
34.5,1238,1,1.11105,1.11105,0.889204,-0.38058,1.26978,35.5568,30.4777,8,9,1,0.467589,0.459275,0.0083136,0,0,0,0
34.5,1238,2,0.0454562,0.0454562,0.931436,0.803277,0.128159,35.7257,35.2131,12,6,-6,0.422675,0.630589,0.207914,0,0,0,0
34.5,1238,3,1.01917,1.01917,-0.512123,-0.419846,0.0922776,29.9515,30.3206,10,15,5,0.816557,0.650979,0.165578,0,0,0,0
35,1239,1,0.18639,0.18639,0.954493,0.889204,0.0652881,35.818,35.5568,9,7,-2,0.459275,0.711778,0.252502,0,0,0,0
35,1239,2,1.14173,1.14173,0.865509,0.931436,0.0659264,35.462,35.7257,6,15,9,0.630589,0.66313,0.0325408,0,0,0,0
35,1239,3,0.271117,0.271117,0.769527,-0.512123,1.28165,35.0781,29.9515,15,8,-7,0.650979,0.44739,0.203589,0,0,0,0
35.5,1240,1,0.10586,0.10586,0.517162,0.954493,0.437331,34.0686,35.818,7,10,3,0.711778,0.671365,0.0404128,0,0,0,0
35.5,1240,2,0.750145,0.750145,0.702994,0.865509,0.162515,34.812,35.462,15,13,-2,0.66313,0.561693,0.101437,0,0,0,0
35.5,1240,3,0.320656,0.320656,0.184286,0.769527,0.585241,32.7371,35.0781,8,7,-1,0.44739,0.618341,0.17095,0,0,0,0
36,1241,1,1.16301,1.16301,0.991599,0.517162,0.474437,35.9664,34.0686,10,12,2,0.671365,0.558635,0.11273,0,0,0,0
36,1241,2,0.281329,0.281329,0.592036,0.702994,0.110958,34.3681,34.812,13,9,-4,0.561693,0.614722,0.0530288,0,0,0,0
36,1241,3,0.291013,0.291013,0.989621,0.184286,0.805335,35.9585,32.7371,7,9,2,0.618341,0.637333,0.018992,0,0,0,0
36.5,1242,1,0.822727,0.822727,0.513109,0.991599,0.47849,34.0524,35.9664,12,11,-1,0.558635,0.633998,0.0753632,0,0,0,0
36.5,1242,2,0.303453,0.303453,0.881898,0.592036,0.289862,35.5276,34.3681,9,10,1,0.614722,0.519565,0.0951568,0,0,0,0
36.5,1242,3,0.353637,0.353637,0.52933,0.989621,0.460291,34.1173,35.9585,9,9,0,0.637333,0.686115,0.0487824,0,0,0,0
37,1243,1,0.374181,0.374181,-0.199618,0.513109,0.712727,31.2015,34.0524,11,7,-4,0.633998,0.652869,0.0188704,0,0,0,0
37,1243,2,0.469661,0.469661,0.755319,0.881898,0.126579,35.0213,35.5276,10,13,3,0.519565,0.549994,0.0304288,0,0,0,0
37,1243,3,0.71639,0.71639,0.919507,0.52933,0.390178,35.678,34.1173,9,10,1,0.686115,0.701931,0.015816,0,0,0,0
37.5,1244,1,0.257091,0.257091,0.987502,-0.199618,1.18712,35.95,31.2015,7,9,2,0.652869,0.481534,0.171334,0,0,0,0
37.5,1244,2,0.611033,0.611033,0.954297,0.755319,0.198977,35.8172,35.0213,13,11,-2,0.549994,0.648218,0.098224,0,0,0,0
37.5,1244,3,0.104093,0.104093,0.746312,0.919507,0.173195,34.9852,35.678,10,10,0,0.701931,0.70748,0.0055488,0,0,0,0
38,1245,1,0.193933,0.193933,0.47891,0.987502,0.508592,33.9156,35.95,9,7,-2,0.481534,0.594272,0.112738,0,0,0,0
38,1245,2,0.0712494,0.0712494,0.342636,0.954297,0.61166,33.3705,35.8172,11,9,-2,0.648218,0.572368,0.0758496,0,0,0,0
38,1245,3,0.803332,0.803332,0.844889,0.746312,0.0985767,35.3796,34.9852,10,14,4,0.70748,0.653467,0.0540128,0,0,0,0
38.5,1246,1,0.893914,0.893914,0.714703,0.47891,0.235793,34.8588,33.9156,7,9,2,0.594272,0.57927,0.0150016,0,0,0,0
38.5,1246,2,0.740885,0.740885,0.905055,0.342636,0.562419,35.6202,33.3705,9,11,2,0.572368,0.476198,0.0961696,0,0,0,0
38.5,1246,3,1.55619,1.55619,-0.202759,0.844889,1.04765,31.189,35.3796,14,10,-4,0.653467,0.756802,0.103334,0,0,0,0
39,1247,1,0.489698,0.489698,0.934395,0.714703,0.219692,35.7376,34.8588,9,6,-3,0.57927,0.625061,0.0457904,0,0,0,0
39,1247,2,0.149396,0.149396,0.859635,0.905055,0.0454203,35.4385,35.6202,11,11,0,0.476198,0.595603,0.119405,0,0,0,0
39,1247,3,0.256716,0.256716,0.749192,-0.202759,0.951951,34.9968,31.189,10,13,3,0.756802,0.572035,0.184766,0,0,0,0
39.5,1248,1,0.559384,0.559384,0.349161,0.934395,0.585234,33.3966,35.7376,6,8,2,0.625061,0.658235,0.0331744,0,0,0,0
39.5,1248,2,0.46612,0.46612,0.823755,0.859635,0.0358797,35.295,35.4385,11,9,-2,0.595603,0.644923,0.04932,0,0,0,0
39.5,1248,3,0.761381,0.761381,0.985871,0.749192,0.236679,35.9435,34.9968,13,13,0,0.572035,0.521934,0.0501008,0,0,0,0
40,1249,1,1.3912,1.3912,-0.125283,0.349161,0.474444,31.4989,33.3966,8,8,0,0.658235,0.580568,0.0776672,0,0,0,0
40,1249,2,0.757801,0.757801,0.889117,0.823755,0.065362,35.5565,35.295,9,12,3,0.644923,0.545218,0.0997056,0,0,0,0
40,1249,3,0.0401497,0.0401497,0.784814,0.985871,0.201056,35.1393,35.9435,13,10,-3,0.521934,0.81005,0.288115,0,0,0,0
40.5,1250,1,1.28199,1.28199,0.720499,-0.125283,0.845782,34.882,31.4989,8,5,-3,0.580568,0.437936,0.142632,0,0,0,0
40.5,1250,2,0.962228,0.962228,0.490526,0.889117,0.398591,33.9621,35.5565,12,13,1,0.545218,0.626302,0.0810848,0,0,0,0
40.5,1250,3,0.343113,0.343113,0.0579209,0.784814,0.726894,32.2317,35.1393,10,12,2,0.81005,0.628434,0.181616,0,0,0,0
41,1251,1,0.943899,0.943899,-0.0303265,0.720499,0.750825,31.8787,34.882,5,8,3,0.437936,0.419462,0.0184736,0,0,0,0
41,1251,2,0.214911,0.214911,0.484657,0.490526,0.00586846,33.9386,33.9621,13,12,-1,0.626302,0.551742,0.07456,0,0,1,0
41,1251,3,0.363387,0.363387,0.826077,0.0579209,0.768156,35.3043,32.2317,12,10,-2,0.628434,0.708229,0.0797952,0,0,0,0
41.5,1252,1,1.01342,1.01342,-0.359674,-0.0303265,0.329348,30.5613,31.8787,8,9,1,0.419462,0.525262,0.1058,0,0,0,0
41.5,1252,2,0.00459669,0.00459669,0.972279,0.484657,0.487622,35.8891,33.9386,12,11,-1,0.551742,0.506622,0.04512,0,1,0,0
41.5,1252,3,1.02272,1.02272,0.98863,0.826077,0.162552,35.9545,35.3043,10,10,0,0.708229,0.80537,0.0971408,0,0,0,0
42,1253,1,0.795226,0.795226,0.00689591,-0.359674,0.36657,32.0276,30.5613,9,9,0,0.525262,0.366416,0.158846,0,0,0,0
42,1253,2,0.763683,0.763683,0.80363,0.972279,0.168648,35.2145,35.8891,11,10,-1,0.506622,0.56995,0.063328,0,0,0,0
42,1253,3,0.108057,0.108057,0.879718,0.98863,0.108912,35.5189,35.9545,10,11,1,0.80537,0.83007,0.0247008,0,0,0,0
42.5,1254,1,0.50756,0.50756,0.951724,0.00689591,0.944828,35.8069,32.0276,9,1,-8,0.366416,0.418005,0.0515888,0,0,0,0
42.5,1254,2,0.421804,0.421804,0.50787,0.80363,0.29576,34.0315,35.2145,10,16,6,0.56995,0.590597,0.0206464,0,0,0,0
42.5,1254,3,0.179832,0.179832,0.217109,0.879718,0.662609,32.8684,35.5189,11,13,2,0.83007,0.707174,0.122896,0,0,0,0
43,1255,1,0.517605,0.517605,0.824208,0.951724,0.127516,35.2968,35.8069,1,6,5,0.418005,0.646178,0.228173,0,0,0,0
43,1255,2,0.608594,0.608594,0.4893,0.50787,0.0185702,33.9572,34.0315,16,10,-6,0.590597,0.559227,0.0313696,0,0,1,0
43,1255,3,1.51675,1.51675,0.224343,0.217109,0.00723401,32.8974,32.8684,13,14,1,0.707174,0.574213,0.132962,0,0,1,0
43.5,1256,1,0.109036,0.109036,0.483557,0.824208,0.340651,33.9342,35.2968,6,10,4,0.646178,0.741883,0.0957056,0,0,0,0
43.5,1256,2,0.906969,0.906969,0.552262,0.4893,0.062962,34.209,33.9572,10,12,2,0.559227,0.53576,0.0234672,0,0,0,0
43.5,1256,3,0.664656,0.664656,0.791029,0.224343,0.566686,35.1641,32.8974,14,8,-6,0.574213,0.506883,0.0673296,0,0,0,0
44,1257,1,0.0503552,0.0503552,-0.16968,0.483557,0.653237,31.3213,33.9342,10,9,-1,0.741883,0.619528,0.122355,0,0,0,0
44,1257,2,1.41466,1.41466,0.956704,0.552262,0.404443,35.8268,34.209,12,11,-1,0.53576,0.527248,0.008512,0,0,0,0
44,1257,3,0.815322,0.815322,0.540118,0.791029,0.250911,34.1605,35.1641,8,10,2,0.506883,0.680294,0.173411,0,0,0,0
44.5,1258,1,0.855565,0.855565,0.780461,-0.16968,0.950141,35.1218,31.3213,9,9,0,0.619528,0.436467,0.183061,0,0,0,0
44.5,1258,2,0.838479,0.838479,0.91408,0.956704,0.0426242,35.6563,35.8268,11,8,-3,0.527248,0.642698,0.11545,0,0,0,0
44.5,1258,3,1.37111,1.37111,0.829101,0.540118,0.288983,35.3164,34.1605,10,13,3,0.680294,0.724061,0.0437664,0,0,0,0
45,1259,1,0.289338,0.289338,0.550224,0.780461,0.230236,34.2009,35.1218,9,7,-2,0.436467,0.587704,0.151237,0,0,0,0
45,1259,2,0.147254,0.147254,0.891459,0.91408,0.0226216,35.5658,35.6563,8,12,4,0.642698,0.604362,0.038336,0,0,0,0
45,1259,3,1.30458,1.30458,0.849921,0.829101,0.0208198,35.3997,35.3164,13,11,-2,0.724061,0.668488,0.0555728,0,0,0,0
45.5,1260,1,0.601975,0.601975,0.870628,0.550224,0.320404,35.4825,34.2009,7,7,0,0.587704,0.598304,0.0106,0,0,0,0
45.5,1260,2,0.417379,0.417379,-0.418045,0.891459,1.3095,30.3278,35.5658,12,11,-1,0.604362,0.578144,0.0262176,0,0,0,0
45.5,1260,3,0.317681,0.317681,-0.264856,0.849921,1.11478,30.9406,35.3997,11,12,1,0.668488,0.710672,0.042184,0,0,0,0
46,1261,1,0.630135,0.630135,0.0837875,0.870628,0.786841,32.3352,35.4825,7,9,2,0.598304,0.76499,0.166686,0,0,0,0
46,1261,2,0.00633329,0.00633329,-0.237418,-0.418045,0.180627,31.0503,30.3278,11,10,-1,0.578144,0.429854,0.14829,0,1,0,0
46,1261,3,1.83185,1.83185,0.769746,-0.264856,1.0346,35.079,30.9406,12,11,-1,0.710672,0.63372,0.076952,0,0,0,0
46.5,1262,1,1.04142,1.04142,0.887534,0.0837875,0.803747,35.5501,32.3352,9,14,5,0.76499,0.628555,0.136435,0,0,0,0
46.5,1262,2,0.142684,0.142684,0.862404,-0.237418,1.09982,35.4496,31.0503,10,10,0,0.429854,0.317507,0.112347,0,0,0,0
46.5,1262,3,1.31438,1.31438,0.8511,0.769746,0.0813548,35.4044,35.079,11,6,-5,0.63372,0.971725,0.338005,0,0,0,0
47,1263,1,0.86758,0.86758,0.958415,0.887534,0.0708803,35.8337,35.5501,14,12,-2,0.628555,0.583488,0.0450672,0,0,0,0
47,1263,2,1.03748,1.03748,0.780993,0.862404,0.0814116,35.124,35.4496,10,10,0,0.317507,0.478824,0.161317,0,0,0,0
47,1263,3,0.607249,0.607249,0.942241,0.8511,0.0911403,35.769,35.4044,6,8,2,0.971725,0.810606,0.161118,0,0,0,0
47.5,1264,1,1.16118,1.16118,0.942286,0.958415,0.0161284,35.7691,35.8337,12,10,-2,0.583488,0.54692,0.036568,0,0,1,0
47.5,1264,2,0.720505,0.720505,0.505226,0.780993,0.275766,34.0209,35.124,10,10,0,0.478824,0.586698,0.107874,0,0,0,0
47.5,1264,3,0.465345,0.465345,0.939952,0.942241,0.00228924,35.7598,35.769,8,10,2,0.810606,0.762266,0.0483408,0,0,1,0
48,1265,1,0.385154,0.385154,0.964424,0.942286,0.0221381,35.8577,35.7691,10,14,4,0.54692,0.553875,0.0069552,0,0,0,0
48,1265,2,0.911922,0.911922,0.564178,0.505226,0.058952,34.2567,34.0209,10,10,0,0.586698,0.509139,0.0775584,0,0,0,0
48,1265,3,0.569957,0.569957,0.333348,0.939952,0.606604,33.3334,35.7598,10,6,-4,0.762266,0.790747,0.0284816,0,0,0,0
48.5,1266,1,1.07965,1.07965,0.698817,0.964424,0.265607,34.7953,35.8577,14,6,-8,0.553875,0.640037,0.0861616,0,0,0,0
48.5,1266,2,0.202513,0.202513,-0.133668,0.564178,0.697846,31.4653,34.2567,10,11,1,0.509139,0.557592,0.0484528,0,0,0,0
48.5,1266,3,0.44263,0.44263,-0.6756,0.333348,1.00895,29.2976,33.3334,6,13,7,0.790747,0.616762,0.173986,0,0,0,0
49,1267,1,0.357703,0.357703,-0.00278079,0.698817,0.701598,31.9889,34.7953,6,11,5,0.640037,0.732802,0.0927648,0,0,0,0
49,1267,2,0.857576,0.857576,0.770439,-0.133668,0.904106,35.0818,31.4653,11,5,-6,0.557592,0.574574,0.0169824,0,0,0,0
49,1267,3,1.18071,1.18071,0.785599,-0.6756,1.4612,35.1424,29.2976,13,14,1,0.616762,0.506469,0.110293,0,0,0,0
49.5,1268,1,0.191796,0.191796,0.801065,-0.00278079,0.803846,35.2043,31.9889,11,14,3,0.732802,0.522261,0.210541,0,0,0,0
49.5,1268,2,0.400751,0.400751,0.974426,0.770439,0.203987,35.8977,35.0818,5,5,0,0.574574,0.605814,0.03124,0,0,0,0
49.5,1268,3,0.154189,0.154189,0.885886,0.785599,0.100287,35.5435,35.1424,14,11,-3,0.506469,0.796189,0.28972,0,0,0,0
50,1269,1,1.02065,1.02065,0.755884,0.801065,0.0451806,35.0235,35.2043,14,14,0,0.522261,0.492882,0.0293792,0,0,0,0
50,1269,2,0.0750306,0.0750306,0.907323,0.974426,0.0671024,35.6293,35.8977,5,11,6,0.605814,0.603602,0.0022128,0,0,0,0
50,1269,3,1.08007,1.08007,0.563987,0.885886,0.321899,34.2559,35.5435,11,5,-6,0.796189,0.864232,0.0680432,0,0,0,0
50.5,1270,1,1.17514,1.17514,0.926933,0.755884,0.171049,35.7077,35.0235,14,10,-4,0.492882,0.653846,0.160965,0,0,0,0
50.5,1270,2,0.361679,0.361679,0.413461,0.907323,0.493862,33.6538,35.6293,11,11,0,0.603602,0.588666,0.014936,0,0,0,0
50.5,1270,3,0.0463555,0.0463555,0.803433,0.563987,0.239446,35.2137,34.2559,5,9,4,0.864232,0.69043,0.173802,0,0,0,0
51,1271,1,0.502788,0.502788,0.697521,0.926933,0.229412,34.7901,35.7077,10,9,-1,0.653846,0.697299,0.0434528,0,0,0,0
51,1271,2,0.141179,0.141179,0.686675,0.413461,0.273214,34.7467,33.6538,11,10,-1,0.588666,0.491843,0.0968224,0,0,0,0
51,1271,3,1.22167,1.22167,0.918587,0.803433,0.115153,35.6743,35.2137,9,11,2,0.69043,0.696357,0.0059264,0,0,0,0
51.5,1272,1,0.893562,0.893562,0.565724,0.697521,0.131797,34.2629,34.7901,9,9,0,0.697299,0.582368,0.114931,0,0,0,0
51.5,1272,2,0.500918,0.500918,-0.5319,0.686675,1.21857,29.8724,34.7467,10,10,0,0.491843,0.464368,0.0274752,0,0,0,0
51.5,1272,3,0.477844,0.477844,0.733523,0.918587,0.185064,34.9341,35.6743,11,11,0,0.696357,0.854902,0.158546,0,0,0,0
52,1273,1,0.0648438,0.0648438,-0.000344574,0.565724,0.566068,31.9986,34.2629,9,10,1,0.582368,0.737754,0.155386,0,0,0,0
52,1273,2,0.0465269,0.0465269,-0.189853,-0.5319,0.342047,31.2406,29.8724,10,10,0,0.464368,0.353221,0.111147,0,0,0,0
52,1273,3,0.249076,0.249076,-0.381749,0.733523,1.11527,30.473,34.9341,11,10,-1,0.854902,0.772744,0.0821584,0,0,0,0
52.5,1274,1,0.0530077,0.0530077,0.998985,-0.000344574,0.99933,35.9959,31.9986,10,10,0,0.737754,0.710485,0.0272688,0,0,0,0
52.5,1274,2,0.81713,0.81713,0.946615,-0.189853,1.13647,35.7865,31.2406,10,9,-1,0.353221,0.468,0.114779,0,0,0,0
52.5,1274,3,0.547551,0.547551,0.0858346,-0.381749,0.467583,32.3433,30.473,10,11,1,0.772744,0.654461,0.118283,0,0,0,0
53,1275,1,1.58496,1.58496,0.940056,0.998985,0.0589299,35.7602,35.9959,10,10,0,0.710485,0.66049,0.0499952,0,0,0,0
53,1275,2,0.271773,0.271773,0.294677,0.946615,0.651939,33.1787,35.7865,9,9,0,0.468,0.684406,0.216406,0,0,0,0
53,1275,3,1.57835,1.57835,0.396933,0.0858346,0.311098,33.5877,32.3433,11,11,0,0.654461,0.583411,0.0710496,0,0,0,0
53.5,1276,1,1.77026,1.77026,0.911277,0.940056,0.0287784,35.6451,35.7602,10,8,-2,0.66049,0.802133,0.141643,0,0,0,0
53.5,1276,2,0.431881,0.431881,0.96213,0.294677,0.667453,35.8485,33.1787,9,9,0,0.684406,0.580024,0.104382,0,0,0,0
53.5,1276,3,0.0560908,0.0560908,0.86538,0.396933,0.468447,35.4615,33.5877,11,13,2,0.583411,0.567357,0.0160544,0,0,0,0
54,1277,1,1.52308,1.52308,0.62898,0.911277,0.282297,34.5159,35.6451,8,17,9,0.802133,0.52307,0.279062,0,0,0,0
54,1277,2,0.261232,0.261232,0.960069,0.96213,0.00206012,35.8403,35.8485,9,9,0,0.580024,0.543886,0.0361376,0,0,1,0
54,1277,3,0.885987,0.885987,0.780977,0.86538,0.0844027,35.1239,35.4615,13,4,-9,0.567357,0.824482,0.257125,0,0,0,0
54.5,1278,1,1.13312,1.13312,0.652473,0.62898,0.0234926,34.6099,34.5159,17,6,-11,0.52307,0.511362,0.0117088,0,0,0,0
54.5,1278,2,0.203232,0.203232,0.907357,0.960069,0.0527128,35.6294,35.8403,9,12,3,0.543886,0.61248,0.0685936,0,0,0,0
54.5,1278,3,0.440384,0.440384,0.697894,0.780977,0.0830831,34.7916,35.1239,4,12,8,0.824482,0.712306,0.112176,0,0,0,0
55,1279,1,0.166607,0.166607,0.135981,0.652473,0.516492,32.5439,34.6099,6,13,7,0.511362,0.469795,0.0415664,0,0,0,0
55,1279,2,1.46826,1.46826,0.593777,0.907357,0.31358,34.3751,35.6294,12,9,-3,0.61248,0.647803,0.0353232,0,0,0,0
55,1279,3,0.241772,0.241772,0.299787,0.697894,0.398108,33.1991,34.7916,12,8,-4,0.712306,0.752816,0.0405104,0,0,0,0
55.5,1280,1,0.118754,0.118754,0.90108,0.135981,0.765099,35.6043,32.5439,13,6,-7,0.469795,0.573376,0.103581,0,0,0,0
55.5,1280,2,1.28871,1.28871,0.865862,0.593777,0.272086,35.4634,34.3751,9,10,1,0.647803,0.635189,0.0126144,0,0,0,0
55.5,1280,3,0.107495,0.107495,0.893584,0.299787,0.593798,35.5743,33.1991,8,14,6,0.752816,0.597765,0.155051,0,0,0,0
56,1281,1,1.11584,1.11584,0.961742,0.90108,0.0606621,35.847,35.6043,6,5,-1,0.573376,0.619339,0.0459632,0,0,0,0
56,1281,2,1.34014,1.34014,0.558761,0.865862,0.307101,34.235,35.4634,10,13,3,0.635189,0.594931,0.0402576,0,0,0,0
56,1281,3,0.0066227,0.0066227,0.860522,0.893584,0.0330627,35.4421,35.5743,14,12,-2,0.597765,0.654896,0.0571312,0,1,0,0
56.5,1282,1,1.26219,1.26219,-0.243627,0.961742,1.20537,31.0255,35.847,5,8,3,0.619339,0.614154,0.0051856,0,0,0,0
56.5,1282,2,1.40608,1.40608,0.442898,0.558761,0.115863,33.7716,34.235,13,9,-4,0.594931,0.573611,0.02132,0,0,0,0
56.5,1282,3,0.117809,0.117809,0.831253,0.860522,0.0292685,35.325,35.4421,12,13,1,0.654896,0.662533,0.0076368,0,0,0,0
57,1283,1,1.81475,1.81475,0.340008,-0.243627,0.583634,33.36,31.0255,8,8,0,0.614154,0.525435,0.0887184,0,0,0,0
57,1283,2,1.39177,1.39177,0.982555,0.442898,0.539656,35.9302,33.7716,9,9,0,0.573611,0.551282,0.0223296,0,0,0,0
57,1283,3,0.534817,0.534817,0.51461,0.831253,0.316643,34.0584,35.325,13,13,0,0.662533,0.758478,0.0959456,0,0,0,0
57.5,1284,1,1.44682,1.44682,0.735516,0.340008,0.395508,34.9421,33.36,8,7,-1,0.525435,0.460008,0.0654272,0,0,0,0
57.5,1284,2,1.22103,1.22103,-0.615771,0.982555,1.59833,29.5369,35.9302,9,9,0,0.551282,0.613494,0.0622128,0,0,0,0
57.5,1284,3,0.539282,0.539282,0.78472,0.51461,0.270109,35.1389,34.0584,13,14,1,0.758478,0.769125,0.0106464,0,0,0,0
58,1285,1,1.11774,1.11774,0.606112,0.735516,0.129404,34.4244,34.9421,7,8,1,0.460008,0.680005,0.219997,0,0,0,0
58,1285,2,0.373557,0.373557,0.829186,-0.615771,1.44496,35.3167,29.5369,9,11,2,0.613494,0.409224,0.20427,0,0,0,0
58,1285,3,0.0407553,0.0407553,-0.0427135,0.78472,0.827433,31.8291,35.1389,14,11,-3,0.769125,0.758286,0.0108384,0,0,0,0
58.5,1286,1,1.53101,1.53101,-0.160208,0.606112,0.76632,31.3592,34.4244,8,9,1,0.680005,0.646944,0.0330608,0,0,0,0
58.5,1286,2,0.894463,0.894463,0.922669,0.829186,0.0934828,35.6907,35.3167,11,4,-7,0.409224,0.670965,0.261741,0,0,0,0
58.5,1286,3,0.787592,0.787592,0.733108,-0.0427135,0.775822,34.9324,31.8291,11,17,6,0.758286,0.609066,0.149221,0,0,0,0
1,1288,1,-1,-1,0.83828,0.83828,-1,35.3531,35.3531,11,11,0,0,0,0,0,0,0,0
1,1288,2,-1,-1,0.85103,0.85103,-1,35.4041,35.4041,10,10,0,0,0,0,0,0,0,0
1,1288,3,-1,-1,0.556561,0.556561,-1,34.2262,34.2262,9,9,0,0,0,0,0,0,0,0
1.5,1289,1,0.908315,0.908315,0.518538,0.83828,0.319743,34.0742,35.3531,11,12,1,0,0.653638,0.653638,0,0,0,0
1.5,1289,2,0.638376,0.638376,0.843969,0.85103,0.00706035,35.3759,35.4041,10,13,3,0,0.633923,0.633923,0,0,1,0
1.5,1289,3,0.0882686,0.0882686,0.784382,0.556561,0.227821,35.1375,34.2262,9,5,-4,0,0.755083,0.755083,0,0,0,0
2,1290,1,1.50476,1.50476,0.87424,0.518538,0.355703,35.497,34.0742,12,12,0,0.653638,0.583803,0.0698352,0,0,0,0
2,1290,2,0.0485943,0.0485943,0.94818,0.843969,0.104211,35.7927,35.3759,13,11,-2,0.633923,0.576587,0.057336,0,0,0,0
2,1290,3,0.277137,0.277137,0.858324,0.784382,0.0739418,35.4333,35.1375,5,7,2,0.755083,0.859389,0.104306,0,0,0,0
2.5,1291,1,0.029024,0.029024,0.389849,0.87424,0.484391,33.5594,35.497,12,10,-2,0.583803,0.578901,0.0049024,0,0,0,0
2.5,1291,2,0.497992,0.497992,0.901937,0.94818,0.0462438,35.6077,35.7927,11,10,-1,0.576587,0.596154,0.0195664,0,0,0,0
2.5,1291,3,0.912138,0.912138,0.996915,0.858324,0.138591,35.9877,35.4333,7,10,3,0.859389,0.767082,0.0923072,0,0,0,0
3,1292,1,0.75534,0.75534,0.662026,0.389849,0.272177,34.6481,33.5594,10,11,1,0.578901,0.523189,0.055712,0,0,0,0
3,1292,2,0.927697,0.927697,0.917759,0.901937,0.0158222,35.671,35.6077,10,10,0,0.596154,0.753578,0.157424,0,0,1,0
3,1292,3,1.41699,1.41699,0.34002,0.996915,0.656895,33.3601,35.9877,10,9,-1,0.767082,0.764707,0.0023744,0,0,0,0
3.5,1293,1,0.283501,0.283501,-0.0288649,0.662026,0.690891,31.8845,34.6481,11,11,0,0.523189,0.539202,0.0160128,0,0,0,0
3.5,1293,2,0.409409,0.409409,-0.491881,0.917759,1.40964,30.0325,35.671,10,7,-3,0.753578,0.72609,0.027488,0,0,0,0
3.5,1293,3,0.859546,0.859546,0.917818,0.34002,0.577798,35.6713,33.3601,9,12,3,0.764707,0.750147,0.01456,0,0,0,0
4,1294,1,1.1859,1.1859,0.900388,-0.0288649,0.929253,35.6016,31.8845,11,10,-1,0.539202,0.531507,0.0076944,0,0,0,0
4,1294,2,0.681124,0.681124,0.817882,-0.491881,1.30976,35.2715,30.0325,7,13,6,0.72609,0.469093,0.256997,0,0,0,0
4,1294,3,0.339968,0.339968,0.859109,0.917818,0.0587094,35.4364,35.6713,12,7,-5,0.750147,1.01937,0.269221,0,0,0,0
4.5,1295,1,0.498453,0.498453,0.879782,0.900388,0.0206053,35.5191,35.6016,10,10,0,0.531507,0.548099,0.016592,0,0,0,0
4.5,1295,2,0.136767,0.136767,-0.786114,0.817882,1.604,28.8555,35.2715,13,11,-2,0.469093,0.540179,0.0710864,0,0,0,0
4.5,1295,3,0.365251,0.365251,0.429039,0.859109,0.430069,33.7162,35.4364,7,9,2,1.01937,0.876357,0.143011,0,0,0,0
5,1296,1,0.26005,0.26005,0.907073,0.879782,0.0272908,35.6283,35.5191,10,11,1,0.548099,0.729928,0.181829,0,0,0,0
5,1296,2,0.825586,0.825586,0.762057,-0.786114,1.54817,35.0482,28.8555,11,8,-3,0.540179,0.529595,0.010584,0,0,0,0
5,1296,3,1.27335,1.27335,0.977799,0.429039,0.54876,35.9112,33.7162,9,11,2,0.876357,0.736845,0.139512,0,0,0,0
5.5,1297,1,0.768882,0.768882,0.918295,0.907073,0.0112216,35.6732,35.6283,11,14,3,0.729928,0.670525,0.0594032,0,0,1,0
5.5,1297,2,0.174356,0.174356,-0.0671895,0.762057,0.829247,31.7312,35.0482,8,4,-4,0.529595,0.681322,0.151726,0,0,0,0
5.5,1297,3,0.256697,0.256697,0.470415,0.977799,0.507385,33.8817,35.9112,11,12,1,0.736845,0.654299,0.0825456,0,0,0,0
6,1298,1,0.733668,0.733668,0.599124,0.918295,0.31917,34.3965,35.6732,14,11,-3,0.670525,0.663541,0.006984,0,0,0,0
6,1298,2,1.46402,1.46402,0.946586,-0.0671895,1.01378,35.7863,31.7312,4,5,1,0.681322,0.616048,0.0652736,0,0,0,0
6,1298,3,0.0906441,0.0906441,-0.304101,0.470415,0.774516,30.7836,33.8817,12,14,2,0.654299,0.602822,0.0514768,0,0,0,0
6.5,1299,1,1.33863,1.33863,0.823458,0.599124,0.224334,35.2938,34.3965,11,13,2,0.663541,0.679682,0.0161408,0,0,0,0
6.5,1299,2,0.165522,0.165522,-0.296799,0.946586,1.24338,30.8128,35.7863,5,4,-1,0.616048,0.770834,0.154786,0,0,0,0
6.5,1299,3,1.10905,1.10905,0.929493,-0.304101,1.23359,35.718,30.7836,14,13,-1,0.602822,0.537421,0.0654016,0,0,0,0
7,1300,1,1.0885,1.0885,0.801378,0.823458,0.0220804,35.2055,35.2938,13,10,-3,0.679682,0.676418,0.003264,0,0,0,0
7,1300,2,0.711503,0.711503,0.503207,-0.296799,0.800006,34.0128,30.8128,4,9,5,0.770834,0.570496,0.200338,0,0,0,0
7,1300,3,0.45522,0.45522,0.533731,0.929493,0.395762,34.1349,35.718,13,11,-2,0.537421,0.907762,0.370341,0,0,0,0
7.5,1301,1,0.953956,0.953956,0.936536,0.801378,0.135158,35.7461,35.2055,10,14,4,0.676418,0.609067,0.0673504,0,0,0,0
7.5,1301,2,0.130861,0.130861,0.578465,0.503207,0.0752583,34.3139,34.0128,9,11,2,0.570496,0.610381,0.0398848,0,0,0,0
7.5,1301,3,0.974002,0.974002,0.693923,0.533731,0.160192,34.7757,34.1349,11,5,-6,0.907762,0.821923,0.0858384,0,0,0,0
8,1302,1,0.809268,0.809268,0.343653,0.936536,0.592882,33.3746,35.7461,14,14,0,0.609067,0.607176,0.0018912,0,0,0,0
8,1302,2,1.13982,1.13982,0.918168,0.578465,0.339703,35.6727,34.3139,11,4,-7,0.610381,0.678229,0.067848,0,0,0,0
8,1302,3,1.41371,1.41371,0.518273,0.693923,0.17565,34.0731,34.7757,5,12,7,0.821923,0.648819,0.173104,0,0,0,0
8.5,1303,1,0.41748,0.41748,0.835687,0.343653,0.492034,35.3427,33.3746,14,13,-1,0.607176,0.520178,0.0869984,0,0,0,0
8.5,1303,2,0.0455687,0.0455687,0.890713,0.918168,0.0274556,35.5629,35.6727,4,5,1,0.678229,0.756232,0.0780032,0,0,0,0
8.5,1303,3,0.143027,0.143027,0.868843,0.518273,0.35057,35.4754,34.0731,12,12,0,0.648819,0.73305,0.0842304,0,0,0,0
9,1304,1,1.54881,1.54881,0.806945,0.835687,0.0287421,35.2278,35.3427,13,10,-3,0.520178,0.570096,0.0499184,0,0,0,0
9,1304,2,0.0100642,0.0100642,0.764004,0.890713,0.126708,35.056,35.5629,5,12,7,0.756232,0.553387,0.202845,0,1,0,0
9,1304,3,0.331612,0.331612,0.977495,0.868843,0.108652,35.91,35.4754,12,8,-4,0.73305,0.848598,0.115549,0,0,0,0
9.5,1305,1,1.44587,1.44587,-0.0742779,0.806945,0.881223,31.7029,35.2278,10,9,-1,0.570096,0.623962,0.0538656,0,0,0,0
9.5,1305,2,1.59597,1.59597,0.148808,0.764004,0.615197,32.5952,35.056,12,13,1,0.553387,0.48607,0.0673168,0,0,0,0
9.5,1305,3,0.173521,0.173521,0.824184,0.977495,0.153311,35.2967,35.91,8,8,0,0.848598,0.852363,0.0037648,0,0,0,0
10,1306,1,0.441277,0.441277,0.944405,-0.0742779,1.01868,35.7776,31.7029,9,9,0,0.623962,0.487034,0.136928,0,0,0,0
10,1306,2,1.54518,1.54518,0.263774,0.148808,0.114967,33.0551,32.5952,13,13,0,0.48607,0.554597,0.0685264,0,0,0,0
10,1306,3,0.694559,0.694559,0.327226,0.824184,0.496959,33.3089,35.2967,8,8,0,0.852363,0.81947,0.0328928,0,0,0,0
10.5,1307,1,0.330332,0.330332,0.937578,0.944405,0.006827,35.7503,35.7776,9,7,-2,0.487034,0.623728,0.136694,0,0,1,0
10.5,1307,2,1.21113,1.21113,0.881588,0.263774,0.617814,35.5264,33.0551,13,11,-2,0.554597,0.45013,0.104467,0,0,0,0
10.5,1307,3,0.542021,0.542021,-0.0185812,0.327226,0.345807,31.9257,33.3089,8,12,4,0.81947,0.72311,0.09636,0,0,0,0
11,1308,1,1.13411,1.13411,0.876657,0.937578,0.0609211,35.5066,35.7503,7,11,4,0.623728,0.671771,0.0480432,0,0,0,0
11,1308,2,1.09094,1.09094,0.936142,0.881588,0.0545537,35.7446,35.5264,11,11,0,0.45013,0.768126,0.317997,0,0,0,0
11,1308,3,1.26934,1.26934,-0.061557,-0.0185812,0.0429757,31.7538,31.9257,12,8,-4,0.72311,0.571683,0.151427,0,0,0,0
11.5,1309,1,0.00698072,0.00698072,0.159283,0.876657,0.717374,32.6371,35.5066,11,12,1,0.671771,0.634757,0.0370144,0,1,0,0
11.5,1309,2,0.39317,0.39317,0.832386,0.936142,0.103756,35.3295,35.7446,11,8,-3,0.768126,0.757027,0.0110992,0,0,0,0
11.5,1309,3,0.000141919,0.000141919,0.389659,-0.061557,0.451216,33.5586,31.7538,8,10,2,0.571683,0.512122,0.0595616,0,1,0,0
12,1310,1,0.0818268,0.0818268,0.838265,0.159283,0.678982,35.3531,32.6371,12,10,-2,0.634757,0.545483,0.0892736,0,0,0,0
12,1310,2,0.826927,0.826927,0.492534,0.832386,0.339851,33.9701,35.3295,8,16,8,0.757027,0.57867,0.178357,0,0,0,0
12,1310,3,0.41309,0.41309,0.43523,0.389659,0.0455717,33.7409,33.5586,10,4,-6,0.512122,0.76953,0.257408,0,0,0,0
12.5,1311,1,0.945969,0.945969,0.621178,0.838265,0.217087,34.4847,35.3531,10,8,-2,0.545483,0.635562,0.0900784,0,0,0,0
12.5,1311,2,0.550018,0.550018,0.405473,0.492534,0.0870614,33.6219,33.9701,16,17,1,0.57867,0.559224,0.0194464,0,0,0,0
12.5,1311,3,0.668362,0.668362,-0.0850647,0.43523,0.520295,31.6597,33.7409,4,5,1,0.76953,0.687643,0.0818864,0,0,0,0
13,1312,1,0.758997,0.758997,0.717112,0.621178,0.0959343,34.8684,34.4847,8,11,3,0.635562,0.687862,0.0523008,0,0,0,0
13,1312,2,0.0294563,0.0294563,0.917822,0.405473,0.512349,35.6713,33.6219,17,10,-7,0.559224,0.566203,0.0069792,0,0,0,0
13,1312,3,0.176643,0.176643,0.7164,-0.0850647,0.801465,34.8656,31.6597,5,9,4,0.687643,0.545331,0.142312,0,0,0,0
13.5,1313,1,0.594963,0.594963,0.991248,0.717112,0.274135,35.965,34.8684,11,12,1,0.687862,0.616709,0.0711536,0,0,0,0
13.5,1313,2,0.937031,0.937031,0.675105,0.917822,0.242717,34.7004,35.6713,10,8,-2,0.566203,0.64413,0.0779264,0,0,0,0
13.5,1313,3,0.194442,0.194442,0.972213,0.7164,0.255813,35.8889,34.8656,9,10,1,0.545331,0.624142,0.0788112,0,0,0,0
14,1314,1,0.499442,0.499442,0.744591,0.991248,0.246657,34.9784,35.965,12,8,-4,0.616709,0.58036,0.0363488,0,0,0,0
14,1314,2,0.0345514,0.0345514,0.773799,0.675105,0.0986943,35.0952,34.7004,8,13,5,0.64413,0.560594,0.083536,0,0,0,0
14,1314,3,0.894583,0.894583,0.132484,0.972213,0.839729,32.5299,35.8889,10,9,-1,0.624142,0.743149,0.119006,0,0,0,0
14.5,1315,1,0.933471,0.933471,0.842957,0.744591,0.0983668,35.3718,34.9784,8,11,3,0.58036,0.629307,0.0489472,0,0,0,0
14.5,1315,2,0.350609,0.350609,0.857486,0.773799,0.0836864,35.4299,35.0952,13,10,-3,0.560594,0.559475,0.0011184,0,0,0,0
14.5,1315,3,0.397615,0.397615,0.898011,0.132484,0.765527,35.592,32.5299,9,9,0,0.743149,0.696083,0.0470656,0,0,0,0
15,1316,1,0.550313,0.550313,0.533175,0.842957,0.309782,34.1327,35.3718,11,10,-1,0.629307,0.599776,0.0295312,0,0,0,0
15,1316,2,1.26233,1.26233,0.845908,0.857486,0.0115781,35.3836,35.4299,10,14,4,0.559475,0.53207,0.0274048,0,0,1,0
15,1316,3,0.544158,0.544158,0.153868,0.898011,0.744143,32.6155,35.592,9,6,-3,0.696083,0.844698,0.148614,0,0,0,0
15.5,1317,1,1.07875,1.07875,0.372894,0.533175,0.160282,33.4916,34.1327,10,11,1,0.599776,0.569851,0.0299248,0,0,0,0
15.5,1317,2,0.120306,0.120306,0.874498,0.845908,0.0285903,35.498,35.3836,14,13,-1,0.53207,0.686904,0.154834,0,0,0,0
15.5,1317,3,0.508542,0.508542,-0.520276,0.153868,0.674144,29.9189,32.6155,6,6,0,0.844698,0.698523,0.146174,0,0,0,0
16,1318,1,0.14794,0.14794,0.890268,0.372894,0.517375,35.5611,33.4916,11,13,2,0.569851,0.590834,0.0209824,0,0,0,0
16,1318,2,0.0350008,0.0350008,0.625361,0.874498,0.249137,34.5014,35.498,13,9,-4,0.686904,0.78627,0.0993664,0,0,0,0
16,1318,3,1.55352,1.55352,0.147936,-0.520276,0.668212,32.5917,29.9189,6,8,2,0.698523,0.518086,0.180437,0,0,0,0
16.5,1319,1,0.0846994,0.0846994,0.261575,0.890268,0.628694,33.0463,35.5611,13,12,-1,0.590834,0.611797,0.0209632,0,0,0,0
16.5,1319,2,0.454615,0.454615,0.328524,0.625361,0.296837,33.3141,34.5014,9,10,1,0.78627,0.619971,0.166299,0,0,0,0
16.5,1319,3,0.0959548,0.0959548,0.362741,0.147936,0.214805,33.451,32.5917,8,8,0,0.518086,0.590933,0.0728464,0,0,0,0
17,1320,1,0.338561,0.338561,0.797146,0.261575,0.535571,35.1886,33.0463,12,13,1,0.611797,0.579501,0.032296,0,0,0,0
17,1320,2,1.23877,1.23877,0.959614,0.328524,0.631089,35.8385,33.3141,10,8,-2,0.619971,0.586565,0.0334064,0,0,0,0
17,1320,3,0.571919,0.571919,0.92021,0.362741,0.557469,35.6808,33.451,8,9,1,0.590933,0.709875,0.118942,0,0,0,0
17.5,1321,1,0.012048,0.012048,0.65302,0.797146,0.144126,34.6121,35.1886,13,13,0,0.579501,0.547062,0.0324384,0,1,0,0
17.5,1321,2,1.13792,1.13792,0.719157,0.959614,0.240457,34.8766,35.8385,8,8,0,0.586565,0.61335,0.0267856,0,0,0,0
17.5,1321,3,0.483794,0.483794,0.383187,0.92021,0.537023,33.5327,35.6808,9,9,0,0.709875,0.642765,0.0671104,0,0,0,0
18,1322,1,1.11038,1.11038,0.633027,0.65302,0.0199929,34.5321,34.6121,13,8,-5,0.547062,0.666962,0.119899,0,0,1,0
18,1322,2,0.148268,0.148268,0.7756,0.719157,0.0564427,35.1024,34.8766,8,13,5,0.61335,0.522555,0.0907952,0,0,0,0
18,1322,3,0.759916,0.759916,0.192237,0.383187,0.19095,32.7689,33.5327,9,9,0,0.642765,0.650571,0.0078064,0,0,0,0
18.5,1323,1,0.316187,0.316187,0.912082,0.633027,0.279055,35.6483,34.5321,8,10,2,0.666962,0.626232,0.0407296,0,0,0,0
18.5,1323,2,0.207943,0.207943,0.968348,0.7756,0.192749,35.8734,35.1024,13,9,-4,0.522555,0.643603,0.121048,0,0,0,0
18.5,1323,3,0.802372,0.802372,0.976379,0.192237,0.784143,35.9055,32.7689,9,11,2,0.650571,0.567197,0.0833744,0,0,0,0
19,1324,1,1.31045,1.31045,-0.842394,0.912082,1.75448,28.6304,35.6483,10,13,3,0.626232,0.58787,0.0383616,0,0,0,0
19,1324,2,0.885267,0.885267,0.498874,0.968348,0.469474,33.9955,35.8734,9,11,2,0.643603,0.603173,0.0404304,0,0,0,0
19,1324,3,0.72318,0.72318,0.68898,0.976379,0.2874,34.7559,35.9055,11,6,-5,0.567197,0.711322,0.144125,0,0,0,0
19.5,1325,1,0.613947,0.613947,0.980136,-0.842394,1.82253,35.9205,28.6304,13,12,-1,0.58787,0.40439,0.18348,0,0,0,0
19.5,1325,2,0.125255,0.125255,0.384199,0.498874,0.114676,33.5368,33.9955,11,10,-1,0.603173,0.580275,0.0228976,0,0,0,0
19.5,1325,3,1.46258,1.46258,0.169666,0.68898,0.519313,32.6787,34.7559,6,8,2,0.711322,0.851589,0.140267,0,0,0,0
20,1326,1,0.826255,0.826255,0.942389,0.980136,0.0377465,35.7696,35.9205,12,6,-6,0.40439,0.628501,0.22411,0,0,0,0
20,1326,2,1.71276,1.71276,0.991072,0.384199,0.606874,35.9643,33.5368,10,13,3,0.580275,0.495189,0.0850864,0,0,0,0
20,1326,3,1.29631,1.29631,0.594635,0.169666,0.424968,34.3785,32.6787,8,11,3,0.851589,0.697395,0.154194,0,0,0,0
20.5,1327,1,1.01864,1.01864,0.797913,0.942389,0.144477,35.1917,35.7696,6,8,2,0.628501,0.676923,0.0484224,0,0,0,0
20.5,1327,2,0.884577,0.884577,0.968319,0.991072,0.0227528,35.8733,35.9643,13,15,2,0.495189,0.577467,0.0822784,0,0,0,0
20.5,1327,3,0.304752,0.304752,0.846366,0.594635,0.251731,35.3855,34.3785,11,7,-4,0.697395,0.583802,0.113594,0,0,0,0
21,1328,1,0.531241,0.531241,0.69903,0.797913,0.0988831,34.7961,35.1917,8,7,-1,0.676923,0.634688,0.0422352,0,0,0,0
21,1328,2,0.971406,0.971406,0.324804,0.968319,0.643516,33.2992,35.8733,15,10,-5,0.577467,0.561294,0.0161728,0,0,0,0
21,1328,3,0.361634,0.361634,0.609815,0.846366,0.236551,34.4393,35.3855,7,13,6,0.583802,0.555749,0.0280528,0,0,0,0
21.5,1329,1,1.21785,1.21785,0.772753,0.69903,0.0737235,35.091,34.7961,7,11,4,0.634688,0.593792,0.040896,0,0,0,0
21.5,1329,2,0.415565,0.415565,0.434095,0.324804,0.109291,33.7364,33.2992,10,8,-2,0.561294,0.59631,0.035016,0,0,0,0
21.5,1329,3,0.316275,0.316275,-0.18041,0.609815,0.790225,31.2784,34.4393,13,11,-2,0.555749,0.59092,0.0351712,0,0,0,0
22,1330,1,0.113675,0.113675,0.39703,0.772753,0.375723,33.5881,35.091,11,12,1,0.593792,0.675158,0.0813664,0,0,0,0
22,1330,2,0.0967844,0.0967844,0.804297,0.434095,0.370202,35.2172,33.7364,8,8,0,0.59631,0.51377,0.0825408,0,0,0,0
22,1330,3,0.0113595,0.0113595,0.499809,-0.18041,0.680219,33.9992,31.2784,11,10,-1,0.59092,0.544499,0.0464208,0,1,0,0
22.5,1331,1,0.0327001,0.0327001,0.752204,0.39703,0.355174,35.0088,33.5881,12,12,0,0.675158,0.556213,0.118946,0,0,0,0
22.5,1331,2,0.164754,0.164754,-0.256609,0.804297,1.06091,30.9736,35.2172,8,10,2,0.51377,0.633126,0.119357,0,0,0,0
22.5,1331,3,0.585703,0.585703,-0.0506739,0.499809,0.550483,31.7973,33.9992,10,8,-2,0.544499,0.552576,0.0080768,0,0,0,0
23,1332,1,0.435139,0.435139,0.829832,0.752204,0.0776277,35.3193,35.0088,12,10,-2,0.556213,0.722586,0.166373,0,0,0,0
23,1332,2,0.262747,0.262747,0.879957,-0.256609,1.13657,35.5198,30.9736,10,12,2,0.633126,0.470509,0.162618,0,0,0,0
23,1332,3,0.156682,0.156682,-0.268509,-0.0506739,0.217835,30.926,31.7973,8,8,0,0.552576,0.57965,0.0270736,0,0,0,0
23.5,1333,1,1.02288,1.02288,0.848186,0.829832,0.0183542,35.3927,35.3193,10,14,4,0.722586,0.742867,0.0202816,0,0,1,0
23.5,1333,2,1.04666,1.04666,0.631635,0.879957,0.248323,34.5265,35.5198,12,4,-8,0.470509,0.64039,0.169882,0,0,0,0
23.5,1333,3,1.147,1.147,0.0358647,-0.268509,0.304374,32.1435,30.926,8,12,4,0.57965,0.449282,0.130368,0,0,0,0
24,1334,1,0.0235496,0.0235496,0.555175,0.848186,0.293011,34.2207,35.3927,14,14,0,0.742867,0.665998,0.0768688,0,0,0,0
24,1334,2,0.393679,0.393679,0.552333,0.631635,0.0793014,34.2093,34.5265,4,8,4,0.64039,0.621485,0.0189056,0,0,0,0
24,1334,3,1.61757,1.61757,0.941989,0.0358647,0.906124,35.768,32.1435,12,8,-4,0.449282,0.50089,0.051608,0,0,0,0
24.5,1335,1,0.898332,0.898332,0.639351,0.555175,0.0841759,34.5574,34.2207,14,11,-3,0.665998,0.61731,0.048688,0,0,0,0
24.5,1335,2,0.0602825,0.0602825,0.921322,0.552333,0.368989,35.6853,34.2093,8,16,8,0.621485,0.463237,0.158248,0,0,0,0
24.5,1335,3,1.1431,1.1431,0.385776,0.941989,0.556212,33.5431,35.768,8,3,-5,0.50089,0.767859,0.26697,0,0,0,0
25,1336,1,0.305762,0.305762,0.365391,0.639351,0.273961,33.4616,34.5574,11,7,-4,0.61731,0.604142,0.013168,0,0,0,0
25,1336,2,1.53211,1.53211,0.953055,0.921322,0.0317324,35.8122,35.6853,16,15,-1,0.463237,0.507816,0.0445792,0,0,0,0
25,1336,3,0.929121,0.929121,0.726414,0.385776,0.340638,34.9057,33.5431,3,8,5,0.767859,0.751018,0.0168416,0,0,0,0
25.5,1337,1,0.31413,0.31413,0.16331,0.365391,0.202081,32.6532,33.4616,7,10,3,0.604142,0.534944,0.0691984,0,0,0,0
25.5,1337,2,0.319776,0.319776,0.959999,0.953055,0.006944,35.84,35.8122,15,14,-1,0.507816,0.610363,0.102547,0,0,1,0
25.5,1337,3,1.39455,1.39455,0.794852,0.726414,0.0684379,35.1794,34.9057,8,6,-2,0.751018,0.680688,0.0703296,0,0,0,0
26,1338,1,0.409161,0.409161,0.814678,0.16331,0.651369,35.2587,32.6532,10,11,1,0.534944,0.425594,0.10935,0,0,0,0
26,1338,2,1.0595,1.0595,0.683126,0.959999,0.276872,34.7325,35.84,14,8,-6,0.610363,0.623157,0.0127936,0,0,0,0
26,1338,3,0.0105221,0.0105221,0.245922,0.794852,0.54893,32.9837,35.1794,6,11,5,0.680688,0.67548,0.005208,0,1,0,0
26.5,1339,1,0.456218,0.456218,-0.134068,0.814678,0.948746,31.4637,35.2587,11,10,-1,0.425594,0.610512,0.184918,0,0,0,0
26.5,1339,2,0.135123,0.135123,0.743248,0.683126,0.0601216,34.973,34.7325,8,6,-2,0.623157,0.574968,0.0481888,0,0,0,0
26.5,1339,3,0.81052,0.81052,0.445787,0.245922,0.199865,33.7831,32.9837,11,14,3,0.67548,0.639174,0.0363056,0,0,0,0
27,1340,1,0.233473,0.233473,0.982165,-0.134068,1.11623,35.9287,31.4637,10,12,2,0.610512,0.506718,0.103794,0,0,0,0
27,1340,2,0.391723,0.391723,0.87924,0.743248,0.135992,35.517,34.973,6,11,5,0.574968,0.585107,0.0101392,0,0,0,0
27,1340,3,0.657183,0.657183,0.651623,0.445787,0.205836,34.6065,33.7831,14,7,-7,0.639174,0.734806,0.095632,0,0,0,0
27.5,1341,1,0.886101,0.886101,0.0208013,0.982165,0.961364,32.0832,35.9287,12,8,-4,0.506718,0.543955,0.0372368,0,0,0,0
27.5,1341,2,0.945462,0.945462,0.938684,0.87924,0.0594441,35.7547,35.517,11,13,2,0.585107,0.543654,0.0414528,0,0,0,0
27.5,1341,3,0.262573,0.262573,0.609801,0.651623,0.0418225,34.4392,34.6065,7,9,2,0.734806,0.67747,0.057336,0,0,0,0
28,1342,1,1.28176,1.28176,0.797252,0.0208013,0.776451,35.189,32.0832,8,11,3,0.543955,0.477234,0.0667216,0,0,0,0
28,1342,2,1.36731,1.36731,0.921333,0.938684,0.0173511,35.6853,35.7547,13,10,-3,0.543654,0.608816,0.0651616,0,0,1,0
28,1342,3,1.36912,1.36912,0.327262,0.609801,0.282538,33.309,34.4392,9,9,0,0.67747,0.772027,0.0945568,0,0,0,0
28.5,1343,1,0.501602,0.501602,0.757433,0.797252,0.039819,35.0297,35.189,11,11,0,0.477234,0.608816,0.131582,0,0,0,0
28.5,1343,2,1.10589,1.10589,-0.0231032,0.921333,0.944436,31.9076,35.6853,10,10,0,0.608816,0.585355,0.0234608,0,0,0,0
28.5,1343,3,0.0442878,0.0442878,0.823457,0.327262,0.496195,35.2938,33.309,9,9,0,0.772027,0.63655,0.135477,0,0,0,0
29,1344,1,0.374449,0.374449,0.97645,0.757433,0.219017,35.9058,35.0297,11,9,-2,0.608816,0.723666,0.11485,0,0,0,0
29,1344,2,0.174146,0.174146,0.93553,-0.0231032,0.958633,35.7421,31.9076,10,8,-2,0.585355,0.442957,0.142398,0,0,0,0
29,1344,3,1.02274,1.02274,0.808891,0.823457,0.0145658,35.2356,35.2938,9,13,4,0.63655,0.61465,0.0219008,0,0,1,0
29.5,1345,1,0.819814,0.819814,0.272921,0.97645,0.70353,33.0917,35.9058,9,9,0,0.723666,0.651376,0.0722896,0,0,0,0
29.5,1345,2,0.0686484,0.0686484,0.802409,0.93553,0.133121,35.2096,35.7421,8,8,0,0.442957,0.433917,0.00904,0,0,0,0
29.5,1345,3,0.669674,0.669674,-0.125563,0.808891,0.934454,31.4977,35.2356,13,13,0,0.61465,0.640347,0.0256976,0,0,0,0
30,1346,1,0.00991753,0.00991753,0.525623,0.272921,0.252702,34.1025,33.0917,9,11,2,0.651376,0.542227,0.109149,0,1,0,0
30,1346,2,0.101942,0.101942,0.93111,0.802409,0.1287,35.7244,35.2096,8,10,2,0.433917,0.636784,0.202867,0,0,0,0
30,1346,3,0.827257,0.827257,0.920817,-0.125563,1.04638,35.6833,31.4977,13,9,-4,0.640347,0.626582,0.0137648,0,0,0,0
30.5,1347,1,0.847727,0.847727,0.0189254,0.525623,0.506697,32.0757,34.1025,11,14,3,0.542227,0.52447,0.0177568,0,0,0,0
30.5,1347,2,1.10442,1.10442,0.729586,0.93111,0.201524,34.9183,35.7244,10,12,2,0.636784,0.585941,0.0508432,0,0,0,0
30.5,1347,3,0.170382,0.170382,0.937955,0.920817,0.0171376,35.7518,35.6833,9,4,-5,0.626582,0.821942,0.19536,0,0,1,0
31,1348,1,0.0495353,0.0495353,0.941435,0.0189254,0.922509,35.7657,32.0757,14,11,-3,0.52447,0.463976,0.0604944,0,0,0,0
31,1348,2,1.71826,1.71826,0.954876,0.729586,0.22529,35.8195,34.9183,12,12,0,0.585941,0.509254,0.0766864,0,0,0,0
31,1348,3,0.703813,0.703813,0.336036,0.937955,0.601918,33.3441,35.7518,4,7,3,0.821942,0.807203,0.0147392,0,0,0,0
31.5,1349,1,0.375877,0.375877,0.419908,0.941435,0.521527,33.6796,35.7657,11,8,-3,0.463976,0.625562,0.161586,0,0,0,0
31.5,1349,2,1.4874,1.4874,0.956607,0.954876,0.00173044,35.8264,35.8195,12,6,-6,0.509254,0.54961,0.0403552,0,0,1,0
31.5,1349,3,0.030588,0.030588,0.948365,0.336036,0.612328,35.7935,33.3441,7,16,9,0.807203,0.607802,0.199402,0,0,0,0
32,1350,1,0.0745962,0.0745962,0.965452,0.419908,0.545544,35.8618,33.6796,8,6,-2,0.625562,0.580074,0.045488,0,0,0,0
32,1350,2,0.607193,0.607193,0.434267,0.956607,0.52234,33.7371,35.8264,6,12,6,0.54961,0.584582,0.0349728,0,0,0,0
32,1350,3,1.3615,1.3615,0.229174,0.948365,0.719191,32.9167,35.7935,16,12,-4,0.607802,0.624814,0.0170128,0,0,0,0
32.5,1351,1,0.352065,0.352065,0.699117,0.965452,0.266335,34.7965,35.8618,6,9,3,0.580074,0.660709,0.0806352,0,0,0,0
32.5,1351,2,0.154611,0.154611,0.990035,0.434267,0.555768,35.9601,33.7371,12,9,-3,0.584582,0.52391,0.060672,0,0,0,0
32.5,1351,3,1.05828,1.05828,0.706445,0.229174,0.477271,34.8258,32.9167,12,12,0,0.624814,0.639613,0.0147984,0,0,0,0
33,1352,1,0.877385,0.877385,0.887351,0.699117,0.188234,35.5494,34.7965,9,12,3,0.660709,0.60309,0.0576192,0,0,0,0
33,1352,2,0.422004,0.422004,0.156703,0.990035,0.833332,32.6268,35.9601,9,11,2,0.52391,0.544571,0.0206608,0,0,0,0
33,1352,3,0.742716,0.742716,0.509789,0.706445,0.196656,34.0392,34.8258,12,7,-5,0.639613,0.697874,0.0582608,0,0,0,0
33.5,1353,1,1.39687,1.39687,0.217796,0.887351,0.669555,32.8712,35.5494,12,11,-1,0.60309,0.631118,0.0280288,0,0,0,0
33.5,1353,2,1.48538,1.48538,0.704416,0.156703,0.547714,34.8177,32.6268,11,11,0,0.544571,0.459826,0.0847456,0,0,0,0
33.5,1353,3,0.642539,0.642539,0.0855016,0.509789,0.424287,32.342,34.0392,7,8,1,0.697874,0.71967,0.0217968,0,0,0,0
34,1354,1,0.129362,0.129362,0.61431,0.217796,0.396514,34.4572,32.8712,11,13,2,0.631118,0.543861,0.0872576,0,0,0,0
34,1354,2,0.260789,0.260789,0.760362,0.704416,0.0559458,35.0414,34.8177,11,8,-3,0.459826,0.544125,0.0842992,0,0,0,0
34,1354,3,0.077707,0.077707,0.521207,0.0855016,0.435706,34.0848,32.342,8,9,1,0.71967,0.780315,0.0606448,0,0,0,0
34.5,1355,1,0.409731,0.409731,0.8989,0.61431,0.28459,35.5956,34.4572,13,14,1,0.543861,0.456976,0.0868848,0,0,0,0
34.5,1355,2,0.149994,0.149994,0.81509,0.760362,0.0547274,35.2604,35.0414,8,10,2,0.544125,0.647218,0.103093,0,0,0,0
34.5,1355,3,0.30102,0.30102,0.808002,0.521207,0.286794,35.232,34.0848,9,6,-3,0.780315,0.817062,0.0367472,0,0,0,0
35,1356,1,0.455575,0.455575,0.324199,0.8989,0.574701,33.2968,35.5956,14,13,-1,0.456976,0.508813,0.0518368,0,0,0,0
35,1356,2,0.216685,0.216685,0.716544,0.81509,0.0985459,34.8662,35.2604,10,10,0,0.647218,0.57052,0.0766976,0,0,0,0
35,1356,3,1.41787,1.41787,0.193432,0.808002,0.61457,32.7737,35.232,6,7,1,0.817062,0.775138,0.0419248,0,0,0,0
35.5,1357,1,0.100643,0.100643,0.31484,0.324199,0.00935882,33.2594,33.2968,13,11,-2,0.508813,0.564733,0.05592,0,0,1,0
35.5,1357,2,0.165127,0.165127,0.816699,0.716544,0.100155,35.2668,34.8662,10,11,1,0.57052,0.599163,0.0286432,0,0,0,0
35.5,1357,3,0.546722,0.546722,0.775887,0.193432,0.582455,35.1035,32.7737,7,8,1,0.775138,0.714256,0.0608816,0,0,0,0
36,1358,1,1.19558,1.19558,0.784662,0.31484,0.469822,35.1386,33.2594,11,11,0,0.564733,0.503235,0.0614976,0,0,0,0
36,1358,2,1.6901,1.6901,0.672021,0.816699,0.144678,34.6881,35.2668,11,11,0,0.599163,0.60257,0.0034064,0,0,0,0
36,1358,3,0.012006,0.012006,0.385245,0.775887,0.390642,33.541,35.1035,8,8,0,0.714256,0.815106,0.10085,0,1,0,0
36.5,1359,1,1.56081,1.56081,0.859905,0.784662,0.0752431,35.4396,35.1386,11,11,0,0.503235,0.564234,0.0609984,0,0,0,0
36.5,1359,2,1.1356,1.1356,0.958458,0.672021,0.286437,35.8338,34.6881,11,11,0,0.60257,0.54348,0.0590896,0,0,0,0
36.5,1359,3,0.303455,0.303455,0.979484,0.385245,0.594238,35.9179,33.541,8,8,0,0.815106,0.73779,0.0773152,0,0,0,0
37,1360,1,0.0652113,0.0652113,0.402193,0.859905,0.457712,33.6088,35.4396,11,8,-3,0.564234,0.590142,0.0259088,0,0,0,0
37,1360,2,1.05034,1.05034,0.92983,0.958458,0.0286285,35.7193,35.8338,11,10,-1,0.54348,0.541773,0.0017072,0,0,0,0
37,1360,3,0.490448,0.490448,0.252877,0.979484,0.726607,33.0115,35.9179,8,12,4,0.73779,0.667034,0.0707568,0,0,0,0
37.5,1361,1,1.76044,1.76044,0.151449,0.402193,0.250745,32.6058,33.6088,8,12,4,0.590142,0.526914,0.0632288,0,0,0,0
37.5,1361,2,0.168666,0.168666,0.959439,0.92983,0.0296099,35.8378,35.7193,10,10,0,0.541773,0.636242,0.0944688,0,0,0,0
37.5,1361,3,0.428091,0.428091,0.156696,0.252877,0.0961811,32.6268,33.0115,12,8,-4,0.667034,0.674512,0.0074784,0,0,0,0
38,1362,1,1.53571,1.53571,0.771137,0.151449,0.619688,35.0845,32.6058,12,12,0,0.526914,0.515406,0.0115072,0,0,0,0
38,1362,2,0.155388,0.155388,0.602527,0.959439,0.356913,34.4101,35.8378,10,6,-4,0.636242,0.638498,0.002256,0,0,0,0
38,1362,3,0.482456,0.482456,0.890846,0.156696,0.734151,35.5634,32.6268,8,12,4,0.674512,0.629483,0.0450288,0,0,0,0
38.5,1363,1,1.03043,1.03043,0.787033,0.771137,0.0158959,35.1481,35.0845,12,10,-2,0.515406,0.551816,0.0364096,0,0,1,0
38.5,1363,2,0.587781,0.587781,0.333247,0.602527,0.26928,33.333,34.4101,6,10,4,0.638498,0.526395,0.112102,0,0,0,0
38.5,1363,3,1.21397,1.21397,0.735493,0.890846,0.155353,34.942,35.5634,12,10,-2,0.629483,0.672302,0.0428192,0,0,0,0
39,1364,1,0.271488,0.271488,0.902617,0.787033,0.115584,35.6105,35.1481,10,11,1,0.551816,0.558034,0.0062176,0,0,0,0
39,1364,2,0.447664,0.447664,0.444373,0.333247,0.111126,33.7775,33.333,10,8,-2,0.526395,0.419042,0.107354,0,0,0,0
39,1364,3,1.17848,1.17848,0.727038,0.735493,0.00845528,34.9082,34.942,10,11,1,0.672302,0.731267,0.0589648,0,0,1,0
39.5,1365,1,0.102993,0.102993,0.73237,0.902617,0.170247,34.9295,35.6105,11,10,-1,0.558034,0.611024,0.0529904,0,0,0,0
39.5,1365,2,0.187718,0.187718,0.608971,0.444373,0.164599,34.4359,33.7775,8,10,2,0.419042,0.43893,0.019888,0,0,0,0
39.5,1365,3,1.24475,1.24475,0.083314,0.727038,0.643724,32.3333,34.9082,11,10,-1,0.731267,0.581822,0.149445,0,0,0,0
40,1366,1,0.188972,0.188972,0.458841,0.73237,0.273529,33.8354,34.9295,10,10,0,0.611024,0.577462,0.0335616,0,0,0,0
40,1366,2,0.24439,0.24439,0.462152,0.608971,0.146819,33.8486,34.4359,10,8,-2,0.43893,0.555946,0.117016,0,0,0,0
40,1366,3,0.0741369,0.0741369,0.674913,0.083314,0.591599,34.6997,32.3333,10,12,2,0.581822,0.69224,0.110418,0,0,0,0
40.5,1367,1,0.58859,0.58859,0.881906,0.458841,0.423065,35.5276,33.8354,10,11,1,0.577462,0.52392,0.0535424,0,0,0,0
40.5,1367,2,0.359444,0.359444,0.734815,0.462152,0.272663,34.9393,33.8486,8,11,3,0.555946,0.565606,0.0096608,0,0,0,0
40.5,1367,3,0.902429,0.902429,0.922526,0.674913,0.247614,35.6901,34.6997,12,8,-4,0.69224,0.675624,0.016616,0,0,0,0
41,1368,1,0.0818679,0.0818679,0.422924,0.881906,0.458982,33.6917,35.5276,11,10,-1,0.52392,0.590478,0.0665584,0,0,0,0
41,1368,2,0.170176,0.170176,0.789604,0.734815,0.0547897,35.1584,34.9393,11,9,-2,0.565606,0.47252,0.0930864,0,0,0,0
41,1368,3,1.00832,1.00832,-0.299318,0.922526,1.22184,30.8027,35.6901,8,11,3,0.675624,0.683202,0.0075776,0,0,0,0
41.5,1369,1,0.0656998,0.0656998,0.988229,0.422924,0.565304,35.9529,33.6917,10,10,0,0.590478,0.558387,0.0320912,0,0,0,0
41.5,1369,2,0.901863,0.901863,0.752067,0.789604,0.0375375,35.0083,35.1584,9,10,1,0.47252,0.65095,0.17843,0,0,0,0
41.5,1369,3,0.946134,0.946134,0.279514,-0.299318,0.578832,33.1181,30.8027,11,10,-1,0.683202,0.627256,0.0559456,0,0,0,0
42,1370,1,0.111168,0.111168,0.84931,0.988229,0.138918,35.3972,35.9529,10,15,5,0.558387,0.47772,0.0806672,0,0,0,0
42,1370,2,0.594239,0.594239,0.197968,0.752067,0.554099,32.7919,35.0083,10,12,2,0.65095,0.6642,0.0132496,0,0,0,0
42,1370,3,1.02583,1.02583,-0.040274,0.279514,0.319788,31.8389,33.1181,10,3,-7,0.627256,0.817597,0.190341,0,0,0,0
42.5,1371,1,0.146805,0.146805,0.559453,0.84931,0.289857,34.2378,35.3972,15,17,2,0.47772,0.618696,0.140976,0,0,0,0
42.5,1371,2,0.342049,0.342049,0.873058,0.197968,0.67509,35.4922,32.7919,12,8,-4,0.6642,0.498851,0.165349,0,0,0,0
42.5,1371,3,0.995463,0.995463,0.71487,-0.040274,0.755144,34.8595,31.8389,3,5,2,0.817597,0.820274,0.0026768,0,0,0,0
43,1372,1,0.408367,0.408367,0.615765,0.559453,0.0563117,34.4631,34.2378,17,17,0,0.618696,0.553526,0.0651696,0,0,0,0
43,1372,2,0.69397,0.69397,-0.257513,0.873058,1.13057,30.9699,35.4922,8,10,2,0.498851,0.541963,0.043112,0,0,0,0
43,1372,3,0.567167,0.567167,0.954077,0.71487,0.239207,35.8163,34.8595,5,3,-2,0.820274,0.859493,0.0392192,0,0,0,0
43.5,1373,1,0.696123,0.696123,0.971349,0.615765,0.355585,35.8854,34.4631,17,16,-1,0.553526,0.480926,0.0726,0,0,0,0
43.5,1373,2,0.204024,0.204024,0.938921,-0.257513,1.19643,35.7557,30.9699,10,10,0,0.541963,0.395286,0.146677,0,0,0,0
43.5,1373,3,1.06183,1.06183,0.933913,0.954077,0.0201643,35.7357,35.8163,3,4,1,0.859493,0.977018,0.117525,0,0,0,0
44,1374,1,0.0807091,0.0807091,0.893887,0.971349,0.0774622,35.5755,35.8854,16,14,-2,0.480926,0.55124,0.0703136,0,0,0,0
44,1374,2,1.84673,1.84673,0.982427,0.938921,0.0435054,35.9297,35.7557,10,2,-8,0.395286,0.455834,0.0605472,0,0,0,0
44,1374,3,0.896991,0.896991,0.934939,0.933913,0.00102597,35.7398,35.7357,4,14,10,0.977018,0.669357,0.307661,0,0,1,0
44.5,1375,1,0.0552756,0.0552756,0.975327,0.893887,0.0814394,35.9013,35.5755,14,11,-3,0.55124,0.567997,0.0167568,0,0,0,0
44.5,1375,2,1.65801,1.65801,0.408933,0.982427,0.573494,33.6357,35.9297,2,6,4,0.455834,0.57433,0.118496,0,0,0,0
44.5,1375,3,1.26694,1.26694,0.219133,0.934939,0.715806,32.8765,35.7398,14,13,-1,0.669357,0.58936,0.0799968,0,0,0,0
45,1376,1,0.577864,0.577864,0.618166,0.975327,0.357161,34.4727,35.9013,11,8,-3,0.567997,0.647426,0.0794288,0,0,0,0
45,1376,2,1.20052,1.20052,0.973702,0.408933,0.564769,35.8948,33.6357,6,10,4,0.57433,0.559203,0.0151264,0,0,0,0
45,1376,3,0.965557,0.965557,0.807465,0.219133,0.588332,35.2299,32.8765,13,12,-1,0.58936,0.653482,0.0641216,0,0,0,0
45.5,1377,1,0.607587,0.607587,0.421135,0.618166,0.197031,33.6845,34.4727,8,13,5,0.647426,0.55301,0.094416,0,0,0,0
45.5,1377,2,0.44498,0.44498,0.945748,0.973702,0.0279532,35.783,35.8948,10,9,-1,0.559203,0.567381,0.0081776,0,0,0,0
45.5,1377,3,0.225349,0.225349,0.941038,0.807465,0.133573,35.7642,35.2299,12,8,-4,0.653482,0.718589,0.0651072,0,0,0,0
46,1378,1,0.314141,0.314141,-0.362392,0.421135,0.783527,30.5504,33.6845,13,11,-2,0.55301,0.503773,0.0492368,0,0,0,0
46,1378,2,0.999893,0.999893,0.794477,0.945748,0.151271,35.1779,35.783,9,11,2,0.567381,0.616328,0.0489472,0,0,0,0
46,1378,3,0.505103,0.505103,0.387031,0.941038,0.554007,33.5481,35.7642,8,8,0,0.718589,0.74059,0.0220016,0,0,0,0
46.5,1379,1,0.0137988,0.0137988,0.908555,-0.362392,1.27095,35.6342,30.5504,11,7,-4,0.503773,0.452803,0.0509696,0,1,0,0
46.5,1379,2,0.753563,0.753563,0.288969,0.794477,0.505508,33.1559,35.1779,11,11,0,0.616328,0.650366,0.0340384,0,0,0,0
46.5,1379,3,0.411433,0.411433,0.664293,0.387031,0.277262,34.6572,33.5481,8,12,4,0.74059,0.66527,0.07532,0,0,0,0
47,1380,1,0.864362,0.864362,0.699029,0.908555,0.209526,34.7961,35.6342,7,7,0,0.452803,0.570893,0.11809,0,0,0,0
47,1380,2,1.17756,1.17756,0.72218,0.288969,0.433211,34.8887,33.1559,11,13,2,0.650366,0.523278,0.127088,0,0,0,0
47,1380,3,0.260619,0.260619,0.521184,0.664293,0.143109,34.0847,34.6572,12,10,-2,0.66527,0.700326,0.035056,0,0,0,0
47.5,1381,1,0.0859637,0.0859637,0.653552,0.699029,0.0454765,34.6142,34.7961,7,11,4,0.570893,0.580688,0.0097952,0,0,0,0
47.5,1381,2,1.83465,1.83465,-0.413555,0.72218,1.13574,30.3458,34.8887,13,10,-3,0.523278,0.526933,0.0036544,0,0,0,0
47.5,1381,3,1.11329,1.11329,-0.0570733,0.521184,0.578258,31.7717,34.0847,10,9,-1,0.700326,0.768294,0.067968,0,0,0,0
48,1382,1,0.808036,0.808036,-0.731037,0.653552,1.38459,29.0759,34.6142,11,13,2,0.580688,0.689595,0.108907,0,0,0,0
48,1382,2,0.0530375,0.0530375,0.495573,-0.413555,0.909128,33.9823,30.3458,10,11,1,0.526933,0.431768,0.0951648,0,0,0,0
48,1382,3,0.235335,0.235335,0.853229,-0.0570733,0.910302,35.4129,31.7717,9,6,-3,0.768294,0.661045,0.10725,0,0,0,0
48.5,1383,1,0.0575949,0.0575949,0.811617,-0.731037,1.54265,35.2465,29.0759,13,13,0,0.689595,0.48592,0.203675,0,0,0,0
48.5,1383,2,0.560297,0.560297,0.863531,0.495573,0.367958,35.4541,33.9823,11,1,-10,0.431768,0.505264,0.073496,0,0,0,0
48.5,1383,3,1.48284,1.48284,0.835472,0.853229,0.0177565,35.3419,35.4129,6,16,10,0.661045,0.719941,0.058896,0,0,1,0
49,1384,1,0.0208453,0.0208453,0.896373,0.811617,0.0847558,35.5855,35.2465,13,10,-3,0.48592,0.502062,0.0161424,0,0,0,0
49,1384,2,1.31336,1.31336,0.838687,0.863531,0.024844,35.3547,35.4541,1,2,1,0.505264,0.554085,0.0488208,0,0,0,0
49,1384,3,0.994248,0.994248,-0.180964,0.835472,1.01644,31.2761,35.3419,16,18,2,0.719941,0.682146,0.0377952,0,0,0,0
49.5,1385,1,0.067075,0.067075,0.521788,0.896373,0.374585,34.0872,35.5855,10,11,1,0.502062,0.640397,0.138334,0,0,0,0
49.5,1385,2,1.63403,1.63403,0.160072,0.838687,0.678616,32.6403,35.3547,2,11,9,0.554085,0.593538,0.0394528,0,0,0,0
49.5,1385,3,0.184115,0.184115,0.70465,-0.180964,0.885614,34.8186,31.2761,18,8,-10,0.682146,0.571533,0.110613,0,0,0,0
50,1386,1,0.0189992,0.0189992,0.70863,0.521788,0.186841,34.8345,34.0872,11,9,-2,0.640397,0.64232,0.0019232,0,1,0,0
50,1386,2,0.960836,0.960836,0.185568,0.160072,0.0254968,32.7423,32.6403,11,12,1,0.593538,0.481411,0.112126,0,0,0,0
50,1386,3,0.944713,0.944713,0.875069,0.70465,0.170419,35.5003,34.8186,8,9,1,0.571533,0.681389,0.109856,0,0,0,0
50.5,1387,1,0.306976,0.306976,0.894232,0.70863,0.185603,35.5769,34.8345,9,11,2,0.64232,0.578195,0.0641248,0,0,0,0
50.5,1387,2,0.479785,0.479785,0.806915,0.185568,0.621346,35.2277,32.7423,12,7,-5,0.481411,0.384074,0.0973376,0,0,0,0
50.5,1387,3,1.14534,1.14534,0.61608,0.875069,0.258989,34.4643,35.5003,9,12,3,0.681389,0.750018,0.0686288,0,0,0,0
51,1388,1,0.560791,0.560791,0.794389,0.894232,0.099843,35.1776,35.5769,11,9,-2,0.578195,0.650685,0.0724896,0,0,0,0
51,1388,2,0.593181,0.593181,0.806382,0.806915,0.000532866,35.2255,35.2277,7,9,2,0.384074,0.540146,0.156072,0,0,1,0
51,1388,3,1.02987,1.02987,0.79485,0.61608,0.17877,35.1794,34.4643,12,12,0,0.750018,0.656382,0.0936352,0,0,0,0
51.5,1389,1,0.162407,0.162407,0.938571,0.794389,0.144182,35.7543,35.1776,9,9,0,0.650685,0.57711,0.0735744,0,0,0,0
51.5,1389,2,0.194497,0.194497,0.917778,0.806382,0.111396,35.6711,35.2255,9,9,0,0.540146,0.616386,0.07624,0,0,0,0
51.5,1389,3,0.883008,0.883008,0.736169,0.79485,0.0586809,34.9447,35.1794,12,12,0,0.656382,0.703819,0.0474368,0,0,0,0
52,1390,1,1.603,1.603,0.911509,0.938571,0.027062,35.646,35.7543,9,10,1,0.57711,0.652467,0.0753568,0,0,0,0
52,1390,2,1.07305,1.07305,0.934496,0.917778,0.0167174,35.738,35.6711,9,10,1,0.616386,0.596605,0.0197808,0,0,1,0
52,1390,3,0.212683,0.212683,0.393715,0.736169,0.342454,33.5749,34.9447,12,10,-2,0.703819,0.58841,0.11541,0,0,0,0
52.5,1391,1,1.02581,1.02581,0.545698,0.911509,0.365812,34.1828,35.646,10,10,0,0.652467,0.578597,0.0738704,0,0,0,0
52.5,1391,2,0.0387832,0.0387832,0.902003,0.934496,0.0324931,35.608,35.738,10,10,0,0.596605,0.670085,0.07348,0,0,0,0
52.5,1391,3,1.01418,1.01418,0.711967,0.393715,0.318252,34.8479,33.5749,10,10,0,0.58841,0.571811,0.0165984,0,0,0,0
53,1392,1,0.284382,0.284382,0.969623,0.545698,0.423926,35.8785,34.1828,10,12,2,0.578597,0.511389,0.067208,0,0,0,0
53,1392,2,1.33208,1.33208,0.880565,0.902003,0.0214372,35.5223,35.608,10,10,0,0.670085,0.623331,0.0467536,0,0,0,0
53,1392,3,0.149256,0.149256,0.353644,0.711967,0.358324,33.4146,34.8479,10,8,-2,0.571811,0.742696,0.170885,0,0,0,0
53.5,1393,1,1.07945,1.07945,0.024432,0.969623,0.945191,32.0977,35.8785,12,11,-1,0.511389,0.563408,0.0520192,0,0,0,0
53.5,1393,2,1.3864,1.3864,0.970187,0.880565,0.0896212,35.8807,35.5223,10,10,0,0.623331,0.626419,0.003088,0,0,0,0
53.5,1393,3,0.86762,0.86762,0.0879803,0.353644,0.265663,32.3519,33.4146,8,9,1,0.742696,0.671256,0.07144,0,0,0,0
54,1394,1,0.792463,0.792463,-0.687576,0.024432,0.712008,29.2497,32.0977,11,13,2,0.563408,0.490723,0.0726848,0,0,0,0
54,1394,2,0.185207,0.185207,0.513451,0.970187,0.456735,34.0538,35.8807,10,11,1,0.626419,0.719965,0.0935456,0,0,0,0
54,1394,3,1.07349,1.07349,0.388835,0.0879803,0.300855,33.5553,32.3519,9,6,-3,0.671256,0.710853,0.0395968,0,0,0,0
54.5,1395,1,0.403133,0.403133,0.560917,-0.687576,1.24849,34.2437,29.2497,13,12,-1,0.490723,0.396861,0.0938624,0,0,0,0
54.5,1395,2,0.675354,0.675354,-0.412244,0.513451,0.925695,30.351,34.0538,11,9,-2,0.719965,0.754702,0.0347376,0,0,0,0
54.5,1395,3,0.922236,0.922236,0.813019,0.388835,0.424184,35.2521,33.5553,6,9,3,0.710853,0.785851,0.0749984,0,0,0,0
55,1396,1,1.13393,1.13393,0.672837,0.560917,0.111921,34.6913,34.2437,12,8,-4,0.396861,0.543546,0.146685,0,0,0,0
55,1396,2,1.20628,1.20628,-0.447937,-0.412244,0.0356931,30.2083,30.351,9,12,3,0.754702,0.416563,0.338139,0,0,0,0
55,1396,3,0.155165,0.155165,0.98617,0.813019,0.173151,35.9447,35.2521,9,10,1,0.785851,0.880534,0.0946832,0,0,0,0
55.5,1397,1,0.706,0.706,0.913606,0.672837,0.240768,35.6544,34.6913,8,10,2,0.543546,0.690155,0.14661,0,0,0,0
55.5,1397,2,0.465787,0.465787,0.864101,-0.447937,1.31204,35.4564,30.2083,12,8,-4,0.416563,0.277227,0.139336,0,0,0,0
55.5,1397,3,0.688345,0.688345,0.822556,0.98617,0.163614,35.2902,35.9447,10,12,2,0.880534,0.858352,0.0221824,0,0,0,0
56,1398,1,0.359894,0.359894,0.667266,0.913606,0.24634,34.6691,35.6544,10,8,-2,0.690155,0.578994,0.111162,0,0,0,0
56,1398,2,0.454252,0.454252,0.748959,0.864101,0.115142,34.9958,35.4564,8,8,0,0.277227,0.49636,0.219133,0,0,0,0
56,1398,3,0.0735794,0.0735794,-0.686851,0.822556,1.50941,29.2526,35.2902,12,14,2,0.858352,0.809754,0.0485984,0,0,0,0
56.5,1399,1,0.0795525,0.0795525,0.109165,0.667266,0.558101,32.4367,34.6691,8,10,2,0.578994,0.635504,0.0565104,0,0,0,0
56.5,1399,2,0.220209,0.220209,0.963084,0.748959,0.214125,35.8523,34.9958,8,10,2,0.49636,0.659437,0.163077,0,0,0,0
56.5,1399,3,0.961782,0.961782,0.276817,-0.686851,0.963668,33.1073,29.2526,14,9,-5,0.809754,0.580923,0.22883,0,0,0,0
57,1400,1,0.320709,0.320709,0.332244,0.109165,0.223079,33.329,32.4367,10,13,3,0.635504,0.529827,0.105677,0,0,0,0
57,1400,2,0.242004,0.242004,0.678337,0.963084,0.284747,34.7133,35.8523,10,11,1,0.659437,0.747251,0.0878144,0,0,0,0
57,1400,3,0.968233,0.968233,0.965094,0.276817,0.688278,35.8604,33.1073,9,6,-3,0.580923,0.710706,0.129782,0,0,0,0
57.5,1401,1,0.148735,0.148735,-0.198164,0.332244,0.530408,31.2073,33.329,13,12,-1,0.529827,0.436934,0.0928928,0,0,0,0
57.5,1401,2,0.646893,0.646893,0.823197,0.678337,0.14486,35.2928,34.7133,11,11,0,0.747251,0.609762,0.13749,0,0,0,0
57.5,1401,3,0.689967,0.689967,0.76014,0.965094,0.204955,35.0406,35.8604,6,7,1,0.710706,0.922595,0.21189,0,0,0,0
58,1402,1,0.0730894,0.0730894,0.546092,-0.198164,0.744256,34.1844,31.2073,12,10,-2,0.436934,0.402426,0.0345088,0,0,0,0
58,1402,2,0.116244,0.116244,0.97278,0.823197,0.149583,35.8911,35.2928,11,11,0,0.609762,0.644427,0.0346656,0,0,0,0
58,1402,3,0.524879,0.524879,0.945323,0.76014,0.185183,35.7813,35.0406,7,9,2,0.922595,0.86244,0.0601552,0,0,0,0
58.5,1403,1,0.613562,0.613562,0.837947,0.546092,0.291855,35.3518,34.1844,10,7,-3,0.402426,0.496618,0.094192,0,0,0,0
58.5,1403,2,0.818812,0.818812,0.845789,0.97278,0.126991,35.3832,35.8911,11,12,1,0.644427,0.58843,0.0559968,0,0,0,0
58.5,1403,3,1.00268,1.00268,0.741178,0.945323,0.204145,34.9647,35.7813,9,11,2,0.86244,0.797272,0.065168,0,0,0,0
1,1405,1,-1,-1,0.900808,0.900808,-1,35.6032,35.6032,11,11,0,0,0,0,0,0,0,0
1,1405,2,-1,-1,0.946426,0.946426,-1,35.7857,35.7857,10,10,0,0,0,0,0,0,0,0
1,1405,3,-1,-1,-0.658388,-0.658388,-1,29.3664,29.3664,9,9,0,0,0,0,0,0,0,0
1.5,1406,1,0.284647,0.284647,0.220807,0.900808,0.680001,32.8832,35.6032,11,12,1,0,0.679291,0.679291,0,0,0,0
1.5,1406,2,0.363558,0.363558,-0.421771,0.946426,1.3682,30.3129,35.7857,10,10,0,0,0.724717,0.724717,0,0,0,0
1.5,1406,3,0.0842922,0.0842922,-0.701983,-0.658388,0.0435948,29.1921,29.3664,9,8,-1,0,0.702989,0.702989,0,0,0,0
2,1407,1,0.291228,0.291228,0.11831,0.220807,0.102497,32.4732,32.8832,12,13,1,0.679291,0.747213,0.0679216,0,0,0,0
2,1407,2,0.835611,0.835611,0.0289272,-0.421771,0.450698,32.1157,30.3129,10,9,-1,0.724717,0.646069,0.078648,0,0,0,0
2,1407,3,0.594926,0.594926,0.57431,-0.701983,1.27629,34.2972,29.1921,8,8,0,0.702989,0.673643,0.0293456,0,0,0,0
2.5,1408,1,1.63679,1.63679,0.925587,0.11831,0.807277,35.7023,32.4732,13,13,0,0.747213,0.568218,0.178995,0,0,0,0
2.5,1408,2,0.595227,0.595227,0.168388,0.0289272,0.139461,32.6736,32.1157,9,10,1,0.646069,0.679899,0.0338304,0,0,0,0
2.5,1408,3,0.214769,0.214769,0.629155,0.57431,0.0548445,34.5166,34.2972,8,7,-1,0.673643,0.84393,0.170286,0,0,0,0
3,1409,1,0.0159923,0.0159923,-0.815654,0.925587,1.74124,28.7374,35.7023,13,14,1,0.568218,0.62037,0.052152,0,1,0,0
3,1409,2,1.21689,1.21689,0.954581,0.168388,0.786193,35.8183,32.6736,10,5,-5,0.679899,0.557637,0.122262,0,0,0,0
3,1409,3,0.458819,0.458819,0.884899,0.629155,0.255745,35.5396,34.5166,7,11,4,0.84393,0.764539,0.0793904,0,0,0,0
3.5,1410,1,0.743642,0.743642,0.807141,-0.815654,1.62279,35.2286,28.7374,14,13,-1,0.62037,0.376899,0.24347,0,0,0,0
3.5,1410,2,1.65703,1.65703,0.847945,0.954581,0.106635,35.3918,35.8183,5,5,0,0.557637,0.717198,0.159562,0,0,0,0
3.5,1410,3,0.497119,0.497119,0.862915,0.884899,0.0219847,35.4517,35.5396,11,12,1,0.764539,0.813574,0.0490352,0,0,0,0
4,1411,1,0.662886,0.662886,0.717382,0.807141,0.0897593,34.8695,35.2286,13,1,-12,0.376899,0.452763,0.075864,0,0,0,0
4,1411,2,0.271378,0.271378,0.974642,0.847945,0.126697,35.8986,35.3918,5,14,9,0.717198,0.707717,0.0094816,0,0,0,0
4,1411,3,0.59746,0.59746,0.628631,0.862915,0.234284,34.5145,35.4517,12,15,3,0.813574,0.640611,0.172963,0,0,0,0
4.5,1412,1,0.102395,0.102395,0.796696,0.717382,0.0793142,35.1868,34.8695,1,11,10,0.452763,0.547549,0.0947856,0,0,0,0
4.5,1412,2,0.308869,0.308869,0.39301,0.974642,0.581632,33.572,35.8986,14,8,-6,0.707717,0.740357,0.03264,0,0,0,0
4.5,1412,3,0.715344,0.715344,-0.670563,0.628631,1.29919,29.3177,34.5145,15,11,-4,0.640611,0.66056,0.0199488,0,0,0,0
5,1413,1,0.317603,0.317603,0.0569633,0.796696,0.739733,32.2279,35.1868,11,11,0,0.547549,0.746418,0.198869,0,0,0,0
5,1413,2,0.48747,0.48747,0.812406,0.39301,0.419396,35.2496,33.572,8,8,0,0.740357,0.679915,0.0604416,0,0,0,0
5,1413,3,0.823668,0.823668,0.874329,-0.670563,1.54489,35.4973,29.3177,11,11,0,0.66056,0.564237,0.0963232,0,0,0,0
5.5,1414,1,0.836118,0.836118,0.494274,0.0569633,0.43731,33.9771,32.2279,11,13,2,0.746418,0.588514,0.157904,0,0,0,0
5.5,1414,2,0.123418,0.123418,0.919777,0.812406,0.107371,35.6791,35.2496,8,10,2,0.679915,0.687818,0.0079024,0,0,0,0
5.5,1414,3,1.53754,1.53754,0.907276,0.874329,0.0329477,35.6291,35.4973,11,7,-4,0.564237,0.79405,0.229813,0,0,0,0
6,1415,1,0.708131,0.708131,-0.0239348,0.494274,0.518209,31.9043,33.9771,13,13,0,0.588514,0.400581,0.187933,0,0,0,0
6,1415,2,1.20569,1.20569,0.434616,0.919777,0.485162,33.7385,35.6791,10,9,-1,0.687818,0.708419,0.0206016,0,0,0,0
6,1415,3,0.82777,0.82777,0.978015,0.907276,0.0707382,35.9121,35.6291,7,8,1,0.79405,0.908357,0.114307,0,0,0,0
6.5,1416,1,0.0452501,0.0452501,0.577128,-0.0239348,0.601062,34.3085,31.9043,13,10,-3,0.400581,0.453578,0.0529968,0,0,0,0
6.5,1416,2,0.481794,0.481794,-0.662201,0.434616,1.09682,29.3512,33.7385,9,9,0,0.708419,0.603269,0.10515,0,0,0,0
6.5,1416,3,0.491071,0.491071,0.088474,0.978015,0.889541,32.3539,35.9121,8,11,3,0.908357,0.796198,0.112158,0,0,0,0
7,1417,1,0.822294,0.822294,0.668457,0.577128,0.0913293,34.6738,34.3085,10,2,-8,0.453578,0.731139,0.277562,0,0,0,0
7,1417,2,0.379622,0.379622,0.387971,-0.662201,1.05017,33.5519,29.3512,9,13,4,0.603269,0.422526,0.180742,0,0,0,0
7,1417,3,0.429979,0.429979,0.160249,0.088474,0.0717748,32.641,32.3539,11,15,4,0.796198,0.746142,0.050056,0,0,0,0
7.5,1418,1,0.165836,0.165836,0.383545,0.668457,0.284912,33.5342,34.6738,2,7,5,0.731139,0.74933,0.0181904,0,0,0,0
7.5,1418,2,0.413724,0.413724,0.826916,0.387971,0.438945,35.3077,33.5519,13,8,-5,0.422526,0.61123,0.188704,0,0,0,0
7.5,1418,3,0.803651,0.803651,0.962415,0.160249,0.802167,35.8497,32.641,15,15,0,0.746142,0.599627,0.146515,0,0,0,0
8,1419,1,0.462114,0.462114,0.649057,0.383545,0.265512,34.5962,33.5342,7,13,6,0.74933,0.528299,0.22103,0,0,0,0
8,1419,2,0.307552,0.307552,0.825255,0.826916,0.00166112,35.301,35.3077,8,6,-2,0.61123,0.688477,0.0772464,0,0,1,0
8,1419,3,0.184963,0.184963,0.375382,0.962415,0.587034,33.5015,35.8497,15,11,-4,0.599627,0.766755,0.167128,0,0,0,0
8.5,1420,1,0.231703,0.231703,0.764691,0.649057,0.115634,35.0588,34.5962,13,10,-3,0.528299,0.56273,0.0344304,0,0,0,0
8.5,1420,2,0.752844,0.752844,0.0976489,0.825255,0.727606,32.3906,35.301,6,11,5,0.688477,0.616141,0.072336,0,0,0,0
8.5,1420,3,0.303289,0.303289,0.385554,0.375382,0.0101718,33.5422,33.5015,11,9,-2,0.766755,0.71804,0.0487152,0,0,1,0
9,1421,1,0.123515,0.123515,0.631174,0.764691,0.133517,34.5247,35.0588,10,10,0,0.56273,0.654696,0.0919664,0,0,0,0
9,1421,2,0.0739256,0.0739256,0.812011,0.0976489,0.714362,35.248,32.3906,11,13,2,0.616141,0.59687,0.0192704,0,0,0,0
9,1421,3,0.280663,0.280663,0.564984,0.385554,0.17943,34.2599,33.5422,9,7,-2,0.71804,0.631429,0.0866112,0,0,0,0
9.5,1422,1,0.20103,0.20103,0.917487,0.631174,0.286314,35.6699,34.5247,10,12,2,0.654696,0.592827,0.0618688,0,0,0,0
9.5,1422,2,1.07926,1.07926,-0.0870624,0.812011,0.899074,31.6518,35.248,13,9,-4,0.59687,0.615165,0.0182944,0,0,0,0
9.5,1422,3,0.510904,0.510904,0.921167,0.564984,0.356183,35.6847,34.2599,7,9,2,0.631429,0.611502,0.0199264,0,0,0,0
10,1423,1,0.37892,0.37892,0.941337,0.917487,0.0238494,35.7653,35.6699,12,12,0,0.592827,0.650202,0.0573744,0,0,0,0
10,1423,2,0.279383,0.279383,-0.44296,-0.0870624,0.355898,30.2282,31.6518,9,8,-1,0.615165,0.537182,0.0779824,0,0,0,0
10,1423,3,1.01269,1.01269,0.982767,0.921167,0.0616003,35.9311,35.6847,9,10,1,0.611502,0.742501,0.130998,0,0,0,0
10.5,1424,1,0.213531,0.213531,-0.36366,0.941337,1.305,30.5454,35.7653,12,12,0,0.650202,0.688093,0.0378912,0,0,0,0
10.5,1424,2,0.552977,0.552977,0.132672,-0.44296,0.575632,32.5307,30.2282,8,7,-1,0.537182,0.391328,0.145854,0,0,0,0
10.5,1424,3,1.66058,1.66058,0.294387,0.982767,0.688381,33.1775,35.9311,10,11,1,0.742501,0.829856,0.0873552,0,0,0,0
11,1425,1,1.0194,1.0194,0.607202,-0.36366,0.970862,34.4288,30.5454,12,12,0,0.688093,0.523158,0.164934,0,0,0,0
11,1425,2,0.0409043,0.0409043,0.0609606,0.132672,0.0717109,32.2438,32.5307,7,7,0,0.391328,0.603054,0.211726,0,0,0,0
11,1425,3,1.17541,1.17541,0.915713,0.294387,0.621326,35.6629,33.1775,11,11,0,0.829856,0.775848,0.054008,0,0,0,0
11.5,1426,1,1.11468,1.11468,0.761067,0.607202,0.153865,35.0443,34.4288,12,10,-2,0.523158,0.545938,0.0227792,0,0,0,0
11.5,1426,2,1.0308,1.0308,0.846885,0.0609606,0.785924,35.3875,32.2438,7,10,3,0.603054,0.50961,0.0934448,0,0,0,0
11.5,1426,3,0.801002,0.801002,0.581339,0.915713,0.334374,34.3254,35.6629,11,10,-1,0.775848,0.845589,0.0697408,0,0,0,0
12,1427,1,0.423465,0.423465,0.714079,0.761067,0.0469882,34.8563,35.0443,10,11,1,0.545938,0.614717,0.0687792,0,0,0,0
12,1427,2,1.04867,1.04867,0.0728981,0.846885,0.773987,32.2916,35.3875,10,7,-3,0.50961,0.606758,0.0971488,0,0,0,0
12,1427,3,0.414768,0.414768,0.955114,0.581339,0.373776,35.8205,34.3254,10,12,2,0.845589,0.662531,0.183058,0,0,0,0
12.5,1428,1,0.36057,0.36057,0.249261,0.714079,0.464818,32.997,34.8563,11,12,1,0.614717,0.602702,0.0120144,0,0,0,0
12.5,1428,2,0.912159,0.912159,0.661353,0.0728981,0.588455,34.6454,32.2916,7,5,-2,0.606758,0.53623,0.070528,0,0,0,0
12.5,1428,3,1.48487,1.48487,-0.865469,0.955114,1.82058,28.5381,35.8205,12,13,1,0.662531,0.77129,0.108758,0,0,0,0
13,1429,1,0.593899,0.593899,0.977659,0.249261,0.728398,35.9106,32.997,12,12,0,0.602702,0.569264,0.0334384,0,0,0,0
13,1429,2,1.54015,1.54015,0.24494,0.661353,0.416413,32.9798,34.6454,5,8,3,0.53623,0.77401,0.237779,0,0,0,0
13,1429,3,1.7009,1.7009,0.97854,-0.865469,1.84401,35.9142,28.5381,13,10,-3,0.77129,0.618813,0.152477,0,0,0,0
13.5,1430,1,0.175844,0.175844,0.973668,0.977659,0.00399137,35.8947,35.9106,12,13,1,0.569264,0.634443,0.0651792,0,0,1,0
13.5,1430,2,1.12244,1.12244,0.168411,0.24494,0.0765289,32.6736,32.9798,8,5,-3,0.77401,0.669726,0.104283,0,0,0,0
13.5,1430,3,0.321086,0.321086,0.258405,0.97854,0.720134,33.0336,35.9142,10,12,2,0.618813,0.729837,0.111024,0,0,0,0
14,1431,1,0.370877,0.370877,0.941739,0.973668,0.0319293,35.767,35.8947,13,12,-1,0.634443,0.742736,0.108293,0,0,0,0
14,1431,2,0.0690916,0.0690916,0.988247,0.168411,0.819836,35.953,32.6736,5,14,9,0.669726,0.442246,0.22748,0,0,0,0
14,1431,3,0.182548,0.182548,0.782313,0.258405,0.523908,35.1293,33.0336,12,4,-8,0.729837,0.778699,0.0488624,0,0,0,0
14.5,1432,1,0.596912,0.596912,-0.448015,0.941739,1.38975,30.2079,35.767,12,17,5,0.742736,0.599538,0.143198,0,0,0,0
14.5,1432,2,0.115134,0.115134,0.954533,0.988247,0.0337146,35.8181,35.953,14,7,-7,0.442246,0.53551,0.093264,0,0,0,0
14.5,1432,3,0.70913,0.70913,0.690564,0.782313,0.0917497,34.7623,35.1293,4,7,3,0.778699,0.696938,0.0817616,0,0,0,0
15,1433,1,0.713275,0.713275,0.847606,-0.448015,1.29562,35.3904,30.2079,17,10,-7,0.599538,0.38444,0.215098,0,0,0,0
15,1433,2,0.649663,0.649663,0.488305,0.954533,0.466227,33.9532,35.8181,7,11,4,0.53551,0.66096,0.12545,0,0,0,0
15,1433,3,1.15233,1.15233,0.943087,0.690564,0.252524,35.7723,34.7623,7,9,2,0.696938,0.662587,0.0343504,0,0,0,0
15.5,1434,1,0.480934,0.480934,0.849188,0.847606,0.00158173,35.3968,35.3904,10,8,-2,0.38444,0.515275,0.130835,0,0,1,0
15.5,1434,2,0.551892,0.551892,-0.106277,0.488305,0.594582,31.5749,33.9532,11,10,-1,0.66096,0.577238,0.0837216,0,0,0,0
15.5,1434,3,0.0629663,0.0629663,0.373559,0.943087,0.569528,33.4942,35.7723,9,12,3,0.662587,0.794946,0.132358,0,0,0,0
16,1435,1,0.110563,0.110563,0.786985,0.849188,0.0622028,35.1479,35.3968,8,11,3,0.515275,0.763256,0.247981,0,0,0,0
16,1435,2,1.70265,1.70265,0.518477,-0.106277,0.624753,34.0739,31.5749,10,11,1,0.577238,0.399707,0.177531,0,0,0,0
16,1435,3,1.54525,1.54525,0.95357,0.373559,0.580011,35.8143,33.4942,12,8,-4,0.794946,0.771365,0.0235808,0,0,0,0
16.5,1436,1,0.537091,0.537091,0.127093,0.786985,0.659892,32.5084,35.1479,11,11,0,0.763256,0.652918,0.110338,0,0,0,0
16.5,1436,2,0.150067,0.150067,0.803013,0.518477,0.284536,35.2121,34.0739,11,11,0,0.399707,0.542878,0.143171,0,0,0,0
16.5,1436,3,0.186255,0.186255,0.641834,0.95357,0.311736,34.5673,35.8143,8,8,0,0.771365,0.646293,0.125072,0,0,0,0
17,1437,1,0.604256,0.604256,0.904961,0.127093,0.777868,35.6198,32.5084,11,13,2,0.652918,0.461326,0.191592,0,0,0,0
17,1437,2,0.571448,0.571448,0.303936,0.803013,0.499077,33.2157,35.2121,11,6,-5,0.542878,0.672557,0.129678,0,0,0,0
17,1437,3,1.17181,1.17181,0.833001,0.641834,0.191167,35.332,34.5673,8,11,3,0.646293,0.632853,0.01344,0,0,0,0
17.5,1438,1,0.351071,0.351071,0.866774,0.904961,0.0381875,35.4671,35.6198,13,13,0,0.461326,0.497494,0.036168,0,0,0,0
17.5,1438,2,0.313834,0.313834,0.520164,0.303936,0.216228,34.0807,33.2157,6,7,1,0.672557,0.607472,0.0650848,0,0,0,0
17.5,1438,3,0.197006,0.197006,-0.037086,0.833001,0.870087,31.8517,35.332,11,10,-1,0.632853,0.720882,0.0880288,0,0,0,0
18,1439,1,0.293861,0.293861,0.858272,0.866774,0.00850207,35.4331,35.4671,13,11,-2,0.497494,0.686272,0.188778,0,0,1,0
18,1439,2,0.587041,0.587041,-0.559656,0.520164,1.07982,29.7614,34.0807,7,12,5,0.607472,0.583862,0.0236096,0,0,0,0
18,1439,3,1.32752,1.32752,0.73517,-0.037086,0.772256,34.9407,31.8517,10,7,-3,0.720882,0.660016,0.0608656,0,0,0,0
18.5,1440,1,0.597399,0.597399,0.803774,0.858272,0.054498,35.2151,35.4331,11,12,1,0.686272,0.771954,0.0856816,0,0,0,0
18.5,1440,2,1.50304,1.50304,0.955408,-0.559656,1.51506,35.8216,29.7614,12,12,0,0.583862,0.416984,0.166878,0,0,0,0
18.5,1440,3,1.4986,1.4986,0.843267,0.73517,0.108097,35.3731,34.9407,7,6,-1,0.660016,0.764931,0.104915,0,0,0,0
19,1441,1,0.245036,0.245036,0.911228,0.803774,0.107454,35.6449,35.2151,12,12,0,0.771954,0.64941,0.122544,0,0,0,0
19,1441,2,0.277372,0.277372,0.0914879,0.955408,0.86392,32.366,35.8216,12,11,-1,0.416984,0.483824,0.06684,0,0,0,0
19,1441,3,0.391288,0.391288,0.0468603,0.843267,0.796407,32.1874,35.3731,6,7,1,0.764931,0.740701,0.0242304,0,0,0,0
19.5,1442,1,0.598182,0.598182,0.950487,0.911228,0.0392591,35.8019,35.6449,12,15,3,0.64941,0.641453,0.0079568,0,0,0,0
19.5,1442,2,0.930208,0.930208,0.805028,0.0914879,0.713541,35.2201,32.366,11,2,-9,0.483824,0.548221,0.0643968,0,0,0,0
19.5,1442,3,0.478826,0.478826,0.118798,0.0468603,0.071938,32.4752,32.1874,7,13,6,0.740701,0.604978,0.135723,0,0,0,0
20,1443,1,0.075758,0.075758,-0.64085,0.950487,1.59134,29.4366,35.8019,15,14,-1,0.641453,0.626099,0.0153536,0,0,0,0
20,1443,2,1.29613,1.29613,0.0798103,0.805028,0.725218,32.3192,35.2201,2,6,4,0.548221,0.650659,0.102438,0,0,0,0
20,1443,3,0.364262,0.364262,0.939506,0.118798,0.820708,35.758,32.4752,13,10,-3,0.604978,0.552525,0.0524528,0,0,0,0
20.5,1444,1,0.328942,0.328942,0.443939,-0.64085,1.08479,33.7758,29.4366,14,14,0,0.626099,0.409008,0.217091,0,0,0,0
20.5,1444,2,0.160397,0.160397,0.818561,0.0798103,0.738751,35.2742,32.3192,6,8,2,0.650659,0.595754,0.0549056,0,0,0,0
20.5,1444,3,0.876591,0.876591,0.94348,0.939506,0.00397348,35.7739,35.758,10,8,-2,0.552525,0.861211,0.308686,0,0,1,0
21,1445,1,1.12845,1.12845,-0.0548898,0.443939,0.498829,31.7804,33.7758,14,11,-3,0.409008,0.373195,0.0358128,0,0,0,0
21,1445,2,0.833933,0.833933,0.875911,0.818561,0.0573496,35.5036,35.2742,8,5,-3,0.595754,0.590421,0.0053328,0,0,0,0
21,1445,3,0.768814,0.768814,0.530787,0.94348,0.412693,34.1231,35.7739,8,14,6,0.861211,0.796798,0.0644128,0,0,0,0
21.5,1446,1,0.876192,0.876192,0.976737,-0.0548898,1.03163,35.9069,31.7804,11,11,0,0.373195,0.471046,0.0978512,0,0,0,0
21.5,1446,2,0.57158,0.57158,0.498692,0.875911,0.377219,33.9948,35.5036,5,6,1,0.590421,0.643075,0.0526544,0,0,0,0
21.5,1446,3,0.217272,0.217272,-0.335953,0.530787,0.866739,30.6562,34.1231,14,13,-1,0.796798,0.583797,0.213002,0,0,0,0
22,1447,1,0.402099,0.402099,0.701606,0.976737,0.27513,34.8064,35.9069,11,8,-3,0.471046,0.71239,0.241344,0,0,0,0
22,1447,2,1.44681,1.44681,0.730319,0.498692,0.231627,34.9213,33.9948,6,13,7,0.643075,0.539411,0.103664,0,0,0,0
22,1447,3,0.787045,0.787045,0.987189,-0.335953,1.32314,35.9488,30.6562,13,9,-4,0.583797,0.63328,0.0494832,0,0,0,0
22.5,1448,1,1.46961,1.46961,0.893168,0.701606,0.191562,35.5727,34.8064,8,9,1,0.71239,0.651043,0.0613472,0,0,0,0
22.5,1448,2,0.102039,0.102039,0.72187,0.730319,0.00844961,34.8875,34.9213,13,14,1,0.539411,0.557362,0.0179504,0,0,1,0
22.5,1448,3,0.96143,0.96143,0.916098,0.987189,0.071091,35.6644,35.9488,9,7,-2,0.63328,0.623442,0.0098384,0,0,0,0
23,1449,1,0.333914,0.333914,0.0103759,0.893168,0.882792,32.0415,35.5727,9,14,5,0.651043,0.635454,0.0155888,0,0,0,0
23,1449,2,1.24307,1.24307,0.942205,0.72187,0.220335,35.7688,34.8875,14,7,-7,0.557362,0.498488,0.0588736,0,0,0,0
23,1449,3,0.318186,0.318186,0.949907,0.916098,0.0338097,35.7996,35.6644,7,9,2,0.623442,0.590291,0.0331504,0,0,0,0
23.5,1450,1,0.423925,0.423925,0.936157,0.0103759,0.925781,35.7446,32.0415,14,14,0,0.635454,0.4302,0.205254,0,0,0,0
23.5,1450,2,0.442416,0.442416,0.965016,0.942205,0.0228106,35.8601,35.7688,7,7,0,0.498488,0.559955,0.0614672,0,0,0,0
23.5,1450,3,1.6726,1.6726,0.926342,0.949907,0.0235649,35.7054,35.7996,9,9,0,0.590291,0.748418,0.158126,0,0,0,0
24,1451,1,0.6268,0.6268,0.969796,0.936157,0.0336393,35.8792,35.7446,14,5,-9,0.4302,0.522234,0.0920336,0,0,0,0
24,1451,2,0.684901,0.684901,0.343971,0.965016,0.621044,33.3759,35.8601,7,15,8,0.559955,0.487942,0.0720128,0,0,0,0
24,1451,3,1.71842,1.71842,0.862898,0.926342,0.0634445,35.4516,35.7054,9,10,1,0.748418,0.712106,0.036312,0,0,0,0
24.5,1452,1,1.57188,1.57188,-0.453105,0.969796,1.4229,30.1876,35.8792,5,8,3,0.522234,0.621483,0.0992496,0,0,0,0
24.5,1452,2,1.32064,1.32064,0.994625,0.343971,0.650654,35.9785,33.3759,15,10,-5,0.487942,0.500477,0.0125344,0,0,0,0
24.5,1452,3,0.833854,0.833854,0.885409,0.862898,0.022511,35.5416,35.4516,10,12,2,0.712106,0.622744,0.0893616,0,0,0,0
25,1453,1,0.249482,0.249482,0.925597,-0.453105,1.3787,35.7024,30.1876,8,13,5,0.621483,0.464794,0.15669,0,0,0,0
25,1453,2,0.307938,0.307938,0.536356,0.994625,0.458269,34.1454,35.9785,10,6,-4,0.500477,0.64041,0.139933,0,0,0,0
25,1453,3,0.521768,0.521768,0.763349,0.885409,0.12206,35.0534,35.5416,12,11,-1,0.622744,0.693296,0.070552,0,0,0,0
25.5,1454,1,0.124796,0.124796,0.0847879,0.925597,0.840809,32.3392,35.7024,13,2,-11,0.464794,0.661795,0.197002,0,0,0,0
25.5,1454,2,0.0233956,0.0233956,0.767856,0.536356,0.2315,35.0714,34.1454,6,12,6,0.64041,0.526757,0.113653,0,0,0,0
25.5,1454,3,1.17968,1.17968,-0.322447,0.763349,1.0858,30.7102,35.0534,11,16,5,0.693296,0.633539,0.0597568,0,0,0,0
26,1455,1,0.327381,0.327381,0.483373,0.0847879,0.398586,33.9335,32.3392,2,3,1,0.661795,0.681155,0.01936,0,0,0,0
26,1455,2,1.85712,1.85712,-0.31668,0.767856,1.08454,30.7333,35.0714,12,13,1,0.526757,0.583856,0.0570992,0,0,0,0
26,1455,3,1.69593,1.69593,0.91433,-0.322447,1.23678,35.6573,30.7102,16,14,-2,0.633539,0.546171,0.087368,0,0,0,0
26.5,1456,1,0.790745,0.790745,0.762325,0.483373,0.278951,35.0493,33.9335,3,7,4,0.681155,0.60583,0.0753248,0,0,0,0
26.5,1456,2,1.22338,1.22338,0.803348,-0.31668,1.12003,35.2134,30.7333,13,17,4,0.583856,0.450749,0.133107,0,0,0,0
26.5,1456,3,1.75414,1.75414,0.405314,0.91433,0.509017,33.6213,35.6573,14,6,-8,0.546171,0.70251,0.156339,0,0,0,0
27,1457,1,0.170673,0.170673,0.853678,0.762325,0.0913536,35.4147,35.0493,7,6,-1,0.60583,0.64331,0.03748,0,0,0,0
27,1457,2,0.794984,0.794984,0.716668,0.803348,0.0866798,34.8667,35.2134,17,6,-11,0.450749,0.487762,0.0370128,0,0,0,0
27,1457,3,0.758962,0.758962,0.371128,0.405314,0.0341856,33.4845,33.6213,6,18,12,0.70251,0.655779,0.0467312,0,0,0,0
27.5,1458,1,0.690038,0.690038,-0.54719,0.853678,1.40087,29.8112,35.4147,6,11,5,0.64331,0.616166,0.027144,0,0,0,0
27.5,1458,2,0.85707,0.85707,0.867422,0.716668,0.150754,35.4697,34.8667,6,12,6,0.487762,0.568554,0.080792,0,0,0,0
27.5,1458,3,0.853473,0.853473,0.762712,0.371128,0.391584,35.0508,33.4845,18,7,-11,0.655779,0.582864,0.0729152,0,0,0,0
28,1459,1,0.586464,0.586464,0.777878,-0.54719,1.32507,35.1115,29.8112,11,12,1,0.616166,0.429298,0.186869,0,0,0,0
28,1459,2,0.970529,0.970529,0.626706,0.867422,0.240716,34.5068,35.4697,12,10,-2,0.568554,0.555498,0.013056,0,0,0,0
28,1459,3,0.774458,0.774458,0.341792,0.762712,0.420921,33.3672,35.0508,7,8,1,0.582864,0.804734,0.22187,0,0,0,0
28.5,1460,1,0.521256,0.521256,0.335887,0.777878,0.441992,33.3435,35.1115,12,4,-8,0.429298,0.588237,0.158939,0,0,0,0
28.5,1460,2,0.168512,0.168512,0.872516,0.626706,0.24581,35.4901,34.5068,10,15,5,0.555498,0.552725,0.0027728,0,0,0,0
28.5,1460,3,0.501697,0.501697,0.634271,0.341792,0.292479,34.5371,33.3672,8,11,3,0.804734,0.602198,0.202536,0,0,0,0
29,1461,1,0.0469503,0.0469503,0.775429,0.335887,0.439542,35.1017,33.3435,4,11,7,0.588237,0.526035,0.0622016,0,0,0,0
29,1461,2,1.314,1.314,0.71287,0.872516,0.159646,34.8515,35.4901,15,11,-4,0.552725,0.564402,0.0116768,0,0,0,0
29,1461,3,0.192729,0.192729,0.901298,0.634271,0.267027,35.6052,34.5371,11,8,-3,0.602198,0.645701,0.0435024,0,0,0,0
29.5,1462,1,0.250036,0.250036,0.630803,0.775429,0.144626,34.5232,35.1017,11,11,0,0.526035,0.543512,0.0174768,0,0,0,0
29.5,1462,2,0.246637,0.246637,0.877338,0.71287,0.164469,35.5094,34.8515,11,11,0,0.564402,0.50817,0.056232,0,0,0,0
29.5,1462,3,0.857645,0.857645,-0.617032,0.901298,1.51833,29.5319,35.6052,8,8,0,0.645701,0.849368,0.203667,0,0,0,0
30,1463,1,0.475765,0.475765,0.200421,0.630803,0.430382,32.8017,34.5232,11,13,2,0.543512,0.638315,0.0948032,0,0,0,0
30,1463,2,0.194961,0.194961,0.932989,0.877338,0.0556501,35.732,35.5094,11,12,1,0.50817,0.618246,0.110077,0,0,0,0
30,1463,3,0.798179,0.798179,0.453654,-0.617032,1.07069,33.8146,29.5319,8,5,-3,0.849368,0.615024,0.234344,0,0,0,0
30.5,1464,1,0.377207,0.377207,0.959086,0.200421,0.758666,35.8363,32.8017,13,12,-1,0.638315,0.512554,0.125762,0,0,0,0
30.5,1464,2,0.243366,0.243366,0.07556,0.932989,0.857429,32.3022,35.732,12,11,-1,0.618246,0.69455,0.076304,0,0,0,0
30.5,1464,3,1.65145,1.65145,-0.110806,0.453654,0.56446,31.5568,33.8146,5,7,2,0.615024,0.633438,0.0184144,0,0,0,0
31,1465,1,0.406782,0.406782,0.561411,0.959086,0.397675,34.2456,35.8363,12,12,0,0.512554,0.67495,0.162397,0,0,0,0
31,1465,2,0.706787,0.706787,0.846255,0.07556,0.770695,35.385,32.3022,11,15,4,0.69455,0.502454,0.192096,0,0,0,0
31,1465,3,1.21715,1.21715,0.14587,-0.110806,0.256677,32.5835,31.5568,7,3,-4,0.633438,0.64551,0.012072,0,0,0,0
31.5,1466,1,0.635739,0.635739,0.947094,0.561411,0.385683,35.7884,34.2456,12,10,-2,0.67495,0.660864,0.0140864,0,0,0,0
31.5,1466,2,1.1439,1.1439,0.275087,0.846255,0.571168,33.1003,35.385,15,12,-3,0.502454,0.578131,0.0756768,0,0,0,0
31.5,1466,3,1.09501,1.09501,0.590351,0.14587,0.444481,34.3614,32.5835,3,8,5,0.64551,0.622782,0.022728,0,0,0,0
32,1467,1,0.341321,0.341321,0.90163,0.947094,0.0454643,35.6065,35.7884,10,16,6,0.660864,0.547294,0.11357,0,0,0,0
32,1467,2,0.454756,0.454756,0.431584,0.275087,0.156497,33.7263,33.1003,12,8,-4,0.578131,0.523802,0.0543296,0,0,0,0
32,1467,3,0.754929,0.754929,0.825347,0.590351,0.234995,35.3014,34.3614,8,6,-2,0.622782,0.812774,0.189992,0,0,0,0
32.5,1468,1,0.218984,0.218984,0.963114,0.90163,0.0614843,35.8525,35.6065,16,12,-4,0.547294,0.610354,0.0630592,0,0,0,0
32.5,1468,2,0.459303,0.459303,0.949105,0.431584,0.517521,35.7964,33.7263,8,10,2,0.523802,0.384784,0.139018,0,0,0,0
32.5,1468,3,0.704755,0.704755,0.963607,0.825347,0.13826,35.8544,35.3014,6,8,2,0.812774,0.836749,0.0239744,0,0,0,0
33,1469,1,0.460943,0.460943,0.533144,0.963114,0.42997,34.1326,35.8525,12,12,0,0.610354,0.552851,0.0575024,0,0,0,0
33,1469,2,0.25787,0.25787,0.87187,0.949105,0.0772351,35.4875,35.7964,10,9,-1,0.384784,0.490699,0.105915,0,0,0,0
33,1469,3,0.199741,0.199741,0.860621,0.963607,0.102986,35.4425,35.8544,8,9,1,0.836749,0.773307,0.0634416,0,0,0,0
33.5,1470,1,0.530326,0.530326,0.503928,0.533144,0.0292162,34.0157,34.1326,12,13,1,0.552851,0.516952,0.0358992,0,0,0,0
33.5,1470,2,0.773873,0.773873,0.555801,0.87187,0.316069,34.2232,35.4875,9,9,0,0.490699,0.588158,0.0974592,0,0,0,0
33.5,1470,3,0.240741,0.240741,0.0204041,0.860621,0.840217,32.0816,35.4425,9,8,-1,0.773307,0.770901,0.0024064,0,0,0,0
34,1471,1,1.63761,1.63761,0.674867,0.503928,0.170939,34.6995,34.0157,13,11,-2,0.516952,0.550286,0.0333344,0,0,0,0
34,1471,2,1.43142,1.43142,0.130438,0.555801,0.425363,32.5218,34.2232,9,11,2,0.588158,0.624301,0.0361424,0,0,0,0
34,1471,3,0.681408,0.681408,0.397048,0.0204041,0.376644,33.5882,32.0816,8,8,0,0.770901,0.680763,0.0901376,0,0,0,0
34.5,1472,1,0.329029,0.329029,0.95817,0.674867,0.283304,35.8327,34.6995,11,11,0,0.550286,0.613214,0.062928,0,0,0,0
34.5,1472,2,1.10151,1.10151,-0.281371,0.130438,0.411809,30.8745,32.5218,11,11,0,0.624301,0.481954,0.142347,0,0,0,0
34.5,1472,3,1.50181,1.50181,-0.249853,0.397048,0.646902,31.0006,33.5882,8,8,0,0.680763,0.663621,0.0171424,0,0,0,0
35,1473,1,0.895161,0.895161,0.92633,0.95817,0.0318404,35.7053,35.8327,11,10,-1,0.613214,0.82437,0.211155,0,0,0,0
35,1473,2,1.00787,1.00787,0.948107,-0.281371,1.22948,35.7924,30.8745,11,12,1,0.481954,0.335034,0.14692,0,0,0,0
35,1473,3,1.31586,1.31586,0.883123,-0.249853,1.13298,35.5325,31.0006,8,8,0,0.663621,0.557883,0.105738,0,0,0,0
35.5,1474,1,0.0142165,0.0142165,0.439381,0.92633,0.486949,33.7575,35.7053,10,10,0,0.82437,0.755106,0.069264,0,1,0,0
35.5,1474,2,0.980874,0.980874,0.896647,0.948107,0.0514604,35.5866,35.7924,12,8,-4,0.335034,0.452099,0.117066,0,0,0,0
35.5,1474,3,1.46315,1.46315,-0.807536,0.883123,1.69066,28.7699,35.5325,8,12,4,0.557883,0.562835,0.004952,0,0,0,0
36,1475,1,0.854267,0.854267,0.916242,0.439381,0.47686,35.665,33.7575,10,15,5,0.755106,0.54173,0.213376,0,0,0,0
36,1475,2,0.207911,0.207911,-0.153037,0.896647,1.04968,31.3879,35.5866,8,10,2,0.452099,0.723693,0.271594,0,0,0,0
36,1475,3,0.465199,0.465199,0.806299,-0.807536,1.61383,35.2252,28.7699,12,5,-7,0.562835,0.606093,0.0432576,0,0,0,0
36.5,1476,1,0.556002,0.556002,0.946692,0.916242,0.0304506,35.7868,35.665,15,11,-4,0.54173,0.644125,0.102395,0,0,0,0
36.5,1476,2,0.0685712,0.0685712,0.595281,-0.153037,0.748319,34.3811,31.3879,10,11,1,0.723693,0.468938,0.254755,0,0,0,0
36.5,1476,3,0.0349758,0.0349758,0.566948,0.806299,0.239351,34.2678,35.2252,5,8,3,0.606093,0.667021,0.060928,0,0,0,0
37,1477,1,0.829073,0.829073,0.797337,0.946692,0.149356,35.1893,35.7868,11,10,-1,0.644125,0.623725,0.0204,0,0,0,0
37,1477,2,1.22568,1.22568,0.740947,0.595281,0.145665,34.9638,34.3811,11,9,-2,0.468938,0.401144,0.0677936,0,0,0,0
37,1477,3,1.11927,1.11927,0.889918,0.566948,0.322971,35.5597,34.2678,8,11,3,0.667021,0.654054,0.0129664,0,0,0,0
37.5,1478,1,1.72755,1.72755,0.570509,0.797337,0.226827,34.282,35.1893,10,12,2,0.623725,0.588275,0.0354496,0,0,0,0
37.5,1478,2,1.20945,1.20945,0.808207,0.740947,0.06726,35.2328,34.9638,9,8,-1,0.401144,0.47611,0.0749664,0,0,0,0
37.5,1478,3,0.132812,0.132812,-0.00659349,0.889918,0.896512,31.9736,35.5597,11,10,-1,0.654054,0.683051,0.0289968,0,0,0,0
38,1479,1,0.320335,0.320335,0.852207,0.570509,0.281698,35.4088,34.282,12,11,-1,0.588275,0.551878,0.0363968,0,0,0,0
38,1479,2,0.774053,0.774053,0.424331,0.808207,0.383875,33.6973,35.2328,8,11,3,0.47611,0.602538,0.126427,0,0,0,0
38,1479,3,1.50498,1.50498,0.872912,-0.00659349,0.879506,35.4916,31.9736,10,8,-2,0.683051,0.621517,0.0615344,0,0,0,0
38.5,1480,1,0.377713,0.377713,-0.0363158,0.852207,0.888523,31.8547,35.4088,11,15,4,0.551878,0.516018,0.0358608,0,0,0,0
38.5,1480,2,0.181018,0.181018,0.792561,0.424331,0.36823,35.1702,33.6973,11,11,0,0.602538,0.478734,0.123803,0,0,0,0
38.5,1480,3,1.66016,1.66016,0.179186,0.872912,0.693727,32.7167,35.4916,8,4,-4,0.621517,0.838981,0.217464,0,0,0,0
39,1481,1,0.897404,0.897404,0.677914,-0.0363158,0.714229,34.7117,31.8547,15,14,-1,0.516018,0.453542,0.0624752,0,0,0,0
39,1481,2,0.78871,0.78871,0.82934,0.792561,0.0367785,35.3174,35.1702,11,10,-1,0.478734,0.591886,0.113152,0,0,0,0
39,1481,3,0.622839,0.622839,0.421172,0.179186,0.241986,33.6847,32.7167,4,6,2,0.838981,0.839438,0.0004576,0,0,0,0
39.5,1482,1,0.0735698,0.0735698,0.243723,0.677914,0.434191,32.9749,34.7117,14,10,-4,0.453542,0.551827,0.0982848,0,0,0,0
39.5,1482,2,0.803892,0.803892,0.868178,0.82934,0.0388388,35.4727,35.3174,10,12,2,0.591886,0.621515,0.0296288,0,0,0,0
39.5,1482,3,1.21357,1.21357,0.0370762,0.421172,0.384096,32.1483,33.6847,6,8,2,0.839438,0.642418,0.197021,0,0,0,0
40,1483,1,0.390964,0.390964,0.873809,0.243723,0.630086,35.4952,32.9749,10,6,-4,0.551827,0.585397,0.0335696,0,0,0,0
40,1483,2,0.123898,0.123898,0.864281,0.868178,0.00389719,35.4571,35.4727,12,15,3,0.621515,0.619491,0.002024,0,0,1,0
40,1483,3,0.58507,0.58507,0.985587,0.0370762,0.948511,35.9423,32.1483,8,9,1,0.642418,0.591389,0.0510288,0,0,0,0
40.5,1484,1,0.281606,0.281606,0.849766,0.873809,0.0240434,35.3991,35.4952,6,6,0,0.585397,0.706504,0.121107,0,0,0,0
40.5,1484,2,0.0717433,0.0717433,-0.46872,0.864281,1.333,30.1251,35.4571,15,14,-1,0.619491,0.559379,0.060112,0,0,0,0
40.5,1484,3,0.116188,0.116188,0.557127,0.985587,0.42846,34.2285,35.9423,9,10,1,0.591389,0.66505,0.0736608,0,0,0,0
41,1485,1,0.435016,0.435016,0.453376,0.849766,0.396389,33.8135,35.3991,6,8,2,0.706504,0.811976,0.105472,0,0,0,0
41,1485,2,0.846142,0.846142,0.641183,-0.46872,1.1099,34.5647,30.1251,14,12,-2,0.559379,0.335152,0.224227,0,0,0,0
41,1485,3,1.16077,1.16077,0.0217717,0.557127,0.535355,32.0871,34.2285,10,10,0,0.66505,0.733453,0.0684032,0,0,0,0
41.5,1486,1,1.80866,1.80866,0.967004,0.453376,0.513627,35.868,33.8135,8,9,1,0.811976,0.675163,0.136813,0,0,0,0
41.5,1486,2,0.295754,0.295754,0.944208,0.641183,0.303025,35.7768,34.5647,12,11,-1,0.335152,0.471682,0.13653,0,0,0,0
41.5,1486,3,0.0145735,0.0145735,0.770928,0.0217717,0.749157,35.0837,32.0871,10,10,0,0.733453,0.687163,0.0462896,0,1,0,0
42,1487,1,1.01826,1.01826,0.832842,0.967004,0.134162,35.3314,35.868,9,15,6,0.675163,0.529642,0.145522,0,0,0,0
42,1487,2,0.866673,0.866673,0.992941,0.944208,0.0487329,35.9718,35.7768,11,7,-4,0.471682,0.572342,0.100661,0,0,0,0
42,1487,3,0.202152,0.202152,0.970539,0.770928,0.199611,35.8822,35.0837,10,8,-2,0.687163,0.748251,0.061088,0,0,0,0
42.5,1488,1,0.492466,0.492466,0.873642,0.832842,0.0408002,35.4946,35.3314,15,17,2,0.529642,0.506054,0.0235872,0,0,0,0
42.5,1488,2,0.169608,0.169608,0.814823,0.992941,0.178118,35.2593,35.9718,7,4,-3,0.572342,0.538744,0.0335984,0,0,0,0
42.5,1488,3,0.781253,0.781253,0.896322,0.970539,0.0742172,35.5853,35.8822,8,9,1,0.748251,0.798155,0.049904,0,0,0,0
43,1489,1,1.26667,1.26667,0.279734,0.873642,0.593908,33.1189,35.4946,17,10,-7,0.506054,0.580144,0.0740896,0,0,0,0
43,1489,2,0.294134,0.294134,0.959304,0.814823,0.144481,35.8372,35.2593,4,11,7,0.538744,0.566086,0.0273424,0,0,0,0
43,1489,3,0.951553,0.951553,0.537911,0.896322,0.358411,34.1516,35.5853,9,9,0,0.798155,0.721314,0.0768416,0,0,0,0
43.5,1490,1,0.0622472,0.0622472,0.874959,0.279734,0.595225,35.4998,33.1189,10,7,-3,0.580144,0.533619,0.0465248,0,0,0,0
43.5,1490,2,0.0788641,0.0788641,0.45279,0.959304,0.506515,33.8112,35.8372,11,11,0,0.566086,0.605869,0.0397824,0,0,0,0
43.5,1490,3,0.661914,0.661914,0.920096,0.537911,0.382186,35.6804,34.1516,9,12,3,0.721314,0.77329,0.051976,0,0,0,0
44,1491,1,1.21473,1.21473,-0.0585055,0.874959,0.933465,31.766,35.4998,7,13,6,0.533619,0.509858,0.0237616,0,0,0,0
44,1491,2,0.521008,0.521008,-0.0500626,0.45279,0.502852,31.7997,33.8112,11,11,0,0.605869,0.486029,0.11984,0,0,0,0
44,1491,3,0.227521,0.227521,-0.393381,0.920096,1.31348,30.4265,35.6804,12,6,-6,0.77329,0.91352,0.14023,0,0,0,0
44.5,1492,1,0.210458,0.210458,0.361337,-0.0585055,0.419843,33.4453,31.766,13,12,-1,0.509858,0.596179,0.0863216,0,0,0,0
44.5,1492,2,0.701115,0.701115,0.256632,-0.0500626,0.306695,33.0265,31.7997,11,11,0,0.486029,0.490027,0.0039984,0,0,0,0
44.5,1492,3,0.643371,0.643371,0.988937,-0.393381,1.38232,35.9557,30.4265,6,7,1,0.91352,0.751878,0.161642,0,0,0,0
45,1493,1,0.860802,0.860802,0.866741,0.361337,0.505403,35.467,33.4453,12,9,-3,0.596179,0.667528,0.0713488,0,0,0,0
45,1493,2,0.248268,0.248268,0.710999,0.256632,0.454367,34.844,33.0265,11,11,0,0.490027,0.505307,0.01528,0,0,0,0
45,1493,3,1.50642,1.50642,0.755518,0.988937,0.233419,35.0221,35.9557,7,10,3,0.751878,0.715237,0.0366416,0,0,0,0
45.5,1494,1,0.515606,0.515606,0.954977,0.866741,0.0882362,35.8199,35.467,9,6,-3,0.667528,0.594835,0.0726928,0,0,0,0
45.5,1494,2,0.819837,0.819837,0.936096,0.710999,0.225097,35.7444,34.844,11,11,0,0.505307,0.442562,0.0627456,0,0,0,0
45.5,1494,3,0.151182,0.151182,0.645092,0.755518,0.110426,34.5804,35.0221,10,13,3,0.715237,0.809594,0.0943568,0,0,0,0
46,1495,1,0.153715,0.153715,0.612777,0.954977,0.3422,34.4511,35.8199,6,10,4,0.594835,0.568542,0.0262928,0,0,0,0
46,1495,2,1.15114,1.15114,0.974161,0.936096,0.0380654,35.8966,35.7444,11,11,0,0.442562,0.53763,0.0950688,0,0,0,0
46,1495,3,1.50764,1.50764,0.943085,0.645092,0.297993,35.7723,34.5804,13,9,-4,0.809594,0.722594,0.087,0,0,0,0
46.5,1496,1,0.964973,0.964973,0.905859,0.612777,0.293082,35.6234,34.4511,10,9,-1,0.568542,0.582405,0.0138624,0,0,0,0
46.5,1496,2,0.146225,0.146225,-0.194389,0.974161,1.16855,31.2224,35.8966,11,11,0,0.53763,0.597718,0.060088,0,0,0,0
46.5,1496,3,1.15549,1.15549,0.944769,0.943085,0.00168467,35.7791,35.7723,9,10,1,0.722594,0.641154,0.08144,0,0,1,0
47,1497,1,1.40049,1.40049,-0.146607,0.905859,1.05247,31.4136,35.6234,9,8,-1,0.582405,0.659536,0.0771312,0,0,0,0
47,1497,2,1.23701,1.23701,0.394634,-0.194389,0.589023,33.5785,31.2224,11,11,0,0.597718,0.391669,0.20605,0,0,0,0
47,1497,3,0.266612,0.266612,0.574874,0.944769,0.369896,34.2995,35.7791,10,11,1,0.641154,0.708069,0.0669152,0,0,0,0
47.5,1498,1,0.655231,0.655231,0.661758,-0.146607,0.808365,34.647,31.4136,8,13,5,0.659536,0.515078,0.144458,0,0,0,0
47.5,1498,2,0.190933,0.190933,0.970182,0.394634,0.575548,35.8807,33.5785,11,6,-5,0.391669,0.36452,0.0271488,0,0,0,0
47.5,1498,3,0.39777,0.39777,0.616408,0.574874,0.0415343,34.4656,34.2995,11,11,0,0.708069,0.815448,0.107379,0,0,0,0
48,1499,1,0.251184,0.251184,0.723844,0.661758,0.0620862,34.8954,34.647,13,5,-8,0.515078,0.554006,0.038928,0,0,0,0
48,1499,2,1.12673,1.12673,0.483852,0.970182,0.48633,33.9354,35.8807,6,12,6,0.36452,0.5506,0.18608,0,0,0,0
48,1499,3,0.204705,0.204705,0.0830012,0.616408,0.533407,32.332,34.4656,11,13,2,0.815448,0.72579,0.0896576,0,0,0,0
48.5,1500,1,0.183582,0.183582,0.865985,0.723844,0.142141,35.4639,34.8954,5,10,5,0.554006,0.557275,0.0032688,0,0,0,0
48.5,1500,2,0.376165,0.376165,0.982687,0.483852,0.498835,35.9307,33.9354,12,13,1,0.5506,0.559674,0.0090736,0,0,0,0
48.5,1500,3,1.2401,1.2401,0.388864,0.0830012,0.305863,33.5555,32.332,13,7,-6,0.72579,0.65228,0.0735104,0,0,0,0
49,1501,1,0.071726,0.071726,0.564488,0.865985,0.301497,34.258,35.4639,10,12,2,0.557275,0.643667,0.086392,0,0,0,0
49,1501,2,0.00445408,0.00445408,0.940878,0.982687,0.0418094,35.7635,35.9307,13,11,-2,0.559674,0.595518,0.0358448,0,1,0,0
49,1501,3,0.00130409,0.00130409,0.859233,0.388864,0.470369,35.4369,33.5555,7,7,0,0.65228,0.609992,0.042288,0,1,0,0
49.5,1502,1,0.651867,0.651867,0.746483,0.564488,0.181995,34.9859,34.258,12,12,0,0.643667,0.567163,0.076504,0,0,0,0
49.5,1502,2,0.0328138,0.0328138,-0.0756092,0.940878,1.01649,31.6976,35.7635,11,9,-2,0.595518,0.609558,0.01404,0,0,0,0
49.5,1502,3,0.0614223,0.0614223,0.236967,0.859233,0.622266,32.9479,35.4369,7,9,2,0.609992,0.749304,0.139312,0,0,0,0
50,1503,1,0.0575094,0.0575094,0.456001,0.746483,0.290482,33.824,34.9859,12,11,-1,0.567163,0.678794,0.11163,0,0,0,0
50,1503,2,1.73774,1.73774,0.944561,-0.0756092,1.02017,35.7782,31.6976,9,10,1,0.609558,0.482267,0.127291,0,0,0,0
50,1503,3,0.0376571,0.0376571,-0.0530399,0.236967,0.290007,31.7878,32.9479,9,9,0,0.749304,0.711325,0.0379792,0,0,0,0
50.5,1504,1,0.0313258,0.0313258,0.0736439,0.456001,0.382357,32.2946,33.824,11,11,0,0.678794,0.634086,0.0447072,0,0,0,0
50.5,1504,2,0.204469,0.204469,0.84594,0.944561,0.0986209,35.3838,35.7782,10,8,-2,0.482267,0.600514,0.118246,0,0,0,0
50.5,1504,3,0.442059,0.442059,0.180501,-0.0530399,0.233541,32.722,31.7878,9,11,2,0.711325,0.580206,0.131118,0,0,0,0
51,1505,1,0.0932286,0.0932286,0.907563,0.0736439,0.833919,35.6303,32.2946,11,9,-2,0.634086,0.490979,0.143107,0,0,0,0
51,1505,2,0.380072,0.380072,0.750549,0.84594,0.095391,35.0022,35.3838,8,11,3,0.600514,0.728661,0.128147,0,0,0,0
51,1505,3,0.220581,0.220581,0.981962,0.180501,0.801461,35.9278,32.722,11,10,-1,0.580206,0.626022,0.045816,0,0,0,0
51.5,1506,1,0.0959193,0.0959193,0.964646,0.907563,0.0570827,35.8586,35.6303,9,10,1,0.490979,0.520592,0.0296128,0,0,0,0
51.5,1506,2,0.0230312,0.0230312,0.0435253,0.750549,0.707024,32.1741,35.0022,11,12,1,0.728661,0.628448,0.100213,0,0,0,0
51.5,1506,3,0.15604,0.15604,0.839262,0.981962,0.1427,35.357,35.9278,10,8,-2,0.626022,0.796373,0.17035,0,0,0,0
52,1507,1,1.2334,1.2334,0.364984,0.964646,0.599662,33.4599,35.8586,10,10,0,0.520592,0.636534,0.115942,0,0,0,0
52,1507,2,0.015907,0.015907,0.480038,0.0435253,0.436512,33.9202,32.1741,12,12,0,0.628448,0.429584,0.198864,0,1,0,0
52,1507,3,0.401169,0.401169,-0.0317867,0.839262,0.871048,31.8729,35.357,8,8,0,0.796373,0.943602,0.147229,0,0,0,0
52.5,1508,1,1.69859,1.69859,0.771725,0.364984,0.406741,35.0869,33.4599,10,10,0,0.636534,0.744962,0.108427,0,0,0,0
52.5,1508,2,1.08541,1.08541,0.328479,0.480038,0.151559,33.3139,33.9202,12,11,-1,0.429584,0.502872,0.073288,0,0,0,0
52.5,1508,3,0.126331,0.126331,0.931665,-0.0317867,0.963452,35.7267,31.8729,8,9,1,0.943602,0.67424,0.269362,0,0,0,0
53,1509,1,1.71194,1.71194,0.798496,0.771725,0.0267711,35.194,35.0869,10,7,-3,0.744962,0.713693,0.0312688,0,0,0,0
53,1509,2,0.974479,0.974479,0.965802,0.328479,0.637323,35.8632,33.3139,11,12,1,0.502872,0.475574,0.0272976,0,0,0,0
53,1509,3,0.172961,0.172961,-0.536163,0.931665,1.46783,29.8553,35.7267,9,11,2,0.67424,0.666854,0.0073856,0,0,0,0
53.5,1510,1,1.188,1.188,0.83788,0.798496,0.0393839,35.3515,35.194,7,8,1,0.713693,0.834125,0.120432,0,0,0,0
53.5,1510,2,0.572091,0.572091,0.28797,0.965802,0.677832,33.1519,35.8632,12,10,-2,0.475574,0.563136,0.0875616,0,0,0,0
53.5,1510,3,1.85753,1.85753,0.754988,-0.536163,1.29115,35.02,29.8553,11,12,1,0.666854,0.574382,0.092472,0,0,0,0
54,1511,1,1.23976,1.23976,0.646014,0.83788,0.191866,34.5841,35.3515,8,7,-1,0.834125,0.716424,0.117701,0,0,0,0
54,1511,2,0.652695,0.652695,0.75065,0.28797,0.46268,35.0026,33.1519,10,12,2,0.563136,0.501275,0.0618608,0,0,0,0
54,1511,3,1.33262,1.33262,0.532939,0.754988,0.22205,34.1318,35.02,12,11,-1,0.574382,0.752869,0.178486,0,0,0,0
54.5,1512,1,1.43598,1.43598,0.971022,0.646014,0.325008,35.8841,34.5841,7,16,9,0.716424,0.523726,0.192698,0,0,0,0
54.5,1512,2,0.855293,0.855293,-0.339596,0.75065,1.09025,30.6416,35.0026,12,10,-2,0.501275,0.507486,0.0062112,0,0,0,0
54.5,1512,3,0.242476,0.242476,0.262572,0.532939,0.270367,33.0503,34.1318,11,4,-7,0.752869,0.893294,0.140426,0,0,0,0
55,1513,1,0.459376,0.459376,0.979748,0.971022,0.00872606,35.919,35.8841,16,7,-9,0.523726,0.818434,0.294707,0,0,1,0
55,1513,2,0.371693,0.371693,0.767734,-0.339596,1.10733,35.0709,30.6416,10,7,-3,0.507486,0.397499,0.109987,0,0,0,0
55,1513,3,1.55349,1.55349,-0.235081,0.262572,0.497653,31.0597,33.0503,4,16,12,0.893294,0.661222,0.232072,0,0,0,0
55.5,1514,1,1.82649,1.82649,0.898091,0.979748,0.0816569,35.5924,35.919,7,9,2,0.818434,0.76569,0.052744,0,0,0,0
55.5,1514,2,0.246165,0.246165,0.72425,0.767734,0.0434844,34.897,35.0709,7,10,3,0.397499,0.53405,0.13655,0,0,0,0
55.5,1514,3,0.0284519,0.0284519,0.0911374,-0.235081,0.326219,32.3645,31.0597,16,11,-5,0.661222,0.621402,0.0398208,0,0,0,0
56,1515,1,0.172977,0.172977,-0.103016,0.898091,1.00111,31.5879,35.5924,9,16,7,0.76569,0.643312,0.122378,0,0,0,0
56,1515,2,0.316252,0.316252,0.872278,0.72425,0.148028,35.4891,34.897,10,10,0,0.53405,0.609389,0.0753392,0,0,0,0
56,1515,3,0.565091,0.565091,0.68134,0.0911374,0.590203,34.7254,32.3645,11,4,-7,0.621402,0.696341,0.0749392,0,0,0,0
56.5,1516,1,0.3648,0.3648,0.892889,-0.103016,0.995905,35.5716,31.5879,16,13,-3,0.643312,0.5022,0.141112,0,0,0,0
56.5,1516,2,0.628072,0.628072,0.727849,0.872278,0.144429,34.9114,35.4891,10,11,1,0.609389,0.617853,0.008464,0,0,0,0
56.5,1516,3,0.90979,0.90979,0.336668,0.68134,0.344672,33.3467,34.7254,4,6,2,0.696341,0.780715,0.0843744,0,0,0,0
57,1517,1,0.255044,0.255044,0.956744,0.892889,0.0638542,35.827,35.5716,13,7,-6,0.5022,0.638619,0.136419,0,0,0,0
57,1517,2,1.28226,1.28226,0.702796,0.727849,0.0250537,34.8112,34.9114,11,15,4,0.617853,0.575221,0.042632,0,0,0,0
57,1517,3,1.56932,1.56932,-0.24877,0.336668,0.585438,31.0049,33.3467,6,8,2,0.780715,0.756901,0.0238144,0,0,0,0
57.5,1518,1,0.172883,0.172883,0.587245,0.956744,0.369499,34.349,35.827,7,8,1,0.638619,0.742555,0.103936,0,0,0,0
57.5,1518,2,0.846856,0.846856,0.768179,0.702796,0.0653833,35.0727,34.8112,15,11,-4,0.575221,0.570182,0.0050384,0,0,0,0
57.5,1518,3,1.26947,1.26947,0.793454,-0.24877,1.04222,35.1738,31.0049,8,11,3,0.756901,0.680624,0.0762768,0,0,0,0
58,1519,1,0.383198,0.383198,0.133147,0.587245,0.454098,32.5326,34.349,8,10,2,0.742555,0.573627,0.168928,0,0,0,0
58,1519,2,0.319733,0.319733,-0.235699,0.768179,1.00388,31.0572,35.0727,11,12,1,0.570182,0.572352,0.0021696,0,0,0,0
58,1519,3,0.807488,0.807488,0.918708,0.793454,0.125254,35.6748,35.1738,11,8,-3,0.680624,0.745486,0.0648624,0,0,0,0
58.5,1520,1,0.62829,0.62829,0.94818,0.133147,0.815033,35.7927,32.5326,10,9,-1,0.573627,0.529813,0.0438144,0,0,0,0
58.5,1520,2,1.10012,1.10012,0.134481,-0.235699,0.37018,32.5379,31.0572,12,11,-1,0.572352,0.475382,0.0969696,0,0,0,0
58.5,1520,3,0.0839207,0.0839207,0.500832,0.918708,0.417877,34.0033,35.6748,8,10,2,0.745486,0.880222,0.134736,0,0,0,0
1,1522,1,-1,-1,0.358622,0.358622,-1,33.4345,33.4345,11,11,0,0,0,0,0,0,0,0
1,1522,2,-1,-1,0.890642,0.890642,-1,35.5626,35.5626,10,10,0,0,0,0,0,0,0,0
1,1522,3,-1,-1,0.849782,0.849782,-1,35.3991,35.3991,9,9,0,0,0,0,0,0,0,0
1.5,1523,1,0.693921,0.693921,0.0307077,0.358622,0.327914,32.1228,33.4345,11,11,0,0,0.589734,0.589734,0,0,0,0
1.5,1523,2,0.0550162,0.0550162,0.812215,0.890642,0.0784264,35.2489,35.5626,10,13,3,0,0.589869,0.589869,0,0,0,0
1.5,1523,3,0.925293,0.925293,0.613758,0.849782,0.236024,34.455,35.3991,9,6,-3,0,0.907235,0.907235,0,0,0,0
2,1524,1,0.453491,0.453491,0.415309,0.0307077,0.384601,33.6612,32.1228,11,11,0,0.589734,0.502014,0.08772,0,0,0,0
2,1524,2,0.629388,0.629388,0.505054,0.812215,0.307161,34.0202,35.2489,13,13,0,0.589869,0.634859,0.0449904,0,0,0,0
2,1524,3,0.115642,0.115642,0.560315,0.613758,0.0534425,34.2413,34.455,6,6,0,0.907235,0.914582,0.0073472,0,0,0,0
2.5,1525,1,1.49383,1.49383,0.983831,0.415309,0.568523,35.9353,33.6612,11,8,-3,0.502014,0.536098,0.0340832,0,0,0,0
2.5,1525,2,0.482121,0.482121,0.981048,0.505054,0.475994,35.9242,34.0202,13,13,0,0.634859,0.604286,0.0305728,0,0,0,0
2.5,1525,3,0.049175,0.049175,0.718246,0.560315,0.157931,34.873,34.2413,6,9,3,0.914582,0.825806,0.088776,0,0,0,0
3,1526,1,1.04221,1.04221,-0.524459,0.983831,1.50829,29.9022,35.9353,8,9,1,0.536098,0.621453,0.0853552,0,0,0,0
3,1526,2,0.301138,0.301138,0.322395,0.981048,0.658653,33.2896,35.9242,13,12,-1,0.604286,0.617858,0.0135712,0,0,0,0
3,1526,3,0.651026,0.651026,0.424575,0.718246,0.293671,33.6983,34.873,9,9,0,0.825806,0.736514,0.0892928,0,0,0,0
3.5,1527,1,1.38198,1.38198,0.966893,-0.524459,1.49135,35.8676,29.9022,9,12,3,0.621453,0.425254,0.196198,0,0,0,0
3.5,1527,2,0.757562,0.757562,0.572712,0.322395,0.250317,34.2908,33.2896,12,9,-3,0.617858,0.675229,0.0573712,0,0,0,0
3.5,1527,3,0.422233,0.422233,0.907989,0.424575,0.483414,35.632,33.6983,9,9,0,0.736514,0.793099,0.0565856,0,0,0,0
4,1528,1,0.453828,0.453828,0.778492,0.966893,0.188401,35.114,35.8676,12,6,-6,0.425254,0.535109,0.109854,0,0,0,0
4,1528,2,0.217939,0.217939,0.732537,0.572712,0.159825,34.9301,34.2908,9,12,3,0.675229,0.535371,0.139858,0,0,0,0
4,1528,3,0.231917,0.231917,0.934856,0.907989,0.0268666,35.7394,35.632,9,12,3,0.793099,0.852541,0.0594416,0,0,0,0
4.5,1529,1,0.763437,0.763437,0.806591,0.778492,0.0280988,35.2264,35.114,6,10,4,0.535109,0.615234,0.0801248,0,0,0,0
4.5,1529,2,0.644556,0.644556,0.394171,0.732537,0.338366,33.5767,34.9301,12,10,-2,0.535371,0.522238,0.0131328,0,0,0,0
4.5,1529,3,0.372659,0.372659,0.934138,0.934856,0.00071764,35.7366,35.7394,12,10,-2,0.852541,0.834675,0.0178656,0,0,1,0
5,1530,1,0.132751,0.132751,0.752906,0.806591,0.0536846,35.0116,35.2264,10,13,3,0.615234,0.627709,0.0124752,0,0,0,0
5,1530,2,0.274195,0.274195,0.643418,0.394171,0.249247,34.5737,33.5767,10,7,-3,0.522238,0.516813,0.0054256,0,0,0,0
5,1530,3,0.421045,0.421045,0.665423,0.934138,0.268716,34.6617,35.7366,10,10,0,0.834675,0.78443,0.0502448,0,0,0,0
5.5,1531,1,0.445168,0.445168,-0.85552,0.752906,1.60843,28.5779,35.0116,13,12,-1,0.627709,0.646222,0.0185136,0,0,0,0
5.5,1531,2,0.642843,0.642843,0.7359,0.643418,0.0924816,34.9436,34.5737,7,9,2,0.516813,0.54409,0.0272768,0,0,0,0
5.5,1531,3,0.196976,0.196976,0.0745924,0.665423,0.590831,32.2984,34.6617,10,9,-1,0.78443,0.812965,0.0285344,0,0,0,0
6,1532,1,1.07225,1.07225,0.543044,-0.85552,1.39856,34.1722,28.5779,12,10,-2,0.646222,0.463475,0.182747,0,0,0,0
6,1532,2,0.117384,0.117384,0.526687,0.7359,0.209213,34.1067,34.9436,9,11,2,0.54409,0.695672,0.151582,0,0,0,0
6,1532,3,0.644839,0.644839,0.874276,0.0745924,0.799684,35.4971,32.2984,9,9,0,0.812965,0.732374,0.0805904,0,0,0,0
6.5,1533,1,1.07919,1.07919,0.780112,0.543044,0.237068,35.1204,34.1722,10,2,-8,0.463475,0.509968,0.0464928,0,0,0,0
6.5,1533,2,0.874319,0.874319,0.629523,0.526687,0.102837,34.5181,34.1067,11,15,4,0.695672,0.570666,0.125006,0,0,0,0
6.5,1533,3,0.00399303,0.00399303,0.127367,0.874276,0.746909,32.5095,35.4971,9,13,4,0.732374,0.836717,0.104342,0,1,0,0
7,1534,1,0.0486828,0.0486828,0.168013,0.780112,0.612099,32.6721,35.1204,2,9,7,0.509968,0.639538,0.12957,0,0,0,0
7,1534,2,0.0593674,0.0593674,0.994867,0.629523,0.365344,35.9795,34.5181,15,15,0,0.570666,0.546682,0.023984,0,0,0,0
7,1534,3,0.121949,0.121949,0.955926,0.127367,0.828559,35.8237,32.5095,13,6,-7,0.836717,0.74221,0.0945072,0,0,0,0
7.5,1535,1,1.23092,1.23092,0.884196,0.168013,0.716183,35.5368,32.6721,9,8,-1,0.639538,0.499166,0.140371,0,0,0,0
7.5,1535,2,1.59831,1.59831,0.847772,0.994867,0.147096,35.3911,35.9795,15,11,-4,0.546682,0.593992,0.0473104,0,0,0,0
7.5,1535,3,0.0893206,0.0893206,0.805746,0.955926,0.15018,35.223,35.8237,6,11,5,0.74221,0.745099,0.0028896,0,0,0,0
8,1536,1,0.134555,0.134555,0.487804,0.884196,0.396392,33.9512,35.5368,8,7,-1,0.499166,0.526778,0.0276112,0,0,0,0
8,1536,2,1.03977,1.03977,0.951902,0.847772,0.10413,35.8076,35.3911,11,11,0,0.593992,0.583923,0.0100688,0,0,0,0
8,1536,3,0.208465,0.208465,0.886241,0.805746,0.0804948,35.545,35.223,11,12,1,0.745099,0.739669,0.0054304,0,0,0,0
8.5,1537,1,0.11448,0.11448,0.960035,0.487804,0.472231,35.8401,33.9512,7,10,3,0.526778,0.530301,0.0035232,0,0,0,0
8.5,1537,2,0.188307,0.188307,0.53195,0.951902,0.419952,34.1278,35.8076,11,11,0,0.583923,0.668392,0.0844688,0,0,0,0
8.5,1537,3,0.181965,0.181965,0.907351,0.886241,0.0211101,35.6294,35.545,12,9,-3,0.739669,0.751504,0.0118352,0,0,0,0
9,1538,1,1.04662,1.04662,-0.398408,0.960035,1.35844,30.4064,35.8401,10,10,0,0.530301,0.574126,0.0438256,0,0,0,0
9,1538,2,0.783023,0.783023,0.823603,0.53195,0.291653,35.2944,34.1278,11,10,-1,0.668392,0.580309,0.0880832,0,0,0,0
9,1538,3,0.0822735,0.0822735,0.749721,0.907351,0.157631,34.9989,35.6294,9,10,1,0.751504,0.794392,0.042888,0,0,0,0
9.5,1539,1,1.72095,1.72095,-0.118131,-0.398408,0.280276,31.5275,30.4064,10,10,0,0.574126,0.477002,0.0971248,0,0,0,0
9.5,1539,2,0.502837,0.502837,0.629989,0.823603,0.193614,34.52,35.2944,10,9,-1,0.580309,0.607778,0.0274688,0,0,0,0
9.5,1539,3,0.797984,0.797984,0.923199,0.749721,0.173478,35.6928,34.9989,10,11,1,0.794392,0.669342,0.12505,0,0,0,0
10,1540,1,0.0138268,0.0138268,0.436848,-0.118131,0.554979,33.7474,31.5275,10,7,-3,0.477002,0.303557,0.173445,0,1,0,0
10,1540,2,0.353305,0.353305,0.739282,0.629989,0.109293,34.9571,34.52,9,10,1,0.607778,0.660717,0.0529392,0,0,0,0
10,1540,3,0.683337,0.683337,0.927215,0.923199,0.00401646,35.7089,35.6928,11,13,2,0.669342,0.804235,0.134893,0,0,1,0
10.5,1541,1,0.075394,0.075394,0.7324,0.436848,0.295553,34.9296,33.7474,7,10,3,0.303557,0.415418,0.111861,0,0,0,0
10.5,1541,2,0.634211,0.634211,0.635551,0.739282,0.103731,34.5422,34.9571,10,8,-2,0.660717,0.63296,0.0277568,0,0,0,0
10.5,1541,3,0.914549,0.914549,-0.548076,0.927215,1.47529,29.8077,35.7089,13,12,-1,0.804235,0.759274,0.0449616,0,0,0,0
11,1542,1,0.502424,0.502424,0.954143,0.7324,0.221742,35.8166,34.9296,10,11,1,0.415418,0.63257,0.217152,0,0,0,0
11,1542,2,0.951846,0.951846,0.699452,0.635551,0.0639012,34.7978,34.5422,8,9,1,0.63296,0.700221,0.0672608,0,0,0,0
11,1542,3,0.403702,0.403702,0.870113,-0.548076,1.41819,35.4805,29.8077,12,10,-2,0.759274,0.609179,0.150094,0,0,0,0
11.5,1543,1,0.38713,0.38713,-0.0485384,0.954143,1.00268,31.8058,35.8166,11,11,0,0.63257,0.650133,0.0175632,0,0,0,0
11.5,1543,2,1.60477,1.60477,0.656421,0.699452,0.0430311,34.6257,34.7978,9,11,2,0.700221,0.634782,0.0654384,0,0,0,0
11.5,1543,3,0.245055,0.245055,0.854625,0.870113,0.0154876,35.4185,35.4805,10,8,-2,0.609179,0.629419,0.02024,0,0,1,0
12,1544,1,0.503495,0.503495,0.950913,-0.0485384,0.999452,35.8037,31.8058,11,15,4,0.650133,0.415877,0.234256,0,0,0,0
12,1544,2,0.247842,0.247842,0.763796,0.656421,0.107376,35.0552,34.6257,11,4,-7,0.634782,0.70057,0.0657872,0,0,0,0
12,1544,3,0.18315,0.18315,-0.629811,0.854625,1.48444,29.4808,35.4185,8,11,3,0.629419,0.860341,0.230922,0,0,0,0
12.5,1545,1,0.315825,0.315825,0.932668,0.950913,0.0182447,35.7307,35.8037,15,10,-5,0.415877,0.602349,0.186472,0,0,1,0
12.5,1545,2,0.15731,0.15731,0.767754,0.763796,0.00395721,35.071,35.0552,4,11,7,0.70057,0.642926,0.0576432,0,0,1,0
12.5,1545,3,0.384802,0.384802,0.240153,-0.629811,0.869965,32.9606,29.4808,11,9,-2,0.860341,0.6602,0.200141,0,0,0,0
13,1546,1,1.21407,1.21407,0.976751,0.932668,0.0440826,35.907,35.7307,10,9,-1,0.602349,0.752554,0.150205,0,0,0,0
13,1546,2,1.46741,1.46741,0.762391,0.767754,0.00536311,35.0496,35.071,11,14,3,0.642926,0.621757,0.0211696,0,0,1,0
13,1546,3,1.68267,1.68267,0.938089,0.240153,0.697936,35.7524,32.9606,9,7,-2,0.6602,0.498963,0.161237,0,0,0,0
13.5,1547,1,0.0700223,0.0700223,0.940631,0.976751,0.03612,35.7625,35.907,9,8,-1,0.752554,0.638763,0.11379,0,0,0,0
13.5,1547,2,1.42698,1.42698,0.172398,0.762391,0.589993,32.6896,35.0496,14,16,2,0.621757,0.601466,0.0202912,0,0,0,0
13.5,1547,3,1.86478,1.86478,0.719337,0.938089,0.218753,34.8773,35.7524,7,6,-1,0.498963,0.703525,0.204562,0,0,0,0
14,1548,1,0.0841938,0.0841938,0.882312,0.940631,0.0583193,35.5292,35.7625,8,16,8,0.638763,0.597627,0.041136,0,0,0,0
14,1548,2,1.47637,1.47637,0.856995,0.172398,0.684598,35.428,32.6896,16,5,-11,0.601466,0.567634,0.033832,0,0,0,0
14,1548,3,1.0402,1.0402,0.937223,0.719337,0.217887,35.7489,34.8773,6,9,3,0.703525,0.759123,0.0555984,0,0,0,0
14.5,1549,1,1.08649,1.08649,0.934433,0.882312,0.0521212,35.7377,35.5292,16,14,-2,0.597627,0.58293,0.0146976,0,0,0,0
14.5,1549,2,0.648058,0.648058,0.539355,0.856995,0.31764,34.1574,35.428,5,8,3,0.567634,0.615261,0.0476272,0,0,0,0
14.5,1549,3,1.05407,1.05407,0.865074,0.937223,0.0721492,35.4603,35.7489,9,8,-1,0.759123,0.735707,0.023416,0,0,0,0
15,1550,1,1.11397,1.11397,0.788132,0.934433,0.146301,35.1525,35.7377,14,14,0,0.58293,0.58723,0.0043008,0,0,0,0
15,1550,2,0.891591,0.891591,0.528797,0.539355,0.0105584,34.1152,34.1574,8,7,-1,0.615261,0.550917,0.064344,0,0,1,0
15,1550,3,0.506982,0.506982,0.746921,0.865074,0.118153,34.9877,35.4603,8,9,1,0.735707,0.706314,0.0293936,0,0,0,0
15.5,1551,1,0.289709,0.289709,0.417079,0.788132,0.371053,33.6683,35.1525,14,13,-1,0.58723,0.601197,0.0139664,0,0,0,0
15.5,1551,2,0.090659,0.090659,0.480572,0.528797,0.0482248,33.9223,34.1152,7,7,0,0.550917,0.577594,0.0266768,0,0,0,0
15.5,1551,3,1.21167,1.21167,-0.629738,0.746921,1.37666,29.481,34.9877,9,10,1,0.706314,0.695493,0.0108208,0,0,0,0
16,1552,1,0.123475,0.123475,0.322185,0.417079,0.0948939,33.2887,33.6683,13,13,0,0.601197,0.636218,0.0350208,0,0,0,0
16,1552,2,1.04966,1.04966,0.55689,0.480572,0.0763183,34.2276,33.9223,7,8,1,0.577594,0.73887,0.161277,0,0,0,0
16,1552,3,1.63757,1.63757,-0.266525,-0.629738,0.363213,30.9339,29.481,10,9,-1,0.695493,0.556166,0.139326,0,0,0,0
16.5,1553,1,0.0456194,0.0456194,-0.319619,0.322185,0.641804,30.7215,33.2887,13,13,0,0.636218,0.595611,0.0406064,0,0,0,0
16.5,1553,2,0.194451,0.194451,0.734918,0.55689,0.178028,34.9397,34.2276,8,8,0,0.73887,0.75133,0.0124592,0,0,0,0
16.5,1553,3,0.478622,0.478622,0.434308,-0.266525,0.700833,33.7372,30.9339,9,9,0,0.556166,0.546749,0.0094176,0,0,0,0
17,1554,1,1.27481,1.27481,-0.311632,-0.319619,0.00798723,30.7535,30.7215,13,13,0,0.595611,0.433869,0.161742,0,0,1,0
17,1554,2,0.00199282,0.00199282,0.00172645,0.734918,0.733192,32.0069,34.9397,8,9,1,0.75133,0.740005,0.0113248,0,1,0,0
17,1554,3,0.534928,0.534928,0.884614,0.434308,0.450307,35.5385,33.7372,9,8,-1,0.546749,0.676093,0.129344,0,0,0,0
17.5,1555,1,1.30804,1.30804,0.370101,-0.311632,0.681733,33.4804,30.7535,13,12,-1,0.433869,0.331147,0.102722,0,0,0,0
17.5,1555,2,0.928102,0.928102,0.950425,0.00172645,0.948699,35.8017,32.0069,9,10,1,0.740005,0.58172,0.158285,0,0,0,0
17.5,1555,3,1.67222,1.67222,0.617136,0.884614,0.267479,34.4685,35.5385,8,8,0,0.676093,0.929728,0.253635,0,0,0,0
18,1556,1,1.181,1.181,0.852272,0.370101,0.482171,35.4091,33.4804,12,2,-10,0.331147,0.47245,0.141302,0,0,0,0
18,1556,2,1.08574,1.08574,-0.0418572,0.950425,0.992282,31.8326,35.8017,10,11,1,0.58172,0.547648,0.034072,0,0,0,0
18,1556,3,0.468789,0.468789,0.957135,0.617136,0.339999,35.8285,34.4685,8,17,9,0.929728,0.724883,0.204845,0,0,0,0
18.5,1557,1,1.39755,1.39755,0.664675,0.852272,0.187596,34.6587,35.4091,2,11,9,0.47245,0.631165,0.158715,0,0,0,0
18.5,1557,2,1.00097,1.00097,0.696918,-0.0418572,0.738775,34.7877,31.8326,11,9,-2,0.547648,0.495339,0.0523088,0,0,0,0
18.5,1557,3,0.074016,0.074016,0.271232,0.957135,0.685903,33.0849,35.8285,17,10,-7,0.724883,0.689499,0.035384,0,0,0,0
19,1558,1,1.50895,1.50895,0.974581,0.664675,0.309905,35.8983,34.6587,11,5,-6,0.631165,0.640189,0.009024,0,0,0,0
19,1558,2,0.290475,0.290475,0.909287,0.696918,0.212369,35.6371,34.7877,9,9,0,0.495339,0.56813,0.0727904,0,0,0,0
19,1558,3,0.275439,0.275439,0.923819,0.271232,0.652587,35.6953,33.0849,10,16,6,0.689499,0.609907,0.079592,0,0,0,0
19.5,1559,1,1.29839,1.29839,0.748303,0.974581,0.226278,34.9932,35.8983,5,12,7,0.640189,0.63231,0.0078784,0,0,0,0
19.5,1559,2,0.165153,0.165153,0.691207,0.909287,0.21808,34.7648,35.6371,9,8,-1,0.56813,0.615061,0.0469312,0,0,0,0
19.5,1559,3,1.4103,1.4103,0.432821,0.923819,0.490998,33.7313,35.6953,16,10,-6,0.609907,0.588973,0.0209344,0,0,0,0
20,1560,1,0.419117,0.419117,0.165711,0.748303,0.582592,32.6628,34.9932,12,4,-8,0.63231,0.618742,0.013568,0,0,0,0
20,1560,2,0.116487,0.116487,0.721466,0.691207,0.0302588,34.8859,34.7648,8,12,4,0.615061,0.577469,0.037592,0,0,0,0
20,1560,3,0.274592,0.274592,0.770308,0.432821,0.337487,35.0812,33.7313,10,14,4,0.588973,0.642874,0.0539008,0,0,0,0
20.5,1561,1,0.708673,0.708673,0.334359,0.165711,0.168648,33.3374,32.6628,4,12,8,0.618742,0.449048,0.169694,0,0,0,0
20.5,1561,2,0.296958,0.296958,0.950206,0.721466,0.22874,35.8008,34.8859,12,10,-2,0.577469,0.546597,0.030872,0,0,0,0
20.5,1561,3,1.23285,1.23285,-0.380776,0.770308,1.15108,30.4769,35.0812,14,8,-6,0.642874,0.855925,0.213051,0,0,0,0
21,1562,1,0.527089,0.527089,0.801545,0.334359,0.467186,35.2062,33.3374,12,12,0,0.449048,0.481104,0.032056,0,0,0,0
21,1562,2,0.825783,0.825783,0.90603,0.950206,0.0441756,35.6241,35.8008,10,9,-1,0.546597,0.734386,0.187789,0,0,0,0
21,1562,3,0.956654,0.956654,0.728656,-0.380776,1.10943,34.9146,30.4769,8,9,1,0.855925,0.656664,0.199261,0,0,0,0
21.5,1563,1,1.21866,1.21866,-0.172709,0.801545,0.974254,31.3092,35.2062,12,11,-1,0.481104,0.630093,0.148989,0,0,0,0
21.5,1563,2,0.508806,0.508806,0.533919,0.90603,0.372111,34.1357,35.6241,9,10,1,0.734386,0.63277,0.101616,0,0,0,0
21.5,1563,3,0.395381,0.395381,0.234371,0.728656,0.494285,32.9375,34.9146,9,9,0,0.656664,0.572598,0.0840656,0,0,0,0
22,1564,1,0.832997,0.832997,0.436322,-0.172709,0.609031,33.7453,31.3092,11,9,-2,0.630093,0.502842,0.127251,0,0,0,0
22,1564,2,0.993917,0.993917,0.942752,0.533919,0.408833,35.771,34.1357,10,14,4,0.63277,0.565542,0.0672272,0,0,0,0
22,1564,3,0.728641,0.728641,0.384205,0.234371,0.149834,33.5368,32.9375,9,7,-2,0.572598,0.773306,0.200707,0,0,0,0
22.5,1565,1,0.133777,0.133777,0.503766,0.436322,0.0674444,34.0151,33.7453,9,11,2,0.502842,0.452184,0.0506576,0,0,0,0
22.5,1565,2,0.963353,0.963353,0.957469,0.942752,0.0147164,35.8299,35.771,14,12,-2,0.565542,0.641882,0.0763392,0,0,1,0
22.5,1565,3,0.76994,0.76994,0.601037,0.384205,0.216832,34.4041,33.5368,7,7,0,0.773306,0.666488,0.106818,0,0,0,0
23,1566,1,0.800657,0.800657,0.12774,0.503766,0.376026,32.511,34.0151,11,11,0,0.452184,0.540086,0.0879024,0,0,0,0
23,1566,2,0.578832,0.578832,0.861433,0.957469,0.0960355,35.4457,35.8299,12,11,-1,0.641882,0.605758,0.0361232,0,0,0,0
23,1566,3,1.29797,1.29797,0.432177,0.601037,0.16886,33.7287,34.4041,7,8,1,0.666488,0.719334,0.0528464,0,0,0,0
23.5,1567,1,1.17825,1.17825,0.488209,0.12774,0.360469,33.9528,32.511,11,10,-1,0.540086,0.482859,0.0572272,0,0,0,0
23.5,1567,2,0.940232,0.940232,0.205553,0.861433,0.65588,32.8222,35.4457,11,12,1,0.605758,0.641259,0.0355008,0,0,0,0
23.5,1567,3,0.535576,0.535576,0.933397,0.432177,0.50122,35.7336,33.7287,8,8,0,0.719334,0.697824,0.0215104,0,0,0,0
24,1568,1,0.97561,0.97561,0.723596,0.488209,0.235387,34.8944,33.9528,10,12,2,0.482859,0.48628,0.0034208,0,0,0,0
24,1568,2,0.530579,0.530579,0.170786,0.205553,0.0347666,32.6831,32.8222,12,9,-3,0.641259,0.527267,0.113992,0,0,0,0
24,1568,3,1.01513,1.01513,0.465988,0.933397,0.467409,33.864,35.7336,8,9,1,0.697824,0.816667,0.118843,0,0,0,0
24.5,1569,1,1.25273,1.25273,0.899315,0.723596,0.175719,35.5973,34.8944,12,8,-4,0.48628,0.66089,0.17461,0,0,0,0
24.5,1569,2,0.225999,0.225999,0.955223,0.170786,0.784436,35.8209,32.6831,9,12,3,0.527267,0.37588,0.151387,0,0,0,0
24.5,1569,3,0.813692,0.813692,-0.196452,0.465988,0.662439,31.2142,33.864,9,10,1,0.816667,0.76297,0.0536976,0,0,0,0
25,1570,1,0.743716,0.743716,0.938422,0.899315,0.039107,35.7537,35.5973,8,10,2,0.66089,0.746896,0.0860064,0,0,0,0
25,1570,2,1.30188,1.30188,0.301165,0.955223,0.654058,33.2047,35.8209,12,11,-1,0.37588,0.54936,0.17348,0,0,0,0
25,1570,3,0.865391,0.865391,-0.49825,-0.196452,0.301798,30.007,31.2142,10,9,-1,0.76297,0.573531,0.189438,0,0,0,0
25.5,1571,1,0.532531,0.532531,0.66911,0.938422,0.269312,34.6764,35.7537,10,10,0,0.746896,0.726814,0.0200816,0,0,0,0
25.5,1571,2,1.45272,1.45272,0.755322,0.301165,0.454158,35.0213,33.2047,11,11,0,0.54936,0.583374,0.0340144,0,0,0,0
25.5,1571,3,0.122758,0.122758,0.744048,-0.49825,1.2423,34.9762,30.007,9,9,0,0.573531,0.509424,0.0641072,0,0,0,0
26,1572,1,0.926942,0.926942,0.634536,0.66911,0.0345743,34.5381,34.6764,10,17,7,0.726814,0.558365,0.16845,0,0,0,0
26,1572,2,0.15099,0.15099,0.498134,0.755322,0.257188,33.9925,35.0213,11,9,-2,0.583374,0.59953,0.0161552,0,0,0,0
26,1572,3,0.166515,0.166515,0.795214,0.744048,0.0511661,35.1809,34.9762,9,4,-5,0.509424,0.746011,0.236587,0,0,0,0
26.5,1573,1,0.0450785,0.0450785,0.633775,0.634536,0.000760376,34.5351,34.5381,17,15,-2,0.558365,0.539312,0.0190528,0,0,1,0
26.5,1573,2,1.23992,1.23992,0.866182,0.498134,0.368048,35.4647,33.9925,9,10,1,0.59953,0.49904,0.10049,0,0,0,0
26.5,1573,3,1.46524,1.46524,0.329457,0.795214,0.465757,33.3178,35.1809,4,5,1,0.746011,0.899405,0.153394,0,0,0,0
27,1574,1,0.247395,0.247395,0.869597,0.633775,0.235822,35.4784,34.5351,15,12,-3,0.539312,0.600003,0.0606912,0,0,0,0
27,1574,2,1.31509,1.31509,0.846885,0.866182,0.0192977,35.3875,35.4647,10,11,1,0.49904,0.52408,0.02504,0,0,1,0
27,1574,3,1.22977,1.22977,-0.605611,0.329457,0.935068,29.5776,33.3178,5,7,2,0.899405,0.699371,0.200034,0,0,0,0
27.5,1575,1,1.10347,1.10347,0.597126,0.869597,0.272471,34.3885,35.4784,12,9,-3,0.600003,0.732358,0.132355,0,0,0,0
27.5,1575,2,0.927137,0.927137,0.0621675,0.846885,0.784717,32.2487,35.3875,11,9,-2,0.52408,0.635926,0.111846,0,0,0,0
27.5,1575,3,0.421292,0.421292,-0.436293,-0.605611,0.169318,30.2548,29.5776,7,12,5,0.699371,0.467683,0.231688,0,0,0,0
28,1576,1,1.24577,1.24577,0.677046,0.597126,0.0799201,34.7082,34.3885,9,11,2,0.732358,0.697432,0.0349264,0,0,0,0
28,1576,2,0.141353,0.141353,0.602218,0.0621675,0.540051,34.4089,32.2487,9,13,4,0.635926,0.556973,0.0789536,0,0,0,0
28,1576,3,0.224489,0.224489,0.60125,-0.436293,1.03754,34.405,30.2548,12,6,-6,0.467683,0.549158,0.0814752,0,0,0,0
28.5,1577,1,0.305447,0.305447,0.951944,0.677046,0.274898,35.8078,34.7082,11,15,4,0.697432,0.634346,0.0630864,0,0,0,0
28.5,1577,2,0.61078,0.61078,-0.680358,0.602218,1.28258,29.2786,34.4089,13,10,-3,0.556973,0.486328,0.0706448,0,0,0,0
28.5,1577,3,0.210506,0.210506,0.793054,0.60125,0.191804,35.1722,34.405,6,5,-1,0.549158,0.696139,0.146981,0,0,0,0
29,1578,1,1.27963,1.27963,0.56317,0.951944,0.388774,34.2527,35.8078,15,11,-4,0.634346,0.595869,0.0384768,0,0,0,0
29,1578,2,1.54563,1.54563,0.666082,-0.680358,1.34644,34.6643,29.2786,10,9,-1,0.486328,0.380083,0.106245,0,0,0,0
29,1578,3,0.268098,0.268098,0.903182,0.793054,0.110128,35.6127,35.1722,5,10,5,0.696139,0.654934,0.0412048,0,0,0,0
29.5,1579,1,0.904524,0.904524,0.133889,0.56317,0.429281,32.5356,34.2527,11,10,-1,0.595869,0.674016,0.0781472,0,0,0,0
29.5,1579,2,0.0608835,0.0608835,0.510275,0.666082,0.155807,34.0411,34.6643,9,8,-1,0.380083,0.379712,0.0003712,0,0,0,0
29.5,1579,3,0.0962376,0.0962376,0.97224,0.903182,0.0690583,35.889,35.6127,10,12,2,0.654934,0.751891,0.0969568,0,0,0,0
30,1580,1,1.0634,1.0634,0.618673,0.133889,0.484784,34.4747,32.5356,10,10,0,0.674016,0.510912,0.163104,0,0,0,0
30,1580,2,1.54786,1.54786,0.840688,0.510275,0.330413,35.3628,34.0411,8,9,1,0.379712,0.554523,0.174811,0,0,0,0
30,1580,3,0.145827,0.145827,-0.624066,0.97224,1.59631,29.5037,35.889,12,11,-1,0.751891,0.757562,0.0056704,0,0,0,0
30.5,1581,1,0.432614,0.432614,0.887523,0.618673,0.26885,35.5501,34.4747,10,6,-4,0.510912,0.685893,0.174981,0,0,0,0
30.5,1581,2,0.0674013,0.0674013,0.248762,0.840688,0.591926,32.995,35.3628,9,10,1,0.554523,0.630968,0.0764448,0,0,0,0
30.5,1581,3,0.830467,0.830467,0.583255,-0.624066,1.20732,34.333,29.5037,11,14,3,0.757562,0.530062,0.227499,0,0,0,0
31,1582,1,1.23086,1.23086,0.873791,0.887523,0.0137324,35.4952,35.5501,6,10,4,0.685893,0.644013,0.04188,0,0,1,0
31,1582,2,1.83064,1.83064,0.840649,0.248762,0.591887,35.3626,32.995,10,9,-1,0.630968,0.51816,0.112808,0,0,0,0
31,1582,3,0.792006,0.792006,0.878402,0.583255,0.295147,35.5136,34.333,14,11,-3,0.530062,0.610101,0.0800384,0,0,0,0
31.5,1583,1,0.434528,0.434528,0.571591,0.873791,0.3022,34.2864,35.4952,10,17,7,0.644013,0.578498,0.0655152,0,0,0,0
31.5,1583,2,0.400921,0.400921,-0.120932,0.840649,0.961581,31.5163,35.3626,9,7,-2,0.51816,0.450128,0.068032,0,0,0,0
31.5,1583,3,0.551117,0.551117,-0.663677,0.878402,1.54208,29.3453,35.5136,11,6,-5,0.610101,0.746045,0.135944,0,0,0,0
32,1584,1,0.00218228,0.00218228,0.845806,0.571591,0.274215,35.3832,34.2864,17,9,-8,0.578498,0.826475,0.247978,0,1,0,0
32,1584,2,0.988595,0.988595,0.579045,-0.120932,0.699978,34.3162,31.5163,7,11,4,0.450128,0.485213,0.0350848,0,0,0,0
32,1584,3,0.600299,0.600299,-0.035798,-0.663677,0.627879,31.8568,29.3453,6,10,4,0.746045,0.548829,0.197216,0,0,0,0
32.5,1585,1,0.233992,0.233992,0.953386,0.845806,0.107581,35.8135,35.3832,9,14,5,0.826475,0.702067,0.124408,0,0,0,0
32.5,1585,2,1.18317,1.18317,0.960075,0.579045,0.38103,35.8403,34.3162,11,11,0,0.485213,0.54676,0.0615472,0,0,0,0
32.5,1585,3,0.628438,0.628438,0.569581,-0.035798,0.605379,34.2783,31.8568,10,5,-5,0.548829,0.62561,0.0767808,0,0,0,0
33,1586,1,0.246116,0.246116,0.519409,0.953386,0.433978,34.0776,35.8135,14,15,1,0.702067,0.578082,0.123986,0,0,0,0
33,1586,2,1.31351,1.31351,-0.232545,0.960075,1.19262,31.0698,35.8403,11,10,-1,0.54676,0.581029,0.0342688,0,0,0,0
33,1586,3,1.1272,1.1272,0.317027,0.569581,0.252554,33.2681,34.2783,5,5,0,0.62561,0.695666,0.070056,0,0,0,0
33.5,1587,1,0.080187,0.080187,0.957064,0.519409,0.437655,35.8283,34.0776,15,11,-4,0.578082,0.662907,0.0848256,0,0,0,0
33.5,1587,2,1.50787,1.50787,0.796717,-0.232545,1.02926,35.1869,31.0698,10,11,1,0.581029,0.434813,0.146216,0,0,0,0
33.5,1587,3,0.583876,0.583876,0.728745,0.317027,0.411718,34.915,33.2681,5,8,3,0.695666,0.671624,0.0240416,0,0,0,0
34,1588,1,0.190209,0.190209,0.895314,0.957064,0.0617504,35.5813,35.8283,11,13,2,0.662907,0.633502,0.0294048,0,0,0,0
34,1588,2,1.6909,1.6909,0.847149,0.796717,0.0504316,35.3886,35.1869,11,7,-4,0.434813,0.494294,0.0594816,0,0,0,0
34,1588,3,1.1476,1.1476,0.792651,0.728745,0.063906,35.1706,34.915,8,10,2,0.671624,0.590741,0.0808832,0,0,0,0
34.5,1589,1,1.22426,1.22426,0.652491,0.895314,0.242823,34.61,35.5813,13,9,-4,0.633502,0.550011,0.0834912,0,0,0,0
34.5,1589,2,0.117106,0.117106,0.489708,0.847149,0.357441,33.9588,35.3886,7,10,3,0.494294,0.570018,0.0757232,0,0,0,0
34.5,1589,3,0.710212,0.710212,0.534504,0.792651,0.258148,34.138,35.1706,10,11,1,0.590741,0.675027,0.0842864,0,0,0,0
35,1590,1,1.10859,1.10859,-0.378408,0.652491,1.0309,30.4864,34.61,9,9,0,0.550011,0.556158,0.0061472,0,0,0,0
35,1590,2,0.407584,0.407584,0.766609,0.489708,0.276901,35.0664,33.9588,10,10,0,0.570018,0.473699,0.0963184,0,0,0,0
35,1590,3,0.521306,0.521306,0.961713,0.534504,0.427209,35.8469,34.138,11,11,0,0.675027,0.66352,0.0115072,0,0,0,0
35.5,1591,1,0.412832,0.412832,0.824152,-0.378408,1.20256,35.2966,30.4864,9,13,4,0.556158,0.398509,0.15765,0,0,0,0
35.5,1591,2,0.0335789,0.0335789,0.890326,0.766609,0.123717,35.5613,35.0664,10,8,-2,0.473699,0.538878,0.0651792,0,0,0,0
35.5,1591,3,1.61943,1.61943,0.785974,0.961713,0.175739,35.1439,35.8469,11,9,-2,0.66352,0.870456,0.206936,0,0,0,0
36,1592,1,0.6957,0.6957,0.522755,0.824152,0.301397,34.091,35.2966,13,7,-6,0.398509,0.569034,0.170525,0,0,0,0
36,1592,2,0.508111,0.508111,0.543371,0.890326,0.346954,34.1735,35.5613,8,10,2,0.538878,0.568786,0.0299072,0,0,0,0
36,1592,3,0.348116,0.348116,0.125517,0.785974,0.660457,32.5021,35.1439,9,13,4,0.870456,0.680738,0.189718,0,0,0,0
36.5,1593,1,1.12971,1.12971,0.93059,0.522755,0.407835,35.7224,34.091,7,6,-1,0.569034,0.695195,0.126162,0,0,0,0
36.5,1593,2,1.19264,1.19264,0.490101,0.543371,0.053271,33.9604,34.1735,10,10,0,0.568786,0.614101,0.0453152,0,0,0,0
36.5,1593,3,1.11736,1.11736,0.780404,0.125517,0.654887,35.1216,32.5021,13,14,1,0.680738,0.567779,0.112958,0,0,0,0
37,1594,1,0.190955,0.190955,0.891005,0.93059,0.0395848,35.564,35.7224,6,10,4,0.695195,0.622314,0.0728816,0,0,0,0
37,1594,2,0.114324,0.114324,0.904181,0.490101,0.41408,35.6167,33.9604,10,6,-4,0.614101,0.453605,0.160496,0,0,0,0
37,1594,3,1.15211,1.15211,-0.238016,0.780404,1.01842,31.0479,35.1216,14,14,0,0.567779,0.712021,0.144242,0,0,0,0
37.5,1595,1,1.27838,1.27838,0.969329,0.891005,0.0783237,35.8773,35.564,10,14,4,0.622314,0.587005,0.0353088,0,0,0,0
37.5,1595,2,0.423142,0.423142,0.170472,0.904181,0.733708,32.6819,35.6167,6,11,5,0.453605,0.528976,0.0753712,0,0,0,0
37.5,1595,3,1.06095,1.06095,0.960744,-0.238016,1.19876,35.843,31.0479,14,5,-9,0.712021,0.73476,0.0227392,0,0,0,0
38,1596,1,0.732221,0.732221,0.857332,0.969329,0.111997,35.4293,35.8773,14,13,-1,0.587005,0.640405,0.0534,0,0,0,0
38,1596,2,0.17449,0.17449,0.641709,0.170472,0.471237,34.5668,32.6819,11,11,0,0.528976,0.447685,0.0812912,0,0,0,0
38,1596,3,0.421768,0.421768,0.886715,0.960744,0.0740287,35.5469,35.843,5,6,1,0.73476,0.735731,0.0009712,0,0,0,0
38.5,1597,1,0.355464,0.355464,0.681013,0.857332,0.176319,34.7241,35.4293,13,13,0,0.640405,0.564542,0.0758624,0,0,0,0
38.5,1597,2,1.22129,1.22129,0.76581,0.641709,0.1241,35.0632,34.5668,11,11,0,0.447685,0.373957,0.073728,0,0,0,0
38.5,1597,3,0.410029,0.410029,0.743592,0.886715,0.143124,34.9744,35.5469,6,6,0,0.735731,0.845589,0.109858,0,0,0,0
39,1598,1,0.577923,0.577923,0.519618,0.681013,0.161394,34.0785,34.7241,13,12,-1,0.564542,0.519938,0.0446048,0,0,0,0
39,1598,2,0.132841,0.132841,0.91463,0.76581,0.14882,35.6585,35.0632,11,11,0,0.373957,0.558899,0.184942,0,0,0,0
39,1598,3,0.738745,0.738745,0.419423,0.743592,0.324169,33.6777,34.9744,6,7,1,0.845589,0.736184,0.109405,0,0,0,0
39.5,1599,1,0.182014,0.182014,-0.418149,0.519618,0.937767,30.3274,34.0785,12,10,-2,0.519938,0.614602,0.094664,0,0,0,0
39.5,1599,2,0.857986,0.857986,0.899904,0.91463,0.0147259,35.5996,35.6585,11,11,0,0.558899,0.612731,0.053832,0,0,1,0
39.5,1599,3,1.24888,1.24888,0.472941,0.419423,0.0535181,33.8918,33.6777,7,9,2,0.736184,0.628422,0.107762,0,0,0,0
40,1600,1,0.131903,0.131903,0.785359,-0.418149,1.20351,35.1414,30.3274,10,9,-1,0.614602,0.478872,0.13573,0,0,0,0
40,1600,2,0.328315,0.328315,0.710021,0.899904,0.189883,34.8401,35.5996,11,11,0,0.612731,0.637178,0.0244464,0,0,0,0
40,1600,3,0.203224,0.203224,0.915619,0.472941,0.442678,35.6625,33.8918,9,10,1,0.628422,0.795208,0.166786,0,0,0,0
40.5,1601,1,0.208286,0.208286,0.749747,0.785359,0.0356115,34.999,35.1414,9,6,-3,0.478872,0.512088,0.033216,0,0,0,0
40.5,1601,2,1.04642,1.04642,0.762879,0.710021,0.0528574,35.0515,34.8401,11,15,4,0.637178,0.50789,0.129288,0,0,0,0
40.5,1601,3,0.0243854,0.0243854,0.632091,0.915619,0.283528,34.5284,35.6625,10,9,-1,0.795208,0.754718,0.0404896,0,0,0,0
41,1602,1,1.03095,1.03095,0.515718,0.749747,0.234029,34.0629,34.999,6,8,2,0.512088,0.543237,0.0311488,0,0,0,0
41,1602,2,0.426743,0.426743,0.937002,0.762879,0.174123,35.748,35.0515,15,13,-2,0.50789,0.512632,0.0047424,0,0,0,0
41,1602,3,1.3612,1.3612,0.361167,0.632091,0.270924,33.4447,34.5284,9,9,0,0.754718,0.66236,0.0923584,0,0,0,0
41.5,1603,1,0.133219,0.133219,0.620437,0.515718,0.104719,34.4817,34.0629,8,9,1,0.543237,0.612749,0.069512,0,0,0,0
41.5,1603,2,0.712855,0.712855,0.298849,0.937002,0.638153,33.1954,35.748,13,11,-2,0.512632,0.642192,0.12956,0,0,0,0
41.5,1603,3,0.809128,0.809128,0.401706,0.361167,0.0405392,33.6068,33.4447,9,10,1,0.66236,0.63255,0.0298096,0,0,0,0
42,1604,1,1.65329,1.65329,0.912856,0.620437,0.292419,35.6514,34.4817,9,9,0,0.612749,0.604478,0.0082704,0,0,0,0
42,1604,2,0.794673,0.794673,-0.246086,0.298849,0.544936,31.0157,33.1954,11,11,0,0.642192,0.573899,0.0682928,0,0,0,0
42,1604,3,0.252712,0.252712,0.52903,0.401706,0.127324,34.1161,33.6068,10,10,0,0.63255,0.68877,0.0562192,0,0,0,0
42.5,1605,1,1.01638,1.01638,0.626443,0.912856,0.286413,34.5058,35.6514,9,13,4,0.604478,0.599306,0.0051728,0,0,0,0
42.5,1605,2,0.386862,0.386862,0.950267,-0.246086,1.19635,35.8011,31.0157,11,11,0,0.573899,0.372698,0.201202,0,0,0,0
42.5,1605,3,0.49748,0.49748,0.528431,0.52903,0.000599086,34.1137,34.1161,10,6,-4,0.68877,0.78816,0.0993904,0,0,1,0
43,1606,1,1.07517,1.07517,0.411205,0.626443,0.215238,33.6448,34.5058,13,10,-3,0.599306,0.541992,0.0573136,0,0,0,0
43,1606,2,0.912918,0.912918,0.936439,0.950267,0.0138281,35.7458,35.8011,11,6,-5,0.372698,0.481195,0.108498,0,0,1,0
43,1606,3,1.39533,1.39533,-0.407566,0.528431,0.935997,30.3697,34.1137,6,14,8,0.78816,0.729386,0.0587744,0,0,0,0
43.5,1607,1,1.49215,1.49215,0.593068,0.411205,0.181863,34.3723,33.6448,10,12,2,0.541992,0.569469,0.0274768,0,0,0,0
43.5,1607,2,0.888091,0.888091,0.758554,0.936439,0.177885,35.0342,35.7458,6,11,5,0.481195,0.65859,0.177395,0,0,0,0
43.5,1607,3,0.329114,0.329114,0.865738,-0.407566,1.2733,35.463,30.3697,14,7,-7,0.729386,0.606042,0.123344,0,0,0,0
44,1608,1,1.35873,1.35873,0.504898,0.593068,0.0881702,34.0196,34.3723,12,4,-8,0.569469,0.636378,0.0669088,0,0,0,0
44,1608,2,0.664732,0.664732,0.773139,0.758554,0.0145853,35.0926,35.0342,11,15,4,0.65859,0.595067,0.0635232,0,0,1,0
44,1608,3,0.344726,0.344726,-0.807439,0.865738,1.67318,28.7702,35.463,7,11,4,0.606042,0.635251,0.0292096,0,0,0,0
44.5,1609,1,0.350871,0.350871,0.597333,0.504898,0.0924346,34.3893,34.0196,4,9,5,0.636378,0.719594,0.083216,0,0,0,0
44.5,1609,2,1.47113,1.47113,0.914403,0.773139,0.141264,35.6576,35.0926,15,11,-4,0.595067,0.633643,0.038576,0,0,0,0
44.5,1609,3,1.32643,1.32643,0.682676,-0.807439,1.49011,34.7307,28.7702,11,10,-1,0.635251,0.565898,0.0693536,0,0,0,0
45,1610,1,0.665184,0.665184,0.347656,0.597333,0.249677,33.3906,34.3893,9,8,-1,0.719594,0.615518,0.104075,0,0,0,0
45,1610,2,1.72872,1.72872,0.962654,0.914403,0.0482506,35.8506,35.6576,11,13,2,0.633643,0.61952,0.0141232,0,0,0,0
45,1610,3,0.0332484,0.0332484,-0.131236,0.682676,0.813912,31.4751,34.7307,10,9,-1,0.565898,0.709962,0.144064,0,0,0,0
45.5,1611,1,0.13946,0.13946,0.980757,0.347656,0.633101,35.923,33.3906,8,7,-1,0.615518,0.5476,0.0679184,0,0,0,0
45.5,1611,2,0.774627,0.774627,0.614721,0.962654,0.347933,34.4589,35.8506,13,14,1,0.61952,0.567477,0.0520432,0,0,0,0
45.5,1611,3,0.979802,0.979802,0.936857,-0.131236,1.06809,35.7474,31.4751,9,9,0,0.709962,0.728462,0.0185008,0,0,0,0
46,1612,1,0.121014,0.121014,0.798323,0.980757,0.182434,35.1933,35.923,7,10,3,0.5476,0.539029,0.0085712,0,0,0,0
46,1612,2,0.385697,0.385697,0.504224,0.614721,0.110497,34.0169,34.4589,14,14,0,0.567477,0.50501,0.0624672,0,0,0,0
46,1612,3,0.624584,0.624584,0.916953,0.936857,0.0199044,35.6678,35.7474,9,6,-3,0.728462,0.785,0.0565376,0,0,1,0
46.5,1613,1,0.639196,0.639196,0.791721,0.798323,0.00660247,35.1669,35.1933,10,10,0,0.539029,0.606362,0.0673328,0,0,1,0
46.5,1613,2,0.579282,0.579282,0.966522,0.504224,0.462298,35.8661,34.0169,14,11,-3,0.50501,0.439512,0.0654976,0,0,0,0
46.5,1613,3,1.39498,1.39498,0.771506,0.916953,0.145447,35.086,35.6678,6,9,3,0.785,0.796232,0.011232,0,0,0,0
47,1614,1,1.81524,1.81524,-0.407305,0.791721,1.19903,30.3708,35.1669,10,10,0,0.606362,0.539011,0.0673504,0,0,0,0
47,1614,2,1.02931,1.02931,0.794259,0.966522,0.172263,35.177,35.8661,11,11,0,0.439512,0.507336,0.067824,0,0,0,0
47,1614,3,1.22592,1.22592,0.671725,0.771506,0.0997813,34.6869,35.086,9,9,0,0.796232,0.883075,0.0868432,0,0,0,0
47.5,1615,1,1.75789,1.75789,0.270158,-0.407305,0.677463,33.0806,30.3708,10,12,2,0.539011,0.450203,0.088808,0,0,0,0
47.5,1615,2,0.0835758,0.0835758,0.284828,0.794259,0.509431,33.1393,35.177,11,11,0,0.507336,0.635533,0.128197,0,0,0,0
47.5,1615,3,0.790965,0.790965,0.8431,0.671725,0.171375,35.3724,34.6869,9,7,-2,0.883075,0.892555,0.00948,0,0,0,0
48,1616,1,1.31475,1.31475,0.934164,0.270158,0.664006,35.7367,33.0806,12,3,-9,0.450203,0.578838,0.128635,0,0,0,0
48,1616,2,0.368771,0.368771,0.610537,0.284828,0.325709,34.4421,33.1393,11,13,2,0.635533,0.522384,0.113149,0,0,0,0
48,1616,3,0.655027,0.655027,0.775668,0.8431,0.0674318,35.1027,35.3724,7,14,7,0.892555,0.73677,0.155786,0,0,0,0
48.5,1617,1,0.624904,0.624904,0.974111,0.934164,0.0399463,35.8964,35.7367,3,8,5,0.578838,0.650173,0.0713344,0,0,0,0
48.5,1617,2,0.156334,0.156334,0.155786,0.610537,0.454751,32.6231,34.4421,13,11,-2,0.522384,0.460685,0.0616992,0,0,0,0
48.5,1617,3,1.20287,1.20287,-0.696082,0.775668,1.47175,29.2157,35.1027,14,11,-3,0.73677,0.779194,0.042424,0,0,0,0
49,1618,1,1.00583,1.00583,0.902771,0.974111,0.07134,35.6111,35.8964,8,6,-2,0.650173,0.854525,0.204352,0,0,0,0
49,1618,2,1.11586,1.11586,0.696907,0.155786,0.541121,34.7876,32.6231,11,11,0,0.460685,0.50163,0.0409456,0,0,0,0
49,1618,3,0.43268,0.43268,0.772461,-0.696082,1.46854,35.0898,29.2157,11,13,2,0.779194,0.59216,0.187034,0,0,0,0
49.5,1619,1,1.83282,1.83282,0.653321,0.902771,0.249449,34.6133,35.6111,6,15,9,0.854525,0.661094,0.19343,0,0,0,0
49.5,1619,2,1.18844,1.18844,0.785822,0.696907,0.0889153,35.1433,34.7876,11,11,0,0.50163,0.48857,0.0130608,0,0,0,0
49.5,1619,3,0.951577,0.951577,0.0358625,0.772461,0.736599,32.1434,35.0898,13,4,-9,0.59216,0.732022,0.139862,0,0,0,0
50,1620,1,0.32098,0.32098,0.896952,0.653321,0.24363,35.5878,34.6133,15,11,-4,0.661094,0.485008,0.176086,0,0,0,0
50,1620,2,0.541055,0.541055,0.773894,0.785822,0.0119284,35.0956,35.1433,11,7,-4,0.48857,0.596392,0.107822,0,0,1,0
50,1620,3,0.372968,0.372968,0.948073,0.0358625,0.91221,35.7923,32.1434,4,12,8,0.732022,0.774926,0.042904,0,0,0,0
50.5,1621,1,0.0121738,0.0121738,0.957833,0.896952,0.0608809,35.8313,35.5878,11,14,3,0.485008,0.497574,0.0125664,0,1,0,0
50.5,1621,2,0.864883,0.864883,0.829259,0.773894,0.0553653,35.317,35.0956,7,11,4,0.596392,0.617195,0.0208032,0,0,0,0
50.5,1621,3,1.0027,1.0027,0.972061,0.948073,0.0239884,35.8882,35.7923,12,5,-7,0.774926,0.940074,0.165147,0,0,0,0
51,1622,1,0.44372,0.44372,0.295725,0.957833,0.662107,33.1829,35.8313,14,14,0,0.497574,0.480803,0.0167712,0,0,0,0
51,1622,2,1.57458,1.57458,0.267455,0.829259,0.561805,33.0698,35.317,11,11,0,0.617195,0.568768,0.0484272,0,0,0,0
51,1622,3,0.754016,0.754016,0.402851,0.972061,0.569211,33.6114,35.8882,5,5,0,0.940074,0.911646,0.0284272,0,0,0,0
51.5,1623,1,0.702507,0.702507,0.377978,0.295725,0.0822534,33.5119,33.1829,14,13,-1,0.480803,0.510266,0.0294624,0,0,0,0
51.5,1623,2,1.42283,1.42283,-0.276969,0.267455,0.544424,30.8921,33.0698,11,11,0,0.568768,0.570762,0.0019936,0,0,0,0
51.5,1623,3,1.59629,1.59629,0.274909,0.402851,0.127941,33.0996,33.6114,5,6,1,0.911646,0.882594,0.0290528,0,0,0,0
52,1624,1,0.514283,0.514283,0.280659,0.377978,0.0973197,33.1226,33.5119,13,12,-1,0.510266,0.621003,0.110738,0,0,0,0
52,1624,2,1.61792,1.61792,0.923041,-0.276969,1.20001,35.6922,30.8921,11,11,0,0.570762,0.463877,0.106885,0,0,0,0
52,1624,3,0.36352,0.36352,0.434676,0.274909,0.159767,33.7387,33.0996,6,7,1,0.882594,0.753638,0.128955,0,0,0,0
52.5,1625,1,0.934659,0.934659,0.849847,0.280659,0.569189,35.3994,33.1226,12,10,-2,0.621003,0.566373,0.0546304,0,0,0,0
52.5,1625,2,1.28103,1.28103,0.799489,0.923041,0.123552,35.198,35.6922,11,5,-6,0.463877,0.543728,0.0798512,0,0,0,0
52.5,1625,3,0.902329,0.902329,0.288536,0.434676,0.14614,33.1541,33.7387,7,15,8,0.753638,0.607821,0.145818,0,0,0,0
53,1626,1,1.92468,1.92468,0.74311,0.849847,0.106737,34.9724,35.3994,10,8,-2,0.566373,0.665742,0.0993696,0,0,0,0
53,1626,2,0.374155,0.374155,0.966681,0.799489,0.167193,35.8667,35.198,5,10,5,0.543728,0.598582,0.0548544,0,0,0,0
53,1626,3,0.384884,0.384884,-0.406441,0.288536,0.694977,30.3742,33.1541,15,12,-3,0.607821,0.619952,0.0121312,0,0,0,0
53.5,1627,1,0.357233,0.357233,0.867133,0.74311,0.124023,35.4685,34.9724,8,12,4,0.665742,0.544784,0.120958,0,0,0,0
53.5,1627,2,1.37819,1.37819,0.791804,0.966681,0.174877,35.1672,35.8667,10,11,1,0.598582,0.70005,0.101467,0,0,0,0
53.5,1627,3,0.729639,0.729639,0.552745,-0.406441,0.959186,34.211,30.3742,12,7,-5,0.619952,0.642219,0.0222672,0,0,0,0
54,1628,1,0.256887,0.256887,0.350091,0.867133,0.517043,33.4004,35.4685,12,16,4,0.544784,0.497765,0.0470192,0,0,0,0
54,1628,2,0.282531,0.282531,0.844745,0.791804,0.052941,35.379,35.1672,11,10,-1,0.70005,0.668032,0.0320176,0,0,0,0
54,1628,3,0.113232,0.113232,0.332938,0.552745,0.219807,33.3318,34.211,7,4,-3,0.642219,0.817046,0.174827,0,0,0,0
54.5,1629,1,0.473031,0.473031,0.681321,0.350091,0.331231,34.7253,33.4004,16,14,-2,0.497765,0.467293,0.030472,0,0,0,0
54.5,1629,2,0.604732,0.604732,0.382225,0.844745,0.46252,33.5289,35.379,10,10,0,0.668032,0.665483,0.0025488,0,0,0,0
54.5,1629,3,0.704694,0.704694,0.913904,0.332938,0.580966,35.6556,33.3318,4,6,2,0.817046,0.87637,0.0593232,0,0,0,0
55,1630,1,1.32167,1.32167,0.634145,0.681321,0.0471767,34.5366,34.7253,14,12,-2,0.467293,0.465659,0.0016336,0,0,0,0
55,1630,2,0.169533,0.169533,0.854037,0.382225,0.471812,35.4161,33.5289,10,11,1,0.665483,0.585192,0.0802912,0,0,0,0
55,1630,3,0.457409,0.457409,0.895969,0.913904,0.0179355,35.5839,35.6556,6,7,1,0.87637,0.930053,0.0536832,0,0,1,0
55.5,1631,1,0.531612,0.531612,0.99117,0.634145,0.357025,35.9647,34.5366,12,12,0,0.465659,0.486136,0.0204768,0,0,0,0
55.5,1631,2,0.228857,0.228857,0.84531,0.854037,0.00872761,35.3812,35.4161,11,10,-1,0.585192,0.556206,0.0289856,0,0,1,0
55.5,1631,3,0.313184,0.313184,0.787627,0.895969,0.108342,35.1505,35.5839,7,8,1,0.930053,0.851414,0.0786384,0,0,0,0
56,1632,1,0.895849,0.895849,-0.258435,0.99117,1.2496,30.9663,35.9647,12,7,-5,0.486136,0.576118,0.0899824,0,0,0,0
56,1632,2,0.0951083,0.0951083,0.705249,0.84531,0.140061,34.821,35.3812,10,9,-1,0.556206,0.575296,0.0190896,0,0,0,0
56,1632,3,0.925214,0.925214,0.568413,0.787627,0.219213,34.2737,35.1505,8,14,6,0.851414,0.686061,0.165354,0,0,0,0
56.5,1633,1,1.10239,1.10239,0.28878,-0.258435,0.547215,33.1551,30.9663,7,9,2,0.576118,0.522379,0.0537392,0,0,0,0
56.5,1633,2,0.00583988,0.00583988,0.908535,0.705249,0.203286,35.6341,34.821,9,11,2,0.575296,0.61445,0.0391536,0,1,0,0
56.5,1633,3,1.35066,1.35066,0.638206,0.568413,0.0697927,34.5528,34.2737,14,10,-4,0.686061,0.762549,0.076488,0,0,0,0
57,1634,1,0.506969,0.506969,0.827602,0.28878,0.538822,35.3104,33.1551,9,4,-5,0.522379,0.45648,0.0658992,0,0,0,0
57,1634,2,0.0164634,0.0164634,0.709805,0.908535,0.19873,34.8392,35.6341,11,11,0,0.61445,0.621846,0.0073968,0,1,0,0
57,1634,3,1.41593,1.41593,0.994012,0.638206,0.355806,35.976,34.5528,10,15,5,0.762549,0.743963,0.0185856,0,0,0,0
57.5,1635,1,0.738548,0.738548,0.523851,0.827602,0.303751,34.0954,35.3104,4,9,5,0.45648,0.543664,0.087184,0,0,0,0
57.5,1635,2,0.181451,0.181451,0.915577,0.709805,0.205772,35.6623,34.8392,11,11,0,0.621846,0.562608,0.0592384,0,0,0,0
57.5,1635,3,0.681569,0.681569,-0.114424,0.994012,1.10844,31.5423,35.976,15,10,-5,0.743963,0.731624,0.0123392,0,0,0,0
58,1636,1,0.932169,0.932169,0.729647,0.523851,0.205796,34.9186,34.0954,9,10,1,0.543664,0.628302,0.0846384,0,0,0,0
58,1636,2,1.49326,1.49326,0.681352,0.915577,0.234226,34.7254,35.6623,11,10,-1,0.562608,0.618803,0.0561952,0,0,0,0
58,1636,3,0.710608,0.710608,0.0705538,-0.114424,0.184977,32.2822,31.5423,10,10,0,0.731624,0.66324,0.068384,0,0,0,0
58.5,1637,1,1.06061,1.06061,0.915858,0.729647,0.186211,35.6634,34.9186,10,10,0,0.628302,0.578776,0.0495264,0,0,0,0
58.5,1637,2,0.882961,0.882961,0.780024,0.681352,0.0986724,35.1201,34.7254,10,11,1,0.618803,0.665733,0.0469296,0,0,0,0
58.5,1637,3,1.04743,1.04743,0.304061,0.0705538,0.233507,33.2162,32.2822,10,9,-1,0.66324,0.709766,0.0465264,0,0,0,0
