time_s,step,agent,buffer_size,critic_loss,actor_loss,alpha,target_q_mean,q1_mean,q2_mean,log_prob_mean,action_abs_mean,obs_mean,obs_std,obs_norm_mean,obs_norm_var
44.5,205,0,204,0.813308,0.220985,0.135491,0.593474,0.0885101,0.0291439,1.93806,0.810704,8.13615,4.10398,0.403483,1.24806
44.5,205,1,204,0.440226,-0.197214,0.135173,0.507836,0.0406602,0.0803645,-1.04654,0.590843,5.85708,3.26768,0.288318,1.17581
44.5,205,2,204,0.653983,-0.179925,0.135174,0.599869,0.0834507,0.0431676,-0.914181,0.618966,5.12096,2.19463,0.250434,1.1085
47,210,0,209,1.16256,-0.144558,0.135615,0.867415,0.186168,0.0967272,-0.238132,0.686723,8.52183,4.10867,0.785964,1.50276
47,210,1,209,0.314713,-0.308919,0.134968,0.526152,0.120907,0.168654,-1.25618,0.589926,5.94835,3.24526,0.566834,1.34694
47,210,2,209,0.664482,-0.300658,0.134968,0.705387,0.180704,0.114785,-1.25183,0.588212,5.10726,2.02064,0.486637,1.22112
49.5,215,0,214,1.15972,-0.336619,0.135602,0.987862,0.305824,0.181305,-0.994886,0.622693,8.10268,4.24591,1.1488,1.74986
49.5,215,1,214,0.210704,-0.410761,0.134761,0.542996,0.216073,0.279828,-1.27237,0.53669,6.01425,3.24668,0.826613,1.49055
49.5,215,2,214,0.539267,-0.390713,0.134758,0.745533,0.295024,0.198066,-1.27384,0.572368,5.28208,2.15943,0.716928,1.33014
52,220,0,219,0.815961,-0.478029,0.135489,0.972772,0.445285,0.280161,-1.2741,0.576973,8.02592,4.0563,1.4896,1.98507
52,220,1,219,0.140495,-0.511668,0.134554,0.586623,0.327634,0.39969,-1.15067,0.588549,5.78226,3.23698,1.07102,1.62891
52,220,2,219,0.334315,-0.501692,0.134546,0.74279,0.427194,0.301355,-1.29355,0.566756,5.10796,2.40422,0.934037,1.42554
54.5,225,0,224,0.535498,-0.615567,0.135327,1.02494,0.640904,0.424979,-1.16282,0.563948,7.71349,3.89171,1.80765,2.17354
54.5,225,1,224,0.0424104,-0.702644,0.134347,0.577399,0.483021,0.578554,-1.3469,0.561213,5.93265,3.22263,1.30926,1.75445
54.5,225,2,224,0.199232,-0.654947,0.134335,0.79401,0.60243,0.440681,-1.34159,0.553611,5.51568,2.38417,1.14893,1.52305
57,230,0,229,0.244242,-0.819737,0.135142,1.02633,0.860403,0.603371,-1.29483,0.576662,7.97047,4.04669,2.11117,2.43044
57,230,1,229,0.0487328,-0.809535,0.13414,0.570772,0.658436,0.654153,-1.26947,0.559783,5.90579,3.17191,1.53498,1.89918
57,230,2,229,0.0494787,-0.847858,0.134123,0.755899,0.793597,0.623801,-1.33949,0.508598,5.26259,2.55884,1.34655,1.65926
1,235,0,233,0.0788703,-1.03365,0.134945,1.02619,0.976335,0.817539,-1.29921,0.529941,7.802,4.19989,2.39591,2.67342
1,235,1,233,0.0292549,-0.720064,0.133933,0.578754,0.649399,0.580506,-1.27372,0.592138,5.92078,3.38022,1.74792,2.0174
1,235,2,233,0.0339753,-0.912674,0.133914,0.776488,0.803011,0.750671,-1.29716,0.586344,5.0493,2.35571,1.54358,1.78824
3.5,240,0,238,0.0598188,-1.13238,0.134742,0.971734,0.976217,1.01682,-1.27681,0.534738,7.57649,4.192,2.66046,2.90872
3.5,240,1,238,0.0438191,-0.719493,0.133732,0.599032,0.535015,0.585986,-1.33302,0.522675,5.68793,3.38673,1.94685,2.17109
3.5,240,2,238,0.0617561,-0.875931,0.133713,0.809148,0.698448,0.779947,-1.31642,0.519804,5.31272,2.63452,1.72788,1.90671
6,245,0,243,0.0497267,-1.23023,0.13454,1.03758,1.04166,1.10767,-1.32422,0.546966,8.01645,4.21092,2.91495,3.13163
6,245,1,243,0.04307,-0.806828,0.133532,0.642658,0.640137,0.638757,-1.33356,0.553319,6.13651,3.23171,2.14412,2.29962
6,245,2,243,0.0349509,-0.987505,0.133512,0.818525,0.828739,0.803309,-1.38558,0.554526,5.40597,2.42724,1.90748,2.02558
8.5,250,0,248,0.0373934,-1.19691,0.134338,1.0664,1.06134,1.02743,-1.3189,0.541804,7.92173,3.96798,3.16202,3.3199
8.5,250,1,248,0.0284675,-0.829951,0.133332,0.632421,0.682873,0.658535,-1.37022,0.488691,6.16847,3.41919,2.33576,2.41183
8.5,250,2,248,0.0307175,-0.999481,0.133312,0.834647,0.838882,0.852956,-1.35664,0.510761,5.47232,2.36279,2.07708,2.13294
11,255,0,253,0.0527677,-1.21379,0.134136,1.03002,1.06626,1.05844,-1.28646,0.570087,7.98,4.18022,3.3891,3.56283
11,255,1,253,0.0471834,-0.807999,0.133132,0.695374,0.639629,0.656031,-1.30769,0.515842,6.03294,3.13012,2.51355,2.55067
11,255,2,253,0.0397605,-1.00023,0.133112,0.862658,0.827338,0.826696,-1.34599,0.569715,5.53539,2.47183,2.24239,2.25259
13.5,260,0,258,0.04217,-1.21544,0.133934,1.04889,1.04514,1.05391,-1.32937,0.546572,7.7034,4.13211,3.60431,3.74911
13.5,260,1,258,0.0434092,-0.844383,0.132932,0.673806,0.6591,0.684977,-1.36556,0.515755,5.94217,3.27503,2.68396,2.67909
13.5,260,2,258,0.0306499,-1.0386,0.132913,0.860528,0.86763,0.872324,-1.37569,0.55858,5.43604,2.53916,2.39651,2.34614
16,265,0,263,0.0482196,-1.25858,0.133732,1.08399,1.11312,1.08184,-1.39192,0.51669,7.84665,4.17193,3.81905,3.92609
16,265,1,263,0.0308225,-0.823846,0.132732,0.66524,0.688471,0.65479,-1.35759,0.540195,5.9705,3.12837,2.84594,2.77655
16,265,2,263,0.0321746,-0.990484,0.132713,0.848099,0.830231,0.82831,-1.33073,0.557646,5.33361,2.58567,2.54294,2.43041
18.5,270,0,268,0.0425152,-1.25203,0.133531,1.09174,1.07672,1.10599,-1.38189,0.538549,8.02833,3.90766,4.02193,4.0892
18.5,270,1,268,0.0249581,-0.853364,0.132533,0.668417,0.672009,0.702684,-1.39527,0.486932,6.1983,3.27789,3.00657,2.87247
18.5,270,2,268,0.0385014,-1.06737,0.132514,0.891138,0.877192,0.896091,-1.35983,0.506558,5.62343,2.60418,2.68158,2.5099
21,275,0,273,0.0407932,-1.2234,0.13333,1.09187,1.06286,1.04178,-1.39328,0.490733,7.57539,4.04355,4.20982,4.28241
21,275,1,273,0.0353796,-0.846728,0.132333,0.687085,0.675887,0.679847,-1.36728,0.527652,6.07525,3.50184,3.15189,3.00525
21,275,2,273,0.026019,-1.06766,0.132315,0.872054,0.909654,0.892492,-1.36904,0.533457,5.24817,2.47602,2.81685,2.5996
23.5,280,0,278,0.0430372,-1.29072,0.133128,1.09918,1.1256,1.14214,-1.36047,0.525349,7.7981,4.02494,4.38966,4.43964
23.5,280,1,278,0.0228329,-0.900006,0.132135,0.746588,0.736296,0.723901,-1.364,0.549403,5.95222,3.09961,3.2945,3.08417
23.5,280,2,278,0.0306867,-1.05851,0.132116,0.902361,0.887457,0.892056,-1.38442,0.525431,5.4884,2.40491,2.94732,2.68223
26,285,0,283,0.0453146,-1.23725,0.132928,1.12661,1.0821,1.09312,-1.30748,0.544632,7.6985,4.18192,4.55872,4.61222
26,285,1,283,0.0357206,-0.86801,0.131936,0.705391,0.70541,0.717779,-1.33057,0.554214,5.83933,3.42771,3.42562,3.19612
26,285,2,283,0.0368207,-1.04808,0.131917,0.901148,0.864308,0.871335,-1.35482,0.512328,5.27387,2.62621,3.07242,2.76991
28.5,290,0,288,0.0499197,-1.23274,0.132728,1.0889,1.06781,1.07276,-1.34734,0.523156,7.50476,3.99622,4.71314,4.78264
28.5,290,1,288,0.0310817,-0.916588,0.131738,0.750677,0.744827,0.745459,-1.3533,0.546174,5.75762,3.35942,3.55142,3.30726
28.5,290,2,288,0.0301574,-1.12547,0.131719,0.915652,0.944037,0.934571,-1.41303,0.494593,5.6299,2.89578,3.19286,2.86402
31,295,0,293,0.0290437,-1.31412,0.132528,1.15678,1.17282,1.1609,-1.33923,0.540996,7.93127,3.96618,4.86483,4.94851
31,295,1,293,0.0202414,-0.914356,0.13154,0.744277,0.755361,0.75225,-1.37327,0.536799,6.07606,3.22454,3.67067,3.39654
31,295,2,293,0.0202438,-1.09881,0.13152,0.938323,0.931568,0.932664,-1.37063,0.518708,5.56289,2.34662,3.30775,2.95509
33.5,300,0,298,0.0333198,-1.31124,0.132328,1.18195,1.14828,1.16289,-1.35938,0.512476,7.87396,4.29937,5.00925,5.1015
33.5,300,1,298,0.0214465,-0.910163,0.131343,0.731075,0.739979,0.751356,-1.3224,0.544159,5.74623,3.18913,3.78617,3.47258
33.5,300,2,298,0.0272343,-1.11393,0.131322,0.93957,0.919584,0.921185,-1.41043,0.497187,5.50672,2.78381,3.41157,3.03467
36,305,0,303,0.025729,-1.2947,0.132129,1.17557,1.15885,1.152,-1.30239,0.556275,7.92473,4.17241,5.14387,5.226
36,305,1,303,0.0292766,-0.946706,0.131147,0.779526,0.783078,0.782386,-1.34195,0.554238,5.99739,3.23257,3.90149,3.55018
36,305,2,303,0.0257353,-1.16691,0.131125,0.940557,1.00364,0.996672,-1.31032,0.574498,5.56344,2.55171,3.51486,3.12395
38.5,310,0,308,0.0326117,-1.3032,0.131931,1.16433,1.13051,1.13847,-1.35499,0.522556,7.58982,4.06478,5.27056,5.41766
38.5,310,1,308,0.0305563,-0.922976,0.13095,0.772613,0.766429,0.76077,-1.35577,0.549844,5.92005,3.37092,4.00789,3.6392
38.5,310,2,308,0.0235678,-1.13052,0.130929,0.965115,0.963182,0.963204,-1.37844,0.538424,5.59103,2.73287,3.61545,3.21491
41,315,0,313,0.0314223,-1.37396,0.131733,1.2076,1.23426,1.21714,-1.39705,0.547018,7.97148,4.05708,5.39256,5.50821
41,315,1,313,0.0190067,-0.940437,0.130754,0.769647,0.777145,0.770552,-1.31557,0.536513,6.14109,3.29478,4.11347,3.70579
41,315,2,313,0.0221534,-1.1242,0.130732,0.974245,0.933296,0.948628,-1.37844,0.507422,5.38454,2.65316,3.71179,3.27695
43.5,320,0,318,0.0267669,-1.31027,0.131535,1.17512,1.1502,1.16234,-1.35468,0.535082,7.6733,4.09004,5.50181,5.60754
43.5,320,1,318,0.0285143,-0.975091,0.130559,0.8081,0.800002,0.815704,-1.3613,0.548268,5.85827,3.27829,4.20842,3.77027
43.5,320,2,318,0.0298158,-1.19461,0.130536,1.0028,1.01437,1.01023,-1.37661,0.5034,5.75409,2.9457,3.81122,3.36247
46,325,0,323,0.0355812,-1.38114,0.131338,1.18837,1.23248,1.22648,-1.32284,0.583843,7.57931,3.84388,5.60912,5.73094
46,325,1,323,0.0380354,-0.97744,0.130364,0.832375,0.812123,0.808893,-1.38802,0.511878,6.06734,3.21651,4.29368,3.83486
46,325,2,323,0.0290458,-1.20217,0.13034,1.04048,1.03026,1.03011,-1.34429,0.537671,6.01129,2.81581,3.90398,3.44989
48.5,330,0,328,0.023108,-1.3338,0.131141,1.18768,1.19571,1.20903,-1.37582,0.494703,7.70134,4.04513,5.71478,5.87429
48.5,330,1,328,0.033863,-1.0061,0.130168,0.819791,0.838565,0.838444,-1.37368,0.533174,5.96192,3.35842,4.37749,3.91524
48.5,330,2,328,0.040547,-1.19792,0.130145,1.05705,1.00964,1.02303,-1.33797,0.568922,5.61918,2.71215,3.98814,3.54547
51,335,0,333,0.0384292,-1.36221,0.130945,1.25965,1.20935,1.20409,-1.34063,0.565412,7.7015,4.08104,5.81173,5.9622
51,335,1,333,0.0262932,-1.00686,0.129972,0.833846,0.841003,0.844465,-1.3705,0.500778,6.04506,3.20903,4.46431,3.98995
51,335,2,333,0.0268582,-1.27171,0.12995,1.05914,1.09693,1.09687,-1.34592,0.577973,5.81639,2.80016,4.06521,3.60982
53.5,340,0,338,0.0336418,-1.37964,0.130748,1.23874,1.23063,1.23918,-1.36501,0.518455,7.39239,3.81281,5.89838,6.03187
53.5,340,1,338,0.0286439,-1.0316,0.129777,0.857434,0.858232,0.8564,-1.36571,0.556481,5.97764,3.2011,4.54118,4.03991
53.5,340,2,338,0.0352778,-1.21116,0.129755,1.04907,1.04872,1.04448,-1.33999,0.583031,5.82131,2.75267,4.15161,3.66612
56,345,0,343,0.0360509,-1.35309,0.130551,1.20327,1.20258,1.20138,-1.35685,0.535053,7.54066,4.0565,5.9825,6.11432
56,345,1,343,0.0248198,-1.03282,0.129582,0.876178,0.867988,0.881585,-1.3885,0.503546,6.22775,3.34722,4.61808,4.09101
56,345,2,343,0.0399727,-1.27783,0.129561,1.12096,1.08087,1.09018,-1.35797,0.533809,5.73288,2.5969,4.22765,3.72411
58.5,350,0,348,0.026494,-1.44488,0.130356,1.30087,1.29255,1.28692,-1.35093,0.539265,7.74289,3.96927,6.05852,6.18559
58.5,350,1,348,0.0247928,-1.05313,0.129388,0.878114,0.89429,0.876455,-1.36625,0.540791,6.24277,3.22344,4.69441,4.15192
58.5,350,2,348,0.0334528,-1.30287,0.129367,1.0877,1.14398,1.11971,-1.32832,0.560086,5.56891,2.65119,4.30723,3.80667
2.5,355,0,352,0.0342338,-1.43322,0.13016,1.24104,1.27049,1.27417,-1.35029,0.511785,7.46369,3.91785,6.12997,6.25955
2.5,355,1,352,0.0381175,-1.09714,0.129194,0.923765,0.900944,0.926243,-1.3452,0.492024,6.02325,3.22771,4.76343,4.21485
2.5,355,2,352,0.0488463,-1.26211,0.129173,1.10754,1.05438,1.09509,-1.32713,0.547979,5.78986,3.0022,4.38632,3.87916
5,360,0,357,0.0341648,-1.41858,0.129965,1.29037,1.28984,1.28734,-1.35664,0.527757,7.80936,4.08054,6.20118,6.36363
5,360,1,357,0.0273511,-1.06135,0.129001,0.901066,0.917919,0.876237,-1.41097,0.499895,6.15635,3.40471,4.83347,4.28203
5,360,2,357,0.0281394,-1.29471,0.128979,1.11056,1.13127,1.1199,-1.28949,0.556481,5.45974,2.57881,4.451,3.93842
7.5,365,0,362,0.0281775,-1.46611,0.12977,1.30606,1.30487,1.30504,-1.37888,0.522496,7.62311,3.99552,6.26979,6.4369
7.5,365,1,362,0.0262043,-1.09443,0.128807,0.940266,0.903852,0.94798,-1.36893,0.519386,6.09571,3.02269,4.90063,4.32956
7.5,365,2,362,0.0248426,-1.32909,0.128786,1.14057,1.15272,1.14851,-1.37654,0.521991,5.93318,2.63092,4.52008,3.99552
10,370,0,367,0.033838,-1.41734,0.129576,1.30089,1.29045,1.28599,-1.37365,0.505096,7.43155,4.0272,6.32632,6.55184
10,370,1,367,0.031866,-1.08218,0.128615,0.915311,0.928183,0.914505,-1.32613,0.53091,5.8393,3.34732,4.96013,4.40442
10,370,2,367,0.0325905,-1.32097,0.128593,1.14895,1.1383,1.13757,-1.37114,0.510817,5.7499,2.92558,4.58676,4.08178
12.5,375,0,372,0.0529768,-1.40339,0.129381,1.30402,1.24247,1.25453,-1.36679,0.522153,7.36376,4.38969,6.38825,6.67126
12.5,375,1,372,0.0367458,-1.07488,0.128422,0.926392,0.887764,0.902688,-1.3738,0.53014,5.75336,3.27993,5.01503,4.47099
12.5,375,2,372,0.0495471,-1.26112,0.128401,1.11406,1.0865,1.09167,-1.30932,0.562841,5.41175,2.9758,4.64452,4.17662
15,380,0,377,0.0408631,-1.49394,0.129187,1.3387,1.37007,1.36031,-1.31391,0.510569,7.67992,4.01591,6.44183,6.74986
15,380,1,377,0.0287776,-1.09062,0.12823,0.912819,0.927709,0.924814,-1.35697,0.503119,5.8532,3.24292,5.0656,4.53972
15,380,2,377,0.0344101,-1.33036,0.128208,1.16784,1.1309,1.13664,-1.35866,0.489856,5.65276,2.96365,4.71504,4.25075
17.5,385,0,382,0.0360683,-1.47282,0.128994,1.36656,1.33463,1.34309,-1.37523,0.505901,7.62961,4.07388,6.50068,6.81009
17.5,385,1,382,0.037839,-1.09391,0.128038,0.956755,0.921077,0.9199,-1.38167,0.531615,5.81554,3.09699,5.11478,4.57508
17.5,385,2,382,0.0289001,-1.37134,0.128016,1.18662,1.19104,1.19054,-1.33946,0.506803,5.79209,3.01149,4.77098,4.31858
20,390,0,387,0.0290645,-1.51366,0.1288,1.37318,1.37791,1.37246,-1.34228,0.491959,7.64153,3.99698,6.54896,6.8841
20,390,1,387,0.0217041,-1.15303,0.127846,0.994014,0.985364,0.983268,-1.36019,0.499178,6.27815,3.18177,5.16634,4.61484
20,390,2,387,0.0339612,-1.34669,0.127824,1.1766,1.15599,1.15877,-1.39178,0.488875,5.80593,2.63674,4.82398,4.3574
22.5,395,0,392,0.0224683,-1.49745,0.128607,1.40184,1.37702,1.37437,-1.34775,0.513007,7.83393,3.94922,6.60445,6.92477
22.5,395,1,392,0.0219554,-1.1732,0.127654,0.972912,1.00336,1.00622,-1.36523,0.522058,6.03058,3.05923,5.21492,4.64843
22.5,395,2,392,0.0220445,-1.44294,0.127633,1.24401,1.23214,1.2389,-1.34374,0.501868,5.81061,2.76701,4.87255,4.39216
25,400,0,397,0.023182,-1.53547,0.128415,1.40918,1.38201,1.39527,-1.37476,0.504783,7.75817,4.07185,6.65471,6.9838
25,400,1,397,0.0285093,-1.14606,0.127463,1.02104,0.993494,0.984627,-1.32575,0.544223,6.0095,3.10271,5.25497,4.6784
25,400,2,397,0.0277812,-1.44173,0.127441,1.25734,1.28702,1.26435,-1.31264,0.544606,5.868,2.78527,4.92527,4.45024
27.5,405,0,402,0.0400596,-1.51586,0.128222,1.39927,1.40736,1.3927,-1.36201,0.56625,7.34165,3.93433,6.69553,7.06098
27.5,405,1,402,0.039955,-1.18555,0.127272,1.04531,1.01052,1.00466,-1.36055,0.505063,6.09021,3.24769,5.30319,4.73085
27.5,405,2,402,0.0306636,-1.39808,0.12725,1.23982,1.20465,1.20716,-1.35677,0.55545,5.74907,3.02495,4.97115,4.51754
30,410,0,407,0.0324194,-1.5158,0.12803,1.40549,1.36721,1.38474,-1.37483,0.501312,7.47358,3.99371,6.73731,7.09619
30,410,1,407,0.0426877,-1.22293,0.127082,1.02032,1.06063,1.06314,-1.3496,0.505182,6.23915,3.23992,5.34998,4.76079
30,410,2,407,0.0331313,-1.48352,0.12706,1.29575,1.3086,1.30121,-1.33065,0.536057,5.84329,2.85519,5.0201,4.56288
32.5,415,0,412,0.0259532,-1.61463,0.127838,1.47417,1.4801,1.47328,-1.33137,0.552331,7.6604,3.84021,6.77618,7.17143
32.5,415,1,412,0.0342374,-1.20591,0.126892,1.07035,1.03945,1.04095,-1.35305,0.541412,6.27838,3.344,5.39047,4.80471
32.5,415,2,412,0.0285124,-1.44528,0.12687,1.26576,1.28478,1.2665,-1.37988,0.502432,5.87816,2.90304,5.06286,4.6157
35,420,0,417,0.0410054,-1.4986,0.127647,1.38606,1.38367,1.3838,-1.32133,0.539836,7.17946,3.73149,6.79954,7.24558
35,420,1,417,0.033201,-1.24276,0.126703,1.06742,1.06421,1.06597,-1.39681,0.513531,6.01843,3.27265,5.4214,4.87592
35,420,2,417,0.0508551,-1.44112,0.12668,1.35858,1.24833,1.28564,-1.33552,0.524038,6.18659,3.09428,5.1051,4.68859
37.5,425,0,422,0.0380405,-1.53996,0.127456,1.41973,1.39815,1.38607,-1.29734,0.532715,7.26605,3.83955,6.82937,7.32505
37.5,425,1,422,0.0406001,-1.24062,0.126513,1.07495,1.07743,1.08957,-1.33326,0.550836,5.96427,3.37152,5.45831,4.92504
37.5,425,2,422,0.0418483,-1.53106,0.12649,1.3481,1.33777,1.33958,-1.41718,0.426314,6.06261,3.0645,5.14641,4.76197
40,430,0,427,0.0309183,-1.6163,0.127266,1.49417,1.50678,1.49217,-1.43,0.529871,7.55822,3.88495,6.86269,7.36263
40,430,1,427,0.0224955,-1.25017,0.126324,1.08549,1.08441,1.07022,-1.37855,0.500199,6.22244,3.20863,5.49332,4.96295
40,430,2,427,0.0290451,-1.53312,0.126301,1.3391,1.3768,1.33377,-1.43344,0.522949,5.92003,2.69952,5.19026,4.82509
42.5,435,0,432,0.0381775,-1.58046,0.127076,1.47083,1.45204,1.45362,-1.35012,0.511546,7.63458,3.89282,6.89013,7.42141
42.5,435,1,432,0.0379683,-1.26181,0.126135,1.09804,1.07406,1.08324,-1.323,0.501553,5.94631,3.36864,5.52023,5.02183
42.5,435,2,432,0.0373847,-1.51108,0.126111,1.36768,1.31442,1.34765,-1.32729,0.515225,5.90454,2.84141,5.22972,4.8738
45,440,0,437,0.0408322,-1.59661,0.126885,1.47697,1.47154,1.46884,-1.32788,0.533179,7.58438,3.99348,6.91051,7.48844
45,440,1,437,0.0370359,-1.2786,0.125947,1.13246,1.13134,1.10871,-1.29028,0.558732,6.13212,3.1642,5.54879,5.08278
45,440,2,437,0.036918,-1.56972,0.125922,1.37083,1.39711,1.37609,-1.36137,0.507941,6.05941,2.91437,5.26779,4.95051
47.5,445,0,442,0.0371239,-1.56312,0.126695,1.44558,1.44352,1.44883,-1.30678,0.531953,7.23243,3.87912,6.93369,7.53004
47.5,445,1,442,0.0345932,-1.29528,0.125759,1.15855,1.12428,1.14238,-1.30632,0.550016,6.02657,3.27748,5.57567,5.13113
47.5,445,2,442,0.0420237,-1.57091,0.125733,1.4071,1.3856,1.40142,-1.35279,0.500074,6.20544,3.208,5.30941,5.01988
50,450,0,447,0.0374052,-1.61344,0.126506,1.48819,1.49071,1.47901,-1.30619,0.556577,7.43363,3.87251,6.95192,7.57111
50,450,1,447,0.0418367,-1.28377,0.125572,1.14655,1.13026,1.10342,-1.31916,0.538683,5.91548,3.32673,5.60108,5.17697
50,450,2,447,0.0402523,-1.57525,0.125545,1.41198,1.38072,1.37084,-1.36627,0.504477,5.84879,2.77634,5.34526,5.07926
52.5,455,0,452,0.0384861,-1.59927,0.126318,1.47804,1.47033,1.47861,-1.32849,0.47731,7.23233,3.95661,6.96668,7.64709
52.5,455,1,452,0.0364815,-1.34055,0.125385,1.16934,1.17635,1.18756,-1.29249,0.509782,5.86984,3.26799,5.62547,5.22637
52.5,455,2,452,0.0308528,-1.65543,0.125358,1.46443,1.48375,1.47813,-1.35387,0.506044,6.39038,3.24158,5.38224,5.14668
55,460,0,457,0.0247915,-1.69674,0.12613,1.59307,1.58739,1.56457,-1.25144,0.563022,7.57924,3.99334,6.99128,7.66789
55,460,1,457,0.0211824,-1.31616,0.125199,1.16747,1.14173,1.12381,-1.35317,0.501107,6.21884,3.15756,5.64886,5.23918
55,460,2,457,0.0227415,-1.59012,0.125171,1.43692,1.40768,1.39517,-1.36108,0.494837,5.96514,2.79419,5.41424,5.15624
57.5,465,0,462,0.0339563,-1.6898,0.125942,1.58765,1.57411,1.57504,-1.36698,0.523066,7.51116,4.03611,7.0126,7.70485
57.5,465,1,462,0.033941,-1.364,0.125013,1.17036,1.19147,1.194,-1.32366,0.522395,6.15219,3.24994,5.67277,5.26175
57.5,465,2,462,0.0311766,-1.63861,0.124984,1.44573,1.4315,1.44203,-1.32518,0.558479,5.75604,2.84953,5.44066,5.18153
1.5,470,0,466,0.0430427,-1.61619,0.125754,1.49011,1.49821,1.53492,-1.28579,0.551191,7.13622,3.7882,7.02786,7.70344
1.5,470,1,466,0.0311735,-1.39019,0.124827,1.21407,1.23467,1.24285,-1.29352,0.528189,5.99331,3.07382,5.69334,5.27423
1.5,470,2,466,0.0560118,-1.64959,0.124796,1.5342,1.44533,1.47698,-1.34851,0.514724,6.32995,3.11395,5.48009,5.21103
4,475,0,471,0.025762,-1.6865,0.125566,1.5564,1.60686,1.54087,-1.35526,0.506099,7.36155,3.68571,7.0385,7.73058
4,475,1,471,0.0224709,-1.40334,0.12464,1.21119,1.22911,1.21807,-1.32694,0.527944,6.19033,3.19564,5.71162,5.29199
4,475,2,471,0.0254346,-1.69016,0.124609,1.50853,1.53145,1.51584,-1.35033,0.536874,5.97108,2.82737,5.51363,5.25637
6.5,480,0,476,0.0385818,-1.70377,0.125377,1.59233,1.57153,1.60667,-1.33502,0.504775,7.35691,3.89716,7.05057,7.77171
6.5,480,1,476,0.0407487,-1.349,0.124453,1.21289,1.206,1.17942,-1.20248,0.600089,5.89437,3.35043,5.72628,5.34168
6.5,480,2,476,0.0394352,-1.65612,0.124422,1.46978,1.47146,1.48592,-1.35425,0.550975,6.10588,2.91674,5.54503,5.31107
9,485,0,481,0.0486778,-1.67928,0.125189,1.59387,1.55903,1.54594,-1.323,0.543984,7.31298,3.57672,7.06926,7.81105
9,485,1,481,0.0341111,-1.39701,0.124267,1.21592,1.21096,1.22932,-1.40886,0.490969,6.35847,3.50268,5.74443,5.38385
9,485,2,481,0.0406578,-1.72066,0.124236,1.54126,1.51095,1.52266,-1.38262,0.490001,6.11155,2.95039,5.56927,5.36481
11.5,490,0,486,0.0550543,-1.71861,0.125001,1.59574,1.59459,1.58118,-1.21822,0.518308,6.98528,3.89876,7.08099,7.84272
11.5,490,1,486,0.0362551,-1.4044,0.124081,1.24109,1.23573,1.2341,-1.3579,0.499177,6.01575,3.29027,5.76291,5.40304
11.5,490,2,486,0.055884,-1.67642,0.12405,1.53006,1.5066,1.5163,-1.33275,0.533823,5.99136,3.20151,5.59487,5.40839
14,495,0,491,0.059405,-1.67221,0.124815,1.57951,1.5702,1.56888,-1.30758,0.543447,6.93819,3.86801,7.09035,7.8989
14,495,1,491,0.051718,-1.39465,0.123894,1.25979,1.21664,1.2251,-1.211,0.552955,6.08541,3.49953,5.77955,5.4598
14,495,2,491,0.0609778,-1.70795,0.123865,1.59094,1.53309,1.53068,-1.29061,0.546168,6.02769,2.9706,5.6154,5.46255
16.5,500,0,496,0.0302118,-1.72102,0.12463,1.5921,1.57559,1.56206,-1.28852,0.51583,7.10727,3.72899,7.10086,7.90024
16.5,500,1,496,0.0241604,-1.46427,0.123708,1.27108,1.30196,1.30444,-1.32466,0.540105,6.10424,3.0773,5.799,5.48373
16.5,500,2,496,0.0263218,-1.78234,0.12368,1.62841,1.61765,1.61182,-1.26368,0.506171,6.41321,3.33527,5.64518,5.49593
19,505,0,501,0.0240516,-1.81691,0.124445,1.67777,1.70067,1.71206,-1.33521,0.517864,7.5225,3.56692,7.11324,7.89347
19,505,1,501,0.0223998,-1.47081,0.123523,1.29888,1.27145,1.27916,-1.3116,0.516253,6.38803,3.37594,5.81739,5.51468
19,505,2,501,0.017925,-1.80091,0.123495,1.59505,1.62,1.63554,-1.21963,0.556813,6.14229,2.73518,5.66772,5.52644
21.5,510,0,506,0.0227959,-1.76663,0.12426,1.63603,1.64758,1.62796,-1.32961,0.486717,7.45886,3.57789,7.1274,7.88711
21.5,510,1,506,0.0268359,-1.49929,0.123339,1.34525,1.35011,1.33627,-1.33135,0.548126,6.38273,3.10235,5.83924,5.52298
21.5,510,2,506,0.0359458,-1.79125,0.123312,1.64677,1.59297,1.60138,-1.29373,0.501117,6.21069,2.88376,5.69323,5.55233
24,515,0,511,0.027123,-1.80244,0.124073,1.68057,1.66468,1.67344,-1.39383,0.52864,7.2475,3.79888,7.13019,7.88539
24,515,1,511,0.0276892,-1.49808,0.123157,1.32806,1.31573,1.31034,-1.31645,0.514338,6.37349,3.19865,5.85905,5.53971
24,515,2,511,0.0322727,-1.81997,0.123128,1.64845,1.63812,1.65138,-1.18371,0.568284,6.23296,2.92757,5.72504,5.56883
26.5,520,0,516,0.0285598,-1.81331,0.123887,1.6865,1.71889,1.71119,-1.2738,0.529352,7.16887,3.77937,7.13314,7.90351
26.5,520,1,516,0.026004,-1.55631,0.122975,1.33836,1.35783,1.36612,-1.27111,0.502496,6.10731,3.1486,5.87588,5.55903
26.5,520,2,516,0.0245676,-1.83568,0.122946,1.64918,1.64368,1.64945,-1.39206,0.500206,5.9394,2.81065,5.74566,5.59813
29,525,0,521,0.0609261,-1.79273,0.123701,1.71924,1.66865,1.67307,-1.15728,0.540492,6.92342,3.91339,7.13413,7.9353
29,525,1,521,0.040232,-1.50722,0.122792,1.36153,1.32926,1.33133,-1.24883,0.511342,6.24385,3.1799,5.88765,5.58873
29,525,2,521,0.0536018,-1.83984,0.122763,1.64267,1.66583,1.64992,-1.33338,0.505646,6.20333,3.21297,5.76507,5.64112
31.5,530,0,526,0.0314925,-1.8727,0.123518,1.73342,1.76697,1.76834,-1.37806,0.496943,7.43014,3.9708,7.14147,7.9492
31.5,530,1,526,0.0172989,-1.54372,0.12261,1.34464,1.3512,1.35104,-1.39006,0.485025,6.10465,3.25738,5.90735,5.6155
31.5,530,2,526,0.0274864,-1.87432,0.122579,1.68579,1.67454,1.674,-1.29658,0.523648,6.08096,2.72543,5.78583,5.63409
34,535,0,531,0.0274352,-1.90201,0.123334,1.77741,1.76889,1.77877,-1.40658,0.502828,7.18407,3.57056,7.14345,7.92144
34,535,1,531,0.0201219,-1.4966,0.122428,1.30318,1.31484,1.31681,-1.27909,0.531403,6.23286,3.29042,5.92069,5.62862
34,535,2,531,0.031434,-1.89941,0.122395,1.74993,1.72135,1.7462,-1.29964,0.553107,6.22984,2.86485,5.8073,5.62641
36.5,540,0,536,0.0638369,-1.83794,0.123152,1.724,1.7228,1.73528,-1.23577,0.515183,6.98522,3.79107,7.1399,7.92637
36.5,540,1,536,0.0528568,-1.53462,0.122246,1.36687,1.32849,1.31989,-1.29418,0.517061,6.12479,3.26853,5.93284,5.64502
36.5,540,2,536,0.0722713,-1.84513,0.122212,1.69979,1.66154,1.68593,-1.29451,0.550251,5.93592,3.08452,5.82314,5.66594
39,545,0,541,0.022264,-1.81874,0.122969,1.71863,1.72379,1.70655,-1.22482,0.533786,7.15375,3.69443,7.13568,7.92513
39,545,1,541,0.0273315,-1.60309,0.122065,1.4016,1.43659,1.44144,-1.26504,0.52452,6.16237,3.09011,5.94707,5.66011
39,545,2,541,0.03101,-1.9548,0.122029,1.75901,1.76623,1.75454,-1.33009,0.549457,6.54669,3.02379,5.84909,5.67984
41.5,550,0,546,0.042133,-1.8534,0.122787,1.72972,1.7401,1.7443,-1.27712,0.573797,7.08917,3.76591,7.13569,7.92039
41.5,550,1,546,0.0410744,-1.54645,0.121884,1.41778,1.37816,1.36105,-1.24553,0.522723,5.88457,3.12002,5.95982,5.65507
41.5,550,2,546,0.0417179,-1.89663,0.121846,1.75205,1.72305,1.7319,-1.30067,0.540456,6.24156,3.14639,5.87001,5.70679
44,555,0,551,0.0256764,-1.86691,0.122605,1.76143,1.75063,1.74213,-1.32854,0.515812,7.16369,3.70155,7.13338,7.91098
44,555,1,551,0.0222866,-1.65329,0.121704,1.46319,1.46866,1.46843,-1.29298,0.536252,6.33363,3.11139,5.9692,5.65071
44,555,2,551,0.0291879,-1.96777,0.121665,1.79928,1.77392,1.76631,-1.28068,0.504728,6.23214,2.97978,5.88936,5.75424
46.5,560,0,556,0.0284308,-1.87979,0.122424,1.77399,1.77853,1.78055,-1.31064,0.504019,7.00415,3.54375,7.13413,7.90568
46.5,560,1,556,0.0290943,-1.62733,0.121524,1.46807,1.45779,1.4581,-1.2865,0.491877,6.19891,3.2266,5.98157,5.66555
46.5,560,2,556,0.0272563,-1.94946,0.121484,1.77986,1.80292,1.80475,-1.15055,0.541176,6.72347,3.31805,5.91262,5.78843
49,565,0,561,0.0294973,-1.92592,0.122242,1.85142,1.79884,1.81513,-1.15851,0.563434,7.14886,3.46535,7.13007,7.90244
49,565,1,561,0.0217909,-1.6141,0.121345,1.42631,1.41161,1.41381,-1.22557,0.544009,6.30006,3.16768,5.99355,5.67203
49,565,2,561,0.0352935,-1.98933,0.121305,1.81391,1.80955,1.79877,-1.21374,0.566785,6.67902,3.03804,5.93606,5.84711
51.5,570,0,566,0.0750389,-1.9194,0.122061,1.80046,1.81105,1.79054,-1.20035,0.527701,7.13168,3.79374,7.13217,7.92796
51.5,570,1,566,0.0574127,-1.60387,0.121166,1.44239,1.4331,1.42849,-1.29582,0.518008,5.84905,3.35831,6.00178,5.68907
51.5,570,2,566,0.0830097,-1.94706,0.121126,1.81649,1.76987,1.78074,-1.2458,0.536257,6.0183,3.11128,5.94997,5.86857
54,575,0,571,0.0279768,-1.95687,0.121882,1.85783,1.84298,1.84204,-1.23056,0.51844,7.38592,3.74439,7.13353,7.92272
54,575,1,571,0.01773,-1.66542,0.120987,1.50298,1.47097,1.47583,-1.22496,0.511104,6.38877,3.05029,6.02147,5.66829
54,575,2,571,0.0313414,-2.00527,0.120948,1.82124,1.81047,1.82186,-1.37843,0.542547,6.03598,2.85445,5.9661,5.8525
56.5,580,0,576,0.0236616,-1.97808,0.121704,1.89657,1.87765,1.87217,-1.3188,0.524478,7.1678,4.05754,7.13287,7.96367
56.5,580,1,576,0.0237808,-1.67675,0.12081,1.4862,1.49536,1.48063,-1.21105,0.531026,6.3807,3.23823,6.02971,5.68615
56.5,580,2,576,0.0306935,-2.04703,0.120769,1.84048,1.87652,1.86599,-1.18838,0.576431,5.96503,2.81246,5.97084,5.85674
0.5,585,0,580,0.0629621,-1.89024,0.121525,1.82753,1.82337,1.80578,-1.28888,0.472933,6.93792,3.70934,7.13514,7.9814
0.5,585,1,580,0.0341399,-1.72284,0.120632,1.49004,1.47428,1.46573,-1.16707,0.561186,6.35692,3.16047,6.04093,5.69166
0.5,585,2,580,0.0566862,-1.96901,0.120591,1.85176,1.84852,1.83679,-1.33154,0.516984,6.48128,3.39356,5.98914,5.86246
3,590,0,585,0.0553821,-2.02883,0.121343,1.90621,1.93071,1.90164,-1.15713,0.530204,7.01763,3.58925,7.13171,7.95976
3,590,1,585,0.0305141,-1.65621,0.120451,1.48772,1.4941,1.4413,-1.23606,0.516423,6.10523,3.39024,6.0392,5.69697
3,590,2,585,0.0504926,-2.00542,0.120411,1.84016,1.86713,1.82871,-1.27464,0.495219,6.12176,2.99631,6.00829,5.89222
5.5,595,0,590,0.0225968,-1.99729,0.121161,1.88847,1.85757,1.87078,-1.11629,0.60268,7.05542,3.49903,7.12299,7.97202
5.5,595,1,590,0.0182896,-1.72914,0.120271,1.52424,1.51732,1.57057,-1.10171,0.561915,6.27156,3.17669,6.05055,5.70955
5.5,595,2,590,0.0260028,-2.09002,0.120231,1.92814,1.89742,1.95518,-1.3215,0.589763,6.41573,2.97384,6.02205,5.89623
8,600,0,595,0.0771399,-2.05483,0.12098,1.95732,1.951,1.944,-1.24858,0.530686,6.94926,3.85611,7.12122,8.00155
8,600,1,595,0.0611946,-1.68893,0.120091,1.49042,1.47299,1.46369,-1.24976,0.496872,6.04052,3.48218,6.05489,5.73679
8,600,2,595,0.0914205,-2.00118,0.12005,1.85927,1.86592,1.81678,-1.28935,0.528042,5.99946,2.96763,6.036,5.91333
10.5,605,0,600,0.0353327,-2.04026,0.120798,1.96045,1.94165,1.93752,-1.24085,0.527199,7.20655,3.72781,7.11743,8.00726
10.5,605,1,600,0.0228666,-1.77455,0.119911,1.56398,1.59461,1.59414,-1.14926,0.551477,6.14991,3.1769,6.05564,5.75162
10.5,605,2,600,0.0281904,-2.06376,0.11987,1.88932,1.8592,1.89381,-1.13467,0.562497,6.10653,2.89493,6.05247,5.95048
13,610,0,605,0.0621103,-2.06209,0.120617,1.93099,1.94197,1.93835,-1.27944,0.520258,6.85166,3.73429,7.11062,8.04239
13,610,1,605,0.0378963,-1.74671,0.119731,1.55828,1.54189,1.55844,-1.44866,0.480305,6.19502,3.2492,6.06206,5.76663
13,610,2,605,0.0591186,-2.10318,0.11969,1.92602,1.96296,1.92044,-1.19317,0.574275,6.37776,3.3944,6.06332,6.02255
15.5,615,0,610,0.0185555,-2.07297,0.120436,2.00399,1.97957,1.98563,-1.16556,0.567386,7.23194,3.55939,7.11777,8.02976
15.5,615,1,610,0.0203756,-1.76101,0.119551,1.56936,1.57653,1.56913,-1.05229,0.570802,6.25554,3.32597,6.06846,5.78019
15.5,615,2,610,0.0274103,-2.1209,0.119511,1.90602,1.91784,1.92887,-1.33359,0.539956,6.26659,3.01927,6.07393,6.03621
18,620,0,615,0.0250051,-2.11677,0.120255,2.02298,2.02706,2.02036,-1.19833,0.535986,7.1064,3.57027,7.11429,8.03725
18,620,1,615,0.020081,-1.79052,0.119374,1.58596,1.58429,1.60346,-1.04252,0.567543,6.27219,3.3204,6.07113,5.80971
18,620,2,615,0.0239503,-2.15703,0.119332,1.97679,1.96103,1.96409,-1.19071,0.556223,6.44201,3.14492,6.08077,6.0516
20.5,625,0,620,0.111613,-2.00569,0.120075,1.99277,1.91517,1.91821,-1.03259,0.522291,6.97374,4.14921,7.10879,8.0644
20.5,625,1,620,0.0905126,-1.72565,0.119197,1.56208,1.52153,1.52734,-1.22914,0.504179,5.82989,3.40231,6.0737,5.8394
20.5,625,2,620,0.124526,-2.06944,0.119154,1.91513,1.90769,1.88779,-1.20388,0.537142,6.07597,3.23174,6.09402,6.06693
23,630,0,625,0.0528704,-2.09408,0.119896,1.97413,1.96289,1.94831,-1.2401,0.551336,6.56162,3.64531,7.09688,8.04555
23,630,1,625,0.045312,-1.83647,0.11902,1.65119,1.65366,1.64345,-1.26237,0.495232,5.99728,2.93373,6.07734,5.84654
23,630,2,625,0.0577648,-2.1579,0.118976,2.01196,1.97208,1.9691,-1.2012,0.544159,6.63413,3.40514,6.10847,6.08437
25.5,635,0,630,0.029412,-2.1003,0.119717,1.98032,2.00652,2.03699,-1.19036,0.537852,6.85501,3.25413,7.08745,8.01466
25.5,635,1,630,0.0234009,-1.82131,0.118844,1.65443,1.64905,1.64846,-0.995915,0.549315,6.34392,3.29742,6.07998,5.86118
25.5,635,2,630,0.0195815,-2.20601,0.1188,2.00907,2.03496,2.03128,-1.28541,0.5246,6.51406,3.19316,6.1253,6.1044
28,640,0,635,0.133072,-2.0241,0.119538,1.99254,1.92252,1.89387,-1.05545,0.533736,6.702,3.91721,7.07806,8.02204
28,640,1,635,0.0751248,-1.80275,0.11867,1.63285,1.60363,1.61873,-1.08428,0.561573,6.03904,3.50493,6.08415,5.89296
28,640,2,635,0.129659,-2.12824,0.118623,2.02627,1.94314,1.94711,-1.27203,0.540783,5.93974,3.40653,6.13212,6.12924
30.5,645,0,640,0.0739026,-2.15663,0.11936,2.02287,2.01601,2.04181,-1.03082,0.583831,6.74923,3.36891,7.06959,7.97355
30.5,645,1,640,0.0489216,-1.87368,0.118497,1.67495,1.66803,1.66064,-1.13972,0.535882,6.34758,3.509,6.09465,5.88876
30.5,645,2,640,0.0668371,-2.22088,0.118447,2.05266,2.03921,2.0407,-1.17227,0.525256,6.37429,3.05751,6.14364,6.12339
33,650,0,645,0.0213649,-2.16078,0.119184,2.05698,2.05151,2.05318,-1.28796,0.515403,7.12462,3.64006,7.06519,7.988
33,650,1,645,0.0257041,-1.92611,0.118323,1.73895,1.73064,1.7264,-1.20044,0.515442,6.15195,3.08086,6.10125,5.88708
33,650,2,645,0.0237907,-2.26818,0.118271,2.04516,2.075,2.09216,-1.17813,0.563114,6.47748,2.99588,6.15428,6.11053
35.5,655,0,650,0.0545663,-2.16569,0.119007,2.0633,2.02746,2.03462,-1.07118,0.562857,6.8138,3.52678,7.06175,7.98621
35.5,655,1,650,0.040792,-1.87062,0.118148,1.70844,1.69208,1.67965,-1.1844,0.527601,6.25623,3.21688,6.1053,5.89269
35.5,655,2,650,0.0666909,-2.23596,0.118095,2.08441,2.04983,2.04316,-1.15408,0.511878,6.37252,3.17916,6.16194,6.12799
38,660,0,655,0.0267474,-2.17996,0.118832,2.05682,2.09233,2.09514,-1.1112,0.577277,7.02378,3.66927,7.05903,7.96331
38,660,1,655,0.0143695,-1.91615,0.117974,1.72332,1.7349,1.72031,-1.02459,0.585471,6.08685,3.05727,6.10914,5.90236
38,660,2,655,0.0259928,-2.28515,0.11792,2.09758,2.10712,2.10791,-1.17208,0.537396,6.25585,3.08385,6.17229,6.13759
40.5,665,0,660,0.0274938,-2.2096,0.118657,2.12554,2.09769,2.0827,-1.20719,0.554676,7.25348,3.65356,7.05685,7.95352
40.5,665,1,660,0.0304961,-1.92425,0.117801,1.71889,1.70882,1.72641,-1.01711,0.55644,5.95778,3.30467,6.10862,5.90102
40.5,665,2,660,0.0263201,-2.29141,0.117746,2.11473,2.09935,2.08729,-1.07027,0.571956,6.37861,3.11545,6.1878,6.15059
43,670,0,665,0.0224345,-2.16145,0.118484,2.04568,2.04119,2.05225,-1.06345,0.583912,6.9818,3.64045,7.04795,7.92585
43,670,1,665,0.026438,-1.96262,0.117628,1.7858,1.77302,1.78001,-1.12569,0.565134,6.11293,3.16429,6.10995,5.9177
43,670,2,665,0.0224099,-2.34384,0.117574,2.18764,2.1906,2.19612,-1.24978,0.528465,6.6153,3.03001,6.20381,6.15895
45.5,675,0,670,0.0221585,-2.2114,0.118311,2.13567,2.11934,2.07585,-1.05355,0.572821,7.10657,3.58224,7.04296,7.93019
45.5,675,1,670,0.0207366,-1.94071,0.117455,1.75462,1.75852,1.74848,-1.03148,0.597049,6.29042,3.3166,6.1084,5.92314
45.5,675,2,670,0.033617,-2.31348,0.117401,2.17028,2.13805,2.11905,-1.16812,0.533375,6.20039,3.25132,6.21318,6.18763
48,680,0,675,0.0624306,-2.21255,0.118139,2.12848,2.10913,2.14441,-1.16055,0.56133,6.67276,3.36921,7.04466,7.91639
48,680,1,675,0.0554185,-1.95873,0.117282,1.75917,1.76559,1.77891,-1.00437,0.556939,6.39272,3.25167,6.11222,5.91648
48,680,2,675,0.0651027,-2.31998,0.117228,2.1164,2.13189,2.15118,-1.17503,0.562841,6.25239,3.24396,6.21898,6.20903
50.5,685,0,680,0.0760768,-2.19111,0.117966,2.09198,2.06322,2.04142,-0.996857,0.573597,6.87534,3.7081,7.039,7.9095
50.5,685,1,680,0.0624896,-1.91366,0.117107,1.75198,1.70933,1.7076,-1.00058,0.529237,5.92349,3.46786,6.11388,5.92855
50.5,685,2,680,0.0712787,-2.32831,0.117055,2.22809,2.17702,2.16713,-1.14467,0.545675,6.50027,3.22838,6.23459,6.23172
53,690,0,685,0.0627382,-2.26307,0.117793,2.07853,2.1142,2.13199,-1.04612,0.575546,6.39098,3.36616,7.03094,7.88658
53,690,1,685,0.0540479,-1.98786,0.116934,1.80522,1.8058,1.79655,-1.31839,0.513597,6.32887,3.39809,6.12234,5.9314
53,690,2,685,0.0714523,-2.43806,0.116883,2.20523,2.25109,2.25796,-1.07316,0.542781,6.83066,3.35148,6.24023,6.22398
55.5,695,0,690,0.0667279,-2.16725,0.117621,2.10911,2.04825,2.0478,-1.08988,0.551214,7.25979,3.93692,7.02782,7.90187
55.5,695,1,690,0.0516363,-2.01228,0.116762,1.81952,1.79374,1.80399,-0.958277,0.566312,6.02228,3.26594,6.12033,5.93776
55.5,695,2,690,0.0856039,-2.37814,0.11671,2.25609,2.22016,2.23138,-1.12021,0.544177,6.17769,3.17168,6.24457,6.24651
58,700,0,695,0.0198413,-2.32191,0.117451,2.23055,2.2088,2.19993,-1.10842,0.502756,7.02925,3.47633,7.02656,7.87594
58,700,1,695,0.0218073,-1.99157,0.116591,1.80843,1.79259,1.78835,-1.10667,0.552964,6.27404,3.0799,6.12415,5.93721
58,700,2,695,0.0205909,-2.42166,0.116536,2.23506,2.24028,2.23206,-1.30634,0.519469,6.43834,3.09087,6.25061,6.24046
2,705,0,699,0.0187245,-2.32722,0.117277,2.18735,2.16382,2.1962,-1.06246,0.568255,7.02071,3.24796,7.01934,7.88228
2,705,1,699,0.0233407,-2.00851,0.116418,1.8424,1.84786,1.83546,-1.01891,0.575461,6.2052,3.40963,6.12324,5.99308
2,705,2,699,0.0229081,-2.40398,0.116362,2.23676,2.26205,2.23043,-1.13921,0.559503,6.6903,3.30333,6.25919,6.26488
4.5,710,0,704,0.0198138,-2.29561,0.117102,2.18877,2.2133,2.21134,-1.27178,0.51803,7.25058,3.59146,7.01867,7.8404
4.5,710,1,704,0.0280962,-2.10314,0.116244,1.86429,1.9026,1.91016,-1.08716,0.540939,6.21006,3.19173,6.12938,6.01464
4.5,710,2,704,0.023784,-2.41855,0.116187,2.25091,2.23068,2.26254,-1.18578,0.550058,6.26023,3.05452,6.26474,6.26182
7,715,0,709,0.0665624,-2.24234,0.116925,2.10313,2.09111,2.10081,-1.00394,0.554341,6.64438,3.9286,7.01162,7.85727
7,715,1,709,0.0519592,-2.07006,0.11607,1.90002,1.86718,1.87924,-1.40747,0.528594,5.97637,3.19427,6.13159,6.02813
7,715,2,709,0.0682067,-2.47479,0.116013,2.32445,2.33274,2.31789,-1.0688,0.580052,6.50377,3.29141,6.26445,6.26285
9.5,720,0,714,0.0689489,-2.30507,0.116751,2.1519,2.18808,2.18737,-0.988061,0.571188,6.80501,3.72515,7.00839,7.82785
9.5,720,1,714,0.0464119,-2.08113,0.115894,1.9085,1.93195,1.88555,-1.1399,0.535653,6.135,3.03378,6.13778,6.04424
9.5,720,2,714,0.0635307,-2.47886,0.115839,2.32578,2.29384,2.28056,-1.15477,0.53158,6.28356,2.99507,6.27045,6.2316
12,725,0,719,0.116218,-2.21331,0.116576,2.13976,2.11169,2.08104,-0.87314,0.614283,6.69463,3.72121,7.00021,7.8407
12,725,1,719,0.0917417,-2.07338,0.115719,1.92959,1.87055,1.90124,-1.08343,0.577957,5.97073,3.2465,6.13933,6.08081
12,725,2,719,0.122934,-2.44832,0.115666,2.35245,2.27986,2.3071,-1.15712,0.548728,6.46246,3.41206,6.27757,6.25062
14.5,730,0,724,0.0536592,-2.38412,0.116404,2.27668,2.27439,2.29646,-1.17888,0.553178,6.76606,3.43567,6.99885,7.83233
14.5,730,1,724,0.0499414,-2.0759,0.115545,1.89839,1.90183,1.87467,-1.20956,0.543907,6.1049,3.10993,6.13961,6.11013
14.5,730,2,724,0.0666742,-2.48101,0.115492,2.30768,2.30581,2.28675,-1.27244,0.534521,6.43064,3.36022,6.28381,6.25987
17,735,0,729,0.0572842,-2.35222,0.11623,2.28403,2.27053,2.26498,-1.04742,0.54443,6.65972,3.85623,6.98839,7.85615
17,735,1,729,0.0542499,-2.12877,0.115372,1.90591,1.89561,1.93959,-1.03343,0.545718,5.96758,3.30414,6.13637,6.12556
17,735,2,729,0.0725056,-2.49428,0.115317,2.33019,2.30877,2.30904,-1.1804,0.539883,6.27178,3.20697,6.29092,6.27502
19.5,740,0,734,0.0573835,-2.34428,0.116057,2.2504,2.25901,2.27453,-0.936676,0.5711,7.09489,3.58108,6.99399,7.85956
19.5,740,1,734,0.0726243,-2.1043,0.1152,1.88366,1.90855,1.90122,-1.0848,0.538131,5.91949,3.30647,6.13056,6.14326
19.5,740,2,734,0.072632,-2.53789,0.115143,2.35871,2.37656,2.35895,-1.12083,0.588757,6.26465,3.16516,6.29491,6.29125
22,745,0,739,0.0223902,-2.3947,0.115886,2.29233,2.30348,2.27471,-1.00095,0.567197,6.8616,3.59295,6.99383,7.81667
22,745,1,739,0.0300059,-2.16119,0.115029,1.97431,1.94984,1.9613,-0.968587,0.57795,6.25505,3.06875,6.13206,6.12815
22,745,2,739,0.0226233,-2.54147,0.114971,2.39121,2.36435,2.37637,-1.12727,0.545898,6.33633,3.16165,6.29779,6.28404
24.5,750,0,744,0.0233418,-2.4266,0.115716,2.28993,2.32852,2.32288,-1.01602,0.55851,6.8346,3.56503,6.99184,7.76943
24.5,750,1,744,0.0257896,-2.18845,0.114858,1.97333,2.02883,1.99981,-1.11401,0.551697,5.94869,2.97306,6.13321,6.11845
24.5,750,2,744,0.0271313,-2.61276,0.1148,2.38689,2.43809,2.41491,-1.06309,0.558541,6.67495,3.28864,6.30403,6.274
27,755,0,749,0.0359507,-2.42553,0.115545,2.35278,2.30511,2.31211,-0.938849,0.585135,6.88386,3.38279,6.98853,7.74358
27,755,1,749,0.0287625,-2.1517,0.114686,1.98078,1.93497,1.9572,-1.08688,0.541256,6.10458,3.20465,6.13781,6.10345
27,755,2,749,0.0223921,-2.55944,0.11463,2.40912,2.37611,2.38244,-1.12566,0.518697,6.50333,3.05455,6.30958,6.26265
29.5,760,0,754,0.0796561,-2.42004,0.115374,2.30004,2.30752,2.30277,-0.838513,0.602804,6.65869,3.84561,6.98344,7.76908
29.5,760,1,754,0.0529452,-2.21671,0.114513,2.05637,2.02709,1.99936,-0.9878,0.580182,5.7204,3.08939,6.13146,6.11994
29.5,760,2,754,0.0858685,-2.61631,0.114461,2.43781,2.41975,2.39692,-1.28321,0.493932,6.63473,3.37397,6.31479,6.27754
32,765,0,759,0.0208051,-2.43541,0.115204,2.33903,2.32215,2.32581,-1.04377,0.544095,6.90973,3.57336,6.98406,7.75504
32,765,1,759,0.0369008,-2.20152,0.114341,1.9912,2.00749,2.01605,-1.07273,0.54873,6.28256,3.23698,6.12571,6.1086
32,765,2,759,0.0354169,-2.63288,0.114291,2.4571,2.4789,2.47794,-1.25793,0.545171,6.25439,3.01159,6.31957,6.26203
34.5,770,0,764,0.0242885,-2.48625,0.115033,2.37363,2.37839,2.38689,-0.924639,0.580225,6.92349,3.41198,6.97801,7.72961
34.5,770,1,764,0.0270311,-2.21757,0.11417,2.0271,1.99845,2.00655,-0.780679,0.594707,6.05564,3.12073,6.12509,6.11745
34.5,770,2,764,0.0345366,-2.6024,0.114121,2.46114,2.39909,2.41153,-1.07519,0.546689,6.52459,3.0709,6.32926,6.26346
37,775,0,769,0.0218982,-2.48421,0.114864,2.36084,2.38042,2.36962,-1.09235,0.555429,6.91871,3.36135,6.97183,7.69021
37,775,1,769,0.0273749,-2.29181,0.114002,2.10176,2.08076,2.07713,-0.905523,0.566225,6.10036,2.93015,6.12373,6.11372
37,775,2,769,0.0256155,-2.68784,0.113953,2.49027,2.51754,2.50779,-1.17748,0.55599,6.61811,3.31443,6.33881,6.25174
39.5,780,0,774,0.0563758,-2.48497,0.114695,2.39843,2.39308,2.39158,-1.01813,0.538517,7.1489,3.78291,6.97154,7.70099
39.5,780,1,774,0.0623982,-2.24133,0.113832,2.047,2.03762,2.03935,-1.0113,0.571985,5.86467,3.04646,6.11766,6.11026
39.5,780,2,774,0.0769998,-2.58808,0.113784,2.479,2.40744,2.43549,-1.25814,0.564173,6.39388,3.0038,6.34645,6.25387
42,785,0,779,0.0281866,-2.50513,0.114527,2.42534,2.4157,2.44938,-1.01279,0.563237,6.9945,3.82604,6.96751,7.67781
42,785,1,779,0.0296291,-2.27821,0.113663,2.05887,2.0815,2.09121,-0.905996,0.580675,6.11721,3.26346,6.11937,6.12104
42,785,2,779,0.028967,-2.70442,0.113615,2.48431,2.51754,2.51606,-1.1291,0.545862,6.28746,3.07742,6.34593,6.24285
44.5,790,0,784,0.0665778,-2.49161,0.114358,2.37545,2.36922,2.34376,-1.06801,0.549499,7.07241,3.47548,6.96496,7.6896
44.5,790,1,784,0.0706168,-2.20492,0.113496,2.06193,1.99426,1.99793,-1.11536,0.539919,5.78674,3.27993,6.11848,6.14937
44.5,790,2,784,0.0870756,-2.6793,0.113448,2.556,2.5116,2.52173,-1.24541,0.503781,6.45831,3.33088,6.3421,6.24675
47,795,0,789,0.0993425,-2.50749,0.114188,2.38155,2.40795,2.39881,-1.04011,0.581484,6.72274,3.56701,6.95912,7.66357
47,795,1,789,0.0609322,-2.30382,0.113329,2.12004,2.13367,2.12781,-0.958737,0.594314,6.19841,3.29469,6.12173,6.14456
47,795,2,789,0.0950925,-2.71726,0.113282,2.55776,2.52981,2.50199,-1.2451,0.526953,6.36033,2.96187,6.34815,6.22773
49.5,800,0,794,0.0673185,-2.50063,0.114018,2.40045,2.35421,2.37836,-1.0438,0.526356,6.5911,3.55264,6.9495,7.64084
49.5,800,1,794,0.068179,-2.23707,0.113162,2.11222,2.07495,2.07536,-0.82261,0.590346,5.98175,3.23529,6.11941,6.14511
49.5,800,2,794,0.0919898,-2.68835,0.113116,2.55983,2.51469,2.53632,-1.01719,0.543101,6.55037,3.52121,6.35757,6.23583
52,805,0,799,0.0288183,-2.57069,0.113847,2.46142,2.49361,2.46158,-1.10061,0.547642,7.00289,3.41089,6.94992,7.62132
52,805,1,799,0.0333136,-2.32909,0.112995,2.11502,2.0961,2.11943,-1.17643,0.552996,6.0236,3.38683,6.11841,6.1371
52,805,2,799,0.024019,-2.77369,0.112951,2.58347,2.57304,2.55355,-1.07337,0.546331,6.38847,2.95282,6.36236,6.20496
54.5,810,0,804,0.0232415,-2.55534,0.113674,2.4615,2.44017,2.45404,-0.89766,0.573476,7.10704,3.66922,6.94514,7.58649
54.5,810,1,804,0.0315165,-2.3699,0.112826,2.13022,2.21369,2.16625,-0.903154,0.527261,6.03251,3.11433,6.11973,6.13581
54.5,810,2,804,0.0252377,-2.77797,0.112784,2.62853,2.60481,2.60224,-1.05467,0.546143,6.34069,3.30695,6.36572,6.22332
57,815,0,809,0.0842906,-2.5745,0.113506,2.50375,2.48348,2.4812,-0.973963,0.553967,6.87011,3.63615,6.94568,7.55256
57,815,1,809,0.0816705,-2.26842,0.112659,2.17093,2.08835,2.10741,-0.955767,0.574182,5.87644,3.20518,6.11312,6.13588
57,815,2,809,0.0928575,-2.72489,0.112618,2.57456,2.52015,2.52423,-1.31216,0.501606,6.18077,3.08817,6.36119,6.20986
1,820,0,813,0.0346987,-2.59914,0.113339,2.4648,2.44912,2.53031,-0.919623,0.557545,6.91087,3.63926,6.94609,7.55625
1,820,1,813,0.0358118,-2.39864,0.112494,2.21479,2.20213,2.27967,-0.893711,0.555488,6.1262,3.21271,6.11032,6.16422
1,820,2,813,0.0367413,-2.74107,0.11245,2.64307,2.55789,2.55866,-1.09813,0.53217,6.4244,2.92815,6.36092,6.19971
3.5,825,0,818,0.069853,-2.64061,0.11317,2.56254,2.51567,2.52808,-0.909169,0.566336,7.17593,3.62868,6.94708,7.5172
3.5,825,1,818,0.0593274,-2.29977,0.112326,2.16585,2.10269,2.11904,-1.00089,0.580927,5.91874,3.35499,6.10636,6.1474
3.5,825,2,818,0.0824451,-2.80229,0.112281,2.6421,2.60773,2.60857,-1.02939,0.567119,6.04735,2.9356,6.36108,6.18787
6,830,0,823,0.10587,-2.57781,0.113001,2.49649,2.45427,2.47371,-0.695706,0.595332,6.87368,3.76999,6.9387,7.53973
6,830,1,823,0.0700027,-2.37928,0.112157,2.21523,2.23203,2.2092,-1.13895,0.57284,5.88413,3.1275,6.09886,6.1703
6,830,2,823,0.110654,-2.77715,0.112113,2.62731,2.6312,2.61265,-1.25753,0.523754,6.5109,3.45286,6.36098,6.23177
8.5,835,0,828,0.0244562,-2.60402,0.112834,2.55888,2.51421,2.50218,-0.834556,0.611049,7.13109,3.68907,6.92997,7.55895
8.5,835,1,828,0.0349048,-2.41773,0.111988,2.20864,2.19917,2.20851,-0.834385,0.592756,6.22848,3.06303,6.10059,6.20852
8.5,835,2,828,0.0329016,-2.90013,0.111945,2.71784,2.7047,2.71291,-1.29981,0.487761,6.11268,2.86615,6.35983,6.26171
11,840,0,833,0.0773793,-2.62069,0.112668,2.53031,2.52579,2.53544,-1.02573,0.564002,6.55581,3.57882,6.92347,7.55825
11,840,1,833,0.0835182,-2.42254,0.111819,2.24154,2.22422,2.21486,-1.12948,0.505831,5.91687,3.18862,6.09768,6.18908
11,840,2,833,0.0991583,-2.8477,0.111777,2.69057,2.69999,2.68471,-1.0628,0.528242,6.31366,3.27904,6.35994,6.25141
13.5,845,0,838,0.028617,-2.63419,0.112499,2.58565,2.54702,2.54601,-0.932427,0.541496,6.89065,3.66175,6.9193,7.57546
13.5,845,1,838,0.0292062,-2.44326,0.111649,2.25218,2.25843,2.2585,-0.910899,0.600783,6.23139,3.24797,6.09632,6.19846
13.5,845,2,838,0.0233654,-2.82936,0.111611,2.70097,2.63294,2.66209,-1.01042,0.548223,6.34595,3.21867,6.36101,6.25451
16,850,0,843,0.0324368,-2.71356,0.112329,2.50957,2.55714,2.56736,-0.948153,0.593343,6.70137,3.74006,6.9127,7.59791
16,850,1,843,0.0267272,-2.52625,0.111481,2.31496,2.33777,2.35476,-0.83547,0.586686,6.05071,2.99574,6.0909,6.2149
16,850,2,843,0.0410175,-3.00564,0.111444,2.74689,2.8109,2.80414,-0.996222,0.566456,6.77485,3.30694,6.36234,6.28868
18.5,855,0,848,0.177135,-2.54058,0.11216,2.52484,2.45776,2.44927,-0.688226,0.640283,6.65105,3.65717,6.91198,7.58194
18.5,855,1,848,0.141175,-2.35903,0.111315,2.27536,2.20114,2.17356,-0.94541,0.535825,5.84331,3.31488,6.08852,6.22612
18.5,855,2,848,0.21561,-2.83589,0.111278,2.75183,2.70609,2.68583,-1.00852,0.574294,6.33423,3.23388,6.36216,6.28585
21,860,0,853,0.0660097,-2.64797,0.111995,2.52999,2.5346,2.55163,-0.909199,0.566947,6.75776,3.69528,6.91032,7.54869
21,860,1,853,0.0701414,-2.51221,0.11115,2.30007,2.31236,2.32373,-1.20563,0.499568,6.07424,3.14951,6.09448,6.22518
21,860,2,853,0.0840831,-2.9185,0.111112,2.76079,2.73174,2.75538,-0.991925,0.559266,6.31406,3.07855,6.3631,6.2741
23.5,865,0,858,0.0162649,-2.71022,0.111829,2.60421,2.60162,2.58109,-1.02193,0.525689,6.98871,3.33362,6.90242,7.52234
23.5,865,1,858,0.0239891,-2.47792,0.110985,2.30255,2.30777,2.29679,-0.767008,0.628632,6.30999,3.29885,6.09742,6.22508
23.5,865,2,858,0.0224869,-2.99517,0.110947,2.80015,2.83914,2.79602,-0.999881,0.566597,6.47923,2.91433,6.36333,6.26421
26,870,0,863,0.0750097,-2.70385,0.111662,2.60936,2.59752,2.61209,-0.719736,0.611578,6.94418,3.87618,6.90031,7.51676
26,870,1,863,0.0726051,-2.45375,0.110823,2.26455,2.23659,2.25057,-0.93488,0.541624,6.10895,3.3181,6.09206,6.21783
26,870,2,863,0.097668,-2.95563,0.110783,2.80933,2.80102,2.81491,-0.857023,0.612884,6.38507,3.11636,6.37127,6.2594
28.5,875,0,868,0.0251507,-2.74867,0.111494,2.63965,2.63856,2.6121,-0.741668,0.588114,6.88109,3.43124,6.90124,7.4861
28.5,875,1,868,0.0292736,-2.56559,0.110661,2.29316,2.33393,2.32017,-1.16595,0.533971,6.07227,3.13941,6.09565,6.19882
28.5,875,2,868,0.0244377,-3.01267,0.11062,2.86321,2.81714,2.83408,-1.08996,0.52174,6.45848,3.22879,6.37312,6.2509
31,880,0,873,0.128164,-2.76232,0.111328,2.66589,2.67448,2.68016,-0.674227,0.591874,6.73555,3.71569,6.89321,7.48598
31,880,1,873,0.11216,-2.44493,0.110495,2.29141,2.25445,2.23233,-1.01766,0.537627,5.82867,3.09851,6.09515,6.2134
31,880,2,873,0.18689,-2.95547,0.110456,2.82613,2.83083,2.78875,-1.18996,0.552226,6.04826,3.16855,6.37448,6.263
33.5,885,0,878,0.144408,-2.66922,0.111163,2.64192,2.57201,2.57923,-0.729052,0.632663,6.43761,3.77422,6.89172,7.49774
33.5,885,1,878,0.125293,-2.51016,0.110331,2.33007,2.31418,2.32214,-0.801139,0.559948,5.78364,3.32382,6.09526,6.23491
33.5,885,2,878,0.209896,-2.91575,0.110291,2.8482,2.73843,2.78955,-0.9336,0.597609,6.39337,3.49033,6.3732,6.29206
36,890,0,883,0.0236456,-2.81191,0.110999,2.69314,2.7132,2.67743,-0.985148,0.586356,7.0371,3.73399,6.88965,7.46101
36,890,1,883,0.0337852,-2.54468,0.110168,2.37585,2.35535,2.34952,-0.999533,0.552282,5.99227,2.9955,6.09221,6.20747
36,890,2,883,0.0283848,-3.07592,0.110129,2.88832,2.87608,2.85507,-0.912028,0.610137,6.33699,3.24083,6.37937,6.2964
38.5,895,0,888,0.0257914,-2.79586,0.110835,2.70299,2.66837,2.68703,-0.937564,0.617836,6.94205,3.48661,6.88298,7.44328
38.5,895,1,888,0.0239766,-2.57732,0.110006,2.37638,2.39578,2.36235,-0.766487,0.575792,6.31002,3.13822,6.09517,6.21746
38.5,895,2,888,0.0275739,-3.11119,0.109968,2.94931,2.98353,2.98994,-0.970184,0.585657,6.27409,2.91138,6.38106,6.28871
41,900,0,893,0.0227825,-2.85153,0.11067,2.74137,2.74338,2.7458,-0.93918,0.585592,6.91675,3.45939,6.8809,7.42029
41,900,1,893,0.0348306,-2.55241,0.109844,2.36787,2.32,2.34971,-0.896269,0.555146,6.13385,3.32588,6.09812,6.23646
41,900,2,893,0.0450433,-3.03165,0.109807,2.94591,2.8657,2.83674,-1.23247,0.477518,6.33263,2.98595,6.37882,6.27921
43.5,905,0,898,0.0329945,-2.80389,0.110504,2.66068,2.66023,2.64109,-0.823716,0.594598,6.56228,3.3517,6.87515,7.39405
43.5,905,1,898,0.0355831,-2.64383,0.109684,2.39845,2.45308,2.44379,-0.876413,0.587816,5.88256,3.02433,6.09418,6.20038
43.5,905,2,898,0.0288993,-3.12545,0.109644,2.95131,2.96105,2.97182,-0.977846,0.591657,6.99179,3.40832,6.37824,6.25428
46,910,0,903,0.108444,-2.75587,0.11034,2.68911,2.64678,2.64858,-0.826113,0.610439,6.48569,3.67911,6.87226,7.38061
46,910,1,903,0.0776353,-2.57082,0.109524,2.43684,2.43265,2.43748,-0.858461,0.584709,6.0076,3.41497,6.0906,6.20058
46,910,2,903,0.129302,-3.05821,0.109481,2.95398,2.95767,2.95176,-1.00594,0.56498,6.45498,3.35026,6.3789,6.22787
48.5,915,0,908,0.023014,-2.8832,0.110178,2.76782,2.75596,2.77939,-0.81102,0.550793,7.20517,3.36561,6.87479,7.34857
48.5,915,1,908,0.0311154,-2.63045,0.109363,2.47883,2.44751,2.44139,-0.892998,0.583876,6.18458,3.2301,6.09153,6.18842
48.5,915,2,908,0.0325701,-3.13915,0.109319,2.96344,2.93154,2.9553,-1.06674,0.5368,6.22487,3.09945,6.37966,6.22954
51,920,0,913,0.0252454,-2.88088,0.110015,2.7909,2.80847,2.78358,-0.91135,0.545971,6.97033,3.73405,6.87476,7.334
51,920,1,913,0.021537,-2.69437,0.109201,2.4857,2.51211,2.49812,-0.998546,0.564216,6.08477,3.29788,6.0949,6.17659
51,920,2,913,0.0269558,-3.16949,0.109158,2.97479,3.03162,2.99084,-0.986567,0.565966,6.39979,3.26046,6.38046,6.20185
53.5,925,0,918,0.0313723,-2.8665,0.109852,2.76112,2.7087,2.76588,-0.916769,0.589075,7.03092,3.38307,6.86818,7.33717
53.5,925,1,918,0.0313306,-2.63492,0.10904,2.45395,2.41779,2.4364,-1.03855,0.566071,6.49636,3.55329,6.09737,6.21046
53.5,925,2,918,0.0268004,-3.16293,0.108999,3.00981,2.97886,3.00134,-1.04868,0.545612,6.26805,2.87585,6.37691,6.19917
56,930,0,923,0.104176,-2.89428,0.10969,2.75605,2.80209,2.7501,-0.790942,0.570164,6.55882,3.58889,6.86848,7.3325
56,930,1,923,0.100086,-2.71336,0.108878,2.51631,2.53962,2.53915,-0.835938,0.60355,6.00385,3.28359,6.09535,6.1987
56,930,2,923,0.115395,-3.21732,0.108838,3.05895,3.05763,3.05853,-1.19697,0.548362,6.6385,3.21841,6.37625,6.17558
58.5,935,0,928,0.0202025,-2.91459,0.109527,2.82412,2.80523,2.82011,-1.17336,0.549878,7.12572,3.29893,6.86811,7.31753
58.5,935,1,928,0.0336085,-2.64563,0.108717,2.46892,2.4695,2.47185,-1.0313,0.540548,6.11747,3.17589,6.09579,6.19951
58.5,935,2,928,0.0346745,-3.225,0.108675,3.05892,3.0544,3.03428,-0.895957,0.615994,6.4043,3.21223,6.37632,6.19697
2.5,940,0,932,0.102768,-2.85295,0.109363,2.79883,2.73895,2.73797,-0.894793,0.568674,6.79989,3.58809,6.85985,7.30273
2.5,940,1,932,0.0928332,-2.63904,0.108555,2.52778,2.44808,2.47082,-0.820342,0.597301,6.04708,3.35477,6.09469,6.21232
2.5,940,2,932,0.12843,-3.15744,0.108512,3.06871,2.97931,3.00105,-1.02435,0.541997,6.20381,3.17984,6.3743,6.18546
5,945,0,937,0.0342362,-2.94353,0.109199,2.82086,2.8271,2.80989,-0.960366,0.551592,6.58612,3.53526,6.85139,7.30345
5,945,1,937,0.0300073,-2.75531,0.108392,2.53758,2.56375,2.54644,-0.829644,0.587624,6.25789,3.22768,6.09339,6.19965
5,945,2,937,0.031121,-3.26532,0.10835,3.10461,3.1416,3.13486,-1.08871,0.551542,6.53828,3.37867,6.37551,6.18032
7.5,950,0,942,0.0242482,-2.92243,0.109034,2.86645,2.83522,2.87504,-0.901735,0.58744,6.90481,3.46883,6.85108,7.2479
7.5,950,1,942,0.0221625,-2.72563,0.108229,2.53438,2.52655,2.53438,-0.915589,0.541053,6.19699,3.24101,6.09616,6.17209
7.5,950,2,942,0.0223121,-3.25782,0.108189,3.05855,3.07638,3.08168,-1.09125,0.545179,6.32387,3.08735,6.3777,6.15405
10,955,0,947,0.133219,-2.90081,0.10887,2.79523,2.75984,2.76179,-0.831846,0.574872,6.6232,3.26301,6.84736,7.23218
10,955,1,947,0.163714,-2.72058,0.108065,2.54663,2.5226,2.54049,-1.04384,0.561958,5.99709,3.46834,6.09465,6.18438
10,955,2,947,0.218597,-3.20813,0.108029,3.10887,3.06968,3.0985,-1.1114,0.553103,6.22458,3.41921,6.37578,6.13251
12.5,960,0,952,0.0291734,-2.9639,0.108707,2.88793,2.89829,2.92313,-0.841738,0.566291,6.80631,3.61168,6.84756,7.2138
12.5,960,1,952,0.0311412,-2.73847,0.107902,2.57927,2.60219,2.58886,-0.896616,0.578754,6.01804,3.31424,6.09433,6.17442
12.5,960,2,952,0.0401529,-3.25446,0.107867,3.12275,3.12974,3.0954,-1.12678,0.558398,6.42729,3.20471,6.37292,6.12711
15,965,0,957,0.0246771,-3.01546,0.108545,2.89434,2.87732,2.85993,-0.852996,0.587516,6.95542,3.61208,6.84882,7.19668
15,965,1,957,0.0338799,-2.80396,0.107742,2.58909,2.62504,2.62359,-0.862642,0.588087,6.00721,3.2393,6.08897,6.18413
15,965,2,957,0.022874,-3.27842,0.107707,3.10103,3.08399,3.12103,-1.23329,0.538178,6.26034,3.22538,6.37618,6.1089
17.5,970,0,962,0.121442,-2.9667,0.108382,2.86122,2.84755,2.86536,-0.839046,0.560671,6.64619,3.43262,6.84357,7.20281
17.5,970,1,962,0.0907074,-2.74829,0.107583,2.6266,2.58012,2.59969,-0.626092,0.590797,6.11128,3.47796,6.09295,6.20114
17.5,970,2,962,0.138477,-3.28248,0.107546,3.18232,3.15833,3.1449,-1.02624,0.516253,6.38928,3.24512,6.37595,6.1017
20,975,0,967,0.102919,-2.97006,0.10822,2.93282,2.86561,2.8407,-0.919293,0.564329,6.64996,3.43564,6.83955,7.21313
20,975,1,967,0.0987792,-2.79404,0.107426,2.63475,2.60068,2.59317,-1.07428,0.532733,6.00358,3.26042,6.09492,6.20376
20,975,2,967,0.144482,-3.26108,0.107385,3.15654,3.06907,3.10806,-1.04477,0.545181,6.44157,3.39552,6.37904,6.09951
22.5,980,0,972,0.0338376,-3.04358,0.108059,2.90578,2.92373,2.94847,-0.805098,0.586699,6.65062,3.41061,6.83695,7.21554
22.5,980,1,972,0.029568,-2.84328,0.107267,2.62973,2.67485,2.67598,-0.740612,0.6007,6.21659,3.27595,6.098,6.22867
22.5,980,2,972,0.0277989,-3.38072,0.107225,3.24597,3.27124,3.23907,-0.896925,0.600392,6.48192,3.41772,6.37501,6.09313
25,985,0,977,0.184147,-2.91557,0.107899,2.86091,2.79731,2.80804,-0.773581,0.591268,6.4579,3.39002,6.82568,7.20717
25,985,1,977,0.150243,-2.68704,0.107108,2.62512,2.5374,2.53631,-0.992234,0.537699,6.12155,3.65066,6.09696,6.25369
25,985,2,977,0.263533,-3.30448,0.107065,3.24257,3.16196,3.17488,-0.913249,0.558745,6.13909,3.21685,6.37135,6.11182
27.5,990,0,982,0.124758,-3.04702,0.107738,2.97503,2.95931,2.94206,-0.771413,0.603135,6.94885,3.78626,6.821,7.20114
27.5,990,1,982,0.099194,-2.832,0.106947,2.68078,2.6775,2.67672,-0.91927,0.572349,6.11634,3.31603,6.09635,6.21826
27.5,990,2,982,0.144146,-3.3438,0.106907,3.27324,3.1901,3.16426,-0.967219,0.545026,6.08572,3.17518,6.37218,6.10243
30,995,0,987,0.158389,-2.995,0.107578,2.95022,2.90048,2.9213,-0.812515,0.552263,6.60462,3.60874,6.81331,7.21239
30,995,1,987,0.135056,-2.7782,0.106787,2.63475,2.6298,2.66032,-0.644594,0.610729,5.90591,3.47917,6.09196,6.22535
30,995,2,987,0.230572,-3.35311,0.106747,3.22204,3.17849,3.21639,-1.09744,0.567251,6.21945,3.25042,6.36202,6.1087
32.5,1000,0,992,0.0224111,-3.10108,0.107417,3.00681,2.99117,2.99726,-0.91517,0.571117,6.95075,3.74259,6.81494,7.20349
32.5,1000,1,992,0.0373152,-2.82369,0.106629,2.68662,2.62528,2.60847,-0.765895,0.573457,6.15271,3.19991,6.09175,6.20709
32.5,1000,2,992,0.0246647,-3.42557,0.106586,3.2584,3.26304,3.22218,-0.982345,0.51714,6.19268,2.96037,6.36051,6.08937
35,1005,0,997,0.140716,-3.05716,0.107255,2.99039,2.96394,2.94432,-1.06535,0.528789,6.53616,3.51415,6.80622,7.20715
35,1005,1,997,0.145895,-2.88139,0.106474,2.70059,2.68447,2.7146,-0.815389,0.55233,6.04729,3.39115,6.08972,6.22541
35,1005,2,997,0.232773,-3.38629,0.106426,3.28605,3.20686,3.24861,-0.888318,0.581889,6.0918,3.37214,6.35998,6.11531
37.5,1010,0,1002,0.124772,-3.08801,0.107092,2.99349,2.93868,2.92908,-0.866793,0.544836,6.48837,3.61277,6.80227,7.20161
37.5,1010,1,1002,0.113419,-2.84553,0.106317,2.76552,2.72877,2.72217,-0.966856,0.569617,6.09339,3.30839,6.08558,6.21752
37.5,1010,2,1002,0.170923,-3.42878,0.106269,3.29856,3.28935,3.26577,-1.02797,0.555554,6.55501,3.17061,6.35988,6.09893
40,1015,0,1007,0.0284289,-3.10718,0.10693,3.03724,3.03459,3.03729,-0.76231,0.616792,6.78117,3.44758,6.79796,7.20177
40,1015,1,1007,0.0248576,-2.92447,0.106159,2.74288,2.73484,2.74602,-0.904918,0.554651,6.31582,3.02301,6.09467,6.1885
40,1015,2,1007,0.0264022,-3.48885,0.106112,3.30571,3.28687,3.30258,-0.876033,0.551508,6.44973,3.07759,6.36139,6.06849
42.5,1020,0,1012,0.0227409,-3.15778,0.10677,3.04228,3.02561,3.01368,-0.667817,0.590788,6.75706,3.34759,6.79409,7.1785
42.5,1020,1,1012,0.039067,-2.9479,0.106001,2.76295,2.75056,2.75606,-0.831481,0.609546,6.24598,3.30042,6.09901,6.17493
42.5,1020,2,1012,0.0243957,-3.48411,0.105955,3.32625,3.33753,3.34619,-1.03341,0.544206,6.40301,3.09476,6.3671,6.08919
45,1025,0,1017,0.124076,-3.10742,0.106613,3.04209,3.00836,3.02993,-0.973279,0.601342,6.4676,3.37811,6.78683,7.17527
45,1025,1,1017,0.106203,-2.91868,0.105844,2.80485,2.78742,2.7538,-0.839609,0.583056,6.16313,3.22627,6.09861,6.18876
45,1025,2,1017,0.151516,-3.48744,0.105798,3.36066,3.31953,3.32011,-1.13739,0.501011,6.3833,3.17619,6.37144,6.0689
47.5,1030,0,1022,0.0243033,-3.15556,0.106454,3.02762,3.01637,3.02039,-0.843596,0.548256,6.70527,3.54322,6.7876,7.18394
47.5,1030,1,1022,0.0331299,-3.01137,0.105687,2.81431,2.83462,2.85458,-0.977581,0.567238,6.37142,3.1209,6.0963,6.17402
47.5,1030,2,1022,0.0269283,-3.59504,0.105641,3.41228,3.45888,3.46397,-1.00786,0.560698,6.5246,3.18042,6.36738,6.04249
50,1035,0,1027,0.186154,-3.13179,0.106296,3.07591,3.0401,2.99531,-0.745261,0.593181,6.56183,3.59789,6.78693,7.18132
50,1035,1,1027,0.162406,-2.88322,0.105526,2.78054,2.69698,2.6978,-0.92361,0.568682,6.14095,3.2785,6.09637,6.17191
50,1035,2,1027,0.261555,-3.4487,0.105484,3.39579,3.2895,3.29582,-1.02086,0.545622,6.25845,3.20913,6.36608,6.0461
52.5,1040,0,1032,0.0821042,-3.19107,0.106138,3.10575,3.09802,3.13512,-0.993482,0.545874,6.74702,3.53832,6.78383,7.13351
52.5,1040,1,1032,0.0914646,-3.01986,0.105366,2.79477,2.8258,2.83625,-0.905034,0.586586,5.95477,3.20511,6.09673,6.1533
52.5,1040,2,1032,0.143097,-3.5658,0.105328,3.37722,3.38723,3.3805,-0.925071,0.579298,6.26789,3.11829,6.3695,6.03979
55,1045,0,1037,0.0282022,-3.17939,0.105981,3.04279,3.02902,3.00585,-0.987489,0.547799,6.51032,3.15952,6.77758,7.10184
55,1045,1,1037,0.0255258,-2.95672,0.105208,2.85764,2.866,2.85552,-0.897897,0.597143,6.25532,3.16803,6.09969,6.14446
55,1045,2,1037,0.0269394,-3.57514,0.105172,3.48403,3.44631,3.43037,-0.811439,0.601018,6.66633,3.48383,6.37155,6.03812
57.5,1050,0,1042,0.151428,-3.24795,0.105822,3.14892,3.15053,3.18508,-0.621773,0.616634,6.73726,3.84252,6.77181,7.12749
57.5,1050,1,1042,0.124247,-2.92573,0.105053,2.84849,2.70978,2.76354,-0.869619,0.580092,5.91531,3.36178,6.09302,6.15895
57.5,1050,2,1042,0.161123,-3.58808,0.105017,3.42665,3.38679,3.40516,-1.15715,0.554309,6.18913,3.08028,6.36904,6.03861
1.5,1055,0,1046,0.214024,-3.16231,0.105664,3.07697,3.10384,3.09109,-0.683514,0.581888,6.47247,3.4183,6.76436,7.14186
1.5,1055,1,1046,0.180619,-2.97935,0.104899,2.8479,2.91296,2.76956,-0.8306,0.594623,6.26514,3.47453,6.09654,6.1801
1.5,1055,2,1046,0.30001,-3.52306,0.10486,3.4594,3.43466,3.48745,-0.880848,0.540448,6.6136,3.24865,6.36895,6.05776
4,1060,0,1051,0.027981,-3.2153,0.105505,3.11701,3.06599,3.10866,-0.806795,0.561307,6.59156,3.45083,6.76799,7.09991
4,1060,1,1051,0.0279572,-3.00646,0.104742,2.89984,2.86365,2.90159,-0.728565,0.566677,6.20983,3.47538,6.1011,6.16141
4,1060,2,1051,0.0274721,-3.6485,0.104703,3.46829,3.53286,3.44064,-0.941361,0.600237,6.25899,3.21794,6.36767,6.0542
6.5,1065,0,1056,0.115615,-3.24675,0.105346,3.1595,3.16407,3.12252,-0.694249,0.61044,6.81991,3.79712,6.7636,7.08748
6.5,1065,1,1056,0.127269,-3.00516,0.104585,2.82217,2.82068,2.81656,-1.00212,0.516207,6.16992,3.32066,6.10647,6.16578
6.5,1065,2,1056,0.156299,-3.60607,0.104546,3.52527,3.44528,3.48209,-1.016,0.566654,6.09165,3.1336,6.36673,6.04674
9,1070,0,1061,0.1325,-3.23137,0.105189,3.17681,3.13371,3.13255,-0.737774,0.573113,6.57337,3.64857,6.75722,7.09516
9,1070,1,1061,0.095469,-3.02294,0.104427,2.87271,2.87363,2.89896,-0.951223,0.564531,6.05379,3.19033,6.10584,6.15065
9,1070,2,1061,0.139945,-3.62406,0.104389,3.49249,3.50017,3.5204,-1.15809,0.543957,6.32119,3.15273,6.36381,6.04231
11.5,1075,0,1066,0.0920764,-3.30494,0.10503,3.16397,3.19212,3.20255,-0.835056,0.600522,6.74895,3.44019,6.75673,7.08881
11.5,1075,1,1066,0.104801,-3.05517,0.104268,2.94291,2.8741,2.89792,-0.906456,0.577738,6.09695,3.18361,6.11023,6.15527
11.5,1075,2,1066,0.148827,-3.63966,0.104232,3.50951,3.4843,3.46388,-1.07379,0.557288,6.34185,3.12248,6.36177,6.01849
14,1080,0,1071,0.0257593,-3.31861,0.104871,3.23019,3.23462,3.22835,-0.791977,0.63645,6.71808,3.40948,6.75755,7.0851
14,1080,1,1071,0.031711,-3.12666,0.10411,2.93211,2.92638,2.94971,-0.874789,0.56113,6.32471,3.21363,6.10823,6.13757
14,1080,2,1071,0.0253181,-3.74055,0.104076,3.59257,3.56406,3.58171,-1.16673,0.522075,6.50481,2.99309,6.36555,6.02962
16.5,1085,0,1076,0.0255787,-3.36143,0.104711,3.29089,3.28394,3.28031,-0.817615,0.593317,6.76371,3.29223,6.75755,7.08925
16.5,1085,1,1076,0.0313068,-3.12032,0.103955,2.92558,2.96473,2.94198,-0.812714,0.599112,6.25458,3.20499,6.10417,6.12353
16.5,1085,2,1076,0.0222244,-3.71262,0.103919,3.57378,3.54792,3.55626,-0.836203,0.59194,6.51268,3.17177,6.36065,6.05012
19,1090,0,1081,0.0210583,-3.32862,0.104555,3.21063,3.20775,3.20686,-0.688592,0.608377,6.87734,3.5768,6.7583,7.08133
19,1090,1,1081,0.0406267,-3.08476,0.103802,2.98003,2.91408,2.89925,-0.684955,0.600513,6.11509,3.09666,6.10641,6.11093
19,1090,2,1081,0.0259583,-3.7586,0.103763,3.579,3.59125,3.59794,-0.942655,0.574381,6.35231,2.95164,6.36058,6.05602
21.5,1095,0,1086,0.119836,-3.34959,0.104401,3.28061,3.25592,3.2481,-0.837731,0.583659,6.62984,3.68353,6.75197,7.0682
21.5,1095,1,1086,0.0904641,-3.12664,0.10365,2.93171,2.92762,2.94897,-0.866534,0.581292,6.04519,3.11892,6.1047,6.09198
21.5,1095,2,1086,0.161588,-3.71432,0.103608,3.60798,3.54096,3.53866,-0.841517,0.559402,6.27844,3.29028,6.3579,6.05679
24,1100,0,1091,0.0824268,-3.38897,0.104247,3.31267,3.28124,3.27393,-0.740158,0.606293,6.8024,3.55847,6.75488,7.06875
24,1100,1,1091,0.0948791,-3.11404,0.103496,2.97773,2.93895,2.93176,-1.06124,0.548508,5.89381,3.39334,6.10504,6.0817
24,1100,2,1091,0.157369,-3.73675,0.103455,3.59767,3.58036,3.57052,-0.96395,0.584906,6.29699,3.44441,6.35472,6.05154
26.5,1105,0,1096,0.107922,-3.29988,0.104092,3.31578,3.22728,3.23518,-0.797962,0.575527,6.69784,3.66944,6.74666,7.05906
26.5,1105,1,1096,0.101891,-3.12068,0.103341,2.96742,2.97424,2.97741,-0.960841,0.591227,5.8701,3.36328,6.10263,6.11569
26.5,1105,2,1096,0.148928,-3.72405,0.103302,3.63417,3.5846,3.58887,-0.946333,0.589098,6.03996,3.28393,6.35078,6.07096
29,1110,0,1101,0.0245073,-3.43836,0.103938,3.29317,3.31726,3.31355,-0.800253,0.59337,6.68641,3.29865,6.73179,7.04905
29,1110,1,1101,0.0382797,-3.15352,0.103184,3.04323,2.99271,3.0167,-0.930347,0.530965,6.08346,3.128,6.09653,6.11794
29,1110,2,1101,0.0333989,-3.83883,0.103149,3.66497,3.69623,3.69222,-1.02676,0.528637,6.55063,3.21999,6.34935,6.07438
31.5,1115,0,1106,0.120178,-3.35533,0.103786,3.24844,3.21514,3.21218,-0.999838,0.518032,6.28648,3.30771,6.72708,7.02955
31.5,1115,1,1106,0.087988,-3.1764,0.103029,3.04199,3.03624,3.05153,-0.729381,0.588944,6.14326,3.27144,6.0987,6.11071
31.5,1115,2,1106,0.168508,-3.8157,0.102992,3.70793,3.66563,3.67075,-1.11624,0.539805,6.53701,3.21078,6.34627,6.07965
34,1120,0,1111,0.0287097,-3.45193,0.103633,3.38487,3.37423,3.35485,-0.687369,0.625301,6.81628,3.5469,6.72591,7.00675
34,1120,1,1111,0.0352468,-3.17397,0.102876,3.03167,2.99278,3.00875,-0.711901,0.575918,6.10225,3.28832,6.09815,6.0872
34,1120,2,1111,0.0237529,-3.83083,0.102836,3.68307,3.68873,3.70759,-0.882758,0.571217,6.45135,3.1565,6.35246,6.07207
36.5,1125,0,1116,0.0192552,-3.43768,0.103482,3.33913,3.31411,3.32759,-0.862455,0.593572,6.77658,3.57873,6.7244,6.9548
36.5,1125,1,1116,0.0228293,-3.18507,0.102725,3.04458,3.07896,3.02937,-0.859503,0.535612,6.27414,3.23879,6.09725,6.06516
36.5,1125,2,1116,0.029066,-3.86371,0.102683,3.72837,3.71213,3.70729,-0.982735,0.557406,6.08173,2.72572,6.35639,6.03378
39,1130,0,1121,0.0985511,-3.43626,0.103326,3.33657,3.33373,3.33332,-0.942249,0.544433,6.72256,3.56251,6.72072,6.93173
39,1130,1,1121,0.0998776,-3.2304,0.102575,3.07875,3.02903,3.07193,-0.868134,0.568747,5.94723,3.14772,6.10078,6.0736
39,1130,2,1121,0.162226,-3.83727,0.102531,3.73108,3.69055,3.70252,-1.10518,0.504898,6.4586,3.08063,6.35891,6.0383
41.5,1135,0,1126,0.208293,-3.41046,0.103168,3.36302,3.31752,3.32056,-0.880559,0.58482,6.9609,3.74796,6.72177,6.95095
41.5,1135,1,1126,0.181317,-3.19124,0.102424,3.04505,3.02187,3.02001,-0.88915,0.601009,5.73703,3.13517,6.09644,6.09202
41.5,1135,2,1126,0.311994,-3.82522,0.102377,3.73566,3.62941,3.6254,-0.994084,0.569481,6.04149,3.16151,6.3541,6.02987
44,1140,0,1131,0.120197,-3.47042,0.103012,3.36162,3.32696,3.33759,-1.01214,0.540872,6.63391,3.18138,6.72222,6.9329
44,1140,1,1131,0.104381,-3.19197,0.102271,3.04112,3.0367,3.02608,-0.785538,0.590213,6.15147,3.21898,6.0976,6.08269
44,1140,2,1131,0.191428,-3.84627,0.102225,3.77739,3.73961,3.75548,-1.08471,0.528129,6.60626,3.43258,6.35379,6.03455
46.5,1145,0,1136,0.0268044,-3.51702,0.10286,3.39833,3.40308,3.3903,-0.574437,0.628733,6.58794,3.47318,6.71888,6.96268
46.5,1145,1,1136,0.0367104,-3.29969,0.102119,3.08862,3.08886,3.08542,-0.812423,0.580255,6.14971,3.09362,6.09728,6.07643
46.5,1145,2,1136,0.0255515,-3.93321,0.102072,3.77562,3.75891,3.75911,-0.87265,0.558509,6.46003,3.27684,6.34957,6.03726
49,1150,0,1141,0.141975,-3.49834,0.102709,3.41337,3.36441,3.35854,-0.815074,0.605586,6.6931,3.51819,6.7151,6.97028
49,1150,1,1141,0.118587,-3.24508,0.101966,3.10202,3.08143,3.09677,-0.758364,0.606971,5.97657,3.12598,6.09761,6.07743
49,1150,2,1141,0.176158,-3.9337,0.10192,3.80032,3.80671,3.78985,-0.924862,0.558886,6.50182,2.95516,6.35132,6.05172
51.5,1155,0,1146,0.029336,-3.54683,0.102557,3.40862,3.44434,3.4636,-0.575476,0.615066,6.76248,3.31859,6.71817,6.96283
51.5,1155,1,1146,0.0286848,-3.31735,0.101814,3.16003,3.16295,3.14666,-0.723426,0.588143,6.2935,3.27009,6.10364,6.05788
51.5,1155,2,1146,0.0278585,-3.95839,0.101769,3.82841,3.76653,3.79582,-0.963302,0.572963,6.32533,3.1784,6.34823,6.04584
54,1160,0,1151,0.0221445,-3.5252,0.102407,3.43641,3.39541,3.38782,-0.906255,0.566534,6.83524,3.5295,6.71622,6.99099
54,1160,1,1151,0.0445414,-3.3403,0.101666,3.2039,3.1698,3.18165,-0.684871,0.595234,6.21363,3.26553,6.10513,6.0788
54,1160,2,1151,0.0310739,-4.00749,0.101618,3.85882,3.87907,3.83441,-0.944516,0.542514,6.33383,3.17342,6.34781,6.06675
56.5,1165,0,1156,0.0292804,-3.59821,0.102255,3.47197,3.51233,3.50422,-0.808968,0.596526,6.69766,3.70274,6.71089,6.99489
56.5,1165,1,1156,0.0327949,-3.32802,0.10152,3.17444,3.19215,3.17562,-0.931519,0.56037,6.14251,3.23493,6.10933,6.07492
56.5,1165,2,1156,0.0248756,-4.00396,0.101466,3.89289,3.83765,3.86364,-0.944786,0.564725,6.43431,3.06392,6.34442,6.05109
0.5,1170,0,1160,0.107846,-3.45437,0.102103,3.45537,3.41292,3.43979,-0.932986,0.59508,6.51717,3.45248,6.70725,6.98794
0.5,1170,1,1160,0.0922234,-3.25077,0.101371,3.1893,3.1725,3.17481,-0.760691,0.553006,5.97545,3.3243,6.10488,6.08623
0.5,1170,2,1160,0.147426,-3.92488,0.101314,3.87616,3.83178,3.8626,-1.24517,0.535512,6.33599,3.14275,6.34199,6.05383
3,1175,0,1165,0.0326553,-3.56573,0.101951,3.50838,3.45481,3.51715,-0.804349,0.584704,6.94542,3.58103,6.70382,6.96188
3,1175,1,1165,0.0393583,-3.34487,0.101219,3.19132,3.24366,3.15673,-0.82639,0.54779,5.96987,3.03381,6.10171,6.07754
3,1175,2,1165,0.0510398,-3.90876,0.101163,3.8729,3.74756,3.85848,-0.957909,0.576168,6.3237,3.11481,6.34809,6.05631
5.5,1180,0,1170,0.0242142,-3.59582,0.101798,3.50171,3.50422,3.48185,-0.941668,0.549946,6.92034,3.55861,6.70007,6.94408
5.5,1180,1,1170,0.0310225,-3.35996,0.101067,3.22491,3.20468,3.22967,-0.754488,0.590059,6.12526,3.18018,6.10248,6.05526
5.5,1180,2,1170,0.032127,-4.11792,0.101012,3.95258,3.98195,3.96131,-0.861218,0.556815,6.39867,3.11859,6.35744,6.04369
8,1185,0,1175,0.0261018,-3.59347,0.101646,3.50885,3.54353,3.5074,-0.833527,0.597322,6.86641,3.46615,6.69992,6.91799
8,1185,1,1175,0.0303962,-3.397,0.100916,3.24429,3.27001,3.24789,-0.888001,0.585041,6.02872,3.22753,6.10239,6.04362
8,1185,2,1175,0.0307579,-4.07052,0.100863,3.95332,3.94253,3.91758,-0.888417,0.560854,6.43386,2.95507,6.35849,6.03398
10.5,1190,0,1180,0.13119,-3.60842,0.101493,3.5359,3.47963,3.55631,-0.680952,0.599065,6.9897,3.76559,6.7078,6.89994
10.5,1190,1,1180,0.115831,-3.3512,0.100765,3.28762,3.19433,3.24731,-0.706514,0.567463,6.16364,3.08061,6.11108,6.01408
10.5,1190,2,1180,0.182079,-4.08268,0.100713,3.9335,3.88731,3.88706,-0.907716,0.565835,6.14454,3.09489,6.35731,6.02492
13,1195,0,1185,0.14704,-3.50939,0.101341,3.46334,3.43203,3.39907,-0.679542,0.598517,6.61198,3.68938,6.7052,6.87677
13,1195,1,1185,0.117826,-3.396,0.100616,3.28145,3.32122,3.27171,-1.0367,0.540685,5.76325,3.00067,6.11048,5.9909
13,1195,2,1185,0.152936,-4.0582,0.100564,3.99405,3.94362,3.93971,-0.917436,0.57874,6.2739,3.20637,6.35402,5.99636
15.5,1200,0,1190,0.0246239,-3.68019,0.101191,3.55835,3.55396,3.578,-0.528448,0.595178,6.57406,3.46473,6.69247,6.86692
15.5,1200,1,1190,0.0361117,-3.39979,0.100466,3.27302,3.22748,3.32389,-0.804162,0.558878,6.0825,3.26962,6.10899,5.97794
15.5,1200,2,1190,0.0370307,-4.08983,0.100414,3.99737,3.96823,3.94078,-1.03906,0.531123,6.65988,3.18411,6.35542,6.00587
18,1205,0,1195,0.0307485,-3.68924,0.101043,3.60551,3.57927,3.54967,-0.639421,0.582689,6.53008,3.50648,6.68908,6.88133
18,1205,1,1195,0.0295165,-3.44484,0.100318,3.29594,3.3161,3.24679,-0.72014,0.586543,6.10723,3.08021,6.1096,5.96486
18,1205,2,1195,0.0282051,-4.20259,0.100264,4.02998,4.03861,4.06233,-1.0562,0.54969,6.38065,3.53698,6.3516,5.995
20.5,1210,0,1200,0.0229164,-3.71562,0.100894,3.59588,3.59179,3.57994,-0.798664,0.550401,6.65763,3.48728,6.68056,6.89977
20.5,1210,1,1200,0.0302401,-3.45683,0.100171,3.24906,3.26509,3.30783,-0.752059,0.567092,6.06858,3.16023,6.1132,5.97086
20.5,1210,2,1200,0.0392232,-4.14986,0.100113,4.05032,4.03213,4.0163,-0.812254,0.578333,6.43247,3.12567,6.35319,6.00727
23,1215,0,1205,0.0169659,-3.68646,0.100743,3.60753,3.62181,3.64384,-0.608239,0.653379,6.65324,3.51101,6.68045,6.90666
23,1215,1,1205,0.0310836,-3.45983,0.100022,3.28869,3.30872,3.29296,-0.652037,0.610071,6.17935,3.40685,6.11445,5.98642
23,1215,2,1205,0.025074,-4.22237,0.0999636,4.07772,4.07519,4.07044,-0.853322,0.553239,6.34407,2.97975,6.35213,6.0047
25.5,1220,0,1210,0.0274435,-3.71635,0.100592,3.61982,3.62125,3.58609,-0.786119,0.578986,6.86566,3.52136,6.67829,6.93507
25.5,1220,1,1210,0.0372341,-3.49919,0.099873,3.29855,3.31371,3.3371,-0.789172,0.598143,6.05141,3.00275,6.11349,5.99672
25.5,1220,2,1210,0.0350192,-4.20112,0.0998153,4.08022,4.08352,4.08795,-0.962659,0.558356,6.28927,3.23424,6.34639,5.98222
28,1225,0,1215,0.0272881,-3.74213,0.10044,3.63733,3.6578,3.69418,-0.594471,0.641508,6.5625,3.26043,6.67361,6.9354
28,1225,1,1215,0.0374221,-3.49974,0.0997223,3.35492,3.32028,3.32786,-0.758505,0.585846,6.1865,3.45198,6.116,6.00977
28,1225,2,1215,0.03065,-4.23134,0.0996671,4.06287,4.06475,4.08107,-1.09822,0.559788,6.29363,3.48793,6.34664,5.98527
30.5,1230,0,1220,0.032632,-3.69098,0.100291,3.62701,3.621,3.55009,-0.901916,0.589139,6.68724,3.48043,6.67606,6.9211
30.5,1230,1,1220,0.0451813,-3.4932,0.0995727,3.36931,3.36294,3.32441,-0.798339,0.616462,6.26244,3.2873,6.11822,6.01114
30.5,1230,2,1220,0.023672,-4.28134,0.0995163,4.12673,4.16821,4.16941,-0.872502,0.57692,6.41497,3.18567,6.34386,5.96613
33,1235,0,1225,0.113701,-3.72153,0.100142,3.64619,3.58477,3.65075,-0.813874,0.563705,6.62898,3.74644,6.67353,6.93003
33,1235,1,1225,0.0955436,-3.49235,0.0994241,3.40257,3.31666,3.36631,-0.698507,0.599178,5.89638,2.97404,6.11958,6.02358
33,1235,2,1225,0.172875,-4.20015,0.0993652,4.14822,4.07027,4.07306,-1.0674,0.56121,6.56802,3.37629,6.35287,6.00079
35.5,1240,0,1230,0.386717,-3.59927,0.0999937,3.64029,3.54419,3.48575,-0.82505,0.575945,6.6328,3.7945,6.67128,6.94383
35.5,1240,1,1230,0.302208,-3.4402,0.0992748,3.39003,3.28621,3.26415,-0.739208,0.573637,5.82556,3.20529,6.12624,6.04225
35.5,1240,2,1230,0.5349,-4.12001,0.0992138,4.12284,3.97945,3.97817,-1.19934,0.548112,5.94087,3.34431,6.34882,6.01213
38,1245,0,1235,0.0266085,-3.77157,0.0998462,3.62205,3.62928,3.66614,-0.748689,0.607561,6.54256,3.53644,6.6742,6.95145
38,1245,1,1235,0.0330454,-3.5669,0.0991267,3.43959,3.45654,3.46713,-0.89399,0.586685,6.0204,2.95756,6.12192,6.04129
38,1245,2,1235,0.0256605,-4.3209,0.0990636,4.17111,4.18417,4.18531,-0.924424,0.576396,6.62751,3.05908,6.35041,6.02883
40.5,1250,0,1240,0.100596,-3.76217,0.0997004,3.71104,3.68168,3.65753,-0.714453,0.575596,6.73776,3.51893,6.67527,6.96087
40.5,1250,1,1240,0.124233,-3.51072,0.0989793,3.43164,3.3159,3.35611,-1.00014,0.557267,5.93805,3.20606,6.11974,6.0573
40.5,1250,2,1240,0.21698,-4.24676,0.098917,4.19585,4.10709,4.09731,-0.944683,0.550434,6.07477,3.28317,6.34309,6.0302
43,1255,0,1245,0.156585,-3.79103,0.099554,3.70953,3.65116,3.68432,-0.973447,0.55094,6.54356,3.46856,6.67715,6.92116
43,1255,1,1245,0.112798,-3.52596,0.0988287,3.40581,3.41115,3.3872,-0.888626,0.591343,6.03412,3.2493,6.12146,6.0305
43,1255,2,1245,0.18447,-4.32753,0.0987711,4.21023,4.1862,4.20264,-0.879658,0.580029,6.08099,3.0176,6.33684,6.00192
45.5,1260,0,1250,0.0943577,-3.78609,0.0994056,3.67076,3.67742,3.68699,-0.698928,0.587699,6.56041,3.35949,6.67098,6.89126
45.5,1260,1,1250,0.0974926,-3.5511,0.0986789,3.42589,3.38702,3.44007,-0.854896,0.576178,6.13143,3.24365,6.12085,6.00707
45.5,1260,2,1250,0.114823,-4.31137,0.098625,4.19167,4.15733,4.14839,-1.03828,0.565493,6.34583,3.37434,6.33876,5.98985
48,1265,0,1255,0.026655,-3.84716,0.0992576,3.73317,3.78776,3.74935,-0.810276,0.557692,6.86933,3.37599,6.67284,6.8583
48,1265,1,1255,0.0411361,-3.62607,0.0985307,3.48891,3.47196,3.44551,-0.891852,0.58426,6.05854,3.01366,6.11979,5.99007
48,1265,2,1255,0.0314307,-4.34668,0.0984778,4.20599,4.21229,4.1996,-1.06267,0.536822,6.29427,3.08131,6.33482,5.96243
50.5,1270,0,1260,0.189486,-3.77931,0.0991082,3.70581,3.64502,3.69043,-0.711918,0.575197,6.66147,3.60025,6.66948,6.86976
50.5,1270,1,1260,0.142754,-3.54873,0.0983828,3.45689,3.41203,3.47297,-0.703851,0.574449,5.92811,3.43612,6.11735,6.00899
50.5,1270,2,1260,0.230953,-4.30416,0.0983308,4.22018,4.17897,4.20591,-0.841769,0.611735,6.19275,3.25709,6.33353,5.97539
53,1275,0,1265,0.022591,-3.86704,0.0989615,3.74043,3.75,3.72225,-0.814693,0.583613,6.5505,3.62142,6.67373,6.87335
53,1275,1,1265,0.0404022,-3.6084,0.0982381,3.48837,3.45887,3.43381,-0.997883,0.569245,6.11435,3.15492,6.11494,5.99214
53,1275,2,1265,0.0279419,-4.39648,0.0981856,4.28247,4.30169,4.30252,-0.900259,0.599589,6.51229,3.24056,6.3323,5.95719
55.5,1280,0,1270,0.0307782,-3.89001,0.0988178,3.79367,3.79211,3.78151,-0.697885,0.57462,6.59379,3.30274,6.66816,6.82371
55.5,1280,1,1270,0.0487241,-3.6951,0.0980929,3.54688,3.5551,3.57295,-0.509547,0.592718,6.20309,3.37767,6.11646,5.99938
55.5,1280,2,1270,0.0305013,-4.45899,0.0980402,4.30724,4.30854,4.2935,-0.831583,0.54916,6.58986,3.01234,6.33848,5.92114
58,1285,0,1275,0.0906949,-3.8673,0.0986731,3.77471,3.72297,3.77125,-1.0417,0.524215,6.65818,3.49128,6.66679,6.82143
58,1285,1,1275,0.0818895,-3.62161,0.0979502,3.51395,3.47865,3.49343,-0.877004,0.574661,6.09462,3.31947,6.11679,6.02352
58,1285,2,1275,0.1283,-4.37846,0.0978948,4.28221,4.25385,4.24503,-0.816782,0.604314,6.23984,3.41846,6.33775,5.93344
2,1290,0,1279,0.0278082,-3.88466,0.0985244,3.7909,3.79655,3.82726,-0.903168,0.559521,6.41712,3.20666,6.65997,6.79806
2,1290,1,1279,0.030106,-3.64819,0.097804,3.54108,3.57739,3.46738,-0.944587,0.607695,6.24017,3.23189,6.11643,5.99502
2,1290,2,1279,0.0266876,-4.42595,0.0977489,4.35733,4.30764,4.40814,-1.01435,0.573088,6.57213,3.00044,6.3395,5.92924
4.5,1295,0,1284,0.0221071,-4.00484,0.0983762,3.85979,3.87898,3.86433,-0.878522,0.585948,6.6894,3.47973,6.65703,6.78824
4.5,1295,1,1284,0.0331882,-3.68862,0.0976567,3.52678,3.51327,3.54844,-0.805637,0.548741,6.17723,3.26185,6.11963,5.98205
4.5,1295,2,1284,0.0272253,-4.47279,0.0976026,4.32648,4.34047,4.30431,-0.92676,0.575681,6.23586,2.87066,6.33858,5.89561
7,1300,0,1289,0.161159,-3.82991,0.0982301,3.83541,3.74281,3.73566,-0.430903,0.633764,6.55424,3.53406,6.64775,6.78187
7,1300,1,1289,0.121962,-3.72409,0.0975098,3.56973,3.59768,3.56605,-0.822595,0.603468,6.16583,3.14333,6.11642,5.98391
7,1300,2,1289,0.207551,-4.44391,0.0974562,4.33564,4.32074,4.32718,-0.867821,0.587149,6.49048,3.13123,6.34359,5.91461
9.5,1305,0,1294,0.0234368,-3.99216,0.098088,3.86023,3.85563,3.81991,-0.616273,0.596376,6.46667,3.11234,6.64977,6.78469
9.5,1305,1,1294,0.0368507,-3.69133,0.0973628,3.55364,3.48411,3.51249,-0.843266,0.571464,6.33811,3.25868,6.11495,5.98067
9.5,1305,2,1294,0.0310781,-4.5358,0.0973106,4.41739,4.39895,4.39501,-0.884209,0.605203,6.7147,3.17239,6.34027,5.91767
12,1310,0,1299,0.103422,-3.98113,0.0979452,3.88248,3.89776,3.91272,-0.86622,0.554303,6.52011,3.35373,6.64663,6.79527
12,1310,1,1299,0.0790236,-3.70205,0.0972168,3.55637,3.54736,3.54403,-0.819258,0.582011,6.16886,3.14503,6.1131,5.98657
12,1310,2,1299,0.127697,-4.48432,0.0971654,4.3737,4.33803,4.33663,-0.771895,0.619209,6.23805,3.36939,6.33693,5.93044
14.5,1315,0,1304,0.0944775,-3.91683,0.0978006,3.89264,3.83011,3.83686,-0.88456,0.570787,6.60381,3.72687,6.6472,6.80318
14.5,1315,1,1304,0.0823602,-3.66575,0.0970716,3.5866,3.49165,3.55989,-0.654549,0.606008,6.05324,3.29096,6.11269,5.99064
14.5,1315,2,1304,0.116775,-4.49213,0.09702,4.43194,4.37135,4.4276,-0.937492,0.568099,6.08045,3.1093,6.33245,5.89802
17,1320,0,1309,0.197726,-3.92574,0.0976546,3.88861,3.83617,3.87959,-0.865526,0.609413,6.34001,3.80956,6.65056,6.79954
17,1320,1,1309,0.15881,-3.70626,0.0969275,3.60566,3.6024,3.56469,-0.555055,0.606503,5.8534,3.32433,6.11261,5.99931
17,1320,2,1309,0.183606,-4.53025,0.0968742,4.44648,4.44505,4.40412,-0.870124,0.557373,6.09665,3.36029,6.32097,5.89383
19.5,1325,0,1314,0.029291,-3.98574,0.0975088,3.90367,3.86649,3.85738,-0.711962,0.61143,6.67497,3.62752,6.64864,6.83215
19.5,1325,1,1314,0.0478152,-3.76141,0.0967855,3.64553,3.58614,3.60753,-0.988786,0.577349,5.92197,3.17761,6.10863,6.00941
19.5,1325,2,1314,0.0315182,-4.56406,0.0967293,4.45998,4.4596,4.45867,-1.0541,0.552568,6.37968,3.27538,6.32055,5.91162
22,1330,0,1319,0.134337,-3.99059,0.0973624,3.91767,3.89145,3.90034,-0.78397,0.609998,6.51398,3.31412,6.64272,6.84258
22,1330,1,1319,0.12376,-3.79799,0.096645,3.65367,3.66567,3.65906,-0.654293,0.585041,6.0463,3.37409,6.1043,6.01896
22,1330,2,1319,0.184766,-4.55758,0.0965831,4.46355,4.45241,4.45031,-0.803203,0.592248,6.51244,3.27724,6.32291,5.89769
24.5,1335,0,1324,0.10061,-4.005,0.0972145,3.91496,3.89208,3.88129,-0.889746,0.597092,6.59782,3.71192,6.64435,6.85338
24.5,1335,1,1324,0.0786498,-3.73414,0.0965042,3.70159,3.61078,3.65221,-0.604414,0.618539,5.91722,3.31105,6.10621,6.01668
24.5,1335,2,1324,0.115813,-4.60557,0.0964363,4.51808,4.51603,4.48283,-0.97583,0.548492,6.31265,2.92983,6.31937,5.87795
27,1340,0,1329,0.0204828,-3.99993,0.097067,3.93288,3.93547,3.93125,-0.596898,0.624569,6.833,3.49979,6.64484,6.84124
27,1340,1,1329,0.0289266,-3.81002,0.0963648,3.66581,3.68928,3.68147,-0.647267,0.607871,6.21377,3.32058,6.10635,6.00095
27,1340,2,1329,0.0343368,-4.6375,0.0962908,4.48764,4.49053,4.53343,-1.04145,0.526438,6.01178,3.07844,6.31518,5.85744
29.5,1345,0,1334,0.0348376,-4.07536,0.0969215,3.96793,3.96013,3.93667,-0.730104,0.615013,6.77693,3.43977,6.64261,6.84151
29.5,1345,1,1334,0.0305867,-3.84044,0.0962256,3.70883,3.6715,3.71534,-0.735655,0.57824,6.26067,3.40316,6.10388,6.00876
29.5,1345,2,1334,0.0283814,-4.65434,0.0961451,4.50018,4.56706,4.53139,-0.875899,0.572954,6.24802,2.89784,6.31215,5.86357
32,1350,0,1339,0.0203177,-4.10884,0.0967778,4.02475,4.0339,4.07661,-0.613914,0.609515,6.73606,3.53291,6.64256,6.83197
32,1350,1,1339,0.038905,-3.83418,0.0960847,3.68668,3.70104,3.66902,-0.92739,0.559006,6.20863,3.27452,6.1036,5.99433
32,1350,2,1339,0.0211767,-4.65761,0.0959985,4.52325,4.52873,4.54608,-0.93965,0.576057,6.34824,3.1603,6.30733,5.85004
34.5,1355,0,1344,0.0287443,-4.07391,0.096636,3.99481,3.95969,3.94665,-0.621858,0.570527,6.50138,3.39353,6.64288,6.83314
34.5,1355,1,1344,0.0272731,-3.85951,0.0959421,3.73472,3.72083,3.72378,-0.613723,0.600099,5.97882,3.33585,6.10048,6.02151
34.5,1355,2,1344,0.0328577,-4.69273,0.0958536,4.56328,4.54488,4.55879,-0.917792,0.544296,6.4185,2.92395,6.30797,5.85073
37,1360,0,1349,0.0899191,-4.08948,0.0964935,3.99918,4.01402,4.03151,-0.709011,0.547113,6.66669,3.50842,6.63469,6.80674
37,1360,1,1349,0.0737379,-3.85714,0.095799,3.73929,3.72517,3.74667,-0.559674,0.603434,5.89441,3.28084,6.0947,6.02089
37,1360,2,1349,0.0878242,-4.68337,0.0957108,4.59862,4.56685,4.55623,-0.897041,0.565615,6.12508,3.28657,6.30449,5.85555
39.5,1365,0,1354,0.0226309,-4.13417,0.0963493,4.01925,3.99744,3.98775,-1.08712,0.544574,6.5814,3.62548,6.63291,6.79534
39.5,1365,1,1354,0.044907,-3.92065,0.0956558,3.76886,3.74401,3.78811,-0.627345,0.597331,6.02111,3.1519,6.09346,6.01328
39.5,1365,2,1354,0.0385294,-4.77425,0.0955696,4.59946,4.64903,4.64272,-0.945954,0.582059,6.58494,3.0709,6.31501,5.86057
42,1370,0,1359,0.230164,-4.05514,0.0962035,4.00936,3.9437,3.97641,-0.874596,0.576935,6.42797,3.6159,6.6268,6.81049
42,1370,1,1359,0.175536,-3.8214,0.0955135,3.75181,3.71982,3.67366,-0.691221,0.575636,5.89315,3.33421,6.08564,6.04269
42,1370,2,1359,0.343817,-4.62712,0.0954287,4.59867,4.48985,4.50024,-0.804307,0.600351,6.22247,3.35123,6.31341,5.8716
44.5,1375,0,1364,0.207776,-4.08489,0.0960581,4.03502,3.96662,3.98864,-0.577516,0.645735,6.57028,3.68941,6.62559,6.82773
44.5,1375,1,1364,0.163062,-3.84163,0.0953716,3.79583,3.75713,3.7563,-0.774007,0.559177,5.84818,3.11259,6.08314,6.03059
44.5,1375,2,1364,0.342854,-4.67896,0.0952881,4.59973,4.53854,4.57468,-1.00367,0.523939,6.1507,3.46764,6.32008,5.90471
47,1380,0,1369,0.164525,-4.0549,0.0959164,4.06544,3.95772,3.9791,-0.526014,0.61749,6.48019,3.56772,6.62626,6.79934
47,1380,1,1369,0.127778,-3.89649,0.0952286,3.81686,3.74414,3.78451,-0.581449,0.623681,5.8819,3.35494,6.08124,6.0143
47,1380,2,1369,0.217362,-4.72649,0.0951464,4.62323,4.57579,4.6105,-1.15896,0.540524,5.98044,3.38038,6.31945,5.91596
49.5,1385,0,1374,0.022864,-4.20217,0.0957781,4.08448,4.08531,4.07121,-0.829805,0.514813,6.85453,3.41236,6.62992,6.78187
49.5,1385,1,1374,0.0422474,-3.97417,0.0950878,3.84953,3.87948,3.83813,-0.728909,0.606892,5.999,3.14153,6.08135,6.02394
49.5,1385,2,1374,0.0304878,-4.81571,0.0950035,4.64438,4.67878,4.67621,-0.960452,0.583825,6.39139,3.10059,6.31879,5.89036
52,1390,0,1379,0.0347134,-4.15289,0.0956363,4.12048,4.0731,4.0571,-0.78249,0.602835,6.80508,3.5059,6.63562,6.79695
52,1390,1,1379,0.034632,-3.91462,0.0949472,3.78584,3.76932,3.79095,-0.539762,0.599473,6.20586,3.3339,6.08411,6.03132
52,1390,2,1379,0.0318709,-4.83639,0.0948611,4.72604,4.74038,4.73545,-0.981185,0.531965,6.39186,3.09994,6.31869,5.87946
54.5,1395,0,1384,0.0733862,-4.22904,0.0954933,4.10406,4.1243,4.14667,-0.601289,0.605474,6.4882,3.23149,6.63953,6.82669
54.5,1395,1,1384,0.0626701,-3.95991,0.0948086,3.834,3.81881,3.82767,-0.693668,0.597372,6.07641,3.48665,6.0828,6.02476
54.5,1395,2,1384,0.0930812,-4.83526,0.0947182,4.73788,4.71031,4.72466,-0.924782,0.571148,6.41819,3.42346,6.31561,5.8753
57,1400,0,1389,0.0219095,-4.22687,0.0953501,4.15662,4.13205,4.1618,-0.840198,0.567533,6.73727,3.47884,6.63564,6.79723
57,1400,1,1389,0.0359353,-3.98101,0.0946706,3.87543,3.87184,3.81415,-0.622379,0.5626,6.00613,3.08245,6.08202,6.00069
57,1400,2,1389,0.033037,-4.80283,0.0945752,4.71654,4.66746,4.66506,-0.936156,0.590722,6.33198,3.15608,6.32007,5.87392
1,1405,0,1393,0.0493596,-4.17774,0.0952064,4.12926,4.02488,4.21594,-0.605808,0.590922,6.50231,3.48343,6.63972,6.79251
1,1405,1,1393,0.0495475,-3.89855,0.094532,3.89139,3.96799,3.75741,-0.897384,0.577693,6.05249,3.23872,6.07989,5.99246
1,1405,2,1393,0.0595223,-4.96988,0.0944327,4.76021,4.89443,4.89333,-0.846853,0.569126,6.44853,3.21554,6.32337,5.88351
3.5,1410,0,1398,0.0342624,-4.18254,0.0950639,4.14723,4.204,4.03863,-0.876544,0.582931,6.56885,3.52199,6.63252,6.81246
3.5,1410,1,1398,0.0396285,-4.09731,0.0943911,3.90182,3.96238,3.98512,-0.67314,0.616977,6.07941,3.16485,6.07684,5.98307
3.5,1410,2,1398,0.0354556,-4.87992,0.0942914,4.78498,4.72212,4.77995,-1.13402,0.570019,6.368,3.20043,6.32119,5.90286
6,1415,0,1403,0.0399308,-4.25846,0.0949218,4.11976,4.13525,4.23059,-0.649842,0.627749,6.46664,3.3836,6.6239,6.78481
6,1415,1,1403,0.0365681,-3.97708,0.0942508,3.9271,3.86502,3.88059,-0.719812,0.57835,6.03085,3.05038,6.07746,5.97189
6,1415,2,1403,0.0390063,-4.93406,0.0941492,4.78143,4.85476,4.85058,-1.13617,0.558884,6.2393,3.17802,6.31989,5.8973
8.5,1420,0,1408,0.0269006,-4.2674,0.0947794,4.16819,4.21512,4.14789,-0.681448,0.60376,6.31795,3.23837,6.61629,6.76392
8.5,1420,1,1408,0.030634,-4.0485,0.0941117,3.8935,3.93999,3.93154,-0.653463,0.569516,6.33116,3.2254,6.08156,5.98371
8.5,1420,2,1408,0.0568081,-4.81036,0.0940069,4.83196,4.70352,4.70331,-1.08262,0.544152,6.73264,3.5142,6.3283,5.89575
11,1425,0,1413,0.0252363,-4.29308,0.0946361,4.2169,4.21391,4.23817,-0.739467,0.570003,6.50519,3.4008,6.61098,6.73353
11,1425,1,1413,0.0314427,-4.06092,0.0939714,3.91398,3.92952,3.97111,-0.67778,0.594257,6.2136,3.10427,6.08213,5.944
11,1425,2,1413,0.0367991,-4.97472,0.093866,4.80213,4.83689,4.83042,-1.0601,0.556788,6.40563,3.27602,6.33426,5.87945
13.5,1430,0,1418,0.15582,-4.30733,0.0944937,4.22739,4.18262,4.19684,-0.86968,0.539357,6.42179,3.44096,6.61517,6.72013
13.5,1430,1,1418,0.135503,-4.05052,0.0938305,3.96159,3.89981,3.91116,-0.620256,0.632543,6.0432,3.35257,6.07733,5.96817
13.5,1430,2,1418,0.179634,-4.91869,0.0937259,4.83239,4.82178,4.78648,-0.813285,0.549155,6.40821,3.16,6.33859,5.88004
16,1435,0,1423,0.0250824,-4.30042,0.0943521,4.22776,4.21362,4.19252,-0.648206,0.605449,6.92143,3.4955,6.61815,6.71768
16,1435,1,1423,0.0420002,-4.09474,0.0936905,3.9844,3.98654,3.959,-0.717141,0.577815,6.33104,3.22858,6.07715,5.95417
16,1435,2,1423,0.02694,-4.9511,0.0935865,4.85566,4.8039,4.8443,-0.814784,0.613131,6.12381,3.18421,6.33465,5.87348
18.5,1440,0,1428,0.0210925,-4.31917,0.0942135,4.23862,4.21865,4.23713,-0.795396,0.551562,6.58883,3.4198,6.61092,6.71102
18.5,1440,1,1428,0.0415845,-4.09562,0.0935512,4.01151,3.99842,3.98314,-0.739257,0.606194,6.21422,3.04147,6.07402,5.95278
18.5,1440,2,1428,0.02861,-5.01357,0.0934482,4.87951,4.91445,4.89257,-1.02512,0.575463,6.4809,3.0986,6.3333,5.87679
21,1445,0,1433,0.0311729,-4.34834,0.0940754,4.23029,4.26786,4.27164,-0.884638,0.565401,6.6675,3.53278,6.61,6.69792
21,1445,1,1433,0.0358117,-4.11644,0.093411,3.99846,3.99729,3.97464,-0.787682,0.585831,6.04636,3.29489,6.06951,5.9565
21,1445,2,1433,0.0285976,-5.0065,0.0933101,4.9198,4.87298,4.8979,-0.854995,0.616482,6.46406,3.21875,6.33582,5.87772
23.5,1450,0,1438,0.159038,-4.32784,0.0939349,4.26794,4.26128,4.23582,-0.754117,0.58122,6.63743,3.64465,6.61246,6.67194
23.5,1450,1,1438,0.128057,-4.13595,0.09327,3.99798,4.01121,4.01735,-0.76529,0.579604,6.3095,3.04233,6.07103,5.92969
23.5,1450,2,1438,0.207333,-4.9703,0.0931727,4.8618,4.90284,4.84614,-0.871725,0.587606,6.19502,3.20388,6.33607,5.86589
26,1455,0,1443,0.0231565,-4.3921,0.093795,4.30556,4.25587,4.2741,-0.693012,0.597679,6.59374,3.30388,6.60792,6.63498
26,1455,1,1443,0.0408428,-4.18846,0.0931288,4.06924,4.03881,4.04175,-0.5338,0.61691,6.18499,3.25824,6.06881,5.93044
26,1455,2,1443,0.0224814,-5.05084,0.0930346,4.92611,4.89582,4.9792,-0.838115,0.559251,6.32146,3.1144,6.33764,5.85929
28.5,1460,0,1448,0.0286934,-4.40241,0.0936551,4.30558,4.31396,4.30098,-0.595591,0.628129,6.9293,3.59838,6.6074,6.65732
28.5,1460,1,1448,0.0325271,-4.1316,0.0929904,4.01113,4.02805,4.03977,-0.772642,0.590233,6.21678,3.4474,6.06392,5.94703
28.5,1460,2,1448,0.0287665,-5.10107,0.0928983,4.9723,5.01506,4.94923,-0.763391,0.623863,6.31144,2.80259,6.32666,5.86157
31,1465,0,1453,0.0278035,-4.3593,0.0935161,4.30939,4.30001,4.2712,-0.748172,0.614462,6.71073,3.54378,6.61153,6.65579
31,1465,1,1453,0.0335228,-4.22769,0.0928524,4.11485,4.08954,4.07162,-0.584436,0.593803,5.95656,3.217,6.06002,5.91678
31,1465,2,1453,0.0207344,-5.06952,0.0927628,4.9589,4.96843,4.96271,-1.21749,0.559121,6.31979,3.00893,6.32819,5.84272
33.5,1470,0,1458,0.0265628,-4.42591,0.0933757,4.3543,4.3468,4.37579,-0.781906,0.580424,6.33353,3.28483,6.61099,6.62011
33.5,1470,1,1458,0.0315961,-4.18587,0.0927144,4.09886,4.09968,4.10109,-0.752323,0.635953,6.48247,3.22442,6.06443,5.89289
33.5,1470,2,1458,0.0326319,-5.09586,0.0926227,4.985,4.9474,4.95368,-0.90704,0.604202,6.31524,3.20355,6.32904,5.82413
36,1475,0,1463,0.0962775,-4.41462,0.0932362,4.34765,4.33883,4.35795,-0.930769,0.622473,6.50652,3.37268,6.60903,6.61784
36,1475,1,1463,0.0974599,-4.18504,0.0925763,4.1191,4.04298,4.01777,-0.695337,0.600807,6.28055,3.40841,6.06691,5.88427
36,1475,2,1463,0.0935658,-5.082,0.0924822,5.01631,4.98095,4.96083,-0.861753,0.579242,5.9341,3.06326,6.32412,5.808
38.5,1480,0,1468,0.0904001,-4.42275,0.0930963,4.34024,4.27258,4.30022,-0.91847,0.609019,6.32549,3.39737,6.60592,6.60984
38.5,1480,1,1468,0.094972,-4.23043,0.0924402,4.12877,4.09617,4.12666,-0.55925,0.603593,6.01938,3.34035,6.06295,5.88927
38.5,1480,2,1468,0.0761265,-5.11121,0.0923425,5.02861,4.98126,5.00912,-0.988365,0.534787,6.2503,3.3013,6.32461,5.81757
41,1485,0,1473,0.0255788,-4.48076,0.0929538,4.38073,4.38033,4.40251,-0.787304,0.566003,6.61808,3.10876,6.60889,6.57721
41,1485,1,1473,0.0372714,-4.21507,0.0923067,4.12878,4.10302,4.11153,-0.648085,0.596643,6.0093,3.43087,6.06227,5.87944
41,1485,2,1473,0.0321862,-5.15348,0.0922023,5.06475,5.08147,5.0726,-0.83226,0.608392,6.47229,3.26633,6.33113,5.80799
43.5,1490,0,1478,0.0782832,-4.4254,0.0928114,4.38474,4.33594,4.33485,-0.684944,0.594586,6.59502,3.74459,6.60271,6.63315
43.5,1490,1,1478,0.064626,-4.18842,0.0921705,4.1151,4.12447,4.09462,-0.453644,0.624789,5.74869,3.20381,6.05367,5.89387
43.5,1490,2,1478,0.0597791,-5.11739,0.0920654,5.01668,5.02456,5.02333,-1.04496,0.559839,6.4017,3.4692,6.33193,5.84678
46,1495,0,1483,0.0681605,-4.48508,0.0926703,4.46597,4.40679,4.46405,-0.52894,0.621928,6.67658,3.66133,6.60594,6.64577
46,1495,1,1483,0.0694779,-4.25358,0.0920343,4.12666,4.11777,4.13473,-0.43968,0.624835,5.88202,3.33422,6.05352,5.90747
46,1495,2,1483,0.0468766,-5.16677,0.0919289,5.02408,5.00741,5.05039,-0.793103,0.581697,6.29768,3.18934,6.3309,5.84045
48.5,1500,0,1488,0.0224111,-4.51153,0.0925332,4.36685,4.36181,4.37766,-0.69162,0.566914,6.50012,3.24269,6.6008,6.61427
48.5,1500,1,1488,0.0355303,-4.2716,0.0918996,4.15096,4.18024,4.17729,-0.864395,0.561309,5.9132,3.35159,6.05185,5.88398
48.5,1500,2,1488,0.0309795,-5.2369,0.0917922,5.12881,5.15724,5.19017,-0.964917,0.542871,6.44089,3.22573,6.32926,5.82944
51,1505,0,1493,0.0314655,-4.55144,0.0923976,4.45727,4.44018,4.43642,-0.543656,0.612334,6.73122,3.53168,6.60073,6.61694
51,1505,1,1493,0.0333573,-4.26587,0.0917625,4.17038,4.16731,4.12505,-0.78087,0.623672,5.9952,3.25858,6.04916,5.89527
51,1505,2,1493,0.0429642,-5.25391,0.0916549,5.1552,5.12401,5.10166,-0.976499,0.607054,6.41184,3.15466,6.32723,5.82786
53.5,1510,0,1498,0.0213777,-4.47596,0.0922622,4.40526,4.36896,4.38731,-0.814333,0.540849,6.37785,3.37875,6.60405,6.61953
53.5,1510,1,1498,0.0482063,-4.33998,0.0916232,4.26331,4.20542,4.27281,-0.667275,0.557493,6.05505,3.34345,6.05061,5.88758
53.5,1510,2,1498,0.0244747,-5.24185,0.0915179,5.13889,5.15086,5.16081,-1.16943,0.540219,6.47249,2.99722,6.32678,5.83829
56,1515,0,1503,0.0753494,-4.55064,0.0921254,4.46071,4.45952,4.4737,-0.707625,0.5891,6.44584,3.55171,6.60068,6.61563
56,1515,1,1503,0.0617189,-4.31066,0.0914846,4.19977,4.18387,4.14497,-0.678137,0.605249,5.98032,3.13166,6.05253,5.89012
56,1515,2,1503,0.0370508,-5.23325,0.0913796,5.11797,5.12535,5.0901,-1.01306,0.549856,6.35085,3.36377,6.32567,5.8807
58.5,1520,0,1508,0.0315818,-4.5579,0.0919882,4.49231,4.51623,4.48104,-0.718009,0.590108,6.88785,3.62042,6.60275,6.61121
58.5,1520,1,1508,0.0593713,-4.31757,0.0913486,4.23988,4.15502,4.20692,-0.700876,0.599281,6.01164,3.27517,6.04813,5.91415
58.5,1520,2,1508,0.0503273,-5.30492,0.0912414,5.18041,5.17465,5.20558,-1.03761,0.559294,6.40425,3.29935,6.32372,5.8832
2.5,1525,0,1512,0.208071,-4.46595,0.0918501,4.48283,4.35463,4.42093,-0.833972,0.556912,6.51951,3.72373,6.595,6.62764
2.5,1525,1,1512,0.162204,-4.23763,0.0912125,4.21059,4.13934,4.11146,-0.643003,0.586369,5.84892,3.16521,6.04351,5.92444
2.5,1525,2,1512,0.184217,-5.26293,0.0911047,5.17031,5.11685,5.12926,-0.788194,0.606902,6.10607,3.53615,6.31758,5.8836
5,1530,0,1517,0.0207114,-4.62366,0.0917115,4.55703,4.51312,4.55844,-0.699991,0.602821,6.48921,3.31748,6.5801,6.60624
5,1530,1,1517,0.0434773,-4.41101,0.0910756,4.29237,4.28966,4.27112,-0.595788,0.618101,6.20747,3.27895,6.04326,5.93568
5,1530,2,1517,0.0309251,-5.31381,0.0909674,5.22531,5.20334,5.21218,-0.968323,0.544647,6.32349,3.08108,6.31439,5.84771
7.5,1535,0,1522,0.0268727,-4.57672,0.0915735,4.5495,4.4999,4.48921,-0.773982,0.601496,6.45594,3.505,6.57333,6.6054
7.5,1535,1,1522,0.0419476,-4.38288,0.0909387,4.29281,4.2726,4.28805,-0.638168,0.594538,5.93738,3.1673,6.0408,5.93388
7.5,1535,2,1522,0.0364543,-5.33866,0.0908296,5.23757,5.23752,5.19258,-0.782648,0.569155,6.34487,3.04916,6.30989,5.8644
10,1540,0,1527,0.119876,-4.57045,0.0914355,4.51774,4.44262,4.48832,-0.769003,0.631748,6.32781,3.33723,6.57177,6.61372
10,1540,1,1527,0.0675692,-4.40687,0.090803,4.29189,4.3046,4.31245,-0.970692,0.567018,5.95063,3.37656,6.03904,5.92968
10,1540,2,1527,0.119595,-5.29257,0.0906933,5.24344,5.17747,5.18122,-0.920791,0.554752,6.44451,3.39939,6.31249,5.84846
12.5,1545,0,1532,0.0266225,-4.63409,0.0912971,4.55547,4.56252,4.55121,-0.666929,0.612759,6.52404,3.25987,6.57014,6.59455
12.5,1545,1,1532,0.0284194,-4.39288,0.0906686,4.30344,4.29604,4.28038,-0.393264,0.618195,6.24319,3.3939,6.04396,5.91664
12.5,1545,2,1532,0.0329704,-5.45018,0.0905569,5.27048,5.29479,5.32521,-0.89583,0.555491,6.55856,3.15899,6.31133,5.83356
15,1550,0,1537,0.0244677,-4.66092,0.0911599,4.57578,4.54119,4.58916,-0.77704,0.552002,6.68048,3.44132,6.56734,6.59278
15,1550,1,1537,0.0459983,-4.41985,0.0905367,4.29657,4.30299,4.32175,-0.757778,0.606598,5.92695,3.2222,6.04783,5.92404
15,1550,2,1537,0.0325673,-5.3483,0.0904217,5.29594,5.26976,5.25282,-0.726725,0.601113,6.35954,3.24782,6.31278,5.82778
17.5,1555,0,1542,0.0218076,-4.68506,0.0910242,4.61199,4.62657,4.60207,-0.779971,0.600902,6.63851,3.44328,6.57233,6.58782
17.5,1555,1,1542,0.0300138,-4.40252,0.0904015,4.29743,4.25731,4.28262,-0.759514,0.569296,6.12479,3.15333,6.04917,5.91752
17.5,1555,2,1542,0.0230763,-5.43291,0.0902893,5.32268,5.31054,5.32059,-0.884525,0.549322,6.28333,3.27247,6.3086,5.80579
20,1560,0,1547,0.025319,-4.64429,0.0908893,4.63073,4.62442,4.57337,-0.735171,0.575228,6.58475,3.33367,6.5732,6.59734
20,1560,1,1547,0.035973,-4.46356,0.0902648,4.33633,4.36174,4.36755,-0.649229,0.582006,6.10052,3.27874,6.05072,5.92908
20,1560,2,1547,0.0250292,-5.41181,0.0901574,5.31282,5.28391,5.3127,-0.823006,0.552341,6.50299,3.10779,6.3096,5.79489
22.5,1565,0,1552,0.0225746,-4.71587,0.0907565,4.61948,4.60519,4.62133,-0.817903,0.63609,6.53277,3.48381,6.57509,6.59737
22.5,1565,1,1552,0.0505437,-4.43656,0.0901281,4.34374,4.2993,4.31826,-0.659378,0.607409,6.08568,3.34507,6.04995,5.92589
22.5,1565,2,1552,0.0385504,-5.5043,0.0900234,5.37492,5.40955,5.3831,-0.944839,0.527496,6.29437,2.94735,6.30761,5.76616
25,1570,0,1557,0.0291148,-4.6839,0.0906229,4.6697,4.6285,4.62334,-0.690045,0.627646,6.45481,3.41657,6.57454,6.61342
25,1570,1,1557,0.0385324,-4.495,0.0899919,4.33793,4.31421,4.32946,-0.678777,0.618801,6.27927,3.36841,6.05471,5.91856
25,1570,2,1557,0.0354824,-5.4407,0.0898872,5.35199,5.36853,5.36602,-0.89195,0.582264,6.59448,3.44844,6.31294,5.77951
27.5,1575,0,1562,0.0379496,-4.71844,0.0904894,4.63761,4.64011,4.65938,-0.84789,0.579148,6.53606,3.52902,6.57465,6.6268
27.5,1575,1,1562,0.0481756,-4.46904,0.0898576,4.35701,4.35267,4.34049,-0.529551,0.593266,6.21352,3.36394,6.05402,5.9111
27.5,1575,2,1562,0.0383725,-5.47616,0.0897497,5.35335,5.33842,5.3577,-0.993605,0.54811,6.22803,3.02243,6.31379,5.77504
30,1580,0,1567,0.0300006,-4.72803,0.0903539,4.67807,4.6752,4.65133,-0.766957,0.570706,6.56825,3.41809,6.57043,6.65446
30,1580,1,1567,0.0322786,-4.47401,0.0897253,4.3554,4.3926,4.38363,-0.427845,0.633981,6.19767,3.31444,6.0494,5.93147
30,1580,2,1567,0.0317972,-5.47069,0.089612,5.37217,5.39595,5.39229,-0.983203,0.598209,6.26218,2.99261,6.30749,5.78883
32.5,1585,0,1572,0.0288896,-4.78716,0.0902184,4.66332,4.67993,4.68437,-0.776088,0.584842,6.70656,3.43255,6.56743,6.64103
32.5,1585,1,1572,0.0319699,-4.50818,0.0895945,4.3506,4.33739,4.37517,-0.759044,0.582361,6.09539,3.1566,6.05144,5.92316
32.5,1585,2,1572,0.0448288,-5.5379,0.0894746,5.44251,5.41287,5.39618,-0.714746,0.589005,6.40703,3.14912,6.3084,5.77513
35,1590,0,1577,0.0216951,-4.78104,0.0900825,4.71431,4.69099,4.69397,-0.72285,0.587143,6.56394,3.28433,6.5646,6.61275
35,1590,1,1577,0.027121,-4.49691,0.0894618,4.38976,4.38695,4.39821,-0.734629,0.605465,6.17366,3.19645,6.05746,5.88587
35,1590,2,1577,0.0308564,-5.50796,0.0893385,5.40019,5.40321,5.46093,-0.973358,0.544546,6.26561,3.12842,6.31046,5.75544
37.5,1595,0,1582,0.0207084,-4.79749,0.0899489,4.71033,4.69867,4.69826,-0.698031,0.616368,6.66421,3.37914,6.5706,6.59231
37.5,1595,1,1582,0.0346296,-4.59785,0.0893275,4.48194,4.50028,4.50826,-0.771507,0.580761,6.34535,3.30446,6.05912,5.86804
37.5,1595,2,1582,0.0272402,-5.5602,0.0892028,5.45658,5.44162,5.39456,-0.806141,0.564926,6.23237,2.8834,6.30865,5.73025
40,1600,0,1587,0.119496,-4.72341,0.0898165,4.69573,4.63491,4.67051,-0.619974,0.621285,6.27963,3.43263,6.56764,6.60257
40,1600,1,1587,0.108082,-4.52492,0.0891934,4.46422,4.45361,4.42214,-0.88766,0.545562,6.29111,3.29924,6.05849,5.88031
40,1600,2,1587,0.166343,-5.53979,0.0890699,5.46457,5.42176,5.4819,-0.899011,0.588731,6.19543,3.27367,6.30146,5.71537
42.5,1605,0,1592,0.0244232,-4.84945,0.0896856,4.74476,4.77221,4.76249,-0.908472,0.607882,6.44446,3.3481,6.56338,6.59521
42.5,1605,1,1592,0.0314487,-4.59382,0.0890574,4.47726,4.48794,4.4817,-0.632791,0.601935,6.22552,3.13807,6.05493,5.88004
42.5,1605,2,1592,0.0441258,-5.50589,0.0889375,5.4761,5.43007,5.36803,-0.977771,0.558014,6.54796,3.19698,6.30265,5.71344
45,1610,0,1597,0.0296938,-4.79822,0.0895528,4.77645,4.73015,4.72885,-0.842609,0.587445,6.79204,3.66981,6.56869,6.5937
45,1610,1,1597,0.0311681,-4.59248,0.0889234,4.46724,4.49871,4.50016,-0.736065,0.611789,5.95365,3.18578,6.05459,5.88845
45,1610,2,1597,0.0290671,-5.65592,0.0888031,5.49798,5.53665,5.56068,-0.972532,0.518084,6.24011,3.23143,6.29919,5.72348
47.5,1615,0,1602,0.0253606,-4.86298,0.0894173,4.77317,4.79612,4.80229,-0.667404,0.600764,6.64763,3.32639,6.56525,6.58696
47.5,1615,1,1602,0.0376939,-4.59786,0.0887908,4.45648,4.48154,4.49337,-0.599138,0.586191,6.10396,3.1836,6.05193,5.87082
47.5,1615,2,1602,0.0303043,-5.62492,0.0886669,5.53407,5.51888,5.5177,-1.03277,0.554354,6.54161,3.30964,6.30356,5.711
50,1620,0,1607,0.0254373,-4.84059,0.0892831,4.71093,4.7181,4.70392,-0.850879,0.552585,6.4619,3.37195,6.55358,6.59784
50,1620,1,1607,0.03442,-4.64714,0.0886615,4.55988,4.59123,4.58483,-0.844491,0.600874,5.89678,3.17138,6.05214,5.901
50,1620,2,1607,0.0308457,-5.64795,0.0885308,5.56782,5.56177,5.55121,-0.835996,0.556514,6.5053,3.58841,6.30404,5.75123
52.5,1625,0,1612,0.0326628,-4.9389,0.0891494,4.82323,4.8741,4.8722,-0.675957,0.608888,6.60748,3.45804,6.55519,6.60534
52.5,1625,1,1612,0.034224,-4.65703,0.0885287,4.50534,4.53107,4.49977,-0.654532,0.582499,6.19308,3.5815,6.05051,5.89114
52.5,1625,2,1612,0.0282135,-5.65079,0.0883963,5.55301,5.55865,5.55729,-1.04223,0.520676,6.49279,3.45545,6.30693,5.75451
55,1630,0,1617,0.0248358,-4.84335,0.0890147,4.79006,4.73982,4.75106,-0.764767,0.591542,6.67912,3.66878,6.55847,6.57816
55,1630,1,1617,0.0357662,-4.61231,0.0883958,4.56615,4.50682,4.52684,-0.663616,0.606682,6.02579,3.14429,6.04956,5.87317
55,1630,2,1617,0.0432406,-5.6984,0.0882615,5.57969,5.55561,5.57053,-0.900837,0.594879,6.15007,3.04973,6.30553,5.75722
57.5,1635,0,1622,0.0917485,-4.89374,0.0888797,4.80567,4.84381,4.85101,-0.572135,0.62065,6.65521,3.86352,6.56101,6.59382
57.5,1635,1,1622,0.0759018,-4.66717,0.0882632,4.52231,4.59865,4.56973,-0.746007,0.557831,5.92464,3.41607,6.05218,5.89905
57.5,1635,2,1622,0.163026,-5.62612,0.0881275,5.56239,5.48493,5.50961,-0.899591,0.543169,5.98305,3.32839,6.30691,5.76486
