time_s,step,cellId,cio_l2_change,max_cio_change,txp_raw_curr,txp_raw_prev,txp_raw_change,txp_dBm_curr,txp_dBm_prev,ue_count_prev,ue_count_curr,ue_count_change,reward_prev,reward_curr,reward_change,consecutive_stagnant_steps,cio_stagnant,txp_stagnant,is_stagnant
2,1741,1,-1,-1,0.75795,0.75795,-1,35.0318,35.0318,13,13,0,0.871685,0.871685,0,0,0,0,0
2,1741,2,-1,-1,0.525629,0.525629,-1,34.1025,34.1025,8,8,0,0.760837,0.760837,0,0,0,0,0
2,1741,3,-1,-1,0.719376,0.719376,-1,34.8775,34.8775,9,9,0,0.64899,0.64899,0,0,0,0,0
3,1742,1,0.0327109,0.0327109,0.776575,0.75795,0.0186251,35.1063,35.0318,13,6,-7,0.871685,1.20481,0.333128,0,0,1,0
3,1742,2,0.208186,0.208186,0.307924,0.525629,0.217705,33.2317,34.1025,8,16,8,0.760837,0.455583,0.305254,0,0,0,0
3,1742,3,0.000668943,0.000668943,0.769172,0.719376,0.0497961,35.0767,34.8775,9,8,-1,0.64899,0.655321,0.00633173,0,1,0,0
4,1743,1,0.0111581,0.0111581,0.775512,0.776575,0.00106311,35.102,35.1063,6,7,1,1.20481,1.11088,0.0939301,0,1,1,0
4,1743,2,0.00853741,0.00853741,0.379142,0.307924,0.0712181,33.5166,33.2317,16,16,0,0.455583,0.451636,0.0039464,0,1,0,0
4,1743,3,0.00923717,0.00923717,0.786814,0.769172,0.017642,35.1473,35.0767,8,7,-1,0.655321,0.751171,0.0958493,0,1,1,0
5,1744,1,0.00250208,0.00250208,0.778111,0.775512,0.002599,35.1124,35.102,7,7,0,1.11088,1.06707,0.0438128,0,1,1,0
5,1744,2,0.0221862,0.0221862,0.364572,0.379142,0.0145706,33.4583,33.5166,16,17,1,0.451636,0.425158,0.0264781,0,0,1,0
5,1744,3,0.00209326,0.00209326,0.796542,0.786814,0.00972784,35.1862,35.1473,7,6,-1,0.751171,0.862373,0.111202,0,1,1,0
6,1745,1,0.0280289,0.0280289,0.765034,0.778111,0.0130767,35.0601,35.1124,7,12,5,1.06707,0.892466,0.174603,0,0,1,0
6,1745,2,0.327755,0.327755,0.632706,0.364572,0.268134,34.5308,33.4583,17,6,-11,0.425158,0.794962,0.369803,0,0,0,0
6,1745,3,0.0642679,0.0642679,0.707363,0.796542,0.0891786,34.8295,35.1862,6,12,6,0.862373,0.666394,0.195978,0,0,0,0
7,1746,1,0.0294825,0.0294825,0.761417,0.765034,0.00361681,35.0457,35.0601,12,8,-4,0.892466,1.09039,0.197928,0,0,1,0
7,1746,2,0.304246,0.304246,0.314927,0.632706,0.317779,33.2597,34.5308,6,16,10,0.794962,0.520248,0.274713,0,0,0,0
7,1746,3,0.0732067,0.0732067,0.796198,0.707363,0.0888351,35.1848,34.8295,12,6,-6,0.666394,0.810915,0.144521,0,0,0,0
8,1747,1,0.0269433,0.0269433,0.768606,0.761417,0.00718862,35.0744,35.0457,8,11,3,1.09039,0.977823,0.112571,0,0,1,0
8,1747,2,0.238941,0.238941,0.584413,0.314927,0.269485,34.3377,33.2597,16,7,-9,0.520248,0.806211,0.285963,0,0,0,0
8,1747,3,0.0577013,0.0577013,0.695496,0.796198,0.100702,34.782,35.1848,6,12,6,0.810915,0.658047,0.152868,0,0,0,0
9,1748,1,0.0423163,0.0423163,0.736466,0.768606,0.0321401,34.9459,35.0744,11,8,-3,0.977823,1.13606,0.15824,0,0,0,0
9,1748,2,0.246912,0.246912,0.326216,0.584413,0.258197,33.3049,34.3377,7,16,9,0.806211,0.573879,0.232333,0,0,0,0
9,1748,3,0.0614372,0.0614372,0.796618,0.695496,0.101122,35.1865,34.782,12,6,-6,0.658047,0.813856,0.155809,0,0,0,0
10,1749,1,0.025924,0.025924,0.753411,0.736466,0.0169446,35.0136,34.9459,8,9,1,1.13606,1.07668,0.0593837,0,0,1,0
10,1749,2,0.0038743,0.0038743,0.397442,0.326216,0.0712267,33.5898,33.3049,16,15,-1,0.573879,0.629676,0.0557973,0,1,0,0
10,1749,3,0.00592911,0.00592911,0.78638,0.796618,0.0102381,35.1455,35.1865,6,6,0,0.813856,0.892682,0.0788256,0,1,1,0
11,1750,1,0.0252792,0.0252792,0.775681,0.753411,0.0222706,35.1027,35.0136,9,11,2,1.07668,1.03505,0.0416291,0,0,0,0
11,1750,2,0.247113,0.247113,0.600864,0.397442,0.203422,34.4035,33.5898,15,7,-8,0.629676,0.864994,0.235318,0,0,0,0
11,1750,3,0.111003,0.111003,0.674124,0.78638,0.112256,34.6965,35.1455,6,12,6,0.892682,0.663949,0.228733,0,0,0,0
12,1751,1,0.0639654,0.0639654,0.736815,0.775681,0.0388662,34.9473,35.1027,11,8,-3,1.03505,1.20552,0.170469,0,0,0,0
12,1751,2,0.222692,0.222692,0.394268,0.600864,0.206596,33.5771,34.4035,7,15,8,0.864994,0.574852,0.290142,0,0,0,0
12,1751,3,0.101048,0.101048,0.76643,0.674124,0.0923057,35.0657,34.6965,12,7,-5,0.663949,0.78861,0.124661,0,0,0,0
13,1752,1,0.0347012,0.0347012,0.755309,0.736815,0.018494,35.0212,34.9473,8,9,1,1.20552,1.10711,0.0984053,0,0,1,0
13,1752,2,0.029621,0.029621,0.405204,0.394268,0.0109358,33.6208,33.5771,15,13,-2,0.574852,0.694785,0.119933,0,0,1,0
13,1752,3,0.00594789,0.00594789,0.72592,0.76643,0.0405099,34.9037,35.0657,7,8,1,0.78861,0.809732,0.0211219,0,1,0,0
14,1753,1,0.0350091,0.0350091,0.776502,0.755309,0.0211935,35.106,35.0212,9,11,2,1.10711,1.03969,0.0674259,0,0,0,0
14,1753,2,0.0583262,0.0583262,0.431079,0.405204,0.0258757,33.7243,33.6208,13,10,-3,0.694785,0.778775,0.0839896,0,0,0,0
14,1753,3,0.0177165,0.0177165,0.727042,0.72592,0.00112271,34.9082,34.9037,8,9,1,0.809732,0.720634,0.0890973,0,1,1,0
15,1754,1,0.0265825,0.0265825,0.752145,0.776502,0.0243571,35.0086,35.106,11,11,0,1.03969,1.05003,0.0103392,0,0,0,0
15,1754,2,0.0419308,0.0419308,0.418101,0.431079,0.0129784,33.6724,33.7243,10,10,0,0.778775,0.781886,0.0031112,0,0,1,0
15,1754,3,0.0104262,0.0104262,0.732407,0.727042,0.00536448,34.9296,34.9082,9,9,0,0.720634,0.728872,0.0082376,0,1,1,1
16,1755,1,0.0332912,0.0332912,0.755354,0.752145,0.00320834,35.0214,35.0086,11,7,-4,1.05003,1.22535,0.175326,0,0,1,0
16,1755,2,0.141826,0.141826,0.370131,0.418101,0.04797,33.4805,33.6724,10,15,5,0.781886,0.670614,0.111272,0,0,0,0
16,1755,3,0.0269937,0.0269937,0.745004,0.732407,0.0125973,34.98,34.9296,9,8,-1,0.728872,0.73768,0.00880773,0,0,1,0
17,1756,1,0.0332803,0.0332803,0.775518,0.755354,0.0201645,35.1021,35.0214,7,9,2,1.22535,1.12203,0.103319,0,0,0,0
17,1756,2,0.00559038,0.00559038,0.380774,0.370131,0.0106432,33.5231,33.4805,15,13,-2,0.670614,0.715954,0.0453403,0,1,1,0
17,1756,3,0.00425166,0.00425166,0.72,0.745004,0.0250041,34.88,34.98,8,8,0,0.73768,0.771373,0.0336928,0,1,0,0
18,1757,1,0.0285166,0.0285166,0.744737,0.775518,0.0307814,34.9789,35.1021,9,8,-1,1.12203,1.16852,0.0464893,0,0,0,0
18,1757,2,0.0271129,0.0271129,0.390821,0.380774,0.0100471,33.5633,33.5231,13,13,0,0.715954,0.725733,0.0097792,0,0,1,0
18,1757,3,0.0167968,0.0167968,0.697391,0.72,0.0226088,34.7896,34.88,8,9,1,0.771373,0.715636,0.0557365,0,1,0,0
19,1758,1,0.00646156,0.00646156,0.759879,0.744737,0.0151426,35.0395,34.9789,8,8,0,1.16852,1.20086,0.0323384,0,1,1,0
19,1758,2,0.0135308,0.0135308,0.371383,0.390821,0.0194384,33.4855,33.5633,13,14,1,0.725733,0.736677,0.0109443,0,1,1,0
19,1758,3,0.0082103,0.0082103,0.694884,0.697391,0.00250745,34.7795,34.7896,9,8,-1,0.715636,0.782759,0.0671229,0,1,1,0
20,1759,1,0.0326632,0.0326632,0.748439,0.759879,0.0114402,34.9938,35.0395,8,12,4,1.20086,1.02027,0.180594,0,0,1,0
20,1759,2,0.180557,0.180557,0.561926,0.371383,0.190543,34.2477,33.4855,14,8,-6,0.736677,0.921045,0.184367,0,0,0,0
20,1759,3,0.0224323,0.0224323,0.677592,0.694884,0.017292,34.7104,34.7795,8,10,2,0.782759,0.714094,0.0686651,0,0,1,0
21,1760,1,0.00642163,0.00642163,0.776582,0.748439,0.0281428,35.1063,34.9938,12,10,-2,1.02027,1.09509,0.0748171,0,1,0,0
21,1760,2,0.143217,0.143217,0.514415,0.561926,0.047511,34.0577,34.2477,8,10,2,0.921045,0.937599,0.0165549,0,0,0,0
21,1760,3,0.027868,0.027868,0.724508,0.677592,0.0469166,34.898,34.7104,10,10,0,0.714094,0.704591,0.0095032,0,0,0,0
22,1761,1,0.0381753,0.0381753,0.740295,0.776582,0.0362872,34.9612,35.1063,10,9,-1,1.09509,1.10973,0.0146493,0,0,0,0
22,1761,2,0.120431,0.120431,0.336762,0.514415,0.177653,33.347,34.0577,10,16,6,0.937599,0.755049,0.18255,0,0,0,0
22,1761,3,0.121103,0.121103,0.816997,0.724508,0.0924886,35.268,34.898,10,5,-5,0.704591,0.78391,0.0793197,0,0,0,0
23,1762,1,0.00688404,0.00688404,0.744247,0.740295,0.00395232,34.977,34.9612,9,11,2,1.10973,1.07375,0.0359867,0,1,1,0
23,1762,2,0.217348,0.217348,0.598308,0.336762,0.261546,34.3932,33.347,16,8,-8,0.755049,0.906344,0.151295,0,0,0,0
23,1762,3,0.165982,0.165982,0.724412,0.816997,0.0925853,34.8976,35.268,5,11,6,0.78391,0.735821,0.0480899,0,0,0,0
24,1763,1,0.0134013,0.0134013,0.766373,0.744247,0.0221257,35.0655,34.977,11,9,-2,1.07375,1.14088,0.0671331,0,1,0,0
24,1763,2,0.108042,0.108042,0.429241,0.598308,0.169067,33.717,34.3932,8,12,4,0.906344,0.853144,0.0531997,0,0,0,0
24,1763,3,0.0707428,0.0707428,0.690474,0.724412,0.0339381,34.7619,34.8976,11,9,-2,0.735821,0.765386,0.0295651,0,0,0,0
25,1764,1,0.0055123,0.0055123,0.747338,0.766373,0.0190343,34.9894,35.0655,9,12,3,1.14088,1.06845,0.0724352,0,1,1,0
25,1764,2,0.0330476,0.0330476,0.435078,0.429241,0.00583667,33.7403,33.717,12,11,-1,0.853144,0.841937,0.0112067,0,0,1,0
25,1764,3,0.0264048,0.0264048,0.763445,0.690474,0.0729715,35.0538,34.7619,9,7,-2,0.765386,0.825283,0.0598979,0,0,0,0
26,1765,1,0.0239343,0.0239343,0.7604,0.747338,0.0130618,35.0416,34.9894,12,8,-4,1.06845,1.18211,0.113669,0,0,1,0
26,1765,2,0.000462353,0.000462353,0.491142,0.435078,0.0560638,33.9646,33.7403,11,10,-1,0.841937,0.849321,0.00738373,0,1,0,0
26,1765,3,0.113621,0.113621,0.763828,0.763445,0.000382543,35.0553,35.0538,7,12,5,0.825283,0.733439,0.0918443,0,0,1,0
27,1766,1,0.0204515,0.0204515,0.748863,0.7604,0.0115373,34.9955,35.0416,8,7,-1,1.18211,1.22614,0.0440253,0,0,1,0
27,1766,2,0.00406802,0.00406802,0.415125,0.491142,0.0760165,33.6605,33.9646,10,11,1,0.849321,0.814809,0.0345117,0,1,0,0
27,1766,3,0.0109615,0.0109615,0.721677,0.763828,0.0421506,34.8867,35.0553,12,12,0,0.733439,0.695315,0.038124,0,1,0,0
28,1767,1,0.0367183,0.0367183,0.750388,0.748863,0.00152534,35.0016,34.9955,7,11,4,1.22614,1.05297,0.173169,0,0,1,0
28,1767,2,0.00977135,0.00977135,0.379834,0.415125,0.0352915,33.5193,33.6605,11,12,1,0.814809,0.842527,0.0277179,0,1,0,0
28,1767,3,0.116665,0.116665,0.759567,0.721677,0.0378901,35.0383,34.8867,12,7,-5,0.695315,0.861431,0.166115,0,0,0,0
29,1768,1,0.000591457,0.000591457,0.745628,0.750388,0.00475997,34.9825,35.0016,11,12,1,1.05297,1.09184,0.0388659,0,1,1,0
29,1768,2,0.00140417,0.00140417,0.513154,0.379834,0.133321,34.0526,33.5193,12,10,-2,0.842527,0.811851,0.0306757,0,1,0,0
29,1768,3,0.0369812,0.0369812,0.756725,0.759567,0.00284177,35.0269,35.0383,7,8,1,0.861431,0.844481,0.0169501,0,0,1,0
30,1769,1,0.000507593,0.000507593,0.759148,0.745628,0.0135193,35.0366,34.9825,12,9,-3,1.09184,1.10134,0.0094992,0,1,1,1
30,1769,2,0.0372466,0.0372466,0.407088,0.513154,0.106067,33.6284,34.0526,10,12,2,0.811851,0.906201,0.0943493,0,0,0,0
30,1769,3,0.0120909,0.0120909,0.731367,0.756725,0.0253586,34.9255,35.0269,8,9,1,0.844481,0.828949,0.0155317,0,1,0,0
31,1770,1,0.0172549,0.0172549,0.763819,0.759148,0.00467181,35.0553,35.0366,9,11,2,1.10134,1.15739,0.0560501,0,1,1,0
31,1770,2,0.0562435,0.0562435,0.403099,0.407088,0.00398913,33.6124,33.6284,12,11,-1,0.906201,0.838625,0.0675755,0,0,1,0
31,1770,3,0.0367159,0.0367159,0.70868,0.731367,0.0226865,34.8347,34.9255,9,8,-1,0.828949,0.843477,0.0145277,0,0,0,0
32,1771,1,0.0103472,0.0103472,0.784529,0.763819,0.0207093,35.1381,35.0553,11,10,-1,1.15739,1.15868,0.00129653,0,1,0,0
32,1771,2,0.010477,0.010477,0.361735,0.403099,0.0413635,33.4469,33.6124,11,12,1,0.838625,0.81619,0.0224349,0,1,0,0
32,1771,3,0.0108308,0.0108308,0.691589,0.70868,0.0170916,34.7664,34.8347,8,8,0,0.843477,0.838732,0.0047448,0,1,1,1
33,1772,1,0.0117285,0.0117285,0.762282,0.784529,0.0222465,35.0491,35.1381,10,11,1,1.15868,1.13261,0.0260701,0,1,0,0
33,1772,2,0.0312727,0.0312727,0.378418,0.361735,0.0166832,33.5137,33.4469,12,11,-1,0.81619,0.801164,0.0150267,0,0,1,0
33,1772,3,0.00837094,0.00837094,0.708586,0.691589,0.0169972,34.8343,34.7664,8,8,0,0.838732,0.852045,0.0133128,0,1,1,0
34,1773,1,0.0229229,0.0229229,0.750455,0.762282,0.0118272,35.0018,35.0491,11,9,-2,1.13261,1.14133,0.00871707,0,0,1,0
34,1773,2,0.00574881,0.00574881,0.403907,0.378418,0.0254883,33.6156,33.5137,11,11,0,0.801164,0.842338,0.0411744,0,1,0,0
34,1773,3,0.0392279,0.0392279,0.670721,0.708586,0.0378644,34.6829,34.8343,8,10,2,0.852045,0.793943,0.0581011,0,0,0,0
35,1774,1,0.00726116,0.00726116,0.734148,0.750455,0.0163068,34.9366,35.0018,9,10,1,1.14133,1.08793,0.0534005,0,1,1,0
35,1774,2,0.0333692,0.0333692,0.443329,0.403907,0.0394222,33.7733,33.6156,11,10,-1,0.842338,0.862453,0.0201149,0,0,0,0
35,1774,3,0.000297248,0.000297248,0.670951,0.670721,0.000229895,34.6838,34.6829,10,10,0,0.793943,0.792248,0.0016952,0,1,1,1
36,1775,1,0.00178069,0.00178069,0.784492,0.734148,0.0503435,35.138,34.9366,10,8,-2,1.08793,1.07503,0.0129005,0,1,0,0
36,1775,2,0.117655,0.117655,0.358176,0.443329,0.0851531,33.4327,33.7733,10,14,4,0.862453,0.775312,0.0871413,0,0,0,0
36,1775,3,0.0301075,0.0301075,0.726462,0.670951,0.0555107,34.9058,34.6838,10,8,-2,0.792248,0.867511,0.0752627,0,0,0,0
37,1776,1,0.00264627,0.00264627,0.750136,0.784492,0.0343561,35.0005,35.138,8,9,1,1.07503,1.13909,0.0640635,0,1,0,0
37,1776,2,0.0602061,0.0602061,0.434078,0.358176,0.0759019,33.7363,33.4327,14,11,-3,0.775312,0.86277,0.0874584,0,0,0,0
37,1776,3,0.0345188,0.0345188,0.723903,0.726462,0.00255936,34.8956,34.9058,8,10,2,0.867511,0.748532,0.118979,0,0,1,0
38,1777,1,0.00975716,0.00975716,0.757934,0.750136,0.00779879,35.0317,35.0005,9,9,0,1.13909,1.07261,0.066484,0,1,1,0
38,1777,2,0.0327322,0.0327322,0.401398,0.434078,0.0326797,33.6056,33.7363,11,12,1,0.86277,0.877458,0.0146883,0,0,0,0
38,1777,3,0.028743,0.028743,0.713347,0.723903,0.0105553,34.8534,34.8956,10,9,-1,0.748532,0.781078,0.0325453,0,0,1,0
39,1778,1,0.00295991,0.00295991,0.755565,0.757934,0.00236946,35.0223,35.0317,9,9,0,1.07261,1.0436,0.0290136,0,1,1,0
39,1778,2,0.032266,0.032266,0.437042,0.401398,0.0356442,33.7482,33.6056,12,12,0,0.877458,0.875642,0.0018168,0,0,0,0
39,1778,3,0.00954115,0.00954115,0.713126,0.713347,0.000220895,34.8525,34.8534,9,9,0,0.781078,0.789294,0.008216,0,1,1,1
40,1779,1,0.00633776,0.00633776,0.782541,0.755565,0.0269763,35.1302,35.0223,9,7,-2,1.0436,1.05785,0.0142547,0,1,0,0
40,1779,2,0.0579083,0.0579083,0.341063,0.437042,0.0959795,33.3643,33.7482,12,15,3,0.875642,0.862871,0.0127704,0,0,0,0
40,1779,3,0.01397,0.01397,0.758029,0.713126,0.0449021,35.0321,34.8525,9,8,-1,0.789294,0.851785,0.0624909,0,1,0,0
41,1780,1,0.00415117,0.00415117,0.742333,0.782541,0.0402079,34.9693,35.1302,7,13,6,1.05785,0.835017,0.222833,0,1,0,0
41,1780,2,0.275018,0.275018,0.665969,0.341063,0.324906,34.6639,33.3643,15,7,-8,0.862871,1.08803,0.225155,0,0,0,0
41,1780,3,0.00534123,0.00534123,0.699201,0.758029,0.0588278,34.7968,35.0321,8,10,2,0.851785,0.773054,0.0787307,0,1,0,0
42,1781,1,0.0155525,0.0155525,0.763761,0.742333,0.0214282,35.055,34.9693,13,10,-3,0.835017,0.865167,0.0301504,0,1,0,0
42,1781,2,0.109283,0.109283,0.526856,0.665969,0.139112,34.1074,34.6639,7,10,3,1.08803,1.08824,0.0002168,0,0,0,0
42,1781,3,0.0243002,0.0243002,0.747866,0.699201,0.0486652,34.9915,34.7968,10,10,0,0.773054,0.775334,0.00228,0,0,0,0
43,1782,1,0.0276893,0.0276893,0.74842,0.763761,0.0153411,34.9937,35.055,10,9,-1,0.865167,0.904217,0.0390493,0,0,1,0
43,1782,2,0.0507781,0.0507781,0.457391,0.526856,0.069465,33.8296,34.1074,10,11,1,1.08824,0.918818,0.169425,0,0,0,0
43,1782,3,0.0286699,0.0286699,0.697245,0.747866,0.0506215,34.789,34.9915,10,10,0,0.775334,0.808906,0.033572,0,0,0,0
44,1783,1,0.00901616,0.00901616,0.746261,0.74842,0.00215906,34.985,34.9937,9,12,3,0.904217,0.781062,0.123155,0,1,1,0
44,1783,2,0.0740836,0.0740836,0.572854,0.457391,0.115463,34.2914,33.8296,11,9,-2,0.918818,1.0651,0.146284,0,0,0,0
44,1783,3,0.050126,0.050126,0.735974,0.697245,0.0387295,34.9439,34.789,10,9,-1,0.808906,0.869139,0.0602333,0,0,0,0
45,1784,1,0.00427723,0.00427723,0.79005,0.746261,0.0437891,35.1602,34.985,12,8,-4,0.781062,0.897364,0.116302,0,1,0,0
45,1784,2,0.118635,0.118635,0.374583,0.572854,0.198272,33.4983,34.2914,9,13,4,1.0651,0.869618,0.195485,0,0,0,0
45,1784,3,0.0787491,0.0787491,0.753138,0.735974,0.0171641,35.0126,34.9439,9,9,0,0.869139,0.858042,0.0110968,0,0,1,0
46,1785,1,0.0108868,0.0108868,0.750094,0.79005,0.0399563,35.0004,35.1602,8,12,4,0.897364,0.738928,0.158436,0,1,0,0
46,1785,2,0.130717,0.130717,0.560591,0.374583,0.186009,34.2424,33.4983,13,9,-4,0.869618,1.03859,0.168969,0,0,0,0
46,1785,3,0.0577211,0.0577211,0.69105,0.753138,0.0620884,34.7642,35.0126,9,9,0,0.858042,0.90303,0.044988,0,0,0,0
47,1786,1,0.00867498,0.00867498,0.760073,0.750094,0.00997883,35.0403,35.0004,12,13,1,0.738928,0.768325,0.0293971,0,1,1,0
47,1786,2,0.0623414,0.0623414,0.603007,0.560591,0.0424153,34.412,34.2424,9,8,-1,1.03859,1.08727,0.0486877,0,0,0,0
47,1786,3,0.00106812,0.00106812,0.735451,0.69105,0.044401,34.9418,34.7642,9,9,0,0.90303,0.832214,0.0708168,0,1,0,0
48,1787,1,0.0166647,0.0166647,0.748773,0.760073,0.0113003,34.9951,35.0403,13,11,-2,0.768325,0.833661,0.0653363,0,1,1,0
48,1787,2,0.0501614,0.0501614,0.550936,0.603007,0.0520712,34.2037,34.412,8,9,1,1.08727,1.03926,0.0480101,0,0,0,0
48,1787,3,0.0134437,0.0134437,0.732041,0.735451,0.00340962,34.9282,34.9418,9,10,1,0.832214,0.745589,0.0866245,0,1,1,0
49,1788,1,0.00592309,0.00592309,0.760068,0.748773,0.0112951,35.0403,34.9951,11,11,0,0.833661,0.799088,0.0345736,0,1,1,0
49,1788,2,0.0435678,0.0435678,0.568424,0.550936,0.0174882,34.2737,34.2037,9,9,0,1.03926,1.02609,0.0131712,0,0,1,0
49,1788,3,0.0166359,0.0166359,0.730314,0.732041,0.00172746,34.9213,34.9282,10,10,0,0.745589,0.837048,0.0914592,0,1,1,0
50,1789,1,0.0226548,0.0226548,0.770776,0.760068,0.0107087,35.0831,35.0403,11,8,-3,0.799088,0.911001,0.111914,0,0,1,0
50,1789,2,0.157813,0.157813,0.433504,0.568424,0.134919,33.734,34.2737,9,14,5,1.02609,0.880129,0.145964,0,0,0,0
50,1789,3,0.0148149,0.0148149,0.752576,0.730314,0.0222621,35.0103,34.9213,10,8,-2,0.837048,0.858387,0.0213387,0,1,0,0
51,1790,1,3.74317e-05,3.74317e-05,0.716095,0.770776,0.0546817,34.8644,35.0831,8,10,2,0.911001,0.850841,0.0601603,0,1,0,0
51,1790,2,0.111005,0.111005,0.447331,0.433504,0.0138265,33.7893,33.734,14,11,-3,0.880129,1.03278,0.152654,0,0,1,0
51,1790,3,0.00498015,0.00498015,0.700794,0.752576,0.0517815,34.8032,35.0103,8,9,1,0.858387,0.900901,0.0425139,0,1,0,0
52,1791,1,0.0204153,0.0204153,0.715281,0.716095,0.000813425,34.8611,34.8644,10,12,2,0.850841,0.738718,0.112123,0,0,1,0
52,1791,2,0.0759593,0.0759593,0.564031,0.447331,0.1167,34.2561,33.7893,11,9,-2,1.03278,1.09843,0.0656507,0,0,0,0
52,1791,3,0.00935161,0.00935161,0.692029,0.700794,0.00876474,34.7681,34.8032,9,9,0,0.900901,0.89913,0.0017712,0,1,1,1
53,1792,1,0.043274,0.043274,0.749942,0.715281,0.0346602,34.9998,34.8611,12,12,0,0.738718,0.709414,0.029304,0,0,0,0
53,1792,2,0.0253248,0.0253248,0.628077,0.564031,0.0640459,34.5123,34.2561,9,8,-1,1.09843,1.13036,0.0319221,0,0,0,0
53,1792,3,0.0082894,0.0082894,0.696532,0.692029,0.00450277,34.7861,34.7681,9,10,1,0.89913,0.842733,0.0563965,0,1,1,0
54,1793,1,0.0382393,0.0382393,0.750088,0.749942,0.000146151,35.0004,34.9998,12,8,-4,0.709414,0.833384,0.12397,0,0,1,0
54,1793,2,0.180819,0.180819,0.450839,0.628077,0.177237,33.8034,34.5123,8,13,5,1.13036,0.967131,0.163225,0,0,0,0
54,1793,3,0.0121676,0.0121676,0.722534,0.696532,0.0260013,34.8901,34.7861,10,9,-1,0.842733,0.93275,0.0900173,0,1,0,0
55,1794,1,0.00279319,0.00279319,0.717457,0.750088,0.0326306,34.8698,35.0004,8,8,0,0.833384,0.87781,0.0444264,0,1,0,0
55,1794,2,0.0230982,0.0230982,0.454579,0.450839,0.00373921,33.8183,33.8034,13,14,1,0.967131,0.962117,0.00501333,0,0,1,0
55,1794,3,0.0405809,0.0405809,0.727234,0.722534,0.00470018,34.9089,34.8901,9,8,-1,0.93275,0.96711,0.0343597,0,0,1,0
56,1795,1,0.0411244,0.0411244,0.74167,0.717457,0.0242128,34.9667,34.8698,8,10,2,0.87781,0.809776,0.0680339,0,0,0,0
56,1795,2,0.0601426,0.0601426,0.467915,0.454579,0.0133364,33.8717,33.8183,14,12,-2,0.962117,1.01057,0.0484547,0,0,1,0
56,1795,3,0.0266911,0.0266911,0.753934,0.727234,0.0267004,35.0157,34.9089,8,8,0,0.96711,1.02805,0.0609448,0,0,0,0
57,1796,1,0.0513287,0.0513287,0.709604,0.74167,0.0320658,34.8384,34.9667,10,9,-1,0.809776,0.757759,0.0520171,0,0,0,0
57,1796,2,0.0251662,0.0251662,0.489987,0.467915,0.022072,33.9599,33.8717,12,11,-1,1.01057,1.00395,0.00662347,0,0,0,0
57,1796,3,0.0431061,0.0431061,0.676189,0.753934,0.0777456,34.7048,35.0157,8,10,2,1.02805,0.994051,0.0340043,0,0,0,0
58,1797,1,0.0163918,0.0163918,0.736397,0.709604,0.0267926,34.9456,34.8384,9,7,-2,0.757759,0.84025,0.0824907,0,1,0,0
58,1797,2,0.047587,0.047587,0.448737,0.489987,0.0412496,33.7949,33.9599,11,13,2,1.00395,0.982094,0.0218547,0,0,0,0
58,1797,3,0.00078392,0.00078392,0.683748,0.676189,0.00755942,34.735,34.7048,10,10,0,0.994051,0.984477,0.0095736,0,1,1,1
1,1741,1,-1,-1,0.31946,0.31946,-1,33.2778,33.2778,10,10,0,0.604262,0.604262,0,0,0,0,0
1,1741,2,-1,-1,0.177215,0.177215,-1,32.7089,32.7089,11,11,0,0.888073,0.888073,0,0,0,0,0
1,1741,3,-1,-1,0.944688,0.944688,-1,35.7788,35.7788,9,9,0,1.20909,1.20909,0,0,0,0,0
1.5,1742,1,0.295506,0.295506,0.5562,0.31946,0.23674,34.2248,33.2778,10,11,1,0.604262,0.575929,0.0283333,0,0,0,0
1.5,1742,2,0.340091,0.340091,0.550569,0.177215,0.373354,34.2023,32.7089,11,9,-2,0.888073,0.915133,0.0270603,0,0,0,0
1.5,1742,3,0.0498281,0.0498281,0.652508,0.944688,0.29218,34.61,35.7788,9,10,1,1.20909,1.30045,0.0913611,0,0,0,0
2,1743,1,0.816527,0.816527,0.937071,0.5562,0.380872,35.7483,34.2248,11,11,0,0.575929,0.650791,0.0748624,0,0,0,0
2,1743,2,0.128712,0.128712,-0.769611,0.550569,1.32018,28.9216,34.2023,9,10,1,0.915133,0.95503,0.0398971,0,0,0,0
2,1743,3,0.390734,0.390734,0.617755,0.652508,0.0347529,34.471,34.61,10,9,-1,1.30045,1.12082,0.179628,0,0,0,0
2.5,1744,1,0.630231,0.630231,0.412531,0.937071,0.52454,33.6501,35.7483,11,13,2,0.650791,0.751915,0.101124,0,0,0,0
2.5,1744,2,0.179819,0.179819,0.228029,-0.769611,0.997639,32.9121,28.9216,10,7,-3,0.95503,0.762503,0.192526,0,0,0,0
2.5,1744,3,0.11455,0.11455,-0.790153,0.617755,1.40791,28.8394,34.471,9,10,1,1.12082,1.12391,0.00308747,0,0,0,0
3,1745,1,1.5104,1.5104,0.814209,0.412531,0.401678,35.2568,33.6501,13,15,2,0.751915,0.601357,0.150558,0,0,0,0
3,1745,2,1.05639,1.05639,0.918799,0.228029,0.690771,35.6752,32.9121,7,10,3,0.762503,0.914315,0.151811,0,0,0,0
3,1745,3,0.447705,0.447705,0.603776,-0.790153,1.39393,34.4151,28.8394,10,5,-5,1.12391,1.1377,0.0137877,0,0,0,0
3.5,1746,1,0.0485928,0.0485928,0.538581,0.814209,0.275628,34.1543,35.2568,15,12,-3,0.601357,0.629813,0.028456,0,0,0,0
3.5,1746,2,0.803487,0.803487,0.429479,0.918799,0.48932,33.7179,35.6752,10,11,1,0.914315,0.917783,0.00346827,0,0,0,0
3.5,1746,3,0.338812,0.338812,0.561586,0.603776,0.04219,34.2463,34.4151,5,7,2,1.1377,1.28508,0.147382,0,0,0,0
4,1747,1,0.0956187,0.0956187,-0.213604,0.538581,0.752185,31.1456,34.1543,12,11,-1,0.629813,0.660669,0.0308565,0,0,0,0
4,1747,2,0.794714,0.794714,0.828418,0.429479,0.398939,35.3137,33.7179,11,9,-2,0.917783,0.964888,0.0471051,0,0,0,0
4,1747,3,0.953996,0.953996,0.280064,0.561586,0.281522,33.1203,34.2463,7,10,3,1.28508,1.13656,0.148515,0,0,0,0
4.5,1748,1,0.790624,0.790624,0.850236,-0.213604,1.06384,35.4009,31.1456,11,7,-4,0.660669,0.641907,0.0187627,0,0,0,0
4.5,1748,2,0.505103,0.505103,0.848588,0.828418,0.0201697,35.3944,35.3137,9,14,5,0.964888,0.867193,0.0976955,0,0,0,0
4.5,1748,3,0.344878,0.344878,0.79351,0.280064,0.513446,35.174,33.1203,10,9,-1,1.13656,1.16906,0.0324965,0,0,0,0
5,1749,1,0.239105,0.239105,0.946258,0.850236,0.0960219,35.785,35.4009,7,10,3,0.641907,0.655228,0.0133216,0,0,0,0
5,1749,2,0.452401,0.452401,0.846789,0.848588,0.00179905,35.3872,35.3944,14,11,-3,0.867193,0.909757,0.0425648,0,0,1,0
5,1749,3,0.370916,0.370916,0.932597,0.79351,0.139087,35.7304,35.174,9,9,0,1.16906,1.37383,0.20477,0,0,0,0
5.5,1750,1,0.0115756,0.0115756,0.957902,0.946258,0.0116439,35.8316,35.785,10,11,1,0.655228,0.588964,0.0662645,0,1,1,0
5.5,1750,2,0.0810747,0.0810747,0.897986,0.846789,0.0511969,35.5919,35.3872,11,10,-1,0.909757,0.955291,0.0455333,0,0,0,0
5.5,1750,3,0.211034,0.211034,0.509042,0.932597,0.423554,34.0362,35.7304,9,9,0,1.37383,1.22799,0.145843,0,0,0,0
6,1751,1,0.51415,0.51415,0.924626,0.957902,0.0332758,35.6985,35.8316,11,11,0,0.588964,0.61461,0.0256464,0,0,0,0
6,1751,2,0.181642,0.181642,0.801164,0.897986,0.0968215,35.2047,35.5919,10,10,0,0.955291,1.02628,0.0709856,0,0,0,0
6,1751,3,0.24459,0.24459,0.746463,0.509042,0.23742,34.9859,34.0362,9,9,0,1.22799,1.13909,0.088896,0,0,0,0
6.5,1752,1,0.122843,0.122843,0.910882,0.924626,0.0137439,35.6435,35.6985,11,11,0,0.61461,0.623085,0.0084752,0,0,1,0
6.5,1752,2,0.194318,0.194318,0.669464,0.801164,0.1317,34.6779,35.2047,10,10,0,1.02628,0.923068,0.103208,0,0,0,0
6.5,1752,3,0.33891,0.33891,0.82492,0.746463,0.0784576,35.2997,34.9859,9,9,0,1.13909,1.16973,0.0306368,0,0,0,0
7,1753,1,0.1841,0.1841,0.992686,0.910882,0.0818039,35.9707,35.6435,11,10,-1,0.623085,0.652179,0.0290933,0,0,0,0
7,1753,2,0.11618,0.11618,0.601669,0.669464,0.0677951,34.4067,34.6779,10,9,-1,0.923068,0.951682,0.0286133,0,0,0,0
7,1753,3,0.104882,0.104882,0.858107,0.82492,0.0331869,35.4324,35.2997,9,11,2,1.16973,1.11789,0.0518363,0,0,0,0
7.5,1754,1,0.526343,0.526343,-0.879501,0.992686,1.87219,28.482,35.9707,10,10,0,0.652179,0.646361,0.0058176,0,0,0,0
7.5,1754,2,0.410394,0.410394,0.44436,0.601669,0.157309,33.7774,34.4067,9,9,0,0.951682,0.926491,0.0251904,0,0,0,0
7.5,1754,3,0.12856,0.12856,0.722163,0.858107,0.135944,34.8887,35.4324,11,11,0,1.11789,1.08713,0.03076,0,0,0,0
8,1755,1,1.2127,1.2127,-0.135224,-0.879501,0.744277,31.4591,28.482,10,7,-3,0.646361,0.473902,0.172459,0,0,0,0
8,1755,2,0.443462,0.443462,0.929549,0.44436,0.485188,35.7182,33.7774,9,12,3,0.926491,0.942245,0.0157536,0,0,0,0
8,1755,3,0.316265,0.316265,0.932658,0.722163,0.210495,35.7306,34.8887,11,11,0,1.08713,1.33885,0.25172,0,0,0,0
8.5,1756,1,1.45655,1.45655,0.861868,-0.135224,0.997092,35.4475,31.4591,7,9,2,0.473902,0.498586,0.0246837,0,0,0,0
8.5,1756,2,1.07881,1.07881,-0.494898,0.929549,1.42445,30.0204,35.7182,12,11,-1,0.942245,0.918996,0.0232491,0,0,0,0
8.5,1756,3,0.0352594,0.0352594,0.148294,0.932658,0.784364,32.5932,35.7306,11,10,-1,1.33885,1.23621,0.102643,0,0,0,0
9,1757,1,0.0464752,0.0464752,0.926991,0.861868,0.0651233,35.708,35.4475,9,11,2,0.498586,1.03587,0.537284,0,0,0,0
9,1757,2,0.883412,0.883412,0.828788,-0.494898,1.32369,35.3152,30.0204,11,10,-1,0.918996,0.832057,0.0869387,0,0,0,0
9,1757,3,0.374179,0.374179,0.011699,0.148294,0.136595,32.0468,32.5932,10,9,-1,1.23621,1.30287,0.0666581,0,0,0,0
9.5,1758,1,0.0371957,0.0371957,0.829461,0.926991,0.0975297,35.3178,35.708,11,11,0,1.03587,0.688028,0.347842,0,0,0,0
9.5,1758,2,0.262208,0.262208,0.935526,0.828788,0.106738,35.7421,35.3152,10,11,1,0.832057,0.930953,0.0988955,0,0,0,0
9.5,1758,3,0.207939,0.207939,-0.309655,0.011699,0.321354,30.7614,32.0468,9,8,-1,1.30287,1.15658,0.146284,0,0,0,0
10,1759,1,0.029498,0.029498,0.946544,0.829461,0.117083,35.7862,35.3178,11,11,0,0.688028,0.777007,0.0889792,0,0,0,0
10,1759,2,1.34623,1.34623,-0.638935,0.935526,1.57446,29.4443,35.7421,11,11,0,0.930953,1.01231,0.0813584,0,0,0,0
10,1759,3,0.406472,0.406472,0.982212,-0.309655,1.29187,35.9288,30.7614,8,8,0,1.15658,1.12485,0.031736,0,0,0,0
10.5,1760,1,0.195467,0.195467,0.963247,0.946544,0.016703,35.853,35.7862,11,11,0,0.777007,0.84669,0.0696832,0,0,1,0
10.5,1760,2,1.74314,1.74314,0.40252,-0.638935,1.04146,33.6101,29.4443,11,10,-1,1.01231,0.761631,0.250679,0,0,0,0
10.5,1760,3,0.0943805,0.0943805,0.947646,0.982212,0.0345666,35.7906,35.9288,8,9,1,1.12485,1.45784,0.332991,0,0,0,0
11,1761,1,0.687345,0.687345,0.54564,0.963247,0.417607,34.1826,35.853,11,10,-1,0.84669,0.725467,0.121223,0,0,0,0
11,1761,2,0.180197,0.180197,0.0192003,0.40252,0.38332,32.0768,33.6101,10,11,1,0.761631,0.68401,0.0776213,0,0,0,0
11,1761,3,0.267167,0.267167,0.584727,0.947646,0.362919,34.3389,35.7906,9,9,0,1.45784,1.23933,0.218507,0,0,0,0
11.5,1762,1,0.743489,0.743489,0.277843,0.54564,0.267797,33.1114,34.1826,10,11,1,0.725467,0.686396,0.0390709,0,0,0,0
11.5,1762,2,0.636642,0.636642,0.970458,0.0192003,0.951258,35.8818,32.0768,11,10,-1,0.68401,0.832137,0.148127,0,0,0,0
11.5,1762,3,0.393439,0.393439,0.297953,0.584727,0.286773,33.1918,34.3389,9,9,0,1.23933,1.30691,0.0675824,0,0,0,0
12,1763,1,0.893356,0.893356,0.928429,0.277843,0.650586,35.7137,33.1114,11,11,0,0.686396,0.574012,0.112384,0,0,0,0
12,1763,2,0.38191,0.38191,0.960705,0.970458,0.00975275,35.8428,35.8818,10,10,0,0.832137,1.06211,0.229978,0,0,1,0
12,1763,3,0.126848,0.126848,0.242449,0.297953,0.0555044,32.9698,33.1918,9,9,0,1.30691,1.25913,0.047784,0,0,0,0
12.5,1764,1,0.160294,0.160294,0.762785,0.928429,0.165644,35.0511,35.7137,11,13,2,0.574012,0.607188,0.0331765,0,0,0,0
12.5,1764,2,0.18751,0.18751,0.842001,0.960705,0.118704,35.368,35.8428,10,10,0,1.06211,0.990939,0.071176,0,0,0,0
12.5,1764,3,0.986622,0.986622,0.636886,0.242449,0.394438,34.5475,32.9698,9,7,-2,1.25913,1.26457,0.00544107,0,0,0,0
13,1765,1,0.100201,0.100201,0.325769,0.762785,0.437016,33.3031,35.0511,13,11,-2,0.607188,0.695178,0.0879899,0,0,0,0
13,1765,2,0.368267,0.368267,-0.0807198,0.842001,0.922721,31.6771,35.368,10,11,1,0.990939,0.958058,0.0328805,0,0,0,0
13,1765,3,1.15798,1.15798,0.91924,0.636886,0.282353,35.677,34.5475,7,8,1,1.26457,1.33031,0.0657371,0,0,0,0
13.5,1766,1,0.209862,0.209862,0.483614,0.325769,0.157845,33.9345,33.3031,11,9,-2,0.695178,0.680515,0.0146629,0,0,0,0
13.5,1766,2,0.888147,0.888147,0.878829,-0.0807198,0.959549,35.5153,31.6771,11,10,-1,0.958058,0.736179,0.221879,0,0,0,0
13.5,1766,3,1.3003,1.3003,0.901822,0.91924,0.0174178,35.6073,35.677,8,11,3,1.33031,1.32544,0.0048672,0,0,1,0
14,1767,1,0.713926,0.713926,0.983893,0.483614,0.500279,35.9356,33.9345,9,9,0,0.680515,0.641765,0.0387504,0,0,0,0
14,1767,2,1.08067,1.08067,-0.192951,0.878829,1.07178,31.2282,35.5153,10,11,1,0.736179,1.03493,0.298751,0,0,0,0
14,1767,3,1.10234,1.10234,0.912055,0.901822,0.0102334,35.6482,35.6073,11,10,-1,1.32544,1.33685,0.0114069,0,0,1,0
14.5,1768,1,1.22784,1.22784,0.76717,0.983893,0.216723,35.0687,35.9356,9,10,1,0.641765,0.81467,0.172905,0,0,0,0
14.5,1768,2,0.00642526,0.00642526,0.701834,-0.192951,0.894785,34.8073,31.2282,11,10,-1,1.03493,0.733599,0.301331,0,1,0,0
14.5,1768,3,0.093632,0.093632,0.892675,0.912055,0.0193805,35.5707,35.6482,10,10,0,1.33685,1.23328,0.103565,0,0,1,0
15,1769,1,0.866572,0.866572,0.74267,0.76717,0.0245003,34.9707,35.0687,10,13,3,0.81467,0.567073,0.247597,0,0,0,0
15,1769,2,1.10001,1.10001,0.741147,0.701834,0.0393129,34.9646,34.8073,10,10,0,0.733599,0.838831,0.105232,0,0,0,0
15,1769,3,0.126392,0.126392,0.265868,0.892675,0.626807,33.0635,35.5707,10,7,-3,1.23328,1.35299,0.119712,0,0,0,0
15.5,1770,1,0.284801,0.284801,0.928485,0.74267,0.185814,35.7139,34.9707,13,10,-3,0.567073,0.741196,0.174123,0,0,0,0
15.5,1770,2,0.66083,0.66083,-0.3882,0.741147,1.12935,30.4472,34.9646,10,12,2,0.838831,0.863576,0.0247445,0,0,0,0
15.5,1770,3,0.0622178,0.0622178,0.467771,0.265868,0.201903,33.8711,33.0635,7,8,1,1.35299,1.34555,0.00744693,0,0,0,0
16,1771,1,0.501008,0.501008,0.956163,0.928485,0.0276787,35.8247,35.7139,10,12,2,0.741196,0.851227,0.110031,0,0,0,0
16,1771,2,0.130545,0.130545,0.922562,-0.3882,1.31076,35.6902,30.4472,12,6,-6,0.863576,0.924269,0.0606928,0,0,0,0
16,1771,3,0.412782,0.412782,0.588462,0.467771,0.120691,34.3538,33.8711,8,12,4,1.34555,1.04732,0.298221,0,0,0,0
16.5,1772,1,0.156026,0.156026,0.0808718,0.956163,0.875291,32.3235,35.8247,12,13,1,0.851227,0.612977,0.23825,0,0,0,0
16.5,1772,2,0.440286,0.440286,0.189635,0.922562,0.732927,32.7585,35.6902,6,10,4,0.924269,0.915551,0.00871733,0,0,0,0
16.5,1772,3,0.295704,0.295704,0.869925,0.588462,0.281463,35.4797,34.3538,12,7,-5,1.04732,1.30769,0.260367,0,0,0,0
17,1773,1,0.0614997,0.0614997,0.857146,0.0808718,0.776274,35.4286,32.3235,13,11,-2,0.612977,0.644501,0.0315243,0,0,0,0
17,1773,2,0.209871,0.209871,0.873748,0.189635,0.684113,35.495,32.7585,10,7,-3,0.915551,0.905201,0.0103504,0,0,0,0
17,1773,3,0.777024,0.777024,-0.288862,0.869925,1.15879,30.8446,35.4797,7,12,5,1.30769,1.07597,0.231721,0,0,0,0
17.5,1774,1,0.311979,0.311979,0.916015,0.857146,0.0588689,35.6641,35.4286,11,13,2,0.644501,0.762476,0.117975,0,0,0,0
17.5,1774,2,0.415337,0.415337,0.569785,0.873748,0.303964,34.2791,35.495,7,10,3,0.905201,0.967308,0.0621072,0,0,0,0
17.5,1774,3,0.0115836,0.0115836,0.979635,-0.288862,1.2685,35.9185,30.8446,12,7,-5,1.07597,1.21075,0.134777,0,1,0,0
18,1775,1,0.259205,0.259205,0.678451,0.916015,0.237564,34.7138,35.6641,13,13,0,0.762476,0.616595,0.145882,0,0,0,0
18,1775,2,0.270486,0.270486,0.808224,0.569785,0.238439,35.2329,34.2791,10,9,-1,0.967308,0.841214,0.126094,0,0,0,0
18,1775,3,0.110458,0.110458,-0.0114586,0.979635,0.991094,31.9542,35.9185,7,8,1,1.21075,1.36142,0.150676,0,0,0,0
18.5,1776,1,0.496514,0.496514,0.841887,0.678451,0.163435,35.3675,34.7138,13,11,-2,0.616595,0.704967,0.0883723,0,0,0,0
18.5,1776,2,0.856894,0.856894,0.661808,0.808224,0.146416,34.6472,35.2329,9,12,3,0.841214,0.955261,0.114046,0,0,0,0
18.5,1776,3,0.00660837,0.00660837,0.878493,-0.0114586,0.889951,35.514,31.9542,8,7,-1,1.36142,1.19857,0.162851,0,1,0,0
19,1777,1,0.491933,0.491933,0.994593,0.841887,0.152706,35.9784,35.3675,11,11,0,0.704967,0.715532,0.0105648,0,0,0,0
19,1777,2,0.00798911,0.00798911,0.748195,0.661808,0.0863878,34.9928,34.6472,12,9,-3,0.955261,0.834115,0.121146,0,1,0,0
19,1777,3,0.261802,0.261802,0.404675,0.878493,0.473818,33.6187,35.514,7,10,3,1.19857,1.21084,0.0122656,0,0,0,0
19.5,1778,1,0.0700764,0.0700764,0.598271,0.994593,0.396322,34.3931,35.9784,11,12,1,0.715532,0.725998,0.0104667,0,0,0,0
19.5,1778,2,0.156202,0.156202,0.971411,0.748195,0.223216,35.8856,34.9928,9,10,1,0.834115,0.866865,0.0327499,0,0,0,0
19.5,1778,3,0.261609,0.261609,0.895611,0.404675,0.490936,35.5824,33.6187,10,8,-2,1.21084,1.15377,0.0570741,0,0,0,0
20,1779,1,0.482571,0.482571,0.892562,0.598271,0.294292,35.5702,34.3931,12,10,-2,0.725998,0.672436,0.0535621,0,0,0,0
20,1779,2,0.187204,0.187204,-0.3096,0.971411,1.28101,30.7616,35.8856,10,13,3,0.866865,0.809681,0.057184,0,0,0,0
20,1779,3,0.0661744,0.0661744,0.95988,0.895611,0.0642687,35.8395,35.5824,8,7,-1,1.15377,1.30432,0.150551,0,0,0,0
20.5,1780,1,0.0422111,0.0422111,0.892742,0.892562,0.000179648,35.571,35.5702,10,13,3,0.672436,0.785811,0.113374,0,0,1,0
20.5,1780,2,0.540508,0.540508,0.62921,-0.3096,0.93881,34.5168,30.7616,13,8,-5,0.809681,0.713505,0.0961765,0,0,0,0
20.5,1780,3,0.362504,0.362504,0.951036,0.95988,0.00884408,35.8041,35.8395,7,9,2,1.30432,1.15781,0.146505,0,0,1,0
21,1781,1,0.137554,0.137554,0.970645,0.892742,0.0779037,35.8826,35.571,13,12,-1,0.785811,0.66804,0.117771,0,0,0,0
21,1781,2,0.155,0.155,-0.0210855,0.62921,0.650295,31.9157,34.5168,8,11,3,0.713505,0.814802,0.101298,0,0,0,0
21,1781,3,0.204135,0.204135,0.806022,0.951036,0.145013,35.2241,35.8041,9,7,-2,1.15781,1.32928,0.171467,0,0,0,0
21.5,1782,1,0.304893,0.304893,0.476663,0.970645,0.493982,33.9067,35.8826,12,13,1,0.66804,0.72854,0.0605003,0,0,0,0
21.5,1782,2,0.0190396,0.0190396,0.32947,-0.0210855,0.350556,33.3179,31.9157,11,9,-2,0.814802,0.729422,0.0853797,0,1,0,0
21.5,1782,3,0.508137,0.508137,0.918049,0.806022,0.112027,35.6722,35.2241,7,8,1,1.32928,1.26714,0.0621333,0,0,0,0
22,1783,1,0.261645,0.261645,0.262958,0.476663,0.213705,33.0518,33.9067,13,10,-3,0.72854,0.707343,0.0211968,0,0,0,0
22,1783,2,0.0320402,0.0320402,0.625791,0.32947,0.296321,34.5032,33.3179,9,10,1,0.729422,0.764118,0.0346955,0,0,0,0
22,1783,3,0.295488,0.295488,0.78268,0.918049,0.135369,35.1307,35.6722,8,10,2,1.26714,1.19688,0.0702603,0,0,0,0
22.5,1784,1,0.0453382,0.0453382,0.895,0.262958,0.632042,35.58,33.0518,10,10,0,0.707343,0.695188,0.0121552,0,0,0,0
22.5,1784,2,1.0507,1.0507,0.440556,0.625791,0.185235,33.7622,34.5032,10,10,0,0.764118,0.902731,0.138613,0,0,0,0
22.5,1784,3,0.692012,0.692012,0.050387,0.78268,0.732293,32.2015,35.1307,10,10,0,1.19688,1.18071,0.0161696,0,0,0,0
23,1785,1,0.00509262,0.00509262,0.986529,0.895,0.0915288,35.9461,35.58,10,13,3,0.695188,0.783655,0.0884672,0,1,0,0
23,1785,2,0.073254,0.073254,-0.947776,0.440556,1.38833,28.2089,33.7622,10,11,1,0.902731,0.735669,0.167061,0,0,0,0
23,1785,3,0.441407,0.441407,0.783703,0.050387,0.733316,35.1348,32.2015,10,6,-4,1.18071,1.34777,0.16706,0,0,0,0
23.5,1786,1,0.290603,0.290603,-0.090826,0.986529,1.07735,31.6367,35.9461,13,12,-1,0.783655,0.832973,0.0493173,0,0,0,0
23.5,1786,2,1.21945,1.21945,0.951356,-0.947776,1.89913,35.8054,28.2089,11,7,-4,0.735669,0.902159,0.16649,0,0,0,0
23.5,1786,3,0.350457,0.350457,-0.134509,0.783703,0.918212,31.462,35.1348,6,11,5,1.34777,1.31043,0.0373451,0,0,0,0
24,1787,1,0.129847,0.129847,0.986325,-0.090826,1.07715,35.9453,31.6367,12,11,-1,0.832973,0.599521,0.233452,0,0,0,0
24,1787,2,0.193975,0.193975,-0.53643,0.951356,1.48779,29.8543,35.8054,7,12,5,0.902159,1.06913,0.166967,0,0,0,0
24,1787,3,0.379585,0.379585,0.0181275,-0.134509,0.152637,32.0725,31.462,11,7,-4,1.31043,1.33975,0.0293237,0,0,0,0
24.5,1788,1,0.188336,0.188336,0.963889,0.986325,0.0224355,35.8556,35.9453,11,16,5,0.599521,0.861214,0.261693,0,0,0,0
24.5,1788,2,0.704682,0.704682,0.963025,-0.53643,1.49946,35.8521,29.8543,12,5,-7,1.06913,0.817238,0.251888,0,0,0,0
24.5,1788,3,0.956436,0.956436,0.680979,0.0181275,0.662852,34.7239,32.0725,7,9,2,1.33975,1.07843,0.261321,0,0,0,0
25,1789,1,0.096506,0.096506,0.785415,0.963889,0.178474,35.1417,35.8556,16,11,-5,0.861214,0.792073,0.0691413,0,0,0,0
25,1789,2,1.09544,1.09544,0.916547,0.963025,0.0464779,35.6662,35.8521,5,11,6,0.817238,0.869729,0.0524901,0,0,0,0
25,1789,3,0.779975,0.779975,0.870487,0.680979,0.189507,35.4819,34.7239,9,8,-1,1.07843,1.24993,0.171495,0,0,0,0
25.5,1790,1,0.297778,0.297778,-0.358706,0.785415,1.14412,30.5652,35.1417,11,11,0,0.792073,0.795668,0.0035952,0,0,0,0
25.5,1790,2,0.149312,0.149312,0.566945,0.916547,0.349603,34.2678,35.6662,11,11,0,0.869729,0.794769,0.07496,0,0,0,0
25.5,1790,3,0.279543,0.279543,0.821519,0.870487,0.048968,35.2861,35.4819,8,8,0,1.24993,1.16263,0.0872992,0,0,0,0
26,1791,1,0.204255,0.204255,0.505621,-0.358706,0.864327,34.0225,30.5652,11,8,-3,0.795668,0.599761,0.195907,0,0,0,0
26,1791,2,0.400509,0.400509,0.494294,0.566945,0.0726508,33.9772,34.2678,11,13,2,0.794769,0.834854,0.0400853,0,0,0,0
26,1791,3,0.0971206,0.0971206,0.00966066,0.821519,0.811858,32.0386,35.2861,8,9,1,1.16263,1.30653,0.143902,0,0,0,0
26.5,1792,1,0.0656247,0.0656247,0.697446,0.505621,0.191826,34.7898,34.0225,8,11,3,0.599761,0.874263,0.274502,0,0,0,0
26.5,1792,2,0.504588,0.504588,-0.0286832,0.494294,0.522977,31.8853,33.9772,13,11,-2,0.834854,0.795509,0.0393445,0,0,0,0
26.5,1792,3,0.30105,0.30105,0.170815,0.00966066,0.161154,32.6833,32.0386,9,8,-1,1.30653,1.16062,0.145908,0,0,0,0
27,1793,1,0.302379,0.302379,0.173434,0.697446,0.524012,32.6937,34.7898,11,13,2,0.874263,0.812803,0.0614603,0,0,0,0
27,1793,2,0.0170386,0.0170386,0.661365,-0.0286832,0.690048,34.6455,31.8853,11,9,-2,0.795509,0.871317,0.0758075,0,1,0,0
27,1793,3,0.0530826,0.0530826,0.265663,0.170815,0.0948485,33.0627,32.6833,8,8,0,1.16062,1.21387,0.0532448,0,0,0,0
27.5,1794,1,0.0137516,0.0137516,0.533742,0.173434,0.360308,34.135,32.6937,13,10,-3,0.812803,0.738542,0.0742608,0,1,0,0
27.5,1794,2,0.0546589,0.0546589,0.20198,0.661365,0.459385,32.8079,34.6455,9,11,2,0.871317,0.911284,0.0399669,0,0,0,0
27.5,1794,3,0.00192791,0.00192791,0.569372,0.265663,0.303709,34.2775,33.0627,8,9,1,1.21387,1.22581,0.0119451,0,1,0,0
28,1795,1,0.0486708,0.0486708,0.945198,0.533742,0.411456,35.7808,34.135,10,12,2,0.738542,0.807451,0.0689093,0,0,0,0
28,1795,2,0.0356356,0.0356356,0.0599492,0.20198,0.142031,32.2398,32.8079,11,8,-3,0.911284,0.865039,0.0462448,0,0,0,0
28,1795,3,1.21943,1.21943,0.417505,0.569372,0.151867,33.67,34.2775,9,10,1,1.22581,1.18705,0.0387605,0,0,0,0
28.5,1796,1,0.0104454,0.0104454,0.404527,0.945198,0.540671,33.6181,35.7808,12,14,2,0.807451,0.804634,0.00281707,0,1,0,0
28.5,1796,2,0.0243003,0.0243003,-0.531637,0.0599492,0.591586,29.8735,32.2398,8,5,-3,0.865039,1.02962,0.16458,0,0,0,0
28.5,1796,3,1.2604,1.2604,0.902688,0.417505,0.485183,35.6108,33.67,10,11,1,1.18705,1.05134,0.135713,0,0,0,0
0.5,1798,1,-1,-1,0.768528,0.768528,-1,35.0741,35.0741,10,10,0,0.748315,0.748315,0,0,0,0,0
0.5,1798,2,-1,-1,0.53213,0.53213,-1,34.1285,34.1285,11,11,0,0.814741,0.814741,0,0,0,0,0
0.5,1798,3,-1,-1,0.888071,0.888071,-1,35.5523,35.5523,9,9,0,1.31634,1.31634,0,0,0,0,0
0.6,1799,1,0.404877,0.404877,0.72103,0.768528,0.0474981,34.8841,35.0741,10,10,0,0.748315,0.763923,0.015608,0,0,0,0
0.6,1799,2,0.597858,0.597858,-0.118664,0.53213,0.650794,31.5253,34.1285,11,11,0,0.814741,0.670325,0.144416,0,0,0,0
0.6,1799,3,0.263631,0.263631,0.9612,0.888071,0.0731288,35.8448,35.5523,9,9,0,1.31634,1.36461,0.048264,0,0,0,0
0.7,1800,1,0.079493,0.079493,0.950706,0.72103,0.229676,35.8028,34.8841,10,10,0,0.763923,0.751875,0.012048,0,0,0,0
0.7,1800,2,0.62018,0.62018,0.355618,-0.118664,0.474283,33.4225,31.5253,11,11,0,0.670325,0.835885,0.16556,0,0,0,0
0.7,1800,3,0.239459,0.239459,0.933425,0.9612,0.0277754,35.7337,35.8448,9,9,0,1.36461,1.45503,0.090424,0,0,0,0
0.8,1801,1,0.472974,0.472974,0.976779,0.950706,0.0260729,35.9071,35.8028,10,10,0,0.751875,0.751259,0.000616,0,0,0,0
0.8,1801,2,0.132071,0.132071,0.107256,0.355618,0.248362,32.429,33.4225,11,11,0,0.835885,0.683485,0.1524,0,0,0,0
0.8,1801,3,0.342541,0.342541,0.748166,0.933425,0.185259,34.9927,35.7337,9,9,0,1.45503,1.38251,0.07252,0,0,0,0
0.9,1802,1,0.465179,0.465179,0.886629,0.976779,0.0901502,35.5465,35.9071,10,10,0,0.751259,0.823635,0.072376,0,0,0,0
0.9,1802,2,0.209873,0.209873,0.337855,0.107256,0.230599,33.3514,32.429,11,11,0,0.683485,0.899717,0.216232,0,0,0,0
0.9,1802,3,0.503963,0.503963,0.937844,0.748166,0.189677,35.7514,34.9927,9,9,0,1.38251,1.32236,0.060152,0,0,0,0
1,1803,1,0.172855,0.172855,0.960775,0.886629,0.0741466,35.8431,35.5465,10,10,0,0.823635,0.806739,0.016896,0,0,0,0
1,1803,2,0.263897,0.263897,-0.0846203,0.337855,0.422475,31.6615,33.3514,11,11,0,0.899717,0.743597,0.15612,0,0,0,0
1,1803,3,0.134856,0.134856,0.415438,0.937844,0.522405,33.6618,35.7514,9,9,0,1.32236,1.35543,0.033072,0,0,0,0
1.1,1804,1,0.277654,0.277654,0.747535,0.960775,0.213241,34.9901,35.8431,10,10,0,0.806739,0.927083,0.120344,0,0,0,0
1.1,1804,2,0.452219,0.452219,0.747862,-0.0846203,0.832482,34.9914,31.6615,11,11,0,0.743597,0.892525,0.148928,0,0,0,0
1.1,1804,3,0.0248436,0.0248436,0.899427,0.415438,0.483988,35.5977,33.6618,9,9,0,1.35543,1.21497,0.140464,0,0,0,0
1.2,1805,1,0.749594,0.749594,0.960851,0.747535,0.213316,35.8434,34.9901,10,10,0,0.927083,0.728867,0.198216,0,0,0,0
1.2,1805,2,0.567244,0.567244,0.777747,0.747862,0.0298857,35.111,34.9914,11,11,0,0.892525,0.751845,0.14068,0,0,0,0
1.2,1805,3,0.108882,0.108882,0.882972,0.899427,0.016455,35.5319,35.5977,9,9,0,1.21497,1.35398,0.139008,0,0,1,0
1.3,1806,1,0.343513,0.343513,0.46457,0.960851,0.496281,33.8583,35.8434,10,10,0,0.728867,0.683051,0.045816,0,0,0,0
1.3,1806,2,0.723252,0.723252,0.94638,0.777747,0.168632,35.7855,35.111,11,11,0,0.751845,0.966629,0.214784,0,0,0,0
1.3,1806,3,0.00216544,0.00216544,0.96654,0.882972,0.0835683,35.8662,35.5319,9,9,0,1.35398,1.28955,0.064424,0,1,0,0
1.4,1807,1,0.736399,0.736399,0.85138,0.46457,0.386811,35.4055,33.8583,10,10,0,0.683051,0.533971,0.14908,0,0,0,0
1.4,1807,2,0.0693569,0.0693569,0.840988,0.94638,0.105392,35.364,35.7855,11,11,0,0.966629,0.999973,0.033344,0,0,0,0
1.4,1807,3,0.00762779,0.00762779,0.747164,0.96654,0.219376,34.9887,35.8662,9,9,0,1.28955,1.33509,0.045536,0,1,0,0
1.5,1808,1,0.755771,0.755771,0.923698,0.85138,0.0723178,35.6948,35.4055,10,10,0,0.533971,0.667075,0.133104,0,0,0,0
1.5,1808,2,0.321688,0.321688,0.851553,0.840988,0.010565,35.4062,35.364,11,11,0,0.999973,1.06278,0.062808,0,0,1,0
1.5,1808,3,0.0596441,0.0596441,0.851184,0.747164,0.10402,35.4047,34.9887,9,9,0,1.33509,1.22614,0.108952,0,0,0,0
1.6,1809,1,0.260977,0.260977,0.914208,0.923698,0.00948983,35.6568,35.6948,10,10,0,0.667075,0.736091,0.069016,0,0,1,0
1.6,1809,2,0.683569,0.683569,0.99498,0.851553,0.143427,35.9799,35.4062,11,11,0,1.06278,0.980797,0.081984,0,0,0,0
1.6,1809,3,0.0966653,0.0966653,0.638929,0.851184,0.212255,34.5557,35.4047,9,9,0,1.22614,1.21849,0.007648,0,0,0,0
1.7,1810,1,0.00239241,0.00239241,0.792172,0.914208,0.122036,35.1687,35.6568,10,10,0,0.736091,0.699979,0.036112,0,1,0,0
1.7,1810,2,0.167857,0.167857,0.961285,0.99498,0.0336946,35.8451,35.9799,11,11,0,0.980797,0.977965,0.002832,0,0,0,0
1.7,1810,3,0.403963,0.403963,0.151394,0.638929,0.487535,32.6056,34.5557,9,9,0,1.21849,1.22079,0.002304,0,0,0,0
1.8,1811,1,0.0417232,0.0417232,0.989013,0.792172,0.19684,35.9561,35.1687,10,10,0,0.699979,0.792675,0.092696,0,0,0,0
1.8,1811,2,0.367498,0.367498,0.130181,0.961285,0.831105,32.5207,35.8451,11,11,0,0.977965,1.02484,0.046872,0,0,0,0
1.8,1811,3,0.434688,0.434688,0.856806,0.151394,0.705412,35.4272,32.6056,9,9,0,1.22079,1.06694,0.153856,0,0,0,0
1.9,1812,1,0.311174,0.311174,0.979022,0.989013,0.00999093,35.9161,35.9561,10,10,0,0.792675,0.792139,0.000536,0,0,1,0
1.9,1812,2,0.769228,0.769228,0.731015,0.130181,0.600834,34.9241,32.5207,11,11,0,1.02484,0.888693,0.136144,0,0,0,0
1.9,1812,3,0.0302355,0.0302355,0.912587,0.856806,0.0557815,35.6503,35.4272,9,9,0,1.06694,1.15163,0.084696,0,0,0,0
0.5,1814,1,-1,-1,0.922424,0.922424,-1,35.6897,35.6897,10,10,0,0.603307,0.603307,0,0,0,0,0
0.5,1814,2,-1,-1,0.925416,0.925416,-1,35.7017,35.7017,11,11,0,0.987205,0.987205,0,0,0,0,0
0.5,1814,3,-1,-1,0.697183,0.697183,-1,34.7887,34.7887,9,9,0,1.26833,1.26833,0,0,0,0,0
0.6,1815,1,0.786564,0.786564,0.343388,0.922424,0.579036,33.3736,35.6897,10,10,0,0.603307,0.689803,0.086496,0,0,0,0
0.6,1815,2,0.134829,0.134829,0.788418,0.925416,0.136998,35.1537,35.7017,11,11,0,0.987205,1.04545,0.05824,0,0,0,0
0.6,1815,3,0.0439752,0.0439752,0.406972,0.697183,0.290211,33.6279,34.7887,9,9,0,1.26833,1.20792,0.060408,0,0,0,0
0.7,1816,1,0.801696,0.801696,0.913737,0.343388,0.570348,35.6549,33.3736,10,10,0,0.689803,0.633211,0.056592,0,0,0,0
0.7,1816,2,0.0247566,0.0247566,0.280353,0.788418,0.508065,33.1214,35.1537,11,11,0,1.04545,1.02133,0.024112,0,0,0,0
0.7,1816,3,0.0248775,0.0248775,0.868699,0.406972,0.461727,35.4748,33.6279,9,9,0,1.20792,1.1473,0.060624,0,0,0,0
0.8,1817,1,1.19872,1.19872,0.957498,0.913737,0.0437612,35.83,35.6549,10,10,0,0.633211,0.708171,0.07496,0,0,0,0
0.8,1817,2,0.0992471,0.0992471,0.913022,0.280353,0.632669,35.6521,33.1214,11,11,0,1.02133,0.929349,0.091984,0,0,0,0
0.8,1817,3,0.296082,0.296082,0.883679,0.868699,0.0149797,35.5347,35.4748,9,9,0,1.1473,1.26728,0.119984,0,0,1,0
0.9,1818,1,1.17957,1.17957,0.40674,0.957498,0.550758,33.627,35.83,10,10,0,0.708171,0.748483,0.040312,0,0,0,0
0.9,1818,2,0.604009,0.604009,0.88438,0.913022,0.0286421,35.5375,35.6521,11,11,0,0.929349,0.795597,0.133752,0,0,0,0
0.9,1818,3,0.231963,0.231963,0.962509,0.883679,0.0788301,35.85,35.5347,9,9,0,1.26728,1.36928,0.102,0,0,0,0
1,1819,1,0.423836,0.423836,0.929737,0.40674,0.522998,35.7189,33.627,10,10,0,0.748483,0.526547,0.221936,0,0,0,0
1,1819,2,0.0378657,0.0378657,0.911357,0.88438,0.0269775,35.6454,35.5375,11,11,0,0.795597,0.973557,0.17796,0,0,0,0
1,1819,3,0.497419,0.497419,0.849819,0.962509,0.112689,35.3993,35.85,9,9,0,1.36928,1.33624,0.03304,0,0,0,0
1.1,1820,1,1.12416,1.12416,0.824731,0.929737,0.105006,35.2989,35.7189,10,10,0,0.526547,0.652019,0.125472,0,0,0,0
1.1,1820,2,0.430886,0.430886,0.299252,0.911357,0.612105,33.197,35.6454,11,11,0,0.973557,1.04019,0.066632,0,0,0,0
1.1,1820,3,0.609169,0.609169,-0.0832079,0.849819,0.933027,31.6672,35.3993,9,9,0,1.33624,1.35403,0.017792,0,0,0,0
1.2,1821,1,0.940227,0.940227,0.953964,0.824731,0.129233,35.8159,35.2989,10,10,0,0.652019,0.886443,0.234424,0,0,0,0
1.2,1821,2,0.644969,0.644969,-0.336424,0.299252,0.635676,30.6543,33.197,11,11,0,1.04019,0.958405,0.081784,0,0,0,0
1.2,1821,3,0.00317353,0.00317353,0.894989,-0.0832079,0.978197,35.58,31.6672,9,9,0,1.35403,1.0583,0.295728,0,1,0,0
1.3,1822,1,0.788529,0.788529,0.705873,0.953964,0.24809,34.8235,35.8159,10,10,0,0.886443,0.866539,0.019904,0,0,0,0
1.3,1822,2,0.140806,0.140806,0.218105,-0.336424,0.554529,32.8724,30.6543,11,11,0,0.958405,0.805621,0.152784,0,0,0,0
1.3,1822,3,0.0111797,0.0111797,0.876713,0.894989,0.0182765,35.5069,35.58,9,9,0,1.0583,1.17426,0.115952,0,1,1,0
1.4,1823,1,1.07165,1.07165,0.919425,0.705873,0.213551,35.6777,34.8235,10,10,0,0.866539,0.753675,0.112864,0,0,0,0
1.4,1823,2,0.044645,0.044645,0.212873,0.218105,0.00523187,32.8515,32.8724,11,11,0,0.805621,0.523941,0.28168,0,0,1,0
1.4,1823,3,0.0739903,0.0739903,0.90112,0.876713,0.0244072,35.6045,35.5069,9,9,0,1.17426,1.48938,0.31512,0,0,0,0
1.5,1824,1,0.309343,0.309343,0.976512,0.919425,0.0570869,35.906,35.6777,10,10,0,0.753675,0.777059,0.023384,0,0,0,0
1.5,1824,2,0.482661,0.482661,0.90986,0.212873,0.696986,35.6394,32.8515,11,11,0,0.523941,0.845253,0.321312,0,0,0,0
1.5,1824,3,0.0504528,0.0504528,0.605121,0.90112,0.295998,34.4205,35.6045,9,9,0,1.48938,1.39631,0.093064,0,0,0,0
1.6,1825,1,0.30754,0.30754,0.717896,0.976512,0.258616,34.8716,35.906,10,10,0,0.777059,0.768547,0.008512,0,0,0,0
1.6,1825,2,0.0464851,0.0464851,0.569782,0.90986,0.340078,34.2791,35.6394,11,11,0,0.845253,0.776949,0.068304,0,0,0,0
1.6,1825,3,0.0961785,0.0961785,0.772249,0.605121,0.167128,35.089,34.4205,9,9,0,1.39631,1.21869,0.177624,0,0,0,0
1.7,1826,1,0.0512273,0.0512273,0.777575,0.717896,0.0596789,35.1103,34.8716,10,10,0,0.768547,0.695843,0.072704,0,0,0,0
1.7,1826,2,0.304694,0.304694,0.483826,0.569782,0.0859563,33.9353,34.2791,11,11,0,0.776949,1.05289,0.275944,0,0,0,0
1.7,1826,3,0.129589,0.129589,0.749231,0.772249,0.0230183,34.9969,35.089,9,9,0,1.21869,1.29228,0.073592,0,0,0,0
1.8,1827,1,0.211258,0.211258,0.727301,0.777575,0.0502734,34.9092,35.1103,10,10,0,0.695843,0.745787,0.049944,0,0,0,0
1.8,1827,2,0.0409349,0.0409349,0.71389,0.483826,0.230064,34.8556,33.9353,11,11,0,1.05289,0.892725,0.160168,0,0,0,0
1.8,1827,3,0.103491,0.103491,0.781086,0.749231,0.0318549,35.1243,34.9969,9,9,0,1.29228,1.27963,0.012648,0,0,0,0
1.9,1828,1,0.108297,0.108297,0.901813,0.727301,0.174512,35.6073,34.9092,10,10,0,0.745787,0.705067,0.04072,0,0,0,0
1.9,1828,2,0.618854,0.618854,0.616426,0.71389,0.0974635,34.4657,34.8556,11,11,0,0.892725,0.866461,0.026264,0,0,0,0
1.9,1828,3,0.158252,0.158252,0.936959,0.781086,0.155873,35.7478,35.1243,9,9,0,1.27963,1.31035,0.03072,0,0,0,0
2,1829,1,0.178083,0.178083,0.924409,0.901813,0.0225959,35.6976,35.6073,10,10,0,0.705067,0.702435,0.002632,0,0,0,0
2,1829,2,0.973698,0.973698,0.680498,0.616426,0.0640718,34.722,34.4657,11,11,0,0.866461,0.966933,0.100472,0,0,0,0
2,1829,3,0.250682,0.250682,0.863187,0.936959,0.0737714,35.4527,35.7478,9,9,0,1.31035,1.38175,0.0714,0,0,0,0
2.1,1830,1,0.0327124,0.0327124,0.996631,0.924409,0.0722225,35.9865,35.6976,10,10,0,0.702435,0.759715,0.05728,0,0,0,0
2.1,1830,2,0.214124,0.214124,0.846039,0.680498,0.165541,35.3842,34.722,11,11,0,0.966933,0.880941,0.085992,0,0,0,0
2.1,1830,3,0.0239199,0.0239199,0.850164,0.863187,0.013023,35.4007,35.4527,9,9,0,1.38175,1.36379,0.01796,0,0,1,0
2.2,1831,1,0.0605681,0.0605681,0.89289,0.996631,0.103741,35.5716,35.9865,10,10,0,0.759715,0.732315,0.0274,0,0,0,0
2.2,1831,2,1.0967,1.0967,-0.178676,0.846039,1.02471,31.2853,35.3842,11,11,0,0.880941,0.905493,0.024552,0,0,0,0
2.2,1831,3,0.117487,0.117487,0.606922,0.850164,0.243242,34.4277,35.4007,9,9,0,1.36379,1.31102,0.052776,0,0,0,0
2.3,1832,1,0.171465,0.171465,0.956119,0.89289,0.0632291,35.8245,35.5716,10,10,0,0.732315,0.808443,0.076128,0,0,0,0
2.3,1832,2,1.30073,1.30073,0.539938,-0.178676,0.718614,34.1598,31.2853,11,11,0,0.905493,0.855133,0.05036,0,0,0,0
2.3,1832,3,0.439706,0.439706,0.85023,0.606922,0.243308,35.4009,34.4277,9,9,0,1.31102,1.34046,0.02944,0,0,0,0
2.4,1833,1,0.201767,0.201767,0.979744,0.956119,0.0236249,35.919,35.8245,10,10,0,0.808443,0.786683,0.02176,0,0,0,0
2.4,1833,2,0.282801,0.282801,0.676633,0.539938,0.136695,34.7065,34.1598,11,11,0,0.855133,0.661565,0.193568,0,0,0,0
2.4,1833,3,0.469603,0.469603,0.891983,0.85023,0.0417531,35.5679,35.4009,9,9,0,1.34046,1.3783,0.037848,0,0,0,0
2.5,1834,1,0.0320971,0.0320971,0.91296,0.979744,0.0667836,35.6518,35.919,10,10,0,0.786683,0.760483,0.0262,0,0,0,0
2.5,1834,2,0.103928,0.103928,-0.416255,0.676633,1.09289,30.335,34.7065,11,11,0,0.661565,0.938469,0.276904,0,0,0,0
2.5,1834,3,0.308087,0.308087,0.731205,0.891983,0.160778,34.9248,35.5679,9,9,0,1.3783,1.33083,0.047472,0,0,0,0
2.6,1835,1,0.0809386,0.0809386,0.886851,0.91296,0.0261089,35.5474,35.6518,10,10,0,0.760483,0.934875,0.174392,0,0,0,0
2.6,1835,2,1.33554,1.33554,0.883268,-0.416255,1.29952,35.5331,30.335,11,11,0,0.938469,0.817717,0.120752,0,0,0,0
2.6,1835,3,0.316037,0.316037,0.973169,0.731205,0.241963,35.8927,34.9248,9,9,0,1.33083,1.35716,0.026328,0,0,0,0
2.7,1836,1,0.0377856,0.0377856,0.762085,0.886851,0.124767,35.0483,35.5474,10,10,0,0.934875,0.745427,0.189448,0,0,0,0
2.7,1836,2,0.738462,0.738462,0.517211,0.883268,0.366057,34.0688,35.5331,11,11,0,0.817717,0.601813,0.215904,0,0,0,0
2.7,1836,3,0.379336,0.379336,0.794212,0.973169,0.178957,35.1768,35.8927,9,9,0,1.35716,1.33541,0.021752,0,0,0,0
2.8,1837,1,0.165239,0.165239,0.966996,0.762085,0.204912,35.868,35.0483,10,10,0,0.745427,0.723243,0.022184,0,0,0,0
2.8,1837,2,0.372919,0.372919,0.42147,0.517211,0.0957407,33.6859,34.0688,11,11,0,0.601813,1.00045,0.398632,0,0,0,0
2.8,1837,3,0.144138,0.144138,0.619088,0.794212,0.175124,34.4764,35.1768,9,9,0,1.33541,1.3357,0.000296,0,0,0,0
2.9,1838,1,0.537981,0.537981,0.761899,0.966996,0.205097,35.0476,35.868,10,10,0,0.723243,0.816075,0.092832,0,0,0,0
2.9,1838,2,0.0626226,0.0626226,0.802596,0.42147,0.381126,35.2104,33.6859,11,11,0,1.00045,0.912365,0.08808,0,0,0,0
2.9,1838,3,0.295985,0.295985,0.860871,0.619088,0.241784,35.4435,34.4764,9,9,0,1.3357,1.30699,0.028712,0,0,0,0
3,1839,1,0.534332,0.534332,0.676173,0.761899,0.0857263,34.7047,35.0476,10,10,0,0.816075,0.730347,0.085728,0,0,0,0
3,1839,2,0.248027,0.248027,0.647719,0.802596,0.154878,34.5909,35.2104,11,11,0,0.912365,0.877709,0.034656,0,0,0,0
3,1839,3,0.00735992,0.00735992,0.941883,0.860871,0.0810115,35.7675,35.4435,9,9,0,1.30699,1.27991,0.02708,0,1,0,0
3.1,1840,1,0.0885511,0.0885511,0.947333,0.676173,0.27116,35.7893,34.7047,10,10,0,0.730347,0.655171,0.075176,0,0,0,0
3.1,1840,2,1.26774,1.26774,0.671428,0.647719,0.0237091,34.6857,34.5909,11,11,0,0.877709,1.00466,0.126952,0,0,0,0
3.1,1840,3,0.0358344,0.0358344,0.932666,0.941883,0.00921696,35.7307,35.7675,9,9,0,1.27991,1.40475,0.12484,0,0,1,0
3.2,1841,1,0.0567265,0.0567265,0.832709,0.947333,0.114624,35.3308,35.7893,10,10,0,0.655171,0.700771,0.0456,0,0,0,0
3.2,1841,2,1.4893,1.4893,0.642147,0.671428,0.0292811,34.5686,34.6857,11,11,0,1.00466,0.937637,0.067024,0,0,0,0
3.2,1841,3,0.0510008,0.0510008,0.615831,0.932666,0.316835,34.4633,35.7307,9,9,0,1.40475,1.35024,0.054512,0,0,0,0
3.3,1842,1,1.34278,1.34278,0.666558,0.832709,0.166151,34.6662,35.3308,10,10,0,0.700771,0.785211,0.08444,0,0,0,0
3.3,1842,2,0.460778,0.460778,0.348382,0.642147,0.293765,33.3935,34.5686,11,11,0,0.937637,0.894901,0.042736,0,0,0,0
3.3,1842,3,0.0942817,0.0942817,0.681255,0.615831,0.0654242,34.725,34.4633,9,9,0,1.35024,1.32067,0.029568,0,0,0,0
3.4,1843,1,1.35697,1.35697,0.953274,0.666558,0.286715,35.8131,34.6662,10,10,0,0.785211,0.769419,0.015792,0,0,0,0
3.4,1843,2,0.0902968,0.0902968,0.712332,0.348382,0.36395,34.8493,33.3935,11,11,0,0.894901,0.939205,0.044304,0,0,0,0
3.4,1843,3,0.301989,0.301989,0.604044,0.681255,0.0772111,34.4162,34.725,9,9,0,1.32067,1.28859,0.03208,0,0,0,0
3.5,1844,1,1.40999,1.40999,0.938326,0.953274,0.0149472,35.7533,35.8131,10,10,0,0.769419,0.780187,0.010768,0,0,1,0
3.5,1844,2,0.436269,0.436269,0.626481,0.712332,0.0858508,34.5059,34.8493,11,11,0,0.939205,0.922125,0.01708,0,0,0,0
3.5,1844,3,0.343607,0.343607,0.790273,0.604044,0.186229,35.1611,34.4162,9,9,0,1.28859,1.3215,0.032904,0,0,0,0
3.6,1845,1,1.5476,1.5476,0.422557,0.938326,0.51577,33.6902,35.7533,10,10,0,0.780187,0.764259,0.015928,0,0,0,0
3.6,1845,2,0.492322,0.492322,0.494286,0.626481,0.132195,33.9771,34.5059,11,11,0,0.922125,0.900021,0.022104,0,0,0,0
3.6,1845,3,0.0541342,0.0541342,0.955646,0.790273,0.165373,35.8226,35.1611,9,9,0,1.3215,1.3225,0.001,0,0,0,0
3.7,1846,1,0.496174,0.496174,0.78293,0.422557,0.360373,35.1317,33.6902,10,10,0,0.764259,0.697387,0.066872,0,0,0,0
3.7,1846,2,0.397341,0.397341,0.568054,0.494286,0.0737687,34.2722,33.9771,11,11,0,0.900021,0.912653,0.012632,0,0,0,0
3.7,1846,3,0.0895963,0.0895963,0.683459,0.955646,0.272186,34.7338,35.8226,9,9,0,1.3225,1.4621,0.139608,0,0,0,0
3.8,1847,1,0.448055,0.448055,0.991129,0.78293,0.208199,35.9645,35.1317,10,10,0,0.697387,0.718027,0.02064,0,0,0,0
3.8,1847,2,0.0267176,0.0267176,-0.11621,0.568054,0.684264,31.5352,34.2722,11,11,0,0.912653,0.886765,0.025888,0,0,0,0
3.8,1847,3,0.00594956,0.00594956,0.592345,0.683459,0.0911142,34.3694,34.7338,9,9,0,1.4621,1.36042,0.10168,0,1,0,0
3.9,1848,1,0.0534145,0.0534145,0.668299,0.991129,0.32283,34.6732,35.9645,10,10,0,0.718027,0.875235,0.157208,0,0,0,0
3.9,1848,2,0.0378801,0.0378801,0.537966,-0.11621,0.654176,34.1519,31.5352,11,11,0,0.886765,0.877333,0.009432,0,0,0,0
3.9,1848,3,0.399384,0.399384,0.832342,0.592345,0.239997,35.3294,34.3694,9,9,0,1.36042,1.29171,0.068712,0,0,0,0
4,1849,1,0.0213143,0.0213143,0.774615,0.668299,0.106316,35.0985,34.6732,10,10,0,0.875235,0.740275,0.13496,0,0,0,0
4,1849,2,0.780676,0.780676,0.0177432,0.537966,0.520223,32.071,34.1519,11,11,0,0.877333,0.696157,0.181176,0,0,0,0
4,1849,3,0.313864,0.313864,0.675617,0.832342,0.156725,34.7025,35.3294,9,9,0,1.29171,1.4431,0.151384,0,0,0,0
4.1,1850,1,0.062207,0.062207,0.966222,0.774615,0.191607,35.8649,35.0985,10,10,0,0.740275,0.785619,0.045344,0,0,0,0
4.1,1850,2,0.499358,0.499358,0.645123,0.0177432,0.62738,34.5805,32.071,11,11,0,0.696157,0.876253,0.180096,0,0,0,0
4.1,1850,3,0.260166,0.260166,0.803903,0.675617,0.128286,35.2156,34.7025,9,9,0,1.4431,1.33318,0.10992,0,0,0,0
4.2,1851,1,0.106822,0.106822,0.924252,0.966222,0.0419703,35.697,35.8649,10,10,0,0.785619,0.781779,0.00384,0,0,0,0
4.2,1851,2,0.339654,0.339654,0.759446,0.645123,0.114323,35.0378,34.5805,11,11,0,0.876253,0.749053,0.1272,0,0,0,0
4.2,1851,3,0.306191,0.306191,0.298779,0.803903,0.505125,33.1951,35.2156,9,9,0,1.33318,1.41819,0.085016,0,0,0,0
4.3,1852,1,0.151588,0.151588,0.918067,0.924252,0.00618494,35.6723,35.697,10,10,0,0.781779,0.787699,0.00592,0,0,1,0
4.3,1852,2,0.0768908,0.0768908,0.478995,0.759446,0.280451,33.916,35.0378,11,11,0,0.749053,0.946565,0.197512,0,0,0,0
4.3,1852,3,0.32558,0.32558,0.102611,0.298779,0.196168,32.4104,33.1951,9,9,0,1.41819,1.15389,0.264304,0,0,0,0
4.4,1853,1,0.391923,0.391923,0.4841,0.918067,0.433967,33.9364,35.6723,10,10,0,0.787699,0.896347,0.108648,0,0,0,0
4.4,1853,2,0.186354,0.186354,-0.109531,0.478995,0.588526,31.5619,33.916,11,11,0,0.946565,0.990573,0.044008,0,0,0,0
4.4,1853,3,0.103525,0.103525,0.32284,0.102611,0.220229,33.2914,32.4104,9,9,0,1.15389,1.03987,0.114016,0,0,0,0
4.5,1854,1,0.520428,0.520428,0.796195,0.4841,0.312095,35.1848,33.9364,10,10,0,0.896347,0.829251,0.067096,0,0,0,0
4.5,1854,2,0.567631,0.567631,0.444997,-0.109531,0.554529,33.78,31.5619,11,11,0,0.990573,0.867837,0.122736,0,0,0,0
4.5,1854,3,0.342799,0.342799,0.688075,0.32284,0.365235,34.7523,33.2914,9,9,0,1.03987,1.27504,0.235168,0,0,0,0
4.6,1855,1,0.17566,0.17566,0.952646,0.796195,0.156451,35.8106,35.1848,10,10,0,0.829251,0.841163,0.011912,0,0,0,0
4.6,1855,2,0.387265,0.387265,0.755765,0.444997,0.310768,35.0231,33.78,11,11,0,0.867837,0.832621,0.035216,0,0,0,0
4.6,1855,3,0.153407,0.153407,0.799397,0.688075,0.111323,35.1976,34.7523,9,9,0,1.27504,1.33768,0.06264,0,0,0,0
4.7,1856,1,0.1888,0.1888,0.103331,0.952646,0.849315,32.4133,35.8106,10,10,0,0.841163,0.776579,0.064584,0,0,0,0
4.7,1856,2,0.343469,0.343469,0.221323,0.755765,0.534442,32.8853,35.0231,11,11,0,0.832621,0.888165,0.055544,0,0,0,0
4.7,1856,3,0.277222,0.277222,0.804981,0.799397,0.005584,35.2199,35.1976,9,9,0,1.33768,1.3561,0.018416,0,0,1,0
4.8,1857,1,0.522978,0.522978,0.888559,0.103331,0.785228,35.5542,32.4133,10,10,0,0.776579,0.607419,0.16916,0,0,0,0
4.8,1857,2,0.372506,0.372506,0.632141,0.221323,0.410818,34.5286,32.8853,11,11,0,0.888165,0.976637,0.088472,0,0,0,0
4.8,1857,3,0.365833,0.365833,0.801674,0.804981,0.00330758,35.2067,35.2199,9,9,0,1.3561,1.52613,0.170032,0,0,1,0
4.9,1858,1,0.526618,0.526618,0.959734,0.888559,0.0711751,35.8389,35.5542,10,10,0,0.607419,0.650859,0.04344,0,0,0,0
4.9,1858,2,0.3003,0.3003,0.288072,0.632141,0.344068,33.1523,34.5286,11,11,0,0.976637,0.815461,0.161176,0,0,0,0
4.9,1858,3,0.0318902,0.0318902,0.298942,0.801674,0.502732,33.1958,35.2067,9,9,0,1.52613,1.45066,0.075472,0,0,0,0
5,1859,1,0.582122,0.582122,0.947733,0.959734,0.0120006,35.7909,35.8389,10,10,0,0.650859,0.823219,0.17236,0,0,1,0
5,1859,2,0.0994461,0.0994461,-0.0385752,0.288072,0.326648,31.8457,33.1523,11,11,0,0.815461,0.944005,0.128544,0,0,0,0
5,1859,3,0.0350885,0.0350885,0.661603,0.298942,0.362661,34.6464,33.1958,9,9,0,1.45066,1.19118,0.259472,0,0,0,0
5.1,1860,1,0.334986,0.334986,0.890274,0.947733,0.0574594,35.5611,35.7909,10,10,0,0.823219,0.913611,0.090392,0,0,0,0
5.1,1860,2,0.165399,0.165399,0.198421,-0.0385752,0.236996,32.7937,31.8457,11,11,0,0.944005,0.845357,0.098648,0,0,0,0
5.1,1860,3,0.0240911,0.0240911,0.338573,0.661603,0.32303,33.3543,34.6464,9,9,0,1.19118,1.35346,0.16228,0,0,0,0
5.2,1861,1,0.388652,0.388652,0.57362,0.890274,0.316654,34.2945,35.5611,10,10,0,0.913611,0.898603,0.015008,0,0,0,0
5.2,1861,2,0.00325871,0.00325871,-0.572326,0.198421,0.770747,29.7107,32.7937,11,11,0,0.845357,0.799133,0.046224,0,1,0,0
5.2,1861,3,0.0592946,0.0592946,0.713912,0.338573,0.375339,34.8556,33.3543,9,9,0,1.35346,1.23909,0.114376,0,0,0,0
5.3,1862,1,0.444212,0.444212,0.895032,0.57362,0.321412,35.5801,34.2945,10,10,0,0.898603,0.879867,0.018736,0,0,0,0
5.3,1862,2,0.165716,0.165716,0.740059,-0.572326,1.31239,34.9602,29.7107,11,11,0,0.799133,0.774693,0.02444,0,0,0,0
5.3,1862,3,0.22094,0.22094,0.967721,0.713912,0.253809,35.8709,34.8556,9,9,0,1.23909,1.47005,0.23096,0,0,0,0
5.4,1863,1,0.347462,0.347462,0.746849,0.895032,0.148184,34.9874,35.5801,10,10,0,0.879867,0.793547,0.08632,0,0,0,0
5.4,1863,2,0.116547,0.116547,0.902331,0.740059,0.162273,35.6093,34.9602,11,11,0,0.774693,0.567397,0.207296,0,0,0,0
5.4,1863,3,0.305446,0.305446,0.374286,0.967721,0.593435,33.4971,35.8709,9,9,0,1.47005,1.44035,0.029696,0,0,0,0
5.5,1864,1,0.461939,0.461939,0.600211,0.746849,0.146638,34.4008,34.9874,10,10,0,0.793547,0.718427,0.07512,0,0,0,0
5.5,1864,2,0.27727,0.27727,-0.393201,0.902331,1.29553,30.4272,35.6093,11,11,0,0.567397,0.944421,0.377024,0,0,0,0
5.5,1864,3,0.115581,0.115581,0.377408,0.374286,0.00312215,33.5096,33.4971,9,9,0,1.44035,1.1957,0.244648,0,0,1,0
5.6,1865,1,0.813159,0.813159,0.885191,0.600211,0.28498,35.5408,34.4008,10,10,0,0.718427,0.834067,0.11564,0,0,0,0
5.6,1865,2,0.0147665,0.0147665,0.064091,-0.393201,0.457292,32.2564,30.4272,11,11,0,0.944421,0.870725,0.073696,0,1,0,0
5.6,1865,3,0.372938,0.372938,0.68603,0.377408,0.308622,34.7441,33.5096,9,9,0,1.1957,1.30087,0.105168,0,0,0,0
5.7,1866,1,0.0643867,0.0643867,0.736651,0.885191,0.14854,34.9466,35.5408,10,10,0,0.834067,0.873675,0.039608,0,0,0,0
5.7,1866,2,0.689161,0.689161,0.320951,0.064091,0.25686,33.2838,32.2564,11,11,0,0.870725,0.801085,0.06964,0,0,0,0
5.7,1866,3,0.763918,0.763918,-0.0653687,0.68603,0.751399,31.7385,34.7441,9,9,0,1.30087,1.38774,0.086872,0,0,0,0
5.8,1867,1,0.0823616,0.0823616,0.78743,0.736651,0.0507789,35.1497,34.9466,10,10,0,0.873675,0.874379,0.000704,0,0,0,0
5.8,1867,2,0.104849,0.104849,-0.357317,0.320951,0.678268,30.5707,33.2838,11,11,0,0.801085,0.762285,0.0388,0,0,0,0
5.8,1867,3,0.588305,0.588305,0.507344,-0.0653687,0.572713,34.0294,31.7385,9,9,0,1.38774,1.1499,0.23784,0,0,0,0
5.9,1868,1,0.0353593,0.0353593,0.85305,0.78743,0.0656198,35.4122,35.1497,10,10,0,0.874379,0.960819,0.08644,0,0,0,0
5.9,1868,2,0.313541,0.313541,0.582757,-0.357317,0.940075,34.331,30.5707,11,11,0,0.762285,0.838133,0.075848,0,0,0,0
5.9,1868,3,0.0997353,0.0997353,-0.504434,0.507344,1.01178,29.9823,34.0294,9,9,0,1.1499,1.23119,0.081288,0,0,0,0
6,1869,1,0.317045,0.317045,0.977822,0.85305,0.124773,35.9113,35.4122,10,10,0,0.960819,0.972139,0.01132,0,0,0,0
6,1869,2,0.992119,0.992119,-0.3154,0.582757,0.898157,30.7384,34.331,11,11,0,0.838133,0.636861,0.201272,0,0,0,0
6,1869,3,0.244795,0.244795,0.757921,-0.504434,1.26236,35.0317,29.9823,9,9,0,1.23119,1.15805,0.073144,0,0,0,0
6.1,1870,1,0.0558971,0.0558971,0.857806,0.977822,0.120017,35.4312,35.9113,10,10,0,0.972139,0.900075,0.072064,0,0,0,0
6.1,1870,2,0.377393,0.377393,0.946678,-0.3154,1.26208,35.7867,30.7384,11,11,0,0.636861,0.846821,0.20996,0,0,0,0
6.1,1870,3,0.171363,0.171363,0.651496,0.757921,0.106426,34.606,35.0317,9,9,0,1.15805,1.20502,0.046968,0,0,0,0
6.2,1871,1,0.229099,0.229099,-0.139318,0.857806,0.997124,31.4427,35.4312,10,10,0,0.900075,0.794283,0.105792,0,0,0,0
6.2,1871,2,1.24479,1.24479,-0.696346,0.946678,1.64302,29.2146,35.7867,11,11,0,0.846821,0.589997,0.256824,0,0,0,0
6.2,1871,3,0.00685871,0.00685871,0.150933,0.651496,0.500562,32.6037,34.606,9,9,0,1.20502,1.24975,0.044736,0,1,0,0
6.3,1872,1,0.788601,0.788601,-0.124779,-0.139318,0.0145386,31.5009,31.4427,10,10,0,0.794283,0.710523,0.08376,0,0,1,0
6.3,1872,2,0.228115,0.228115,0.837646,-0.696346,1.53399,35.3506,29.2146,11,11,0,0.589997,0.940197,0.3502,0,0,0,0
6.3,1872,3,0.425751,0.425751,0.357672,0.150933,0.206739,33.4307,32.6037,9,9,0,1.24975,1.42915,0.1794,0,0,0,0
6.4,1873,1,0.635368,0.635368,0.819107,-0.124779,0.943886,35.2764,31.5009,10,10,0,0.710523,0.561635,0.148888,0,0,0,0
6.4,1873,2,0.424643,0.424643,0.599451,0.837646,0.238195,34.3978,35.3506,11,11,0,0.940197,0.831277,0.10892,0,0,0,0
6.4,1873,3,0.280691,0.280691,0.899248,0.357672,0.541576,35.597,33.4307,9,9,0,1.42915,1.42013,0.009024,0,0,0,0
6.5,1874,1,0.299802,0.299802,0.906225,0.819107,0.0871185,35.6249,35.2764,10,10,0,0.561635,0.620155,0.05852,0,0,0,0
6.5,1874,2,0.867781,0.867781,0.245508,0.599451,0.353943,32.982,34.3978,11,11,0,0.831277,1.06333,0.232056,0,0,0,0
6.5,1874,3,0.062906,0.062906,0.0286807,0.899248,0.870568,32.1147,35.597,9,9,0,1.42013,1.36983,0.050296,0,0,0,0
6.6,1875,1,0.933149,0.933149,0.0111543,0.906225,0.895071,32.0446,35.6249,10,10,0,0.620155,0.931499,0.311344,0,0,0,0
6.6,1875,2,1.12938,1.12938,0.310666,0.245508,0.0651576,33.2427,32.982,11,11,0,1.06333,0.887485,0.175848,0,0,0,0
6.6,1875,3,0.0213386,0.0213386,0.880501,0.0286807,0.85182,35.522,32.1147,9,9,0,1.36983,1.20206,0.167776,0,0,0,0
6.7,1876,1,0.131073,0.131073,0.989785,0.0111543,0.978631,35.9591,32.0446,10,10,0,0.931499,0.691299,0.2402,0,0,0,0
6.7,1876,2,0.577268,0.577268,0.940312,0.310666,0.629646,35.7612,33.2427,11,11,0,0.887485,0.848181,0.039304,0,0,0,0
6.7,1876,3,0.76322,0.76322,0.675449,0.880501,0.205052,34.7018,35.522,9,9,0,1.20206,1.42145,0.219392,0,0,0,0
6.8,1877,1,0.508848,0.508848,0.901602,0.989785,0.0881833,35.6064,35.9591,10,10,0,0.691299,0.656835,0.034464,0,0,0,0
6.8,1877,2,0.349263,0.349263,0.804501,0.940312,0.135811,35.218,35.7612,11,11,0,0.848181,0.944245,0.096064,0,0,0,0
6.8,1877,3,0.797764,0.797764,-0.238998,0.675449,0.914447,31.044,34.7018,9,9,0,1.42145,1.33776,0.083688,0,0,0,0
6.9,1878,1,0.326872,0.326872,0.8189,0.901602,0.0827015,35.2756,35.6064,10,10,0,0.656835,0.803547,0.146712,0,0,0,0
6.9,1878,2,0.45261,0.45261,0.771346,0.804501,0.0331557,35.0854,35.218,11,11,0,0.944245,1.01581,0.071568,0,0,0,0
6.9,1878,3,0.161462,0.161462,-0.131075,-0.238998,0.107923,31.4757,31.044,9,9,0,1.33776,1.07078,0.266984,0,0,0,0
7,1879,1,0.0373384,0.0373384,0.795566,0.8189,0.0233339,35.1823,35.2756,10,10,0,0.803547,0.850307,0.04676,0,0,0,0
7,1879,2,0.669609,0.669609,0.574694,0.771346,0.196652,34.2988,35.0854,11,11,0,1.01581,1.10855,0.092736,0,0,0,0
7,1879,3,0.362705,0.362705,0.591525,-0.131075,0.7226,34.3661,31.4757,9,9,0,1.07078,0.99576,0.075016,0,0,0,0
7.1,1880,1,0.583976,0.583976,0.0490471,0.795566,0.746519,32.1962,35.1823,10,10,0,0.850307,0.830547,0.01976,0,0,0,0
7.1,1880,2,1.30044,1.30044,0.410836,0.574694,0.163858,33.6433,34.2988,11,11,0,1.10855,1.00678,0.101768,0,0,0,0
7.1,1880,3,0.654874,0.654874,0.540393,0.591525,0.0511312,34.1616,34.3661,9,9,0,0.99576,1.14245,0.146688,0,0,0,0
7.2,1881,1,0.629916,0.629916,0.744786,0.0490471,0.695739,34.9791,32.1962,10,10,0,0.830547,0.678171,0.152376,0,0,0,0
7.2,1881,2,0.746646,0.746646,0.398053,0.410836,0.0127827,33.5922,33.6433,11,11,0,1.00678,0.933029,0.073752,0,0,1,0
7.2,1881,3,0.32133,0.32133,0.965174,0.540393,0.424781,35.8607,34.1616,9,9,0,1.14245,1.49181,0.34936,0,0,0,0
7.3,1882,1,0.127716,0.127716,0.665648,0.744786,0.0791379,34.6626,34.9791,10,10,0,0.678171,0.621427,0.056744,0,0,0,0
7.3,1882,2,0.484319,0.484319,0.577943,0.398053,0.17989,34.3118,33.5922,11,11,0,0.933029,0.928261,0.004768,0,0,0,0
7.3,1882,3,0.322105,0.322105,0.50373,0.965174,0.461444,34.0149,35.8607,9,9,0,1.49181,1.51938,0.027568,0,0,0,0
7.4,1883,1,0.0802734,0.0802734,0.810612,0.665648,0.144965,35.2424,34.6626,10,10,0,0.621427,0.716035,0.094608,0,0,0,0
7.4,1883,2,0.883677,0.883677,0.841493,0.577943,0.263551,35.366,34.3118,11,11,0,0.928261,0.839829,0.088432,0,0,0,0
7.4,1883,3,1.05183,1.05183,0.272625,0.50373,0.231105,33.0905,34.0149,9,9,0,1.51938,1.46949,0.049888,0,0,0,0
7.5,1884,1,0.974402,0.974402,0.89676,0.810612,0.0861471,35.587,35.2424,10,10,0,0.716035,0.740587,0.024552,0,0,0,0
7.5,1884,2,0.960267,0.960267,0.782367,0.841493,0.0591266,35.1295,35.366,11,11,0,0.839829,1.01978,0.179952,0,0,0,0
7.5,1884,3,0.205531,0.205531,0.71099,0.272625,0.438364,34.844,33.0905,9,9,0,1.46949,1.15078,0.318712,0,0,0,0
7.6,1885,1,1.05991,1.05991,0.974961,0.89676,0.0782015,35.8998,35.587,10,10,0,0.740587,0.736187,0.0044,0,0,0,0
7.6,1885,2,0.010339,0.010339,0.770839,0.782367,0.0115281,35.0834,35.1295,11,11,0,1.01978,1.03375,0.013968,0,1,1,0
7.6,1885,3,0.125951,0.125951,0.688275,0.71099,0.0227149,34.7531,34.844,9,9,0,1.15078,1.22474,0.07396,0,0,0,0
7.7,1886,1,0.27633,0.27633,0.185469,0.974961,0.789492,32.7419,35.8998,10,10,0,0.736187,0.733235,0.002952,0,0,0,0
7.7,1886,2,1.75347,1.75347,0.94365,0.770839,0.172811,35.7746,35.0834,11,11,0,1.03375,1.0629,0.029152,0,0,0,0
7.7,1886,3,0.149022,0.149022,0.930523,0.688275,0.242248,35.7221,34.7531,9,9,0,1.22474,1.2501,0.02536,0,0,0,0
7.8,1887,1,0.590739,0.590739,0.78483,0.185469,0.599361,35.1393,32.7419,10,10,0,0.733235,0.570923,0.162312,0,0,0,0
7.8,1887,2,0.376903,0.376903,0.96812,0.94365,0.0244699,35.8725,35.7746,11,11,0,1.0629,1.07319,0.010288,0,0,0,0
7.8,1887,3,0.144399,0.144399,0.922378,0.930523,0.00814462,35.6895,35.7221,9,9,0,1.2501,1.47003,0.219936,0,0,1,0
7.9,1888,1,0.654975,0.654975,0.924184,0.78483,0.139354,35.6967,35.1393,10,10,0,0.570923,0.620659,0.049736,0,0,0,0
7.9,1888,2,0.652055,0.652055,0.574379,0.96812,0.393741,34.2975,35.8725,11,11,0,1.07319,1.0149,0.058288,0,0,0,0
7.9,1888,3,1.44215,1.44215,0.676461,0.922378,0.245917,34.7058,35.6895,9,9,0,1.47003,1.40894,0.061088,0,0,0,0
8,1889,1,0.488846,0.488846,0.780311,0.924184,0.143873,35.1212,35.6967,10,10,0,0.620659,0.803443,0.182784,0,0,0,0
8,1889,2,0.578524,0.578524,0.0596648,0.574379,0.514714,32.2387,34.2975,11,11,0,1.0149,0.964973,0.049928,0,0,0,0
8,1889,3,1.01008,1.01008,0.987063,0.676461,0.310602,35.9483,34.7058,9,9,0,1.40894,1.27432,0.134624,0,0,0,0
8.1,1890,1,0.685879,0.685879,0.829976,0.780311,0.0496657,35.3199,35.1212,10,10,0,0.803443,0.856451,0.053008,0,0,0,0
8.1,1890,2,0.671185,0.671185,0.560645,0.0596648,0.50098,34.2426,32.2387,11,11,0,0.964973,0.841117,0.123856,0,0,0,0
8.1,1890,3,0.0355118,0.0355118,0.930552,0.987063,0.0565115,35.7222,35.9483,9,9,0,1.27432,1.4819,0.207584,0,0,0,0
8.2,1891,1,1.46436,1.46436,-0.245589,0.829976,1.07557,31.0176,35.3199,10,10,0,0.856451,0.799051,0.0574,0,0,0,0
8.2,1891,2,0.123019,0.123019,0.724921,0.560645,0.164276,34.8997,34.2426,11,11,0,0.841117,0.717629,0.123488,0,0,0,0
8.2,1891,3,0.29627,0.29627,0.424281,0.930552,0.506271,33.6971,35.7222,9,9,0,1.4819,1.4896,0.007696,0,0,0,0
8.3,1892,1,1.43566,1.43566,0.896761,-0.245589,1.14235,35.587,31.0176,10,10,0,0.799051,0.621595,0.177456,0,0,0,0
8.3,1892,2,0.328829,0.328829,0.376631,0.724921,0.34829,33.5065,34.8997,11,11,0,0.717629,0.957349,0.23972,0,0,0,0
8.3,1892,3,1.55752,1.55752,0.801565,0.424281,0.377284,35.2063,33.6971,9,9,0,1.4896,1.47954,0.010056,0,0,0,0
8.4,1893,1,1.185,1.185,0.903093,0.896761,0.00633192,35.6124,35.587,10,10,0,0.621595,0.747363,0.125768,0,0,1,0
8.4,1893,2,0.566014,0.566014,0.253576,0.376631,0.123055,33.0143,33.5065,11,11,0,0.957349,0.934949,0.0224,0,0,0,0
8.4,1893,3,1.42534,1.42534,0.729437,0.801565,0.0721273,34.9177,35.2063,9,9,0,1.47954,1.41633,0.063216,0,0,0,0
8.5,1894,1,1.14718,1.14718,0.163039,0.903093,0.740055,32.6522,35.6124,10,10,0,0.747363,0.838979,0.091616,0,0,0,0
8.5,1894,2,0.0685332,0.0685332,0.816666,0.253576,0.563091,35.2667,33.0143,11,11,0,0.934949,0.802485,0.132464,0,0,0,0
8.5,1894,3,0.187645,0.187645,0.0514024,0.729437,0.678035,32.2056,34.9177,9,9,0,1.41633,1.43122,0.014896,0,0,0,0
8.6,1895,1,0.0614231,0.0614231,0.889203,0.163039,0.726165,35.5568,32.6522,10,10,0,0.838979,0.669155,0.169824,0,0,0,0
8.6,1895,2,0.177792,0.177792,0.525604,0.816666,0.291062,34.1024,35.2667,11,11,0,0.802485,0.942157,0.139672,0,0,0,0
8.6,1895,3,1.06444,1.06444,0.947144,0.0514024,0.895741,35.7886,32.2056,9,9,0,1.43122,1.30233,0.128896,0,0,0,0
8.7,1896,1,0.0217944,0.0217944,0.980375,0.889203,0.091172,35.9215,35.5568,10,10,0,0.669155,0.666291,0.002864,0,0,0,0
8.7,1896,2,0.308281,0.308281,0.682852,0.525604,0.157248,34.7314,34.1024,11,11,0,0.942157,1.00938,0.067224,0,0,0,0
8.7,1896,3,0.785424,0.785424,0.993166,0.947144,0.0460221,35.9727,35.7886,9,9,0,1.30233,1.37422,0.071896,0,0,0,0
8.8,1897,1,0.00545913,0.00545913,0.899828,0.980375,0.0805476,35.5993,35.9215,10,10,0,0.666291,0.731195,0.064904,0,1,0,0
8.8,1897,2,0.0221483,0.0221483,-0.0299988,0.682852,0.712851,31.88,34.7314,11,11,0,1.00938,0.946749,0.062632,0,0,0,0
8.8,1897,3,0.319421,0.319421,0.951102,0.993166,0.042064,35.8044,35.9727,9,9,0,1.37422,1.44743,0.073208,0,0,0,0
8.9,1898,1,0.276712,0.276712,0.73556,0.899828,0.164267,34.9422,35.5993,10,10,0,0.731195,0.823667,0.092472,0,0,0,0
8.9,1898,2,0.399586,0.399586,0.905565,-0.0299988,0.935564,35.6223,31.88,11,11,0,0.946749,0.779229,0.16752,0,0,0,0
8.9,1898,3,0.240216,0.240216,0.818484,0.951102,0.132618,35.2739,35.8044,9,9,0,1.44743,1.51229,0.064856,0,0,0,0
9,1899,1,0.101652,0.101652,0.801588,0.73556,0.0660279,35.2064,34.9422,10,10,0,0.823667,0.705395,0.118272,0,0,0,0
9,1899,2,0.710488,0.710488,-0.725771,0.905565,1.63134,29.0969,35.6223,11,11,0,0.779229,0.642853,0.136376,0,0,0,0
9,1899,3,0.264978,0.264978,0.552391,0.818484,0.266093,34.2096,35.2739,9,9,0,1.51229,1.467,0.045288,0,0,0,0
9.1,1900,1,0.45382,0.45382,0.322996,0.801588,0.478592,33.292,35.2064,10,10,0,0.705395,0.889531,0.184136,0,0,0,0
9.1,1900,2,0.488328,0.488328,-0.309164,-0.725771,0.416608,30.7633,29.0969,11,11,0,0.642853,0.855725,0.212872,0,0,0,0
9.1,1900,3,0.42867,0.42867,0.954696,0.552391,0.402305,35.8188,34.2096,9,9,0,1.467,1.52598,0.058984,0,0,0,0
9.2,1901,1,0.594548,0.594548,0.742407,0.322996,0.419411,34.9696,33.292,10,10,0,0.889531,0.785595,0.103936,0,0,0,0
9.2,1901,2,0.55189,0.55189,0.927401,-0.309164,1.23656,35.7096,30.7633,11,11,0,0.855725,0.738229,0.117496,0,0,0,0
9.2,1901,3,0.139342,0.139342,0.756655,0.954696,0.198041,35.0266,35.8188,9,9,0,1.52598,1.61994,0.09396,0,0,0,0
9.3,1902,1,0.282114,0.282114,-0.412795,0.742407,1.1552,30.3488,34.9696,10,10,0,0.785595,0.657755,0.12784,0,0,0,0
9.3,1902,2,0.59324,0.59324,0.873493,0.927401,0.0539081,35.494,35.7096,11,11,0,0.738229,0.668925,0.069304,0,0,0,0
9.3,1902,3,0.17324,0.17324,0.785503,0.756655,0.0288477,35.142,35.0266,9,9,0,1.61994,1.47971,0.140232,0,0,0,0
9.4,1903,1,1.49688,1.49688,0.540296,-0.412795,0.953091,34.1612,30.3488,10,10,0,0.657755,0.431731,0.226024,0,0,0,0
9.4,1903,2,0.441953,0.441953,0.551728,0.873493,0.321764,34.2069,35.494,11,11,0,0.668925,1.02217,0.35324,0,0,0,0
9.4,1903,3,0.649444,0.649444,0.834708,0.785503,0.0492054,35.3388,35.142,9,9,0,1.47971,1.58693,0.107216,0,0,0,0
9.5,1904,1,0.93094,0.93094,0.615367,0.540296,0.0750713,34.4615,34.1612,10,10,0,0.431731,0.564747,0.133016,0,0,0,0
9.5,1904,2,0.30129,0.30129,-0.0880939,0.551728,0.639822,31.6476,34.2069,11,11,0,1.02217,1.06677,0.044608,0,0,0,0
9.5,1904,3,0.585136,0.585136,0.680787,0.834708,0.153921,34.7231,35.3388,9,9,0,1.58693,1.50816,0.078768,0,0,0,0
9.6,1905,1,0.428033,0.428033,0.834457,0.615367,0.219089,35.3378,34.4615,10,10,0,0.564747,0.790491,0.225744,0,0,0,0
9.6,1905,2,0.303836,0.303836,0.29413,-0.0880939,0.382224,33.1765,31.6476,11,11,0,1.06677,0.831837,0.234936,0,0,0,0
9.6,1905,3,0.0419155,0.0419155,0.80291,0.680787,0.122123,35.2116,34.7231,9,9,0,1.50816,1.52366,0.015504,0,0,0,0
9.7,1906,1,0.985924,0.985924,0.83619,0.834457,0.00173289,35.3448,35.3378,10,10,0,0.790491,0.846555,0.056064,0,0,1,0
9.7,1906,2,1.09879,1.09879,0.395145,0.29413,0.101014,33.5806,33.1765,11,11,0,0.831837,0.717205,0.114632,0,0,0,0
9.7,1906,3,0.126086,0.126086,-0.524087,0.80291,1.327,29.9037,35.2116,9,9,0,1.52366,1.5102,0.013464,0,0,0,0
9.8,1907,1,1.13937,1.13937,0.900516,0.83619,0.0643265,35.6021,35.3448,10,10,0,0.846555,0.986803,0.140248,0,0,0,0
9.8,1907,2,0.76559,0.76559,0.515376,0.395145,0.120231,34.0615,33.5806,11,11,0,0.717205,0.833805,0.1166,0,0,0,0
9.8,1907,3,0.0613246,0.0613246,0.531934,-0.524087,1.05602,34.1277,29.9037,9,9,0,1.5102,1.1797,0.330504,0,0,0,0
9.9,1908,1,0.325226,0.325226,0.944728,0.900516,0.0442122,35.7789,35.6021,10,10,0,0.986803,0.904795,0.082008,0,0,0,0
9.9,1908,2,0.453447,0.453447,0.90863,0.515376,0.393254,35.6345,34.0615,11,11,0,0.833805,0.976733,0.142928,0,0,0,0
9.9,1908,3,0.195473,0.195473,0.29435,0.531934,0.237583,33.1774,34.1277,9,9,0,1.1797,1.19476,0.015064,0,0,0,0
10,1909,1,0.220941,0.220941,0.963966,0.944728,0.0192379,35.8559,35.7789,10,10,0,0.904795,0.792619,0.112176,0,0,1,0
10,1909,2,0.603551,0.603551,0.347128,0.90863,0.561501,33.3885,35.6345,11,11,0,0.976733,0.954797,0.021936,0,0,0,0
10,1909,3,0.290875,0.290875,0.58859,0.29435,0.29424,34.3544,33.1774,9,9,0,1.19476,1.21066,0.015896,0,0,0,0
10.1,1910,1,0.117972,0.117972,0.768266,0.963966,0.1957,35.0731,35.8559,10,10,0,0.792619,0.827739,0.03512,0,0,0,0
10.1,1910,2,0.0623374,0.0623374,-0.0211147,0.347128,0.368243,31.9155,33.3885,11,11,0,0.954797,0.986437,0.03164,0,0,0,0
10.1,1910,3,0.136092,0.136092,-0.11674,0.58859,0.70533,31.533,34.3544,9,9,0,1.21066,1.34498,0.134328,0,0,0,0
10.2,1911,1,0.082763,0.082763,0.818087,0.768266,0.0498213,35.2723,35.0731,10,10,0,0.827739,1.07655,0.248816,0,0,0,0
10.2,1911,2,0.397842,0.397842,0.6953,-0.0211147,0.716415,34.7812,31.9155,11,11,0,0.986437,0.891029,0.095408,0,0,0,0
10.2,1911,3,0.291615,0.291615,0.761237,-0.11674,0.877977,35.0449,31.533,9,9,0,1.34498,1.17682,0.16816,0,0,0,0
10.3,1912,1,0.0887904,0.0887904,0.482164,0.818087,0.335923,33.9287,35.2723,10,10,0,1.07655,0.846075,0.23048,0,0,0,0
10.3,1912,2,0.510438,0.510438,0.692514,0.6953,0.00278592,34.7701,34.7812,11,11,0,0.891029,0.806797,0.084232,0,0,1,0
10.3,1912,3,0.0898507,0.0898507,0.595763,0.761237,0.165475,34.3831,35.0449,9,9,0,1.17682,1.40266,0.225832,0,0,0,0
10.4,1913,1,0.280356,0.280356,0.710426,0.482164,0.228262,34.8417,33.9287,10,10,0,0.846075,0.769715,0.07636,0,0,0,0
10.4,1913,2,0.270338,0.270338,0.94252,0.692514,0.250005,35.7701,34.7701,11,11,0,0.806797,0.956989,0.150192,0,0,0,0
10.4,1913,3,0.0701346,0.0701346,0.375322,0.595763,0.22044,33.5013,34.3831,9,9,0,1.40266,1.4543,0.051648,0,0,0,0
10.5,1914,1,0.975567,0.975567,0.896044,0.710426,0.185618,35.5842,34.8417,10,10,0,0.769715,0.656107,0.113608,0,0,0,0
10.5,1914,2,0.248481,0.248481,0.624486,0.94252,0.318033,34.4979,35.7701,11,11,0,0.956989,1.05248,0.095488,0,0,0,0
10.5,1914,3,0.370172,0.370172,0.932081,0.375322,0.556759,35.7283,33.5013,9,9,0,1.4543,1.28264,0.171664,0,0,0,0
10.6,1915,1,0.855087,0.855087,0.563557,0.896044,0.332488,34.2542,35.5842,10,10,0,0.656107,0.753859,0.097752,0,0,0,0
10.6,1915,2,0.095696,0.095696,-0.0121847,0.624486,0.636671,31.9513,34.4979,11,11,0,1.05248,1.00121,0.051264,0,0,0,0
10.6,1915,3,0.509833,0.509833,0.930223,0.932081,0.00185847,35.7209,35.7283,9,9,0,1.28264,1.39612,0.11348,0,0,1,0
10.7,1916,1,0.357457,0.357457,0.902786,0.563557,0.339229,35.6111,34.2542,10,10,0,0.753859,0.803531,0.049672,0,0,0,0
10.7,1916,2,1.07549,1.07549,0.4685,-0.0121847,0.480685,33.874,31.9513,11,11,0,1.00121,0.812565,0.188648,0,0,0,0
10.7,1916,3,0.123287,0.123287,0.84175,0.930223,0.0884733,35.367,35.7209,9,9,0,1.39612,1.59555,0.199432,0,0,0,0
10.8,1917,1,0.644811,0.644811,0.0803879,0.902786,0.822398,32.3216,35.6111,10,10,0,0.803531,0.801731,0.0018,0,0,0,0
10.8,1917,2,1.2727,1.2727,0.819024,0.4685,0.350524,35.2761,33.874,11,11,0,0.812565,0.695397,0.117168,0,0,0,0
10.8,1917,3,0.295176,0.295176,0.696018,0.84175,0.145731,34.7841,35.367,9,9,0,1.59555,1.45362,0.141928,0,0,0,0
10.9,1918,1,0.158306,0.158306,0.946027,0.0803879,0.865639,35.7841,32.3216,10,10,0,0.801731,0.644523,0.157208,0,0,0,0
10.9,1918,2,1.32835,1.32835,0.606293,0.819024,0.21273,34.4252,35.2761,11,11,0,0.695397,0.841445,0.146048,0,0,0,0
10.9,1918,3,0.0233535,0.0233535,0.0186302,0.696018,0.677388,32.0745,34.7841,9,9,0,1.45362,1.4178,0.035824,0,0,0,0
11,1919,1,0.0636776,0.0636776,0.922809,0.946027,0.0232183,35.6912,35.7841,10,10,0,0.644523,0.782867,0.138344,0,0,0,0
11,1919,2,1.33894,1.33894,0.878741,0.606293,0.272447,35.515,34.4252,11,11,0,0.841445,1.11677,0.275328,0,0,0,0
11,1919,3,0.551826,0.551826,0.944373,0.0186302,0.925743,35.7775,32.0745,9,9,0,1.4178,1.19924,0.21856,0,0,0,0
11.1,1920,1,0.124718,0.124718,0.897619,0.922809,0.0251901,35.5905,35.6912,10,10,0,0.782867,0.772219,0.010648,0,0,0,0
11.1,1920,2,0.0350373,0.0350373,0.271595,0.878741,0.607146,33.0864,35.515,11,11,0,1.11677,0.993565,0.123208,0,0,0,0
11.1,1920,3,0.189873,0.189873,0.859196,0.944373,0.0851771,35.4368,35.7775,9,9,0,1.19924,1.3626,0.16336,0,0,0,0
11.2,1921,1,0.430746,0.430746,0.134722,0.897619,0.762897,32.5389,35.5905,10,10,0,0.772219,0.786059,0.01384,0,0,0,0
11.2,1921,2,0.00618786,0.00618786,0.175084,0.271595,0.096511,32.7003,33.0864,11,11,0,0.993565,0.902061,0.091504,0,1,0,0
11.2,1921,3,0.353961,0.353961,-0.119605,0.859196,0.978801,31.5216,35.4368,9,9,0,1.3626,1.49054,0.127944,0,0,0,0
11.3,1922,1,1.48663,1.48663,-0.160834,0.134722,0.295556,31.3567,32.5389,10,10,0,0.786059,0.785427,0.000632,0,0,0,0
11.3,1922,2,0.0784101,0.0784101,0.548412,0.175084,0.373328,34.1936,32.7003,11,11,0,0.902061,0.769421,0.13264,0,0,0,0
11.3,1922,3,0.0640792,0.0640792,0.113188,-0.119605,0.232794,32.4528,31.5216,9,9,0,1.49054,1.28579,0.204752,0,0,0,0
11.4,1923,1,0.84189,0.84189,0.926794,-0.160834,1.08763,35.7072,31.3567,10,10,0,0.785427,0.626843,0.158584,0,0,0,0
11.4,1923,2,1.34536,1.34536,0.821993,0.548412,0.273581,35.288,34.1936,11,11,0,0.769421,1.02806,0.25864,0,0,0,0
11.4,1923,3,0.941285,0.941285,0.742475,0.113188,0.629286,34.9699,32.4528,9,9,0,1.28579,1.37402,0.088232,0,0,0,0
11.5,1924,1,0.328246,0.328246,-0.217613,0.926794,1.14441,31.1295,35.7072,10,10,0,0.626843,0.664827,0.037984,0,0,0,0
11.5,1924,2,0.113903,0.113903,0.210202,0.821993,0.611791,32.8408,35.288,11,11,0,1.02806,1.12481,0.096744,0,0,0,0
11.5,1924,3,1.08504,1.08504,0.505501,0.742475,0.236974,34.022,34.9699,9,9,0,1.37402,1.23115,0.142872,0,0,0,0
11.6,1925,1,0.161038,0.161038,0.927675,-0.217613,1.14529,35.7107,31.1295,10,10,0,0.664827,0.630603,0.034224,0,0,0,0
11.6,1925,2,1.30061,1.30061,0.0598067,0.210202,0.150395,32.2392,32.8408,11,11,0,1.12481,0.974085,0.15072,0,0,0,0
11.6,1925,3,0.00998324,0.00998324,-0.433019,0.505501,0.938519,30.2679,34.022,9,9,0,1.23115,1.52805,0.296896,0,1,0,0
11.7,1926,1,0.384854,0.384854,0.988826,0.927675,0.0611514,35.9553,35.7107,10,10,0,0.630603,0.976051,0.345448,0,0,0,0
11.7,1926,2,0.0349888,0.0349888,0.376243,0.0598067,0.316436,33.505,32.2392,11,11,0,0.974085,0.973885,0.0002,0,0,0,0
11.7,1926,3,0.369347,0.369347,0.839402,-0.433019,1.27242,35.3576,30.2679,9,9,0,1.52805,1.29257,0.23548,0,0,0,0
11.8,1927,1,0.261598,0.261598,0.814602,0.988826,0.174224,35.2584,35.9553,10,10,0,0.976051,0.866747,0.109304,0,0,0,0
11.8,1927,2,0.0948675,0.0948675,0.753245,0.376243,0.377002,35.013,33.505,11,11,0,0.973885,0.904301,0.069584,0,0,0,0
11.8,1927,3,0.188705,0.188705,0.859608,0.839402,0.0202066,35.4384,35.3576,9,9,0,1.29257,1.40357,0.111,0,0,0,0
11.9,1928,1,0.0688189,0.0688189,0.783447,0.814602,0.0311548,35.1338,35.2584,10,10,0,0.866747,0.798283,0.068464,0,0,0,0
11.9,1928,2,0.101555,0.101555,0.44124,0.753245,0.312004,33.765,35.013,11,11,0,0.904301,0.752125,0.152176,0,0,0,0
11.9,1928,3,0.183796,0.183796,0.808855,0.859608,0.0507534,35.2354,35.4384,9,9,0,1.40357,1.42971,0.026144,0,0,0,0
12,1929,1,0.29885,0.29885,0.977994,0.783447,0.194547,35.912,35.1338,10,10,0,0.798283,0.783243,0.01504,0,0,0,0
12,1929,2,1.1941,1.1941,0.595396,0.44124,0.154155,34.3816,33.765,11,11,0,0.752125,0.987805,0.23568,0,0,0,0
12,1929,3,0.365435,0.365435,0.853576,0.808855,0.0447211,35.4143,35.2354,9,9,0,1.42971,1.44185,0.012136,0,0,0,0
12.1,1930,1,0.684472,0.684472,0.242914,0.977994,0.73508,32.9717,35.912,10,10,0,0.783243,0.803043,0.0198,0,0,0,0
12.1,1930,2,1.13144,1.13144,0.313312,0.595396,0.282084,33.2532,34.3816,11,11,0,0.987805,0.754125,0.23368,0,0,0,0
12.1,1930,3,0.143362,0.143362,0.862035,0.853576,0.00845844,35.4481,35.4143,9,9,0,1.44185,1.42363,0.018216,0,0,1,0
12.2,1931,1,0.0863095,0.0863095,0.903511,0.242914,0.660597,35.614,32.9717,10,10,0,0.803043,0.635987,0.167056,0,0,0,0
12.2,1931,2,0.195173,0.195173,0.778045,0.313312,0.464734,35.1122,33.2532,11,11,0,0.754125,0.941781,0.187656,0,0,0,0
12.2,1931,3,0.476429,0.476429,0.962995,0.862035,0.10096,35.852,35.4481,9,9,0,1.42363,1.56209,0.138456,0,0,0,0
12.3,1932,1,0.231543,0.231543,0.549758,0.903511,0.353753,34.199,35.614,10,10,0,0.635987,0.663667,0.02768,0,0,0,0
12.3,1932,2,0.291323,0.291323,0.973782,0.778045,0.195737,35.8951,35.1122,11,11,0,0.941781,0.981549,0.039768,0,0,0,0
12.3,1932,3,0.540464,0.540464,0.664661,0.962995,0.298333,34.6586,35.852,9,9,0,1.56209,1.41224,0.149848,0,0,0,0
12.4,1933,1,0.642444,0.642444,0.0946143,0.549758,0.455144,32.3785,34.199,10,10,0,0.663667,0.707067,0.0434,0,0,0,0
12.4,1933,2,0.226791,0.226791,0.853429,0.973782,0.120354,35.4137,35.8951,11,11,0,0.981549,0.986917,0.005368,0,0,0,0
12.4,1933,3,0.0202322,0.0202322,0.973582,0.664661,0.308921,35.8943,34.6586,9,9,0,1.41224,1.35734,0.054904,0,0,0,0
12.5,1934,1,0.629142,0.629142,0.916883,0.0946143,0.822269,35.6675,32.3785,10,10,0,0.707067,0.572283,0.134784,0,0,0,0
12.5,1934,2,0.0254001,0.0254001,0.947616,0.853429,0.0941871,35.7905,35.4137,11,11,0,0.986917,1.11354,0.126624,0,0,0,0
12.5,1934,3,1.39295,1.39295,0.0766214,0.973582,0.896961,32.3065,35.8943,9,9,0,1.35734,1.51415,0.156816,0,0,0,0
12.6,1935,1,0.50866,0.50866,0.980384,0.916883,0.0635009,35.9215,35.6675,10,10,0,0.572283,0.670075,0.097792,0,0,0,0
12.6,1935,2,0.491187,0.491187,0.936506,0.947616,0.0111096,35.746,35.7905,11,11,0,1.11354,1.08274,0.0308,0,0,1,0
12.6,1935,3,1.53425,1.53425,0.465869,0.0766214,0.389247,33.8635,32.3065,9,9,0,1.51415,1.23498,0.279176,0,0,0,0
12.7,1936,1,0.740276,0.740276,0.809447,0.980384,0.170937,35.2378,35.9215,10,10,0,0.670075,0.796971,0.126896,0,0,0,0
12.7,1936,2,0.0485512,0.0485512,0.677468,0.936506,0.259038,34.7099,35.746,11,11,0,1.08274,1.09597,0.013224,0,0,0,0
12.7,1936,3,0.948563,0.948563,0.725088,0.465869,0.259219,34.9004,33.8635,9,9,0,1.23498,1.0861,0.148872,0,0,0,0
12.8,1937,1,0.807069,0.807069,0.739473,0.809447,0.0699738,34.9579,35.2378,10,10,0,0.796971,0.811579,0.014608,0,0,0,0
12.8,1937,2,0.520024,0.520024,0.458432,0.677468,0.219036,33.8337,34.7099,11,11,0,1.09597,0.966037,0.129928,0,0,0,0
12.8,1937,3,0.951474,0.951474,0.856255,0.725088,0.131167,35.425,34.9004,9,9,0,1.0861,1.28414,0.198032,0,0,0,0
12.9,1938,1,0.154684,0.154684,0.834332,0.739473,0.0948591,35.3373,34.9579,10,10,0,0.811579,0.771739,0.03984,0,0,0,0
12.9,1938,2,0.706879,0.706879,0.684806,0.458432,0.226375,34.7392,33.8337,11,11,0,0.966037,0.888565,0.077472,0,0,0,0
12.9,1938,3,1.0602,1.0602,0.310832,0.856255,0.545423,33.2433,35.425,9,9,0,1.28414,1.51394,0.229808,0,0,0,0
13,1939,1,0.679091,0.679091,0.499086,0.834332,0.335246,33.9963,35.3373,10,10,0,0.771739,0.814043,0.042304,0,0,0,0
13,1939,2,0.163134,0.163134,-0.608055,0.684806,1.29286,29.5678,34.7392,11,11,0,0.888565,0.837045,0.05152,0,0,0,0
13,1939,3,1.06667,1.06667,0.745767,0.310832,0.434935,34.9831,33.2433,9,9,0,1.51394,1.2571,0.25684,0,0,0,0
13.1,1940,1,0.469022,0.469022,0.8097,0.499086,0.310614,35.2388,33.9963,10,10,0,0.814043,0.819851,0.005808,0,0,0,0
13.1,1940,2,0.4689,0.4689,-0.305069,-0.608055,0.302986,30.7797,29.5678,11,11,0,0.837045,0.873157,0.036112,0,0,0,0
13.1,1940,3,0.429954,0.429954,0.674385,0.745767,0.071382,34.6975,34.9831,9,9,0,1.2571,1.46288,0.205776,0,0,0,0
13.2,1941,1,0.802795,0.802795,0.768886,0.8097,0.0408144,35.0755,35.2388,10,10,0,0.819851,0.930987,0.111136,0,0,0,0
13.2,1941,2,0.670781,0.670781,0.417832,-0.305069,0.722901,33.6713,30.7797,11,11,0,0.873157,0.660181,0.212976,0,0,0,0
13.2,1941,3,0.138052,0.138052,0.127771,0.674385,0.546615,32.5111,34.6975,9,9,0,1.46288,1.48556,0.02268,0,0,0,0
13.3,1942,1,0.915078,0.915078,0.909977,0.768886,0.141091,35.6399,35.0755,10,10,0,0.930987,1.00696,0.075976,0,0,0,0
13.3,1942,2,0.616453,0.616453,0.738988,0.417832,0.321156,34.956,33.6713,11,11,0,0.660181,0.678533,0.018352,0,0,0,0
13.3,1942,3,0.289247,0.289247,0.953671,0.127771,0.8259,35.8147,32.5111,9,9,0,1.48556,1.26362,0.221936,0,0,0,0
13.4,1943,1,0.982926,0.982926,0.745762,0.909977,0.164215,34.983,35.6399,10,10,0,1.00696,0.826803,0.18016,0,0,0,0
13.4,1943,2,0.0314631,0.0314631,0.922313,0.738988,0.183325,35.6893,34.956,11,11,0,0.678533,0.972741,0.294208,0,0,0,0
13.4,1943,3,0.0132326,0.0132326,0.926253,0.953671,0.0274181,35.705,35.8147,9,9,0,1.26362,1.3014,0.037776,0,1,0,0
13.5,1944,1,0.941548,0.941548,0.937377,0.745762,0.191615,35.7495,34.983,10,10,0,0.826803,0.790787,0.036016,0,0,0,0
13.5,1944,2,1.44428,1.44428,0.437862,0.922313,0.484451,33.7514,35.6893,11,11,0,0.972741,0.942981,0.02976,0,0,0,0
13.5,1944,3,0.120459,0.120459,0.855094,0.926253,0.0711594,35.4204,35.705,9,9,0,1.3014,1.4364,0.135,0,0,0,0
13.6,1945,1,0.109284,0.109284,0.969529,0.937377,0.0321524,35.8781,35.7495,10,10,0,0.790787,0.710011,0.080776,0,0,0,0
13.6,1945,2,1.01553,1.01553,0.675611,0.437862,0.237749,34.7024,33.7514,11,11,0,0.942981,0.990093,0.047112,0,0,0,0
13.6,1945,3,0.118548,0.118548,0.717536,0.855094,0.137558,34.8701,35.4204,9,9,0,1.4364,1.45454,0.018144,0,0,0,0
13.7,1946,1,0.75588,0.75588,0.908166,0.969529,0.0613634,35.6327,35.8781,10,10,0,0.710011,0.809771,0.09976,0,0,0,0
13.7,1946,2,0.4184,0.4184,0.898729,0.675611,0.223118,35.5949,34.7024,11,11,0,0.990093,0.766573,0.22352,0,0,0,0
13.7,1946,3,0.255167,0.255167,0.161863,0.717536,0.555673,32.6475,34.8701,9,9,0,1.45454,1.33759,0.116952,0,0,0,0
13.8,1947,1,0.679593,0.679593,0.868151,0.908166,0.0400146,35.4726,35.6327,10,10,0,0.809771,0.842611,0.03284,0,0,0,0
13.8,1947,2,0.0274023,0.0274023,0.198582,0.898729,0.700147,32.7943,35.5949,11,11,0,0.766573,0.941757,0.175184,0,0,0,0
13.8,1947,3,0.210034,0.210034,0.856693,0.161863,0.69483,35.4268,32.6475,9,9,0,1.33759,1.09896,0.238632,0,0,0,0
13.9,1948,1,0.109799,0.109799,0.525501,0.868151,0.34265,34.102,35.4726,10,10,0,0.842611,0.827011,0.0156,0,0,0,0
13.9,1948,2,0.0927992,0.0927992,0.884728,0.198582,0.686146,35.5389,32.7943,11,11,0,0.941757,0.919869,0.021888,0,0,0,0
13.9,1948,3,0.31556,0.31556,-0.349637,0.856693,1.20633,30.6015,35.4268,9,9,0,1.09896,1.30597,0.207008,0,0,0,0
14,1949,1,0.356398,0.356398,0.787605,0.525501,0.262103,35.1504,34.102,10,10,0,0.827011,0.835275,0.008264,0,0,0,0
14,1949,2,0.351676,0.351676,0.342388,0.884728,0.54234,33.3696,35.5389,11,11,0,0.919869,0.788221,0.131648,0,0,0,0
14,1949,3,0.772793,0.772793,0.887373,-0.349637,1.23701,35.5495,30.6015,9,9,0,1.30597,1.21186,0.094104,0,0,0,0
14.1,1950,1,3.41535e-05,3.41535e-05,0.947582,0.787605,0.159978,35.7903,35.1504,10,10,0,0.835275,0.793859,0.041416,0,1,0,0
14.1,1950,2,0.559714,0.559714,0.296266,0.342388,0.046122,33.1851,33.3696,11,11,0,0.788221,0.946365,0.158144,0,0,0,0
14.1,1950,3,0.724828,0.724828,0.449897,0.887373,0.437476,33.7996,35.5495,9,9,0,1.21186,1.14466,0.067208,0,0,0,0
14.2,1951,1,0.0687765,0.0687765,0.907227,0.947582,0.0403554,35.6289,35.7903,10,10,0,0.793859,0.915483,0.121624,0,0,0,0
14.2,1951,2,0.83887,0.83887,0.463536,0.296266,0.16727,33.8541,33.1851,11,11,0,0.946365,0.784309,0.162056,0,0,0,0
14.2,1951,3,0.260999,0.260999,0.0451162,0.449897,0.40478,32.1805,33.7996,9,9,0,1.14466,1.35513,0.210472,0,0,0,0
14.3,1952,1,0.499697,0.499697,0.705729,0.907227,0.201497,34.8229,35.6289,10,10,0,0.915483,0.978387,0.062904,0,0,0,0
14.3,1952,2,0.716007,0.716007,0.621495,0.463536,0.157959,34.486,33.8541,11,11,0,0.784309,0.923301,0.138992,0,0,0,0
14.3,1952,3,0.0239519,0.0239519,0.439268,0.0451162,0.394152,33.7571,32.1805,9,9,0,1.35513,1.17686,0.178272,0,0,0,0
14.4,1953,1,0.931076,0.931076,0.314691,0.705729,0.391039,33.2588,34.8229,10,10,0,0.978387,0.826059,0.152328,0,0,0,0
14.4,1953,2,0.10709,0.10709,0.539497,0.621495,0.0819979,34.158,34.486,11,11,0,0.923301,0.979845,0.056544,0,0,0,0
14.4,1953,3,0.0452614,0.0452614,0.973555,0.439268,0.534287,35.8942,33.7571,9,9,0,1.17686,1.25471,0.077856,0,0,0,0
14.5,1954,1,0.693676,0.693676,0.857497,0.314691,0.542806,35.43,33.2588,10,10,0,0.826059,0.708075,0.117984,0,0,0,0
14.5,1954,2,0.481866,0.481866,0.636856,0.539497,0.0973585,34.5474,34.158,11,11,0,0.979845,1.06079,0.080944,0,0,0,0
14.5,1954,3,0.0324651,0.0324651,0.15395,0.973555,0.819606,32.6158,35.8942,9,9,0,1.25471,1.41731,0.1626,0,0,0,0
14.6,1955,1,0.00298065,0.00298065,0.726335,0.857497,0.131162,34.9053,35.43,10,10,0,0.708075,0.762411,0.054336,0,1,0,0
14.6,1955,2,0.443767,0.443767,0.666849,0.636856,0.0299937,34.6674,34.5474,11,11,0,1.06079,0.991581,0.069208,0,0,0,0
14.6,1955,3,0.281651,0.281651,-0.00154048,0.15395,0.15549,31.9938,32.6158,9,9,0,1.41731,1.18821,0.229104,0,0,0,0
14.7,1956,1,0.578463,0.578463,0.394863,0.726335,0.331472,33.5795,34.9053,10,10,0,0.762411,0.839491,0.07708,0,0,0,0
14.7,1956,2,0.0787799,0.0787799,-0.595784,0.666849,1.26263,29.6169,34.6674,11,11,0,0.991581,1.00549,0.013904,0,0,0,0
14.7,1956,3,0.195549,0.195549,0.621707,-0.00154048,0.623247,34.4868,31.9938,9,9,0,1.18821,1.14439,0.043816,0,0,0,0
14.8,1957,1,0.786959,0.786959,0.967129,0.394863,0.572267,35.8685,33.5795,10,10,0,0.839491,0.798483,0.041008,0,0,0,0
14.8,1957,2,1.11768,1.11768,0.780271,-0.595784,1.37606,35.1211,29.6169,11,11,0,1.00549,0.893429,0.112056,0,0,0,0
14.8,1957,3,0.17418,0.17418,0.829381,0.621707,0.207674,35.3175,34.4868,9,9,0,1.14439,1.36822,0.223832,0,0,0,0
14.9,1958,1,0.0785112,0.0785112,0.473259,0.967129,0.49387,33.893,35.8685,10,10,0,0.798483,0.769931,0.028552,0,0,0,0
14.9,1958,2,0.907136,0.907136,0.782161,0.780271,0.00189,35.1286,35.1211,11,11,0,0.893429,0.736301,0.157128,0,0,1,0
14.9,1958,3,0.222264,0.222264,0.728022,0.829381,0.101359,34.9121,35.3175,9,9,0,1.36822,1.43037,0.062144,0,0,0,0
15,1959,1,0.721985,0.721985,0.59135,0.473259,0.118091,34.3654,33.893,10,10,0,0.769931,0.703443,0.066488,0,0,0,0
15,1959,2,0.303733,0.303733,0.963353,0.782161,0.181191,35.8534,35.1286,11,11,0,0.736301,0.989877,0.253576,0,0,0,0
15,1959,3,0.132505,0.132505,0.144686,0.728022,0.583337,32.5787,34.9121,9,9,0,1.43037,1.36374,0.066632,0,0,0,0
15.1,1960,1,0.563894,0.563894,0.622003,0.59135,0.0306533,34.488,34.3654,10,10,0,0.703443,0.675411,0.028032,0,0,0,0
15.1,1960,2,0.0893993,0.0893993,0.793524,0.963353,0.169829,35.1741,35.8534,11,11,0,0.989877,1.07408,0.0842,0,0,0,0
15.1,1960,3,0.643357,0.643357,0.883559,0.144686,0.738873,35.5342,32.5787,9,9,0,1.36374,1.16104,0.202696,0,0,0,0
15.2,1961,1,1.11132,1.11132,0.911699,0.622003,0.289696,35.6468,34.488,10,10,0,0.675411,0.782331,0.10692,0,0,0,0
15.2,1961,2,0.486282,0.486282,0.53905,0.793524,0.254473,34.1562,35.1741,11,11,0,1.07408,1.11125,0.037168,0,0,0,0
15.2,1961,3,0.506334,0.506334,0.524567,0.883559,0.358992,34.0983,35.5342,9,9,0,1.16104,1.25984,0.0988,0,0,0,0
15.3,1962,1,0.82937,0.82937,0.280849,0.911699,0.63085,33.1234,35.6468,10,10,0,0.782331,0.742035,0.040296,0,0,0,0
15.3,1962,2,0.409166,0.409166,0.944015,0.53905,0.404965,35.7761,34.1562,11,11,0,1.11125,0.977661,0.133584,0,0,0,0
15.3,1962,3,0.221201,0.221201,0.991392,0.524567,0.466825,35.9656,34.0983,9,9,0,1.25984,1.28303,0.023192,0,0,0,0
15.4,1963,1,0.669596,0.669596,0.265185,0.280849,0.0156639,33.0607,33.1234,10,10,0,0.742035,0.701739,0.040296,0,0,1,0
15.4,1963,2,0.00603896,0.00603896,0.838981,0.944015,0.105034,35.3559,35.7761,11,11,0,0.977661,0.993637,0.015976,0,1,0,0
15.4,1963,3,0.00649375,0.00649375,0.956922,0.991392,0.0344698,35.8277,35.9656,9,9,0,1.28303,1.41218,0.129144,0,1,0,0
15.5,1964,1,0.0874569,0.0874569,-0.268814,0.265185,0.533999,30.9247,33.0607,10,10,0,0.701739,0.635779,0.06596,0,0,0,0
15.5,1964,2,0.372512,0.372512,0.015301,0.838981,0.82368,32.0612,35.3559,11,11,0,0.993637,1.06741,0.073768,0,0,0,0
15.5,1964,3,0.109742,0.109742,0.640596,0.956922,0.316326,34.5624,35.8277,9,9,0,1.41218,1.41898,0.006808,0,0,0,0
15.6,1965,1,1.18338,1.18338,0.92615,-0.268814,1.19496,35.7046,30.9247,10,10,0,0.635779,0.583827,0.051952,0,0,0,0
15.6,1965,2,0.383896,0.383896,0.13685,0.015301,0.121549,32.5474,32.0612,11,11,0,1.06741,0.991277,0.076128,0,0,0,0
15.6,1965,3,0.664941,0.664941,0.412756,0.640596,0.22784,33.651,34.5624,9,9,0,1.41898,1.52408,0.105096,0,0,0,0
15.7,1966,1,0.17366,0.17366,0.859706,0.92615,0.0664442,35.4388,35.7046,10,10,0,0.583827,0.849123,0.265296,0,0,0,0
15.7,1966,2,0.00500232,0.00500232,0.960594,0.13685,0.823744,35.8424,32.5474,11,11,0,0.991277,0.795381,0.195896,0,1,0,0
15.7,1966,3,0.853832,0.853832,0.839483,0.412756,0.426727,35.3579,33.651,9,9,0,1.52408,1.34063,0.183448,0,0,0,0
15.8,1967,1,0.130617,0.130617,0.845134,0.859706,0.0145727,35.3805,35.4388,10,10,0,0.849123,0.778427,0.070696,0,0,1,0
15.8,1967,2,0.408294,0.408294,0.765561,0.960594,0.195033,35.0622,35.8424,11,11,0,0.795381,0.924421,0.12904,0,0,0,0
15.8,1967,3,0.453834,0.453834,0.857907,0.839483,0.0184237,35.4316,35.3579,9,9,0,1.34063,1.26526,0.075376,0,0,1,0
15.9,1968,1,0.0586889,0.0586889,0.943927,0.845134,0.0987937,35.7757,35.3805,10,10,0,0.778427,0.723627,0.0548,0,0,0,0
15.9,1968,2,0.0368626,0.0368626,0.353033,0.765561,0.412528,33.4121,35.0622,11,11,0,0.924421,0.994117,0.069696,0,0,0,0
15.9,1968,3,0.308796,0.308796,-0.225707,0.857907,1.08361,31.0972,35.4316,9,9,0,1.26526,1.28834,0.02308,0,0,0,0
16,1969,1,0.147028,0.147028,0.80379,0.943927,0.140137,35.2152,35.7757,10,10,0,0.723627,0.969235,0.245608,0,0,0,0
16,1969,2,0.631685,0.631685,0.948442,0.353033,0.595409,35.7938,33.4121,11,11,0,0.994117,1.04529,0.051168,0,0,0,0
16,1969,3,0.397893,0.397893,0.639747,-0.225707,0.865454,34.559,31.0972,9,9,0,1.28834,1.14363,0.144704,0,0,0,0
16.1,1970,1,1.30722,1.30722,0.849515,0.80379,0.0457247,35.3981,35.2152,10,10,0,0.969235,0.846211,0.123024,0,0,0,0
16.1,1970,2,0.0481447,0.0481447,0.94041,0.948442,0.00803232,35.7616,35.7938,11,11,0,1.04529,0.987981,0.057304,0,0,1,0
16.1,1970,3,0.163434,0.163434,-0.041706,0.639747,0.681453,31.8332,34.559,9,9,0,1.14363,1.1316,0.012032,0,0,0,0
16.2,1971,1,0.364762,0.364762,0.583567,0.849515,0.265948,34.3343,35.3981,10,10,0,0.846211,0.836555,0.009656,0,0,0,0
16.2,1971,2,1.20666,1.20666,-0.297004,0.94041,1.23741,30.812,35.7616,11,11,0,0.987981,1.00442,0.01644,0,0,0,0
16.2,1971,3,0.297935,0.297935,0.00905274,-0.041706,0.0507588,32.0362,31.8332,9,9,0,1.1316,1.14082,0.009224,0,0,0,0
16.3,1972,1,0.750725,0.750725,0.102839,0.583567,0.480728,32.4114,34.3343,10,10,0,0.836555,1.01011,0.173552,0,0,0,0
16.3,1972,2,0.377217,0.377217,0.939576,-0.297004,1.23658,35.7583,30.812,11,11,0,1.00442,0.942205,0.062216,0,0,0,0
16.3,1972,3,0.111264,0.111264,-0.00568491,0.00905274,0.0147377,31.9773,32.0362,9,9,0,1.14082,1.02722,0.113608,0,0,1,0
16.4,1973,1,0.111383,0.111383,-0.212827,0.102839,0.315666,31.1487,32.4114,10,10,0,1.01011,0.764555,0.245552,0,0,0,0
16.4,1973,2,0.350075,0.350075,0.787499,0.939576,0.152078,35.15,35.7583,11,11,0,0.942205,0.870237,0.071968,0,0,0,0
16.4,1973,3,0.220208,0.220208,0.853194,-0.00568491,0.858879,35.4128,31.9773,9,9,0,1.02722,1.22358,0.196368,0,0,0,0
16.5,1974,1,0.0486236,0.0486236,0.60699,-0.212827,0.819817,34.428,31.1487,10,10,0,0.764555,0.543891,0.220664,0,0,0,0
16.5,1974,2,0.0915265,0.0915265,0.570529,0.787499,0.21697,34.2821,35.15,11,11,0,0.870237,1.15742,0.287184,0,0,0,0
16.5,1974,3,0.0143207,0.0143207,0.913796,0.853194,0.0606018,35.6552,35.4128,9,9,0,1.22358,1.27522,0.051632,0,1,0,0
16.6,1975,1,0.85746,0.85746,-0.471561,0.60699,1.07855,30.1138,34.428,10,10,0,0.543891,0.609683,0.065792,0,0,0,0
16.6,1975,2,0.896251,0.896251,0.559058,0.570529,0.0114715,34.2362,34.2821,11,11,0,1.15742,0.970437,0.186984,0,0,1,0
16.6,1975,3,0.0912824,0.0912824,0.587538,0.913796,0.326258,34.3502,35.6552,9,9,0,1.27522,1.5101,0.23488,0,0,0,0
16.7,1976,1,0.229727,0.229727,0.0100332,-0.471561,0.481594,32.0401,30.1138,10,10,0,0.609683,0.509979,0.099704,0,0,0,0
16.7,1976,2,0.712529,0.712529,0.790139,0.559058,0.231081,35.1606,34.2362,11,11,0,0.970437,1.00597,0.035536,0,0,0,0
16.7,1976,3,0.0282329,0.0282329,0.759987,0.587538,0.172449,35.0399,34.3502,9,9,0,1.5101,1.52618,0.01608,0,0,0,0
16.8,1977,1,1.19986,1.19986,0.871116,0.0100332,0.861083,35.4845,32.0401,10,10,0,0.509979,0.565227,0.055248,0,0,0,0
16.8,1977,2,0.0441893,0.0441893,-0.110942,0.790139,0.901081,31.5562,35.1606,11,11,0,1.00597,1.11429,0.10832,0,0,0,0
16.8,1977,3,0.905776,0.905776,0.809642,0.759987,0.0496551,35.2386,35.0399,9,9,0,1.52618,1.43752,0.088656,0,0,0,0
16.9,1978,1,0.134281,0.134281,0.943468,0.871116,0.0723525,35.7739,35.4845,10,10,0,0.565227,0.744467,0.17924,0,0,0,0
16.9,1978,2,0.0199898,0.0199898,0.362307,-0.110942,0.473249,33.4492,31.5562,11,11,0,1.11429,0.803333,0.31096,0,1,0,0
16.9,1978,3,0.837296,0.837296,0.828578,0.809642,0.0189361,35.3143,35.2386,9,9,0,1.43752,1.46237,0.024848,0,0,1,0
17,1979,1,0.0360548,0.0360548,0.438971,0.943468,0.504497,33.7559,35.7739,10,10,0,0.744467,0.864403,0.119936,0,0,0,0
17,1979,2,0.30997,0.30997,-0.283461,0.362307,0.645768,30.8662,33.4492,11,11,0,0.803333,0.602181,0.201152,0,0,0,0
17,1979,3,0.0745015,0.0745015,0.751167,0.828578,0.0774112,35.0047,35.3143,9,9,0,1.46237,1.48871,0.026344,0,0,0,0
17.1,1980,1,0.148422,0.148422,0.965309,0.438971,0.526337,35.8612,33.7559,10,10,0,0.864403,0.770875,0.093528,0,0,0,0
17.1,1980,2,1.42964,1.42964,-0.276145,-0.283461,0.00731564,30.8954,30.8662,11,11,0,0.602181,0.725469,0.123288,0,0,1,0
17.1,1980,3,0.395838,0.395838,0.777704,0.751167,0.0265368,35.1108,35.0047,9,9,0,1.48871,1.55618,0.067472,0,0,0,0
17.2,1981,1,1.20642,1.20642,0.824768,0.965309,0.140541,35.2991,35.8612,10,10,0,0.770875,0.873739,0.102864,0,0,0,0
17.2,1981,2,1.10375,1.10375,0.565455,-0.276145,0.8416,34.2618,30.8954,11,11,0,0.725469,0.644005,0.081464,0,0,0,0
17.2,1981,3,0.140589,0.140589,0.88836,0.777704,0.110656,35.5534,35.1108,9,9,0,1.55618,1.55054,0.005648,0,0,0,0
17.3,1982,1,1.12693,1.12693,0.36577,0.824768,0.458998,33.4631,35.2991,10,10,0,0.873739,0.863203,0.010536,0,0,0,0
17.3,1982,2,0.136386,0.136386,-0.292466,0.565455,0.85792,30.8301,34.2618,11,11,0,0.644005,0.538165,0.10584,0,0,0,0
17.3,1982,3,0.0815119,0.0815119,0.742149,0.88836,0.146211,34.9686,35.5534,9,9,0,1.55054,1.36906,0.18148,0,0,0,0
17.4,1983,1,0.0593271,0.0593271,0.589581,0.36577,0.22381,34.3583,33.4631,10,10,0,0.863203,0.818779,0.044424,0,0,0,0
17.4,1983,2,0.0251852,0.0251852,0.156849,-0.292466,0.449314,32.6274,30.8301,11,11,0,0.538165,0.684141,0.145976,0,0,0,0
17.4,1983,3,0.331309,0.331309,0.950662,0.742149,0.208513,35.8026,34.9686,9,9,0,1.36906,1.41824,0.049184,0,0,0,0
17.5,1984,1,0.000144303,0.000144303,0.246843,0.589581,0.342738,32.9874,34.3583,10,10,0,0.818779,0.810243,0.008536,0,1,0,0
17.5,1984,2,0.14185,0.14185,0.800716,0.156849,0.643867,35.2029,32.6274,11,11,0,0.684141,0.570957,0.113184,0,0,0,0
17.5,1984,3,0.650124,0.650124,0.928896,0.950662,0.0217658,35.7156,35.8026,9,9,0,1.41824,1.56986,0.151616,0,0,0,0
17.6,1985,1,0.12821,0.12821,0.991964,0.246843,0.745121,35.9679,32.9874,10,10,0,0.810243,0.651619,0.158624,0,0,0,0
17.6,1985,2,0.387175,0.387175,-0.905252,0.800716,1.70597,28.379,35.2029,11,11,0,0.570957,0.898333,0.327376,0,0,0,0
17.6,1985,3,0.642349,0.642349,0.846924,0.928896,0.0819723,35.3877,35.7156,9,9,0,1.56986,1.51168,0.058176,0,0,0,0
17.7,1986,1,0.0787106,0.0787106,0.967616,0.991964,0.024348,35.8705,35.9679,10,10,0,0.651619,0.879779,0.22816,0,0,0,0
17.7,1986,2,0.419143,0.419143,-0.53607,-0.905252,0.369181,29.8557,28.379,11,11,0,0.898333,0.898293,4e-05,0,0,0,0
17.7,1986,3,0.235771,0.235771,0.879072,0.846924,0.0321478,35.5163,35.3877,9,9,0,1.51168,1.51861,0.006928,0,0,0,0
17.8,1987,1,0.298225,0.298225,0.61325,0.967616,0.354366,34.453,35.8705,10,10,0,0.879779,1.00218,0.1224,0,0,0,0
17.8,1987,2,0.907414,0.907414,-0.558775,-0.53607,0.0227041,29.7649,29.8557,11,11,0,0.898293,0.575029,0.323264,0,0,0,0
17.8,1987,3,0.232656,0.232656,0.801319,0.879072,0.0777531,35.2053,35.5163,9,9,0,1.51861,1.5286,0.009992,0,0,0,0
17.9,1988,1,0.245691,0.245691,-0.110387,0.61325,0.723637,31.5585,34.453,10,10,0,1.00218,0.929603,0.072576,0,0,0,0
17.9,1988,2,0.61273,0.61273,-0.248194,-0.558775,0.310581,31.0072,29.7649,11,11,0,0.575029,0.644885,0.069856,0,0,0,0
17.9,1988,3,0.174765,0.174765,0.351618,0.801319,0.4497,33.4065,35.2053,9,9,0,1.5286,1.52642,0.002176,0,0,0,0
18,1989,1,0.0637165,0.0637165,0.847542,-0.110387,0.957929,35.3902,31.5585,10,10,0,0.929603,0.768067,0.161536,0,0,0,0
18,1989,2,0.454361,0.454361,-0.0553969,-0.248194,0.192797,31.7784,31.0072,11,11,0,0.644885,0.423725,0.22116,0,0,0,0
18,1989,3,0.174453,0.174453,0.968095,0.351618,0.616476,35.8724,33.4065,9,9,0,1.52642,1.5544,0.027976,0,0,0,0
18.1,1990,1,0.202921,0.202921,0.855881,0.847542,0.00833952,35.4235,35.3902,10,10,0,0.768067,0.824443,0.056376,0,0,1,0
18.1,1990,2,0.00364435,0.00364435,0.573409,-0.0553969,0.628806,34.2936,31.7784,11,11,0,0.423725,0.690221,0.266496,0,1,0,0
18.1,1990,3,0.0045293,0.0045293,0.968079,0.968095,1.5974e-05,35.8723,35.8724,9,9,0,1.5544,1.48419,0.070208,0,1,1,0
18.2,1991,1,0.270465,0.270465,0.674579,0.855881,0.181302,34.6983,35.4235,10,10,0,0.824443,0.813667,0.010776,0,0,0,0
18.2,1991,2,0.0228901,0.0228901,-0.312788,0.573409,0.886197,30.7488,34.2936,11,11,0,0.690221,0.599085,0.091136,0,0,0,0
18.2,1991,3,0.221723,0.221723,0.735958,0.968079,0.232121,34.9438,35.8723,9,9,0,1.48419,1.38981,0.094384,0,0,0,0
18.3,1992,1,0.422946,0.422946,0.776757,0.674579,0.102178,35.107,34.6983,10,10,0,0.813667,0.915675,0.102008,0,0,0,0
18.3,1992,2,0.0368438,0.0368438,0.615789,-0.312788,0.928576,34.4632,30.7488,11,11,0,0.599085,0.709189,0.110104,0,0,0,0
18.3,1992,3,0.172146,0.172146,0.784048,0.735958,0.0480897,35.1362,34.9438,9,9,0,1.38981,1.38266,0.007152,0,0,0,0
18.4,1993,1,0.419758,0.419758,0.674238,0.776757,0.102519,34.697,35.107,10,10,0,0.915675,0.816987,0.098688,0,0,0,0
18.4,1993,2,0.125561,0.125561,0.862306,0.615789,0.246517,35.4492,34.4632,11,11,0,0.709189,0.589709,0.11948,0,0,0,0
18.4,1993,3,0.178942,0.178942,0.490435,0.784048,0.293614,33.9617,35.1362,9,9,0,1.38266,1.42568,0.043024,0,0,0,0
18.5,1994,1,0.351683,0.351683,0.950256,0.674238,0.276018,35.801,34.697,10,10,0,0.816987,0.854771,0.037784,0,0,0,0
18.5,1994,2,0.176,0.176,0.847826,0.862306,0.0144795,35.3913,35.4492,11,11,0,0.589709,0.958165,0.368456,0,0,1,0
18.5,1994,3,0.235024,0.235024,0.697244,0.490435,0.206809,34.789,33.9617,9,9,0,1.42568,1.1803,0.245384,0,0,0,0
18.6,1995,1,0.361844,0.361844,0.69384,0.950256,0.256416,34.7754,35.801,10,10,0,0.854771,0.744499,0.110272,0,0,0,0
18.6,1995,2,0.486666,0.486666,-0.524837,0.847826,1.37266,29.9007,35.3913,11,11,0,0.958165,1.03707,0.078904,0,0,0,0
18.6,1995,3,0.352582,0.352582,0.775731,0.697244,0.0784878,35.1029,34.789,9,9,0,1.1803,1.21435,0.034056,0,0,0,0
18.7,1996,1,0.013477,0.013477,0.821449,0.69384,0.127609,35.2858,34.7754,10,10,0,0.744499,0.875795,0.131296,0,1,0,0
18.7,1996,2,0.766658,0.766658,-0.964551,-0.524837,0.439714,28.1418,29.9007,11,11,0,1.03707,0.839117,0.197952,0,0,0,0
18.7,1996,3,0.804824,0.804824,0.880263,0.775731,0.104532,35.5211,35.1029,9,9,0,1.21435,1.36764,0.153288,0,0,0,0
18.8,1997,1,1.27198,1.27198,0.542232,0.821449,0.279217,34.1689,35.2858,10,10,0,0.875795,0.934475,0.05868,0,0,0,0
18.8,1997,2,0.080447,0.080447,0.134986,-0.964551,1.09954,32.5399,28.1418,11,11,0,0.839117,0.777141,0.061976,0,0,0,0
18.8,1997,3,0.425753,0.425753,0.885421,0.880263,0.00515813,35.5417,35.5211,9,9,0,1.36764,1.56903,0.201392,0,0,1,0
18.9,1998,1,1.17982,1.17982,0.981629,0.542232,0.439397,35.9265,34.1689,10,10,0,0.934475,0.863947,0.070528,0,0,0,0
18.9,1998,2,0.254971,0.254971,-0.275025,0.134986,0.410011,30.8999,32.5399,11,11,0,0.777141,0.263157,0.513984,0,0,0,0
18.9,1998,3,0.396206,0.396206,0.345657,0.885421,0.539764,33.3826,35.5417,9,9,0,1.56903,1.55319,0.01584,0,0,0,0
19,1999,1,0.0983117,0.0983117,-0.0461583,0.981629,1.02779,31.8154,35.9265,10,10,0,0.863947,1.00585,0.141904,0,0,0,0
19,1999,2,0.332813,0.332813,0.468974,-0.275025,0.743999,33.8759,30.8999,11,11,0,0.263157,0.522389,0.259232,0,0,0,0
19,1999,3,0.0381828,0.0381828,0.559027,0.345657,0.213369,34.2361,33.3826,9,9,0,1.55319,1.31638,0.236808,0,0,0,0
19.1,2000,1,0.403514,0.403514,0.806857,-0.0461583,0.853015,35.2274,31.8154,10,10,0,1.00585,0.749907,0.255944,0,0,0,0
19.1,2000,2,0.527574,0.527574,-0.354231,0.468974,0.823205,30.5831,33.8759,11,11,0,0.522389,0.707509,0.18512,0,0,0,0
19.1,2000,3,0.156897,0.156897,0.569329,0.559027,0.0103029,34.2773,34.2361,9,9,0,1.31638,1.47482,0.158432,0,0,1,0
19.2,2001,1,0.430872,0.430872,-0.186684,0.806857,0.99354,31.2533,35.2274,10,10,0,0.749907,0.877515,0.127608,0,0,0,0
19.2,2001,2,0.219082,0.219082,0.897189,-0.354231,1.25142,35.5888,30.5831,11,11,0,0.707509,0.661333,0.046176,0,0,0,0
19.2,2001,3,0.0809528,0.0809528,0.850223,0.569329,0.280894,35.4009,34.2773,9,9,0,1.47482,1.4125,0.062312,0,0,0,0
19.3,2002,1,0.218922,0.218922,0.959029,-0.186684,1.14571,35.8361,31.2533,10,10,0,0.877515,0.710371,0.167144,0,0,0,0
19.3,2002,2,1.27756,1.27756,0.789479,0.897189,0.10771,35.1579,35.5888,11,11,0,0.661333,0.864069,0.202736,0,0,0,0
19.3,2002,3,0.279379,0.279379,0.878048,0.850223,0.0278245,35.5122,35.4009,9,9,0,1.4125,1.48646,0.073952,0,0,0,0
19.4,2003,1,0.78994,0.78994,0.720495,0.959029,0.238534,34.882,35.8361,10,10,0,0.710371,0.682603,0.027768,0,0,0,0
19.4,2003,2,0.336527,0.336527,0.883894,0.789479,0.0944147,35.5356,35.1579,11,11,0,0.864069,0.933253,0.069184,0,0,0,0
19.4,2003,3,0.283683,0.283683,-0.0701241,0.878048,0.948172,31.7195,35.5122,9,9,0,1.48646,1.31649,0.169968,0,0,0,0
19.5,2004,1,1.03261,1.03261,0.667177,0.720495,0.0533179,34.6687,34.882,10,10,0,0.682603,0.858259,0.175656,0,0,0,0
19.5,2004,2,0.00779885,0.00779885,0.884424,0.883894,0.000530303,35.5377,35.5356,11,11,0,0.933253,1.06201,0.128752,0,1,1,0
19.5,2004,3,1.25364,1.25364,0.750011,-0.0701241,0.820135,35,31.7195,9,9,0,1.31649,1.16478,0.151712,0,0,0,0
19.6,2005,1,0.116994,0.116994,0.869098,0.667177,0.20192,35.4764,34.6687,10,10,0,0.858259,0.818963,0.039296,0,0,0,0
19.6,2005,2,0.371776,0.371776,0.376898,0.884424,0.507526,33.5076,35.5377,11,11,0,1.06201,0.975637,0.086368,0,0,0,0
19.6,2005,3,1.80803,1.80803,0.803333,0.750011,0.0533215,35.2133,35,9,9,0,1.16478,1.10761,0.057168,0,0,0,0
19.7,2006,1,0.176871,0.176871,0.783119,0.869098,0.085979,35.1325,35.4764,10,10,0,0.818963,0.766307,0.052656,0,0,0,0
19.7,2006,2,0.429959,0.429959,0.853294,0.376898,0.476396,35.4132,33.5076,11,11,0,0.975637,0.769997,0.20564,0,0,0,0
19.7,2006,3,0.606475,0.606475,0.9703,0.803333,0.166967,35.8812,35.2133,9,9,0,1.10761,1.47315,0.365544,0,0,0,0
19.8,2007,1,0.512234,0.512234,0.898459,0.783119,0.11534,35.5938,35.1325,10,10,0,0.766307,0.860331,0.094024,0,0,0,0
19.8,2007,2,0.140698,0.140698,0.380175,0.853294,0.473119,33.5207,35.4132,11,11,0,0.769997,0.722589,0.047408,0,0,0,0
19.8,2007,3,0.418751,0.418751,0.738836,0.9703,0.231463,34.9553,35.8812,9,9,0,1.47315,1.2895,0.183656,0,0,0,0
19.9,2008,1,0.719814,0.719814,0.31459,0.898459,0.583869,33.2584,35.5938,10,10,0,0.860331,0.828147,0.032184,0,0,0,0
19.9,2008,2,0.210186,0.210186,0.521898,0.380175,0.141723,34.0876,33.5207,11,11,0,0.722589,0.928477,0.205888,0,0,0,0
19.9,2008,3,0.143843,0.143843,0.689044,0.738836,0.0497926,34.7562,34.9553,9,9,0,1.2895,1.30438,0.014888,0,0,0,0
20,2009,1,0.914181,0.914181,0.92413,0.31459,0.609539,35.6965,33.2584,10,10,0,0.828147,0.825939,0.002208,0,0,0,0
20,2009,2,0.601919,0.601919,0.921556,0.521898,0.399658,35.6862,34.0876,11,11,0,0.928477,0.754973,0.173504,0,0,0,0
20,2009,3,0.505696,0.505696,0.445333,0.689044,0.243711,33.7813,34.7562,9,9,0,1.30438,1.3151,0.010712,0,0,0,0
20.1,2010,1,0.677971,0.677971,0.886626,0.92413,0.0375037,35.5465,35.6965,10,10,0,0.825939,0.767571,0.058368,0,0,0,0
20.1,2010,2,0.59363,0.59363,0.976668,0.921556,0.0551125,35.9067,35.6862,11,11,0,0.754973,0.955173,0.2002,0,0,0,0
20.1,2010,3,0.25794,0.25794,0.0132694,0.445333,0.432063,32.0531,33.7813,9,9,0,1.3151,1.16177,0.153328,0,0,0,0
20.2,2011,1,0.22406,0.22406,0.678768,0.886626,0.207858,34.7151,35.5465,10,10,0,0.767571,0.862811,0.09524,0,0,0,0
20.2,2011,2,0.0713403,0.0713403,0.573728,0.976668,0.40294,34.2949,35.9067,11,11,0,0.955173,0.935757,0.019416,0,0,0,0
20.2,2011,3,0.252442,0.252442,-0.0307484,0.0132694,0.0440178,31.877,32.0531,9,9,0,1.16177,1.14484,0.016928,0,0,0,0
20.3,2012,1,0.446255,0.446255,0.924029,0.678768,0.245261,35.6961,34.7151,10,10,0,0.862811,0.864347,0.001536,0,0,0,0
20.3,2012,2,1.67256,1.67256,0.300834,0.573728,0.272894,33.2033,34.2949,11,11,0,0.935757,0.926333,0.009424,0,0,0,0
20.3,2012,3,0.134232,0.134232,-0.242807,-0.0307484,0.212059,31.0288,31.877,9,9,0,1.14484,1.0941,0.050744,0,0,0,0
20.4,2013,1,0.140415,0.140415,0.705541,0.924029,0.218488,34.8222,35.6961,10,10,0,0.864347,0.992075,0.127728,0,0,0,0
20.4,2013,2,1.81905,1.81905,0.0133746,0.300834,0.28746,32.0535,33.2033,11,11,0,0.926333,0.962765,0.036432,0,0,0,0
20.4,2013,3,0.51757,0.51757,0.661672,-0.242807,0.90448,34.6467,31.0288,9,9,0,1.0941,1.0845,0.0096,0,0,0,0
20.5,2014,1,1.18459,1.18459,0.968698,0.705541,0.263157,35.8748,34.8222,10,10,0,0.992075,0.913771,0.078304,0,0,0,0
20.5,2014,2,0.474636,0.474636,0.458095,0.0133746,0.44472,33.8324,32.0535,11,11,0,0.962765,0.729829,0.232936,0,0,0,0
20.5,2014,3,0.16163,0.16163,0.95094,0.661672,0.289268,35.8038,34.6467,9,9,0,1.0845,1.19183,0.107336,0,0,0,0
20.6,2015,1,0.756776,0.756776,0.534262,0.968698,0.434436,34.137,35.8748,10,10,0,0.913771,0.897323,0.016448,0,0,0,0
20.6,2015,2,0.486371,0.486371,-0.415727,0.458095,0.873821,30.3371,33.8324,11,11,0,0.729829,0.643725,0.086104,0,0,0,0
20.6,2015,3,0.0703086,0.0703086,0.940951,0.95094,0.00998914,35.7638,35.8038,9,9,0,1.19183,1.41987,0.22804,0,0,1,0
20.7,2016,1,0.630182,0.630182,0.934368,0.534262,0.400106,35.7375,34.137,10,10,0,0.897323,0.879299,0.018024,0,0,0,0
20.7,2016,2,0.506064,0.506064,0.988119,-0.415727,1.40385,35.9525,30.3371,11,11,0,0.643725,0.686021,0.042296,0,0,0,0
20.7,2016,3,0.331162,0.331162,0.63189,0.940951,0.309061,34.5276,35.7638,9,9,0,1.41987,1.52374,0.103864,0,0,0,0
20.8,2017,1,0.0667419,0.0667419,0.912586,0.934368,0.0217822,35.6503,35.7375,10,10,0,0.879299,0.908019,0.02872,0,0,0,0
20.8,2017,2,0.0251468,0.0251468,0.908977,0.988119,0.0791419,35.6359,35.9525,11,11,0,0.686021,0.618557,0.067464,0,0,0,0
20.8,2017,3,0.145861,0.145861,0.866829,0.63189,0.234939,35.4673,34.5276,9,9,0,1.52374,1.28211,0.241624,0,0,0,0
20.9,2018,1,1.0476,1.0476,0.921975,0.912586,0.00938964,35.6879,35.6503,10,10,0,0.908019,0.826587,0.081432,0,0,1,0
20.9,2018,2,0.216111,0.216111,-0.33833,0.908977,1.24731,30.6467,35.6359,11,11,0,0.618557,0.861253,0.242696,0,0,0,0
20.9,2018,3,0.123746,0.123746,0.946027,0.866829,0.079198,35.7841,35.4673,9,9,0,1.28211,1.24045,0.041664,0,0,0,0
21,2019,1,0.45009,0.45009,0.931629,0.921975,0.00965369,35.7265,35.6879,10,10,0,0.826587,0.911667,0.08508,0,0,1,0
21,2019,2,0.448835,0.448835,0.773701,-0.33833,1.11203,35.0948,30.6467,11,11,0,0.861253,0.668877,0.192376,0,0,0,0
21,2019,3,0.194065,0.194065,0.917657,0.946027,0.0283708,35.6706,35.7841,9,9,0,1.24045,1.42069,0.18024,0,0,0,0
21.1,2020,1,0.446142,0.446142,0.621837,0.931629,0.309792,34.4873,35.7265,10,10,0,0.911667,0.921211,0.009544,0,0,0,0
21.1,2020,2,0.0910421,0.0910421,0.546668,0.773701,0.227033,34.1867,35.0948,11,11,0,0.668877,0.618445,0.050432,0,0,0,0
21.1,2020,3,0.965044,0.965044,0.660547,0.917657,0.25711,34.6422,35.6706,9,9,0,1.42069,1.39128,0.029408,0,0,0,0
21.2,2021,1,0.253524,0.253524,0.622307,0.621837,0.000469446,34.4892,34.4873,10,10,0,0.921211,0.844139,0.077072,0,0,1,0
21.2,2021,2,0.289548,0.289548,0.201842,0.546668,0.344826,32.8074,34.1867,11,11,0,0.618445,0.830989,0.212544,0,0,0,0
21.2,2021,3,0.916705,0.916705,0.975458,0.660547,0.314911,35.9018,34.6422,9,9,0,1.39128,1.33083,0.060448,0,0,0,0
21.3,2022,1,0.246089,0.246089,0.302504,0.622307,0.319803,33.21,34.4892,10,10,0,0.844139,0.795731,0.048408,0,0,0,0
21.3,2022,2,0.271086,0.271086,0.774915,0.201842,0.573073,35.0997,32.8074,11,11,0,0.830989,0.792725,0.038264,0,0,0,0
21.3,2022,3,0.0734833,0.0734833,0.805924,0.975458,0.169534,35.2237,35.9018,9,9,0,1.33083,1.47668,0.145848,0,0,0,0
21.4,2023,1,0.0612234,0.0612234,0.803375,0.302504,0.500871,35.2135,33.21,10,10,0,0.795731,0.726547,0.069184,0,0,0,0
21.4,2023,2,0.16446,0.16446,-0.290926,0.774915,1.06584,30.8363,35.0997,11,11,0,0.792725,0.645541,0.147184,0,0,0,0
21.4,2023,3,0.0899405,0.0899405,0.130376,0.805924,0.675548,32.5215,35.2237,9,9,0,1.47668,1.40817,0.068512,0,0,0,0
21.5,2024,1,0.201086,0.201086,0.894036,0.803375,0.0906615,35.5761,35.2135,10,10,0,0.726547,0.981643,0.255096,0,0,0,0
21.5,2024,2,0.0824561,0.0824561,-0.226763,-0.290926,0.0641633,31.0929,30.8363,11,11,0,0.645541,0.740197,0.094656,0,0,0,0
21.5,2024,3,0.0394908,0.0394908,0.57847,0.130376,0.448094,34.3139,32.5215,9,9,0,1.40817,1.25686,0.151312,0,0,0,0
21.6,2025,1,0.0926232,0.0926232,0.292348,0.894036,0.601688,33.1694,35.5761,10,10,0,0.981643,1.09567,0.114024,0,0,0,0
21.6,2025,2,0.267061,0.267061,0.899087,-0.226763,1.12585,35.5963,31.0929,11,11,0,0.740197,0.543485,0.196712,0,0,0,0
21.6,2025,3,0.571465,0.571465,0.451515,0.57847,0.126955,33.8061,34.3139,9,9,0,1.25686,1.33822,0.081368,0,0,0,0
21.7,2026,1,0.645076,0.645076,0.473518,0.292348,0.18117,33.8941,33.1694,10,10,0,1.09567,0.831987,0.26368,0,0,0,0
21.7,2026,2,0.598786,0.598786,0.186703,0.899087,0.712384,32.7468,35.5963,11,11,0,0.543485,0.840365,0.29688,0,0,0,0
21.7,2026,3,0.548277,0.548277,0.114049,0.451515,0.337466,32.4562,33.8061,9,9,0,1.33822,1.23946,0.09876,0,0,0,0
21.8,2027,1,0.0375901,0.0375901,0.881042,0.473518,0.407525,35.5242,33.8941,10,10,0,0.831987,0.773547,0.05844,0,0,0,0
21.8,2027,2,0.453668,0.453668,0.568427,0.186703,0.381724,34.2737,32.7468,11,11,0,0.840365,0.920893,0.080528,0,0,0,0
21.8,2027,3,0.0339527,0.0339527,0.245717,0.114049,0.131668,32.9829,32.4562,9,9,0,1.23946,1.19935,0.040112,0,0,0,0
21.9,2028,1,0.46937,0.46937,0.606481,0.881042,0.274562,34.4259,35.5242,10,10,0,0.773547,0.985147,0.2116,0,0,0,0
21.9,2028,2,0.689779,0.689779,0.646244,0.568427,0.0778174,34.585,34.2737,11,11,0,0.920893,0.771485,0.149408,0,0,0,0
21.9,2028,3,0.526196,0.526196,0.225233,0.245717,0.0204837,32.9009,32.9829,9,9,0,1.19935,1.13343,0.06592,0,0,0,0
22,2029,1,0.0435653,0.0435653,0.642187,0.606481,0.0357059,34.5687,34.4259,10,10,0,0.985147,0.878867,0.10628,0,0,0,0
22,2029,2,0.508094,0.508094,0.813914,0.646244,0.16767,35.2557,34.585,11,11,0,0.771485,0.820157,0.048672,0,0,0,0
22,2029,3,0.116443,0.116443,0.740793,0.225233,0.515559,34.9632,32.9009,9,9,0,1.13343,1.11306,0.020368,0,0,0,0
22.1,2030,1,0.687934,0.687934,0.76845,0.642187,0.126263,35.0738,34.5687,10,10,0,0.878867,0.880283,0.001416,0,0,0,0
22.1,2030,2,0.519034,0.519034,0.40927,0.813914,0.404644,33.6371,35.2557,11,11,0,0.820157,0.949029,0.128872,0,0,0,0
22.1,2030,3,0.0571464,0.0571464,0.981227,0.740793,0.240434,35.9249,34.9632,9,9,0,1.11306,1.16658,0.05352,0,0,0,0
22.2,2031,1,0.399763,0.399763,0.962672,0.76845,0.194222,35.8507,35.0738,10,10,0,0.880283,0.816179,0.064104,0,0,0,0
22.2,2031,2,0.450056,0.450056,0.788477,0.40927,0.379207,35.1539,33.6371,11,11,0,0.949029,0.805205,0.143824,0,0,0,0
22.2,2031,3,0.217345,0.217345,0.851934,0.981227,0.129293,35.4077,35.9249,9,9,0,1.16658,1.34329,0.176704,0,0,0,0
22.3,2032,1,0.53693,0.53693,0.0188373,0.962672,0.943835,32.0753,35.8507,10,10,0,0.816179,0.936843,0.120664,0,0,0,0
22.3,2032,2,0.925827,0.925827,0.322155,0.788477,0.466322,33.2886,35.1539,11,11,0,0.805205,0.699421,0.105784,0,0,0,0
22.3,2032,3,0.215605,0.215605,0.981803,0.851934,0.129869,35.9272,35.4077,9,9,0,1.34329,1.36751,0.024224,0,0,0,0
22.4,2033,1,0.00175339,0.00175339,0.85766,0.0188373,0.838822,35.4306,32.0753,10,10,0,0.936843,0.759235,0.177608,0,1,0,0
22.4,2033,2,0.813623,0.813623,0.0755859,0.322155,0.246569,32.3023,33.2886,11,11,0,0.699421,0.784645,0.085224,0,0,0,0
22.4,2033,3,0.21798,0.21798,0.842682,0.981803,0.139121,35.3707,35.9272,9,9,0,1.36751,1.47815,0.11064,0,0,0,0
22.5,2034,1,0.350071,0.350071,0.139766,0.85766,0.717894,32.5591,35.4306,10,10,0,0.759235,0.777659,0.018424,0,0,0,0
22.5,2034,2,0.155027,0.155027,-0.341585,0.0755859,0.417171,30.6337,32.3023,11,11,0,0.784645,0.627605,0.15704,0,0,0,0
22.5,2034,3,0.38956,0.38956,-0.40812,0.842682,1.2508,30.3675,35.3707,9,9,0,1.47815,1.44798,0.030168,0,0,0,0
22.6,2035,1,0.14766,0.14766,0.844808,0.139766,0.705042,35.3792,32.5591,10,10,0,0.777659,0.953731,0.176072,0,0,0,0
22.6,2035,2,0.00171643,0.00171643,0.732494,-0.341585,1.07408,34.93,30.6337,11,11,0,0.627605,0.660413,0.032808,0,1,0,0
22.6,2035,3,0.327294,0.327294,0.9686,-0.40812,1.37672,35.8744,30.3675,9,9,0,1.44798,1.241,0.206984,0,0,0,0
22.7,2036,1,0.191352,0.191352,0.86594,0.844808,0.021132,35.4638,35.3792,10,10,0,0.953731,0.968163,0.014432,0,0,0,0
22.7,2036,2,0.0354352,0.0354352,0.610829,0.732494,0.121664,34.4433,34.93,11,11,0,0.660413,0.687909,0.027496,0,0,0,0
22.7,2036,3,0.0275658,0.0275658,0.598598,0.9686,0.370003,34.3944,35.8744,9,9,0,1.241,1.33846,0.097464,0,0,0,0
22.8,2037,1,0.67165,0.67165,0.637146,0.86594,0.228794,34.5486,35.4638,10,10,0,0.968163,0.860107,0.108056,0,0,0,0
22.8,2037,2,1.28504,1.28504,0.727616,0.610829,0.116787,34.9105,34.4433,11,11,0,0.687909,0.720397,0.032488,0,0,0,0
22.8,2037,3,0.0339391,0.0339391,0.941267,0.598598,0.342669,35.7651,34.3944,9,9,0,1.33846,1.22182,0.116648,0,0,0,0
22.9,2038,1,0.0458949,0.0458949,0.790837,0.637146,0.153691,35.1633,34.5486,10,10,0,0.860107,0.877475,0.017368,0,0,0,0
22.9,2038,2,0.47992,0.47992,0.893849,0.727616,0.166232,35.5754,34.9105,11,11,0,0.720397,0.725125,0.004728,0,0,0,0
22.9,2038,3,0.170418,0.170418,0.994064,0.941267,0.0527977,35.9763,35.7651,9,9,0,1.22182,1.30624,0.084424,0,0,0,0
23,2039,1,0.263953,0.263953,0.679283,0.790837,0.111554,34.7171,35.1633,10,10,0,0.877475,0.810635,0.06684,0,0,0,0
23,2039,2,0.365592,0.365592,0.880924,0.893849,0.0129247,35.5237,35.5754,11,11,0,0.725125,0.779565,0.05444,0,0,1,0
23,2039,3,0.586638,0.586638,0.667332,0.994064,0.326732,34.6693,35.9763,9,9,0,1.30624,1.36976,0.06352,0,0,0,0
23.1,2040,1,0.240489,0.240489,0.250671,0.679283,0.428612,33.0027,34.7171,10,10,0,0.810635,0.853043,0.042408,0,0,0,0
23.1,2040,2,0.222479,0.222479,0.576537,0.880924,0.304387,34.3061,35.5237,11,11,0,0.779565,0.858701,0.079136,0,0,0,0
23.1,2040,3,0.0396205,0.0396205,0.953001,0.667332,0.285669,35.812,34.6693,9,9,0,1.36976,1.1791,0.190664,0,0,0,0
23.2,2041,1,0.125072,0.125072,0.557696,0.250671,0.307025,34.2308,33.0027,10,10,0,0.853043,0.773363,0.07968,0,0,0,0
23.2,2041,2,0.198743,0.198743,0.784412,0.576537,0.207875,35.1376,34.3061,11,11,0,0.858701,0.919117,0.060416,0,0,0,0
23.2,2041,3,0.549926,0.549926,0.248896,0.953001,0.704106,32.9956,35.812,9,9,0,1.1791,1.43113,0.252032,0,0,0,0
23.3,2042,1,0.161982,0.161982,0.810045,0.557696,0.252349,35.2402,34.2308,10,10,0,0.773363,0.812459,0.039096,0,0,0,0
23.3,2042,2,0.144947,0.144947,0.712781,0.784412,0.0716313,34.8511,35.1376,11,11,0,0.919117,0.958325,0.039208,0,0,0,0
23.3,2042,3,0.128451,0.128451,0.830977,0.248896,0.582081,35.3239,32.9956,9,9,0,1.43113,1.14633,0.2848,0,0,0,0
23.4,2043,1,0.312533,0.312533,0.835589,0.810045,0.0255437,35.3424,35.2402,10,10,0,0.812459,0.909899,0.09744,0,0,0,0
23.4,2043,2,0.189159,0.189159,0.704169,0.712781,0.00861126,34.8167,34.8511,11,11,0,0.958325,0.807485,0.15084,0,0,1,0
23.4,2043,3,0.290262,0.290262,0.652663,0.830977,0.178314,34.6107,35.3239,9,9,0,1.14633,1.16409,0.01776,0,0,0,0
23.5,2044,1,0.433207,0.433207,0.968549,0.835589,0.13296,35.8742,35.3424,10,10,0,0.909899,0.865747,0.044152,0,0,0,0
23.5,2044,2,0.213953,0.213953,0.685216,0.704169,0.018953,34.7409,34.8167,11,11,0,0.807485,0.737581,0.069904,0,0,1,0
23.5,2044,3,0.453588,0.453588,0.994047,0.652663,0.341384,35.9762,34.6107,9,9,0,1.16409,1.38407,0.219984,0,0,0,0
23.6,2045,1,0.217188,0.217188,0.59405,0.968549,0.374498,34.3762,35.8742,10,10,0,0.865747,0.977355,0.111608,0,0,0,0
23.6,2045,2,0.28486,0.28486,0.432531,0.685216,0.252686,33.7301,34.7409,11,11,0,0.737581,0.731253,0.006328,0,0,0,0
23.6,2045,3,0.13555,0.13555,0.684325,0.994047,0.309722,34.7373,35.9762,9,9,0,1.38407,1.28708,0.096992,0,0,0,0
23.7,2046,1,0.708166,0.708166,-0.491263,0.59405,1.08531,30.0349,34.3762,10,10,0,0.977355,0.904443,0.072912,0,0,0,0
23.7,2046,2,0.156756,0.156756,0.738082,0.432531,0.305551,34.9523,33.7301,11,11,0,0.731253,0.712805,0.018448,0,0,0,0
23.7,2046,3,1.32157,1.32157,0.678152,0.684325,0.0061729,34.7126,34.7373,9,9,0,1.28708,1.35489,0.067808,0,0,1,0
23.8,2047,1,1.02524,1.02524,0.766766,-0.491263,1.25803,35.0671,30.0349,10,10,0,0.904443,0.640163,0.26428,0,0,0,0
23.8,2047,2,0.220744,0.220744,0.480342,0.738082,0.25774,33.9214,34.9523,11,11,0,0.712805,0.916253,0.203448,0,0,0,0
23.8,2047,3,1.38498,1.38498,0.62062,0.678152,0.0575317,34.4825,34.7126,9,9,0,1.35489,1.43413,0.07924,0,0,0,0
23.9,2048,1,0.048815,0.048815,0.9393,0.766766,0.172534,35.7572,35.0671,10,10,0,0.640163,0.740339,0.100176,0,0,0,0
23.9,2048,2,0.0364144,0.0364144,-0.0665127,0.480342,0.546855,31.7339,33.9214,11,11,0,0.916253,0.901533,0.01472,0,0,0,0
23.9,2048,3,0.0106006,0.0106006,0.125687,0.62062,0.494933,32.5027,34.4825,9,9,0,1.43413,1.35037,0.08376,0,1,0,0
24,2049,1,0.150421,0.150421,0.408659,0.9393,0.530641,33.6346,35.7572,10,10,0,0.740339,1.14518,0.40484,0,0,0,0
24,2049,2,0.37441,0.37441,0.284042,-0.0665127,0.350555,33.1362,31.7339,11,11,0,0.901533,0.718061,0.183472,0,0,0,0
24,2049,3,0.280012,0.280012,0.599836,0.125687,0.474149,34.3993,32.5027,9,9,0,1.35037,1.18809,0.16228,0,0,0,0
24.1,2050,1,0.0775836,0.0775836,0.612192,0.408659,0.203533,34.4488,33.6346,10,10,0,1.14518,0.885555,0.259624,0,0,0,0
24.1,2050,2,0.337735,0.337735,-0.324287,0.284042,0.608329,30.7029,33.1362,11,11,0,0.718061,0.587453,0.130608,0,0,0,0
24.1,2050,3,0.18362,0.18362,0.17667,0.599836,0.423167,32.7067,34.3993,9,9,0,1.18809,1.37232,0.184232,0,0,0,0
24.2,2051,1,0.333197,0.333197,0.879588,0.612192,0.267396,35.5184,34.4488,10,10,0,0.885555,1.04474,0.159184,0,0,0,0
24.2,2051,2,0.222268,0.222268,0.157354,-0.324287,0.481641,32.6294,30.7029,11,11,0,0.587453,0.701037,0.113584,0,0,0,0
24.2,2051,3,0.365101,0.365101,0.812136,0.17667,0.635466,35.2485,32.7067,9,9,0,1.37232,1.3149,0.057424,0,0,0,0
24.3,2052,1,0.401418,0.401418,0.609933,0.879588,0.269655,34.4397,35.5184,10,10,0,1.04474,0.984283,0.060456,0,0,0,0
24.3,2052,2,0.202262,0.202262,0.30195,0.157354,0.144595,33.2078,32.6294,11,11,0,0.701037,0.611829,0.089208,0,0,0,0
24.3,2052,3,0.443238,0.443238,0.754241,0.812136,0.057895,35.017,35.2485,9,9,0,1.3149,1.424,0.109104,0,0,0,0
24.4,2053,1,0.0432788,0.0432788,0.900586,0.609933,0.290653,35.6023,34.4397,10,10,0,0.984283,1.00812,0.02384,0,0,0,0
24.4,2053,2,0.45685,0.45685,0.892021,0.30195,0.590071,35.5681,33.2078,11,11,0,0.611829,0.612093,0.000264,0,0,0,0
24.4,2053,3,0.0885401,0.0885401,0.53912,0.754241,0.215121,34.1565,35.017,9,9,0,1.424,1.43158,0.007584,0,0,0,0
24.5,2054,1,0.0179557,0.0179557,0.927757,0.900586,0.0271715,35.711,35.6023,10,10,0,1.00812,0.875947,0.132176,0,1,0,0
24.5,2054,2,0.507253,0.507253,0.327187,0.892021,0.564834,33.3087,35.5681,11,11,0,0.612093,0.765573,0.15348,0,0,0,0
24.5,2054,3,0.0330943,0.0330943,0.686717,0.53912,0.147597,34.7469,34.1565,9,9,0,1.43158,1.23102,0.20056,0,0,0,0
24.6,2055,1,0.574935,0.574935,0.943806,0.927757,0.016049,35.7752,35.711,10,10,0,0.875947,0.877731,0.001784,0,0,1,0
24.6,2055,2,0.798678,0.798678,-0.294597,0.327187,0.621783,30.8216,33.3087,11,11,0,0.765573,0.910029,0.144456,0,0,0,0
24.6,2055,3,0.0132849,0.0132849,0.788176,0.686717,0.101459,35.1527,34.7469,9,9,0,1.23102,1.26654,0.035512,0,1,0,0
24.7,2056,1,0.0531375,0.0531375,-0.401236,0.943806,1.34504,30.3951,35.7752,10,10,0,0.877731,1.03306,0.155328,0,0,0,0
24.7,2056,2,0.474181,0.474181,0.604052,-0.294597,0.898648,34.4162,30.8216,11,11,0,0.910029,0.676245,0.233784,0,0,0,0
24.7,2056,3,0.0572314,0.0572314,0.943327,0.788176,0.155151,35.7733,35.1527,9,9,0,1.26654,1.4645,0.19796,0,0,0,0
24.8,2057,1,0.436793,0.436793,0.731439,-0.401236,1.13267,34.9258,30.3951,10,10,0,1.03306,0.657883,0.375176,0,0,0,0
24.8,2057,2,0.280499,0.280499,0.429745,0.604052,0.174307,33.719,34.4162,11,11,0,0.676245,0.640525,0.03572,0,0,0,0
24.8,2057,3,0.0270114,0.0270114,0.90118,0.943327,0.042147,35.6047,35.7733,9,9,0,1.4645,1.58683,0.122336,0,0,0,0
24.9,2058,1,0.137609,0.137609,0.825883,0.731439,0.0944446,35.3035,34.9258,10,10,0,0.657883,0.741307,0.083424,0,0,0,0
24.9,2058,2,0.0472855,0.0472855,-0.263595,0.429745,0.69334,30.9456,33.719,11,11,0,0.640525,0.825301,0.184776,0,0,0,0
24.9,2058,3,0.00492376,0.00492376,0.411634,0.90118,0.489546,33.6465,35.6047,9,9,0,1.58683,1.43907,0.14776,0,1,0,0
25,2059,1,0.0555231,0.0555231,0.911083,0.825883,0.0851993,35.6443,35.3035,10,10,0,0.741307,1.0584,0.317096,0,0,0,0
25,2059,2,0.253142,0.253142,0.901732,-0.263595,1.16533,35.6069,30.9456,11,11,0,0.825301,0.542781,0.28252,0,0,0,0
25,2059,3,0.708644,0.708644,0.730575,0.411634,0.31894,34.9223,33.6465,9,9,0,1.43907,1.32634,0.112728,0,0,0,0
25.1,2060,1,0.128647,0.128647,0.941109,0.911083,0.0300261,35.7644,35.6443,10,10,0,1.0584,0.974163,0.08424,0,0,0,0
25.1,2060,2,1.22258,1.22258,-0.558903,0.901732,1.46063,29.7644,35.6069,11,11,0,0.542781,0.678285,0.135504,0,0,0,0
25.1,2060,3,0.678438,0.678438,0.604531,0.730575,0.126044,34.4181,34.9223,9,9,0,1.32634,1.27134,0.055,0,0,0,0
25.2,2061,1,0.0518426,0.0518426,0.88387,0.941109,0.0572392,35.5355,35.7644,10,10,0,0.974163,1.09334,0.119176,0,0,0,0
25.2,2061,2,1.31051,1.31051,0.416415,-0.558903,0.975318,33.6657,29.7644,11,11,0,0.678285,0.827805,0.14952,0,0,0,0
25.2,2061,3,0.347004,0.347004,0.88799,0.604531,0.283459,35.552,34.4181,9,9,0,1.27134,1.31722,0.04588,0,0,0,0
25.3,2062,1,0.0942463,0.0942463,0.904335,0.88387,0.020465,35.6173,35.5355,10,10,0,1.09334,0.934267,0.159072,0,0,0,0
25.3,2062,2,1.13337,1.13337,0.929549,0.416415,0.513134,35.7182,33.6657,11,11,0,0.827805,0.494989,0.332816,0,0,0,0
25.3,2062,3,0.147363,0.147363,0.470688,0.88799,0.417302,33.8828,35.552,9,9,0,1.31722,1.38228,0.065056,0,0,0,0
25.4,2063,1,0.53037,0.53037,0.906208,0.904335,0.00187391,35.6248,35.6173,10,10,0,0.934267,0.991787,0.05752,0,0,1,0
25.4,2063,2,0.29405,0.29405,-0.1476,0.929549,1.07715,31.4096,35.7182,11,11,0,0.494989,0.770141,0.275152,0,0,0,0
25.4,2063,3,0.735793,0.735793,0.8353,0.470688,0.364611,35.3412,33.8828,9,9,0,1.38228,1.24898,0.133296,0,0,0,0
25.5,2064,1,0.422882,0.422882,0.826002,0.906208,0.0802064,35.304,35.6248,10,10,0,0.991787,0.944403,0.047384,0,0,0,0
25.5,2064,2,1.46669,1.46669,0.164522,-0.1476,0.312121,32.6581,31.4096,11,11,0,0.770141,0.748045,0.022096,0,0,0,0
25.5,2064,3,1.23274,1.23274,0.642642,0.8353,0.192657,34.5706,35.3412,9,9,0,1.24898,1.23879,0.010192,0,0,0,0
25.6,2065,1,0.0426481,0.0426481,0.506169,0.826002,0.319833,34.0247,35.304,10,10,0,0.944403,0.986987,0.042584,0,0,0,0
25.6,2065,2,1.02436,1.02436,0.426257,0.164522,0.261735,33.705,32.6581,11,11,0,0.748045,0.584101,0.163944,0,0,0,0
25.6,2065,3,0.0658623,0.0658623,-0.107074,0.642642,0.749717,31.5717,34.5706,9,9,0,1.23879,1.35197,0.113176,0,0,0,0
25.7,2066,1,0.00778222,0.00778222,0.991441,0.506169,0.485272,35.9658,34.0247,10,10,0,0.986987,1.05672,0.069736,0,1,0,0
25.7,2066,2,0.140372,0.140372,-0.916007,0.426257,1.34226,28.336,33.705,11,11,0,0.584101,0.663293,0.079192,0,0,0,0
25.7,2066,3,0.0444878,0.0444878,0.245653,-0.107074,0.352727,32.9826,31.5717,9,9,0,1.35197,1.22883,0.123136,0,0,0,0
25.8,2067,1,0.432718,0.432718,0.29579,0.991441,0.695651,33.1832,35.9658,10,10,0,1.05672,1.21475,0.158024,0,0,0,0
25.8,2067,2,0.755559,0.755559,-0.870645,-0.916007,0.0453621,28.5174,28.336,11,11,0,0.663293,0.760165,0.096872,0,0,0,0
25.8,2067,3,0.108742,0.108742,0.194287,0.245653,0.0513656,32.7771,32.9826,9,9,0,1.22883,1.07647,0.15236,0,0,0,0
25.9,2068,1,0.101079,0.101079,0.767496,0.29579,0.471706,35.07,33.1832,10,10,0,1.21475,1.24513,0.030384,0,0,0,0
25.9,2068,2,0.259827,0.259827,0.241562,-0.870645,1.11221,32.9662,28.5174,11,11,0,0.760165,0.486461,0.273704,0,0,0,0
25.9,2068,3,0.277803,0.277803,0.971204,0.194287,0.776916,35.8848,32.7771,9,9,0,1.07647,1.40641,0.329936,0,0,0,0
26,2069,1,0.361086,0.361086,0.893111,0.767496,0.125615,35.5724,35.07,10,10,0,1.24513,0.980659,0.264472,0,0,0,0
26,2069,2,1.08974,1.08974,0.62421,0.241562,0.382648,34.4968,32.9662,11,11,0,0.486461,0.527037,0.040576,0,0,0,0
26,2069,3,0.454618,0.454618,0.94996,0.971204,0.0212439,35.7998,35.8848,9,9,0,1.40641,1.38543,0.020976,0,0,0,0
26.1,2070,1,0.246338,0.246338,0.919138,0.893111,0.0260272,35.6766,35.5724,10,10,0,0.980659,0.999515,0.018856,0,0,0,0
26.1,2070,2,0.687429,0.687429,0.84642,0.62421,0.22221,35.3857,34.4968,11,11,0,0.527037,0.584141,0.057104,0,0,0,0
26.1,2070,3,0.110237,0.110237,0.784863,0.94996,0.165097,35.1395,35.7998,9,9,0,1.38543,1.38198,0.003456,0,0,0,0
26.2,2071,1,0.335731,0.335731,0.828773,0.919138,0.0903646,35.3151,35.6766,10,10,0,0.999515,0.963883,0.035632,0,0,0,0
26.2,2071,2,0.446811,0.446811,-0.258178,0.84642,1.1046,30.9673,35.3857,11,11,0,0.584141,0.833605,0.249464,0,0,0,0
26.2,2071,3,0.13802,0.13802,0.95054,0.784863,0.165678,35.8022,35.1395,9,9,0,1.38198,1.36637,0.015608,0,0,0,0
26.3,2072,1,0.0148587,0.0148587,0.860793,0.828773,0.0320197,35.4432,35.3151,10,10,0,0.963883,1.00851,0.044632,0,1,0,0
26.3,2072,2,0.302179,0.302179,0.664375,-0.258178,0.922552,34.6575,30.9673,11,11,0,0.833605,0.772133,0.061472,0,0,0,0
26.3,2072,3,0.215301,0.215301,0.949006,0.95054,0.00153458,35.796,35.8022,9,9,0,1.36637,1.42798,0.061616,0,0,1,0
26.4,2073,1,1.00555,1.00555,0.740173,0.860793,0.12062,34.9607,35.4432,10,10,0,1.00851,1.00568,0.002832,0,0,0,0
26.4,2073,2,1.41953,1.41953,0.927953,0.664375,0.263579,35.7118,34.6575,11,11,0,0.772133,0.498237,0.273896,0,0,0,0
26.4,2073,3,0.0147334,0.0147334,-0.232506,0.949006,1.18151,31.07,35.796,9,9,0,1.42798,1.39087,0.037112,0,1,0,0
26.5,2074,1,0.622275,0.622275,-0.246401,0.740173,0.986573,31.0144,34.9607,10,10,0,1.00568,0.983931,0.021752,0,0,0,0
26.5,2074,2,0.816681,0.816681,0.830349,0.927953,0.0976043,35.3214,35.7118,11,11,0,0.498237,0.952877,0.45464,0,0,0,0
26.5,2074,3,0.0109461,0.0109461,0.611911,-0.232506,0.844417,34.4476,31.07,9,9,0,1.39087,1.19137,0.199504,0,1,0,0
26.6,2075,1,0.416562,0.416562,0.735361,-0.246401,0.981761,34.9414,31.0144,10,10,0,0.983931,0.787411,0.19652,0,0,0,0
26.6,2075,2,0.479072,0.479072,0.850607,0.830349,0.0202577,35.4024,35.3214,11,11,0,0.952877,1.10876,0.15588,0,0,0,0
26.6,2075,3,0.148053,0.148053,0.867426,0.611911,0.255515,35.4697,34.4476,9,9,0,1.19137,1.07526,0.116112,0,0,0,0
26.7,2076,1,0.138163,0.138163,0.833611,0.735361,0.0982501,35.3344,34.9414,10,10,0,0.787411,0.785851,0.00156,0,0,0,0
26.7,2076,2,0.104746,0.104746,0.811239,0.850607,0.0393675,35.245,35.4024,11,11,0,1.10876,1.04941,0.059344,0,0,0,0
26.7,2076,3,0.237178,0.237178,0.249875,0.867426,0.617551,32.9995,35.4697,9,9,0,1.07526,1.37076,0.295504,0,0,0,0
26.8,2077,1,0.0147572,0.0147572,0.83987,0.833611,0.0062589,35.3595,35.3344,10,10,0,0.785851,0.920243,0.134392,0,1,1,0
26.8,2077,2,0.754695,0.754695,0.962997,0.811239,0.151757,35.852,35.245,11,11,0,1.04941,0.941581,0.107832,0,0,0,0
26.8,2077,3,0.125571,0.125571,0.803903,0.249875,0.554027,35.2156,32.9995,9,9,0,1.37076,1.12625,0.244512,0,0,0,0
26.9,2078,1,0.145478,0.145478,0.757601,0.83987,0.082269,35.0304,35.3595,10,10,0,0.920243,0.912083,0.00816,0,0,0,0
26.9,2078,2,0.0982747,0.0982747,0.856363,0.962997,0.106633,35.4255,35.852,11,11,0,0.941581,0.989341,0.04776,0,0,0,0
26.9,2078,3,0.446904,0.446904,0.825606,0.803903,0.0217027,35.3024,35.2156,9,9,0,1.12625,1.14858,0.022336,0,0,0,0
27,2079,1,0.158787,0.158787,0.379019,0.757601,0.378581,33.5161,35.0304,10,10,0,0.912083,0.955627,0.043544,0,0,0,0
27,2079,2,0.65071,0.65071,0.863517,0.856363,0.00715381,35.4541,35.4255,11,11,0,0.989341,0.891661,0.09768,0,0,1,0
27,2079,3,0.104443,0.104443,0.764678,0.825606,0.060927,35.0587,35.3024,9,9,0,1.14858,1.35112,0.202536,0,0,0,0
27.1,2080,1,0.149953,0.149953,0.230805,0.379019,0.148214,32.9232,33.5161,10,10,0,0.955627,0.829627,0.126,0,0,0,0
27.1,2080,2,0.492547,0.492547,0.0227453,0.863517,0.840772,32.091,35.4541,11,11,0,0.891661,0.902933,0.011272,0,0,0,0
27.1,2080,3,0.218654,0.218654,0.899137,0.764678,0.134459,35.5965,35.0587,9,9,0,1.35112,1.3334,0.01772,0,0,0,0
27.2,2081,1,0.323953,0.323953,0.931331,0.230805,0.700526,35.7253,32.9232,10,10,0,0.829627,0.835467,0.00584,0,0,0,0
27.2,2081,2,0.0434503,0.0434503,0.497212,0.0227453,0.474466,33.9888,32.091,11,11,0,0.902933,0.768125,0.134808,0,0,0,0
27.2,2081,3,0.0162992,0.0162992,0.970587,0.899137,0.0714496,35.8823,35.5965,9,9,0,1.3334,1.50823,0.174832,0,1,0,0
27.3,2082,1,0.219583,0.219583,0.910255,0.931331,0.0210764,35.641,35.7253,10,10,0,0.835467,0.865251,0.029784,0,0,0,0
27.3,2082,2,0.0212319,0.0212319,0.000854492,0.497212,0.496357,32.0034,33.9888,11,11,0,0.768125,0.708229,0.059896,0,0,0,0
27.3,2082,3,0.259483,0.259483,0.854395,0.970587,0.116192,35.4176,35.8823,9,9,0,1.50823,1.37801,0.130224,0,0,0,0
27.4,2083,1,0.498987,0.498987,0.989573,0.910255,0.0793176,35.9583,35.641,10,10,0,0.865251,0.955955,0.090704,0,0,0,0
27.4,2083,2,0.227904,0.227904,0.435056,0.000854492,0.434201,33.7402,32.0034,11,11,0,0.708229,0.749333,0.041104,0,0,0,0
27.4,2083,3,0.347677,0.347677,0.941319,0.854395,0.0869246,35.7653,35.4176,9,9,0,1.37801,1.4398,0.061792,0,0,0,0
27.5,2084,1,0.281444,0.281444,0.849548,0.989573,0.140025,35.3982,35.9583,10,10,0,0.955955,1.07537,0.119416,0,0,0,0
27.5,2084,2,0.577143,0.577143,0.441661,0.435056,0.00660512,33.7666,33.7402,11,11,0,0.749333,0.607837,0.141496,0,0,1,0
27.5,2084,3,0.0101364,0.0101364,0.975899,0.941319,0.0345793,35.9036,35.7653,9,9,0,1.4398,1.37242,0.067384,0,1,0,0
27.6,2085,1,0.530761,0.530761,0.775518,0.849548,0.0740305,35.1021,35.3982,10,10,0,1.07537,0.984555,0.090816,0,0,0,0
27.6,2085,2,0.23923,0.23923,0.948692,0.441661,0.507031,35.7948,33.7666,11,11,0,0.607837,0.715837,0.108,0,0,0,0
27.6,2085,3,0.334469,0.334469,0.503061,0.975899,0.472838,34.0122,35.9036,9,9,0,1.37242,1.37241,8e-06,0,0,0,0
27.7,2086,1,0.311216,0.311216,0.500505,0.775518,0.275013,34.002,35.1021,10,10,0,0.984555,0.968643,0.015912,0,0,0,0
27.7,2086,2,0.856108,0.856108,0.891277,0.948692,0.0574152,35.5651,35.7948,11,11,0,0.715837,0.767925,0.052088,0,0,0,0
27.7,2086,3,0.14846,0.14846,0.776845,0.503061,0.273784,35.1074,34.0122,9,9,0,1.37241,1.30795,0.064456,0,0,0,0
27.8,2087,1,1.17577,1.17577,0.0930235,0.500505,0.407481,32.3721,34.002,10,10,0,0.968643,0.947027,0.021616,0,0,0,0
27.8,2087,2,0.0527126,0.0527126,0.553422,0.891277,0.337855,34.2137,35.5651,11,11,0,0.767925,0.931109,0.163184,0,0,0,0
27.8,2087,3,0.0684735,0.0684735,0.0762496,0.776845,0.700595,32.305,35.1074,9,9,0,1.30795,1.30456,0.003392,0,0,0,0
27.9,2088,1,0.475795,0.475795,0.915676,0.0930235,0.822652,35.6627,32.3721,10,10,0,0.947027,0.899491,0.047536,0,0,0,0
27.9,2088,2,1.40853,1.40853,0.545582,0.553422,0.00783968,34.1823,34.2137,11,11,0,0.931109,0.930885,0.000224,0,0,1,0
27.9,2088,3,0.188483,0.188483,0.98804,0.0762496,0.911791,35.9522,32.305,9,9,0,1.30456,1.28798,0.016576,0,0,0,0
28,2089,1,0.161938,0.161938,0.924494,0.915676,0.00881821,35.698,35.6627,10,10,0,0.899491,0.914627,0.015136,0,0,1,0
28,2089,2,0.170894,0.170894,0.844688,0.545582,0.299106,35.3788,34.1823,11,11,0,0.930885,0.951725,0.02084,0,0,0,0
28,2089,3,0.279551,0.279551,0.64023,0.98804,0.34781,34.5609,35.9522,9,9,0,1.28798,1.31055,0.022568,0,0,0,0
28.1,2090,1,0.930331,0.930331,-0.397946,0.924494,1.32244,30.4082,35.698,10,10,0,0.914627,0.997803,0.083176,0,0,0,0
28.1,2090,2,0.877764,0.877764,0.781874,0.844688,0.0628137,35.1275,35.3788,11,11,0,0.951725,0.860101,0.091624,0,0,0,0
28.1,2090,3,0.99578,0.99578,0.928781,0.64023,0.28855,35.7151,34.5609,9,9,0,1.31055,1.27046,0.040096,0,0,0,0
28.2,2091,1,1.51275,1.51275,0.717047,-0.397946,1.11499,34.8682,30.4082,10,10,0,0.997803,0.691515,0.306288,0,0,0,0
28.2,2091,2,0.607726,0.607726,0.941025,0.781874,0.159151,35.7641,35.1275,11,11,0,0.860101,0.995581,0.13548,0,0,0,0
28.2,2091,3,0.902344,0.902344,0.915851,0.928781,0.0129299,35.6634,35.7151,9,9,0,1.27046,1.43914,0.16868,0,0,1,0
28.3,2092,1,1.50089,1.50089,0.951413,0.717047,0.234366,35.8057,34.8682,10,10,0,0.691515,0.712467,0.020952,0,0,0,0
28.3,2092,2,0.010778,0.010778,0.604495,0.941025,0.33653,34.418,35.7641,11,11,0,0.995581,1.0321,0.03652,0,1,0,0
28.3,2092,3,0.161291,0.161291,0.311021,0.915851,0.60483,33.2441,35.6634,9,9,0,1.43914,1.36494,0.074192,0,0,0,0
28.4,2093,1,1.44658,1.44658,0.464201,0.951413,0.487212,33.8568,35.8057,10,10,0,0.712467,0.942667,0.2302,0,0,0,0
28.4,2093,2,0.626517,0.626517,-0.850577,0.604495,1.45507,28.5977,34.418,11,11,0,1.0321,0.871685,0.160416,0,0,0,0
28.4,2093,3,1.60968,1.60968,0.863178,0.311021,0.552157,35.4527,33.2441,9,9,0,1.36494,1.20526,0.15968,0,0,0,0
28.5,2094,1,0.431942,0.431942,0.254047,0.464201,0.210154,33.0162,33.8568,10,10,0,0.942667,1.02211,0.07944,0,0,0,0
28.5,2094,2,0.816965,0.816965,0.300274,-0.850577,1.15085,33.2011,28.5977,11,11,0,0.871685,0.930701,0.059016,0,0,0,0
28.5,2094,3,1.082,1.082,0.493452,0.863178,0.369725,33.9738,35.4527,9,9,0,1.20526,1.41272,0.207456,0,0,0,0
28.6,2095,1,0.520525,0.520525,0.921678,0.254047,0.667631,35.6867,33.0162,10,10,0,1.02211,0.969331,0.052776,0,0,0,0
28.6,2095,2,0.317023,0.317023,0.706868,0.300274,0.406594,34.8275,33.2011,11,11,0,0.930701,0.576413,0.354288,0,0,0,0
28.6,2095,3,0.565909,0.565909,0.896096,0.493452,0.402643,35.5844,33.9738,9,9,0,1.41272,1.3885,0.024224,0,0,0,0
28.7,2096,1,0.0876601,0.0876601,0.967413,0.921678,0.0457352,35.8697,35.6867,10,10,0,0.969331,0.961275,0.008056,0,0,0,0
28.7,2096,2,0.31591,0.31591,0.483894,0.706868,0.222973,33.9356,34.8275,11,11,0,0.576413,0.842605,0.266192,0,0,0,0
28.7,2096,3,0.0964965,0.0964965,0.658656,0.896096,0.23744,34.6346,35.5844,9,9,0,1.3885,1.33661,0.051888,0,0,0,0
28.8,2097,1,0.384362,0.384362,0.588458,0.967413,0.378955,34.3538,35.8697,10,10,0,0.961275,0.955091,0.006184,0,0,0,0
28.8,2097,2,0.315359,0.315359,0.788148,0.483894,0.304254,35.1526,33.9356,11,11,0,0.842605,0.790845,0.05176,0,0,0,0
28.8,2097,3,0.149118,0.149118,0.90418,0.658656,0.245525,35.6167,34.6346,9,9,0,1.33661,1.33077,0.00584,0,0,0,0
28.9,2098,1,0.460341,0.460341,0.431972,0.588458,0.156486,33.7279,34.3538,10,10,0,0.955091,0.958771,0.00368,0,0,0,0
28.9,2098,2,0.322885,0.322885,0.573374,0.788148,0.214774,34.2935,35.1526,11,11,0,0.790845,0.770821,0.020024,0,0,0,0
28.9,2098,3,0.719521,0.719521,0.551698,0.90418,0.352482,34.2068,35.6167,9,9,0,1.33077,1.29603,0.034736,0,0,0,0
29,2099,1,0.0409551,0.0409551,0.866742,0.431972,0.43477,35.467,33.7279,10,10,0,0.958771,0.916163,0.042608,0,0,0,0
29,2099,2,0.617954,0.617954,-0.40184,0.573374,0.975214,30.3926,34.2935,11,11,0,0.770821,0.916413,0.145592,0,0,0,0
29,2099,3,0.0961648,0.0961648,0.519374,0.551698,0.0323237,34.0775,34.2068,9,9,0,1.29603,1.31818,0.022152,0,0,0,0
29.1,2100,1,0.866802,0.866802,0.526695,0.866742,0.340048,34.1068,35.467,10,10,0,0.916163,0.936915,0.020752,0,0,0,0
29.1,2100,2,0.361072,0.361072,-0.146836,-0.40184,0.255004,31.4127,30.3926,11,11,0,0.916413,0.810157,0.106256,0,0,0,0
29.1,2100,3,1.03892,1.03892,0.872115,0.519374,0.352741,35.4885,34.0775,9,9,0,1.31818,1.32379,0.005608,0,0,0,0
29.2,2101,1,0.265333,0.265333,0.612481,0.526695,0.085786,34.4499,34.1068,10,10,0,0.936915,1.0894,0.152488,0,0,0,0
29.2,2101,2,0.0899272,0.0899272,0.276457,-0.146836,0.423293,33.1058,31.4127,11,11,0,0.810157,0.603061,0.207096,0,0,0,0
29.2,2101,3,0.160062,0.160062,0.748769,0.872115,0.123347,34.9951,35.4885,9,9,0,1.32379,1.52811,0.20432,0,0,0,0
29.3,2102,1,0.276633,0.276633,0.432951,0.612481,0.17953,33.7318,34.4499,10,10,0,1.0894,0.979507,0.109896,0,0,0,0
29.3,2102,2,0.112689,0.112689,-0.735756,0.276457,1.01221,29.057,33.1058,11,11,0,0.603061,0.555053,0.048008,0,0,0,0
29.3,2102,3,0.0369908,0.0369908,0.61178,0.748769,0.136989,34.4471,34.9951,9,9,0,1.52811,1.34008,0.188032,0,0,0,0
29.4,2103,1,0.274823,0.274823,0.898659,0.432951,0.465708,35.5946,33.7318,10,10,0,0.979507,0.931467,0.04804,0,0,0,0
29.4,2103,2,0.677524,0.677524,0.0611353,-0.735756,0.796892,32.2445,29.057,11,11,0,0.555053,0.746573,0.19152,0,0,0,0
29.4,2103,3,0.0259286,0.0259286,0.843314,0.61178,0.231534,35.3733,34.4471,9,9,0,1.34008,1.49173,0.151648,0,0,0,0
29.5,2104,1,0.0407314,0.0407314,0.817602,0.898659,0.0810569,35.2704,35.5946,10,10,0,0.931467,0.996011,0.064544,0,0,0,0
29.5,2104,2,0.325458,0.325458,0.0642854,0.0611353,0.00315006,32.2571,32.2445,11,11,0,0.746573,0.532405,0.214168,0,0,1,0
29.5,2104,3,0.170653,0.170653,0.837525,0.843314,0.0057891,35.3501,35.3733,9,9,0,1.49173,1.45275,0.038976,0,0,1,0
29.6,2105,1,0.130365,0.130365,0.404647,0.817602,0.412954,33.6186,35.2704,10,10,0,0.996011,1.05674,0.060728,0,0,0,0
29.6,2105,2,0.466945,0.466945,-0.581992,0.0642854,0.646277,29.672,32.2571,11,11,0,0.532405,0.693949,0.161544,0,0,0,0
29.6,2105,3,0.845817,0.845817,0.674434,0.837525,0.16309,34.6977,35.3501,9,9,0,1.45275,1.42272,0.030032,0,0,0,0
29.7,2106,1,0.170083,0.170083,0.436399,0.404647,0.0317512,33.7456,33.6186,10,10,0,1.05674,1.04154,0.0152,0,0,0,0
29.7,2106,2,0.019808,0.019808,-0.123979,-0.581992,0.458013,31.5041,29.672,11,11,0,0.693949,0.675613,0.018336,0,1,0,0
29.7,2106,3,0.468299,0.468299,0.719275,0.674434,0.0448412,34.8771,34.6977,9,9,0,1.42272,1.51336,0.09064,0,0,0,0
29.8,2107,1,0.0519157,0.0519157,0.872228,0.436399,0.43583,35.4889,33.7456,10,10,0,1.04154,0.945267,0.096272,0,0,0,0
29.8,2107,2,0.132292,0.132292,0.934886,-0.123979,1.05887,35.7395,31.5041,11,11,0,0.675613,0.579773,0.09584,0,0,0,0
29.8,2107,3,0.0396057,0.0396057,0.967703,0.719275,0.248428,35.8708,34.8771,9,9,0,1.51336,1.48721,0.026152,0,0,0,0
29.9,2108,1,0.0621369,0.0621369,0.880581,0.872228,0.00835341,35.5223,35.4889,10,10,0,0.945267,0.960971,0.015704,0,0,1,0
29.9,2108,2,0.384749,0.384749,0.913941,0.934886,0.0209457,35.6558,35.7395,11,11,0,0.579773,0.700165,0.120392,0,0,0,0
29.9,2108,3,0.279118,0.279118,0.915216,0.967703,0.0524877,35.6609,35.8708,9,9,0,1.48721,1.27914,0.208064,0,0,0,0
30,2109,1,0.0213249,0.0213249,0.529601,0.880581,0.35098,34.1184,35.5223,10,10,0,0.960971,0.963971,0.003,0,0,0,0
30,2109,2,0.144192,0.144192,0.698824,0.913941,0.215117,34.7953,35.6558,11,11,0,0.700165,0.892725,0.19256,0,0,0,0
30,2109,3,0.146178,0.146178,0.720745,0.915216,0.194471,34.883,35.6609,9,9,0,1.27914,1.33232,0.053176,0,0,0,0
30.1,2110,1,0.0512872,0.0512872,0.924339,0.529601,0.394738,35.6974,34.1184,10,10,0,0.963971,0.976499,0.012528,0,0,0,0
30.1,2110,2,0.544943,0.544943,0.98457,0.698824,0.285746,35.9383,34.7953,11,11,0,0.892725,0.862533,0.030192,0,0,0,0
30.1,2110,3,0.0876657,0.0876657,0.674804,0.720745,0.0459403,34.6992,34.883,9,9,0,1.33232,1.28881,0.043512,0,0,0,0
30.2,2111,1,0.759231,0.759231,0.713444,0.924339,0.210895,34.8538,35.6974,10,10,0,0.976499,0.989627,0.013128,0,0,0,0
30.2,2111,2,0.0961024,0.0961024,0.450386,0.98457,0.534183,33.8015,35.9383,11,11,0,0.862533,0.906133,0.0436,0,0,0,0
30.2,2111,3,0.138116,0.138116,0.435418,0.674804,0.239386,33.7417,34.6992,9,9,0,1.28881,1.29955,0.010744,0,0,0,0
30.3,2112,1,0.861808,0.861808,0.471641,0.713444,0.241803,33.8866,34.8538,10,10,0,0.989627,0.961883,0.027744,0,0,0,0
30.3,2112,2,0.0251365,0.0251365,0.906356,0.450386,0.45597,35.6254,33.8015,11,11,0,0.906133,0.887005,0.019128,0,0,0,0
30.3,2112,3,0.0382888,0.0382888,0.954969,0.435418,0.519551,35.8199,33.7417,9,9,0,1.29955,1.27131,0.02824,0,0,0,0
30.4,2113,1,0.381974,0.381974,0.550979,0.471641,0.0793382,34.2039,33.8866,10,10,0,0.961883,0.866851,0.095032,0,0,0,0
30.4,2113,2,0.635968,0.635968,0.566377,0.906356,0.339979,34.2655,35.6254,11,11,0,0.887005,0.900829,0.013824,0,0,0,0
30.4,2113,3,0.381775,0.381775,0.933058,0.954969,0.0219108,35.7322,35.8199,9,9,0,1.27131,1.39931,0.128,0,0,0,0
30.5,2114,1,0.361569,0.361569,0.884493,0.550979,0.333514,35.538,34.2039,10,10,0,0.866851,0.912363,0.045512,0,0,0,0
30.5,2114,2,0.719067,0.719067,0.820978,0.566377,0.254601,35.2839,34.2655,11,11,0,0.900829,0.961685,0.060856,0,0,0,0
30.5,2114,3,0.313927,0.313927,0.981628,0.933058,0.0485699,35.9265,35.7322,9,9,0,1.39931,1.43472,0.035408,0,0,0,0
30.6,2115,1,0.171353,0.171353,0.656346,0.884493,0.228147,34.6254,35.538,10,10,0,0.912363,0.955043,0.04268,0,0,0,0
30.6,2115,2,0.040549,0.040549,0.408814,0.820978,0.412164,33.6353,35.2839,11,11,0,0.961685,0.836773,0.124912,0,0,0,0
30.6,2115,3,0.0661004,0.0661004,0.304778,0.981628,0.67685,33.2191,35.9265,9,9,0,1.43472,1.27984,0.15488,0,0,0,0
30.7,2116,1,0.398289,0.398289,0.832555,0.656346,0.176209,35.3302,34.6254,10,10,0,0.955043,0.943803,0.01124,0,0,0,0
30.7,2116,2,0.330221,0.330221,0.774528,0.408814,0.365714,35.0981,33.6353,11,11,0,0.836773,0.882541,0.045768,0,0,0,0
30.7,2116,3,0.142319,0.142319,0.498762,0.304778,0.193983,33.995,33.2191,9,9,0,1.27984,1.33532,0.05548,0,0,0,0
30.8,2117,1,0.733603,0.733603,0.91418,0.832555,0.0816243,35.6567,35.3302,10,10,0,0.943803,1.03823,0.094424,0,0,0,0
30.8,2117,2,0.433684,0.433684,0.204487,0.774528,0.57004,32.8179,35.0981,11,11,0,0.882541,0.898197,0.015656,0,0,0,0
30.8,2117,3,0.125144,0.125144,0.454993,0.498762,0.0437681,33.82,33.995,9,9,0,1.33532,1.2441,0.091224,0,0,0,0
30.9,2118,1,0.841888,0.841888,0.933756,0.91418,0.019576,35.735,35.6567,10,10,0,1.03823,0.981451,0.056776,0,0,1,0
30.9,2118,2,0.0395246,0.0395246,0.00172984,0.204487,0.202758,32.0069,32.8179,11,11,0,0.898197,0.904789,0.006592,0,0,0,0
30.9,2118,3,0.0919244,0.0919244,-0.13772,0.454993,0.592713,31.4491,33.82,9,9,0,1.2441,1.21955,0.024544,0,0,0,0
31,2119,1,0.463885,0.463885,0.576995,0.933756,0.356761,34.308,35.735,10,10,0,0.981451,1.1398,0.158352,0,0,0,0
31,2119,2,0.00757778,0.00757778,0.952912,0.00172984,0.951182,35.8116,32.0069,11,11,0,0.904789,0.794197,0.110592,0,1,0,0
31,2119,3,0.177772,0.177772,0.986913,-0.13772,1.12463,35.9477,31.4491,9,9,0,1.21955,1.33069,0.111136,0,0,0,0
31.1,2120,1,0.80126,0.80126,0.78304,0.576995,0.206044,35.1322,34.308,10,10,0,1.1398,0.973139,0.166664,0,0,0,0
31.1,2120,2,0.144568,0.144568,0.687513,0.952912,0.265399,34.7501,35.8116,11,11,0,0.794197,0.737981,0.056216,0,0,0,0
31.1,2120,3,0.321262,0.321262,0.732407,0.986913,0.254506,34.9296,35.9477,9,9,0,1.33069,1.16329,0.1674,0,0,0,0
31.2,2121,1,0.448966,0.448966,0.953131,0.78304,0.170091,35.8125,35.1322,10,10,0,0.973139,0.893339,0.0798,0,0,0,0
31.2,2121,2,0.112344,0.112344,0.276617,0.687513,0.410896,33.1065,34.7501,11,11,0,0.737981,1.00528,0.267296,0,0,0,0
31.2,2121,3,0.279092,0.279092,0.708795,0.732407,0.0236121,34.8352,34.9296,9,9,0,1.16329,1.30399,0.140704,0,0,0,0
31.3,2122,1,0.961687,0.961687,0.322669,0.953131,0.630462,33.2907,35.8125,10,10,0,0.893339,1.07636,0.183024,0,0,0,0
31.3,2122,2,0.609011,0.609011,-0.712508,0.276617,0.989126,29.15,33.1065,11,11,0,1.00528,0.865181,0.140096,0,0,0,0
31.3,2122,3,0.749869,0.749869,0.47725,0.708795,0.231545,33.909,34.8352,9,9,0,1.30399,1.26592,0.038072,0,0,0,0
31.4,2123,1,0.060827,0.060827,0.477888,0.322669,0.155219,33.9116,33.2907,10,10,0,1.07636,1.01455,0.061816,0,0,0,0
31.4,2123,2,0.85263,0.85263,0.587028,-0.712508,1.29954,34.3481,29.15,11,11,0,0.865181,0.771061,0.09412,0,0,0,0
31.4,2123,3,0.782293,0.782293,0.885376,0.47725,0.408127,35.5415,33.909,9,9,0,1.26592,1.41034,0.144424,0,0,0,0
31.5,2124,1,0.158143,0.158143,0.943393,0.477888,0.465505,35.7736,33.9116,10,10,0,1.01455,0.872915,0.141632,0,0,0,0
31.5,2124,2,0.794855,0.794855,-0.268081,0.587028,0.855109,30.9277,34.3481,11,11,0,0.771061,0.602589,0.168472,0,0,0,0
31.5,2124,3,0.298477,0.298477,0.906548,0.885376,0.0211717,35.6262,35.5415,9,9,0,1.41034,1.48868,0.078336,0,0,0,0
31.6,2125,1,1.16882,1.16882,-0.163605,0.943393,1.107,31.3456,35.7736,10,10,0,0.872915,0.871619,0.001296,0,0,0,0
31.6,2125,2,0.112461,0.112461,0.760211,-0.268081,1.02829,35.0408,30.9277,11,11,0,0.602589,0.825421,0.222832,0,0,0,0
31.6,2125,3,0.544088,0.544088,0.985965,0.906548,0.0794173,35.9439,35.6262,9,9,0,1.48868,1.48518,0.003504,0,0,0,0
31.7,2126,1,1.20324,1.20324,0.940116,-0.163605,1.10372,35.7605,31.3456,10,10,0,0.871619,0.792851,0.078768,0,0,0,0
31.7,2126,2,0.311015,0.311015,0.501492,0.760211,0.258719,34.006,35.0408,11,11,0,0.825421,0.689909,0.135512,0,0,0,0
31.7,2126,3,0.854533,0.854533,0.456543,0.985965,0.529422,33.8262,35.9439,9,9,0,1.48518,1.46376,0.021416,0,0,0,0
31.8,2127,1,0.208525,0.208525,0.900135,0.940116,0.0399804,35.6005,35.7605,10,10,0,0.792851,0.874451,0.0816,0,0,0,0
31.8,2127,2,0.362915,0.362915,0.821654,0.501492,0.320162,35.2866,34.006,11,11,0,0.689909,0.941005,0.251096,0,0,0,0
31.8,2127,3,0.043314,0.043314,0.8856,0.456543,0.429057,35.5424,33.8262,9,9,0,1.46376,1.28313,0.180632,0,0,0,0
31.9,2128,1,0.289722,0.289722,0.946554,0.900135,0.0464184,35.7862,35.6005,10,10,0,0.874451,1.00906,0.134608,0,0,0,0
31.9,2128,2,0.314852,0.314852,0.628337,0.821654,0.193316,34.5133,35.2866,11,11,0,0.941005,0.876149,0.064856,0,0,0,0
31.9,2128,3,0.297295,0.297295,0.980323,0.8856,0.0947224,35.9213,35.5424,9,9,0,1.28313,1.16466,0.118464,0,0,0,0
32,2129,1,0.305313,0.305313,0.244441,0.946554,0.702113,32.9778,35.7862,10,10,0,1.00906,0.962875,0.046184,0,0,0,0
32,2129,2,0.297702,0.297702,0.581804,0.628337,0.0465335,34.3272,34.5133,11,11,0,0.876149,0.907301,0.031152,0,0,0,0
32,2129,3,0.267259,0.267259,0.742513,0.980323,0.237809,34.9701,35.9213,9,9,0,1.16466,1.40542,0.24076,0,0,0,0
32.1,2130,1,0.171711,0.171711,-0.221132,0.244441,0.465573,31.1155,32.9778,10,10,0,0.962875,0.868731,0.094144,0,0,0,0
32.1,2130,2,0.305092,0.305092,0.817988,0.581804,0.236184,35.272,34.3272,11,11,0,0.907301,0.802493,0.104808,0,0,0,0
32.1,2130,3,0.139988,0.139988,0.92654,0.742513,0.184027,35.7062,34.9701,9,9,0,1.40542,1.41833,0.012904,0,0,0,0
32.2,2131,1,0.139579,0.139579,0.441886,-0.221132,0.663019,33.7675,31.1155,10,10,0,0.868731,0.699803,0.168928,0,0,0,0
32.2,2131,2,0.619726,0.619726,0.601871,0.817988,0.216116,34.4075,35.272,11,11,0,0.802493,0.964573,0.16208,0,0,0,0
32.2,2131,3,0.283598,0.283598,-0.268797,0.92654,1.19534,30.9248,35.7062,9,9,0,1.41833,1.45456,0.036232,0,0,0,0
32.3,2132,1,1.04129,1.04129,0.526705,0.441886,0.0848185,34.1068,33.7675,10,10,0,0.699803,0.824123,0.12432,0,0,0,0
32.3,2132,2,0.165879,0.165879,-0.00460681,0.601871,0.606478,31.9816,34.4075,11,11,0,0.964573,1.00325,0.03868,0,0,0,0
32.3,2132,3,0.340715,0.340715,0.197566,-0.268797,0.466363,32.7903,30.9248,9,9,0,1.45456,1.18764,0.26692,0,0,0,0
32.4,2133,1,0.498477,0.498477,0.500518,0.526705,0.0261866,34.0021,34.1068,10,10,0,0.824123,1.02108,0.19696,0,0,0,0
32.4,2133,2,0.0432851,0.0432851,0.559154,-0.00460681,0.563761,34.2366,31.9816,11,11,0,1.00325,0.930125,0.073128,0,0,0,0
32.4,2133,3,0.11978,0.11978,0.82316,0.197566,0.625594,35.2926,32.7903,9,9,0,1.18764,1.03703,0.150608,0,0,0,0
32.5,2134,1,0.321812,0.321812,0.970025,0.500518,0.469507,35.8801,34.0021,10,10,0,1.02108,0.959843,0.06124,0,0,0,0
32.5,2134,2,0.556614,0.556614,0.945699,0.559154,0.386545,35.7828,34.2366,11,11,0,0.930125,0.747669,0.182456,0,0,0,0
32.5,2134,3,0.22006,0.22006,0.861963,0.82316,0.0388033,35.4479,35.2926,9,9,0,1.03703,1.38659,0.34956,0,0,0,0
32.6,2135,1,0.0583592,0.0583592,0.941812,0.970025,0.0282134,35.7672,35.8801,10,10,0,0.959843,0.963171,0.003328,0,0,0,0
32.6,2135,2,0.984787,0.984787,0.121754,0.945699,0.823945,32.487,35.7828,11,11,0,0.747669,0.821589,0.07392,0,0,0,0
32.6,2135,3,0.80339,0.80339,0.815674,0.861963,0.0462894,35.2627,35.4479,9,9,0,1.38659,1.3573,0.029296,0,0,0,0
32.7,2136,1,0.661564,0.661564,0.948809,0.941812,0.00699747,35.7952,35.7672,10,10,0,0.963171,0.955387,0.007784,0,0,1,0
32.7,2136,2,0.472292,0.472292,-0.157563,0.121754,0.279317,31.3697,32.487,11,11,0,0.821589,0.821373,0.000216,0,0,0,0
32.7,2136,3,1.23339,1.23339,0.817046,0.815674,0.00137192,35.2682,35.2627,9,9,0,1.3573,1.45419,0.096896,0,0,1,0
32.8,2137,1,0.867512,0.867512,0.898973,0.948809,0.049836,35.5959,35.7952,10,10,0,0.955387,1.00417,0.048784,0,0,0,0
32.8,2137,2,0.0670979,0.0670979,0.4747,-0.157563,0.632262,33.8988,31.3697,11,11,0,0.821373,0.743525,0.077848,0,0,0,0
32.8,2137,3,0.0162523,0.0162523,0.97021,0.817046,0.153165,35.8808,35.2682,9,9,0,1.45419,1.45923,0.00504,0,1,0,0
32.9,2138,1,0.031112,0.031112,-0.220573,0.898973,1.11955,31.1177,35.5959,10,10,0,1.00417,1.08727,0.083096,0,0,0,0
32.9,2138,2,0.618861,0.618861,0.936774,0.4747,0.462074,35.7471,33.8988,11,11,0,0.743525,0.669149,0.074376,0,0,0,0
32.9,2138,3,0.199045,0.199045,0.812399,0.97021,0.157811,35.2496,35.8808,9,9,0,1.45923,1.41214,0.047088,0,0,0,0
33,2139,1,0.00149381,0.00149381,0.788347,-0.220573,1.00892,35.1534,31.1177,10,10,0,1.08727,0.736291,0.350976,0,1,0,0
33,2139,2,0.711972,0.711972,0.789456,0.936774,0.147319,35.1578,35.7471,11,11,0,0.669149,0.768909,0.09976,0,0,0,0
33,2139,3,0.0975386,0.0975386,0.835157,0.812399,0.022758,35.3406,35.2496,9,9,0,1.41214,1.44685,0.034704,0,0,0,0
33.1,2140,1,0.125306,0.125306,0.866706,0.788347,0.0783593,35.4668,35.1534,10,10,0,0.736291,0.823859,0.087568,0,0,0,0
33.1,2140,2,0.506687,0.506687,0.620079,0.789456,0.169377,34.4803,35.1578,11,11,0,0.768909,0.957565,0.188656,0,0,0,0
33.1,2140,3,0.00860792,0.00860792,0.983583,0.835157,0.148426,35.9343,35.3406,9,9,0,1.44685,1.32847,0.118376,0,1,0,0
33.2,2141,1,0.242017,0.242017,0.923322,0.866706,0.0566159,35.6933,35.4668,10,10,0,0.823859,1.02349,0.199632,0,0,0,0
33.2,2141,2,0.0420277,0.0420277,0.812869,0.620079,0.192791,35.2515,34.4803,11,11,0,0.957565,0.909557,0.048008,0,0,0,0
33.2,2141,3,0.0353239,0.0353239,0.906453,0.983583,0.0771291,35.6258,35.9343,9,9,0,1.32847,1.38002,0.051552,0,0,0,0
33.3,2142,1,0.280074,0.280074,0.766698,0.923322,0.156625,35.0668,35.6933,10,10,0,1.02349,0.972667,0.050824,0,0,0,0
33.3,2142,2,1.17278,1.17278,0.649402,0.812869,0.163467,34.5976,35.2515,11,11,0,0.909557,0.726757,0.1828,0,0,0,0
33.3,2142,3,0.123776,0.123776,0.853407,0.906453,0.0530462,35.4136,35.6258,9,9,0,1.38002,1.31984,0.060184,0,0,0,0
33.4,2143,1,0.121744,0.121744,0.813469,0.766698,0.0467719,35.2539,35.0668,10,10,0,0.972667,1.00486,0.032192,0,0,0,0
33.4,2143,2,1.01925,1.01925,0.650114,0.649402,0.00071156,34.6005,34.5976,11,11,0,0.726757,0.935221,0.208464,0,0,1,0
33.4,2143,3,0.634696,0.634696,0.988584,0.853407,0.135176,35.9543,35.4136,9,9,0,1.31984,1.42266,0.102816,0,0,0,0
33.5,2144,1,1.24287,1.24287,0.970558,0.813469,0.157089,35.8822,35.2539,10,10,0,1.00486,1.03476,0.029904,0,0,0,0
33.5,2144,2,0.787806,0.787806,0.783103,0.650114,0.132989,35.1324,34.6005,11,11,0,0.935221,0.808741,0.12648,0,0,0,0
33.5,2144,3,0.384602,0.384602,0.393296,0.988584,0.595287,33.5732,35.9543,9,9,0,1.42266,1.35019,0.072464,0,0,0,0
33.6,2145,1,1.28475,1.28475,0.284191,0.970558,0.686367,33.1368,35.8822,10,10,0,1.03476,1.02102,0.013744,0,0,0,0
33.6,2145,2,1.05481,1.05481,-0.298577,0.783103,1.08168,30.8057,35.1324,11,11,0,0.808741,0.744837,0.063904,0,0,0,0
33.6,2145,3,1.09549,1.09549,0.806173,0.393296,0.412877,35.2247,33.5732,9,9,0,1.35019,1.32473,0.025464,0,0,0,0
33.7,2146,1,0.861647,0.861647,0.961432,0.284191,0.67724,35.8457,33.1368,10,10,0,1.02102,1.01459,0.006424,0,0,0,0
33.7,2146,2,0.200188,0.200188,0.899489,-0.298577,1.19807,35.598,30.8057,11,11,0,0.744837,0.861909,0.117072,0,0,0,0
33.7,2146,3,1.31907,1.31907,0.464528,0.806173,0.341645,33.8581,35.2247,9,9,0,1.32473,1.42134,0.096608,0,0,0,0
33.8,2147,1,0.767085,0.767085,0.807256,0.961432,0.154176,35.229,35.8457,10,10,0,1.01459,1.01927,0.004672,0,0,0,0
33.8,2147,2,0.00175285,0.00175285,0.232783,0.899489,0.666706,32.9311,35.598,11,11,0,0.861909,0.693917,0.167992,0,1,0,0
33.8,2147,3,0.0351087,0.0351087,0.838719,0.464528,0.374191,35.3549,33.8581,9,9,0,1.42134,1.34817,0.073168,0,0,0,0
33.9,2148,1,0.115306,0.115306,0.895159,0.807256,0.087903,35.5806,35.229,10,10,0,1.01927,1.02493,0.005664,0,0,0,0
33.9,2148,2,0.946869,0.946869,0.00341068,0.232783,0.229372,32.0136,32.9311,11,11,0,0.693917,0.869893,0.175976,0,0,0,0
33.9,2148,3,0.267958,0.267958,0.668004,0.838719,0.170715,34.672,35.3549,9,9,0,1.34817,1.35977,0.0116,0,0,0,0
34,2149,1,0.0956671,0.0956671,0.792345,0.895159,0.102814,35.1694,35.5806,10,10,0,1.02493,1.01532,0.009608,0,0,0,0
34,2149,2,0.836948,0.836948,-0.194193,0.00341068,0.197604,31.2232,32.0136,11,11,0,0.869893,0.691589,0.178304,0,0,0,0
34,2149,3,0.232369,0.232369,0.915088,0.668004,0.247084,35.6604,34.672,9,9,0,1.35977,1.34214,0.017624,0,0,0,0
34.1,2150,1,0.0425972,0.0425972,0.938515,0.792345,0.14617,35.7541,35.1694,10,7,-3,1.01532,1.25829,0.242968,0,0,0,0
34.1,2150,2,0.113853,0.113853,0.592392,-0.194193,0.786586,34.3696,31.2232,11,12,1,0.691589,0.532064,0.159525,0,0,0,0
34.1,2150,3,0.00375825,0.00375825,0.953098,0.915088,0.0380095,35.8124,35.6604,9,11,2,1.34214,1.05584,0.286307,0,1,0,0
34.2,2151,1,0.639552,0.639552,0.942655,0.938515,0.00413984,35.7706,35.7541,7,7,0,1.25829,1.21379,0.044504,0,0,1,0
34.2,2151,2,0.398217,0.398217,0.895791,0.592392,0.303398,35.5832,34.3696,12,12,0,0.532064,0.57548,0.043416,0,0,0,0
34.2,2151,3,0.134134,0.134134,0.567366,0.953098,0.385732,34.2695,35.8124,11,11,0,1.05584,1.22725,0.171408,0,0,0,0
34.3,2152,1,0.276976,0.276976,0.816591,0.942655,0.126064,35.2664,35.7706,7,7,0,1.21379,1.17755,0.036232,0,0,0,0
34.3,2152,2,1.18293,1.18293,-0.0331694,0.895791,0.92896,31.8673,35.5832,12,12,0,0.57548,0.706176,0.130696,0,0,0,0
34.3,2152,3,0.0303782,0.0303782,0.945969,0.567366,0.378603,35.7839,34.2695,11,11,0,1.22725,1.23143,0.004184,0,0,0,0
34.4,2153,1,0.457378,0.457378,0.847495,0.816591,0.0309041,35.39,35.2664,7,7,0,1.17755,1.26879,0.09124,0,0,0,0
34.4,2153,2,1.15179,1.15179,0.569371,-0.0331694,0.60254,34.2775,31.8673,12,12,0,0.706176,0.721768,0.015592,0,0,0,0
34.4,2153,3,0.0834204,0.0834204,0.667569,0.945969,0.2784,34.6703,35.7839,11,11,0,1.23143,0.965957,0.265472,0,0,0,0
34.5,2154,1,0.352115,0.352115,0.860504,0.847495,0.0130093,35.442,35.39,7,7,0,1.26879,1.20342,0.065376,0,0,1,0
34.5,2154,2,0.156158,0.156158,0.581206,0.569371,0.0118347,34.3248,34.2775,12,12,0,0.721768,0.625904,0.095864,0,0,1,0
34.5,2154,3,0.159175,0.159175,0.310338,0.667569,0.357231,33.2414,34.6703,11,11,0,0.965957,1.19945,0.233496,0,0,0,0
34.6,2155,1,0.335573,0.335573,0.959183,0.860504,0.0986789,35.8367,35.442,7,7,0,1.20342,1.26949,0.066072,0,0,0,0
34.6,2155,2,0.0335318,0.0335318,-0.388792,0.581206,0.969998,30.4448,34.3248,12,12,0,0.625904,0.801568,0.175664,0,0,0,0
34.6,2155,3,0.0160455,0.0160455,0.807312,0.310338,0.496974,35.2292,33.2414,11,11,0,1.19945,1.14129,0.05816,0,1,0,0
34.7,2156,1,0.0955635,0.0955635,0.98474,0.959183,0.0255572,35.939,35.8367,7,7,0,1.26949,1.34842,0.078928,0,0,0,0
34.7,2156,2,0.390589,0.390589,-0.224108,-0.388792,0.164684,31.1036,30.4448,12,12,0,0.801568,0.82476,0.023192,0,0,0,0
34.7,2156,3,0.0517884,0.0517884,0.786958,0.807312,0.0203546,35.1478,35.2292,11,11,0,1.14129,1.00057,0.140728,0,0,0,0
34.8,2157,1,0.179499,0.179499,0.947935,0.98474,0.0368055,35.7917,35.939,7,7,0,1.34842,1.33898,0.00944,0,0,0,0
34.8,2157,2,0.0126793,0.0126793,0.788652,-0.224108,1.01276,35.1546,31.1036,12,12,0,0.82476,0.449752,0.375008,0,1,0,0
34.8,2157,3,0.017018,0.017018,0.516681,0.786958,0.270277,34.0667,35.1478,11,11,0,1.00057,1.3003,0.299736,0,1,0,0
34.9,2158,1,0.0533555,0.0533555,0.923483,0.947935,0.0244517,35.6939,35.7917,7,7,0,1.33898,1.17249,0.166488,0,0,0,0
34.9,2158,2,0.268375,0.268375,0.745888,0.788652,0.0427639,34.9836,35.1546,12,12,0,0.449752,0.56692,0.117168,0,0,0,0
34.9,2158,3,0.39455,0.39455,0.960048,0.516681,0.443367,35.8402,34.0667,11,11,0,1.3003,1.25396,0.046344,0,0,0,0
35,2159,1,0.0443955,0.0443955,0.926334,0.923483,0.00285095,35.7053,35.6939,7,7,0,1.17249,1.18231,0.009816,0,0,1,0
35,2159,2,0.35019,0.35019,0.992108,0.745888,0.24622,35.9684,34.9836,12,12,0,0.56692,0.864864,0.297944,0,0,0,0
35,2159,3,0.487667,0.487667,0.619187,0.960048,0.340861,34.4767,35.8402,11,11,0,1.25396,1.01273,0.241232,0,0,0,0
35.1,2160,1,1.20403,1.20403,0.978687,0.926334,0.0523528,35.9147,35.7053,7,7,0,1.18231,1.1864,0.004096,0,0,0,0
35.1,2160,2,0.551017,0.551017,0.686152,0.992108,0.305956,34.7446,35.9684,12,12,0,0.864864,0.647664,0.2172,0,0,0,0
35.1,2160,3,0.673767,0.673767,0.886891,0.619187,0.267704,35.5476,34.4767,11,11,0,1.01273,1.25823,0.245504,0,0,0,0
35.2,2161,1,1.06712,1.06712,0.962493,0.978687,0.0161939,35.85,35.9147,7,7,0,1.1864,1.16924,0.01716,0,0,1,0
35.2,2161,2,0.194219,0.194219,0.133616,0.686152,0.552536,32.5345,34.7446,12,12,0,0.647664,0.88744,0.239776,0,0,0,0
35.2,2161,3,0.520497,0.520497,0.880377,0.886891,0.00651342,35.5215,35.5476,11,11,0,1.25823,0.946965,0.311264,0,0,1,0
35.3,2162,1,0.0423061,0.0423061,0.915032,0.962493,0.0474606,35.6601,35.85,7,7,0,1.16924,1.24919,0.079944,0,0,0,0
35.3,2162,2,0.671539,0.671539,0.91357,0.133616,0.779954,35.6543,32.5345,12,12,0,0.88744,0.675968,0.211472,0,0,0,0
35.3,2162,3,0.167205,0.167205,0.573947,0.880377,0.30643,34.2958,35.5215,11,11,0,0.946965,1.15521,0.20824,0,0,0,0
35.4,2163,1,0.160547,0.160547,0.91118,0.915032,0.00385284,35.6447,35.6601,7,7,0,1.24919,1.19655,0.05264,0,0,1,0
35.4,2163,2,0.64723,0.64723,-0.0722643,0.91357,0.985834,31.7109,35.6543,12,12,0,0.675968,0.5394,0.136568,0,0,0,0
35.4,2163,3,0.0406364,0.0406364,0.862927,0.573947,0.28898,35.4517,34.2958,11,11,0,1.15521,1.19655,0.041344,0,0,0,0
35.5,2164,1,0.84682,0.84682,0.845737,0.91118,0.0654421,35.3829,35.6447,7,7,0,1.19655,1.33308,0.136536,0,0,0,0
35.5,2164,2,0.771294,0.771294,0.143231,-0.0722643,0.215495,32.5729,31.7109,12,12,0,0.5394,0.70552,0.16612,0,0,0,0
35.5,2164,3,0.888119,0.888119,0.491985,0.862927,0.370943,33.9679,35.4517,11,11,0,1.19655,1.00131,0.19524,0,0,0,0
35.6,2165,1,0.584436,0.584436,0.339425,0.845737,0.506312,33.3577,35.3829,7,7,0,1.33308,1.32923,0.003848,0,0,0,0
35.6,2165,2,0.665599,0.665599,0.765893,0.143231,0.622663,35.0636,32.5729,12,12,0,0.70552,0.56156,0.14396,0,0,0,0
35.6,2165,3,0.636692,0.636692,0.371011,0.491985,0.120974,33.484,33.9679,11,11,0,1.00131,1.19699,0.19568,0,0,0,0
35.7,2166,1,0.386116,0.386116,0.943793,0.339425,0.604367,35.7752,33.3577,7,7,0,1.32923,1.04706,0.282176,0,0,0,0
35.7,2166,2,0.0590198,0.0590198,0.0238095,0.765893,0.742084,32.0952,35.0636,12,12,0,0.56156,0.767936,0.206376,0,0,0,0
35.7,2166,3,0.17118,0.17118,0.592191,0.371011,0.22118,34.3688,33.484,11,11,0,1.19699,0.953261,0.243728,0,0,0,0
35.8,2167,1,0.138991,0.138991,0.945906,0.943793,0.0021131,35.7836,35.7752,7,7,0,1.04706,1.24669,0.199632,0,0,1,0
35.8,2167,2,0.014109,0.014109,0.524353,0.0238095,0.500544,34.0974,32.0952,12,12,0,0.767936,0.762424,0.005512,0,1,0,0
35.8,2167,3,0.108803,0.108803,0.760961,0.592191,0.16877,35.0438,34.3688,11,11,0,0.953261,1.06182,0.10856,0,0,0,0
35.9,2168,1,0.0255832,0.0255832,0.997717,0.945906,0.051811,35.9909,35.7836,7,7,0,1.24669,1.20927,0.037416,0,0,0,0
35.9,2168,2,0.559265,0.559265,0.721191,0.524353,0.196838,34.8848,34.0974,12,12,0,0.762424,0.719488,0.042936,0,0,0,0
35.9,2168,3,0.636022,0.636022,-0.468394,0.760961,1.22936,30.1264,35.0438,11,11,0,1.06182,1.09746,0.03564,0,0,0,0
36,2169,1,0.0786409,0.0786409,0.389208,0.997717,0.608509,33.5568,35.9909,7,7,0,1.20927,1.32006,0.110784,0,0,0,0
36,2169,2,0.448658,0.448658,0.708167,0.721191,0.0130237,34.8327,34.8848,12,12,0,0.719488,0.753232,0.033744,0,0,1,0
36,2169,3,0.315836,0.315836,0.863723,-0.468394,1.33212,35.4549,30.1264,11,11,0,1.09746,1.03272,0.064744,0,0,0,0
36.1,2170,1,0.588717,0.588717,0.82934,0.389208,0.440132,35.3174,33.5568,7,7,0,1.32006,1.00425,0.315808,0,0,0,0
36.1,2170,2,0.11664,0.11664,0.26829,0.708167,0.439877,33.0732,34.8327,12,12,0,0.753232,0.803448,0.050216,0,0,0,0
36.1,2170,3,0.57945,0.57945,0.796344,0.863723,0.0673796,35.1854,35.4549,11,11,0,1.03272,0.914317,0.1184,0,0,0,0
36.2,2171,1,0.619766,0.619766,0.989319,0.82934,0.159979,35.9573,35.3174,7,7,0,1.00425,1.11285,0.1086,0,0,0,0
36.2,2171,2,0.686768,0.686768,0.673126,0.26829,0.404835,34.6925,33.0732,12,12,0,0.803448,0.721704,0.081744,0,0,0,0
36.2,2171,3,0.742659,0.742659,0.879859,0.796344,0.0835155,35.5194,35.1854,11,11,0,0.914317,1.15239,0.238072,0,0,0,0
36.3,2172,1,0.986254,0.986254,0.943246,0.989319,0.0460733,35.773,35.9573,7,7,0,1.11285,1.20496,0.092112,0,0,0,0
36.3,2172,2,0.576918,0.576918,0.124882,0.673126,0.548244,32.4995,34.6925,12,12,0,0.721704,0.76632,0.044616,0,0,0,0
36.3,2172,3,0.0605128,0.0605128,0.022249,0.879859,0.85761,32.089,35.5194,11,11,0,1.15239,1.17181,0.019416,0,0,0,0
36.4,2173,1,0.0685064,0.0685064,0.715639,0.943246,0.227607,34.8626,35.773,7,7,0,1.20496,1.42468,0.21972,0,0,0,0
36.4,2173,2,0.585239,0.585239,0.943579,0.124882,0.818697,35.7743,32.4995,12,12,0,0.76632,0.658776,0.107544,0,0,0,0
36.4,2173,3,0.03563,0.03563,0.915212,0.022249,0.892963,35.6608,32.089,11,11,0,1.17181,1.11889,0.05292,0,0,0,0
36.5,2174,1,0.154964,0.154964,0.817509,0.715639,0.10187,35.27,34.8626,7,7,0,1.42468,1.03028,0.3944,0,0,0,0
36.5,2174,2,1.41439,1.41439,0.0168503,0.943579,0.926729,32.0674,35.7743,12,12,0,0.658776,0.653504,0.005272,0,0,0,0
36.5,2174,3,0.191788,0.191788,0.757154,0.915212,0.158059,35.0286,35.6608,11,11,0,1.11889,0.855261,0.263624,0,0,0,0
36.6,2175,1,0.0245823,0.0245823,0.824405,0.817509,0.00689602,35.2976,35.27,7,7,0,1.03028,1.2336,0.20332,0,0,1,0
36.6,2175,2,1.43523,1.43523,-0.494214,0.0168503,0.511064,30.0231,32.0674,12,12,0,0.653504,0.74372,0.090216,0,0,0,0
36.6,2175,3,1.61781,1.61781,0.913713,0.757154,0.156559,35.6549,35.0286,11,11,0,0.855261,1.16938,0.31412,0,0,0,0
36.7,2176,1,0.739844,0.739844,0.937934,0.824405,0.11353,35.7517,35.2976,7,7,0,1.2336,1.32327,0.089664,0,0,0,0
36.7,2176,2,0.892534,0.892534,0.922167,-0.494214,1.41638,35.6887,30.0231,12,12,0,0.74372,0.676856,0.066864,0,0,0,0
36.7,2176,3,0.536756,0.536756,0.392498,0.913713,0.521215,33.57,35.6549,11,11,0,1.16938,1.23064,0.061256,0,0,0,0
36.8,2177,1,0.00198591,0.00198591,0.970233,0.937934,0.032299,35.8809,35.7517,7,7,0,1.32327,1.19734,0.125928,0,1,0,0
36.8,2177,2,0.800646,0.800646,-0.173085,0.922167,1.09525,31.3077,35.6887,12,12,0,0.676856,0.531328,0.145528,0,0,0,0
36.8,2177,3,0.70669,0.70669,0.988079,0.392498,0.595581,35.9523,33.57,11,11,0,1.23064,1.18334,0.047296,0,0,0,0
36.9,2178,1,0.120311,0.120311,0.992083,0.970233,0.0218501,35.9683,35.8809,7,7,0,1.19734,1.3331,0.13576,0,0,0,0
36.9,2178,2,0.417673,0.417673,0.265327,-0.173085,0.438412,33.0613,31.3077,12,12,0,0.531328,0.753736,0.222408,0,0,0,0
36.9,2178,3,0.378869,0.378869,0.346743,0.988079,0.641336,33.387,35.9523,11,11,0,1.18334,0.957861,0.22548,0,0,0,0
37,2179,1,1.21901,1.21901,0.838858,0.992083,0.153225,35.3554,35.9683,7,7,0,1.3331,1.34167,0.008568,0,0,0,0
37,2179,2,0.331245,0.331245,0.244449,0.265327,0.0208783,32.9778,33.0613,12,12,0,0.753736,0.724336,0.0294,0,0,0,0
37,2179,3,0.078743,0.078743,0.899733,0.346743,0.552991,35.5989,33.387,11,11,0,0.957861,1.13545,0.177584,0,0,0,0
37.1,2180,1,0.313731,0.313731,0.735444,0.838858,0.103414,34.9418,35.3554,7,7,0,1.34167,1.2989,0.042768,0,0,0,0
37.1,2180,2,0.36403,0.36403,0.992292,0.244449,0.747842,35.9692,32.9778,12,12,0,0.724336,0.71312,0.011216,0,0,0,0
37.1,2180,3,0.0246996,0.0246996,0.969542,0.899733,0.0698091,35.8782,35.5989,11,11,0,1.13545,0.954997,0.180448,0,0,0,0
37.2,2181,1,0.543549,0.543549,0.98226,0.735444,0.246815,35.929,34.9418,7,7,0,1.2989,1.0345,0.2644,0,0,0,0
37.2,2181,2,0.532959,0.532959,0.755764,0.992292,0.236527,35.0231,35.9692,12,12,0,0.71312,0.564048,0.149072,0,0,0,0
37.2,2181,3,0.011221,0.011221,-0.299694,0.969542,1.26924,30.8012,35.8782,11,11,0,0.954997,1.14811,0.193112,0,1,0,0
37.3,2182,1,0.787609,0.787609,0.858221,0.98226,0.124039,35.4329,35.929,7,7,0,1.0345,1.21453,0.180032,0,0,0,0
37.3,2182,2,0.566887,0.566887,0.513566,0.755764,0.242199,34.0543,35.0231,12,12,0,0.564048,0.841616,0.277568,0,0,0,0
37.3,2182,3,0.771379,0.771379,0.728883,-0.299694,1.02858,34.9155,30.8012,11,11,0,1.14811,1.08269,0.065424,0,0,0,0
37.4,2183,1,0.943878,0.943878,0.910999,0.858221,0.0527786,35.644,35.4329,7,7,0,1.21453,1.17454,0.039992,0,0,0,0
37.4,2183,2,1.37171,1.37171,0.317335,0.513566,0.196231,33.2693,34.0543,12,12,0,0.841616,0.94368,0.102064,0,0,0,0
37.4,2183,3,0.800955,0.800955,0.909397,0.728883,0.180514,35.6376,34.9155,11,11,0,1.08269,0.833637,0.249048,0,0,0,0
37.5,2184,1,0.746164,0.746164,0.945758,0.910999,0.0347588,35.783,35.644,7,7,0,1.17454,1.21243,0.037896,0,0,0,0
37.5,2184,2,1.51783,1.51783,0.37799,0.317335,0.0606549,33.512,33.2693,12,12,0,0.94368,0.702872,0.240808,0,0,0,0
37.5,2184,3,0.197192,0.197192,0.553222,0.909397,0.356175,34.2129,35.6376,11,11,0,0.833637,0.851901,0.018264,0,0,0,0
37.6,2185,1,0.947881,0.947881,0.751726,0.945758,0.194032,35.0069,35.783,7,7,0,1.21243,1.29863,0.086192,0,0,0,0
37.6,2185,2,1.28565,1.28565,0.00126576,0.37799,0.376724,32.0051,33.512,12,12,0,0.702872,0.669648,0.033224,0,0,0,0
37.6,2185,3,0.292733,0.292733,0.652075,0.553222,0.0988522,34.6083,34.2129,11,11,0,0.851901,1.17148,0.319576,0,0,0,0
37.7,2186,1,0.254843,0.254843,0.661686,0.751726,0.0900401,34.6467,35.0069,7,7,0,1.29863,1.33837,0.039744,0,0,0,0
37.7,2186,2,1.22841,1.22841,-0.249993,0.00126576,0.251259,31,32.0051,12,12,0,0.669648,0.646392,0.023256,0,0,0,0
37.7,2186,3,0.488063,0.488063,-0.0319994,0.652075,0.684074,31.872,34.6083,11,11,0,1.17148,1.06326,0.108216,0,0,0,0
37.8,2187,1,0.195565,0.195565,0.788817,0.661686,0.127131,35.1553,34.6467,7,7,0,1.33837,1.43611,0.097744,0,0,0,0
37.8,2187,2,0.368897,0.368897,0.833915,-0.249993,1.08391,35.3357,31,12,12,0,0.646392,0.65936,0.012968,0,0,0,0
37.8,2187,3,0.2902,0.2902,0.732663,-0.0319994,0.764663,34.9307,31.872,11,11,0,1.06326,1.13664,0.073376,0,0,0,0
37.9,2188,1,0.216508,0.216508,-0.842417,0.788817,1.63123,28.6303,35.1553,7,7,0,1.43611,1.15727,0.27884,0,0,0,0
37.9,2188,2,0.576176,0.576176,0.7816,0.833915,0.0523149,35.1264,35.3357,12,12,0,0.65936,0.662096,0.002736,0,0,0,0
37.9,2188,3,0.304442,0.304442,0.706335,0.732663,0.0263287,34.8253,34.9307,11,11,0,1.13664,1.02637,0.110264,0,0,0,0
38,2189,1,0.556037,0.556037,0.848926,-0.842417,1.69134,35.3957,28.6303,7,7,0,1.15727,0.876483,0.280792,0,0,0,0
38,2189,2,0.701376,0.701376,0.50528,0.7816,0.27632,34.0211,35.1264,12,12,0,0.662096,0.919072,0.256976,0,0,0,0
38,2189,3,0.0641809,0.0641809,0.943397,0.706335,0.237062,35.7736,34.8253,11,11,0,1.02637,0.971213,0.05516,0,0,0,0
38.1,2190,1,0.540789,0.540789,0.96189,0.848926,0.112964,35.8476,35.3957,7,7,0,0.876483,0.900467,0.023984,0,0,0,0
38.1,2190,2,0.554583,0.554583,0.336791,0.50528,0.16849,33.3472,34.0211,12,12,0,0.919072,0.859712,0.05936,0,0,0,0
38.1,2190,3,0.946024,0.946024,0.745516,0.943397,0.197881,34.9821,35.7736,11,11,0,0.971213,1.181,0.209784,0,0,0,0
38.2,2191,1,0.590936,0.590936,0.861375,0.96189,0.100515,35.4455,35.8476,7,7,0,0.900467,1.32703,0.42656,0,0,0,0
38.2,2191,2,0.937102,0.937102,0.670909,0.336791,0.334119,34.6836,33.3472,12,12,0,0.859712,0.747504,0.112208,0,0,0,0
38.2,2191,3,0.863397,0.863397,0.676266,0.745516,0.0692503,34.7051,34.9821,11,11,0,1.181,1.01651,0.164488,0,0,0,0
38.3,2192,1,0.385779,0.385779,0.94616,0.861375,0.084785,35.7846,35.4455,7,7,0,1.32703,1.19915,0.12788,0,0,0,0
38.3,2192,2,0.516902,0.516902,0.56725,0.670909,0.103659,34.269,34.6836,12,12,0,0.747504,0.787872,0.040368,0,0,0,0
38.3,2192,3,0.00460935,0.00460935,0.731063,0.676266,0.0547972,34.9243,34.7051,11,11,0,1.01651,1.17526,0.158752,0,1,0,0
38.4,2193,1,0.0235807,0.0235807,0.246301,0.94616,0.699859,32.9852,35.7846,7,7,0,1.19915,1.16369,0.035456,0,0,0,0
38.4,2193,2,0.161201,0.161201,0.538797,0.56725,0.0284538,34.1552,34.269,12,12,0,0.787872,0.82412,0.036248,0,0,0,0
38.4,2193,3,0.176533,0.176533,0.757664,0.731063,0.0266016,35.0307,34.9243,11,11,0,1.17526,1.03778,0.13748,0,0,0,0
38.5,2194,1,0.141012,0.141012,0.696508,0.246301,0.450207,34.786,32.9852,7,7,0,1.16369,0.987483,0.176208,0,0,0,0
38.5,2194,2,1.45514,1.45514,0.846132,0.538797,0.307335,35.3845,34.1552,12,12,0,0.82412,0.673328,0.150792,0,0,0,0
38.5,2194,3,0.00629431,0.00629431,0.938757,0.757664,0.181093,35.755,35.0307,11,11,0,1.03778,0.973509,0.064272,0,1,0,0
38.6,2195,1,0.443885,0.443885,0.923532,0.696508,0.227024,35.6941,34.786,7,7,0,0.987483,0.982827,0.004656,0,0,0,0
38.6,2195,2,1.13395,1.13395,0.933523,0.846132,0.0873912,35.7341,35.3845,12,12,0,0.673328,0.79416,0.120832,0,0,0,0
38.6,2195,3,0.169113,0.169113,0.820788,0.938757,0.117969,35.2832,35.755,11,11,0,0.973509,1.23254,0.259032,0,0,0,0
38.7,2196,1,0.50393,0.50393,0.833308,0.923532,0.090224,35.3332,35.6941,7,7,0,0.982827,1.15783,0.175008,0,0,0,0
38.7,2196,2,0.622168,0.622168,0.910975,0.933523,0.0225483,35.6439,35.7341,12,12,0,0.79416,0.837328,0.043168,0,0,0,0
38.7,2196,3,0.357551,0.357551,0.982124,0.820788,0.161336,35.9285,35.2832,11,11,0,1.23254,1.01277,0.219776,0,0,0,0
38.8,2197,1,0.501657,0.501657,-0.624961,0.833308,1.45827,29.5002,35.3332,7,7,0,1.15783,1.14161,0.016224,0,0,0,0
38.8,2197,2,0.00311434,0.00311434,0.951943,0.910975,0.0409684,35.8078,35.6439,12,12,0,0.837328,0.7924,0.044928,0,1,0,0
38.8,2197,3,0.328891,0.328891,0.607881,0.982124,0.374243,34.4315,35.9285,11,11,0,1.01277,0.976325,0.03644,0,0,0,0
38.9,2198,1,0.261637,0.261637,0.0663935,-0.624961,0.691355,32.2656,29.5002,7,7,0,1.14161,0.899419,0.242192,0,0,0,0
38.9,2198,2,0.0509171,0.0509171,0.995791,0.951943,0.0438475,35.9832,35.8078,12,12,0,0.7924,0.895776,0.103376,0,0,0,0
38.9,2198,3,0.357816,0.357816,0.964552,0.607881,0.356671,35.8582,34.4315,11,11,0,0.976325,1.02725,0.050928,0,0,0,0
39,2199,1,0.0187209,0.0187209,0.81474,0.0663935,0.748346,35.259,32.2656,7,7,0,0.899419,0.752819,0.1466,0,1,0,0
39,2199,2,0.222479,0.222479,0.186572,0.995791,0.809219,32.7463,35.9832,12,12,0,0.895776,0.963768,0.067992,0,0,0,0
39,2199,3,0.43139,0.43139,0.525328,0.964552,0.439224,34.1013,35.8582,11,11,0,1.02725,1.23497,0.207712,0,0,0,0
39.1,2200,1,0.519437,0.519437,-0.172348,0.81474,0.987088,31.3106,35.259,7,7,0,0.752819,1.152,0.399184,0,0,0,0
39.1,2200,2,0.165193,0.165193,0.696857,0.186572,0.510285,34.7874,32.7463,12,12,0,0.963768,0.729344,0.234424,0,0,0,0
39.1,2200,3,0.0322864,0.0322864,0.943632,0.525328,0.418304,35.7745,34.1013,11,11,0,1.23497,1.11085,0.124112,0,0,0,0
39.2,2201,1,0.778623,0.778623,0.328087,-0.172348,0.500435,33.3123,31.3106,7,7,0,1.152,0.976195,0.175808,0,0,0,0
39.2,2201,2,0.153197,0.153197,0.712746,0.696857,0.0158893,34.851,34.7874,12,12,0,0.729344,0.646232,0.083112,0,0,1,0
39.2,2201,3,0.52344,0.52344,0.972939,0.943632,0.0293071,35.8918,35.7745,11,11,0,1.11085,1.02038,0.090472,0,0,0,0
39.3,2202,1,0.133309,0.133309,0.668152,0.328087,0.340065,34.6726,33.3123,7,7,0,0.976195,0.894939,0.081256,0,0,0,0
39.3,2202,2,0.465003,0.465003,0.283279,0.712746,0.429467,33.1331,34.851,12,12,0,0.646232,0.81388,0.167648,0,0,0,0
39.3,2202,3,0.126044,0.126044,0.95917,0.972939,0.0137692,35.8367,35.8918,11,11,0,1.02038,1.22925,0.208872,0,0,1,0
39.4,2203,1,0.123884,0.123884,0.695878,0.668152,0.0277262,34.7835,34.6726,7,7,0,0.894939,1.10324,0.208304,0,0,0,0
39.4,2203,2,0.0893586,0.0893586,0.0184863,0.283279,0.264793,32.0739,33.1331,12,12,0,0.81388,0.668288,0.145592,0,0,0,0
39.4,2203,3,0.0774196,0.0774196,0.783406,0.95917,0.175763,35.1336,35.8367,11,11,0,1.22925,1.10689,0.12236,0,0,0,0
39.5,2204,1,0.0373076,0.0373076,0.763144,0.695878,0.0672665,35.0526,34.7835,7,7,0,1.10324,1.15466,0.051416,0,0,0,0
39.5,2204,2,0.128654,0.128654,0.622728,0.0184863,0.604242,34.4909,32.0739,12,12,0,0.668288,0.678944,0.010656,0,0,0,0
39.5,2204,3,0.0965745,0.0965745,0.749458,0.783406,0.0339481,34.9978,35.1336,11,11,0,1.10689,1.1516,0.044704,0,0,0,0
39.6,2205,1,1.09974,1.09974,0.896575,0.763144,0.133431,35.5863,35.0526,7,7,0,1.15466,1.20761,0.052952,0,0,0,0
39.6,2205,2,0.0872611,0.0872611,0.901156,0.622728,0.278427,35.6046,34.4909,12,12,0,0.678944,0.6932,0.014256,0,0,0,0
39.6,2205,3,0.0910892,0.0910892,0.722255,0.749458,0.0272031,34.889,34.9978,11,11,0,1.1516,1.23425,0.082648,0,0,0,0
39.7,2206,1,1.12988,1.12988,0.767187,0.896575,0.129387,35.0687,35.5863,7,7,0,1.20761,1.17396,0.033648,0,0,0,0
39.7,2206,2,0.887811,0.887811,0.700201,0.901156,0.200954,34.8008,35.6046,12,12,0,0.6932,0.724992,0.031792,0,0,0,0
39.7,2206,3,0.108688,0.108688,0.915599,0.722255,0.193344,35.6624,34.889,11,11,0,1.23425,1.07033,0.163912,0,0,0,0
39.8,2207,1,0.358792,0.358792,0.943823,0.767187,0.176636,35.7753,35.0687,7,7,0,1.17396,1.17016,0.0038,0,0,0,0
39.8,2207,2,0.409863,0.409863,0.649824,0.700201,0.0503773,34.5993,34.8008,12,12,0,0.724992,0.80428,0.079288,0,0,0,0
39.8,2207,3,0.164403,0.164403,0.909274,0.915599,0.00632519,35.6371,35.6624,11,11,0,1.07033,0.752133,0.3182,0,0,1,0
39.9,2208,1,0.503211,0.503211,0.655723,0.943823,0.2881,34.6229,35.7753,7,7,0,1.17016,1.15802,0.012144,0,0,0,0
39.9,2208,2,1.17706,1.17706,-0.322817,0.649824,0.972641,30.7087,34.5993,12,12,0,0.80428,0.707024,0.097256,0,0,0,0
39.9,2208,3,0.238482,0.238482,0.983652,0.909274,0.0743786,35.9346,35.6371,11,11,0,0.752133,0.987221,0.235088,0,0,0,0
40,2209,1,0.434211,0.434211,0.536093,0.655723,0.11963,34.1444,34.6229,7,7,0,1.15802,1.23495,0.076928,0,0,0,0
40,2209,2,0.288948,0.288948,0.718896,-0.322817,1.04171,34.8756,30.7087,12,12,0,0.707024,0.72808,0.021056,0,0,0,0
40,2209,3,0.00449908,0.00449908,0.601139,0.983652,0.382513,34.4046,35.9346,11,11,0,0.987221,1.15621,0.168984,0,1,0,0
40.1,2210,1,0.948066,0.948066,0.591488,0.536093,0.0553954,34.366,34.1444,7,7,0,1.23495,1.20003,0.034912,0,0,0,0
40.1,2210,2,0.177623,0.177623,-0.133587,0.718896,0.852483,31.4657,34.8756,12,12,0,0.72808,0.504016,0.224064,0,0,0,0
40.1,2210,3,0.00511086,0.00511086,0.771323,0.601139,0.170184,35.0853,34.4046,11,11,0,1.15621,1.18009,0.02388,0,1,0,0
40.2,2211,1,0.618111,0.618111,0.932759,0.591488,0.341271,35.731,34.366,7,7,0,1.20003,1.23086,0.030824,0,0,0,0
40.2,2211,2,0.255502,0.255502,0.970059,-0.133587,1.10365,35.8802,31.4657,12,12,0,0.504016,0.733536,0.22952,0,0,0,0
40.2,2211,3,0.0387308,0.0387308,0.852542,0.771323,0.0812193,35.4102,35.0853,11,11,0,1.18009,1.03918,0.140904,0,0,0,0
40.3,2212,1,0.963409,0.963409,0.228452,0.932759,0.704307,32.9138,35.731,7,7,0,1.23086,1.16767,0.063184,0,0,0,0
40.3,2212,2,0.155598,0.155598,0.868864,0.970059,0.101196,35.4755,35.8802,12,12,0,0.733536,0.599464,0.134072,0,0,0,0
40.3,2212,3,0.107744,0.107744,0.915197,0.852542,0.0626554,35.6608,35.4102,11,11,0,1.03918,1.13483,0.095648,0,0,0,0
40.4,2213,1,0.236244,0.236244,0.988712,0.228452,0.76026,35.9548,32.9138,7,7,0,1.16767,0.929891,0.237784,0,0,0,0
40.4,2213,2,0.167949,0.167949,0.769067,0.868864,0.0997962,35.0763,35.4755,12,12,0,0.599464,0.781856,0.182392,0,0,0,0
40.4,2213,3,0.0202711,0.0202711,0.959471,0.915197,0.0442739,35.8379,35.6608,11,11,0,1.13483,1.02612,0.108712,0,0,0,0
40.5,2214,1,0.523779,0.523779,0.860869,0.988712,0.127843,35.4435,35.9548,7,7,0,0.929891,1.04989,0.12,0,0,0,0
40.5,2214,2,0.104653,0.104653,0.988019,0.769067,0.218952,35.9521,35.0763,12,12,0,0.781856,0.881896,0.10004,0,0,0,0
40.5,2214,3,0.0187204,0.0187204,-0.157215,0.959471,1.11669,31.3711,35.8379,11,11,0,1.02612,1.09462,0.068504,0,1,0,0
40.6,2215,1,0.236981,0.236981,0.929868,0.860869,0.0689988,35.7195,35.4435,7,7,0,1.04989,1.22877,0.17888,0,0,0,0
40.6,2215,2,0.56804,0.56804,0.79715,0.988019,0.190869,35.1886,35.9521,12,12,0,0.881896,0.857216,0.02468,0,0,0,0
40.6,2215,3,0.0475843,0.0475843,0.667963,-0.157215,0.825178,34.6719,31.3711,11,11,0,1.09462,1.03761,0.057008,0,0,0,0
40.7,2216,1,0.549755,0.549755,0.950444,0.929868,0.0205767,35.8018,35.7195,7,7,0,1.22877,1.18743,0.041344,0,0,0,0
40.7,2216,2,0.654704,0.654704,0.269771,0.79715,0.527379,33.0791,35.1886,12,12,0,0.857216,0.879,0.021784,0,0,0,0
40.7,2216,3,0.0180882,0.0180882,0.668507,0.667963,0.000543654,34.674,34.6719,11,11,0,1.03761,0.818141,0.219472,0,1,1,0
40.8,2217,1,0.93719,0.93719,0.68532,0.950444,0.265124,34.7413,35.8018,7,7,0,1.18743,1.2602,0.072776,0,0,0,0
40.8,2217,2,0.0422181,0.0422181,0.361319,0.269771,0.0915484,33.4453,33.0791,12,12,0,0.879,0.723528,0.155472,0,0,0,0
40.8,2217,3,0.365379,0.365379,0.975079,0.668507,0.306572,35.9003,34.674,11,11,0,0.818141,0.875517,0.057376,0,0,0,0
40.9,2218,1,0.633187,0.633187,0.959135,0.68532,0.273815,35.8365,34.7413,7,7,0,1.2602,1.19831,0.061896,0,0,0,0
40.9,2218,2,0.377102,0.377102,-0.0710181,0.361319,0.432338,31.7159,33.4453,12,12,0,0.723528,0.608848,0.11468,0,0,0,0
40.9,2218,3,0.361828,0.361828,0.463858,0.975079,0.511221,33.8554,35.9003,11,11,0,0.875517,0.888525,0.013008,0,0,0,0
41,2219,1,0.212301,0.212301,0.924252,0.959135,0.0348833,35.697,35.8365,7,7,0,1.19831,1.35744,0.159136,0,0,0,0
41,2219,2,0.851047,0.851047,0.780813,-0.0710181,0.851831,35.1233,31.7159,12,12,0,0.608848,0.627128,0.01828,0,0,0,0
41,2219,3,0.040172,0.040172,0.843984,0.463858,0.380126,35.3759,33.8554,11,11,0,0.888525,1.10648,0.217952,0,0,0,0
41.1,2220,1,0.0540401,0.0540401,0.0617355,0.924252,0.862517,32.2469,35.697,7,7,0,1.35744,1.16708,0.19036,0,0,0,0
41.1,2220,2,0.272305,0.272305,0.853989,0.780813,0.0731753,35.416,35.1233,12,12,0,0.627128,0.534952,0.092176,0,0,0,0
41.1,2220,3,0.0332819,0.0332819,0.872016,0.843984,0.0280316,35.4881,35.3759,11,11,0,1.10648,0.896277,0.2102,0,0,0,0
41.2,2221,1,1.3253,1.3253,0.80869,0.0617355,0.746955,35.2348,32.2469,7,7,0,1.16708,0.935547,0.231536,0,0,0,0
41.2,2221,2,0.993462,0.993462,-0.762868,0.853989,1.61686,28.9485,35.416,12,12,0,0.534952,0.793008,0.258056,0,0,0,0
41.2,2221,3,0.248281,0.248281,0.921609,0.872016,0.0495934,35.6864,35.4881,11,11,0,0.896277,1.00413,0.107848,0,0,0,0
41.3,2222,1,0.100287,0.100287,0.692054,0.80869,0.116636,34.7682,35.2348,7,7,0,0.935547,1.18538,0.249832,0,0,0,0
41.3,2222,2,0.434044,0.434044,0.598935,-0.762868,1.3618,34.3957,28.9485,12,12,0,0.793008,0.77656,0.016448,0,0,0,0
41.3,2222,3,0.20337,0.20337,0.83477,0.921609,0.0868394,35.3391,35.6864,11,11,0,1.00413,1.19546,0.191336,0,0,0,0
41.4,2223,1,1.13301,1.13301,0.697038,0.692054,0.0049836,34.7882,34.7682,7,7,0,1.18538,1.12461,0.060768,0,0,1,0
41.4,2223,2,0.876781,0.876781,0.960171,0.598935,0.361236,35.8407,34.3957,12,12,0,0.77656,0.46012,0.31644,0,0,0,0
41.4,2223,3,0.382217,0.382217,0.91201,0.83477,0.0772402,35.648,35.3391,11,11,0,1.19546,1.12599,0.069472,0,0,0,0
41.5,2224,1,0.190106,0.190106,0.900515,0.697038,0.203477,35.6021,34.7882,7,7,0,1.12461,1.0444,0.080208,0,0,0,0
41.5,2224,2,0.402338,0.402338,0.0734099,0.960171,0.886761,32.2936,35.8407,12,12,0,0.46012,0.76188,0.30176,0,0,0,0
41.5,2224,3,0.108289,0.108289,0.943165,0.91201,0.0311546,35.7727,35.648,11,11,0,1.12599,0.985413,0.140576,0,0,0,0
41.6,2225,1,0.134101,0.134101,0.793868,0.900515,0.106648,35.1755,35.6021,7,7,0,1.0444,1.19729,0.152888,0,0,0,0
41.6,2225,2,0.0786925,0.0786925,0.89565,0.0734099,0.82224,35.5826,32.2936,12,12,0,0.76188,0.685808,0.076072,0,0,0,0
41.6,2225,3,0.521292,0.521292,0.899372,0.943165,0.0437925,35.5975,35.7727,11,11,0,0.985413,0.986485,0.001072,0,0,0,0
41.7,2226,1,0.0882688,0.0882688,0.684562,0.793868,0.109306,34.7382,35.1755,7,7,0,1.19729,1.14703,0.050256,0,0,0,0
41.7,2226,2,0.489286,0.489286,0.708975,0.89565,0.186675,34.8359,35.5826,12,12,0,0.685808,0.553448,0.13236,0,0,0,0
41.7,2226,3,0.424371,0.424371,0.824264,0.899372,0.0751082,35.2971,35.5975,11,11,0,0.986485,1.01261,0.02612,0,0,0,0
41.8,2227,1,0.357789,0.357789,0.75021,0.684562,0.065648,35.0008,34.7382,7,7,0,1.14703,1.06829,0.078744,0,0,0,0
41.8,2227,2,0.921738,0.921738,0.895667,0.708975,0.186693,35.5827,34.8359,12,12,0,0.553448,0.775024,0.221576,0,0,0,0
41.8,2227,3,0.285581,0.285581,0.650118,0.824264,0.174146,34.6005,35.2971,11,11,0,1.01261,0.938933,0.073672,0,0,0,0
41.9,2228,1,0.603477,0.603477,0.761713,0.75021,0.0115034,35.0469,35.0008,7,7,0,1.06829,1.15489,0.0866,0,0,1,0
41.9,2228,2,0.270783,0.270783,0.859909,0.895667,0.0357581,35.4396,35.5827,12,12,0,0.775024,0.701312,0.073712,0,0,0,0
41.9,2228,3,0.379791,0.379791,0.905139,0.650118,0.255021,35.6206,34.6005,11,11,0,0.938933,1.09111,0.152176,0,0,0,0
42,2229,1,0.784532,0.784532,0.986866,0.761713,0.225153,35.9475,35.0469,7,7,0,1.15489,1.10833,0.04656,0,0,0,0
42,2229,2,0.446789,0.446789,0.866678,0.859909,0.00676852,35.4667,35.4396,12,12,0,0.701312,0.71796,0.016648,0,0,1,0
42,2229,3,0.0412344,0.0412344,0.965286,0.905139,0.0601476,35.8611,35.6206,11,11,0,1.09111,0.752037,0.339072,0,0,0,0
42.1,2230,1,0.22374,0.22374,0.705443,0.986866,0.281423,34.8218,35.9475,7,7,0,1.10833,1.10396,0.004368,0,0,0,0
42.1,2230,2,1.53651,1.53651,0.614606,0.866678,0.252072,34.4584,35.4667,12,12,0,0.71796,0.74268,0.02472,0,0,0,0
42.1,2230,3,0.160612,0.160612,0.444269,0.965286,0.521017,33.7771,35.8611,11,11,0,0.752037,0.961397,0.20936,0,0,0,0
42.2,2231,1,0.585334,0.585334,0.938295,0.705443,0.232852,35.7532,34.8218,7,7,0,1.10396,1.15133,0.047368,0,0,0,0
42.2,2231,2,0.0558702,0.0558702,-0.00323753,0.614606,0.617843,31.987,34.4584,12,12,0,0.74268,0.755592,0.012912,0,0,0,0
42.2,2231,3,0.0350388,0.0350388,0.957807,0.444269,0.513538,35.8312,33.7771,11,11,0,0.961397,1.12718,0.165784,0,0,0,0
42.3,2232,1,0.471762,0.471762,0.70158,0.938295,0.236715,34.8063,35.7532,7,7,0,1.15133,1.24295,0.091624,0,0,0,0
42.3,2232,2,0.411067,0.411067,-0.491441,-0.00323753,0.488204,30.0342,31.987,12,12,0,0.755592,0.688584,0.067008,0,0,0,0
42.3,2232,3,0.860848,0.860848,0.929045,0.957807,0.0287616,35.7162,35.8312,11,11,0,1.12718,0.856181,0.271,0,0,0,0
42.4,2233,1,1.03173,1.03173,0.540366,0.70158,0.161214,34.1615,34.8063,7,7,0,1.24295,1.27263,0.029672,0,0,0,0
42.4,2233,2,0.432826,0.432826,-0.0159935,-0.491441,0.475448,31.936,30.0342,12,12,0,0.688584,0.543528,0.145056,0,0,0,0
42.4,2233,3,0.797708,0.797708,0.883513,0.929045,0.0455324,35.5341,35.7162,11,11,0,0.856181,1.12861,0.272432,0,0,0,0
42.5,2234,1,1.02676,1.02676,0.870457,0.540366,0.330091,35.4818,34.1615,7,7,0,1.27263,1.22994,0.042688,0,0,0,0
42.5,2234,2,0.17674,0.17674,-0.104263,-0.0159935,0.0882692,31.5829,31.936,12,12,0,0.543528,0.471624,0.071904,0,0,0,0
42.5,2234,3,0.00759959,0.00759959,0.853014,0.883513,0.030499,35.4121,35.5341,11,11,0,1.12861,1.11681,0.0118,0,1,0,0
42.6,2235,1,0.914952,0.914952,0.398324,0.870457,0.472133,33.5933,35.4818,7,7,0,1.22994,1.2861,0.05616,0,0,0,0
42.6,2235,2,0.59655,0.59655,0.277435,-0.104263,0.381698,33.1097,31.5829,12,12,0,0.471624,0.524328,0.052704,0,0,0,0
42.6,2235,3,0.32382,0.32382,0.746204,0.853014,0.10681,34.9848,35.4121,11,11,0,1.11681,1.11033,0.006488,0,0,0,0
42.7,2236,1,0.850843,0.850843,0.940618,0.398324,0.542295,35.7625,33.5933,7,7,0,1.2861,1.09261,0.193488,0,0,0,0
42.7,2236,2,0.202232,0.202232,0.5811,0.277435,0.303665,34.3244,33.1097,12,12,0,0.524328,0.446624,0.077704,0,0,0,0
42.7,2236,3,0.245482,0.245482,-0.544529,0.746204,1.29073,29.8219,34.9848,11,11,0,1.11033,1.14857,0.038248,0,0,0,0
42.8,2237,1,0.487975,0.487975,0.944956,0.940618,0.00433791,35.7798,35.7625,7,7,0,1.09261,1.25473,0.16212,0,0,1,0
42.8,2237,2,0.331333,0.331333,0.718971,0.5811,0.137871,34.8759,34.3244,12,12,0,0.446624,0.907712,0.461088,0,0,0,0
42.8,2237,3,0.690575,0.690575,0.564365,-0.544529,1.10889,34.2575,29.8219,11,11,0,1.14857,0.951661,0.196912,0,0,0,0
42.9,2238,1,0.612626,0.612626,0.903022,0.944956,0.041934,35.6121,35.7798,7,7,0,1.25473,1.23955,0.015176,0,0,0,0
42.9,2238,2,0.530541,0.530541,0.338237,0.718971,0.380734,33.3529,34.8759,12,12,0,0.907712,0.761312,0.1464,0,0,0,0
42.9,2238,3,0.410962,0.410962,-0.0819819,0.564365,0.646347,31.6721,34.2575,11,11,0,0.951661,0.765669,0.185992,0,0,0,0
43,2239,1,0.0657066,0.0657066,0.950474,0.903022,0.0474521,35.8019,35.6121,7,7,0,1.23955,1.3045,0.064944,0,0,0,0
43,2239,2,0.518093,0.518093,0.512767,0.338237,0.17453,34.0511,33.3529,12,12,0,0.761312,0.805464,0.044152,0,0,0,0
43,2239,3,0.0934233,0.0934233,-0.365343,-0.0819819,0.283361,30.5386,31.6721,11,11,0,0.765669,1.06361,0.297936,0,0,0,0
43.1,2240,1,0.833676,0.833676,-0.190794,0.950474,1.14127,31.2368,35.8019,7,7,0,1.3045,1.30611,0.001616,0,0,0,0
43.1,2240,2,0.741508,0.741508,0.0235507,0.512767,0.489216,32.0942,34.0511,12,12,0,0.805464,0.88088,0.075416,0,0,0,0
43.1,2240,3,0.380394,0.380394,0.988374,-0.365343,1.35372,35.9535,30.5386,11,11,0,1.06361,0.988357,0.075248,0,0,0,0
43.2,2241,1,0.245955,0.245955,0.566766,-0.190794,0.75756,34.2671,31.2368,7,7,0,1.30611,0.993539,0.312576,0,0,0,0
43.2,2241,2,0.288483,0.288483,0.507196,0.0235507,0.483645,34.0288,32.0942,12,12,0,0.88088,0.714048,0.166832,0,0,0,0
43.2,2241,3,0.567954,0.567954,0.934248,0.988374,0.0541258,35.737,35.9535,11,11,0,0.988357,0.833925,0.154432,0,0,0,0
43.3,2242,1,0.576765,0.576765,0.825242,0.566766,0.258477,35.301,34.2671,7,7,0,0.993539,1.01522,0.02168,0,0,0,0
43.3,2242,2,0.635691,0.635691,0.815402,0.507196,0.308206,35.2616,34.0288,12,12,0,0.714048,0.616504,0.097544,0,0,0,0
43.3,2242,3,1.10407,1.10407,0.749393,0.934248,0.184855,34.9976,35.737,11,11,0,0.833925,1.1341,0.300176,0,0,0,0
43.4,2243,1,0.157735,0.157735,-0.0100273,0.825242,0.83527,31.9599,35.301,7,7,0,1.01522,1.15583,0.140616,0,0,0,0
43.4,2243,2,0.337521,0.337521,0.865327,0.815402,0.0499252,35.4613,35.2616,12,12,0,0.616504,0.72972,0.113216,0,0,0,0
43.4,2243,3,1.3472,1.3472,0.890707,0.749393,0.141315,35.5628,34.9976,11,11,0,1.1341,1.12693,0.007176,0,0,0,0
43.5,2244,1,0.154565,0.154565,0.914809,-0.0100273,0.924836,35.6592,31.9599,7,7,0,1.15583,0.858115,0.29772,0,0,0,0
43.5,2244,2,0.626511,0.626511,0.763875,0.865327,0.101452,35.0555,35.4613,12,12,0,0.72972,0.797424,0.067704,0,0,0,0
43.5,2244,3,0.36045,0.36045,0.61815,0.890707,0.272557,34.4726,35.5628,11,11,0,1.12693,0.844397,0.282528,0,0,0,0
43.6,2245,1,0.0848394,0.0848394,0.817384,0.914809,0.0974247,35.2695,35.6592,7,7,0,0.858115,1.06293,0.204816,0,0,0,0
43.6,2245,2,0.0215508,0.0215508,0.911919,0.763875,0.148044,35.6477,35.0555,12,12,0,0.797424,0.7666,0.030824,0,0,0,0
43.6,2245,3,0.0894086,0.0894086,0.708036,0.61815,0.089886,34.8321,34.4726,11,11,0,0.844397,1.13577,0.291368,0,0,0,0
43.7,2246,1,0.626156,0.626156,0.114702,0.817384,0.702683,32.4588,35.2695,7,7,0,1.06293,1.16203,0.099104,0,0,0,0
43.7,2246,2,0.0898556,0.0898556,0.661585,0.911919,0.250334,34.6463,35.6477,12,12,0,0.7666,0.804376,0.037776,0,0,0,0
43.7,2246,3,0.099187,0.099187,0.758493,0.708036,0.0504568,35.034,34.8321,11,11,0,1.13577,0.940061,0.195704,0,0,0,0
43.8,2247,1,0.469832,0.469832,0.632234,0.114702,0.517533,34.5289,32.4588,7,7,0,1.16203,0.914115,0.24792,0,0,0,0
43.8,2247,2,0.223412,0.223412,0.742652,0.661585,0.0810667,34.9706,34.6463,12,12,0,0.804376,0.615608,0.188768,0,0,0,0
43.8,2247,3,0.386839,0.386839,0.455293,0.758493,0.3032,33.8212,35.034,11,11,0,0.940061,0.847165,0.092896,0,0,0,0
43.9,2248,1,0.257143,0.257143,0.949105,0.632234,0.316871,35.7964,34.5289,7,7,0,0.914115,1.11523,0.201112,0,0,0,0
43.9,2248,2,0.247621,0.247621,0.951667,0.742652,0.209016,35.8067,34.9706,12,12,0,0.615608,0.764016,0.148408,0,0,0,0
43.9,2248,3,0.354139,0.354139,0.857901,0.455293,0.402608,35.4316,33.8212,11,11,0,0.847165,1.22193,0.37476,0,0,0,0
44,2249,1,0.464017,0.464017,0.442842,0.949105,0.506264,33.7714,35.7964,7,7,0,1.11523,1.10148,0.013744,0,0,0,0
44,2249,2,0.360776,0.360776,0.940307,0.951667,0.0113604,35.7612,35.8067,12,12,0,0.764016,0.718096,0.04592,0,0,1,0
44,2249,3,0.60154,0.60154,0.58852,0.857901,0.269381,34.3541,35.4316,11,11,0,1.22193,0.763061,0.458864,0,0,0,0
44.1,2250,1,0.0784239,0.0784239,0.919458,0.442842,0.476616,35.6778,33.7714,7,7,0,1.10148,1.03439,0.067096,0,0,0,0
44.1,2250,2,1.42361,1.42361,0.308685,0.940307,0.631621,33.2347,35.7612,12,12,0,0.718096,0.808944,0.090848,0,0,0,0
44.1,2250,3,0.649727,0.649727,0.203895,0.58852,0.384625,32.8156,34.3541,11,11,0,0.763061,0.884725,0.121664,0,0,0,0
44.2,2251,1,0.766321,0.766321,0.780788,0.919458,0.13867,35.1232,35.6778,7,7,0,1.03439,1.21108,0.176696,0,0,0,0
44.2,2251,2,1.66018,1.66018,0.930838,0.308685,0.622153,35.7234,33.2347,12,12,0,0.808944,0.764496,0.044448,0,0,0,0
44.2,2251,3,0.745348,0.745348,0.766972,0.203895,0.563077,35.0679,32.8156,11,11,0,0.884725,0.961069,0.076344,0,0,0,0
44.3,2252,1,0.417319,0.417319,0.884936,0.780788,0.104148,35.5397,35.1232,7,7,0,1.21108,1.12247,0.088608,0,0,0,0
44.3,2252,2,0.233288,0.233288,0.902687,0.930838,0.0281515,35.6107,35.7234,12,12,0,0.764496,0.679408,0.085088,0,0,0,0
44.3,2252,3,0.45841,0.45841,0.88369,0.766972,0.116718,35.5348,35.0679,11,11,0,0.961069,0.686469,0.2746,0,0,0,0
44.4,2253,1,1.58526,1.58526,0.574886,0.884936,0.31005,34.2995,35.5397,7,7,0,1.12247,1.11434,0.008136,0,0,0,0
44.4,2253,2,0.211633,0.211633,0.138138,0.902687,0.764549,32.5526,35.6107,12,12,0,0.679408,0.74876,0.069352,0,0,0,0
44.4,2253,3,0.0784532,0.0784532,0.91413,0.88369,0.0304406,35.6565,35.5348,11,11,0,0.686469,0.869557,0.183088,0,0,0,0
44.5,2254,1,0.0735168,0.0735168,0.701295,0.574886,0.126409,34.8052,34.2995,7,7,0,1.11434,1.22057,0.106232,0,0,0,0
44.5,2254,2,0.503167,0.503167,0.558917,0.138138,0.42078,34.2357,32.5526,12,12,0,0.74876,0.717368,0.031392,0,0,0,0
44.5,2254,3,0.141228,0.141228,0.768692,0.91413,0.145438,35.0748,35.6565,11,11,0,0.869557,0.954117,0.08456,0,0,0,0
44.6,2255,1,0.22629,0.22629,0.926019,0.701295,0.224724,35.7041,34.8052,7,7,0,1.22057,1.04327,0.177296,0,0,0,0
44.6,2255,2,0.0290551,0.0290551,0.111468,0.558917,0.447449,32.4459,34.2357,12,12,0,0.717368,0.552624,0.164744,0,0,0,0
44.6,2255,3,0.202337,0.202337,0.431046,0.768692,0.337646,33.7242,35.0748,11,11,0,0.954117,1.03829,0.084176,0,0,0,0
44.7,2256,1,0.1671,0.1671,0.501339,0.926019,0.42468,34.0054,35.7041,7,7,0,1.04327,1.25762,0.214344,0,0,0,0
44.7,2256,2,0.249986,0.249986,0.938175,0.111468,0.826707,35.7527,32.4459,12,12,0,0.552624,0.642352,0.089728,0,0,0,0
44.7,2256,3,0.00480241,0.00480241,0.840229,0.431046,0.409183,35.3609,33.7242,11,11,0,1.03829,1.046,0.007704,0,1,0,0
44.8,2257,1,0.472119,0.472119,0.920069,0.501339,0.41873,35.6803,34.0054,7,7,0,1.25762,1.07224,0.185376,0,0,0,0
44.8,2257,2,0.231664,0.231664,0.927753,0.938175,0.0104225,35.711,35.7527,12,12,0,0.642352,0.585968,0.056384,0,0,1,0
44.8,2257,3,0.0363924,0.0363924,0.930984,0.840229,0.0907546,35.7239,35.3609,11,11,0,1.046,0.847997,0.198,0,0,0,0
44.9,2258,1,1.84323,1.84323,0.927092,0.920069,0.00702316,35.7084,35.6803,7,7,0,1.07224,1.07157,0.000672,0,0,1,0
44.9,2258,2,0.0928582,0.0928582,0.158948,0.927753,0.768804,32.6358,35.711,12,12,0,0.585968,0.702496,0.116528,0,0,0,0
44.9,2258,3,0.0666333,0.0666333,0.97801,0.930984,0.0470265,35.912,35.7239,11,11,0,0.847997,0.949317,0.10132,0,0,0,0
45,2259,1,0.560073,0.560073,0.897227,0.927092,0.0298656,35.5889,35.7084,7,7,0,1.07157,1.22043,0.148864,0,0,0,0
45,2259,2,0.616133,0.616133,0.567361,0.158948,0.408413,34.2694,32.6358,12,12,0,0.702496,0.711872,0.009376,0,0,0,0
45,2259,3,0.715301,0.715301,0.760583,0.97801,0.217427,35.0423,35.912,11,11,0,0.949317,0.868597,0.08072,0,0,0,0
45.1,2260,1,1.15999,1.15999,0.658098,0.897227,0.239129,34.6324,35.5889,7,7,0,1.22043,1.20575,0.01468,0,0,0,0
45.1,2260,2,0.299623,0.299623,0.905346,0.567361,0.337985,35.6214,34.2694,12,12,0,0.711872,0.56344,0.148432,0,0,0,0
45.1,2260,3,0.615059,0.615059,0.421378,0.760583,0.339206,33.6855,35.0423,11,11,0,0.868597,0.974989,0.106392,0,0,0,0
45.2,2261,1,0.0689744,0.0689744,0.958656,0.658098,0.300558,35.8346,34.6324,7,7,0,1.20575,1.06954,0.136216,0,0,0,0
45.2,2261,2,0.148898,0.148898,0.936004,0.905346,0.0306588,35.744,35.6214,12,12,0,0.56344,0.653976,0.090536,0,0,0,0
45.2,2261,3,0.116727,0.116727,0.8954,0.421378,0.474023,35.5816,33.6855,11,11,0,0.974989,1.00418,0.029192,0,0,0,0
45.3,2262,1,0.0505679,0.0505679,0.69756,0.958656,0.261096,34.7902,35.8346,7,7,0,1.06954,1.08259,0.013056,0,0,0,0
45.3,2262,2,0.721296,0.721296,0.604552,0.936004,0.331452,34.4182,35.744,12,12,0,0.653976,0.762408,0.108432,0,0,0,0
45.3,2262,3,0.0308015,0.0308015,0.809357,0.8954,0.0860439,35.2374,35.5816,11,11,0,1.00418,0.793269,0.210912,0,0,0,0
45.4,2263,1,0.363509,0.363509,0.912542,0.69756,0.214983,35.6502,34.7902,7,7,0,1.08259,1.08011,0.002488,0,0,0,0
45.4,2263,2,0.104366,0.104366,0.903197,0.604552,0.298644,35.6128,34.4182,12,12,0,0.762408,0.736176,0.026232,0,0,0,0
45.4,2263,3,0.149592,0.149592,0.793857,0.809357,0.0154997,35.1754,35.2374,11,11,0,0.793269,0.854469,0.0612,0,0,1,0
45.5,2264,1,0.203375,0.203375,0.692604,0.912542,0.219939,34.7704,35.6502,7,7,0,1.08011,1.06707,0.013032,0,0,0,0
45.5,2264,2,0.523737,0.523737,0.968364,0.903197,0.0651667,35.8735,35.6128,12,12,0,0.736176,0.669272,0.066904,0,0,0,0
45.5,2264,3,0.151815,0.151815,0.312673,0.793857,0.481184,33.2507,35.1754,11,11,0,0.854469,0.952357,0.097888,0,0,0,0
45.6,2265,1,0.0349159,0.0349159,0.868704,0.692604,0.1761,35.4748,34.7704,7,7,0,1.06707,1.07683,0.009752,0,0,0,0
45.6,2265,2,0.171971,0.171971,0.915627,0.968364,0.0527367,35.6625,35.8735,12,12,0,0.669272,0.769632,0.10036,0,0,0,0
45.6,2265,3,1.10768,1.10768,0.811599,0.312673,0.498927,35.2464,33.2507,11,11,0,0.952357,0.960149,0.007792,0,0,0,0
45.7,2266,1,1.16393,1.16393,0.839984,0.868704,0.0287199,35.3599,35.4748,7,7,0,1.07683,1.08479,0.007968,0,0,0,0
45.7,2266,2,0.192351,0.192351,0.879672,0.915627,0.0359547,35.5187,35.6625,12,12,0,0.769632,0.764816,0.004816,0,0,0,0
45.7,2266,3,0.87362,0.87362,0.91996,0.811599,0.10836,35.6798,35.2464,11,11,0,0.960149,0.782709,0.17744,0,0,0,0
45.8,2267,1,0.466402,0.466402,0.960344,0.839984,0.12036,35.8414,35.3599,7,7,0,1.08479,1.05801,0.026784,0,0,0,0
45.8,2267,2,0.503003,0.503003,0.0690674,0.879672,0.810605,32.2763,35.5187,12,12,0,0.764816,0.712688,0.052128,0,0,0,0
45.8,2267,3,0.0477468,0.0477468,0.516474,0.91996,0.403486,34.0659,35.6798,11,11,0,0.782709,0.865069,0.08236,0,0,0,0
45.9,2268,1,0.681311,0.681311,0.858707,0.960344,0.101637,35.4348,35.8414,7,7,0,1.05801,1.28723,0.229224,0,0,0,0
45.9,2268,2,0.60647,0.60647,0.349936,0.0690674,0.280869,33.3997,32.2763,12,12,0,0.712688,0.697736,0.014952,0,0,0,0
45.9,2268,3,0.106925,0.106925,0.912199,0.516474,0.395725,35.6488,34.0659,11,11,0,0.865069,0.872893,0.007824,0,0,0,0
46,2269,1,0.12454,0.12454,0.359243,0.858707,0.499464,33.437,35.4348,7,7,0,1.28723,1.23725,0.049984,0,0,0,0
46,2269,2,0.0754948,0.0754948,0.852915,0.349936,0.502979,35.4117,33.3997,12,12,0,0.697736,0.559592,0.138144,0,0,0,0
46,2269,3,0.702062,0.702062,0.755171,0.912199,0.157028,35.0207,35.6488,11,11,0,0.872893,0.758541,0.114352,0,0,0,0
46.1,2270,1,0.150033,0.150033,0.80719,0.359243,0.447947,35.2288,33.437,7,7,0,1.23725,0.934299,0.302952,0,0,0,0
46.1,2270,2,1.41727,1.41727,0.563246,0.852915,0.289669,34.253,35.4117,12,12,0,0.559592,0.573928,0.014336,0,0,0,0
46.1,2270,3,0.516074,0.516074,0.961848,0.755171,0.206676,35.8474,35.0207,11,11,0,0.758541,1.01927,0.260728,0,0,0,0
46.2,2271,1,0.14385,0.14385,0.980569,0.80719,0.173379,35.9223,35.2288,7,7,0,0.934299,1.10654,0.17224,0,0,0,0
46.2,2271,2,0.410543,0.410543,0.909863,0.563246,0.346617,35.6395,34.253,12,12,0,0.573928,0.748536,0.174608,0,0,0,0
46.2,2271,3,0.145275,0.145275,0.975141,0.961848,0.0132928,35.9006,35.8474,11,11,0,1.01927,0.879845,0.139424,0,0,1,0
46.3,2272,1,0.236158,0.236158,0.882689,0.980569,0.0978805,35.5308,35.9223,7,7,0,1.10654,1.08623,0.020304,0,0,0,0
46.3,2272,2,0.368169,0.368169,0.870187,0.909863,0.0396768,35.4807,35.6395,12,12,0,0.748536,0.613712,0.134824,0,0,0,0
46.3,2272,3,1.26287,1.26287,0.85195,0.975141,0.123191,35.4078,35.9006,11,11,0,0.879845,0.887037,0.007192,0,0,0,0
46.4,2273,1,0.00726128,0.00726128,0.314156,0.882689,0.568532,33.2566,35.5308,7,7,0,1.08623,1.0848,0.001432,0,1,0,0
46.4,2273,2,1.06449,1.06449,0.688269,0.870187,0.181918,34.7531,35.4807,12,12,0,0.613712,0.781048,0.167336,0,0,0,0
46.4,2273,3,1.37824,1.37824,0.96669,0.85195,0.114741,35.8668,35.4078,11,11,0,0.887037,0.882005,0.005032,0,0,0,0
46.5,2274,1,0.18648,0.18648,0.920904,0.314156,0.606747,35.6836,33.2566,7,7,0,1.0848,0.985419,0.099384,0,0,0,0
46.5,2274,2,1.27466,1.27466,0.983329,0.688269,0.29506,35.9333,34.7531,12,12,0,0.781048,0.7496,0.031448,0,0,0,0
46.5,2274,3,0.823061,0.823061,0.88743,0.96669,0.0792603,35.5497,35.8668,11,11,0,0.882005,0.867541,0.014464,0,0,0,0
46.6,2275,1,0.245123,0.245123,0.846044,0.920904,0.0748597,35.3842,35.6836,7,7,0,0.985419,1.06442,0.079,0,0,0,0
46.6,2275,2,0.100368,0.100368,0.726766,0.983329,0.256562,34.9071,35.9333,12,12,0,0.7496,0.723256,0.026344,0,0,0,0
46.6,2275,3,0.384046,0.384046,-0.370922,0.88743,1.25835,30.5163,35.5497,11,11,0,0.867541,0.950269,0.082728,0,0,0,0
46.7,2276,1,0.0965314,0.0965314,0.991894,0.846044,0.14585,35.9676,35.3842,7,7,0,1.06442,1.27165,0.207232,0,0,0,0
46.7,2276,2,0.141356,0.141356,0.258798,0.726766,0.467968,33.0352,34.9071,12,12,0,0.723256,0.886136,0.16288,0,0,0,0
46.7,2276,3,0.43231,0.43231,0.869816,-0.370922,1.24074,35.4793,30.5163,11,11,0,0.950269,0.889837,0.060432,0,0,0,0
46.8,2277,1,0.602773,0.602773,0.266247,0.991894,0.725647,33.065,35.9676,7,7,0,1.27165,1.2582,0.013448,0,0,0,0
46.8,2277,2,0.462508,0.462508,0.936596,0.258798,0.677798,35.7464,33.0352,12,12,0,0.886136,0.75484,0.131296,0,0,0,0
46.8,2277,3,0.360403,0.360403,0.807042,0.869816,0.0627735,35.2282,35.4793,11,11,0,0.889837,0.667149,0.222688,0,0,0,0
46.9,2278,1,0.639707,0.639707,0.980855,0.266247,0.714608,35.9234,33.065,7,7,0,1.2582,0.950475,0.307728,0,0,0,0
46.9,2278,2,1.16655,1.16655,0.809554,0.936596,0.127043,35.2382,35.7464,12,12,0,0.75484,0.533616,0.221224,0,0,0,0
46.9,2278,3,0.320053,0.320053,0.870773,0.807042,0.0637308,35.4831,35.2282,11,11,0,0.667149,0.951005,0.283856,0,0,0,0
47,2279,1,1.36843,1.36843,0.638276,0.980855,0.342579,34.5531,35.9234,7,7,0,0.950475,1.01843,0.067952,0,0,0,0
47,2279,2,0.602427,0.602427,0.746384,0.809554,0.0631703,34.9855,35.2382,12,12,0,0.533616,0.753064,0.219448,0,0,0,0
47,2279,3,0.00400925,0.00400925,0.815254,0.870773,0.055519,35.261,35.4831,11,11,0,0.951005,0.972221,0.021216,0,1,0,0
47.1,2280,1,0.0532166,0.0532166,0.962842,0.638276,0.324566,35.8514,34.5531,7,7,0,1.01843,1.04985,0.031424,0,0,0,0
47.1,2280,2,0.564207,0.564207,0.593626,0.746384,0.152758,34.3745,34.9855,12,12,0,0.753064,0.697496,0.055568,0,0,0,0
47.1,2280,3,1.28412,1.28412,0.66927,0.815254,0.145984,34.6771,35.261,11,11,0,0.972221,0.811669,0.160552,0,0,0,0
47.2,2281,1,0.546735,0.546735,0.958841,0.962842,0.00400084,35.8354,35.8514,7,7,0,1.04985,1.15801,0.10816,0,0,1,0
47.2,2281,2,0.0583433,0.0583433,0.951564,0.593626,0.357939,35.8063,34.3745,12,12,0,0.697496,0.687536,0.00996,0,0,0,0
47.2,2281,3,1.19535,1.19535,0.89477,0.66927,0.225501,35.5791,34.6771,11,11,0,0.811669,1.09935,0.28768,0,0,0,0
47.3,2282,1,0.284322,0.284322,0.982777,0.958841,0.0239363,35.9311,35.8354,7,7,0,1.15801,1.10667,0.051344,0,0,0,0
47.3,2282,2,0.0892999,0.0892999,0.926067,0.951564,0.0254971,35.7043,35.8063,12,12,0,0.687536,0.721304,0.033768,0,0,0,0
47.3,2282,3,0.033434,0.033434,0.719143,0.89477,0.175627,34.8766,35.5791,11,11,0,1.09935,0.734333,0.365016,0,0,0,0
47.4,2283,1,0.0956329,0.0956329,0.756333,0.982777,0.226444,35.0253,35.9311,7,7,0,1.10667,1.1569,0.050232,0,0,0,0
47.4,2283,2,0.117377,0.117377,0.794727,0.926067,0.13134,35.1789,35.7043,12,12,0,0.721304,0.752696,0.031392,0,0,0,0
47.4,2283,3,0.0316913,0.0316913,0.880807,0.719143,0.161664,35.5232,34.8766,11,11,0,0.734333,0.992277,0.257944,0,0,0,0
47.5,2284,1,0.385823,0.385823,0.418836,0.756333,0.337498,33.6753,35.0253,7,7,0,1.1569,1.09021,0.066688,0,0,0,0
47.5,2284,2,1.00716,1.00716,0.770532,0.794727,0.0241948,35.0821,35.1789,12,12,0,0.752696,0.780968,0.028272,0,0,0,0
47.5,2284,3,0.330737,0.330737,0.243479,0.880807,0.637328,32.9739,35.5232,11,11,0,0.992277,0.714061,0.278216,0,0,0,0
47.6,2285,1,0.626935,0.626935,0.53498,0.418836,0.116144,34.1399,33.6753,7,7,0,1.09021,1.00486,0.085352,0,0,0,0
47.6,2285,2,0.284079,0.284079,0.382248,0.770532,0.388285,33.529,35.0821,12,12,0,0.780968,0.734752,0.046216,0,0,0,0
47.6,2285,3,0.307398,0.307398,0.851595,0.243479,0.608116,35.4064,32.9739,11,11,0,0.714061,1.00537,0.291304,0,0,0,0
47.7,2286,1,0.0355991,0.0355991,0.975861,0.53498,0.440881,35.9034,34.1399,7,7,0,1.00486,1.03023,0.025376,0,0,0,0
47.7,2286,2,1.17601,1.17601,0.884481,0.382248,0.502234,35.5379,33.529,12,12,0,0.734752,0.744352,0.0096,0,0,0,0
47.7,2286,3,0.00769442,0.00769442,0.931494,0.851595,0.0798994,35.726,35.4064,11,11,0,1.00537,0.689469,0.315896,0,1,0,0
47.8,2287,1,0.114471,0.114471,0.98494,0.975861,0.00907862,35.9398,35.9034,7,7,0,1.03023,1.08756,0.057328,0,0,1,0
47.8,2287,2,0.116948,0.116948,0.558802,0.884481,0.325679,34.2352,35.5379,12,12,0,0.744352,0.634584,0.109768,0,0,0,0
47.8,2287,3,0.0510128,0.0510128,0.969851,0.931494,0.0383568,35.8794,35.726,11,11,0,0.689469,0.920693,0.231224,0,0,0,0
47.9,2288,1,0.502216,0.502216,0.817505,0.98494,0.167435,35.27,35.9398,7,7,0,1.08756,1.14346,0.055896,0,0,0,0
47.9,2288,2,0.112032,0.112032,0.901875,0.558802,0.343073,35.6075,34.2352,12,12,0,0.634584,0.75132,0.116736,0,0,0,0
47.9,2288,3,1.43874,1.43874,0.851602,0.969851,0.118248,35.4064,35.8794,11,11,0,0.920693,0.899645,0.021048,0,0,0,0
48,2289,1,0.729949,0.729949,0.823271,0.817505,0.00576657,35.2931,35.27,7,7,0,1.14346,1.08475,0.058712,0,0,1,0
48,2289,2,0.269457,0.269457,0.93207,0.901875,0.0301947,35.7283,35.6075,12,12,0,0.75132,0.635216,0.116104,0,0,0,0
48,2289,3,1.46019,1.46019,0.850221,0.851602,0.00138164,35.4009,35.4064,11,11,0,0.899645,0.871989,0.027656,0,0,1,0
48.1,2290,1,0.0680068,0.0680068,0.736737,0.823271,0.0865347,34.9469,35.2931,7,7,0,1.08475,1.06804,0.016704,0,0,0,0
48.1,2290,2,0.238565,0.238565,0.214854,0.93207,0.717216,32.8594,35.7283,12,12,0,0.635216,0.722944,0.087728,0,0,0,0
48.1,2290,3,1.40071,1.40071,0.8664,0.850221,0.0161793,35.4656,35.4009,11,11,0,0.871989,0.867917,0.004072,0,0,1,0
48.2,2291,1,0.0934556,0.0934556,0.217438,0.736737,0.519298,32.8698,34.9469,7,7,0,1.06804,1.13764,0.0696,0,0,0,0
48.2,2291,2,0.224286,0.224286,0.546397,0.214854,0.331543,34.1856,32.8594,12,12,0,0.722944,0.70264,0.020304,0,0,0,0
48.2,2291,3,1.26592,1.26592,0.871366,0.8664,0.00496554,35.4855,35.4656,11,11,0,0.867917,0.804437,0.06348,0,0,1,0
48.3,2292,1,1.1575,1.1575,0.977673,0.217438,0.760235,35.9107,32.8698,7,7,0,1.13764,0.902651,0.234992,0,0,0,0
48.3,2292,2,0.39483,0.39483,0.406866,0.546397,0.139532,33.6275,34.1856,12,12,0,0.70264,0.496,0.20664,0,0,0,0
48.3,2292,3,0.707685,0.707685,0.956304,0.871366,0.0849386,35.8252,35.4855,11,11,0,0.804437,1.01521,0.210776,0,0,0,0
48.4,2293,1,1.24721,1.24721,0.806588,0.977673,0.171086,35.2264,35.9107,7,7,0,0.902651,1.10962,0.206968,0,0,0,0
48.4,2293,2,0.208151,0.208151,0.809443,0.406866,0.402577,35.2378,33.6275,12,12,0,0.496,0.651416,0.155416,0,0,0,0
48.4,2293,3,0.612103,0.612103,0.970332,0.956304,0.0140276,35.8813,35.8252,11,11,0,1.01521,1.01454,0.000672,0,0,1,0
48.5,2294,1,1.25895,1.25895,0.889763,0.806588,0.0831758,35.5591,35.2264,7,7,0,1.10962,1.06966,0.03996,0,0,0,0
48.5,2294,2,0.5577,0.5577,0.0700263,0.809443,0.739417,32.2801,35.2378,12,12,0,0.651416,0.611408,0.040008,0,0,0,0
48.5,2294,3,0.204761,0.204761,0.84568,0.970332,0.124652,35.3827,35.8813,11,11,0,1.01454,0.915229,0.099312,0,0,0,0
48.6,2295,1,0.163622,0.163622,0.894426,0.889763,0.00466233,35.5777,35.5591,7,7,0,1.06966,1.21784,0.148184,0,0,1,0
48.6,2295,2,0.528666,0.528666,0.945493,0.0700263,0.875466,35.782,32.2801,12,12,0,0.611408,0.653128,0.04172,0,0,0,0
48.6,2295,3,0.691444,0.691444,0.867965,0.84568,0.0222852,35.4719,35.3827,11,11,0,0.915229,0.710181,0.205048,0,0,0,0
48.7,2296,1,0.228649,0.228649,0.975861,0.894426,0.0814357,35.9034,35.5777,7,7,0,1.21784,1.12127,0.096568,0,0,0,0
48.7,2296,2,0.220182,0.220182,0.933429,0.945493,0.0120633,35.7337,35.782,12,12,0,0.653128,0.553152,0.099976,0,0,1,0
48.7,2296,3,0.433964,0.433964,0.90869,0.867965,0.0407252,35.6348,35.4719,11,11,0,0.710181,0.932213,0.222032,0,0,0,0
48.8,2297,1,0.959094,0.959094,0.913336,0.975861,0.0625256,35.6533,35.9034,7,7,0,1.12127,1.06636,0.054912,0,0,0,0
48.8,2297,2,0.340642,0.340642,0.883824,0.933429,0.0496048,35.5353,35.7337,12,12,0,0.553152,0.741608,0.188456,0,0,0,0
48.8,2297,3,0.139292,0.139292,0.696344,0.90869,0.212346,34.7854,35.6348,11,11,0,0.932213,0.870269,0.061944,0,0,0,0
48.9,2298,1,0.882706,0.882706,0.830642,0.913336,0.0826935,35.3226,35.6533,7,7,0,1.06636,1.14675,0.080384,0,0,0,0
48.9,2298,2,0.14688,0.14688,0.961293,0.883824,0.0774688,35.8452,35.5353,12,12,0,0.741608,0.805072,0.063464,0,0,0,0
48.9,2298,3,0.416062,0.416062,0.819112,0.696344,0.122768,35.2764,34.7854,11,11,0,0.870269,1.02056,0.150288,0,0,0,0
49,2299,1,0.552344,0.552344,0.909484,0.830642,0.0788413,35.6379,35.3226,7,7,0,1.14675,1.05269,0.094056,0,0,0,0
49,2299,2,0.811757,0.811757,0.646268,0.961293,0.315025,34.5851,35.8452,12,12,0,0.805072,0.70748,0.097592,0,0,0,0
49,2299,3,0.110068,0.110068,0.944678,0.819112,0.125566,35.7787,35.2764,11,11,0,1.02056,0.787133,0.233424,0,0,0,0
49.1,2300,1,0.682754,0.682754,0.92963,0.909484,0.0201464,35.7185,35.6379,7,7,0,1.05269,1.14673,0.09404,0,0,0,0
49.1,2300,2,1.0354,1.0354,0.865981,0.646268,0.219714,35.4639,34.5851,12,12,0,0.70748,0.776072,0.068592,0,0,0,0
49.1,2300,3,0.0217063,0.0217063,0.222749,0.944678,0.72193,32.891,35.7787,11,11,0,0.787133,0.838757,0.051624,0,0,0,0
49.2,2301,1,0.560155,0.560155,0.951299,0.92963,0.021669,35.8052,35.7185,7,7,0,1.14673,1.15055,0.003824,0,0,0,0
49.2,2301,2,1.5539,1.5539,-0.24729,0.865981,1.11327,31.0108,35.4639,12,12,0,0.776072,0.72208,0.053992,0,0,0,0
49.2,2301,3,0.0906157,0.0906157,0.680663,0.222749,0.457914,34.7227,32.891,11,11,0,0.838757,0.833765,0.004992,0,0,0,0
49.3,2302,1,0.14858,0.14858,0.929825,0.951299,0.0214745,35.7193,35.8052,7,7,0,1.15055,1.30715,0.1566,0,0,0,0
49.3,2302,2,0.73237,0.73237,0.65272,-0.24729,0.90001,34.6109,31.0108,12,12,0,0.72208,0.660464,0.061616,0,0,0,0
49.3,2302,3,0.241527,0.241527,0.15329,0.680663,0.527373,32.6132,34.7227,11,11,0,0.833765,0.716277,0.117488,0,0,0,0
49.4,2303,1,0.0754658,0.0754658,0.896283,0.929825,0.0335416,35.5851,35.7193,7,7,0,1.30715,1.29779,0.009368,0,0,0,0
49.4,2303,2,0.286323,0.286323,0.330541,0.65272,0.322179,33.3222,34.6109,12,12,0,0.660464,0.59288,0.067584,0,0,0,0
49.4,2303,3,0.334233,0.334233,0.526163,0.15329,0.372874,34.1047,32.6132,11,11,0,0.716277,0.949445,0.233168,0,0,0,0
49.5,2304,1,0.381536,0.381536,0.886229,0.896283,0.0100541,35.5449,35.5851,7,7,0,1.29779,1.21643,0.081352,0,0,1,0
49.5,2304,2,0.373129,0.373129,0.0566909,0.330541,0.27385,32.2268,33.3222,12,12,0,0.59288,0.701776,0.108896,0,0,0,0
49.5,2304,3,0.0297322,0.0297322,0.0987256,0.526163,0.427438,32.3949,34.1047,11,11,0,0.949445,0.870645,0.0788,0,0,0,0
49.6,2305,1,0.0853258,0.0853258,0.93442,0.886229,0.0481913,35.7377,35.5449,7,7,0,1.21643,1.32231,0.105872,0,0,0,0
49.6,2305,2,0.474285,0.474285,0.530819,0.0566909,0.474128,34.1233,32.2268,12,12,0,0.701776,0.701528,0.000248,0,0,0,0
49.6,2305,3,0.13488,0.13488,0.681953,0.0987256,0.583228,34.7278,32.3949,11,11,0,0.870645,0.990325,0.11968,0,0,0,0
49.7,2306,1,0.304464,0.304464,0.860786,0.93442,0.073634,35.4431,35.7377,7,7,0,1.32231,1.20191,0.1204,0,0,0,0
49.7,2306,2,1.10913,1.10913,0.904399,0.530819,0.37358,35.6176,34.1233,12,12,0,0.701528,0.648168,0.05336,0,0,0,0
49.7,2306,3,0.29929,0.29929,0.945352,0.681953,0.263399,35.7814,34.7278,11,11,0,0.990325,0.768661,0.221664,0,0,0,0
49.8,2307,1,0.18587,0.18587,0.808026,0.860786,0.0527607,35.2321,35.4431,7,7,0,1.20191,1.06842,0.133488,0,0,0,0
49.8,2307,2,0.26689,0.26689,0.670966,0.904399,0.233433,34.6839,35.6176,12,12,0,0.648168,0.641992,0.006176,0,0,0,0
49.8,2307,3,0.550273,0.550273,0.918383,0.945352,0.0269688,35.6735,35.7814,11,11,0,0.768661,0.778581,0.00992,0,0,0,0
49.9,2308,1,0.0305501,0.0305501,0.90419,0.808026,0.0961642,35.6168,35.2321,7,7,0,1.06842,1.14621,0.077792,0,0,0,0
49.9,2308,2,0.517948,0.517948,0.646062,0.670966,0.0249041,34.5842,34.6839,12,12,0,0.641992,0.711864,0.069872,0,0,0,0
49.9,2308,3,0.37711,0.37711,0.936294,0.918383,0.0179106,35.7452,35.6735,11,11,0,0.778581,0.864677,0.086096,0,0,1,0
50,2309,1,0.0376338,0.0376338,0.965256,0.90419,0.061066,35.861,35.6168,7,7,0,1.14621,1.12303,0.023176,0,0,0,0
50,2309,2,0.95882,0.95882,0.666399,0.646062,0.0203369,34.6656,34.5842,12,12,0,0.711864,0.63152,0.080344,0,0,0,0
50,2309,3,0.375077,0.375077,0.857754,0.936294,0.0785401,35.431,35.7452,11,11,0,0.864677,0.912629,0.047952,0,0,0,0
50.1,2310,1,0.244012,0.244012,0.781978,0.965256,0.183277,35.1279,35.861,7,7,0,1.12303,1.06752,0.055512,0,0,0,0
50.1,2310,2,0.251036,0.251036,0.718718,0.666399,0.0523193,34.8749,34.6656,12,12,0,0.63152,0.630864,0.000656,0,0,0,0
50.1,2310,3,0.125205,0.125205,0.530619,0.857754,0.327135,34.1225,35.431,11,11,0,0.912629,0.937357,0.024728,0,0,0,0
50.2,2311,1,0.351536,0.351536,0.8618,0.781978,0.0798219,35.4472,35.1279,7,7,0,1.06752,1.15839,0.090864,0,0,0,0
50.2,2311,2,0.371628,0.371628,0.370983,0.718718,0.347736,33.4839,34.8749,12,12,0,0.630864,0.627816,0.003048,0,0,0,0
50.2,2311,3,0.137261,0.137261,-0.00542492,0.530619,0.536044,31.9783,34.1225,11,11,0,0.937357,1.01242,0.075064,0,0,0,0
50.3,2312,1,0.990867,0.990867,0.756827,0.8618,0.104973,35.0273,35.4472,7,7,0,1.15839,1.28717,0.128784,0,0,0,0
50.3,2312,2,0.195999,0.195999,0.974185,0.370983,0.603202,35.8967,33.4839,12,12,0,0.627816,0.756784,0.128968,0,0,0,0
50.3,2312,3,0.117423,0.117423,0.578929,-0.00542492,0.584354,34.3157,31.9783,11,11,0,1.01242,0.869381,0.14304,0,0,0,0
50.4,2313,1,0.293253,0.293253,0.949211,0.756827,0.192384,35.7968,35.0273,7,7,0,1.28717,1.14459,0.142576,0,0,0,0
50.4,2313,2,1.62792,1.62792,0.0914519,0.974185,0.882733,32.3658,35.8967,12,12,0,0.756784,0.729512,0.027272,0,0,0,0
50.4,2313,3,1.27107,1.27107,0.90763,0.578929,0.3287,35.6305,34.3157,11,11,0,0.869381,0.834389,0.034992,0,0,0,0
50.5,2314,1,0.708155,0.708155,0.814787,0.949211,0.134424,35.2591,35.7968,7,7,0,1.14459,1.20977,0.065176,0,0,0,0
50.5,2314,2,1.74567,1.74567,0.745639,0.0914519,0.654187,34.9826,32.3658,12,12,0,0.729512,0.627128,0.102384,0,0,0,0
50.5,2314,3,1.08947,1.08947,0.961741,0.90763,0.0541115,35.847,35.6305,11,11,0,0.834389,0.610109,0.22428,0,0,0,0
50.6,2315,1,1.13907,1.13907,0.959133,0.814787,0.144347,35.8365,35.2591,7,7,0,1.20977,1.10653,0.10324,0,0,0,0
50.6,2315,2,0.0340117,0.0340117,0.677988,0.745639,0.0676507,34.712,34.9826,12,11,-1,0.627128,0.603645,0.0234827,0,0,0,0
50.6,2315,3,0.212,0.212,0.491266,0.961741,0.470476,33.9651,35.847,11,11,0,0.610109,0.911069,0.30096,0,0,0,0
50.7,2316,1,0.766762,0.766762,0.971276,0.959133,0.012143,35.8851,35.8365,7,8,1,1.10653,1.01741,0.0891173,0,0,1,0
50.7,2316,2,0.455797,0.455797,0.836069,0.677988,0.158081,35.3443,34.712,11,11,0,0.603645,0.774173,0.170528,0,0,0,0
50.7,2316,3,0.0274972,0.0274972,0.85919,0.491266,0.367925,35.4368,33.9651,11,11,0,0.911069,0.937301,0.026232,0,0,0,0
50.8,2317,1,0.350332,0.350332,0.619103,0.971276,0.352173,34.4764,35.8851,8,8,0,1.01741,1.07745,0.06004,0,0,0,0
50.8,2317,2,0.754561,0.754561,0.39139,0.836069,0.444679,33.5656,35.3443,11,11,0,0.774173,0.724925,0.049248,0,0,0,0
50.8,2317,3,0.0362787,0.0362787,0.954558,0.85919,0.0953677,35.8182,35.4368,11,11,0,0.937301,0.731421,0.20588,0,0,0,0
50.9,2318,1,1.16858,1.16858,0.876735,0.619103,0.257631,35.5069,34.4764,8,8,0,1.07745,1.01215,0.065304,0,0,0,0
50.9,2318,2,1.22356,1.22356,0.67001,0.39139,0.27862,34.68,33.5656,11,11,0,0.724925,0.723365,0.00156,0,0,0,0
50.9,2318,3,0.0363212,0.0363212,0.711844,0.954558,0.242714,34.8474,35.8182,11,11,0,0.731421,0.753741,0.02232,0,0,0,0
51,2319,1,0.650974,0.650974,0.762542,0.876735,0.114192,35.0502,35.5069,8,8,0,1.01215,1.09659,0.08444,0,0,0,0
51,2319,2,0.120809,0.120809,0.723307,0.67001,0.0532973,34.8932,34.68,11,11,0,0.723365,0.643917,0.079448,0,0,0,0
51,2319,3,0.0591353,0.0591353,0.931905,0.711844,0.220062,35.7276,34.8474,11,11,0,0.753741,0.990853,0.237112,0,0,0,0
51.1,2320,1,0.242279,0.242279,0.872274,0.762542,0.109731,35.4891,35.0502,8,8,0,1.09659,1.01379,0.0828,0,0,0,0
51.1,2320,2,0.119077,0.119077,0.957671,0.723307,0.234364,35.8307,34.8932,11,11,0,0.643917,0.703685,0.059768,0,0,0,0
51.1,2320,3,0.355067,0.355067,0.860597,0.931905,0.0713085,35.4424,35.7276,11,11,0,0.990853,0.795437,0.195416,0,0,0,0
51.2,2321,1,0.289438,0.289438,0.803533,0.872274,0.0687403,35.2141,35.4891,8,8,0,1.01379,1.01053,0.003256,0,0,0,0
51.2,2321,2,0.0498299,0.0498299,0.594881,0.957671,0.362791,34.3795,35.8307,11,11,0,0.703685,0.718637,0.014952,0,0,0,0
51.2,2321,3,0.346611,0.346611,0.693226,0.860597,0.167371,34.7729,35.4424,11,11,0,0.795437,0.869989,0.074552,0,0,0,0
51.3,2322,1,0.0414264,0.0414264,0.917815,0.803533,0.114282,35.6713,35.2141,8,8,0,1.01053,1.04914,0.038608,0,0,0,0
51.3,2322,2,0.174625,0.174625,0.927916,0.594881,0.333036,35.7117,34.3795,11,11,0,0.718637,0.753349,0.034712,0,0,0,0
51.3,2322,3,0.00553304,0.00553304,0.892187,0.693226,0.198961,35.5687,34.7729,11,11,0,0.869989,0.961813,0.091824,0,1,0,0
51.4,2323,1,0.387714,0.387714,0.777606,0.917815,0.140209,35.1104,35.6713,8,8,0,1.04914,1.01457,0.034576,0,0,0,0
51.4,2323,2,0.553147,0.553147,0.762536,0.927916,0.165381,35.0501,35.7117,11,11,0,0.753349,0.670821,0.082528,0,0,0,0
51.4,2323,3,0.0854471,0.0854471,0.915904,0.892187,0.0237168,35.6636,35.5687,11,11,0,0.961813,0.745445,0.216368,0,0,0,0
51.5,2324,1,0.700663,0.700663,0.445238,0.777606,0.332368,33.781,35.1104,8,8,0,1.01457,0.977141,0.037424,0,0,0,0
51.5,2324,2,0.426883,0.426883,0.679324,0.762536,0.0832112,34.7173,35.0501,11,11,0,0.670821,0.722389,0.051568,0,0,0,0
51.5,2324,3,0.222945,0.222945,0.606916,0.915904,0.308987,34.4277,35.6636,11,11,0,0.745445,0.825061,0.079616,0,0,0,0
51.6,2325,1,0.427742,0.427742,-0.0084335,0.445238,0.453672,31.9663,33.781,8,8,0,0.977141,0.911877,0.065264,0,0,0,0
51.6,2325,2,0.332398,0.332398,0.316211,0.679324,0.363113,33.2648,34.7173,11,11,0,0.722389,0.766013,0.043624,0,0,0,0
51.6,2325,3,0.193399,0.193399,0.948516,0.606916,0.341599,35.7941,34.4277,11,11,0,0.825061,0.789213,0.035848,0,0,0,0
51.7,2326,1,0.284578,0.284578,0.774231,-0.0084335,0.782665,35.0969,31.9663,8,8,0,0.911877,0.866253,0.045624,0,0,0,0
51.7,2326,2,0.415952,0.415952,0.622426,0.316211,0.306215,34.4897,33.2648,11,11,0,0.766013,0.777117,0.011104,0,0,0,0
51.7,2326,3,0.889053,0.889053,0.981773,0.948516,0.0332577,35.9271,35.7941,11,11,0,0.789213,0.885509,0.096296,0,0,0,0
51.8,2327,1,0.0831274,0.0831274,0.272579,0.774231,0.501652,33.0903,35.0969,8,8,0,0.866253,0.890997,0.024744,0,0,0,0
51.8,2327,2,0.456579,0.456579,0.754524,0.622426,0.132098,35.0181,34.4897,11,11,0,0.777117,0.696437,0.08068,0,0,0,0
51.8,2327,3,0.552971,0.552971,0.423004,0.981773,0.558769,33.692,35.9271,11,11,0,0.885509,1.00844,0.122928,0,0,0,0
51.9,2328,1,0.849179,0.849179,0.704196,0.272579,0.431617,34.8168,33.0903,8,8,0,0.890997,0.955213,0.064216,0,0,0,0
51.9,2328,2,0.370702,0.370702,0.886676,0.754524,0.132152,35.5467,35.0181,11,11,0,0.696437,0.906413,0.209976,0,0,0,0
51.9,2328,3,0.716909,0.716909,0.644745,0.423004,0.22174,34.579,33.692,11,11,0,1.00844,0.958877,0.04956,0,0,0,0
52,2329,1,0.994395,0.994395,0.588437,0.704196,0.115758,34.3537,34.8168,8,8,0,0.955213,0.938421,0.016792,0,0,0,0
52,2329,2,0.193708,0.193708,0.909858,0.886676,0.0231814,35.6394,35.5467,11,11,0,0.906413,0.879253,0.02716,0,0,0,0
52,2329,3,0.123007,0.123007,0.982429,0.644745,0.337684,35.9297,34.579,11,11,0,0.958877,0.780733,0.178144,0,0,0,0
52.1,2330,1,0.849791,0.849791,0.639142,0.588437,0.0507041,34.5566,34.3537,8,8,0,0.938421,0.920341,0.01808,0,0,0,0
52.1,2330,2,0.0586895,0.0586895,0.90287,0.909858,0.00698775,35.6115,35.6394,11,11,0,0.879253,0.807285,0.071968,0,0,1,0
52.1,2330,3,0.125327,0.125327,0.698686,0.982429,0.283743,34.7947,35.9297,11,11,0,0.780733,0.742933,0.0378,0,0,0,0
52.2,2331,1,0.932084,0.932084,0.551577,0.639142,0.0875642,34.2063,34.5566,8,8,0,0.920341,0.862773,0.057568,0,0,0,0
52.2,2331,2,0.00915265,0.00915265,0.683983,0.90287,0.218887,34.7359,35.6115,11,11,0,0.807285,0.873093,0.065808,0,1,0,0
52.2,2331,3,1.22062,1.22062,0.848928,0.698686,0.150242,35.3957,34.7947,11,11,0,0.742933,0.929813,0.18688,0,0,0,0
52.3,2332,1,0.34618,0.34618,-0.210475,0.551577,0.762052,31.1581,34.2063,8,8,0,0.862773,0.962013,0.09924,0,0,0,0
52.3,2332,2,0.390328,0.390328,0.594671,0.683983,0.089312,34.3787,34.7359,11,11,0,0.873093,0.813341,0.059752,0,0,0,0
52.3,2332,3,1.20896,1.20896,0.465529,0.848928,0.383399,33.8621,35.3957,11,11,0,0.929813,0.776253,0.15356,0,0,0,0
52.4,2333,1,0.0951383,0.0951383,0.746563,-0.210475,0.957038,34.9863,31.1581,8,8,0,0.962013,0.833901,0.128112,0,0,0,0
52.4,2333,2,0.39086,0.39086,0.82257,0.594671,0.2279,35.2903,34.3787,11,11,0,0.813341,0.887229,0.073888,0,0,0,0
52.4,2333,3,0.187421,0.187421,0.917361,0.465529,0.451832,35.6694,33.8621,11,11,0,0.776253,0.886181,0.109928,0,0,0,0
52.5,2334,1,0.142623,0.142623,0.479058,0.746563,0.267506,33.9162,34.9863,8,8,0,0.833901,0.821541,0.01236,0,0,0,0
52.5,2334,2,0.279219,0.279219,0.509109,0.82257,0.313461,34.0364,35.2903,11,11,0,0.887229,0.808637,0.078592,0,0,0,0
52.5,2334,3,0.200565,0.200565,0.868552,0.917361,0.048809,35.4742,35.6694,11,11,0,0.886181,0.837989,0.048192,0,0,0,0
52.6,2335,1,0.473867,0.473867,0.901984,0.479058,0.422926,35.6079,33.9162,8,8,0,0.821541,0.864365,0.042824,0,0,0,0
52.6,2335,2,0.372065,0.372065,-0.161212,0.509109,0.670321,31.3552,34.0364,11,11,0,0.808637,0.794829,0.013808,0,0,0,0
52.6,2335,3,0.606291,0.606291,0.158395,0.868552,0.710157,32.6336,35.4742,11,11,0,0.837989,0.846141,0.008152,0,0,0,0
52.7,2336,1,0.126486,0.126486,0.895737,0.901984,0.00624615,35.5829,35.6079,8,8,0,0.864365,1.21549,0.35112,0,0,1,0
52.7,2336,2,1.15346,1.15346,-0.594918,-0.161212,0.433706,29.6203,31.3552,11,11,0,0.794829,0.679637,0.115192,0,0,0,0
52.7,2336,3,0.777661,0.777661,0.955294,0.158395,0.796899,35.8212,32.6336,11,11,0,0.846141,1.03142,0.18528,0,0,0,0
52.8,2337,1,0.231638,0.231638,0.910031,0.895737,0.014294,35.6401,35.5829,8,8,0,1.21549,1.23873,0.02324,0,0,1,0
52.8,2337,2,0.504886,0.504886,0.752802,-0.594918,1.34772,35.0112,29.6203,11,11,0,0.679637,0.584573,0.095064,0,0,0,0
52.8,2337,3,0.151864,0.151864,0.904909,0.955294,0.0503848,35.6196,35.8212,11,11,0,1.03142,0.651821,0.3796,0,0,0,0
52.9,2338,1,0.0203286,0.0203286,0.917668,0.910031,0.00763702,35.6707,35.6401,8,8,0,1.23873,1.02028,0.218448,0,0,1,0
52.9,2338,2,0.831404,0.831404,0.780719,0.752802,0.0279168,35.1229,35.0112,11,11,0,0.584573,0.460325,0.124248,0,0,0,0
52.9,2338,3,0.173491,0.173491,0.931355,0.904909,0.0264456,35.7254,35.6196,11,11,0,0.651821,0.839597,0.187776,0,0,0,0
53,2339,1,0.422893,0.422893,0.900934,0.917668,0.0167347,35.6037,35.6707,8,8,0,1.02028,0.955581,0.064696,0,0,1,0
53,2339,2,1.29399,1.29399,0.306781,0.780719,0.473938,33.2271,35.1229,11,11,0,0.460325,0.688725,0.2284,0,0,0,0
53,2339,3,0.282351,0.282351,0.864775,0.931355,0.0665794,35.4591,35.7254,11,11,0,0.839597,0.817037,0.02256,0,0,0,0
53.1,2340,1,0.00933164,0.00933164,0.6276,0.900934,0.273334,34.5104,35.6037,8,8,0,0.955581,1.03685,0.081264,0,1,0,0
53.1,2340,2,1.52371,1.52371,-0.62126,0.306781,0.928041,29.515,33.2271,11,11,0,0.688725,0.728013,0.039288,0,0,0,0
53.1,2340,3,0.580153,0.580153,0.984352,0.864775,0.119577,35.9374,35.4591,11,11,0,0.817037,0.874813,0.057776,0,0,0,0
53.2,2341,1,0.0512067,0.0512067,0.778222,0.6276,0.150622,35.1129,34.5104,8,8,0,1.03685,1.07412,0.037272,0,0,0,0
53.2,2341,2,0.065257,0.065257,0.440992,-0.62126,1.06225,33.764,29.515,11,11,0,0.728013,0.619653,0.10836,0,0,0,0
53.2,2341,3,0.153202,0.153202,0.886817,0.984352,0.097535,35.5473,35.9374,11,11,0,0.874813,0.819685,0.055128,0,0,0,0
53.3,2342,1,0.515838,0.515838,0.988625,0.778222,0.210403,35.9545,35.1129,8,8,0,1.07412,1.04658,0.027536,0,0,0,0
53.3,2342,2,0.274609,0.274609,0.910174,0.440992,0.469182,35.6407,33.764,11,11,0,0.619653,0.440109,0.179544,0,0,0,0
53.3,2342,3,0.129525,0.129525,0.905438,0.886817,0.0186204,35.6218,35.5473,11,11,0,0.819685,1.04438,0.224696,0,0,1,0
53.4,2343,1,0.406792,0.406792,0.708006,0.988625,0.280619,34.832,35.9545,8,8,0,1.04658,0.998925,0.047656,0,0,0,0
53.4,2343,2,0.441445,0.441445,-0.545094,0.910174,1.45527,29.8196,35.6407,11,11,0,0.440109,0.596069,0.15596,0,0,0,0
53.4,2343,3,0.20816,0.20816,0.705649,0.905438,0.199789,34.8226,35.6218,11,11,0,1.04438,0.876957,0.167424,0,0,0,0
53.5,2344,1,0.203388,0.203388,0.749819,0.708006,0.0418128,34.9993,34.832,8,8,0,0.998925,1.13281,0.13388,0,0,0,0
53.5,2344,2,0.307922,0.307922,0.70593,-0.545094,1.25102,34.8237,29.8196,11,11,0,0.596069,0.659109,0.06304,0,0,0,0
53.5,2344,3,1.18967,1.18967,0.631662,0.705649,0.0739872,34.5266,34.8226,11,11,0,0.876957,0.756589,0.120368,0,0,0,0
53.6,2345,1,0.571684,0.571684,0.635811,0.749819,0.114007,34.5432,34.9993,8,8,0,1.13281,1.0122,0.120608,0,0,0,0
53.6,2345,2,0.217879,0.217879,0.0806378,0.70593,0.625292,32.3226,34.8237,11,11,0,0.659109,0.522773,0.136336,0,0,0,0
53.6,2345,3,1.14918,1.14918,0.786239,0.631662,0.154577,35.145,34.5266,11,11,0,0.756589,0.833589,0.077,0,0,0,0
53.7,2346,1,0.854342,0.854342,0.963856,0.635811,0.328044,35.8554,34.5432,8,8,0,1.0122,0.981941,0.030256,0,0,0,0
53.7,2346,2,0.93843,0.93843,0.323302,0.0806378,0.242664,33.2932,32.3226,11,11,0,0.522773,0.691933,0.16916,0,0,0,0
53.7,2346,3,0.231968,0.231968,0.858129,0.786239,0.0718904,35.4325,35.145,11,11,0,0.833589,0.761277,0.072312,0,0,0,0
53.8,2347,1,0.821518,0.821518,0.881018,0.963856,0.0828375,35.5241,35.8554,8,8,0,0.981941,1.06878,0.08684,0,0,0,0
53.8,2347,2,0.53816,0.53816,0.970475,0.323302,0.647173,35.8819,33.2932,11,11,0,0.691933,0.612885,0.079048,0,0,0,0
53.8,2347,3,0.0324485,0.0324485,0.177479,0.858129,0.68065,32.7099,35.4325,11,11,0,0.761277,0.906117,0.14484,0,0,0,0
53.9,2348,1,0.26929,0.26929,0.802113,0.881018,0.0789054,35.2085,35.5241,8,8,0,1.06878,1.04365,0.025128,0,0,0,0
53.9,2348,2,0.492146,0.492146,0.705563,0.970475,0.264912,34.8223,35.8819,11,11,0,0.612885,0.760693,0.147808,0,0,0,0
53.9,2348,3,0.45694,0.45694,0.804986,0.177479,0.627507,35.2199,32.7099,11,11,0,0.906117,0.838197,0.06792,0,0,0,0
54,2349,1,0.187255,0.187255,0.870243,0.802113,0.0681303,35.481,35.2085,8,8,0,1.04365,1.06312,0.019464,0,0,0,0
54,2349,2,1.14533,1.14533,0.9541,0.705563,0.248536,35.8164,34.8223,11,11,0,0.760693,0.753261,0.007432,0,0,0,0
54,2349,3,0.323647,0.323647,0.919146,0.804986,0.11416,35.6766,35.2199,11,11,0,0.838197,0.720317,0.11788,0,0,0,0
54.1,2350,1,0.228701,0.228701,0.908846,0.870243,0.0386027,35.6354,35.481,8,8,0,1.06312,0.941373,0.121744,0,0,0,0
54.1,2350,2,0.217371,0.217371,0.884158,0.9541,0.069942,35.5366,35.8164,11,11,0,0.753261,0.703533,0.049728,0,0,0,0
54.1,2350,3,0.116848,0.116848,0.256179,0.919146,0.662967,33.0247,35.6766,11,11,0,0.720317,0.813373,0.093056,0,0,0,0
54.2,2351,1,0.292694,0.292694,0.727723,0.908846,0.181123,34.9109,35.6354,8,8,0,0.941373,1.03436,0.092984,0,0,0,0
54.2,2351,2,1.05831,1.05831,0.8646,0.884158,0.0195578,35.4584,35.5366,11,11,0,0.703533,0.855573,0.15204,0,0,1,0
54.2,2351,3,0.482809,0.482809,0.899005,0.256179,0.642827,35.596,33.0247,11,11,0,0.813373,0.858957,0.045584,0,0,0,0
54.3,2352,1,0.356021,0.356021,0.554306,0.727723,0.173417,34.2172,34.9109,8,8,0,1.03436,0.904621,0.129736,0,0,0,0
54.3,2352,2,1.26264,1.26264,0.716185,0.8646,0.148415,34.8647,35.4584,11,11,0,0.855573,0.783933,0.07164,0,0,0,0
54.3,2352,3,0.694353,0.694353,0.92384,0.899005,0.0248348,35.6954,35.596,11,11,0,0.858957,0.682293,0.176664,0,0,0,0
54.4,2353,1,0.342499,0.342499,0.78895,0.554306,0.234645,35.1558,34.2172,8,8,0,0.904621,0.888181,0.01644,0,0,0,0
54.4,2353,2,0.0294114,0.0294114,0.542214,0.716185,0.173971,34.1689,34.8647,11,11,0,0.783933,0.829189,0.045256,0,0,0,0
54.4,2353,3,0.0533542,0.0533542,0.995141,0.92384,0.0713009,35.9806,35.6954,11,11,0,0.682293,0.771221,0.088928,0,0,0,0
54.5,2354,1,0.0206613,0.0206613,0.753199,0.78895,0.0357516,35.0128,35.1558,8,8,0,0.888181,0.987533,0.099352,0,0,0,0
54.5,2354,2,0.733658,0.733658,0.788211,0.542214,0.245997,35.1528,34.1689,11,11,0,0.829189,0.704581,0.124608,0,0,0,0
54.5,2354,3,0.0231866,0.0231866,0.673284,0.995141,0.321857,34.6931,35.9806,11,11,0,0.771221,1.01199,0.240768,0,0,0,0
54.6,2355,1,1.42304,1.42304,0.906742,0.753199,0.153544,35.627,35.0128,8,8,0,0.987533,1.01978,0.032248,0,0,0,0
54.6,2355,2,0.128308,0.128308,0.753606,0.788211,0.0346054,35.0144,35.1528,11,11,0,0.704581,0.729101,0.02452,0,0,0,0
54.6,2355,3,0.0212276,0.0212276,0.445132,0.673284,0.228152,33.7805,34.6931,11,11,0,1.01199,0.954109,0.05788,0,0,0,0
54.7,2356,1,0.965335,0.965335,0.994203,0.906742,0.0874609,35.9768,35.627,8,8,0,1.01978,1.05225,0.032464,0,0,0,0
54.7,2356,2,0.509394,0.509394,0.572566,0.753606,0.18104,34.2903,35.0144,11,11,0,0.729101,0.865325,0.136224,0,0,0,0
54.7,2356,3,0.0124913,0.0124913,0.871011,0.445132,0.425879,35.484,33.7805,11,11,0,0.954109,0.900925,0.053184,0,1,0,0
54.8,2357,1,0.464039,0.464039,0.994072,0.994203,0.000131428,35.9763,35.9768,8,8,0,1.05225,1.01968,0.032568,0,0,1,0
54.8,2357,2,1.18902,1.18902,0.934367,0.572566,0.361802,35.7375,34.2903,11,11,0,0.865325,0.733941,0.131384,0,0,0,0
54.8,2357,3,0.0153209,0.0153209,0.38082,0.871011,0.49019,33.5233,35.484,11,11,0,0.900925,0.661365,0.23956,0,1,0,0
54.9,2358,1,0.949338,0.949338,0.372859,0.994072,0.621212,33.4914,35.9763,8,8,0,1.01968,1.03146,0.011784,0,0,0,0
54.9,2358,2,0.0257201,0.0257201,0.930349,0.934367,0.00401872,35.7214,35.7375,11,11,0,0.733941,0.820837,0.086896,0,0,1,0
54.9,2358,3,0.140273,0.140273,0.965398,0.38082,0.584577,35.8616,33.5233,11,11,0,0.661365,0.776221,0.114856,0,0,0,0
55,2359,1,0.218655,0.218655,0.505488,0.372859,0.132628,34.022,33.4914,8,8,0,1.03146,0.836821,0.19464,0,0,0,0
55,2359,2,0.146822,0.146822,0.960378,0.930349,0.0300297,35.8415,35.7214,11,11,0,0.820837,0.883837,0.063,0,0,0,0
55,2359,3,0.210806,0.210806,0.903454,0.965398,0.0619438,35.6138,35.8616,11,11,0,0.776221,0.686709,0.089512,0,0,0,0
55.1,2360,1,0.223707,0.223707,0.87962,0.505488,0.374132,35.5185,34.022,8,8,0,0.836821,0.846261,0.00944,0,0,0,0
55.1,2360,2,0.730726,0.730726,0.965051,0.960378,0.00467294,35.8602,35.8415,11,11,0,0.883837,0.879405,0.004432,0,0,1,0
55.1,2360,3,0.345112,0.345112,0.892662,0.903454,0.0107925,35.5706,35.6138,11,11,0,0.686709,0.870453,0.183744,0,0,1,0
55.2,2361,1,0.436204,0.436204,0.968715,0.87962,0.089095,35.8749,35.5185,8,8,0,0.846261,0.925269,0.079008,0,0,0,0
55.2,2361,2,0.848002,0.848002,0.422897,0.965051,0.542154,33.6916,35.8602,11,11,0,0.879405,0.744717,0.134688,0,0,0,0
55.2,2361,3,0.126276,0.126276,0.983684,0.892662,0.091022,35.9347,35.5706,11,11,0,0.870453,0.806045,0.064408,0,0,0,0
55.3,2362,1,0.2939,0.2939,0.963476,0.968715,0.00523871,35.8539,35.8749,8,8,0,0.925269,1.02905,0.103784,0,0,1,0
55.3,2362,2,1.04677,1.04677,0.930775,0.422897,0.507878,35.7231,33.6916,11,11,0,0.744717,0.779261,0.034544,0,0,0,0
55.3,2362,3,0.0272207,0.0272207,0.873804,0.983684,0.109879,35.4952,35.9347,11,11,0,0.806045,0.813453,0.007408,0,0,0,0
55.4,2363,1,0.194669,0.194669,0.919602,0.963476,0.0438746,35.6784,35.8539,8,8,0,1.02905,0.946573,0.08248,0,0,0,0
55.4,2363,2,0.111854,0.111854,-0.0793,0.930775,1.01007,31.6828,35.7231,11,11,0,0.779261,0.698285,0.080976,0,0,0,0
55.4,2363,3,0.139446,0.139446,0.699529,0.873804,0.174275,34.7981,35.4952,11,11,0,0.813453,0.827005,0.013552,0,0,0,0
55.5,2364,1,0.0899425,0.0899425,0.630664,0.919602,0.288937,34.5227,35.6784,8,8,0,0.946573,1.15546,0.208888,0,0,0,0
55.5,2364,2,0.0445303,0.0445303,0.386742,-0.0793,0.466042,33.547,31.6828,11,11,0,0.698285,0.670349,0.027936,0,0,0,0
55.5,2364,3,0.300806,0.300806,0.86531,0.699529,0.165781,35.4612,34.7981,11,11,0,0.827005,0.818949,0.008056,0,0,0,0
55.6,2365,1,0.706503,0.706503,0.988092,0.630664,0.357427,35.9524,34.5227,8,8,0,1.15546,0.952365,0.203096,0,0,0,0
55.6,2365,2,0.0189425,0.0189425,-0.446155,0.386742,0.832897,30.2154,33.547,11,11,0,0.670349,0.581805,0.088544,0,1,0,0
55.6,2365,3,0.0586762,0.0586762,0.85345,0.86531,0.0118603,35.4138,35.4612,11,11,0,0.818949,0.786397,0.032552,0,0,1,0
55.7,2366,1,0.573858,0.573858,0.896554,0.988092,0.0915376,35.5862,35.9524,8,8,0,0.952365,1.09848,0.146112,0,0,0,0
55.7,2366,2,0.32979,0.32979,0.480609,-0.446155,0.926764,33.9224,30.2154,11,11,0,0.581805,0.601565,0.01976,0,0,0,0
55.7,2366,3,0.33293,0.33293,0.975209,0.85345,0.121759,35.9008,35.4138,11,11,0,0.786397,0.826597,0.0402,0,0,0,0
55.8,2367,1,0.190606,0.190606,0.978229,0.896554,0.0816748,35.9129,35.5862,8,8,0,1.09848,1.09146,0.007016,0,0,0,0
55.8,2367,2,0.347038,0.347038,0.0584718,0.480609,0.422137,32.2339,33.9224,11,11,0,0.601565,0.536605,0.06496,0,0,0,0
55.8,2367,3,0.0137245,0.0137245,0.13982,0.975209,0.835388,32.5593,35.9008,11,11,0,0.826597,0.852821,0.026224,0,1,0,0
55.9,2368,1,0.720579,0.720579,0.337919,0.978229,0.64031,33.3517,35.9129,8,8,0,1.09146,1.1799,0.08844,0,0,0,0
55.9,2368,2,0.159612,0.159612,0.954425,0.0584718,0.895954,35.8177,32.2339,11,11,0,0.536605,0.734861,0.198256,0,0,0,0
55.9,2368,3,0.0671279,0.0671279,0.954538,0.13982,0.814718,35.8182,32.5593,11,11,0,0.852821,0.813389,0.039432,0,0,0,0
56,2369,1,0.709059,0.709059,0.971163,0.337919,0.633244,35.8847,33.3517,8,8,0,1.1799,0.943973,0.235928,0,0,0,0
56,2369,2,0.0294481,0.0294481,0.728411,0.954425,0.226015,34.9136,35.8177,11,11,0,0.734861,0.781285,0.046424,0,0,0,0
56,2369,3,0.0135079,0.0135079,0.944918,0.954538,0.00961995,35.7797,35.8182,11,11,0,0.813389,0.695165,0.118224,0,1,1,0
56.1,2370,1,0.884722,0.884722,0.940587,0.971163,0.0305759,35.7623,35.8847,8,8,0,0.943973,0.880909,0.063064,0,0,0,0
56.1,2370,2,0.0754466,0.0754466,0.534157,0.728411,0.194253,34.1366,34.9136,11,11,0,0.781285,0.747677,0.033608,0,0,0,0
56.1,2370,3,0.0914004,0.0914004,0.995034,0.944918,0.0501162,35.9801,35.7797,11,10,-1,0.695165,0.987747,0.292581,0,0,0,0
56.2,2371,1,0.56891,0.56891,0.551082,0.940587,0.389505,34.2043,35.7623,8,8,0,0.880909,0.947861,0.066952,0,0,0,0
56.2,2371,2,0.474219,0.474219,0.106113,0.534157,0.428045,32.4245,34.1366,11,11,0,0.747677,0.770845,0.023168,0,0,0,0
56.2,2371,3,0.114712,0.114712,0.895447,0.995034,0.0995868,35.5818,35.9801,10,10,0,0.987747,0.886027,0.10172,0,0,0,0
56.3,2372,1,0.166151,0.166151,0.974395,0.551082,0.423313,35.8976,34.2043,8,8,0,0.947861,0.939853,0.008008,0,0,0,0
56.3,2372,2,0.645994,0.645994,-0.413249,0.106113,0.519361,30.347,32.4245,11,12,1,0.770845,0.6994,0.0714453,0,0,0,0
56.3,2372,3,1.28265,1.28265,0.20221,0.895447,0.693237,32.8088,35.5818,10,10,0,0.886027,0.805131,0.080896,0,0,0,0
56.4,2373,1,0.984063,0.984063,0.981922,0.974395,0.00752705,35.9277,35.8976,8,8,0,0.939853,1.21437,0.274512,0,0,1,0
56.4,2373,2,0.358412,0.358412,0.824452,-0.413249,1.2377,35.2978,30.347,12,12,0,0.6994,0.511464,0.187936,0,0,0,0
56.4,2373,3,0.53595,0.53595,0.903456,0.20221,0.701246,35.6138,32.8088,10,10,0,0.805131,1.01701,0.21188,0,0,0,0
56.5,2374,1,0.0325404,0.0325404,0.942763,0.981922,0.0391597,35.7711,35.9277,8,8,0,1.21437,0.988677,0.225688,0,0,0,0
56.5,2374,2,0.848054,0.848054,0.980331,0.824452,0.155879,35.9213,35.2978,12,12,0,0.511464,0.62024,0.108776,0,0,0,0
56.5,2374,3,0.505391,0.505391,0.95548,0.903456,0.0520241,35.8219,35.6138,10,10,0,1.01701,0.790043,0.226968,0,0,0,0
56.6,2375,1,0.405639,0.405639,0.946295,0.942763,0.00353217,35.7852,35.7711,8,8,0,0.988677,0.892629,0.096048,0,0,1,0
56.6,2375,2,0.034796,0.034796,0.893503,0.980331,0.0868272,35.574,35.9213,12,12,0,0.62024,0.765896,0.145656,0,0,0,0
56.6,2375,3,0.399283,0.399283,0.775955,0.95548,0.179525,35.1038,35.8219,10,10,0,0.790043,0.860619,0.070576,0,0,0,0
56.7,2376,1,0.751637,0.751637,0.756688,0.946295,0.189607,35.0268,35.7852,8,8,0,0.892629,0.949253,0.056624,0,0,0,0
56.7,2376,2,0.260943,0.260943,0.965924,0.893503,0.0724203,35.8637,35.574,12,12,0,0.765896,0.757496,0.0084,0,0,0,0
56.7,2376,3,0.672828,0.672828,0.762528,0.775955,0.0134268,35.0501,35.1038,10,10,0,0.860619,0.919315,0.058696,0,0,1,0
56.8,2377,1,0.255607,0.255607,0.820478,0.756688,0.0637895,35.2819,35.0268,8,8,0,0.949253,0.933533,0.01572,0,0,0,0
56.8,2377,2,0.440256,0.440256,0.767341,0.965924,0.198583,35.0694,35.8637,12,12,0,0.757496,0.767176,0.00968,0,0,0,0
56.8,2377,3,0.221727,0.221727,0.732431,0.762528,0.0300974,34.9297,35.0501,10,10,0,0.919315,0.939467,0.020152,0,0,0,0
56.9,2378,1,0.0813801,0.0813801,0.943913,0.820478,0.123436,35.7757,35.2819,8,8,0,0.933533,0.954261,0.020728,0,0,0,0
56.9,2378,2,0.490471,0.490471,0.632159,0.767341,0.135181,34.5286,35.0694,12,12,0,0.767176,0.718136,0.04904,0,0,0,0
56.9,2378,3,0.235932,0.235932,0.693925,0.732431,0.0385064,34.7757,34.9297,10,10,0,0.939467,0.989683,0.050216,0,0,0,0
57,2379,1,1.53661,1.53661,0.569796,0.943913,0.374117,34.2792,35.7757,8,8,0,0.954261,0.990213,0.035952,0,0,0,0
57,2379,2,0.378561,0.378561,0.967814,0.632159,0.335654,35.8713,34.5286,12,12,0,0.718136,0.834488,0.116352,0,0,0,0
57,2379,3,0.389383,0.389383,0.980134,0.693925,0.286209,35.9205,34.7757,10,10,0,0.989683,0.907723,0.08196,0,0,0,0
57.1,2380,1,0.734878,0.734878,0.602902,0.569796,0.0331066,34.4116,34.2792,8,8,0,0.990213,0.923245,0.066968,0,0,0,0
57.1,2380,2,0.106481,0.106481,0.769694,0.967814,0.19812,35.0788,35.8713,12,12,0,0.834488,0.739544,0.094944,0,0,0,0
57.1,2380,3,0.329789,0.329789,0.782788,0.980134,0.197346,35.1312,35.9205,10,10,0,0.907723,0.708003,0.19972,0,0,0,0
57.2,2381,1,0.854849,0.854849,0.544943,0.602902,0.0579599,34.1798,34.4116,8,8,0,0.923245,0.857389,0.065856,0,0,0,0
57.2,2381,2,0.204265,0.204265,0.862036,0.769694,0.0923417,35.4481,35.0788,12,12,0,0.739544,0.759888,0.020344,0,0,0,0
57.2,2381,3,0.0371425,0.0371425,0.17251,0.782788,0.610278,32.69,35.1312,10,10,0,0.708003,0.834899,0.126896,0,0,0,0
57.3,2382,1,0.732808,0.732808,0.867563,0.544943,0.32262,35.4703,34.1798,8,8,0,0.857389,0.894845,0.037456,0,0,0,0
57.3,2382,2,1.07553,1.07553,0.937599,0.862036,0.075563,35.7504,35.4481,12,12,0,0.759888,0.823072,0.063184,0,0,0,0
57.3,2382,3,0.254711,0.254711,0.970767,0.17251,0.798257,35.8831,32.69,10,10,0,0.834899,0.859963,0.025064,0,0,0,0
57.4,2383,1,0.613501,0.613501,0.724939,0.867563,0.142623,34.8998,35.4703,8,8,0,0.894845,0.948453,0.053608,0,0,0,0
57.4,2383,2,0.0974051,0.0974051,0.843353,0.937599,0.0942457,35.3734,35.7504,12,12,0,0.823072,0.87372,0.050648,0,0,0,0
57.4,2383,3,0.295268,0.295268,0.460128,0.970767,0.510639,33.8405,35.8831,10,10,0,0.859963,0.819883,0.04008,0,0,0,0
57.5,2384,1,0.382321,0.382321,0.78622,0.724939,0.0612805,35.1449,34.8998,8,8,0,0.948453,0.890069,0.058384,0,0,0,0
57.5,2384,2,0.576108,0.576108,0.924382,0.843353,0.0810295,35.6975,35.3734,12,12,0,0.87372,0.753168,0.120552,0,0,0,0
57.5,2384,3,0.437906,0.437906,0.770466,0.460128,0.310338,35.0819,33.8405,10,10,0,0.819883,0.899275,0.079392,0,0,0,0
57.6,2385,1,0.291895,0.291895,-0.104833,0.78622,0.891052,31.5807,35.1449,8,8,0,0.890069,0.915053,0.024984,0,0,0,0
57.6,2385,2,0.372044,0.372044,0.897731,0.924382,0.0266512,35.5909,35.6975,12,12,0,0.753168,0.878496,0.125328,0,0,0,0
57.6,2385,3,0.10659,0.10659,0.703872,0.770466,0.0665943,34.8155,35.0819,10,10,0,0.899275,0.818891,0.080384,0,0,0,0
57.7,2386,1,0.0547954,0.0547954,0.958678,-0.104833,1.06351,35.8347,31.5807,8,8,0,0.915053,0.754829,0.160224,0,0,0,0
57.7,2386,2,0.605466,0.605466,0.651771,0.897731,0.245961,34.6071,35.5909,12,12,0,0.878496,0.777208,0.101288,0,0,0,0
57.7,2386,3,0.0547728,0.0547728,0.538892,0.703872,0.16498,34.1556,34.8155,10,10,0,0.818891,0.717283,0.101608,0,0,0,0
57.8,2387,1,0.10919,0.10919,0.897552,0.958678,0.0611267,35.5902,35.8347,8,8,0,0.754829,0.878965,0.124136,0,0,0,0
57.8,2387,2,0.449284,0.449284,0.735927,0.651771,0.0841569,34.9437,34.6071,12,12,0,0.777208,0.848184,0.070976,0,0,0,0
57.8,2387,3,0.214951,0.214951,-0.0566883,0.538892,0.59558,31.7732,34.1556,10,10,0,0.717283,1.02025,0.302968,0,0,0,0
57.9,2388,1,0.22203,0.22203,0.954131,0.897552,0.056579,35.8165,35.5902,8,8,0,0.878965,1.09326,0.214296,0,0,0,0
57.9,2388,2,0.56604,0.56604,0.957642,0.735927,0.221715,35.8306,34.9437,12,12,0,0.848184,0.835312,0.012872,0,0,0,0
57.9,2388,3,0.230402,0.230402,0.717981,-0.0566883,0.77467,34.8719,31.7732,10,10,0,1.02025,0.796635,0.223616,0,0,0,0
58,2389,1,0.040847,0.040847,0.723439,0.954131,0.230692,34.8938,35.8165,8,8,0,1.09326,0.994773,0.098488,0,0,0,0
58,2389,2,0.342178,0.342178,0.723001,0.957642,0.234641,34.892,35.8306,12,12,0,0.835312,0.775776,0.059536,0,0,0,0
58,2389,3,0.18568,0.18568,0.779764,0.717981,0.0617824,35.1191,34.8719,10,10,0,0.796635,0.757299,0.039336,0,0,0,0
58.1,2390,1,0.106363,0.106363,0.95559,0.723439,0.232151,35.8224,34.8938,8,8,0,0.994773,0.929797,0.064976,0,0,0,0
58.1,2390,2,0.773604,0.773604,0.4163,0.723001,0.306701,33.6652,34.892,12,12,0,0.775776,0.818,0.042224,0,0,0,0
58.1,2390,3,0.579323,0.579323,0.911922,0.779764,0.132158,35.6477,35.1191,10,10,0,0.757299,0.718811,0.038488,0,0,0,0
58.2,2391,1,0.0434937,0.0434937,0.966127,0.95559,0.0105373,35.8645,35.8224,8,8,0,0.929797,0.928645,0.001152,0,0,1,0
58.2,2391,2,0.0603464,0.0603464,0.571733,0.4163,0.155433,34.2869,33.6652,12,12,0,0.818,0.714632,0.103368,0,0,0,0
58.2,2391,3,0.647909,0.647909,0.874508,0.911922,0.0374137,35.498,35.6477,10,10,0,0.718811,0.939211,0.2204,0,0,0,0
58.3,2392,1,0.470875,0.470875,0.809547,0.966127,0.156581,35.2382,35.8645,8,8,0,0.928645,0.970325,0.04168,0,0,0,0
58.3,2392,2,0.0642805,0.0642805,0.824643,0.571733,0.25291,35.2986,34.2869,12,12,0,0.714632,0.761736,0.047104,0,0,0,0
58.3,2392,3,0.10225,0.10225,0.589627,0.874508,0.284881,34.3585,35.498,10,10,0,0.939211,0.847747,0.091464,0,0,0,0
58.4,2393,1,0.282787,0.282787,0.822194,0.809547,0.0126469,35.2888,35.2382,8,8,0,0.970325,0.948221,0.022104,0,0,1,0
58.4,2393,2,0.0791091,0.0791091,0.435634,0.824643,0.389009,33.7425,35.2986,12,12,0,0.761736,0.608104,0.153632,0,0,0,0
58.4,2393,3,0.05985,0.05985,0.438028,0.589627,0.1516,33.7521,34.3585,10,10,0,0.847747,0.908227,0.06048,0,0,0,0
58.5,2394,1,0.930006,0.930006,0.922267,0.822194,0.100074,35.6891,35.2888,8,8,0,0.948221,1.07506,0.12684,0,0,0,0
58.5,2394,2,0.142214,0.142214,0.746617,0.435634,0.310983,34.9865,33.7425,12,12,0,0.608104,0.891416,0.283312,0,0,0,0
58.5,2394,3,0.156719,0.156719,0.72716,0.438028,0.289132,34.9086,33.7521,10,10,0,0.908227,0.917603,0.009376,0,0,0,0
58.6,2395,1,0.134216,0.134216,0.75275,0.922267,0.169517,35.011,35.6891,8,8,0,1.07506,1.00948,0.065584,0,0,0,0
58.6,2395,2,0.44455,0.44455,0.900414,0.746617,0.153797,35.6017,34.9865,12,12,0,0.891416,0.6864,0.205016,0,0,0,0
58.6,2395,3,0.010967,0.010967,0.5097,0.72716,0.21746,34.0388,34.9086,10,10,0,0.917603,0.877251,0.040352,0,1,0,0
58.7,2396,1,0.153704,0.153704,0.844444,0.75275,0.0916935,35.3778,35.011,8,8,0,1.00948,0.956077,0.0534,0,0,0,0
58.7,2396,2,0.649703,0.649703,-0.0106138,0.900414,0.911027,31.9575,35.6017,12,12,0,0.6864,0.709792,0.023392,0,0,0,0
58.7,2396,3,0.141227,0.141227,0.888846,0.5097,0.379146,35.5554,34.0388,10,10,0,0.877251,0.874283,0.002968,0,0,0,0
58.8,2397,1,1.47281,1.47281,0.70814,0.844444,0.136304,34.8326,35.3778,8,8,0,0.956077,1.10646,0.150384,0,0,0,0
58.8,2397,2,0.408006,0.408006,-0.129345,-0.0106138,0.118731,31.4826,31.9575,12,12,0,0.709792,0.713584,0.003792,0,0,0,0
58.8,2397,3,0.0926421,0.0926421,0.909917,0.888846,0.0210717,35.6397,35.5554,10,10,0,0.874283,0.671899,0.202384,0,0,0,0
58.9,2398,1,0.785748,0.785748,0.898919,0.70814,0.190779,35.5957,34.8326,8,8,0,1.10646,0.958437,0.148024,0,0,0,0
58.9,2398,2,0.769741,0.769741,0.853087,-0.129345,0.982432,35.4123,31.4826,12,12,0,0.713584,0.537464,0.17612,0,0,0,0
58.9,2398,3,0.0316209,0.0316209,0.774666,0.909917,0.135252,35.0987,35.6397,10,10,0,0.671899,0.857755,0.185856,0,0,0,0
59,2399,1,0.639707,0.639707,0.918806,0.898919,0.0198874,35.6752,35.5957,8,8,0,0.958437,0.945981,0.012456,0,0,1,0
59,2399,2,0.484549,0.484549,0.372947,0.853087,0.48014,33.4918,35.4123,12,12,0,0.537464,0.590816,0.053352,0,0,0,0
59,2399,3,0.297166,0.297166,0.616916,0.774666,0.15775,34.4677,35.0987,10,10,0,0.857755,0.918931,0.061176,0,0,0,0
59.1,2400,1,0.50773,0.50773,0.894173,0.918806,0.0246328,35.5767,35.6752,8,8,0,0.945981,0.991525,0.045544,0,0,0,0
59.1,2400,2,0.229396,0.229396,0.930543,0.372947,0.557597,35.7222,33.4918,12,12,0,0.590816,0.797512,0.206696,0,0,0,0
59.1,2400,3,0.122087,0.122087,0.899603,0.616916,0.282687,35.5984,34.4677,10,10,0,0.918931,1.03429,0.11536,0,0,0,0
59.2,2401,1,0.888908,0.888908,0.974487,0.894173,0.0803137,35.8979,35.5767,8,8,0,0.991525,0.963301,0.028224,0,0,0,0
59.2,2401,2,0.474994,0.474994,0.900626,0.930543,0.0299178,35.6025,35.7222,12,12,0,0.797512,0.622584,0.174928,0,0,0,0
59.2,2401,3,0.00769681,0.00769681,0.965537,0.899603,0.0659337,35.8621,35.5984,10,10,0,1.03429,0.850123,0.184168,0,1,0,0
59.3,2402,1,1.34282,1.34282,0.996616,0.974487,0.0221291,35.9865,35.8979,8,8,0,0.963301,0.877005,0.086296,0,0,0,0
59.3,2402,2,0.485355,0.485355,-0.045725,0.900626,0.946351,31.8171,35.6025,12,12,0,0.622584,0.740664,0.11808,0,0,0,0
59.3,2402,3,0.13174,0.13174,0.866833,0.965537,0.0987038,35.4673,35.8621,10,10,0,0.850123,0.923331,0.073208,0,0,0,0
59.4,2403,1,0.118533,0.118533,0.60174,0.996616,0.394876,34.407,35.9865,8,8,0,0.877005,1.02894,0.151936,0,0,0,0
59.4,2403,2,0.305419,0.305419,0.334231,-0.045725,0.379956,33.3369,31.8171,12,12,0,0.740664,0.667096,0.073568,0,0,0,0
59.4,2403,3,0.760186,0.760186,0.940582,0.866833,0.0737494,35.7623,35.4673,10,10,0,0.923331,0.747867,0.175464,0,0,0,0
59.5,2404,1,0.460463,0.460463,0.63,0.60174,0.0282599,34.52,34.407,8,8,0,1.02894,0.944957,0.083984,0,0,0,0
59.5,2404,2,0.116877,0.116877,0.909722,0.334231,0.575491,35.6389,33.3369,12,12,0,0.667096,0.616176,0.05092,0,0,0,0
59.5,2404,3,0.649369,0.649369,0.424844,0.940582,0.515739,33.6994,35.7623,10,10,0,0.747867,0.908075,0.160208,0,0,0,0
59.6,2405,1,0.301767,0.301767,-0.32903,0.63,0.95903,30.6839,34.52,8,8,0,0.944957,0.865397,0.07956,0,0,0,0
59.6,2405,2,1.52465,1.52465,0.0220186,0.909722,0.887703,32.0881,35.6389,12,12,0,0.616176,0.678344,0.062168,0,0,0,0
59.6,2405,3,0.0960045,0.0960045,0.683759,0.424844,0.258916,34.735,33.6994,10,10,0,0.908075,0.847451,0.060624,0,0,0,0
59.7,2406,1,0.64541,0.64541,0.969199,-0.32903,1.29823,35.8768,30.6839,8,8,0,0.865397,0.787645,0.077752,0,0,0,0
59.7,2406,2,1.58079,1.58079,0.589673,0.0220186,0.567654,34.3587,32.0881,12,12,0,0.678344,0.797688,0.119344,0,0,0,0
59.7,2406,3,0.032356,0.032356,0.98324,0.683759,0.29948,35.933,34.735,10,10,0,0.847451,0.811483,0.035968,0,0,0,0
59.8,2407,1,0.967237,0.967237,0.959003,0.969199,0.0101963,35.836,35.8768,8,8,0,0.787645,0.875221,0.087576,0,0,1,0
59.8,2407,2,0.0880273,0.0880273,0.668709,0.589673,0.0790364,34.6748,34.3587,12,12,0,0.797688,0.740848,0.05684,0,0,0,0
59.8,2407,3,0.179488,0.179488,0.848134,0.98324,0.135106,35.3925,35.933,10,10,0,0.811483,1.02295,0.211472,0,0,0,0
59.9,2408,1,0.675552,0.675552,0.569856,0.959003,0.389147,34.2794,35.836,8,8,0,0.875221,0.942053,0.066832,0,0,0,0
59.9,2408,2,0.0647082,0.0647082,0.746077,0.668709,0.0773681,34.9843,34.6748,12,12,0,0.740848,0.778736,0.037888,0,0,0,0
59.9,2408,3,0.388777,0.388777,0.920991,0.848134,0.0728567,35.684,35.3925,10,10,0,1.02295,0.902803,0.120152,0,0,0,0
60,2409,1,0.542207,0.542207,0.971171,0.569856,0.401315,35.8847,34.2794,8,8,0,0.942053,0.911933,0.03012,0,0,0,0
60,2409,2,0.0347648,0.0347648,0.407764,0.746077,0.338313,33.6311,34.9843,12,12,0,0.778736,0.661136,0.1176,0,0,0,0
60,2409,3,0.856591,0.856591,0.945369,0.920991,0.0243781,35.7815,35.684,10,10,0,0.902803,0.822283,0.08052,0,0,0,0
60.1,2410,1,0.790259,0.790259,0.871455,0.971171,0.0997164,35.4858,35.8847,8,11,3,0.911933,0.593965,0.317968,0,0,0,0
60.1,2410,2,0.0320809,0.0320809,0.915886,0.407764,0.508122,35.6635,33.6311,12,14,2,0.661136,0.646285,0.0148507,0,0,0,0
60.1,2410,3,0.473135,0.473135,0.888992,0.945369,0.0563762,35.556,35.7815,10,5,-5,0.822283,1.34121,0.518925,0,0,0,0
60.2,2411,1,0.616146,0.616146,0.596114,0.871455,0.27534,34.3845,35.4858,11,11,0,0.593965,0.817509,0.223544,0,0,0,0
60.2,2411,2,0.686814,0.686814,0.905853,0.915886,0.0100327,35.6234,35.6635,14,14,0,0.646285,0.425229,0.221056,0,0,1,0
60.2,2411,3,0.246435,0.246435,0.720685,0.888992,0.168308,34.8827,35.556,5,5,0,1.34121,1.4131,0.071896,0,0,0,0
60.3,2412,1,0.610708,0.610708,0.974986,0.596114,0.378871,35.8999,34.3845,11,11,0,0.817509,0.726445,0.091064,0,0,0,0
60.3,2412,2,0.813396,0.813396,-0.295707,0.905853,1.20156,30.8172,35.6234,14,14,0,0.425229,0.600269,0.17504,0,0,0,0
60.3,2412,3,0.276731,0.276731,0.936868,0.720685,0.216183,35.7475,34.8827,5,5,0,1.4131,1.34238,0.07072,0,0,0,0
60.4,2413,1,0.144914,0.144914,-0.0545003,0.974986,1.02949,31.782,35.8999,11,11,0,0.726445,0.765845,0.0394,0,0,0,0
60.4,2413,2,0.727067,0.727067,-0.396285,-0.295707,0.100578,30.4149,30.8172,14,14,0,0.600269,0.535821,0.064448,0,0,0,0
60.4,2413,3,0.405532,0.405532,0.677039,0.936868,0.259829,34.7082,35.7475,5,5,0,1.34238,1.47352,0.131136,0,0,0,0
60.5,2414,1,0.113124,0.113124,0.855768,-0.0545003,0.910268,35.4231,31.782,11,6,-5,0.765845,0.996888,0.231043,0,0,0,0
60.5,2414,2,0.0211819,0.0211819,0.805969,-0.396285,1.20225,35.2239,30.4149,14,14,0,0.535821,0.514485,0.021336,0,0,0,0
60.5,2414,3,0.790004,0.790004,0.777087,0.677039,0.100049,35.1083,34.7082,5,10,5,1.47352,0.710491,0.763029,0,0,0,0
60.6,2415,1,0.0459189,0.0459189,0.969428,0.855768,0.11366,35.8777,35.4231,6,6,0,0.996888,1.05914,0.062248,0,0,0,0
60.6,2415,2,0.363762,0.363762,0.726041,0.805969,0.079928,34.9042,35.2239,14,14,0,0.514485,0.406629,0.107856,0,0,0,0
60.6,2415,3,0.684769,0.684769,0.644025,0.777087,0.133062,34.5761,35.1083,10,10,0,0.710491,0.961955,0.251464,0,0,0,0
60.7,2416,1,0.259395,0.259395,0.936057,0.969428,0.0333714,35.7442,35.8777,6,10,4,1.05914,0.706803,0.352333,0,0,0,0
60.7,2416,2,0.0420243,0.0420243,-0.328599,0.726041,1.05464,30.6856,34.9042,14,14,0,0.406629,0.690813,0.284184,0,0,0,0
60.7,2416,3,1.39097,1.39097,0.963198,0.644025,0.319173,35.8528,34.5761,10,6,-4,0.961955,1.13729,0.175333,0,0,0,0
60.8,2417,1,0.385941,0.385941,0.959742,0.936057,0.0236849,35.839,35.7442,10,10,0,0.706803,0.970019,0.263216,0,0,0,0
60.8,2417,2,0.273985,0.273985,0.392037,-0.328599,0.720637,33.5681,30.6856,14,14,0,0.690813,0.565421,0.125392,0,0,0,0
60.8,2417,3,0.0735126,0.0735126,0.954699,0.963198,0.00849968,35.8188,35.8528,6,6,0,1.13729,1.36418,0.226888,0,0,1,0
60.9,2418,1,0.227227,0.227227,0.629115,0.959742,0.330626,34.5165,35.839,10,11,1,0.970019,0.693893,0.276125,0,0,0,0
60.9,2418,2,0.593581,0.593581,0.48722,0.392037,0.0951825,33.9489,33.5681,14,7,-7,0.565421,0.916259,0.350837,0,0,0,0
60.9,2418,3,1.23244,1.23244,0.739412,0.954699,0.215287,34.9576,35.8188,6,12,6,1.36418,0.55908,0.805096,0,0,0,0
61,2419,1,0.225217,0.225217,-0.0117982,0.629115,0.640914,31.9528,34.5165,11,11,0,0.693893,0.810181,0.116288,0,0,0,0
61,2419,2,1.25817,1.25817,0.943065,0.48722,0.455845,35.7723,33.9489,7,7,0,0.916259,1.08084,0.164584,0,0,0,0
61,2419,3,0.967326,0.967326,0.680496,0.739412,0.0589159,34.722,34.9576,12,12,0,0.55908,0.595464,0.036384,0,0,0,0
61.1,2420,1,0.197179,0.197179,0.952293,-0.0117982,0.964091,35.8092,31.9528,11,10,-1,0.810181,0.666283,0.143899,0,0,0,0
61.1,2420,2,0.913381,0.913381,0.842514,0.943065,0.100551,35.3701,35.7723,7,7,0,1.08084,1.08267,0.001832,0,0,0,0
61.1,2420,3,0.53947,0.53947,0.793619,0.680496,0.113123,35.1745,34.722,12,13,1,0.595464,0.627563,0.0320987,0,0,0,0
61.2,2421,1,0.268356,0.268356,0.768267,0.952293,0.184026,35.0731,35.8092,10,10,0,0.666283,0.747971,0.081688,0,0,0,0
61.2,2421,2,0.233146,0.233146,0.0839105,0.842514,0.758604,32.3356,35.3701,7,7,0,1.08267,1.03805,0.044624,0,0,0,0
61.2,2421,3,0.804048,0.804048,0.938521,0.793619,0.144901,35.7541,35.1745,13,13,0,0.627563,0.510355,0.117208,0,0,0,0
61.3,2422,1,0.0272078,0.0272078,0.995149,0.768267,0.226882,35.9806,35.0731,10,10,0,0.747971,0.660779,0.087192,0,0,0,0
61.3,2422,2,0.00213248,0.00213248,0.427891,0.0839105,0.343981,33.7116,32.3356,7,11,4,1.03805,0.493005,0.545045,0,1,0,0
61.3,2422,3,0.0588408,0.0588408,0.957831,0.938521,0.0193102,35.8313,35.7541,13,9,-4,0.510355,0.763784,0.253429,0,0,1,0
61.4,2423,1,0.552575,0.552575,0.967092,0.995149,0.0280566,35.8684,35.9806,10,10,0,0.660779,0.877347,0.216568,0,0,0,0
61.4,2423,2,0.991362,0.991362,0.49756,0.427891,0.0696686,33.9902,33.7116,11,11,0,0.493005,0.705173,0.212168,0,0,0,0
61.4,2423,3,0.491169,0.491169,0.932623,0.957831,0.0252078,35.7305,35.8313,9,9,0,0.763784,1.04685,0.283064,0,0,0,0
61.5,2424,1,0.268299,0.268299,0.828246,0.967092,0.138846,35.313,35.8684,10,10,0,0.877347,0.719091,0.158256,0,0,0,0
61.5,2424,2,0.00632446,0.00632446,0.0644662,0.49756,0.433094,32.2579,33.9902,11,9,-2,0.705173,0.85276,0.147587,0,1,0,0
61.5,2424,3,0.314803,0.314803,0.522777,0.932623,0.409846,34.0911,35.7305,9,11,2,1.04685,0.469069,0.577779,0,0,0,0
61.6,2425,1,0.0735953,0.0735953,0.861543,0.828246,0.0332969,35.4462,35.313,10,10,0,0.719091,0.929443,0.210352,0,0,0,0
61.6,2425,2,0.289832,0.289832,0.605108,0.0644662,0.540641,34.4204,32.2579,9,9,0,0.85276,0.847672,0.005088,0,0,0,0
61.6,2425,3,0.176434,0.176434,0.939577,0.522777,0.4168,35.7583,34.0911,11,11,0,0.469069,0.624045,0.154976,0,0,0,0
61.7,2426,1,0.545853,0.545853,0.975712,0.861543,0.11417,35.9028,35.4462,10,11,1,0.929443,0.707741,0.221701,0,0,0,0
61.7,2426,2,1.39985,1.39985,0.627484,0.605108,0.0223765,34.5099,34.4204,9,11,2,0.847672,0.494533,0.353139,0,0,0,0
61.7,2426,3,0.271778,0.271778,0.920196,0.939577,0.0193807,35.6808,35.7583,11,8,-3,0.624045,0.777165,0.15312,0,0,1,0
61.8,2427,1,0.706576,0.706576,0.660185,0.975712,0.315527,34.6407,35.9028,11,11,0,0.707741,0.796149,0.088408,0,0,0,0
61.8,2427,2,1.86967,1.86967,-0.3155,0.627484,0.942984,30.738,34.5099,11,11,0,0.494533,0.806677,0.312144,0,0,0,0
61.8,2427,3,0.298904,0.298904,0.982304,0.920196,0.0621076,35.9292,35.6808,8,8,0,0.777165,1.01242,0.235256,0,0,0,0
61.9,2428,1,0.0803466,0.0803466,0.926677,0.660185,0.266492,35.7067,34.6407,11,14,3,0.796149,0.493293,0.302856,0,0,0,0
61.9,2428,2,0.338122,0.338122,0.965189,-0.3155,1.28069,35.8608,30.738,11,5,-6,0.806677,0.908912,0.102235,0,0,0,0
61.9,2428,3,0.322047,0.322047,0.982164,0.982304,0.000139892,35.9287,35.9292,8,11,3,1.01242,0.725685,0.286736,0,0,1,0
62,2429,1,0.441697,0.441697,0.947555,0.926677,0.020878,35.7902,35.7067,14,14,0,0.493293,0.619781,0.126488,0,0,0,0
62,2429,2,1.54341,1.54341,0.814825,0.965189,0.150364,35.2593,35.8608,5,5,0,0.908912,1.17003,0.26112,0,0,0,0
62,2429,3,0.092704,0.092704,0.976486,0.982164,0.00567812,35.9059,35.9287,11,11,0,0.725685,0.795941,0.070256,0,0,1,0
62.1,2430,1,0.048282,0.048282,0.923378,0.947555,0.0241775,35.6935,35.7902,14,7,-7,0.619781,0.968715,0.348933,0,0,0,0
62.1,2430,2,0.106079,0.106079,0.666825,0.814825,0.148,34.6673,35.2593,5,12,7,1.17003,0.598024,0.572008,0,0,0,0
62.1,2430,3,0.196504,0.196504,0.366611,0.976486,0.609875,33.4664,35.9059,11,11,0,0.795941,0.511957,0.283984,0,0,0,0
62.2,2431,1,0.369854,0.369854,0.858247,0.923378,0.0651306,35.433,35.6935,7,7,0,0.968715,1.08836,0.119648,0,0,0,0
62.2,2431,2,0.0697267,0.0697267,0.801768,0.666825,0.134942,35.2071,34.6673,12,12,0,0.598024,0.783152,0.185128,0,0,0,0
62.2,2431,3,0.711496,0.711496,0.90578,0.366611,0.53917,35.6231,33.4664,11,11,0,0.511957,0.817685,0.305728,0,0,0,0
62.3,2432,1,0.273954,0.273954,0.896872,0.858247,0.0386247,35.5875,35.433,7,14,7,1.08836,0.436469,0.651893,0,0,0,0
62.3,2432,2,0.478519,0.478519,0.991023,0.801768,0.189256,35.9641,35.2071,12,8,-4,0.783152,0.964269,0.181117,0,0,0,0
62.3,2432,3,0.558193,0.558193,0.0423115,0.90578,0.863469,32.1692,35.6231,11,8,-3,0.817685,0.649797,0.167888,0,0,0,0
62.4,2433,1,0.395849,0.395849,0.950081,0.896872,0.0532092,35.8003,35.5875,14,14,0,0.436469,0.525357,0.088888,0,0,0,0
62.4,2433,2,0.0682236,0.0682236,0.540257,0.991023,0.450766,34.161,35.9641,8,8,0,0.964269,1.11566,0.151392,0,0,0,0
62.4,2433,3,0.252597,0.252597,0.991114,0.0423115,0.948803,35.9645,32.1692,8,8,0,0.649797,0.924037,0.27424,0,0,0,0
62.5,2434,1,0.590618,0.590618,0.818703,0.950081,0.131378,35.2748,35.8003,14,10,-4,0.525357,0.890731,0.365373,0,0,0,0
62.5,2434,2,0.960883,0.960883,0.947213,0.540257,0.406956,35.7889,34.161,8,12,4,1.11566,0.535624,0.580037,0,0,0,0
62.5,2434,3,0.426841,0.426841,0.968341,0.991114,0.0227729,35.8734,35.9645,8,8,0,0.924037,0.735461,0.188576,0,0,0,0
62.6,2435,1,0.0430694,0.0430694,-0.517831,0.818703,1.33653,29.9287,35.2748,10,10,0,0.890731,0.840123,0.050608,0,0,0,0
62.6,2435,2,0.838145,0.838145,-0.110445,0.947213,1.05766,31.5582,35.7889,12,12,0,0.535624,0.71324,0.177616,0,0,0,0
62.6,2435,3,0.126934,0.126934,0.82615,0.968341,0.142192,35.3046,35.8734,8,8,0,0.735461,0.959629,0.224168,0,0,0,0
62.7,2436,1,0.19136,0.19136,0.931681,-0.517831,1.44951,35.7267,29.9287,10,10,0,0.840123,0.650547,0.189576,0,0,0,0
62.7,2436,2,0.689579,0.689579,0.907627,-0.110445,1.01807,35.6305,31.5582,12,14,2,0.71324,0.612773,0.100467,0,0,0,0
62.7,2436,3,0.408366,0.408366,0.583311,0.82615,0.242838,34.3332,35.3046,8,6,-2,0.959629,1.38334,0.423715,0,0,0,0
62.8,2437,1,0.0777005,0.0777005,0.836281,0.931681,0.0953997,35.3451,35.7267,10,10,0,0.650547,0.513891,0.136656,0,0,0,0
62.8,2437,2,0.163132,0.163132,0.603613,0.907627,0.304013,34.4145,35.6305,14,14,0,0.612773,0.399869,0.212904,0,0,0,0
62.8,2437,3,0.517495,0.517495,0.979746,0.583311,0.396435,35.919,34.3332,6,6,0,1.38334,1.32398,0.059368,0,0,0,0
62.9,2438,1,0.0145805,0.0145805,0.889137,0.836281,0.0528555,35.5565,35.3451,10,9,-1,0.513891,0.92088,0.406989,0,1,0,0
62.9,2438,2,0.484414,0.484414,0.240977,0.603613,0.362636,32.9639,34.4145,14,7,-7,0.399869,1.10163,0.701765,0,0,0,0
62.9,2438,3,0.902007,0.902007,0.356659,0.979746,0.623086,33.4266,35.919,6,14,8,1.32398,0.397981,0.925995,0,0,0,0
63,2439,1,0.800434,0.800434,0.80926,0.889137,0.0798773,35.237,35.5565,9,9,0,0.92088,0.95332,0.03244,0,0,0,0
63,2439,2,0.498262,0.498262,0.724296,0.240977,0.483319,34.8972,32.9639,7,7,0,1.10163,1.0166,0.085032,0,0,0,0
63,2439,3,0.437366,0.437366,0.817727,0.356659,0.461068,35.2709,33.4266,14,14,0,0.397981,0.483957,0.085976,0,0,0,0
63.1,2440,1,0.748631,0.748631,0.570054,0.80926,0.239206,34.2802,35.237,9,11,2,0.95332,0.650829,0.302491,0,0,0,0
63.1,2440,2,0.870394,0.870394,0.980187,0.724296,0.255892,35.9207,34.8972,7,13,6,1.0166,0.340227,0.676376,0,0,0,0
63.1,2440,3,0.0989748,0.0989748,0.650846,0.817727,0.166881,34.6034,35.2709,14,6,-8,0.483957,0.921368,0.437411,0,0,0,0
63.2,2441,1,0.103395,0.103395,0.662237,0.570054,0.092183,34.6489,34.2802,11,11,0,0.650829,0.717509,0.06668,0,0,0,0
63.2,2441,2,0.126572,0.126572,0.246267,0.980187,0.73392,32.9851,35.9207,13,13,0,0.340227,0.586355,0.246128,0,0,0,0
63.2,2441,3,0.550798,0.550798,0.909674,0.650846,0.258828,35.6387,34.6034,6,6,0,0.921368,1.23003,0.308664,0,0,0,0
63.3,2442,1,0.170036,0.170036,0.993976,0.662237,0.33174,35.9759,34.6489,11,9,-2,0.717509,0.715616,0.00189333,0,0,0,0
63.3,2442,2,0.372907,0.372907,0.424036,0.246267,0.177769,33.6961,32.9851,13,8,-5,0.586355,0.927165,0.340811,0,0,0,0
63.3,2442,3,0.78565,0.78565,0.345434,0.909674,0.56424,33.3817,35.6387,6,13,7,1.23003,0.365771,0.864261,0,0,0,0
63.4,2443,1,0.64965,0.64965,0.423361,0.993976,0.570615,33.6934,35.9759,9,9,0,0.715616,1.00625,0.290632,0,0,0,0
63.4,2443,2,0.188654,0.188654,0.961975,0.424036,0.537938,35.8479,33.6961,8,8,0,0.927165,1.03068,0.103512,0,0,0,0
63.4,2443,3,0.650479,0.650479,0.219802,0.345434,0.125632,32.8792,33.3817,13,13,0,0.365771,0.669723,0.303952,0,0,0,0
63.5,2444,1,0.45231,0.45231,0.516561,0.423361,0.0932,34.0662,33.6934,9,10,1,1.00625,0.597851,0.408397,0,0,0,0
63.5,2444,2,0.0174503,0.0174503,0.607928,0.961975,0.354047,34.4317,35.8479,8,12,4,1.03068,0.6152,0.415477,0,1,0,0
63.5,2444,3,1.28016,1.28016,0.661539,0.219802,0.441737,34.6462,32.8792,13,8,-5,0.669723,0.819509,0.149787,0,0,0,0
63.6,2445,1,0.220222,0.220222,0.151227,0.516561,0.365335,32.6049,34.0662,10,10,0,0.597851,0.823851,0.226,0,0,0,0
63.6,2445,2,0.0574613,0.0574613,0.435942,0.607928,0.171986,33.7438,34.4317,12,12,0,0.6152,0.878368,0.263168,0,0,0,0
63.6,2445,3,0.141318,0.141318,0.979605,0.661539,0.318066,35.9184,34.6462,8,8,0,0.819509,0.825813,0.006304,0,0,0,0
63.7,2446,1,0.197531,0.197531,0.768002,0.151227,0.616776,35.072,32.6049,10,11,1,0.823851,0.574045,0.249805,0,0,0,0
63.7,2446,2,0.0524724,0.0524724,0.320048,0.435942,0.115894,33.2802,33.7438,12,9,-3,0.878368,0.868768,0.0096,0,0,0,0
63.7,2446,3,0.159535,0.159535,0.733339,0.979605,0.246266,34.9334,35.9184,8,10,2,0.825813,0.614603,0.211211,0,0,0,0
63.8,2447,1,0.338091,0.338091,0.842046,0.768002,0.0740442,35.3682,35.072,11,11,0,0.574045,0.594661,0.020616,0,0,0,0
63.8,2447,2,0.82639,0.82639,0.91506,0.320048,0.595012,35.6602,33.2802,9,9,0,0.868768,0.984768,0.116,0,0,0,0
63.8,2447,3,0.14732,0.14732,0.952905,0.733339,0.219566,35.8116,34.9334,10,10,0,0.614603,0.680803,0.0662,0,0,0,0
63.9,2448,1,0.554013,0.554013,0.790826,0.842046,0.0512199,35.1633,35.3682,11,10,-1,0.594661,0.735651,0.140989,0,0,0,0
63.9,2448,2,0.342663,0.342663,0.915436,0.91506,0.000375926,35.6617,35.6602,9,12,3,0.984768,0.469776,0.514992,0,0,1,0
63.9,2448,3,0.331468,0.331468,0.86983,0.952905,0.0830752,35.4793,35.8116,10,8,-2,0.680803,0.694557,0.0137547,0,0,0,0
64,2449,1,1.05032,1.05032,0.916523,0.790826,0.125696,35.6661,35.1633,10,10,0,0.735651,0.849635,0.113984,0,0,0,0
64,2449,2,0.52689,0.52689,0.937678,0.915436,0.0222424,35.7507,35.6617,12,12,0,0.469776,0.811672,0.341896,0,0,0,0
64,2449,3,0.331994,0.331994,0.947171,0.86983,0.0773411,35.7887,35.4793,8,8,0,0.694557,0.935821,0.241264,0,0,0,0
64.1,2450,1,0.575212,0.575212,0.992491,0.916523,0.0759684,35.97,35.6661,10,12,2,0.849635,0.632816,0.216819,0,0,0,0
64.1,2450,2,0.938097,0.938097,0.646761,0.937678,0.290918,34.587,35.7507,12,10,-2,0.811672,0.923019,0.111347,0,0,0,0
64.1,2450,3,0.091156,0.091156,0.83791,0.947171,0.109261,35.3516,35.7887,8,8,0,0.935821,0.808781,0.12704,0,0,0,0
64.2,2451,1,0.181496,0.181496,0.942499,0.992491,0.0499918,35.77,35.97,12,12,0,0.632816,0.693776,0.06096,0,0,0,0
64.2,2451,2,0.722809,0.722809,0.607189,0.646761,0.039572,34.4288,34.587,10,10,0,0.923019,0.896091,0.026928,0,0,0,0
64.2,2451,3,0.0667467,0.0667467,0.874605,0.83791,0.0366944,35.4984,35.3516,8,8,0,0.808781,0.921237,0.112456,0,0,0,0
64.3,2452,1,0.482337,0.482337,0.830598,0.942499,0.111901,35.3224,35.77,12,10,-2,0.693776,0.798915,0.105139,0,0,0,0
64.3,2452,2,0.0806888,0.0806888,0.864856,0.607189,0.257667,35.4594,34.4288,10,12,2,0.896091,0.740208,0.155883,0,0,0,0
64.3,2452,3,0.185845,0.185845,0.852858,0.874605,0.0217468,35.4114,35.4984,8,8,0,0.921237,0.651957,0.26928,0,0,0,0
64.4,2453,1,0.829343,0.829343,0.989757,0.830598,0.159159,35.959,35.3224,10,10,0,0.798915,0.863363,0.064448,0,0,0,0
64.4,2453,2,0.224111,0.224111,0.875503,0.864856,0.0106477,35.502,35.4594,12,12,0,0.740208,0.761792,0.021584,0,0,1,0
64.4,2453,3,0.139273,0.139273,0.527028,0.852858,0.32583,34.1081,35.4114,8,8,0,0.651957,0.786813,0.134856,0,0,0,0
64.5,2454,1,0.708413,0.708413,0.891154,0.989757,0.0986035,35.5646,35.959,10,13,3,0.863363,0.449011,0.414352,0,0,0,0
64.5,2454,2,0.0483174,0.0483174,0.957853,0.875503,0.0823493,35.8314,35.502,12,7,-5,0.761792,1.13306,0.371267,0,0,0,0
64.5,2454,3,0.102454,0.102454,0.985121,0.527028,0.458093,35.9405,34.1081,8,10,2,0.786813,0.565915,0.220899,0,0,0,0
64.6,2455,1,0.132374,0.132374,0.980882,0.891154,0.0897281,35.9235,35.5646,13,13,0,0.449011,0.671131,0.22212,0,0,0,0
64.6,2455,2,0.100249,0.100249,0.760284,0.957853,0.197569,35.0411,35.8314,7,7,0,1.13306,1.15531,0.022248,0,0,0,0
64.6,2455,3,0.100331,0.100331,0.733484,0.985121,0.251638,34.9339,35.9405,10,10,0,0.565915,0.626995,0.06108,0,0,0,0
64.7,2456,1,0.651108,0.651108,0.807579,0.980882,0.173303,35.2303,35.9235,13,12,-1,0.671131,0.612848,0.0582827,0,0,0,0
64.7,2456,2,1.04177,1.04177,0.692187,0.760284,0.0680972,34.7687,35.0411,7,12,5,1.15531,0.566216,0.589091,0,0,0,0
64.7,2456,3,0.286891,0.286891,0.892694,0.733484,0.15921,35.5708,34.9339,10,6,-4,0.626995,0.96656,0.339565,0,0,0,0
64.8,2457,1,0.272079,0.272079,0.988104,0.807579,0.180525,35.9524,35.2303,12,12,0,0.612848,0.704712,0.091864,0,0,0,0
64.8,2457,2,1.08824,1.08824,0.257214,0.692187,0.434973,33.0289,34.7687,12,12,0,0.566216,0.792656,0.22644,0,0,0,0
64.8,2457,3,0.282369,0.282369,0.902063,0.892694,0.00936955,35.6083,35.5708,6,6,0,0.96656,1.05143,0.084872,0,0,1,0
64.9,2458,1,0.50734,0.50734,0.633648,0.988104,0.354456,34.5346,35.9524,12,7,-5,0.704712,0.949939,0.245227,0,0,0,0
64.9,2458,2,1.06556,1.06556,0.131915,0.257214,0.125299,32.5277,33.0289,12,13,1,0.792656,0.659331,0.133325,0,0,0,0
64.9,2458,3,0.413589,0.413589,0.42513,0.902063,0.476933,33.7005,35.6083,6,10,4,1.05143,0.656883,0.394549,0,0,0,0
65,2459,1,0.587188,0.587188,0.787431,0.633648,0.153783,35.1497,34.5346,7,7,0,0.949939,0.996755,0.046816,0,0,0,0
65,2459,2,1.04508,1.04508,-0.210823,0.131915,0.342738,31.1567,32.5277,13,13,0,0.659331,0.672691,0.01336,0,0,0,0
65,2459,3,0.440527,0.440527,0.813129,0.42513,0.387999,35.2525,33.7005,10,10,0,0.656883,0.825091,0.168208,0,0,0,0
65.1,2460,1,0.0589566,0.0589566,0.0983777,0.787431,0.689053,32.3935,35.1497,7,11,4,0.996755,0.734021,0.262733,0,0,0,0
65.1,2460,2,1.59683,1.59683,-0.503529,-0.210823,0.292706,29.9859,31.1567,13,11,-2,0.672691,0.656013,0.0166773,0,0,0,0
65.1,2460,3,0.574518,0.574518,0.918588,0.813129,0.105459,35.6744,35.2525,10,8,-2,0.825091,0.854453,0.0293627,0,0,0,0
65.2,2461,1,0.000248969,0.000248969,0.938105,0.0983777,0.839728,35.7524,32.3935,11,11,0,0.734021,0.771901,0.03788,0,1,0,0
65.2,2461,2,0.312662,0.312662,0.930441,-0.503529,1.43397,35.7218,29.9859,11,11,0,0.656013,0.593429,0.062584,0,0,0,0
65.2,2461,3,0.560058,0.560058,0.924518,0.918588,0.00593001,35.6981,35.6744,8,8,0,0.854453,1.3151,0.460648,0,0,1,0
65.3,2462,1,0.0501959,0.0501959,0.527962,0.938105,0.410144,34.1118,35.7524,11,9,-2,0.771901,0.770336,0.00156533,0,0,0,0
65.3,2462,2,1.15513,1.15513,0.811823,0.930441,0.118618,35.2473,35.7218,11,11,0,0.593429,0.608397,0.014968,0,0,0,0
65.3,2462,3,0.0417027,0.0417027,0.14654,0.924518,0.777978,32.5862,35.6981,8,10,2,1.3151,0.658195,0.656907,0,0,0,0
65.4,2463,1,0.0146687,0.0146687,0.913714,0.527962,0.385752,35.6549,34.1118,9,9,0,0.770336,0.873808,0.103472,0,1,0,0
65.4,2463,2,0.870008,0.870008,-0.253232,0.811823,1.06505,30.9871,35.2473,11,11,0,0.608397,0.960853,0.352456,0,0,0,0
65.4,2463,3,0.129808,0.129808,0.718066,0.14654,0.571525,34.8723,32.5862,10,10,0,0.658195,0.704659,0.046464,0,0,0,0
65.5,2464,1,0.0244629,0.0244629,0.947502,0.913714,0.0337878,35.79,35.6549,9,11,2,0.873808,0.604613,0.269195,0,0,0,0
65.5,2464,2,0.430122,0.430122,0.722582,-0.253232,0.975814,34.8903,30.9871,11,10,-1,0.960853,0.800091,0.160763,0,0,0,0
65.5,2464,3,0.239606,0.239606,0.873088,0.718066,0.155022,35.4924,34.8723,10,9,-1,0.704659,0.537328,0.167331,0,0,0,0
65.6,2465,1,0.451326,0.451326,0.582187,0.947502,0.365315,34.3287,35.79,11,11,0,0.604613,0.850693,0.24608,0,0,0,0
65.6,2465,2,0.305472,0.305472,0.305382,0.722582,0.4172,33.2215,34.8903,10,10,0,0.800091,0.878179,0.078088,0,0,0,0
65.6,2465,3,1.18997,1.18997,-0.120935,0.873088,0.994023,31.5163,35.4924,9,9,0,0.537328,0.764928,0.2276,0,0,0,0
65.7,2466,1,0.489354,0.489354,0.94441,0.582187,0.362224,35.7776,34.3287,11,10,-1,0.850693,0.742475,0.108219,0,0,0,0
65.7,2466,2,0.444792,0.444792,0.846506,0.305382,0.541123,35.386,33.2215,10,11,1,0.878179,0.620525,0.257653,0,0,0,0
65.7,2466,3,1.16778,1.16778,0.817857,-0.120935,0.938792,35.2714,31.5163,9,9,0,0.764928,0.626864,0.138064,0,0,0,0
65.8,2467,1,0.0447142,0.0447142,0.795911,0.94441,0.148499,35.1836,35.7776,10,10,0,0.742475,0.852691,0.110216,0,0,0,0
65.8,2467,2,0.694865,0.694865,0.691072,0.846506,0.155434,34.7643,35.386,11,11,0,0.620525,0.898845,0.27832,0,0,0,0
65.8,2467,3,0.461347,0.461347,0.652125,0.817857,0.165732,34.6085,35.2714,9,9,0,0.626864,0.66288,0.036016,0,0,0,0
65.9,2468,1,0.736001,0.736001,-0.17401,0.795911,0.969921,31.304,35.1836,10,12,2,0.852691,0.542408,0.310283,0,0,0,0
65.9,2468,2,0.336014,0.336014,0.972616,0.691072,0.281544,35.8905,34.7643,11,12,1,0.898845,0.852824,0.0460213,0,0,0,0
65.9,2468,3,0.019575,0.019575,0.934058,0.652125,0.281933,35.7362,34.6085,9,6,-3,0.66288,0.841368,0.178488,0,1,0,0
66,2469,1,0.373593,0.373593,0.882039,-0.17401,1.05605,35.5282,31.304,12,12,0,0.542408,0.643152,0.100744,0,0,0,0
66,2469,2,0.178267,0.178267,0.880402,0.972616,0.0922144,35.5216,35.8905,12,12,0,0.852824,0.690336,0.162488,0,0,0,0
66,2469,3,0.102449,0.102449,0.329417,0.934058,0.604641,33.3177,35.7362,6,6,0,0.841368,1.11113,0.26976,0,0,0,0
66.1,2470,1,0.969365,0.969365,0.406364,0.882039,0.475675,33.6255,35.5282,12,10,-2,0.643152,0.523323,0.119829,0,0,0,0
66.1,2470,2,0.0799568,0.0799568,0.50212,0.880402,0.378281,34.0085,35.5216,12,10,-2,0.690336,0.910939,0.220603,0,0,0,0
66.1,2470,3,0.129341,0.129341,0.869531,0.329417,0.540114,35.4781,33.3177,6,10,4,1.11113,0.628283,0.482845,0,0,0,0
66.2,2471,1,0.00780773,0.00780773,0.88576,0.406364,0.479397,35.543,33.6255,10,10,0,0.523323,0.795419,0.272096,0,1,0,0
66.2,2471,2,0.120814,0.120814,0.727877,0.50212,0.225757,34.9115,34.0085,10,10,0,0.910939,0.968667,0.057728,0,0,0,0
66.2,2471,3,0.395182,0.395182,0.922801,0.869531,0.0532703,35.6912,35.4781,10,10,0,0.628283,0.696043,0.06776,0,0,0,0
66.3,2472,1,0.0980875,0.0980875,0.728025,0.88576,0.157736,34.9121,35.543,10,9,-1,0.795419,0.80176,0.00634133,0,0,0,0
66.3,2472,2,1.12292,1.12292,0.671513,0.727877,0.0563641,34.6861,34.9115,10,10,0,0.968667,0.871331,0.097336,0,0,0,0
66.3,2472,3,0.192097,0.192097,0.464913,0.922801,0.457888,33.8597,35.6912,10,11,1,0.696043,0.600453,0.0955893,0,0,0,0
66.4,2473,1,0.139174,0.139174,0.899793,0.728025,0.171768,35.5992,34.9121,9,9,0,0.80176,0.811264,0.009504,0,0,0,0
66.4,2473,2,0.12588,0.12588,0.770337,0.671513,0.098824,35.0813,34.6861,10,10,0,0.871331,0.986107,0.114776,0,0,0,0
66.4,2473,3,0.492507,0.492507,0.950732,0.464913,0.48582,35.8029,33.8597,11,11,0,0.600453,0.796797,0.196344,0,0,0,0
66.5,2474,1,0.284604,0.284604,0.744278,0.899793,0.155515,34.9771,35.5992,9,11,2,0.811264,0.627493,0.183771,0,0,0,0
66.5,2474,2,0.150581,0.150581,0.509477,0.770337,0.260859,34.0379,35.0813,10,12,2,0.986107,0.623848,0.362259,0,0,0,0
66.5,2474,3,0.451683,0.451683,0.915794,0.950732,0.0349387,35.6632,35.8029,11,7,-4,0.796797,0.690491,0.106307,0,0,0,0
66.6,2475,1,0.472754,0.472754,0.942969,0.744278,0.198691,35.7719,34.9771,11,11,0,0.627493,0.803293,0.1758,0,0,0,0
66.6,2475,2,1.00611,1.00611,0.871305,0.509477,0.361828,35.4852,34.0379,12,12,0,0.623848,0.812128,0.18828,0,0,0,0
66.6,2475,3,0.378912,0.378912,0.266787,0.915794,0.649006,33.0671,35.6632,7,7,0,0.690491,0.933635,0.243144,0,0,0,0
66.7,2476,1,0.229283,0.229283,0.948315,0.942969,0.005346,35.7933,35.7719,11,8,-3,0.803293,0.815973,0.01268,0,0,1,0
66.7,2476,2,0.106989,0.106989,0.94543,0.871305,0.0741253,35.7817,35.4852,12,13,1,0.812128,0.619723,0.192405,0,0,0,0
66.7,2476,3,0.543892,0.543892,0.79315,0.266787,0.526363,35.1726,33.0671,7,9,2,0.933635,0.73924,0.194395,0,0,0,0
66.8,2477,1,0.300415,0.300415,-0.76381,0.948315,1.71213,28.9448,35.7933,8,8,0,0.815973,0.891989,0.076016,0,0,0,0
66.8,2477,2,0.00728965,0.00728965,0.310051,0.94543,0.635379,33.2402,35.7817,13,13,0,0.619723,0.790787,0.171064,0,1,0,0
66.8,2477,3,0.758802,0.758802,0.856259,0.79315,0.0631089,35.425,35.1726,9,9,0,0.73924,0.803344,0.064104,0,0,0,0
66.9,2478,1,0.0111545,0.0111545,0.746346,-0.76381,1.51016,34.9854,28.9448,8,12,4,0.891989,0.421416,0.470573,0,1,0,0
66.9,2478,2,0.579252,0.579252,0.914108,0.310051,0.604057,35.6564,33.2402,13,8,-5,0.790787,0.976077,0.185291,0,0,0,0
66.9,2478,3,0.751284,0.751284,0.660477,0.856259,0.195782,34.6419,35.425,9,11,2,0.803344,0.629325,0.174019,0,0,0,0
67,2479,1,0.498646,0.498646,0.969107,0.746346,0.222762,35.8764,34.9854,12,12,0,0.421416,0.321112,0.100304,0,0,0,0
67,2479,2,0.439273,0.439273,0.790466,0.914108,0.123642,35.1619,35.6564,8,8,0,0.976077,1.10113,0.125048,0,0,0,0
67,2479,3,0.780728,0.780728,0.60019,0.660477,0.0602875,34.4008,34.6419,11,10,-1,0.629325,0.803787,0.174461,0,0,0,0
67.1,2480,1,0.37142,0.37142,0.949275,0.969107,0.0198326,35.7971,35.8764,12,5,-7,0.321112,0.93652,0.615408,0,0,1,0
67.1,2480,2,0.0304045,0.0304045,0.667669,0.790466,0.122797,34.6707,35.1619,8,15,7,1.10113,0.463536,0.637589,0,0,0,0
67.1,2480,3,0.838281,0.838281,0.608268,0.60019,0.0080781,34.4331,34.4008,10,10,0,0.803787,0.685691,0.118096,0,0,1,0
67.2,2481,1,0.235036,0.235036,0.898185,0.949275,0.0510893,35.5927,35.7971,5,5,0,0.93652,0.981152,0.044632,0,0,0,0
67.2,2481,2,0.158534,0.158534,0.389332,0.667669,0.278337,33.5573,34.6707,15,15,0,0.463536,0.72696,0.263424,0,0,0,0
67.2,2481,3,0.225055,0.225055,0.916892,0.608268,0.308624,35.6676,34.4331,10,10,0,0.685691,0.820211,0.13452,0,0,0,0
67.3,2482,1,0.329471,0.329471,0.775051,0.898185,0.123134,35.1002,35.5927,5,12,7,0.981152,0.55344,0.427712,0,0,0,0
67.3,2482,2,0.873645,0.873645,0.886598,0.389332,0.497266,35.5464,33.5573,15,8,-7,0.72696,0.941789,0.214829,0,0,0,0
67.3,2482,3,0.0696968,0.0696968,0.93443,0.916892,0.0175385,35.7377,35.6676,10,10,0,0.820211,0.450867,0.369344,0,0,1,0
67.4,2483,1,0.507214,0.507214,0.847828,0.775051,0.0727767,35.3913,35.1002,12,12,0,0.55344,0.68228,0.12884,0,0,0,0
67.4,2483,2,0.337618,0.337618,0.771738,0.886598,0.11486,35.087,35.5464,8,8,0,0.941789,1.04349,0.101696,0,0,0,0
67.4,2483,3,0.1082,0.1082,0.992035,0.93443,0.0576051,35.9681,35.7377,10,10,0,0.450867,0.659139,0.208272,0,0,0,0
67.5,2484,1,0.830384,0.830384,0.772929,0.847828,0.0748988,35.0917,35.3913,12,11,-1,0.68228,0.669589,0.0126907,0,0,0,0
67.5,2484,2,1.18217,1.18217,0.769183,0.771738,0.00255573,35.0767,35.087,8,11,3,1.04349,0.667149,0.376336,0,0,1,0
67.5,2484,3,0.0692819,0.0692819,0.956346,0.992035,0.0356889,35.8254,35.9681,10,8,-2,0.659139,0.690245,0.0311067,0,0,0,0
67.6,2485,1,0.260162,0.260162,0.921144,0.772929,0.148215,35.6846,35.0917,11,11,0,0.669589,0.787301,0.117712,0,0,0,0
67.6,2485,2,0.129886,0.129886,0.71173,0.769183,0.0574529,34.8469,35.0767,11,11,0,0.667149,0.896861,0.229712,0,0,0,0
67.6,2485,3,0.19047,0.19047,0.804574,0.956346,0.151772,35.2183,35.8254,8,8,0,0.690245,0.892813,0.202568,0,0,0,0
67.7,2486,1,0.135035,0.135035,0.776406,0.921144,0.144739,35.1056,35.6846,11,11,0,0.787301,0.633237,0.154064,0,0,0,0
67.7,2486,2,0.398311,0.398311,0.868359,0.71173,0.156629,35.4734,34.8469,11,8,-3,0.896861,1.05229,0.155424,0,0,0,0
67.7,2486,3,0.00254834,0.00254834,0.947113,0.804574,0.142539,35.7885,35.2183,8,11,3,0.892813,0.426317,0.466496,0,1,0,0
67.8,2487,1,0.17751,0.17751,0.875687,0.776406,0.0992813,35.5027,35.1056,11,11,0,0.633237,0.817429,0.184192,0,0,0,0
67.8,2487,2,0.565618,0.565618,0.630574,0.868359,0.237784,34.5223,35.4734,8,8,0,1.05229,1.02318,0.029104,0,0,0,0
67.8,2487,3,0.0616931,0.0616931,0.616232,0.947113,0.330881,34.4649,35.7885,11,11,0,0.426317,0.580429,0.154112,0,0,0,0
67.9,2488,1,0.110749,0.110749,0.961208,0.875687,0.0855215,35.8448,35.5027,11,8,-3,0.817429,0.844589,0.02716,0,0,0,0
67.9,2488,2,0.0608931,0.0608931,0.966149,0.630574,0.335575,35.8646,34.5223,8,13,5,1.02318,0.564931,0.458251,0,0,0,0
67.9,2488,3,0.136173,0.136173,0.969865,0.616232,0.353633,35.8795,34.4649,11,9,-2,0.580429,0.636544,0.0561147,0,0,0,0
68,2489,1,1.64825,1.64825,0.777962,0.961208,0.183247,35.1118,35.8448,8,8,0,0.844589,0.872765,0.028176,0,0,0,0
68,2489,2,0.277065,0.277065,0.645228,0.966149,0.320921,34.5809,35.8646,13,13,0,0.564931,0.812723,0.247792,0,0,0,0
68,2489,3,0.433541,0.433541,0.955612,0.969865,0.0142529,35.8224,35.8795,9,9,0,0.636544,0.862968,0.226424,0,0,1,0
68.1,2490,1,1.63964,1.63964,0.943089,0.777962,0.165127,35.7724,35.1118,8,12,4,0.872765,0.500112,0.372653,0,0,0,0
68.1,2490,2,1.26736,1.26736,0.796349,0.645228,0.151121,35.1854,34.5809,13,8,-5,0.812723,0.992181,0.179459,0,0,0,0
68.1,2490,3,0.0750466,0.0750466,0.9501,0.955612,0.00551158,35.8004,35.8224,9,10,1,0.862968,0.446459,0.416509,0,0,1,0
68.2,2491,1,0.0181631,0.0181631,0.666743,0.943089,0.276346,34.667,35.7724,12,12,0,0.500112,0.752264,0.252152,0,1,0,0
68.2,2491,2,0.401875,0.401875,0.930083,0.796349,0.133735,35.7203,35.1854,8,8,0,0.992181,1.03841,0.046232,0,0,0,0
68.2,2491,3,0.218625,0.218625,0.812076,0.9501,0.138025,35.2483,35.8004,10,10,0,0.446459,0.651035,0.204576,0,0,0,0
68.3,2492,1,1.03295,1.03295,0.607602,0.666743,0.0591406,34.4304,34.667,12,9,-3,0.752264,0.697704,0.05456,0,0,0,0
68.3,2492,2,0.910135,0.910135,-0.0410938,0.930083,0.971177,31.8356,35.7203,8,13,5,1.03841,0.450219,0.588195,0,0,0,0
68.3,2492,3,0.260641,0.260641,0.858239,0.812076,0.0461637,35.433,35.2483,10,8,-2,0.651035,0.692301,0.0412667,0,0,0,0
68.4,2493,1,0.79825,0.79825,0.79796,0.607602,0.190357,35.1918,34.4304,9,9,0,0.697704,0.914768,0.217064,0,0,0,0
68.4,2493,2,0.387524,0.387524,0.862392,-0.0410938,0.903486,35.4496,31.8356,13,13,0,0.450219,0.648635,0.198416,0,0,0,0
68.4,2493,3,0.088594,0.088594,0.886162,0.858239,0.0279226,35.5446,35.433,8,8,0,0.692301,1.04946,0.35716,0,0,0,0
68.5,2494,1,0.317886,0.317886,0.528542,0.79796,0.269417,34.1142,35.1918,9,13,4,0.914768,0.514587,0.400181,0,0,0,0
68.5,2494,2,0.249194,0.249194,-0.330622,0.862392,1.19301,30.6775,35.4496,13,8,-5,0.648635,0.839661,0.191027,0,0,0,0
68.5,2494,3,0.011061,0.011061,0.596764,0.886162,0.289398,34.3871,35.5446,8,9,1,1.04946,0.660056,0.389405,0,1,0,0
68.6,2495,1,0.453655,0.453655,0.381474,0.528542,0.147068,33.5259,34.1142,13,13,0,0.514587,0.625611,0.111024,0,0,0,0
68.6,2495,2,0.864069,0.864069,0.762275,-0.330622,1.0929,35.0491,30.6775,8,8,0,0.839661,0.838445,0.001216,0,0,0,0
68.6,2495,3,0.0526099,0.0526099,0.930129,0.596764,0.333365,35.7205,34.3871,9,9,0,0.660056,0.79612,0.136064,0,0,0,0
68.7,2496,1,0.438002,0.438002,0.0614436,0.381474,0.32003,32.2458,33.5259,13,6,-7,0.625611,0.894136,0.268525,0,0,0,0
68.7,2496,2,0.045683,0.045683,0.986842,0.762275,0.224567,35.9474,35.0491,8,13,5,0.838445,0.409483,0.428963,0,0,0,0
68.7,2496,3,0.306379,0.306379,0.838266,0.930129,0.091863,35.3531,35.7205,9,11,2,0.79612,0.452629,0.343491,0,0,0,0
68.8,2497,1,1.48015,1.48015,0.769784,0.0614436,0.708341,35.0791,32.2458,6,6,0,0.894136,0.833624,0.060512,0,0,0,0
68.8,2497,2,0.00587434,0.00587434,0.498889,0.986842,0.487953,33.9956,35.9474,13,13,0,0.409483,0.732003,0.32252,0,1,0,0
68.8,2497,3,0.296485,0.296485,0.980338,0.838266,0.142072,35.9214,35.3531,11,11,0,0.452629,0.637925,0.185296,0,0,0,0
68.9,2498,1,0.474537,0.474537,0.871504,0.769784,0.10172,35.486,35.0791,6,10,4,0.833624,0.444523,0.389101,0,0,0,0
68.9,2498,2,0.0236537,0.0236537,0.552619,0.498889,0.0537304,34.2105,33.9956,13,9,-4,0.732003,0.932536,0.200533,0,0,0,0
68.9,2498,3,0.774932,0.774932,0.76668,0.980338,0.213658,35.0667,35.9214,11,11,0,0.637925,0.573749,0.064176,0,0,0,0
69,2499,1,0.208643,0.208643,0.789927,0.871504,0.0815774,35.1597,35.486,10,10,0,0.444523,0.733299,0.288776,0,0,0,0
69,2499,2,1.14236,1.14236,0.378095,0.552619,0.174525,33.5124,34.2105,9,9,0,0.932536,1.00604,0.073504,0,0,0,0
69,2499,3,0.607163,0.607163,0.807252,0.76668,0.0405728,35.229,35.0667,11,11,0,0.573749,0.761725,0.187976,0,0,0,0
69.1,2500,1,0.256254,0.256254,0.849376,0.789927,0.0594492,35.3975,35.1597,10,11,1,0.733299,0.726413,0.00688533,0,0,0,0
69.1,2500,2,0.84319,0.84319,-0.633749,0.378095,1.01184,29.465,33.5124,9,11,2,1.00604,0.512341,0.493699,0,0,0,0
69.1,2500,3,0.453001,0.453001,0.787827,0.807252,0.019425,35.1513,35.229,11,8,-3,0.761725,0.771413,0.009688,0,0,1,0
69.2,2501,1,0.228663,0.228663,0.591682,0.849376,0.257694,34.3667,35.3975,11,11,0,0.726413,0.879453,0.15304,0,0,0,0
69.2,2501,2,0.122033,0.122033,0.276593,-0.633749,0.910342,33.1064,29.465,11,11,0,0.512341,0.588445,0.076104,0,0,0,0
69.2,2501,3,0.626693,0.626693,0.98818,0.787827,0.200353,35.9527,35.1513,8,8,0,0.771413,1.05438,0.282968,0,0,0,0
69.3,2502,1,0.253799,0.253799,-0.225352,0.591682,0.817033,31.0986,34.3667,11,13,2,0.879453,0.590419,0.289035,0,0,0,0
69.3,2502,2,0.455499,0.455499,0.942795,0.276593,0.666202,35.7712,33.1064,11,7,-4,0.588445,0.911371,0.322925,0,0,0,0
69.3,2502,3,0.212841,0.212841,0.773946,0.98818,0.214234,35.0958,35.9527,8,10,2,1.05438,0.686147,0.368235,0,0,0,0
69.4,2503,1,0.235607,0.235607,0.980027,-0.225352,1.20538,35.9201,31.0986,13,13,0,0.590419,0.522611,0.067808,0,0,0,0
69.4,2503,2,0.51823,0.51823,0.140652,0.942795,0.802143,32.5626,35.7712,7,7,0,0.911371,1.24507,0.333696,0,0,0,0
69.4,2503,3,0.0687976,0.0687976,0.757399,0.773946,0.0165466,35.0296,35.0958,10,10,0,0.686147,0.865459,0.179312,0,0,1,0
69.5,2504,1,0.781135,0.781135,0.72762,0.980027,0.252407,34.9105,35.9201,13,9,-4,0.522611,0.753632,0.231021,0,0,0,0
69.5,2504,2,0.0155557,0.0155557,0.889525,0.140652,0.748873,35.5581,32.5626,7,11,4,1.24507,0.480573,0.764493,0,1,0,0
69.5,2504,3,0.0765089,0.0765089,0.801709,0.757399,0.0443095,35.2068,35.0296,10,10,0,0.865459,0.515955,0.349504,0,0,0,0
69.6,2505,1,0.248077,0.248077,0.915605,0.72762,0.187986,35.6624,34.9105,9,9,0,0.753632,0.907584,0.153952,0,0,0,0
69.6,2505,2,0.478567,0.478567,0.811951,0.889525,0.0775747,35.2478,35.5581,11,11,0,0.480573,0.762405,0.281832,0,0,0,0
69.6,2505,3,0.0331408,0.0331408,0.867971,0.801709,0.0662626,35.4719,35.2068,10,10,0,0.515955,0.669395,0.15344,0,0,0,0
69.7,2506,1,0.239346,0.239346,0.592832,0.915605,0.322773,34.3713,35.6624,9,10,1,0.907584,0.563483,0.344101,0,0,0,0
69.7,2506,2,0.178259,0.178259,0.932828,0.811951,0.120878,35.7313,35.2478,11,9,-2,0.762405,0.980832,0.218427,0,0,0,0
69.7,2506,3,0.0967181,0.0967181,0.899458,0.867971,0.0314866,35.5978,35.4719,10,11,1,0.669395,0.543181,0.126213,0,0,0,0
69.8,2507,1,0.444403,0.444403,0.863656,0.592832,0.270823,35.4546,34.3713,10,10,0,0.563483,0.811379,0.247896,0,0,0,0
69.8,2507,2,0.416454,0.416454,0.312991,0.932828,0.619838,33.252,35.7313,9,9,0,0.980832,0.97,0.010832,0,0,0,0
69.8,2507,3,0.119487,0.119487,0.901481,0.899458,0.00202262,35.6059,35.5978,11,11,0,0.543181,0.707197,0.164016,0,0,1,0
69.9,2508,1,0.129166,0.129166,0.972651,0.863656,0.108996,35.8906,35.4546,10,9,-1,0.811379,0.714296,0.0970827,0,0,0,0
69.9,2508,2,0.426229,0.426229,-0.140797,0.312991,0.453788,31.4368,33.252,9,11,2,0.97,0.716709,0.253291,0,0,0,0
69.9,2508,3,0.00225401,0.00225401,0.979183,0.901481,0.0777024,35.9167,35.6059,11,10,-1,0.707197,0.521939,0.185259,0,1,0,0
70,2509,1,1.06296,1.06296,0.785222,0.972651,0.18743,35.1409,35.8906,9,9,0,0.714296,1.05313,0.338832,0,0,0,0
70,2509,2,0.025866,0.025866,0.888196,-0.140797,1.02899,35.5528,31.4368,11,11,0,0.716709,0.674261,0.042448,0,0,0,0
70,2509,3,0.17524,0.17524,0.270718,0.979183,0.708465,33.0829,35.9167,10,10,0,0.521939,0.766379,0.24444,0,0,0,0
70.1,2510,1,1.20795,1.20795,0.47765,0.785222,0.307572,33.9106,35.1409,9,12,3,1.05313,0.59012,0.463008,0,0,0,0
70.1,2510,2,0.894165,0.894165,0.972104,0.888196,0.0839075,35.8884,35.5528,11,11,0,0.674261,0.730269,0.056008,0,0,0,0
70.1,2510,3,0.029635,0.029635,0.916882,0.270718,0.646163,35.6675,33.0829,10,7,-3,0.766379,0.876003,0.109624,0,0,0,0
70.2,2511,1,0.956036,0.956036,0.0247598,0.47765,0.45289,32.099,33.9106,12,12,0,0.59012,0.640584,0.050464,0,0,0,0
70.2,2511,2,0.498213,0.498213,0.815311,0.972104,0.156792,35.2612,35.8884,11,11,0,0.730269,0.985789,0.25552,0,0,0,0
70.2,2511,3,0.052653,0.052653,0.806676,0.916882,0.110205,35.2267,35.6675,7,7,0,0.876003,1.00303,0.127032,0,0,0,0
70.3,2512,1,0.962033,0.962033,0.293427,0.0247598,0.268668,33.1737,32.099,12,8,-4,0.640584,0.743021,0.102437,0,0,0,0
70.3,2512,2,0.284773,0.284773,-0.021757,0.815311,0.837068,31.913,35.2612,11,10,-1,0.985789,0.816995,0.168795,0,0,0,0
70.3,2512,3,0.361839,0.361839,0.577829,0.806676,0.228847,34.3113,35.2267,7,12,5,1.00303,0.49752,0.505515,0,0,0,0
70.4,2513,1,0.0362877,0.0362877,0.849304,0.293427,0.555876,35.3972,33.1737,8,8,0,0.743021,0.756261,0.01324,0,0,0,0
70.4,2513,2,0.0595581,0.0595581,0.917372,-0.021757,0.939129,35.6695,31.913,10,10,0,0.816995,0.793331,0.023664,0,0,0,0
70.4,2513,3,0.160681,0.160681,0.95006,0.577829,0.372231,35.8002,34.3113,12,12,0,0.49752,0.632536,0.135016,0,0,0,0
70.5,2514,1,0.0227621,0.0227621,0.96095,0.849304,0.111646,35.8438,35.3972,8,10,2,0.756261,0.563707,0.192555,0,0,0,0
70.5,2514,2,0.330335,0.330335,0.77994,0.917372,0.137432,35.1198,35.6695,10,12,2,0.793331,0.519168,0.274163,0,0,0,0
70.5,2514,3,1.05394,1.05394,0.876621,0.95006,0.0734398,35.5065,35.8002,12,8,-4,0.632536,1.00158,0.369045,0,0,0,0
70.6,2515,1,0.24647,0.24647,0.952157,0.96095,0.00879252,35.8086,35.8438,10,10,0,0.563707,0.793459,0.229752,0,0,1,0
70.6,2515,2,0.262993,0.262993,0.845489,0.77994,0.065549,35.382,35.1198,12,12,0,0.519168,0.786544,0.267376,0,0,0,0
70.6,2515,3,1.13567,1.13567,0.949726,0.876621,0.0731052,35.7989,35.5065,8,8,0,1.00158,1.08829,0.086704,0,0,0,0
70.7,2516,1,0.242823,0.242823,0.853386,0.952157,0.0987714,35.4135,35.8086,10,7,-3,0.793459,0.832451,0.038992,0,0,0,0
70.7,2516,2,0.00868952,0.00868952,0.674645,0.845489,0.170844,34.6986,35.382,12,11,-1,0.786544,0.803765,0.0172213,0,1,0,0
70.7,2516,3,0.198607,0.198607,-0.30902,0.949726,1.25875,30.7639,35.7989,8,12,4,1.08829,0.369312,0.718973,0,0,0,0
70.8,2517,1,0.450711,0.450711,0.738549,0.853386,0.114838,34.9542,35.4135,7,7,0,0.832451,1.0413,0.208848,0,0,0,0
70.8,2517,2,0.372977,0.372977,0.904022,0.674645,0.229377,35.6161,34.6986,11,11,0,0.803765,1.05805,0.254288,0,0,0,0
70.8,2517,3,0.236249,0.236249,0.560848,-0.30902,0.869869,34.2434,30.7639,12,12,0,0.369312,0.440008,0.070696,0,0,0,0
70.9,2518,1,0.249175,0.249175,0.896164,0.738549,0.157615,35.5847,34.9542,7,11,4,1.0413,0.662485,0.378813,0,0,0,0
70.9,2518,2,0.563446,0.563446,0.487873,0.904022,0.416149,33.9515,35.6161,11,13,2,1.05805,0.529891,0.528163,0,0,0,0
70.9,2518,3,0.840021,0.840021,0.888135,0.560848,0.327287,35.5525,34.2434,12,6,-6,0.440008,0.870224,0.430216,0,0,0,0
71,2519,1,0.0291778,0.0291778,0.77513,0.896164,0.121033,35.1005,35.5847,11,11,0,0.662485,0.712733,0.050248,0,0,0,0
71,2519,2,0.0554259,0.0554259,0.212128,0.487873,0.275745,32.8485,33.9515,13,13,0,0.529891,0.737955,0.208064,0,0,0,0
71,2519,3,0.781829,0.781829,0.953309,0.888135,0.0651735,35.8132,35.5525,6,6,0,0.870224,1.19951,0.329288,0,0,0,0
71.1,2520,1,0.198718,0.198718,0.953838,0.77513,0.178707,35.8154,35.1005,11,9,-2,0.712733,0.846896,0.134163,0,0,0,0
71.1,2520,2,0.0807965,0.0807965,0.862071,0.212128,0.649943,35.4483,32.8485,13,8,-5,0.737955,0.834365,0.0964107,0,0,0,0
71.1,2520,3,0.147333,0.147333,0.82329,0.953309,0.130018,35.2932,35.8132,6,13,7,1.19951,0.417267,0.782245,0,0,0,0
71.2,2521,1,0.213799,0.213799,0.948936,0.953838,0.00490129,35.7957,35.8154,9,9,0,0.846896,0.940152,0.093256,0,0,1,0
71.2,2521,2,1.04571,1.04571,0.521749,0.862071,0.340322,34.087,35.4483,8,8,0,0.834365,0.987373,0.153008,0,0,0,0
71.2,2521,3,0.100826,0.100826,0.565592,0.82329,0.257698,34.2624,35.2932,13,13,0,0.417267,0.472539,0.055272,0,0,0,0
71.3,2522,1,0.452358,0.452358,0.323108,0.948936,0.625828,33.2924,35.7957,9,14,5,0.940152,0.348389,0.591763,0,0,0,0
71.3,2522,2,0.0677392,0.0677392,0.943129,0.521749,0.42138,35.7725,34.087,8,12,4,0.987373,0.572608,0.414765,0,0,0,0
71.3,2522,3,0.0396065,0.0396065,0.919598,0.565592,0.354005,35.6784,34.2624,13,4,-9,0.472539,1.11975,0.647213,0,0,0,0
71.4,2523,1,0.384955,0.384955,0.943129,0.323108,0.620021,35.7725,33.2924,14,14,0,0.348389,0.555725,0.207336,0,0,0,0
71.4,2523,2,0.805311,0.805311,0.33581,0.943129,0.607319,33.3432,35.7725,12,12,0,0.572608,0.804904,0.232296,0,0,0,0
71.4,2523,3,0.249651,0.249651,0.987691,0.919598,0.068093,35.9508,35.6784,4,4,0,1.11975,1.32344,0.203688,0,0,0,0
71.5,2524,1,1.05741,1.05741,0.738874,0.943129,0.204255,34.9555,35.7725,14,9,-5,0.555725,0.833312,0.277587,0,0,0,0
71.5,2524,2,0.979871,0.979871,0.92056,0.33581,0.58475,35.6822,33.3432,12,11,-1,0.804904,0.785861,0.0190427,0,0,0,0
71.5,2524,3,0.279765,0.279765,0.896185,0.987691,0.0915053,35.5847,35.9508,4,10,6,1.32344,0.586803,0.736637,0,0,0,0
71.6,2525,1,0.183712,0.183712,0.987411,0.738874,0.248537,35.9496,34.9555,9,9,0,0.833312,0.921376,0.088064,0,0,0,0
71.6,2525,2,0.0229367,0.0229367,0.735678,0.92056,0.184882,34.9427,35.6822,11,11,0,0.785861,0.819205,0.033344,0,0,0,0
71.6,2525,3,0.391584,0.391584,0.816064,0.896185,0.080121,35.2643,35.5847,10,10,0,0.586803,0.611651,0.024848,0,0,0,0
71.7,2526,1,1.09252,1.09252,0.22591,0.987411,0.761501,32.9036,35.9496,9,12,3,0.921376,0.50064,0.420736,0,0,0,0
71.7,2526,2,1.23719,1.23719,0.568841,0.735678,0.166837,34.2754,34.9427,11,12,1,0.819205,0.796168,0.0230373,0,0,0,0
71.7,2526,3,0.0329005,0.0329005,0.653325,0.816064,0.162739,34.6133,35.2643,10,6,-4,0.611651,1.03227,0.420621,0,0,0,0
71.8,2527,1,0.0459834,0.0459834,-0.225142,0.22591,0.451051,31.0994,32.9036,12,12,0,0.50064,0.653784,0.153144,0,0,0,0
71.8,2527,2,0.0105307,0.0105307,0.990613,0.568841,0.421772,35.9625,34.2754,12,12,0,0.796168,0.785952,0.010216,0,1,0,0
71.8,2527,3,0.365318,0.365318,0.948648,0.653325,0.295323,35.7946,34.6133,6,6,0,1.03227,1.22215,0.18988,0,0,0,0
71.9,2528,1,0.0567756,0.0567756,0.894689,-0.225142,1.11983,35.5788,31.0994,12,5,-7,0.653784,0.758648,0.104864,0,0,0,0
71.9,2528,2,1.27023,1.27023,0.850162,0.990613,0.140451,35.4006,35.9625,12,11,-1,0.785952,0.630829,0.155123,0,0,0,0
71.9,2528,3,0.251064,0.251064,0.868801,0.948648,0.0798473,35.4752,35.7946,6,14,8,1.22215,0.371933,0.850219,0,0,0,0
72,2529,1,0.280715,0.280715,0.874402,0.894689,0.020287,35.4976,35.5788,5,5,0,0.758648,0.869912,0.111264,0,0,0,0
72,2529,2,1.27233,1.27233,0.494066,0.850162,0.356096,33.9763,35.4006,11,11,0,0.630829,1.04009,0.409264,0,0,0,0
72,2529,3,0.424286,0.424286,0.940993,0.868801,0.0721923,35.764,35.4752,14,14,0,0.371933,0.425805,0.053872,0,0,0,0
72.1,2530,1,0.1975,0.1975,0.893749,0.874402,0.019347,35.575,35.4976,5,10,5,0.869912,0.509259,0.360653,0,0,1,0
72.1,2530,2,0.328486,0.328486,0.073743,0.494066,0.420323,32.295,33.9763,11,12,1,1.04009,0.585344,0.454749,0,0,0,0
72.1,2530,3,0.266204,0.266204,0.955408,0.940993,0.0144153,35.8216,35.764,14,8,-6,0.425805,0.824005,0.3982,0,0,1,0
72.2,2531,1,0.652622,0.652622,-0.270095,0.893749,1.16384,30.9196,35.575,10,10,0,0.509259,0.843259,0.334,0,0,0,0
72.2,2531,2,0.010837,0.010837,0.100672,0.073743,0.0269294,32.4027,32.295,12,12,0,0.585344,0.528144,0.0572,0,1,0,0
72.2,2531,3,0.185364,0.185364,0.963144,0.955408,0.00773549,35.8526,35.8216,8,8,0,0.824005,1.10824,0.284232,0,0,1,0
72.3,2532,1,0.312113,0.312113,0.912703,-0.270095,1.1828,35.6508,30.9196,10,9,-1,0.843259,0.672288,0.170971,0,0,0,0
72.3,2532,2,0.311354,0.311354,0.250797,0.100672,0.150124,33.0032,32.4027,12,9,-3,0.528144,0.791304,0.26316,0,0,0,0
72.3,2532,3,0.144467,0.144467,0.925073,0.963144,0.0380707,35.7003,35.8526,8,12,4,1.10824,0.660488,0.447749,0,0,0,0
72.4,2533,1,0.396207,0.396207,0.4224,0.912703,0.490303,33.6896,35.6508,9,9,0,0.672288,0.692728,0.02044,0,0,0,0
72.4,2533,2,0.511194,0.511194,0.978455,0.250797,0.727659,35.9138,33.0032,9,9,0,0.791304,0.891312,0.100008,0,0,0,0
72.4,2533,3,0.0327247,0.0327247,0.457872,0.925073,0.467201,33.8315,35.7003,12,12,0,0.660488,0.706344,0.045856,0,0,0,0
72.5,2534,1,0.121117,0.121117,0.415068,0.4224,0.00733182,33.6603,33.6896,9,12,3,0.692728,0.500352,0.192376,0,0,1,0
72.5,2534,2,1.11373,1.11373,-0.648622,0.978455,1.62708,29.4055,35.9138,9,11,2,0.891312,0.787085,0.104227,0,0,0,0
72.5,2534,3,0.978493,0.978493,0.993973,0.457872,0.5361,35.9759,33.8315,12,7,-5,0.706344,0.854723,0.148379,0,0,0,0
72.6,2535,1,0.222886,0.222886,0.389104,0.415068,0.0259642,33.5564,33.6603,12,12,0,0.500352,0.640208,0.139856,0,0,0,0
72.6,2535,2,0.843831,0.843831,0.943566,-0.648622,1.59219,35.7743,29.4055,11,11,0,0.787085,0.694685,0.0924,0,0,0,0
72.6,2535,3,1.12284,1.12284,0.407845,0.993973,0.586128,33.6314,35.9759,7,7,0,0.854723,1.25787,0.403144,0,0,0,0
72.7,2536,1,0.24122,0.24122,0.799618,0.389104,0.410514,35.1985,33.5564,12,9,-3,0.640208,0.812432,0.172224,0,0,0,0
72.7,2536,2,0.406118,0.406118,0.699747,0.943566,0.24382,34.799,35.7743,11,11,0,0.694685,0.811165,0.11648,0,0,0,0
72.7,2536,3,0.342314,0.342314,0.994422,0.407845,0.586578,35.9777,33.6314,7,10,3,1.25787,0.500691,0.757176,0,0,0,0
72.8,2537,1,1.09044,1.09044,0.655512,0.799618,0.144105,34.622,35.1985,9,9,0,0.812432,0.927816,0.115384,0,0,0,0
72.8,2537,2,0.671583,0.671583,0.86257,0.699747,0.162823,35.4503,34.799,11,11,0,0.811165,0.913861,0.102696,0,0,0,0
72.8,2537,3,0.360208,0.360208,0.711307,0.994422,0.283115,34.8452,35.9777,10,10,0,0.500691,0.686931,0.18624,0,0,0,0
72.9,2538,1,1.09952,1.09952,0.762343,0.655512,0.10683,35.0494,34.622,9,12,3,0.927816,0.558632,0.369184,0,0,0,0
72.9,2538,2,0.393593,0.393593,0.559839,0.86257,0.302731,34.2394,35.4503,11,8,-3,0.913861,0.960733,0.046872,0,0,0,0
72.9,2538,3,0.866814,0.866814,0.977399,0.711307,0.266092,35.9096,34.8452,10,10,0,0.686931,0.545563,0.141368,0,0,0,0
73,2539,1,0.0708255,0.0708255,0.655097,0.762343,0.107246,34.6204,35.0494,12,12,0,0.558632,0.524576,0.034056,0,0,0,0
73,2539,2,0.191167,0.191167,0.944807,0.559839,0.384968,35.7792,34.2394,8,8,0,0.960733,1.03308,0.072344,0,0,0,0
73,2539,3,0.174215,0.174215,0.0633279,0.977399,0.914071,32.2533,35.9096,10,10,0,0.545563,0.694875,0.149312,0,0,0,0
73.1,2540,1,0.186412,0.186412,0.985248,0.655097,0.330151,35.941,34.6204,12,9,-3,0.524576,0.902784,0.378208,0,0,0,0
73.1,2540,2,0.0377683,0.0377683,0.721443,0.944807,0.223365,34.8858,35.7792,8,11,3,1.03308,0.737861,0.295216,0,0,0,0
73.1,2540,3,0.541526,0.541526,0.2014,0.0633279,0.138072,32.8056,32.2533,10,10,0,0.694875,0.605203,0.089672,0,0,0,0
73.2,2541,1,0.0582951,0.0582951,0.955586,0.985248,0.0296614,35.8223,35.941,9,9,0,0.902784,0.967752,0.064968,0,0,0,0
73.2,2541,2,0.272709,0.272709,0.775339,0.721443,0.0538965,35.1014,34.8858,11,11,0,0.737861,1.02524,0.287376,0,0,0,0
73.2,2541,3,0.215217,0.215217,0.857876,0.2014,0.656476,35.4315,32.8056,10,10,0,0.605203,0.680403,0.0752,0,0,0,0
73.3,2542,1,0.0410729,0.0410729,0.850122,0.955586,0.105465,35.4005,35.8223,9,10,1,0.967752,0.618187,0.349565,0,0,0,0
73.3,2542,2,0.0282977,0.0282977,-0.779861,0.775339,1.5552,28.8806,35.1014,11,13,2,1.02524,0.769995,0.255243,0,0,0,0
73.3,2542,3,0.346584,0.346584,0.93291,0.857876,0.0750343,35.7316,35.4315,10,7,-3,0.680403,0.680987,0.000584001,0,0,0,0
73.4,2543,1,0.00128382,0.00128382,0.596761,0.850122,0.253361,34.387,35.4005,10,10,0,0.618187,0.791835,0.173648,0,1,0,0
73.4,2543,2,0.451689,0.451689,0.732938,-0.779861,1.5128,34.9318,28.8806,13,13,0,0.769995,0.493347,0.276648,0,0,0,0
73.4,2543,3,0.244672,0.244672,0.964056,0.93291,0.0311465,35.8562,35.7316,7,7,0,0.680987,1.04582,0.364832,0,0,0,0
73.5,2544,1,0.490158,0.490158,0.960982,0.596761,0.364221,35.8439,34.387,10,9,-1,0.791835,0.735416,0.0564187,0,0,0,0
73.5,2544,2,0.135747,0.135747,0.938513,0.732938,0.205575,35.7541,34.9318,13,10,-3,0.493347,0.593899,0.100552,0,0,0,0
73.5,2544,3,0.156839,0.156839,0.98698,0.964056,0.0229235,35.9479,35.8562,7,11,4,1.04582,0.579997,0.465821,0,0,0,0
73.6,2545,1,0.0602685,0.0602685,-0.120084,0.960982,1.08107,31.5197,35.8439,9,9,0,0.735416,0.940024,0.204608,0,0,0,0
73.6,2545,2,0.472863,0.472863,0.68724,0.938513,0.251273,34.749,35.7541,10,10,0,0.593899,0.952587,0.358688,0,0,0,0
73.6,2545,3,0.58274,0.58274,0.970315,0.98698,0.0166651,35.8813,35.9479,11,11,0,0.579997,0.711429,0.131432,0,0,1,0
73.7,2546,1,0.3807,0.3807,-0.380795,-0.120084,0.26071,30.4768,31.5197,9,12,3,0.940024,0.568568,0.371456,0,0,0,0
73.7,2546,2,0.523398,0.523398,0.980964,0.68724,0.293724,35.9239,34.749,10,9,-1,0.952587,1.0259,0.0733173,0,0,0,0
73.7,2546,3,0.700804,0.700804,0.850788,0.970315,0.119526,35.4032,35.8813,11,9,-2,0.711429,0.744784,0.0333547,0,0,0,0
73.8,2547,1,0.18136,0.18136,0.334939,-0.380795,0.715734,33.3398,30.4768,12,12,0,0.568568,0.449632,0.118936,0,0,0,0
73.8,2547,2,1.5147,1.5147,-0.194922,0.980964,1.17589,31.2203,35.9239,9,9,0,1.0259,1.14149,0.115584,0,0,0,0
73.8,2547,3,0.754063,0.754063,0.875806,0.850788,0.0250179,35.5032,35.4032,9,9,0,0.744784,0.97604,0.231256,0,0,0,0
73.9,2548,1,0.0432686,0.0432686,0.886054,0.334939,0.551115,35.5442,33.3398,12,3,-9,0.449632,1.00978,0.560144,0,0,0,0
73.9,2548,2,0.0568791,0.0568791,0.785418,-0.194922,0.98034,35.1417,31.2203,9,15,6,1.14149,0.484536,0.656952,0,0,0,0
73.9,2548,3,0.334896,0.334896,0.790835,0.875806,0.0849717,35.1633,35.5032,9,12,3,0.97604,0.607624,0.368416,0,0,0,0
74,2549,1,0.390964,0.390964,0.942456,0.886054,0.0564021,35.7698,35.5442,3,3,0,1.00978,1.01949,0.009712,0,0,0,0
74,2549,2,0.242525,0.242525,0.432314,0.785418,0.353105,33.7293,35.1417,15,15,0,0.484536,0.585688,0.101152,0,0,0,0
74,2549,3,0.151207,0.151207,0.859221,0.790835,0.068386,35.4369,35.1633,12,12,0,0.607624,0.701184,0.09356,0,0,0,0
74.1,2550,1,0.129529,0.129529,0.982083,0.942456,0.039627,35.9283,35.7698,3,12,9,1.01949,0.497256,0.522232,0,0,0,0
74.1,2550,2,0.373506,0.373506,0.834734,0.432314,0.402421,35.3389,33.7293,15,9,-6,0.585688,0.937864,0.352176,0,0,0,0
74.1,2550,3,0.473496,0.473496,0.977464,0.859221,0.118243,35.9099,35.4369,12,9,-3,0.701184,0.693032,0.008152,0,0,0,0
74.2,2551,1,0.289555,0.289555,0.950814,0.982083,0.0312691,35.8033,35.9283,12,12,0,0.497256,0.556,0.058744,0,0,0,0
74.2,2551,2,0.967949,0.967949,0.971611,0.834734,0.136876,35.8864,35.3389,9,9,0,0.937864,0.986752,0.048888,0,0,0,0
74.2,2551,3,0.00385112,0.00385112,0.850808,0.977464,0.126656,35.4032,35.9099,9,9,0,0.693032,0.885944,0.192912,0,1,0,0
74.3,2552,1,0.0137327,0.0137327,0.832419,0.950814,0.118395,35.3297,35.8033,12,9,-3,0.556,0.939464,0.383464,0,1,0,0
74.3,2552,2,1.0647,1.0647,0.728385,0.971611,0.243225,34.9135,35.8864,9,10,1,0.986752,0.764987,0.221765,0,0,0,0
74.3,2552,3,0.0789604,0.0789604,0.95884,0.850808,0.108032,35.8354,35.4032,9,11,2,0.885944,0.503725,0.382219,0,0,0,0
74.4,2553,1,0.301467,0.301467,0.97793,0.832419,0.145511,35.9117,35.3297,9,9,0,0.939464,0.939392,7.2e-05,0,0,0,0
74.4,2553,2,0.261822,0.261822,0.975165,0.728385,0.24678,35.9007,34.9135,10,10,0,0.764987,0.837035,0.072048,0,0,0,0
74.4,2553,3,0.181877,0.181877,0.979909,0.95884,0.0210695,35.9196,35.8354,11,11,0,0.503725,0.662053,0.158328,0,0,0,0
74.5,2554,1,0.00784695,0.00784695,0.807359,0.97793,0.170571,35.2294,35.9117,9,11,2,0.939392,0.605005,0.334387,0,1,0,0
74.5,2554,2,0.0465342,0.0465342,-0.0407667,0.975165,1.01593,31.8369,35.9007,10,12,2,0.837035,0.78504,0.0519947,0,0,0,0
74.5,2554,3,0.278137,0.278137,0.452314,0.979909,0.527595,33.8093,35.9196,11,7,-4,0.662053,0.749915,0.0878613,0,0,0,0
74.6,2555,1,0.293708,0.293708,0.98548,0.807359,0.178122,35.9419,35.2294,11,11,0,0.605005,0.678461,0.073456,0,0,0,0
74.6,2555,2,1.0046,1.0046,0.949567,-0.0407667,0.990334,35.7983,31.8369,12,12,0,0.78504,0.781448,0.003592,0,0,0,0
74.6,2555,3,0.884315,0.884315,0.970146,0.452314,0.517832,35.8806,33.8093,7,7,0,0.749915,0.892515,0.1426,0,0,0,0
74.7,2556,1,0.311176,0.311176,0.753499,0.98548,0.231981,35.014,35.9419,11,9,-2,0.678461,0.8568,0.178339,0,0,0,0
74.7,2556,2,1.30428,1.30428,0.888131,0.949567,0.0614361,35.5525,35.7983,12,11,-1,0.781448,0.616013,0.165435,0,0,0,0
74.7,2556,3,0.192254,0.192254,0.985424,0.970146,0.015278,35.9417,35.8806,7,10,3,0.892515,0.533067,0.359448,0,0,1,0
74.8,2557,1,0.135351,0.135351,0.969505,0.753499,0.216006,35.878,35.014,9,9,0,0.8568,0.941936,0.085136,0,0,0,0
74.8,2557,2,0.845112,0.845112,0.887227,0.888131,0.0009045,35.5489,35.5525,11,11,0,0.616013,0.879525,0.263512,0,0,1,0
74.8,2557,3,0.58498,0.58498,0.831721,0.985424,0.153702,35.3269,35.9417,10,10,0,0.533067,0.705451,0.172384,0,0,0,0
74.9,2558,1,0.255847,0.255847,0.896639,0.969505,0.0728661,35.5866,35.878,9,13,4,0.941936,0.497571,0.444365,0,0,0,0
74.9,2558,2,0.120472,0.120472,0.595845,0.887227,0.291381,34.3834,35.5489,11,7,-4,0.879525,1.19002,0.310493,0,0,0,0
74.9,2558,3,0.112765,0.112765,0.968448,0.831721,0.136726,35.8738,35.3269,10,10,0,0.705451,0.606395,0.099056,0,0,0,0
75,2559,1,0.346125,0.346125,0.759229,0.896639,0.13741,35.0369,35.5866,13,13,0,0.497571,0.542195,0.044624,0,0,0,0
75,2559,2,0.676116,0.676116,0.919206,0.595845,0.32336,35.6768,34.3834,7,7,0,1.19002,1.11247,0.077552,0,0,0,0
75,2559,3,1.67675,1.67675,0.54764,0.968448,0.420808,34.1906,35.8738,10,10,0,0.606395,0.782179,0.175784,0,0,0,0
75.1,2560,1,0.238821,0.238821,0.571895,0.759229,0.187334,34.2876,35.0369,13,10,-3,0.542195,0.795587,0.253392,0,0,0,0
75.1,2560,2,0.124294,0.124294,0.380844,0.919206,0.538362,33.5234,35.6768,7,12,5,1.11247,0.776272,0.336195,0,0,0,0
75.1,2560,3,0.720988,0.720988,0.9248,0.54764,0.37716,35.6992,34.1906,10,8,-2,0.782179,0.572789,0.209389,0,0,0,0
75.2,2561,1,0.371536,0.371536,0.758617,0.571895,0.186723,35.0345,34.2876,10,10,0,0.795587,0.946707,0.15112,0,0,0,0
75.2,2561,2,0.133702,0.133702,0.860986,0.380844,0.480143,35.4439,33.5234,12,12,0,0.776272,0.718424,0.057848,0,0,0,0
75.2,2561,3,0.862989,0.862989,0.678316,0.9248,0.246484,34.7133,35.6992,8,8,0,0.572789,0.821421,0.248632,0,0,0,0
75.3,2562,1,0.291818,0.291818,0.944397,0.758617,0.18578,35.7776,35.0345,10,12,2,0.946707,0.564584,0.382123,0,0,0,0
75.3,2562,2,0.738079,0.738079,0.819877,0.860986,0.0411096,35.2795,35.4439,12,8,-4,0.718424,1.02372,0.305293,0,0,0,0
75.3,2562,3,1.10327,1.10327,0.924993,0.678316,0.246677,35.7,34.7133,8,10,2,0.821421,0.481811,0.339611,0,0,0,0
75.4,2563,1,0.284594,0.284594,0.964365,0.944397,0.0199677,35.8575,35.7776,12,12,0,0.564584,0.790992,0.226408,0,0,1,0
75.4,2563,2,0.205485,0.205485,0.872497,0.819877,0.0526207,35.49,35.2795,8,8,0,1.02372,1.14643,0.122712,0,0,0,0
75.4,2563,3,1.13449,1.13449,0.853186,0.924993,0.0718074,35.4127,35.7,10,10,0,0.481811,0.697715,0.215904,0,0,0,0
75.5,2564,1,0.0534568,0.0534568,0.904027,0.964365,0.0603377,35.6161,35.8575,12,9,-3,0.790992,0.91776,0.126768,0,0,0,0
75.5,2564,2,0.537541,0.537541,0.358299,0.872497,0.514198,33.4332,35.49,8,11,3,1.14643,0.720549,0.42588,0,0,0,0
75.5,2564,3,0.0126691,0.0126691,0.697575,0.853186,0.155611,34.7903,35.4127,10,10,0,0.697715,0.585723,0.111992,0,1,0,0
75.6,2565,1,0.295249,0.295249,0.987651,0.904027,0.0836241,35.9506,35.6161,9,9,0,0.91776,0.97784,0.06008,0,0,0,0
75.6,2565,2,0.303964,0.303964,0.698763,0.358299,0.340464,34.7951,33.4332,11,11,0,0.720549,0.706325,0.014224,0,0,0,0
75.6,2565,3,0.431584,0.431584,0.687259,0.697575,0.010316,34.749,34.7903,10,10,0,0.585723,0.701907,0.116184,0,0,1,0
75.7,2566,1,0.340755,0.340755,0.942323,0.987651,0.0453284,35.7693,35.9506,9,14,5,0.97784,0.374405,0.603435,0,0,0,0
75.7,2566,2,0.538613,0.538613,0.680801,0.698763,0.0179614,34.7232,34.7951,11,9,-2,0.706325,1.05017,0.343843,0,0,1,0
75.7,2566,3,0.327708,0.327708,0.901182,0.687259,0.213924,35.6047,34.749,10,7,-3,0.701907,0.714811,0.012904,0,0,0,0
75.8,2567,1,0.173485,0.173485,0.946917,0.942323,0.00459409,35.7877,35.7693,14,14,0,0.374405,0.592925,0.21852,0,0,1,0
75.8,2567,2,0.255947,0.255947,0.947402,0.680801,0.266601,35.7896,34.7232,9,9,0,1.05017,1.03594,0.014232,0,0,0,0
75.8,2567,3,0.132065,0.132065,0.823932,0.901182,0.0772502,35.2957,35.6047,7,7,0,0.714811,0.928547,0.213736,0,0,0,0
75.9,2568,1,0.0802569,0.0802569,0.592991,0.946917,0.353926,34.372,35.7877,14,9,-5,0.592925,0.941584,0.348659,0,0,0,0
75.9,2568,2,0.744537,0.744537,0.952263,0.947402,0.00486034,35.8091,35.7896,9,11,2,1.03594,0.653725,0.382211,0,0,1,0
75.9,2568,3,0.0903001,0.0903001,0.574365,0.823932,0.249567,34.2975,35.2957,7,10,3,0.928547,0.549827,0.37872,0,0,0,0
76,2569,1,0.0647319,0.0647319,0.961689,0.592991,0.368698,35.8468,34.372,9,9,0,0.941584,0.900888,0.040696,0,0,0,0
76,2569,2,0.0465183,0.0465183,0.474172,0.952263,0.478091,33.8967,35.8091,11,11,0,0.653725,0.949685,0.29596,0,0,0,0
76,2569,3,0.10813,0.10813,0.769577,0.574365,0.195212,35.0783,34.2975,10,10,0,0.549827,0.672051,0.122224,0,0,0,0
76.1,2570,1,0.533789,0.533789,0.949501,0.961689,0.0121889,35.798,35.8468,9,11,2,0.900888,0.467829,0.433059,0,0,1,0
76.1,2570,2,1.23165,1.23165,-0.339321,0.474172,0.813492,30.6427,33.8967,11,12,1,0.949685,0.880464,0.0692213,0,0,0,0
76.1,2570,3,0.181296,0.181296,0.987774,0.769577,0.218197,35.9511,35.0783,10,7,-3,0.672051,0.793979,0.121928,0,0,0,0
76.2,2571,1,0.475134,0.475134,0.835914,0.949501,0.113586,35.3437,35.798,11,11,0,0.467829,0.752229,0.2844,0,0,0,0
76.2,2571,2,1.17476,1.17476,-0.413534,-0.339321,0.074213,30.3459,30.6427,12,12,0,0.880464,0.595992,0.284472,0,0,0,0
76.2,2571,3,0.115595,0.115595,0.843098,0.987774,0.144676,35.3724,35.9511,7,7,0,0.793979,1.15896,0.364984,0,0,0,0
76.3,2572,1,0.0665149,0.0665149,0.740538,0.835914,0.0953757,34.9622,35.3437,11,9,-2,0.752229,0.914448,0.162219,0,0,0,0
76.3,2572,2,0.152474,0.152474,0.866129,-0.413534,1.27966,35.4645,30.3459,12,11,-1,0.595992,0.525445,0.0705467,0,0,0,0
76.3,2572,3,0.147426,0.147426,0.955293,0.843098,0.112195,35.8212,35.3724,7,10,3,1.15896,0.680779,0.478184,0,0,0,0
76.4,2573,1,0.0936314,0.0936314,0.983295,0.740538,0.242757,35.9332,34.9622,9,9,0,0.914448,0.8524,0.062048,0,0,0,0
76.4,2573,2,0.0876322,0.0876322,0.980853,0.866129,0.114724,35.9234,35.4645,11,11,0,0.525445,0.685085,0.15964,0,0,0,0
76.4,2573,3,0.46905,0.46905,0.878596,0.955293,0.0766966,35.5144,35.8212,10,10,0,0.680779,0.739723,0.058944,0,0,0,0
76.5,2574,1,0.076883,0.076883,0.994008,0.983295,0.0107129,35.976,35.9332,9,14,5,0.8524,0.355869,0.496531,0,0,1,0
76.5,2574,2,1.62097,1.62097,0.882795,0.980853,0.0980581,35.5312,35.9234,11,7,-4,0.685085,1.15465,0.469565,0,0,0,0
76.5,2574,3,0.203143,0.203143,0.983508,0.878596,0.104912,35.934,35.5144,10,9,-1,0.739723,0.663544,0.0761787,0,0,0,0
76.6,2575,1,1.12233,1.12233,0.665909,0.994008,0.328099,34.6636,35.976,14,14,0,0.355869,0.550053,0.194184,0,0,0,0
76.6,2575,2,1.34457,1.34457,-0.288589,0.882795,1.17138,30.8456,35.5312,7,7,0,1.15465,1.21806,0.063408,0,0,0,0
76.6,2575,3,0.399598,0.399598,0.625978,0.983508,0.35753,34.5039,35.934,9,9,0,0.663544,0.835304,0.17176,0,0,0,0
76.7,2576,1,0.319458,0.319458,0.975021,0.665909,0.309111,35.9001,34.6636,14,5,-9,0.550053,1.04903,0.498979,0,0,0,0
76.7,2576,2,0.553805,0.553805,-0.203219,-0.288589,0.0853699,31.1871,30.8456,7,14,7,1.21806,0.307829,0.910229,0,0,0,0
76.7,2576,3,0.506835,0.506835,0.594966,0.625978,0.031012,34.3799,34.5039,9,11,2,0.835304,0.532869,0.302435,0,0,0,0
76.8,2577,1,0.108002,0.108002,0.91652,0.975021,0.0585006,35.6661,35.9001,5,5,0,1.04903,1.22081,0.171776,0,0,0,0
76.8,2577,2,0.761545,0.761545,0.576138,-0.203219,0.779357,34.3046,31.1871,14,14,0,0.307829,0.309837,0.002008,0,0,0,0
76.8,2577,3,0.988281,0.988281,0.629519,0.594966,0.0345522,34.5181,34.3799,11,11,0,0.532869,0.729669,0.1968,0,0,0,0
76.9,2578,1,0.521551,0.521551,0.963028,0.91652,0.0465077,35.8521,35.6661,5,12,7,1.22081,0.533384,0.687424,0,0,0,0
76.9,2578,2,1.4222,1.4222,0.432942,0.576138,0.143196,33.7318,34.3046,14,9,-5,0.309837,0.849648,0.539811,0,0,0,0
76.9,2578,3,1.06907,1.06907,0.604201,0.629519,0.0253173,34.4168,34.5181,11,9,-2,0.729669,0.636664,0.0930053,0,0,0,0
77,2579,1,0.078208,0.078208,0.935796,0.963028,0.0272318,35.7432,35.8521,12,12,0,0.533384,0.677344,0.14396,0,0,0,0
77,2579,2,0.515472,0.515472,0.458074,0.432942,0.0251315,33.8323,33.7318,9,9,0,0.849648,0.947784,0.098136,0,0,0,0
77,2579,3,0.0842314,0.0842314,0.553138,0.604201,0.0510637,34.2126,34.4168,9,9,0,0.636664,0.772296,0.135632,0,0,0,0
77.1,2580,1,0.159756,0.159756,0.551639,0.935796,0.384157,34.2066,35.7432,12,10,-2,0.677344,0.824995,0.147651,0,0,0,0
77.1,2580,2,0.203028,0.203028,0.527493,0.458074,0.0694194,34.11,33.8323,9,11,2,0.947784,0.638045,0.309739,0,0,0,0
77.1,2580,3,0.139131,0.139131,0.896301,0.553138,0.343163,35.5852,34.2126,9,9,0,0.772296,0.602704,0.169592,0,0,0,0
77.2,2581,1,0.867099,0.867099,0.361837,0.551639,0.189802,33.4473,34.2066,10,10,0,0.824995,0.885187,0.060192,0,0,0,0
77.2,2581,2,0.871321,0.871321,-0.206007,0.527493,0.733501,31.176,34.11,11,11,0,0.638045,0.757389,0.119344,0,0,0,0
77.2,2581,3,0.187214,0.187214,0.797056,0.896301,0.0992445,35.1882,35.5852,9,9,0,0.602704,0.809384,0.20668,0,0,0,0
77.3,2582,1,0.932796,0.932796,0.982042,0.361837,0.620205,35.9282,33.4473,10,12,2,0.885187,0.555456,0.329731,0,0,0,0
77.3,2582,2,1.85524,1.85524,-0.438053,-0.206007,0.232045,30.2478,31.176,11,9,-2,0.757389,0.771848,0.0144587,0,0,0,0
77.3,2582,3,0.0633264,0.0633264,0.778369,0.797056,0.0186872,35.1135,35.1882,9,9,0,0.809384,0.869624,0.06024,0,0,1,0
77.4,2583,1,0.0269224,0.0269224,0.89503,0.982042,0.0870127,35.5801,35.9282,12,12,0,0.555456,0.660624,0.105168,0,0,0,0
77.4,2583,2,0.953296,0.953296,0.672714,-0.438053,1.11077,34.6909,30.2478,9,9,0,0.771848,0.620184,0.151664,0,0,0,0
77.4,2583,3,1.00942,1.00942,0.511719,0.778369,0.26665,34.0469,35.1135,9,9,0,0.869624,1.02688,0.157256,0,0,0,0
77.5,2584,1,0.631904,0.631904,0.914707,0.89503,0.019677,35.6588,35.5801,12,9,-3,0.660624,0.8564,0.195776,0,0,1,0
77.5,2584,2,0.72535,0.72535,0.820859,0.672714,0.148145,35.2834,34.6909,9,11,2,0.620184,0.592525,0.0276587,0,0,0,0
77.5,2584,3,1.11191,1.11191,0.527918,0.511719,0.0161992,34.1117,34.0469,9,10,1,1.02688,0.554923,0.471957,0,0,1,0
77.6,2585,1,0.136891,0.136891,0.970029,0.914707,0.0553225,35.8801,35.6588,9,9,0,0.8564,0.900648,0.044248,0,0,0,0
77.6,2585,2,0.463595,0.463595,0.215664,0.820859,0.605194,32.8627,35.2834,11,11,0,0.592525,0.871877,0.279352,0,0,0,0
77.6,2585,3,0.674823,0.674823,0.833961,0.527918,0.306044,35.3358,34.1117,10,10,0,0.554923,0.641595,0.086672,0,0,0,0
77.7,2586,1,0.323029,0.323029,-0.0794825,0.970029,1.04951,31.6821,35.8801,9,13,4,0.900648,0.478211,0.422437,0,0,0,0
77.7,2586,2,0.418094,0.418094,0.562602,0.215664,0.346938,34.2504,32.8627,11,8,-3,0.871877,0.849429,0.022448,0,0,0,0
77.7,2586,3,0.494331,0.494331,0.60788,0.833961,0.226082,34.4315,35.3358,10,9,-1,0.641595,0.668216,0.0266213,0,0,0,0
77.8,2587,1,0.109551,0.109551,0.95788,-0.0794825,1.03736,35.8315,31.6821,13,13,0,0.478211,0.578571,0.10036,0,0,0,0
77.8,2587,2,0.3561,0.3561,0.871009,0.562602,0.308407,35.484,34.2504,8,8,0,0.849429,1.15845,0.309024,0,0,0,0
77.8,2587,3,0.0662739,0.0662739,0.432439,0.60788,0.175441,33.7298,34.4315,9,9,0,0.668216,0.947544,0.279328,0,0,0,0
77.9,2588,1,0.159828,0.159828,0.88031,0.95788,0.0775703,35.5212,35.8315,13,9,-4,0.578571,0.801288,0.222717,0,0,0,0
77.9,2588,2,0.450926,0.450926,0.924519,0.871009,0.0535094,35.6981,35.484,8,11,3,1.15845,0.812605,0.345848,0,0,0,0
77.9,2588,3,0.610789,0.610789,0.783951,0.432439,0.351512,35.1358,33.7298,9,10,1,0.947544,0.519043,0.428501,0,0,0,0
78,2589,1,0.0814469,0.0814469,0.990471,0.88031,0.11016,35.9619,35.5212,9,9,0,0.801288,0.929144,0.127856,0,0,0,0
78,2589,2,0.139615,0.139615,0.348322,0.924519,0.576197,33.3933,35.6981,11,11,0,0.812605,0.875517,0.062912,0,0,0,0
78,2589,3,0.683187,0.683187,0.919387,0.783951,0.135436,35.6775,35.1358,10,10,0,0.519043,0.574019,0.054976,0,0,0,0
78.1,2590,1,0.0327675,0.0327675,0.960533,0.990471,0.0299373,35.8421,35.9619,9,9,0,0.929144,0.719216,0.209928,0,0,0,0
78.1,2590,2,0.127955,0.127955,0.930459,0.348322,0.582137,35.7218,33.3933,11,11,0,0.875517,0.828085,0.047432,0,0,0,0
78.1,2590,3,0.0403701,0.0403701,0.983261,0.919387,0.0638739,35.933,35.6775,10,10,0,0.574019,0.686291,0.112272,0,0,0,0
78.2,2591,1,0.084909,0.084909,0.49741,0.960533,0.463123,33.9896,35.8421,9,9,0,0.719216,0.843392,0.124176,0,0,0,0
78.2,2591,2,0.71059,0.71059,0.987902,0.930459,0.0574423,35.9516,35.7218,11,11,0,0.828085,0.752197,0.075888,0,0,0,0
78.2,2591,3,0.133781,0.133781,0.395146,0.983261,0.588114,33.5806,35.933,10,10,0,0.686291,0.799363,0.113072,0,0,0,0
78.3,2592,1,0.531514,0.531514,0.85057,0.49741,0.35316,35.4023,33.9896,9,11,2,0.843392,0.683021,0.160371,0,0,0,0
78.3,2592,2,0.290734,0.290734,-0.0242054,0.987902,1.01211,31.9032,35.9516,11,12,1,0.752197,0.71572,0.0364773,0,0,0,0
78.3,2592,3,0.549137,0.549137,0.874884,0.395146,0.479738,35.4995,33.5806,10,7,-3,0.799363,0.688571,0.110792,0,0,0,0
78.4,2593,1,0.660677,0.660677,0.786962,0.85057,0.0636078,35.1478,35.4023,11,11,0,0.683021,0.831829,0.148808,0,0,0,0
78.4,2593,2,0.26636,0.26636,0.721002,-0.0242054,0.745207,34.884,31.9032,12,12,0,0.71572,0.626136,0.089584,0,0,0,0
78.4,2593,3,0.409747,0.409747,0.917517,0.874884,0.0426325,35.6701,35.4995,7,7,0,0.688571,0.994067,0.305496,0,0,0,0
78.5,2594,1,0.310512,0.310512,0.639196,0.786962,0.147767,34.5568,35.1478,11,11,0,0.831829,0.671453,0.160376,0,0,0,0
78.5,2594,2,0.607859,0.607859,0.753213,0.721002,0.0322115,35.0129,34.884,12,11,-1,0.626136,0.626141,5.33383e-06,0,0,0,0
78.5,2594,3,0.348725,0.348725,0.702051,0.917517,0.215465,34.8082,35.6701,7,8,1,0.994067,0.855757,0.138309,0,0,0,0
78.6,2595,1,0.269177,0.269177,0.854771,0.639196,0.215576,35.4191,34.5568,11,11,0,0.671453,0.777165,0.105712,0,0,0,0
78.6,2595,2,0.193585,0.193585,0.898212,0.753213,0.144998,35.5928,35.0129,11,11,0,0.626141,0.884165,0.258024,0,0,0,0
78.6,2595,3,0.526345,0.526345,0.892802,0.702051,0.190751,35.5712,34.8082,8,8,0,0.855757,0.956381,0.100624,0,0,0,0
78.7,2596,1,0.350377,0.350377,0.641501,0.854771,0.213271,34.566,35.4191,11,10,-1,0.777165,0.756603,0.0205627,0,0,0,0
78.7,2596,2,1.66704,1.66704,0.882146,0.898212,0.0160663,35.5286,35.5928,11,8,-3,0.884165,1.15377,0.269608,0,0,1,0
78.7,2596,3,0.39362,0.39362,0.52694,0.892802,0.365862,34.1078,35.5712,8,12,4,0.956381,0.419408,0.536973,0,0,0,0
78.8,2597,1,1.15793,1.15793,0.96709,0.641501,0.325589,35.8684,34.566,10,10,0,0.756603,0.865443,0.10884,0,0,0,0
78.8,2597,2,1.17105,1.17105,0.533124,0.882146,0.349022,34.1325,35.5286,8,8,0,1.15377,1.21649,0.06272,0,0,0,0
78.8,2597,3,0.381006,0.381006,0.930832,0.52694,0.403891,35.7233,34.1078,12,12,0,0.419408,0.495728,0.07632,0,0,0,0
78.9,2598,1,1.4581,1.4581,0.82855,0.96709,0.13854,35.3142,35.8684,10,11,1,0.865443,0.614445,0.250997,0,0,0,0
78.9,2598,2,0.276962,0.276962,0.966158,0.533124,0.433034,35.8646,34.1325,8,12,4,1.21649,0.63644,0.580053,0,0,0,0
78.9,2598,3,0.0347393,0.0347393,0.589367,0.930832,0.341464,34.3575,35.7233,12,7,-5,0.495728,0.967371,0.471643,0,0,0,0
79,2599,1,0.45257,0.45257,0.967715,0.82855,0.139165,35.8709,35.3142,11,11,0,0.614445,0.773205,0.15876,0,0,0,0
79,2599,2,0.278919,0.278919,0.431967,0.966158,0.534191,33.7279,35.8646,12,12,0,0.63644,0.679656,0.043216,0,0,0,0
79,2599,3,0.825477,0.825477,-0.508528,0.589367,1.0979,29.9659,34.3575,7,7,0,0.967371,1.0335,0.066128,0,0,0,0
79.1,2600,1,0.221865,0.221865,0.958464,0.967715,0.00925076,35.8339,35.8709,11,7,-4,0.773205,1.12543,0.352229,0,0,1,0
79.1,2600,2,0.573292,0.573292,0.429124,0.431967,0.00284308,33.7165,33.7279,12,15,3,0.679656,0.585168,0.094488,0,0,1,0
79.1,2600,3,0.161327,0.161327,0.905845,-0.508528,1.41437,35.6234,29.9659,7,8,1,1.0335,0.725253,0.308245,0,0,0,0
79.2,2601,1,0.267233,0.267233,0.733709,0.958464,0.224755,34.9348,35.8339,7,7,0,1.12543,1.11636,0.009072,0,0,0,0
79.2,2601,2,0.0244457,0.0244457,0.154437,0.429124,0.274687,32.6177,33.7165,15,15,0,0.585168,0.580224,0.004944,0,0,0,0
79.2,2601,3,0.719952,0.719952,0.915285,0.905845,0.00944048,35.6611,35.6234,8,8,0,0.725253,0.639037,0.086216,0,0,1,0
79.3,2602,1,1.03668,1.03668,0.900617,0.733709,0.166907,35.6025,34.9348,7,14,7,1.11636,0.382245,0.734117,0,0,0,0
79.3,2602,2,0.116359,0.116359,0.348335,0.154437,0.193897,33.3933,32.6177,15,7,-8,0.580224,0.928235,0.348011,0,0,0,0
79.3,2602,3,0.0906848,0.0906848,0.636191,0.915285,0.279095,34.5448,35.6611,8,9,1,0.639037,0.81912,0.180083,0,0,0,0
79.4,2603,1,1.0655,1.0655,0.0920185,0.900617,0.808598,32.3681,35.6025,14,14,0,0.382245,0.433805,0.05156,0,0,0,0
79.4,2603,2,1.27873,1.27873,0.959062,0.348335,0.610728,35.8362,33.3933,7,7,0,0.928235,1.03809,0.109856,0,0,0,0
79.4,2603,3,0.0882075,0.0882075,0.959337,0.636191,0.323146,35.8373,34.5448,9,9,0,0.81912,0.911152,0.092032,0,0,0,0
79.5,2604,1,0.482636,0.482636,0.462236,0.0920185,0.370217,33.8489,32.3681,14,14,0,0.433805,0.537797,0.103992,0,0,0,0
79.5,2604,2,1.05986,1.05986,0.636639,0.959062,0.322423,34.5466,35.8362,7,10,3,1.03809,0.880691,0.1574,0,0,0,0
79.5,2604,3,0.0392559,0.0392559,0.267185,0.959337,0.692151,33.0687,35.8373,9,6,-3,0.911152,1.18597,0.274816,0,0,0,0
79.6,2605,1,0.240575,0.240575,0.776243,0.462236,0.314007,35.105,33.8489,14,14,0,0.537797,0.370013,0.167784,0,0,0,0
79.6,2605,2,0.00336307,0.00336307,0.911053,0.636639,0.274414,35.6442,34.5466,10,10,0,0.880691,1.03155,0.150864,0,1,0,0
79.6,2605,3,0.142256,0.142256,0.647982,0.267185,0.380796,34.5919,33.0687,6,6,0,1.18597,1.19048,0.004512,0,0,0,0
79.7,2606,1,0.166948,0.166948,0.744757,0.776243,0.0314856,34.979,35.105,14,5,-9,0.370013,0.945352,0.575339,0,0,0,0
79.7,2606,2,0.267283,0.267283,0.471912,0.911053,0.439141,33.8876,35.6442,10,13,3,1.03155,0.580947,0.450608,0,0,0,0
79.7,2606,3,0.0606879,0.0606879,0.836508,0.647982,0.188526,35.346,34.5919,6,12,6,1.19048,0.335296,0.855184,0,0,0,0
79.8,2607,1,0.94312,0.94312,0.936917,0.744757,0.19216,35.7477,34.979,5,5,0,0.945352,1.04049,0.095136,0,0,0,0
79.8,2607,2,0.252196,0.252196,-0.572218,0.471912,1.04413,29.7111,33.8876,13,13,0,0.580947,0.691963,0.111016,0,0,0,0
79.8,2607,3,0.0301627,0.0301627,0.746619,0.836508,0.0898887,34.9865,35.346,12,12,0,0.335296,0.5094,0.174104,0,0,0,0
79.9,2608,1,0.991533,0.991533,0.982795,0.936917,0.0458776,35.9312,35.7477,5,13,8,1.04049,0.485011,0.555477,0,0,0,0
79.9,2608,2,0.0951316,0.0951316,0.578757,-0.572218,1.15098,34.315,29.7111,13,11,-2,0.691963,0.597069,0.0948933,0,0,0,0
79.9,2608,3,0.798079,0.798079,0.883811,0.746619,0.137192,35.5352,34.9865,12,6,-6,0.5094,1.10704,0.59764,0,0,0,0
80,2609,1,0.00264812,0.00264812,0.608644,0.982795,0.374151,34.4346,35.9312,13,13,0,0.485011,0.655475,0.170464,0,1,0,0
80,2609,2,0.203576,0.203576,0.406692,0.578757,0.172065,33.6268,34.315,11,11,0,0.597069,0.543581,0.053488,0,0,0,0
80,2609,3,0.0758289,0.0758289,0.982272,0.883811,0.0984615,35.9291,35.5352,6,6,0,1.10704,1.25782,0.150776,0,0,0,0
80.1,2610,1,0.536146,0.536146,0.865838,0.608644,0.257194,35.4634,34.4346,13,8,-5,0.655475,0.878453,0.222979,0,0,0,0
80.1,2610,2,1.01487,1.01487,0.975822,0.406692,0.56913,35.9033,33.6268,11,9,-2,0.543581,0.786752,0.243171,0,0,0,0
80.1,2610,3,0.928259,0.928259,0.987896,0.982272,0.0056234,35.9516,35.9291,6,13,7,1.25782,0.489603,0.768213,0,0,1,0
80.2,2611,1,0.311471,0.311471,0.983609,0.865838,0.117771,35.9344,35.4634,8,8,0,0.878453,0.981557,0.103104,0,0,0,0
80.2,2611,2,1.2228,1.2228,0.529137,0.975822,0.446685,34.1165,35.9033,9,9,0,0.786752,1.00926,0.222512,0,0,0,0
80.2,2611,3,0.182575,0.182575,0.86071,0.987896,0.127185,35.4428,35.9516,13,13,0,0.489603,0.588499,0.098896,0,0,0,0
80.3,2612,1,0.0805248,0.0805248,0.852611,0.983609,0.130998,35.4104,35.9344,8,13,5,0.981557,0.491027,0.490531,0,0,0,0
80.3,2612,2,0.636589,0.636589,0.027361,0.529137,0.501776,32.1094,34.1165,9,11,2,1.00926,0.638069,0.371195,0,0,0,0
80.3,2612,3,0.569114,0.569114,0.797366,0.86071,0.0633441,35.1895,35.4428,13,6,-7,0.588499,1.0263,0.437805,0,0,0,0
80.4,2613,1,0.35356,0.35356,0.654613,0.852611,0.197998,34.6185,35.4104,13,13,0,0.491027,0.579563,0.088536,0,0,0,0
80.4,2613,2,0.63387,0.63387,0.558151,0.027361,0.53079,34.2326,32.1094,11,11,0,0.638069,0.604621,0.033448,0,0,0,0
80.4,2613,3,0.544461,0.544461,0.687455,0.797366,0.109912,34.7498,35.1895,6,6,0,1.0263,1.2924,0.266096,0,0,0,0
80.5,2614,1,0.472449,0.472449,0.90011,0.654613,0.245497,35.6004,34.6185,13,9,-4,0.579563,0.850944,0.271381,0,0,0,0
80.5,2614,2,0.0112369,0.0112369,0.00408015,0.558151,0.554071,32.0163,34.2326,11,10,-1,0.604621,0.809795,0.205173,0,1,0,0
80.5,2614,3,0.240582,0.240582,0.851668,0.687455,0.164214,35.4067,34.7498,6,11,5,1.2924,0.468861,0.823539,0,0,0,0
80.6,2615,1,0.482096,0.482096,0.738714,0.90011,0.161396,34.9549,35.6004,9,9,0,0.850944,1.01088,0.159936,0,0,0,0
80.6,2615,2,0.741664,0.741664,-0.647884,0.00408015,0.651964,29.4085,32.0163,10,10,0,0.809795,0.696995,0.1128,0,0,0,0
80.6,2615,3,1.66759,1.66759,0.738047,0.851668,0.113621,34.9522,35.4067,11,11,0,0.468861,0.744445,0.275584,0,0,0,0
80.7,2616,1,0.342005,0.342005,0.981181,0.738714,0.242467,35.9247,34.9549,9,13,4,1.01088,0.485075,0.525805,0,0,0,0
80.7,2616,2,0.193516,0.193516,0.352466,-0.647884,1.00035,33.4099,29.4085,10,9,-1,0.696995,0.61156,0.0854347,0,0,0,0
80.7,2616,3,1.18675,1.18675,0.331458,0.738047,0.406589,33.3258,34.9522,11,8,-3,0.744445,1.06165,0.3172,0,0,0,0
80.8,2617,1,0.18792,0.18792,0.977978,0.981181,0.00320357,35.9119,35.9247,13,13,0,0.485075,0.670507,0.185432,0,0,1,0
80.8,2617,2,0.577002,0.577002,0.798012,0.352466,0.445545,35.192,33.4099,9,9,0,0.61156,0.766792,0.155232,0,0,0,0
80.8,2617,3,0.227204,0.227204,0.31425,0.331458,0.0172086,33.257,33.3258,8,8,0,1.06165,0.985325,0.07632,0,0,1,0
80.9,2618,1,0.267899,0.267899,0.964384,0.977978,0.013594,35.8575,35.9119,13,9,-4,0.670507,0.885496,0.214989,0,0,1,0
80.9,2618,2,0.605345,0.605345,0.409989,0.798012,0.388022,33.64,35.192,9,10,1,0.766792,0.904347,0.137555,0,0,0,0
80.9,2618,3,1.1607,1.1607,0.985855,0.31425,0.671605,35.9434,33.257,8,11,3,0.985325,0.398293,0.587032,0,0,0,0
81,2619,1,0.233688,0.233688,0.89941,0.964384,0.0649742,35.5976,35.8575,9,9,0,0.885496,0.99244,0.106944,0,0,0,0
81,2619,2,0.79949,0.79949,0.985106,0.409989,0.575116,35.9404,33.64,10,10,0,0.904347,0.769907,0.13444,0,0,0,0
81,2619,3,1.41783,1.41783,0.396006,0.985855,0.589849,33.584,35.9434,11,11,0,0.398293,0.583269,0.184976,0,0,0,0
81.1,2620,1,0.395423,0.395423,0.800476,0.89941,0.0989335,35.2019,35.5976,9,9,0,0.99244,0.968696,0.023744,0,0,0,0
81.1,2620,2,0.396589,0.396589,0.893964,0.985106,0.0911415,35.5759,35.9404,10,10,0,0.769907,0.934667,0.16476,0,0,0,0
81.1,2620,3,0.127643,0.127643,0.287401,0.396006,0.108604,33.1496,33.584,11,11,0,0.583269,0.626133,0.042864,0,0,0,0
81.2,2621,1,0.0913098,0.0913098,0.851516,0.800476,0.0510395,35.4061,35.2019,9,9,0,0.968696,0.982176,0.01348,0,0,0,0
81.2,2621,2,0.0526074,0.0526074,0.533257,0.893964,0.360707,34.133,35.5759,10,10,0,0.934667,1.05627,0.121608,0,0,0,0
81.2,2621,3,0.0201709,0.0201709,0.300385,0.287401,0.0129835,33.2015,33.1496,11,11,0,0.626133,0.542781,0.083352,0,0,1,0
81.3,2622,1,1.16896,1.16896,0.866142,0.851516,0.0146264,35.4646,35.4061,9,11,2,0.982176,0.502469,0.479707,0,0,1,0
81.3,2622,2,0.496828,0.496828,0.989857,0.533257,0.4566,35.9594,34.133,10,14,4,1.05627,0.680141,0.376133,0,0,0,0
81.3,2622,3,0.109895,0.109895,0.984891,0.300385,0.684506,35.9396,33.2015,11,5,-6,0.542781,0.95008,0.407299,0,0,0,0
81.4,2623,1,0.236857,0.236857,0.753319,0.866142,0.112823,35.0133,35.4646,11,11,0,0.502469,0.740133,0.237664,0,0,0,0
81.4,2623,2,0.0226516,0.0226516,0.994003,0.989857,0.00414538,35.976,35.9594,14,14,0,0.680141,0.533549,0.146592,0,0,1,0
81.4,2623,3,0.00460929,0.00460929,0.537812,0.984891,0.447079,34.1512,35.9396,5,5,0,0.95008,1.19686,0.246776,0,1,0,0
81.5,2624,1,0.0457796,0.0457796,0.890543,0.753319,0.137224,35.5622,35.0133,11,13,2,0.740133,0.506603,0.233531,0,0,0,0
81.5,2624,2,1.67076,1.67076,0.686501,0.994003,0.307502,34.746,35.976,14,8,-6,0.533549,0.983989,0.45044,0,0,0,0
81.5,2624,3,0.143062,0.143062,0.930422,0.537812,0.39261,35.7217,34.1512,5,9,4,1.19686,0.607344,0.589512,0,0,0,0
81.6,2625,1,0.208599,0.208599,0.940395,0.890543,0.049852,35.7616,35.5622,13,13,0,0.506603,0.594987,0.088384,0,0,0,0
81.6,2625,2,1.42474,1.42474,0.682813,0.686501,0.00368792,34.7313,34.746,8,8,0,0.983989,1.03232,0.048328,0,0,1,0
81.6,2625,3,0.317707,0.317707,0.853996,0.930422,0.076426,35.416,35.7217,9,9,0,0.607344,0.785088,0.177744,0,0,0,0
81.7,2626,1,0.641025,0.641025,0.918939,0.940395,0.0214556,35.6758,35.7616,13,12,-1,0.594987,0.621632,0.0266453,0,0,0,0
81.7,2626,2,0.897315,0.897315,0.82537,0.682813,0.142558,35.3015,34.7313,8,11,3,1.03232,0.609989,0.422328,0,0,0,0
81.7,2626,3,0.30104,0.30104,0.804488,0.853996,0.0495076,35.218,35.416,9,7,-2,0.785088,0.971227,0.186139,0,0,0,0
81.8,2627,1,0.236542,0.236542,0.770921,0.918939,0.148019,35.0837,35.6758,12,12,0,0.621632,0.585208,0.036424,0,0,0,0
81.8,2627,2,1.1303,1.1303,0.532682,0.82537,0.292689,34.1307,35.3015,11,11,0,0.609989,0.761861,0.151872,0,0,0,0
81.8,2627,3,0.136175,0.136175,0.861802,0.804488,0.0573132,35.4472,35.218,7,7,0,0.971227,1.10697,0.135744,0,0,0,0
81.9,2628,1,0.246069,0.246069,0.790976,0.770921,0.0200549,35.1639,35.0837,12,7,-5,0.585208,1.00834,0.423131,0,0,0,0
81.9,2628,2,0.121176,0.121176,0.792445,0.532682,0.259763,35.1698,34.1307,11,14,3,0.761861,0.670581,0.09128,0,0,0,0
81.9,2628,3,0.0234606,0.0234606,0.720772,0.861802,0.14103,34.8831,35.4472,7,9,2,1.10697,0.70848,0.398491,0,0,0,0
82,2629,1,0.463501,0.463501,0.685056,0.790976,0.105919,34.7402,35.1639,7,7,0,1.00834,1.04852,0.040184,0,0,0,0
82,2629,2,0.757491,0.757491,0.832871,0.792445,0.0404265,35.3315,35.1698,14,14,0,0.670581,0.474517,0.196064,0,0,0,0
82,2629,3,0.156772,0.156772,0.265564,0.720772,0.455207,33.0623,34.8831,9,9,0,0.70848,0.893328,0.184848,0,0,0,0
82.1,2630,1,0.575777,0.575777,0.869814,0.685056,0.184757,35.4793,34.7402,7,13,6,1.04852,0.462435,0.586088,0,0,0,0
82.1,2630,2,0.155373,0.155373,0.82272,0.832871,0.0101511,35.2909,35.3315,14,8,-6,0.474517,1.08053,0.606008,0,0,1,0
82.1,2630,3,0.125069,0.125069,0.958279,0.265564,0.692715,35.8331,33.0623,9,9,0,0.893328,0.580976,0.312352,0,0,0,0
82.2,2631,1,0.0216896,0.0216896,0.626758,0.869814,0.243056,34.507,35.4793,13,13,0,0.462435,0.562387,0.099952,0,0,0,0
82.2,2631,2,0.566664,0.566664,0.826866,0.82272,0.00414592,35.3075,35.2909,8,8,0,1.08053,1.16721,0.086688,0,0,1,0
82.2,2631,3,1.00638,1.00638,0.995517,0.958279,0.0372371,35.9821,35.8331,9,9,0,0.580976,0.73988,0.158904,0,0,0,0
82.3,2632,1,0.695217,0.695217,0.986543,0.626758,0.359785,35.9462,34.507,13,5,-8,0.562387,0.980144,0.417757,0,0,0,0
82.3,2632,2,0.335976,0.335976,0.554433,0.826866,0.272433,34.2177,35.3075,8,16,8,1.16721,0.306771,0.860443,0,0,0,0
82.3,2632,3,0.752135,0.752135,0.840429,0.995517,0.155087,35.3617,35.9821,9,9,0,0.73988,0.640032,0.099848,0,0,0,0
82.4,2633,1,0.387241,0.387241,0.878524,0.986543,0.108019,35.5141,35.9462,5,5,0,0.980144,1.10294,0.1228,0,0,0,0
82.4,2633,2,0.238689,0.238689,0.897802,0.554433,0.34337,35.5912,34.2177,16,16,0,0.306771,0.541043,0.234272,0,0,0,0
82.4,2633,3,0.0392358,0.0392358,-0.227954,0.840429,1.06838,31.0882,35.3617,9,9,0,0.640032,0.909832,0.2698,0,0,0,0
82.5,2634,1,0.648839,0.648839,0.644936,0.878524,0.233587,34.5797,35.5141,5,12,7,1.10294,0.5372,0.565744,0,0,0,0
82.5,2634,2,1.21284,1.21284,0.481689,0.897802,0.416114,33.9268,35.5912,16,9,-7,0.541043,1.01458,0.473541,0,0,0,0
82.5,2634,3,1.37508,1.37508,0.346353,-0.227954,0.574306,33.3854,31.0882,9,9,0,0.909832,0.590032,0.3198,0,0,0,0
82.6,2635,1,0.00183821,0.00183821,0.948591,0.644936,0.303654,35.7944,34.5797,12,12,0,0.5372,0.704312,0.167112,0,1,0,0
82.6,2635,2,0.0176289,0.0176289,0.901232,0.481689,0.419543,35.6049,33.9268,9,9,0,1.01458,1.03942,0.024832,0,1,0,0
82.6,2635,3,1.63422,1.63422,0.901931,0.346353,0.555579,35.6077,33.3854,9,9,0,0.590032,0.593528,0.003496,0,0,0,0
82.7,2636,1,0.403899,0.403899,0.465274,0.948591,0.483316,33.8611,35.7944,12,9,-3,0.704312,0.847256,0.142944,0,0,0,0
82.7,2636,2,1.06593,1.06593,0.992778,0.901232,0.0915467,35.9711,35.6049,9,10,1,1.03942,0.844539,0.194877,0,0,0,0
82.7,2636,3,0.0605423,0.0605423,0.291545,0.901931,0.610387,33.1662,35.6077,9,11,2,0.593528,0.638173,0.0446453,0,0,0,0
82.8,2637,1,0.222297,0.222297,0.774733,0.465274,0.309458,35.0989,33.8611,9,9,0,0.847256,0.835112,0.012144,0,0,0,0
82.8,2637,2,0.202839,0.202839,0.98055,0.992778,0.0122287,35.9222,35.9711,10,10,0,0.844539,0.992987,0.148448,0,0,1,0
82.8,2637,3,0.194263,0.194263,0.922828,0.291545,0.631284,35.6913,33.1662,11,11,0,0.638173,0.639765,0.001592,0,0,0,0
82.9,2638,1,0.126853,0.126853,0.982754,0.774733,0.208021,35.931,35.0989,9,9,0,0.835112,0.61348,0.221632,0,0,0,0
82.9,2638,2,0.266941,0.266941,0.909926,0.98055,0.070624,35.6397,35.9222,10,16,6,0.992987,0.342435,0.650552,0,0,0,0
82.9,2638,3,0.00926542,0.00926542,0.90221,0.922828,0.0206184,35.6088,35.6913,11,5,-6,0.639765,1.06393,0.424163,0,1,0,0
83,2639,1,0.119049,0.119049,0.904438,0.982754,0.0783163,35.6178,35.931,9,9,0,0.61348,0.78688,0.1734,0,0,0,0
83,2639,2,0.33022,0.33022,0.869443,0.909926,0.0404831,35.4778,35.6397,16,16,0,0.342435,0.464635,0.1222,0,0,0,0
83,2639,3,0.165085,0.165085,0.897213,0.90221,0.0049969,35.5889,35.6088,5,5,0,1.06393,1.2088,0.144872,0,0,1,0
83.1,2640,1,0.321473,0.321473,0.934239,0.904438,0.0298008,35.737,35.6178,9,10,1,0.78688,0.597043,0.189837,0,0,0,0
83.1,2640,2,0.42794,0.42794,0.993297,0.869443,0.123854,35.9732,35.4778,16,8,-8,0.464635,0.972709,0.508075,0,0,0,0
83.1,2640,3,0.0695756,0.0695756,0.901739,0.897213,0.00452578,35.607,35.5889,5,12,7,1.2088,0.473432,0.735368,0,0,1,0
83.2,2641,1,0.079935,0.079935,0.958764,0.934239,0.0245255,35.8351,35.737,10,10,0,0.597043,0.788707,0.191664,0,0,0,0
83.2,2641,2,0.52432,0.52432,0.496572,0.993297,0.496725,33.9863,35.9732,8,8,0,0.972709,1.10817,0.135464,0,0,0,0
83.2,2641,3,0.292299,0.292299,0.942401,0.901739,0.0406624,35.7696,35.607,12,12,0,0.473432,0.550088,0.076656,0,0,0,0
83.3,2642,1,0.267661,0.267661,0.334027,0.958764,0.624737,33.3361,35.8351,10,10,0,0.788707,0.576795,0.211912,0,0,0,0
83.3,2642,2,0.758697,0.758697,0.671022,0.496572,0.17445,34.6841,33.9863,8,15,7,1.10817,0.381632,0.726541,0,0,0,0
83.3,2642,3,0.298867,0.298867,0.922368,0.942401,0.0200331,35.6895,35.7696,12,5,-7,0.550088,1.12303,0.572944,0,0,0,0
83.4,2643,1,0.0111955,0.0111955,0.934395,0.334027,0.600369,35.7376,33.3361,10,10,0,0.576795,0.798347,0.221552,0,1,0,0
83.4,2643,2,0.258481,0.258481,0.7026,0.671022,0.031578,34.8104,34.6841,15,15,0,0.381632,0.382832,0.0012,0,0,0,0
83.4,2643,3,0.252869,0.252869,0.946477,0.922368,0.0241088,35.7859,35.6895,5,5,0,1.12303,1.27118,0.148152,0,0,0,0
83.5,2644,1,0.0121584,0.0121584,0.938242,0.934395,0.00384647,35.753,35.7376,10,8,-2,0.798347,0.681949,0.116397,0,1,1,0
83.5,2644,2,0.554624,0.554624,0.934711,0.7026,0.232111,35.7388,34.8104,15,9,-6,0.382832,0.789392,0.40656,0,0,0,0
83.5,2644,3,0.288298,0.288298,0.619198,0.946477,0.327279,34.4768,35.7859,5,13,8,1.27118,0.467899,0.803285,0,0,0,0
83.6,2645,1,0.555979,0.555979,0.949236,0.938242,0.0109941,35.7969,35.753,8,8,0,0.681949,1.01675,0.3348,0,0,1,0
83.6,2645,2,0.799243,0.799243,0.98575,0.934711,0.0510393,35.943,35.7388,9,9,0,0.789392,1.00268,0.213288,0,0,0,0
83.6,2645,3,0.0597934,0.0597934,0.858697,0.619198,0.239499,35.4348,34.4768,13,13,0,0.467899,0.555963,0.088064,0,0,0,0
83.7,2646,1,0.316295,0.316295,0.990337,0.949236,0.0411005,35.9613,35.7969,8,10,2,1.01675,0.543915,0.472835,0,0,0,0
83.7,2646,2,0.12653,0.12653,0.836589,0.98575,0.149161,35.3464,35.943,9,14,5,1.00268,0.423157,0.579523,0,0,0,0
83.7,2646,3,0.0172006,0.0172006,0.822993,0.858697,0.0357044,35.292,35.4348,13,6,-7,0.555963,1.02794,0.471981,0,1,0,0
83.8,2647,1,0.889767,0.889767,0.417634,0.990337,0.572702,33.6705,35.9613,10,10,0,0.543915,0.704611,0.160696,0,0,0,0
83.8,2647,2,0.140302,0.140302,0.742585,0.836589,0.0940034,34.9703,35.3464,14,14,0,0.423157,0.552709,0.129552,0,0,0,0
83.8,2647,3,0.0680261,0.0680261,0.655645,0.822993,0.167347,34.6226,35.292,6,6,0,1.02794,1.17164,0.143696,0,0,0,0
83.9,2648,1,0.453241,0.453241,0.86399,0.417634,0.446356,35.456,33.6705,10,11,1,0.704611,0.572661,0.131949,0,0,0,0
83.9,2648,2,0.337898,0.337898,0.517365,0.742585,0.22522,34.0695,34.9703,14,9,-5,0.552709,0.86548,0.312771,0,0,0,0
83.9,2648,3,0.078546,0.078546,0.815793,0.655645,0.160148,35.2632,34.6226,6,10,4,1.17164,0.574363,0.597277,0,0,0,0
84,2649,1,0.345472,0.345472,0.566286,0.86399,0.297705,34.2651,35.456,11,11,0,0.572661,0.668021,0.09536,0,0,0,0
84,2649,2,0.136586,0.136586,0.764184,0.517365,0.246818,35.0567,34.0695,9,9,0,0.86548,1.01359,0.148112,0,0,0,0
84,2649,3,0.81419,0.81419,0.971718,0.815793,0.155925,35.8869,35.2632,10,10,0,0.574363,0.749427,0.175064,0,0,0,0
84.1,2650,1,0.0417365,0.0417365,0.857739,0.566286,0.291453,35.431,34.2651,11,11,0,0.668021,0.549621,0.1184,0,0,0,0
84.1,2650,2,0.0138512,0.0138512,-0.850482,0.764184,1.61467,28.5981,35.0567,9,12,3,1.01359,0.603472,0.41012,0,1,0,0
84.1,2650,3,0.701753,0.701753,0.676734,0.971718,0.294984,34.7069,35.8869,10,7,-3,0.749427,0.922675,0.173248,0,0,0,0
84.2,2651,1,0.0722582,0.0722582,0.854103,0.857739,0.00363511,35.4164,35.431,11,11,0,0.549621,0.852317,0.302696,0,0,1,0
84.2,2651,2,0.241454,0.241454,0.454073,-0.850482,1.30456,33.8163,28.5981,12,12,0,0.603472,0.468904,0.134568,0,0,0,0
84.2,2651,3,0.173587,0.173587,0.858491,0.676734,0.181757,35.434,34.7069,7,7,0,0.922675,1.18051,0.25784,0,0,0,0
84.3,2652,1,1.12689,1.12689,0.908456,0.854103,0.054353,35.6338,35.4164,11,9,-2,0.852317,0.665416,0.186901,0,0,0,0
84.3,2652,2,0.17945,0.17945,0.856653,0.454073,0.40258,35.4266,33.8163,12,8,-4,0.468904,0.758461,0.289557,0,0,0,0
84.3,2652,3,0.0281221,0.0281221,0.902973,0.858491,0.0444816,35.6119,35.434,7,13,6,1.18051,0.484259,0.696256,0,0,0,0
84.4,2653,1,0.909279,0.909279,0.905173,0.908456,0.00328392,35.6207,35.6338,9,9,0,0.665416,0.955928,0.290512,0,0,1,0
84.4,2653,2,1.58537,1.58537,0.964891,0.856653,0.108237,35.8596,35.4266,8,8,0,0.758461,0.891701,0.13324,0,0,0,0
84.4,2653,3,1.50457,1.50457,0.791132,0.902973,0.111841,35.1645,35.6119,13,13,0,0.484259,0.662179,0.17792,0,0,0,0
84.5,2654,1,0.917862,0.917862,0.99224,0.905173,0.0870673,35.969,35.6207,9,13,4,0.955928,0.495699,0.460229,0,0,0,0
84.5,2654,2,0.893453,0.893453,0.651496,0.964891,0.313395,34.606,35.8596,8,11,3,0.891701,0.614165,0.277536,0,0,0,0
84.5,2654,3,1.22457,1.22457,0.680506,0.791132,0.110626,34.722,35.1645,13,6,-7,0.662179,1.10918,0.446997,0,0,0,0
84.6,2655,1,1.08972,1.08972,0.985552,0.99224,0.0066883,35.9422,35.969,13,13,0,0.495699,0.566931,0.071232,0,0,1,0
84.6,2655,2,0.616836,0.616836,0.0633098,0.651496,0.588186,32.2532,34.606,11,11,0,0.614165,0.763829,0.149664,0,0,0,0
84.6,2655,3,0.293857,0.293857,0.904159,0.680506,0.223653,35.6166,34.722,6,6,0,1.10918,1.18031,0.071136,0,0,0,0
84.7,2656,1,0.109172,0.109172,0.901367,0.985552,0.0841845,35.6055,35.9422,13,10,-3,0.566931,0.822923,0.255992,0,0,0,0
84.7,2656,2,0.226614,0.226614,0.624177,0.0633098,0.560867,34.4967,32.2532,11,10,-1,0.763829,0.648139,0.115691,0,0,0,0
84.7,2656,3,0.352554,0.352554,0.797221,0.904159,0.106937,35.1889,35.6166,6,10,4,1.18031,0.754419,0.425893,0,0,0,0
84.8,2657,1,0.0908412,0.0908412,0.971169,0.901367,0.0698022,35.8847,35.6055,10,10,0,0.822923,0.864507,0.041584,0,0,0,0
84.8,2657,2,1.30199,1.30199,0.875485,0.624177,0.251308,35.5019,34.4967,10,10,0,0.648139,0.708979,0.06084,0,0,0,0
84.8,2657,3,0.272481,0.272481,0.945625,0.797221,0.148404,35.7825,35.1889,10,10,0,0.754419,0.870291,0.115872,0,0,0,0
84.9,2658,1,0.483415,0.483415,0.941535,0.971169,0.0296341,35.7661,35.8847,10,13,3,0.864507,0.488747,0.37576,0,0,0,0
84.9,2658,2,1.53757,1.53757,0.959324,0.875485,0.0838389,35.8373,35.5019,10,9,-1,0.708979,0.877712,0.168733,0,0,0,0
84.9,2658,3,0.852087,0.852087,0.774734,0.945625,0.17089,35.0989,35.7825,10,8,-2,0.870291,0.776485,0.0938053,0,0,0,0
85,2659,1,1.15343,1.15343,0.676246,0.941535,0.265289,34.705,35.7661,13,13,0,0.488747,0.554827,0.06608,0,0,0,0
85,2659,2,0.46459,0.46459,0.463292,0.959324,0.496032,33.8532,35.8373,9,9,0,0.877712,0.990472,0.11276,0,0,0,0
85,2659,3,0.829466,0.829466,0.906048,0.774734,0.131314,35.6242,35.0989,8,8,0,0.776485,0.970613,0.194128,0,0,0,0
85.1,2660,1,1.36033,1.36033,0.630078,0.676246,0.0461685,34.5203,34.705,13,11,-2,0.554827,0.551813,0.00301333,0,0,0,0
85.1,2660,2,1.35371,1.35371,0.623326,0.463292,0.160033,34.4933,33.8532,9,9,0,0.990472,0.709248,0.281224,0,0,0,0
85.1,2660,3,0.835321,0.835321,0.839974,0.906048,0.066074,35.3599,35.6242,8,10,2,0.970613,0.832427,0.138187,0,0,0,0
85.2,2661,1,0.379336,0.379336,0.605744,0.630078,0.0243339,34.423,34.5203,11,11,0,0.551813,0.693429,0.141616,0,0,0,0
85.2,2661,2,1.26167,1.26167,0.959841,0.623326,0.336515,35.8394,34.4933,9,9,0,0.709248,0.861,0.151752,0,0,0,0
85.2,2661,3,0.925261,0.925261,0.559171,0.839974,0.280803,34.2367,35.3599,10,10,0,0.832427,0.960875,0.128448,0,0,0,0
85.3,2662,1,0.0623153,0.0623153,0.896517,0.605744,0.290773,35.5861,34.423,11,9,-2,0.693429,0.7418,0.0483707,0,0,0,0
85.3,2662,2,0.66848,0.66848,0.377538,0.959841,0.582303,33.5102,35.8394,9,10,1,0.861,0.896243,0.0352427,0,0,0,0
85.3,2662,3,0.030807,0.030807,0.649652,0.559171,0.0904803,34.5986,34.2367,10,11,1,0.960875,0.662005,0.298869,0,0,0,0
85.4,2663,1,1.29084,1.29084,0.902298,0.896517,0.00578129,35.6092,35.5861,9,9,0,0.7418,0.945056,0.203256,0,0,1,0
85.4,2663,2,0.339904,0.339904,0.741024,0.377538,0.363486,34.9641,33.5102,10,10,0,0.896243,0.828187,0.068056,0,0,0,0
85.4,2663,3,0.0339737,0.0339737,-0.0679966,0.649652,0.717648,31.728,34.5986,11,11,0,0.662005,0.722085,0.06008,0,0,0,0
85.5,2664,1,0.66377,0.66377,0.461201,0.902298,0.441097,33.8448,35.6092,9,10,1,0.945056,0.706067,0.238989,0,0,0,0
85.5,2664,2,0.191781,0.191781,0.299284,0.741024,0.441739,33.1971,34.9641,10,13,3,0.828187,0.471131,0.357056,0,0,0,0
85.5,2664,3,0.0889053,0.0889053,0.839964,-0.0679966,0.907961,35.3599,31.728,11,7,-4,0.722085,0.844675,0.122589,0,0,0,0
85.6,2665,1,0.790191,0.790191,0.425787,0.461201,0.0354133,33.7031,33.8448,10,10,0,0.706067,0.769643,0.063576,0,0,0,0
85.6,2665,2,0.0472102,0.0472102,0.957368,0.299284,0.658084,35.8295,33.1971,13,13,0,0.471131,0.560387,0.089256,0,0,0,0
85.6,2665,3,0.107211,0.107211,0.162493,0.839964,0.677471,32.65,35.3599,7,7,0,0.844675,0.954507,0.109832,0,0,0,0
85.7,2666,1,0.148881,0.148881,0.357868,0.425787,0.0679199,33.4315,33.7031,10,10,0,0.769643,0.489443,0.2802,0,0,0,0
85.7,2666,2,1.08457,1.08457,0.938051,0.957368,0.019317,35.7522,35.8295,13,10,-3,0.560387,0.835427,0.27504,0,0,1,0
85.7,2666,3,0.121472,0.121472,0.821375,0.162493,0.658882,35.2855,32.65,7,10,3,0.954507,0.499499,0.455008,0,0,0,0
85.8,2667,1,0.106916,0.106916,0.744014,0.357868,0.386147,34.9761,33.4315,10,10,0,0.489443,0.603883,0.11444,0,0,0,0
85.8,2667,2,1.19721,1.19721,0.671164,0.938051,0.266887,34.6847,35.7522,10,10,0,0.835427,1.03263,0.1972,0,0,0,0
85.8,2667,3,1.27053,1.27053,0.497448,0.821375,0.323927,33.9898,35.2855,10,10,0,0.499499,0.811107,0.311608,0,0,0,0
85.9,2668,1,0.189452,0.189452,0.878819,0.744014,0.134805,35.5153,34.9761,10,7,-3,0.603883,0.713699,0.109816,0,0,0,0
85.9,2668,2,0.0499886,0.0499886,0.918859,0.671164,0.247695,35.6754,34.6847,10,17,7,1.03263,0.265901,0.766725,0,0,0,0
85.9,2668,3,1.00609,1.00609,0.887798,0.497448,0.39035,35.5512,33.9898,10,6,-4,0.811107,1.16706,0.355957,0,0,0,0
86,2669,1,0.605192,0.605192,0.956621,0.878819,0.0778023,35.8265,35.5153,7,7,0,0.713699,0.887747,0.174048,0,0,0,0
86,2669,2,0.0156354,0.0156354,0.9126,0.918859,0.00625867,35.6504,35.6754,17,17,0,0.265901,0.374365,0.108464,0,1,1,0
86,2669,3,0.390822,0.390822,0.951625,0.887798,0.0638271,35.8065,35.5512,6,6,0,1.16706,1.18784,0.020776,0,0,0,0
86.1,2670,1,0.325788,0.325788,0.937292,0.956621,0.0193295,35.7492,35.8265,7,11,4,0.887747,0.476637,0.411109,0,0,1,0
86.1,2670,2,0.187032,0.187032,0.87863,0.9126,0.0339704,35.5145,35.6504,17,8,-9,0.374365,0.910461,0.536096,0,0,0,0
86.1,2670,3,1.68807,1.68807,0.942451,0.951625,0.00917381,35.7698,35.8065,6,11,5,1.18784,0.608421,0.579419,0,0,1,0
86.2,2671,1,1.07777,1.07777,0.928542,0.937292,0.00875014,35.7142,35.7492,11,11,0,0.476637,0.655333,0.178696,0,0,1,0
86.2,2671,2,0.0848053,0.0848053,0.443138,0.87863,0.435492,33.7726,35.5145,8,8,0,0.910461,1.073,0.162536,0,0,0,0
86.2,2671,3,1.47013,1.47013,0.955263,0.942451,0.0128119,35.8211,35.7698,11,11,0,0.608421,0.776541,0.16812,0,0,1,0
86.3,2672,1,0.60399,0.60399,0.924453,0.928542,0.00408876,35.6978,35.7142,11,10,-1,0.655333,0.750211,0.0948773,0,0,1,0
86.3,2672,2,1.41194,1.41194,0.561466,0.443138,0.118328,34.2459,33.7726,8,9,1,1.073,0.81344,0.259557,0,0,0,0
86.3,2672,3,0.150359,0.150359,0.743168,0.955263,0.212095,34.9727,35.8211,11,11,0,0.776541,0.798229,0.021688,0,0,0,0
86.4,2673,1,0.496197,0.496197,0.876644,0.924453,0.0478086,35.5066,35.6978,10,10,0,0.750211,0.834635,0.084424,0,0,0,0
86.4,2673,2,0.323503,0.323503,0.433518,0.561466,0.127948,33.7341,34.2459,9,9,0,0.81344,0.904928,0.091488,0,0,0,0
86.4,2673,3,0.116203,0.116203,0.945198,0.743168,0.20203,35.7808,34.9727,11,11,0,0.798229,0.745437,0.052792,0,0,0,0
86.5,2674,1,0.0627636,0.0627636,0.879661,0.876644,0.00301701,35.5186,35.5066,10,11,1,0.834635,0.624213,0.210421,0,0,1,0
86.5,2674,2,1.2601,1.2601,0.465902,0.433518,0.0323842,33.8636,33.7341,9,12,3,0.904928,0.510024,0.394904,0,0,0,0
86.5,2674,3,0.0423569,0.0423569,0.446202,0.945198,0.498997,33.7848,35.7808,11,7,-4,0.745437,0.987803,0.242365,0,0,0,0
86.6,2675,1,0.261243,0.261243,0.945939,0.879661,0.0662774,35.7838,35.5186,11,11,0,0.624213,0.769661,0.145448,0,0,0,0
86.6,2675,2,0.685211,0.685211,0.957544,0.465902,0.491642,35.8302,33.8636,12,12,0,0.510024,0.665696,0.155672,0,0,0,0
86.6,2675,3,0.0756014,0.0756014,0.739696,0.446202,0.293495,34.9588,33.7848,7,7,0,0.987803,1.08655,0.098752,0,0,0,0
86.7,2676,1,0.177485,0.177485,0.967683,0.945939,0.0217441,35.8707,35.7838,11,10,-1,0.769661,0.675075,0.0945867,0,0,0,0
86.7,2676,2,0.430491,0.430491,0.794242,0.957544,0.163302,35.177,35.8302,12,9,-3,0.665696,0.686872,0.021176,0,0,0,0
86.7,2676,3,0.0632787,0.0632787,0.69736,0.739696,0.0423362,34.7894,34.9588,7,11,4,1.08655,0.432397,0.654157,0,0,0,0
86.8,2677,1,1.334,1.334,0.898008,0.967683,0.0696746,35.592,35.8707,10,10,0,0.675075,0.765443,0.090368,0,0,0,0
86.8,2677,2,0.156913,0.156913,0.940967,0.794242,0.146725,35.7639,35.177,9,9,0,0.686872,0.91408,0.227208,0,0,0,0
86.8,2677,3,0.523998,0.523998,0.530318,0.69736,0.167042,34.1213,34.7894,11,11,0,0.432397,0.642869,0.210472,0,0,0,0
86.9,2678,1,1.28217,1.28217,0.878552,0.898008,0.0194564,35.5142,35.592,10,11,1,0.765443,0.509989,0.255453,0,0,1,0
86.9,2678,2,0.0156063,0.0156063,-0.472415,0.940967,1.41338,30.1103,35.7639,9,13,4,0.91408,0.501787,0.412293,0,1,0,0
86.9,2678,3,0.53198,0.53198,0.870948,0.530318,0.34063,35.4838,34.1213,11,6,-5,0.642869,0.943264,0.300395,0,0,0,0
87,2679,1,0.85594,0.85594,0.448405,0.878552,0.430147,33.7936,35.5142,11,11,0,0.509989,0.750789,0.2408,0,0,0,0
87,2679,2,0.727478,0.727478,0.75901,-0.472415,1.23142,35.036,30.1103,13,13,0,0.501787,0.512443,0.010656,0,0,0,0
87,2679,3,0.0197553,0.0197553,0.786248,0.870948,0.0846999,35.145,35.4838,6,6,0,0.943264,1.18849,0.245224,0,1,0,0
87.1,2680,1,0.804684,0.804684,0.805958,0.448405,0.357553,35.2238,33.7936,11,12,1,0.750789,0.514944,0.235845,0,0,0,0
87.1,2680,2,0.145456,0.145456,0.991991,0.75901,0.232981,35.968,35.036,13,7,-6,0.512443,1.04195,0.529512,0,0,0,0
87.1,2680,3,0.00649202,0.00649202,0.7293,0.786248,0.056948,34.9172,35.145,6,11,5,1.18849,0.533829,0.654659,0,1,0,0
87.2,2681,1,0.195745,0.195745,0.777634,0.805958,0.0283247,35.1105,35.2238,12,12,0,0.514944,0.516608,0.001664,0,0,0,0
87.2,2681,2,0.175968,0.175968,0.592704,0.991991,0.399287,34.3708,35.968,7,7,0,1.04195,1.28557,0.243616,0,0,0,0
87.2,2681,3,0.365541,0.365541,0.570593,0.7293,0.158707,34.2824,34.9172,11,11,0,0.533829,0.765029,0.2312,0,0,0,0
87.3,2682,1,0.222085,0.222085,0.925789,0.777634,0.148155,35.7032,35.1105,12,9,-3,0.516608,0.651088,0.13448,0,0,0,0
87.3,2682,2,0.22179,0.22179,-0.496727,0.592704,1.08943,30.0131,34.3708,7,14,7,1.28557,0.501965,0.783605,0,0,0,0
87.3,2682,3,0.391534,0.391534,0.909222,0.570593,0.338629,35.6369,34.2824,11,7,-4,0.765029,0.932235,0.167205,0,0,0,0
87.4,2683,1,0.60945,0.60945,0.151427,0.925789,0.774362,32.6057,35.7032,9,9,0,0.651088,0.896648,0.24556,0,0,0,0
87.4,2683,2,0.652701,0.652701,0.691846,-0.496727,1.18857,34.7674,30.0131,14,14,0,0.501965,0.489373,0.012592,0,0,0,0
87.4,2683,3,1.39101,1.39101,0.718689,0.909222,0.190533,34.8748,35.6369,7,7,0,0.932235,1.14034,0.208104,0,0,0,0
87.5,2684,1,0.413631,0.413631,0.0143665,0.151427,0.13706,32.0575,32.6057,9,12,3,0.896648,0.437104,0.459544,0,0,0,0
87.5,2684,2,0.894953,0.894953,0.861583,0.691846,0.169737,35.4463,34.7674,14,7,-7,0.489373,0.951819,0.462445,0,0,0,0
87.5,2684,3,1.2909,1.2909,0.793493,0.718689,0.0748039,35.174,34.8748,7,11,4,1.14034,0.578677,0.561661,0,0,0,0
87.6,2685,1,0.0281358,0.0281358,0.526479,0.0143665,0.512113,34.1059,32.0575,12,12,0,0.437104,0.480824,0.04372,0,0,0,0
87.6,2685,2,0.897076,0.897076,0.61188,0.861583,0.249702,34.4475,35.4463,7,7,0,0.951819,1.34639,0.394568,0,0,0,0
87.6,2685,3,0.152159,0.152159,0.808565,0.793493,0.0150716,35.2343,35.174,11,11,0,0.578677,0.882877,0.3042,0,0,1,0
87.7,2686,1,0.121047,0.121047,0.985535,0.526479,0.459056,35.9421,34.1059,12,10,-2,0.480824,0.486259,0.00543467,0,0,0,0
87.7,2686,2,0.694204,0.694204,-0.0889387,0.61188,0.700819,31.6442,34.4475,7,13,6,1.34639,0.522931,0.823456,0,0,0,0
87.7,2686,3,0.245191,0.245191,0.983195,0.808565,0.17463,35.9328,35.2343,11,7,-4,0.882877,1.03457,0.151693,0,0,0,0
87.8,2687,1,0.34942,0.34942,0.782688,0.985535,0.202847,35.1308,35.9421,10,10,0,0.486259,0.716827,0.230568,0,0,0,0
87.8,2687,2,0.0261728,0.0261728,-0.186333,-0.0889387,0.0973943,31.2547,31.6442,13,13,0,0.522931,0.557155,0.034224,0,0,0,0
87.8,2687,3,0.100628,0.100628,0.939987,0.983195,0.0432081,35.7599,35.9328,7,7,0,1.03457,1.18376,0.149192,0,0,0,0
87.9,2688,1,0.611057,0.611057,0.935286,0.782688,0.152597,35.7411,35.1308,10,11,1,0.716827,0.814069,0.0972427,0,0,0,0
87.9,2688,2,0.249341,0.249341,0.189471,-0.186333,0.375804,32.7579,31.2547,13,8,-5,0.557155,0.735037,0.177883,0,0,0,0
87.9,2688,3,0.318206,0.318206,0.821587,0.939987,0.1184,35.2863,35.7599,7,11,4,1.18376,0.701101,0.482661,0,0,0,0
88,2689,1,0.308991,0.308991,0.898768,0.935286,0.0365179,35.5951,35.7411,11,11,0,0.814069,0.777981,0.036088,0,0,0,0
88,2689,2,1.77693,1.77693,0.85082,0.189471,0.661349,35.4033,32.7579,8,8,0,0.735037,0.812397,0.07736,0,0,0,0
88,2689,3,0.360482,0.360482,0.798256,0.821587,0.023331,35.193,35.2863,11,11,0,0.701101,0.916037,0.214936,0,0,0,0
88.1,2690,1,0.222467,0.222467,0.842246,0.898768,0.0565218,35.369,35.5951,11,13,2,0.777981,0.522291,0.255691,0,0,0,0
88.1,2690,2,1.5929,1.5929,0.521026,0.85082,0.329794,34.0841,35.4033,8,9,1,0.812397,0.730648,0.0817493,0,0,0,0
88.1,2690,3,0.328583,0.328583,0.853582,0.798256,0.0553265,35.4143,35.193,11,8,-3,0.916037,0.992989,0.076952,0,0,0,0
88.2,2691,1,0.483867,0.483867,0.654767,0.842246,0.187479,34.6191,35.369,13,13,0,0.522291,0.569635,0.047344,0,0,0,0
88.2,2691,2,0.579745,0.579745,0.567718,0.521026,0.0466917,34.2709,34.0841,9,9,0,0.730648,0.847224,0.116576,0,0,0,0
88.2,2691,3,0.0457441,0.0457441,0.827874,0.853582,0.0257077,35.3115,35.4143,8,8,0,0.992989,1.04528,0.052288,0,0,0,0
88.3,2692,1,0.399596,0.399596,0.939582,0.654767,0.284815,35.7583,34.6191,13,9,-4,0.569635,0.633568,0.0639333,0,0,0,0
88.3,2692,2,1.09701,1.09701,0.803551,0.567718,0.235833,35.2142,34.2709,9,9,0,0.847224,0.734744,0.11248,0,0,0,0
88.3,2692,3,0.224252,0.224252,0.989902,0.827874,0.162028,35.9596,35.3115,8,12,4,1.04528,0.654544,0.390733,0,0,0,0
88.4,2693,1,0.0185139,0.0185139,0.687026,0.939582,0.252557,34.7481,35.7583,9,9,0,0.633568,0.730304,0.096736,0,1,0,0
88.4,2693,2,1.48956,1.48956,-0.0695554,0.803551,0.873106,31.7218,35.2142,9,9,0,0.734744,0.990448,0.255704,0,0,0,0
88.4,2693,3,0.349464,0.349464,0.939805,0.989902,0.0500972,35.7592,35.9596,12,12,0,0.654544,0.803864,0.14932,0,0,0,0
88.5,2694,1,0.726169,0.726169,0.898545,0.687026,0.21152,35.5942,34.7481,9,9,0,0.730304,0.6218,0.108504,0,0,0,0
88.5,2694,2,0.330246,0.330246,0.904787,-0.0695554,0.974342,35.6191,31.7218,9,13,4,0.990448,0.391387,0.599061,0,0,0,0
88.5,2694,3,0.780441,0.780441,0.89969,0.939805,0.0401148,35.5988,35.7592,12,8,-4,0.803864,1.00336,0.199493,0,0,0,0
88.6,2695,1,1.01979,1.01979,0.922523,0.898545,0.0239775,35.6901,35.5942,9,9,0,0.6218,0.714152,0.092352,0,0,0,0
88.6,2695,2,1.24475,1.24475,0.686886,0.904787,0.217901,34.7475,35.6191,13,13,0,0.391387,0.474235,0.082848,0,0,0,0
88.6,2695,3,0.757555,0.757555,0.73983,0.89969,0.159859,34.9593,35.5988,8,8,0,1.00336,1.05132,0.04796,0,0,0,0
88.7,2696,1,0.419407,0.419407,0.673944,0.922523,0.248578,34.6958,35.6901,9,12,3,0.714152,0.48368,0.230472,0,0,0,0
88.7,2696,2,0.890628,0.890628,-0.199201,0.686886,0.886087,31.2032,34.7475,13,7,-6,0.474235,1.04888,0.574648,0,0,0,0
88.7,2696,3,0.705383,0.705383,0.450796,0.73983,0.289034,33.8032,34.9593,8,11,3,1.05132,0.539581,0.511736,0,0,0,0
88.8,2697,1,0.211271,0.211271,0.367244,0.673944,0.3067,33.469,34.6958,12,12,0,0.48368,0.67016,0.18648,0,0,0,0
88.8,2697,2,1.00443,1.00443,0.281087,-0.199201,0.480289,33.1243,31.2032,7,7,0,1.04888,1.02148,0.0274,0,0,0,0
88.8,2697,3,0.743011,0.743011,0.339695,0.450796,0.111102,33.3588,33.8032,11,11,0,0.539581,0.751461,0.21188,0,0,0,0
88.9,2698,1,0.587552,0.587552,0.983347,0.367244,0.616103,35.9334,33.469,12,9,-3,0.67016,0.812968,0.142808,0,0,0,0
88.9,2698,2,0.0708044,0.0708044,0.807884,0.281087,0.526796,35.2315,33.1243,7,10,3,1.02148,0.781019,0.240464,0,0,0,0
88.9,2698,3,0.555337,0.555337,0.647722,0.339695,0.308027,34.5909,33.3588,11,11,0,0.751461,0.740885,0.010576,0,0,0,0
89,2699,1,0.0669324,0.0669324,0.545835,0.983347,0.437513,34.1833,35.9334,9,9,0,0.812968,0.866192,0.053224,0,0,0,0
89,2699,2,1.29478,1.29478,0.463164,0.807884,0.34472,33.8527,35.2315,10,10,0,0.781019,0.971331,0.190312,0,0,0,0
89,2699,3,0.55239,0.55239,0.78283,0.647722,0.135108,35.1313,34.5909,11,11,0,0.740885,0.781293,0.040408,0,0,0,0
89.1,2700,1,0.0348949,0.0348949,0.965773,0.545835,0.419939,35.8631,34.1833,9,8,-1,0.866192,0.614533,0.251659,0,0,0,0
89.1,2700,2,0.0218897,0.0218897,-0.473416,0.463164,0.93658,30.1063,33.8527,10,14,4,0.971331,0.480861,0.490469,0,0,0,0
89.1,2700,3,0.15871,0.15871,0.96545,0.78283,0.18262,35.8618,35.1313,11,8,-3,0.781293,0.872533,0.09124,0,0,0,0
89.2,2701,1,0.0226131,0.0226131,0.877832,0.965773,0.0879413,35.5113,35.8631,8,8,0,0.614533,0.834261,0.219728,0,0,0,0
89.2,2701,2,0.000916898,0.000916898,0.773407,-0.473416,1.24682,35.0936,30.1063,14,14,0,0.480861,0.478229,0.002632,0,1,0,0
89.2,2701,3,0.155429,0.155429,0.944755,0.96545,0.0206945,35.779,35.8618,8,8,0,0.872533,1.19956,0.327024,0,0,0,0
89.3,2702,1,0.094887,0.094887,0.98435,0.877832,0.106518,35.9374,35.5113,8,12,4,0.834261,0.486184,0.348077,0,0,0,0
89.3,2702,2,1.17024,1.17024,0.846285,0.773407,0.0728782,35.3851,35.0936,14,7,-7,0.478229,1.04215,0.563917,0,0,0,0
89.3,2702,3,1.01238,1.01238,0.700695,0.944755,0.244061,34.8028,35.779,8,11,3,1.19956,0.678221,0.521336,0,0,0,0
89.4,2703,1,0.369529,0.369529,0.84508,0.98435,0.139271,35.3803,35.9374,12,12,0,0.486184,0.700456,0.214272,0,0,0,0
89.4,2703,2,0.229007,0.229007,0.921948,0.846285,0.0756627,35.6878,35.3851,7,7,0,1.04215,1.2657,0.223552,0,0,0,0
89.4,2703,3,1.03498,1.03498,0.331539,0.700695,0.369156,33.3262,34.8028,11,11,0,0.678221,0.791245,0.113024,0,0,0,0
89.5,2704,1,0.263412,0.263412,0.796688,0.84508,0.0483916,35.1868,35.3803,12,9,-3,0.700456,0.747544,0.047088,0,0,0,0
89.5,2704,2,0.427222,0.427222,0.964103,0.921948,0.0421553,35.8564,35.6878,7,11,4,1.2657,0.762221,0.503477,0,0,0,0
89.5,2704,3,0.988708,0.988708,-0.0424486,0.331539,0.373987,31.8302,33.3262,11,10,-1,0.791245,0.640827,0.150419,0,0,0,0
89.6,2705,1,0.0543641,0.0543641,0.901189,0.796688,0.104501,35.6048,35.1868,9,9,0,0.747544,0.887304,0.13976,0,0,0,0
89.6,2705,2,0.0563538,0.0563538,0.774855,0.964103,0.189248,35.0994,35.8564,11,11,0,0.762221,0.975901,0.21368,0,0,0,0
89.6,2705,3,0.138401,0.138401,0.965611,-0.0424486,1.00806,35.8624,31.8302,10,10,0,0.640827,0.711531,0.070704,0,0,0,0
89.7,2706,1,0.388809,0.388809,0.662069,0.901189,0.239119,34.6483,35.6048,9,10,1,0.887304,0.749251,0.138053,0,0,0,0
89.7,2706,2,1.05094,1.05094,0.440235,0.774855,0.33462,33.7609,35.0994,11,11,0,0.975901,0.833805,0.142096,0,0,0,0
89.7,2706,3,0.0156263,0.0156263,0.982293,0.965611,0.0166815,35.9292,35.8624,10,9,-1,0.711531,0.827024,0.115493,0,1,1,0
89.8,2707,1,0.067364,0.067364,0.492915,0.662069,0.169155,33.9717,34.6483,10,10,0,0.749251,0.682667,0.066584,0,0,0,0
89.8,2707,2,1.52492,1.52492,0.630778,0.440235,0.190544,34.5231,33.7609,11,11,0,0.833805,0.704965,0.12884,0,0,0,0
89.8,2707,3,0.760547,0.760547,0.968989,0.982293,0.0133033,35.876,35.9292,9,9,0,0.827024,1.03802,0.211,0,0,1,0
89.9,2708,1,0.266318,0.266318,0.829179,0.492915,0.336264,35.3167,33.9717,10,11,1,0.682667,0.590261,0.0924053,0,0,0,0
89.9,2708,2,0.322931,0.322931,0.813503,0.630778,0.182725,35.254,34.5231,11,7,-4,0.704965,1.03086,0.325893,0,0,0,0
89.9,2708,3,0.000659168,0.000659168,0.760894,0.968989,0.208095,35.0436,35.876,9,12,3,1.03802,0.616416,0.421608,0,1,0,0
90,2709,1,0.151919,0.151919,0.932972,0.829179,0.103793,35.7319,35.3167,11,11,0,0.590261,0.579885,0.010376,0,0,0,0
90,2709,2,0.672437,0.672437,0.810029,0.813503,0.00347435,35.2401,35.254,7,7,0,1.03086,1.23159,0.200728,0,0,1,0
90,2709,3,0.00762576,0.00762576,0.733758,0.760894,0.027136,34.935,35.0436,12,12,0,0.616416,0.783712,0.167296,0,1,0,0
90.1,2710,1,1.05025,1.05025,0.619786,0.932972,0.313185,34.4791,35.7319,11,8,-3,0.579885,0.596973,0.017088,0,0,0,0
90.1,2710,2,0.256238,0.256238,0.479822,0.810029,0.330207,33.9193,35.2401,7,15,8,1.23159,0.348424,0.883163,0,0,0,0
90.1,2710,3,1.20123,1.20123,0.950892,0.733758,0.217134,35.8036,34.935,12,7,-5,0.783712,1.03019,0.246475,0,0,0,0
90.2,2711,1,0.153749,0.153749,0.938581,0.619786,0.318795,35.7543,34.4791,8,8,0,0.596973,0.800269,0.203296,0,0,0,0
90.2,2711,2,0.604761,0.604761,0.00991324,0.479822,0.469909,32.0397,33.9193,15,15,0,0.348424,0.514856,0.166432,0,0,0,0
90.2,2711,3,1.23468,1.23468,0.931984,0.950892,0.0189083,35.7279,35.8036,7,7,0,1.03019,1.03544,0.005256,0,0,1,0
90.3,2712,1,1.27218,1.27218,0.56784,0.938581,0.370741,34.2714,35.7543,8,12,4,0.800269,0.47696,0.323309,0,0,0,0
90.3,2712,2,0.738937,0.738937,0.970707,0.00991324,0.960793,35.8828,32.0397,15,8,-7,0.514856,0.792317,0.277461,0,0,0,0
90.3,2712,3,0.465182,0.465182,0.922665,0.931984,0.00931942,35.6907,35.7279,7,10,3,1.03544,0.780899,0.254544,0,0,1,0
90.4,2713,1,0.028917,0.028917,0.863114,0.56784,0.295274,35.4525,34.2714,12,12,0,0.47696,0.659872,0.182912,0,0,0,0
90.4,2713,2,1.44362,1.44362,0.838772,0.970707,0.131934,35.3551,35.8828,8,8,0,0.792317,1.05854,0.266224,0,0,0,0
90.4,2713,3,0.290056,0.290056,0.9631,0.922665,0.040435,35.8524,35.6907,10,10,0,0.780899,0.947411,0.166512,0,0,0,0
90.5,2714,1,0.108245,0.108245,0.466413,0.863114,0.396701,33.8657,35.4525,12,6,-6,0.659872,0.883872,0.224,0,0,0,0
90.5,2714,2,0.488393,0.488393,0.908337,0.838772,0.0695652,35.6333,35.3551,8,13,5,1.05854,0.510987,0.547555,0,0,0,0
90.5,2714,3,0.00157207,0.00157207,0.456206,0.9631,0.506894,33.8248,35.8524,10,11,1,0.947411,0.687165,0.260245,0,1,0,0
90.6,2715,1,0.226259,0.226259,0.920314,0.466413,0.453901,35.6813,33.8657,6,6,0,0.883872,0.97212,0.088248,0,0,0,0
90.6,2715,2,0.303101,0.303101,-0.0559032,0.908337,0.96424,31.7764,35.6333,13,13,0,0.510987,0.787995,0.277008,0,0,0,0
90.6,2715,3,0.355379,0.355379,0.761985,0.456206,0.305779,35.0479,33.8248,11,11,0,0.687165,0.733189,0.046024,0,0,0,0
90.7,2716,1,0.366982,0.366982,0.856861,0.920314,0.0634531,35.4274,35.6813,6,11,5,0.97212,0.536037,0.436083,0,0,0,0
90.7,2716,2,0.595557,0.595557,0.84451,-0.0559032,0.900414,35.378,31.7764,13,12,-1,0.787995,0.680584,0.107411,0,0,0,0
90.7,2716,3,0.534265,0.534265,0.896476,0.761985,0.134491,35.5859,35.0479,11,7,-4,0.733189,1.07499,0.341797,0,0,0,0
90.8,2717,1,0.0868945,0.0868945,0.898549,0.856861,0.0416877,35.5942,35.4274,11,11,0,0.536037,0.601005,0.064968,0,0,0,0
90.8,2717,2,0.711082,0.711082,0.620215,0.84451,0.224295,34.4809,35.378,12,12,0,0.680584,0.677736,0.002848,0,0,0,0
90.8,2717,3,1.31145,1.31145,0.849509,0.896476,0.0469674,35.398,35.5859,7,7,0,1.07499,1.14847,0.073488,0,0,0,0
90.9,2718,1,0.346573,0.346573,0.88941,0.898549,0.00913864,35.5576,35.5942,11,6,-5,0.601005,0.930648,0.329643,0,0,1,0
90.9,2718,2,0.0440789,0.0440789,0.863169,0.620215,0.242954,35.4527,34.4809,12,13,1,0.677736,0.554915,0.122821,0,0,0,0
90.9,2718,3,1.13364,1.13364,0.965226,0.849509,0.115717,35.8609,35.398,7,11,4,1.14847,0.588765,0.559709,0,0,0,0
91,2719,1,0.121531,0.121531,0.942599,0.88941,0.0531887,35.7704,35.5576,6,6,0,0.930648,1.12502,0.194368,0,0,0,0
91,2719,2,0.658087,0.658087,-0.174762,0.863169,1.03793,31.301,35.4527,13,13,0,0.554915,0.523483,0.031432,0,0,0,0
91,2719,3,0.19551,0.19551,0.277093,0.965226,0.688133,33.1084,35.8609,11,11,0,0.588765,0.846901,0.258136,0,0,0,0
91.1,2720,1,0.182329,0.182329,0.770331,0.942599,0.172268,35.0813,35.7704,6,13,7,1.12502,0.507763,0.617253,0,0,0,0
91.1,2720,2,0.520241,0.520241,0.939457,-0.174762,1.11422,35.7578,31.301,13,9,-4,0.523483,0.790312,0.266829,0,0,0,0
91.1,2720,3,0.491,0.491,0.798262,0.277093,0.521169,35.193,33.1084,11,8,-3,0.846901,0.876765,0.029864,0,0,0,0
91.2,2721,1,0.00212175,0.00212175,0.75669,0.770331,0.0136405,35.0268,35.0813,13,13,0,0.507763,0.532651,0.024888,0,1,1,0
91.2,2721,2,0.105112,0.105112,0.571121,0.939457,0.368336,34.2845,35.7578,9,9,0,0.790312,0.89064,0.100328,0,0,0,0
91.2,2721,3,0.157845,0.157845,0.701104,0.798262,0.0971586,34.8044,35.193,8,8,0,0.876765,1.00372,0.126952,0,0,0,0
91.3,2722,1,1.19418,1.19418,0.99042,0.75669,0.23373,35.9617,35.0268,13,5,-8,0.532651,1.01118,0.478525,0,0,0,0
91.3,2722,2,0.065767,0.065767,-0.0204029,0.571121,0.591524,31.9184,34.2845,9,14,5,0.89064,0.474293,0.416347,0,0,0,0
91.3,2722,3,0.255032,0.255032,0.917353,0.701104,0.216249,35.6694,34.8044,8,11,3,1.00372,0.579109,0.424608,0,0,0,0
91.4,2723,1,0.314811,0.314811,0.971337,0.99042,0.0190829,35.8853,35.9617,5,5,0,1.01118,1.34527,0.334096,0,0,1,0
91.4,2723,2,0.217889,0.217889,-0.302031,-0.0204029,0.281628,30.7919,31.9184,14,14,0,0.474293,0.508893,0.0346,0,0,0,0
91.4,2723,3,0.0799962,0.0799962,-0.0986569,0.917353,1.01601,31.6054,35.6694,11,11,0,0.579109,0.763045,0.183936,0,0,0,0
91.5,2724,1,0.743283,0.743283,0.707781,0.971337,0.263556,34.8311,35.8853,5,15,10,1.34527,0.588752,0.75652,0,0,0,0
91.5,2724,2,0.559636,0.559636,-0.0728074,-0.302031,0.229224,31.7088,30.7919,14,7,-7,0.508893,0.775627,0.266733,0,0,0,0
91.5,2724,3,0.0136975,0.0136975,0.369326,-0.0986569,0.467983,33.4773,31.6054,11,8,-3,0.763045,0.835269,0.072224,0,1,0,0
91.6,2725,1,0.508097,0.508097,0.323773,0.707781,0.384008,33.2951,34.8311,15,15,0,0.588752,0.488632,0.10012,0,0,0,0
91.6,2725,2,1.0769,1.0769,0.973075,-0.0728074,1.04588,35.8923,31.7088,7,7,0,0.775627,0.997563,0.221936,0,0,0,0
91.6,2725,3,0.247972,0.247972,0.792003,0.369326,0.422677,35.168,33.4773,8,8,0,0.835269,0.938549,0.10328,0,0,0,0
91.7,2726,1,0.1657,0.1657,0.481069,0.323773,0.157296,33.9243,33.2951,15,9,-6,0.488632,0.666792,0.17816,0,0,0,0
91.7,2726,2,1.52972,1.52972,0.788688,0.973075,0.184387,35.1548,35.8923,7,11,4,0.997563,0.768365,0.229197,0,0,0,0
91.7,2726,3,0.195566,0.195566,0.933143,0.792003,0.14114,35.7326,35.168,8,10,2,0.938549,0.763195,0.175355,0,0,0,0
91.8,2727,1,0.655914,0.655914,0.926127,0.481069,0.445057,35.7045,33.9243,9,9,0,0.666792,0.603064,0.063728,0,0,0,0
91.8,2727,2,0.123144,0.123144,0.835313,0.788688,0.0466253,35.3413,35.1548,11,11,0,0.768365,0.926333,0.157968,0,0,0,0
91.8,2727,3,0.241277,0.241277,0.890378,0.933143,0.0427652,35.5615,35.7326,10,10,0,0.763195,0.989851,0.226656,0,0,0,0
91.9,2728,1,0.100115,0.100115,0.950274,0.926127,0.0241473,35.8011,35.7045,9,12,3,0.603064,0.39096,0.212104,0,0,0,0
91.9,2728,2,0.0682065,0.0682065,0.923215,0.835313,0.0879015,35.6929,35.3413,11,8,-3,0.926333,1.04943,0.123096,0,0,0,0
91.9,2728,3,0.734137,0.734137,0.875731,0.890378,0.014647,35.5029,35.5615,10,10,0,0.989851,0.786539,0.203312,0,0,1,0
92,2729,1,0.528837,0.528837,0.819249,0.950274,0.131025,35.277,35.8011,12,12,0,0.39096,0.515592,0.124632,0,0,0,0
92,2729,2,0.603016,0.603016,0.464749,0.923215,0.458466,33.859,35.6929,8,8,0,1.04943,1.10039,0.05096,0,0,0,0
92,2729,3,0.374594,0.374594,0.6852,0.875731,0.190531,34.7408,35.5029,10,10,0,0.786539,0.870939,0.0844,0,0,0,0
92.1,2730,1,0.606741,0.606741,0.738297,0.819249,0.0809516,34.9532,35.277,12,6,-6,0.515592,0.901704,0.386112,0,0,0,0
92.1,2730,2,0.862509,0.862509,0.642291,0.464749,0.177543,34.5692,33.859,8,15,7,1.10039,0.413608,0.686781,0,0,0,0
92.1,2730,3,0.0789659,0.0789659,0.96937,0.6852,0.284171,35.8775,34.7408,10,9,-1,0.870939,0.826584,0.0443547,0,0,0,0
92.2,2731,1,0.115465,0.115465,0.902965,0.738297,0.164668,35.6119,34.9532,6,6,0,0.901704,1.07707,0.175368,0,0,0,0
92.2,2731,2,0.265531,0.265531,0.952421,0.642291,0.31013,35.8097,34.5692,15,15,0,0.413608,0.378176,0.035432,0,0,0,0
92.2,2731,3,0.106446,0.106446,0.643283,0.96937,0.326088,34.5731,35.8775,9,9,0,0.826584,0.91144,0.084856,0,0,0,0
92.3,2732,1,1.16811,1.16811,0.932416,0.902965,0.0294505,35.7297,35.6119,6,13,7,1.07707,0.297163,0.779909,0,0,0,0
92.3,2732,2,0.469845,0.469845,0.590182,0.952421,0.362239,34.3607,35.8097,15,7,-8,0.378176,1.01383,0.635651,0,0,0,0
92.3,2732,3,0.114803,0.114803,0.681165,0.643283,0.0378817,34.7247,34.5731,9,10,1,0.91144,0.818563,0.0928773,0,0,0,0
92.4,2733,1,0.0683425,0.0683425,0.379203,0.932416,0.553213,33.5168,35.7297,13,13,0,0.297163,0.459963,0.1628,0,0,0,0
92.4,2733,2,0.0932926,0.0932926,0.785656,0.590182,0.195474,35.1426,34.3607,7,7,0,1.01383,1.22382,0.209992,0,0,0,0
92.4,2733,3,0.054515,0.054515,0.928473,0.681165,0.247309,35.7139,34.7247,10,10,0,0.818563,0.802251,0.016312,0,0,0,0
92.5,2734,1,0.0421211,0.0421211,0.846464,0.379203,0.467262,35.3859,33.5168,13,6,-7,0.459963,0.902688,0.442725,0,0,0,0
92.5,2734,2,0.548341,0.548341,0.762993,0.785656,0.0226631,35.052,35.1426,7,16,9,1.22382,0.351787,0.872032,0,0,0,0
92.5,2734,3,0.838499,0.838499,0.834517,0.928473,0.093956,35.3381,35.7139,10,8,-2,0.802251,0.915437,0.113187,0,0,0,0
92.6,2735,1,0.149578,0.149578,0.821231,0.846464,0.0252333,35.2849,35.3859,6,6,0,0.902688,0.978784,0.076096,0,0,0,0
92.6,2735,2,0.256264,0.256264,0.596383,0.762993,0.16661,34.3855,35.052,16,16,0,0.351787,0.461187,0.1094,0,0,0,0
92.6,2735,3,0.844611,0.844611,0.84799,0.834517,0.0134727,35.392,35.3381,8,8,0,0.915437,1.07604,0.1606,0,0,1,0
92.7,2736,1,1.48635,1.48635,0.956439,0.821231,0.135208,35.8258,35.2849,6,9,3,0.978784,0.678464,0.30032,0,0,0,0
92.7,2736,2,1.62681,1.62681,0.552405,0.596383,0.0439786,34.2096,34.3855,16,9,-7,0.461187,0.80392,0.342733,0,0,0,0
92.7,2736,3,0.67362,0.67362,0.887206,0.84799,0.0392157,35.5488,35.392,8,12,4,1.07604,0.4846,0.591437,0,0,0,0
92.8,2737,1,0.493329,0.493329,0.564321,0.956439,0.392118,34.2573,35.8258,9,9,0,0.678464,0.860872,0.182408,0,0,0,0
92.8,2737,2,1.61632,1.61632,-0.372697,0.552405,0.925101,30.5092,34.2096,9,9,0,0.80392,0.923376,0.119456,0,0,0,0
92.8,2737,3,0.357979,0.357979,0.920116,0.887206,0.0329097,35.6805,35.5488,12,12,0,0.4846,0.74212,0.25752,0,0,0,0
92.9,2738,1,0.192851,0.192851,0.98254,0.564321,0.418219,35.9302,34.2573,9,10,1,0.860872,0.739627,0.121245,0,0,0,0
92.9,2738,2,0.0527487,0.0527487,0.865819,-0.372697,1.23852,35.4633,30.5092,9,11,2,0.923376,0.635781,0.287595,0,0,0,0
92.9,2738,3,0.218225,0.218225,0.979498,0.920116,0.0593827,35.918,35.6805,12,9,-3,0.74212,1.09246,0.350344,0,0,0,0
93,2739,1,0.721594,0.721594,0.872512,0.98254,0.110027,35.49,35.9302,10,10,0,0.739627,0.753195,0.013568,0,0,0,0
93,2739,2,0.613978,0.613978,0.906967,0.865819,0.0411478,35.6279,35.4633,11,11,0,0.635781,0.639045,0.003264,0,0,0,0
93,2739,3,0.163044,0.163044,-0.212824,0.979498,1.19232,31.1487,35.918,9,9,0,1.09246,1.00641,0.086056,0,0,0,0
93.1,2740,1,1.25923,1.25923,0.51164,0.872512,0.360873,34.0466,35.49,10,13,3,0.753195,0.498227,0.254968,0,0,0,0
93.1,2740,2,0.576541,0.576541,0.97169,0.906967,0.0647238,35.8868,35.6279,11,8,-3,0.639045,1.05045,0.4114,0,0,0,0
93.1,2740,3,0.994173,0.994173,0.86565,-0.212824,1.07847,35.4626,31.1487,9,9,0,1.00641,0.76828,0.238128,0,0,0,0
93.2,2741,1,0.962406,0.962406,0.921423,0.51164,0.409783,35.6857,34.0466,13,13,0,0.498227,0.542771,0.044544,0,0,0,0
93.2,2741,2,0.824602,0.824602,-0.107899,0.97169,1.07959,31.5684,35.8868,8,8,0,1.05045,1.28477,0.23432,0,0,0,0
93.2,2741,3,1.25092,1.25092,0.787544,0.86565,0.0781066,35.1502,35.4626,9,9,0,0.76828,0.584832,0.183448,0,0,0,0
93.3,2742,1,0.0654095,0.0654095,0.403414,0.921423,0.518009,33.6137,35.6857,13,10,-3,0.542771,0.703051,0.16028,0,0,0,0
93.3,2742,2,0.799344,0.799344,0.552562,-0.107899,0.66046,34.2102,31.5684,8,10,2,1.28477,0.459995,0.824771,0,0,0,0
93.3,2742,3,0.0370624,0.0370624,0.547022,0.787544,0.240522,34.1881,35.1502,9,10,1,0.584832,0.880163,0.295331,0,0,0,0
93.4,2743,1,0.858506,0.858506,0.950755,0.403414,0.547341,35.803,33.6137,10,10,0,0.703051,0.684507,0.018544,0,0,0,0
93.4,2743,2,0.84356,0.84356,0.703987,0.552562,0.151425,34.8159,34.2102,10,10,0,0.459995,0.810315,0.35032,0,0,0,0
93.4,2743,3,0.00724578,0.00724578,0.250888,0.547022,0.296134,33.0036,34.1881,10,10,0,0.880163,0.968235,0.088072,0,1,0,0
93.5,2744,1,0.427012,0.427012,0.781135,0.950755,0.16962,35.1245,35.803,10,11,1,0.684507,0.562789,0.121717,0,0,0,0
93.5,2744,2,1.20165,1.20165,0.973056,0.703987,0.269069,35.8922,34.8159,10,12,2,0.810315,0.73776,0.0725547,0,0,0,0
93.5,2744,3,0.0430043,0.0430043,0.557298,0.250888,0.30641,34.2292,33.0036,10,7,-3,0.968235,0.873099,0.095136,0,0,0,0
93.6,2745,1,0.749642,0.749642,0.948134,0.781135,0.166999,35.7925,35.1245,11,11,0,0.562789,0.668637,0.105848,0,0,0,0
93.6,2745,2,1.57308,1.57308,0.830348,0.973056,0.142707,35.3214,35.8922,12,12,0,0.73776,0.734232,0.003528,0,0,0,0
93.6,2745,3,0.0926442,0.0926442,-0.0878957,0.557298,0.645194,31.6484,34.2292,7,7,0,0.873099,1.03643,0.163336,0,0,0,0
93.7,2746,1,0.0867985,0.0867985,0.907747,0.948134,0.0403867,35.631,35.7925,11,11,0,0.668637,0.683181,0.014544,0,0,0,0
93.7,2746,2,0.135796,0.135796,0.638748,0.830348,0.191601,34.555,35.3214,12,12,0,0.734232,0.87448,0.140248,0,0,0,0
93.7,2746,3,0.116165,0.116165,0.963047,-0.0878957,1.05094,35.8522,31.6484,7,7,0,1.03643,0.775939,0.260496,0,0,0,0
93.8,2747,1,1.30503,1.30503,0.498762,0.907747,0.408985,33.995,35.631,11,11,0,0.683181,0.693293,0.010112,0,0,0,0
93.8,2747,2,0.335313,0.335313,0.805781,0.638748,0.167033,35.2231,34.555,12,12,0,0.87448,0.770856,0.103624,0,0,0,0
93.8,2747,3,0.379747,0.379747,0.687317,0.963047,0.27573,34.7493,35.8522,7,7,0,0.775939,1.03487,0.258928,0,0,0,0
93.9,2748,1,1.1316,1.1316,0.801285,0.498762,0.302523,35.2051,33.995,11,7,-4,0.693293,0.906347,0.213053,0,0,0,0
93.9,2748,2,0.411988,0.411988,0.904524,0.805781,0.0987433,35.6181,35.2231,12,13,1,0.770856,0.531363,0.239493,0,0,0,0
93.9,2748,3,0.125365,0.125365,0.936613,0.687317,0.249296,35.7465,34.7493,7,10,3,1.03487,0.609475,0.425392,0,0,0,0
94,2749,1,0.47195,0.47195,0.640172,0.801285,0.161113,34.5607,35.2051,7,7,0,0.906347,0.778267,0.12808,0,0,0,0
94,2749,2,0.071111,0.071111,0.150637,0.904524,0.753887,32.6025,35.6181,13,13,0,0.531363,0.712739,0.181376,0,0,0,0
94,2749,3,0.0953041,0.0953041,0.528192,0.936613,0.408421,34.1128,35.7465,10,10,0,0.609475,0.840963,0.231488,0,0,0,0
94.1,2750,1,0.448445,0.448445,0.641714,0.640172,0.00154185,34.5669,34.5607,7,11,4,0.778267,0.475069,0.303197,0,0,1,0
94.1,2750,2,1.16806,1.16806,0.860835,0.150637,0.710198,35.4433,32.6025,13,11,-2,0.712739,0.544869,0.167869,0,0,0,0
94.1,2750,3,0.32163,0.32163,0.7883,0.528192,0.260108,35.1532,34.1128,10,8,-2,0.840963,0.963477,0.122515,0,0,0,0
94.2,2751,1,0.642892,0.642892,0.979026,0.641714,0.337312,35.9161,34.5669,11,11,0,0.475069,0.596677,0.121608,0,0,0,0
94.2,2751,2,0.635285,0.635285,0.972081,0.860835,0.111246,35.8883,35.4433,11,11,0,0.544869,0.758365,0.213496,0,0,0,0
94.2,2751,3,0.145346,0.145346,0.967573,0.7883,0.179273,35.8703,35.1532,8,8,0,0.963477,1.08503,0.121552,0,0,0,0
94.3,2752,1,0.53715,0.53715,0.902188,0.979026,0.0768378,35.6088,35.9161,11,6,-5,0.596677,0.822528,0.225851,0,0,0,0
94.3,2752,2,0.690298,0.690298,0.0645502,0.972081,0.90753,32.2582,35.8883,11,16,5,0.758365,0.360731,0.397635,0,0,0,0
94.3,2752,3,0.43381,0.43381,0.905617,0.967573,0.0619565,35.6225,35.8703,8,8,0,1.08503,0.966557,0.118472,0,0,0,0
94.4,2753,1,1.33063,1.33063,0.890118,0.902188,0.0120696,35.5605,35.6088,6,6,0,0.822528,1.08184,0.259312,0,0,1,0
94.4,2753,2,0.0701112,0.0701112,-0.00262129,0.0645502,0.0671715,31.9895,32.2582,16,16,0,0.360731,0.420507,0.059776,0,0,0,0
94.4,2753,3,0.400559,0.400559,0.961702,0.905617,0.0560851,35.8468,35.6225,8,8,0,0.966557,1.04744,0.08088,0,0,0,0
94.5,2754,1,1.59904,1.59904,0.955202,0.890118,0.0650831,35.8208,35.5605,6,13,7,1.08184,0.475243,0.606597,0,0,0,0
94.5,2754,2,0.839058,0.839058,0.881625,-0.00262129,0.884247,35.5265,31.9895,16,7,-9,0.420507,0.833131,0.412624,0,0,0,0
94.5,2754,3,0.0203892,0.0203892,0.926669,0.961702,0.0350328,35.7067,35.8468,8,10,2,1.04744,0.864283,0.183155,0,0,0,0
94.6,2755,1,0.458056,0.458056,0.726131,0.955202,0.22907,34.9045,35.8208,13,13,0,0.475243,0.468115,0.007128,0,0,0,0
94.6,2755,2,0.217621,0.217621,0.817882,0.881625,0.0637437,35.2715,35.5265,7,7,0,0.833131,1.15143,0.318304,0,0,0,0
94.6,2755,3,0.457793,0.457793,0.656359,0.926669,0.27031,34.6254,35.7067,10,10,0,0.864283,0.996739,0.132456,0,0,0,0
94.7,2756,1,0.0107805,0.0107805,0.917899,0.726131,0.191768,35.6716,34.9045,13,6,-7,0.468115,0.89596,0.427845,0,1,0,0
94.7,2756,2,0.220172,0.220172,0.843834,0.817882,0.025952,35.3753,35.2715,7,15,8,1.15143,0.554568,0.596867,0,0,0,0
94.7,2756,3,0.451384,0.451384,0.975025,0.656359,0.318666,35.9001,34.6254,10,9,-1,0.996739,0.7688,0.227939,0,0,0,0
94.8,2757,1,1.04731,1.04731,0.989338,0.917899,0.0714393,35.9574,35.6716,6,6,0,0.89596,1.02579,0.129832,0,0,0,0
94.8,2757,2,0.691823,0.691823,0.752527,0.843834,0.0913069,35.0101,35.3753,15,15,0,0.554568,0.63396,0.079392,0,0,0,0
94.8,2757,3,0.297286,0.297286,0.506878,0.975025,0.468147,34.0275,35.9001,9,9,0,0.7688,0.922112,0.153312,0,0,0,0
94.9,2758,1,1.50397,1.50397,0.953543,0.989338,0.0357956,35.8142,35.9574,6,11,5,1.02579,0.591845,0.433947,0,0,0,0
94.9,2758,2,0.48511,0.48511,0.870505,0.752527,0.117979,35.482,35.0101,15,10,-5,0.63396,0.947435,0.313475,0,0,0,0
94.9,2758,3,0.130794,0.130794,0.905949,0.506878,0.399071,35.6238,34.0275,9,9,0,0.922112,0.89216,0.029952,0,0,0,0
95,2759,1,0.111196,0.111196,0.876885,0.953543,0.0766581,35.5075,35.8142,11,11,0,0.591845,0.605277,0.013432,0,0,0,0
95,2759,2,0.372976,0.372976,0.336883,0.870505,0.533622,33.3475,35.482,10,10,0,0.947435,0.961483,0.014048,0,0,0,0
95,2759,3,0.117066,0.117066,0.935013,0.905949,0.029065,35.7401,35.6238,9,9,0,0.89216,0.9454,0.05324,0,0,0,0
95.1,2760,1,0.185826,0.185826,0.418701,0.876885,0.458184,33.6748,35.5075,11,6,-5,0.605277,1.02966,0.424379,0,0,0,0
95.1,2760,2,0.0541851,0.0541851,0.467642,0.336883,0.130758,33.8706,33.3475,10,16,6,0.961483,0.415291,0.546192,0,0,0,0
95.1,2760,3,0.0233712,0.0233712,0.933008,0.935013,0.00200593,35.732,35.7401,9,8,-1,0.9454,0.912021,0.0333787,0,0,1,0
95.2,2761,1,0.758992,0.758992,0.889873,0.418701,0.471172,35.5595,33.6748,6,6,0,1.02966,1.1147,0.08504,0,0,0,0
95.2,2761,2,0.448059,0.448059,0.249183,0.467642,0.218459,32.9967,33.8706,16,16,0,0.415291,0.268539,0.146752,0,0,0,0
95.2,2761,3,0.359428,0.359428,0.682722,0.933008,0.250286,34.7309,35.732,8,8,0,0.912021,1.15652,0.244496,0,0,0,0
95.3,2762,1,0.878026,0.878026,0.964006,0.889873,0.0741332,35.856,35.5595,6,12,6,1.1147,0.418248,0.696448,0,0,0,0
95.3,2762,2,0.627965,0.627965,0.862446,0.249183,0.613263,35.4498,32.9967,16,7,-9,0.268539,0.927507,0.658968,0,0,0,0
95.3,2762,3,0.579472,0.579472,0.97397,0.682722,0.291249,35.8959,34.7309,8,11,3,1.15652,0.593189,0.563328,0,0,0,0
95.4,2763,1,1.17018,1.17018,0.991962,0.964006,0.0279559,35.9678,35.856,12,12,0,0.418248,0.634872,0.216624,0,0,0,0
95.4,2763,2,1.56542,1.56542,0.85463,0.862446,0.00781637,35.4185,35.4498,7,7,0,0.927507,1.1887,0.261192,0,0,1,0
95.4,2763,3,0.213855,0.213855,0.780584,0.97397,0.193386,35.1223,35.8959,11,11,0,0.593189,0.845765,0.252576,0,0,0,0
95.5,2764,1,0.16343,0.16343,0.9235,0.991962,0.0684622,35.694,35.9678,12,7,-5,0.634872,0.730931,0.0960587,0,0,0,0
95.5,2764,2,1.16005,1.16005,0.426752,0.85463,0.427878,33.707,35.4185,7,15,8,1.1887,0.459952,0.728747,0,0,0,0
95.5,2764,3,0.806715,0.806715,0.858759,0.780584,0.0781749,35.435,35.1223,11,8,-3,0.845765,0.866421,0.020656,0,0,0,0
95.6,2765,1,0.683118,0.683118,0.925921,0.9235,0.0024212,35.7037,35.694,7,7,0,0.730931,0.951187,0.220256,0,0,1,0
95.6,2765,2,0.389119,0.389119,0.943021,0.426752,0.516269,35.7721,33.707,15,15,0,0.459952,0.553872,0.09392,0,0,0,0
95.6,2765,3,0.588328,0.588328,0.822109,0.858759,0.0366496,35.2884,35.435,8,8,0,0.866421,1.04905,0.182632,0,0,0,0
95.7,2766,1,0.406048,0.406048,0.851409,0.925921,0.0745119,35.4056,35.7037,7,11,4,0.951187,0.493749,0.457437,0,0,0,0
95.7,2766,2,0.0880563,0.0880563,0.360263,0.943021,0.582758,33.4411,35.7721,15,8,-7,0.553872,1.00045,0.446573,0,0,0,0
95.7,2766,3,0.253718,0.253718,0.939246,0.822109,0.117136,35.757,35.2884,8,11,3,1.04905,0.646261,0.402792,0,0,0,0
95.8,2767,1,0.0976403,0.0976403,0.743691,0.851409,0.107718,34.9748,35.4056,11,11,0,0.493749,0.619973,0.126224,0,0,0,0
95.8,2767,2,0.126602,0.126602,0.715032,0.360263,0.354769,34.8601,33.4411,8,8,0,1.00045,0.965021,0.035424,0,0,0,0
95.8,2767,3,0.0717242,0.0717242,0.982974,0.939246,0.0437279,35.9319,35.757,11,11,0,0.646261,0.859325,0.213064,0,0,0,0
95.9,2768,1,0.0721589,0.0721589,0.908929,0.743691,0.165237,35.6357,34.9748,11,8,-3,0.619973,0.771397,0.151424,0,0,0,0
95.9,2768,2,0.596227,0.596227,0.854456,0.715032,0.139424,35.4178,34.8601,8,13,5,0.965021,0.433939,0.531083,0,0,0,0
95.9,2768,3,0.855078,0.855078,0.667471,0.982974,0.315502,34.6699,35.9319,11,9,-2,0.859325,0.833696,0.0256293,0,0,0,0
96,2769,1,0.960847,0.960847,0.637377,0.908929,0.271551,34.5495,35.6357,8,8,0,0.771397,0.723429,0.047968,0,0,0,0
96,2769,2,0.574275,0.574275,-0.447688,0.854456,1.30214,30.2092,35.4178,13,13,0,0.433939,0.563339,0.1294,0,0,0,0
96,2769,3,0.64286,0.64286,0.462703,0.667471,0.204769,33.8508,34.6699,9,9,0,0.833696,0.968728,0.135032,0,0,0,0
96.1,2770,1,1.03287,1.03287,0.911756,0.637377,0.274379,35.647,34.5495,8,10,2,0.723429,0.678179,0.0452507,0,0,0,0
96.1,2770,2,0.0625514,0.0625514,0.86495,-0.447688,1.31264,35.4598,30.2092,13,9,-4,0.563339,0.65408,0.0907413,0,0,0,0
96.1,2770,3,0.554107,0.554107,0.303143,0.462703,0.15956,33.2126,33.8508,9,11,2,0.968728,0.581509,0.387219,0,0,0,0
96.2,2771,1,0.189451,0.189451,0.813401,0.911756,0.0983549,35.2536,35.647,10,10,0,0.678179,0.860003,0.181824,0,0,0,0
96.2,2771,2,1.59534,1.59534,0.0577521,0.86495,0.807198,32.231,35.4598,9,9,0,0.65408,1.01774,0.363664,0,0,0,0
96.2,2771,3,0.882429,0.882429,0.352014,0.303143,0.0488713,33.4081,33.2126,11,11,0,0.581509,0.752869,0.17136,0,0,0,0
96.3,2772,1,0.0429951,0.0429951,0.959229,0.813401,0.145828,35.8369,35.2536,10,7,-3,0.860003,0.875563,0.01556,0,0,0,0
96.3,2772,2,0.836675,0.836675,0.140038,0.0577521,0.0822863,32.5602,32.231,9,12,3,1.01774,0.664272,0.353472,0,0,0,0
96.3,2772,3,0.0308076,0.0308076,0.925091,0.352014,0.573077,35.7004,33.4081,11,11,0,0.752869,0.654605,0.098264,0,0,0,0
96.4,2773,1,0.160602,0.160602,0.928477,0.959229,0.030752,35.7139,35.8369,7,7,0,0.875563,1.0513,0.175736,0,0,0,0
96.4,2773,2,0.633016,0.633016,0.0412636,0.140038,0.0987747,32.1651,32.5602,12,12,0,0.664272,0.738744,0.074472,0,0,0,0
96.4,2773,3,0.00296545,0.00296545,0.96707,0.925091,0.0419791,35.8683,35.7004,11,11,0,0.654605,0.842213,0.187608,0,1,0,0
96.5,2774,1,0.0268785,0.0268785,0.708946,0.928477,0.219531,34.8358,35.7139,7,13,6,1.0513,0.393131,0.658168,0,0,0,0
96.5,2774,2,0.0943551,0.0943551,0.790645,0.0412636,0.749381,35.1626,32.1651,12,11,-1,0.738744,0.547541,0.191203,0,0,0,0
96.5,2774,3,0.00977153,0.00977153,0.985568,0.96707,0.0184979,35.9423,35.8683,11,6,-5,0.842213,1.30646,0.464251,0,1,1,0
96.6,2775,1,1.04338,1.04338,0.868413,0.708946,0.159467,35.4737,34.8358,13,13,0,0.393131,0.534523,0.141392,0,0,0,0
96.6,2775,2,1.60318,1.60318,0.313458,0.790645,0.477187,33.2538,35.1626,11,11,0,0.547541,0.746517,0.198976,0,0,0,0
96.6,2775,3,0.716455,0.716455,0.987123,0.985568,0.00155526,35.9485,35.9423,6,6,0,1.30646,1.28344,0.023024,0,0,1,0
96.7,2776,1,0.802911,0.802911,0.946303,0.868413,0.0778909,35.7852,35.4737,13,7,-6,0.534523,0.667771,0.133248,0,0,0,0
96.7,2776,2,1.72953,1.72953,0.88598,0.313458,0.572522,35.5439,33.2538,11,10,-1,0.746517,0.795067,0.0485493,0,0,0,0
96.7,2776,3,0.727641,0.727641,0.965354,0.987123,0.0217694,35.8614,35.9485,6,13,7,1.28344,0.415619,0.867821,0,0,0,0
96.8,2777,1,0.194669,0.194669,0.916347,0.946303,0.0299566,35.6654,35.7852,7,7,0,0.667771,1.05607,0.388304,0,0,0,0
96.8,2777,2,0.00761771,0.00761771,0.873346,0.88598,0.0126341,35.4934,35.5439,10,10,0,0.795067,0.683331,0.111736,0,1,1,0
96.8,2777,3,0.0510672,0.0510672,0.877741,0.965354,0.0876125,35.511,35.8614,13,13,0,0.415619,0.637691,0.222072,0,0,0,0
96.9,2778,1,0.0925729,0.0925729,0.226381,0.916347,0.689966,32.9055,35.6654,7,12,5,1.05607,0.384016,0.672059,0,0,0,0
96.9,2778,2,0.948338,0.948338,0.0990407,0.873346,0.774305,32.3962,35.4934,10,12,2,0.683331,0.698432,0.0151013,0,0,0,0
96.9,2778,3,0.0914362,0.0914362,0.9533,0.877741,0.0755582,35.8132,35.511,13,6,-7,0.637691,1.16796,0.530269,0,0,0,0
97,2779,1,0.109438,0.109438,0.92664,0.226381,0.700259,35.7066,32.9055,12,12,0,0.384016,0.510608,0.126592,0,0,0,0
97,2779,2,0.249429,0.249429,0.930457,0.0990407,0.831416,35.7218,32.3962,12,12,0,0.698432,0.71152,0.013088,0,0,0,0
97,2779,3,0.208727,0.208727,0.790886,0.9533,0.162413,35.1635,35.8132,6,6,0,1.16796,1.47412,0.30616,0,0,0,0
97.1,2780,1,0.0928512,0.0928512,0.848257,0.92664,0.0783827,35.393,35.7066,12,5,-7,0.510608,0.95692,0.446312,0,0,0,0
97.1,2780,2,1.19167,1.19167,-0.550346,0.930457,1.4808,29.7986,35.7218,12,13,1,0.71152,0.471299,0.240221,0,0,0,0
97.1,2780,3,0.291532,0.291532,0.613727,0.790886,0.177159,34.4549,35.1635,6,12,6,1.47412,0.459184,1.01494,0,0,0,0
97.2,2781,1,0.0198009,0.0198009,0.860411,0.848257,0.0121541,35.4416,35.393,5,5,0,0.95692,1.46004,0.50312,0,1,1,0
97.2,2781,2,0.0624971,0.0624971,0.907601,-0.550346,1.45795,35.6304,29.7986,13,13,0,0.471299,0.532803,0.061504,0,0,0,0
97.2,2781,3,0.0979948,0.0979948,0.843952,0.613727,0.230225,35.3758,34.4549,12,12,0,0.459184,0.816624,0.35744,0,0,0,0
97.3,2782,1,0.800155,0.800155,0.926258,0.860411,0.0658465,35.705,35.4416,5,13,8,1.46004,0.426347,1.03369,0,0,0,0
97.3,2782,2,1.07487,1.07487,0.539241,0.907601,0.368361,34.157,35.6304,13,6,-7,0.532803,1.0972,0.564397,0,0,0,0
97.3,2782,3,0.562212,0.562212,0.713031,0.843952,0.130922,34.8521,35.3758,12,11,-1,0.816624,0.817477,0.000853334,0,0,0,0
97.4,2783,1,0.552987,0.552987,0.704748,0.926258,0.22151,34.819,35.705,13,13,0,0.426347,0.358171,0.068176,0,0,0,0
97.4,2783,2,0.206722,0.206722,0.700826,0.539241,0.161585,34.8033,34.157,6,6,0,1.0972,1.33621,0.239008,0,0,0,0
97.4,2783,3,0.144864,0.144864,0.905698,0.713031,0.192667,35.6228,34.8521,11,11,0,0.817477,0.900485,0.083008,0,0,0,0
97.5,2784,1,0.164217,0.164217,0.945077,0.704748,0.240329,35.7803,34.819,13,10,-3,0.358171,0.675411,0.31724,0,0,0,0
97.5,2784,2,1.28356,1.28356,0.140977,0.700826,0.559849,32.5639,34.8033,6,12,6,1.33621,0.572544,0.763664,0,0,0,0
97.5,2784,3,0.365062,0.365062,0.913331,0.905698,0.00763345,35.6533,35.6228,11,8,-3,0.900485,0.853501,0.046984,0,0,1,0
97.6,2785,1,0.169516,0.169516,0.830943,0.945077,0.114133,35.3238,35.7803,10,10,0,0.675411,0.766155,0.090744,0,0,0,0
97.6,2785,2,0.0473669,0.0473669,0.737455,0.140977,0.596478,34.9498,32.5639,12,12,0,0.572544,0.681112,0.108568,0,0,0,0
97.6,2785,3,0.193416,0.193416,0.959053,0.913331,0.0457215,35.8362,35.6533,8,8,0,0.853501,1.12772,0.274216,0,0,0,0
97.7,2786,1,0.266686,0.266686,0.98917,0.830943,0.158226,35.9567,35.3238,10,11,1,0.766155,0.495957,0.270197,0,0,0,0
97.7,2786,2,0.0529737,0.0529737,0.718501,0.737455,0.018954,34.874,34.9498,12,8,-4,0.681112,0.811069,0.129957,0,0,1,0
97.7,2786,3,0.231597,0.231597,0.920862,0.959053,0.0381907,35.6834,35.8362,8,11,3,1.12772,0.592941,0.534776,0,0,0,0
97.8,2787,1,0.46289,0.46289,0.138626,0.98917,0.850544,32.5545,35.9567,11,11,0,0.495957,0.616141,0.120184,0,0,0,0
97.8,2787,2,0.422802,0.422802,0.982438,0.718501,0.263937,35.9298,34.874,8,8,0,0.811069,1.03067,0.2196,0,0,0,0
97.8,2787,3,0.0402402,0.0402402,0.868212,0.920862,0.0526499,35.4728,35.6834,11,11,0,0.592941,0.845109,0.252168,0,0,0,0
97.9,2788,1,0.0857283,0.0857283,0.944236,0.138626,0.80561,35.7769,32.5545,11,7,-4,0.616141,0.562987,0.0531547,0,0,0,0
97.9,2788,2,0.179194,0.179194,0.961536,0.982438,0.0209013,35.8461,35.9298,8,13,5,1.03067,0.560739,0.469931,0,0,0,0
97.9,2788,3,0.144924,0.144924,0.907821,0.868212,0.0396087,35.6313,35.4728,11,10,-1,0.845109,0.790395,0.0547147,0,0,0,0
98,2789,1,0.61126,0.61126,0.893351,0.944236,0.0508853,35.5734,35.7769,7,7,0,0.562987,0.826507,0.26352,0,0,0,0
98,2789,2,1.15672,1.15672,0.781975,0.961536,0.179562,35.1279,35.8461,13,13,0,0.560739,0.740803,0.180064,0,0,0,0
98,2789,3,0.0968631,0.0968631,0.777473,0.907821,0.130347,35.1099,35.6313,10,10,0,0.790395,1.01159,0.221192,0,0,0,0
98.1,2790,1,0.0094499,0.0094499,0.646147,0.893351,0.247203,34.5846,35.5734,7,10,3,0.826507,0.559931,0.266576,0,1,0,0
98.1,2790,2,0.513206,0.513206,0.585871,0.781975,0.196103,34.3435,35.1279,13,11,-2,0.740803,0.629549,0.111253,0,0,0,0
98.1,2790,3,0.0518833,0.0518833,0.727544,0.777473,0.049929,34.9102,35.1099,10,9,-1,1.01159,0.831344,0.180243,0,0,0,0
98.2,2791,1,0.111657,0.111657,0.820759,0.646147,0.174611,35.283,34.5846,10,10,0,0.559931,0.659571,0.09964,0,0,0,0
98.2,2791,2,0.557823,0.557823,0.667652,0.585871,0.0817804,34.6706,34.3435,11,11,0,0.629549,0.797789,0.16824,0,0,0,0
98.2,2791,3,0.103469,0.103469,0.962039,0.727544,0.234495,35.8482,34.9102,9,9,0,0.831344,1.00304,0.171696,0,0,0,0
98.3,2792,1,0.0615193,0.0615193,0.829966,0.820759,0.00920749,35.3199,35.283,10,7,-3,0.659571,0.818467,0.158896,0,0,1,0
98.3,2792,2,0.168582,0.168582,0.377396,0.667652,0.290256,33.5096,34.6706,11,14,3,0.797789,0.446645,0.351144,0,0,0,0
98.3,2792,3,0.142278,0.142278,0.909973,0.962039,0.0520657,35.6399,35.8482,9,9,0,1.00304,0.776024,0.227016,0,0,0,0
98.4,2793,1,0.675142,0.675142,0.143725,0.829966,0.686241,32.5749,35.3199,7,7,0,0.818467,1.02377,0.205304,0,0,0,0
98.4,2793,2,1.21495,1.21495,0.359239,0.377396,0.0181565,33.437,33.5096,14,14,0,0.446645,0.614877,0.168232,0,0,1,0
98.4,2793,3,0.283587,0.283587,0.711675,0.909973,0.198298,34.8467,35.6399,9,9,0,0.776024,0.985072,0.209048,0,0,0,0
98.5,2794,1,0.361582,0.361582,0.94602,0.143725,0.802295,35.7841,32.5749,7,10,3,1.02377,0.588795,0.434976,0,0,0,0
98.5,2794,2,0.54552,0.54552,-0.199984,0.359239,0.559223,31.2001,33.437,14,9,-5,0.614877,0.834632,0.219755,0,0,0,0
98.5,2794,3,0.0548943,0.0548943,0.203771,0.711675,0.507904,32.8151,34.8467,9,11,2,0.985072,0.647149,0.337923,0,0,0,0
98.6,2795,1,0.698865,0.698865,0.738294,0.94602,0.207726,34.9532,35.7841,10,10,0,0.588795,0.871747,0.282952,0,0,0,0
98.6,2795,2,0.523086,0.523086,0.624186,-0.199984,0.82417,34.4967,31.2001,9,9,0,0.834632,0.98316,0.148528,0,0,0,0
98.6,2795,3,0.055145,0.055145,0.313067,0.203771,0.109296,33.2523,32.8151,11,11,0,0.647149,0.906181,0.259032,0,0,0,0
98.7,2796,1,0.575691,0.575691,0.907554,0.738294,0.16926,35.6302,34.9532,10,10,0,0.871747,0.615067,0.25668,0,0,0,0
98.7,2796,2,0.172838,0.172838,0.468292,0.624186,0.155894,33.8732,34.4967,9,12,3,0.98316,0.607472,0.375688,0,0,0,0
98.7,2796,3,0.145561,0.145561,0.977597,0.313067,0.66453,35.9104,33.2523,11,8,-3,0.906181,0.857589,0.048592,0,0,0,0
98.8,2797,1,0.131755,0.131755,0.864347,0.907554,0.0432076,35.4574,35.6302,10,10,0,0.615067,0.724059,0.108992,0,0,0,0
98.8,2797,2,0.0258576,0.0258576,0.825071,0.468292,0.356778,35.3003,33.8732,12,12,0,0.607472,0.739256,0.131784,0,0,0,0
98.8,2797,3,0.0940989,0.0940989,0.958901,0.977597,0.0186955,35.8356,35.9104,8,8,0,0.857589,0.986557,0.128968,0,0,1,0
98.9,2798,1,0.692564,0.692564,0.464553,0.864347,0.399793,33.8582,35.4574,10,11,1,0.724059,0.642253,0.0818053,0,0,0,0
98.9,2798,2,0.167323,0.167323,0.204219,0.825071,0.620851,32.8169,35.3003,12,9,-3,0.739256,0.76484,0.025584,0,0,0,0
98.9,2798,3,0.0610477,0.0610477,0.631103,0.958901,0.327799,34.5244,35.8356,8,10,2,0.986557,0.713067,0.273491,0,0,0,0
99,2799,1,0.819213,0.819213,0.680519,0.464553,0.215966,34.7221,33.8582,11,11,0,0.642253,0.718909,0.076656,0,0,0,0
99,2799,2,0.341045,0.341045,0.339416,0.204219,0.135197,33.3577,32.8169,9,9,0,0.76484,0.944064,0.179224,0,0,0,0
99,2799,3,0.199366,0.199366,0.943483,0.631103,0.31238,35.7739,34.5244,10,10,0,0.713067,0.977915,0.264848,0,0,0,0
99.1,2800,1,0.138653,0.138653,0.949355,0.680519,0.268836,35.7974,34.7221,11,9,-2,0.718909,0.723264,0.00435467,0,0,0,0
99.1,2800,2,0.188044,0.188044,0.961325,0.339416,0.621908,35.8453,33.3577,9,11,2,0.944064,0.549181,0.394883,0,0,0,0
99.1,2800,3,0.286928,0.286928,0.974671,0.943483,0.031188,35.8987,35.7739,10,10,0,0.977915,0.915667,0.062248,0,0,0,0
99.2,2801,1,0.0486313,0.0486313,0.935833,0.949355,0.0135219,35.7433,35.7974,9,9,0,0.723264,0.847664,0.1244,0,0,1,0
99.2,2801,2,1.03623,1.03623,0.843392,0.961325,0.117933,35.3736,35.8453,11,11,0,0.549181,0.802301,0.25312,0,0,0,0
99.2,2801,3,0.279357,0.279357,0.919579,0.974671,0.0550923,35.6783,35.8987,10,10,0,0.915667,1.02806,0.112392,0,0,0,0
99.3,2802,1,0.0418617,0.0418617,0.907462,0.935833,0.0283712,35.6298,35.7433,9,8,-1,0.847664,0.738221,0.109443,0,0,0,0
99.3,2802,2,1.0959,1.0959,0.987932,0.843392,0.14454,35.9517,35.3736,11,11,0,0.802301,0.572533,0.229768,0,0,0,0
99.3,2802,3,0.114633,0.114633,0.583798,0.919579,0.335781,34.3352,35.6783,10,11,1,1.02806,0.631517,0.396541,0,0,0,0
99.4,2803,1,0.0375777,0.0375777,0.921505,0.907462,0.0140432,35.686,35.6298,8,8,0,0.738221,0.922709,0.184488,0,0,1,0
99.4,2803,2,0.452115,0.452115,0.194413,0.987932,0.793519,32.7777,35.9517,11,11,0,0.572533,0.879629,0.307096,0,0,0,0
99.4,2803,3,0.132775,0.132775,0.656546,0.583798,0.0727482,34.6262,34.3352,11,11,0,0.631517,0.881045,0.249528,0,0,0,0
99.5,2804,1,0.227817,0.227817,0.963573,0.921505,0.0420675,35.8543,35.686,8,11,3,0.922709,0.518189,0.40452,0,0,0,0
99.5,2804,2,0.838459,0.838459,0.746308,0.194413,0.551896,34.9852,32.7777,11,12,1,0.879629,0.437352,0.442277,0,0,0,0
99.5,2804,3,0.078573,0.078573,0.901893,0.656546,0.245347,35.6076,34.6262,11,7,-4,0.881045,1.00395,0.122909,0,0,0,0
99.6,2805,1,0.718221,0.718221,0.778749,0.963573,0.184824,35.115,35.8543,11,11,0,0.518189,0.753181,0.234992,0,0,0,0
99.6,2805,2,0.848692,0.848692,-0.0667774,0.746308,0.813086,31.7329,34.9852,12,12,0,0.437352,0.654128,0.216776,0,0,0,0
99.6,2805,3,0.215743,0.215743,0.890155,0.901893,0.0117382,35.5606,35.6076,7,7,0,1.00395,1.15006,0.146104,0,0,1,0
99.7,2806,1,1.01514,1.01514,0.744697,0.778749,0.0340515,34.9788,35.115,11,8,-3,0.753181,0.899061,0.14588,0,0,0,0
99.7,2806,2,0.619177,0.619177,0.752072,-0.0667774,0.818849,35.0083,31.7329,12,13,1,0.654128,0.594267,0.0598613,0,0,0,0
99.7,2806,3,0.316528,0.316528,0.723145,0.890155,0.16701,34.8926,35.5606,7,9,2,1.15006,0.86688,0.283179,0,0,0,0
99.8,2807,1,0.375214,0.375214,0.96781,0.744697,0.223112,35.8712,34.9788,8,8,0,0.899061,0.865493,0.033568,0,0,0,0
99.8,2807,2,1.22274,1.22274,0.0802101,0.752072,0.671862,32.3208,35.0083,13,13,0,0.594267,0.629667,0.0354,0,0,0,0
99.8,2807,3,0.0213078,0.0213078,0.855277,0.723145,0.132131,35.4211,34.8926,9,9,0,0.86688,0.997048,0.130168,0,0,0,0
99.9,2808,1,0.0483035,0.0483035,0.923972,0.96781,0.0438381,35.6959,35.8712,8,11,3,0.865493,0.425389,0.440104,0,0,0,0
99.9,2808,2,1.11301,1.11301,0.522967,0.0802101,0.442757,34.0919,32.3208,13,8,-5,0.629667,0.992221,0.362555,0,0,0,0
99.9,2808,3,0.0582428,0.0582428,0.993718,0.855277,0.138442,35.9749,35.4211,9,11,2,0.997048,0.696429,0.300619,0,0,0,0
100,2809,1,0.524387,0.524387,0.683182,0.923972,0.24079,34.7327,35.6959,11,11,0,0.425389,0.678925,0.253536,0,0,0,0
100,2809,2,0.314302,0.314302,0.938656,0.522967,0.41569,35.7546,34.0919,8,8,0,0.992221,0.896789,0.095432,0,0,0,0
100,2809,3,0.0541157,0.0541157,0.920342,0.993718,0.0733769,35.6814,35.9749,11,11,0,0.696429,0.921941,0.225512,0,0,0,0
100.1,2810,1,0.78709,0.78709,0.835036,0.683182,0.151855,35.3401,34.7327,11,8,-3,0.678925,0.595565,0.08336,0,0,0,0
100.1,2810,2,0.18251,0.18251,0.840795,0.938656,0.0978612,35.3632,35.7546,8,12,4,0.896789,0.584632,0.312157,0,0,0,0
100.1,2810,3,0.444809,0.444809,0.469161,0.920342,0.451181,33.8766,35.6814,11,10,-1,0.921941,0.763395,0.158547,0,0,0,0
100.2,2811,1,0.12882,0.12882,0.717177,0.835036,0.117859,34.8687,35.3401,8,8,0,0.595565,0.885373,0.289808,0,0,0,0
100.2,2811,2,0.479878,0.479878,0.341776,0.840795,0.499019,33.3671,35.3632,12,12,0,0.584632,0.950864,0.366232,0,0,0,0
100.2,2811,3,0.410766,0.410766,0.953761,0.469161,0.4846,35.815,33.8766,10,10,0,0.763395,0.871051,0.107656,0,0,0,0
100.3,2812,1,0.107005,0.107005,0.899517,0.717177,0.18234,35.5981,34.8687,8,7,-1,0.885373,0.835779,0.0495947,0,0,0,0
100.3,2812,2,0.0383396,0.0383396,0.693864,0.341776,0.352088,34.7755,33.3671,12,12,0,0.950864,0.624656,0.326208,0,0,0,0
100.3,2812,3,0.111129,0.111129,0.923705,0.953761,0.030056,35.6948,35.815,10,11,1,0.871051,0.607789,0.263261,0,0,0,0
100.4,2813,1,0.0279242,0.0279242,0.973192,0.899517,0.0736748,35.8928,35.5981,7,7,0,0.835779,1.0082,0.172424,0,0,0,0
100.4,2813,2,0.172699,0.172699,-0.457946,0.693864,1.15181,30.1682,34.7755,12,12,0,0.624656,0.693616,0.06896,0,0,0,0
100.4,2813,3,1.00011,1.00011,0.904039,0.923705,0.0196661,35.6162,35.6948,11,11,0,0.607789,0.921429,0.31364,0,0,1,0
100.5,2814,1,0.0802792,0.0802792,0.958291,0.973192,0.0149008,35.8332,35.8928,7,11,4,1.0082,0.597613,0.410589,0,0,1,0
100.5,2814,2,0.164217,0.164217,-0.0178093,-0.457946,0.440137,31.9288,30.1682,12,10,-2,0.693616,0.709955,0.0163387,0,0,0,0
100.5,2814,3,0.449403,0.449403,0.955527,0.904039,0.0514889,35.8221,35.6162,11,9,-2,0.921429,0.867216,0.0542133,0,0,0,0
100.6,2815,1,0.0288907,0.0288907,0.903377,0.958291,0.0549138,35.6135,35.8332,11,11,0,0.597613,0.768213,0.1706,0,0,0,0
100.6,2815,2,0.098762,0.098762,0.747607,-0.0178093,0.765416,34.9904,31.9288,10,10,0,0.709955,0.690139,0.019816,0,0,0,0
100.6,2815,3,1.57651,1.57651,0.958425,0.955527,0.00289732,35.8337,35.8221,9,9,0,0.867216,1.04716,0.179944,0,0,1,0
100.7,2816,1,0.800439,0.800439,0.868386,0.903377,0.0349917,35.4735,35.6135,11,8,-3,0.768213,0.855429,0.087216,0,0,0,0
100.7,2816,2,1.25016,1.25016,0.916104,0.747607,0.168497,35.6644,34.9904,10,8,-2,0.690139,0.857805,0.167667,0,0,0,0
100.7,2816,3,0.0164667,0.0164667,0.86127,0.958425,0.0971543,35.4451,35.8337,9,14,5,1.04716,0.515445,0.531715,0,1,0,0
100.8,2817,1,0.636057,0.636057,0.962579,0.868386,0.0941939,35.8503,35.4735,8,8,0,0.855429,0.952901,0.097472,0,0,0,0
100.8,2817,2,1.13486,1.13486,0.899587,0.916104,0.0165165,35.5983,35.6644,8,8,0,0.857805,1.18354,0.325736,0,0,1,0
100.8,2817,3,0.680525,0.680525,0.834186,0.86127,0.0270846,35.3367,35.4451,14,14,0,0.515445,0.692141,0.176696,0,0,0,0
100.9,2818,1,0.211204,0.211204,0.522546,0.962579,0.440034,34.0902,35.8503,8,12,4,0.952901,0.512752,0.440149,0,0,0,0
100.9,2818,2,0.0388648,0.0388648,0.767577,0.899587,0.13201,35.0703,35.5983,8,11,3,1.18354,0.776261,0.40728,0,0,0,0
100.9,2818,3,0.333586,0.333586,0.965399,0.834186,0.131213,35.8616,35.3367,14,7,-7,0.692141,1.12787,0.435733,0,0,0,0
101,2819,1,0.06053,0.06053,0.225662,0.522546,0.296884,32.9026,34.0902,12,12,0,0.512752,0.530376,0.017624,0,0,0,0
101,2819,2,1.66804,1.66804,0.544277,0.767577,0.2233,34.1771,35.0703,11,11,0,0.776261,0.944685,0.168424,0,0,0,0
101,2819,3,0.296631,0.296631,0.701591,0.965399,0.263807,34.8064,35.8616,7,7,0,1.12787,1.16718,0.039304,0,0,0,0
101.1,2820,1,0.36372,0.36372,0.900536,0.225662,0.674874,35.6021,32.9026,12,7,-5,0.530376,0.888515,0.358139,0,0,0,0
101.1,2820,2,1.62564,1.62564,0.15475,0.544277,0.389527,32.619,34.1771,11,11,0,0.944685,0.705005,0.23968,0,0,0,0
101.1,2820,3,0.111546,0.111546,0.937941,0.701591,0.23635,35.7518,34.8064,7,12,5,1.16718,0.55288,0.614299,0,0,0,0
101.2,2821,1,0.834015,0.834015,0.87189,0.900536,0.0286452,35.4876,35.6021,7,7,0,0.888515,0.764011,0.124504,0,0,0,0
101.2,2821,2,0.0698974,0.0698974,0.191924,0.15475,0.0371739,32.7677,32.619,11,11,0,0.705005,0.857221,0.152216,0,0,0,0
101.2,2821,3,1.48949,1.48949,0.935951,0.937941,0.00199026,35.7438,35.7518,12,12,0,0.55288,0.8332,0.28032,0,0,1,0
101.3,2822,1,1.0917,1.0917,0.982654,0.87189,0.110763,35.9306,35.4876,7,11,4,0.764011,0.586781,0.177229,0,0,0,0
101.3,2822,2,0.300045,0.300045,0.897057,0.191924,0.705134,35.5882,32.7677,11,11,0,0.857221,0.564093,0.293128,0,0,0,0
101.3,2822,3,1.29131,1.29131,0.929928,0.935951,0.00602305,35.7197,35.7438,12,8,-4,0.8332,0.943261,0.110061,0,0,1,0
101.4,2823,1,0.256238,0.256238,0.821769,0.982654,0.160884,35.2871,35.9306,11,11,0,0.586781,0.733781,0.147,0,0,0,0
101.4,2823,2,1.34787,1.34787,-0.367562,0.897057,1.26462,30.5298,35.5882,11,11,0,0.564093,0.840301,0.276208,0,0,0,0
101.4,2823,3,0.249471,0.249471,0.547794,0.929928,0.382134,34.1912,35.7197,8,8,0,0.943261,1.16077,0.217504,0,0,0,0
101.5,2824,1,0.383015,0.383015,0.952729,0.821769,0.130959,35.8109,35.2871,11,6,-5,0.733781,1.01756,0.283779,0,0,0,0
101.5,2824,2,0.761471,0.761471,0.658119,-0.367562,1.02568,34.6325,30.5298,11,12,1,0.840301,0.684744,0.155557,0,0,0,0
101.5,2824,3,0.175443,0.175443,0.968545,0.547794,0.420751,35.8742,34.1912,8,12,4,1.16077,0.499248,0.661517,0,0,0,0
101.6,2825,1,0.0628331,0.0628331,0.911839,0.952729,0.0408894,35.6474,35.8109,6,6,0,1.01756,1.18055,0.162992,0,0,0,0
101.6,2825,2,0.367869,0.367869,0.478595,0.658119,0.179524,33.9144,34.6325,12,12,0,0.684744,0.656992,0.027752,0,0,0,0
101.6,2825,3,0.115082,0.115082,0.895979,0.968545,0.0725666,35.5839,35.8742,12,12,0,0.499248,0.83648,0.337232,0,0,0,0
101.7,2826,1,0.11252,0.11252,0.710491,0.911839,0.201348,34.842,35.6474,6,11,5,1.18055,0.520125,0.660427,0,0,0,0
101.7,2826,2,0.684403,0.684403,0.361866,0.478595,0.116729,33.4475,33.9144,12,11,-1,0.656992,0.575021,0.0819707,0,0,0,0
101.7,2826,3,0.0294525,0.0294525,0.881101,0.895979,0.0148777,35.5244,35.5839,12,8,-4,0.83648,1.08921,0.252733,0,0,1,0
101.8,2827,1,0.176539,0.176539,0.918429,0.710491,0.207938,35.6737,34.842,11,11,0,0.520125,0.689421,0.169296,0,0,0,0
101.8,2827,2,0.243038,0.243038,0.0822828,0.361866,0.279583,32.3291,33.4475,11,11,0,0.575021,0.759949,0.184928,0,0,0,0
101.8,2827,3,1.39715,1.39715,0.990559,0.881101,0.109458,35.9622,35.5244,8,8,0,1.08921,1.22776,0.138544,0,0,0,0
101.9,2828,1,0.00509953,0.00509953,0.680983,0.918429,0.237446,34.7239,35.6737,11,10,-1,0.689421,0.623171,0.0662507,0,1,0,0
101.9,2828,2,0.190314,0.190314,0.229279,0.0822828,0.146996,32.9171,32.3291,11,7,-4,0.759949,1.04555,0.285597,0,0,0,0
101.9,2828,3,1.51585,1.51585,0.750983,0.990559,0.239576,35.0039,35.9622,8,13,5,1.22776,0.497483,0.730275,0,0,0,0
0.5,2201,1,-1,-1,0.871737,0.871737,-1,35.4869,35.4869,10,10,0,0.693947,0.693947,0,0,0,0,0
0.5,2201,2,-1,-1,0.275383,0.275383,-1,33.1015,33.1015,11,11,0,0.980733,0.980733,0,0,0,0,0
0.5,2201,3,-1,-1,0.887883,0.887883,-1,35.5515,35.5515,9,9,0,1.26833,1.26833,0,0,0,0,0
0.6,2202,1,0.0814945,0.0814945,0.982398,0.871737,0.110661,35.9296,35.4869,10,10,0,0.693947,0.715915,0.021968,0,0,0,0
0.6,2202,2,0.747382,0.747382,-0.0764737,0.275383,0.351856,31.6941,33.1015,11,11,0,0.980733,0.827493,0.15324,0,0,0,0
0.6,2202,3,0.0841915,0.0841915,0.754984,0.887883,0.132899,35.0199,35.5515,9,9,0,1.26833,1.31826,0.049936,0,0,0,0
0.7,2203,1,0.119869,0.119869,0.890613,0.982398,0.0917847,35.5625,35.9296,10,10,0,0.715915,0.792155,0.07624,0,0,0,0
0.7,2203,2,0.127024,0.127024,0.637413,-0.0764737,0.713887,34.5497,31.6941,11,11,0,0.827493,0.801021,0.026472,0,0,0,0
0.7,2203,3,0.539648,0.539648,0.846685,0.754984,0.0917008,35.3867,35.0199,9,9,0,1.31826,1.39698,0.078712,0,0,0,0
0.8,2204,1,0.412261,0.412261,0.968126,0.890613,0.0775133,35.8725,35.5625,10,10,0,0.792155,0.759515,0.03264,0,0,0,0
0.8,2204,2,0.101928,0.101928,0.712637,0.637413,0.0752233,34.8505,34.5497,11,11,0,0.801021,0.611533,0.189488,0,0,0,0
0.8,2204,3,0.447244,0.447244,0.854632,0.846685,0.00794768,35.4185,35.3867,9,9,0,1.39698,1.35853,0.038448,0,0,1,0
0.9,2205,1,0.523162,0.523162,0.361493,0.968126,0.606633,33.446,35.8725,10,10,0,0.759515,0.735611,0.023904,0,0,0,0
0.9,2205,2,0.196749,0.196749,0.728978,0.712637,0.0163411,34.9159,34.8505,11,11,0,0.611533,0.921845,0.310312,0,0,1,0
0.9,2205,3,0.245375,0.245375,0.600866,0.854632,0.253767,34.4035,35.4185,9,9,0,1.35853,1.32302,0.035512,0,0,0,0
1,2206,1,0.0312013,0.0312013,0.959256,0.361493,0.597763,35.837,33.446,10,10,0,0.735611,0.655899,0.079712,0,0,0,0
1,2206,2,0.773579,0.773579,0.94794,0.728978,0.218963,35.7918,34.9159,11,11,0,0.921845,0.891701,0.030144,0,0,0,0
1,2206,3,0.11143,0.11143,0.93763,0.600866,0.336764,35.7505,34.4035,9,9,0,1.32302,1.35729,0.034272,0,0,0,0
1.1,2207,1,0.0462676,0.0462676,0.806571,0.959256,0.152685,35.2263,35.837,10,10,0,0.655899,0.682451,0.026552,0,0,0,0
1.1,2207,2,0.924871,0.924871,0.860554,0.94794,0.0873864,35.4422,35.7918,11,11,0,0.891701,1.00453,0.112832,0,0,0,0
1.1,2207,3,0.000838697,0.000838697,0.85516,0.93763,0.0824701,35.4206,35.7505,9,9,0,1.35729,1.30101,0.05628,0,1,0,0
1.2,2208,1,0.174142,0.174142,0.982172,0.806571,0.175601,35.9287,35.2263,10,10,0,0.682451,0.684891,0.00244,0,0,0,0
1.2,2208,2,0.718942,0.718942,0.652381,0.860554,0.208173,34.6095,35.4422,11,11,0,1.00453,0.982661,0.021872,0,0,0,0
1.2,2208,3,0.0987802,0.0987802,0.549381,0.85516,0.305779,34.1975,35.4206,9,9,0,1.30101,1.22906,0.071944,0,0,0,0
1.3,2209,1,0.00862676,0.00862676,0.733884,0.982172,0.248288,34.9355,35.9287,10,10,0,0.684891,0.725483,0.040592,0,1,0,0
1.3,2209,2,0.405627,0.405627,0.61399,0.652381,0.0383908,34.456,34.6095,11,11,0,0.982661,0.950845,0.031816,0,0,0,0
1.3,2209,3,0.829914,0.829914,0.935812,0.549381,0.386432,35.7432,34.1975,9,9,0,1.22906,1.23865,0.009584,0,0,0,0
1.4,2210,1,1.08977,1.08977,0.771222,0.733884,0.0373382,35.0849,34.9355,10,10,0,0.725483,0.697811,0.027672,0,0,0,0
1.4,2210,2,0.280386,0.280386,0.6579,0.61399,0.04391,34.6316,34.456,11,11,0,0.950845,0.935733,0.015112,0,0,0,0
1.4,2210,3,0.67369,0.67369,0.836179,0.935812,0.0996331,35.3447,35.7432,9,9,0,1.23865,1.30331,0.064664,0,0,0,0
1.5,2211,1,0.474013,0.474013,0.966227,0.771222,0.195005,35.8649,35.0849,10,10,0,0.697811,0.705267,0.007456,0,0,0,0
1.5,2211,2,0.410231,0.410231,0.984118,0.6579,0.326218,35.9365,34.6316,11,11,0,0.935733,0.930165,0.005568,0,0,0,0
1.5,2211,3,0.0380449,0.0380449,0.61988,0.836179,0.216299,34.4795,35.3447,9,9,0,1.30331,1.38748,0.084168,0,0,0,0
1.6,2212,1,0.166481,0.166481,0.599136,0.966227,0.36709,34.3965,35.8649,10,10,0,0.705267,0.742395,0.037128,0,0,0,0
1.6,2212,2,1.28632,1.28632,0.89738,0.984118,0.0867378,35.5895,35.9365,11,11,0,0.930165,0.889253,0.040912,0,0,0,0
1.6,2212,3,0.0542387,0.0542387,0.39355,0.61988,0.226329,33.5742,34.4795,9,9,0,1.38748,1.17978,0.207696,0,0,0,0
1.7,2213,1,0.140554,0.140554,0.923047,0.599136,0.323911,35.6922,34.3965,10,10,0,0.742395,0.697187,0.045208,0,0,0,0
1.7,2213,2,0.73772,0.73772,0.505948,0.89738,0.391432,34.0238,35.5895,11,11,0,0.889253,1.02484,0.135584,0,0,0,0
1.7,2213,3,0.0100335,0.0100335,0.938181,0.39355,0.54463,35.7527,33.5742,9,9,0,1.17978,1.12382,0.05596,0,1,0,0
1.8,2214,1,0.202387,0.202387,0.924935,0.923047,0.0018881,35.6997,35.6922,10,10,0,0.697187,0.719227,0.02204,0,0,1,0
1.8,2214,2,0.458266,0.458266,0.517985,0.505948,0.0120372,34.0719,34.0238,11,11,0,1.02484,0.976405,0.048432,0,0,1,0
1.8,2214,3,0.0782161,0.0782161,0.549827,0.938181,0.388354,34.1993,35.7527,9,9,0,1.12382,1.30242,0.178592,0,0,0,0
1.9,2215,1,0.401754,0.401754,0.308461,0.924935,0.616474,33.2338,35.6997,10,10,0,0.719227,0.759947,0.04072,0,0,0,0
1.9,2215,2,0.110793,0.110793,0.824232,0.517985,0.306247,35.2969,34.0719,11,11,0,0.976405,0.892181,0.084224,0,0,0,0
1.9,2215,3,0.0331252,0.0331252,0.900568,0.549827,0.350742,35.6023,34.1993,9,9,0,1.30242,1.26219,0.040224,0,0,0,0
2,2216,1,0.0551983,0.0551983,0.946474,0.308461,0.638013,35.7859,33.2338,10,10,0,0.759947,0.601235,0.158712,0,0,0,0
2,2216,2,0.617175,0.617175,0.606768,0.824232,0.217465,34.4271,35.2969,11,11,0,0.892181,0.959797,0.067616,0,0,0,0
2,2216,3,0.138375,0.138375,0.931289,0.900568,0.0307209,35.7252,35.6023,9,9,0,1.26219,1.36071,0.09852,0,0,0,0
2.1,2217,1,1.06759,1.06759,0.91119,0.946474,0.0352842,35.6448,35.7859,10,10,0,0.601235,0.661227,0.059992,0,0,0,0
2.1,2217,2,0.143306,0.143306,0.921771,0.606768,0.315004,35.6871,34.4271,11,11,0,0.959797,0.968165,0.008368,0,0,0,0
2.1,2217,3,0.987832,0.987832,0.873438,0.931289,0.0578517,35.4938,35.7252,9,9,0,1.36071,1.36316,0.002448,0,0,0,0
2.2,2218,1,0.596699,0.596699,0.942084,0.91119,0.030894,35.7683,35.6448,10,10,0,0.661227,0.745427,0.0842,0,0,0,0
2.2,2218,2,0.74349,0.74349,0.875554,0.921771,0.0462176,35.5022,35.6871,11,11,0,0.968165,0.875165,0.093,0,0,0,0
2.2,2218,3,0.878131,0.878131,0.420242,0.873438,0.453196,33.681,35.4938,9,9,0,1.36316,1.32174,0.041424,0,0,0,0
2.3,2219,1,0.282801,0.282801,0.921604,0.942084,0.0204797,35.6864,35.7683,10,10,0,0.745427,0.718123,0.027304,0,0,0,0
2.3,2219,2,0.168511,0.168511,0.94489,0.875554,0.0693368,35.7796,35.5022,11,11,0,0.875165,0.996605,0.12144,0,0,0,0
2.3,2219,3,0.715025,0.715025,0.828353,0.420242,0.408111,35.3134,33.681,9,9,0,1.32174,1.11576,0.205976,0,0,0,0
2.4,2220,1,0.23226,0.23226,0.00686778,0.921604,0.914736,32.0275,35.6864,10,10,0,0.718123,0.722995,0.004872,0,0,0,0
2.4,2220,2,0.517132,0.517132,0.788921,0.94489,0.155969,35.1557,35.7796,11,11,0,0.996605,1.05983,0.063224,0,0,0,0
2.4,2220,3,0.752516,0.752516,0.687772,0.828353,0.140581,34.7511,35.3134,9,9,0,1.11576,1.24202,0.126256,0,0,0,0
2.5,2221,1,0.338409,0.338409,0.964061,0.00686778,0.957193,35.8562,32.0275,10,10,0,0.722995,0.555731,0.167264,0,0,0,0
2.5,2221,2,0.1174,0.1174,0.926674,0.788921,0.137753,35.7067,35.1557,11,11,0,1.05983,1.00584,0.053992,0,0,0,0
2.5,2221,3,0.00403124,0.00403124,0.956866,0.687772,0.269094,35.8275,34.7511,9,9,0,1.24202,1.35485,0.112832,0,1,0,0
2.6,2222,1,0.251088,0.251088,0.720595,0.964061,0.243466,34.8824,35.8562,10,10,0,0.555731,0.572219,0.016488,0,0,0,0
2.6,2222,2,0.347624,0.347624,-0.530031,0.926674,1.45671,29.8799,35.7067,11,11,0,1.00584,1.07758,0.071744,0,0,0,0
2.6,2222,3,0.507723,0.507723,0.81365,0.956866,0.143216,35.2546,35.8275,9,9,0,1.35485,1.27716,0.077688,0,0,0,0
2.7,2223,1,1.24569,1.24569,0.875877,0.720595,0.155282,35.5035,34.8824,10,10,0,0.572219,0.750491,0.178272,0,0,0,0
2.7,2223,2,1.04834,1.04834,0.894287,-0.530031,1.42432,35.5771,29.8799,11,11,0,1.07758,0.776181,0.3014,0,0,0,0
2.7,2223,3,0.00600341,0.00600341,0.67257,0.81365,0.14108,34.6903,35.2546,9,9,0,1.27716,1.43822,0.161064,0,1,0,0
2.8,2224,1,1.15184,1.15184,0.964722,0.875877,0.0888448,35.8589,35.5035,10,10,0,0.750491,0.763867,0.013376,0,0,0,0
2.8,2224,2,1.68483,1.68483,0.669086,0.894287,0.225201,34.6763,35.5771,11,11,0,0.776181,0.556637,0.219544,0,0,0,0
2.8,2224,3,0.527511,0.527511,0.816685,0.67257,0.144114,35.2667,34.6903,9,9,0,1.43822,1.31027,0.127952,0,0,0,0
2.9,2225,1,0.456123,0.456123,0.879363,0.964722,0.0853584,35.5175,35.8589,10,10,0,0.763867,0.755707,0.00816,0,0,0,0
2.9,2225,2,1.04883,1.04883,-0.0813018,0.669086,0.750388,31.6748,34.6763,11,11,0,0.556637,1.00174,0.445104,0,0,0,0
2.9,2225,3,0.144225,0.144225,0.973174,0.816685,0.15649,35.8927,35.2667,9,9,0,1.31027,1.28716,0.023112,0,0,0,0
3,2226,1,0.526556,0.526556,0.898506,0.879363,0.0191425,35.594,35.5175,10,10,0,0.755707,0.833827,0.07812,0,0,1,0
3,2226,2,0.279106,0.279106,0.657314,-0.0813018,0.738616,34.6293,31.6748,11,11,0,1.00174,0.776989,0.224752,0,0,0,0
3,2226,3,0.680074,0.680074,0.986106,0.973174,0.0129315,35.9444,35.8927,9,9,0,1.28716,1.43055,0.143392,0,0,1,0
3.1,2227,1,1.12541,1.12541,0.904112,0.898506,0.00560635,35.6164,35.594,10,10,0,0.833827,0.782403,0.051424,0,0,1,0
3.1,2227,2,0.0525867,0.0525867,0.660209,0.657314,0.00289553,34.6408,34.6293,11,11,0,0.776989,0.632085,0.144904,0,0,1,0
3.1,2227,3,0.859789,0.859789,0.385743,0.986106,0.600362,33.543,35.9444,9,9,0,1.43055,1.36958,0.060976,0,0,0,0
3.2,2228,1,1.06352,1.06352,0.845977,0.904112,0.0581354,35.3839,35.6164,10,10,0,0.782403,0.816843,0.03444,0,0,0,0
3.2,2228,2,0.220656,0.220656,0.984818,0.660209,0.324608,35.9393,34.6408,11,11,0,0.632085,0.869461,0.237376,0,0,0,0
3.2,2228,3,0.0645079,0.0645079,0.821861,0.385743,0.436117,35.2874,33.543,9,9,0,1.36958,1.12849,0.241088,0,0,0,0
3.3,2229,1,1.4282,1.4282,0.896919,0.845977,0.0509422,35.5877,35.3839,10,10,0,0.816843,0.731923,0.08492,0,0,0,0
3.3,2229,2,0.208021,0.208021,0.930135,0.984818,0.0546824,35.7205,35.9393,11,11,0,0.869461,1.02209,0.152624,0,0,0,0
3.3,2229,3,0.613209,0.613209,0.992655,0.821861,0.170795,35.9706,35.2874,9,9,0,1.12849,1.27599,0.147504,0,0,0,0
3.4,2230,1,0.779493,0.779493,0.897026,0.896919,0.000106514,35.5881,35.5877,10,10,0,0.731923,0.666019,0.065904,0,0,1,0
3.4,2230,2,0.0945761,0.0945761,0.608362,0.930135,0.321773,34.4334,35.7205,11,11,0,1.02209,1.02879,0.006704,0,0,0,0
3.4,2230,3,0.59919,0.59919,0.267549,0.992655,0.725106,33.0702,35.9706,9,9,0,1.27599,1.27675,0.00076,0,0,0,0
3.5,2231,1,0.730433,0.730433,0.944203,0.897026,0.047177,35.7768,35.5881,10,10,0,0.666019,0.768683,0.102664,0,0,0,0
3.5,2231,2,0.47049,0.47049,0.892578,0.608362,0.284216,35.5703,34.4334,11,11,0,1.02879,1.03425,0.005456,0,0,0,0
3.5,2231,3,0.19607,0.19607,0.926075,0.267549,0.658526,35.7043,33.0702,9,9,0,1.27675,1.15026,0.126488,0,0,0,0
3.6,2232,1,1.51483,1.51483,0.953448,0.944203,0.00924563,35.8138,35.7768,10,10,0,0.768683,0.729579,0.039104,0,0,1,0
3.6,2232,2,0.410421,0.410421,0.169137,0.892578,0.723441,32.6765,35.5703,11,11,0,1.03425,0.966661,0.067584,0,0,0,0
3.6,2232,3,0.102005,0.102005,0.978325,0.926075,0.0522498,35.9133,35.7043,9,9,0,1.15026,1.25944,0.109176,0,0,0,0
3.7,2233,1,0.122995,0.122995,0.969964,0.953448,0.0165153,35.8799,35.8138,10,10,0,0.729579,0.766235,0.036656,0,0,1,0
3.7,2233,2,0.0243429,0.0243429,0.905843,0.169137,0.736707,35.6234,32.6765,11,11,0,0.966661,0.830853,0.135808,0,0,0,0
3.7,2233,3,0.276181,0.276181,0.860311,0.978325,0.118014,35.4412,35.9133,9,9,0,1.25944,1.38606,0.126624,0,0,0,0
3.8,2234,1,0.677388,0.677388,0.951911,0.969964,0.0180523,35.8076,35.8799,10,10,0,0.766235,0.733395,0.03284,0,0,1,0
3.8,2234,2,0.368124,0.368124,0.882814,0.905843,0.023029,35.5313,35.6234,11,11,0,0.830853,0.734645,0.096208,0,0,0,0
3.8,2234,3,0.160757,0.160757,0.910703,0.860311,0.0503911,35.6428,35.4412,9,9,0,1.38606,1.3303,0.055768,0,0,0,0
3.9,2235,1,0.833203,0.833203,0.923887,0.951911,0.0280245,35.6955,35.8076,10,10,0,0.733395,0.663339,0.070056,0,0,0,0
3.9,2235,2,0.122843,0.122843,-0.359283,0.882814,1.2421,30.5629,35.5313,11,11,0,0.734645,1.03723,0.302584,0,0,0,0
3.9,2235,3,0.390752,0.390752,0.945934,0.910703,0.0352312,35.7837,35.6428,9,9,0,1.3303,1.29654,0.033752,0,0,0,0
4,2236,1,0.0753857,0.0753857,0.960177,0.923887,0.0362899,35.8407,35.6955,10,10,0,0.663339,0.804331,0.140992,0,0,0,0
4,2236,2,0.786078,0.786078,0.670137,-0.359283,1.02942,34.6805,30.5629,11,11,0,1.03723,0.814701,0.222528,0,0,0,0
4,2236,3,0.114268,0.114268,0.909674,0.945934,0.0362599,35.6387,35.7837,9,9,0,1.29654,1.39702,0.10048,0,0,0,0
4.1,2237,1,0.57048,0.57048,0.268708,0.960177,0.691468,33.0748,35.8407,10,10,0,0.804331,0.780499,0.023832,0,0,0,0
4.1,2237,2,0.00850853,0.00850853,-0.497203,0.670137,1.16734,30.0112,34.6805,11,11,0,0.814701,0.547317,0.267384,0,1,0,0
4.1,2237,3,0.340663,0.340663,0.509939,0.909674,0.399735,34.0398,35.6387,9,9,0,1.39702,1.45018,0.053152,0,0,0,0
4.2,2238,1,0.54931,0.54931,0.651914,0.268708,0.383206,34.6077,33.0748,10,10,0,0.780499,0.758051,0.022448,0,0,0,0
4.2,2238,2,0.0664146,0.0664146,0.61344,-0.497203,1.11064,34.4538,30.0112,11,11,0,0.547317,0.870757,0.32344,0,0,0,0
4.2,2238,3,0.085207,0.085207,0.941435,0.509939,0.431496,35.7657,34.0398,9,9,0,1.45018,1.45636,0.006184,0,0,0,0
4.3,2239,1,0.105,0.105,0.971049,0.651914,0.319135,35.8842,34.6077,10,10,0,0.758051,0.700611,0.05744,0,0,0,0
4.3,2239,2,1.0933,1.0933,0.829355,0.61344,0.215914,35.3174,34.4538,11,11,0,0.870757,0.694773,0.175984,0,0,0,0
4.3,2239,3,0.00723404,0.00723404,0.898302,0.941435,0.0431329,35.5932,35.7657,9,9,0,1.45636,1.48504,0.02868,0,1,0,0
4.4,2240,1,1.07108,1.07108,0.788157,0.971049,0.182892,35.1526,35.8842,10,10,0,0.700611,0.689067,0.011544,0,0,0,0
4.4,2240,2,0.626079,0.626079,0.845505,0.829355,0.0161505,35.382,35.3174,11,11,0,0.694773,0.964261,0.269488,0,0,1,0
4.4,2240,3,0.0616255,0.0616255,0.951502,0.898302,0.0531996,35.806,35.5932,9,9,0,1.48504,1.39604,0.089,0,0,0,0
4.5,2241,1,0.45611,0.45611,0.950682,0.788157,0.162524,35.8027,35.1526,10,10,0,0.689067,0.692827,0.00376,0,0,0,0
4.5,2241,2,0.831079,0.831079,0.781328,0.845505,0.0641778,35.1253,35.382,11,11,0,0.964261,1.03724,0.072976,0,0,0,0
4.5,2241,3,0.0834705,0.0834705,0.967875,0.951502,0.0163738,35.8715,35.806,9,9,0,1.39604,1.3055,0.090536,0,0,1,0
4.6,2242,1,0.999884,0.999884,0.739775,0.950682,0.210907,34.9591,35.8027,10,10,0,0.692827,0.690011,0.002816,0,0,0,0
4.6,2242,2,0.750408,0.750408,0.655845,0.781328,0.125483,34.6234,35.1253,11,11,0,1.03724,0.982629,0.054608,0,0,0,0
4.6,2242,3,0.0606631,0.0606631,0.800393,0.967875,0.167482,35.2016,35.8715,9,9,0,1.3055,1.3289,0.0234,0,0,0,0
4.7,2243,1,0.615607,0.615607,0.688761,0.739775,0.0510139,34.755,34.9591,10,10,0,0.690011,0.670323,0.019688,0,0,0,0
4.7,2243,2,0.540014,0.540014,-0.518987,0.655845,1.17483,29.9241,34.6234,11,11,0,0.982629,1.02902,0.046392,0,0,0,0
4.7,2243,3,0.129727,0.129727,-0.0373619,0.800393,0.837755,31.8506,35.2016,9,9,0,1.3289,1.41958,0.09068,0,0,0,0
4.8,2244,1,0.933087,0.933087,0.959701,0.688761,0.27094,35.8388,34.755,10,10,0,0.670323,0.932011,0.261688,0,0,0,0
4.8,2244,2,0.76148,0.76148,0.469281,-0.518987,0.988267,33.8771,29.9241,11,11,0,1.02902,0.783077,0.245944,0,0,0,0
4.8,2244,3,0.64629,0.64629,0.894322,-0.0373619,0.931683,35.5773,31.8506,9,9,0,1.41958,1.25723,0.162352,0,0,0,0
4.9,2245,1,0.170862,0.170862,0.277998,0.959701,0.681703,33.112,35.8388,10,10,0,0.932011,0.888803,0.043208,0,0,0,0
4.9,2245,2,0.842021,0.842021,0.907508,0.469281,0.438227,35.63,33.8771,11,11,0,0.783077,0.742309,0.040768,0,0,0,0
4.9,2245,3,0.390665,0.390665,0.978666,0.894322,0.084344,35.9147,35.5773,9,9,0,1.25723,1.30101,0.043776,0,0,0,0
5,2246,1,0.0645552,0.0645552,0.420288,0.277998,0.14229,33.6812,33.112,10,10,0,0.888803,0.652667,0.236136,0,0,0,0
5,2246,2,0.509144,0.509144,0.667502,0.907508,0.240006,34.67,35.63,11,11,0,0.742309,0.866301,0.123992,0,0,0,0
5,2246,3,0.110115,0.110115,0.852473,0.978666,0.126192,35.4099,35.9147,9,9,0,1.30101,1.50394,0.202936,0,0,0,0
5.1,2247,1,0.0568928,0.0568928,0.900984,0.420288,0.480696,35.6039,33.6812,10,10,0,0.652667,0.517595,0.135072,0,0,0,0
5.1,2247,2,0.188656,0.188656,0.899178,0.667502,0.231675,35.5967,34.67,11,11,0,0.866301,1.04973,0.183432,0,0,0,0
5.1,2247,3,0.226481,0.226481,0.959456,0.852473,0.106983,35.8378,35.4099,9,9,0,1.50394,1.41909,0.084856,0,0,0,0
5.2,2248,1,0.0583351,0.0583351,0.503155,0.900984,0.397829,34.0126,35.6039,10,10,0,0.517595,0.670379,0.152784,0,0,0,0
5.2,2248,2,0.189536,0.189536,0.842836,0.899178,0.0563416,35.3713,35.5967,11,11,0,1.04973,1.00061,0.04912,0,0,0,0
5.2,2248,3,0.123412,0.123412,0.762867,0.959456,0.196589,35.0515,35.8378,9,9,0,1.41909,1.43444,0.015352,0,0,0,0
5.3,2249,1,0.0621511,0.0621511,0.826523,0.503155,0.323368,35.3061,34.0126,10,10,0,0.670379,0.658339,0.01204,0,0,0,0
5.3,2249,2,0.469413,0.469413,0.808588,0.842836,0.0342479,35.2344,35.3713,11,11,0,1.00061,1.01493,0.01432,0,0,0,0
5.3,2249,3,0.38317,0.38317,0.993413,0.762867,0.230546,35.9737,35.0515,9,9,0,1.43444,1.38152,0.05292,0,0,0,0
5.4,2250,1,0.333338,0.333338,0.944404,0.826523,0.117881,35.7776,35.3061,10,10,0,0.658339,0.672307,0.013968,0,0,0,0
5.4,2250,2,0.834812,0.834812,-0.341735,0.808588,1.15032,30.6331,35.2344,11,11,0,1.01493,1.02637,0.011432,0,0,0,0
5.4,2250,3,0.545116,0.545116,0.878968,0.993413,0.114445,35.5159,35.9737,9,9,0,1.38152,1.38402,0.002496,0,0,0,0
5.5,2251,1,0.358345,0.358345,0.913347,0.944404,0.0310574,35.6534,35.7776,10,10,0,0.672307,0.799011,0.126704,0,0,0,0
5.5,2251,2,0.296942,0.296942,0.0975923,-0.341735,0.439328,32.3904,30.6331,11,11,0,1.02637,0.771261,0.255104,0,0,0,0
5.5,2251,3,0.508128,0.508128,0.957698,0.878968,0.0787292,35.8308,35.5159,9,9,0,1.38402,1.46528,0.081264,0,0,0,0
5.6,2252,1,0.13437,0.13437,0.840076,0.913347,0.0732707,35.3603,35.6534,10,10,0,0.799011,0.860595,0.061584,0,0,0,0
5.6,2252,2,0.278642,0.278642,0.904526,0.0975923,0.806933,35.6181,32.3904,11,11,0,0.771261,0.471669,0.299592,0,0,0,0
5.6,2252,3,0.290993,0.290993,0.988169,0.957698,0.030471,35.9527,35.8308,9,9,0,1.46528,1.50611,0.040832,0,0,0,0
5.7,2253,1,0.0955579,0.0955579,0.941086,0.840076,0.10101,35.7643,35.3603,10,10,0,0.860595,0.759915,0.10068,0,0,0,0
5.7,2253,2,1.2163,1.2163,0.966075,0.904526,0.0615494,35.8643,35.6181,11,11,0,0.471669,0.774533,0.302864,0,0,0,0
5.7,2253,3,0.825011,0.825011,0.870238,0.988169,0.11793,35.481,35.9527,9,9,0,1.50611,1.42323,0.08288,0,0,0,0
5.8,2254,1,0.0240926,0.0240926,0.723749,0.941086,0.217337,34.895,35.7643,10,10,0,0.759915,0.690779,0.069136,0,0,0,0
5.8,2254,2,0.113557,0.113557,0.932487,0.966075,0.0335879,35.7299,35.8643,11,11,0,0.774533,1.03401,0.25948,0,0,0,0
5.8,2254,3,0.0106204,0.0106204,0.975725,0.870238,0.105487,35.9029,35.481,9,9,0,1.42323,1.3815,0.041728,0,1,0,0
5.9,2255,1,0.032439,0.032439,0.466089,0.723749,0.25766,33.8644,34.895,10,10,0,0.690779,0.660083,0.030696,0,0,0,0
5.9,2255,2,0.170522,0.170522,0.223321,0.932487,0.709166,32.8933,35.7299,11,11,0,1.03401,1.02044,0.013576,0,0,0,0
5.9,2255,3,0.369835,0.369835,0.987984,0.975725,0.0122591,35.9519,35.9029,9,9,0,1.3815,1.37967,0.001832,0,0,1,0
6,2256,1,0.282852,0.282852,0.801569,0.466089,0.33548,35.2063,33.8644,10,10,0,0.660083,0.641731,0.018352,0,0,0,0
6,2256,2,0.0464827,0.0464827,0.901608,0.223321,0.678287,35.6064,32.8933,11,11,0,1.02044,0.868661,0.151776,0,0,0,0
6,2256,3,0.178462,0.178462,0.814414,0.987984,0.173571,35.2577,35.9519,9,9,0,1.37967,1.50941,0.129736,0,0,0,0
6.1,2257,1,0.383884,0.383884,0.0756264,0.801569,0.725943,32.3025,35.2063,10,10,0,0.641731,0.695067,0.053336,0,0,0,0
6.1,2257,2,0.525415,0.525415,0.827137,0.901608,0.0744712,35.3085,35.6064,11,11,0,0.868661,0.802021,0.06664,0,0,0,0
6.1,2257,3,0.0453489,0.0453489,0.337376,0.814414,0.477038,33.3495,35.2577,9,9,0,1.50941,1.42246,0.086952,0,0,0,0
6.2,2258,1,0.756409,0.756409,0.23699,0.0756264,0.161364,32.948,32.3025,10,10,0,0.695067,0.612459,0.082608,0,0,0,0
6.2,2258,2,0.973575,0.973575,0.479199,0.827137,0.347938,33.9168,35.3085,11,11,0,0.802021,1.0269,0.22488,0,0,0,0
6.2,2258,3,0.141032,0.141032,0.465274,0.337376,0.127898,33.8611,33.3495,9,9,0,1.42246,1.33159,0.090864,0,0,0,0
6.3,2259,1,0.305763,0.305763,0.867912,0.23699,0.630921,35.4716,32.948,10,10,0,0.612459,0.574923,0.037536,0,0,0,0
6.3,2259,2,0.321926,0.321926,0.981879,0.479199,0.50268,35.9275,33.9168,11,11,0,1.0269,1.09786,0.07096,0,0,0,0
6.3,2259,3,0.132378,0.132378,0.729812,0.465274,0.264537,34.9192,33.8611,9,9,0,1.33159,1.38964,0.058048,0,0,0,0
6.4,2260,1,0.00473219,0.00473219,0.915305,0.867912,0.047393,35.6612,35.4716,10,10,0,0.574923,0.702803,0.12788,0,1,0,0
6.4,2260,2,0.0499383,0.0499383,0.877318,0.981879,0.10456,35.5093,35.9275,11,11,0,1.09786,1.04455,0.053312,0,0,0,0
6.4,2260,3,0.0743178,0.0743178,0.985114,0.729812,0.255302,35.9405,34.9192,9,9,0,1.38964,1.30542,0.084224,0,0,0,0
6.5,2261,1,0.13923,0.13923,0.948967,0.915305,0.0336621,35.7959,35.6612,10,10,0,0.702803,0.711291,0.008488,0,0,0,0
6.5,2261,2,0.119419,0.119419,0.431509,0.877318,0.445809,33.726,35.5093,11,11,0,1.04455,1.00341,0.041144,0,0,0,0
6.5,2261,3,0.110871,0.110871,0.982408,0.985114,0.00270629,35.9296,35.9405,9,9,0,1.30542,1.31453,0.009112,0,0,1,0
6.6,2262,1,0.127309,0.127309,0.838911,0.948967,0.110056,35.3556,35.7959,10,10,0,0.711291,0.767259,0.055968,0,0,0,0
6.6,2262,2,0.150293,0.150293,0.855694,0.431509,0.424185,35.4228,33.726,11,11,0,1.00341,0.854685,0.14872,0,0,0,0
6.6,2262,3,0.713751,0.713751,0.961417,0.982408,0.0209908,35.8457,35.9296,9,9,0,1.31453,1.39247,0.077944,0,0,0,0
6.7,2263,1,1.20181,1.20181,0.904312,0.838911,0.0654011,35.6172,35.3556,10,10,0,0.767259,0.765987,0.001272,0,0,0,0
6.7,2263,2,0.399693,0.399693,0.132709,0.855694,0.722985,32.5308,35.4228,11,11,0,0.854685,0.796325,0.05836,0,0,0,0
6.7,2263,3,0.920096,0.920096,0.803332,0.961417,0.158085,35.2133,35.8457,9,9,0,1.39247,1.44356,0.051088,0,0,0,0
6.8,2264,1,1.07195,1.07195,0.949477,0.904312,0.0451641,35.7979,35.6172,10,10,0,0.765987,0.795963,0.029976,0,0,0,0
6.8,2264,2,0.3551,0.3551,0.531246,0.132709,0.398537,34.125,32.5308,11,11,0,0.796325,0.880469,0.084144,0,0,0,0
6.8,2264,3,0.136378,0.136378,0.990222,0.803332,0.18689,35.9609,35.2133,9,9,0,1.44356,1.40444,0.03912,0,0,0,0
6.9,2265,1,0.396713,0.396713,0.994393,0.949477,0.0449165,35.9776,35.7979,10,10,0,0.795963,0.783803,0.01216,0,0,0,0
6.9,2265,2,0.58509,0.58509,0.741619,0.531246,0.210373,34.9665,34.125,11,11,0,0.880469,0.737533,0.142936,0,0,0,0
6.9,2265,3,0.125281,0.125281,0.96854,0.990222,0.0216821,35.8742,35.9609,9,9,0,1.40444,1.52146,0.117016,0,0,0,0
0.5,1741,1,-1,-1,0.853839,0.853839,-1,35.4154,35.4154,10,10,0,0.703371,0.703371,0,0,0,0,0
0.5,1741,2,-1,-1,0.889469,0.889469,-1,35.5579,35.5579,11,11,0,0.917661,0.917661,0,0,0,0,0
0.5,1741,3,-1,-1,0.898897,0.898897,-1,35.5956,35.5956,9,9,0,1.26774,1.26774,0,0,0,0,0
0.6,1742,1,0.291792,0.291792,0.47301,0.853839,0.38083,33.892,35.4154,10,10,0,0.703371,0.729891,0.02652,0,0,0,0
0.6,1742,2,0.80272,0.80272,0.372149,0.889469,0.51732,33.4886,35.5579,11,11,0,0.917661,0.879829,0.037832,0,0,0,0
0.6,1742,3,0.114865,0.114865,0.94212,0.898897,0.0432232,35.7685,35.5956,9,9,0,1.26774,1.33973,0.071984,0,0,0,0
0.7,1743,1,0.013106,0.013106,0.837699,0.47301,0.36469,35.3508,33.892,10,10,0,0.729891,0.572659,0.157232,0,1,0,0
0.7,1743,2,0.187776,0.187776,0.78673,0.372149,0.414581,35.1469,33.4886,11,11,0,0.879829,0.996221,0.116392,0,0,0,0
0.7,1743,3,0.0442696,0.0442696,0.938893,0.94212,0.00322735,35.7556,35.7685,9,9,0,1.33973,1.38685,0.04712,0,0,1,0
0.8,1744,1,0.112625,0.112625,0.428537,0.837699,0.409162,33.7141,35.3508,10,10,0,0.572659,0.671131,0.098472,0,0,0,0
0.8,1744,2,0.147802,0.147802,0.240211,0.78673,0.546519,32.9608,35.1469,11,11,0,0.996221,0.889253,0.106968,0,0,0,0
0.8,1744,3,0.12769,0.12769,0.907694,0.938893,0.0311994,35.6308,35.7556,9,9,0,1.38685,1.36941,0.01744,0,0,0,0
0.9,1745,1,0.056183,0.056183,0.891693,0.428537,0.463156,35.5668,33.7141,10,10,0,0.671131,0.641419,0.029712,0,0,0,0
0.9,1745,2,0.264451,0.264451,0.155307,0.240211,0.0849036,32.6212,32.9608,11,11,0,0.889253,0.929261,0.040008,0,0,0,0
0.9,1745,3,0.173642,0.173642,0.956513,0.907694,0.0488195,35.8261,35.6308,9,9,0,1.36941,1.40722,0.037808,0,0,0,0
1,1746,1,0.159738,0.159738,0.204793,0.891693,0.6869,32.8192,35.5668,10,10,0,0.641419,0.731083,0.089664,0,0,0,0
1,1746,2,0.552675,0.552675,0.891533,0.155307,0.736226,35.5661,32.6212,11,11,0,0.929261,0.811141,0.11812,0,0,0,0
1,1746,3,0.159268,0.159268,0.948794,0.956513,0.00771886,35.7952,35.8261,9,9,0,1.40722,1.42499,0.017776,0,0,1,0
1.1,1747,1,0.642963,0.642963,0.369995,0.204793,0.165203,33.48,32.8192,10,10,0,0.731083,0.576363,0.15472,0,0,0,0
1.1,1747,2,0.0108738,0.0108738,0.623807,0.891533,0.267726,34.4952,35.5661,11,11,0,0.811141,0.732789,0.078352,0,1,0,0
1.1,1747,3,0.0862129,0.0862129,0.826961,0.948794,0.121833,35.3078,35.7952,9,9,0,1.42499,1.41371,0.01128,0,0,0,0
1.2,1748,1,0.602961,0.602961,0.802958,0.369995,0.432962,35.2118,33.48,10,10,0,0.576363,0.502299,0.074064,0,0,0,0
1.2,1748,2,0.0862185,0.0862185,0.238438,0.623807,0.385369,32.9538,34.4952,11,11,0,0.732789,1.05176,0.318968,0,0,0,0
1.2,1748,3,0.120853,0.120853,0.980877,0.826961,0.153916,35.9235,35.3078,9,9,0,1.41371,1.40171,0.012,0,0,0,0
1.3,1749,1,0.931038,0.931038,0.773245,0.802958,0.0297127,35.093,35.2118,10,10,0,0.502299,0.724075,0.221776,0,0,0,0
1.3,1749,2,0.621492,0.621492,0.555411,0.238438,0.316972,34.2216,32.9538,11,11,0,1.05176,0.795981,0.255776,0,0,0,0
1.3,1749,3,0.0939323,0.0939323,0.956396,0.980877,0.0244808,35.8256,35.9235,9,9,0,1.40171,1.42445,0.022736,0,0,0,0
1.4,1750,1,0.481737,0.481737,0.796656,0.773245,0.0234106,35.1866,35.093,10,10,0,0.724075,0.777107,0.053032,0,0,0,0
1.4,1750,2,0.589336,0.589336,0.223456,0.555411,0.331955,32.8938,34.2216,11,11,0,0.795981,0.749109,0.046872,0,0,0,0
1.4,1750,3,0.0787166,0.0787166,0.7537,0.956396,0.202696,35.0148,35.8256,9,9,0,1.42445,1.36334,0.061104,0,0,0,0
1.5,1751,1,0.476191,0.476191,0.732357,0.796656,0.0642986,34.9294,35.1866,10,10,0,0.777107,0.796283,0.019176,0,0,0,0
1.5,1751,2,0.0589644,0.0589644,0.465587,0.223456,0.242131,33.8623,32.8938,11,11,0,0.749109,0.843629,0.09452,0,0,0,0
1.5,1751,3,0.193774,0.193774,0.888586,0.7537,0.134886,35.5543,35.0148,9,9,0,1.36334,1.33007,0.033272,0,0,0,0
1.6,1752,1,0.0771781,0.0771781,0.111272,0.732357,0.621085,32.4451,34.9294,10,10,0,0.796283,0.748539,0.047744,0,0,0,0
1.6,1752,2,0.0858838,0.0858838,0.813059,0.465587,0.347472,35.2522,33.8623,11,11,0,0.843629,0.746677,0.096952,0,0,0,0
1.6,1752,3,0.214292,0.214292,0.826266,0.888586,0.0623205,35.3051,35.5543,9,9,0,1.33007,1.44144,0.111368,0,0,0,0
1.7,1753,1,0.246564,0.246564,0.778126,0.111272,0.666854,35.1125,32.4451,10,10,0,0.748539,0.538931,0.209608,0,0,0,0
1.7,1753,2,0.317728,0.317728,0.83594,0.813059,0.0228807,35.3438,35.2522,11,11,0,0.746677,0.890413,0.143736,0,0,0,0
1.7,1753,3,0.015593,0.015593,0.946683,0.826266,0.120417,35.7867,35.3051,9,9,0,1.44144,1.41244,0.029,0,1,0,0
1.8,1754,1,0.0583914,0.0583914,0.944052,0.778126,0.165926,35.7762,35.1125,10,10,0,0.538931,0.601043,0.062112,0,0,0,0
1.8,1754,2,0.44546,0.44546,-0.00560373,0.83594,0.841544,31.9776,35.3438,11,11,0,0.890413,1.041,0.150584,0,0,0,0
1.8,1754,3,0.0209467,0.0209467,0.962839,0.946683,0.0161566,35.8514,35.7867,9,9,0,1.41244,1.32274,0.089696,0,0,1,0
1.9,1755,1,0.0879654,0.0879654,0.795777,0.944052,0.148275,35.1831,35.7762,10,10,0,0.601043,0.752483,0.15144,0,0,0,0
1.9,1755,2,0.383735,0.383735,0.49326,-0.00560373,0.498864,33.973,31.9776,11,11,0,1.041,0.770301,0.270696,0,0,0,0
1.9,1755,3,0.0474029,0.0474029,0.718322,0.962839,0.244517,34.8733,35.8514,9,9,0,1.32274,1.36479,0.042048,0,0,0,0
2,1756,1,0.0752355,0.0752355,0.754723,0.795777,0.0410544,35.0189,35.1831,10,10,0,0.752483,0.830051,0.077568,0,0,0,0
2,1756,2,0.552636,0.552636,0.552601,0.49326,0.0593408,34.2104,33.973,11,11,0,0.770301,0.585821,0.18448,0,0,0,0
2,1756,3,0.0552353,0.0552353,0.864748,0.718322,0.146426,35.459,34.8733,9,9,0,1.36479,1.30967,0.05512,0,0,0,0
2.1,1757,1,0.522247,0.522247,0.825675,0.754723,0.0709523,35.3027,35.0189,10,10,0,0.830051,0.786611,0.04344,0,0,0,0
2.1,1757,2,0.623934,0.623934,0.618623,0.552601,0.0660219,34.4745,34.2104,11,11,0,0.585821,0.890581,0.30476,0,0,0,0
2.1,1757,3,0.0236112,0.0236112,0.924073,0.864748,0.0593245,35.6963,35.459,9,9,0,1.30967,1.33549,0.025816,0,0,0,0
2.2,1758,1,0.264361,0.264361,0.354724,0.825675,0.470951,33.4189,35.3027,10,10,0,0.786611,0.751355,0.035256,0,0,0,0
2.2,1758,2,0.25386,0.25386,0.534446,0.618623,0.0841764,34.1378,34.4745,11,11,0,0.890581,0.894741,0.00416,0,0,0,0
2.2,1758,3,0.379412,0.379412,0.960306,0.924073,0.0362335,35.8412,35.6963,9,9,0,1.33549,1.35364,0.018152,0,0,0,0
2.3,1759,1,0.134558,0.134558,0.47211,0.354724,0.117386,33.8884,33.4189,10,10,0,0.751355,0.598371,0.152984,0,0,0,0
2.3,1759,2,1.09236,1.09236,-0.198111,0.534446,0.732557,31.2076,34.1378,11,11,0,0.894741,0.937445,0.042704,0,0,0,0
2.3,1759,3,0.400225,0.400225,0.613074,0.960306,0.347232,34.4523,35.8412,9,9,0,1.35364,1.42006,0.066416,0,0,0,0
2.4,1760,1,0.107441,0.107441,0.885005,0.47211,0.412895,35.54,33.8884,10,10,0,0.598371,0.661755,0.063384,0,0,0,0
2.4,1760,2,0.21847,0.21847,0.60538,-0.198111,0.803491,34.4215,31.2076,11,11,0,0.937445,0.884437,0.053008,0,0,0,0
2.4,1760,3,0.0735537,0.0735537,0.926081,0.613074,0.313007,35.7043,34.4523,9,9,0,1.42006,1.45374,0.03368,0,0,0,0
2.5,1761,1,0.752581,0.752581,0.595759,0.885005,0.289246,34.383,35.54,10,10,0,0.661755,0.740003,0.078248,0,0,0,0
2.5,1761,2,0.911865,0.911865,0.759722,0.60538,0.154342,35.0389,34.4215,11,11,0,0.884437,0.762621,0.121816,0,0,0,0
2.5,1761,3,0.0105986,0.0105986,0.877656,0.926081,0.0484249,35.5106,35.7043,9,9,0,1.45374,1.39526,0.05848,0,1,0,0
2.6,1762,1,0.348116,0.348116,0.984625,0.595759,0.388866,35.9385,34.383,10,10,0,0.740003,0.704267,0.035736,0,0,0,0
2.6,1762,2,0.164324,0.164324,0.873677,0.759722,0.113954,35.4947,35.0389,11,11,0,0.762621,0.937285,0.174664,0,0,0,0
2.6,1762,3,0.827657,0.827657,0.668307,0.877656,0.209348,34.6732,35.5106,9,9,0,1.39526,1.38014,0.01512,0,0,0,0
2.7,1763,1,0.302429,0.302429,0.710313,0.984625,0.274312,34.8413,35.9385,10,10,0,0.704267,0.703475,0.000792,0,0,0,0
2.7,1763,2,0.417934,0.417934,-0.524432,0.873677,1.39811,29.9023,35.4947,11,11,0,0.937285,1.01396,0.076672,0,0,0,0
2.7,1763,3,0.318505,0.318505,0.906629,0.668307,0.238321,35.6265,34.6732,9,9,0,1.38014,1.23246,0.14768,0,0,0,0
2.8,1764,1,1.26235,1.26235,0.554857,0.710313,0.155456,34.2194,34.8413,10,10,0,0.703475,0.806963,0.103488,0,0,0,0
2.8,1764,2,0.631318,0.631318,0.828122,-0.524432,1.35255,35.3125,29.9023,11,11,0,1.01396,0.838661,0.175296,0,0,0,0
2.8,1764,3,0.567406,0.567406,0.962013,0.906629,0.0553848,35.8481,35.6265,9,9,0,1.23246,1.38455,0.152096,0,0,0,0
2.9,1765,1,1.22122,1.22122,0.831976,0.554857,0.277119,35.3279,34.2194,10,10,0,0.806963,0.681619,0.125344,0,0,0,0
2.9,1765,2,1.04859,1.04859,0.549002,0.828122,0.27912,34.196,35.3125,11,11,0,0.838661,0.569101,0.26956,0,0,0,0
2.9,1765,3,0.496388,0.496388,0.898526,0.962013,0.0634875,35.5941,35.8481,9,9,0,1.38455,1.40877,0.024216,0,0,0,0
3,1766,1,0.380076,0.380076,0.927325,0.831976,0.095349,35.7093,35.3279,10,10,0,0.681619,0.704195,0.022576,0,0,0,0
3,1766,2,0.249773,0.249773,0.599505,0.549002,0.0505029,34.398,34.196,11,11,0,0.569101,1.00985,0.440752,0,0,0,0
3,1766,3,0.0468258,0.0468258,0.979707,0.898526,0.0811807,35.9188,35.5941,9,9,0,1.40877,1.33355,0.075216,0,0,0,0
3.1,1767,1,0.357327,0.357327,0.951017,0.927325,0.0236913,35.8041,35.7093,10,10,0,0.704195,0.759683,0.055488,0,0,0,0
3.1,1767,2,0.925885,0.925885,0.742517,0.599505,0.143012,34.9701,34.398,11,11,0,1.00985,0.897245,0.112608,0,0,0,0
3.1,1767,3,0.299224,0.299224,0.898253,0.979707,0.0814539,35.593,35.9188,9,9,0,1.33355,1.35114,0.017592,0,0,0,0
3.2,1768,1,0.0568887,0.0568887,0.897869,0.951017,0.0531482,35.5915,35.8041,10,10,0,0.759683,0.753403,0.00628,0,0,0,0
3.2,1768,2,1.18557,1.18557,0.939424,0.742517,0.196907,35.7577,34.9701,11,11,0,0.897245,0.900285,0.00304,0,0,0,0
3.2,1768,3,0.263397,0.263397,0.657411,0.898253,0.240841,34.6296,35.593,9,9,0,1.35114,1.32907,0.022072,0,0,0,0
3.3,1769,1,0.0337492,0.0337492,0.926458,0.897869,0.0285893,35.7058,35.5915,10,10,0,0.753403,0.756731,0.003328,0,0,0,0
3.3,1769,2,0.126566,0.126566,0.744572,0.939424,0.194852,34.9783,35.7577,11,11,0,0.900285,0.928269,0.027984,0,0,0,0
3.3,1769,3,0.0877062,0.0877062,0.877163,0.657411,0.219751,35.5087,34.6296,9,9,0,1.32907,1.24106,0.088016,0,0,0,0
3.4,1770,1,0.454916,0.454916,0.91504,0.926458,0.011418,35.6602,35.7058,10,10,0,0.756731,0.758395,0.001664,0,0,1,0
3.4,1770,2,0.0801097,0.0801097,0.973337,0.744572,0.228765,35.8933,34.9783,11,11,0,0.928269,0.990037,0.061768,0,0,0,0
3.4,1770,3,0.302298,0.302298,0.933442,0.877163,0.0562795,35.7338,35.5087,9,9,0,1.24106,1.28371,0.042656,0,0,0,0
3.5,1771,1,0.549691,0.549691,0.757052,0.91504,0.157988,35.0282,35.6602,10,10,0,0.758395,0.714131,0.044264,0,0,0,0
3.5,1771,2,0.243942,0.243942,-0.450393,0.973337,1.42373,30.1984,35.8933,11,11,0,0.990037,0.915917,0.07412,0,0,0,0
3.5,1771,3,0.17926,0.17926,0.880141,0.933442,0.0533016,35.5206,35.7338,9,9,0,1.28371,1.33578,0.052072,0,0,0,0
3.6,1772,1,0.124794,0.124794,0.973925,0.757052,0.216873,35.8957,35.0282,10,10,0,0.714131,0.799003,0.084872,0,0,0,0
3.6,1772,2,0.313629,0.313629,0.23094,-0.450393,0.681334,32.9238,30.1984,11,11,0,0.915917,0.834333,0.081584,0,0,0,0
3.6,1772,3,0.197479,0.197479,0.600965,0.880141,0.279176,34.4039,35.5206,9,9,0,1.33578,1.37154,0.035752,0,0,0,0
3.7,1773,1,0.295061,0.295061,0.771333,0.973925,0.202591,35.0853,35.8957,10,10,0,0.799003,0.858507,0.059504,0,0,0,0
3.7,1773,2,0.567212,0.567212,0.277107,0.23094,0.0461668,33.1084,32.9238,11,11,0,0.834333,0.512501,0.321832,0,0,0,0
3.7,1773,3,0.379861,0.379861,0.881037,0.600965,0.280072,35.5241,34.4039,9,9,0,1.37154,1.32998,0.041552,0,0,0,0
3.8,1774,1,0.94614,0.94614,0.329126,0.771333,0.442207,33.3165,35.0853,10,10,0,0.858507,0.777795,0.080712,0,0,0,0
3.8,1774,2,0.0170825,0.0170825,0.105639,0.277107,0.171468,32.4226,33.1084,11,11,0,0.512501,0.741541,0.22904,0,1,0,0
3.8,1774,3,0.181751,0.181751,0.460339,0.881037,0.420697,33.8414,35.5241,9,9,0,1.32998,1.4375,0.107512,0,0,0,0
3.9,1775,1,0.464464,0.464464,0.692234,0.329126,0.363108,34.7689,33.3165,10,10,0,0.777795,0.756091,0.021704,0,0,0,0
3.9,1775,2,0.679002,0.679002,0.874252,0.105639,0.768613,35.497,32.4226,11,11,0,0.741541,0.862021,0.12048,0,0,0,0
3.9,1775,3,0.400028,0.400028,0.807868,0.460339,0.347529,35.2315,33.8414,9,9,0,1.4375,1.40807,0.029424,0,0,0,0
4,1776,1,0.332828,0.332828,0.928734,0.692234,0.2365,35.7149,34.7689,10,10,0,0.756091,0.696875,0.059216,0,0,0,0
4,1776,2,0.0689491,0.0689491,0.860224,0.874252,0.0140282,35.4409,35.497,11,11,0,0.862021,0.937557,0.075536,0,0,1,0
4,1776,3,0.590685,0.590685,0.898379,0.807868,0.0905108,35.5935,35.2315,9,9,0,1.40807,1.43592,0.027848,0,0,0,0
4.1,1777,1,0.813254,0.813254,0.895095,0.928734,0.0336385,35.5804,35.7149,10,10,0,0.696875,0.661427,0.035448,0,0,0,0
4.1,1777,2,0.00671178,0.00671178,0.226942,0.860224,0.633283,32.9078,35.4409,11,11,0,0.937557,1.00788,0.07032,0,1,0,0
4.1,1777,3,0.367133,0.367133,0.920383,0.898379,0.0220037,35.6815,35.5935,9,9,0,1.43592,1.2756,0.16032,0,0,0,0
4.2,1778,1,0.29262,0.29262,0.904314,0.895095,0.00921839,35.6173,35.5804,10,10,0,0.661427,0.774675,0.113248,0,0,1,0
4.2,1778,2,1.11126,1.11126,0.380561,0.226942,0.153619,33.5222,32.9078,11,11,0,1.00788,0.858653,0.149224,0,0,0,0
4.2,1778,3,0.0258654,0.0258654,0.958355,0.920383,0.0379725,35.8334,35.6815,9,9,0,1.2756,1.37786,0.102264,0,0,0,0
4.3,1779,1,0.278232,0.278232,0.998285,0.904314,0.093971,35.9931,35.6173,10,10,0,0.774675,0.779931,0.005256,0,0,0,0
4.3,1779,2,1.11363,1.11363,-0.0247396,0.380561,0.4053,31.901,33.5222,11,11,0,0.858653,0.704141,0.154512,0,0,0,0
4.3,1779,3,0.241951,0.241951,0.914561,0.958355,0.0437939,35.6582,35.8334,9,9,0,1.37786,1.44293,0.065064,0,0,0,0
4.4,1780,1,0.0122461,0.0122461,0.675696,0.998285,0.322589,34.7028,35.9931,10,10,0,0.779931,0.831891,0.05196,0,1,0,0
4.4,1780,2,0.464003,0.464003,0.162361,-0.0247396,0.1871,32.6494,31.901,11,11,0,0.704141,0.840109,0.135968,0,0,0,0
4.4,1780,3,0.372844,0.372844,0.722468,0.914561,0.192093,34.8899,35.6582,9,9,0,1.44293,1.45954,0.016616,0,0,0,0
4.5,1781,1,0.0655423,0.0655423,0.96566,0.675696,0.289964,35.8626,34.7028,10,10,0,0.831891,0.819699,0.012192,0,0,0,0
4.5,1781,2,0.389945,0.389945,0.885794,0.162361,0.723434,35.5432,32.6494,11,11,0,0.840109,0.601325,0.238784,0,0,0,0
4.5,1781,3,0.640359,0.640359,0.882374,0.722468,0.159906,35.5295,34.8899,9,9,0,1.45954,1.42887,0.030672,0,0,0,0
4.6,1782,1,0.0840385,0.0840385,0.767211,0.96566,0.19845,35.0688,35.8626,10,10,0,0.819699,0.745907,0.073792,0,0,0,0
4.6,1782,2,0.0906454,0.0906454,-0.00214654,0.885794,0.887941,31.9914,35.5432,11,11,0,0.601325,0.844965,0.24364,0,0,0,0
4.6,1782,3,0.149257,0.149257,0.553619,0.882374,0.328755,34.2145,35.5295,9,9,0,1.42887,1.3976,0.031272,0,0,0,0
4.7,1783,1,0.6519,0.6519,0.968178,0.767211,0.200967,35.8727,35.0688,10,10,0,0.745907,0.845035,0.099128,0,0,0,0
4.7,1783,2,0.557821,0.557821,0.469,-0.00214654,0.471147,33.876,31.9914,11,11,0,0.844965,0.885133,0.040168,0,0,0,0
4.7,1783,3,0.0251967,0.0251967,0.822284,0.553619,0.268665,35.2891,34.2145,9,9,0,1.3976,1.33432,0.06328,0,0,0,0
4.8,1784,1,0.630744,0.630744,0.84321,0.968178,0.124968,35.3728,35.8727,10,10,0,0.845035,0.851627,0.006592,0,0,0,0
4.8,1784,2,0.0711503,0.0711503,-0.383064,0.469,0.852064,30.4677,33.876,11,11,0,0.885133,0.736517,0.148616,0,0,0,0
4.8,1784,3,0.257262,0.257262,0.155288,0.822284,0.666996,32.6212,35.2891,9,9,0,1.33432,1.40331,0.068992,0,0,0,0
4.9,1785,1,0.104094,0.104094,0.211184,0.84321,0.632027,32.8447,35.3728,10,10,0,0.851627,0.991987,0.14036,0,0,0,0
4.9,1785,2,0.662088,0.662088,0.893055,-0.383064,1.27612,35.5722,30.4677,11,11,0,0.736517,0.839029,0.102512,0,0,0,0
4.9,1785,3,0.316391,0.316391,0.967197,0.155288,0.811909,35.8688,32.6212,9,9,0,1.40331,1.28956,0.113752,0,0,0,0
5,1786,1,0.0359623,0.0359623,0.951464,0.211184,0.74028,35.8059,32.8447,10,10,0,0.991987,0.663395,0.328592,0,0,0,0
5,1786,2,1.12786,1.12786,0.612887,0.893055,0.280169,34.4515,35.5722,11,11,0,0.839029,0.808397,0.030632,0,0,0,0
5,1786,3,0.0813338,0.0813338,0.946673,0.967197,0.0205234,35.7867,35.8688,9,9,0,1.28956,1.42518,0.135624,0,0,0,0
5.1,1787,1,0.544362,0.544362,0.913934,0.951464,0.0375299,35.6557,35.8059,10,10,0,0.663395,0.658667,0.004728,0,0,0,0
5.1,1787,2,0.177041,0.177041,0.636086,0.612887,0.0231994,34.5443,34.4515,11,11,0,0.808397,0.987981,0.179584,0,0,0,0
5.1,1787,3,0.326494,0.326494,0.925091,0.946673,0.0215821,35.7004,35.7867,9,9,0,1.42518,1.3945,0.030688,0,0,0,0
5.2,1788,1,0.384568,0.384568,0.590427,0.913934,0.323507,34.3617,35.6557,10,10,0,0.658667,0.732587,0.07392,0,0,0,0
5.2,1788,2,0.130141,0.130141,-0.255131,0.636086,0.891217,30.9795,34.5443,11,11,0,0.987981,0.920077,0.067904,0,0,0,0
5.2,1788,3,0.137658,0.137658,0.811864,0.925091,0.113227,35.2475,35.7004,9,9,0,1.3945,1.36682,0.027672,0,0,0,0
5.3,1789,1,0.0580183,0.0580183,0.836327,0.590427,0.245901,35.3453,34.3617,10,10,0,0.732587,0.762467,0.02988,0,0,0,0
5.3,1789,2,1.05261,1.05261,0.171217,-0.255131,0.426347,32.6849,30.9795,11,11,0,0.920077,0.764109,0.155968,0,0,0,0
5.3,1789,3,0.0875263,0.0875263,0.853989,0.811864,0.0421249,35.416,35.2475,9,9,0,1.36682,1.44079,0.073968,0,0,0,0
5.4,1790,1,0.14187,0.14187,0.890782,0.836327,0.0544548,35.5631,35.3453,10,10,0,0.762467,0.840515,0.078048,0,0,0,0
5.4,1790,2,0.0840143,0.0840143,0.482454,0.171217,0.311237,33.9298,32.6849,11,11,0,0.764109,0.514973,0.249136,0,0,0,0
5.4,1790,3,0.0459485,0.0459485,0.928154,0.853989,0.0741652,35.7126,35.416,9,9,0,1.44079,1.57567,0.13488,0,0,0,0
5.5,1791,1,0.258465,0.258465,0.824416,0.890782,0.0663666,35.2977,35.5631,10,10,0,0.840515,0.827003,0.013512,0,0,0,0
5.5,1791,2,1.15891,1.15891,0.334277,0.482454,0.148176,33.3371,33.9298,11,11,0,0.514973,0.737397,0.222424,0,0,0,0
5.5,1791,3,0.516385,0.516385,0.801735,0.928154,0.12642,35.2069,35.7126,9,9,0,1.57567,1.39911,0.17656,0,0,0,0
5.6,1792,1,0.511293,0.511293,0.96473,0.824416,0.140314,35.8589,35.2977,10,10,0,0.827003,0.825379,0.001624,0,0,0,0
5.6,1792,2,0.391799,0.391799,0.150149,0.334277,0.184129,32.6006,33.3371,11,11,0,0.737397,0.807253,0.069856,0,0,0,0
5.6,1792,3,0.587339,0.587339,0.933206,0.801735,0.131471,35.7328,35.2069,9,9,0,1.39911,1.40222,0.003112,0,0,0,0
5.7,1793,1,0.676886,0.676886,0.737132,0.96473,0.227598,34.9485,35.8589,10,10,0,0.825379,0.836963,0.011584,0,0,0,0
5.7,1793,2,0.401364,0.401364,0.887017,0.150149,0.736868,35.5481,32.6006,11,11,0,0.807253,0.859005,0.051752,0,0,0,0
5.7,1793,3,0.0961214,0.0961214,0.58314,0.933206,0.350066,34.3326,35.7328,9,9,0,1.40222,1.49994,0.09772,0,0,0,0
5.8,1794,1,0.936546,0.936546,0.0115399,0.737132,0.725592,32.0462,34.9485,10,10,0,0.836963,0.714675,0.122288,0,0,0,0
5.8,1794,2,0.0364025,0.0364025,0.508642,0.887017,0.378375,34.0346,35.5481,11,11,0,0.859005,0.803077,0.055928,0,0,0,0
5.8,1794,3,0.0598494,0.0598494,0.577261,0.58314,0.00587881,34.309,34.3326,9,9,0,1.49994,1.34881,0.151136,0,0,1,0
5.9,1795,1,0.82671,0.82671,0.955062,0.0115399,0.943522,35.8202,32.0462,10,10,0,0.714675,0.626019,0.088656,0,0,0,0
5.9,1795,2,0.310995,0.310995,0.848015,0.508642,0.339373,35.3921,34.0346,11,11,0,0.803077,1.03695,0.233872,0,0,0,0
5.9,1795,3,0.298397,0.298397,0.813106,0.577261,0.235844,35.2524,34.309,9,9,0,1.34881,1.36569,0.01688,0,0,0,0
6,1796,1,0.0213078,0.0213078,0.947259,0.955062,0.00780278,35.789,35.8202,10,10,0,0.626019,0.613867,0.012152,0,0,1,0
6,1796,2,0.284314,0.284314,0.740855,0.848015,0.10716,34.9634,35.3921,11,11,0,1.03695,1.07585,0.038904,0,0,0,0
6,1796,3,0.103941,0.103941,0.347092,0.813106,0.466014,33.3884,35.2524,9,9,0,1.36569,1.4029,0.037216,0,0,0,0
6.1,1797,1,0.289417,0.289417,0.983135,0.947259,0.0358766,35.9325,35.789,10,10,0,0.613867,0.807739,0.193872,0,0,0,0
6.1,1797,2,1.11691,1.11691,0.291355,0.740855,0.4495,33.1654,34.9634,11,11,0,1.07585,0.994501,0.081352,0,0,0,0
6.1,1797,3,0.443776,0.443776,-0.159306,0.347092,0.506398,31.3628,33.3884,9,9,0,1.4029,1.21742,0.185488,0,0,0,0
6.2,1798,1,0.158779,0.158779,0.506657,0.983135,0.476479,34.0266,35.9325,10,10,0,0.807739,0.925723,0.117984,0,0,0,0
6.2,1798,2,1.03644,1.03644,0.128012,0.291355,0.163343,32.512,33.1654,11,11,0,0.994501,0.965181,0.02932,0,0,0,0
6.2,1798,3,0.149016,0.149016,0.733287,-0.159306,0.892594,34.9331,31.3628,9,9,0,1.21742,1.05528,0.162136,0,0,0,0
6.3,1799,1,0.296146,0.296146,0.98962,0.506657,0.482964,35.9585,34.0266,10,10,0,0.925723,0.860299,0.065424,0,0,0,0
6.3,1799,2,0.0714341,0.0714341,-0.742041,0.128012,0.870053,29.0318,32.512,11,11,0,0.965181,0.866133,0.099048,0,0,0,0
6.3,1799,3,0.282503,0.282503,0.684503,0.733287,0.048784,34.738,34.9331,9,9,0,1.05528,1.19572,0.14044,0,0,0,0
6.4,1800,1,0.47533,0.47533,0.933136,0.98962,0.0564845,35.7325,35.9585,10,10,0,0.860299,0.958755,0.098456,0,0,0,0
6.4,1800,2,0.281544,0.281544,0.85986,-0.742041,1.6019,35.4394,29.0318,11,11,0,0.866133,0.718453,0.14768,0,0,0,0
6.4,1800,3,0.398368,0.398368,0.832073,0.684503,0.147569,35.3283,34.738,9,9,0,1.19572,1.4633,0.267584,0,0,0,0
6.5,1801,1,0.663119,0.663119,0.951265,0.933136,0.0181293,35.8051,35.7325,10,10,0,0.958755,0.758083,0.200672,0,0,1,0
6.5,1801,2,0.0628078,0.0628078,0.0281041,0.85986,0.831756,32.1124,35.4394,11,11,0,0.718453,0.544061,0.174392,0,0,0,0
6.5,1801,3,0.0945983,0.0945983,0.344526,0.832073,0.487547,33.3781,35.3283,9,9,0,1.4633,1.40194,0.061368,0,0,0,0
6.6,1802,1,0.0269675,0.0269675,0.840468,0.951265,0.110797,35.3619,35.8051,10,10,0,0.758083,0.844851,0.086768,0,0,0,0
6.6,1802,2,0.163529,0.163529,0.732628,0.0281041,0.704524,34.9305,32.1124,11,11,0,0.544061,0.974781,0.43072,0,0,0,0
6.6,1802,3,0.210187,0.210187,0.778969,0.344526,0.434443,35.1159,33.3781,9,9,0,1.40194,1.29882,0.103112,0,0,0,0
6.7,1803,1,0.197843,0.197843,0.819909,0.840468,0.0205594,35.2796,35.3619,10,10,0,0.844851,0.777755,0.067096,0,0,0,0
6.7,1803,2,0.134713,0.134713,0.553407,0.732628,0.179222,34.2136,34.9305,11,11,0,0.974781,0.796621,0.17816,0,0,0,0
6.7,1803,3,0.884741,0.884741,0.569088,0.778969,0.209881,34.2764,35.1159,9,9,0,1.29882,1.42348,0.124656,0,0,0,0
6.8,1804,1,0.0295203,0.0295203,0.427868,0.819909,0.392041,33.7115,35.2796,10,10,0,0.777755,0.769227,0.008528,0,0,0,0
6.8,1804,2,0.0691004,0.0691004,-0.267521,0.553407,0.820927,30.9299,34.2136,11,11,0,0.796621,0.919477,0.122856,0,0,0,0
6.8,1804,3,1.01141,1.01141,0.437838,0.569088,0.131249,33.7514,34.2764,9,9,0,1.42348,1.29766,0.125824,0,0,0,0
6.9,1805,1,1.1496,1.1496,0.75056,0.427868,0.322692,35.0022,33.7115,10,10,0,0.769227,0.851099,0.081872,0,0,0,0
6.9,1805,2,0.0150853,0.0150853,0.462481,-0.267521,0.730002,33.8499,30.9299,11,11,0,0.919477,0.883861,0.035616,0,1,0,0
6.9,1805,3,0.312065,0.312065,0.768457,0.437838,0.330619,35.0738,33.7514,9,9,0,1.29766,1.40588,0.108224,0,0,0,0
7,1806,1,0.747829,0.747829,0.825774,0.75056,0.0752144,35.3031,35.0022,10,10,0,0.851099,0.841795,0.009304,0,0,0,0
7,1806,2,0.320067,0.320067,-0.549833,0.462481,1.01231,29.8007,33.8499,11,11,0,0.883861,0.721781,0.16208,0,0,0,0
7,1806,3,0.0562625,0.0562625,-0.269651,0.768457,1.03811,30.9214,35.0738,9,9,0,1.40588,1.52029,0.114408,0,0,0,0
7.1,1807,1,0.148605,0.148605,0.426375,0.825774,0.399399,33.7055,35.3031,10,10,0,0.841795,1.21611,0.374312,0,0,0,0
7.1,1807,2,0.27189,0.27189,0.901716,-0.549833,1.45155,35.6069,29.8007,11,11,0,0.721781,0.877509,0.155728,0,0,0,0
7.1,1807,3,0.639417,0.639417,0.892728,-0.269651,1.16238,35.5709,30.9214,9,9,0,1.52029,1.18567,0.334616,0,0,0,0
7.2,1808,1,0.57722,0.57722,0.976984,0.426375,0.550608,35.9079,33.7055,10,10,0,1.21611,0.792419,0.423688,0,0,0,0
7.2,1808,2,0.315772,0.315772,0.891674,0.901716,0.0100427,35.5667,35.6069,11,11,0,0.877509,0.730581,0.146928,0,0,1,0
7.2,1808,3,1.04123,1.04123,0.137093,0.892728,0.755636,32.5484,35.5709,9,9,0,1.18567,1.30191,0.11624,0,0,0,0
7.3,1809,1,0.610453,0.610453,0.105623,0.976984,0.871361,32.4225,35.9079,10,10,0,0.792419,0.729467,0.062952,0,0,0,0
7.3,1809,2,0.0947639,0.0947639,0.735705,0.891674,0.155969,34.9428,35.5667,11,11,0,0.730581,1.05149,0.320912,0,0,0,0
7.3,1809,3,0.61376,0.61376,0.967188,0.137093,0.830095,35.8688,32.5484,9,9,0,1.30191,1.19868,0.103232,0,0,0,0
7.4,1810,1,0.631038,0.631038,0.892674,0.105623,0.787051,35.5707,32.4225,10,10,0,0.729467,0.642515,0.086952,0,0,0,0
7.4,1810,2,0.217281,0.217281,0.67395,0.735705,0.0617546,34.6958,34.9428,11,11,0,1.05149,1.04955,0.001944,0,0,0,0
7.4,1810,3,0.684002,0.684002,0.571021,0.967188,0.396166,34.2841,35.8688,9,9,0,1.19868,1.29595,0.097272,0,0,0,0
7.5,1811,1,1.18756,1.18756,0.544216,0.892674,0.348458,34.1769,35.5707,10,10,0,0.642515,0.729731,0.087216,0,0,0,0
7.5,1811,2,0.362411,0.362411,-0.137714,0.67395,0.811664,31.4491,34.6958,11,11,0,1.04955,0.966149,0.0834,0,0,0,0
7.5,1811,3,0.229232,0.229232,0.856812,0.571021,0.285791,35.4272,34.2841,9,9,0,1.29595,1.35211,0.05616,0,0,0,0
7.6,1812,1,1.42795,1.42795,0.832247,0.544216,0.288032,35.329,34.1769,10,10,0,0.729731,0.830995,0.101264,0,0,0,0
7.6,1812,2,0.972779,0.972779,0.226068,-0.137714,0.363781,32.9043,31.4491,11,11,0,0.966149,0.781949,0.1842,0,0,0,0
7.6,1812,3,1.10507,1.10507,0.702122,0.856812,0.154691,34.8085,35.4272,9,9,0,1.35211,1.5541,0.201992,0,0,0,0
7.7,1813,1,1.37437,1.37437,0.755234,0.832247,0.0770131,35.0209,35.329,10,10,0,0.830995,0.826723,0.004272,0,0,0,0
7.7,1813,2,0.140509,0.140509,-0.0503388,0.226068,0.276406,31.7986,32.9043,11,11,0,0.781949,0.737357,0.044592,0,0,0,0
7.7,1813,3,1.13605,1.13605,0.947021,0.702122,0.244899,35.7881,34.8085,9,9,0,1.5541,1.44568,0.108424,0,0,0,0
7.8,1814,1,1.23907,1.23907,0.750069,0.755234,0.0051651,35.0003,35.0209,10,10,0,0.826723,0.872203,0.04548,0,0,1,0
7.8,1814,2,1.6999,1.6999,-0.903244,-0.0503388,0.852906,28.387,31.7986,11,11,0,0.737357,0.846613,0.109256,0,0,0,0
7.8,1814,3,0.49952,0.49952,0.658488,0.947021,0.288533,34.634,35.7881,9,9,0,1.44568,1.43565,0.010032,0,0,0,0
7.9,1815,1,0.0419253,0.0419253,0.783569,0.750069,0.0335,35.1343,35.0003,10,10,0,0.872203,0.994107,0.121904,0,0,0,0
7.9,1815,2,1.12144,1.12144,0.888741,-0.903244,1.79199,35.555,28.387,11,11,0,0.846613,0.710749,0.135864,0,0,0,0
7.9,1815,3,0.635481,0.635481,0.24794,0.658488,0.410548,32.9918,34.634,9,9,0,1.43565,1.53282,0.097176,0,0,0,0
8,1816,1,0.368863,0.368863,0.933982,0.783569,0.150413,35.7359,35.1343,10,10,0,0.994107,0.880547,0.11356,0,0,0,0
8,1816,2,1.02414,1.02414,0.666684,0.888741,0.222057,34.6667,35.555,11,11,0,0.710749,0.583949,0.1268,0,0,0,0
8,1816,3,0.944742,0.944742,0.875615,0.24794,0.627675,35.5025,32.9918,9,9,0,1.53282,1.22983,0.302992,0,0,0,0
8.1,1817,1,0.261348,0.261348,0.770098,0.933982,0.163885,35.0804,35.7359,10,10,0,0.880547,0.789987,0.09056,0,0,0,0
8.1,1817,2,0.0250661,0.0250661,0.812395,0.666684,0.145711,35.2496,34.6667,11,11,0,0.583949,1.01927,0.43532,0,0,0,0
8.1,1817,3,0.476071,0.476071,0.130886,0.875615,0.74473,32.5235,35.5025,9,9,0,1.22983,1.27576,0.045928,0,0,0,0
8.2,1818,1,0.0783509,0.0783509,0.973113,0.770098,0.203016,35.8925,35.0804,10,10,0,0.789987,0.785667,0.00432,0,0,0,0
8.2,1818,2,0.0551801,0.0551801,0.414648,0.812395,0.397747,33.6586,35.2496,11,11,0,1.01927,0.941557,0.077712,0,0,0,0
8.2,1818,3,0.174917,0.174917,-0.158146,0.130886,0.289032,31.3674,32.5235,9,9,0,1.27576,1.16449,0.111272,0,0,0,0
8.3,1819,1,0.13489,0.13489,0.917003,0.973113,0.0561106,35.668,35.8925,10,10,0,0.785667,0.948939,0.163272,0,0,0,0
8.3,1819,2,0.47809,0.47809,-0.664147,0.414648,1.0788,29.3434,33.6586,11,11,0,0.941557,1.07499,0.133432,0,0,0,0
8.3,1819,3,0.0887178,0.0887178,0.816187,-0.158146,0.974333,35.2647,31.3674,9,9,0,1.16449,1.05112,0.113368,0,0,0,0
8.4,1820,1,0.230398,0.230398,0.881754,0.917003,0.0352493,35.527,35.668,10,10,0,0.948939,0.960635,0.011696,0,0,0,0
8.4,1820,2,0.126661,0.126661,0.884001,-0.664147,1.54815,35.536,29.3434,11,11,0,1.07499,0.763701,0.311288,0,0,0,0
8.4,1820,3,0.277088,0.277088,0.897546,0.816187,0.0813591,35.5902,35.2647,9,9,0,1.05112,1.36296,0.31184,0,0,0,0
8.5,1821,1,0.0200334,0.0200334,0.861291,0.881754,0.0204623,35.4452,35.527,10,10,0,0.960635,0.785451,0.175184,0,0,0,0
8.5,1821,2,0.403103,0.403103,0.595613,0.884001,0.288388,34.3825,35.536,11,11,0,0.763701,0.553405,0.210296,0,0,0,0
8.5,1821,3,0.216609,0.216609,0.879534,0.897546,0.018012,35.5181,35.5902,9,9,0,1.36296,1.45899,0.096032,0,0,1,0
8.6,1822,1,0.199188,0.199188,0.33861,0.861291,0.522682,33.3544,35.4452,10,10,0,0.785451,0.721611,0.06384,0,0,0,0
8.6,1822,2,0.774939,0.774939,0.961906,0.595613,0.366293,35.8476,34.3825,11,11,0,0.553405,1.02504,0.471632,0,0,0,0
8.6,1822,3,0.326199,0.326199,0.836202,0.879534,0.0433314,35.3448,35.5181,9,9,0,1.45899,1.41458,0.044416,0,0,0,0
8.7,1823,1,0.110372,0.110372,0.897082,0.33861,0.558473,35.5883,33.3544,10,10,0,0.721611,0.644523,0.077088,0,0,0,0
8.7,1823,2,0.443818,0.443818,0.921786,0.961906,0.0401207,35.6871,35.8476,11,11,0,1.02504,0.936365,0.088672,0,0,0,0
8.7,1823,3,0.176122,0.176122,0.556649,0.836202,0.279553,34.2266,35.3448,9,9,0,1.41458,1.43989,0.025312,0,0,0,0
8.8,1824,1,0.224198,0.224198,0.692781,0.897082,0.204302,34.7711,35.5883,10,10,0,0.644523,0.645699,0.001176,0,0,0,0
8.8,1824,2,0.222086,0.222086,0.538346,0.921786,0.38344,34.1534,35.6871,11,11,0,0.936365,1.05296,0.116592,0,0,0,0
8.8,1824,3,0.438289,0.438289,0.363876,0.556649,0.192774,33.4555,34.2266,9,9,0,1.43989,1.23612,0.203768,0,0,0,0
8.9,1825,1,0.290807,0.290807,0.959385,0.692781,0.266605,35.8375,34.7711,10,10,0,0.645699,0.730427,0.084728,0,0,0,0
8.9,1825,2,0.000467241,0.000467241,0.629694,0.538346,0.0913485,34.5188,34.1534,11,11,0,1.05296,1.04734,0.005616,0,1,0,0
8.9,1825,3,0.53853,0.53853,0.725335,0.363876,0.361459,34.9013,33.4555,9,9,0,1.23612,1.32942,0.093304,0,0,0,0
9,1826,1,0.0729665,0.0729665,0.975484,0.959385,0.0160989,35.9019,35.8375,10,10,0,0.730427,0.782947,0.05252,0,0,1,0
9,1826,2,0.132541,0.132541,-0.0431249,0.629694,0.672819,31.8275,34.5188,11,11,0,1.04734,0.989029,0.058312,0,0,0,0
9,1826,3,0.0826347,0.0826347,0.745257,0.725335,0.019923,34.981,34.9013,9,9,0,1.32942,1.35454,0.025112,0,0,1,0
9.1,1827,1,1.23073,1.23073,0.991286,0.975484,0.0158018,35.9651,35.9019,10,10,0,0.782947,0.905627,0.12268,0,0,1,0
9.1,1827,2,0.448353,0.448353,0.973047,-0.0431249,1.01617,35.8922,31.8275,11,11,0,0.989029,0.786661,0.202368,0,0,0,0
9.1,1827,3,0.0875689,0.0875689,0.90677,0.745257,0.161512,35.6271,34.981,9,9,0,1.35454,1.37718,0.02264,0,0,0,0
9.2,1828,1,0.971381,0.971381,0.929703,0.991286,0.0615835,35.7188,35.9651,10,10,0,0.905627,0.796003,0.109624,0,0,0,0
9.2,1828,2,0.631262,0.631262,0.767347,0.973047,0.205699,35.0694,35.8922,11,11,0,0.786661,0.713021,0.07364,0,0,0,0
9.2,1828,3,0.259533,0.259533,0.875924,0.90677,0.0308455,35.5037,35.6271,9,9,0,1.37718,1.44974,0.07256,0,0,0,0
9.3,1829,1,0.293212,0.293212,0.667136,0.929703,0.262566,34.6685,35.7188,10,10,0,0.796003,0.723859,0.072144,0,0,0,0
9.3,1829,2,0.958036,0.958036,0.883747,0.767347,0.1164,35.535,35.0694,11,11,0,0.713021,0.992133,0.279112,0,0,0,0
9.3,1829,3,0.610004,0.610004,0.572387,0.875924,0.303537,34.2895,35.5037,9,9,0,1.44974,1.36045,0.089288,0,0,0,0
9.4,1830,1,0.580966,0.580966,0.599736,0.667136,0.0674009,34.3989,34.6685,10,10,0,0.723859,0.686339,0.03752,0,0,0,0
9.4,1830,2,0.152403,0.152403,0.87913,0.883747,0.0046165,35.5165,35.535,11,11,0,0.992133,1.0124,0.020264,0,0,1,0
9.4,1830,3,0.603855,0.603855,0.70722,0.572387,0.134833,34.8289,34.2895,9,9,0,1.36045,1.34568,0.014768,0,0,0,0
9.5,1831,1,1.14008,1.14008,0.192424,0.599736,0.407311,32.7697,34.3989,10,10,0,0.686339,0.670611,0.015728,0,0,0,0
9.5,1831,2,0.105939,0.105939,0.520584,0.87913,0.358547,34.0823,35.5165,11,11,0,1.0124,1.07965,0.067248,0,0,0,0
9.5,1831,3,0.31506,0.31506,0.6335,0.70722,0.07372,34.534,34.8289,9,9,0,1.34568,1.35505,0.009368,0,0,0,0
9.6,1832,1,1.0713,1.0713,0.748794,0.192424,0.55637,34.9952,32.7697,10,10,0,0.670611,0.612731,0.05788,0,0,0,0
9.6,1832,2,0.377484,0.377484,0.798449,0.520584,0.277865,35.1938,34.0823,11,11,0,1.07965,1.09013,0.01048,0,0,0,0
9.6,1832,3,0.180835,0.180835,0.923938,0.6335,0.290438,35.6958,34.534,9,9,0,1.35505,1.52638,0.171328,0,0,0,0
9.7,1833,1,0.38004,0.38004,0.972061,0.748794,0.223266,35.8882,34.9952,10,10,0,0.612731,0.640339,0.027608,0,0,0,0
9.7,1833,2,0.724677,0.724677,0.276704,0.798449,0.521745,33.1068,35.1938,11,11,0,1.09013,1.03577,0.054352,0,0,0,0
9.7,1833,3,0.138095,0.138095,0.964224,0.923938,0.0402864,35.8569,35.6958,9,9,0,1.52638,1.4563,0.070072,0,0,0,0
9.8,1834,1,0.0927614,0.0927614,0.404245,0.972061,0.567816,33.617,35.8882,10,10,0,0.640339,0.727539,0.0872,0,0,0,0
9.8,1834,2,0.576922,0.576922,-0.194319,0.276704,0.471023,31.2227,33.1068,11,11,0,1.03577,0.822605,0.213168,0,0,0,0
9.8,1834,3,0.0493361,0.0493361,0.710872,0.964224,0.253352,34.8435,35.8569,9,9,0,1.4563,1.50978,0.05348,0,0,0,0
9.9,1835,1,0.240333,0.240333,0.947097,0.404245,0.542852,35.7884,33.617,10,10,0,0.727539,0.781987,0.054448,0,0,0,0
9.9,1835,2,0.0520877,0.0520877,0.684452,-0.194319,0.878771,34.7378,31.2227,11,11,0,0.822605,0.837733,0.015128,0,0,0,0
9.9,1835,3,0.341972,0.341972,0.558564,0.710872,0.152308,34.2343,34.8435,9,9,0,1.50978,1.55055,0.040768,0,0,0,0
10,1836,1,0.606904,0.606904,0.89823,0.947097,0.0488664,35.5929,35.7884,10,10,0,0.781987,0.764347,0.01764,0,0,0,0
10,1836,2,0.168438,0.168438,-0.800054,0.684452,1.48451,28.7998,34.7378,11,11,0,0.837733,0.764709,0.073024,0,0,0,0
10,1836,3,0.421582,0.421582,0.935096,0.558564,0.376532,35.7404,34.2343,9,9,0,1.55055,1.3625,0.188048,0,0,0,0
10.1,1837,1,1.09869,1.09869,0.230455,0.89823,0.667775,32.9218,35.5929,10,10,0,0.764347,0.904859,0.140512,0,0,0,0
10.1,1837,2,0.106227,0.106227,0.927704,-0.800054,1.72776,35.7108,28.7998,11,11,0,0.764709,0.842197,0.077488,0,0,0,0
10.1,1837,3,0.0152437,0.0152437,0.871734,0.935096,0.0633621,35.4869,35.7404,9,9,0,1.3625,1.48347,0.120968,0,1,0,0
10.2,1838,1,1.66871,1.66871,0.603138,0.230455,0.372683,34.4126,32.9218,10,10,0,0.904859,0.667011,0.237848,0,0,0,0
10.2,1838,2,0.952351,0.952351,-0.559297,0.927704,1.487,29.7628,35.7108,11,11,0,0.842197,0.564245,0.277952,0,0,0,0
10.2,1838,3,0.260639,0.260639,0.586341,0.871734,0.285393,34.3454,35.4869,9,9,0,1.48347,1.58995,0.10648,0,0,0,0
10.3,1839,1,0.0625005,0.0625005,0.303743,0.603138,0.299395,33.215,34.4126,10,10,0,0.667011,0.746419,0.079408,0,0,0,0
10.3,1839,2,1.06811,1.06811,0.876478,-0.559297,1.43578,35.5059,29.7628,11,11,0,0.564245,0.827789,0.263544,0,0,0,0
10.3,1839,3,0.0951892,0.0951892,0.903804,0.586341,0.317463,35.6152,34.3454,9,9,0,1.58995,1.53116,0.058792,0,0,0,0
10.4,1840,1,0.251946,0.251946,0.744311,0.303743,0.440568,34.9772,33.215,10,10,0,0.746419,0.677667,0.068752,0,0,0,0
10.4,1840,2,0.171975,0.171975,0.306107,0.876478,0.57037,33.2244,35.5059,11,11,0,0.827789,0.640013,0.187776,0,0,0,0
10.4,1840,3,0.0277815,0.0277815,0.896564,0.903804,0.00723994,35.5863,35.6152,9,9,0,1.53116,1.53067,0.000488,0,0,1,0
10.5,1841,1,0.289651,0.289651,0.51354,0.744311,0.23077,34.0542,34.9772,10,10,0,0.677667,0.637603,0.040064,0,0,0,0
10.5,1841,2,0.0630297,0.0630297,-0.259673,0.306107,0.56578,30.9613,33.2244,11,11,0,0.640013,0.977149,0.337136,0,0,0,0
10.5,1841,3,0.134684,0.134684,0.274376,0.896564,0.622188,33.0975,35.5863,9,9,0,1.53067,1.51143,0.01924,0,0,0,0
10.6,1842,1,0.210419,0.210419,0.670227,0.51354,0.156687,34.6809,34.0542,10,10,0,0.637603,0.876035,0.238432,0,0,0,0
10.6,1842,2,0.76018,0.76018,0.882097,-0.259673,1.14177,35.5284,30.9613,11,11,0,0.977149,0.783429,0.19372,0,0,0,0
10.6,1842,3,0.0185153,0.0185153,-0.558788,0.274376,0.833163,29.7648,33.0975,9,9,0,1.51143,1.44027,0.07116,0,1,0,0
10.7,1843,1,0.408904,0.408904,0.795511,0.670227,0.125283,35.182,34.6809,10,10,0,0.876035,0.848075,0.02796,0,0,0,0
10.7,1843,2,0.622439,0.622439,-0.374568,0.882097,1.25666,30.5017,35.5284,11,11,0,0.783429,0.807373,0.023944,0,0,0,0
10.7,1843,3,0.432648,0.432648,0.867838,-0.558788,1.42663,35.4714,29.7648,9,9,0,1.44027,1.27118,0.169096,0,0,0,0
10.8,1844,1,0.594584,0.594584,0.718983,0.795511,0.0765275,34.8759,35.182,10,10,0,0.848075,0.850467,0.002392,0,0,0,0
10.8,1844,2,1.18273,1.18273,0.62362,-0.374568,0.998188,34.4945,30.5017,11,11,0,0.807373,0.898725,0.091352,0,0,0,0
10.8,1844,3,0.352706,0.352706,0.22176,0.867838,0.646077,32.887,35.4714,9,9,0,1.27118,1.32,0.048824,0,0,0,0
10.9,1845,1,0.648135,0.648135,0.518018,0.718983,0.200965,34.0721,34.8759,10,10,0,0.850467,0.842267,0.0082,0,0,0,0
10.9,1845,2,0.623689,0.623689,0.613458,0.62362,0.0101622,34.4538,34.4945,11,11,0,0.898725,0.619997,0.278728,0,0,1,0
10.9,1845,3,0.142692,0.142692,0.743283,0.22176,0.521522,34.9731,32.887,9,9,0,1.32,1.39156,0.07156,0,0,0,0
11,1846,1,0.114046,0.114046,0.83009,0.518018,0.312072,35.3204,34.0721,10,10,0,0.842267,0.758779,0.083488,0,0,0,0
11,1846,2,0.71576,0.71576,0.726149,0.613458,0.112691,34.9046,34.4538,11,11,0,0.619997,1.06493,0.444936,0,0,0,0
11,1846,3,0.13189,0.13189,0.952292,0.743283,0.20901,35.8092,34.9731,9,9,0,1.39156,1.32308,0.06848,0,0,0,0
11.1,1847,1,0.105312,0.105312,0.992377,0.83009,0.162286,35.9695,35.3204,10,10,0,0.758779,0.770963,0.012184,0,0,0,0
11.1,1847,2,1.1967,1.1967,-0.470943,0.726149,1.19709,30.1162,34.9046,11,11,0,1.06493,0.974589,0.090344,0,0,0,0
11.1,1847,3,0.00546658,0.00546658,0.953852,0.952292,0.00155944,35.8154,35.8092,9,9,0,1.32308,1.4735,0.150424,0,1,1,0
11.2,1848,1,0.345785,0.345785,0.953844,0.992377,0.0385328,35.8154,35.9695,10,10,0,0.770963,0.849619,0.078656,0,0,0,0
11.2,1848,2,1.1495,1.1495,-0.461918,-0.470943,0.0090242,30.1523,30.1162,11,11,0,0.974589,0.743141,0.231448,0,0,1,0
11.2,1848,3,0.516525,0.516525,0.846637,0.953852,0.107215,35.3865,35.8154,9,9,0,1.4735,1.5335,0.06,0,0,0,0
11.3,1849,1,0.305796,0.305796,0.220178,0.953844,0.733666,32.8807,35.8154,10,10,0,0.849619,0.892019,0.0424,0,0,0,0
11.3,1849,2,0.0262349,0.0262349,0.906921,-0.461918,1.36884,35.6277,30.1523,11,11,0,0.743141,0.707693,0.035448,0,0,0,0
11.3,1849,3,0.651308,0.651308,0.448166,0.846637,0.398471,33.7927,35.3865,9,9,0,1.5335,1.51872,0.014784,0,0,0,0
11.4,1850,1,0.279804,0.279804,0.183348,0.220178,0.0368299,32.7334,32.8807,10,10,0,0.892019,0.674051,0.217968,0,0,0,0
11.4,1850,2,0.15362,0.15362,-0.413709,0.906921,1.32063,30.3452,35.6277,11,11,0,0.707693,0.719205,0.011512,0,0,0,0
11.4,1850,3,0.714338,0.714338,0.886395,0.448166,0.438228,35.5456,33.7927,9,9,0,1.51872,1.41046,0.108256,0,0,0,0
11.5,1851,1,0.281367,0.281367,0.467997,0.183348,0.284648,33.872,32.7334,10,10,0,0.674051,0.628307,0.045744,0,0,0,0
11.5,1851,2,0.0314239,0.0314239,0.267924,-0.413709,0.681633,33.0717,30.3452,11,11,0,0.719205,0.938925,0.21972,0,0,0,0
11.5,1851,3,0.580568,0.580568,-0.316453,0.886395,1.20285,30.7342,35.5456,9,9,0,1.41046,1.49344,0.082976,0,0,0,0
11.6,1852,1,0.333568,0.333568,0.799341,0.467997,0.331344,35.1974,33.872,10,10,0,0.628307,0.709827,0.08152,0,0,0,0
11.6,1852,2,0.741449,0.741449,-0.0549439,0.267924,0.322868,31.7802,33.0717,11,11,0,0.938925,0.677197,0.261728,0,0,0,0
11.6,1852,3,0.444037,0.444037,0.90891,-0.316453,1.22536,35.6356,30.7342,9,9,0,1.49344,1.36472,0.12872,0,0,0,0
11.7,1853,1,0.803023,0.803023,0.32836,0.799341,0.470981,33.3134,35.1974,10,10,0,0.709827,0.836739,0.126912,0,0,0,0
11.7,1853,2,0.845848,0.845848,0.508574,-0.0549439,0.563518,34.0343,31.7802,11,11,0,0.677197,0.900029,0.222832,0,0,0,0
11.7,1853,3,0.524482,0.524482,0.63006,0.90891,0.27885,34.5202,35.6356,9,9,0,1.36472,1.43746,0.072736,0,0,0,0
11.8,1854,1,0.0309226,0.0309226,0.473018,0.32836,0.144658,33.8921,33.3134,10,10,0,0.836739,0.793467,0.043272,0,0,0,0
11.8,1854,2,1.0727,1.0727,0.556317,0.508574,0.0477424,34.2253,34.0343,11,11,0,0.900029,0.742213,0.157816,0,0,0,0
11.8,1854,3,0.0228671,0.0228671,0.594621,0.63006,0.0354391,34.3785,34.5202,9,9,0,1.43746,1.4693,0.031848,0,0,0,0
11.9,1855,1,0.668255,0.668255,0.913442,0.473018,0.440424,35.6538,33.8921,10,10,0,0.793467,0.702851,0.090616,0,0,0,0
11.9,1855,2,0.497002,0.497002,-0.267136,0.556317,0.823453,30.9315,34.2253,11,11,0,0.742213,1.0437,0.301488,0,0,0,0
11.9,1855,3,0.273848,0.273848,0.9902,0.594621,0.395579,35.9608,34.3785,9,9,0,1.4693,1.37448,0.094824,0,0,0,0
12,1856,1,0.58438,0.58438,0.848131,0.913442,0.0653105,35.3925,35.6538,10,10,0,0.702851,0.782875,0.080024,0,0,0,0
12,1856,2,0.336286,0.336286,0.602053,-0.267136,0.869189,34.4082,30.9315,11,11,0,1.0437,0.812653,0.231048,0,0,0,0
12,1856,3,0.200422,0.200422,0.740404,0.9902,0.249796,34.9616,35.9608,9,9,0,1.37448,1.57977,0.205288,0,0,0,0
12.1,1857,1,0.548587,0.548587,0.587836,0.848131,0.260295,34.3513,35.3925,10,10,0,0.782875,0.864723,0.081848,0,0,0,0
12.1,1857,2,0.208988,0.208988,-0.129859,0.602053,0.731911,31.4806,34.4082,11,11,0,0.812653,0.564997,0.247656,0,0,0,0
12.1,1857,3,0.39567,0.39567,0.64527,0.740404,0.0951343,34.5811,34.9616,9,9,0,1.57977,1.39806,0.181704,0,0,0,0
12.2,1858,1,0.51218,0.51218,0.677349,0.587836,0.089513,34.7094,34.3513,10,10,0,0.864723,0.819707,0.045016,0,0,0,0
12.2,1858,2,0.170387,0.170387,0.878174,-0.129859,1.00803,35.5127,31.4806,11,11,0,0.564997,0.908517,0.34352,0,0,0,0
12.2,1858,3,0.498186,0.498186,0.756696,0.64527,0.111426,35.0268,34.5811,9,9,0,1.39806,1.4411,0.043032,0,0,0,0
12.3,1859,1,0.169493,0.169493,0.803078,0.677349,0.125729,35.2123,34.7094,10,10,0,0.819707,0.797699,0.022008,0,0,0,0
12.3,1859,2,0.150573,0.150573,-0.136021,0.878174,1.0142,31.4559,35.5127,11,11,0,0.908517,0.751245,0.157272,0,0,0,0
12.3,1859,3,0.0488885,0.0488885,0.829368,0.756696,0.072672,35.3175,35.0268,9,9,0,1.4411,1.44168,0.000584,0,0,0,0
12.4,1860,1,0.905238,0.905238,0.541067,0.803078,0.262011,34.1643,35.2123,10,10,0,0.797699,0.760859,0.03684,0,0,0,0
12.4,1860,2,0.141146,0.141146,0.826685,-0.136021,0.962706,35.3067,31.4559,11,11,0,0.751245,0.910181,0.158936,0,0,0,0
12.4,1860,3,0.0281085,0.0281085,0.30441,0.829368,0.524958,33.2176,35.3175,9,9,0,1.44168,1.57079,0.129112,0,0,0,0
12.5,1861,1,1.08405,1.08405,0.541579,0.541067,0.000511467,34.1663,34.1643,10,10,0,0.760859,0.810339,0.04948,0,0,1,0
12.5,1861,2,0.0500752,0.0500752,-0.0930059,0.826685,0.91969,31.628,35.3067,11,11,0,0.910181,0.694141,0.21604,0,0,0,0
12.5,1861,3,0.832058,0.832058,-0.124136,0.30441,0.428546,31.5035,33.2176,9,9,0,1.57079,1.32725,0.243544,0,0,0,0
12.6,1862,1,0.973467,0.973467,-0.221743,0.541579,0.763321,31.113,34.1663,10,10,0,0.810339,0.930075,0.119736,0,0,0,0
12.6,1862,2,0.0131397,0.0131397,-0.524527,-0.0930059,0.431521,29.9019,31.628,11,11,0,0.694141,1.04866,0.35452,0,1,0,0
12.6,1862,3,0.803378,0.803378,0.857683,-0.124136,0.981819,35.4307,31.5035,9,9,0,1.32725,1.17457,0.15268,0,0,0,0
12.7,1863,1,0.0227221,0.0227221,0.670467,-0.221743,0.89221,34.6819,31.113,10,10,0,0.930075,0.734691,0.195384,0,0,0,0
12.7,1863,2,0.374675,0.374675,-0.402022,-0.524527,0.122505,30.3919,29.9019,11,11,0,1.04866,0.808133,0.240528,0,0,0,0
12.7,1863,3,0.322172,0.322172,0.830145,0.857683,0.0275386,35.3206,35.4307,9,9,0,1.17457,1.5099,0.335336,0,0,0,0
12.8,1864,1,0.000240803,0.000240803,0.381476,0.670467,0.288992,33.5259,34.6819,10,10,0,0.734691,0.699939,0.034752,0,1,0,0
12.8,1864,2,0.626428,0.626428,0.865447,-0.402022,1.26747,35.4618,30.3919,11,11,0,0.808133,0.708141,0.099992,0,0,0,0
12.8,1864,3,0.281855,0.281855,0.827635,0.830145,0.00251031,35.3105,35.3206,9,9,0,1.5099,1.62224,0.112336,0,0,1,0
12.9,1865,1,0.0396171,0.0396171,0.540886,0.381476,0.159411,34.1635,33.5259,10,10,0,0.699939,0.655363,0.044576,0,0,0,0
12.9,1865,2,0.0531654,0.0531654,0.50046,0.865447,0.364988,34.0018,35.4618,11,11,0,0.708141,0.722853,0.014712,0,0,0,0
12.9,1865,3,0.857756,0.857756,0.460933,0.827635,0.366701,33.8437,35.3105,9,9,0,1.62224,1.4217,0.200536,0,0,0,0
13,1866,1,0.0381485,0.0381485,0.953412,0.540886,0.412526,35.8136,34.1635,10,10,0,0.655363,0.664507,0.009144,0,0,0,0
13,1866,2,1.07798,1.07798,0.935157,0.50046,0.434697,35.7406,34.0018,11,11,0,0.722853,1.07468,0.351824,0,0,0,0
13,1866,3,0.442152,0.442152,0.47695,0.460933,0.0160171,33.9078,33.8437,9,9,0,1.4217,1.31883,0.102872,0,0,1,0
13.1,1867,1,1.59849,1.59849,0.285663,0.953412,0.667749,33.1427,35.8136,10,10,0,0.664507,0.800779,0.136272,0,0,0,0
13.1,1867,2,1.08908,1.08908,0.580119,0.935157,0.355037,34.3205,35.7406,11,11,0,1.07468,1.00259,0.072088,0,0,0,0
13.1,1867,3,0.416019,0.416019,0.835148,0.47695,0.358197,35.3406,33.9078,9,9,0,1.31883,1.21318,0.105648,0,0,0,0
13.2,1868,1,1.3411,1.3411,0.482006,0.285663,0.196343,33.928,33.1427,10,10,0,0.800779,0.723939,0.07684,0,0,0,0
13.2,1868,2,0.509797,0.509797,0.66888,0.580119,0.0887606,34.6755,34.3205,11,11,0,1.00259,1.06705,0.064464,0,0,0,0
13.2,1868,3,0.627539,0.627539,0.978427,0.835148,0.143279,35.9137,35.3406,9,9,0,1.21318,1.39283,0.179648,0,0,0,0
13.3,1869,1,1.09276,1.09276,0.88489,0.482006,0.402884,35.5396,33.928,10,10,0,0.723939,0.610907,0.113032,0,0,0,0
13.3,1869,2,0.163703,0.163703,0.650694,0.66888,0.0181855,34.6028,34.6755,11,11,0,1.06705,0.976589,0.090464,0,0,1,0
13.3,1869,3,0.535462,0.535462,0.384388,0.978427,0.594039,33.5376,35.9137,9,9,0,1.39283,1.51219,0.11936,0,0,0,0
13.4,1870,1,1.44951,1.44951,0.76044,0.88489,0.12445,35.0418,35.5396,10,10,0,0.610907,0.736259,0.125352,0,0,0,0
13.4,1870,2,0.352266,0.352266,0.398789,0.650694,0.251905,33.5952,34.6028,11,11,0,0.976589,1.0064,0.029808,0,0,0,0
13.4,1870,3,0.799646,0.799646,0.765731,0.384388,0.381343,35.0629,33.5376,9,9,0,1.51219,1.27155,0.24064,0,0,0,0
13.5,1871,1,0.487177,0.487177,0.846683,0.76044,0.0862424,35.3867,35.0418,10,10,0,0.736259,0.818315,0.082056,0,0,0,0
13.5,1871,2,0.350433,0.350433,0.454957,0.398789,0.0561675,33.8198,33.5952,11,11,0,1.0064,0.922029,0.084368,0,0,0,0
13.5,1871,3,0.848632,0.848632,-0.037938,0.765731,0.803669,31.8482,35.0629,9,9,0,1.27155,1.37577,0.104216,0,0,0,0
13.6,1872,1,0.233019,0.233019,0.276245,0.846683,0.570437,33.105,35.3867,10,10,0,0.818315,0.956675,0.13836,0,0,0,0
13.6,1872,2,0.988737,0.988737,0.448893,0.454957,0.00606358,33.7956,33.8198,11,11,0,0.922029,0.761213,0.160816,0,0,1,0
13.6,1872,3,0.0447491,0.0447491,0.351109,-0.037938,0.389047,33.4044,31.8482,9,9,0,1.37577,1.26375,0.112016,0,0,0,0
13.7,1873,1,0.448223,0.448223,0.430951,0.276245,0.154706,33.7238,33.105,10,10,0,0.956675,0.804563,0.152112,0,0,0,0
13.7,1873,2,0.482387,0.482387,0.246627,0.448893,0.202266,32.9865,33.7956,11,11,0,0.761213,1.02566,0.264448,0,0,0,0
13.7,1873,3,0.0282017,0.0282017,0.852019,0.351109,0.50091,35.4081,33.4044,9,9,0,1.26375,1.19469,0.069064,0,0,0,0
13.8,1874,1,0.529879,0.529879,0.713803,0.430951,0.282852,34.8552,33.7238,10,10,0,0.804563,0.800683,0.00388,0,0,0,0
13.8,1874,2,0.186399,0.186399,0.731763,0.246627,0.485136,34.9271,32.9865,11,11,0,1.02566,0.910541,0.11512,0,0,0,0
13.8,1874,3,0.070545,0.070545,0.914138,0.852019,0.0621195,35.6566,35.4081,9,9,0,1.19469,1.57542,0.380728,0,0,0,0
13.9,1875,1,0.120686,0.120686,0.402606,0.713803,0.311197,33.6104,34.8552,10,10,0,0.800683,0.739371,0.061312,0,0,0,0
13.9,1875,2,0.5731,0.5731,0.198402,0.731763,0.533361,32.7936,34.9271,11,11,0,0.910541,0.850389,0.060152,0,0,0,0
13.9,1875,3,0.212599,0.212599,0.713973,0.914138,0.200165,34.8559,35.6566,9,9,0,1.57542,1.47328,0.102136,0,0,0,0
14,1876,1,0.0863646,0.0863646,0.545653,0.402606,0.143046,34.1826,33.6104,10,10,0,0.739371,0.663643,0.075728,0,0,0,0
14,1876,2,0.869038,0.869038,0.0599177,0.198402,0.138484,32.2397,32.7936,11,11,0,0.850389,0.913613,0.063224,0,0,0,0
14,1876,3,0.999898,0.999898,0.546179,0.713973,0.167794,34.1847,34.8559,9,9,0,1.47328,1.48586,0.012576,0,0,0,0
14.1,1877,1,0.337149,0.337149,0.919576,0.545653,0.373923,35.6783,34.1826,10,10,0,0.663643,0.784235,0.120592,0,0,0,0
14.1,1877,2,0.820378,0.820378,0.802206,0.0599177,0.742288,35.2088,32.2397,11,11,0,0.913613,0.880429,0.033184,0,0,0,0
14.1,1877,3,0.0709003,0.0709003,0.648899,0.546179,0.10272,34.5956,34.1847,9,9,0,1.48586,1.41296,0.072896,0,0,0,0
14.2,1878,1,0.339919,0.339919,0.728521,0.919576,0.191055,34.9141,35.6783,10,10,0,0.784235,0.793075,0.00884,0,0,0,0
14.2,1878,2,1.15554,1.15554,0.64726,0.802206,0.154946,34.589,35.2088,11,11,0,0.880429,0.831717,0.048712,0,0,0,0
14.2,1878,3,0.619346,0.619346,0.976841,0.648899,0.327942,35.9074,34.5956,9,9,0,1.41296,1.29206,0.120896,0,0,0,0
14.3,1879,1,0.30615,0.30615,0.436073,0.728521,0.292448,33.7443,34.9141,10,10,0,0.793075,0.814907,0.021832,0,0,0,0
14.3,1879,2,1.28425,1.28425,-0.021589,0.64726,0.668849,31.9136,34.589,11,11,0,0.831717,1.04093,0.209216,0,0,0,0
14.3,1879,3,0.352157,0.352157,0.978065,0.976841,0.00122356,35.9123,35.9074,9,9,0,1.29206,1.37412,0.082056,0,0,1,0
14.4,1880,1,0.801761,0.801761,0.984711,0.436073,0.548637,35.9388,33.7443,10,10,0,0.814907,0.679795,0.135112,0,0,0,0
14.4,1880,2,0.219992,0.219992,0.757039,-0.021589,0.778628,35.0282,31.9136,11,11,0,1.04093,0.784101,0.256832,0,0,0,0
14.4,1880,3,1.0482,1.0482,0.809649,0.978065,0.168416,35.2386,35.9123,9,9,0,1.37412,1.60469,0.230568,0,0,0,0
14.5,1881,1,0.782298,0.782298,0.88775,0.984711,0.0969605,35.551,35.9388,10,10,0,0.679795,0.732051,0.052256,0,0,0,0
14.5,1881,2,0.561041,0.561041,0.958723,0.757039,0.201684,35.8349,35.0282,11,11,0,0.784101,0.806213,0.022112,0,0,0,0
14.5,1881,3,1.08663,1.08663,0.934387,0.809649,0.124738,35.7375,35.2386,9,9,0,1.60469,1.40314,0.201544,0,0,0,0
14.6,1882,1,0.341765,0.341765,0.846654,0.88775,0.0410965,35.3866,35.551,10,10,0,0.732051,0.738155,0.006104,0,0,0,0
14.6,1882,2,0.922074,0.922074,0.773528,0.958723,0.185195,35.0941,35.8349,11,11,0,0.806213,1.02713,0.22092,0,0,0,0
14.6,1882,3,0.238419,0.238419,0.0915655,0.934387,0.842821,32.3663,35.7375,9,9,0,1.40314,1.36638,0.03676,0,0,0,0
14.7,1883,1,0.779092,0.779092,0.754605,0.846654,0.0920491,35.0184,35.3866,10,10,0,0.738155,0.808747,0.070592,0,0,0,0
14.7,1883,2,0.254396,0.254396,0.655088,0.773528,0.118439,34.6204,35.0941,11,11,0,1.02713,0.972013,0.05512,0,0,0,0
14.7,1883,3,0.190256,0.190256,0.79863,0.0915655,0.707064,35.1945,32.3663,9,9,0,1.36638,1.15133,0.215056,0,0,0,0
14.8,1884,1,0.430932,0.430932,0.784043,0.754605,0.0294389,35.1362,35.0184,10,10,0,0.808747,0.779179,0.029568,0,0,0,0
14.8,1884,2,0.662987,0.662987,-0.598602,0.655088,1.25369,29.6056,34.6204,11,11,0,0.972013,1.01965,0.04764,0,0,0,0
14.8,1884,3,0.357305,0.357305,0.35427,0.79863,0.444359,33.4171,35.1945,9,9,0,1.15133,1.29649,0.14516,0,0,0,0
14.9,1885,1,0.394918,0.394918,0.19908,0.784043,0.584963,32.7963,35.1362,10,10,0,0.779179,1.02146,0.24228,0,0,0,0
14.9,1885,2,0.676148,0.676148,-0.0576907,-0.598602,0.540911,31.7692,29.6056,11,11,0,1.01965,0.762685,0.256968,0,0,0,0
14.9,1885,3,0.249728,0.249728,0.624348,0.35427,0.270077,34.4974,33.4171,9,9,0,1.29649,1.39673,0.10024,0,0,0,0
15,1886,1,1.47892,1.47892,0.315284,0.19908,0.116203,33.2611,32.7963,10,10,0,1.02146,0.868307,0.153152,0,0,0,0
15,1886,2,0.700758,0.700758,-0.921919,-0.0576907,0.864229,28.3123,31.7692,11,11,0,0.762685,0.527677,0.235008,0,0,0,0
15,1886,3,0.304481,0.304481,0.519914,0.624348,0.104433,34.0797,34.4974,9,9,0,1.39673,1.50058,0.103848,0,0,0,0
15.1,1887,1,1.55054,1.55054,0.933915,0.315284,0.618632,35.7357,33.2611,10,10,0,0.868307,0.770571,0.097736,0,0,0,0
15.1,1887,2,0.268405,0.268405,0.774943,-0.921919,1.69686,35.0998,28.3123,11,11,0,0.527677,0.804533,0.276856,0,0,0,0
15.1,1887,3,0.455107,0.455107,0.886492,0.519914,0.366578,35.546,34.0797,9,9,0,1.50058,1.64539,0.144816,0,0,0,0
15.2,1888,1,0.0147262,0.0147262,0.938648,0.933915,0.00473225,35.7546,35.7357,10,10,0,0.770571,0.754459,0.016112,0,1,1,0
15.2,1888,2,0.304851,0.304851,0.962158,0.774943,0.187214,35.8486,35.0998,11,11,0,0.804533,0.656981,0.147552,0,0,0,0
15.2,1888,3,0.629054,0.629054,-0.0121482,0.886492,0.89864,31.9514,35.546,9,9,0,1.64539,1.34697,0.298424,0,0,0,0
15.3,1889,1,1.40269,1.40269,0.396534,0.938648,0.542113,33.5861,35.7546,10,10,0,0.754459,0.812843,0.058384,0,0,0,0
15.3,1889,2,0.382715,0.382715,-0.368642,0.962158,1.3308,30.5254,35.8486,11,11,0,0.656981,1.00667,0.349688,0,0,0,0
15.3,1889,3,0.643953,0.643953,0.572792,-0.0121482,0.584941,34.2912,31.9514,9,9,0,1.34697,1.09658,0.250384,0,0,0,0
15.4,1890,1,1.30683,1.30683,0.902653,0.396534,0.506119,35.6106,33.5861,10,10,0,0.812843,0.817571,0.004728,0,0,0,0
15.4,1890,2,1.1434,1.1434,0.67722,-0.368642,1.04586,34.7089,30.5254,11,11,0,1.00667,0.916061,0.090608,0,0,0,0
15.4,1890,3,0.0266778,0.0266778,-0.0987011,0.572792,0.671493,31.6052,34.2912,9,9,0,1.09658,1.25498,0.1584,0,0,0,0
15.5,1891,1,1.1504,1.1504,0.954013,0.902653,0.0513595,35.8161,35.6106,10,10,0,0.817571,0.948707,0.131136,0,0,0,0
15.5,1891,2,1.10214,1.10214,0.880345,0.67722,0.203125,35.5214,34.7089,11,11,0,0.916061,0.753469,0.162592,0,0,0,0
15.5,1891,3,0.0444785,0.0444785,0.945023,-0.0987011,1.04372,35.7801,31.6052,9,9,0,1.25498,1.23238,0.022608,0,0,0,0
15.6,1892,1,1.08154,1.08154,0.819229,0.954013,0.134784,35.2769,35.8161,10,10,0,0.948707,0.781251,0.167456,0,0,0,0
15.6,1892,2,0.0731696,0.0731696,0.468724,0.880345,0.411621,33.8749,35.5214,11,11,0,0.753469,1.07105,0.317576,0,0,0,0
15.6,1892,3,0.222139,0.222139,0.23528,0.945023,0.709743,32.9411,35.7801,9,9,0,1.23238,1.11294,0.119432,0,0,0,0
15.7,1893,1,0.234439,0.234439,0.440735,0.819229,0.378493,33.7629,35.2769,10,10,0,0.781251,0.948643,0.167392,0,0,0,0
15.7,1893,2,0.638865,0.638865,0.834231,0.468724,0.365507,35.3369,33.8749,11,11,0,1.07105,0.980605,0.09044,0,0,0,0
15.7,1893,3,0.943324,0.943324,-0.533083,0.23528,0.768364,29.8677,32.9411,9,9,0,1.11294,1.20726,0.094312,0,0,0,0
15.8,1894,1,0.286533,0.286533,0.89989,0.440735,0.459155,35.5996,33.7629,10,10,0,0.948643,0.860715,0.087928,0,0,0,0
15.8,1894,2,0.543184,0.543184,0.877788,0.834231,0.0435572,35.5112,35.3369,11,11,0,0.980605,1.01953,0.03892,0,0,0,0
15.8,1894,3,0.98232,0.98232,-0.577175,-0.533083,0.0440915,29.6913,29.8677,9,9,0,1.20726,1.1555,0.051752,0,0,0,0
15.9,1895,1,0.359414,0.359414,-0.597046,0.89989,1.49694,29.6118,35.5996,10,10,0,0.860715,0.843267,0.017448,0,0,0,0
15.9,1895,2,0.816561,0.816561,-0.0451755,0.877788,0.922964,31.8193,35.5112,11,11,0,1.01953,1.19654,0.177016,0,0,0,0
15.9,1895,3,0.0815684,0.0815684,0.574841,-0.577175,1.15202,34.2994,29.6913,9,9,0,1.1555,1.10353,0.051976,0,0,0,0
16,1896,1,0.526137,0.526137,0.611611,-0.597046,1.20866,34.4464,29.6118,10,10,0,0.843267,0.672755,0.170512,0,0,0,0
16,1896,2,1.14552,1.14552,-0.0350717,-0.0451755,0.0101038,31.8597,31.8193,11,11,0,1.19654,0.973157,0.223384,0,0,1,0
16,1896,3,0.00674218,0.00674218,-0.153834,0.574841,0.728675,31.3847,34.2994,9,9,0,1.10353,1.19166,0.088136,0,1,0,0
16.1,1897,1,0.813649,0.813649,0.862399,0.611611,0.250788,35.4496,34.4464,10,10,0,0.672755,0.852971,0.180216,0,0,0,0
16.1,1897,2,0.163678,0.163678,0.456119,-0.0350717,0.491191,33.8245,31.8597,11,11,0,0.973157,0.819437,0.15372,0,0,0,0
16.1,1897,3,0.0898921,0.0898921,0.609122,-0.153834,0.762956,34.4365,31.3847,9,9,0,1.19166,1.29686,0.105192,0,0,0,0
16.2,1898,1,1.05545,1.05545,0.740951,0.862399,0.121449,34.9638,35.4496,10,10,0,0.852971,0.916699,0.063728,0,0,0,0
16.2,1898,2,0.113546,0.113546,0.0876195,0.456119,0.368499,32.3505,33.8245,11,11,0,0.819437,0.803613,0.015824,0,0,0,0
16.2,1898,3,1.06411,1.06411,0.365914,0.609122,0.243208,33.4637,34.4365,9,9,0,1.29686,1.29412,0.002736,0,0,0,0
16.3,1899,1,1.03995,1.03995,0.49842,0.740951,0.242531,33.9937,34.9638,10,10,0,0.916699,0.866907,0.049792,0,0,0,0
16.3,1899,2,0.130073,0.130073,0.0914363,0.0876195,0.00381681,32.3657,32.3505,11,11,0,0.803613,0.793581,0.010032,0,0,1,0
16.3,1899,3,0.991468,0.991468,0.534658,0.365914,0.168744,34.1386,33.4637,9,9,0,1.29412,1.28754,0.006576,0,0,0,0
16.4,1900,1,0.112823,0.112823,0.551719,0.49842,0.053299,34.2069,33.9937,10,10,0,0.866907,0.757915,0.108992,0,0,0,0
16.4,1900,2,0.717437,0.717437,-0.003731,0.0914363,0.0951673,31.9851,32.3657,11,11,0,0.793581,0.717021,0.07656,0,0,0,0
16.4,1900,3,0.431215,0.431215,-0.00251668,0.534658,0.537175,31.9899,34.1386,9,9,0,1.28754,1.42522,0.13768,0,0,0,0
16.5,1901,1,0.119304,0.119304,0.982159,0.551719,0.43044,35.9286,34.2069,10,10,0,0.757915,0.976035,0.21812,0,0,0,0
16.5,1901,2,0.446963,0.446963,0.0203774,-0.003731,0.0241084,32.0815,31.9851,11,11,0,0.717021,0.755245,0.038224,0,0,0,0
16.5,1901,3,0.485711,0.485711,0.497464,-0.00251668,0.49998,33.9899,31.9899,9,9,0,1.42522,1.22265,0.202576,0,0,0,0
16.6,1902,1,0.234103,0.234103,0.925091,0.982159,0.0570683,35.7004,35.9286,10,10,0,0.976035,1.07863,0.102592,0,0,0,0
16.6,1902,2,0.373882,0.373882,0.974988,0.0203774,0.954611,35.9,32.0815,11,11,0,0.755245,0.735605,0.01964,0,0,0,0
16.6,1902,3,0.117388,0.117388,0.739368,0.497464,0.241905,34.9575,33.9899,9,9,0,1.22265,1.23804,0.015392,0,0,0,0
16.7,1903,1,0.0844279,0.0844279,0.82474,0.925091,0.100351,35.299,35.7004,10,10,0,1.07863,0.851939,0.226688,0,0,0,0
16.7,1903,2,0.0775126,0.0775126,0.914037,0.974988,0.0609515,35.6561,35.9,11,11,0,0.735605,0.896277,0.160672,0,0,0,0
16.7,1903,3,0.310343,0.310343,0.763571,0.739368,0.0242026,35.0543,34.9575,9,9,0,1.23804,1.21314,0.024904,0,0,0,0
16.8,1904,1,0.340681,0.340681,0.79736,0.82474,0.0273805,35.1894,35.299,10,10,0,0.851939,0.786907,0.065032,0,0,0,0
16.8,1904,2,0.290175,0.290175,0.672847,0.914037,0.241189,34.6914,35.6561,11,11,0,0.896277,1.03213,0.135848,0,0,0,0
16.8,1904,3,0.43012,0.43012,0.9488,0.763571,0.185229,35.7952,35.0543,9,9,0,1.21314,1.33038,0.117248,0,0,0,0
16.9,1905,1,0.218969,0.218969,0.925595,0.79736,0.128235,35.7024,35.1894,10,10,0,0.786907,0.795043,0.008136,0,0,0,0
16.9,1905,2,0.155757,0.155757,0.511304,0.672847,0.161544,34.0452,34.6914,11,11,0,1.03213,0.872181,0.159944,0,0,0,0
16.9,1905,3,0.105522,0.105522,0.520994,0.9488,0.427806,34.084,35.7952,9,9,0,1.33038,1.32222,0.00816,0,0,0,0
17,1906,1,0.145025,0.145025,0.871413,0.925595,0.0541818,35.4857,35.7024,10,10,0,0.795043,0.823291,0.028248,0,0,0,0
17,1906,2,0.0924137,0.0924137,0.741521,0.511304,0.230218,34.9661,34.0452,11,11,0,0.872181,0.883765,0.011584,0,0,0,0
17,1906,3,0.381354,0.381354,0.873334,0.520994,0.35234,35.4933,34.084,9,9,0,1.32222,1.28366,0.03856,0,0,0,0
17.1,1907,1,0.215838,0.215838,0.936349,0.871413,0.0649354,35.7454,35.4857,10,10,0,0.823291,0.826251,0.00296,0,0,0,0
17.1,1907,2,0.180081,0.180081,0.58156,0.741521,0.159962,34.3262,34.9661,11,11,0,0.883765,0.809141,0.074624,0,0,0,0
17.1,1907,3,0.147283,0.147283,0.876536,0.873334,0.00320178,35.5061,35.4933,9,9,0,1.28366,1.35686,0.0732,0,0,1,0
17.2,1908,1,0.127837,0.127837,0.927438,0.936349,0.00891089,35.7098,35.7454,10,10,0,0.826251,0.801227,0.025024,0,0,1,0
17.2,1908,2,0.0558391,0.0558391,0.245463,0.58156,0.336097,32.9819,34.3262,11,11,0,0.809141,0.796261,0.01288,0,0,0,0
17.2,1908,3,0.417058,0.417058,0.747734,0.876536,0.128802,34.9909,35.5061,9,9,0,1.35686,1.3147,0.042168,0,0,0,0
17.3,1909,1,0.0490845,0.0490845,0.730926,0.927438,0.196512,34.9237,35.7098,10,10,0,0.801227,0.903307,0.10208,0,0,0,0
17.3,1909,2,0.144949,0.144949,0.749681,0.245463,0.504218,34.9987,32.9819,11,11,0,0.796261,0.810517,0.014256,0,0,0,0
17.3,1909,3,0.019271,0.019271,0.788171,0.747734,0.040437,35.1527,34.9909,9,9,0,1.3147,1.35514,0.040448,0,1,0,0
17.4,1910,1,0.0714325,0.0714325,0.047385,0.730926,0.683541,32.1895,34.9237,10,10,0,0.903307,0.857627,0.04568,0,0,0,0
17.4,1910,2,0.516908,0.516908,0.941901,0.749681,0.19222,35.7676,34.9987,11,11,0,0.810517,0.699509,0.111008,0,0,0,0
17.4,1910,3,1.21142,1.21142,0.892568,0.788171,0.104396,35.5703,35.1527,9,9,0,1.35514,1.44719,0.092048,0,0,0,0
17.5,1911,1,0.436928,0.436928,0.553704,0.047385,0.506319,34.2148,32.1895,10,10,0,0.857627,0.614475,0.243152,0,0,0,0
17.5,1911,2,0.45064,0.45064,-0.519248,0.941901,1.46115,29.923,35.7676,11,11,0,0.699509,0.991517,0.292008,0,0,0,0
17.5,1911,3,1.39751,1.39751,-0.0328967,0.892568,0.925464,31.8684,35.5703,9,9,0,1.44719,1.5279,0.080712,0,0,0,0
17.6,1912,1,0.433125,0.433125,0.581608,0.553704,0.0279041,34.3264,34.2148,10,10,0,0.614475,0.940499,0.326024,0,0,0,0
17.6,1912,2,0.288533,0.288533,0.615889,-0.519248,1.13514,34.4636,29.923,11,11,0,0.991517,0.773109,0.218408,0,0,0,0
17.6,1912,3,0.0463777,0.0463777,0.779266,-0.0328967,0.812162,35.1171,31.8684,9,9,0,1.5279,1.20174,0.32616,0,0,0,0
17.7,1913,1,0.0198811,0.0198811,0.705321,0.581608,0.123713,34.8213,34.3264,10,10,0,0.940499,0.872667,0.067832,0,1,0,0
17.7,1913,2,0.173073,0.173073,0.804522,0.615889,0.188632,35.2181,34.4636,11,11,0,0.773109,0.683221,0.089888,0,0,0,0
17.7,1913,3,0.213572,0.213572,0.762559,0.779266,0.0167071,35.0502,35.1171,9,9,0,1.20174,1.3159,0.11416,0,0,1,0
17.8,1914,1,0.0175465,0.0175465,0.951832,0.705321,0.246512,35.8073,34.8213,10,10,0,0.872667,0.767947,0.10472,0,1,0,0
17.8,1914,2,0.150345,0.150345,0.882682,0.804522,0.0781606,35.5307,35.2181,11,11,0,0.683221,1.00591,0.322688,0,0,0,0
17.8,1914,3,0.273475,0.273475,0.355423,0.762559,0.407135,33.4217,35.0502,9,9,0,1.3159,1.4253,0.109392,0,0,0,0
17.9,1915,1,0.0419882,0.0419882,0.884003,0.951832,0.0678295,35.536,35.8073,10,10,0,0.767947,0.712795,0.055152,0,0,0,0
17.9,1915,2,0.295553,0.295553,0.882437,0.882682,0.000245333,35.5297,35.5307,11,11,0,1.00591,1.02689,0.020976,0,0,1,0
17.9,1915,3,0.457214,0.457214,0.732464,0.355423,0.377041,34.9299,33.4217,9,9,0,1.4253,1.18465,0.240648,0,0,0,0
18,1916,1,0.155731,0.155731,0.319227,0.884003,0.564775,33.2769,35.536,10,10,0,0.712795,0.801227,0.088432,0,0,0,0
18,1916,2,0.868248,0.868248,0.439613,0.882437,0.442823,33.7585,35.5297,11,11,0,1.02689,1.10364,0.076752,0,0,0,0
18,1916,3,0.0395751,0.0395751,0.859172,0.732464,0.126708,35.4367,34.9299,9,9,0,1.18465,1.18671,0.002064,0,0,0,0
18.1,1917,1,0.545687,0.545687,0.89581,0.319227,0.576582,35.5832,33.2769,10,10,0,0.801227,0.790971,0.010256,0,0,0,0
18.1,1917,2,0.911097,0.911097,0.549089,0.439613,0.109475,34.1964,33.7585,11,11,0,1.10364,0.787413,0.316224,0,0,0,0
18.1,1917,3,0.0391308,0.0391308,0.12384,0.859172,0.735332,32.4954,35.4367,9,9,0,1.18671,1.38542,0.198704,0,0,0,0
18.2,1918,1,0.180066,0.180066,0.664282,0.89581,0.231527,34.6571,35.5832,10,10,0,0.790971,0.811843,0.020872,0,0,0,0
18.2,1918,2,0.50689,0.50689,0.95525,0.549089,0.406161,35.821,34.1964,11,11,0,0.787413,0.912053,0.12464,0,0,0,0
18.2,1918,3,0.712442,0.712442,0.821266,0.12384,0.697426,35.2851,32.4954,9,9,0,1.38542,1.18218,0.20324,0,0,0,0
18.3,1919,1,0.275656,0.275656,0.817679,0.664282,0.153396,35.2707,34.6571,10,10,0,0.811843,0.815027,0.003184,0,0,0,0
18.3,1919,2,0.431072,0.431072,-0.637235,0.95525,1.59248,29.4511,35.821,11,11,0,0.912053,1.05044,0.138384,0,0,0,0
18.3,1919,3,0.365939,0.365939,0.926733,0.821266,0.105467,35.7069,35.2851,9,9,0,1.18218,1.26895,0.086776,0,0,0,0
18.4,1920,1,0.136461,0.136461,0.123392,0.817679,0.694286,32.4936,35.2707,10,10,0,0.815027,0.860523,0.045496,0,0,0,0
18.4,1920,2,1.28818,1.28818,0.311801,-0.637235,0.949036,33.2472,29.4511,11,11,0,1.05044,0.766253,0.284184,0,0,0,0
18.4,1920,3,0.425747,0.425747,0.952781,0.926733,0.026048,35.8111,35.7069,9,9,0,1.26895,1.45654,0.187592,0,0,0,0
18.5,1921,1,0.00914651,0.00914651,0.7373,0.123392,0.613908,34.9492,32.4936,10,10,0,0.860523,0.733587,0.126936,0,1,0,0
18.5,1921,2,1.72453,1.72453,0.82363,0.311801,0.511829,35.2945,33.2472,11,11,0,0.766253,0.526421,0.239832,0,0,0,0
18.5,1921,3,0.0464767,0.0464767,0.764383,0.952781,0.188398,35.0575,35.8111,9,9,0,1.45654,1.54309,0.086544,0,0,0,0
18.6,1922,1,0.0996982,0.0996982,0.899548,0.7373,0.162249,35.5982,34.9492,10,10,0,0.733587,0.706171,0.027416,0,0,0,0
18.6,1922,2,0.0377926,0.0377926,0.489896,0.82363,0.333734,33.9596,35.2945,11,11,0,0.526421,0.985317,0.458896,0,0,0,0
18.6,1922,3,1.18123,1.18123,0.701097,0.764383,0.0632856,34.8044,35.0575,9,9,0,1.54309,1.42067,0.122416,0,0,0,0
18.7,1923,1,0.689765,0.689765,0.90992,0.899548,0.0103715,35.6397,35.5982,10,10,0,0.706171,0.789811,0.08364,0,0,1,0
18.7,1923,2,0.506036,0.506036,0.740685,0.489896,0.25079,34.9627,33.9596,11,11,0,0.985317,0.849429,0.135888,0,0,0,0
18.7,1923,3,0.551207,0.551207,0.759993,0.701097,0.0588961,35.04,34.8044,9,9,0,1.42067,1.28246,0.138208,0,0,0,0
18.8,1924,1,0.00711761,0.00711761,0.698807,0.90992,0.211113,34.7952,35.6397,10,10,0,0.789811,0.814883,0.025072,0,1,0,0
18.8,1924,2,0.629176,0.629176,0.414945,0.740685,0.32574,33.6598,34.9627,11,11,0,0.849429,0.688869,0.16056,0,0,0,0
18.8,1924,3,0.213832,0.213832,0.624042,0.759993,0.135951,34.4962,35.04,9,9,0,1.28246,1.34008,0.057616,0,0,0,0
18.9,1925,1,0.823896,0.823896,0.682845,0.698807,0.0159616,34.7314,34.7952,10,10,0,0.814883,0.801227,0.013656,0,0,1,0
18.9,1925,2,0.259483,0.259483,0.31262,0.414945,0.102326,33.2505,33.6598,11,11,0,0.688869,0.760245,0.071376,0,0,0,0
18.9,1925,3,0.183611,0.183611,0.703665,0.624042,0.0796236,34.8147,34.4962,9,9,0,1.34008,1.36402,0.023936,0,0,0,0
19,1926,1,0.111435,0.111435,0.916846,0.682845,0.234001,35.6674,34.7314,10,10,0,0.801227,0.810203,0.008976,0,0,0,0
19,1926,2,0.0650023,0.0650023,-0.207745,0.31262,0.520365,31.169,33.2505,11,11,0,0.760245,0.738293,0.021952,0,0,0,0
19,1926,3,0.0145435,0.0145435,0.873683,0.703665,0.170017,35.4947,34.8147,9,9,0,1.36402,1.35634,0.007672,0,1,0,0
19.1,1927,1,0.100507,0.100507,0.858013,0.916846,0.0588326,35.4321,35.6674,10,10,0,0.810203,0.913411,0.103208,0,0,0,0
19.1,1927,2,0.123963,0.123963,0.617396,-0.207745,0.825141,34.4696,31.169,11,11,0,0.738293,0.652789,0.085504,0,0,0,0
19.1,1927,3,0.341693,0.341693,0.889427,0.873683,0.015744,35.5577,35.4947,9,9,0,1.35634,1.44781,0.091464,0,0,1,0
19.2,1928,1,0.210125,0.210125,0.925817,0.858013,0.0678037,35.7033,35.4321,10,10,0,0.913411,0.847459,0.065952,0,0,0,0
19.2,1928,2,0.050899,0.050899,0.822897,0.617396,0.205502,35.2916,34.4696,11,11,0,0.652789,0.590677,0.062112,0,0,0,0
19.2,1928,3,0.506632,0.506632,0.871578,0.889427,0.0178488,35.4863,35.5577,9,9,0,1.44781,1.40855,0.039256,0,0,1,0
19.3,1929,1,0.283975,0.283975,0.906282,0.925817,0.019535,35.6251,35.7033,10,10,0,0.847459,0.841619,0.00584,0,0,1,0
19.3,1929,2,0.133619,0.133619,0.837005,0.822897,0.0141076,35.348,35.2916,11,11,0,0.590677,0.848509,0.257832,0,0,1,0
19.3,1929,3,0.499918,0.499918,0.86969,0.871578,0.00188774,35.4788,35.4863,9,9,0,1.40855,1.2963,0.112256,0,0,1,0
19.4,1930,1,0.945147,0.945147,0.432081,0.906282,0.474201,33.7283,35.6251,10,10,0,0.841619,0.801427,0.040192,0,0,0,0
19.4,1930,2,0.993357,0.993357,-0.214079,0.837005,1.05108,31.1437,35.348,11,11,0,0.848509,0.879621,0.031112,0,0,0,0
19.4,1930,3,0.400547,0.400547,0.699811,0.86969,0.169879,34.7992,35.4788,9,9,0,1.2963,1.27313,0.023168,0,0,0,0
19.5,1931,1,0.980774,0.980774,0.513598,0.432081,0.0815169,34.0544,33.7283,10,10,0,0.801427,0.767059,0.034368,0,0,0,0
19.5,1931,2,1.28234,1.28234,0.539108,-0.214079,0.753187,34.1564,31.1437,11,11,0,0.879621,0.763253,0.116368,0,0,0,0
19.5,1931,3,0.229501,0.229501,0.5643,0.699811,0.135511,34.2572,34.7992,9,9,0,1.27313,1.43073,0.1576,0,0,0,0
19.6,1932,1,0.692381,0.692381,0.962716,0.513598,0.449119,35.8509,34.0544,10,10,0,0.767059,0.850091,0.083032,0,0,0,0
19.6,1932,2,0.85945,0.85945,0.84054,0.539108,0.301432,35.3622,34.1564,11,11,0,0.763253,0.688629,0.074624,0,0,0,0
19.6,1932,3,0.400259,0.400259,0.919443,0.5643,0.355143,35.6778,34.2572,9,9,0,1.43073,1.33803,0.092696,0,0,0,0
19.7,1933,1,0.539043,0.539043,0.627963,0.962716,0.334753,34.5119,35.8509,10,10,0,0.850091,0.810603,0.039488,0,0,0,0
19.7,1933,2,0.739056,0.739056,0.696317,0.84054,0.144223,34.7853,35.3622,11,11,0,0.688629,0.852317,0.163688,0,0,0,0
19.7,1933,3,0.452999,0.452999,0.126272,0.919443,0.793171,32.5051,35.6778,9,9,0,1.33803,1.30041,0.037624,0,0,0,0
19.8,1934,1,0.601643,0.601643,0.942485,0.627963,0.314521,35.7699,34.5119,10,10,0,0.810603,0.804275,0.006328,0,0,0,0
19.8,1934,2,0.884635,0.884635,0.969599,0.696317,0.273282,35.8784,34.7853,11,11,0,0.852317,0.892205,0.039888,0,0,0,0
19.8,1934,3,0.283635,0.283635,0.955937,0.126272,0.829665,35.8237,32.5051,9,9,0,1.30041,1.14309,0.15732,0,0,0,0
19.9,1935,1,0.444403,0.444403,0.734301,0.942485,0.208183,34.9372,35.7699,10,10,0,0.804275,0.852843,0.048568,0,0,0,0
19.9,1935,2,0.461139,0.461139,0.814003,0.969599,0.155597,35.256,35.8784,11,11,0,0.892205,0.875725,0.01648,0,0,0,0
19.9,1935,3,0.316756,0.316756,0.87622,0.955937,0.0797164,35.5049,35.8237,9,9,0,1.14309,1.26232,0.119232,0,0,0,0
20,1936,1,0.297598,0.297598,0.890519,0.734301,0.156218,35.5621,34.9372,10,10,0,0.852843,0.827059,0.025784,0,0,0,0
20,1936,2,0.27931,0.27931,0.700387,0.814003,0.113615,34.8015,35.256,11,11,0,0.875725,0.918669,0.042944,0,0,0,0
20,1936,3,0.0339344,0.0339344,0.787001,0.87622,0.0892196,35.148,35.5049,9,9,0,1.26232,1.32548,0.06316,0,0,0,0
20.1,1937,1,0.162732,0.162732,0.960963,0.890519,0.0704436,35.8439,35.5621,10,10,0,0.827059,0.726907,0.100152,0,0,0,0
20.1,1937,2,0.487682,0.487682,0.133709,0.700387,0.566678,32.5348,34.8015,11,11,0,0.918669,0.874701,0.043968,0,0,0,0
20.1,1937,3,0.0276491,0.0276491,0.889289,0.787001,0.102289,35.5572,35.148,9,9,0,1.32548,1.32648,0.001,0,0,0,0
20.2,1938,1,0.125921,0.125921,0.650182,0.960963,0.31078,34.6007,35.8439,10,10,0,0.726907,0.873195,0.146288,0,0,0,0
20.2,1938,2,0.45288,0.45288,-0.280473,0.133709,0.414182,30.8781,32.5348,11,11,0,0.874701,0.753077,0.121624,0,0,0,0
20.2,1938,3,0.163631,0.163631,-0.605889,0.889289,1.49518,29.5764,35.5572,9,9,0,1.32648,1.43358,0.107096,0,0,0,0
20.3,1939,1,0.68282,0.68282,0.688769,0.650182,0.0385862,34.7551,34.6007,10,10,0,0.873195,1.19359,0.320392,0,0,0,0
20.3,1939,2,0.229313,0.229313,0.81871,-0.280473,1.09918,35.2748,30.8781,11,11,0,0.753077,0.623381,0.129696,0,0,0,0
20.3,1939,3,0.144847,0.144847,0.876912,-0.605889,1.4828,35.5076,29.5764,9,9,0,1.43358,1.15164,0.281936,0,0,0,0
20.4,1940,1,0.422111,0.422111,0.273542,0.688769,0.415227,33.0942,34.7551,10,10,0,1.19359,0.885691,0.307896,0,0,0,0
20.4,1940,2,0.208341,0.208341,0.838409,0.81871,0.019699,35.3536,35.2748,11,11,0,0.623381,0.749229,0.125848,0,0,1,0
20.4,1940,3,0.054578,0.054578,0.0805895,0.876912,0.796322,32.3224,35.5076,9,9,0,1.15164,1.22658,0.074936,0,0,0,0
20.5,1941,1,0.471563,0.471563,0.985813,0.273542,0.712272,35.9433,33.0942,10,10,0,0.885691,0.770563,0.115128,0,0,0,0
20.5,1941,2,0.235063,0.235063,0.760256,0.838409,0.0781534,35.041,35.3536,11,11,0,0.749229,1.09889,0.349656,0,0,0,0
20.5,1941,3,0.23641,0.23641,-0.289419,0.0805895,0.370008,30.8423,32.3224,9,9,0,1.22658,1.2197,0.006872,0,0,0,0
20.6,1942,1,0.56247,0.56247,0.928886,0.985813,0.0569276,35.7155,35.9433,10,10,0,0.770563,0.850675,0.080112,0,0,0,0
20.6,1942,2,0.0463431,0.0463431,0.670235,0.760256,0.0900207,34.6809,35.041,11,11,0,1.09889,1.16215,0.063264,0,0,0,0
20.6,1942,3,0.106943,0.106943,0.354553,-0.289419,0.643972,33.4182,30.8423,9,9,0,1.2197,1.08806,0.13164,0,0,0,0
20.7,1943,1,0.134782,0.134782,0.30739,0.928886,0.621496,33.2296,35.7155,10,10,0,0.850675,0.910267,0.059592,0,0,0,0
20.7,1943,2,1.33768,1.33768,0.188474,0.670235,0.481761,32.7539,34.6809,11,11,0,1.16215,0.875149,0.287,0,0,0,0
20.7,1943,3,0.280246,0.280246,0.724719,0.354553,0.370165,34.8989,33.4182,9,9,0,1.08806,0.750424,0.33764,0,0,0,0
20.8,1944,1,0.364987,0.364987,0.820568,0.30739,0.513178,35.2823,33.2296,10,10,0,0.910267,0.871747,0.03852,0,0,0,0
20.8,1944,2,0.89159,0.89159,-0.481078,0.188474,0.669552,30.0757,32.7539,11,11,0,0.875149,0.705485,0.169664,0,0,0,0
20.8,1944,3,0.0766498,0.0766498,0.970233,0.724719,0.245514,35.8809,34.8989,9,9,0,0.750424,1.36542,0.614992,0,0,0,0
20.9,1945,1,0.586684,0.586684,0.397536,0.820568,0.423031,33.5901,35.2823,10,10,0,0.871747,0.904507,0.03276,0,0,0,0
20.9,1945,2,0.393113,0.393113,0.797714,-0.481078,1.27879,35.1909,30.0757,11,11,0,0.705485,0.565133,0.140352,0,0,0,0
20.9,1945,3,0.0906508,0.0906508,0.685799,0.970233,0.284434,34.7432,35.8809,9,9,0,1.36542,1.50878,0.143368,0,0,0,0
21,1946,1,0.288413,0.288413,0.795819,0.397536,0.398283,35.1833,33.5901,10,10,0,0.904507,0.821091,0.083416,0,0,0,0
21,1946,2,1.10409,1.10409,0.586035,0.797714,0.211679,34.3441,35.1909,11,11,0,0.565133,0.720293,0.15516,0,0,0,0
21,1946,3,0.282263,0.282263,-0.160978,0.685799,0.846778,31.3561,34.7432,9,9,0,1.50878,1.33675,0.172032,0,0,0,0
21.1,1947,1,0.514002,0.514002,0.78108,0.795819,0.0147396,35.1243,35.1833,10,10,0,0.821091,0.843011,0.02192,0,0,1,0
21.1,1947,2,1.1649,1.1649,0.892639,0.586035,0.306604,35.5706,34.3441,11,11,0,0.720293,0.855845,0.135552,0,0,0,0
21.1,1947,3,0.100008,0.100008,0.814644,-0.160978,0.975623,35.2586,31.3561,9,9,0,1.33675,1.1544,0.182352,0,0,0,0
21.2,1948,1,0.0415588,0.0415588,0.535903,0.78108,0.245177,34.1436,35.1243,10,10,0,0.843011,0.910707,0.067696,0,0,0,0
21.2,1948,2,0.00681448,0.00681448,0.775024,0.892639,0.117614,35.1001,35.5706,11,11,0,0.855845,0.874229,0.018384,0,1,0,0
21.2,1948,3,0.789152,0.789152,-0.264693,0.814644,1.07934,30.9412,35.2586,9,9,0,1.1544,1.10339,0.051008,0,0,0,0
21.3,1949,1,0.336655,0.336655,0.316803,0.535903,0.219099,33.2672,34.1436,10,10,0,0.910707,0.867483,0.043224,0,0,0,0
21.3,1949,2,0.483474,0.483474,0.919543,0.775024,0.144519,35.6782,35.1001,11,11,0,0.874229,1.06242,0.188192,0,0,0,0
21.3,1949,3,0.183192,0.183192,0.39551,-0.264693,0.660204,33.582,30.9412,9,9,0,1.10339,1.19449,0.091096,0,0,0,0
21.4,1950,1,0.407429,0.407429,0.645682,0.316803,0.328878,34.5827,33.2672,10,10,0,0.867483,0.821603,0.04588,0,0,0,0
21.4,1950,2,0.185761,0.185761,0.756574,0.919543,0.16297,35.0263,35.6782,11,11,0,1.06242,1.15342,0.091,0,0,0,0
21.4,1950,3,0.15418,0.15418,0.877737,0.39551,0.482227,35.5109,33.582,9,9,0,1.19449,0.882176,0.312312,0,0,0,0
21.5,1951,1,0.0277348,0.0277348,0.957071,0.645682,0.311389,35.8283,34.5827,10,10,0,0.821603,0.773259,0.048344,0,0,0,0
21.5,1951,2,0.629503,0.629503,0.817984,0.756574,0.0614107,35.2719,35.0263,11,11,0,1.15342,0.882941,0.27048,0,0,0,0
21.5,1951,3,1.18778,1.18778,-0.462357,0.877737,1.34009,30.1506,35.5109,9,9,0,0.882176,1.37823,0.496056,0,0,0,0
21.6,1952,1,0.0586509,0.0586509,0.2738,0.957071,0.683271,33.0952,35.8283,10,10,0,0.773259,0.823539,0.05028,0,0,0,0
21.6,1952,2,1.30451,1.30451,0.154989,0.817984,0.662995,32.62,35.2719,11,11,0,0.882941,1.00829,0.125352,0,0,0,0
21.6,1952,3,1.03787,1.03787,0.978548,-0.462357,1.4409,35.9142,30.1506,9,9,0,1.37823,1.18935,0.18888,0,0,0,0
21.7,1953,1,0.0624077,0.0624077,0.865621,0.2738,0.591821,35.4625,33.0952,10,10,0,0.823539,0.816459,0.00708,0,0,0,0
21.7,1953,2,1.45845,1.45845,0.290837,0.154989,0.135848,33.1633,32.62,11,11,0,1.00829,0.884565,0.123728,0,0,0,0
21.7,1953,3,0.625333,0.625333,0.219177,0.978548,0.759371,32.8767,35.9142,9,9,0,1.18935,1.127,0.062352,0,0,0,0
21.8,1954,1,0.00758147,0.00758147,0.901709,0.865621,0.0360882,35.6068,35.4625,10,10,0,0.816459,0.854163,0.037704,0,1,0,0
21.8,1954,2,0.0806006,0.0806006,0.50427,0.290837,0.213432,34.0171,33.1633,11,11,0,0.884565,0.738373,0.146192,0,0,0,0
21.8,1954,3,0.426219,0.426219,0.657784,0.219177,0.438607,34.6311,32.8767,9,9,0,1.127,1.24832,0.12132,0,0,0,0
21.9,1955,1,0.06409,0.06409,0.872811,0.901709,0.0288981,35.4912,35.6068,10,10,0,0.854163,0.881347,0.027184,0,0,0,0
21.9,1955,2,0.359518,0.359518,0.605338,0.50427,0.101068,34.4214,34.0171,11,11,0,0.738373,0.779669,0.041296,0,0,0,0
21.9,1955,3,0.117509,0.117509,0.740207,0.657784,0.082423,34.9608,34.6311,9,9,0,1.24832,1.18223,0.066088,0,0,0,0
22,1956,1,0.276973,0.276973,0.315228,0.872811,0.557583,33.2609,35.4912,10,10,0,0.881347,0.916379,0.035032,0,0,0,0
22,1956,2,0.40341,0.40341,0.214195,0.605338,0.391142,32.8568,34.4214,11,11,0,0.779669,0.747317,0.032352,0,0,0,0
22,1956,3,0.343729,0.343729,0.844626,0.740207,0.104419,35.3785,34.9608,9,9,0,1.18223,1.22297,0.040736,0,0,0,0
22.1,1957,1,1.17949,1.17949,0.574899,0.315228,0.259671,34.2996,33.2609,10,10,0,0.916379,0.811203,0.105176,0,0,0,0
22.1,1957,2,0.126504,0.126504,0.69383,0.214195,0.479635,34.7753,32.8568,11,11,0,0.747317,0.715445,0.031872,0,0,0,0
22.1,1957,3,0.0335623,0.0335623,0.769151,0.844626,0.0754758,35.0766,35.3785,9,9,0,1.22297,1.41235,0.189384,0,0,0,0
22.2,1958,1,1.33794,1.33794,-0.060519,0.574899,0.635418,31.7579,34.2996,10,10,0,0.811203,0.833035,0.021832,0,0,0,0
22.2,1958,2,0.616593,0.616593,0.981441,0.69383,0.287611,35.9258,34.7753,11,11,0,0.715445,0.657685,0.05776,0,0,0,0
22.2,1958,3,0.0498263,0.0498263,0.887703,0.769151,0.118552,35.5508,35.0766,9,9,0,1.41235,1.44438,0.032024,0,0,0,0
22.3,1959,1,0.0580089,0.0580089,0.802658,-0.060519,0.863177,35.2106,31.7579,10,10,0,0.833035,0.606131,0.226904,0,0,0,0
22.3,1959,2,0.0211031,0.0211031,0.582855,0.981441,0.398586,34.3314,35.9258,11,11,0,0.657685,0.882117,0.224432,0,0,0,0
22.3,1959,3,0.0280491,0.0280491,0.847158,0.887703,0.0405451,35.3886,35.5508,9,9,0,1.44438,1.51881,0.074432,0,0,0,0
22.4,1960,1,1.34534,1.34534,0.755533,0.802658,0.0471255,35.0221,35.2106,10,10,0,0.606131,0.681123,0.074992,0,0,0,0
22.4,1960,2,0.171039,0.171039,0.334311,0.582855,0.248544,33.3372,34.3314,11,11,0,0.882117,0.872869,0.009248,0,0,0,0
22.4,1960,3,0.361109,0.361109,0.428174,0.847158,0.418984,33.7127,35.3886,9,9,0,1.51881,1.37406,0.144744,0,0,0,0
22.5,1961,1,0.94736,0.94736,0.946913,0.755533,0.19138,35.7877,35.0221,10,10,0,0.681123,0.905875,0.224752,0,0,0,0
22.5,1961,2,0.0856788,0.0856788,0.348312,0.334311,0.0140011,33.3932,33.3372,11,11,0,0.872869,0.766965,0.105904,0,0,1,0
22.5,1961,3,0.276509,0.276509,0.263413,0.428174,0.164761,33.0537,33.7127,9,9,0,1.37406,1.2081,0.16596,0,0,0,0
22.6,1962,1,0.0422748,0.0422748,0.95301,0.946913,0.00609732,35.812,35.7877,10,10,0,0.905875,0.976747,0.070872,0,0,1,0
22.6,1962,2,1.44166,1.44166,-0.00736676,0.348312,0.355679,31.9705,33.3932,11,11,0,0.766965,0.750437,0.016528,0,0,0,0
22.6,1962,3,0.382645,0.382645,0.666708,0.263413,0.403295,34.6668,33.0537,9,9,0,1.2081,1.20053,0.007576,0,0,0,0
22.7,1963,1,0.568551,0.568551,0.262861,0.95301,0.690149,33.0514,35.812,10,10,0,0.976747,0.994627,0.01788,0,0,0,0
22.7,1963,2,1.37768,1.37768,0.818077,-0.00736676,0.825444,35.2723,31.9705,11,11,0,0.750437,0.659549,0.090888,0,0,0,0
22.7,1963,3,0.123565,0.123565,0.65538,0.666708,0.011328,34.6215,34.6668,9,9,0,1.20053,1.3187,0.118168,0,0,1,0
22.8,1964,1,0.437229,0.437229,0.907228,0.262861,0.644368,35.6289,33.0514,10,10,0,0.994627,0.819731,0.174896,0,0,0,0
22.8,1964,2,1.14177,1.14177,0.977827,0.818077,0.159751,35.9113,35.2723,11,11,0,0.659549,0.691901,0.032352,0,0,0,0
22.8,1964,3,0.311445,0.311445,0.172056,0.65538,0.483325,32.6882,34.6215,9,9,0,1.3187,1.40062,0.081928,0,0,0,0
22.9,1965,1,0.402602,0.402602,0.510286,0.907228,0.396942,34.0411,35.6289,10,10,0,0.819731,0.808867,0.010864,0,0,0,0
22.9,1965,2,1.19374,1.19374,0.782606,0.977827,0.195221,35.1304,35.9113,11,11,0,0.691901,0.952861,0.26096,0,0,0,0
22.9,1965,3,0.0996395,0.0996395,0.950167,0.172056,0.778112,35.8007,32.6882,9,9,0,1.40062,1.17418,0.226448,0,0,0,0
23,1966,1,1.25009,1.25009,0.941467,0.510286,0.431182,35.7659,34.0411,10,10,0,0.808867,0.824259,0.015392,0,0,0,0
23,1966,2,0.695006,0.695006,0.777905,0.782606,0.0047015,35.1116,35.1304,11,11,0,0.952861,0.888837,0.064024,0,0,1,0
23,1966,3,0.066616,0.066616,0.662836,0.950167,0.287331,34.6513,35.8007,9,9,0,1.17418,1.10014,0.074032,0,0,0,0
23.1,1967,1,0.554573,0.554573,0.512668,0.941467,0.428799,34.0507,35.7659,10,10,0,0.824259,0.854755,0.030496,0,0,0,0
23.1,1967,2,0.637061,0.637061,-0.0956111,0.777905,0.873516,31.6176,35.1116,11,11,0,0.888837,0.834341,0.054496,0,0,0,0
23.1,1967,3,0.824249,0.824249,0.234851,0.662836,0.427985,32.9394,34.6513,9,9,0,1.10014,1.23474,0.1346,0,0,0,0
23.2,1968,1,0.33135,0.33135,0.754596,0.512668,0.241927,35.0184,34.0507,10,10,0,0.854755,0.950755,0.096,0,0,0,0
23.2,1968,2,1.45098,1.45098,0.111289,-0.0956111,0.206901,32.4452,31.6176,11,11,0,0.834341,0.831021,0.00332,0,0,0,0
23.2,1968,3,0.666761,0.666761,0.880326,0.234851,0.645474,35.5213,32.9394,9,9,0,1.23474,1.21193,0.022816,0,0,0,0
23.3,1969,1,0.370609,0.370609,0.990182,0.754596,0.235586,35.9607,35.0184,10,10,0,0.950755,0.967523,0.016768,0,0,0,0
23.3,1969,2,0.0612079,0.0612079,0.72515,0.111289,0.613861,34.9006,32.4452,11,11,0,0.831021,0.692533,0.138488,0,0,0,0
23.3,1969,3,0.218244,0.218244,-0.230081,0.880326,1.11041,31.0797,35.5213,9,9,0,1.21193,1.39443,0.182504,0,0,0,0
23.4,1970,1,0.115385,0.115385,-0.356365,0.990182,1.34655,30.5745,35.9607,10,10,0,0.967523,1.01665,0.049128,0,0,0,0
23.4,1970,2,0.0742074,0.0742074,-0.682536,0.72515,1.40769,29.2699,34.9006,11,11,0,0.692533,0.638645,0.053888,0,0,0,0
23.4,1970,3,0.0931182,0.0931182,0.621325,-0.230081,0.851406,34.4853,31.0797,9,9,0,1.39443,1.15778,0.236648,0,0,0,0
23.5,1971,1,0.103693,0.103693,0.988255,-0.356365,1.34462,35.953,30.5745,10,10,0,1.01665,0.823699,0.192952,0,0,0,0
23.5,1971,2,0.38153,0.38153,0.4335,-0.682536,1.11604,33.734,29.2699,11,11,0,0.638645,0.786101,0.147456,0,0,0,0
23.5,1971,3,0.212269,0.212269,0.860468,0.621325,0.239143,35.4419,34.4853,9,9,0,1.15778,1.26996,0.112176,0,0,0,0
23.6,1972,1,0.404752,0.404752,0.876404,0.988255,0.111851,35.5056,35.953,10,10,0,0.823699,0.806331,0.017368,0,0,0,0
23.6,1972,2,0.151309,0.151309,0.817484,0.4335,0.383984,35.2699,33.734,11,11,0,0.786101,0.551005,0.235096,0,0,0,0
23.6,1972,3,0.232822,0.232822,0.819803,0.860468,0.0406648,35.2792,35.4419,9,9,0,1.26996,1.46552,0.19556,0,0,0,0
23.7,1973,1,0.0106635,0.0106635,-0.859233,0.876404,1.73564,28.5631,35.5056,10,10,0,0.806331,0.934427,0.128096,0,1,0,0
23.7,1973,2,0.174018,0.174018,0.671897,0.817484,0.145587,34.6876,35.2699,11,11,0,0.551005,0.640573,0.089568,0,0,0,0
23.7,1973,3,0.0831789,0.0831789,0.753589,0.819803,0.0662145,35.0144,35.2792,9,9,0,1.46552,1.32286,0.142656,0,0,0,0
23.8,1974,1,0.356328,0.356328,0.394037,-0.859233,1.25327,33.5761,28.5631,10,10,0,0.934427,0.621147,0.31328,0,0,0,0
23.8,1974,2,0.415983,0.415983,0.939883,0.671897,0.267986,35.7595,34.6876,11,11,0,0.640573,0.984493,0.34392,0,0,0,0
23.8,1974,3,0.190405,0.190405,0.70342,0.753589,0.0501686,34.8137,35.0144,9,9,0,1.32286,1.44106,0.1182,0,0,0,0
23.9,1975,1,0.0213388,0.0213388,0.954393,0.394037,0.560356,35.8176,33.5761,10,10,0,0.621147,0.577307,0.04384,0,0,0,0
23.9,1975,2,0.0312577,0.0312577,0.64508,0.939883,0.294803,34.5803,35.7595,11,11,0,0.984493,1.0029,0.018408,0,0,0,0
23.9,1975,3,0.171749,0.171749,0.693206,0.70342,0.0102136,34.7728,34.8137,9,9,0,1.44106,1.34474,0.09632,0,0,1,0
24,1976,1,0.00981581,0.00981581,0.679771,0.954393,0.274623,34.7191,35.8176,10,10,0,0.577307,0.819907,0.2426,0,1,0,0
24,1976,2,0.433014,0.433014,-0.729956,0.64508,1.37504,29.0802,34.5803,11,11,0,1.0029,0.817541,0.18536,0,0,0,0
24,1976,3,0.0828888,0.0828888,0.740386,0.693206,0.0471792,34.9615,34.7728,9,9,0,1.34474,1.27566,0.06908,0,0,0,0
24.1,1977,1,0.000832558,0.000832558,0.821229,0.679771,0.141459,35.2849,34.7191,10,10,0,0.819907,0.988299,0.168392,0,1,0,0
24.1,1977,2,0.145746,0.145746,-0.568392,-0.729956,0.161564,29.7264,29.0802,11,11,0,0.817541,0.723173,0.094368,0,0,0,0
24.1,1977,3,0.0684088,0.0684088,0.835268,0.740386,0.0948821,35.3411,34.9615,9,9,0,1.27566,1.3483,0.07264,0,0,0,0
24.2,1978,1,0.0633475,0.0633475,0.950277,0.821229,0.129048,35.8011,35.2849,10,10,0,0.988299,1.06473,0.076432,0,0,0,0
24.2,1978,2,0.178645,0.178645,0.245111,-0.568392,0.813503,32.9804,29.7264,11,11,0,0.723173,0.749533,0.02636,0,0,0,0
24.2,1978,3,0.712229,0.712229,0.846676,0.835268,0.0114083,35.3867,35.3411,9,9,0,1.3483,1.51075,0.162448,0,0,1,0
24.3,1979,1,0.345937,0.345937,0.935485,0.950277,0.0147925,35.7419,35.8011,10,10,0,1.06473,0.957707,0.107024,0,0,1,0
24.3,1979,2,0.113943,0.113943,0.967225,0.245111,0.722114,35.8689,32.9804,11,11,0,0.749533,0.382117,0.367416,0,0,0,0
24.3,1979,3,0.716129,0.716129,0.459522,0.846676,0.387154,33.8381,35.3867,9,9,0,1.51075,1.46124,0.049512,0,0,0,0
24.4,1980,1,0.338123,0.338123,0.694841,0.935485,0.240644,34.7794,35.7419,10,10,0,0.957707,1.00359,0.045888,0,0,0,0
24.4,1980,2,0.0660299,0.0660299,0.71794,0.967225,0.249285,34.8718,35.8689,11,11,0,0.382117,0.704949,0.322832,0,0,0,0
24.4,1980,3,0.0583146,0.0583146,0.549414,0.459522,0.0898923,34.1977,33.8381,9,9,0,1.46124,1.21886,0.242376,0,0,0,0
24.5,1981,1,0.246227,0.246227,0.937719,0.694841,0.242878,35.7509,34.7794,10,10,0,1.00359,0.933267,0.070328,0,0,0,0
24.5,1981,2,0.585555,0.585555,-0.674277,0.71794,1.39222,29.3029,34.8718,11,11,0,0.704949,0.928829,0.22388,0,0,0,0
24.5,1981,3,0.00153124,0.00153124,0.486618,0.549414,0.0627955,33.9465,34.1977,9,9,0,1.21886,1.18506,0.0338,0,1,0,0
24.6,1982,1,0.354596,0.354596,0.570417,0.937719,0.367301,34.2817,35.7509,10,10,0,0.933267,1.07989,0.146624,0,0,0,0
24.6,1982,2,0.014181,0.014181,0.196245,-0.674277,0.870522,32.785,29.3029,11,11,0,0.928829,0.744237,0.184592,0,1,0,0
24.6,1982,3,0.0336163,0.0336163,0.61209,0.486618,0.125472,34.4484,33.9465,9,9,0,1.18506,1.31574,0.130672,0,0,0,0
24.7,1983,1,0.0710541,0.0710541,0.484346,0.570417,0.0860715,33.9374,34.2817,10,10,0,1.07989,0.969667,0.110224,0,0,0,0
24.7,1983,2,0.110384,0.110384,0.491613,0.196245,0.295367,33.9665,32.785,11,11,0,0.744237,0.526853,0.217384,0,0,0,0
24.7,1983,3,0.52679,0.52679,0.954195,0.61209,0.342105,35.8168,34.4484,9,9,0,1.31574,1.41937,0.103632,0,0,0,0
24.8,1984,1,0.764078,0.764078,0.971026,0.484346,0.48668,35.8841,33.9374,10,10,0,0.969667,0.866627,0.10304,0,0,0,0
24.8,1984,2,0.617791,0.617791,-0.568586,0.491613,1.0602,29.7257,33.9665,11,11,0,0.526853,0.618869,0.092016,0,0,0,0
24.8,1984,3,0.468358,0.468358,0.707346,0.954195,0.246849,34.8294,35.8168,9,9,0,1.41937,1.46721,0.04784,0,0,0,0
24.9,1985,1,0.690245,0.690245,0.992794,0.971026,0.0217674,35.9712,35.8841,10,10,0,0.866627,0.997371,0.130744,0,0,0,0
24.9,1985,2,0.160228,0.160228,0.672723,-0.568586,1.24131,34.6909,29.7257,11,11,0,0.618869,0.740181,0.121312,0,0,0,0
24.9,1985,3,0.000369251,0.000369251,0.757147,0.707346,0.0498011,35.0286,34.8294,9,9,0,1.46721,1.4152,0.052008,0,1,0,0
25,1986,1,0.599027,0.599027,0.38753,0.992794,0.605264,33.5501,35.9712,10,10,0,0.997371,1.01499,0.017624,0,0,0,0
25,1986,2,0.108034,0.108034,0.960649,0.672723,0.287926,35.8426,34.6909,11,11,0,0.740181,0.485229,0.254952,0,0,0,0
25,1986,3,0.077598,0.077598,0.74278,0.757147,0.0143664,34.9711,35.0286,9,9,0,1.4152,1.38962,0.025584,0,0,1,0
25.1,1987,1,0.523613,0.523613,0.905899,0.38753,0.51837,35.6236,33.5501,10,10,0,1.01499,0.858659,0.156336,0,0,0,0
25.1,1987,2,0.291015,0.291015,0.570399,0.960649,0.390251,34.2816,35.8426,11,11,0,0.485229,0.906765,0.421536,0,0,0,0
25.1,1987,3,0.00795567,0.00795567,0.77377,0.74278,0.0309901,35.0951,34.9711,9,9,0,1.38962,1.29504,0.094576,0,1,0,0
25.2,1988,1,0.623847,0.623847,0.314762,0.905899,0.591137,33.259,35.6236,10,10,0,0.858659,0.831859,0.0268,0,0,0,0
25.2,1988,2,1.38864,1.38864,0.172417,0.570399,0.397981,32.6897,34.2816,11,11,0,0.906765,0.833397,0.073368,0,0,0,0
25.2,1988,3,0.179676,0.179676,0.527145,0.77377,0.246626,34.1086,35.0951,9,9,0,1.29504,1.34551,0.050472,0,0,0,0
25.3,1989,1,0.274866,0.274866,0.974323,0.314762,0.659561,35.8973,33.259,10,10,0,0.831859,0.898339,0.06648,0,0,0,0
25.3,1989,2,0.501116,0.501116,-0.766194,0.172417,0.938612,28.9352,32.6897,11,11,0,0.833397,0.809933,0.023464,0,0,0,0
25.3,1989,3,0.387741,0.387741,0.389872,0.527145,0.137272,33.5595,34.1086,9,9,0,1.34551,1.44881,0.103296,0,0,0,0
25.4,1990,1,1.0043,1.0043,0.857084,0.974323,0.117239,35.4283,35.8973,10,10,0,0.898339,1.11284,0.214504,0,0,0,0
25.4,1990,2,0.970796,0.970796,0.654091,-0.766194,1.42028,34.6164,28.9352,11,11,0,0.809933,0.768277,0.041656,0,0,0,0
25.4,1990,3,0.393651,0.393651,0.658034,0.389872,0.268161,34.6321,33.5595,9,9,0,1.44881,1.34249,0.10632,0,0,0,0
25.5,1991,1,1.04499,1.04499,0.74423,0.857084,0.112855,34.9769,35.4283,10,10,0,1.11284,1.04163,0.071216,0,0,0,0
25.5,1991,2,0.929915,0.929915,0.226628,0.654091,0.427462,32.9065,34.6164,11,11,0,0.768277,0.438581,0.329696,0,0,0,0
25.5,1991,3,0.235127,0.235127,0.878297,0.658034,0.220263,35.5132,34.6321,9,9,0,1.34249,1.32404,0.018448,0,0,0,0
25.6,1992,1,0.0530822,0.0530822,0.8553,0.74423,0.11107,35.4212,34.9769,10,10,0,1.04163,0.994179,0.047448,0,0,0,0
25.6,1992,2,0.336163,0.336163,0.614854,0.226628,0.388225,34.4594,32.9065,11,11,0,0.438581,0.725701,0.28712,0,0,0,0
25.6,1992,3,1.15802,1.15802,0.583648,0.878297,0.29465,34.3346,35.5132,9,9,0,1.32404,1.39221,0.068168,0,0,0,0
25.7,1993,1,0.22558,0.22558,0.727569,0.8553,0.127731,34.9103,35.4212,10,10,0,0.994179,0.931731,0.062448,0,0,0,0
25.7,1993,2,0.328116,0.328116,0.878194,0.614854,0.26334,35.5128,34.4594,11,11,0,0.725701,0.608325,0.117376,0,0,0,0
25.7,1993,3,1.26344,1.26344,0.960375,0.583648,0.376727,35.8415,34.3346,9,9,0,1.39221,1.35594,0.036272,0,0,0,0
25.8,1994,1,0.0381883,0.0381883,0.191526,0.727569,0.536043,32.7661,34.9103,10,10,0,0.931731,0.949883,0.018152,0,0,0,0
25.8,1994,2,0.535729,0.535729,-0.228718,0.878194,1.10691,31.0851,35.5128,11,11,0,0.608325,0.904773,0.296448,0,0,0,0
25.8,1994,3,0.753146,0.753146,0.878752,0.960375,0.0816232,35.515,35.8415,9,9,0,1.35594,1.30182,0.054112,0,0,0,0
25.9,1995,1,0.545386,0.545386,0.893778,0.191526,0.702252,35.5751,32.7661,10,10,0,0.949883,0.825731,0.124152,0,0,0,0
25.9,1995,2,0.175043,0.175043,0.989301,-0.228718,1.21802,35.9572,31.0851,11,11,0,0.904773,0.752533,0.15224,0,0,0,0
25.9,1995,3,0.024865,0.024865,0.789662,0.878752,0.0890895,35.1586,35.515,9,9,0,1.30182,1.51379,0.211968,0,0,0,0
26,1996,1,0.404617,0.404617,0.877756,0.893778,0.0160219,35.511,35.5751,10,10,0,0.825731,0.903499,0.077768,0,0,1,0
26,1996,2,0.316455,0.316455,-0.407228,0.989301,1.39653,30.3711,35.9572,11,11,0,0.752533,0.708925,0.043608,0,0,0,0
26,1996,3,0.59476,0.59476,0.894481,0.789662,0.104819,35.5779,35.1586,9,9,0,1.51379,1.31626,0.197536,0,0,0,0
26.1,1997,1,0.128169,0.128169,0.653421,0.877756,0.224335,34.6137,35.511,10,10,0,0.903499,0.986027,0.082528,0,0,0,0
26.1,1997,2,0.0470009,0.0470009,0.466622,-0.407228,0.87385,33.8665,30.3711,11,11,0,0.708925,0.791565,0.08264,0,0,0,0
26.1,1997,3,0.265758,0.265758,0.873489,0.894481,0.0209917,35.494,35.5779,9,9,0,1.31626,1.41998,0.10372,0,0,0,0
26.2,1998,1,0.329981,0.329981,0.431754,0.653421,0.221667,33.727,34.6137,10,10,0,0.986027,0.969155,0.016872,0,0,0,0
26.2,1998,2,0.22243,0.22243,0.735467,0.466622,0.268845,34.9419,33.8665,11,11,0,0.791565,0.491149,0.300416,0,0,0,0
26.2,1998,3,0.671772,0.671772,0.634547,0.873489,0.238942,34.5382,35.494,9,9,0,1.41998,1.48386,0.063888,0,0,0,0
26.3,1999,1,1.1278,1.1278,0.65393,0.431754,0.222177,34.6157,33.727,10,10,0,0.969155,0.931003,0.038152,0,0,0,0
26.3,1999,2,0.507692,0.507692,0.77927,0.735467,0.043803,35.1171,34.9419,11,11,0,0.491149,0.804821,0.313672,0,0,0,0
26.3,1999,3,0.684081,0.684081,0.473286,0.634547,0.161261,33.8931,34.5382,9,9,0,1.48386,1.33119,0.152672,0,0,0,0
26.4,2000,1,1.26374,1.26374,0.181895,0.65393,0.472035,32.7276,34.6157,10,10,0,0.931003,0.907339,0.023664,0,0,0,0
26.4,2000,2,0.537856,0.537856,0.730727,0.77927,0.0485421,34.9229,35.1171,11,11,0,0.804821,0.987005,0.182184,0,0,0,0
26.4,2000,3,0.0178719,0.0178719,0.540348,0.473286,0.0670612,34.1614,33.8931,9,9,0,1.33119,1.28571,0.04548,0,1,0,0
26.5,2001,1,0.441956,0.441956,0.795683,0.181895,0.613787,35.1827,32.7276,10,10,0,0.907339,0.811563,0.095776,0,0,0,0
26.5,2001,2,0.00389296,0.00389296,0.870655,0.730727,0.139928,35.4826,34.9229,11,11,0,0.987005,1.01479,0.027784,0,1,0,0
26.5,2001,3,0.188483,0.188483,0.947772,0.540348,0.407424,35.7911,34.1614,9,9,0,1.28571,1.24235,0.04336,0,0,0,0
26.6,2002,1,0.00422233,0.00422233,0.651802,0.795683,0.143881,34.6072,35.1827,10,10,0,0.811563,0.853275,0.041712,0,1,0,0
26.6,2002,2,0.150273,0.150273,0.893402,0.870655,0.022747,35.5736,35.4826,11,11,0,1.01479,0.907061,0.107728,0,0,0,0
26.6,2002,3,0.0744676,0.0744676,0.920953,0.947772,0.0268189,35.6838,35.7911,9,9,0,1.24235,1.35729,0.114936,0,0,0,0
26.7,2003,1,0.164476,0.164476,0.0939232,0.651802,0.557878,32.3757,34.6072,10,10,0,0.853275,0.942251,0.088976,0,0,0,0
26.7,2003,2,0.626845,0.626845,0.995288,0.893402,0.101886,35.9812,35.5736,11,11,0,0.907061,0.948597,0.041536,0,0,0,0
26.7,2003,3,0.148737,0.148737,-0.0465413,0.920953,0.967494,31.8138,35.6838,9,9,0,1.35729,1.31517,0.04212,0,0,0,0
26.8,2004,1,0.0435675,0.0435675,0.258127,0.0939232,0.164204,33.0325,32.3757,10,10,0,0.942251,0.877667,0.064584,0,0,0,0
26.8,2004,2,0.00839078,0.00839078,0.878492,0.995288,0.116796,35.514,35.9812,11,11,0,0.948597,1.12603,0.177432,0,1,0,0
26.8,2004,3,0.0244997,0.0244997,0.90878,-0.0465413,0.955321,35.6351,31.8138,9,9,0,1.31517,1.17952,0.135648,0,0,0,0
26.9,2005,1,0.226031,0.226031,0.799598,0.258127,0.541471,35.1984,33.0325,10,10,0,0.877667,0.735947,0.14172,0,0,0,0
26.9,2005,2,0.318762,0.318762,0.280207,0.878492,0.598285,33.1208,35.514,11,11,0,1.12603,0.983565,0.142464,0,0,0,0
26.9,2005,3,0.420684,0.420684,0.666693,0.90878,0.242086,34.6668,35.6351,9,9,0,1.17952,1.16818,0.011336,0,0,0,0
27,2006,1,0.123006,0.123006,0.844811,0.799598,0.0452126,35.3792,35.1984,10,10,0,0.735947,0.860107,0.12416,0,0,0,0
27,2006,2,1.38992,1.38992,0.800763,0.280207,0.520556,35.2031,33.1208,11,11,0,0.983565,0.927861,0.055704,0,0,0,0
27,2006,3,0.20172,0.20172,-0.156043,0.666693,0.822736,31.3758,34.6668,9,9,0,1.16818,1.40167,0.233488,0,0,0,0
27.1,2007,1,0.102886,0.102886,0.932119,0.844811,0.087308,35.7285,35.3792,10,10,0,0.860107,1.10925,0.249144,0,0,0,0
27.1,2007,2,0.257014,0.257014,-0.561503,0.800763,1.36227,29.754,35.2031,11,11,0,0.927861,0.822909,0.104952,0,0,0,0
27.1,2007,3,0.357395,0.357395,0.767543,-0.156043,0.923586,35.0702,31.3758,9,9,0,1.40167,1.14067,0.261,0,0,0,0
27.2,2008,1,0.0689014,0.0689014,0.921728,0.932119,0.0103903,35.6869,35.7285,10,10,0,1.10925,1.01343,0.095816,0,0,1,0
27.2,2008,2,0.637239,0.637239,0.819665,-0.561503,1.38117,35.2787,29.754,11,11,0,0.822909,0.946701,0.123792,0,0,0,0
27.2,2008,3,0.329633,0.329633,0.116512,0.767543,0.651031,32.466,35.0702,9,9,0,1.14067,1.15582,0.015152,0,0,0,0
27.3,2009,1,0.142865,0.142865,0.976101,0.921728,0.0543727,35.9044,35.6869,10,10,0,1.01343,1.05571,0.042272,0,0,0,0
27.3,2009,2,0.840757,0.840757,-0.340108,0.819665,1.15977,30.6396,35.2787,11,11,0,0.946701,0.663261,0.28344,0,0,0,0
27.3,2009,3,0.0841227,0.0841227,0.701569,0.116512,0.585057,34.8063,32.466,9,9,0,1.15582,1.27118,0.11536,0,0,0,0
27.4,2010,1,0.417045,0.417045,0.861484,0.976101,0.114617,35.4459,35.9044,10,10,0,1.05571,1.03595,0.019752,0,0,0,0
27.4,2010,2,0.513953,0.513953,0.196832,-0.340108,0.536939,32.7873,30.6396,11,11,0,0.663261,0.856677,0.193416,0,0,0,0
27.4,2010,3,0.309301,0.309301,0.692746,0.701569,0.00882351,34.771,34.8063,9,9,0,1.27118,1.13951,0.131672,0,0,1,0
27.5,2011,1,0.303298,0.303298,0.70789,0.861484,0.153594,34.8316,35.4459,10,10,0,1.03595,1.10703,0.071072,0,0,0,0
27.5,2011,2,0.409451,0.409451,0.598237,0.196832,0.401406,34.3929,32.7873,11,11,0,0.856677,0.596741,0.259936,0,0,0,0
27.5,2011,3,0.230563,0.230563,0.615679,0.692746,0.0770673,34.4627,34.771,9,9,0,1.13951,1.4453,0.305792,0,0,0,0
27.6,2012,1,0.124058,0.124058,0.679489,0.70789,0.0284015,34.718,34.8316,10,10,0,1.10703,0.958347,0.14868,0,0,0,0
27.6,2012,2,0.81234,0.81234,0.824463,0.598237,0.226225,35.2979,34.3929,11,11,0,0.596741,0.669285,0.072544,0,0,0,0
27.6,2012,3,0.174775,0.174775,0.528597,0.615679,0.0870815,34.1144,34.4627,9,9,0,1.4453,1.37566,0.06964,0,0,0,0
27.7,2013,1,0.698175,0.698175,0.978355,0.679489,0.298867,35.9134,34.718,10,10,0,0.958347,0.964507,0.00616,0,0,0,0
27.7,2013,2,0.360736,0.360736,0.736555,0.824463,0.0879077,34.9462,35.2979,11,11,0,0.669285,0.933237,0.263952,0,0,0,0
27.7,2013,3,0.00476873,0.00476873,0.730412,0.528597,0.201814,34.9216,34.1144,9,9,0,1.37566,1.29406,0.081608,0,1,0,0
27.8,2014,1,0.650902,0.650902,0.758227,0.978355,0.220129,35.0329,35.9134,10,10,0,0.964507,0.934499,0.030008,0,0,0,0
27.8,2014,2,0.255228,0.255228,-0.686647,0.736555,1.4232,29.2534,34.9462,11,11,0,0.933237,0.843021,0.090216,0,0,0,0
27.8,2014,3,0.108292,0.108292,0.85111,0.730412,0.120699,35.4044,34.9216,9,9,0,1.29406,1.2843,0.00976,0,0,0,0
27.9,2015,1,1.53638,1.53638,0.944717,0.758227,0.186491,35.7789,35.0329,10,10,0,0.934499,1.02089,0.086392,0,0,0,0
27.9,2015,2,0.625995,0.625995,0.77967,-0.686647,1.46632,35.1187,29.2534,11,11,0,0.843021,0.905997,0.062976,0,0,0,0
27.9,2015,3,0.651781,0.651781,0.452346,0.85111,0.398764,33.8094,35.4044,9,9,0,1.2843,1.41792,0.133624,0,0,0,0
28,2016,1,0.5844,0.5844,0.836534,0.944717,0.108183,35.3461,35.7789,10,10,0,1.02089,1.0493,0.028408,0,0,0,0
28,2016,2,1.02643,1.02643,0.675956,0.77967,0.103714,34.7038,35.1187,11,11,0,0.905997,0.616573,0.289424,0,0,0,0
28,2016,3,0.58792,0.58792,0.958518,0.452346,0.506172,35.8341,33.8094,9,9,0,1.41792,1.23626,0.181656,0,0,0,0
28.1,2017,1,0.00162628,0.00162628,0.570573,0.836534,0.265961,34.2823,35.3461,10,10,0,1.0493,0.994195,0.055104,0,1,0,0
28.1,2017,2,0.343378,0.343378,0.699777,0.675956,0.0238215,34.7991,34.7038,11,11,0,0.616573,0.876213,0.25964,0,0,0,0
28.1,2017,3,0.0829495,0.0829495,0.690636,0.958518,0.267882,34.7625,35.8341,9,9,0,1.23626,1.19973,0.036536,0,0,0,0
28.2,2018,1,0.38665,0.38665,0.826877,0.570573,0.256304,35.3075,34.2823,10,10,0,0.994195,0.922219,0.071976,0,0,0,0
28.2,2018,2,0.168771,0.168771,0.590398,0.699777,0.109379,34.3616,34.7991,11,11,0,0.876213,0.829941,0.046272,0,0,0,0
28.2,2018,3,0.734166,0.734166,0.540702,0.690636,0.149934,34.1628,34.7625,9,9,0,1.19973,1.38152,0.181792,0,0,0,0
28.3,2019,1,0.0704126,0.0704126,0.904769,0.826877,0.0778922,35.6191,35.3075,10,10,0,0.922219,1.00276,0.080544,0,0,0,0
28.3,2019,2,0.376866,0.376866,0.5876,0.590398,0.00279772,34.3504,34.3616,11,11,0,0.829941,0.852253,0.022312,0,0,1,0
28.3,2019,3,0.587113,0.587113,0.878318,0.540702,0.337616,35.5133,34.1628,9,9,0,1.38152,1.32243,0.059088,0,0,0,0
28.4,2020,1,0.176331,0.176331,0.691758,0.904769,0.213011,34.767,35.6191,10,10,0,1.00276,0.978035,0.024728,0,0,0,0
28.4,2020,2,0.531997,0.531997,0.815032,0.5876,0.227431,35.2601,34.3504,11,11,0,0.852253,0.821757,0.030496,0,0,0,0
28.4,2020,3,0.118008,0.118008,0.653054,0.878318,0.225264,34.6122,35.5133,9,9,0,1.32243,1.29634,0.026096,0,0,0,0
28.5,2021,1,0.962162,0.962162,0.969444,0.691758,0.277686,35.8778,34.767,10,10,0,0.978035,0.941347,0.036688,0,0,0,0
28.5,2021,2,0.111004,0.111004,0.166586,0.815032,0.648445,32.6663,35.2601,11,11,0,0.821757,0.866349,0.044592,0,0,0,0
28.5,2021,3,0.0505917,0.0505917,0.932457,0.653054,0.279403,35.7298,34.6122,9,9,0,1.29634,1.30058,0.004248,0,0,0,0
28.6,2022,1,0.38234,0.38234,0.812188,0.969444,0.157256,35.2488,35.8778,10,10,0,0.941347,0.929275,0.012072,0,0,0,0
28.6,2022,2,0.0884505,0.0884505,0.185262,0.166586,0.018676,32.741,32.6663,11,11,0,0.866349,0.838725,0.027624,0,0,1,0
28.6,2022,3,0.51015,0.51015,0.835483,0.932457,0.096974,35.3419,35.7298,9,9,0,1.30058,1.41182,0.11124,0,0,0,0
28.7,2023,1,0.963813,0.963813,0.951902,0.812188,0.139715,35.8076,35.2488,10,10,0,0.929275,1.06478,0.135504,0,0,0,0
28.7,2023,2,0.846471,0.846471,-0.298277,0.185262,0.483539,30.8069,32.741,11,11,0,0.838725,0.671981,0.166744,0,0,0,0
28.7,2023,3,0.60612,0.60612,0.733553,0.835483,0.10193,34.9342,35.3419,9,9,0,1.41182,1.43503,0.023208,0,0,0,0
28.8,2024,1,0.600526,0.600526,0.958544,0.951902,0.00664127,35.8342,35.8076,10,10,0,1.06478,1.0959,0.03112,0,0,1,0
28.8,2024,2,0.543609,0.543609,0.246183,-0.298277,0.54446,32.9847,30.8069,11,11,0,0.671981,0.692581,0.0206,0,0,0,0
28.8,2024,3,0.394579,0.394579,0.99615,0.733553,0.262597,35.9846,34.9342,9,9,0,1.43503,1.3647,0.070336,0,0,0,0
28.9,2025,1,0.591934,0.591934,0.666041,0.958544,0.292503,34.6642,35.8342,10,10,0,1.0959,1.05503,0.040872,0,0,0,0
28.9,2025,2,1.53368,1.53368,-0.259636,0.246183,0.505819,30.9615,32.9847,11,11,0,0.692581,0.578925,0.113656,0,0,0,0
28.9,2025,3,0.448877,0.448877,0.883917,0.99615,0.112232,35.5357,35.9846,9,9,0,1.3647,1.46796,0.103264,0,0,0,0
29,2026,1,0.373922,0.373922,0.918989,0.666041,0.252948,35.676,34.6642,10,10,0,1.05503,0.993403,0.061624,0,0,0,0
29,2026,2,0.476198,0.476198,0.690163,-0.259636,0.949799,34.7607,30.9615,11,11,0,0.578925,0.667165,0.08824,0,0,0,0
29,2026,3,0.100605,0.100605,0.970388,0.883917,0.086471,35.8816,35.5357,9,9,0,1.46796,1.57176,0.1038,0,0,0,0
29.1,2027,1,0.0108564,0.0108564,0.517397,0.918989,0.401592,34.0696,35.676,10,10,0,0.993403,0.991267,0.002136,0,1,0,0
29.1,2027,2,0.42034,0.42034,0.351069,0.690163,0.339094,33.4043,34.7607,11,11,0,0.667165,0.513997,0.153168,0,0,0,0
29.1,2027,3,0.0356321,0.0356321,0.0601246,0.970388,0.910264,32.2405,35.8816,9,9,0,1.57176,1.34753,0.224232,0,0,0,0
29.2,2028,1,0.194003,0.194003,0.802539,0.517397,0.285142,35.2102,34.0696,10,10,0,0.991267,1.05619,0.064928,0,0,0,0
29.2,2028,2,0.154473,0.154473,0.988757,0.351069,0.637689,35.955,33.4043,11,11,0,0.513997,0.799541,0.285544,0,0,0,0
29.2,2028,3,0.211543,0.211543,0.838791,0.0601246,0.778667,35.3552,32.2405,9,9,0,1.34753,1.3011,0.046424,0,0,0,0
29.3,2029,1,0.351169,0.351169,0.982049,0.802539,0.17951,35.9282,35.2102,10,10,0,1.05619,0.987803,0.068392,0,0,0,0
29.3,2029,2,0.0119494,0.0119494,-0.393974,0.988757,1.38273,30.4241,35.955,11,11,0,0.799541,0.893109,0.093568,0,1,0,0
29.3,2029,3,0.236285,0.236285,-0.172475,0.838791,1.01127,31.3101,35.3552,9,9,0,1.3011,1.18698,0.114128,0,0,0,0
29.4,2030,1,0.181085,0.181085,0.0590349,0.982049,0.923014,32.2361,35.9282,10,10,0,0.987803,1.05974,0.071936,0,0,0,0
29.4,2030,2,0.505726,0.505726,0.857044,-0.393974,1.25102,35.4282,30.4241,11,11,0,0.893109,0.749589,0.14352,0,0,0,0
29.4,2030,3,0.00964928,0.00964928,0.863469,-0.172475,1.03594,35.4539,31.3101,9,9,0,1.18698,1.25667,0.069696,0,1,0,0
29.5,2031,1,0.634324,0.634324,0.715744,0.0590349,0.656709,34.863,32.2361,10,10,0,1.05974,0.857339,0.2024,0,0,0,0
29.5,2031,2,0.284022,0.284022,0.923056,0.857044,0.0660117,35.6922,35.4282,11,11,0,0.749589,0.751997,0.002408,0,0,0,0
29.5,2031,3,0.258995,0.258995,0.850918,0.863469,0.0125515,35.4037,35.4539,9,9,0,1.25667,1.3409,0.084232,0,0,1,0
29.6,2032,1,1.12132,1.12132,0.770273,0.715744,0.0545292,35.0811,34.863,10,10,0,0.857339,0.805795,0.051544,0,0,0,0
29.6,2032,2,0.828252,0.828252,0.895541,0.923056,0.0275143,35.5822,35.6922,11,11,0,0.751997,1.02298,0.270984,0,0,0,0
29.6,2032,3,0.467322,0.467322,0.270708,0.850918,0.58021,33.0828,35.4037,9,9,0,1.3409,1.38151,0.040608,0,0,0,0
29.7,2033,1,0.00707674,0.00707674,0.93057,0.770273,0.160296,35.7223,35.0811,10,10,0,0.805795,0.992659,0.186864,0,1,0,0
29.7,2033,2,0.1782,0.1782,0.45892,0.895541,0.436621,33.8357,35.5822,11,11,0,1.02298,0.909557,0.113424,0,0,0,0
29.7,2033,3,0.508293,0.508293,0.684576,0.270708,0.413868,34.7383,33.0828,9,9,0,1.38151,1.21097,0.170544,0,0,0,0
29.8,2034,1,0.0361344,0.0361344,0.949088,0.93057,0.0185179,35.7964,35.7223,10,10,0,0.992659,0.971579,0.02108,0,0,1,0
29.8,2034,2,0.966593,0.966593,0.517313,0.45892,0.0583929,34.0693,33.8357,11,11,0,0.909557,0.928437,0.01888,0,0,0,0
29.8,2034,3,0.409665,0.409665,0.861529,0.684576,0.176954,35.4461,34.7383,9,9,0,1.21097,1.20546,0.005504,0,0,0,0
29.9,2035,1,0.634024,0.634024,0.140997,0.949088,0.808091,32.564,35.7964,10,10,0,0.971579,1.01966,0.04808,0,0,0,0
29.9,2035,2,0.467771,0.467771,0.985812,0.517313,0.468499,35.9432,34.0693,11,11,0,0.928437,0.798717,0.12972,0,0,0,0
29.9,2035,3,0.100717,0.100717,-0.148067,0.861529,1.0096,31.4077,35.4461,9,9,0,1.20546,1.3183,0.11284,0,0,0,0
30,2036,1,0.634246,0.634246,0.984849,0.140997,0.843852,35.9394,32.564,10,10,0,1.01966,0.937163,0.082496,0,0,0,0
30,2036,2,1.36985,1.36985,0.811638,0.985812,0.174174,35.2466,35.9432,11,11,0,0.798717,0.960597,0.16188,0,0,0,0
30,2036,3,0.493654,0.493654,0.772539,-0.148067,0.920606,35.0902,31.4077,9,9,0,1.3183,1.27894,0.03936,0,0,0,0
30.1,2037,1,0.00187385,0.00187385,0.26829,0.984849,0.716559,33.0732,35.9394,10,10,0,0.937163,0.939579,0.002416,0,1,0,0
30.1,2037,2,0.132575,0.132575,0.452588,0.811638,0.35905,33.8104,35.2466,11,11,0,0.960597,0.987045,0.026448,0,0,0,0
30.1,2037,3,0.426494,0.426494,0.952172,0.772539,0.179632,35.8087,35.0902,9,9,0,1.27894,1.1388,0.140144,0,0,0,0
30.2,2038,1,0.430216,0.430216,0.863287,0.26829,0.594997,35.4531,33.0732,10,10,0,0.939579,0.908627,0.030952,0,0,0,0
30.2,2038,2,0.0363754,0.0363754,0.449127,0.452588,0.00346127,33.7965,33.8104,11,11,0,0.987045,0.754205,0.23284,0,0,1,0
30.2,2038,3,0.74062,0.74062,0.900151,0.952172,0.0520203,35.6006,35.8087,9,9,0,1.1388,1.51747,0.378672,0,0,0,0
30.3,2039,1,0.209268,0.209268,0.864603,0.863287,0.00131583,35.4584,35.4531,10,10,0,0.908627,0.859667,0.04896,0,0,1,0
30.3,2039,2,0.513328,0.513328,0.742679,0.449127,0.293552,34.9707,33.7965,11,11,0,0.754205,0.741861,0.012344,0,0,0,0
30.3,2039,3,1.05735,1.05735,0.960153,0.900151,0.0600014,35.8406,35.6006,9,9,0,1.51747,1.38103,0.13644,0,0,0,0
30.4,2040,1,0.0860314,0.0860314,0.298654,0.864603,0.565949,33.1946,35.4584,10,10,0,0.859667,1.01097,0.151304,0,0,0,0
30.4,2040,2,0.23573,0.23573,0.771211,0.742679,0.0285316,35.0848,34.9707,11,11,0,0.741861,0.836813,0.094952,0,0,0,0
30.4,2040,3,0.780133,0.780133,0.957088,0.960153,0.00306433,35.8284,35.8406,9,9,0,1.38103,1.39482,0.013792,0,0,1,0
30.5,2041,1,0.38685,0.38685,0.185502,0.298654,0.113152,32.742,33.1946,10,10,0,1.01097,0.875195,0.135776,0,0,0,0
30.5,2041,2,0.0201888,0.0201888,-0.161341,0.771211,0.932551,31.3546,35.0848,11,11,0,0.836813,0.774581,0.062232,0,0,0,0
30.5,2041,3,0.299905,0.299905,0.770402,0.957088,0.186686,35.0816,35.8284,9,9,0,1.39482,1.39979,0.004968,0,0,0,0
30.6,2042,1,0.4771,0.4771,0.240492,0.185502,0.0549901,32.962,32.742,10,10,0,0.875195,0.842139,0.033056,0,0,0,0
30.6,2042,2,0.570183,0.570183,0.879011,-0.161341,1.04035,35.516,31.3546,11,11,0,0.774581,0.949413,0.174832,0,0,0,0
30.6,2042,3,0.483563,0.483563,0.759541,0.770402,0.0108613,35.0382,35.0816,9,9,0,1.39979,1.51614,0.116344,0,0,1,0
30.7,2043,1,0.0842754,0.0842754,0.889278,0.240492,0.648786,35.5571,32.962,10,10,0,0.842139,0.702123,0.140016,0,0,0,0
30.7,2043,2,1.4237,1.4237,0.815797,0.879011,0.0632141,35.2632,35.516,11,11,0,0.949413,0.707645,0.241768,0,0,0,0
30.7,2043,3,0.512666,0.512666,0.722229,0.759541,0.0373112,34.8889,35.0382,9,9,0,1.51614,1.45751,0.058624,0,0,0,0
30.8,2044,1,0.153908,0.153908,0.557751,0.889278,0.331527,34.231,35.5571,10,10,0,0.702123,0.890779,0.188656,0,0,0,0
30.8,2044,2,1.2356,1.2356,0.62374,0.815797,0.192057,34.495,35.2632,11,11,0,0.707645,0.965221,0.257576,0,0,0,0
30.8,2044,3,1.28081,1.28081,0.583455,0.722229,0.138774,34.3338,34.8889,9,9,0,1.45751,1.32442,0.133088,0,0,0,0
30.9,2045,1,0.212099,0.212099,0.484544,0.557751,0.0732063,33.9382,34.231,10,10,0,0.890779,1.00423,0.113448,0,0,0,0
30.9,2045,2,0.0120547,0.0120547,0.510299,0.62374,0.113441,34.0412,34.495,11,11,0,0.965221,0.880621,0.0846,0,1,0,0
30.9,2045,3,0.845548,0.845548,0.800301,0.583455,0.216846,35.2012,34.3338,9,9,0,1.32442,1.17592,0.148504,0,0,0,0
31,2046,1,1.25329,1.25329,0.966769,0.484544,0.482225,35.8671,33.9382,10,10,0,1.00423,0.898595,0.105632,0,0,0,0
31,2046,2,0.225538,0.225538,0.90268,0.510299,0.392381,35.6107,34.0412,11,11,0,0.880621,0.868253,0.012368,0,0,0,0
31,2046,3,0.748164,0.748164,0.54334,0.800301,0.256961,34.1734,35.2012,9,9,0,1.17592,1.49414,0.318224,0,0,0,0
31.1,2047,1,1.21369,1.21369,0.969079,0.966769,0.00231045,35.8763,35.8671,10,10,0,0.898595,0.912347,0.013752,0,0,1,0
31.1,2047,2,0.321759,0.321759,-0.315263,0.90268,1.21794,30.7389,35.6107,11,11,0,0.868253,0.859045,0.009208,0,0,0,0
31.1,2047,3,1.22847,1.22847,0.64229,0.54334,0.09895,34.5692,34.1734,9,9,0,1.49414,1.31068,0.183464,0,0,0,0
31.2,2048,1,0.0882369,0.0882369,0.776749,0.969079,0.19233,35.107,35.8763,10,10,0,0.912347,1.02971,0.11736,0,0,0,0
31.2,2048,2,0.569449,0.569449,0.917681,-0.315263,1.23294,35.6707,30.7389,11,11,0,0.859045,0.813349,0.045696,0,0,0,0
31.2,2048,3,0.769266,0.769266,0.481205,0.64229,0.161085,33.9248,34.5692,9,9,0,1.31068,1.21739,0.093288,0,0,0,0
31.3,2049,1,0.235169,0.235169,0.734065,0.776749,0.0426842,34.9363,35.107,10,10,0,1.02971,1.04675,0.01704,0,0,0,0
31.3,2049,2,0.427042,0.427042,-0.361775,0.917681,1.27946,30.5529,35.6707,11,11,0,0.813349,0.700549,0.1128,0,0,0,0
31.3,2049,3,0.513095,0.513095,0.93975,0.481205,0.458545,35.759,33.9248,9,9,0,1.21739,1.31202,0.094632,0,0,0,0
31.4,2050,1,0.0802437,0.0802437,0.918303,0.734065,0.184238,35.6732,34.9363,10,10,0,1.04675,1.04129,0.005456,0,0,0,0
31.4,2050,2,0.719022,0.719022,-0.881902,-0.361775,0.520128,28.4724,30.5529,11,11,0,0.700549,0.822357,0.121808,0,0,0,0
31.4,2050,3,0.0241929,0.0241929,0.568161,0.93975,0.371589,34.2726,35.759,9,9,0,1.31202,1.35494,0.04292,0,0,0,0
31.5,2051,1,0.891766,0.891766,0.959775,0.918303,0.0414718,35.8391,35.6732,10,10,0,1.04129,1.02583,0.015456,0,0,0,0
31.5,2051,2,0.16377,0.16377,0.804846,-0.881902,1.68675,35.2194,28.4724,11,11,0,0.822357,0.765725,0.056632,0,0,0,0
31.5,2051,3,0.0779439,0.0779439,0.915143,0.568161,0.346982,35.6606,34.2726,9,9,0,1.35494,1.45856,0.103616,0,0,0,0
31.6,2052,1,0.022881,0.022881,0.918252,0.959775,0.041523,35.673,35.8391,10,10,0,1.02583,0.980115,0.04572,0,0,0,0
31.6,2052,2,1.33058,1.33058,0.725983,0.804846,0.0788628,34.9039,35.2194,11,11,0,0.765725,0.536965,0.22876,0,0,0,0
31.6,2052,3,0.255691,0.255691,0.814319,0.915143,0.100824,35.2573,35.6606,9,9,0,1.45856,1.36335,0.095208,0,0,0,0
31.7,2053,1,0.804898,0.804898,0.511484,0.918252,0.406768,34.0459,35.673,10,10,0,0.980115,0.976443,0.003672,0,0,0,0
31.7,2053,2,0.239141,0.239141,0.982728,0.725983,0.256745,35.9309,34.9039,11,11,0,0.536965,0.909765,0.3728,0,0,0,0
31.7,2053,3,0.0158227,0.0158227,0.648035,0.814319,0.166284,34.5921,35.2573,9,9,0,1.36335,1.39588,0.032528,0,1,0,0
31.8,2054,1,0.109316,0.109316,0.992027,0.511484,0.480543,35.9681,34.0459,10,10,0,0.976443,0.976971,0.000528,0,0,0,0
31.8,2054,2,0.789291,0.789291,0.865986,0.982728,0.116742,35.4639,35.9309,11,11,0,0.909765,0.793477,0.116288,0,0,0,0
31.8,2054,3,0.755617,0.755617,0.873543,0.648035,0.225508,35.4942,34.5921,9,9,0,1.39588,1.31697,0.078912,0,0,0,0
31.9,2055,1,0.294393,0.294393,0.532272,0.992027,0.459755,34.1291,35.9681,10,10,0,0.976971,0.944411,0.03256,0,0,0,0
31.9,2055,2,0.290607,0.290607,0.0871379,0.865986,0.778848,32.3486,35.4639,11,11,0,0.793477,0.901245,0.107768,0,0,0,0
31.9,2055,3,0.316202,0.316202,0.86541,0.873543,0.00813276,35.4616,35.4942,9,9,0,1.31697,1.2461,0.070864,0,0,1,0
32,2056,1,0.210418,0.210418,0.788114,0.532272,0.255842,35.1525,34.1291,10,10,0,0.944411,0.965139,0.020728,0,0,0,0
32,2056,2,1.4109,1.4109,-0.747646,0.0871379,0.834784,29.0094,32.3486,11,11,0,0.901245,0.890261,0.010984,0,0,0,0
32,2056,3,0.774735,0.774735,0.585029,0.86541,0.280381,34.3401,35.4616,9,9,0,1.2461,1.45705,0.210944,0,0,0,0
32.1,2057,1,0.0515009,0.0515009,0.653721,0.788114,0.134393,34.6149,35.1525,10,10,0,0.965139,0.946459,0.01868,0,0,0,0
32.1,2057,2,0.0193443,0.0193443,0.717085,-0.747646,1.46473,34.8683,29.0094,11,11,0,0.890261,0.745029,0.145232,0,1,0,0
32.1,2057,3,0.116887,0.116887,0.134723,0.585029,0.450306,32.5389,34.3401,9,9,0,1.45705,1.41904,0.038008,0,0,0,0
32.2,2058,1,0.089148,0.089148,0.115858,0.653721,0.537863,32.4634,34.6149,10,10,0,0.946459,1.04755,0.101096,0,0,0,0
32.2,2058,2,0.743996,0.743996,0.788264,0.717085,0.0711789,35.1531,34.8683,11,11,0,0.745029,0.615317,0.129712,0,0,0,0
32.2,2058,3,0.116897,0.116897,-0.0228692,0.134723,0.157592,31.9085,32.5389,9,9,0,1.41904,1.24979,0.169248,0,0,0,0
32.3,2059,1,0.482715,0.482715,0.730328,0.115858,0.61447,34.9213,32.4634,10,10,0,1.04755,0.875715,0.17184,0,0,0,0
32.3,2059,2,0.551608,0.551608,-0.0914214,0.788264,0.879685,31.6343,35.1531,11,11,0,0.615317,1.00548,0.39016,0,0,0,0
32.3,2059,3,0.283518,0.283518,0.907202,-0.0228692,0.930071,35.6288,31.9085,9,9,0,1.24979,1.31046,0.060664,0,0,0,0
32.4,2060,1,0.418198,0.418198,0.563308,0.730328,0.16702,34.2532,34.9213,10,10,0,0.875715,0.893907,0.018192,0,0,0,0
32.4,2060,2,0.692348,0.692348,0.381303,-0.0914214,0.472725,33.5252,31.6343,11,11,0,1.00548,0.918829,0.086648,0,0,0,0
32.4,2060,3,0.184548,0.184548,0.430311,0.907202,0.476891,33.7212,35.6288,9,9,0,1.31046,1.33274,0.02228,0,0,0,0
32.5,2061,1,0.014016,0.014016,0.972669,0.563308,0.409361,35.8907,34.2532,10,10,0,0.893907,1.04245,0.148544,0,1,0,0
32.5,2061,2,0.544226,0.544226,0.879311,0.381303,0.498008,35.5172,33.5252,11,11,0,0.918829,0.749349,0.16948,0,0,0,0
32.5,2061,3,0.145129,0.145129,0.850911,0.430311,0.4206,35.4036,33.7212,9,9,0,1.33274,1.27537,0.057368,0,0,0,0
32.6,2062,1,0.396415,0.396415,0.944547,0.972669,0.0281217,35.7782,35.8907,10,10,0,1.04245,0.992883,0.049568,0,0,0,0
32.6,2062,2,1.23836,1.23836,0.88877,0.879311,0.0094595,35.5551,35.5172,11,11,0,0.749349,0.777077,0.027728,0,0,1,0
32.6,2062,3,0.0283951,0.0283951,0.767899,0.850911,0.0830118,35.0716,35.4036,9,9,0,1.27537,1.34385,0.06848,0,0,0,0
32.7,2063,1,0.0429778,0.0429778,0.904754,0.944547,0.0397938,35.619,35.7782,10,10,0,0.992883,0.957331,0.035552,0,0,0,0
32.7,2063,2,0.16601,0.16601,0.909941,0.88877,0.0211707,35.6398,35.5551,11,11,0,0.777077,0.876645,0.099568,0,0,0,0
32.7,2063,3,0.342196,0.342196,0.724523,0.767899,0.0433761,34.8981,35.0716,9,9,0,1.34385,1.39922,0.055376,0,0,0,0
32.8,2064,1,0.367681,0.367681,0.456044,0.904754,0.448709,33.8242,35.619,10,10,0,0.957331,1.01222,0.054888,0,0,0,0
32.8,2064,2,0.294168,0.294168,0.710737,0.909941,0.199204,34.8429,35.6398,11,11,0,0.876645,0.846933,0.029712,0,0,0,0
32.8,2064,3,0.336507,0.336507,0.94728,0.724523,0.222758,35.7891,34.8981,9,9,0,1.39922,1.35483,0.044392,0,0,0,0
32.9,2065,1,0.25156,0.25156,0.992204,0.456044,0.53616,35.9688,33.8242,10,10,0,1.01222,0.851187,0.161032,0,0,0,0
32.9,2065,2,0.857642,0.857642,0.85428,0.710737,0.143543,35.4171,34.8429,11,11,0,0.846933,0.925477,0.078544,0,0,0,0
32.9,2065,3,0.158353,0.158353,0.649132,0.94728,0.298149,34.5965,35.7891,9,9,0,1.35483,1.33277,0.022064,0,0,0,0
33,2066,1,0.274888,0.274888,0.143892,0.992204,0.848313,32.5756,35.9688,10,10,0,0.851187,0.975499,0.124312,0,0,0,0
33,2066,2,1.13865,1.13865,0.460814,0.85428,0.393466,33.8433,35.4171,11,11,0,0.925477,0.855957,0.06952,0,0,0,0
33,2066,3,0.214712,0.214712,-0.267661,0.649132,0.916793,30.9294,34.5965,9,9,0,1.33277,1.30748,0.025288,0,0,0,0
33.1,2067,1,0.0221478,0.0221478,0.232623,0.143892,0.0887311,32.9305,32.5756,10,10,0,0.975499,0.987467,0.011968,0,0,0,0
33.1,2067,2,0.48176,0.48176,0.829112,0.460814,0.368298,35.3164,33.8433,11,11,0,0.855957,0.950053,0.094096,0,0,0,0
33.1,2067,3,0.445516,0.445516,0.526155,-0.267661,0.793816,34.1046,30.9294,9,9,0,1.30748,1.24044,0.06704,0,0,0,0
33.2,2068,1,0.166629,0.166629,0.91502,0.232623,0.682397,35.6601,32.9305,10,10,0,0.987467,0.838427,0.14904,0,0,0,0
33.2,2068,2,0.242839,0.242839,0.971441,0.829112,0.142329,35.8858,35.3164,11,11,0,0.950053,0.996133,0.04608,0,0,0,0
33.2,2068,3,0.107028,0.107028,0.151656,0.526155,0.374499,32.6066,34.1046,9,9,0,1.24044,1.3145,0.074064,0,0,0,0
33.3,2069,1,0.181365,0.181365,0.156488,0.91502,0.758531,32.626,35.6601,10,10,0,0.838427,0.925139,0.086712,0,0,0,0
33.3,2069,2,0.276541,0.276541,0.614709,0.971441,0.356732,34.4588,35.8858,11,11,0,0.996133,1.08531,0.089176,0,0,0,0
33.3,2069,3,0.154161,0.154161,0.948805,0.151656,0.797149,35.7952,32.6066,9,9,0,1.3145,1.27356,0.040944,0,0,0,0
33.4,2070,1,0.0519233,0.0519233,0.705046,0.156488,0.548557,34.8202,32.626,10,10,0,0.925139,0.863515,0.061624,0,0,0,0
33.4,2070,2,0.436928,0.436928,0.636705,0.614709,0.021996,34.5468,34.4588,11,11,0,1.08531,0.899293,0.186016,0,0,0,0
33.4,2070,3,0.432706,0.432706,0.90023,0.948805,0.0485744,35.6009,35.7952,9,9,0,1.27356,1.26091,0.012648,0,0,0,0
33.5,2071,1,0.414541,0.414541,0.689858,0.705046,0.0151873,34.7594,34.8202,10,10,0,0.863515,0.899219,0.035704,0,0,1,0
33.5,2071,2,0.324053,0.324053,0.879367,0.636705,0.242662,35.5175,34.5468,11,11,0,0.899293,0.788653,0.11064,0,0,0,0
33.5,2071,3,0.0302054,0.0302054,0.705621,0.90023,0.19461,34.8225,35.6009,9,9,0,1.26091,1.43217,0.171256,0,0,0,0
33.6,2072,1,0.133885,0.133885,0.66132,0.689858,0.0285383,34.6453,34.7594,10,10,0,0.899219,0.910715,0.011496,0,0,0,0
33.6,2072,2,0.0311224,0.0311224,0.128386,0.879367,0.750981,32.5135,35.5175,11,11,0,0.788653,0.867989,0.079336,0,0,0,0
33.6,2072,3,0.0298849,0.0298849,0.870735,0.705621,0.165114,35.4829,34.8225,9,9,0,1.43217,1.27754,0.154632,0,0,0,0
33.7,2073,1,0.067582,0.067582,0.907726,0.66132,0.246406,35.6309,34.6453,10,10,0,0.910715,1.00657,0.095856,0,0,0,0
33.7,2073,2,0.0723747,0.0723747,0.541696,0.128386,0.41331,34.1668,32.5135,11,11,0,0.867989,0.832573,0.035416,0,0,0,0
33.7,2073,3,0.0521051,0.0521051,0.924124,0.870735,0.0533892,35.6965,35.4829,9,9,0,1.27754,1.33945,0.061912,0,0,0,0
33.8,2074,1,0.440494,0.440494,0.847486,0.907726,0.0602401,35.3899,35.6309,10,10,0,1.00657,1.00857,0.002,0,0,0,0
33.8,2074,2,0.242149,0.242149,0.934007,0.541696,0.392311,35.736,34.1668,11,11,0,0.832573,0.701853,0.13072,0,0,0,0
33.8,2074,3,0.19874,0.19874,0.72571,0.924124,0.198413,34.9028,35.6965,9,9,0,1.33945,1.3925,0.053048,0,0,0,0
33.9,2075,1,0.177878,0.177878,0.994065,0.847486,0.146579,35.9763,35.3899,10,10,0,1.00857,1.00356,0.005008,0,0,0,0
33.9,2075,2,0.258284,0.258284,0.552728,0.934007,0.381278,34.2109,35.736,11,11,0,0.701853,0.749853,0.048,0,0,0,0
33.9,2075,3,0.250659,0.250659,0.944196,0.72571,0.218486,35.7768,34.9028,9,9,0,1.3925,1.26389,0.128608,0,0,0,0
34,2076,1,0.11018,0.11018,0.932249,0.994065,0.0618157,35.729,35.9763,10,10,0,1.00356,1.03227,0.028704,0,0,0,0
34,2076,2,0.229214,0.229214,0.936137,0.552728,0.383408,35.7445,34.2109,11,11,0,0.749853,0.939405,0.189552,0,0,0,0
34,2076,3,0.0676236,0.0676236,0.841708,0.944196,0.102488,35.3668,35.7768,9,9,0,1.26389,1.23518,0.028712,0,0,0,0
34.1,2077,1,0.119248,0.119248,0.798911,0.932249,0.133338,35.1956,35.729,10,7,-3,1.03227,1.10855,0.076288,0,0,0,0
34.1,2077,2,0.330868,0.330868,0.955467,0.936137,0.0193307,35.8219,35.7445,11,12,1,0.939405,0.62944,0.309965,0,0,1,0
34.1,2077,3,0.0527921,0.0527921,0.854432,0.841708,0.0127239,35.4177,35.3668,9,11,2,1.23518,1.02005,0.215131,0,0,1,0
34.2,2078,1,0.288465,0.288465,0.551798,0.798911,0.247113,34.2072,35.1956,7,7,0,1.10855,1.12323,0.014672,0,0,0,0
34.2,2078,2,0.116409,0.116409,0.904728,0.955467,0.050739,35.6189,35.8219,12,12,0,0.62944,0.797232,0.167792,0,0,0,0
34.2,2078,3,0.0153423,0.0153423,0.610579,0.854432,0.243853,34.4423,35.4177,11,11,0,1.02005,1.16074,0.140696,0,1,0,0
34.3,2079,1,0.158464,0.158464,0.685053,0.551798,0.133254,34.7402,34.2072,7,7,0,1.12323,1.10576,0.017464,0,0,0,0
34.3,2079,2,0.0387492,0.0387492,0.728174,0.904728,0.176555,34.9127,35.6189,12,12,0,0.797232,0.834576,0.037344,0,0,0,0
34.3,2079,3,0.663869,0.663869,0.661297,0.610579,0.0507177,34.6452,34.4423,11,11,0,1.16074,1.12131,0.039432,0,0,0,0
34.4,2080,1,0.335824,0.335824,0.763397,0.685053,0.078344,35.0536,34.7402,7,7,0,1.10576,1.15341,0.047648,0,0,0,0
34.4,2080,2,0.127348,0.127348,-0.265345,0.728174,0.993518,30.9386,34.9127,12,12,0,0.834576,0.836656,0.00208,0,0,0,0
34.4,2080,3,0.583083,0.583083,0.873835,0.661297,0.212538,35.4953,34.6452,11,11,0,1.12131,1.05467,0.06664,0,0,0,0
34.5,2081,1,0.428425,0.428425,0.845855,0.763397,0.0824584,35.3834,35.0536,7,7,0,1.15341,1.30724,0.153832,0,0,0,0
34.5,2081,2,0.223071,0.223071,0.975297,-0.265345,1.24064,35.9012,30.9386,12,12,0,0.836656,0.798184,0.038472,0,0,0,0
34.5,2081,3,0.19168,0.19168,-0.112572,0.873835,0.986406,31.5497,35.4953,11,11,0,1.05467,1.11716,0.062488,0,0,0,0
34.6,2082,1,0.270621,0.270621,0.880511,0.845855,0.0346555,35.522,35.3834,7,7,0,1.30724,1.21662,0.090624,0,0,0,0
34.6,2082,2,0.0343497,0.0343497,0.166858,0.975297,0.808439,32.6674,35.9012,12,12,0,0.798184,0.599688,0.198496,0,0,0,0
34.6,2082,3,1.01362,1.01362,0.757863,-0.112572,0.870435,35.0315,31.5497,11,11,0,1.11716,1.13513,0.017968,0,0,0,0
34.7,2083,1,0.0643733,0.0643733,0.953755,0.880511,0.0732439,35.815,35.522,7,7,0,1.21662,1.28827,0.071656,0,0,0,0
34.7,2083,2,0.590092,0.590092,0.92412,0.166858,0.757262,35.6965,32.6674,12,12,0,0.599688,0.80972,0.210032,0,0,0,0
34.7,2083,3,1.27124,1.27124,0.96978,0.757863,0.211917,35.8791,35.0315,11,11,0,1.13513,0.966669,0.168456,0,0,0,0
34.8,2084,1,0.158846,0.158846,0.552935,0.953755,0.40082,34.2117,35.815,7,7,0,1.28827,1.19711,0.091168,0,0,0,0
34.8,2084,2,0.586767,0.586767,0.946314,0.92412,0.0221934,35.7853,35.6965,12,12,0,0.80972,0.59524,0.21448,0,0,0,0
34.8,2084,3,0.0031535,0.0031535,0.677594,0.96978,0.292186,34.7104,35.8791,11,11,0,0.966669,1.2064,0.239728,0,1,0,0
34.9,2085,1,0.106629,0.106629,0.155051,0.552935,0.397884,32.6202,34.2117,7,7,0,1.19711,1.10963,0.08748,0,0,0,0
34.9,2085,2,0.740311,0.740311,-0.361062,0.946314,1.30738,30.5558,35.7853,12,12,0,0.59524,0.853464,0.258224,0,0,0,0
34.9,2085,3,0.06551,0.06551,0.770932,0.677594,0.0933383,35.0837,34.7104,11,11,0,1.2064,1.10441,0.101992,0,0,0,0
35,2086,1,0.225635,0.225635,0.0910122,0.155051,0.0640385,32.364,32.6202,7,7,0,1.10963,1.06766,0.041968,0,0,0,0
35,2086,2,0.332637,0.332637,0.778046,-0.361062,1.13911,35.1122,30.5558,12,12,0,0.853464,0.774328,0.079136,0,0,0,0
35,2086,3,0.0528045,0.0528045,0.894239,0.770932,0.123307,35.577,35.0837,11,11,0,1.10441,1.0864,0.018008,0,0,0,0
35.1,2087,1,1.27584,1.27584,0.852019,0.0910122,0.761006,35.4081,32.364,7,7,0,1.06766,0.931859,0.1358,0,0,0,0
35.1,2087,2,0.0678041,0.0678041,0.913198,0.778046,0.135152,35.6528,35.1122,12,12,0,0.774328,0.642728,0.1316,0,0,0,0
35.1,2087,3,0.0065062,0.0065062,0.45195,0.894239,0.442289,33.8078,35.577,11,11,0,1.0864,1.37525,0.288856,0,1,0,0
35.2,2088,1,1.4932,1.4932,0.939188,0.852019,0.0871697,35.7568,35.4081,7,7,0,0.931859,1.06953,0.137672,0,0,0,0
35.2,2088,2,0.210021,0.210021,0.343671,0.913198,0.569527,33.3747,35.6528,12,12,0,0.642728,0.938776,0.296048,0,0,0,0
35.2,2088,3,0.159487,0.159487,0.959354,0.45195,0.507404,35.8374,33.8078,11,11,0,1.37525,1.20436,0.170896,0,0,0,0
35.3,2089,1,0.0560033,0.0560033,0.896631,0.939188,0.0425572,35.5865,35.7568,7,7,0,1.06953,1.19939,0.129864,0,0,0,0
35.3,2089,2,0.185724,0.185724,0.721919,0.343671,0.378248,34.8877,33.3747,12,12,0,0.938776,0.792176,0.1466,0,0,0,0
35.3,2089,3,0.0477624,0.0477624,0.0108163,0.959354,0.948538,32.0433,35.8374,11,11,0,1.20436,1.02525,0.179104,0,0,0,0
35.4,2090,1,0.405678,0.405678,0.471228,0.896631,0.425403,33.8849,35.5865,7,7,0,1.19939,1.3341,0.134704,0,0,0,0
35.4,2090,2,0.0954602,0.0954602,0.816038,0.721919,0.094119,35.2642,34.8877,12,12,0,0.792176,0.691832,0.100344,0,0,0,0
35.4,2090,3,0.181311,0.181311,0.650854,0.0108163,0.640038,34.6034,32.0433,11,11,0,1.02525,1.3119,0.286648,0,0,0,0
35.5,2091,1,0.432075,0.432075,0.867623,0.471228,0.396394,35.4705,33.8849,7,7,0,1.3341,1.02215,0.311944,0,0,0,0
35.5,2091,2,0.0928784,0.0928784,0.152282,0.816038,0.663756,32.6091,35.2642,12,12,0,0.691832,0.770736,0.078904,0,0,0,0
35.5,2091,3,0.252796,0.252796,0.853521,0.650854,0.202667,35.4141,34.6034,11,11,0,1.3119,0.739885,0.572016,0,0,0,0
35.6,2092,1,0.64077,0.64077,0.432356,0.867623,0.435267,33.7294,35.4705,7,7,0,1.02215,1.15977,0.137616,0,0,0,0
35.6,2092,2,0.0207675,0.0207675,0.028938,0.152282,0.123344,32.1158,32.6091,12,12,0,0.770736,0.80684,0.036104,0,0,0,0
35.6,2092,3,0.0242873,0.0242873,0.570108,0.853521,0.283414,34.2804,35.4141,11,11,0,0.739885,1.10517,0.365288,0,0,0,0
35.7,2093,1,0.656221,0.656221,0.680377,0.432356,0.248021,34.7215,33.7294,7,7,0,1.15977,1.20076,0.040992,0,0,0,0
35.7,2093,2,0.0876837,0.0876837,0.0334074,0.028938,0.00446939,32.1336,32.1158,12,12,0,0.80684,0.573968,0.232872,0,0,1,0
35.7,2093,3,0.291741,0.291741,0.963975,0.570108,0.393868,35.8559,34.2804,11,11,0,1.10517,1.22392,0.118744,0,0,0,0
35.8,2094,1,0.309592,0.309592,0.924281,0.680377,0.243903,35.6971,34.7215,7,7,0,1.20076,1.14352,0.05724,0,0,0,0
35.8,2094,2,0.575443,0.575443,0.0721015,0.0334074,0.0386941,32.2884,32.1336,12,12,0,0.573968,0.685736,0.111768,0,0,0,0
35.8,2094,3,0.220468,0.220468,0.628888,0.963975,0.335087,34.5156,35.8559,11,11,0,1.22392,1.26643,0.042512,0,0,0,0
35.9,2095,1,0.161082,0.161082,0.734009,0.924281,0.190272,34.936,35.6971,7,7,0,1.14352,1.33547,0.191952,0,0,0,0
35.9,2095,2,0.822319,0.822319,0.566125,0.0721015,0.494024,34.2645,32.2884,12,12,0,0.685736,0.564256,0.12148,0,0,0,0
35.9,2095,3,0.0833449,0.0833449,0.885043,0.628888,0.256155,35.5402,34.5156,11,11,0,1.26643,1.21996,0.046472,0,0,0,0
36,2096,1,0.233961,0.233961,0.832187,0.734009,0.0981784,35.3287,34.936,7,7,0,1.33547,1.12265,0.212824,0,0,0,0
36,2096,2,0.206923,0.206923,0.524244,0.566125,0.0418819,34.097,34.2645,12,12,0,0.564256,0.603008,0.038752,0,0,0,0
36,2096,3,0.761506,0.761506,0.881356,0.885043,0.00368696,35.5254,35.5402,11,11,0,1.21996,1.11141,0.108544,0,0,1,0
36.1,2097,1,0.813238,0.813238,0.858553,0.832187,0.0263661,35.4342,35.3287,7,7,0,1.12265,1.15779,0.035136,0,0,0,0
36.1,2097,2,0.148659,0.148659,0.86205,0.524244,0.337806,35.4482,34.097,12,12,0,0.603008,0.860304,0.257296,0,0,0,0
36.1,2097,3,0.732514,0.732514,0.754875,0.881356,0.126481,35.0195,35.5254,11,11,0,1.11141,1.21134,0.099928,0,0,0,0
36.2,2098,1,0.448925,0.448925,0.455219,0.858553,0.403335,33.8209,35.4342,7,7,0,1.15779,1.18962,0.031832,0,0,0,0
36.2,2098,2,0.954233,0.954233,0.722929,0.86205,0.139121,34.8917,35.4482,12,12,0,0.860304,0.627256,0.233048,0,0,0,0
36.2,2098,3,0.188912,0.188912,0.912708,0.754875,0.157834,35.6508,35.0195,11,11,0,1.21134,1.05939,0.151952,0,0,0,0
36.3,2099,1,0.357179,0.357179,0.900082,0.455219,0.444863,35.6003,33.8209,7,7,0,1.18962,0.994459,0.19516,0,0,0,0
36.3,2099,2,0.165042,0.165042,0.312093,0.722929,0.410836,33.2484,34.8917,12,12,0,0.627256,0.77604,0.148784,0,0,0,0
36.3,2099,3,0.204576,0.204576,0.939027,0.912708,0.0263189,35.7561,35.6508,11,11,0,1.05939,1.07573,0.016344,0,0,0,0
36.4,2100,1,0.498935,0.498935,-0.0279462,0.900082,0.928028,31.8882,35.6003,7,7,0,0.994459,1.12063,0.126176,0,0,0,0
36.4,2100,2,0.0644243,0.0644243,-0.462791,0.312093,0.774884,30.1488,33.2484,12,12,0,0.77604,0.721832,0.054208,0,0,0,0
36.4,2100,3,0.0412417,0.0412417,0.342498,0.939027,0.596529,33.37,35.7561,11,11,0,1.07573,1.17108,0.095344,0,0,0,0
36.5,2101,1,0.176536,0.176536,0.514045,-0.0279462,0.541991,34.0562,31.8882,7,7,0,1.12063,1.10818,0.012456,0,0,0,0
36.5,2101,2,0.683018,0.683018,0.385077,-0.462791,0.847868,33.5403,30.1488,12,12,0,0.721832,0.585168,0.136664,0,0,0,0
36.5,2101,3,0.19256,0.19256,0.713324,0.342498,0.370826,34.8533,33.37,11,11,0,1.17108,1.27969,0.108608,0,0,0,0
36.6,2102,1,1.20669,1.20669,-0.379554,0.514045,0.893599,30.4818,34.0562,7,7,0,1.10818,1.15787,0.049688,0,0,0,0
36.6,2102,2,0.952373,0.952373,0.973817,0.385077,0.58874,35.8953,33.5403,12,12,0,0.585168,0.740888,0.15572,0,0,0,0
36.6,2102,3,0.229634,0.229634,0.886509,0.713324,0.173185,35.546,34.8533,11,11,0,1.27969,1.18103,0.098656,0,0,0,0
36.7,2103,1,1.43954,1.43954,0.981448,-0.379554,1.361,35.9258,30.4818,7,7,0,1.15787,0.883963,0.273904,0,0,0,0
36.7,2103,2,0.91308,0.91308,-0.487748,0.973817,1.46156,30.049,35.8953,12,12,0,0.740888,0.772528,0.03164,0,0,0,0
36.7,2103,3,0.045527,0.045527,0.342202,0.886509,0.544307,33.3688,35.546,11,11,0,1.18103,1.13209,0.048944,0,0,0,0
36.8,2104,1,0.221119,0.221119,0.916573,0.981448,0.0648752,35.6663,35.9258,7,7,0,0.883963,1.17283,0.288872,0,0,0,0
36.8,2104,2,0.511125,0.511125,-0.267625,-0.487748,0.220123,30.9295,30.049,12,12,0,0.772528,0.750152,0.022376,0,0,0,0
36.8,2104,3,0.457384,0.457384,0.994455,0.342202,0.652254,35.9778,33.3688,11,11,0,1.13209,1.15505,0.022968,0,0,0,0
36.9,2105,1,0.670528,0.670528,0.5503,0.916573,0.366273,34.2012,35.6663,7,7,0,1.17283,1.36147,0.188632,0,0,0,0
36.9,2105,2,0.353751,0.353751,0.549261,-0.267625,0.816886,34.197,30.9295,12,12,0,0.750152,0.580416,0.169736,0,0,0,0
36.9,2105,3,0.292445,0.292445,0.73391,0.994455,0.260546,34.9356,35.9778,11,11,0,1.15505,1.10621,0.04884,0,0,0,0
37,2106,1,0.196838,0.196838,0.822656,0.5503,0.272357,35.2906,34.2012,7,7,0,1.36147,1.19011,0.17136,0,0,0,0
37,2106,2,0.141373,0.141373,0.783625,0.549261,0.234364,35.1345,34.197,12,12,0,0.580416,0.516056,0.06436,0,0,0,0
37,2106,3,0.729314,0.729314,-0.0243259,0.73391,0.758236,31.9027,34.9356,11,11,0,1.10621,1.25397,0.14776,0,0,0,0
37.1,2107,1,0.172839,0.172839,0.951728,0.822656,0.129072,35.8069,35.2906,7,7,0,1.19011,1.25977,0.069664,0,0,0,0
37.1,2107,2,0.35766,0.35766,-0.112309,0.783625,0.895934,31.5508,35.1345,12,12,0,0.516056,0.796832,0.280776,0,0,0,0
37.1,2107,3,0.901154,0.901154,0.625264,-0.0243259,0.64959,34.5011,31.9027,11,11,0,1.25397,1.05506,0.198912,0,0,0,0
37.2,2108,1,0.208522,0.208522,0.862781,0.951728,0.0889472,35.4511,35.8069,7,7,0,1.25977,1.3214,0.061632,0,0,0,0
37.2,2108,2,0.893225,0.893225,0.661922,-0.112309,0.774231,34.6477,31.5508,12,12,0,0.796832,0.771504,0.025328,0,0,0,0
37.2,2108,3,1.50842,1.50842,0.605476,0.625264,0.0197883,34.4219,34.5011,11,11,0,1.05506,0.792885,0.262176,0,0,1,0
37.3,2109,1,0.77378,0.77378,0.962246,0.862781,0.0994653,35.849,35.4511,7,7,0,1.3214,1.19025,0.131152,0,0,0,0
37.3,2109,2,0.777869,0.777869,-0.774914,0.661922,1.43684,28.9003,34.6477,12,12,0,0.771504,0.721248,0.050256,0,0,0,0
37.3,2109,3,1.43409,1.43409,0.586729,0.605476,0.0187468,34.3469,34.4219,11,11,0,0.792885,1.21324,0.420352,0,0,1,0
37.4,2110,1,0.982195,0.982195,0.948233,0.962246,0.0140132,35.7929,35.849,7,7,0,1.19025,1.43471,0.244464,0,0,1,0
37.4,2110,2,0.133438,0.133438,0.897082,-0.774914,1.672,35.5883,28.9003,12,12,0,0.721248,0.843648,0.1224,0,0,0,0
37.4,2110,3,0.121261,0.121261,0.985211,0.586729,0.398482,35.9408,34.3469,11,11,0,1.21324,1.07321,0.140032,0,0,0,0
37.5,2111,1,0.254727,0.254727,0.299381,0.948233,0.648852,33.1975,35.7929,7,7,0,1.43471,1.15659,0.27812,0,0,0,0
37.5,2111,2,0.21522,0.21522,0.686339,0.897082,0.210743,34.7454,35.5883,12,12,0,0.843648,0.480856,0.362792,0,0,0,0
37.5,2111,3,0.300313,0.300313,0.937076,0.985211,0.0481356,35.7483,35.9408,11,11,0,1.07321,1.12973,0.056528,0,0,0,0
37.6,2112,1,0.0316314,0.0316314,0.458415,0.299381,0.159034,33.8337,33.1975,7,7,0,1.15659,0.973595,0.183,0,0,0,0
37.6,2112,2,0.965666,0.965666,0.932558,0.686339,0.246219,35.7302,34.7454,12,12,0,0.480856,0.752816,0.27196,0,0,0,0
37.6,2112,3,0.354658,0.354658,-0.00103903,0.937076,0.938115,31.9958,35.7483,11,11,0,1.12973,0.985413,0.14432,0,0,0,0
37.7,2113,1,1.58189,1.58189,0.9826,0.458415,0.524185,35.9304,33.8337,7,7,0,0.973595,1.09545,0.121856,0,0,0,0
37.7,2113,2,1.3794,1.3794,-0.481718,0.932558,1.41428,30.0731,35.7302,12,12,0,0.752816,0.8544,0.101584,0,0,0,0
37.7,2113,3,0.00358331,0.00358331,0.952452,-0.00103903,0.953491,35.8098,31.9958,11,11,0,0.985413,1.10977,0.12436,0,1,0,0
37.8,2114,1,1.57875,1.57875,0.990755,0.9826,0.00815481,35.963,35.9304,7,7,0,1.09545,1.26555,0.170096,0,0,1,0
37.8,2114,2,0.284844,0.284844,0.326303,-0.481718,0.808021,33.3052,30.0731,12,12,0,0.8544,0.7642,0.0902,0,0,0,0
37.8,2114,3,0.0289138,0.0289138,0.825054,0.952452,0.127397,35.3002,35.8098,11,11,0,1.10977,0.930701,0.179072,0,0,0,0
37.9,2115,1,0.0464093,0.0464093,0.904371,0.990755,0.0863845,35.6175,35.963,7,7,0,1.26555,1.20947,0.056072,0,0,0,0
37.9,2115,2,0.0699707,0.0699707,0.498479,0.326303,0.172175,33.9939,33.3052,12,12,0,0.7642,0.469632,0.294568,0,0,0,0
37.9,2115,3,0.184236,0.184236,0.526268,0.825054,0.298786,34.1051,35.3002,11,11,0,0.930701,1.11933,0.188624,0,0,0,0
38,2116,1,0.719601,0.719601,0.627167,0.904371,0.277204,34.5087,35.6175,7,7,0,1.20947,1.31168,0.102208,0,0,0,0
38,2116,2,0.314644,0.314644,0.0823378,0.498479,0.416141,32.3294,33.9939,12,12,0,0.469632,0.632344,0.162712,0,0,0,0
38,2116,3,0.00509459,0.00509459,0.277057,0.526268,0.249211,33.1082,34.1051,11,11,0,1.11933,1.1275,0.008176,0,1,0,0
38.1,2117,1,0.556609,0.556609,0.413081,0.627167,0.214086,33.6523,34.5087,7,7,0,1.31168,1.28851,0.023176,0,0,0,0
38.1,2117,2,0.27887,0.27887,0.899697,0.0823378,0.817359,35.5988,32.3294,12,12,0,0.632344,0.701328,0.068984,0,0,0,0
38.1,2117,3,0.187789,0.187789,0.914339,0.277057,0.637282,35.6574,33.1082,11,11,0,1.1275,1.01243,0.115072,0,0,0,0
38.2,2118,1,0.683584,0.683584,0.761849,0.413081,0.348768,35.0474,33.6523,7,7,0,1.28851,1.01275,0.27576,0,0,0,0
38.2,2118,2,0.168546,0.168546,0.136856,0.899697,0.762842,32.5474,35.5988,12,12,0,0.701328,0.670704,0.030624,0,0,0,0
38.2,2118,3,0.0234927,0.0234927,0.515217,0.914339,0.399123,34.0609,35.6574,11,11,0,1.01243,1.03306,0.020632,0,0,0,0
38.3,2119,1,0.506924,0.506924,0.484511,0.761849,0.277338,33.938,35.0474,7,7,0,1.01275,1.21292,0.200176,0,0,0,0
38.3,2119,2,0.254329,0.254329,0.49846,0.136856,0.361604,33.9938,32.5474,12,12,0,0.670704,0.700912,0.030208,0,0,0,0
38.3,2119,3,0.0297635,0.0297635,0.940806,0.515217,0.42559,35.7632,34.0609,11,11,0,1.03306,1.17088,0.137816,0,0,0,0
38.4,2120,1,0.271866,0.271866,0.376478,0.484511,0.108033,33.5059,33.938,7,7,0,1.21292,1.02799,0.184928,0,0,0,0
38.4,2120,2,0.137931,0.137931,0.614302,0.49846,0.115842,34.4572,33.9938,12,12,0,0.700912,0.556424,0.144488,0,0,0,0
38.4,2120,3,0.0541676,0.0541676,0.981818,0.940806,0.0410113,35.9273,35.7632,11,11,0,1.17088,1.02217,0.148704,0,0,0,0
38.5,2121,1,0.771164,0.771164,0.930737,0.376478,0.554259,35.7229,33.5059,7,7,0,1.02799,1.00983,0.01816,0,0,0,0
38.5,2121,2,0.831335,0.831335,0.774332,0.614302,0.16003,35.0973,34.4572,12,12,0,0.556424,0.695392,0.138968,0,0,0,0
38.5,2121,3,0.0415976,0.0415976,0.986375,0.981818,0.00455707,35.9455,35.9273,11,11,0,1.02217,1.09961,0.07744,0,0,1,0
38.6,2122,1,0.612141,0.612141,0.987481,0.930737,0.0567439,35.9499,35.7229,7,7,0,1.00983,1.11619,0.106352,0,0,0,0
38.6,2122,2,0.867479,0.867479,0.861644,0.774332,0.0873123,35.4466,35.0973,12,12,0,0.695392,0.786384,0.090992,0,0,0,0
38.6,2122,3,0.0676984,0.0676984,0.876237,0.986375,0.110137,35.5049,35.9455,11,11,0,1.09961,1.1692,0.069584,0,0,0,0
38.7,2123,1,0.118483,0.118483,0.780365,0.987481,0.207117,35.1215,35.9499,7,7,0,1.11619,1.14159,0.0254,0,0,0,0
38.7,2123,2,1.52694,1.52694,0.615357,0.861644,0.246287,34.4614,35.4466,12,12,0,0.786384,0.791072,0.004688,0,0,0,0
38.7,2123,3,0.0875157,0.0875157,0.213859,0.876237,0.662378,32.8554,35.5049,11,11,0,1.1692,0.987197,0.182,0,0,0,0
38.8,2124,1,1.03962,1.03962,0.561084,0.780365,0.21928,34.2443,35.1215,7,7,0,1.14159,1.26645,0.124864,0,0,0,0
38.8,2124,2,1.64882,1.64882,0.949739,0.615357,0.334382,35.799,34.4614,12,12,0,0.791072,0.868592,0.07752,0,0,0,0
38.8,2124,3,0.324877,0.324877,0.153623,0.213859,0.0602362,32.6145,32.8554,11,11,0,0.987197,1.06456,0.07736,0,0,0,0
38.9,2125,1,1.79751,1.79751,0.225725,0.561084,0.335359,32.9029,34.2443,7,7,0,1.26645,1.18753,0.07892,0,0,0,0
38.9,2125,2,0.142625,0.142625,-0.0800869,0.949739,1.02983,31.6797,35.799,12,12,0,0.868592,0.793248,0.075344,0,0,0,0
38.9,2125,3,0.236643,0.236643,0.953135,0.153623,0.799512,35.8125,32.6145,11,11,0,1.06456,1.12303,0.058472,0,0,0,0
39,2126,1,1.29867,1.29867,0.944968,0.225725,0.719243,35.7799,32.9029,7,7,0,1.18753,0.991923,0.195608,0,0,0,0
39,2126,2,0.377226,0.377226,0.301787,-0.0800869,0.381874,33.2071,31.6797,12,12,0,0.793248,0.796536,0.003288,0,0,0,0
39,2126,3,0.400069,0.400069,0.357552,0.953135,0.595582,33.4302,35.8125,11,11,0,1.12303,0.995701,0.127328,0,0,0,0
39.1,2127,1,1.326,1.326,0.353215,0.944968,0.591754,33.4129,35.7799,7,7,0,0.991923,1.19215,0.200232,0,0,0,0
39.1,2127,2,0.461879,0.461879,0.19793,0.301787,0.103857,32.7917,33.2071,12,12,0,0.796536,0.659568,0.136968,0,0,0,0
39.1,2127,3,0.0737963,0.0737963,0.683775,0.357552,0.326222,34.7351,33.4302,11,11,0,0.995701,1.22046,0.22476,0,0,0,0
39.2,2128,1,0.0583724,0.0583724,0.296033,0.353215,0.0571815,33.1841,33.4129,7,7,0,1.19215,1.17716,0.014992,0,0,0,0
39.2,2128,2,0.232524,0.232524,0.870549,0.19793,0.672619,35.4822,32.7917,12,12,0,0.659568,0.733392,0.073824,0,0,0,0
39.2,2128,3,0.0473278,0.0473278,0.96255,0.683775,0.278775,35.8502,34.7351,11,11,0,1.22046,0.876629,0.343832,0,0,0,0
39.3,2129,1,0.466835,0.466835,0.948354,0.296033,0.652321,35.7934,33.1841,7,7,0,1.17716,0.987627,0.189536,0,0,0,0
39.3,2129,2,0.168551,0.168551,0.646478,0.870549,0.224071,34.5859,35.4822,12,12,0,0.733392,0.632592,0.1008,0,0,0,0
39.3,2129,3,0.00412059,0.00412059,0.639663,0.96255,0.322887,34.5587,35.8502,11,11,0,0.876629,1.17551,0.29888,0,1,0,0
39.4,2130,1,0.948452,0.948452,0.93304,0.948354,0.0153139,35.7322,35.7934,7,7,0,0.987627,1.15015,0.16252,0,0,1,0
39.4,2130,2,0.848836,0.848836,0.366959,0.646478,0.27952,33.4678,34.5859,12,12,0,0.632592,0.892224,0.259632,0,0,0,0
39.4,2130,3,0.0480359,0.0480359,0.880414,0.639663,0.240752,35.5217,34.5587,11,11,0,1.17551,1.11466,0.060848,0,0,0,0
39.5,2131,1,1.01707,1.01707,0.429956,0.93304,0.503084,33.7198,35.7322,7,7,0,1.15015,1.25545,0.105304,0,0,0,0
39.5,2131,2,0.830736,0.830736,0.711251,0.366959,0.344292,34.845,33.4678,12,12,0,0.892224,0.692184,0.20004,0,0,0,0
39.5,2131,3,1.7079,1.7079,0.895672,0.880414,0.0152578,35.5827,35.5217,11,11,0,1.11466,0.907629,0.207032,0,0,1,0
39.6,2132,1,0.122527,0.122527,0.945681,0.429956,0.515725,35.7827,33.7198,7,7,0,1.25545,1.02207,0.233384,0,0,0,0
39.6,2132,2,0.0196387,0.0196387,0.895743,0.711251,0.184492,35.583,34.845,12,12,0,0.692184,0.626736,0.065448,0,1,0,0
39.6,2132,3,1.24884,1.24884,0.950161,0.895672,0.0544888,35.8006,35.5827,11,11,0,0.907629,1.05681,0.149184,0,0,0,0
39.7,2133,1,0.345167,0.345167,0.806554,0.945681,0.139127,35.2262,35.7827,7,7,0,1.02207,1.11617,0.094104,0,0,0,0
39.7,2133,2,0.332314,0.332314,0.246772,0.895743,0.64897,32.9871,35.583,12,12,0,0.626736,0.727216,0.10048,0,0,0,0
39.7,2133,3,0.429562,0.429562,0.985222,0.950161,0.0350609,35.9409,35.8006,11,11,0,1.05681,1.17533,0.11852,0,0,0,0
39.8,2134,1,0.466828,0.466828,0.794342,0.806554,0.0122125,35.1774,35.2262,7,7,0,1.11617,1.23059,0.114424,0,0,1,0
39.8,2134,2,0.0974419,0.0974419,0.912844,0.246772,0.666072,35.6514,32.9871,12,12,0,0.727216,0.742728,0.015512,0,0,0,0
39.8,2134,3,0.138204,0.138204,0.633112,0.985222,0.352109,34.5324,35.9409,11,11,0,1.17533,0.927541,0.247792,0,0,0,0
39.9,2135,1,1.04693,1.04693,0.700879,0.794342,0.0934631,34.8035,35.1774,7,7,0,1.23059,1.18467,0.04592,0,0,0,0
39.9,2135,2,0.130364,0.130364,0.541597,0.912844,0.371248,34.1664,35.6514,12,12,0,0.742728,0.647832,0.094896,0,0,0,0
39.9,2135,3,0.749532,0.749532,0.738117,0.633112,0.105005,34.9525,34.5324,11,11,0,0.927541,1.08776,0.160216,0,0,0,0
40,2136,1,1.17665,1.17665,0.97874,0.700879,0.277861,35.915,34.8035,7,7,0,1.18467,1.17446,0.010216,0,0,0,0
40,2136,2,0.053221,0.053221,-0.182092,0.541597,0.723688,31.2716,34.1664,12,12,0,0.647832,0.784688,0.136856,0,0,0,0
40,2136,3,0.891916,0.891916,0.953646,0.738117,0.215529,35.8146,34.9525,11,11,0,1.08776,0.892445,0.195312,0,0,0,0
40.1,2137,1,0.226563,0.226563,0.745174,0.97874,0.233566,34.9807,35.915,7,7,0,1.17446,1.25723,0.082768,0,0,0,0
40.1,2137,2,0.594754,0.594754,0.975904,-0.182092,1.158,35.9036,31.2716,12,12,0,0.784688,0.755184,0.029504,0,0,0,0
40.1,2137,3,1.39652,1.39652,0.970861,0.953646,0.0172146,35.8834,35.8146,11,11,0,0.892445,0.950293,0.057848,0,0,1,0
40.2,2138,1,0.280265,0.280265,0.77034,0.745174,0.0251667,35.0814,34.9807,7,7,0,1.25723,1.09636,0.160864,0,0,0,0
40.2,2138,2,0.534149,0.534149,0.858897,0.975904,0.117008,35.4356,35.9036,12,12,0,0.755184,0.571616,0.183568,0,0,0,0
40.2,2138,3,1.34786,1.34786,0.626372,0.970861,0.344488,34.5055,35.8834,11,11,0,0.950293,1.13151,0.181216,0,0,0,0
40.3,2139,1,0.125841,0.125841,0.687493,0.77034,0.0828474,34.75,35.0814,7,7,0,1.09636,1.13213,0.035768,0,0,0,0
40.3,2139,2,0.315852,0.315852,0.947096,0.858897,0.0881992,35.7884,35.4356,12,12,0,0.571616,0.817184,0.245568,0,0,0,0
40.3,2139,3,0.366172,0.366172,0.905757,0.626372,0.279384,35.623,34.5055,11,11,0,1.13151,1.03026,0.101248,0,0,0,0
40.4,2140,1,0.0429766,0.0429766,0.906344,0.687493,0.218851,35.6254,34.75,7,7,0,1.13213,1.07209,0.06004,0,0,0,0
40.4,2140,2,0.672386,0.672386,0.0619717,0.947096,0.885124,32.2479,35.7884,12,12,0,0.817184,0.82448,0.007296,0,0,0,0
40.4,2140,3,0.275877,0.275877,0.51791,0.905757,0.387846,34.0716,35.623,11,11,0,1.03026,0.891709,0.138552,0,0,0,0
40.5,2141,1,0.143412,0.143412,0.356492,0.906344,0.549852,33.426,35.6254,7,7,0,1.07209,1.2131,0.141008,0,0,0,0
40.5,2141,2,0.147721,0.147721,0.486888,0.0619717,0.424917,33.9476,32.2479,12,12,0,0.82448,0.689256,0.135224,0,0,0,0
40.5,2141,3,0.134257,0.134257,0.731321,0.51791,0.213411,34.9253,34.0716,11,11,0,0.891709,1.00705,0.115336,0,0,0,0
40.6,2142,1,0.559539,0.559539,0.957782,0.356492,0.60129,35.8311,33.426,7,7,0,1.2131,1.132,0.081096,0,0,0,0
40.6,2142,2,0.614725,0.614725,0.925964,0.486888,0.439076,35.7039,33.9476,12,12,0,0.689256,0.57384,0.115416,0,0,0,0
40.6,2142,3,0.224659,0.224659,0.296162,0.731321,0.435159,33.1846,34.9253,11,11,0,1.00705,0.920229,0.086816,0,0,0,0
40.7,2143,1,0.381195,0.381195,0.985221,0.957782,0.0274384,35.9409,35.8311,7,7,0,1.132,1.20031,0.068304,0,0,0,0
40.7,2143,2,0.909826,0.909826,0.404865,0.925964,0.521099,33.6195,35.7039,12,12,0,0.57384,0.814352,0.240512,0,0,0,0
40.7,2143,3,0.249697,0.249697,0.819017,0.296162,0.522855,35.2761,33.1846,11,11,0,0.920229,1.06153,0.141296,0,0,0,0
40.8,2144,1,0.768474,0.768474,0.938375,0.985221,0.0468459,35.7535,35.9409,7,7,0,1.20031,1.21847,0.018168,0,0,0,0
40.8,2144,2,0.854918,0.854918,0.836688,0.404865,0.431823,35.3468,33.6195,12,12,0,0.814352,0.760904,0.053448,0,0,0,0
40.8,2144,3,0.323781,0.323781,0.854528,0.819017,0.0355108,35.4181,35.2761,11,11,0,1.06153,0.815437,0.246088,0,0,0,0
40.9,2145,1,0.235238,0.235238,0.56515,0.938375,0.373225,34.2606,35.7535,7,7,0,1.21847,1.17757,0.040904,0,0,0,0
40.9,2145,2,0.264398,0.264398,0.928285,0.836688,0.0915974,35.7131,35.3468,12,12,0,0.760904,0.609696,0.151208,0,0,0,0
40.9,2145,3,0.940212,0.940212,0.329874,0.854528,0.524654,33.3195,35.4181,11,11,0,0.815437,1.06772,0.25228,0,0,0,0
41,2146,1,0.328081,0.328081,0.935797,0.56515,0.370647,35.7432,34.2606,7,7,0,1.17757,1.10715,0.070424,0,0,0,0
41,2146,2,0.119904,0.119904,0.98652,0.928285,0.0582349,35.9461,35.7131,12,12,0,0.609696,0.83608,0.226384,0,0,0,0
41,2146,3,0.865662,0.865662,0.953798,0.329874,0.623924,35.8152,33.3195,11,11,0,1.06772,1.13942,0.071704,0,0,0,0
41.1,2147,1,0.118712,0.118712,0.962227,0.935797,0.0264303,35.8489,35.7432,7,7,0,1.10715,1.12954,0.022392,0,0,0,0
41.1,2147,2,0.501385,0.501385,0.747396,0.98652,0.239124,34.9896,35.9461,12,12,0,0.83608,0.76416,0.07192,0,0,0,0
41.1,2147,3,0.692515,0.692515,0.884651,0.953798,0.0691469,35.5386,35.8152,11,11,0,1.13942,0.755933,0.383488,0,0,0,0
41.2,2148,1,0.0520086,0.0520086,0.865422,0.962227,0.0968052,35.4617,35.8489,7,7,0,1.12954,1.1521,0.02256,0,0,0,0
41.2,2148,2,1.44326,1.44326,0.91522,0.747396,0.167824,35.6609,34.9896,12,12,0,0.76416,0.801736,0.037576,0,0,0,0
41.2,2148,3,0.719477,0.719477,0.745329,0.884651,0.139322,34.9813,35.5386,11,11,0,0.755933,0.929069,0.173136,0,0,0,0
41.3,2149,1,0.0945163,0.0945163,0.509395,0.865422,0.356027,34.0376,35.4617,7,7,0,1.1521,1.18259,0.030488,0,0,0,0
41.3,2149,2,1.44875,1.44875,0.771738,0.91522,0.143482,35.087,35.6609,12,12,0,0.801736,0.695688,0.106048,0,0,0,0
41.3,2149,3,0.327849,0.327849,0.96186,0.745329,0.216531,35.8474,34.9813,11,11,0,0.929069,0.981869,0.0528,0,0,0,0
41.4,2150,1,0.541303,0.541303,0.591819,0.509395,0.0824241,34.3673,34.0376,7,7,0,1.18259,1.06901,0.113576,0,0,0,0
41.4,2150,2,0.397402,0.397402,-0.0579791,0.771738,0.829717,31.7681,35.087,12,12,0,0.695688,0.811792,0.116104,0,0,0,0
41.4,2150,3,0.330754,0.330754,0.884284,0.96186,0.0775757,35.5371,35.8474,11,11,0,0.981869,0.939069,0.0428,0,0,0,0
41.5,2151,1,0.390539,0.390539,0.719222,0.591819,0.127403,34.8769,34.3673,7,7,0,1.06901,1.16738,0.098368,0,0,0,0
41.5,2151,2,0.225354,0.225354,-0.41406,-0.0579791,0.356081,30.3438,31.7681,12,12,0,0.811792,0.766936,0.044856,0,0,0,0
41.5,2151,3,0.542997,0.542997,0.871876,0.884284,0.0124083,35.4875,35.5371,11,11,0,0.939069,1.03048,0.091408,0,0,1,0
41.6,2152,1,1.05051,1.05051,0.742061,0.719222,0.0228392,34.9682,34.8769,7,7,0,1.16738,1.23383,0.066456,0,0,0,0
41.6,2152,2,0.286771,0.286771,0.734803,-0.41406,1.14886,34.9392,30.3438,12,12,0,0.766936,0.616648,0.150288,0,0,0,0
41.6,2152,3,0.123439,0.123439,0.70784,0.871876,0.164036,34.8314,35.4875,11,11,0,1.03048,1.16119,0.130712,0,0,0,0
41.7,2153,1,0.816557,0.816557,-0.14071,0.742061,0.882771,31.4372,34.9682,7,7,0,1.23383,1.15728,0.076552,0,0,0,0
41.7,2153,2,0.265888,0.265888,0.215978,0.734803,0.518825,32.8639,34.9392,12,12,0,0.616648,0.443312,0.173336,0,0,0,0
41.7,2153,3,0.567259,0.567259,0.912214,0.70784,0.204374,35.6489,34.8314,11,11,0,1.16119,1.04773,0.113464,0,0,0,0
41.8,2154,1,0.921478,0.921478,0.561982,-0.14071,0.702692,34.2479,31.4372,7,7,0,1.15728,0.942675,0.214608,0,0,0,0
41.8,2154,2,0.52607,0.52607,0.801094,0.215978,0.585116,35.2044,32.8639,12,12,0,0.443312,0.738816,0.295504,0,0,0,0
41.8,2154,3,0.551994,0.551994,0.377704,0.912214,0.53451,33.5108,35.6489,11,11,0,1.04773,1.08057,0.032848,0,0,0,0
41.9,2155,1,1.47768,1.47768,-0.0849582,0.561982,0.64694,31.6602,34.2479,7,7,0,0.942675,1.05447,0.1118,0,0,0,0
41.9,2155,2,0.614481,0.614481,-0.185965,0.801094,0.987059,31.2561,35.2044,12,12,0,0.738816,0.712096,0.02672,0,0,0,0
41.9,2155,3,0.197457,0.197457,-0.231623,0.377704,0.609327,31.0735,33.5108,11,11,0,1.08057,1.17754,0.096968,0,0,0,0
42,2156,1,1.03009,1.03009,0.416105,-0.0849582,0.501063,33.6644,31.6602,7,7,0,1.05447,1.08415,0.029672,0,0,0,0
42,2156,2,0.348848,0.348848,0.736087,-0.185965,0.922053,34.9443,31.2561,12,12,0,0.712096,0.820248,0.108152,0,0,0,0
42,2156,3,0.270015,0.270015,0.281935,-0.231623,0.513558,33.1277,31.0735,11,11,0,1.17754,0.777493,0.400048,0,0,0,0
42.1,2157,1,0.899922,0.899922,0.205678,0.416105,0.210427,32.8227,33.6644,7,7,0,1.08415,1.07386,0.010288,0,0,0,0
42.1,2157,2,0.2349,0.2349,0.83348,0.736087,0.0973921,35.3339,34.9443,12,12,0,0.820248,0.8036,0.016648,0,0,0,0
42.1,2157,3,0.199835,0.199835,0.835793,0.281935,0.553858,35.3432,33.1277,11,11,0,0.777493,1.05024,0.272744,0,0,0,0
42.2,2158,1,1.27037,1.27037,0.360343,0.205678,0.154665,33.4414,32.8227,7,7,0,1.07386,0.909243,0.164616,0,0,0,0
42.2,2158,2,0.17294,0.17294,0.794405,0.83348,0.0390742,35.1776,35.3339,12,12,0,0.8036,0.81076,0.00716,0,0,0,0
42.2,2158,3,0.107839,0.107839,0.919987,0.835793,0.0841935,35.6799,35.3432,11,11,0,1.05024,0.959253,0.090984,0,0,0,0
42.3,2159,1,0.0451215,0.0451215,0.85406,0.360343,0.493717,35.4162,33.4414,7,7,0,0.909243,0.907675,0.001568,0,0,0,0
42.3,2159,2,0.15215,0.15215,0.168839,0.794405,0.625567,32.6754,35.1776,12,12,0,0.81076,0.863584,0.052824,0,0,0,0
42.3,2159,3,0.191411,0.191411,0.815153,0.919987,0.104834,35.2606,35.6799,11,11,0,0.959253,1.09657,0.137312,0,0,0,0
42.4,2160,1,0.743258,0.743258,0.971304,0.85406,0.117244,35.8852,35.4162,7,7,0,0.907675,1.15577,0.248096,0,0,0,0
42.4,2160,2,0.524439,0.524439,0.847536,0.168839,0.678698,35.3901,32.6754,12,12,0,0.863584,0.68756,0.176024,0,0,0,0
42.4,2160,3,0.249062,0.249062,0.849327,0.815153,0.034174,35.3973,35.2606,11,11,0,1.09657,0.967565,0.129,0,0,0,0
42.5,2161,1,0.226679,0.226679,0.481136,0.971304,0.490168,33.9245,35.8852,7,7,0,1.15577,1.1494,0.006368,0,0,0,0
42.5,2161,2,0.628171,0.628171,0.431885,0.847536,0.415651,33.7275,35.3901,12,12,0,0.68756,0.621192,0.066368,0,0,0,0
42.5,2161,3,0.447542,0.447542,0.949494,0.849327,0.100167,35.798,35.3973,11,11,0,0.967565,0.970525,0.00296,0,0,0,0
42.6,2162,1,0.799065,0.799065,0.564627,0.481136,0.0834913,34.2585,33.9245,7,7,0,1.1494,1.06546,0.083944,0,0,0,0
42.6,2162,2,0.0708393,0.0708393,-0.318994,0.431885,0.750879,30.724,33.7275,12,12,0,0.621192,0.788328,0.167136,0,0,0,0
42.6,2162,3,0.198691,0.198691,0.783293,0.949494,0.1662,35.1332,35.798,11,11,0,0.970525,1.02909,0.058568,0,0,0,0
42.7,2163,1,0.633909,0.633909,0.842681,0.564627,0.278054,35.3707,34.2585,7,7,0,1.06546,1.16488,0.099424,0,0,0,0
42.7,2163,2,0.123768,0.123768,0.040222,-0.318994,0.359216,32.1609,30.724,12,12,0,0.788328,0.660576,0.127752,0,0,0,0
42.7,2163,3,0.137918,0.137918,0.954749,0.783293,0.171456,35.819,35.1332,11,11,0,1.02909,1.08743,0.058336,0,0,0,0
42.8,2164,1,0.282848,0.282848,0.712068,0.842681,0.130612,34.8483,35.3707,7,7,0,1.16488,1.24996,0.08508,0,0,0,0
42.8,2164,2,0.655845,0.655845,-0.0261497,0.040222,0.0663717,31.8954,32.1609,12,12,0,0.660576,0.470736,0.18984,0,0,0,0
42.8,2164,3,0.96079,0.96079,0.864579,0.954749,0.0901703,35.4583,35.819,11,11,0,1.08743,1.06959,0.01784,0,0,0,0
42.9,2165,1,0.42643,0.42643,0.96335,0.712068,0.251281,35.8534,34.8483,7,7,0,1.24996,1.26095,0.010992,0,0,0,0
42.9,2165,2,0.519287,0.519287,0.72724,-0.0261497,0.75339,34.909,31.8954,12,12,0,0.470736,0.528744,0.058008,0,0,0,0
42.9,2165,3,0.579302,0.579302,0.876483,0.864579,0.0119039,35.5059,35.4583,11,11,0,1.06959,1.09528,0.025688,0,0,1,0
43,2166,1,0.0843242,0.0843242,0.38681,0.96335,0.576539,33.5472,35.8534,7,7,0,1.26095,1.216,0.044952,0,0,0,0
43,2166,2,0.0649537,0.0649537,0.712843,0.72724,0.0143971,34.8514,34.909,12,12,0,0.528744,0.517312,0.011432,0,0,1,0
43,2166,3,0.450642,0.450642,0.988154,0.876483,0.111671,35.9526,35.5059,11,11,0,1.09528,1.02245,0.072824,0,0,0,0
43.1,2167,1,0.0318112,0.0318112,0.962444,0.38681,0.575634,35.8498,33.5472,7,7,0,1.216,1.00983,0.206176,0,0,0,0
43.1,2167,2,0.0150398,0.0150398,0.99437,0.712843,0.281526,35.9775,34.8514,12,12,0,0.517312,0.554376,0.037064,0,1,0,0
43.1,2167,3,0.0755829,0.0755829,0.541908,0.988154,0.446246,34.1676,35.9526,11,11,0,1.02245,1.09481,0.07236,0,0,0,0
43.2,2168,1,0.299762,0.299762,0.979897,0.962444,0.0174534,35.9196,35.8498,7,7,0,1.00983,1.14347,0.13364,0,0,1,0
43.2,2168,2,0.524009,0.524009,0.614442,0.99437,0.379928,34.4578,35.9775,12,12,0,0.554376,0.753856,0.19948,0,0,0,0
43.2,2168,3,1.54939,1.54939,0.248125,0.541908,0.293782,32.9925,34.1676,11,11,0,1.09481,1.10359,0.008776,0,0,0,0
43.3,2169,1,0.240975,0.240975,0.670969,0.979897,0.308928,34.6839,35.9196,7,7,0,1.14347,1.23985,0.096384,0,0,0,0
43.3,2169,2,1.3699,1.3699,0.077168,0.614442,0.537274,32.3087,34.4578,12,12,0,0.753856,0.842544,0.088688,0,0,0,0
43.3,2169,3,0.390705,0.390705,0.910094,0.248125,0.661969,35.6404,32.9925,11,11,0,1.10359,0.999069,0.10452,0,0,0,0
43.4,2170,1,0.192004,0.192004,0.840192,0.670969,0.169222,35.3608,34.6839,7,7,0,1.23985,1.24843,0.008576,0,0,0,0
43.4,2170,2,0.188962,0.188962,0.862565,0.077168,0.785397,35.4503,32.3087,12,12,0,0.842544,0.70808,0.134464,0,0,0,0
43.4,2170,3,1.27497,1.27497,0.718204,0.910094,0.191889,34.8728,35.6404,11,11,0,0.999069,0.720301,0.278768,0,0,0,0
43.5,2171,1,0.0419956,0.0419956,0.908816,0.840192,0.0686246,35.6353,35.3608,7,7,0,1.24843,1.15814,0.090288,0,0,0,0
43.5,2171,2,1.00129,1.00129,0.805331,0.862565,0.057233,35.2213,35.4503,12,12,0,0.70808,0.629224,0.078856,0,0,0,0
43.5,2171,3,0.167857,0.167857,0.307688,0.718204,0.410517,33.2308,34.8728,11,11,0,0.720301,1.09112,0.370816,0,0,0,0
43.6,2172,1,0.0434283,0.0434283,0.639024,0.908816,0.269792,34.5561,35.6353,7,7,0,1.15814,1.19582,0.03768,0,0,0,0
43.6,2172,2,1.22211,1.22211,0.817057,0.805331,0.0117253,35.2682,35.2213,12,12,0,0.629224,0.742864,0.11364,0,0,1,0
43.6,2172,3,0.0578866,0.0578866,0.897658,0.307688,0.58997,35.5906,33.2308,11,11,0,1.09112,1.056,0.03512,0,0,0,0
43.7,2173,1,0.315696,0.315696,0.821814,0.639024,0.18279,35.2873,34.5561,7,7,0,1.19582,1.05911,0.136712,0,0,0,0
43.7,2173,2,0.529859,0.529859,0.278771,0.817057,0.538286,33.1151,35.2682,12,12,0,0.742864,0.73596,0.006904,0,0,0,0
43.7,2173,3,0.239873,0.239873,0.821778,0.897658,0.07588,35.2871,35.5906,11,11,0,1.056,0.725605,0.330392,0,0,0,0
43.8,2174,1,0.0454915,0.0454915,0.772631,0.821814,0.0491835,35.0905,35.2873,7,7,0,1.05911,1.17571,0.1166,0,0,0,0
43.8,2174,2,0.189628,0.189628,0.0641465,0.278771,0.214625,32.2566,33.1151,12,12,0,0.73596,0.690528,0.045432,0,0,0,0
43.8,2174,3,0.363092,0.363092,0.602826,0.821778,0.218952,34.4113,35.2871,11,11,0,0.725605,0.859605,0.134,0,0,0,0
43.9,2175,1,0.906747,0.906747,0.727456,0.772631,0.045175,34.9098,35.0905,7,7,0,1.17571,1.32939,0.15368,0,0,0,0
43.9,2175,2,0.211828,0.211828,-0.0572959,0.0641465,0.121442,31.7708,32.2566,12,12,0,0.690528,0.588752,0.101776,0,0,0,0
43.9,2175,3,0.111807,0.111807,0.96119,0.602826,0.358364,35.8448,34.4113,11,11,0,0.859605,1.04394,0.184336,0,0,0,0
44,2176,1,0.232994,0.232994,0.937484,0.727456,0.210028,35.7499,34.9098,7,7,0,1.32939,1.22231,0.107072,0,0,0,0
44,2176,2,0.757389,0.757389,0.238847,-0.0572959,0.296143,32.9554,31.7708,12,12,0,0.588752,0.536208,0.052544,0,0,0,0
44,2176,3,0.0715355,0.0715355,0.514882,0.96119,0.446309,34.0595,35.8448,11,11,0,1.04394,0.921485,0.122456,0,0,0,0
44.1,2177,1,0.539605,0.539605,-0.169258,0.937484,1.10674,31.323,35.7499,7,7,0,1.22231,1.28867,0.06636,0,0,0,0
44.1,2177,2,0.43229,0.43229,0.628293,0.238847,0.389446,34.5132,32.9554,12,12,0,0.536208,0.494352,0.041856,0,0,0,0
44.1,2177,3,0.159799,0.159799,0.902847,0.514882,0.387966,35.6114,34.0595,11,11,0,0.921485,1.08042,0.158936,0,0,0,0
44.2,2178,1,1.18001,1.18001,0.580596,-0.169258,0.749854,34.3224,31.323,7,7,0,1.28867,0.956163,0.332512,0,0,0,0
44.2,2178,2,0.329935,0.329935,0.218384,0.628293,0.409909,32.8735,34.5132,12,12,0,0.494352,0.540656,0.046304,0,0,0,0
44.2,2178,3,0.800147,0.800147,0.559743,0.902847,0.343104,34.239,35.6114,11,11,0,1.08042,1.02465,0.055768,0,0,0,0
44.3,2179,1,1.24045,1.24045,0.925287,0.580596,0.344691,35.7011,34.3224,7,7,0,0.956163,1.03728,0.08112,0,0,0,0
44.3,2179,2,0.299824,0.299824,0.639545,0.218384,0.421161,34.5582,32.8735,12,12,0,0.540656,0.67428,0.133624,0,0,0,0
44.3,2179,3,0.278433,0.278433,0.968085,0.559743,0.408342,35.8723,34.239,11,11,0,1.02465,1.01729,0.007368,0,0,0,0
44.4,2180,1,1.27159,1.27159,0.983394,0.925287,0.0581077,35.9336,35.7011,7,7,0,1.03728,1.23143,0.194144,0,0,0,0
44.4,2180,2,0.601746,0.601746,0.846096,0.639545,0.206551,35.3844,34.5582,12,12,0,0.67428,0.667288,0.006992,0,0,0,0
44.4,2180,3,0.508936,0.508936,0.975438,0.968085,0.00735289,35.9018,35.8723,11,11,0,1.01729,0.957165,0.06012,0,0,1,0
44.5,2181,1,0.46835,0.46835,0.922191,0.983394,0.0612036,35.6888,35.9336,7,7,0,1.23143,1.09613,0.135296,0,0,0,0
44.5,2181,2,0.0765952,0.0765952,-0.0576471,0.846096,0.903744,31.7694,35.3844,12,12,0,0.667288,0.610536,0.056752,0,0,0,0
44.5,2181,3,0.68328,0.68328,0.912052,0.975438,0.063386,35.6482,35.9018,11,11,0,0.957165,0.918269,0.038896,0,0,0,0
44.6,2182,1,0.375149,0.375149,0.932942,0.922191,0.0107517,35.7318,35.6888,7,7,0,1.09613,1.2849,0.188768,0,0,1,0
44.6,2182,2,0.667801,0.667801,0.96213,-0.0576471,1.01978,35.8485,31.7694,12,12,0,0.610536,0.74228,0.131744,0,0,0,0
44.6,2182,3,1.46921,1.46921,0.912566,0.912052,0.000514388,35.6503,35.6482,11,11,0,0.918269,0.933629,0.01536,0,0,1,0
44.7,2183,1,0.00278014,0.00278014,0.899545,0.932942,0.0333979,35.5982,35.7318,7,7,0,1.2849,1.10711,0.177784,0,1,0,0
44.7,2183,2,0.404763,0.404763,0.716164,0.96213,0.245966,34.8647,35.8485,12,12,0,0.74228,0.520528,0.221752,0,0,0,0
44.7,2183,3,0.0295594,0.0295594,0.939915,0.912566,0.0273493,35.7597,35.6503,11,11,0,0.933629,0.945109,0.01148,0,0,0,0
44.8,2184,1,0.595856,0.595856,0.821633,0.899545,0.0779116,35.2865,35.5982,7,7,0,1.10711,1.1875,0.080384,0,0,0,0
44.8,2184,2,1.92301,1.92301,0.436459,0.716164,0.279704,33.7458,34.8647,12,12,0,0.520528,0.810576,0.290048,0,0,0,0
44.8,2184,3,0.142724,0.142724,0.592532,0.939915,0.347384,34.3701,35.7597,11,11,0,0.945109,0.834749,0.11036,0,0,0,0
44.9,2185,1,0.321878,0.321878,0.986708,0.821633,0.165075,35.9468,35.2865,7,7,0,1.1875,1.20351,0.016008,0,0,0,0
44.9,2185,2,1.71149,1.71149,0.43226,0.436459,0.00419939,33.729,33.7458,12,12,0,0.810576,0.613688,0.196888,0,0,1,0
44.9,2185,3,0.0266437,0.0266437,0.923998,0.592532,0.331467,35.696,34.3701,11,11,0,0.834749,0.973021,0.138272,0,0,0,0
45,2186,1,0.35972,0.35972,0.729096,0.986708,0.257612,34.9164,35.9468,7,7,0,1.20351,1.26489,0.061384,0,0,0,0
45,2186,2,0.330945,0.330945,0.335278,0.43226,0.0969816,33.3411,33.729,12,12,0,0.613688,0.639888,0.0262,0,0,0,0
45,2186,3,0.138096,0.138096,0.36656,0.923998,0.557439,33.4662,35.696,11,11,0,0.973021,0.749541,0.22348,0,0,0,0
45.1,2187,1,0.294058,0.294058,0.981014,0.729096,0.251918,35.9241,34.9164,7,7,0,1.26489,1.19678,0.068112,0,0,0,0
45.1,2187,2,0.502765,0.502765,0.482339,0.335278,0.147061,33.9294,33.3411,12,12,0,0.639888,0.609184,0.030704,0,0,0,0
45.1,2187,3,0.230964,0.230964,0.978158,0.36656,0.611599,35.9126,33.4662,11,11,0,0.749541,1.03096,0.281416,0,0,0,0
45.2,2188,1,0.389053,0.389053,0.659471,0.981014,0.321543,34.6379,35.9241,7,7,0,1.19678,1.22408,0.027304,0,0,0,0
45.2,2188,2,0.915674,0.915674,0.410806,0.482339,0.0715335,33.6432,33.9294,12,12,0,0.609184,0.673832,0.064648,0,0,0,0
45.2,2188,3,0.351415,0.351415,0.925625,0.978158,0.0525331,35.7025,35.9126,11,11,0,1.03096,0.758653,0.272304,0,0,0,0
45.3,2189,1,0.745575,0.745575,0.97767,0.659471,0.318199,35.9107,34.6379,7,7,0,1.22408,1.11331,0.110776,0,0,0,0
45.3,2189,2,0.712132,0.712132,-0.492671,0.410806,0.903477,30.0293,33.6432,12,12,0,0.673832,0.543992,0.12984,0,0,0,0
45.3,2189,3,0.628045,0.628045,0.657167,0.925625,0.268459,34.6287,35.7025,11,11,0,0.758653,1.02507,0.266416,0,0,0,0
45.4,2190,1,0.152123,0.152123,0.962564,0.97767,0.0151064,35.8503,35.9107,7,7,0,1.11331,1.28671,0.173408,0,0,1,0
45.4,2190,2,0.742466,0.742466,0.798052,-0.492671,1.29072,35.1922,30.0293,12,12,0,0.543992,0.621432,0.07744,0,0,0,0
45.4,2190,3,0.435655,0.435655,0.779508,0.657167,0.122341,35.118,34.6287,11,11,0,1.02507,0.979885,0.045184,0,0,0,0
45.5,2191,1,0.291766,0.291766,0.985895,0.962564,0.0233312,35.9436,35.8503,7,7,0,1.28671,1.12039,0.166328,0,0,0,0
45.5,2191,2,0.327111,0.327111,-0.548633,0.798052,1.34668,29.8055,35.1922,12,12,0,0.621432,0.50136,0.120072,0,0,0,0
45.5,2191,3,0.818805,0.818805,0.723887,0.779508,0.055621,34.8955,35.118,11,11,0,0.979885,0.844325,0.13556,0,0,0,0
45.6,2192,1,0.049153,0.049153,0.663375,0.985895,0.32252,34.6535,35.9436,7,7,0,1.12039,1.30753,0.187144,0,0,0,0
45.6,2192,2,0.347001,0.347001,0.367727,-0.548633,0.91636,33.4709,29.8055,12,12,0,0.50136,0.610808,0.109448,0,0,0,0
45.6,2192,3,0.14419,0.14419,0.848377,0.723887,0.12449,35.3935,34.8955,11,11,0,0.844325,0.914941,0.070616,0,0,0,0
45.7,2193,1,0.063885,0.063885,0.980073,0.663375,0.316699,35.9203,34.6535,7,7,0,1.30753,1.12455,0.182984,0,0,0,0
45.7,2193,2,0.915921,0.915921,0.303227,0.367727,0.0645007,33.2129,33.4709,12,12,0,0.610808,0.444968,0.16584,0,0,0,0
45.7,2193,3,0.850281,0.850281,0.942879,0.848377,0.0945019,35.7715,35.3935,11,11,0,0.914941,0.936437,0.021496,0,0,0,0
45.8,2194,1,0.701404,0.701404,0.980504,0.980073,0.000430822,35.922,35.9203,7,7,0,1.12455,1.20945,0.084904,0,0,1,0
45.8,2194,2,0.296688,0.296688,0.455735,0.303227,0.152508,33.8229,33.2129,12,12,0,0.444968,0.623328,0.17836,0,0,0,0
45.8,2194,3,0.180571,0.180571,0.940343,0.942879,0.00253642,35.7614,35.7715,11,11,0,0.936437,0.879125,0.057312,0,0,1,0
45.9,2195,1,0.663818,0.663818,0.829264,0.980504,0.15124,35.3171,35.922,7,7,0,1.20945,1.20755,0.001904,0,0,0,0
45.9,2195,2,1.22627,1.22627,0.42321,0.455735,0.0325246,33.6928,33.8229,12,12,0,0.623328,0.574968,0.04836,0,0,0,0
45.9,2195,3,0.0150232,0.0150232,0.88775,0.940343,0.0525932,35.551,35.7614,11,11,0,0.879125,0.899701,0.020576,0,1,0,0
46,2196,1,0.0324737,0.0324737,0.878645,0.829264,0.0493808,35.5146,35.3171,7,7,0,1.20755,1.21539,0.007848,0,0,0,0
46,2196,2,0.901859,0.901859,0.432569,0.42321,0.0093585,33.7303,33.6928,12,12,0,0.574968,0.566912,0.008056,0,0,1,0
46,2196,3,1.44303,1.44303,0.509233,0.88775,0.378516,34.0369,35.551,11,11,0,0.899701,0.920637,0.020936,0,0,0,0
46.1,2197,1,0.176469,0.176469,0.949515,0.878645,0.0708694,35.7981,35.5146,7,7,0,1.21539,1.21393,0.001464,0,0,0,0
46.1,2197,2,1.06412,1.06412,0.622141,0.432569,0.189572,34.4886,33.7303,12,12,0,0.566912,0.64604,0.079128,0,0,0,0
46.1,2197,3,1.23527,1.23527,0.755058,0.509233,0.245825,35.0202,34.0369,11,11,0,0.920637,1.05432,0.13368,0,0,0,0
46.2,2198,1,0.310589,0.310589,0.961478,0.949515,0.0119632,35.8459,35.7981,7,7,0,1.21393,1.20606,0.007872,0,0,1,0
46.2,2198,2,1.5436,1.5436,0.873264,0.622141,0.251123,35.4931,34.4886,12,12,0,0.64604,0.58324,0.0628,0,0,0,0
46.2,2198,3,0.81132,0.81132,0.725559,0.755058,0.0294992,34.9022,35.0202,11,11,0,1.05432,0.753173,0.301144,0,0,0,0
46.3,2199,1,0.849933,0.849933,0.77087,0.961478,0.190608,35.0835,35.8459,7,7,0,1.20606,1.14737,0.058688,0,0,0,0
46.3,2199,2,1.63066,1.63066,0.890508,0.873264,0.0172438,35.562,35.4931,12,12,0,0.58324,0.65996,0.07672,0,0,1,0
46.3,2199,3,0.216175,0.216175,0.915266,0.725559,0.189707,35.6611,34.9022,11,11,0,0.753173,1.11093,0.35776,0,0,0,0
46.4,2200,1,0.472258,0.472258,0.781162,0.77087,0.010292,35.1246,35.0835,7,7,0,1.14737,1.10136,0.046008,0,0,1,0
46.4,2200,2,0.700957,0.700957,0.978261,0.890508,0.0877531,35.913,35.562,12,12,0,0.65996,0.77468,0.11472,0,0,0,0
46.4,2200,3,1.13673,1.13673,0.972959,0.915266,0.0576927,35.8918,35.6611,11,11,0,1.11093,0.741797,0.369136,0,0,0,0
46.5,2201,1,0.0066197,0.0066197,0.87355,0.781162,0.0923883,35.4942,35.1246,7,7,0,1.10136,1.06407,0.037296,0,1,0,0
46.5,2201,2,0.216739,0.216739,0.91398,0.978261,0.0642809,35.6559,35.913,12,12,0,0.77468,0.762304,0.012376,0,0,0,0
46.5,2201,3,0.0414474,0.0414474,0.924216,0.972959,0.048743,35.6969,35.8918,11,11,0,0.741797,0.888021,0.146224,0,0,0,0
46.6,2202,1,0.730927,0.730927,0.95755,0.87355,0.0839998,35.8302,35.4942,7,7,0,1.06407,1.09183,0.027768,0,0,0,0
46.6,2202,2,0.427717,0.427717,0.937871,0.91398,0.0238908,35.7515,35.6559,12,12,0,0.762304,0.768136,0.005832,0,0,0,0
46.6,2202,3,0.0738172,0.0738172,0.933863,0.924216,0.00964713,35.7355,35.6969,11,11,0,0.888021,0.900725,0.012704,0,0,1,0
46.7,2203,1,1.08214,1.08214,0.944095,0.95755,0.0134547,35.7764,35.8302,7,7,0,1.09183,1.06657,0.025264,0,0,1,0
46.7,2203,2,0.463703,0.463703,0.967498,0.937871,0.0296274,35.87,35.7515,12,12,0,0.768136,0.762312,0.005824,0,0,0,0
46.7,2203,3,0.102772,0.102772,0.654486,0.933863,0.279377,34.6179,35.7355,11,11,0,0.900725,0.862885,0.03784,0,0,0,0
46.8,2204,1,0.765133,0.765133,0.890734,0.944095,0.0533606,35.5629,35.7764,7,7,0,1.06657,1.17553,0.10896,0,0,0,0
46.8,2204,2,0.730734,0.730734,0.356856,0.967498,0.610642,33.4274,35.87,12,12,0,0.762312,0.759008,0.003304,0,0,0,0
46.8,2204,3,0.0183001,0.0183001,-0.56123,0.654486,1.21572,29.7551,34.6179,11,11,0,0.862885,1.07257,0.20968,0,1,0,0
46.9,2205,1,0.49225,0.49225,0.960098,0.890734,0.069364,35.8404,35.5629,7,7,0,1.17553,1.28072,0.105192,0,0,0,0
46.9,2205,2,0.757617,0.757617,0.582415,0.356856,0.225559,34.3297,33.4274,12,12,0,0.759008,0.803752,0.044744,0,0,0,0
46.9,2205,3,0.826661,0.826661,0.93144,-0.56123,1.49267,35.7258,29.7551,11,11,0,1.07257,0.900541,0.172024,0,0,0,0
47,2206,1,0.00403965,0.00403965,0.730851,0.960098,0.229248,34.9234,35.8404,7,7,0,1.28072,1.17602,0.104704,0,1,0,0
47,2206,2,0.79155,0.79155,0.649826,0.582415,0.0674102,34.5993,34.3297,12,12,0,0.803752,0.758768,0.044984,0,0,0,0
47,2206,3,0.861632,0.861632,0.844882,0.93144,0.0865582,35.3795,35.7258,11,11,0,0.900541,0.612813,0.287728,0,0,0,0
47.1,2207,1,0.0103219,0.0103219,0.925001,0.730851,0.19415,35.7,34.9234,7,7,0,1.17602,1.05613,0.119888,0,1,0,0
47.1,2207,2,0.513837,0.513837,0.73848,0.649826,0.0886546,34.9539,34.5993,12,12,0,0.758768,0.588848,0.16992,0,0,0,0
47.1,2207,3,0.118544,0.118544,0.950141,0.844882,0.105259,35.8006,35.3795,11,11,0,0.612813,0.832901,0.220088,0,0,0,0
47.2,2208,1,1.57384,1.57384,0.594153,0.925001,0.330848,34.3766,35.7,7,7,0,1.05613,1.1436,0.087472,0,0,0,0
47.2,2208,2,0.166507,0.166507,-0.133426,0.73848,0.871906,31.4663,34.9539,12,12,0,0.588848,0.691184,0.102336,0,0,0,0
47.2,2208,3,0.722446,0.722446,0.936839,0.950141,0.0133015,35.7474,35.8006,11,11,0,0.832901,0.976645,0.143744,0,0,1,0
47.3,2209,1,0.0902898,0.0902898,0.931791,0.594153,0.337638,35.7272,34.3766,7,7,0,1.1436,1.19307,0.049464,0,0,0,0
47.3,2209,2,0.0331425,0.0331425,0.244814,-0.133426,0.37824,32.9793,31.4663,12,12,0,0.691184,0.612096,0.079088,0,0,0,0
47.3,2209,3,0.339272,0.339272,0.846184,0.936839,0.0906549,35.3847,35.7474,11,11,0,0.976645,0.891541,0.085104,0,0,0,0
47.4,2210,1,1.07946,1.07946,0.658725,0.931791,0.273066,34.6349,35.7272,7,7,0,1.19307,1.22823,0.03516,0,0,0,0
47.4,2210,2,0.180973,0.180973,0.597148,0.244814,0.352334,34.3886,32.9793,12,12,0,0.612096,0.489344,0.122752,0,0,0,0
47.4,2210,3,0.235392,0.235392,-0.0199004,0.846184,0.866085,31.9204,35.3847,11,11,0,0.891541,0.951877,0.060336,0,0,0,0
47.5,2211,1,1.04324,1.04324,0.930791,0.658725,0.272065,35.7232,34.6349,7,7,0,1.22823,1.19839,0.029832,0,0,0,0
47.5,2211,2,0.233115,0.233115,0.0333139,0.597148,0.563834,32.1333,34.3886,12,12,0,0.489344,0.6368,0.147456,0,0,0,0
47.5,2211,3,0.385757,0.385757,0.758103,-0.0199004,0.778003,35.0324,31.9204,11,11,0,0.951877,0.870101,0.081776,0,0,0,0
47.6,2212,1,0.308452,0.308452,0.762861,0.930791,0.16793,35.0514,35.7232,7,7,0,1.19839,1.23247,0.03408,0,0,0,0
47.6,2212,2,0.168814,0.168814,0.902598,0.0333139,0.869285,35.6104,32.1333,12,12,0,0.6368,0.735632,0.098832,0,0,0,0
47.6,2212,3,0.289596,0.289596,0.984183,0.758103,0.22608,35.9367,35.0324,11,11,0,0.870101,0.677293,0.192808,0,0,0,0
47.7,2213,1,1.71185,1.71185,0.931481,0.762861,0.16862,35.7259,35.0514,7,7,0,1.23247,1.09326,0.139216,0,0,0,0
47.7,2213,2,0.235567,0.235567,-0.310283,0.902598,1.21288,30.7589,35.6104,12,12,0,0.735632,0.547768,0.187864,0,0,0,0
47.7,2213,3,0.267627,0.267627,0.964798,0.984183,0.0193851,35.8592,35.9367,11,11,0,0.677293,0.918589,0.241296,0,0,1,0
47.8,2214,1,0.0183997,0.0183997,0.843356,0.931481,0.0881246,35.3734,35.7259,7,7,0,1.09326,1.25831,0.165056,0,1,0,0
47.8,2214,2,0.43588,0.43588,0.524409,-0.310283,0.834692,34.0976,30.7589,12,12,0,0.547768,0.64784,0.100072,0,0,0,0
47.8,2214,3,0.0830126,0.0830126,0.919499,0.964798,0.045299,35.678,35.8592,11,11,0,0.918589,0.811477,0.107112,0,0,0,0
47.9,2215,1,0.0118239,0.0118239,0.850238,0.843356,0.00688189,35.401,35.3734,7,7,0,1.25831,1.17194,0.086376,0,1,1,0
47.9,2215,2,0.550604,0.550604,0.685901,0.524409,0.161493,34.7436,34.0976,12,12,0,0.64784,0.46688,0.18096,0,0,0,0
47.9,2215,3,1.07124,1.07124,0.924408,0.919499,0.00490981,35.6976,35.678,11,11,0,0.811477,0.990669,0.179192,0,0,1,0
48,2216,1,0.0509825,0.0509825,0.814108,0.850238,0.0361301,35.2564,35.401,7,7,0,1.17194,1.147,0.024936,0,0,0,0
48,2216,2,1.18399,1.18399,0.411657,0.685901,0.274244,33.6466,34.7436,12,12,0,0.46688,0.623248,0.156368,0,0,0,0
48,2216,3,0.852839,0.852839,0.570657,0.924408,0.353752,34.2826,35.6976,11,11,0,0.990669,0.932797,0.057872,0,0,0,0
48.1,2217,1,1.38113,1.38113,0.373153,0.814108,0.440956,33.4926,35.2564,7,7,0,1.147,1.22118,0.074176,0,0,0,0
48.1,2217,2,0.103366,0.103366,0.57443,0.411657,0.162773,34.2977,33.6466,12,12,0,0.623248,0.609408,0.01384,0,0,0,0
48.1,2217,3,0.277701,0.277701,0.720273,0.570657,0.149616,34.8811,34.2826,11,11,0,0.932797,1.01941,0.086608,0,0,0,0
48.2,2218,1,1.06528,1.06528,0.936761,0.373153,0.563609,35.747,33.4926,7,7,0,1.22118,1.03779,0.183384,0,0,0,0
48.2,2218,2,1.40347,1.40347,0.656675,0.57443,0.0822452,34.6267,34.2977,12,12,0,0.609408,0.661888,0.05248,0,0,0,0
48.2,2218,3,0.0733622,0.0733622,0.862556,0.720273,0.142283,35.4502,34.8811,11,11,0,1.01941,0.808901,0.210504,0,0,0,0
48.3,2219,1,0.16903,0.16903,0.90413,0.936761,0.0326312,35.6165,35.747,7,7,0,1.03779,1.14148,0.103688,0,0,0,0
48.3,2219,2,0.126725,0.126725,-0.273484,0.656675,0.930159,30.9061,34.6267,12,12,0,0.661888,0.730104,0.068216,0,0,0,0
48.3,2219,3,0.0616982,0.0616982,0.990263,0.862556,0.127707,35.9611,35.4502,11,11,0,0.808901,0.959205,0.150304,0,0,0,0
48.4,2220,1,0.0583152,0.0583152,0.913005,0.90413,0.0088746,35.652,35.6165,7,7,0,1.14148,1.26733,0.125848,0,0,1,0
48.4,2220,2,0.16772,0.16772,-0.342196,-0.273484,0.068712,30.6312,30.9061,12,12,0,0.730104,0.597272,0.132832,0,0,0,0
48.4,2220,3,0.0473289,0.0473289,0.967121,0.990263,0.0231421,35.8685,35.9611,11,11,0,0.959205,0.796013,0.163192,0,0,0,0
48.5,2221,1,0.075873,0.075873,0.675572,0.913005,0.237432,34.7023,35.652,7,7,0,1.26733,1.2541,0.013232,0,0,0,0
48.5,2221,2,1.0203,1.0203,0.726238,-0.342196,1.06843,34.905,30.6312,12,12,0,0.597272,0.503072,0.0942,0,0,0,0
48.5,2221,3,0.102969,0.102969,0.319159,0.967121,0.647962,33.2766,35.8685,11,11,0,0.796013,0.957885,0.161872,0,0,0,0
48.6,2222,1,0.183512,0.183512,0.464054,0.675572,0.211518,33.8562,34.7023,7,7,0,1.2541,1.13139,0.122712,0,0,0,0
48.6,2222,2,0.691914,0.691914,0.554815,0.726238,0.171424,34.2193,34.905,12,12,0,0.503072,0.501472,0.0016,0,0,0,0
48.6,2222,3,0.43844,0.43844,0.915853,0.319159,0.596695,35.6634,33.2766,11,11,0,0.957885,0.999629,0.041744,0,0,0,0
48.7,2223,1,0.283549,0.283549,0.993578,0.464054,0.529524,35.9743,33.8562,7,7,0,1.13139,1.01011,0.12128,0,0,0,0
48.7,2223,2,0.136065,0.136065,0.809288,0.554815,0.254473,35.2372,34.2193,12,12,0,0.501472,0.730248,0.228776,0,0,0,0
48.7,2223,3,0.196379,0.196379,0.933422,0.915853,0.0175685,35.7337,35.6634,11,11,0,0.999629,0.794797,0.204832,0,0,1,0
48.8,2224,1,0.155505,0.155505,0.938602,0.993578,0.0549757,35.7544,35.9743,7,7,0,1.01011,1.01124,0.001136,0,0,0,0
48.8,2224,2,0.773677,0.773677,0.97726,0.809288,0.167972,35.909,35.2372,12,12,0,0.730248,0.68896,0.041288,0,0,0,0
48.8,2224,3,0.0857862,0.0857862,0.660424,0.933422,0.272998,34.6417,35.7337,11,11,0,0.794797,0.963821,0.169024,0,0,0,0
48.9,2225,1,0.205039,0.205039,0.563228,0.938602,0.375375,34.2529,35.7544,7,7,0,1.01124,1.14367,0.132424,0,0,0,0
48.9,2225,2,0.921373,0.921373,-0.0779246,0.97726,1.05518,31.6883,35.909,12,12,0,0.68896,0.8072,0.11824,0,0,0,0
48.9,2225,3,0.20711,0.20711,0.93702,0.660424,0.276596,35.7481,34.6417,11,11,0,0.963821,1.01892,0.055096,0,0,0,0
49,2226,1,0.199079,0.199079,0.506601,0.563228,0.0566265,34.0264,34.2529,7,7,0,1.14367,1.14141,0.002256,0,0,0,0
49,2226,2,0.116959,0.116959,-0.346454,-0.0779246,0.26853,30.6142,31.6883,12,12,0,0.8072,0.643464,0.163736,0,0,0,0
49,2226,3,0.948698,0.948698,0.95416,0.93702,0.0171394,35.8166,35.7481,11,11,0,1.01892,0.669789,0.349128,0,0,1,0
49.1,2227,1,0.176232,0.176232,0.531121,0.506601,0.0245199,34.1245,34.0264,7,7,0,1.14141,1.20882,0.067408,0,0,0,0
49.1,2227,2,1.35035,1.35035,-0.0161395,-0.346454,0.330315,31.9354,30.6142,12,12,0,0.643464,0.564144,0.07932,0,0,0,0
49.1,2227,3,0.908298,0.908298,0.656209,0.95416,0.297951,34.6248,35.8166,11,11,0,0.669789,1.08231,0.41252,0,0,0,0
49.2,2228,1,0.0937201,0.0937201,0.785365,0.531121,0.254244,35.1415,34.1245,7,7,0,1.20882,1.22295,0.014136,0,0,0,0
49.2,2228,2,1.48953,1.48953,0.866026,-0.0161395,0.882165,35.4641,31.9354,12,12,0,0.564144,0.414176,0.149968,0,0,0,0
49.2,2228,3,0.162648,0.162648,0.82635,0.656209,0.170141,35.3054,34.6248,11,11,0,1.08231,0.939229,0.14308,0,0,0,0
49.3,2229,1,0.135466,0.135466,0.883507,0.785365,0.0981416,35.534,35.1415,7,7,0,1.22295,1.10537,0.117584,0,0,0,0
49.3,2229,2,0.853479,0.853479,0.834427,0.866026,0.0315987,35.3377,35.4641,12,12,0,0.414176,0.515576,0.1014,0,0,0,0
49.3,2229,3,0.0921378,0.0921378,0.526468,0.82635,0.299882,34.1059,35.3054,11,11,0,0.939229,0.964365,0.025136,0,0,0,0
49.4,2230,1,1.10407,1.10407,0.550238,0.883507,0.333269,34.201,35.534,7,7,0,1.10537,1.14674,0.041368,0,0,0,0
49.4,2230,2,0.725304,0.725304,0.871532,0.834427,0.0371047,35.4861,35.3377,12,12,0,0.515576,0.795912,0.280336,0,0,0,0
49.4,2230,3,0.0284018,0.0284018,0.651877,0.526468,0.125409,34.6075,34.1059,11,11,0,0.964365,1.04312,0.078752,0,0,0,0
49.5,2231,1,1.12646,1.12646,0.931371,0.550238,0.381133,35.7255,34.201,7,7,0,1.14674,0.996131,0.150608,0,0,0,0
49.5,2231,2,0.573391,0.573391,0.98134,0.871532,0.109808,35.9254,35.4861,12,12,0,0.795912,0.81188,0.015968,0,0,0,0
49.5,2231,3,0.0522999,0.0522999,0.934738,0.651877,0.282861,35.739,34.6075,11,11,0,1.04312,0.676813,0.366304,0,0,0,0
49.6,2232,1,0.496003,0.496003,0.809449,0.931371,0.121921,35.2378,35.7255,7,7,0,0.996131,1.03295,0.036816,0,0,0,0
49.6,2232,2,0.182841,0.182841,0.541601,0.98134,0.439739,34.1664,35.9254,12,12,0,0.81188,0.75108,0.0608,0,0,0,0
49.6,2232,3,1.19838,1.19838,0.91117,0.934738,0.0235679,35.6447,35.739,11,11,0,0.676813,0.888653,0.21184,0,0,0,0
49.7,2233,1,0.545738,0.545738,0.925121,0.809449,0.115672,35.7005,35.2378,7,7,0,1.03295,1.14915,0.1162,0,0,0,0
49.7,2233,2,0.272504,0.272504,0.533029,0.541601,0.00857186,34.1321,34.1664,12,12,0,0.75108,0.735536,0.015544,0,0,1,0
49.7,2233,3,1.30097,1.30097,0.944602,0.91117,0.0334325,35.7784,35.6447,11,11,0,0.888653,0.879621,0.009032,0,0,0,0
49.8,2234,1,0.0980035,0.0980035,0.944253,0.925121,0.0191317,35.777,35.7005,7,7,0,1.14915,1.12508,0.024064,0,0,1,0
49.8,2234,2,0.529598,0.529598,-0.243762,0.533029,0.776791,31.025,34.1321,12,12,0,0.735536,0.62116,0.114376,0,0,0,0
49.8,2234,3,0.0200334,0.0200334,0.889054,0.944602,0.0555478,35.5562,35.7784,11,11,0,0.879621,0.911797,0.032176,0,0,0,0
49.9,2235,1,0.224166,0.224166,0.951323,0.944253,0.00706953,35.8053,35.777,7,7,0,1.12508,1.19183,0.066752,0,0,1,0
49.9,2235,2,0.0331498,0.0331498,0.931707,-0.243762,1.17547,35.7268,31.025,12,12,0,0.62116,0.65432,0.03316,0,0,0,0
49.9,2235,3,0.403215,0.403215,0.293108,0.889054,0.595947,33.1724,35.5562,11,11,0,0.911797,0.785757,0.12604,0,0,0,0
50,2236,1,0.392773,0.392773,0.592425,0.951323,0.358897,34.3697,35.8053,7,7,0,1.19183,1.2014,0.009568,0,0,0,0
50,2236,2,0.71349,0.71349,0.82461,0.931707,0.107097,35.2984,35.7268,12,12,0,0.65432,0.58,0.07432,0,0,0,0
50,2236,3,0.162399,0.162399,0.614515,0.293108,0.321407,34.4581,33.1724,11,11,0,0.785757,0.934925,0.149168,0,0,0,0
50.1,2237,1,0.363082,0.363082,0.975942,0.592425,0.383517,35.9038,34.3697,7,7,0,1.2014,1.03404,0.16736,0,0,0,0
50.1,2237,2,0.149426,0.149426,-0.228451,0.82461,1.05306,31.0862,35.2984,12,12,0,0.58,0.838696,0.258696,0,0,0,0
50.1,2237,3,0.197086,0.197086,0.777839,0.614515,0.163324,35.1114,34.4581,11,11,0,0.934925,0.679277,0.255648,0,0,0,0
50.2,2238,1,0.600368,0.600368,0.859172,0.975942,0.11677,35.4367,35.9038,7,7,0,1.03404,1.17969,0.145648,0,0,0,0
50.2,2238,2,0.913302,0.913302,0.770553,-0.228451,0.999003,35.0822,31.0862,12,12,0,0.838696,0.694592,0.144104,0,0,0,0
50.2,2238,3,0.771911,0.771911,0.857637,0.777839,0.0797979,35.4305,35.1114,11,11,0,0.679277,0.750901,0.071624,0,0,0,0
50.3,2239,1,0.376145,0.376145,0.389853,0.859172,0.469318,33.5594,35.4367,7,7,0,1.17969,1.06959,0.110104,0,0,0,0
50.3,2239,2,0.86338,0.86338,0.140956,0.770553,0.629596,32.5638,35.0822,12,12,0,0.694592,0.540896,0.153696,0,0,0,0
50.3,2239,3,0.309538,0.309538,0.894823,0.857637,0.0371855,35.5793,35.4305,11,11,0,0.750901,0.913645,0.162744,0,0,0,0
50.4,2240,1,0.459855,0.459855,0.966056,0.389853,0.576203,35.8642,33.5594,7,7,0,1.06959,1.02891,0.040672,0,0,0,0
50.4,2240,2,0.877263,0.877263,0.943636,0.140956,0.80268,35.7745,32.5638,12,12,0,0.540896,0.59108,0.050184,0,0,0,0
50.4,2240,3,0.457277,0.457277,0.792423,0.894823,0.102399,35.1697,35.5793,11,11,0,0.913645,0.812773,0.100872,0,0,0,0
50.5,2241,1,1.27017,1.27017,0.932055,0.966056,0.0340019,35.7282,35.8642,7,7,0,1.02891,0.995299,0.033616,0,0,0,0
50.5,2241,2,1.08195,1.08195,0.888333,0.943636,0.0553027,35.5533,35.7745,12,12,0,0.59108,0.611968,0.020888,0,0,0,0
50.5,2241,3,0.315944,0.315944,0.877491,0.792423,0.0850675,35.51,35.1697,11,11,0,0.812773,0.978989,0.166216,0,0,0,0
50.6,2242,1,0.592139,0.592139,0.921767,0.932055,0.0102871,35.6871,35.7282,7,7,0,0.995299,1.01266,0.01736,0,0,1,0
50.6,2242,2,0.390078,0.390078,0.0505375,0.888333,0.837796,32.2021,35.5533,12,12,0,0.611968,0.731912,0.119944,0,0,0,0
50.6,2242,3,0.238424,0.238424,0.772564,0.877491,0.104927,35.0903,35.51,11,11,0,0.978989,0.843229,0.13576,0,0,0,0
50.7,2243,1,0.0662655,0.0662655,0.748805,0.921767,0.172962,34.9952,35.6871,7,7,0,1.01266,1.20359,0.190936,0,0,0,0
50.7,2243,2,0.673191,0.673191,0.895226,0.0505375,0.844689,35.5809,32.2021,12,12,0,0.731912,0.600688,0.131224,0,0,0,0
50.7,2243,3,0.188081,0.188081,0.744668,0.772564,0.0278963,34.9787,35.0903,11,11,0,0.843229,0.826821,0.016408,0,0,0,0
50.8,2244,1,0.556098,0.556098,0.687778,0.748805,0.0610271,34.7511,34.9952,7,7,0,1.20359,1.05939,0.144208,0,0,0,0
50.8,2244,2,0.264811,0.264811,0.976878,0.895226,0.0816522,35.9075,35.5809,12,12,0,0.600688,0.627128,0.02644,0,0,0,0
50.8,2244,3,0.222168,0.222168,0.649916,0.744668,0.0947518,34.5997,34.9787,11,11,0,0.826821,0.837093,0.010272,0,0,0,0
50.9,2245,1,1.51088,1.51088,0.876284,0.687778,0.188506,35.5051,34.7511,7,7,0,1.05939,0.987835,0.071552,0,0,0,0
50.9,2245,2,0.593696,0.593696,0.558579,0.976878,0.418299,34.2343,35.9075,12,12,0,0.627128,0.778296,0.151168,0,0,0,0
50.9,2245,3,0.216323,0.216323,0.922389,0.649916,0.272473,35.6896,34.5997,11,11,0,0.837093,0.774221,0.062872,0,0,0,0
51,2246,1,0.0994602,0.0994602,0.932229,0.876284,0.0559456,35.7289,35.5051,7,7,0,0.987835,1.03062,0.042784,0,0,0,0
51,2246,2,0.557165,0.557165,-0.746967,0.558579,1.30555,29.0121,34.2343,12,12,0,0.778296,0.762288,0.016008,0,0,0,0
51,2246,3,0.00355899,0.00355899,0.794604,0.922389,0.127784,35.1784,35.6896,11,11,0,0.774221,0.859197,0.084976,0,1,0,0
51.1,2247,1,0.240039,0.240039,0.85843,0.932229,0.0737997,35.4337,35.7289,7,7,0,1.03062,1.21182,0.1812,0,0,0,0
51.1,2247,2,0.0549504,0.0549504,0.75979,-0.746967,1.50676,35.0392,29.0121,12,12,0,0.762288,0.65052,0.111768,0,0,0,0
51.1,2247,3,0.285449,0.285449,0.720582,0.794604,0.0740229,34.8823,35.1784,11,11,0,0.859197,0.875053,0.015856,0,0,0,0
51.2,2248,1,1.6597,1.6597,0.997319,0.85843,0.13889,35.9893,35.4337,7,7,0,1.21182,1.11194,0.09988,0,0,0,0
51.2,2248,2,0.322842,0.322842,0.13476,0.75979,0.62503,32.539,35.0392,12,12,0,0.65052,0.495992,0.154528,0,0,0,0
51.2,2248,3,0.269578,0.269578,0.88315,0.720582,0.162568,35.5326,34.8823,11,11,0,0.875053,0.994037,0.118984,0,0,0,0
51.3,2249,1,0.898491,0.898491,0.955885,0.997319,0.0414346,35.8235,35.9893,7,7,0,1.11194,1.16611,0.054168,0,0,0,0
51.3,2249,2,0.359835,0.359835,0.471093,0.13476,0.336333,33.8844,32.539,12,12,0,0.495992,0.626576,0.130584,0,0,0,0
51.3,2249,3,0.0140141,0.0140141,0.862869,0.88315,0.0202813,35.4515,35.5326,11,11,0,0.994037,0.735493,0.258544,0,1,0,0
51.4,2250,1,1.03757,1.03757,0.180413,0.955885,0.775472,32.7217,35.8235,7,7,0,1.16611,1.12411,0.042,0,0,0,0
51.4,2250,2,0.129208,0.129208,0.72519,0.471093,0.254097,34.9008,33.8844,12,12,0,0.626576,0.571336,0.05524,0,0,0,0
51.4,2250,3,0.0542418,0.0542418,0.827852,0.862869,0.0350164,35.3114,35.4515,11,11,0,0.735493,0.880709,0.145216,0,0,0,0
51.5,2251,1,0.449521,0.449521,0.757449,0.180413,0.577035,35.0298,32.7217,7,7,0,1.12411,0.929459,0.194648,0,0,0,0
51.5,2251,2,0.875319,0.875319,0.81416,0.72519,0.0889701,35.2566,34.9008,12,12,0,0.571336,0.615232,0.043896,0,0,0,0
51.5,2251,3,0.297405,0.297405,0.961502,0.827852,0.13365,35.846,35.3114,11,11,0,0.880709,0.908293,0.027584,0,0,0,0
51.6,2252,1,0.0263421,0.0263421,0.901949,0.757449,0.144501,35.6078,35.0298,7,7,0,0.929459,0.984139,0.05468,0,0,0,0
51.6,2252,2,0.796445,0.796445,0.955337,0.81416,0.141177,35.8213,35.2566,12,12,0,0.615232,0.688472,0.07324,0,0,0,0
51.6,2252,3,0.275312,0.275312,0.867294,0.961502,0.0942082,35.4692,35.846,11,11,0,0.908293,1.00553,0.097232,0,0,0,0
51.7,2253,1,0.0217329,0.0217329,0.678488,0.901949,0.223461,34.714,35.6078,7,7,0,0.984139,1.02578,0.04164,0,0,0,0
51.7,2253,2,0.14333,0.14333,-0.468522,0.955337,1.42386,30.1259,35.8213,12,12,0,0.688472,0.682688,0.005784,0,0,0,0
51.7,2253,3,0.0698472,0.0698472,0.856626,0.867294,0.0106678,35.4265,35.4692,11,11,0,1.00553,0.839581,0.165944,0,0,1,0
51.8,2254,1,0.00960094,0.00960094,0.626962,0.678488,0.0515264,34.5078,34.714,7,7,0,1.02578,1.05579,0.030008,0,1,0,0
51.8,2254,2,0.104338,0.104338,0.378701,-0.468522,0.847223,33.5148,30.1259,12,12,0,0.682688,0.606952,0.075736,0,0,0,0
51.8,2254,3,0.76859,0.76859,0.993077,0.856626,0.136452,35.9723,35.4265,11,11,0,0.839581,0.821805,0.017776,0,0,0,0
51.9,2255,1,0.379739,0.379739,0.811544,0.626962,0.184582,35.2462,34.5078,7,7,0,1.05579,1.05984,0.004056,0,0,0,0
51.9,2255,2,0.592498,0.592498,0.959606,0.378701,0.580905,35.8384,33.5148,12,12,0,0.606952,0.455456,0.151496,0,0,0,0
51.9,2255,3,0.821562,0.821562,0.937157,0.993077,0.0559202,35.7486,35.9723,11,11,0,0.821805,0.961605,0.1398,0,0,0,0
52,2256,1,0.0861638,0.0861638,0.935499,0.811544,0.123955,35.742,35.2462,7,7,0,1.05984,1.0242,0.03564,0,0,0,0
52,2256,2,0.687234,0.687234,0.432528,0.959606,0.527078,33.7301,35.8384,12,12,0,0.455456,0.61072,0.155264,0,0,0,0
52,2256,3,0.313087,0.313087,0.910059,0.937157,0.0270985,35.6402,35.7486,11,11,0,0.961605,0.948285,0.01332,0,0,0,0
52.1,2257,1,0.238354,0.238354,0.541452,0.935499,0.394047,34.1658,35.742,7,7,0,1.0242,1.03171,0.007512,0,0,0,0
52.1,2257,2,0.615691,0.615691,0.954221,0.432528,0.521694,35.8169,33.7301,12,12,0,0.61072,0.690352,0.079632,0,0,0,0
52.1,2257,3,0.305708,0.305708,0.608358,0.910059,0.301701,34.4334,35.6402,11,11,0,0.948285,0.872261,0.076024,0,0,0,0
52.2,2258,1,0.29222,0.29222,0.331998,0.541452,0.209454,33.328,34.1658,7,7,0,1.03171,0.955195,0.07652,0,0,0,0
52.2,2258,2,0.570282,0.570282,0.162367,0.954221,0.791855,32.6495,35.8169,12,12,0,0.690352,0.674376,0.015976,0,0,0,0
52.2,2258,3,0.0299076,0.0299076,0.966563,0.608358,0.358206,35.8663,34.4334,11,11,0,0.872261,0.878357,0.006096,0,0,0,0
52.3,2259,1,0.836055,0.836055,0.908671,0.331998,0.576673,35.6347,33.328,7,7,0,0.955195,0.959443,0.004248,0,0,0,0
52.3,2259,2,0.0207331,0.0207331,0.454956,0.162367,0.292589,33.8198,32.6495,12,12,0,0.674376,0.659488,0.014888,0,0,0,0
52.3,2259,3,0.668249,0.668249,0.969599,0.966563,0.00303572,35.8784,35.8663,11,11,0,0.878357,0.728989,0.149368,0,0,1,0
52.4,2260,1,0.275522,0.275522,0.669045,0.908671,0.239626,34.6762,35.6347,7,7,0,0.959443,1.07224,0.1128,0,0,0,0
52.4,2260,2,0.484406,0.484406,0.824169,0.454956,0.369213,35.2967,33.8198,12,12,0,0.659488,0.629272,0.030216,0,0,0,0
52.4,2260,3,0.102702,0.102702,0.855018,0.969599,0.114581,35.4201,35.8784,11,11,0,0.728989,1.00946,0.280472,0,0,0,0
52.5,2261,1,0.513474,0.513474,0.0275828,0.669045,0.641462,32.1103,34.6762,7,7,0,1.07224,0.952115,0.120128,0,0,0,0
52.5,2261,2,0.637749,0.637749,0.835199,0.824169,0.0110297,35.3408,35.2967,12,12,0,0.629272,0.602152,0.02712,0,0,1,0
52.5,2261,3,0.598033,0.598033,0.841942,0.855018,0.0130765,35.3678,35.4201,11,11,0,1.00946,0.850517,0.158944,0,0,1,0
52.6,2262,1,0.00495189,0.00495189,0.949981,0.0275828,0.922399,35.7999,32.1103,7,7,0,0.952115,0.911219,0.040896,0,1,0,0
52.6,2262,2,0.5098,0.5098,-0.0474917,0.835199,0.88269,31.81,35.3408,12,12,0,0.602152,0.72964,0.127488,0,0,0,0
52.6,2262,3,0.339512,0.339512,0.986875,0.841942,0.144933,35.9475,35.3678,11,11,0,0.850517,0.868781,0.018264,0,0,0,0
52.7,2263,1,0.0514637,0.0514637,0.705988,0.949981,0.243993,34.824,35.7999,7,7,0,0.911219,1.09291,0.181688,0,0,0,0
52.7,2263,2,0.886855,0.886855,0.853064,-0.0474917,0.900556,35.4123,31.81,12,12,0,0.72964,0.693408,0.036232,0,0,0,0
52.7,2263,3,0.286831,0.286831,0.933728,0.986875,0.0531475,35.7349,35.9475,11,11,0,0.868781,0.896789,0.028008,0,0,0,0
52.8,2264,1,1.3636,1.3636,0.72764,0.705988,0.0216513,34.9106,34.824,7,7,0,1.09291,0.973571,0.119336,0,0,0,0
52.8,2264,2,0.0941216,0.0941216,0.970438,0.853064,0.117374,35.8818,35.4123,12,12,0,0.693408,0.545616,0.147792,0,0,0,0
52.8,2264,3,0.034906,0.034906,0.967681,0.933728,0.0339538,35.8707,35.7349,11,11,0,0.896789,0.865621,0.031168,0,0,0,0
52.9,2265,1,1.42993,1.42993,0.653226,0.72764,0.0744139,34.6129,34.9106,7,7,0,0.973571,0.933923,0.039648,0,0,0,0
52.9,2265,2,0.705173,0.705173,0.179147,0.970438,0.79129,32.7166,35.8818,12,12,0,0.545616,0.774184,0.228568,0,0,0,0
52.9,2265,3,0.348032,0.348032,0.885605,0.967681,0.082076,35.5424,35.8707,11,11,0,0.865621,0.837565,0.028056,0,0,0,0
53,2266,1,0.0868189,0.0868189,0.59303,0.653226,0.0601962,34.3721,34.6129,7,7,0,0.933923,0.987011,0.053088,0,0,0,0
53,2266,2,0.226853,0.226853,0.822448,0.179147,0.6433,35.2898,32.7166,12,12,0,0.774184,0.707616,0.066568,0,0,0,0
53,2266,3,0.30175,0.30175,0.910363,0.885605,0.0247576,35.6415,35.5424,11,11,0,0.837565,0.802197,0.035368,0,0,0,0
53.1,2267,1,0.0367542,0.0367542,0.707274,0.59303,0.114244,34.8291,34.3721,7,7,0,0.987011,0.963283,0.023728,0,0,0,0
53.1,2267,2,1.30999,1.30999,0.997473,0.822448,0.175026,35.9899,35.2898,12,12,0,0.707616,0.618616,0.089,0,0,0,0
53.1,2267,3,0.646987,0.646987,0.971707,0.910363,0.0613444,35.8868,35.6415,11,11,0,0.802197,0.916085,0.113888,0,0,0,0
53.2,2268,1,0.831444,0.831444,0.166734,0.707274,0.54054,32.6669,34.8291,7,7,0,0.963283,0.912403,0.05088,0,0,0,0
53.2,2268,2,1.29033,1.29033,0.0976705,0.997473,0.899803,32.3907,35.9899,12,12,0,0.618616,0.776648,0.158032,0,0,0,0
53.2,2268,3,0.43477,0.43477,0.966939,0.971707,0.00476855,35.8678,35.8868,11,11,0,0.916085,0.831245,0.08484,0,0,1,0
53.3,2269,1,0.305097,0.305097,0.939568,0.166734,0.772834,35.7583,32.6669,7,7,0,0.912403,0.872731,0.039672,0,0,0,0
53.3,2269,2,0.0536789,0.0536789,0.668439,0.0976705,0.570769,34.6738,32.3907,12,12,0,0.776648,0.719192,0.057456,0,0,0,0
53.3,2269,3,0.190622,0.190622,0.891133,0.966939,0.0758055,35.5645,35.8678,11,11,0,0.831245,0.882821,0.051576,0,0,0,0
53.4,2270,1,0.398945,0.398945,0.978884,0.939568,0.0393155,35.9155,35.7583,7,7,0,0.872731,1.03015,0.157424,0,0,0,0
53.4,2270,2,0.68627,0.68627,0.289021,0.668439,0.379418,33.1561,34.6738,12,12,0,0.719192,0.656464,0.062728,0,0,0,0
53.4,2270,3,0.590959,0.590959,0.819414,0.891133,0.0717189,35.2777,35.5645,11,11,0,0.882821,1.04157,0.158752,0,0,0,0
53.5,2271,1,0.15507,0.15507,0.968967,0.978884,0.00991654,35.8759,35.9155,7,7,0,1.03015,1.09118,0.061024,0,0,1,0
53.5,2271,2,0.68217,0.68217,0.976503,0.289021,0.687482,35.906,33.1561,12,12,0,0.656464,0.65528,0.001184,0,0,0,0
53.5,2271,3,0.657652,0.657652,0.996737,0.819414,0.177322,35.9869,35.2777,11,11,0,1.04157,0.819261,0.222312,0,0,0,0
53.6,2272,1,0.836248,0.836248,0.91653,0.968967,0.0524374,35.6661,35.8759,7,7,0,1.09118,1.04255,0.048632,0,0,0,0
53.6,2272,2,0.0512964,0.0512964,0.950102,0.976503,0.0264009,35.8004,35.906,12,12,0,0.65528,0.554696,0.100584,0,0,0,0
53.6,2272,3,0.0311309,0.0311309,0.954646,0.996737,0.0420906,35.8186,35.9869,11,11,0,0.819261,0.916893,0.097632,0,0,0,0
53.7,2273,1,0.845904,0.845904,0.924205,0.91653,0.00767553,35.6968,35.6661,7,7,0,1.04255,0.996715,0.045832,0,0,1,0
53.7,2273,2,0.435561,0.435561,0.520599,0.950102,0.429503,34.0824,35.8004,12,12,0,0.554696,0.694224,0.139528,0,0,0,0
53.7,2273,3,0.0149954,0.0149954,0.741786,0.954646,0.21286,34.9671,35.8186,11,11,0,0.916893,0.806181,0.110712,0,1,0,0
53.8,2274,1,0.0112284,0.0112284,0.861426,0.924205,0.0627788,35.4457,35.6968,7,7,0,0.996715,1.07224,0.075528,0,1,0,0
53.8,2274,2,0.583256,0.583256,0.729108,0.520599,0.208508,34.9164,34.0824,12,12,0,0.694224,0.76216,0.067936,0,0,0,0
53.8,2274,3,0.863768,0.863768,0.858644,0.741786,0.116858,35.4346,34.9671,11,11,0,0.806181,0.958741,0.15256,0,0,0,0
53.9,2275,1,0.131605,0.131605,0.515052,0.861426,0.346374,34.0602,35.4457,7,7,0,1.07224,1.08773,0.015488,0,0,0,0
53.9,2275,2,0.368858,0.368858,0.85705,0.729108,0.127943,35.4282,34.9164,12,12,0,0.76216,0.66844,0.09372,0,0,0,0
53.9,2275,3,0.226963,0.226963,0.928228,0.858644,0.069584,35.7129,35.4346,11,11,0,0.958741,0.735933,0.222808,0,0,0,0
54,2276,1,0.00558084,0.00558084,-0.166216,0.515052,0.681268,31.3351,34.0602,7,7,0,1.08773,0.931067,0.156664,0,1,0,0
54,2276,2,0.40781,0.40781,0.00588369,0.85705,0.851167,32.0235,35.4282,12,12,0,0.66844,0.669624,0.001184,0,0,0,0
54,2276,3,0.600843,0.600843,0.705266,0.928228,0.222963,34.8211,35.7129,11,11,0,0.735933,0.792029,0.056096,0,0,0,0
54.1,2277,1,0.429278,0.429278,0.898453,-0.166216,1.06467,35.5938,31.3351,7,7,0,0.931067,0.874307,0.05676,0,0,0,0
54.1,2277,2,0.612548,0.612548,0.438841,0.00588369,0.432958,33.7554,32.0235,12,12,0,0.669624,0.693584,0.02396,0,0,0,0
54.1,2277,3,0.0719605,0.0719605,0.658285,0.705266,0.0469809,34.6331,34.8211,11,11,0,0.792029,0.911765,0.119736,0,0,0,0
54.2,2278,1,0.430525,0.430525,0.801471,0.898453,0.0969825,35.2059,35.5938,7,7,0,0.874307,1.02698,0.152672,0,0,0,0
54.2,2278,2,0.256368,0.256368,0.788678,0.438841,0.349836,35.1547,33.7554,12,12,0,0.693584,0.716896,0.023312,0,0,0,0
54.2,2278,3,0.0486426,0.0486426,0.633251,0.658285,0.0250343,34.533,34.6331,11,11,0,0.911765,1.08465,0.172888,0,0,0,0
54.3,2279,1,0.0806208,0.0806208,0.469621,0.801471,0.33185,33.8785,35.2059,7,7,0,1.02698,1.09929,0.072312,0,0,0,0
54.3,2279,2,0.377441,0.377441,0.772895,0.788678,0.0157828,35.0916,35.1547,12,12,0,0.716896,0.647464,0.069432,0,0,1,0
54.3,2279,3,0.27404,0.27404,0.830954,0.633251,0.197704,35.3238,34.533,11,11,0,1.08465,0.907109,0.177544,0,0,0,0
54.4,2280,1,0.899438,0.899438,0.945045,0.469621,0.475423,35.7802,33.8785,7,7,0,1.09929,0.906291,0.193,0,0,0,0
54.4,2280,2,0.144808,0.144808,0.664291,0.772895,0.108604,34.6572,35.0916,12,12,0,0.647464,0.823728,0.176264,0,0,0,0
54.4,2280,3,0.30446,0.30446,0.937544,0.830954,0.106589,35.7502,35.3238,11,11,0,0.907109,0.660941,0.246168,0,0,0,0
54.5,2281,1,0.0432304,0.0432304,0.0295325,0.945045,0.915512,32.1181,35.7802,7,7,0,0.906291,1.01812,0.111832,0,0,0,0
54.5,2281,2,0.611241,0.611241,-0.570272,0.664291,1.23456,29.7189,34.6572,12,12,0,0.823728,0.69512,0.128608,0,0,0,0
54.5,2281,3,0.0678446,0.0678446,0.953666,0.937544,0.0161227,35.8147,35.7502,11,11,0,0.660941,0.946053,0.285112,0,0,1,0
54.6,2282,1,0.787902,0.787902,0.807718,0.0295325,0.778185,35.2309,32.1181,7,7,0,1.01812,0.958867,0.059256,0,0,0,0
54.6,2282,2,0.489809,0.489809,0.377217,-0.570272,0.947489,33.5089,29.7189,12,12,0,0.69512,0.7022,0.00708,0,0,0,0
54.6,2282,3,0.00835598,0.00835598,0.0107837,0.953666,0.942883,32.0431,35.8147,11,11,0,0.946053,0.953357,0.007304,0,1,0,0
54.7,2283,1,0.317901,0.317901,0.878227,0.807718,0.0705087,35.5129,35.2309,7,7,0,0.958867,1.18606,0.227192,0,0,0,0
54.7,2283,2,0.238674,0.238674,0.778605,0.377217,0.401388,35.1144,33.5089,12,12,0,0.7022,0.540016,0.162184,0,0,0,0
54.7,2283,3,0.909808,0.909808,0.903661,0.0107837,0.892878,35.6146,32.0431,11,11,0,0.953357,0.936709,0.016648,0,0,0,0
54.8,2284,1,0.411212,0.411212,0.464546,0.878227,0.41368,33.8582,35.5129,7,7,0,1.18606,0.982163,0.203896,0,0,0,0
54.8,2284,2,0.400747,0.400747,0.861369,0.778605,0.0827641,35.4455,35.1144,12,12,0,0.540016,0.687264,0.147248,0,0,0,0
54.8,2284,3,0.848457,0.848457,0.967765,0.903661,0.0641035,35.8711,35.6146,11,11,0,0.936709,0.724597,0.212112,0,0,0,0
54.9,2285,1,0.464044,0.464044,0.688232,0.464546,0.223686,34.7529,33.8582,7,7,0,0.982163,0.928363,0.0538,0,0,0,0
54.9,2285,2,0.408741,0.408741,0.472107,0.861369,0.389262,33.8884,35.4455,12,11,-1,0.687264,0.865285,0.178021,0,0,0,0
54.9,2285,3,0.0635036,0.0635036,0.726948,0.967765,0.240817,34.9078,35.8711,11,11,0,0.724597,0.788285,0.063688,0,0,0,0
55,2286,1,1.09946,1.09946,0.988663,0.688232,0.30043,35.9547,34.7529,7,7,0,0.928363,0.989291,0.060928,0,0,0,0
55,2286,2,0.437393,0.437393,0.58448,0.472107,0.112373,34.3379,33.8884,11,11,0,0.865285,0.746181,0.119104,0,0,0,0
55,2286,3,0.0342497,0.0342497,0.635627,0.726948,0.0913208,34.5425,34.9078,11,11,0,0.788285,0.923477,0.135192,0,0,0,0
55.1,2287,1,0.81557,0.81557,0.832602,0.988663,0.156061,35.3304,35.9547,7,8,1,0.989291,0.965301,0.0239893,0,0,0,0
55.1,2287,2,1.0153,1.0153,0.444382,0.58448,0.140098,33.7775,34.3379,11,11,0,0.746181,0.779141,0.03296,0,0,0,0
55.1,2287,3,0.0066098,0.0066098,0.804435,0.635627,0.168808,35.2177,34.5425,11,11,0,0.923477,0.980909,0.057432,0,1,0,0
55.2,2288,1,0.110337,0.110337,0.531238,0.832602,0.301364,34.125,35.3304,8,8,0,0.965301,1.04766,0.08236,0,0,0,0
55.2,2288,2,0.264662,0.264662,-0.165205,0.444382,0.609586,31.3392,33.7775,11,11,0,0.779141,0.768845,0.010296,0,0,0,0
55.2,2288,3,0.201387,0.201387,0.912839,0.804435,0.108405,35.6514,35.2177,11,11,0,0.980909,0.676037,0.304872,0,0,0,0
55.3,2289,1,0.410017,0.410017,0.971265,0.531238,0.440027,35.8851,34.125,8,8,0,1.04766,1.0095,0.03816,0,0,0,0
55.3,2289,2,0.24446,0.24446,0.936223,-0.165205,1.10143,35.7449,31.3392,11,11,0,0.768845,0.718229,0.050616,0,0,0,0
55.3,2289,3,0.501387,0.501387,0.881841,0.912839,0.0309987,35.5274,35.6514,11,11,0,0.676037,0.766165,0.090128,0,0,0,0
55.4,2290,1,0.0876195,0.0876195,0.610882,0.971265,0.360383,34.4435,35.8851,8,8,0,1.0095,0.950133,0.059368,0,0,0,0
55.4,2290,2,0.129966,0.129966,0.664268,0.936223,0.271955,34.6571,35.7449,11,11,0,0.718229,0.574693,0.143536,0,0,0,0
55.4,2290,3,0.704343,0.704343,0.565118,0.881841,0.316722,34.2605,35.5274,11,11,0,0.766165,0.838245,0.07208,0,0,0,0
55.5,2291,1,0.0860779,0.0860779,0.82928,0.610882,0.218398,35.3171,34.4435,8,8,0,0.950133,0.925957,0.024176,0,0,0,0
55.5,2291,2,0.366449,0.366449,-0.184487,0.664268,0.848755,31.2621,34.6571,11,11,0,0.574693,0.830237,0.255544,0,0,0,0
55.5,2291,3,0.159804,0.159804,0.945684,0.565118,0.380565,35.7827,34.2605,11,11,0,0.838245,0.760869,0.077376,0,0,0,0
55.6,2292,1,0.107871,0.107871,0.511506,0.82928,0.317775,34.046,35.3171,8,8,0,0.925957,1.07718,0.151224,0,0,0,0
55.6,2292,2,0.595954,0.595954,0.913832,-0.184487,1.09832,35.6553,31.2621,11,11,0,0.830237,0.633477,0.19676,0,0,0,0
55.6,2292,3,0.0794079,0.0794079,0.919946,0.945684,0.0257374,35.6798,35.7827,11,11,0,0.760869,0.798733,0.037864,0,0,0,0
55.7,2293,1,0.749318,0.749318,0.874619,0.511506,0.363114,35.4985,34.046,8,8,0,1.07718,0.933357,0.143824,0,0,0,0
55.7,2293,2,1.41775,1.41775,-0.485589,0.913832,1.39942,30.0576,35.6553,11,11,0,0.633477,0.625741,0.007736,0,0,0,0
55.7,2293,3,0.206758,0.206758,0.971766,0.919946,0.0518192,35.8871,35.6798,11,11,0,0.798733,0.920277,0.121544,0,0,0,0
55.8,2294,1,0.77127,0.77127,0.908943,0.874619,0.0343236,35.6358,35.4985,8,8,0,0.933357,1.08569,0.152328,0,0,0,0
55.8,2294,2,1.63862,1.63862,0.338693,-0.485589,0.824282,33.3548,30.0576,11,11,0,0.625741,0.625797,5.6e-05,0,0,0,0
55.8,2294,3,0.0323882,0.0323882,0.494755,0.971766,0.477011,33.979,35.8871,11,11,0,0.920277,0.729685,0.190592,0,0,0,0
55.9,2295,1,1.03438,1.03438,0.9381,0.908943,0.0291567,35.7524,35.6358,8,8,0,1.08569,1.13073,0.045048,0,0,0,0
55.9,2295,2,0.0476012,0.0476012,-0.483677,0.338693,0.82237,30.0653,33.3548,11,11,0,0.625797,0.624749,0.001048,0,0,0,0
55.9,2295,3,0.37431,0.37431,0.746639,0.494755,0.251884,34.9866,33.979,11,11,0,0.729685,0.953989,0.224304,0,0,0,0
56,2296,1,0.186444,0.186444,0.385917,0.9381,0.552183,33.5437,35.7524,8,8,0,1.13073,1.22788,0.097144,0,0,0,0
56,2296,2,0.391768,0.391768,0.495414,-0.483677,0.97909,33.9817,30.0653,11,11,0,0.624749,0.657541,0.032792,0,0,0,0
56,2296,3,0.246915,0.246915,0.936903,0.746639,0.190264,35.7476,34.9866,11,11,0,0.953989,0.711685,0.242304,0,0,0,0
56.1,2297,1,0.484672,0.484672,0.903052,0.385917,0.517135,35.6122,33.5437,8,8,0,1.22788,0.925829,0.302048,0,0,0,0
56.1,2297,2,0.192811,0.192811,0.5947,0.495414,0.099286,34.3788,33.9817,11,11,0,0.657541,0.473965,0.183576,0,0,0,0
56.1,2297,3,0.252002,0.252002,0.967611,0.936903,0.0307072,35.8704,35.7476,11,11,0,0.711685,0.812829,0.101144,0,0,0,0
56.2,2298,1,0.700375,0.700375,0.941218,0.903052,0.0381657,35.7649,35.6122,8,8,0,0.925829,0.888021,0.037808,0,0,0,0
56.2,2298,2,0.621338,0.621338,-0.848508,0.5947,1.44321,28.606,34.3788,11,11,0,0.473965,0.714269,0.240304,0,0,0,0
56.2,2298,3,0.50528,0.50528,0.980791,0.967611,0.0131801,35.9232,35.8704,11,11,0,0.812829,1.02642,0.213592,0,0,1,0
56.3,2299,1,0.123484,0.123484,0.740614,0.941218,0.200603,34.9625,35.7649,8,8,0,0.888021,1.17242,0.2844,0,0,0,0
56.3,2299,2,0.766455,0.766455,0.943699,-0.848508,1.79221,35.7748,28.606,11,11,0,0.714269,0.560677,0.153592,0,0,0,0
56.3,2299,3,0.400706,0.400706,0.914049,0.980791,0.0667418,35.6562,35.9232,11,11,0,1.02642,0.737981,0.28844,0,0,0,0
56.4,2300,1,1.13962,1.13962,0.959057,0.740614,0.218443,35.8362,34.9625,8,8,0,1.17242,0.927813,0.244608,0,0,0,0
56.4,2300,2,0.735265,0.735265,0.465836,0.943699,0.477862,33.8633,35.7748,11,11,0,0.560677,0.586509,0.025832,0,0,0,0
56.4,2300,3,0.360495,0.360495,0.958742,0.914049,0.0446934,35.835,35.6562,11,11,0,0.737981,0.896229,0.158248,0,0,0,0
56.5,2301,1,0.151614,0.151614,0.838422,0.959057,0.120635,35.3537,35.8362,8,8,0,0.927813,0.998349,0.070536,0,0,0,0
56.5,2301,2,0.278264,0.278264,0.237399,0.465836,0.228438,32.9496,33.8633,11,11,0,0.586509,0.713061,0.126552,0,0,0,0
56.5,2301,3,0.151888,0.151888,0.688951,0.958742,0.269791,34.7558,35.835,11,11,0,0.896229,0.790765,0.105464,0,0,0,0
56.6,2302,1,0.083265,0.083265,0.915369,0.838422,0.0769466,35.6615,35.3537,8,8,0,0.998349,1.07334,0.074992,0,0,0,0
56.6,2302,2,0.0731145,0.0731145,0.0123621,0.237399,0.225036,32.0494,32.9496,11,11,0,0.713061,0.737397,0.024336,0,0,0,0
56.6,2302,3,0.236177,0.236177,0.825247,0.688951,0.136296,35.301,34.7558,11,11,0,0.790765,0.891173,0.100408,0,0,0,0
56.7,2303,1,0.118117,0.118117,0.973917,0.915369,0.0585487,35.8957,35.6615,8,8,0,1.07334,1.11021,0.036872,0,0,0,0
56.7,2303,2,0.17354,0.17354,-0.0276534,0.0123621,0.0400155,31.8894,32.0494,11,11,0,0.737397,0.684381,0.053016,0,0,0,0
56.7,2303,3,1.08776,1.08776,0.933268,0.825247,0.108021,35.7331,35.301,11,11,0,0.891173,0.804221,0.086952,0,0,0,0
56.8,2304,1,0.1142,0.1142,0.965431,0.973917,0.00848645,35.8617,35.8957,8,8,0,1.11021,1.08985,0.020368,0,0,1,0
56.8,2304,2,0.210145,0.210145,-0.0791504,-0.0276534,0.051497,31.6834,31.8894,11,11,0,0.684381,0.578989,0.105392,0,0,0,0
56.8,2304,3,1.10115,1.10115,0.451197,0.933268,0.482071,33.8048,35.7331,11,11,0,0.804221,0.721829,0.082392,0,0,0,0
56.9,2305,1,0.16824,0.16824,0.906898,0.965431,0.0585325,35.6276,35.8617,8,8,0,1.08985,1.21092,0.121072,0,0,0,0
56.9,2305,2,0.415766,0.415766,-0.285178,-0.0791504,0.206027,30.8593,31.6834,11,11,0,0.578989,0.580485,0.001496,0,0,0,0
56.9,2305,3,0.276896,0.276896,0.872948,0.451197,0.42175,35.4918,33.8048,11,11,0,0.721829,1.00052,0.278688,0,0,0,0
57,2306,1,0.218318,0.218318,0.937588,0.906898,0.03069,35.7504,35.6276,8,8,0,1.21092,1.1808,0.03012,0,0,0,0
57,2306,2,0.972859,0.972859,-0.450798,-0.285178,0.16562,30.1968,30.8593,11,11,0,0.580485,0.651517,0.071032,0,0,0,0
57,2306,3,0.310826,0.310826,0.886823,0.872948,0.0138753,35.5473,35.4918,11,11,0,1.00052,0.646653,0.353864,0,0,1,0
57.1,2307,1,0.114144,0.114144,0.955478,0.937588,0.0178899,35.8219,35.7504,8,8,0,1.1808,1.14001,0.040784,0,0,1,0
57.1,2307,2,0.615741,0.615741,0.463388,-0.450798,0.914186,33.8536,30.1968,11,11,0,0.651517,0.556061,0.095456,0,0,0,0
57.1,2307,3,0.32215,0.32215,0.904947,0.886823,0.0181237,35.6198,35.5473,11,11,0,0.646653,0.805981,0.159328,0,0,1,0
57.2,2308,1,0.0494951,0.0494951,0.845247,0.955478,0.110231,35.381,35.8219,8,8,0,1.14001,1.00897,0.131048,0,0,0,0
57.2,2308,2,0.39776,0.39776,0.14054,0.463388,0.322848,32.5622,33.8536,11,11,0,0.556061,0.539413,0.016648,0,0,0,0
57.2,2308,3,0.0615388,0.0615388,0.768304,0.904947,0.136642,35.0732,35.6198,11,11,0,0.805981,0.846501,0.04052,0,0,0,0
57.3,2309,1,0.126082,0.126082,0.794003,0.845247,0.0512438,35.176,35.381,8,8,0,1.00897,1.08551,0.076544,0,0,0,0
57.3,2309,2,0.175255,0.175255,0.888639,0.14054,0.748099,35.5546,32.5622,11,11,0,0.539413,0.733877,0.194464,0,0,0,0
57.3,2309,3,0.061386,0.061386,0.629876,0.768304,0.138428,34.5195,35.0732,11,11,0,0.846501,0.824229,0.022272,0,0,0,0
57.4,2310,1,0.117753,0.117753,0.726275,0.794003,0.0677278,34.9051,35.176,8,8,0,1.08551,0.939661,0.145848,0,0,0,0
57.4,2310,2,0.0853232,0.0853232,-0.146041,0.888639,1.03468,31.4158,35.5546,11,11,0,0.733877,0.636661,0.097216,0,0,0,0
57.4,2310,3,0.0867983,0.0867983,0.758065,0.629876,0.128188,35.0323,34.5195,11,11,0,0.824229,0.934245,0.110016,0,0,0,0
57.5,2311,1,0.240917,0.240917,0.93316,0.726275,0.206885,35.7326,34.9051,8,8,0,0.939661,0.972773,0.033112,0,0,0,0
57.5,2311,2,0.0359584,0.0359584,0.353951,-0.146041,0.499992,33.4158,31.4158,11,11,0,0.636661,0.718581,0.08192,0,0,0,0
57.5,2311,3,0.0607181,0.0607181,0.869523,0.758065,0.111459,35.4781,35.0323,11,11,0,0.934245,0.603909,0.330336,0,0,0,0
57.6,2312,1,0.20155,0.20155,0.577454,0.93316,0.355707,34.3098,35.7326,8,8,0,0.972773,1.02537,0.0526,0,0,0,0
57.6,2312,2,0.143065,0.143065,0.627365,0.353951,0.273413,34.5095,33.4158,11,11,0,0.718581,0.663389,0.055192,0,0,0,0
57.6,2312,3,0.285504,0.285504,0.931859,0.869523,0.062336,35.7274,35.4781,11,11,0,0.603909,0.986477,0.382568,0,0,0,0
57.7,2313,1,0.056213,0.056213,0.864962,0.577454,0.287508,35.4598,34.3098,8,8,0,1.02537,0.930693,0.09468,0,0,0,0
57.7,2313,2,0.67627,0.67627,0.636544,0.627365,0.00917941,34.5462,34.5095,11,11,0,0.663389,0.688533,0.025144,0,0,1,0
57.7,2313,3,0.376238,0.376238,0.704845,0.931859,0.227014,34.8194,35.7274,11,11,0,0.986477,0.866469,0.120008,0,0,0,0
57.8,2314,1,0.178625,0.178625,0.964343,0.864962,0.0993805,35.8574,35.4598,8,8,0,0.930693,0.948933,0.01824,0,0,0,0
57.8,2314,2,0.135842,0.135842,0.567469,0.636544,0.0690753,34.2699,34.5462,11,11,0,0.688533,0.766861,0.078328,0,0,0,0
57.8,2314,3,0.599101,0.599101,-0.0163147,0.704845,0.72116,31.9347,34.8194,11,11,0,0.866469,1.03168,0.165208,0,0,0,0
57.9,2315,1,0.417261,0.417261,0.854068,0.964343,0.110275,35.4163,35.8574,8,8,0,0.948933,1.09514,0.146208,0,0,0,0
57.9,2315,2,0.715445,0.715445,0.656856,0.567469,0.0893874,34.6274,34.2699,11,11,0,0.766861,0.845165,0.078304,0,0,0,0
57.9,2315,3,1.08216,1.08216,0.775825,-0.0163147,0.79214,35.1033,31.9347,11,11,0,1.03168,0.768357,0.26332,0,0,0,0
58,2316,1,0.289524,0.289524,0.815242,0.854068,0.0388256,35.261,35.4163,8,8,0,1.09514,0.998437,0.096704,0,0,0,0
58,2316,2,0.205743,0.205743,-0.031912,0.656856,0.688768,31.8724,34.6274,11,11,0,0.845165,0.878573,0.033408,0,0,0,0
58,2316,3,0.0809497,0.0809497,0.86863,0.775825,0.092805,35.4745,35.1033,11,11,0,0.768357,0.558293,0.210064,0,0,0,0
58.1,2317,1,0.756563,0.756563,0.983989,0.815242,0.168747,35.936,35.261,8,8,0,0.998437,1.08137,0.082928,0,0,0,0
58.1,2317,2,0.57549,0.57549,0.765657,-0.031912,0.797569,35.0626,31.8724,11,11,0,0.878573,0.664237,0.214336,0,0,0,0
58.1,2317,3,1.15447,1.15447,0.86528,0.86863,0.00334996,35.4611,35.4745,11,11,0,0.558293,0.700405,0.142112,0,0,1,0
58.2,2318,1,0.12241,0.12241,0.623301,0.983989,0.360687,34.4932,35.936,8,8,0,1.08137,0.939957,0.141408,0,0,0,0
58.2,2318,2,0.0169694,0.0169694,0.328056,0.765657,0.437601,33.3122,35.0626,11,11,0,0.664237,0.598285,0.065952,0,1,0,0
58.2,2318,3,0.0397466,0.0397466,0.885628,0.86528,0.0203482,35.5425,35.4611,11,11,0,0.700405,0.870237,0.169832,0,0,0,0
58.3,2319,1,0.17509,0.17509,-0.248918,0.623301,0.872219,31.0043,34.4932,8,8,0,0.939957,0.884861,0.055096,0,0,0,0
58.3,2319,2,1.54363,1.54363,0.0868383,0.328056,0.241218,32.3474,33.3122,11,11,0,0.598285,0.838229,0.239944,0,0,0,0
58.3,2319,3,0.146535,0.146535,0.941323,0.885628,0.0556949,35.7653,35.5425,11,11,0,0.870237,0.730061,0.140176,0,0,0,0
58.4,2320,1,0.26849,0.26849,0.938136,-0.248918,1.18705,35.7525,31.0043,8,8,0,0.884861,0.857557,0.027304,0,0,0,0
58.4,2320,2,0.877836,0.877836,0.856835,0.0868383,0.769996,35.4273,32.3474,11,11,0,0.838229,0.580245,0.257984,0,0,0,0
58.4,2320,3,0.200318,0.200318,0.9701,0.941323,0.0287769,35.8804,35.7653,11,11,0,0.730061,0.983197,0.253136,0,0,0,0
58.5,2321,1,0.100622,0.100622,0.597469,0.938136,0.340667,34.3899,35.7525,8,8,0,0.857557,0.830709,0.026848,0,0,0,0
58.5,2321,2,0.148478,0.148478,0.759668,0.856835,0.0971667,35.0387,35.4273,11,11,0,0.580245,0.781581,0.201336,0,0,0,0
58.5,2321,3,0.733043,0.733043,0.812921,0.9701,0.157179,35.2517,35.8804,11,11,0,0.983197,0.940037,0.04316,0,0,0,0
58.6,2322,1,0.149875,0.149875,0.799035,0.597469,0.201567,35.1961,34.3899,8,8,0,0.830709,0.840109,0.0094,0,0,0,0
58.6,2322,2,0.512756,0.512756,0.644927,0.759668,0.114741,34.5797,35.0387,11,11,0,0.781581,0.769749,0.011832,0,0,0,0
58.6,2322,3,0.282316,0.282316,0.926719,0.812921,0.113797,35.7069,35.2517,11,11,0,0.940037,0.844165,0.095872,0,0,0,0
58.7,2323,1,0.0179018,0.0179018,0.459937,0.799035,0.339099,33.8397,35.1961,8,8,0,0.840109,0.922957,0.082848,0,1,0,0
58.7,2323,2,0.447197,0.447197,0.845572,0.644927,0.200645,35.3823,34.5797,11,11,0,0.769749,0.867557,0.097808,0,0,0,0
58.7,2323,3,0.15264,0.15264,0.64935,0.926719,0.277368,34.5974,35.7069,11,11,0,0.844165,0.889085,0.04492,0,0,0,0
58.8,2324,1,0.666869,0.666869,0.284967,0.459937,0.17497,33.1399,33.8397,8,8,0,0.922957,0.866725,0.056232,0,0,0,0
58.8,2324,2,0.130241,0.130241,0.428323,0.845572,0.417249,33.7133,35.3823,11,11,0,0.867557,0.735133,0.132424,0,0,0,0
58.8,2324,3,0.0433241,0.0433241,0.94797,0.64935,0.29862,35.7919,34.5974,11,11,0,0.889085,0.751589,0.137496,0,0,0,0
58.9,2325,1,0.209809,0.209809,0.831064,0.284967,0.546098,35.3243,33.1399,8,8,0,0.866725,0.833485,0.03324,0,0,0,0
58.9,2325,2,1.02367,1.02367,0.939543,0.428323,0.51122,35.7582,33.7133,11,11,0,0.735133,0.844893,0.10976,0,0,0,0
58.9,2325,3,0.188972,0.188972,0.936743,0.94797,0.0112271,35.747,35.7919,11,11,0,0.751589,0.736725,0.014864,0,0,1,0
59,2326,1,1.02307,1.02307,0.944499,0.831064,0.113434,35.778,35.3243,8,8,0,0.833485,0.920717,0.087232,0,0,0,0
59,2326,2,1.2106,1.2106,0.730724,0.939543,0.20882,34.9229,35.7582,11,11,0,0.844893,0.772045,0.072848,0,0,0,0
59,2326,3,0.0554584,0.0554584,0.918519,0.936743,0.0182246,35.6741,35.747,11,11,0,0.736725,0.927893,0.191168,0,0,1,0
59.1,2327,1,1.20408,1.20408,0.952373,0.944499,0.00787461,35.8095,35.778,8,8,0,0.920717,0.910829,0.009888,0,0,1,0
59.1,2327,2,0.953466,0.953466,0.215388,0.730724,0.515336,32.8616,34.9229,11,11,0,0.772045,0.848077,0.076032,0,0,0,0
59.1,2327,3,0.392263,0.392263,0.823254,0.918519,0.0952651,35.293,35.6741,11,11,0,0.927893,0.869965,0.057928,0,0,0,0
59.2,2328,1,0.024423,0.024423,0.948041,0.952373,0.00433248,35.7922,35.8095,8,8,0,0.910829,1.02073,0.109904,0,0,1,0
59.2,2328,2,1.11212,1.11212,0.301732,0.215388,0.0863447,33.2069,32.8616,11,11,0,0.848077,0.699445,0.148632,0,0,0,0
59.2,2328,3,0.250812,0.250812,0.404693,0.823254,0.418561,33.6188,35.293,11,11,0,0.869965,0.758533,0.111432,0,0,0,0
59.3,2329,1,0.0607929,0.0607929,0.985687,0.948041,0.0376467,35.9427,35.7922,8,8,0,1.02073,1.10027,0.079536,0,0,0,0
59.3,2329,2,1.3603,1.3603,0.937083,0.301732,0.635351,35.7483,33.2069,11,11,0,0.699445,0.725325,0.02588,0,0,0,0
59.3,2329,3,1.04685,1.04685,0.930168,0.404693,0.525474,35.7207,33.6188,11,11,0,0.758533,0.851269,0.092736,0,0,0,0
59.4,2330,1,0.228555,0.228555,0.204508,0.985687,0.78118,32.818,35.9427,8,8,0,1.10027,0.958077,0.142192,0,0,0,0
59.4,2330,2,0.956798,0.956798,0.314168,0.937083,0.622915,33.2567,35.7483,11,11,0,0.725325,0.727213,0.001888,0,0,0,0
59.4,2330,3,1.00983,1.00983,0.725746,0.930168,0.204421,34.903,35.7207,11,11,0,0.851269,0.796949,0.05432,0,0,0,0
59.5,2331,1,0.271038,0.271038,0.265142,0.204508,0.0606343,33.0606,32.818,8,8,0,0.958077,0.833117,0.12496,0,0,0,0
59.5,2331,2,0.478757,0.478757,0.398312,0.314168,0.0841431,33.5932,33.2567,11,11,0,0.727213,0.726109,0.001104,0,0,0,0
59.5,2331,3,0.0889449,0.0889449,0.748327,0.725746,0.0225809,34.9933,34.903,11,11,0,0.796949,0.708245,0.088704,0,0,0,0
59.6,2332,1,0.024063,0.024063,0.893306,0.265142,0.628164,35.5732,33.0606,8,8,0,0.833117,0.874741,0.041624,0,0,0,0
59.6,2332,2,0.898235,0.898235,0.161169,0.398312,0.237143,32.6447,33.5932,11,11,0,0.726109,0.820165,0.094056,0,0,0,0
59.6,2332,3,0.348574,0.348574,0.936108,0.748327,0.187781,35.7444,34.9933,11,11,0,0.708245,0.973309,0.265064,0,0,0,0
59.7,2333,1,0.576942,0.576942,0.939269,0.893306,0.0459626,35.7571,35.5732,8,8,0,0.874741,0.983909,0.109168,0,0,0,0
59.7,2333,2,0.31931,0.31931,0.885918,0.161169,0.724749,35.5437,32.6447,11,11,0,0.820165,0.723109,0.097056,0,0,0,0
59.7,2333,3,0.573846,0.573846,0.837287,0.936108,0.098821,35.3491,35.7444,11,11,0,0.973309,0.811509,0.1618,0,0,0,0
59.8,2334,1,0.462968,0.462968,0.574117,0.939269,0.365152,34.2965,35.7571,8,8,0,0.983909,0.943005,0.040904,0,0,0,0
59.8,2334,2,1.47178,1.47178,0.57355,0.885918,0.312368,34.2942,35.5437,11,11,0,0.723109,0.628357,0.094752,0,0,0,0
59.8,2334,3,0.0378817,0.0378817,0.955127,0.837287,0.117839,35.8205,35.3491,11,11,0,0.811509,0.888829,0.07732,0,0,0,0
59.9,2335,1,0.164861,0.164861,0.940341,0.574117,0.366224,35.7614,34.2965,8,8,0,0.943005,0.872301,0.070704,0,0,0,0
59.9,2335,2,1.5433,1.5433,0.440873,0.57355,0.132678,33.7635,34.2942,11,11,0,0.628357,0.797317,0.16896,0,0,0,0
59.9,2335,3,0.251493,0.251493,0.396646,0.955127,0.558481,33.5866,35.8205,11,11,0,0.888829,0.779477,0.109352,0,0,0,0
60,2336,1,1.12359,1.12359,0.872826,0.940341,0.0675153,35.4913,35.7614,8,8,0,0.872301,1.03759,0.165288,0,0,0,0
60,2336,2,0.494059,0.494059,-0.629415,0.440873,1.07029,29.4823,33.7635,11,11,0,0.797317,0.875165,0.077848,0,0,0,0
60,2336,3,0.265747,0.265747,0.928188,0.396646,0.531542,35.7128,33.5866,11,11,0,0.779477,0.866677,0.0872,0,0,0,0
60.1,2337,1,0.0822063,0.0822063,0.950651,0.872826,0.0778248,35.8026,35.4913,8,11,3,1.03759,0.847485,0.190104,0,0,0,0
60.1,2337,2,0.153194,0.153194,0.541653,-0.629415,1.17107,34.1666,29.4823,11,14,3,0.875165,0.492165,0.383,0,0,0,0
60.1,2337,3,0.564964,0.564964,0.951508,0.928188,0.02332,35.806,35.7128,11,5,-6,0.866677,1.23559,0.368915,0,0,0,0
60.2,2338,1,0.595123,0.595123,0.700164,0.950651,0.250487,34.8007,35.8026,11,11,0,0.847485,0.820157,0.027328,0,0,0,0
60.2,2338,2,0.640908,0.640908,0.0404117,0.541653,0.501242,32.1616,34.1666,14,14,0,0.492165,0.370357,0.121808,0,0,0,0
60.2,2338,3,0.470112,0.470112,0.944449,0.951508,0.00705928,35.7778,35.806,5,5,0,1.23559,1.43591,0.20032,0,0,1,0
60.3,2339,1,0.617824,0.617824,0.863051,0.700164,0.162887,35.4522,34.8007,11,11,0,0.820157,0.814397,0.00576,0,0,0,0
60.3,2339,2,0.0920944,0.0920944,-0.401819,0.0404117,0.44223,30.3927,32.1616,14,14,0,0.370357,0.586637,0.21628,0,0,0,0
60.3,2339,3,1.00153,1.00153,0.813467,0.944449,0.130982,35.2539,35.7778,5,5,0,1.43591,1.48829,0.052376,0,0,0,0
60.4,2340,1,0.201178,0.201178,0.42418,0.863051,0.438871,33.6967,35.4522,11,11,0,0.814397,0.743901,0.070496,0,0,0,0
60.4,2340,2,0.439594,0.439594,0.573507,-0.401819,0.975325,34.294,30.3927,14,14,0,0.586637,0.550221,0.036416,0,0,0,0
60.4,2340,3,0.848956,0.848956,0.990645,0.813467,0.177178,35.9626,35.2539,5,5,0,1.48829,1.47322,0.015072,0,0,0,0
60.5,2341,1,0.292558,0.292558,0.53956,0.42418,0.11538,34.1582,33.6967,11,11,0,0.743901,0.724949,0.018952,0,0,0,0
60.5,2341,2,0.158326,0.158326,0.956737,0.573507,0.38323,35.8269,34.294,14,14,0,0.550221,0.324629,0.225592,0,0,0,0
60.5,2341,3,0.539223,0.539223,0.968647,0.990645,0.0219977,35.8746,35.9626,5,5,0,1.47322,1.47474,0.00152,0,0,0,0
60.6,2342,1,0.434899,0.434899,0.332436,0.53956,0.207124,33.3297,34.1582,11,11,0,0.724949,0.719885,0.005064,0,0,0,0
60.6,2342,2,0.207467,0.207467,0.609889,0.956737,0.346848,34.4396,35.8269,14,14,0,0.324629,0.545893,0.221264,0,0,0,0
60.6,2342,3,0.675112,0.675112,0.984465,0.968647,0.0158175,35.9379,35.8746,5,5,0,1.47474,1.43224,0.042496,0,0,1,0
60.7,2343,1,0.0577382,0.0577382,-0.475936,0.332436,0.808372,30.0963,33.3297,11,11,0,0.719885,0.667829,0.052056,0,0,0,0
60.7,2343,2,0.13611,0.13611,0.353298,0.609889,0.256591,33.4132,34.4396,14,14,0,0.545893,0.626285,0.080392,0,0,0,0
60.7,2343,3,0.844231,0.844231,0.951923,0.984465,0.032542,35.8077,35.9379,5,5,0,1.43224,1.49986,0.067624,0,0,0,0
60.8,2344,1,0.497648,0.497648,0.414776,-0.475936,0.890712,33.6591,30.0963,11,11,0,0.667829,0.611277,0.056552,0,0,0,0
60.8,2344,2,0.63051,0.63051,0.544941,0.353298,0.191642,34.1798,33.4132,14,14,0,0.626285,0.598005,0.02828,0,0,0,0
60.8,2344,3,0.477514,0.477514,0.731759,0.951923,0.220164,34.927,35.8077,5,5,0,1.49986,1.53418,0.034312,0,0,0,0
60.9,2345,1,0.0349151,0.0349151,0.960525,0.414776,0.545749,35.8421,33.6591,11,8,-3,0.611277,0.709605,0.098328,0,0,0,0
60.9,2345,2,0.713138,0.713138,-0.0606726,0.544941,0.605613,31.7573,34.1798,14,6,-8,0.598005,1.09857,0.500563,0,0,0,0
60.9,2345,3,0.250926,0.250926,0.979763,0.731759,0.248004,35.9191,34.927,5,16,11,1.53418,0.324931,1.20925,0,0,0,0
61,2346,1,1.20844,1.20844,0.956731,0.960525,0.00379407,35.8269,35.8421,8,8,0,0.709605,1.02861,0.319,0,0,1,0
61,2346,2,0.876979,0.876979,0.927958,-0.0606726,0.98863,35.7118,31.7573,6,6,0,1.09857,0.957384,0.141184,0,0,0,0
61,2346,3,0.191872,0.191872,0.9055,0.979763,0.0742635,35.622,35.9191,16,16,0,0.324931,0.131707,0.193224,0,0,0,0
61.1,2347,1,0.227942,0.227942,0.891441,0.956731,0.0652907,35.5658,35.8269,8,10,2,1.02861,0.658019,0.370587,0,0,0,0
61.1,2347,2,0.466764,0.466764,0.874322,0.927958,0.0536362,35.4973,35.7118,6,13,7,0.957384,0.350339,0.607045,0,0,0,0
61.1,2347,3,0.0896624,0.0896624,0.324059,0.9055,0.581441,33.2962,35.622,16,7,-9,0.131707,1.00933,0.877624,0,0,0,0
61.2,2348,1,0.0264924,0.0264924,0.949805,0.891441,0.0583639,35.7992,35.5658,10,10,0,0.658019,0.840171,0.182152,0,0,0,0
61.2,2348,2,0.276832,0.276832,0.263574,0.874322,0.610748,33.0543,35.4973,13,13,0,0.350339,0.626603,0.276264,0,0,0,0
61.2,2348,3,0.00869191,0.00869191,0.981234,0.324059,0.657175,35.9249,33.2962,7,7,0,1.00933,0.995931,0.0134,0,1,0,0
61.3,2349,1,0.754399,0.754399,0.602576,0.949805,0.347228,34.4103,35.7992,10,14,4,0.840171,0.569661,0.270509,0,0,0,0
61.3,2349,2,0.297168,0.297168,-0.74131,0.263574,1.00488,29.0348,33.0543,13,8,-5,0.626603,0.945397,0.318795,0,0,0,0
61.3,2349,3,0.664497,0.664497,0.982455,0.981234,0.00122154,35.9298,35.9249,7,8,1,0.995931,0.706517,0.289413,0,0,1,0
61.4,2350,1,0.197005,0.197005,0.677127,0.602576,0.0745503,34.7085,34.4103,14,14,0,0.569661,0.639725,0.070064,0,0,0,0
61.4,2350,2,0.327273,0.327273,0.933523,-0.74131,1.67483,35.7341,29.0348,8,8,0,0.945397,0.744701,0.200696,0,0,0,0
61.4,2350,3,0.720585,0.720585,0.924859,0.982455,0.057596,35.6994,35.9298,8,8,0,0.706517,1.13572,0.4292,0,0,0,0
61.5,2351,1,1.00998,1.00998,0.975091,0.677127,0.297964,35.9004,34.7085,14,9,-5,0.639725,0.884128,0.244403,0,0,0,0
61.5,2351,2,0.296516,0.296516,-0.352581,0.933523,1.2861,30.5897,35.7341,8,10,2,0.744701,0.625715,0.118987,0,0,0,0
61.5,2351,3,0.046044,0.046044,0.983083,0.924859,0.0582235,35.9323,35.6994,8,11,3,1.13572,0.576869,0.558848,0,0,0,0
61.6,2352,1,0.717654,0.717654,0.960282,0.975091,0.0148091,35.8411,35.9004,9,9,0,0.884128,0.996056,0.111928,0,0,1,0
61.6,2352,2,0.0945981,0.0945981,0.912531,-0.352581,1.26511,35.6501,30.5897,10,10,0,0.625715,0.727875,0.10216,0,0,0,0
61.6,2352,3,0.0215873,0.0215873,-0.0842867,0.983083,1.06737,31.6629,35.9323,11,11,0,0.576869,0.773077,0.196208,0,0,0,0
61.7,2353,1,0.097089,0.097089,0.902878,0.960282,0.0574043,35.6115,35.8411,9,14,5,0.996056,0.550541,0.445515,0,0,0,0
61.7,2353,2,0.192335,0.192335,0.935235,0.912531,0.0227038,35.7409,35.6501,10,8,-2,0.727875,1.03372,0.305843,0,0,0,0
61.7,2353,3,0.283669,0.283669,0.645691,-0.0842867,0.729978,34.5828,31.6629,11,8,-3,0.773077,0.766285,0.006792,0,0,0,0
61.8,2354,1,1.35463,1.35463,0.9716,0.902878,0.0687225,35.8864,35.6115,14,14,0,0.550541,0.592653,0.042112,0,0,0,0
61.8,2354,2,0.23523,0.23523,0.696456,0.935235,0.238779,34.7858,35.7409,8,8,0,1.03372,1.17006,0.136344,0,0,0,0
61.8,2354,3,0.257546,0.257546,0.720101,0.645691,0.0744095,34.8804,34.5828,8,8,0,0.766285,0.794149,0.027864,0,0,0,0
61.9,2355,1,0.677321,0.677321,0.878455,0.9716,0.0931451,35.5138,35.8864,14,8,-6,0.592653,0.954205,0.361552,0,0,0,0
61.9,2355,2,0.2149,0.2149,0.901325,0.696456,0.204869,35.6053,34.7858,8,12,4,1.17006,0.682304,0.487757,0,0,0,0
61.9,2355,3,0.728373,0.728373,0.848598,0.720101,0.128497,35.3944,34.8804,8,10,2,0.794149,0.476723,0.317427,0,0,0,0
62,2356,1,0.962641,0.962641,0.892786,0.878455,0.0143307,35.5711,35.5138,8,8,0,0.954205,1.00621,0.052008,0,0,1,0
62,2356,2,1.23361,1.23361,0.492902,0.901325,0.408423,33.9716,35.6053,12,12,0,0.682304,0.727512,0.045208,0,0,0,0
62,2356,3,0.467967,0.467967,0.934824,0.848598,0.0862257,35.7393,35.3944,10,10,0,0.476723,0.620627,0.143904,0,0,0,0
62.1,2357,1,1.4359,1.4359,0.967063,0.892786,0.0742771,35.8683,35.5711,8,12,4,1.00621,0.540728,0.465485,0,0,0,0
62.1,2357,2,0.00953412,0.00953412,0.341445,0.492902,0.151457,33.3658,33.9716,12,7,-5,0.727512,0.998707,0.271195,0,1,0,0
62.1,2357,3,0.801932,0.801932,0.9416,0.934824,0.00677663,35.7664,35.7393,10,11,1,0.620627,0.552509,0.0681173,0,0,1,0
62.2,2358,1,1.16144,1.16144,0.121605,0.967063,0.845458,32.4864,35.8683,12,12,0,0.540728,0.75232,0.211592,0,0,0,0
62.2,2358,2,0.346803,0.346803,0.755387,0.341445,0.413943,35.0215,33.3658,7,7,0,0.998707,0.995699,0.003008,0,0,0,0
62.2,2358,3,0.0047276,0.0047276,0.463596,0.9416,0.478005,33.8544,35.7664,11,11,0,0.552509,0.730029,0.17752,0,1,0,0
62.3,2359,1,0.313721,0.313721,0.928833,0.121605,0.807228,35.7153,32.4864,12,14,2,0.75232,0.530541,0.221779,0,0,0,0
62.3,2359,2,0.148137,0.148137,0.367053,0.755387,0.388334,33.4682,35.0215,7,11,4,0.995699,0.766013,0.229685,0,0,0,0
62.3,2359,3,0.0423762,0.0423762,0.942704,0.463596,0.479109,35.7708,33.8544,11,5,-6,0.730029,1.11798,0.387955,0,0,0,0
62.4,2360,1,0.584537,0.584537,0.660718,0.928833,0.268116,34.6429,35.7153,14,14,0,0.530541,0.441781,0.08876,0,0,0,0
62.4,2360,2,0.561101,0.561101,-0.811597,0.367053,1.17865,28.7536,33.4682,11,11,0,0.766013,0.826981,0.060968,0,0,0,0
62.4,2360,3,0.888747,0.888747,0.853254,0.942704,0.0894499,35.413,35.7708,5,5,0,1.11798,1.46458,0.346592,0,0,0,0
62.5,2361,1,0.358798,0.358798,0.725162,0.660718,0.0644441,34.9006,34.6429,14,10,-4,0.441781,0.909475,0.467693,0,0,0,0
62.5,2361,2,0.273127,0.273127,0.779466,-0.811597,1.59106,35.1179,28.7536,11,10,-1,0.826981,0.616483,0.210499,0,0,0,0
62.5,2361,3,0.700402,0.700402,0.52438,0.853254,0.328874,34.0975,35.413,5,10,5,1.46458,0.853891,0.610685,0,0,0,0
62.6,2362,1,0.230891,0.230891,0.966815,0.725162,0.241653,35.8673,34.9006,10,10,0,0.909475,0.900155,0.00932,0,0,0,0
62.6,2362,2,0.253818,0.253818,-0.738845,0.779466,1.51831,29.0446,35.1179,10,10,0,0.616483,0.710771,0.094288,0,0,0,0
62.6,2362,3,0.175395,0.175395,0.528729,0.52438,0.00434834,34.1149,34.0975,10,10,0,0.853891,0.841763,0.012128,0,0,1,0
62.7,2363,1,0.339325,0.339325,0.867525,0.966815,0.0992897,35.4701,35.8673,10,12,2,0.900155,0.668056,0.232099,0,0,0,0
62.7,2363,2,0.152396,0.152396,0.588443,-0.738845,1.32729,34.3538,29.0446,10,8,-2,0.710771,0.818781,0.108011,0,0,0,0
62.7,2363,3,1.07367,1.07367,0.95206,0.528729,0.423331,35.8082,34.1149,10,10,0,0.841763,0.624763,0.217,0,0,0,0
62.8,2364,1,0.145297,0.145297,0.654018,0.867525,0.213507,34.6161,35.4701,12,12,0,0.668056,0.793224,0.125168,0,0,0,0
62.8,2364,2,0.925888,0.925888,0.505861,0.588443,0.0825822,34.0234,34.3538,8,8,0,0.818781,0.864533,0.045752,0,0,0,0
62.8,2364,3,0.885225,0.885225,0.871478,0.95206,0.080582,35.4859,35.8082,10,10,0,0.624763,0.786595,0.161832,0,0,0,0
62.9,2365,1,0.347502,0.347502,0.925808,0.654018,0.27179,35.7032,34.6161,12,10,-2,0.793224,0.781683,0.0115413,0,0,0,0
62.9,2365,2,0.736183,0.736183,0.885034,0.505861,0.379173,35.5401,34.0234,8,8,0,0.864533,1.00449,0.139952,0,0,0,0
62.9,2365,3,0.22346,0.22346,0.86028,0.871478,0.0111971,35.4411,35.4859,10,12,2,0.786595,0.514648,0.271947,0,0,1,0
63,2366,1,0.739027,0.739027,0.975103,0.925808,0.0492948,35.9004,35.7032,10,10,0,0.781683,0.835707,0.054024,0,0,0,0
63,2366,2,0.149257,0.149257,0.974142,0.885034,0.0891084,35.8966,35.5401,8,8,0,1.00449,1.07879,0.074304,0,0,0,0
63,2366,3,0.0621645,0.0621645,0.936747,0.86028,0.0764663,35.747,35.4411,12,12,0,0.514648,0.58956,0.074912,0,0,0,0
63.1,2367,1,0.594022,0.594022,0.875365,0.975103,0.0997375,35.5015,35.9004,10,10,0,0.835707,0.567515,0.268192,0,0,0,0
63.1,2367,2,0.74154,0.74154,-0.63679,0.974142,1.61093,29.4528,35.8966,8,13,5,1.07879,0.430955,0.647835,0,0,0,0
63.1,2367,3,0.0839778,0.0839778,0.426636,0.936747,0.510111,33.7065,35.747,12,7,-5,0.58956,0.923891,0.334331,0,0,0,0
63.2,2368,1,0.0146132,0.0146132,0.464748,0.875365,0.410617,33.859,35.5015,10,10,0,0.567515,0.891003,0.323488,0,1,0,0
63.2,2368,2,1.22777,1.22777,-0.3841,-0.63679,0.25269,30.4636,29.4528,13,13,0,0.430955,0.620539,0.189584,0,0,0,0
63.2,2368,3,0.194741,0.194741,0.890768,0.426636,0.464132,35.5631,33.7065,7,7,0,0.923891,1.17821,0.25432,0,0,0,0
63.3,2369,1,1.16354,1.16354,0.720043,0.464748,0.255295,34.8802,33.859,10,11,1,0.891003,0.736925,0.154077,0,0,0,0
63.3,2369,2,1.05296,1.05296,0.95408,-0.3841,1.33818,35.8163,30.4636,13,6,-7,0.620539,0.812336,0.191797,0,0,0,0
63.3,2369,3,0.223182,0.223182,0.652915,0.890768,0.237853,34.6117,35.5631,7,13,6,1.17821,0.456691,0.72152,0,0,0,0
63.4,2370,1,1.34225,1.34225,0.242691,0.720043,0.477351,32.9708,34.8802,11,11,0,0.736925,0.777573,0.040648,0,0,0,0
63.4,2370,2,0.0277017,0.0277017,-0.344113,0.95408,1.29819,30.6235,35.8163,6,6,0,0.812336,1.09994,0.287608,0,0,0,0
63.4,2370,3,0.0136313,0.0136313,0.708749,0.652915,0.0558344,34.835,34.6117,13,13,0,0.456691,0.660275,0.203584,0,1,0,0
63.5,2371,1,0.0284889,0.0284889,0.677586,0.242691,0.434894,34.7103,32.9708,11,14,3,0.777573,0.416573,0.361,0,0,0,0
63.5,2371,2,0.158974,0.158974,0.828437,-0.344113,1.17255,35.3137,30.6235,6,10,4,1.09994,0.555643,0.544301,0,0,0,0
63.5,2371,3,0.0325184,0.0325184,0.665449,0.708749,0.0432999,34.6618,34.835,13,6,-7,0.660275,1.25166,0.591389,0,0,0,0
63.6,2372,1,0.662876,0.662876,0.841899,0.677586,0.164313,35.3676,34.7103,14,14,0,0.416573,0.532701,0.116128,0,0,0,0
63.6,2372,2,0.393007,0.393007,0.671835,0.828437,0.156602,34.6873,35.3137,10,10,0,0.555643,0.826899,0.271256,0,0,0,0
63.6,2372,3,0.173838,0.173838,0.542158,0.665449,0.123291,34.1686,34.6618,6,6,0,1.25166,1.1997,0.051968,0,0,0,0
63.7,2373,1,0.151351,0.151351,0.232502,0.841899,0.609397,32.93,35.3676,14,6,-8,0.532701,0.983528,0.450827,0,0,0,0
63.7,2373,2,0.300562,0.300562,0.222378,0.671835,0.449458,32.8895,34.6873,10,9,-1,0.826899,0.931224,0.104325,0,0,0,0
63.7,2373,3,0.164375,0.164375,0.913037,0.542158,0.370879,35.6521,34.1686,6,15,9,1.1997,0.248528,0.951168,0,0,0,0
63.8,2374,1,0.464149,0.464149,0.960182,0.232502,0.72768,35.8407,32.93,6,6,0,0.983528,0.973392,0.010136,0,0,0,0
63.8,2374,2,0.167846,0.167846,0.777483,0.222378,0.555106,35.1099,32.8895,9,9,0,0.931224,0.782456,0.148768,0,0,0,0
63.8,2374,3,0.315325,0.315325,0.953328,0.913037,0.0402907,35.8133,35.6521,15,15,0,0.248528,0.331112,0.082584,0,0,0,0
63.9,2375,1,1.22818,1.22818,0.527601,0.960182,0.432581,34.1104,35.8407,6,13,7,0.973392,0.393459,0.579933,0,0,0,0
63.9,2375,2,1.12885,1.12885,0.768937,0.777483,0.00854635,35.0757,35.1099,9,10,1,0.782456,0.703227,0.0792293,0,0,1,0
63.9,2375,3,0.439948,0.439948,0.640562,0.953328,0.312765,34.5622,35.8133,15,7,-8,0.331112,0.988827,0.657715,0,0,0,0
64,2376,1,0.555124,0.555124,0.907374,0.527601,0.379773,35.6295,34.1104,13,13,0,0.393459,0.553387,0.159928,0,0,0,0
64,2376,2,1.12049,1.12049,0.808978,0.768937,0.0400411,35.2359,35.0757,10,10,0,0.703227,1.01769,0.314464,0,0,0,0
64,2376,3,0.248971,0.248971,0.977594,0.640562,0.337032,35.9104,34.5622,7,7,0,0.988827,1.06459,0.07576,0,0,0,0
64.1,2377,1,0.41699,0.41699,0.974106,0.907374,0.0667315,35.8964,35.6295,13,6,-7,0.553387,1.01887,0.465485,0,0,0,0
64.1,2377,2,0.105541,0.105541,0.171392,0.808978,0.637586,32.6856,35.2359,10,14,4,1.01769,0.552301,0.465389,0,0,0,0
64.1,2377,3,0.404056,0.404056,0.911813,0.977594,0.065781,35.6473,35.9104,7,10,3,1.06459,0.529051,0.535536,0,0,0,0
64.2,2378,1,0.206005,0.206005,0.955619,0.974106,0.0184872,35.8225,35.8964,6,6,0,1.01887,1.11528,0.096408,0,0,1,0
64.2,2378,2,0.419145,0.419145,0.257455,0.171392,0.0860635,33.0298,32.6856,14,14,0,0.552301,0.643957,0.091656,0,0,0,0
64.2,2378,3,0.236343,0.236343,0.941093,0.911813,0.0292801,35.7644,35.6473,10,10,0,0.529051,0.854467,0.325416,0,0,0,0
64.3,2379,1,0.223305,0.223305,0.819451,0.955619,0.136167,35.2778,35.8225,6,14,8,1.11528,0.371005,0.744275,0,0,0,0
64.3,2379,2,0.315351,0.315351,0.819947,0.257455,0.562492,35.2798,33.0298,14,7,-7,0.643957,0.953819,0.309861,0,0,0,0
64.3,2379,3,0.489646,0.489646,0.280291,0.941093,0.660802,33.1212,35.7644,10,9,-1,0.854467,0.619768,0.234699,0,0,0,0
64.4,2380,1,0.629568,0.629568,0.945634,0.819451,0.126182,35.7825,35.2778,14,14,0,0.371005,0.475069,0.104064,0,0,0,0
64.4,2380,2,0.149327,0.149327,0.870731,0.819947,0.0507843,35.4829,35.2798,7,7,0,0.953819,1.22795,0.274136,0,0,0,0
64.4,2380,3,0.441735,0.441735,0.942316,0.280291,0.662025,35.7693,33.1212,9,9,0,0.619768,0.911328,0.29156,0,0,0,0
64.5,2381,1,1.21343,1.21343,0.927461,0.945634,0.018173,35.7098,35.7825,14,10,-4,0.475069,0.837995,0.362925,0,0,1,0
64.5,2381,2,0.340996,0.340996,-0.469164,0.870731,1.33989,30.1233,35.4829,7,11,4,1.22795,0.659269,0.568685,0,0,0,0
64.5,2381,3,0.264181,0.264181,0.858334,0.942316,0.0839816,35.4333,35.7693,9,9,0,0.911328,0.534288,0.37704,0,0,0,0
64.6,2382,1,0.306182,0.306182,0.851533,0.927461,0.0759281,35.4061,35.7098,10,10,0,0.837995,0.950955,0.11296,0,0,0,0
64.6,2382,2,0.612376,0.612376,-0.041551,-0.469164,0.427613,31.8338,30.1233,11,11,0,0.659269,0.686997,0.027728,0,0,0,0
64.6,2382,3,0.389468,0.389468,0.661519,0.858334,0.196816,34.6461,35.4333,9,9,0,0.534288,0.939344,0.405056,0,0,0,0
64.7,2383,1,0.0171184,0.0171184,0.487821,0.851533,0.363712,33.9513,35.4061,10,10,0,0.950955,0.738251,0.212704,0,1,0,0
64.7,2383,2,1.10149,1.10149,0.356599,-0.041551,0.39815,33.4264,31.8338,11,10,-1,0.686997,0.711963,0.0249653,0,0,0,0
64.7,2383,3,0.042125,0.042125,0.890832,0.661519,0.229314,35.5633,34.6461,9,10,1,0.939344,0.569907,0.369437,0,0,0,0
64.8,2384,1,0.355555,0.355555,0.876853,0.487821,0.389033,35.5074,33.9513,10,10,0,0.738251,0.775107,0.036856,0,0,0,0
64.8,2384,2,0.50475,0.50475,0.554467,0.356599,0.197868,34.2179,33.4264,10,10,0,0.711963,0.707419,0.004544,0,0,0,0
64.8,2384,3,0.0831883,0.0831883,0.794417,0.890832,0.0964159,35.1777,35.5633,10,10,0,0.569907,0.713571,0.143664,0,0,0,0
64.9,2385,1,0.589618,0.589618,0.919338,0.876853,0.0424846,35.6774,35.5074,10,11,1,0.775107,0.562469,0.212637,0,0,0,0
64.9,2385,2,0.326401,0.326401,0.104121,0.554467,0.450346,32.4165,34.2179,10,9,-1,0.707419,0.680112,0.0273067,0,0,0,0
64.9,2385,3,0.473215,0.473215,0.943702,0.794417,0.149285,35.7748,35.1777,10,10,0,0.713571,0.682155,0.031416,0,0,0,0
65,2386,1,0.128207,0.128207,0.875473,0.919338,0.043865,35.5019,35.6774,11,11,0,0.562469,0.816029,0.25356,0,0,0,0
65,2386,2,0.911614,0.911614,0.251521,0.104121,0.1474,33.0061,32.4165,9,9,0,0.680112,0.809248,0.129136,0,0,0,0
65,2386,3,0.29348,0.29348,0.929403,0.943702,0.0142983,35.7176,35.7748,10,10,0,0.682155,0.888555,0.2064,0,0,1,0
65.1,2387,1,0.0190039,0.0190039,0.961956,0.875473,0.0864829,35.8478,35.5019,11,11,0,0.816029,0.604597,0.211432,0,1,0,0
65.1,2387,2,0.76736,0.76736,0.522609,0.251521,0.271088,34.0904,33.0061,9,8,-1,0.809248,0.873317,0.0640693,0,0,0,0
65.1,2387,3,0.465542,0.465542,0.649123,0.929403,0.28028,34.5965,35.7176,10,11,1,0.888555,0.501597,0.386957,0,0,0,0
65.2,2388,1,0.273748,0.273748,-0.00565463,0.961956,0.967611,31.9774,35.8478,11,11,0,0.604597,0.706301,0.101704,0,0,0,0
65.2,2388,2,0.0166221,0.0166221,0.889421,0.522609,0.366812,35.5577,34.0904,8,8,0,0.873317,1.08973,0.216408,0,1,0,0
65.2,2388,3,0.551815,0.551815,0.805,0.649123,0.155877,35.22,34.5965,11,11,0,0.501597,0.722357,0.22076,0,0,0,0
65.3,2389,1,0.135833,0.135833,0.938911,-0.00565463,0.944566,35.7556,31.9774,11,9,-2,0.706301,0.582184,0.124117,0,0,0,0
65.3,2389,2,0.576929,0.576929,0.721637,0.889421,0.167785,34.8865,35.5577,8,13,5,1.08973,0.518507,0.571219,0,0,0,0
65.3,2389,3,0.526291,0.526291,-0.272392,0.805,1.07739,30.9104,35.22,11,8,-3,0.722357,0.758205,0.035848,0,0,0,0
65.4,2390,1,0.0268025,0.0268025,0.942467,0.938911,0.0035553,35.7699,35.7556,9,9,0,0.582184,0.884144,0.30196,0,0,1,0
65.4,2390,2,0.196334,0.196334,-0.427433,0.721637,1.14907,30.2903,34.8865,13,13,0,0.518507,0.818027,0.29952,0,0,0,0
65.4,2390,3,0.0661767,0.0661767,0.817976,-0.272392,1.09037,35.2719,30.9104,8,8,0,0.758205,0.819501,0.061296,0,0,0,0
65.5,2391,1,0.777066,0.777066,0.799131,0.942467,0.143336,35.1965,35.7699,9,11,2,0.884144,0.878357,0.00578667,0,0,0,0
65.5,2391,2,0.436078,0.436078,0.808782,-0.427433,1.23621,35.2351,30.2903,13,12,-1,0.818027,0.659208,0.158819,0,0,0,0
65.5,2391,3,0.372845,0.372845,0.860128,0.817976,0.0421517,35.4405,35.2719,8,7,-1,0.819501,0.842803,0.0233013,0,0,0,0
65.6,2392,1,1.05443,1.05443,0.93934,0.799131,0.14021,35.7574,35.1965,11,11,0,0.878357,0.777301,0.101056,0,0,0,0
65.6,2392,2,0.440308,0.440308,0.898431,0.808782,0.0896499,35.5937,35.2351,12,12,0,0.659208,0.526592,0.132616,0,0,0,0
65.6,2392,3,0.358414,0.358414,0.610299,0.860128,0.249828,34.4412,35.4405,7,7,0,0.842803,0.991627,0.148824,0,0,0,0
65.7,2393,1,0.121894,0.121894,0.962806,0.93934,0.0234661,35.8512,35.7574,11,13,2,0.777301,0.478827,0.298475,0,0,0,0
65.7,2393,2,0.462722,0.462722,0.613456,0.898431,0.284976,34.4538,35.5937,12,7,-5,0.526592,1.14747,0.620875,0,0,0,0
65.7,2393,3,0.424921,0.424921,0.100054,0.610299,0.510245,32.4002,34.4412,7,10,3,0.991627,0.605587,0.38604,0,0,0,0
65.8,2394,1,0.27558,0.27558,0.75168,0.962806,0.211127,35.0067,35.8512,13,13,0,0.478827,0.666371,0.187544,0,0,0,0
65.8,2394,2,0.644656,0.644656,0.965209,0.613456,0.351753,35.8608,34.4538,7,7,0,1.14747,1.16818,0.020712,0,0,0,0
65.8,2394,3,0.527293,0.527293,0.362182,0.100054,0.262128,33.4487,32.4002,10,10,0,0.605587,0.669707,0.06412,0,0,0,0
65.9,2395,1,0.552311,0.552311,0.280836,0.75168,0.470844,33.1233,35.0067,13,9,-4,0.666371,0.9504,0.284029,0,0,0,0
65.9,2395,2,0.455519,0.455519,0.847214,0.965209,0.117995,35.3889,35.8608,7,11,4,1.16818,0.760045,0.408133,0,0,0,0
65.9,2395,3,0.141954,0.141954,0.982866,0.362182,0.620684,35.9315,33.4487,10,10,0,0.669707,0.755563,0.085856,0,0,0,0
66,2396,1,0.526565,0.526565,0.835374,0.280836,0.554538,35.3415,33.1233,9,9,0,0.9504,0.776176,0.174224,0,0,0,0
66,2396,2,0.273603,0.273603,0.959975,0.847214,0.112761,35.8399,35.3889,11,11,0,0.760045,0.951013,0.190968,0,0,0,0
66,2396,3,0.713375,0.713375,0.464121,0.982866,0.518745,33.8565,35.9315,10,10,0,0.755563,0.547835,0.207728,0,0,0,0
66.1,2397,1,0.0265397,0.0265397,0.267529,0.835374,0.567845,33.0701,35.3415,9,14,5,0.776176,0.333325,0.442851,0,0,0,0
66.1,2397,2,0.11754,0.11754,0.279613,0.959975,0.680363,33.1185,35.8399,11,10,-1,0.951013,0.932435,0.0185787,0,0,0,0
66.1,2397,3,0.14375,0.14375,0.874858,0.464121,0.410736,35.4994,33.8565,10,6,-4,0.547835,0.915152,0.367317,0,0,0,0
66.2,2398,1,0.0333173,0.0333173,-0.0865247,0.267529,0.354054,31.6539,33.0701,14,14,0,0.333325,0.632797,0.299472,0,0,0,0
66.2,2398,2,0.54479,0.54479,-0.609065,0.279613,0.888678,29.5637,33.1185,10,10,0,0.932435,0.929835,0.0026,0,0,0,0
66.2,2398,3,0.181548,0.181548,0.759861,0.874858,0.114996,35.0394,35.4994,6,6,0,0.915152,1.15314,0.237992,0,0,0,0
66.3,2399,1,0.806561,0.806561,0.127294,-0.0865247,0.213818,32.5092,31.6539,14,7,-7,0.632797,0.877251,0.244453,0,0,0,0
66.3,2399,2,0.0688462,0.0688462,0.935408,-0.609065,1.54447,35.7416,29.5637,10,13,3,0.929835,0.505083,0.424752,0,0,0,0
66.3,2399,3,0.638245,0.638245,0.83852,0.759861,0.0786588,35.3541,35.0394,6,10,4,1.15314,0.975955,0.177189,0,0,0,0
66.4,2400,1,0.303713,0.303713,0.960737,0.127294,0.833443,35.8429,32.5092,7,7,0,0.877251,0.788707,0.088544,0,0,0,0
66.4,2400,2,0.206787,0.206787,-0.033176,0.935408,0.968584,31.8673,35.7416,13,13,0,0.505083,0.468315,0.036768,0,0,0,0
66.4,2400,3,0.102279,0.102279,0.493881,0.83852,0.344639,33.9755,35.3541,10,10,0,0.975955,0.875187,0.100768,0,0,0,0
66.5,2401,1,0.324372,0.324372,0.726319,0.960737,0.234418,34.9053,35.8429,7,12,5,0.788707,0.544344,0.244363,0,0,0,0
66.5,2401,2,1.02159,1.02159,0.601638,-0.033176,0.634815,34.4066,31.8673,13,6,-7,0.468315,0.972856,0.504541,0,0,0,0
66.5,2401,3,0.412992,0.412992,0.708852,0.493881,0.214971,34.8354,33.9755,10,12,2,0.875187,0.43832,0.436867,0,0,0,0
66.6,2402,1,0.0645834,0.0645834,0.0153655,0.726319,0.710953,32.0615,34.9053,12,12,0,0.544344,0.754528,0.210184,0,0,0,0
66.6,2402,2,1.18659,1.18659,0.687466,0.601638,0.0858277,34.7499,34.4066,6,6,0,0.972856,1.17427,0.201416,0,0,0,0
66.6,2402,3,0.411512,0.411512,0.877187,0.708852,0.168335,35.5087,34.8354,12,12,0,0.43832,0.676504,0.238184,0,0,0,0
66.7,2403,1,0.205383,0.205383,0.749984,0.0153655,0.734619,34.9999,32.0615,12,9,-3,0.754528,0.70988,0.044648,0,0,0,0
66.7,2403,2,0.45805,0.45805,0.00929222,0.687466,0.678174,32.0372,34.7499,6,11,5,1.17427,0.604709,0.569563,0,0,0,0
66.7,2403,3,0.0748493,0.0748493,0.82406,0.877187,0.0531272,35.2962,35.5087,12,10,-2,0.676504,0.616571,0.0599333,0,0,0,0
66.8,2404,1,0.0392162,0.0392162,0.983501,0.749984,0.233517,35.934,34.9999,9,9,0,0.70988,0.816024,0.106144,0,0,0,0
66.8,2404,2,0.301205,0.301205,0.862466,0.00929222,0.853174,35.4499,32.0372,11,11,0,0.604709,0.735957,0.131248,0,0,0,0
66.8,2404,3,0.357696,0.357696,0.865189,0.82406,0.0411294,35.4608,35.2962,10,10,0,0.616571,0.898291,0.28172,0,0,0,0
66.9,2405,1,0.0523224,0.0523224,0.9883,0.983501,0.00479853,35.9532,35.934,9,10,1,0.816024,0.649891,0.166133,0,0,1,0
66.9,2405,2,0.551153,0.551153,-0.369362,0.862466,1.23183,30.5226,35.4499,11,9,-2,0.735957,0.789408,0.0534507,0,0,0,0
66.9,2405,3,0.953662,0.953662,0.820277,0.865189,0.044912,35.2811,35.4608,10,11,1,0.898291,0.510189,0.388101,0,0,0,0
67,2406,1,1.14599,1.14599,0.879197,0.9883,0.109103,35.5168,35.9532,10,10,0,0.649891,0.839307,0.189416,0,0,0,0
67,2406,2,0.34214,0.34214,0.815716,-0.369362,1.18508,35.2629,30.5226,9,9,0,0.789408,0.750216,0.039192,0,0,0,0
67,2406,3,1.51019,1.51019,0.62903,0.820277,0.191248,34.5161,35.2811,11,11,0,0.510189,0.773197,0.263008,0,0,0,0
67.1,2407,1,0.460559,0.460559,0.520342,0.879197,0.358854,34.0814,35.5168,10,9,-1,0.839307,0.834264,0.00504267,0,0,0,0
67.1,2407,2,1.40039,1.40039,0.19898,0.815716,0.616737,32.7959,35.2629,9,8,-1,0.750216,0.864485,0.114269,0,0,0,0
67.1,2407,3,0.0335225,0.0335225,0.96093,0.62903,0.3319,35.8437,34.5161,11,13,2,0.773197,0.434035,0.339163,0,0,0,0
67.2,2408,1,0.68303,0.68303,0.900423,0.520342,0.380081,35.6017,34.0814,9,9,0,0.834264,0.948664,0.1144,0,0,0,0
67.2,2408,2,1.48648,1.48648,0.57469,0.19898,0.37571,34.2988,32.7959,8,8,0,0.864485,0.914621,0.050136,0,0,0,0
67.2,2408,3,0.322885,0.322885,0.9283,0.96093,0.0326301,35.7132,35.8437,13,13,0,0.434035,0.453691,0.019656,0,0,0,0
67.3,2409,1,0.358705,0.358705,0.855449,0.900423,0.044974,35.4218,35.6017,9,13,4,0.948664,0.586379,0.362285,0,0,0,0
67.3,2409,2,0.0641194,0.0641194,0.78081,0.57469,0.20612,35.1232,34.2988,8,11,3,0.914621,0.568005,0.346616,0,0,0,0
67.3,2409,3,0.321396,0.321396,0.99235,0.9283,0.0640498,35.9694,35.7132,13,6,-7,0.453691,1.01571,0.562021,0,0,0,0
67.4,2410,1,0.243217,0.243217,0.975468,0.855449,0.120018,35.9019,35.4218,13,13,0,0.586379,0.661603,0.075224,0,0,0,0
67.4,2410,2,1.01054,1.01054,0.0210344,0.78081,0.759776,32.0841,35.1232,11,11,0,0.568005,0.860581,0.292576,0,0,0,0
67.4,2410,3,0.0283032,0.0283032,0.83006,0.99235,0.16229,35.3202,35.9694,6,6,0,1.01571,1.19662,0.180904,0,0,0,0
67.5,2411,1,0.116484,0.116484,0.932273,0.975468,0.0431948,35.7291,35.9019,13,10,-3,0.661603,0.790403,0.1288,0,0,0,0
67.5,2411,2,0.322562,0.322562,0.592366,0.0210344,0.571332,34.3695,32.0841,11,8,-3,0.860581,0.894901,0.03432,0,0,0,0
67.5,2411,3,0.0663289,0.0663289,0.594459,0.83006,0.235601,34.3778,35.3202,6,12,6,1.19662,0.391416,0.8052,0,0,0,0
67.6,2412,1,1.32426,1.32426,0.919729,0.932273,0.0125443,35.6789,35.7291,10,10,0,0.790403,0.893923,0.10352,0,0,1,0
67.6,2412,2,0.299306,0.299306,0.608774,0.592366,0.0164082,34.4351,34.3695,8,8,0,0.894901,0.919461,0.02456,0,0,1,0
67.6,2412,3,0.104475,0.104475,0.886923,0.594459,0.292464,35.5477,34.3778,12,12,0,0.391416,0.59468,0.203264,0,0,0,0
67.7,2413,1,1.39396,1.39396,0.839385,0.919729,0.0803436,35.3575,35.6789,10,12,2,0.893923,0.555312,0.338611,0,0,0,0
67.7,2413,2,1.09622,1.09622,0.364853,0.608774,0.243921,33.4594,34.4351,8,13,5,0.919461,0.544755,0.374707,0,0,0,0
67.7,2413,3,0.529038,0.529038,0.851411,0.886923,0.0355117,35.4056,35.5477,12,5,-7,0.59468,0.97528,0.3806,0,0,0,0
67.8,2414,1,0.36806,0.36806,0.421394,0.839385,0.417991,33.6856,35.3575,12,12,0,0.555312,0.804384,0.249072,0,0,0,0
67.8,2414,2,0.374168,0.374168,0.540463,0.364853,0.17561,34.1619,33.4594,13,13,0,0.544755,0.752691,0.207936,0,0,0,0
67.8,2414,3,0.120053,0.120053,0.950991,0.851411,0.0995803,35.804,35.4056,5,5,0,0.97528,1.30589,0.330608,0,0,0,0
67.9,2415,1,0.0121363,0.0121363,0.558774,0.421394,0.13738,34.2351,33.6856,12,10,-2,0.804384,0.715323,0.0890613,0,1,0,0
67.9,2415,2,0.236272,0.236272,0.776447,0.540463,0.235985,35.1058,34.1619,13,7,-6,0.752691,1.00918,0.256488,0,0,0,0
67.9,2415,3,0.460768,0.460768,0.868388,0.950991,0.082603,35.4736,35.804,5,13,8,1.30589,0.521723,0.784165,0,0,0,0
68,2416,1,0.382613,0.382613,0.932059,0.558774,0.373286,35.7282,34.2351,10,10,0,0.715323,0.782939,0.067616,0,0,0,0
68,2416,2,0.683949,0.683949,0.949752,0.776447,0.173305,35.799,35.1058,7,7,0,1.00918,1.19088,0.181704,0,0,0,0
68,2416,3,0.234562,0.234562,0.965592,0.868388,0.0972033,35.8624,35.4736,13,13,0,0.521723,0.458435,0.063288,0,0,0,0
68.1,2417,1,0.186709,0.186709,0.962127,0.932059,0.0300679,35.8485,35.7282,10,12,2,0.782939,0.51132,0.271619,0,0,0,0
68.1,2417,2,0.935959,0.935959,0.48871,0.949752,0.461043,33.9548,35.799,7,11,4,1.19088,0.813941,0.376941,0,0,0,0
68.1,2417,3,0.0146489,0.0146489,0.62293,0.965592,0.342662,34.4917,35.8624,13,7,-6,0.458435,0.917915,0.45948,0,1,0,0
68.2,2418,1,0.138077,0.138077,0.472032,0.962127,0.490096,33.8881,35.8485,12,12,0,0.51132,0.716864,0.205544,0,0,0,0
68.2,2418,2,0.0710816,0.0710816,0.885142,0.48871,0.396432,35.5406,33.9548,11,11,0,0.813941,0.840869,0.026928,0,0,0,0
68.2,2418,3,0.252777,0.252777,0.961776,0.62293,0.338847,35.8471,34.4917,7,7,0,0.917915,1.04058,0.122664,0,0,0,0
68.3,2419,1,0.014784,0.014784,0.778244,0.472032,0.306213,35.113,33.8881,12,9,-3,0.716864,0.786616,0.069752,0,1,0,0
68.3,2419,2,0.325817,0.325817,0.621152,0.885142,0.26399,34.4846,35.5406,11,11,0,0.840869,0.619445,0.221424,0,0,0,0
68.3,2419,3,0.303296,0.303296,0.538719,0.961776,0.423057,34.1549,35.8471,7,10,3,1.04058,0.453451,0.587128,0,0,0,0
68.4,2420,1,0.339741,0.339741,0.904121,0.778244,0.125877,35.6165,35.113,9,9,0,0.786616,0.713568,0.073048,0,0,0,0
68.4,2420,2,0.12208,0.12208,0.142621,0.621152,0.478531,32.5705,34.4846,11,11,0,0.619445,0.934957,0.315512,0,0,0,0
68.4,2420,3,0.0779456,0.0779456,0.600515,0.538719,0.0617958,34.4021,34.1549,10,10,0,0.453451,0.597331,0.14388,0,0,0,0
68.5,2421,1,0.598594,0.598594,0.741512,0.904121,0.162609,34.966,35.6165,9,11,2,0.713568,0.665781,0.0477867,0,0,0,0
68.5,2421,2,0.264232,0.264232,0.839071,0.142621,0.69645,35.3563,32.5705,11,10,-1,0.934957,0.784755,0.150203,0,0,0,0
68.5,2421,3,0.00964957,0.00964957,0.191203,0.600515,0.409312,32.7648,34.4021,10,9,-1,0.597331,0.618824,0.0214933,0,1,0,0
68.6,2422,1,0.133474,0.133474,0.836294,0.741512,0.0947822,35.3452,34.966,11,11,0,0.665781,0.768805,0.103024,0,0,0,0
68.6,2422,2,0.155689,0.155689,0.968275,0.839071,0.129204,35.8731,35.3563,10,10,0,0.784755,0.896059,0.111304,0,0,0,0
68.6,2422,3,0.0950006,0.0950006,0.83569,0.191203,0.644488,35.3428,32.7648,9,9,0,0.618824,0.757664,0.13884,0,0,0,0
68.7,2423,1,0.316373,0.316373,0.963089,0.836294,0.126795,35.8524,35.3452,11,15,4,0.768805,0.514016,0.254789,0,0,0,0
68.7,2423,2,1.12823,1.12823,-0.828868,0.968275,1.79714,28.6845,35.8731,10,9,-1,0.896059,0.97756,0.0815013,0,0,0,0
68.7,2423,3,0.0827242,0.0827242,0.814649,0.83569,0.0210413,35.2586,35.3428,9,6,-3,0.757664,0.77348,0.015816,0,0,0,0
68.8,2424,1,0.43305,0.43305,0.57487,0.963089,0.388219,34.2995,35.8524,15,15,0,0.514016,0.573432,0.059416,0,0,0,0
68.8,2424,2,0.914188,0.914188,-0.35413,-0.828868,0.474738,30.5835,28.6845,9,9,0,0.97756,0.652816,0.324744,0,0,0,0
68.8,2424,3,0.713003,0.713003,0.994105,0.814649,0.179456,35.9764,35.2586,6,6,0,0.77348,1.20603,0.432552,0,0,0,0
68.9,2425,1,0.0377262,0.0377262,0.587214,0.57487,0.0123439,34.3489,34.2995,15,9,-6,0.573432,1.03934,0.465904,0,0,1,0
68.9,2425,2,0.357445,0.357445,0.712384,-0.35413,1.06651,34.8495,30.5835,9,11,2,0.652816,0.421469,0.231347,0,0,0,0
68.9,2425,3,0.731032,0.731032,0.9437,0.994105,0.0504051,35.7748,35.9764,6,10,4,1.20603,0.744403,0.461629,0,0,0,0
69,2426,1,0.43779,0.43779,0.945968,0.587214,0.358754,35.7839,34.3489,9,9,0,1.03934,0.901272,0.138064,0,0,0,0
69,2426,2,1.52996,1.52996,0.709878,0.712384,0.00250626,34.8395,34.8495,11,11,0,0.421469,0.621677,0.200208,0,0,1,0
69,2426,3,0.513905,0.513905,0.90223,0.9437,0.0414703,35.6089,35.7748,10,10,0,0.744403,0.773915,0.029512,0,0,0,0
69.1,2427,1,0.500854,0.500854,-0.410092,0.945968,1.35606,30.3596,35.7839,9,13,4,0.901272,0.575947,0.325325,0,0,0,0
69.1,2427,2,0.114888,0.114888,0.731632,0.709878,0.0217537,34.9265,34.8395,11,5,-6,0.621677,1.16253,0.540851,0,0,0,0
69.1,2427,3,0.550682,0.550682,0.92105,0.90223,0.0188208,35.6842,35.6089,10,12,2,0.773915,0.481072,0.292843,0,0,1,0
69.2,2428,1,0.102675,0.102675,0.0705458,-0.410092,0.480638,32.2822,30.3596,13,13,0,0.575947,0.529083,0.046864,0,0,0,0
69.2,2428,2,0.145348,0.145348,0.973473,0.731632,0.241841,35.8939,34.9265,5,5,0,1.16253,1.32799,0.165464,0,0,0,0
69.2,2428,3,1.17698,1.17698,0.669773,0.92105,0.251277,34.6791,35.6842,12,12,0,0.481072,0.679768,0.198696,0,0,0,0
69.3,2429,1,1.43654,1.43654,0.800513,0.0705458,0.729967,35.2021,32.2822,13,5,-8,0.529083,0.79804,0.268957,0,0,0,0
69.3,2429,2,0.502811,0.502811,-0.0495499,0.973473,1.02302,31.8018,35.8939,5,15,10,1.32799,0.507144,0.820848,0,0,0,0
69.3,2429,3,0.673161,0.673161,0.860347,0.669773,0.190574,35.4414,34.6791,12,10,-2,0.679768,0.547427,0.132341,0,0,0,0
69.4,2430,1,1.48868,1.48868,0.705878,0.800513,0.094635,34.8235,35.2021,5,5,0,0.79804,1.11661,0.318568,0,0,0,0
69.4,2430,2,0.484216,0.484216,0.932895,-0.0495499,0.982445,35.7316,31.8018,15,15,0,0.507144,0.473616,0.033528,0,0,0,0
69.4,2430,3,0.416689,0.416689,0.790759,0.860347,0.0695882,35.163,35.4414,10,10,0,0.547427,0.784075,0.236648,0,0,0,0
69.5,2431,1,1.12023,1.12023,0.933209,0.705878,0.227332,35.7328,34.8235,5,12,7,1.11661,0.405712,0.710896,0,0,0,0
69.5,2431,2,0.0926161,0.0926161,-0.109169,0.932895,1.04206,31.5633,35.7316,15,9,-6,0.473616,0.858768,0.385152,0,0,0,0
69.5,2431,3,0.0923783,0.0923783,0.517539,0.790759,0.27322,34.0702,35.163,10,9,-1,0.784075,0.621408,0.162667,0,0,0,0
69.6,2432,1,0.862393,0.862393,0.894503,0.933209,0.0387059,35.578,35.7328,12,12,0,0.405712,0.649688,0.243976,0,0,0,0
69.6,2432,2,0.152609,0.152609,0.12406,-0.109169,0.233229,32.4962,31.5633,9,9,0,0.858768,0.850624,0.008144,0,0,0,0
69.6,2432,3,0.394468,0.394468,0.94984,0.517539,0.432301,35.7994,34.0702,9,9,0,0.621408,0.777672,0.156264,0,0,0,0
69.7,2433,1,0.217478,0.217478,0.621064,0.894503,0.273439,34.4843,35.578,12,13,1,0.649688,0.679299,0.0296107,0,0,0,0
69.7,2433,2,0.263979,0.263979,0.261105,0.12406,0.137045,33.0444,32.4962,9,10,1,0.850624,0.542563,0.308061,0,0,0,0
69.7,2433,3,0.198515,0.198515,0.479987,0.94984,0.469853,33.9199,35.7994,9,7,-2,0.777672,0.905091,0.127419,0,0,0,0
69.8,2434,1,0.0644561,0.0644561,0.823213,0.621064,0.202149,35.2929,34.4843,13,13,0,0.679299,0.659219,0.02008,0,0,0,0
69.8,2434,2,0.477255,0.477255,0.160762,0.261105,0.100344,32.643,33.0444,10,10,0,0.542563,0.773139,0.230576,0,0,0,0
69.8,2434,3,0.647001,0.647001,0.921369,0.479987,0.441382,35.6855,33.9199,7,7,0,0.905091,1.08639,0.181296,0,0,0,0
69.9,2435,1,0.0380062,0.0380062,0.752945,0.823213,0.0702682,35.0118,35.2929,13,8,-5,0.659219,1.01647,0.357251,0,0,0,0
69.9,2435,2,0.43468,0.43468,-0.736078,0.160762,0.89684,29.0557,32.643,10,10,0,0.773139,0.675531,0.097608,0,0,0,0
69.9,2435,3,0.136566,0.136566,0.945327,0.921369,0.0239583,35.7813,35.6855,7,12,5,1.08639,0.377984,0.708403,0,0,0,0
70,2436,1,0.0572406,0.0572406,0.610343,0.752945,0.142602,34.4414,35.0118,8,8,0,1.01647,1.11305,0.096576,0,0,0,0
70,2436,2,0.565782,0.565782,0.681658,-0.736078,1.41774,34.7266,29.0557,10,10,0,0.675531,0.620147,0.055384,0,0,0,0
70,2436,3,0.204827,0.204827,0.71595,0.945327,0.229377,34.8638,35.7813,12,12,0,0.377984,0.691488,0.313504,0,0,0,0
70.1,2437,1,0.0198842,0.0198842,0.0755945,0.610343,0.534748,32.3024,34.4414,8,13,5,1.11305,0.534363,0.578683,0,1,0,0
70.1,2437,2,1.05548,1.05548,0.192758,0.681658,0.4889,32.771,34.7266,10,8,-2,0.620147,0.817357,0.197211,0,0,0,0
70.1,2437,3,0.299146,0.299146,0.869567,0.71595,0.153616,35.4783,34.8638,12,9,-3,0.691488,0.785152,0.093664,0,0,0,0
70.2,2438,1,0.942762,0.942762,0.951011,0.0755945,0.875417,35.804,32.3024,13,13,0,0.534363,0.668723,0.13436,0,0,0,0
70.2,2438,2,0.601118,0.601118,0.961312,0.192758,0.768554,35.8452,32.771,8,8,0,0.817357,0.901253,0.083896,0,0,0,0
70.2,2438,3,0.655305,0.655305,-0.216098,0.869567,1.08566,31.1356,35.4783,9,9,0,0.785152,0.939928,0.154776,0,0,0,0
70.3,2439,1,0.00755483,0.00755483,0.77985,0.951011,0.171161,35.1194,35.804,13,8,-5,0.668723,0.924165,0.255443,0,1,0,0
70.3,2439,2,0.0832978,0.0832978,0.551428,0.961312,0.409883,34.2057,35.8452,8,10,2,0.901253,0.895187,0.00606667,0,0,0,0
70.3,2439,3,0.404416,0.404416,-0.277996,-0.216098,0.0618979,30.888,31.1356,9,12,3,0.939928,0.610824,0.329104,0,0,0,0
70.4,2440,1,0.475693,0.475693,0.744437,0.77985,0.0354134,34.9777,35.1194,8,8,0,0.924165,1.07538,0.151216,0,0,0,0
70.4,2440,2,0.160985,0.160985,0.600887,0.551428,0.0494591,34.4035,34.2057,10,10,0,0.895187,1.11307,0.217888,0,0,0,0
70.4,2440,3,0.315752,0.315752,0.827332,-0.277996,1.10533,35.3093,30.888,12,12,0,0.610824,0.451248,0.159576,0,0,0,0
70.5,2441,1,0.414007,0.414007,0.953054,0.744437,0.208617,35.8122,34.9777,8,13,5,1.07538,0.452219,0.623163,0,0,0,0
70.5,2441,2,0.211871,0.211871,0.752624,0.600887,0.151737,35.0105,34.4035,10,9,-1,1.11307,0.932888,0.180187,0,0,0,0
70.5,2441,3,0.074421,0.074421,0.855848,0.827332,0.0285162,35.4234,35.3093,12,8,-4,0.451248,0.657077,0.205829,0,0,0,0
70.6,2442,1,0.203856,0.203856,0.857965,0.953054,0.0950891,35.4319,35.8122,13,13,0,0.452219,0.521835,0.069616,0,0,0,0
70.6,2442,2,1.05051,1.05051,-0.805606,0.752624,1.55823,28.7776,35.0105,9,9,0,0.932888,1.01582,0.082928,0,0,0,0
70.6,2442,3,0.109399,0.109399,0.930216,0.855848,0.0743672,35.7209,35.4234,8,8,0,0.657077,0.918285,0.261208,0,0,0,0
70.7,2443,1,0.201287,0.201287,0.909445,0.857965,0.0514802,35.6378,35.4319,13,10,-3,0.521835,0.898483,0.376648,0,0,0,0
70.7,2443,2,1.43841,1.43841,0.300664,-0.805606,1.10627,33.2027,28.7776,9,13,4,1.01582,0.579883,0.435933,0,0,0,0
70.7,2443,3,0.605004,0.605004,0.79375,0.930216,0.136465,35.175,35.7209,8,8,0,0.918285,0.744749,0.173536,0,0,0,0
70.8,2444,1,0.0482906,0.0482906,0.396209,0.909445,0.513236,33.5848,35.6378,10,9,-1,0.898483,1.00392,0.105437,0,0,0,0
70.8,2444,2,1.6414,1.6414,0.26241,0.300664,0.0382549,33.0496,33.2027,13,13,0,0.579883,0.508059,0.071824,0,0,0,0
70.8,2444,3,0.367575,0.367575,0.966493,0.79375,0.172742,35.866,35.175,8,8,0,0.744749,0.839437,0.094688,0,0,0,0
70.9,2445,1,1.00508,1.00508,0.920571,0.396209,0.524362,35.6823,33.5848,9,14,5,1.00392,0.314125,0.689795,0,0,0,0
70.9,2445,2,1.64957,1.64957,0.980806,0.26241,0.718396,35.9232,33.0496,13,6,-7,0.508059,0.937344,0.429285,0,0,0,0
70.9,2445,3,0.297599,0.297599,0.60418,0.966493,0.362313,34.4167,35.866,8,10,2,0.839437,0.566075,0.273363,0,0,0,0
71,2446,1,0.936803,0.936803,0.925515,0.920571,0.00494432,35.7021,35.6823,14,14,0,0.314125,0.473013,0.158888,0,0,1,0
71,2446,2,0.0722501,0.0722501,0.491026,0.980806,0.48978,33.9641,35.9232,6,6,0,0.937344,1.1953,0.257952,0,0,0,0
71,2446,3,0.335348,0.335348,0.361819,0.60418,0.242361,33.4473,34.4167,10,10,0,0.566075,0.778067,0.211992,0,0,0,0
71.1,2447,1,0.188333,0.188333,0.597939,0.925515,0.327576,34.3918,35.7021,14,15,1,0.473013,0.473384,0.000370666,0,0,0,0
71.1,2447,2,0.700359,0.700359,0.962333,0.491026,0.471307,35.8493,33.9641,6,10,4,1.1953,0.695091,0.500205,0,0,0,0
71.1,2447,3,0.0497603,0.0497603,0.875214,0.361819,0.513395,35.5009,33.4473,10,5,-5,0.778067,0.914176,0.136109,0,0,0,0
71.2,2448,1,0.357137,0.357137,0.908493,0.597939,0.310553,35.634,34.3918,15,15,0,0.473384,0.611256,0.137872,0,0,0,0
71.2,2448,2,0.536151,0.536151,-0.139173,0.962333,1.10151,31.4433,35.8493,10,10,0,0.695091,0.971627,0.276536,0,0,0,0
71.2,2448,3,0.0657265,0.0657265,0.986534,0.875214,0.111321,35.9461,35.5009,5,5,0,0.914176,1.14514,0.230968,0,0,0,0
71.3,2449,1,0.494232,0.494232,0.77736,0.908493,0.131133,35.1094,35.634,15,9,-6,0.611256,0.899144,0.287888,0,0,0,0
71.3,2449,2,0.764758,0.764758,-0.554497,-0.139173,0.415325,29.782,31.4433,10,10,0,0.971627,0.624275,0.347352,0,0,0,0
71.3,2449,3,0.867896,0.867896,0.601522,0.986534,0.385013,34.4061,35.9461,5,11,6,1.14514,0.526885,0.618259,0,0,0,0
71.4,2450,1,0.299897,0.299897,0.656749,0.77736,0.12061,34.627,35.1094,9,9,0,0.899144,1.11622,0.217072,0,0,0,0
71.4,2450,2,1.01363,1.01363,0.980776,-0.554497,1.53527,35.9231,29.782,10,10,0,0.624275,0.641451,0.017176,0,0,0,0
71.4,2450,3,0.578437,0.578437,0.459488,0.601522,0.142034,33.838,34.4061,11,11,0,0.526885,0.677957,0.151072,0,0,0,0
71.5,2451,1,0.839972,0.839972,0.718697,0.656749,0.0619472,34.8748,34.627,9,12,3,1.11622,0.637288,0.478928,0,0,0,0
71.5,2451,2,0.285433,0.285433,0.885074,0.980776,0.0957025,35.5403,35.9231,10,8,-2,0.641451,1.00891,0.367459,0,0,0,0
71.5,2451,3,0.0998389,0.0998389,0.95593,0.459488,0.496442,35.8237,33.838,11,10,-1,0.677957,0.689459,0.0115013,0,0,0,0
71.6,2452,1,1.07317,1.07317,0.222297,0.718697,0.496399,32.8892,34.8748,12,12,0,0.637288,0.707032,0.069744,0,0,0,0
71.6,2452,2,0.565197,0.565197,0.926171,0.885074,0.0410979,35.7047,35.5403,8,8,0,1.00891,1.16561,0.156704,0,0,0,0
71.6,2452,3,0.261231,0.261231,0.924144,0.95593,0.0317862,35.6966,35.8237,10,10,0,0.689459,0.593963,0.095496,0,0,0,0
71.7,2453,1,0.523075,0.523075,0.993013,0.222297,0.770716,35.9721,32.8892,12,12,0,0.707032,0.557856,0.149176,0,0,0,0
71.7,2453,2,0.836074,0.836074,0.765234,0.926171,0.160938,35.0609,35.7047,8,11,3,1.16561,0.831949,0.333664,0,0,0,0
71.7,2453,3,0.229176,0.229176,0.979191,0.924144,0.0550469,35.9168,35.6966,10,7,-3,0.593963,1.00572,0.41176,0,0,0,0
71.8,2454,1,0.519679,0.519679,0.926222,0.993013,0.0667907,35.7049,35.9721,12,12,0,0.557856,0.453512,0.104344,0,0,0,0
71.8,2454,2,0.182962,0.182962,-0.836549,0.765234,1.60178,28.6538,35.0609,11,11,0,0.831949,0.958197,0.126248,0,0,0,0
71.8,2454,3,0.363712,0.363712,0.965256,0.979191,0.0139352,35.861,35.9168,7,7,0,1.00572,1.0392,0.03348,0,0,1,0
71.9,2455,1,1.3025,1.3025,0.94067,0.926222,0.0144475,35.7627,35.7049,12,10,-2,0.453512,0.882723,0.429211,0,0,1,0
71.9,2455,2,1.52057,1.52057,0.826612,-0.836549,1.66316,35.3064,28.6538,11,7,-4,0.958197,0.734139,0.224059,0,0,0,0
71.9,2455,3,0.719509,0.719509,0.793834,0.965256,0.171422,35.1753,35.861,7,13,6,1.0392,0.518075,0.521128,0,0,0,0
72,2456,1,1.2329,1.2329,0.849489,0.94067,0.0911807,35.398,35.7627,10,10,0,0.882723,0.887523,0.0048,0,0,0,0
72,2456,2,0.764427,0.764427,-0.34335,0.826612,1.16996,30.6266,35.3064,7,7,0,0.734139,1.05643,0.322296,0,0,0,0
72,2456,3,0.944247,0.944247,0.98158,0.793834,0.187746,35.9263,35.1753,13,13,0,0.518075,0.561459,0.043384,0,0,0,0
72.1,2457,1,0.0942718,0.0942718,0.933969,0.849489,0.0844793,35.7359,35.398,10,14,4,0.887523,0.454261,0.433261,0,0,0,0
72.1,2457,2,0.817038,0.817038,-0.273036,-0.34335,0.0703147,30.9079,30.6266,7,10,3,1.05643,0.631387,0.425048,0,0,0,0
72.1,2457,3,0.0273442,0.0273442,0.86887,0.98158,0.11271,35.4755,35.9263,13,6,-7,0.561459,1.08629,0.524829,0,0,0,0
72.2,2458,1,0.0489414,0.0489414,0.893353,0.933969,0.0406156,35.5734,35.7359,14,14,0,0.454261,0.632389,0.178128,0,0,0,0
72.2,2458,2,0.617139,0.617139,0.598671,-0.273036,0.871707,34.3947,30.9079,10,10,0,0.631387,0.657691,0.026304,0,0,0,0
72.2,2458,3,0.777228,0.777228,0.965952,0.86887,0.0970826,35.8638,35.4755,6,6,0,1.08629,1.31682,0.230536,0,0,0,0
72.3,2459,1,0.226795,0.226795,0.897521,0.893353,0.00416791,35.5901,35.5734,14,10,-4,0.632389,0.885667,0.253277,0,0,1,0
72.3,2459,2,1.03331,1.03331,0.547322,0.598671,0.0513494,34.1893,34.3947,10,6,-4,0.657691,0.911472,0.253781,0,0,0,0
72.3,2459,3,0.0561808,0.0561808,0.645081,0.965952,0.320871,34.5803,35.8638,6,14,8,1.31682,0.373061,0.943763,0,0,0,0
72.4,2460,1,0.0628815,0.0628815,0.541295,0.897521,0.356226,34.1652,35.5901,10,10,0,0.885667,0.931011,0.045344,0,0,0,0
72.4,2460,2,0.543259,0.543259,0.418161,0.547322,0.129161,33.6726,34.1893,6,6,0,0.911472,1.15165,0.240176,0,0,0,0
72.4,2460,3,0.19173,0.19173,0.691604,0.645081,0.0465228,34.7664,34.5803,14,14,0,0.373061,0.385229,0.012168,0,0,0,0
72.5,2461,1,0.251732,0.251732,0.844988,0.541295,0.303693,35.38,34.1652,10,12,2,0.931011,0.578224,0.352787,0,0,0,0
72.5,2461,2,1.16961,1.16961,0.0721996,0.418161,0.345961,32.2888,33.6726,6,11,5,1.15165,0.621941,0.529707,0,0,0,0
72.5,2461,3,0.56576,0.56576,0.502924,0.691604,0.18868,34.0117,34.7664,14,7,-7,0.385229,0.928355,0.543125,0,0,0,0
72.6,2462,1,0.674765,0.674765,0.914558,0.844988,0.0695701,35.6582,35.38,12,12,0,0.578224,0.778392,0.200168,0,0,0,0
72.6,2462,2,0.400282,0.400282,0.122807,0.0721996,0.0506077,32.4912,32.2888,11,11,0,0.621941,0.712501,0.09056,0,0,0,0
72.6,2462,3,0.501632,0.501632,0.767882,0.502924,0.264958,35.0715,34.0117,7,7,0,0.928355,1.0624,0.134048,0,0,0,0
72.7,2463,1,1.20643,1.20643,0.917602,0.914558,0.00304419,35.6704,35.6582,12,12,0,0.778392,0.641368,0.137024,0,0,1,0
72.7,2463,2,0.219832,0.219832,0.906802,0.122807,0.783994,35.6272,32.4912,11,6,-5,0.712501,0.949584,0.237083,0,0,0,0
72.7,2463,3,0.171702,0.171702,0.555594,0.767882,0.212289,34.2224,35.0715,7,12,5,1.0624,0.455376,0.607027,0,0,0,0
72.8,2464,1,0.316781,0.316781,0.692824,0.917602,0.224779,34.7713,35.6704,12,12,0,0.641368,0.779824,0.138456,0,0,0,0
72.8,2464,2,0.028547,0.028547,0.952069,0.906802,0.0452672,35.8083,35.6272,6,6,0,0.949584,1.20542,0.25584,0,0,0,0
72.8,2464,3,0.498565,0.498565,-0.270147,0.555594,0.825741,30.9194,34.2224,12,12,0,0.455376,0.522384,0.067008,0,0,0,0
72.9,2465,1,0.891336,0.891336,0.981627,0.692824,0.288803,35.9265,34.7713,12,11,-1,0.779824,0.715701,0.0641227,0,0,0,0
72.9,2465,2,0.28409,0.28409,0.894946,0.952069,0.057123,35.5798,35.8083,6,11,5,1.20542,0.881413,0.324011,0,0,0,0
72.9,2465,3,0.700394,0.700394,0.971597,-0.270147,1.24174,35.8864,30.9194,12,8,-4,0.522384,0.570133,0.0477493,0,0,0,0
73,2466,1,1.43328,1.43328,0.743102,0.981627,0.238525,34.9724,35.9265,11,11,0,0.715701,0.822165,0.106464,0,0,0,0
73,2466,2,0.00192577,0.00192577,0.0196509,0.894946,0.875295,32.0786,35.5798,11,11,0,0.881413,1.03037,0.14896,0,1,0,0
73,2466,3,0.475595,0.475595,0.786707,0.971597,0.184889,35.1468,35.8864,8,8,0,0.570133,0.705989,0.135856,0,0,0,0
73.1,2467,1,0.0335168,0.0335168,0.863734,0.743102,0.120632,35.4549,34.9724,11,15,4,0.822165,0.488576,0.333589,0,0,0,0
73.1,2467,2,1.16877,1.16877,0.815851,0.0196509,0.7962,35.2634,32.0786,11,9,-2,1.03037,0.841136,0.189237,0,0,0,0
73.1,2467,3,0.160924,0.160924,0.983343,0.786707,0.196636,35.9334,35.1468,8,6,-2,0.705989,0.966608,0.260619,0,0,0,0
73.2,2468,1,0.338809,0.338809,0.772554,0.863734,0.0911803,35.0902,35.4549,15,15,0,0.488576,0.59608,0.107504,0,0,0,0
73.2,2468,2,1.29844,1.29844,0.866251,0.815851,0.0503997,35.465,35.2634,9,9,0,0.841136,0.941544,0.100408,0,0,0,0
73.2,2468,3,0.376578,0.376578,-0.376961,0.983343,1.3603,30.4922,35.9334,6,6,0,0.966608,1.08566,0.119048,0,0,0,0
73.3,2469,1,0.230851,0.230851,0.97393,0.772554,0.201377,35.8957,35.0902,15,8,-7,0.59608,0.972981,0.376901,0,0,0,0
73.3,2469,2,0.108263,0.108263,-0.487251,0.866251,1.3535,30.051,35.465,9,12,3,0.941544,0.791776,0.149768,0,0,0,0
73.3,2469,3,0.657223,0.657223,0.599323,-0.376961,0.976285,34.3973,30.4922,6,10,4,1.08566,0.313899,0.771757,0,0,0,0
73.4,2470,1,0.0671204,0.0671204,0.988404,0.97393,0.0144739,35.9536,35.8957,8,8,0,0.972981,1.13315,0.160168,0,0,1,0
73.4,2470,2,0.0644616,0.0644616,-0.879624,-0.487251,0.392373,28.4815,30.051,12,12,0,0.791776,0.682128,0.109648,0,0,0,0
73.4,2470,3,0.552284,0.552284,0.741844,0.599323,0.142521,34.9674,34.3973,10,10,0,0.313899,0.499123,0.185224,0,0,0,0
73.5,2471,1,0.60346,0.60346,0.854545,0.988404,0.13386,35.4182,35.9536,8,13,5,1.13315,0.675595,0.457555,0,0,0,0
73.5,2471,2,0.29211,0.29211,0.719228,-0.879624,1.59885,34.8769,28.4815,12,8,-4,0.682128,0.654957,0.0271707,0,0,0,0
73.5,2471,3,0.200892,0.200892,0.866997,0.741844,0.125153,35.468,34.9674,10,9,-1,0.499123,0.810776,0.311653,0,0,0,0
73.6,2472,1,0.630354,0.630354,0.843556,0.854545,0.0109883,35.3742,35.4182,13,13,0,0.675595,0.699059,0.023464,0,0,1,0
73.6,2472,2,1.46363,1.46363,0.971562,0.719228,0.252334,35.8862,34.8769,8,8,0,0.654957,0.963669,0.308712,0,0,0,0
73.6,2472,3,0.0981336,0.0981336,0.707263,0.866997,0.159734,34.8291,35.468,9,9,0,0.810776,0.924128,0.113352,0,0,0,0
73.7,2473,1,0.521883,0.521883,-0.0851755,0.843556,0.928732,31.6593,35.3742,13,10,-3,0.699059,0.806363,0.107304,0,0,0,0
73.7,2473,2,1.78458,1.78458,0.125395,0.971562,0.846167,32.5016,35.8862,8,10,2,0.963669,0.867475,0.0961947,0,0,0,0
73.7,2473,3,0.319201,0.319201,0.849119,0.707263,0.141856,35.3965,34.8291,9,10,1,0.924128,0.478859,0.445269,0,0,0,0
73.8,2474,1,0.283639,0.283639,0.72317,-0.0851755,0.808345,34.8927,31.6593,10,10,0,0.806363,0.684595,0.121768,0,0,0,0
73.8,2474,2,0.0276728,0.0276728,0.150237,0.125395,0.0248422,32.6009,32.5016,10,10,0,0.867475,0.867851,0.000376,0,0,0,0
73.8,2474,3,0.336187,0.336187,0.758416,0.849119,0.0907033,35.0337,35.3965,10,10,0,0.478859,0.767331,0.288472,0,0,0,0
73.9,2475,1,0.126858,0.126858,0.762958,0.72317,0.0397879,35.0518,34.8927,10,13,3,0.684595,0.321571,0.363024,0,0,0,0
73.9,2475,2,1.19728,1.19728,0.45195,0.150237,0.301713,33.8078,32.6009,10,8,-2,0.867851,0.819805,0.0480453,0,0,0,0
73.9,2475,3,0.120093,0.120093,0.786749,0.758416,0.0283332,35.147,35.0337,10,9,-1,0.767331,0.831944,0.0646133,0,0,0,0
74,2476,1,0.265347,0.265347,0.866346,0.762958,0.103388,35.4654,35.0518,13,13,0,0.321571,0.604395,0.282824,0,0,0,0
74,2476,2,0.66686,0.66686,0.734908,0.45195,0.282958,34.9396,33.8078,8,8,0,0.819805,0.995981,0.176176,0,0,0,0
74,2476,3,0.278789,0.278789,0.98467,0.786749,0.197921,35.9387,35.147,9,9,0,0.831944,0.862712,0.030768,0,0,0,0
74.1,2477,1,0.710678,0.710678,0.908135,0.866346,0.0417892,35.6325,35.4654,13,9,-4,0.604395,0.924552,0.320157,0,0,0,0
74.1,2477,2,0.304604,0.304604,0.739705,0.734908,0.0047971,34.9588,34.9396,8,11,3,0.995981,0.693909,0.302072,0,0,1,0
74.1,2477,3,0.378187,0.378187,0.695835,0.98467,0.288836,34.7833,35.9387,9,10,1,0.862712,0.567003,0.295709,0,0,0,0
74.2,2478,1,0.0911836,0.0911836,0.967132,0.908135,0.0589964,35.8685,35.6325,9,9,0,0.924552,0.973496,0.048944,0,0,0,0
74.2,2478,2,0.51446,0.51446,0.797894,0.739705,0.0581885,35.1916,34.9588,11,11,0,0.693909,0.881461,0.187552,0,0,0,0
74.2,2478,3,0.0290101,0.0290101,0.974505,0.695835,0.27867,35.898,34.7833,10,10,0,0.567003,0.715499,0.148496,0,0,0,0
74.3,2479,1,0.582254,0.582254,0.938204,0.967132,0.0289278,35.7528,35.8685,9,12,3,0.973496,0.64136,0.332136,0,0,0,0
74.3,2479,2,0.708146,0.708146,-0.341526,0.797894,1.13942,30.6339,35.1916,11,9,-2,0.881461,1.06147,0.180011,0,0,0,0
74.3,2479,3,1.05929,1.05929,0.505304,0.974505,0.469201,34.0212,35.898,10,9,-1,0.715499,0.610192,0.105307,0,0,0,0
74.4,2480,1,0.0794401,0.0794401,0.820743,0.938204,0.117461,35.283,35.7528,12,12,0,0.64136,0.758816,0.117456,0,0,0,0
74.4,2480,2,0.574362,0.574362,0.940479,-0.341526,1.282,35.7619,30.6339,9,9,0,1.06147,0.727784,0.333688,0,0,0,0
74.4,2480,3,0.713503,0.713503,0.402471,0.505304,0.102833,33.6099,34.0212,9,9,0,0.610192,0.806616,0.196424,0,0,0,0
74.5,2481,1,0.733357,0.733357,0.969432,0.820743,0.148689,35.8777,35.283,12,9,-3,0.758816,0.988528,0.229712,0,0,0,0
74.5,2481,2,0.423045,0.423045,0.87634,0.940479,0.0641384,35.5054,35.7619,9,9,0,0.727784,0.995784,0.268,0,0,0,0
74.5,2481,3,0.724509,0.724509,0.908121,0.402471,0.50565,35.6325,33.6099,9,12,3,0.806616,0.512832,0.293784,0,0,0,0
74.6,2482,1,0.851093,0.851093,0.787667,0.969432,0.181765,35.1507,35.8777,9,9,0,0.988528,0.952904,0.035624,0,0,0,0
74.6,2482,2,0.302108,0.302108,0.384257,0.87634,0.492084,33.537,35.5054,9,9,0,0.995784,1.06424,0.068456,0,0,0,0
74.6,2482,3,0.175112,0.175112,0.571449,0.908121,0.336672,34.2858,35.6325,12,12,0,0.512832,0.384784,0.128048,0,0,0,0
74.7,2483,1,0.17043,0.17043,0.896307,0.787667,0.10864,35.5852,35.1507,9,14,5,0.952904,0.408325,0.544579,0,0,0,0
74.7,2483,2,0.29551,0.29551,0.37599,0.384257,0.0082671,33.504,33.537,9,12,3,1.06424,0.633152,0.431088,0,0,1,0
74.7,2483,3,1.18837,1.18837,0.941803,0.571449,0.370354,35.7672,34.2858,12,4,-8,0.384784,1.18382,0.799032,0,0,0,0
74.8,2484,1,0.203676,0.203676,0.844732,0.896307,0.0515749,35.3789,35.5852,14,14,0,0.408325,0.656973,0.248648,0,0,0,0
74.8,2484,2,0.239753,0.239753,0.201339,0.37599,0.17465,32.8054,33.504,12,12,0,0.633152,0.691944,0.058792,0,0,0,0
74.8,2484,3,1.3431,1.3431,0.966533,0.941803,0.0247297,35.8661,35.7672,4,4,0,1.18382,1.31383,0.130016,0,0,0,0
74.9,2485,1,1.35835,1.35835,0.895442,0.844732,0.05071,35.5818,35.3789,14,10,-4,0.656973,0.817883,0.160909,0,0,0,0
74.9,2485,2,0.113033,0.113033,0.81836,0.201339,0.617021,35.2734,32.8054,12,8,-4,0.691944,0.811685,0.119741,0,0,0,0
74.9,2485,3,0.188669,0.188669,0.896663,0.966533,0.0698696,35.5867,35.8661,4,12,8,1.31383,0.550264,0.763568,0,0,0,0
75,2486,1,1.04715,1.04715,0.796586,0.895442,0.0988554,35.1863,35.5818,10,10,0,0.817883,0.921995,0.104112,0,0,0,0
75,2486,2,0.544279,0.544279,-0.666547,0.81836,1.48491,29.3338,35.2734,8,8,0,0.811685,1.11173,0.30004,0,0,0,0
75,2486,3,0.0976337,0.0976337,0.297112,0.896663,0.599551,33.1884,35.5867,12,12,0,0.550264,0.48604,0.064224,0,0,0,0
75.1,2487,1,0.151317,0.151317,0.926089,0.796586,0.129502,35.7044,35.1863,10,14,4,0.921995,0.516685,0.405309,0,0,0,0
75.1,2487,2,1.01984,1.01984,0.923586,-0.666547,1.59013,35.6943,29.3338,8,10,2,1.11173,0.680243,0.431483,0,0,0,0
75.1,2487,3,0.77095,0.77095,0.955937,0.297112,0.658825,35.8237,33.1884,12,6,-6,0.48604,1.02355,0.537512,0,0,0,0
75.2,2488,1,0.48602,0.48602,0.187657,0.926089,0.738432,32.7506,35.7044,14,14,0,0.516685,0.740557,0.223872,0,0,0,0
75.2,2488,2,1.02712,1.02712,0.0929299,0.923586,0.830656,32.3717,35.6943,10,10,0,0.680243,0.773147,0.092904,0,0,0,0
75.2,2488,3,0.873737,0.873737,0.879965,0.955937,0.0759717,35.5199,35.8237,6,6,0,1.02355,1.20422,0.180672,0,0,0,0
75.3,2489,1,0.482571,0.482571,0.581709,0.187657,0.394052,34.3268,32.7506,14,9,-5,0.740557,0.769032,0.0284747,0,0,0,0
75.3,2489,2,0.0670336,0.0670336,0.826085,0.0929299,0.733155,35.3043,32.3717,10,11,1,0.773147,0.681445,0.0917013,0,0,0,0
75.3,2489,3,0.0124826,0.0124826,0.887043,0.879965,0.00707757,35.5482,35.5199,6,10,4,1.20422,0.801515,0.402709,0,1,1,0
75.4,2490,1,0.17953,0.17953,0.877172,0.581709,0.295463,35.5087,34.3268,9,9,0,0.769032,0.827312,0.05828,0,0,0,0
75.4,2490,2,0.229772,0.229772,0.411382,0.826085,0.414704,33.6455,35.3043,11,11,0,0.681445,0.870325,0.18888,0,0,0,0
75.4,2490,3,0.107174,0.107174,0.963828,0.887043,0.0767851,35.8553,35.5482,10,10,0,0.801515,0.808875,0.00736,0,0,0,0
75.5,2491,1,0.151576,0.151576,0.784865,0.877172,0.0923069,35.1395,35.5087,9,13,4,0.827312,0.416291,0.411021,0,0,0,0
75.5,2491,2,1.64235,1.64235,0.790418,0.411382,0.379036,35.1617,33.6455,11,7,-4,0.870325,1.03919,0.168869,0,0,0,0
75.5,2491,3,0.210518,0.210518,0.911543,0.963828,0.0522855,35.6462,35.8553,10,10,0,0.808875,0.604587,0.204288,0,0,0,0
75.6,2492,1,0.0662963,0.0662963,0.974371,0.784865,0.189506,35.8975,35.1395,13,13,0,0.416291,0.723307,0.307016,0,0,0,0
75.6,2492,2,0.725376,0.725376,-0.285457,0.790418,1.07588,30.8582,35.1617,7,7,0,1.03919,1.14159,0.1024,0,0,0,0
75.6,2492,3,0.153329,0.153329,0.816487,0.911543,0.0950553,35.2659,35.6462,10,10,0,0.604587,0.822667,0.21808,0,0,0,0
75.7,2493,1,0.414457,0.414457,0.824413,0.974371,0.149958,35.2977,35.8975,13,10,-3,0.723307,0.832651,0.109344,0,0,0,0
75.7,2493,2,0.774255,0.774255,0.195224,-0.285457,0.480682,32.7809,30.8582,7,11,4,1.14159,0.524229,0.617365,0,0,0,0
75.7,2493,3,0.231056,0.231056,0.959232,0.816487,0.142745,35.8369,35.2659,10,9,-1,0.822667,0.695832,0.126835,0,0,0,0
75.8,2494,1,0.890635,0.890635,0.909135,0.824413,0.0847225,35.6365,35.2977,10,10,0,0.832651,0.948635,0.115984,0,0,0,0
75.8,2494,2,0.400057,0.400057,0.825668,0.195224,0.630444,35.3027,32.7809,11,11,0,0.524229,0.414445,0.109784,0,0,0,0
75.8,2494,3,0.0750145,0.0750145,0.900827,0.959232,0.0584052,35.6033,35.8369,9,9,0,0.695832,0.85296,0.157128,0,0,0,0
75.9,2495,1,0.0603249,0.0603249,0.990223,0.909135,0.0810874,35.9609,35.6365,10,13,3,0.948635,0.456267,0.492368,0,0,0,0
75.9,2495,2,0.51212,0.51212,0.939178,0.825668,0.113511,35.7567,35.3027,11,7,-4,0.414445,1.09522,0.680773,0,0,0,0
75.9,2495,3,0.11279,0.11279,0.810833,0.900827,0.0899941,35.2433,35.6033,9,10,1,0.85296,0.612155,0.240805,0,0,0,0
76,2496,1,0.42522,0.42522,0.568353,0.990223,0.421869,34.2734,35.9609,13,13,0,0.456267,0.616795,0.160528,0,0,0,0
76,2496,2,1.12198,1.12198,0.662312,0.939178,0.276866,34.6492,35.7567,7,7,0,1.09522,1.19655,0.101328,0,0,0,0
76,2496,3,0.113904,0.113904,0.404437,0.810833,0.406396,33.6177,35.2433,10,10,0,0.612155,0.768739,0.156584,0,0,0,0
76.1,2497,1,0.272369,0.272369,0.863416,0.568353,0.295063,35.4537,34.2734,13,10,-3,0.616795,0.768203,0.151408,0,0,0,0
76.1,2497,2,0.968748,0.968748,0.952625,0.662312,0.290313,35.8105,34.6492,7,11,4,1.19655,0.867565,0.328981,0,0,0,0
76.1,2497,3,0.00949353,0.00949353,0.942639,0.404437,0.538202,35.7706,33.6177,10,9,-1,0.768739,0.566384,0.202355,0,1,0,0
76.2,2498,1,0.450886,0.450886,0.255397,0.863416,0.608018,33.0216,35.4537,10,10,0,0.768203,0.902531,0.134328,0,0,0,0
76.2,2498,2,0.482128,0.482128,-0.0324126,0.952625,0.985037,31.8703,35.8105,11,11,0,0.867565,0.886685,0.01912,0,0,0,0
76.2,2498,3,0.119299,0.119299,0.953026,0.942639,0.010387,35.8121,35.7706,9,9,0,0.566384,0.692176,0.125792,0,0,1,0
76.3,2499,1,0.20752,0.20752,0.9031,0.255397,0.647702,35.6124,33.0216,10,12,2,0.902531,0.611912,0.290619,0,0,0,0
76.3,2499,2,0.262773,0.262773,0.254678,-0.0324126,0.287091,33.0187,31.8703,11,10,-1,0.886685,0.705651,0.181035,0,0,0,0
76.3,2499,3,0.0865495,0.0865495,0.961755,0.953026,0.00872868,35.847,35.8121,9,8,-1,0.692176,0.908189,0.216013,0,0,1,0
76.4,2500,1,0.437301,0.437301,0.845625,0.9031,0.057475,35.3825,35.6124,12,12,0,0.611912,0.622624,0.010712,0,0,0,0
76.4,2500,2,0.00802687,0.00802687,0.722482,0.254678,0.467803,34.8899,33.0187,10,10,0,0.705651,0.776259,0.070608,0,1,0,0
76.4,2500,3,1.07281,1.07281,0.581226,0.961755,0.380528,34.3249,35.847,8,8,0,0.908189,1.02682,0.118632,0,0,0,0
76.5,2501,1,0.177679,0.177679,0.749917,0.845625,0.0957074,34.9997,35.3825,12,9,-3,0.622624,0.971112,0.348488,0,0,0,0
76.5,2501,2,0.76742,0.76742,0.823587,0.722482,0.101105,35.2943,34.8899,10,11,1,0.776259,0.680021,0.0962373,0,0,0,0
76.5,2501,3,0.166637,0.166637,0.401899,0.581226,0.179327,33.6076,34.3249,8,10,2,1.02682,0.547499,0.479323,0,0,0,0
76.6,2502,1,0.513053,0.513053,0.975447,0.749917,0.22553,35.9018,34.9997,9,9,0,0.971112,0.906672,0.06444,0,0,0,0
76.6,2502,2,1.60882,1.60882,0.724873,0.823587,0.0987139,34.8995,35.2943,11,11,0,0.680021,0.968493,0.288472,0,0,0,0
76.6,2502,3,1.23936,1.23936,0.414209,0.401899,0.0123096,33.6568,33.6076,10,10,0,0.547499,0.580387,0.032888,0,0,1,0
76.7,2503,1,0.0831683,0.0831683,0.86496,0.975447,0.110488,35.4598,35.9018,9,9,0,0.906672,0.942816,0.036144,0,0,0,0
76.7,2503,2,0.960022,0.960022,0.494821,0.724873,0.230052,33.9793,34.8995,11,11,0,0.968493,0.891853,0.07664,0,0,0,0
76.7,2503,3,0.164197,0.164197,0.974966,0.414209,0.560758,35.8999,33.6568,10,10,0,0.580387,0.600155,0.019768,0,0,0,0
76.8,2504,1,0.622011,0.622011,0.951425,0.86496,0.0864655,35.8057,35.4598,9,9,0,0.942816,0.973824,0.031008,0,0,0,0
76.8,2504,2,1.04545,1.04545,0.282519,0.494821,0.212302,33.1301,33.9793,11,11,0,0.891853,0.774877,0.116976,0,0,0,0
76.8,2504,3,0.241072,0.241072,0.844074,0.974966,0.130893,35.3763,35.8999,10,10,0,0.600155,0.692291,0.092136,0,0,0,0
76.9,2505,1,0.00912726,0.00912726,0.91311,0.951425,0.0383154,35.6524,35.8057,9,13,4,0.973824,0.469499,0.504325,0,1,0,0
76.9,2505,2,0.0230987,0.0230987,0.371937,0.282519,0.0894184,33.4877,33.1301,11,12,1,0.774877,0.620416,0.154461,0,0,0,0
76.9,2505,3,0.0841118,0.0841118,0.985988,0.844074,0.141914,35.944,35.3763,10,5,-5,0.692291,1.20148,0.509189,0,0,0,0
77,2506,1,0.075564,0.075564,0.960509,0.91311,0.0473994,35.842,35.6524,13,13,0,0.469499,0.639363,0.169864,0,0,0,0
77,2506,2,0.688414,0.688414,-0.804705,0.371937,1.17664,28.7812,33.4877,12,12,0,0.620416,0.597944,0.022472,0,0,0,0
77,2506,3,0.126995,0.126995,0.670362,0.985988,0.315625,34.6814,35.944,5,5,0,1.20148,1.25826,0.056776,0,0,0,0
77.1,2507,1,0.32971,0.32971,0.129511,0.960509,0.830998,32.518,35.842,13,11,-2,0.639363,0.819749,0.180387,0,0,0,0
77.1,2507,2,0.1037,0.1037,0.970551,-0.804705,1.77526,35.8822,28.7812,12,6,-6,0.597944,0.744608,0.146664,0,0,0,0
77.1,2507,3,0.445271,0.445271,0.903917,0.670362,0.233555,35.6157,34.6814,5,13,8,1.25826,0.507187,0.751069,0,0,0,0
77.2,2508,1,0.303662,0.303662,0.840149,0.129511,0.710638,35.3606,32.518,11,11,0,0.819749,0.665573,0.154176,0,0,0,0
77.2,2508,2,0.164011,0.164011,0.985058,0.970551,0.0145078,35.9402,35.8822,6,6,0,0.744608,1.22618,0.481568,0,0,1,0
77.2,2508,3,0.474057,0.474057,0.942404,0.903917,0.0384876,35.7696,35.6157,13,13,0,0.507187,0.538803,0.031616,0,0,0,0
77.3,2509,1,0.618042,0.618042,0.9484,0.840149,0.108251,35.7936,35.3606,11,12,1,0.665573,0.448784,0.216789,0,0,0,0
77.3,2509,2,0.0134501,0.0134501,0.988928,0.985058,0.00386971,35.9557,35.9402,6,11,5,1.22618,0.671989,0.554187,0,1,1,0
77.3,2509,3,0.228289,0.228289,0.722687,0.942404,0.219718,34.8907,35.7696,13,7,-6,0.538803,0.962795,0.423992,0,0,0,0
77.4,2510,1,1.28956,1.28956,0.922567,0.9484,0.0258338,35.6903,35.7936,12,12,0,0.448784,0.638928,0.190144,0,0,0,0
77.4,2510,2,0.443656,0.443656,-0.115089,0.988928,1.10402,31.5396,35.9557,11,11,0,0.671989,0.893037,0.221048,0,0,0,0
77.4,2510,3,0.461091,0.461091,0.837986,0.722687,0.115299,35.3519,34.8907,7,7,0,0.962795,1.02905,0.066256,0,0,0,0
77.5,2511,1,1.14484,1.14484,0.839505,0.922567,0.0830615,35.358,35.6903,12,10,-2,0.638928,0.869371,0.230443,0,0,0,0
77.5,2511,2,0.567674,0.567674,0.939395,-0.115089,1.05448,35.7576,31.5396,11,10,-1,0.893037,0.638763,0.254275,0,0,0,0
77.5,2511,3,0.613384,0.613384,0.713598,0.837986,0.124388,34.8544,35.3519,7,10,3,1.02905,0.610819,0.418232,0,0,0,0
77.6,2512,1,0.30925,0.30925,0.371115,0.839505,0.46839,33.4845,35.358,10,10,0,0.869371,0.873379,0.004008,0,0,0,0
77.6,2512,2,0.3234,0.3234,0.793324,0.939395,0.14607,35.1733,35.7576,10,10,0,0.638763,0.843963,0.2052,0,0,0,0
77.6,2512,3,1.00304,1.00304,0.812583,0.713598,0.0989852,35.2503,34.8544,10,10,0,0.610819,0.673595,0.062776,0,0,0,0
77.7,2513,1,0.154024,0.154024,0.823427,0.371115,0.452312,35.2937,33.4845,10,12,2,0.873379,0.516608,0.356771,0,0,0,0
77.7,2513,2,0.824936,0.824936,-0.000992894,0.793324,0.794317,31.996,35.1733,10,10,0,0.843963,0.911883,0.06792,0,0,0,0
77.7,2513,3,0.602716,0.602716,0.566761,0.812583,0.245822,34.267,35.2503,10,8,-2,0.673595,0.728693,0.0550987,0,0,0,0
77.8,2514,1,0.168112,0.168112,0.841203,0.823427,0.0177764,35.3648,35.2937,12,12,0,0.516608,0.584904,0.068296,0,0,1,0
77.8,2514,2,0.328877,0.328877,0.52393,-0.000992894,0.524923,34.0957,31.996,10,10,0,0.911883,0.713627,0.198256,0,0,0,0
77.8,2514,3,0.235578,0.235578,0.764012,0.566761,0.19725,35.056,34.267,8,8,0,0.728693,0.990541,0.261848,0,0,0,0
77.9,2515,1,0.360447,0.360447,0.835622,0.841203,0.00558138,35.3425,35.3648,12,10,-2,0.584904,0.819427,0.234523,0,0,1,0
77.9,2515,2,0.687261,0.687261,0.893402,0.52393,0.369471,35.5736,34.0957,10,9,-1,0.713627,0.749248,0.0356213,0,0,0,0
77.9,2515,3,0.0941885,0.0941885,0.979292,0.764012,0.215281,35.9172,35.056,8,11,3,0.990541,0.558109,0.432432,0,0,0,0
78,2516,1,0.156388,0.156388,0.9678,0.835622,0.132178,35.8712,35.3425,10,10,0,0.819427,0.911523,0.092096,0,0,0,0
78,2516,2,1.15044,1.15044,0.672998,0.893402,0.220404,34.692,35.5736,9,9,0,0.749248,1.00947,0.260224,0,0,0,0
78,2516,3,0.306434,0.306434,0.834533,0.979292,0.144759,35.3381,35.9172,11,11,0,0.558109,0.637493,0.079384,0,0,0,0
78.1,2517,1,0.180297,0.180297,0.457251,0.9678,0.510549,33.829,35.8712,10,12,2,0.911523,0.53916,0.372363,0,0,0,0
78.1,2517,2,1.13463,1.13463,0.960164,0.672998,0.287166,35.8407,34.692,9,11,2,1.00947,0.838645,0.170827,0,0,0,0
78.1,2517,3,0.375077,0.375077,0.947175,0.834533,0.112641,35.7887,35.3381,11,7,-4,0.637493,1.01642,0.378925,0,0,0,0
78.2,2518,1,0.0333521,0.0333521,0.985426,0.457251,0.528175,35.9417,33.829,12,12,0,0.53916,0.687112,0.147952,0,0,0,0
78.2,2518,2,0.853879,0.853879,0.789753,0.960164,0.170411,35.159,35.8407,11,11,0,0.838645,0.877957,0.039312,0,0,0,0
78.2,2518,3,0.080065,0.080065,-0.495844,0.947175,1.44302,30.0166,35.7887,7,7,0,1.01642,1.1448,0.128384,0,0,0,0
78.3,2519,1,0.0941951,0.0941951,-0.118169,0.985426,1.10359,31.5273,35.9417,12,9,-3,0.687112,0.838856,0.151744,0,0,0,0
78.3,2519,2,0.427416,0.427416,-0.0814585,0.789753,0.871212,31.6742,35.159,11,11,0,0.877957,1.079,0.20104,0,0,0,0
78.3,2519,3,0.17287,0.17287,0.976402,-0.495844,1.47225,35.9056,30.0166,7,10,3,1.1448,0.701939,0.442864,0,0,0,0
78.4,2520,1,0.057165,0.057165,0.939102,-0.118169,1.05727,35.7564,31.5273,9,9,0,0.838856,0.80872,0.030136,0,0,0,0
78.4,2520,2,0.541912,0.541912,0.352146,-0.0814585,0.433604,33.4086,31.6742,11,11,0,1.079,0.770709,0.308288,0,0,0,0
78.4,2520,3,0.295556,0.295556,0.918107,0.976402,0.0582945,35.6724,35.9056,10,10,0,0.701939,0.797811,0.095872,0,0,0,0
78.5,2521,1,0.35813,0.35813,0.411389,0.939102,0.527712,33.6456,35.7564,9,13,4,0.80872,0.462611,0.346109,0,0,0,0
78.5,2521,2,0.760164,0.760164,0.828522,0.352146,0.476376,35.3141,33.4086,11,9,-2,0.770709,0.848544,0.0778347,0,0,0,0
78.5,2521,3,0.709154,0.709154,0.753349,0.918107,0.164758,35.0134,35.6724,10,8,-2,0.797811,0.859077,0.0612667,0,0,0,0
78.6,2522,1,0.0256999,0.0256999,0.675972,0.411389,0.264582,34.7039,33.6456,13,13,0,0.462611,0.607243,0.144632,0,0,0,0
78.6,2522,2,0.446921,0.446921,0.15464,0.828522,0.673883,32.6186,35.3141,9,9,0,0.848544,0.913544,0.065,0,0,0,0
78.6,2522,3,0.710884,0.710884,0.885121,0.753349,0.131772,35.5405,35.0134,8,8,0,0.859077,0.995061,0.135984,0,0,0,0
78.7,2523,1,0.164604,0.164604,0.888527,0.675972,0.212555,35.5541,34.7039,13,9,-4,0.607243,0.8176,0.210357,0,0,0,0
78.7,2523,2,0.686394,0.686394,0.389451,0.15464,0.234811,33.5578,32.6186,9,11,2,0.913544,0.472701,0.440843,0,0,0,0
78.7,2523,3,1.1822,1.1822,0.909113,0.885121,0.0239918,35.6365,35.5405,8,10,2,0.995061,0.677571,0.317491,0,0,0,0
78.8,2524,1,0.340861,0.340861,0.995083,0.888527,0.106556,35.9803,35.5541,9,9,0,0.8176,0.99276,0.17516,0,0,0,0
78.8,2524,2,1.21519,1.21519,0.317019,0.389451,0.0724317,33.2681,33.5578,11,11,0,0.472701,0.600949,0.128248,0,0,0,0
78.8,2524,3,0.792938,0.792938,0.98329,0.909113,0.0741776,35.9332,35.6365,10,10,0,0.677571,0.822763,0.145192,0,0,0,0
78.9,2525,1,0.327123,0.327123,0.61097,0.995083,0.384113,34.4439,35.9803,9,13,4,0.99276,0.523691,0.469069,0,0,0,0
78.9,2525,2,0.227314,0.227314,0.814505,0.317019,0.497485,35.258,33.2681,11,8,-3,0.600949,0.837045,0.236096,0,0,0,0
78.9,2525,3,0.440014,0.440014,0.87488,0.98329,0.10841,35.4995,35.9332,10,9,-1,0.822763,0.749424,0.0733387,0,0,0,0
79,2526,1,0.440139,0.440139,0.744746,0.61097,0.133776,34.979,34.4439,13,13,0,0.523691,0.604987,0.081296,0,0,0,0
79,2526,2,0.559754,0.559754,0.431212,0.814505,0.383292,33.7248,35.258,8,8,0,0.837045,1.10166,0.264616,0,0,0,0
79,2526,3,0.141841,0.141841,0.899858,0.87488,0.0249779,35.5994,35.4995,9,9,0,0.749424,0.925384,0.17596,0,0,0,0
79.1,2527,1,0.864955,0.864955,0.616286,0.744746,0.12846,34.4651,34.979,13,9,-4,0.604987,0.860104,0.255117,0,0,0,0
79.1,2527,2,0.654605,0.654605,0.178739,0.431212,0.252474,32.715,33.7248,8,11,3,1.10166,0.574397,0.527264,0,0,0,0
79.1,2527,3,0.443392,0.443392,0.928636,0.899858,0.0287781,35.7145,35.5994,9,10,1,0.925384,0.644147,0.281237,0,0,0,0
79.2,2528,1,0.465015,0.465015,0.735894,0.616286,0.119608,34.9436,34.4651,9,9,0,0.860104,0.948736,0.088632,0,0,0,0
79.2,2528,2,0.537962,0.537962,0.715655,0.178739,0.536916,34.8626,32.715,11,11,0,0.574397,0.646725,0.072328,0,0,0,0
79.2,2528,3,0.0220041,0.0220041,0.669426,0.928636,0.259211,34.6777,35.7145,10,10,0,0.644147,0.878691,0.234544,0,0,0,0
79.3,2529,1,0.297183,0.297183,0.832335,0.735894,0.0964409,35.3293,34.9436,9,12,3,0.948736,0.57284,0.375896,0,0,0,0
79.3,2529,2,0.000363544,0.000363544,0.70678,0.715655,0.00887501,34.8271,34.8626,11,11,0,0.646725,0.724901,0.078176,0,1,1,0
79.3,2529,3,0.246821,0.246821,0.960531,0.669426,0.291105,35.8421,34.6777,10,7,-3,0.878691,1.08508,0.206392,0,0,0,0
79.4,2530,1,0.296522,0.296522,0.984169,0.832335,0.151834,35.9367,35.3293,12,12,0,0.57284,0.678032,0.105192,0,0,0,0
79.4,2530,2,0.668003,0.668003,0.93953,0.70678,0.232751,35.7581,34.8271,11,11,0,0.724901,0.790781,0.06588,0,0,0,0
79.4,2530,3,0.447014,0.447014,0.826803,0.960531,0.133728,35.3072,35.8421,7,7,0,1.08508,1.10869,0.023608,0,0,0,0
79.5,2531,1,0.201378,0.201378,0.631423,0.984169,0.352746,34.5257,35.9367,12,6,-6,0.678032,1.02448,0.346448,0,0,0,0
79.5,2531,2,0.0607058,0.0607058,0.43509,0.93953,0.50444,33.7404,35.7581,11,11,0,0.790781,0.691133,0.099648,0,0,0,0
79.5,2531,3,0.18817,0.18817,0.868195,0.826803,0.041392,35.4728,35.3072,7,13,6,1.10869,0.388851,0.71984,0,0,0,0
79.6,2532,1,0.122602,0.122602,0.914443,0.631423,0.28302,35.6578,34.5257,6,6,0,1.02448,1.02186,0.002624,0,0,0,0
79.6,2532,2,0.0145479,0.0145479,-0.124077,0.43509,0.559168,31.5037,33.7404,11,11,0,0.691133,0.790261,0.099128,0,1,0,0
79.6,2532,3,0.118434,0.118434,0.926353,0.868195,0.0581581,35.7054,35.4728,13,13,0,0.388851,0.539955,0.151104,0,0,0,0
79.7,2533,1,0.217154,0.217154,0.679586,0.914443,0.234857,34.7183,35.6578,6,14,8,1.02186,0.385573,0.636283,0,0,0,0
79.7,2533,2,1.86707,1.86707,0.763819,-0.124077,0.887896,35.0553,31.5037,11,8,-3,0.790261,0.690685,0.099576,0,0,0,0
79.7,2533,3,0.541488,0.541488,0.996435,0.926353,0.0700815,35.9857,35.7054,13,8,-5,0.539955,0.902669,0.362715,0,0,0,0
79.8,2534,1,0.555893,0.555893,0.798607,0.679586,0.119021,35.1944,34.7183,14,14,0,0.385573,0.524965,0.139392,0,0,0,0
79.8,2534,2,0.909745,0.909745,0.69102,0.763819,0.0727986,34.7641,35.0553,8,8,0,0.690685,0.905109,0.214424,0,0,0,0
79.8,2534,3,0.409974,0.409974,0.573272,0.996435,0.423162,34.2931,35.9857,8,8,0,0.902669,1.0534,0.150728,0,0,0,0
79.9,2535,1,0.668946,0.668946,0.840689,0.798607,0.0420821,35.3628,35.1944,14,6,-8,0.524965,1.05118,0.526211,0,0,0,0
79.9,2535,2,0.952747,0.952747,0.468119,0.69102,0.222902,33.8725,34.7641,8,13,5,0.905109,0.604331,0.300779,0,0,0,0
79.9,2535,3,0.0841295,0.0841295,0.498563,0.573272,0.0747095,33.9943,34.2931,8,11,3,1.0534,0.570277,0.48312,0,0,0,0
80,2536,1,0.632749,0.632749,0.911097,0.840689,0.0704082,35.6444,35.3628,6,6,0,1.05118,1.18862,0.137448,0,0,0,0
80,2536,2,0.307006,0.307006,0.934824,0.468119,0.466706,35.7393,33.8725,13,13,0,0.604331,0.683571,0.07924,0,0,0,0
80,2536,3,0.157766,0.157766,0.678778,0.498563,0.180216,34.7151,33.9943,11,11,0,0.570277,0.615093,0.044816,0,0,0,0
80.1,2537,1,0.0301391,0.0301391,0.983852,0.911097,0.0727547,35.9354,35.6444,6,15,9,1.18862,0.360552,0.828072,0,0,0,0
80.1,2537,2,0.152398,0.152398,0.791794,0.934824,0.14303,35.1672,35.7393,13,6,-7,0.683571,1.16782,0.484253,0,0,0,0
80.1,2537,3,0.352214,0.352214,0.972597,0.678778,0.293819,35.8904,34.7151,11,9,-2,0.615093,0.586736,0.0283573,0,0,0,0
80.2,2538,1,0.00100347,0.00100347,0.974467,0.983852,0.00938505,35.8979,35.9354,15,15,0,0.360552,0.439256,0.078704,0,1,1,0
80.2,2538,2,0.0500625,0.0500625,0.207744,0.791794,0.58405,32.831,35.1672,6,6,0,1.16782,1.29741,0.129584,0,0,0,0
80.2,2538,3,0.593734,0.593734,0.617243,0.972597,0.355354,34.469,35.8904,9,9,0,0.586736,0.791424,0.204688,0,0,0,0
80.3,2539,1,0.572956,0.572956,0.899619,0.974467,0.0748484,35.5985,35.8979,15,9,-6,0.439256,0.910584,0.471328,0,0,0,0
80.3,2539,2,0.725917,0.725917,0.0912986,0.207744,0.116446,32.3652,32.831,6,11,5,1.29741,0.412701,0.884707,0,0,0,0
80.3,2539,3,0.205152,0.205152,0.961634,0.617243,0.344391,35.8465,34.469,9,10,1,0.791424,0.562787,0.228637,0,0,0,0
80.4,2540,1,0.126221,0.126221,0.422885,0.899619,0.476733,33.6915,35.5985,9,9,0,0.910584,1.01055,0.099968,0,0,0,0
80.4,2540,2,1.05382,1.05382,0.980296,0.0912986,0.888997,35.9212,32.3652,11,11,0,0.412701,0.533285,0.120584,0,0,0,0
80.4,2540,3,0.209319,0.209319,0.247575,0.961634,0.714059,32.9903,35.8465,10,10,0,0.562787,0.853595,0.290808,0,0,0,0
80.5,2541,1,0.0902881,0.0902881,0.838369,0.422885,0.415484,35.3535,33.6915,9,13,4,1.01055,0.395019,0.615533,0,0,0,0
80.5,2541,2,0.524297,0.524297,0.903619,0.980296,0.0766774,35.6145,35.9212,11,11,0,0.533285,0.966653,0.433368,0,0,0,0
80.5,2541,3,0.0484526,0.0484526,0.850828,0.247575,0.603253,35.4033,32.9903,10,6,-4,0.853595,0.950856,0.0972613,0,0,0,0
80.6,2542,1,0.101444,0.101444,-0.0281108,0.838369,0.86648,31.8876,35.3535,13,13,0,0.395019,0.501491,0.106472,0,0,0,0
80.6,2542,2,0.496755,0.496755,-0.628417,0.903619,1.53204,29.4863,35.6145,11,11,0,0.966653,0.922541,0.044112,0,0,0,0
80.6,2542,3,0.245932,0.245932,0.933623,0.850828,0.0827952,35.7345,35.4033,6,6,0,0.950856,1.13629,0.185432,0,0,0,0
80.7,2543,1,0.0300763,0.0300763,0.903629,-0.0281108,0.93174,35.6145,31.8876,13,6,-7,0.501491,0.940376,0.438885,0,0,0,0
80.7,2543,2,0.763156,0.763156,0.158058,-0.628417,0.786475,32.6322,29.4863,11,14,3,0.922541,0.482061,0.44048,0,0,0,0
80.7,2543,3,0.273444,0.273444,0.983006,0.933623,0.0493833,35.932,35.7345,6,10,4,1.13629,0.976811,0.159477,0,0,0,0
80.8,2544,1,0.499295,0.499295,0.983427,0.903629,0.0797973,35.9337,35.6145,6,6,0,0.940376,1.07615,0.135776,0,0,0,0
80.8,2544,2,0.747232,0.747232,0.631436,0.158058,0.473377,34.5257,32.6322,14,14,0,0.482061,0.446445,0.035616,0,0,0,0
80.8,2544,3,0.136624,0.136624,0.91893,0.983006,0.0640768,35.6757,35.932,10,10,0,0.976811,0.966411,0.0104,0,0,0,0
80.9,2545,1,0.53006,0.53006,0.933683,0.983427,0.049744,35.7347,35.9337,6,12,6,1.07615,0.457208,0.618944,0,0,0,0
80.9,2545,2,0.496681,0.496681,0.842747,0.631436,0.211312,35.371,34.5257,14,10,-4,0.446445,0.653651,0.207205,0,0,0,0
80.9,2545,3,0.120134,0.120134,0.89307,0.91893,0.0258595,35.5723,35.6757,10,8,-2,0.966411,0.962885,0.00352533,0,0,0,0
81,2546,1,1.1747,1.1747,0.869119,0.933683,0.0645634,35.4765,35.7347,12,12,0,0.457208,0.571144,0.113936,0,0,0,0
81,2546,2,0.216307,0.216307,0.0789957,0.842747,0.763752,32.316,35.371,10,10,0,0.653651,0.893611,0.23996,0,0,0,0
81,2546,3,0.142156,0.142156,0.693476,0.89307,0.199594,34.7739,35.5723,8,8,0,0.962885,0.988189,0.025304,0,0,0,0
81.1,2547,1,1.27498,1.27498,0.766573,0.869119,0.102546,35.0663,35.4765,12,7,-5,0.571144,0.981475,0.410331,0,0,0,0
81.1,2547,2,0.0507424,0.0507424,0.544479,0.0789957,0.465483,34.1779,32.316,10,12,2,0.893611,0.564944,0.328667,0,0,0,0
81.1,2547,3,0.067499,0.067499,0.937888,0.693476,0.244412,35.7516,34.7739,8,11,3,0.988189,0.484669,0.50352,0,0,0,0
81.2,2548,1,0.163237,0.163237,0.920898,0.766573,0.154326,35.6836,35.0663,7,7,0,0.981475,1.0534,0.071928,0,0,0,0
81.2,2548,2,0.169039,0.169039,0.10356,0.544479,0.440919,32.4142,34.1779,12,12,0,0.564944,0.673248,0.108304,0,0,0,0
81.2,2548,3,0.532526,0.532526,0.95936,0.937888,0.021472,35.8374,35.7516,11,11,0,0.484669,0.723861,0.239192,0,0,0,0
81.3,2549,1,0.156175,0.156175,0.899217,0.920898,0.0216816,35.5969,35.6836,7,13,6,1.0534,0.403243,0.65016,0,0,0,0
81.3,2549,2,0.503277,0.503277,0.348042,0.10356,0.244483,33.3922,32.4142,12,9,-3,0.673248,0.751624,0.078376,0,0,0,0
81.3,2549,3,0.0259064,0.0259064,0.284083,0.95936,0.675277,33.1363,35.8374,11,8,-3,0.723861,0.971973,0.248112,0,0,0,0
81.4,2550,1,1.19168,1.19168,0.799163,0.899217,0.100054,35.1967,35.5969,13,13,0,0.403243,0.630347,0.227104,0,0,0,0
81.4,2550,2,0.659025,0.659025,0.859653,0.348042,0.511611,35.4386,33.3922,9,9,0,0.751624,0.830176,0.078552,0,0,0,0
81.4,2550,3,0.20457,0.20457,0.954384,0.284083,0.670301,35.8175,33.1363,8,8,0,0.971973,1.00779,0.035816,0,0,0,0
81.5,2551,1,1.01289,1.01289,0.944658,0.799163,0.145495,35.7786,35.1967,13,9,-4,0.630347,0.827328,0.196981,0,0,0,0
81.5,2551,2,0.106819,0.106819,0.355535,0.859653,0.504119,33.4221,35.4386,9,10,1,0.830176,0.846259,0.0160827,0,0,0,0
81.5,2551,3,0.395463,0.395463,0.552427,0.954384,0.401957,34.2097,35.8175,8,11,3,1.00779,0.464661,0.543128,0,0,0,0
81.6,2552,1,0.913521,0.913521,0.887923,0.944658,0.056735,35.5517,35.7786,9,9,0,0.827328,1.03037,0.20304,0,0,0,0
81.6,2552,2,0.739285,0.739285,0.500957,0.355535,0.145423,34.0038,33.4221,10,10,0,0.846259,0.799147,0.047112,0,0,0,0
81.6,2552,3,0.111968,0.111968,0.96934,0.552427,0.416913,35.8774,34.2097,11,11,0,0.464661,0.653789,0.189128,0,0,0,0
81.7,2553,1,0.960383,0.960383,0.257382,0.887923,0.630541,33.0295,35.5517,9,15,6,1.03037,0.285456,0.744912,0,0,0,0
81.7,2553,2,0.100678,0.100678,0.363302,0.500957,0.137655,33.4532,34.0038,10,8,-2,0.799147,0.836709,0.0375627,0,0,0,0
81.7,2553,3,0.306167,0.306167,0.890807,0.96934,0.0785324,35.5632,35.8774,11,7,-4,0.653789,0.911715,0.257925,0,0,0,0
81.8,2554,1,0.121204,0.121204,0.826051,0.257382,0.568669,35.3042,33.0295,15,15,0,0.285456,0.532616,0.24716,0,0,0,0
81.8,2554,2,0.582272,0.582272,0.9118,0.363302,0.548497,35.6472,33.4532,8,8,0,0.836709,0.935061,0.098352,0,0,0,0
81.8,2554,3,0.349757,0.349757,0.909067,0.890807,0.01826,35.6363,35.5632,7,7,0,0.911715,1.21613,0.304416,0,0,1,0
81.9,2555,1,1.24732,1.24732,0.372794,0.826051,0.453257,33.4912,35.3042,15,9,-6,0.532616,0.725416,0.1928,0,0,0,0
81.9,2555,2,1.42333,1.42333,0.828002,0.9118,0.083798,35.312,35.6472,8,10,2,0.935061,0.732035,0.203027,0,0,0,0
81.9,2555,3,0.692414,0.692414,0.908774,0.909067,0.000293255,35.6351,35.6363,7,11,4,1.21613,0.491629,0.724501,0,0,1,0
82,2556,1,1.44216,1.44216,0.503241,0.372794,0.130447,34.013,33.4912,9,9,0,0.725416,0.787864,0.062448,0,0,0,0
82,2556,2,0.0416485,0.0416485,0.790957,0.828002,0.0370447,35.1638,35.312,10,10,0,0.732035,1.00959,0.277552,0,0,0,0
82,2556,3,0.164146,0.164146,0.85076,0.908774,0.058014,35.403,35.6351,11,11,0,0.491629,0.703053,0.211424,0,0,0,0
82.1,2557,1,0.024859,0.024859,0.980518,0.503241,0.477277,35.9221,34.013,9,11,2,0.787864,0.560765,0.227099,0,0,0,0
82.1,2557,2,0.574927,0.574927,-0.0580433,0.790957,0.849,31.7678,35.1638,10,9,-1,1.00959,0.962056,0.0475307,0,0,0,0
82.1,2557,3,0.259868,0.259868,0.993171,0.85076,0.142411,35.9727,35.403,11,10,-1,0.703053,0.713259,0.0102053,0,0,0,0
82.2,2558,1,0.485932,0.485932,0.894905,0.980518,0.085613,35.5796,35.9221,11,11,0,0.560765,0.760621,0.199856,0,0,0,0
82.2,2558,2,0.0282467,0.0282467,0.625234,-0.0580433,0.683277,34.5009,31.7678,9,9,0,0.962056,0.745464,0.216592,0,0,0,0
82.2,2558,3,0.212191,0.212191,0.926924,0.993171,0.0662467,35.7077,35.9727,10,10,0,0.713259,0.870347,0.157088,0,0,0,0
82.3,2559,1,0.31299,0.31299,0.700565,0.894905,0.19434,34.8023,35.5796,11,6,-5,0.760621,0.954344,0.193723,0,0,0,0
82.3,2559,2,0.371919,0.371919,0.898385,0.625234,0.273151,35.5935,34.5009,9,13,4,0.745464,0.512235,0.233229,0,0,0,0
82.3,2559,3,0.848618,0.848618,0.916489,0.926924,0.010435,35.666,35.7077,10,11,1,0.870347,0.671717,0.198629,0,0,1,0
82.4,2560,1,0.727667,0.727667,0.948271,0.700565,0.247706,35.7931,34.8023,6,6,0,0.954344,0.905424,0.04892,0,0,0,0
82.4,2560,2,0.365445,0.365445,0.502538,0.898385,0.395847,34.0102,35.5935,13,13,0,0.512235,0.534275,0.02204,0,0,0,0
82.4,2560,3,0.0997653,0.0997653,0.751846,0.916489,0.164644,35.0074,35.666,11,11,0,0.671717,0.659405,0.012312,0,0,0,0
82.5,2561,1,0.258592,0.258592,0.947968,0.948271,0.000302792,35.7919,35.7931,6,12,6,0.905424,0.40768,0.497744,0,0,1,0
82.5,2561,2,0.133755,0.133755,-0.0684435,0.502538,0.570982,31.7262,34.0102,13,10,-3,0.534275,0.760387,0.226112,0,0,0,0
82.5,2561,3,1.22246,1.22246,0.858735,0.751846,0.106889,35.4349,35.0074,11,8,-3,0.659405,0.773277,0.113872,0,0,0,0
82.6,2562,1,0.833728,0.833728,0.578888,0.947968,0.36908,34.3156,35.7919,12,12,0,0.40768,0.682784,0.275104,0,0,0,0
82.6,2562,2,0.390741,0.390741,0.152374,-0.0684435,0.220817,32.6095,31.7262,10,10,0,0.760387,0.681635,0.078752,0,0,0,0
82.6,2562,3,1.36,1.36,0.988294,0.858735,0.129559,35.9532,35.4349,8,8,0,0.773277,1.10066,0.327384,0,0,0,0
82.7,2563,1,0.980568,0.980568,0.857479,0.578888,0.278592,35.4299,34.3156,12,10,-2,0.682784,0.743219,0.0604347,0,0,0,0
82.7,2563,2,0.0332786,0.0332786,0.842152,0.152374,0.689778,35.3686,32.6095,10,8,-2,0.681635,0.671453,0.0101813,0,0,0,0
82.7,2563,3,0.608966,0.608966,0.423107,0.988294,0.565187,33.6924,35.9532,8,12,4,1.10066,0.705192,0.395469,0,0,0,0
82.8,2564,1,0.117571,0.117571,-0.0675364,0.857479,0.925016,31.7299,35.4299,10,10,0,0.743219,0.940219,0.197,0,0,0,0
82.8,2564,2,0.246152,0.246152,0.82391,0.842152,0.0182414,35.2956,35.3686,8,8,0,0.671453,1.09593,0.42448,0,0,1,0
82.8,2564,3,0.0905792,0.0905792,0.419596,0.423107,0.0035111,33.6784,33.6924,12,12,0,0.705192,0.602688,0.102504,0,0,1,0
82.9,2565,1,0.15072,0.15072,0.613951,-0.0675364,0.681487,34.4558,31.7299,10,12,2,0.940219,0.591888,0.348331,0,0,0,0
82.9,2565,2,0.0922356,0.0922356,0.891721,0.82391,0.0678105,35.5669,35.2956,8,10,2,1.09593,1.03628,0.0596507,0,0,0,0
82.9,2565,3,0.0114419,0.0114419,0.981381,0.419596,0.561785,35.9255,33.6784,12,8,-4,0.602688,0.824429,0.221741,0,1,0,0
83,2566,1,0.181449,0.181449,0.770906,0.613951,0.156955,35.0836,34.4558,12,12,0,0.591888,0.446688,0.1452,0,0,0,0
83,2566,2,0.786581,0.786581,0.824997,0.891721,0.0667235,35.3,35.5669,10,10,0,1.03628,0.986539,0.049744,0,0,0,0
83,2566,3,0.497918,0.497918,0.638563,0.981381,0.342818,34.5543,35.9255,8,8,0,0.824429,0.969909,0.14548,0,0,0,0
83.1,2567,1,1.51433,1.51433,0.965596,0.770906,0.19469,35.8624,35.0836,12,5,-7,0.446688,1.01618,0.569488,0,0,0,0
83.1,2567,2,0.378767,0.378767,0.0288639,0.824997,0.796133,32.1155,35.3,10,13,3,0.986539,0.573899,0.41264,0,0,0,0
83.1,2567,3,0.106682,0.106682,0.944495,0.638563,0.305932,35.778,34.5543,8,12,4,0.969909,0.671864,0.298045,0,0,0,0
83.2,2568,1,1.37246,1.37246,0.911493,0.965596,0.0541027,35.646,35.8624,5,5,0,1.01618,1.17678,0.1606,0,0,0,0
83.2,2568,2,0.179418,0.179418,-0.342665,0.0288639,0.371529,30.6293,32.1155,13,13,0,0.573899,0.540875,0.033024,0,0,0,0
83.2,2568,3,0.283763,0.283763,0.961586,0.944495,0.0170916,35.8463,35.778,12,12,0,0.671864,0.683168,0.011304,0,0,1,0
83.3,2569,1,0.144345,0.144345,0.959229,0.911493,0.0477353,35.8369,35.646,5,13,8,1.17678,0.508195,0.668581,0,0,0,0
83.3,2569,2,0.315394,0.315394,0.837675,-0.342665,1.18034,35.3507,30.6293,13,10,-3,0.540875,0.596795,0.05592,0,0,0,0
83.3,2569,3,0.639129,0.639129,0.9659,0.961586,0.00431335,35.8636,35.8463,12,7,-5,0.683168,1.09915,0.415987,0,0,1,0
83.4,2570,1,0.276598,0.276598,0.924775,0.959229,0.0344538,35.6991,35.8369,13,13,0,0.508195,0.484235,0.02396,0,0,0,0
83.4,2570,2,0.590112,0.590112,-0.613277,0.837675,1.45095,29.5469,35.3507,10,10,0,0.596795,0.693995,0.0972,0,0,0,0
83.4,2570,3,0.676109,0.676109,0.84887,0.9659,0.11703,35.3955,35.8636,7,7,0,1.09915,1.12237,0.023216,0,0,0,0
83.5,2571,1,0.366995,0.366995,0.757442,0.924775,0.167333,35.0298,35.6991,13,7,-6,0.484235,0.924275,0.44004,0,0,0,0
83.5,2571,2,0.106431,0.106431,0.817738,-0.613277,1.43102,35.271,29.5469,10,10,0,0.693995,0.604427,0.089568,0,0,0,0
83.5,2571,3,0.274288,0.274288,0.605851,0.84887,0.243018,34.4234,35.3955,7,13,6,1.12237,0.490131,0.63224,0,0,0,0
83.6,2572,1,0.254872,0.254872,0.974667,0.757442,0.217226,35.8987,35.0298,7,7,0,0.924275,1.10225,0.177976,0,0,0,0
83.6,2572,2,0.346053,0.346053,-0.113692,0.817738,0.93143,31.5452,35.271,10,10,0,0.604427,0.598491,0.005936,0,0,0,0
83.6,2572,3,0.0661935,0.0661935,0.850337,0.605851,0.244486,35.4013,34.4234,13,13,0,0.490131,0.693971,0.20384,0,0,0,0
83.7,2573,1,0.245466,0.245466,0.983955,0.974667,0.00928718,35.9358,35.8987,7,14,7,1.10225,0.316461,0.785789,0,0,1,0
83.7,2573,2,0.0475556,0.0475556,0.0469406,-0.113692,0.160632,32.1878,31.5452,10,9,-1,0.598491,0.713408,0.114917,0,0,0,0
83.7,2573,3,0.175803,0.175803,0.874468,0.850337,0.0241308,35.4979,35.4013,13,7,-6,0.693971,0.937267,0.243296,0,0,0,0
83.8,2574,1,0.641996,0.641996,0.93683,0.983955,0.0471241,35.7473,35.9358,14,14,0,0.316461,0.513933,0.197472,0,0,0,0
83.8,2574,2,0.0173183,0.0173183,0.854258,0.0469406,0.807318,35.417,32.1878,9,9,0,0.713408,0.722096,0.008688,0,1,0,0
83.8,2574,3,0.143041,0.143041,0.976115,0.874468,0.101647,35.9045,35.4979,7,7,0,0.937267,1.19658,0.259312,0,0,0,0
83.9,2575,1,0.717521,0.717521,0.91966,0.93683,0.0171706,35.6786,35.7473,14,12,-2,0.513933,0.67556,0.161627,0,0,1,0
83.9,2575,2,0.151086,0.151086,0.380358,0.854258,0.4739,33.5214,35.417,9,7,-2,0.722096,0.918027,0.195931,0,0,0,0
83.9,2575,3,0.00862032,0.00862032,0.836415,0.976115,0.1397,35.3457,35.9045,7,11,4,1.19658,0.699069,0.497509,0,1,0,0
84,2576,1,0.832791,0.832791,0.669958,0.91966,0.249702,34.6798,35.6786,12,12,0,0.67556,0.566904,0.108656,0,0,0,0
84,2576,2,0.415278,0.415278,-0.0058152,0.380358,0.386173,31.9767,33.5214,7,7,0,0.918027,1.02259,0.104568,0,0,0,0
84,2576,3,0.0670323,0.0670323,0.888766,0.836415,0.0523504,35.5551,35.3457,11,11,0,0.699069,0.808365,0.109296,0,0,0,0
84.1,2577,1,0.0863143,0.0863143,0.379009,0.669958,0.290949,33.516,34.6798,12,14,2,0.566904,0.464661,0.102243,0,0,0,0
84.1,2577,2,0.578581,0.578581,-0.200132,-0.0058152,0.194316,31.1995,31.9767,7,9,2,1.02259,0.625408,0.397187,0,0,0,0
84.1,2577,3,0.000273883,0.000273883,0.697891,0.888766,0.190875,34.7916,35.5551,11,7,-4,0.808365,1.06936,0.260997,0,1,0,0
84.2,2578,1,0.484531,0.484531,0.944978,0.379009,0.565969,35.7799,33.516,14,14,0,0.464661,0.535501,0.07084,0,0,0,0
84.2,2578,2,0.145415,0.145415,-0.341105,-0.200132,0.140974,30.6356,31.1995,9,9,0,0.625408,0.707512,0.082104,0,0,0,0
84.2,2578,3,0.647566,0.647566,-0.0851092,0.697891,0.783,31.6596,34.7916,7,7,0,1.06936,1.22913,0.159768,0,0,0,0
84.3,2579,1,0.325428,0.325428,-0.100318,0.944978,1.0453,31.5987,35.7799,14,10,-4,0.535501,0.987235,0.451733,0,0,0,0
84.3,2579,2,0.149923,0.149923,0.857533,-0.341105,1.19864,35.4301,30.6356,9,8,-1,0.707512,0.760941,0.0534293,0,0,0,0
84.3,2579,3,0.390585,0.390585,0.985453,-0.0851092,1.07056,35.9418,31.6596,7,12,5,1.22913,0.335328,0.893803,0,0,0,0
84.4,2580,1,0.0461186,0.0461186,0.683279,-0.100318,0.783597,34.7331,31.5987,10,10,0,0.987235,0.756915,0.23032,0,0,0,0
84.4,2580,2,1.22686,1.22686,0.842176,0.857533,0.0153568,35.3687,35.4301,8,8,0,0.760941,1.05477,0.293832,0,0,1,0
84.4,2580,3,0.829518,0.829518,0.820604,0.985453,0.164849,35.2824,35.9418,12,12,0,0.335328,0.721984,0.386656,0,0,0,0
84.5,2581,1,0.226215,0.226215,0.848567,0.683279,0.165288,35.3943,34.7331,10,10,0,0.756915,0.584963,0.171952,0,0,0,0
84.5,2581,2,0.799919,0.799919,0.663186,0.842176,0.17899,34.6527,35.3687,8,8,0,1.05477,1.05251,0.002264,0,0,0,0
84.5,2581,3,0.270007,0.270007,0.773983,0.820604,0.0466208,35.0959,35.2824,12,12,0,0.721984,0.649816,0.072168,0,0,0,0
84.6,2582,1,0.429662,0.429662,0.870081,0.848567,0.0215133,35.4803,35.3943,10,10,0,0.584963,0.678035,0.093072,0,0,0,0
84.6,2582,2,0.436538,0.436538,0.789618,0.663186,0.126432,35.1585,34.6527,8,8,0,1.05251,1.04414,0.008368,0,0,0,0
84.6,2582,3,0.381192,0.381192,0.92485,0.773983,0.150866,35.6994,35.0959,12,12,0,0.649816,0.662008,0.012192,0,0,0,0
84.7,2583,1,0.532624,0.532624,0.960616,0.870081,0.0905355,35.8425,35.4803,10,9,-1,0.678035,0.6336,0.0444347,0,0,0,0
84.7,2583,2,0.929086,0.929086,0.749872,0.789618,0.039746,34.9995,35.1585,8,14,6,1.04414,0.497101,0.54704,0,0,0,0
84.7,2583,3,0.312662,0.312662,0.233403,0.92485,0.691447,32.9336,35.6994,12,7,-5,0.662008,0.985771,0.323763,0,0,0,0
84.8,2584,1,0.39107,0.39107,0.772724,0.960616,0.187892,35.0909,35.8425,9,9,0,0.6336,0.829096,0.195496,0,0,0,0
84.8,2584,2,0.346262,0.346262,0.901591,0.749872,0.151719,35.6064,34.9995,14,14,0,0.497101,0.669045,0.171944,0,0,0,0
84.8,2584,3,0.0717428,0.0717428,0.821617,0.233403,0.588214,35.2865,32.9336,7,7,0,0.985771,1.00703,0.021264,0,0,0,0
84.9,2585,1,0.331416,0.331416,0.808856,0.772724,0.0361325,35.2354,35.0909,9,10,1,0.829096,0.720875,0.108221,0,0,0,0
84.9,2585,2,0.234067,0.234067,0.17921,0.901591,0.722381,32.7168,35.6064,14,9,-5,0.669045,0.844648,0.175603,0,0,0,0
84.9,2585,3,0.0719941,0.0719941,0.942935,0.821617,0.121318,35.7717,35.2865,7,11,4,1.00703,0.435629,0.571405,0,0,0,0
85,2586,1,0.297643,0.297643,0.558745,0.808856,0.250111,34.235,35.2354,10,10,0,0.720875,0.703899,0.016976,0,0,0,0
85,2586,2,0.796793,0.796793,0.768788,0.17921,0.589578,35.0752,32.7168,9,9,0,0.844648,0.851568,0.00692,0,0,0,0
85,2586,3,0.40953,0.40953,0.959035,0.942935,0.0161003,35.8361,35.7717,11,11,0,0.435629,0.832741,0.397112,0,0,1,0
85.1,2587,1,0.173309,0.173309,0.858081,0.558745,0.299336,35.4323,34.235,10,13,3,0.703899,0.385315,0.318584,0,0,0,0
85.1,2587,2,0.695899,0.695899,0.960825,0.768788,0.192037,35.8433,35.0752,9,11,2,0.851568,0.608461,0.243107,0,0,0,0
85.1,2587,3,0.0657057,0.0657057,0.784375,0.959035,0.17466,35.1375,35.8361,11,6,-5,0.832741,1.12005,0.287307,0,0,0,0
85.2,2588,1,0.129322,0.129322,0.277516,0.858081,0.580565,33.1101,35.4323,13,13,0,0.385315,0.441835,0.05652,0,0,0,0
85.2,2588,2,0.0407085,0.0407085,0.368807,0.960825,0.592017,33.4752,35.8433,11,11,0,0.608461,0.791917,0.183456,0,0,0,0
85.2,2588,3,0.940743,0.940743,0.909039,0.784375,0.124664,35.6362,35.1375,6,6,0,1.12005,1.20354,0.083488,0,0,0,0
85.3,2589,1,0.456217,0.456217,0.655346,0.277516,0.37783,34.6214,33.1101,13,10,-3,0.441835,0.621851,0.180016,0,0,0,0
85.3,2589,2,1.47083,1.47083,0.844952,0.368807,0.476145,35.3798,33.4752,11,8,-3,0.791917,0.954261,0.162344,0,0,0,0
85.3,2589,3,0.605989,0.605989,0.75222,0.909039,0.156819,35.0089,35.6362,6,12,6,1.20354,0.586792,0.616744,0,0,0,0
85.4,2590,1,1.08861,1.08861,0.651867,0.655346,0.00347841,34.6075,34.6214,10,10,0,0.621851,0.677659,0.055808,0,0,1,0
85.4,2590,2,1.01905,1.01905,0.96327,0.844952,0.118318,35.8531,35.3798,8,8,0,0.954261,1.12891,0.174648,0,0,0,0
85.4,2590,3,0.320614,0.320614,-0.00735735,0.75222,0.759578,31.9706,35.0089,12,12,0,0.586792,0.750584,0.163792,0,0,0,0
85.5,2591,1,0.95401,0.95401,0.824561,0.651867,0.172693,35.2982,34.6075,10,6,-4,0.677659,0.923424,0.245765,0,0,0,0
85.5,2591,2,0.554935,0.554935,-0.647485,0.96327,1.61076,29.4101,35.8531,8,14,6,1.12891,0.565965,0.562944,0,0,0,0
85.5,2591,3,0.305281,0.305281,-0.403563,-0.00735735,0.396205,30.3857,31.9706,12,10,-2,0.750584,0.697827,0.0527573,0,0,0,0
85.6,2592,1,0.104737,0.104737,0.804246,0.824561,0.020314,35.217,35.2982,6,6,0,0.923424,1.43074,0.50732,0,0,0,0
85.6,2592,2,0.0643408,0.0643408,0.329759,-0.647485,0.977244,33.319,29.4101,14,14,0,0.565965,0.579013,0.013048,0,0,0,0
85.6,2592,3,0.329234,0.329234,0.837037,-0.403563,1.2406,35.3481,30.3857,10,10,0,0.697827,0.597435,0.100392,0,0,0,0
85.7,2593,1,0.218756,0.218756,0.606285,0.804246,0.197962,34.4251,35.217,6,14,8,1.43074,0.522285,0.908459,0,0,0,0
85.7,2593,2,0.840137,0.840137,0.891324,0.329759,0.561564,35.5653,33.319,14,8,-6,0.579013,0.758213,0.1792,0,0,0,0
85.7,2593,3,0.29002,0.29002,0.983506,0.837037,0.146469,35.934,35.3481,10,8,-2,0.597435,0.718413,0.120979,0,0,0,0
85.8,2594,1,0.250436,0.250436,0.918581,0.606285,0.312296,35.6743,34.4251,14,14,0,0.522285,0.493045,0.02924,0,0,0,0
85.8,2594,2,0.602956,0.602956,0.873595,0.891324,0.0177287,35.4944,35.5653,8,8,0,0.758213,1.18243,0.424216,0,0,1,0
85.8,2594,3,0.177306,0.177306,0.441151,0.983506,0.542356,33.7646,35.934,8,8,0,0.718413,0.968245,0.249832,0,0,0,0
85.9,2595,1,0.280005,0.280005,0.98149,0.918581,0.0629088,35.926,35.6743,14,9,-5,0.493045,0.718096,0.225051,0,0,0,0
85.9,2595,2,0.20846,0.20846,-0.0960374,0.873595,0.969632,31.6159,35.4944,8,12,4,1.18243,0.6264,0.556029,0,0,0,0
85.9,2595,3,0.248477,0.248477,0.92784,0.441151,0.48669,35.7114,33.7646,8,9,1,0.968245,0.529744,0.438501,0,0,0,0
86,2596,1,0.715977,0.715977,0.893294,0.98149,0.0881953,35.5732,35.926,9,9,0,0.718096,0.936048,0.217952,0,0,0,0
86,2596,2,0.216977,0.216977,-0.157656,-0.0960374,0.0616183,31.3694,31.6159,12,12,0,0.6264,0.592968,0.033432,0,0,0,0
86,2596,3,0.0720102,0.0720102,0.761173,0.92784,0.166667,35.0447,35.7114,9,9,0,0.529744,1.03187,0.502128,0,0,0,0
86.1,2597,1,0.0985714,0.0985714,0.9132,0.893294,0.0199051,35.6528,35.5732,9,15,6,0.936048,0.474512,0.461536,0,0,1,0
86.1,2597,2,1.42148,1.42148,0.981341,-0.157656,1.139,35.9254,31.3694,12,7,-5,0.592968,0.798827,0.205859,0,0,0,0
86.1,2597,3,0.148175,0.148175,0.971493,0.761173,0.21032,35.886,35.0447,9,8,-1,1.03187,1.03887,0.00699733,0,0,0,0
86.2,2598,1,0.0256014,0.0256014,0.987774,0.9132,0.0745748,35.9511,35.6528,15,15,0,0.474512,0.468192,0.00632,0,0,0,0
86.2,2598,2,0.140465,0.140465,0.903625,0.981341,0.0777152,35.6145,35.9254,7,7,0,0.798827,1.04938,0.250552,0,0,0,0
86.2,2598,3,0.0619982,0.0619982,0.137103,0.971493,0.83439,32.5484,35.886,8,8,0,1.03887,0.995997,0.042872,0,0,0,0
86.3,2599,1,0.829167,0.829167,0.971197,0.987774,0.0165771,35.8848,35.9511,15,6,-9,0.468192,1.03519,0.567,0,0,1,0
86.3,2599,2,1.89169,1.89169,0.22174,0.903625,0.681886,32.887,35.6145,7,13,6,1.04938,0.582699,0.46668,0,0,0,0
86.3,2599,3,0.0601934,0.0601934,0.926232,0.137103,0.789129,35.7049,32.5484,8,11,3,0.995997,0.362933,0.633064,0,0,0,0
86.4,2600,1,0.0222318,0.0222318,0.892347,0.971197,0.0788503,35.5694,35.8848,6,6,0,1.03519,1.18116,0.145968,0,0,0,0
86.4,2600,2,0.924243,0.924243,0.305498,0.22174,0.0837583,33.222,32.887,13,13,0,0.582699,0.582843,0.000144,0,0,0,0
86.4,2600,3,0.00776243,0.00776243,0.916828,0.926232,0.00940371,35.6673,35.7049,11,11,0,0.362933,0.640869,0.277936,0,1,1,0
86.5,2601,1,0.756439,0.756439,0.780121,0.892347,0.112226,35.1205,35.5694,6,15,9,1.18116,0.360776,0.820384,0,0,0,0
86.5,2601,2,0.444798,0.444798,-0.849072,0.305498,1.15457,28.6037,33.222,13,7,-6,0.582843,0.882507,0.299664,0,0,0,0
86.5,2601,3,0.122959,0.122959,0.744745,0.916828,0.172083,34.979,35.6673,11,8,-3,0.640869,0.993989,0.35312,0,0,0,0
86.6,2602,1,0.0793334,0.0793334,0.961127,0.780121,0.181006,35.8445,35.1205,15,15,0,0.360776,0.42436,0.063584,0,0,0,0
86.6,2602,2,0.477732,0.477732,0.273519,-0.849072,1.12259,33.0941,28.6037,7,7,0,0.882507,0.729459,0.153048,0,0,0,0
86.6,2602,3,0.125987,0.125987,-0.0676469,0.744745,0.812392,31.7294,34.979,8,8,0,0.993989,1.14153,0.147544,0,0,0,0
86.7,2603,1,0.186055,0.186055,0.833457,0.961127,0.12767,35.3338,35.8445,15,9,-6,0.42436,1.03122,0.606864,0,0,0,0
86.7,2603,2,0.125503,0.125503,0.799703,0.273519,0.526183,35.1988,33.0941,7,11,4,0.729459,0.555965,0.173493,0,0,0,0
86.7,2603,3,0.0824652,0.0824652,0.884246,-0.0676469,0.951893,35.537,31.7294,8,10,2,1.14153,0.491635,0.649899,0,0,0,0
86.8,2604,1,0.405868,0.405868,0.360964,0.833457,0.472493,33.4439,35.3338,9,9,0,1.03122,0.909832,0.121392,0,0,0,0
86.8,2604,2,0.120217,0.120217,-0.397089,0.799703,1.19679,30.4116,35.1988,11,11,0,0.555965,0.810397,0.254432,0,0,0,0
86.8,2604,3,0.161948,0.161948,0.308635,0.884246,0.575611,33.2345,35.537,10,10,0,0.491635,0.705395,0.21376,0,0,0,0
86.9,2605,1,0.76592,0.76592,0.8404,0.360964,0.479436,35.3616,33.4439,9,15,6,0.909832,0.249952,0.65988,0,0,0,0
86.9,2605,2,0.996548,0.996548,0.942664,-0.397089,1.33975,35.7707,30.4116,11,7,-4,0.810397,0.870315,0.0599173,0,0,0,0
86.9,2605,3,0.0140145,0.0140145,0.950944,0.308635,0.64231,35.8038,33.2345,10,8,-2,0.705395,0.948717,0.243323,0,1,0,0
87,2606,1,0.00849217,0.00849217,0.80657,0.8404,0.03383,35.2263,35.3616,15,15,0,0.249952,0.429264,0.179312,0,1,0,0
87,2606,2,0.633998,0.633998,0.462995,0.942664,0.47967,33.852,35.7707,7,7,0,0.870315,1.13365,0.263336,0,0,0,0
87,2606,3,0.162796,0.162796,0.954069,0.950944,0.0031243,35.8163,35.8038,8,8,0,0.948717,0.993845,0.045128,0,0,1,0
87.1,2607,1,0.0335832,0.0335832,0.900778,0.80657,0.0942089,35.6031,35.2263,15,6,-9,0.429264,0.98084,0.551576,0,0,0,0
87.1,2607,2,0.449608,0.449608,0.893631,0.462995,0.430636,35.5745,33.852,7,13,6,1.13365,0.477531,0.65612,0,0,0,0
87.1,2607,3,0.464278,0.464278,0.577604,0.954069,0.376465,34.3104,35.8163,8,11,3,0.993845,0.628997,0.364848,0,0,0,0
87.2,2608,1,0.767704,0.767704,0.973004,0.900778,0.0722255,35.892,35.6031,6,6,0,0.98084,1.16523,0.184392,0,0,0,0
87.2,2608,2,0.923651,0.923651,0.677892,0.893631,0.215739,34.7116,35.5745,13,13,0,0.477531,0.605923,0.128392,0,0,0,0
87.2,2608,3,0.268264,0.268264,0.499264,0.577604,0.0783404,33.9971,34.3104,11,11,0,0.628997,0.798461,0.169464,0,0,0,0
87.3,2609,1,0.575443,0.575443,0.66936,0.973004,0.303644,34.6774,35.892,6,10,4,1.16523,0.641043,0.524189,0,0,0,0
87.3,2609,2,0.166366,0.166366,0.273627,0.677892,0.404264,33.0945,34.7116,13,11,-2,0.605923,0.784941,0.179019,0,0,0,0
87.3,2609,3,0.73214,0.73214,0.781333,0.499264,0.28207,35.1253,33.9971,11,9,-2,0.798461,0.686104,0.112357,0,0,0,0
87.4,2610,1,0.0244877,0.0244877,0.608154,0.66936,0.0612056,34.4326,34.6774,10,10,0,0.641043,0.832211,0.191168,0,0,0,0
87.4,2610,2,1.10117,1.10117,-0.0303621,0.273627,0.30399,31.8786,33.0945,11,11,0,0.784941,0.776517,0.008424,0,0,0,0
87.4,2610,3,0.174583,0.174583,0.965082,0.781333,0.183749,35.8603,35.1253,9,9,0,0.686104,0.973616,0.287512,0,0,0,0
87.5,2611,1,0.660802,0.660802,0.876249,0.608154,0.268095,35.505,34.4326,10,11,1,0.832211,0.481869,0.350341,0,0,0,0
87.5,2611,2,0.0690067,0.0690067,0.690291,-0.0303621,0.720653,34.7612,31.8786,11,10,-1,0.776517,0.706411,0.0701067,0,0,0,0
87.5,2611,3,0.11382,0.11382,0.934865,0.965082,0.0302176,35.7395,35.8603,9,9,0,0.973616,0.90036,0.073256,0,0,0,0
87.6,2612,1,0.85124,0.85124,0.981741,0.876249,0.105492,35.927,35.505,11,11,0,0.481869,0.641037,0.159168,0,0,0,0
87.6,2612,2,0.051946,0.051946,0.906972,0.690291,0.216682,35.6279,34.7612,10,10,0,0.706411,0.672075,0.034336,0,0,0,0
87.6,2612,3,0.96896,0.96896,0.877093,0.934865,0.0577716,35.5084,35.7395,9,9,0,0.90036,0.970608,0.070248,0,0,0,0
87.7,2613,1,0.0533529,0.0533529,0.721599,0.981741,0.260142,34.8864,35.927,11,11,0,0.641037,0.515517,0.12552,0,0,0,0
87.7,2613,2,0.42774,0.42774,0.90128,0.906972,0.00569266,35.6051,35.6279,10,10,0,0.672075,0.696339,0.024264,0,0,1,0
87.7,2613,3,1.01328,1.01328,0.676009,0.877093,0.201084,34.704,35.5084,9,9,0,0.970608,0.749208,0.2214,0,0,0,0
87.8,2614,1,0.241515,0.241515,0.748271,0.721599,0.0266724,34.9931,34.8864,11,11,0,0.515517,0.566037,0.05052,0,0,0,0
87.8,2614,2,0.154434,0.154434,0.87134,0.90128,0.0299399,35.4854,35.6051,10,10,0,0.696339,0.996851,0.300512,0,0,0,0
87.8,2614,3,0.0877109,0.0877109,0.790682,0.676009,0.114673,35.1627,34.704,9,9,0,0.749208,0.96228,0.213072,0,0,0,0
87.9,2615,1,0.307176,0.307176,0.894411,0.748271,0.14614,35.5776,34.9931,11,6,-5,0.566037,0.855384,0.289347,0,0,0,0
87.9,2615,2,0.743607,0.743607,0.993307,0.87134,0.121968,35.9732,35.4854,10,14,4,0.996851,0.426197,0.570653,0,0,0,0
87.9,2615,3,0.201874,0.201874,0.234224,0.790682,0.556458,32.9369,35.1627,9,10,1,0.96228,0.615267,0.347013,0,0,0,0
88,2616,1,0.876799,0.876799,0.87497,0.894411,0.0194415,35.4999,35.5776,6,6,0,0.855384,1.06111,0.205728,0,0,1,0
88,2616,2,0.0670669,0.0670669,-0.539426,0.993307,1.53273,29.8423,35.9732,14,14,0,0.426197,0.626165,0.199968,0,0,0,0
88,2616,3,0.307936,0.307936,0.961998,0.234224,0.727773,35.848,32.9369,10,10,0,0.615267,0.735443,0.120176,0,0,0,0
88.1,2617,1,0.765559,0.765559,0.670631,0.87497,0.204339,34.6825,35.4999,6,12,6,1.06111,0.596456,0.464656,0,0,0,0
88.1,2617,2,0.858886,0.858886,-0.104992,-0.539426,0.434434,31.58,29.8423,14,9,-5,0.626165,0.577112,0.0490533,0,0,0,0
88.1,2617,3,0.0218257,0.0218257,0.985387,0.961998,0.0233896,35.9415,35.848,10,9,-1,0.735443,0.85148,0.116037,0,0,0,0
88.2,2618,1,0.97889,0.97889,0.936998,0.670631,0.266367,35.748,34.6825,12,12,0,0.596456,0.6448,0.048344,0,0,0,0
88.2,2618,2,0.158734,0.158734,0.356315,-0.104992,0.461307,33.4253,31.58,9,9,0,0.577112,0.552688,0.024424,0,0,0,0
88.2,2618,3,0.518552,0.518552,0.980905,0.985387,0.00448233,35.9236,35.9415,9,9,0,0.85148,1.17826,0.326776,0,0,1,0
88.3,2619,1,1.07167,1.07167,0.872788,0.936998,0.0642099,35.4912,35.748,12,10,-2,0.6448,0.690475,0.0456747,0,0,0,0
88.3,2619,2,0.355913,0.355913,0.900398,0.356315,0.544083,35.6016,33.4253,9,10,1,0.552688,0.597491,0.0448027,0,0,0,0
88.3,2619,3,0.175235,0.175235,0.957503,0.980905,0.0234016,35.83,35.9236,9,10,1,1.17826,0.713299,0.464957,0,0,0,0
88.4,2620,1,0.0443449,0.0443449,0.767306,0.872788,0.105482,35.0692,35.4912,10,10,0,0.690475,0.767883,0.077408,0,0,0,0
88.4,2620,2,0.18267,0.18267,0.762294,0.900398,0.138104,35.0492,35.6016,10,10,0,0.597491,0.862355,0.264864,0,0,0,0
88.4,2620,3,0.57883,0.57883,-0.344672,0.957503,1.30218,30.6213,35.83,10,10,0,0.713299,0.849499,0.1362,0,0,0,0
88.5,2621,1,0.130824,0.130824,0.886709,0.767306,0.119403,35.5468,35.0692,10,8,-2,0.767883,0.821509,0.0536267,0,0,0,0
88.5,2621,2,0.916264,0.916264,-0.262222,0.762294,1.02452,30.9511,35.0492,10,12,2,0.862355,0.797624,0.0647307,0,0,0,0
88.5,2621,3,0.0567512,0.0567512,0.555765,-0.344672,0.900437,34.2231,30.6213,10,10,0,0.849499,0.607219,0.24228,0,0,0,0
88.6,2622,1,0.108383,0.108383,0.689174,0.886709,0.197535,34.7567,35.5468,8,8,0,0.821509,1.14074,0.319232,0,0,0,0
88.6,2622,2,0.0488933,0.0488933,0.856522,-0.262222,1.11874,35.4261,30.9511,12,12,0,0.797624,0.651424,0.1462,0,0,0,0
88.6,2622,3,0.0872627,0.0872627,0.969357,0.555765,0.413592,35.8774,34.2231,10,10,0,0.607219,0.694891,0.087672,0,0,0,0
88.7,2623,1,0.291263,0.291263,0.91603,0.689174,0.226856,35.6641,34.7567,8,14,6,1.14074,0.348061,0.79268,0,0,0,0
88.7,2623,2,0.783536,0.783536,0.296223,0.856522,0.560299,33.1849,35.4261,12,8,-4,0.651424,0.832149,0.180725,0,0,0,0
88.7,2623,3,0.419358,0.419358,0.855249,0.969357,0.114108,35.421,35.8774,10,8,-2,0.694891,0.910829,0.215939,0,0,0,0
88.8,2624,1,0.205208,0.205208,-0.00902736,0.91603,0.925057,31.9639,35.6641,14,14,0,0.348061,0.425901,0.07784,0,0,0,0
88.8,2624,2,0.550793,0.550793,0.937064,0.296223,0.64084,35.7483,33.1849,8,8,0,0.832149,0.934405,0.102256,0,0,0,0
88.8,2624,3,0.566535,0.566535,0.952286,0.855249,0.0970368,35.8091,35.421,8,8,0,0.910829,0.985749,0.07492,0,0,0,0
88.9,2625,1,0.413784,0.413784,-0.126513,-0.00902736,0.117486,31.4939,31.9639,14,10,-4,0.425901,0.510235,0.0843333,0,0,0,0
88.9,2625,2,0.87094,0.87094,0.22683,0.937064,0.710234,32.9073,35.7483,8,10,2,0.934405,0.827115,0.107291,0,0,0,0
88.9,2625,3,0.125899,0.125899,0.911255,0.952286,0.0410308,35.645,35.8091,8,10,2,0.985749,0.759667,0.226083,0,0,0,0
89,2626,1,0.103325,0.103325,0.839585,-0.126513,0.966098,35.3583,31.4939,10,10,0,0.510235,0.482435,0.0278,0,0,0,0
89,2626,2,0.0780057,0.0780057,-0.42943,0.22683,0.656259,30.2823,32.9073,10,10,0,0.827115,0.815035,0.01208,0,0,0,0
89,2626,3,0.138501,0.138501,0.986087,0.911255,0.0748318,35.9443,35.645,10,10,0,0.759667,1.11041,0.350744,0,0,0,0
89.1,2627,1,0.0582198,0.0582198,0.788755,0.839585,0.0508307,35.155,35.3583,10,7,-3,0.482435,0.802547,0.320112,0,0,0,0
89.1,2627,2,0.517777,0.517777,-0.0648606,-0.42943,0.364569,31.7406,30.2823,10,14,4,0.815035,0.504397,0.310637,0,0,0,0
89.1,2627,3,0.00851309,0.00851309,0.82223,0.986087,0.163857,35.2889,35.9443,10,9,-1,1.11041,0.9706,0.139811,0,1,0,0
89.2,2628,1,0.0326066,0.0326066,0.900339,0.788755,0.111584,35.6014,35.155,7,7,0,0.802547,1.04228,0.239736,0,0,0,0
89.2,2628,2,0.233,0.233,-0.383793,-0.0648606,0.318933,30.4648,31.7406,14,14,0,0.504397,0.396277,0.10812,0,0,0,0
89.2,2628,3,0.468945,0.468945,0.198943,0.82223,0.623287,32.7958,35.2889,9,9,0,0.9706,1.02403,0.053432,0,0,0,0
89.3,2629,1,0.539682,0.539682,0.854255,0.900339,0.0460837,35.417,35.6014,7,10,3,1.04228,0.804019,0.238264,0,0,0,0
89.3,2629,2,0.388046,0.388046,0.89796,-0.383793,1.28175,35.5918,30.4648,14,10,-4,0.396277,0.522363,0.126085,0,0,0,0
89.3,2629,3,0.209213,0.209213,0.958127,0.198943,0.759184,35.8325,32.7958,9,10,1,1.02403,0.543827,0.480205,0,0,0,0
89.4,2630,1,0.174479,0.174479,0.641482,0.854255,0.212772,34.5659,35.417,10,10,0,0.804019,0.772651,0.031368,0,0,0,0
89.4,2630,2,0.137455,0.137455,0.800068,0.89796,0.0978917,35.2003,35.5918,10,10,0,0.522363,0.823203,0.30084,0,0,0,0
89.4,2630,3,0.334627,0.334627,0.486497,0.958127,0.471629,33.946,35.8325,10,10,0,0.543827,0.874491,0.330664,0,0,0,0
89.5,2631,1,0.125522,0.125522,0.952088,0.641482,0.310605,35.8084,34.5659,10,14,4,0.772651,0.383813,0.388837,0,0,0,0
89.5,2631,2,0.0986862,0.0986862,0.570998,0.800068,0.22907,34.284,35.2003,10,8,-2,0.823203,1.11635,0.293147,0,0,0,0
89.5,2631,3,0.439238,0.439238,0.57906,0.486497,0.0925623,34.3162,33.946,10,8,-2,0.874491,0.953301,0.0788107,0,0,0,0
89.6,2632,1,0.293218,0.293218,0.927302,0.952088,0.0247862,35.7092,35.8084,14,14,0,0.383813,0.478205,0.094392,0,0,0,0
89.6,2632,2,1.37584,1.37584,0.970633,0.570998,0.399635,35.8825,34.284,8,8,0,1.11635,1.10319,0.01316,0,0,0,0
89.6,2632,3,0.0425203,0.0425203,0.949541,0.57906,0.370482,35.7982,34.3162,8,8,0,0.953301,0.794093,0.159208,0,0,0,0
89.7,2633,1,0.79991,0.79991,0.970303,0.927302,0.0430018,35.8812,35.7092,14,9,-5,0.478205,0.677624,0.199419,0,0,0,0
89.7,2633,2,1.45731,1.45731,0.640507,0.970633,0.330126,34.562,35.8825,8,11,3,1.10319,0.615525,0.487664,0,0,0,0
89.7,2633,3,0.473033,0.473033,0.864183,0.949541,0.085358,35.4567,35.7982,8,10,2,0.794093,0.648555,0.145539,0,0,0,0
89.8,2634,1,0.699422,0.699422,0.961233,0.970303,0.00906998,35.8449,35.8812,9,9,0,0.677624,0.785792,0.108168,0,0,1,0
89.8,2634,2,0.190054,0.190054,0.92066,0.640507,0.280152,35.6826,34.562,11,11,0,0.615525,0.758965,0.14344,0,0,0,0
89.8,2634,3,0.193147,0.193147,0.843321,0.864183,0.0208627,35.3733,35.4567,10,10,0,0.648555,0.928219,0.279664,0,0,0,0
89.9,2635,1,0.0292102,0.0292102,0.916986,0.961233,0.0442473,35.6679,35.8449,9,12,3,0.785792,0.437432,0.34836,0,0,0,0
89.9,2635,2,1.14237,1.14237,0.350986,0.92066,0.569674,33.4039,35.6826,11,9,-2,0.758965,0.852832,0.0938667,0,0,0,0
89.9,2635,3,0.880242,0.880242,0.786122,0.843321,0.0571987,35.1445,35.3733,10,9,-1,0.928219,0.786392,0.141827,0,0,0,0
90,2636,1,0.0634882,0.0634882,0.6054,0.916986,0.311587,34.4216,35.6679,12,12,0,0.437432,0.571544,0.134112,0,0,0,0
90,2636,2,0.739774,0.739774,0.924562,0.350986,0.573576,35.6982,33.4039,9,9,0,0.852832,0.859016,0.006184,0,0,0,0
90,2636,3,1.11215,1.11215,0.935839,0.786122,0.149717,35.7434,35.1445,9,9,0,0.786392,0.927648,0.141256,0,0,0,0
90.1,2637,1,1.16482,1.16482,0.938085,0.6054,0.332686,35.7523,34.4216,12,5,-7,0.571544,1.0215,0.44996,0,0,0,0
90.1,2637,2,0.0871819,0.0871819,0.824453,0.924562,0.100109,35.2978,35.6982,9,13,4,0.859016,0.450611,0.408405,0,0,0,0
90.1,2637,3,0.16166,0.16166,0.690293,0.935839,0.245546,34.7612,35.7434,9,12,3,0.927648,0.63212,0.295528,0,0,0,0
90.2,2638,1,0.699447,0.699447,0.927749,0.938085,0.0103363,35.711,35.7523,5,5,0,1.0215,1.18906,0.167552,0,0,1,0
90.2,2638,2,0.0497636,0.0497636,0.772997,0.824453,0.051456,35.092,35.2978,13,13,0,0.450611,0.686091,0.23548,0,0,0,0
90.2,2638,3,0.124095,0.124095,0.494784,0.690293,0.195509,33.9791,34.7612,12,12,0,0.63212,0.766816,0.134696,0,0,0,0
90.3,2639,1,0.303351,0.303351,0.947983,0.927749,0.0202336,35.7919,35.711,5,13,8,1.18906,0.436235,0.752821,0,0,0,0
90.3,2639,2,0.265682,0.265682,0.884107,0.772997,0.11111,35.5364,35.092,13,11,-2,0.686091,0.656021,0.0300693,0,0,0,0
90.3,2639,3,0.118602,0.118602,0.632529,0.494784,0.137745,34.5301,33.9791,12,6,-6,0.766816,0.912648,0.145832,0,0,0,0
90.4,2640,1,0.730752,0.730752,0.498142,0.947983,0.449841,33.9926,35.7919,13,13,0,0.436235,0.433867,0.002368,0,0,0,0
90.4,2640,2,0.569008,0.569008,0.619946,0.884107,0.264162,34.4798,35.5364,11,11,0,0.656021,0.876493,0.220472,0,0,0,0
90.4,2640,3,1.40417,1.40417,0.465058,0.632529,0.167472,33.8602,34.5301,6,6,0,0.912648,1.01206,0.099416,0,0,0,0
90.5,2641,1,0.801418,0.801418,0.909055,0.498142,0.410913,35.6362,33.9926,13,6,-7,0.433867,0.935032,0.501165,0,0,0,0
90.5,2641,2,0.608713,0.608713,0.0904584,0.619946,0.529487,32.3618,34.4798,11,14,3,0.876493,0.421061,0.455432,0,0,0,0
90.5,2641,3,1.33282,1.33282,0.89898,0.465058,0.433923,35.5959,33.8602,6,10,4,1.01206,0.592619,0.419445,0,0,0,0
90.6,2642,1,0.0114668,0.0114668,0.782736,0.909055,0.126319,35.1309,35.6362,6,6,0,0.935032,1.14772,0.212688,0,1,0,0
90.6,2642,2,0.045875,0.045875,0.626258,0.0904584,0.535799,34.505,32.3618,14,14,0,0.421061,0.588189,0.167128,0,0,0,0
90.6,2642,3,0.612914,0.612914,0.821082,0.89898,0.0778979,35.2843,35.5959,10,10,0,0.592619,0.880155,0.287536,0,0,0,0
90.7,2643,1,0.464089,0.464089,0.932163,0.782736,0.149427,35.7287,35.1309,6,13,7,1.14772,0.427755,0.719965,0,0,0,0
90.7,2643,2,0.454142,0.454142,0.690637,0.626258,0.0643791,34.7625,34.505,14,9,-5,0.588189,0.768568,0.180379,0,0,0,0
90.7,2643,3,0.675472,0.675472,0.844677,0.821082,0.0235944,35.3787,35.2843,10,8,-2,0.880155,0.961709,0.0815547,0,0,0,0
90.8,2644,1,0.18673,0.18673,0.973536,0.932163,0.0413726,35.8941,35.7287,13,13,0,0.427755,0.445907,0.018152,0,0,0,0
90.8,2644,2,0.0264961,0.0264961,0.949055,0.690637,0.258419,35.7962,34.7625,9,9,0,0.768568,0.969344,0.200776,0,0,0,0
90.8,2644,3,0.095494,0.095494,0.909896,0.844677,0.0652193,35.6396,35.3787,8,8,0,0.961709,0.998997,0.037288,0,0,0,0
90.9,2645,1,0.0834333,0.0834333,0.848677,0.973536,0.124859,35.3947,35.8941,13,9,-4,0.445907,0.7146,0.268693,0,0,0,0
90.9,2645,2,0.175122,0.175122,-0.581828,0.949055,1.53088,29.6727,35.7962,9,10,1,0.969344,0.704923,0.264421,0,0,0,0
90.9,2645,3,1.28212,1.28212,0.972593,0.909896,0.0626968,35.8904,35.6396,8,11,3,0.998997,0.569077,0.42992,0,0,0,0
91,2646,1,0.46221,0.46221,0.669182,0.848677,0.179494,34.6767,35.3947,9,9,0,0.7146,0.94812,0.23352,0,0,0,0
91,2646,2,0.602178,0.602178,0.932056,-0.581828,1.51388,35.7282,29.6727,10,10,0,0.704923,0.607011,0.097912,0,0,0,0
91,2646,3,0.924859,0.924859,0.929491,0.972593,0.043102,35.718,35.8904,11,11,0,0.569077,0.916005,0.346928,0,0,0,0
91.1,2647,1,0.637067,0.637067,0.927832,0.669182,0.25865,35.7113,34.6767,9,9,0,0.94812,0.778936,0.169184,0,0,0,0
91.1,2647,2,0.967975,0.967975,0.841347,0.932056,0.0907093,35.3654,35.7282,10,8,-2,0.607011,0.915277,0.308267,0,0,0,0
91.1,2647,3,0.000950873,0.000950873,0.963854,0.929491,0.034363,35.8554,35.718,11,13,2,0.916005,0.664619,0.251387,0,1,0,0
91.2,2648,1,0.802909,0.802909,0.591551,0.927832,0.336281,34.3662,35.7113,9,9,0,0.778936,0.719544,0.059392,0,0,0,0
91.2,2648,2,0.664144,0.664144,0.746022,0.841347,0.0953251,34.9841,35.3654,8,8,0,0.915277,1.11469,0.199408,0,0,0,0
91.2,2648,3,0.387018,0.387018,0.960491,0.963854,0.00336325,35.842,35.8554,13,13,0,0.664619,0.653947,0.010672,0,0,1,0
91.3,2649,1,0.569514,0.569514,0.853537,0.591551,0.261985,35.4141,34.3662,9,11,2,0.719544,0.484157,0.235387,0,0,0,0
91.3,2649,2,0.244945,0.244945,0.701122,0.746022,0.0449001,34.8045,34.9841,8,11,3,1.11469,0.650277,0.464408,0,0,0,0
91.3,2649,3,0.644193,0.644193,0.862236,0.960491,0.098255,35.4489,35.842,13,8,-5,0.653947,1.00965,0.355699,0,0,0,0
91.4,2650,1,0.0537293,0.0537293,0.926136,0.853537,0.0725994,35.7045,35.4141,11,11,0,0.484157,0.620053,0.135896,0,0,0,0
91.4,2650,2,0.492697,0.492697,0.779615,0.701122,0.0784938,35.1185,34.8045,11,11,0,0.650277,0.749173,0.098896,0,0,0,0
91.4,2650,3,0.661706,0.661706,0.773977,0.862236,0.0882583,35.0959,35.4489,8,8,0,1.00965,1.07023,0.060584,0,0,0,0
91.5,2651,1,0.072345,0.072345,0.94996,0.926136,0.0238237,35.7998,35.7045,11,7,-4,0.620053,0.858443,0.238389,0,0,0,0
91.5,2651,2,0.129858,0.129858,0.917991,0.779615,0.138376,35.672,35.1185,11,10,-1,0.749173,0.594011,0.155163,0,0,0,0
91.5,2651,3,0.143384,0.143384,0.556262,0.773977,0.217715,34.225,35.0959,8,13,5,1.07023,0.457099,0.613131,0,0,0,0
91.6,2652,1,0.106051,0.106051,0.968129,0.94996,0.0181696,35.8725,35.7998,7,7,0,0.858443,1.03931,0.180864,0,0,1,0
91.6,2652,2,0.314694,0.314694,-0.670905,0.917991,1.5889,29.3164,35.672,10,10,0,0.594011,0.857611,0.2636,0,0,0,0
91.6,2652,3,0.0215836,0.0215836,0.490384,0.556262,0.0658776,33.9615,34.225,13,13,0,0.457099,0.712603,0.255504,0,0,0,0
91.7,2653,1,0.451981,0.451981,0.926941,0.968129,0.0411882,35.7078,35.8725,7,12,5,1.03931,0.565144,0.474163,0,0,0,0
91.7,2653,2,0.615889,0.615889,0.559062,-0.670905,1.22997,34.2362,29.3164,10,12,2,0.857611,0.40296,0.454651,0,0,0,0
91.7,2653,3,0.489992,0.489992,0.66784,0.490384,0.177456,34.6714,33.9615,13,6,-7,0.712603,1.1046,0.391997,0,0,0,0
91.8,2654,1,1.11365,1.11365,0.696193,0.926941,0.230748,34.7848,35.7078,12,12,0,0.565144,0.652176,0.087032,0,0,0,0
91.8,2654,2,0.00636951,0.00636951,0.365733,0.559062,0.19333,33.4629,34.2362,12,12,0,0.40296,0.543648,0.140688,0,1,0,0
91.8,2654,3,0.118315,0.118315,0.369649,0.66784,0.298191,33.4786,34.6714,6,6,0,1.1046,1.20009,0.095488,0,0,0,0
91.9,2655,1,0.058737,0.058737,0.97593,0.696193,0.279737,35.9037,34.7848,12,9,-3,0.652176,0.829088,0.176912,0,0,0,0
91.9,2655,2,0.966037,0.966037,-0.405228,0.365733,0.770961,30.3791,33.4629,12,10,-2,0.543648,0.826939,0.283291,0,0,0,0
91.9,2655,3,0.0906357,0.0906357,0.742012,0.369649,0.372362,34.968,33.4786,6,11,5,1.20009,0.535541,0.664547,0,0,0,0
92,2656,1,1.16783,1.16783,0.953415,0.97593,0.0225149,35.8137,35.9037,9,9,0,0.829088,1.03673,0.20764,0,0,0,0
92,2656,2,1.19687,1.19687,0.78245,-0.405228,1.18768,35.1298,30.3791,10,10,0,0.826939,0.693995,0.132944,0,0,0,0
92,2656,3,0.383247,0.383247,0.920626,0.742012,0.178614,35.6825,34.968,11,11,0,0.535541,0.780549,0.245008,0,0,0,0
92.1,2657,1,0.358089,0.358089,0.901571,0.953415,0.0518439,35.6063,35.8137,9,14,5,1.03673,0.353429,0.683299,0,0,0,0
92.1,2657,2,0.472947,0.472947,0.686398,0.78245,0.096052,34.7456,35.1298,10,8,-2,0.693995,0.791413,0.0974187,0,0,0,0
92.1,2657,3,0.151106,0.151106,0.884393,0.920626,0.0362329,35.5376,35.6825,11,8,-3,0.780549,0.950061,0.169512,0,0,0,0
92.2,2658,1,0.722472,0.722472,0.867512,0.901571,0.0340597,35.47,35.6063,14,14,0,0.353429,0.388013,0.034584,0,0,0,0
92.2,2658,2,0.356995,0.356995,0.845733,0.686398,0.159335,35.3829,34.7456,8,8,0,0.791413,0.984021,0.192608,0,0,0,0
92.2,2658,3,0.0641587,0.0641587,0.474245,0.884393,0.410148,33.897,35.5376,8,8,0,0.950061,1.00477,0.054704,0,0,0,0
92.3,2659,1,0.114236,0.114236,0.889323,0.867512,0.0218114,35.5573,35.47,14,10,-4,0.388013,0.751339,0.363325,0,0,0,0
92.3,2659,2,1.21413,1.21413,0.759942,0.845733,0.0857912,35.0398,35.3829,8,10,2,0.984021,0.839771,0.144251,0,0,0,0
92.3,2659,3,0.0682536,0.0682536,0.939533,0.474245,0.465288,35.7581,33.897,8,10,2,1.00477,0.603635,0.401131,0,0,0,0
92.4,2660,1,1.22664,1.22664,0.872074,0.889323,0.0172486,35.4883,35.5573,10,10,0,0.751339,0.789195,0.037856,0,0,1,0
92.4,2660,2,0.982462,0.982462,0.377547,0.759942,0.382395,33.5102,35.0398,10,10,0,0.839771,0.952371,0.1126,0,0,0,0
92.4,2660,3,0.735387,0.735387,0.949597,0.939533,0.0100641,35.7984,35.7581,10,10,0,0.603635,0.734259,0.130624,0,0,1,0
92.5,2661,1,1.16923,1.16923,0.780475,0.872074,0.091599,35.1219,35.4883,10,8,-2,0.789195,0.620197,0.168997,0,0,0,0
92.5,2661,2,0.866143,0.866143,0.935612,0.377547,0.558065,35.7424,33.5102,10,14,4,0.952371,0.530925,0.421445,0,0,0,0
92.5,2661,3,0.407203,0.407203,0.67651,0.949597,0.273088,34.706,35.7984,10,8,-2,0.734259,0.955741,0.221483,0,0,0,0
92.6,2662,1,0.164175,0.164175,0.686412,0.780475,0.0940631,34.7456,35.1219,8,8,0,0.620197,0.773429,0.153232,0,0,0,0
92.6,2662,2,1.423,1.423,0.84843,0.935612,0.0871821,35.3937,35.7424,14,14,0,0.530925,0.483405,0.04752,0,0,0,0
92.6,2662,3,0.369555,0.369555,0.836455,0.67651,0.159945,35.3458,34.706,8,8,0,0.955741,1.03937,0.083624,0,0,0,0
92.7,2663,1,0.0469686,0.0469686,0.4254,0.686412,0.261012,33.7016,34.7456,8,9,1,0.773429,0.52296,0.250469,0,0,0,0
92.7,2663,2,1.30768,1.30768,-0.0702855,0.84843,0.918715,31.7189,35.3937,14,11,-3,0.483405,0.804405,0.321,0,0,0,0
92.7,2663,3,0.698202,0.698202,0.977709,0.836455,0.141254,35.9108,35.3458,8,10,2,1.03937,0.664811,0.374555,0,0,0,0
92.8,2664,1,0.320242,0.320242,0.350448,0.4254,0.0749523,33.4018,33.7016,9,9,0,0.52296,0.721024,0.198064,0,0,0,0
92.8,2664,2,0.268149,0.268149,0.41167,-0.0702855,0.481955,33.6467,31.7189,11,11,0,0.804405,0.650805,0.1536,0,0,0,0
92.8,2664,3,0.102568,0.102568,0.257463,0.977709,0.720247,33.0299,35.9108,10,10,0,0.664811,1.02496,0.360152,0,0,0,0
92.9,2665,1,0.272605,0.272605,0.559128,0.350448,0.20868,34.2365,33.4018,9,11,2,0.721024,0.487901,0.233123,0,0,0,0
92.9,2665,2,0.945559,0.945559,0.958969,0.41167,0.5473,35.8359,33.6467,11,13,2,0.650805,0.498307,0.152499,0,0,0,0
92.9,2665,3,0.143879,0.143879,0.595115,0.257463,0.337653,34.3805,33.0299,10,6,-4,1.02496,1.20136,0.176397,0,0,0,0
93,2666,1,0.403104,0.403104,0.564941,0.559128,0.0058127,34.2598,34.2365,11,11,0,0.487901,0.526613,0.038712,0,0,1,0
93,2666,2,0.455017,0.455017,0.828704,0.958969,0.130265,35.3148,35.8359,13,13,0,0.498307,0.664675,0.166368,0,0,0,0
93,2666,3,0.0927695,0.0927695,0.859143,0.595115,0.264027,35.4366,34.3805,6,6,0,1.20136,1.22478,0.023416,0,0,0,0
93.1,2667,1,0.42281,0.42281,0.0637745,0.564941,0.501166,32.2551,34.2598,11,7,-4,0.526613,0.786643,0.260029,0,0,0,0
93.1,2667,2,0.48304,0.48304,0.391918,0.828704,0.436787,33.5677,35.3148,13,10,-3,0.664675,0.729467,0.064792,0,0,0,0
93.1,2667,3,0.00645578,0.00645578,0.970361,0.859143,0.111219,35.8814,35.4366,6,13,7,1.22478,0.401915,0.822861,0,1,0,0
93.2,2668,1,0.0115709,0.0115709,0.971882,0.0637745,0.908107,35.8875,32.2551,7,7,0,0.786643,0.872515,0.085872,0,1,0,0
93.2,2668,2,0.0176377,0.0176377,0.907481,0.391918,0.515564,35.6299,33.5677,10,10,0,0.729467,0.784987,0.05552,0,1,0,0
93.2,2668,3,0.155549,0.155549,0.89346,0.970361,0.0769016,35.5738,35.8814,13,13,0,0.401915,0.675723,0.273808,0,0,0,0
93.3,2669,1,0.110482,0.110482,0.97839,0.971882,0.00650787,35.9136,35.8875,7,10,3,0.872515,0.445619,0.426896,0,0,1,0
93.3,2669,2,0.0788828,0.0788828,-0.149567,0.907481,1.05705,31.4017,35.6299,10,14,4,0.784987,0.397253,0.387733,0,0,0,0
93.3,2669,3,0.0318831,0.0318831,0.930371,0.89346,0.0369112,35.7215,35.5738,13,6,-7,0.675723,1.16927,0.493549,0,0,0,0
93.4,2670,1,0.246961,0.246961,0.669304,0.97839,0.309086,34.6772,35.9136,10,10,0,0.445619,0.717859,0.27224,0,0,0,0
93.4,2670,2,0.192667,0.192667,-0.0988078,-0.149567,0.0507587,31.6048,31.4017,14,14,0,0.397253,0.482269,0.085016,0,0,0,0
93.4,2670,3,0.781648,0.781648,0.936956,0.930371,0.00658482,35.7478,35.7215,6,6,0,1.16927,1.36374,0.194472,0,0,1,0
93.5,2671,1,0.494744,0.494744,0.886115,0.669304,0.216811,35.5445,34.6772,10,8,-2,0.717859,0.718749,0.000890668,0,0,0,0
93.5,2671,2,0.258546,0.258546,0.888896,-0.0988078,0.987703,35.5556,31.6048,14,9,-5,0.482269,0.68188,0.199611,0,0,0,0
93.5,2671,3,1.00134,1.00134,0.855202,0.936956,0.081754,35.4208,35.7478,6,13,7,1.36374,0.647595,0.716149,0,0,0,0
93.6,2672,1,0.368862,0.368862,0.713144,0.886115,0.172972,34.8526,35.5445,8,8,0,0.718749,0.947213,0.228464,0,0,0,0
93.6,2672,2,0.123584,0.123584,0.903028,0.888896,0.0141326,35.6121,35.5556,9,9,0,0.68188,0.833488,0.151608,0,0,1,0
93.6,2672,3,0.127555,0.127555,0.826462,0.855202,0.02874,35.3058,35.4208,13,13,0,0.647595,0.821603,0.174008,0,0,0,0
93.7,2673,1,0.385955,0.385955,0.931668,0.713144,0.218524,35.7267,34.8526,8,11,3,0.947213,0.424101,0.523112,0,0,0,0
93.7,2673,2,0.308121,0.308121,0.432582,0.903028,0.470446,33.7303,35.6121,9,13,4,0.833488,0.482147,0.351341,0,0,0,0
93.7,2673,3,0.125875,0.125875,0.792456,0.826462,0.0340059,35.1698,35.3058,13,6,-7,0.821603,1.12819,0.306589,0,0,0,0
93.8,2674,1,0.184469,0.184469,0.930964,0.931668,0.000703573,35.7239,35.7267,11,11,0,0.424101,0.565861,0.14176,0,0,1,0
93.8,2674,2,0.225853,0.225853,-0.36898,0.432582,0.801562,30.5241,33.7303,13,13,0,0.482147,0.688315,0.206168,0,0,0,0
93.8,2674,3,0.231786,0.231786,0.611675,0.792456,0.180781,34.4467,35.1698,6,6,0,1.12819,1.26523,0.13704,0,0,0,0
93.9,2675,1,0.00297332,0.00297332,0.733147,0.930964,0.197817,34.9326,35.7239,11,7,-4,0.565861,0.997371,0.431509,0,1,0,0
93.9,2675,2,0.066876,0.066876,0.915289,-0.36898,1.28427,35.6612,30.5241,13,10,-3,0.688315,0.703123,0.014808,0,0,0,0
93.9,2675,3,0.50766,0.50766,0.926233,0.611675,0.314558,35.7049,34.4467,6,13,7,1.26523,0.454995,0.810237,0,0,0,0
94,2676,1,0.116184,0.116184,0.951056,0.733147,0.217909,35.8042,34.9326,7,7,0,0.997371,0.997251,0.00012,0,0,0,0
94,2676,2,0.208387,0.208387,0.621902,0.915289,0.293387,34.4876,35.6612,10,10,0,0.703123,0.663419,0.039704,0,0,0,0
94,2676,3,0.170079,0.170079,0.973427,0.926233,0.0471944,35.8937,35.7049,13,13,0,0.454995,0.654603,0.199608,0,0,0,0
94.1,2677,1,0.215237,0.215237,0.946428,0.951056,0.00462818,35.7857,35.8042,7,11,4,0.997251,0.414997,0.582253,0,0,1,0
94.1,2677,2,0.368563,0.368563,-0.253441,0.621902,0.875343,30.9862,34.4876,10,10,0,0.663419,0.669379,0.00596,0,0,0,0
94.1,2677,3,0.532253,0.532253,0.961208,0.973427,0.0122191,35.8448,35.8937,13,9,-4,0.654603,1.04131,0.386709,0,0,1,0
94.2,2678,1,0.00348145,0.00348145,0.883794,0.946428,0.0626341,35.5352,35.7857,11,11,0,0.414997,0.687557,0.27256,0,1,0,0
94.2,2678,2,1.26763,1.26763,0.706575,-0.253441,0.960016,34.8263,30.9862,10,10,0,0.669379,0.646635,0.022744,0,0,0,0
94.2,2678,3,0.177086,0.177086,0.997185,0.961208,0.0359775,35.9887,35.8448,9,9,0,1.04131,1.08062,0.039304,0,0,0,0
94.3,2679,1,0.533541,0.533541,0.829075,0.883794,0.0547188,35.3163,35.5352,11,10,-1,0.687557,0.603819,0.0837387,0,0,0,0
94.3,2679,2,0.871399,0.871399,0.896034,0.706575,0.189459,35.5841,34.8263,10,8,-2,0.646635,0.703685,0.0570507,0,0,0,0
94.3,2679,3,0.0989196,0.0989196,0.973482,0.997185,0.0237038,35.8939,35.9887,9,12,3,1.08062,0.56964,0.510976,0,0,0,0
94.4,2680,1,0.696971,0.696971,0.372864,0.829075,0.456211,33.4915,35.3163,10,10,0,0.603819,0.742467,0.138648,0,0,0,0
94.4,2680,2,0.430923,0.430923,0.706752,0.896034,0.189283,34.827,35.5841,8,8,0,0.703685,1.06833,0.364648,0,0,0,0
94.4,2680,3,0.279209,0.279209,0.45141,0.973482,0.522072,33.8056,35.8939,12,12,0,0.56964,0.780544,0.210904,0,0,0,0
94.5,2681,1,0.997291,0.997291,0.873939,0.372864,0.501075,35.4958,33.4915,10,11,1,0.742467,0.463285,0.279181,0,0,0,0
94.5,2681,2,0.286637,0.286637,0.962123,0.706752,0.255371,35.8485,34.827,8,11,3,1.06833,0.745109,0.323224,0,0,0,0
94.5,2681,3,0.291481,0.291481,0.980223,0.45141,0.528813,35.9209,33.8056,12,8,-4,0.780544,0.929109,0.148565,0,0,0,0
94.6,2682,1,1.12591,1.12591,0.963454,0.873939,0.0895156,35.8538,35.4958,11,11,0,0.463285,0.538581,0.075296,0,0,0,0
94.6,2682,2,0.0210727,0.0210727,-0.187722,0.962123,1.14984,31.2491,35.8485,11,11,0,0.745109,0.935165,0.190056,0,0,0,0
94.6,2682,3,0.100057,0.100057,0.178519,0.980223,0.801703,32.7141,35.9209,8,8,0,0.929109,1.03172,0.102608,0,0,0,0
94.7,2683,1,0.659636,0.659636,0.887783,0.963454,0.0756717,35.5511,35.8538,11,11,0,0.538581,0.757597,0.219016,0,0,0,0
94.7,2683,2,0.989128,0.989128,0.792443,-0.187722,0.980165,35.1698,31.2491,11,11,0,0.935165,0.595653,0.339512,0,0,0,0
94.7,2683,3,0.286642,0.286642,0.975409,0.178519,0.796889,35.9016,32.7141,8,8,0,1.03172,0.835349,0.196368,0,0,0,0
94.8,2684,1,0.00732991,0.00732991,0.959436,0.887783,0.0716535,35.8377,35.5511,11,11,0,0.757597,0.687237,0.07036,0,1,0,0
94.8,2684,2,0.0735952,0.0735952,-0.0559303,0.792443,0.848373,31.7763,35.1698,11,11,0,0.595653,0.766693,0.17104,0,0,0,0
94.8,2684,3,0.404813,0.404813,0.489064,0.975409,0.486345,33.9563,35.9016,8,8,0,0.835349,1.00628,0.170928,0,0,0,0
94.9,2685,1,0.498625,0.498625,0.94529,0.959436,0.0141464,35.7812,35.8377,11,12,1,0.687237,0.572352,0.114885,0,0,1,0
94.9,2685,2,0.029991,0.029991,0.489601,-0.0559303,0.545532,33.9584,31.7763,11,8,-3,0.766693,0.910485,0.143792,0,0,0,0
94.9,2685,3,0.627913,0.627913,0.947119,0.489064,0.458055,35.7885,33.9563,8,10,2,1.00628,0.615795,0.390483,0,0,0,0
95,2686,1,0.474722,0.474722,0.896038,0.94529,0.0492517,35.5842,35.7812,12,12,0,0.572352,0.654328,0.081976,0,0,0,0
95,2686,2,0.593324,0.593324,0.228437,0.489601,0.261164,32.9137,33.9584,8,8,0,0.910485,0.989525,0.07904,0,0,0,0
95,2686,3,0.176876,0.176876,0.581722,0.947119,0.365397,34.3269,35.7885,10,10,0,0.615795,0.852611,0.236816,0,0,0,0
95.1,2687,1,0.126437,0.126437,0.694897,0.896038,0.201141,34.7796,35.5842,12,9,-3,0.654328,0.743152,0.088824,0,0,0,0
95.1,2687,2,0.29041,0.29041,0.830414,0.228437,0.601976,35.3217,32.9137,8,12,4,0.989525,0.527992,0.461533,0,0,0,0
95.1,2687,3,0.14569,0.14569,0.0720597,0.581722,0.509662,32.2882,34.3269,10,9,-1,0.852611,0.881776,0.0291653,0,0,0,0
95.2,2688,1,0.742965,0.742965,0.988614,0.694897,0.293717,35.9545,34.7796,9,9,0,0.743152,0.779288,0.036136,0,0,0,0
95.2,2688,2,0.863191,0.863191,0.957422,0.830414,0.127009,35.8297,35.3217,12,12,0,0.527992,0.798728,0.270736,0,0,0,0
95.2,2688,3,0.0513769,0.0513769,0.860804,0.0720597,0.788744,35.4432,32.2882,9,9,0,0.881776,0.795128,0.086648,0,0,0,0
95.3,2689,1,0.133038,0.133038,0.739535,0.988614,0.249079,34.9581,35.9545,9,14,5,0.779288,0.308341,0.470947,0,0,0,0
95.3,2689,2,0.0506631,0.0506631,0.47555,0.957422,0.481872,33.9022,35.8297,12,7,-5,0.798728,1.22401,0.425283,0,0,0,0
95.3,2689,3,0.926477,0.926477,0.799305,0.860804,0.0614989,35.1972,35.4432,9,9,0,0.795128,0.643376,0.151752,0,0,0,0
95.4,2690,1,1.38427,1.38427,0.353138,0.739535,0.386396,33.4126,34.9581,14,14,0,0.308341,0.347469,0.039128,0,0,0,0
95.4,2690,2,0.0575794,0.0575794,0.871374,0.47555,0.395823,35.4855,33.9022,7,7,0,1.22401,1.15761,0.0664,0,0,0,0
95.4,2690,3,0.461275,0.461275,0.869738,0.799305,0.0704329,35.479,35.1972,9,9,0,0.643376,1.05905,0.415672,0,0,0,0
95.5,2691,1,0.259921,0.259921,0.949389,0.353138,0.596251,35.7976,33.4126,14,11,-3,0.347469,0.542061,0.194592,0,0,0,0
95.5,2691,2,0.0272574,0.0272574,0.28165,0.871374,0.589723,33.1266,35.4855,7,10,3,1.15761,0.903355,0.254256,0,0,0,0
95.5,2691,3,0.809609,0.809609,0.900773,0.869738,0.0310354,35.6031,35.479,9,9,0,1.05905,1.01566,0.043392,0,0,0,0
95.6,2692,1,0.0517283,0.0517283,0.839125,0.949389,0.110264,35.3565,35.7976,11,11,0,0.542061,0.541133,0.000928,0,0,0,0
95.6,2692,2,0.00941597,0.00941597,0.702873,0.28165,0.421223,34.8115,33.1266,10,10,0,0.903355,0.814707,0.088648,0,1,0,0
95.6,2692,3,1.28672,1.28672,0.891582,0.900773,0.00919122,35.5663,35.6031,9,9,0,1.01566,1.041,0.025344,0,0,1,0
95.7,2693,1,0.0597772,0.0597772,0.712027,0.839125,0.127098,34.8481,35.3565,11,5,-6,0.541133,1.10645,0.565315,0,0,0,0
95.7,2693,2,0.461178,0.461178,0.941209,0.702873,0.238336,35.7648,34.8115,10,13,3,0.814707,0.520475,0.294232,0,0,0,0
95.7,2693,3,0.0955036,0.0955036,0.843217,0.891582,0.0483649,35.3729,35.5663,9,12,3,1.041,0.596088,0.444912,0,0,0,0
95.8,2694,1,0.64215,0.64215,0.975312,0.712027,0.263285,35.9012,34.8481,5,5,0,1.10645,1.11962,0.013168,0,0,0,0
95.8,2694,2,0.155289,0.155289,0.900662,0.941209,0.0405473,35.6026,35.7648,13,13,0,0.520475,0.572883,0.052408,0,0,0,0
95.8,2694,3,0.123411,0.123411,0.882303,0.843217,0.0390854,35.5292,35.3729,12,12,0,0.596088,0.768464,0.172376,0,0,0,0
95.9,2695,1,0.340432,0.340432,0.627338,0.975312,0.347975,34.5094,35.9012,5,10,5,1.11962,0.501899,0.617717,0,0,0,0
95.9,2695,2,0.0643375,0.0643375,0.754928,0.900662,0.145734,35.0197,35.6026,13,12,-1,0.572883,0.667104,0.0942213,0,0,0,0
95.9,2695,3,0.029596,0.029596,0.894565,0.882303,0.012262,35.5783,35.5292,12,8,-4,0.768464,1.04728,0.278813,0,0,1,0
96,2696,1,0.205797,0.205797,0.696441,0.627338,0.069103,34.7858,34.5094,10,10,0,0.501899,0.615515,0.113616,0,0,0,0
96,2696,2,0.282984,0.282984,-0.394367,0.754928,1.14929,30.4225,35.0197,12,12,0,0.667104,0.750752,0.083648,0,0,0,0
96,2696,3,0.0591217,0.0591217,0.856699,0.894565,0.0378657,35.4268,35.5783,8,8,0,1.04728,1.08711,0.039832,0,0,0,0
96.1,2697,1,0.281789,0.281789,0.919322,0.696441,0.222882,35.6773,34.7858,10,9,-1,0.615515,0.830312,0.214797,0,0,0,0
96.1,2697,2,0.231251,0.231251,0.678829,-0.394367,1.0732,34.7153,30.4225,12,12,0,0.750752,0.585104,0.165648,0,0,0,0
96.1,2697,3,0.0620258,0.0620258,0.823183,0.856699,0.033516,35.2927,35.4268,8,9,1,1.08711,0.957936,0.129173,0,0,0,0
96.2,2698,1,1.54374,1.54374,0.435052,0.919322,0.48427,33.7402,35.6773,9,9,0,0.830312,0.821872,0.00844,0,0,0,0
96.2,2698,2,0.245645,0.245645,0.509991,0.678829,0.168838,34.04,34.7153,12,12,0,0.585104,0.54284,0.042264,0,0,0,0
96.2,2698,3,0.309305,0.309305,0.980262,0.823183,0.157079,35.921,35.2927,9,9,0,0.957936,1.01054,0.052608,0,0,0,0
96.3,2699,1,1.50538,1.50538,0.336467,0.435052,0.0985846,33.3459,33.7402,9,10,1,0.821872,0.611083,0.210789,0,0,0,0
96.3,2699,2,0.075761,0.075761,0.369332,0.509991,0.140659,33.4773,34.04,12,10,-2,0.54284,0.682483,0.139643,0,0,0,0
96.3,2699,3,0.381459,0.381459,0.95591,0.980262,0.0243512,35.8236,35.921,9,10,1,1.01054,0.704011,0.306533,0,0,0,0
96.4,2700,1,0.299369,0.299369,0.285696,0.336467,0.0507711,33.1428,33.3459,10,10,0,0.611083,0.619147,0.008064,0,0,0,0
96.4,2700,2,0.0890253,0.0890253,0.514341,0.369332,0.145009,34.0574,33.4773,10,10,0,0.682483,0.899419,0.216936,0,0,0,0
96.4,2700,3,0.323156,0.323156,0.961015,0.95591,0.00510484,35.8441,35.8236,10,10,0,0.704011,0.987931,0.28392,0,0,1,0
96.5,2701,1,0.173043,0.173043,0.864497,0.285696,0.578801,35.458,33.1428,10,9,-1,0.619147,0.545024,0.0741227,0,0,0,0
96.5,2701,2,0.381245,0.381245,0.576182,0.514341,0.0618406,34.3047,34.0574,10,12,2,0.899419,0.551728,0.347691,0,0,0,0
96.5,2701,3,0.256151,0.256151,0.952777,0.961015,0.00823838,35.8111,35.8441,10,9,-1,0.987931,0.921648,0.0662827,0,0,1,0
96.6,2702,1,0.0807852,0.0807852,0.0706598,0.864497,0.793837,32.2826,35.458,9,9,0,0.545024,0.744736,0.199712,0,0,0,0
96.6,2702,2,0.980712,0.980712,-0.217321,0.576182,0.793503,31.1307,34.3047,12,12,0,0.551728,0.73092,0.179192,0,0,0,0
96.6,2702,3,0.367864,0.367864,-0.444654,0.952777,1.39743,30.2214,35.8111,9,9,0,0.921648,1.02499,0.103344,0,0,0,0
96.7,2703,1,0.837001,0.837001,0.88376,0.0706598,0.8131,35.535,32.2826,9,8,-1,0.744736,0.734869,0.00986667,0,0,0,0
96.7,2703,2,0.954184,0.954184,0.153377,-0.217321,0.370698,32.6135,31.1307,12,12,0,0.73092,0.561024,0.169896,0,0,0,0
96.7,2703,3,0.376284,0.376284,0.730985,-0.444654,1.17564,34.9239,30.2214,9,10,1,1.02499,0.713307,0.311685,0,0,0,0
96.8,2704,1,0.612557,0.612557,0.930789,0.88376,0.047029,35.7232,35.535,8,8,0,0.734869,0.953669,0.2188,0,0,0,0
96.8,2704,2,0.045861,0.045861,-0.131749,0.153377,0.285126,31.473,32.6135,12,12,0,0.561024,0.745896,0.184872,0,0,0,0
96.8,2704,3,0.002572,0.002572,0.992925,0.730985,0.261939,35.9717,34.9239,10,10,0,0.713307,0.743907,0.0306,0,1,0,0
96.9,2705,1,0.00841165,0.00841165,0.936704,0.930789,0.00591505,35.7468,35.7232,8,12,4,0.953669,0.626288,0.327381,0,1,1,0
96.9,2705,2,0.183688,0.183688,-0.226253,-0.131749,0.0945035,31.095,31.473,12,10,-2,0.745896,0.661875,0.0840213,0,0,0,0
96.9,2705,3,1.0907,1.0907,0.951167,0.992925,0.0417579,35.8047,35.9717,10,8,-2,0.743907,1.08347,0.339563,0,0,0,0
97,2706,1,0.250554,0.250554,0.907679,0.936704,0.0290248,35.6307,35.7468,12,12,0,0.626288,0.69896,0.072672,0,0,0,0
97,2706,2,1.49619,1.49619,-0.109701,-0.226253,0.116552,31.5612,31.095,10,10,0,0.661875,0.671259,0.009384,0,0,0,0
97,2706,3,1.11901,1.11901,0.771307,0.951167,0.179859,35.0852,35.8047,8,8,0,1.08347,1.23003,0.14656,0,0,0,0
97.1,2707,1,0.247939,0.247939,0.904562,0.907679,0.00311714,35.6182,35.6307,12,9,-3,0.69896,0.803072,0.104112,0,0,1,0
97.1,2707,2,1.33206,1.33206,0.398009,-0.109701,0.50771,33.592,31.5612,10,7,-3,0.671259,0.763803,0.092544,0,0,0,0
97.1,2707,3,0.295328,0.295328,0.933802,0.771307,0.162494,35.7352,35.0852,8,14,6,1.23003,0.494741,0.735288,0,0,0,0
97.2,2708,1,1.30315,1.30315,0.625331,0.904562,0.279231,34.5013,35.6182,9,9,0,0.803072,0.915552,0.11248,0,0,0,0
97.2,2708,2,1.53277,1.53277,0.594908,0.398009,0.196899,34.3796,33.592,7,7,0,0.763803,1.01155,0.247752,0,0,0,0
97.2,2708,3,0.175457,0.175457,0.425945,0.933802,0.507856,33.7038,35.7352,14,14,0,0.494741,0.690285,0.195544,0,0,0,0
97.3,2709,1,0.667907,0.667907,0.880489,0.625331,0.255158,35.522,34.5013,9,13,4,0.915552,0.486315,0.429237,0,0,0,0
97.3,2709,2,1.67329,1.67329,0.59045,0.594908,0.00445759,34.3618,34.3796,7,9,2,1.01155,0.90792,0.103635,0,0,1,0
97.3,2709,3,0.0388246,0.0388246,0.951607,0.425945,0.525662,35.8064,33.7038,14,8,-6,0.690285,0.973061,0.282776,0,0,0,0
97.4,2710,1,0.971275,0.971275,0.898304,0.880489,0.0178151,35.5932,35.522,13,13,0,0.486315,0.509803,0.023488,0,0,1,0
97.4,2710,2,0.0855779,0.0855779,-0.437711,0.59045,1.02816,30.2492,34.3618,9,9,0,0.90792,1.0302,0.12228,0,0,0,0
97.4,2710,3,0.460862,0.460862,0.811007,0.951607,0.1406,35.244,35.8064,8,8,0,0.973061,1.08544,0.112376,0,0,0,0
97.5,2711,1,0.070676,0.070676,0.277559,0.898304,0.620745,33.1102,35.5932,13,11,-2,0.509803,0.663173,0.153371,0,0,0,0
97.5,2711,2,0.0108168,0.0108168,0.93217,-0.437711,1.36988,35.7287,30.2492,9,9,0,1.0302,0.630648,0.399552,0,1,0,0
97.5,2711,3,0.467745,0.467745,0.961317,0.811007,0.150309,35.8453,35.244,8,10,2,1.08544,0.862099,0.223339,0,0,0,0
97.6,2712,1,0.0664191,0.0664191,0.64499,0.277559,0.367431,34.58,33.1102,11,11,0,0.663173,0.624205,0.038968,0,0,0,0
97.6,2712,2,0.148851,0.148851,0.834342,0.93217,0.0978279,35.3374,35.7287,9,9,0,0.630648,0.882456,0.251808,0,0,0,0
97.6,2712,3,0.558289,0.558289,-0.152389,0.961317,1.11371,31.3904,35.8453,10,10,0,0.862099,1.01192,0.149824,0,0,0,0
97.7,2713,1,0.693476,0.693476,0.906359,0.64499,0.261369,35.6254,34.58,11,7,-4,0.624205,0.868195,0.243989,0,0,0,0
97.7,2713,2,0.0175932,0.0175932,0.859619,0.834342,0.0252773,35.4385,35.3374,9,12,3,0.882456,0.786312,0.096144,0,1,0,0
97.7,2713,3,0.876485,0.876485,0.884395,-0.152389,1.03678,35.5376,31.3904,10,11,1,1.01192,0.605469,0.406453,0,0,0,0
97.8,2714,1,0.0260348,0.0260348,0.553586,0.906359,0.352773,34.2143,35.6254,7,7,0,0.868195,1.03212,0.163928,0,0,0,0
97.8,2714,2,1.05784,1.05784,0.757981,0.859619,0.101639,35.0319,35.4385,12,12,0,0.786312,0.742968,0.043344,0,0,0,0
97.8,2714,3,0.100531,0.100531,0.96465,0.884395,0.0802552,35.8586,35.5376,11,11,0,0.605469,0.565165,0.040304,0,0,0,0
97.9,2715,1,0.69664,0.69664,0.933167,0.553586,0.379581,35.7327,34.2143,7,11,4,1.03212,0.444605,0.587517,0,0,0,0
97.9,2715,2,0.750764,0.750764,0.896995,0.757981,0.139015,35.588,35.0319,12,11,-1,0.742968,0.609349,0.133619,0,0,0,0
97.9,2715,3,0.00369763,0.00369763,0.92032,0.96465,0.0443304,35.6813,35.8586,11,8,-3,0.565165,0.923077,0.357912,0,1,0,0
98,2716,1,0.41371,0.41371,0.0852475,0.933167,0.847919,32.341,35.7327,11,11,0,0.444605,0.526461,0.081856,0,0,0,0
98,2716,2,0.522192,0.522192,0.188664,0.896995,0.708331,32.7547,35.588,11,11,0,0.609349,0.820637,0.211288,0,0,0,0
98,2716,3,0.0285788,0.0285788,0.51171,0.92032,0.40861,34.0468,35.6813,8,8,0,0.923077,1.03258,0.109504,0,0,0,0
98.1,2717,1,0.0212994,0.0212994,0.825667,0.0852475,0.74042,35.3027,32.341,11,7,-4,0.526461,0.719195,0.192733,0,0,0,0
98.1,2717,2,0.628471,0.628471,0.92657,0.188664,0.737906,35.7063,32.7547,11,13,2,0.820637,0.472187,0.348451,0,0,0,0
98.1,2717,3,0.0680164,0.0680164,0.9403,0.51171,0.428591,35.7612,34.0468,8,10,2,1.03258,0.791011,0.241571,0,0,0,0
98.2,2718,1,0.217405,0.217405,0.799979,0.825667,0.0256885,35.1999,35.3027,7,7,0,0.719195,0.767763,0.048568,0,0,0,0
98.2,2718,2,0.191427,0.191427,0.101609,0.92657,0.824961,32.4064,35.7063,13,13,0,0.472187,0.599011,0.126824,0,0,0,0
98.2,2718,3,0.54754,0.54754,0.748453,0.9403,0.191847,34.9938,35.7612,10,10,0,0.791011,1.00493,0.21392,0,0,0,0
98.3,2719,1,0.24768,0.24768,0.89903,0.799979,0.0990512,35.5961,35.1999,7,11,4,0.767763,0.579677,0.188085,0,0,0,0
98.3,2719,2,1.14142,1.14142,0.57701,0.101609,0.475401,34.308,32.4064,13,11,-2,0.599011,0.707365,0.108355,0,0,0,0
98.3,2719,3,0.512084,0.512084,0.784939,0.748453,0.0364857,35.1398,34.9938,10,8,-2,1.00493,0.898117,0.106813,0,0,0,0
98.4,2720,1,0.30881,0.30881,0.810267,0.89903,0.0887629,35.2411,35.5961,11,11,0,0.579677,0.733093,0.153416,0,0,0,0
98.4,2720,2,0.856352,0.856352,0.588611,0.57701,0.0116013,34.3544,34.308,11,11,0,0.707365,0.674413,0.032952,0,0,1,0
98.4,2720,3,0.0827516,0.0827516,0.834593,0.784939,0.049654,35.3384,35.1398,8,8,0,0.898117,1.03398,0.135864,0,0,0,0
98.5,2721,1,0.287661,0.287661,0.901733,0.810267,0.0914662,35.6069,35.2411,11,6,-5,0.733093,0.949032,0.215939,0,0,0,0
98.5,2721,2,0.136074,0.136074,0.202126,0.588611,0.386485,32.8085,34.3544,11,14,3,0.674413,0.404949,0.269464,0,0,0,0
98.5,2721,3,0.356614,0.356614,0.698205,0.834593,0.136388,34.7928,35.3384,8,10,2,1.03398,0.714091,0.319891,0,0,0,0
98.6,2722,1,0.0530092,0.0530092,0.790417,0.901733,0.111317,35.1617,35.6069,6,6,0,0.949032,1.22069,0.271656,0,0,0,0
98.6,2722,2,0.392096,0.392096,0.909116,0.202126,0.70699,35.6365,32.8085,14,14,0,0.404949,0.585477,0.180528,0,0,0,0
98.6,2722,3,0.290242,0.290242,0.852991,0.698205,0.154786,35.412,34.7928,10,10,0,0.714091,1.0291,0.315008,0,0,0,0
98.7,2723,1,1.63628,1.63628,0.388954,0.790417,0.401462,33.5558,35.1617,6,11,5,1.22069,0.506149,0.714539,0,0,0,0
98.7,2723,2,1.39969,1.39969,0.758782,0.909116,0.150334,35.0351,35.6365,14,9,-5,0.585477,0.775128,0.189651,0,0,0,0
98.7,2723,3,0.131677,0.131677,0.704371,0.852991,0.14862,34.8175,35.412,10,10,0,1.0291,0.781003,0.248096,0,0,0,0
98.8,2724,1,0.615806,0.615806,0.793611,0.388954,0.404657,35.1744,33.5558,11,11,0,0.506149,0.601333,0.095184,0,0,0,0
98.8,2724,2,0.383921,0.383921,0.880726,0.758782,0.121944,35.5229,35.0351,9,9,0,0.775128,1.20808,0.432952,0,0,0,0
98.8,2724,3,0.209308,0.209308,-0.0694515,0.704371,0.773822,31.7222,34.8175,10,10,0,0.781003,0.988427,0.207424,0,0,0,0
98.9,2725,1,0.99625,0.99625,0.943196,0.793611,0.149585,35.7728,35.1744,11,13,2,0.601333,0.428099,0.173235,0,0,0,0
98.9,2725,2,1.0068,1.0068,0.902965,0.880726,0.0222387,35.6119,35.5229,9,11,2,1.20808,0.956237,0.251843,0,0,0,0
98.9,2725,3,0.0208097,0.0208097,0.844253,-0.0694515,0.913705,35.377,31.7222,10,6,-4,0.988427,0.858264,0.130163,0,0,0,0
99,2726,1,0.137275,0.137275,0.979993,0.943196,0.0367964,35.92,35.7728,13,13,0,0.428099,0.626099,0.198,0,0,0,0
99,2726,2,0.0200714,0.0200714,0.750803,0.902965,0.152161,35.0032,35.6119,11,11,0,0.956237,1.00673,0.050488,0,0,0,0
99,2726,3,0.232628,0.232628,0.89508,0.844253,0.0508267,35.5803,35.377,6,6,0,0.858264,1.1615,0.303232,0,0,0,0
99.1,2727,1,0.129944,0.129944,0.724071,0.979993,0.255922,34.8963,35.92,13,6,-7,0.626099,1.07072,0.444621,0,0,0,0
99.1,2727,2,0.31365,0.31365,0.748273,0.750803,0.00252968,34.9931,35.0032,11,12,1,1.00673,0.471664,0.535061,0,0,1,0
99.1,2727,3,0.432228,0.432228,0.953764,0.89508,0.0586845,35.8151,35.5803,6,12,6,1.1615,0.454832,0.706664,0,0,0,0
99.2,2728,1,0.31064,0.31064,0.780337,0.724071,0.0562663,35.1213,34.8963,6,6,0,1.07072,1.16284,0.09212,0,0,0,0
99.2,2728,2,0.357536,0.357536,-0.0707689,0.748273,0.819042,31.7169,34.9931,12,12,0,0.471664,0.762696,0.291032,0,0,0,0
99.2,2728,3,0.0408449,0.0408449,0.711493,0.953764,0.242271,34.846,35.8151,12,12,0,0.454832,0.78096,0.326128,0,0,0,0
99.3,2729,1,0.297293,0.297293,0.942631,0.780337,0.162294,35.7705,35.1213,6,12,6,1.16284,0.46292,0.69992,0,0,0,0
99.3,2729,2,0.425496,0.425496,0.912667,-0.0707689,0.983436,35.6507,31.7169,12,12,0,0.762696,0.527992,0.234704,0,0,0,0
99.3,2729,3,0.412862,0.412862,0.931642,0.711493,0.220149,35.7266,34.846,12,6,-6,0.78096,1.22137,0.440408,0,0,0,0
99.4,2730,1,0.390842,0.390842,0.933674,0.942631,0.00895709,35.7347,35.7705,12,12,0,0.46292,0.714752,0.251832,0,0,1,0
99.4,2730,2,0.510301,0.510301,-0.468597,0.912667,1.38126,30.1256,35.6507,12,12,0,0.527992,0.6274,0.099408,0,0,0,0
99.4,2730,3,0.39682,0.39682,0.91134,0.931642,0.020303,35.6454,35.7266,6,6,0,1.22137,1.25413,0.03276,0,0,0,0
99.5,2731,1,0.342294,0.342294,0.981178,0.933674,0.0475045,35.9247,35.7347,12,8,-4,0.714752,0.858189,0.143437,0,0,0,0
99.5,2731,2,0.0712298,0.0712298,0.217548,-0.468597,0.686144,32.8702,30.1256,12,10,-2,0.6274,0.678379,0.0509787,0,0,0,0
99.5,2731,3,0.200201,0.200201,0.696519,0.91134,0.214821,34.7861,35.6454,6,12,6,1.25413,0.596984,0.657144,0,0,0,0
99.6,2732,1,0.519436,0.519436,0.962081,0.981178,0.0190971,35.8483,35.9247,8,8,0,0.858189,1.08581,0.227616,0,0,1,0
99.6,2732,2,1.37631,1.37631,0.154096,0.217548,0.0634518,32.6164,32.8702,10,10,0,0.678379,0.822539,0.14416,0,0,0,0
99.6,2732,3,0.247082,0.247082,0.891917,0.696519,0.195398,35.5677,34.7861,12,12,0,0.596984,0.907384,0.3104,0,0,0,0
99.7,2733,1,0.334062,0.334062,0.965521,0.962081,0.00344014,35.8621,35.8483,8,13,5,1.08581,0.494659,0.591147,0,0,1,0
99.7,2733,2,1.16718,1.16718,-0.11733,0.154096,0.271425,31.5307,32.6164,10,9,-1,0.822539,0.667824,0.154715,0,0,0,0
99.7,2733,3,0.0256039,0.0256039,0.540795,0.891917,0.351121,34.1632,35.5677,12,8,-4,0.907384,1.003,0.0956133,0,0,0,0
99.8,2734,1,0.328283,0.328283,0.890252,0.965521,0.0752698,35.561,35.8621,13,13,0,0.494659,0.622099,0.12744,0,0,0,0
99.8,2734,2,0.00406379,0.00406379,-0.0134408,-0.11733,0.103889,31.9462,31.5307,9,9,0,0.667824,0.827672,0.159848,0,1,0,0
99.8,2734,3,0.0582107,0.0582107,0.546974,0.540795,0.00617826,34.1879,34.1632,8,8,0,1.003,1.09841,0.095408,0,0,1,0
99.9,2735,1,0.553407,0.553407,0.742837,0.890252,0.147415,34.9713,35.561,13,11,-2,0.622099,0.784413,0.162315,0,0,0,0
99.9,2735,2,0.418433,0.418433,0.964519,-0.0134408,0.97796,35.8581,31.9462,9,8,-1,0.827672,0.735541,0.0921307,0,0,0,0
99.9,2735,3,1.01809,1.01809,0.971955,0.546974,0.424982,35.8878,34.1879,8,11,3,1.09841,0.565141,0.533264,0,0,0,0
100,2736,1,0.0850647,0.0850647,0.832141,0.742837,0.0893042,35.3286,34.9713,11,11,0,0.784413,0.709093,0.07532,0,0,0,0
100,2736,2,0.532511,0.532511,0.0271466,0.964519,0.937373,32.1086,35.8581,8,8,0,0.735541,1.17311,0.437568,0,0,0,0
100,2736,3,1.13493,1.13493,0.463813,0.971955,0.508143,33.8553,35.8878,11,11,0,0.565141,0.871357,0.306216,0,0,0,0
100.1,2737,1,0.0147295,0.0147295,0.937787,0.832141,0.105646,35.7511,35.3286,11,9,-2,0.709093,0.86088,0.151787,0,1,0,0
100.1,2737,2,0.119489,0.119489,0.818557,0.0271466,0.79141,35.2742,32.1086,8,9,1,1.17311,0.87192,0.301189,0,0,0,0
100.1,2737,3,1.01212,1.01212,0.563889,0.463813,0.100077,34.2556,33.8553,11,12,1,0.871357,0.803272,0.0680853,0,0,0,0
100.2,2738,1,0.677306,0.677306,0.407706,0.937787,0.530082,33.6308,35.7511,9,9,0,0.86088,0.937968,0.077088,0,0,0,0
100.2,2738,2,0.333313,0.333313,0.960838,0.818557,0.142281,35.8434,35.2742,9,9,0,0.87192,1.16997,0.298048,0,0,0,0
100.2,2738,3,0.84275,0.84275,-0.0489686,0.563889,0.612858,31.8041,34.2556,12,12,0,0.803272,0.778512,0.02476,0,0,0,0
100.3,2739,1,0.0286161,0.0286161,0.97355,0.407706,0.565844,35.8942,33.6308,9,12,3,0.937968,0.542384,0.395584,0,0,0,0
100.3,2739,2,1.32473,1.32473,0.654699,0.960838,0.306139,34.6188,35.8434,9,8,-1,1.16997,1.33045,0.160485,0,0,0,0
100.3,2739,3,1.05017,1.05017,0.838414,-0.0489686,0.887382,35.3537,31.8041,12,10,-2,0.778512,0.654683,0.123829,0,0,0,0
100.4,2740,1,0.47784,0.47784,0.623673,0.97355,0.349877,34.4947,35.8942,12,12,0,0.542384,0.46328,0.079104,0,0,0,0
100.4,2740,2,1.4634,1.4634,0.629223,0.654699,0.0254757,34.5169,34.6188,8,8,0,1.33045,1.14684,0.183616,0,0,0,0
100.4,2740,3,0.541054,0.541054,0.961562,0.838414,0.123149,35.8462,35.3537,10,10,0,0.654683,0.802979,0.148296,0,0,0,0
100.5,2741,1,0.0489615,0.0489615,0.980521,0.623673,0.356848,35.9221,34.4947,12,5,-7,0.46328,1.04793,0.584648,0,0,0,0
100.5,2741,2,0.108402,0.108402,0.888923,0.629223,0.2597,35.5557,34.5169,8,14,6,1.14684,0.394309,0.752528,0,0,0,0
100.5,2741,3,0.640582,0.640582,0.70243,0.961562,0.259132,34.8097,35.8462,10,11,1,0.802979,0.843237,0.0402587,0,0,0,0
100.6,2742,1,0.557137,0.557137,0.819344,0.980521,0.161177,35.2774,35.9221,5,5,0,1.04793,1.2673,0.219376,0,0,0,0
100.6,2742,2,0.201808,0.201808,0.87499,0.888923,0.0139338,35.5,35.5557,14,14,0,0.394309,0.630661,0.236352,0,0,1,0
100.6,2742,3,0.566052,0.566052,-0.498581,0.70243,1.20101,30.0057,34.8097,11,11,0,0.843237,0.852029,0.008792,0,0,0,0
100.7,2743,1,0.0638266,0.0638266,0.611446,0.819344,0.207898,34.4458,35.2774,5,14,9,1.2673,0.502109,0.765195,0,0,0,0
100.7,2743,2,0.0490789,0.0490789,0.821415,0.87499,0.0535741,35.2857,35.5,14,9,-5,0.630661,1.02048,0.389819,0,0,0,0
100.7,2743,3,0.605259,0.605259,0.965052,-0.498581,1.46363,35.8602,30.0057,11,7,-4,0.852029,0.784539,0.0674907,0,0,0,0
100.8,2744,1,0.0503628,0.0503628,0.244884,0.611446,0.366562,32.9795,34.4458,14,14,0,0.502109,0.461173,0.040936,0,0,0,0
100.8,2744,2,0.128654,0.128654,0.664323,0.821415,0.157092,34.6573,35.2857,9,9,0,1.02048,1.18442,0.163936,0,0,0,0
100.8,2744,3,1.29679,1.29679,0.974383,0.965052,0.00933129,35.8975,35.8602,7,7,0,0.784539,0.901139,0.1166,0,0,1,0
100.9,2745,1,0.0281258,0.0281258,0.970541,0.244884,0.725657,35.8822,32.9795,14,5,-9,0.461173,0.883488,0.422315,0,0,0,0
100.9,2745,2,0.31816,0.31816,0.130716,0.664323,0.533607,32.5229,34.6573,9,15,6,1.18442,0.366072,0.818344,0,0,0,0
100.9,2745,3,1.00657,1.00657,0.873509,0.974383,0.100874,35.494,35.8975,7,10,3,0.901139,0.801923,0.099216,0,0,0,0
101,2746,1,0.0729412,0.0729412,0.600298,0.970541,0.370243,34.4012,35.8822,5,5,0,0.883488,1.21093,0.32744,0,0,0,0
101,2746,2,0.527981,0.527981,0.0170159,0.130716,0.1137,32.0681,32.5229,15,15,0,0.366072,0.588024,0.221952,0,0,0,0
101,2746,3,0.173163,0.173163,0.523844,0.873509,0.349665,34.0954,35.494,10,10,0,0.801923,1.07427,0.272344,0,0,0,0
101.1,2747,1,0.105479,0.105479,0.939224,0.600298,0.338926,35.7569,34.4012,5,10,5,1.21093,0.691723,0.519205,0,0,0,0
101.1,2747,2,1.04224,1.04224,-0.0167655,0.0170159,0.0337814,31.9329,32.0681,15,10,-5,0.588024,0.720403,0.132379,0,0,0,0
101.1,2747,3,1.02833,1.02833,0.969612,0.523844,0.445768,35.8784,34.0954,10,10,0,1.07427,0.766227,0.30804,0,0,0,0
101.2,2748,1,0.19494,0.19494,0.964157,0.939224,0.0249327,35.8566,35.7569,10,10,0,0.691723,0.864611,0.172888,0,0,0,0
101.2,2748,2,0.0516983,0.0516983,0.543987,-0.0167655,0.560753,34.1759,31.9329,10,10,0,0.720403,0.743707,0.023304,0,0,0,0
101.2,2748,3,0.653695,0.653695,0.982523,0.969612,0.0129109,35.9301,35.8784,10,10,0,0.766227,1.00151,0.235288,0,0,1,0
101.3,2749,1,0.30686,0.30686,0.676704,0.964157,0.287453,34.7068,35.8566,10,7,-3,0.864611,1.05291,0.188296,0,0,0,0
101.3,2749,2,0.738388,0.738388,0.739328,0.543987,0.195341,34.9573,34.1759,10,10,0,0.743707,0.712603,0.031104,0,0,0,0
101.3,2749,3,0.0671467,0.0671467,0.898089,0.982523,0.084434,35.5924,35.9301,10,13,3,1.00151,0.653451,0.348064,0,0,0,0
101.4,2750,1,0.819808,0.819808,0.808824,0.676704,0.13212,35.2353,34.7068,7,7,0,1.05291,1.01347,0.039432,0,0,0,0
101.4,2750,2,0.136542,0.136542,0.148832,0.739328,0.590495,32.5953,34.9573,10,10,0,0.712603,0.999035,0.286432,0,0,0,0
101.4,2750,3,0.0143587,0.0143587,0.727956,0.898089,0.170133,34.9118,35.5924,13,13,0,0.653451,0.659195,0.005744,0,1,0,0
101.5,2751,1,1.07661,1.07661,0.986495,0.808824,0.177671,35.946,35.2353,7,12,5,1.01347,0.531896,0.481579,0,0,0,0
101.5,2751,2,0.155592,0.155592,0.859182,0.148832,0.710349,35.4367,32.5953,10,9,-1,0.999035,0.726464,0.272571,0,0,0,0
101.5,2751,3,0.0821513,0.0821513,0.752337,0.727956,0.0243806,35.0093,34.9118,13,9,-4,0.659195,1.03962,0.380421,0,0,0,0
101.6,2752,1,0.0256317,0.0256317,0.822081,0.986495,0.164414,35.2883,35.946,12,12,0,0.531896,0.686336,0.15444,0,0,0,0
101.6,2752,2,0.544983,0.544983,0.959842,0.859182,0.100661,35.8394,35.4367,9,9,0,0.726464,0.992088,0.265624,0,0,0,0
101.6,2752,3,0.510008,0.510008,0.899413,0.752337,0.147076,35.5977,35.0093,9,9,0,1.03962,1.02805,0.011568,0,0,0,0
101.7,2753,1,1.08344,1.08344,0.98935,0.822081,0.167269,35.9574,35.2883,12,6,-6,0.686336,0.924232,0.237896,0,0,0,0
101.7,2753,2,0.720743,0.720743,0.878011,0.959842,0.081831,35.512,35.8394,9,12,3,0.992088,0.578448,0.41364,0,0,0,0
101.7,2753,3,0.0426335,0.0426335,0.885757,0.899413,0.0136565,35.543,35.5977,9,12,3,1.02805,0.606144,0.421904,0,0,1,0
101.8,2754,1,1.17304,1.17304,0.861194,0.98935,0.128156,35.4448,35.9574,6,6,0,0.924232,1.10358,0.179344,0,0,0,0
101.8,2754,2,0.607265,0.607265,0.816409,0.878011,0.0616028,35.2656,35.512,12,12,0,0.578448,0.804048,0.2256,0,0,0,0
101.8,2754,3,0.113953,0.113953,0.171907,0.885757,0.713849,32.6876,35.543,12,12,0,0.606144,0.758544,0.1524,0,0,0,0
101.9,2755,1,0.576436,0.576436,0.719209,0.861194,0.141985,34.8768,35.4448,6,12,6,1.10358,0.410592,0.692984,0,0,0,0
101.9,2755,2,0.102405,0.102405,0.918856,0.816409,0.102447,35.6754,35.2656,12,12,0,0.804048,0.739856,0.064192,0,0,0,0
101.9,2755,3,0.205715,0.205715,0.684475,0.171907,0.512568,34.7379,32.6876,12,6,-6,0.758544,0.948424,0.18988,0,0,0,0
102,2756,1,0.523514,0.523514,0.911197,0.719209,0.191988,35.6448,34.8768,12,12,0,0.410592,0.603032,0.19244,0,0,0,0
102,2756,2,0.625192,0.625192,0.784545,0.918856,0.134311,35.1382,35.6754,12,12,0,0.739856,0.987632,0.247776,0,0,0,0
102,2756,3,0.851466,0.851466,0.98678,0.684475,0.302305,35.9471,34.7379,6,6,0,0.948424,1.17479,0.226368,0,0,0,0
102.1,2757,1,0.351659,0.351659,0.886564,0.911197,0.024633,35.5463,35.6448,12,9,-3,0.603032,0.720264,0.117232,0,0,0,0
102.1,2757,2,0.688676,0.688676,0.714357,0.784545,0.0701883,34.8574,35.1382,12,10,-2,0.987632,0.881187,0.106445,0,0,0,0
102.1,2757,3,0.858297,0.858297,0.974234,0.98678,0.0125459,35.8969,35.9471,6,11,5,1.17479,0.611549,0.563243,0,0,1,0
102.2,2758,1,0.43465,0.43465,0.686166,0.886564,0.200397,34.7447,35.5463,9,9,0,0.720264,0.755344,0.03508,0,0,0,0
102.2,2758,2,0.0404416,0.0404416,0.978357,0.714357,0.264,35.9134,34.8574,10,10,0,0.881187,0.956683,0.075496,0,0,0,0
102.2,2758,3,0.807587,0.807587,0.926659,0.974234,0.0475746,35.7066,35.8969,11,11,0,0.611549,0.880005,0.268456,0,0,0,0
102.3,2759,1,0.467164,0.467164,0.898549,0.686166,0.212383,35.5942,34.7447,9,12,3,0.755344,0.440744,0.3146,0,0,0,0
102.3,2759,2,1.049,1.049,0.84026,0.978357,0.138097,35.361,35.9134,10,11,1,0.956683,0.700405,0.256277,0,0,0,0
102.3,2759,3,0.814618,0.814618,0.78313,0.926659,0.143529,35.1325,35.7066,11,7,-4,0.880005,1.04063,0.160629,0,0,0,0
102.4,2760,1,0.44779,0.44779,0.837953,0.898549,0.0605967,35.3518,35.5942,12,12,0,0.440744,0.566792,0.126048,0,0,0,0
102.4,2760,2,0.20013,0.20013,0.963244,0.84026,0.122984,35.853,35.361,11,11,0,0.700405,0.999445,0.29904,0,0,0,0
102.4,2760,3,1.28066,1.28066,0.711996,0.78313,0.0711337,34.848,35.1325,7,7,0,1.04063,1.13044,0.089808,0,0,0,0
102.5,2761,1,0.119216,0.119216,0.779009,0.837953,0.0589437,35.116,35.3518,12,7,-5,0.566792,0.873563,0.306771,0,0,0,0
102.5,2761,2,0.743936,0.743936,0.308468,0.963244,0.654777,33.2339,35.853,11,14,3,0.999445,0.532445,0.467,0,0,0,0
102.5,2761,3,0.343361,0.343361,0.550918,0.711996,0.161079,34.2037,34.848,7,9,2,1.13044,0.751456,0.378987,0,0,0,0
102.6,2762,1,0.445082,0.445082,0.971294,0.779009,0.192285,35.8852,35.116,7,7,0,0.873563,1.14771,0.274144,0,0,0,0
102.6,2762,2,0.0931411,0.0931411,-0.343612,0.308468,0.65208,30.6256,33.2339,14,14,0,0.532445,0.718917,0.186472,0,0,0,0
102.6,2762,3,0.921089,0.921089,0.907964,0.550918,0.357046,35.6319,34.2037,9,9,0,0.751456,1.03658,0.285128,0,0,0,0
102.7,2763,1,0.461686,0.461686,0.906446,0.971294,0.0648481,35.6258,35.8852,7,9,2,1.14771,0.749728,0.397979,0,0,0,0
102.7,2763,2,0.960633,0.960633,0.328502,-0.343612,0.672115,33.314,30.6256,14,9,-5,0.718917,0.691296,0.0276213,0,0,0,0
102.7,2763,3,0.14673,0.14673,0.95121,0.907964,0.0432457,35.8048,35.6319,9,12,3,1.03658,0.754408,0.282176,0,0,0,0
102.8,2764,1,0.080801,0.080801,0.911001,0.906446,0.00455517,35.644,35.6258,9,9,0,0.749728,0.875728,0.126,0,0,1,0
102.8,2764,2,0.402628,0.402628,0.717865,0.328502,0.389362,34.8715,33.314,9,9,0,0.691296,0.956648,0.265352,0,0,0,0
102.8,2764,3,0.416659,0.416659,0.710949,0.95121,0.240261,34.8438,35.8048,12,12,0,0.754408,0.849224,0.094816,0,0,0,0
102.9,2765,1,0.718259,0.718259,0.717784,0.911001,0.193217,34.8711,35.644,9,10,1,0.875728,0.632171,0.243557,0,0,0,0
102.9,2765,2,1.06761,1.06761,0.584649,0.717865,0.133216,34.3386,34.8715,9,12,3,0.956648,0.510832,0.445816,0,0,0,0
102.9,2765,3,0.449999,0.449999,0.167936,0.710949,0.543012,32.6717,34.8438,12,8,-4,0.849224,1.02115,0.171925,0,0,0,0
103,2766,1,0.911504,0.911504,0.244054,0.717784,0.47373,32.9762,34.8711,10,10,0,0.632171,0.800003,0.167832,0,0,0,0
103,2766,2,0.548415,0.548415,0.598178,0.584649,0.0135294,34.3927,34.3386,12,12,0,0.510832,0.861384,0.350552,0,0,1,0
103,2766,3,0.290153,0.290153,-0.137336,0.167936,0.305272,31.4507,32.6717,8,8,0,1.02115,0.911421,0.109728,0,0,0,0
103.1,2767,1,0.193295,0.193295,0.883505,0.244054,0.639451,35.534,32.9762,10,9,-1,0.800003,0.675144,0.124859,0,0,0,0
103.1,2767,2,0.489774,0.489774,0.672149,0.598178,0.0739703,34.6886,34.3927,12,12,0,0.861384,0.885744,0.02436,0,0,0,0
103.1,2767,3,0.302302,0.302302,0.340422,-0.137336,0.477758,33.3617,31.4507,8,9,1,0.911421,0.629872,0.281549,0,0,0,0
103.2,2768,1,0.183601,0.183601,0.486818,0.883505,0.396687,33.9473,35.534,9,9,0,0.675144,0.888776,0.213632,0,0,0,0
103.2,2768,2,0.824387,0.824387,0.814199,0.672149,0.14205,35.2568,34.6886,12,12,0,0.885744,1.01799,0.132248,0,0,0,0
103.2,2768,3,0.760776,0.760776,0.908388,0.340422,0.567966,35.6336,33.3617,9,9,0,0.629872,0.850584,0.220712,0,0,0,0
103.3,2769,1,0.0218692,0.0218692,0.781996,0.486818,0.295179,35.128,33.9473,9,8,-1,0.888776,0.775949,0.112827,0,0,0,0
103.3,2769,2,0.514251,0.514251,0.327966,0.814199,0.486233,33.3119,35.2568,12,15,3,1.01799,0.462192,0.5558,0,0,0,0
103.3,2769,3,0.084497,0.084497,0.94167,0.908388,0.0332825,35.7667,35.6336,9,7,-2,0.850584,1.01885,0.168267,0,0,0,0
103.4,2770,1,0.0992849,0.0992849,0.977338,0.781996,0.195342,35.9094,35.128,8,8,0,0.775949,0.728965,0.046984,0,0,0,0
103.4,2770,2,0.92467,0.92467,0.866244,0.327966,0.538278,35.465,33.3119,15,15,0,0.462192,0.69068,0.228488,0,0,0,0
103.4,2770,3,0.672267,0.672267,0.557428,0.94167,0.384242,34.2297,35.7667,7,7,0,1.01885,1.14397,0.12512,0,0,0,0
103.5,2771,1,0.120807,0.120807,0.802898,0.977338,0.17444,35.2116,35.9094,8,9,1,0.728965,0.649592,0.0793733,0,0,0,0
103.5,2771,2,0.0853724,0.0853724,0.0029078,0.866244,0.863336,32.0116,35.465,15,11,-4,0.69068,0.744829,0.0541493,0,0,0,0
103.5,2771,3,0.708661,0.708661,0.669766,0.557428,0.112338,34.6791,34.2297,7,10,3,1.14397,0.844547,0.299424,0,0,0,0
103.6,2772,1,0.949375,0.949375,0.88573,0.802898,0.082832,35.5429,35.2116,9,9,0,0.649592,0.9236,0.274008,0,0,0,0
103.6,2772,2,0.150704,0.150704,0.247254,0.0029078,0.244346,32.989,32.0116,11,11,0,0.744829,0.845021,0.100192,0,0,0,0
103.6,2772,3,0.373586,0.373586,0.780334,0.669766,0.110567,35.1213,34.6791,10,10,0,0.844547,0.933307,0.08876,0,0,0,0
103.7,2773,1,0.567596,0.567596,0.864641,0.88573,0.0210895,35.4586,35.5429,9,9,0,0.9236,0.607104,0.316496,0,0,0,0
103.7,2773,2,0.31651,0.31651,0.591687,0.247254,0.344433,34.3667,32.989,11,10,-1,0.845021,0.706163,0.138859,0,0,0,0
103.7,2773,3,0.0296696,0.0296696,0.921543,0.780334,0.14121,35.6862,35.1213,10,11,1,0.933307,0.822325,0.110981,0,0,0,0
103.8,2774,1,0.342162,0.342162,0.972397,0.864641,0.107756,35.8896,35.4586,9,9,0,0.607104,0.751304,0.1442,0,0,0,0
103.8,2774,2,0.107722,0.107722,0.492372,0.591687,0.0993151,33.9695,34.3667,10,10,0,0.706163,0.787627,0.081464,0,0,0,0
103.8,2774,3,0.149928,0.149928,0.766441,0.921543,0.155102,35.0658,35.6862,11,11,0,0.822325,0.896253,0.073928,0,0,0,0
103.9,2775,1,0.148693,0.148693,0.84203,0.972397,0.130367,35.3681,35.8896,9,9,0,0.751304,0.669656,0.081648,0,0,0,0
103.9,2775,2,0.449225,0.449225,0.96103,0.492372,0.468658,35.8441,33.9695,10,12,2,0.787627,0.524264,0.263363,0,0,0,0
103.9,2775,3,0.12052,0.12052,0.866116,0.766441,0.0996748,35.4645,35.0658,11,9,-2,0.896253,0.987968,0.0917147,0,0,0,0
